n_game,score,steps,pas_pomme,fill_pct,victoire,cause,eps,loss
1,2,94,47.00,2.2,0,corps,199.90202449591717,1.0861
2,0,445,445.00,1.3,0,famine_truncated,199.8040979673415,0.0012
3,2,229,114.50,2.2,0,corps,199.70622038979133,0.4373
4,2,466,233.00,2.2,0,corps,199.60839173879728,0.2148
5,1,515,515.00,1.8,0,famine_truncated,199.51061198990217,0.0716
6,1,451,451.00,1.8,0,famine_truncated,199.41288111866112,0.0802
7,2,176,88.00,2.2,0,corps,199.3151991006413,0.5218
8,2,265,132.50,2.2,0,corps,199.21756591142233,0.3824
9,2,470,235.00,2.2,0,corps,199.11998152659584,0.2005
10,1,559,559.00,1.8,0,famine_truncated,199.02244592176575,0.0661
11,2,252,126.00,2.2,0,corps,198.92495907254815,0.3644
12,2,207,103.50,2.2,0,corps,198.82752095457133,0.4364
13,0,445,445.00,1.3,0,famine_truncated,198.73013154347575,0.0066
14,0,445,445.00,1.3,0,famine_truncated,198.63279081491407,0.0026
15,1,500,500.00,1.8,0,famine_truncated,198.53549874455112,0.0651
16,2,357,178.50,2.2,0,corps,198.4382553080639,0.2634
17,2,297,148.50,2.2,0,corps,198.34106048114148,0.3267
18,3,335,111.67,2.7,0,corps,198.2439142394852,0.3574
19,3,663,221.00,2.7,0,corps,198.14681655880847,0.1914
20,0,445,445.00,1.3,0,famine_truncated,198.04976741483696,0.0055
21,2,453,226.50,2.2,0,corps,197.95276678330828,0.1858
22,1,641,641.00,1.8,0,famine_truncated,197.85581463997227,0.0602
23,0,445,445.00,1.3,0,famine_truncated,197.75891096059095,0.0050
24,2,99,49.50,2.2,0,corps,197.66205572093838,0.8718
25,1,458,458.00,1.8,0,famine_truncated,197.56524889680077,0.0780
26,2,328,164.00,2.2,0,corps,197.46849046397637,0.2647
27,2,517,258.50,2.2,0,corps,197.3717803982756,0.1718
28,2,385,192.50,2.2,0,corps,197.27511867552093,0.2215
29,2,173,86.50,2.2,0,corps,197.17850527154695,0.3984
30,2,686,343.00,2.2,0,corps,197.08194016220028,0.1112
31,3,319,106.33,2.7,0,corps,196.98542332333966,0.3229
32,2,544,272.00,2.2,0,corps,196.8889547308359,0.1333
33,2,260,130.00,2.2,0,corps,196.79253436057178,0.2622
34,1,787,787.00,1.8,0,famine_truncated,196.6961621884423,0.0496
35,1,781,781.00,1.8,0,famine_truncated,196.59983819035435,0.0368
36,2,466,233.00,2.2,0,corps,196.50356234222696,0.1648
37,2,94,47.00,2.2,0,corps,196.4073346199911,0.6812
38,2,384,192.00,2.2,0,corps,196.31115499958997,0.1690
39,2,388,194.00,2.2,0,corps,196.21502345697857,0.1692
40,2,156,78.00,2.2,0,corps,196.11893996812404,0.4422
41,2,681,340.50,2.2,0,corps,196.0229045090055,0.1372
42,0,445,445.00,1.3,0,famine_truncated,195.92691705561407,0.0876
43,2,256,128.00,2.2,0,corps,195.83097758395294,0.2430
44,3,513,171.00,2.7,0,corps,195.73508607003717,0.2237
45,2,203,101.50,2.2,0,corps,195.63924248989392,0.3052
46,3,331,110.33,2.7,0,corps,195.5434468195623,0.3004
47,2,157,78.50,2.2,0,corps,195.4476990350934,0.3595
48,2,309,154.50,2.2,0,corps,195.3519991125502,0.2572
49,2,331,165.50,2.2,0,corps,195.25634702800784,0.2140
50,1,546,546.00,1.8,0,famine_truncated,195.1607427575532,0.0880
51,1,792,792.00,1.8,0,famine_truncated,195.06518627728525,0.0756
52,2,460,230.00,2.2,0,corps,194.96967756331486,0.1646
53,2,249,124.50,2.2,0,corps,194.87421659176488,0.2522
54,2,617,308.50,2.2,0,corps,194.77880333877,0.1386
55,2,246,123.00,2.2,0,corps,194.683437780477,0.2180
56,2,125,62.50,2.2,0,corps,194.5881198930444,0.4008
57,2,153,76.50,2.2,0,corps,194.49284965264278,0.3821
58,2,527,263.50,2.2,0,corps,194.39762703545455,0.1876
59,3,297,99.00,2.7,0,corps,194.30245201767406,0.2858
60,1,534,534.00,1.8,0,famine_truncated,194.2073245755076,0.0703
61,3,338,112.67,2.7,0,corps,194.11224468517327,0.3176
62,2,148,74.00,2.2,0,corps,194.0172123229011,0.4031
63,2,245,122.50,2.2,0,corps,193.92222746493297,0.2237
64,2,169,84.50,2.2,0,corps,193.82729008752273,0.3150
65,0,445,445.00,1.3,0,famine_truncated,193.73240016693597,0.0726
66,1,769,769.00,1.8,0,famine_truncated,193.63755767945028,0.0946
67,0,445,445.00,1.3,0,famine_truncated,193.54276260135498,0.0368
68,2,181,90.50,2.2,0,corps,193.44801490895128,0.3448
69,1,769,769.00,1.8,0,famine_truncated,193.35331457855233,0.0693
70,2,378,189.00,2.2,0,corps,193.25866158648302,0.1817
71,2,170,85.00,2.2,0,corps,193.1640559090801,0.3486
72,2,306,153.00,2.2,0,corps,193.0694975226921,0.1602
73,2,415,207.50,2.2,0,corps,192.9749864036795,0.1907
74,2,228,114.00,2.2,0,corps,192.88052252841447,0.2716
75,0,445,445.00,1.3,0,famine_truncated,192.78610587328106,0.0338
76,2,403,201.50,2.2,0,corps,192.6917364146751,0.1988
77,2,319,159.50,2.2,0,corps,192.59741412900425,0.2102
78,3,371,123.67,2.7,0,corps,192.50313899268787,0.2616
79,1,823,823.00,1.8,0,famine_truncated,192.40891098215724,0.0871
80,2,54,27.00,2.2,0,corps,192.31473007385534,0.7586
81,2,156,78.00,2.2,0,corps,192.22059624423696,0.4765
82,2,271,135.50,2.2,0,corps,192.1265094697686,0.2992
83,2,255,127.50,2.2,0,corps,192.03246972692855,0.2578
84,2,477,238.50,2.2,0,corps,191.93847699220697,0.1628
85,2,311,155.50,2.2,0,corps,191.8445312421056,0.3183
86,1,658,658.00,1.8,0,famine_truncated,191.75063245313802,0.0832
87,2,341,170.50,2.2,0,corps,191.65678060182952,0.1840
88,2,81,40.50,2.2,0,corps,191.56297566471713,0.6249
89,2,233,116.50,2.2,0,corps,191.46921761834966,0.2256
90,2,197,98.50,2.2,0,corps,191.3755064392876,0.3738
91,2,391,195.50,2.2,0,corps,191.28184210410308,0.2018
92,0,445,445.00,1.3,0,famine_truncated,191.18822458938007,0.0815
93,2,438,219.00,2.2,0,corps,191.09465387171417,0.1157
94,2,370,185.00,2.2,0,corps,191.00112992771275,0.2001
95,2,691,345.50,2.2,0,corps,190.90765273399478,0.1136
96,2,44,22.00,2.2,0,corps,190.81422226719093,1.0305
97,2,227,113.50,2.2,0,corps,190.72083850394364,0.2274
98,3,153,51.00,2.7,0,corps,190.62750142090695,0.4262
99,2,731,365.50,2.2,0,corps,190.5342109947466,0.0984
100,2,158,79.00,2.2,0,corps,190.44096720213994,0.4185
101,1,708,708.00,1.8,0,famine_truncated,190.34777001977608,0.0662
102,1,609,609.00,1.8,0,famine_truncated,190.2546194243557,0.1432
103,4,340,85.00,3.1,0,corps,190.16151539259113,0.4047
104,2,374,187.00,2.2,0,corps,190.06845790120636,0.2807
105,2,151,75.50,2.2,0,corps,189.97544692693705,0.3967
106,2,199,99.50,2.2,0,corps,189.88248244653045,0.2817
107,2,74,37.00,2.2,0,corps,189.78956443674542,0.5783
108,2,443,221.50,2.2,0,corps,189.69669287435246,0.1950
109,2,484,242.00,2.2,0,corps,189.6038677361337,0.1550
110,2,250,125.00,2.2,0,corps,189.51108899888283,0.1842
111,3,117,39.00,2.7,0,corps,189.4183566394052,0.3824
112,2,50,25.00,2.2,0,corps,189.32567063451765,1.0710
113,1,525,525.00,1.8,0,famine_truncated,189.23303096104874,0.1818
114,2,373,186.50,2.2,0,corps,189.1404375958386,0.2319
115,3,351,117.00,2.7,0,corps,189.04789051573874,0.2838
116,1,747,747.00,1.8,0,famine_truncated,188.95538969761253,0.1268
117,2,252,126.00,2.2,0,corps,188.86293511833466,0.2873
118,2,402,201.00,2.2,0,corps,188.77052675479155,0.1841
119,2,506,253.00,2.2,0,corps,188.6781645838811,0.1712
120,0,445,445.00,1.3,0,famine_truncated,188.58584858251274,0.0970
121,2,138,69.00,2.2,0,corps,188.4935787276075,0.4776
122,2,26,13.00,2.2,0,corps,188.4013549960979,2.4072
123,2,218,109.00,2.2,0,corps,188.30917736492802,0.4213
124,2,89,44.50,2.2,0,corps,188.21704581105342,0.5298
125,2,371,185.50,2.2,0,corps,188.12496031144127,0.2657
126,2,184,92.00,2.2,0,corps,188.03292084307012,0.3827
127,2,337,168.50,2.2,0,corps,187.94092738293017,0.3013
128,2,293,146.50,2.2,0,corps,187.84897990802298,0.2374
129,2,380,190.00,2.2,0,corps,187.75707839536176,0.2377
130,2,90,45.00,2.2,0,corps,187.66522282197107,0.6530
131,2,253,126.50,2.2,0,corps,187.57341316488706,0.3365
132,2,165,82.50,2.2,0,corps,187.4816494011573,0.4541
133,2,113,56.50,2.2,0,corps,187.38993150784083,0.5940
134,2,522,261.00,2.2,0,corps,187.29825946200822,0.1534
135,2,354,177.00,2.2,0,corps,187.20663324074138,0.2627
136,2,548,274.00,2.2,0,corps,187.11505282113384,0.1380
137,2,187,93.50,2.2,0,corps,187.0235181802905,0.2984
138,2,326,163.00,2.2,0,corps,186.9320292953276,0.2199
139,2,374,187.00,2.2,0,corps,186.84058614337297,0.2034
140,2,170,85.00,2.2,0,corps,186.74918870156588,0.3170
141,1,527,527.00,1.8,0,famine_truncated,186.65783694705686,0.2617
142,2,171,85.50,2.2,0,corps,186.56653085700805,0.3840
143,2,721,360.50,2.2,0,corps,186.4752704085929,0.2244
144,2,172,86.00,2.2,0,corps,186.38405557899634,0.3958
145,0,445,445.00,1.3,0,famine_truncated,186.2928863454146,0.1019
146,2,333,166.50,2.2,0,corps,186.20176268505537,0.4459
147,3,197,65.67,2.7,0,corps,186.11068457513778,0.5066
148,2,296,148.00,2.2,0,corps,186.0196519928923,0.3419
149,0,445,445.00,1.3,0,famine_truncated,185.92866491556074,0.2083
150,2,79,39.50,2.2,0,corps,185.83772332039638,0.7285
151,2,414,207.00,2.2,0,corps,185.74682718466377,0.2392
152,2,236,118.00,2.2,0,corps,185.65597648563892,0.3383
153,2,599,299.50,2.2,0,corps,185.56517120060914,0.2430
154,2,141,70.50,2.2,0,corps,185.47441130687307,0.4785
155,2,29,14.50,2.2,0,corps,185.38369678174084,1.5061
156,3,289,96.33,2.7,0,corps,185.2930276025337,0.4769
157,3,388,129.33,2.7,0,corps,185.20240374658442,0.3031
158,1,485,485.00,1.8,0,famine_truncated,185.11182519123702,0.2441
159,1,514,514.00,1.8,0,famine_truncated,185.02129191384685,0.2146
160,2,248,124.00,2.2,0,corps,184.9308038917806,0.3940
161,2,182,91.00,2.2,0,corps,184.8403611024163,0.3117
162,2,184,92.00,2.2,0,corps,184.74996352314318,0.3991
163,2,191,95.50,2.2,0,corps,184.65961113136188,0.3477
164,0,445,445.00,1.3,0,famine_truncated,184.56930390448434,0.1314
165,2,146,73.00,2.2,0,corps,184.47904181993368,0.3433
166,2,196,98.00,2.2,0,corps,184.38882485514443,0.4428
167,2,71,35.50,2.2,0,corps,184.29865298756235,0.6182
168,2,326,163.00,2.2,0,corps,184.20852619464443,0.2556
169,2,46,23.00,2.2,0,corps,184.118444453859,0.7330
170,2,168,84.00,2.2,0,corps,184.02840774268566,0.2632
171,3,135,45.00,2.7,0,corps,183.93841603861514,0.5257
172,2,167,83.50,2.2,0,corps,183.8484693191496,0.3199
173,2,69,34.50,2.2,0,corps,183.75856756180232,0.8806
174,3,266,88.67,2.7,0,corps,183.66871074409787,0.2989
175,2,298,149.00,2.2,0,corps,183.578898843572,0.3473
176,2,554,277.00,2.2,0,corps,183.48913183777182,0.2465
177,2,375,187.50,2.2,0,corps,183.39940970425553,0.3473
178,2,412,206.00,2.2,0,corps,183.30973242059258,0.2957
179,2,208,104.00,2.2,0,corps,183.2200999643637,0.3875
180,2,459,229.50,2.2,0,corps,183.13051231316072,0.2508
181,2,325,162.50,2.2,0,corps,183.04096944458678,0.2495
182,2,516,258.00,2.2,0,corps,182.95147133625608,0.1895
183,2,71,35.50,2.2,0,corps,182.8620179657942,0.6457
184,2,103,51.50,2.2,0,corps,182.7726093108377,0.7145
185,3,280,93.33,2.7,0,corps,182.6832453490345,0.3602
186,2,255,127.50,2.2,0,corps,182.59392605804354,0.2584
187,2,374,187.00,2.2,0,corps,182.50465141553505,0.3073
188,2,253,126.50,2.2,0,corps,182.41542139919034,0.2521
189,2,165,82.50,2.2,0,corps,182.32623598670187,0.3169
190,2,163,81.50,2.2,0,corps,182.23709515577335,0.2847
191,3,431,143.67,2.7,0,corps,182.14799888411957,0.2328
192,2,37,18.50,2.2,0,corps,182.05894714946643,1.1141
193,3,448,149.33,2.7,0,corps,181.96993992955097,0.2742
194,2,73,36.50,2.2,0,corps,181.88097720212144,0.6456
195,2,491,245.50,2.2,0,corps,181.79205894493714,0.2080
196,2,155,77.50,2.2,0,corps,181.7031851357685,0.3517
197,2,239,119.50,2.2,0,corps,181.61435575239707,0.3028
198,2,141,70.50,2.2,0,corps,181.5255707726155,0.5509
199,0,445,445.00,1.3,0,famine_truncated,181.43683017422757,0.1306
200,4,313,78.25,3.1,0,corps,181.34813393504808,0.5114
201,2,216,108.00,2.2,0,corps,181.259482032903,0.3142
202,2,382,191.00,2.2,0,corps,181.17087444562935,0.3682
203,3,176,58.67,2.7,0,corps,181.08231115107526,0.5102
204,2,153,76.50,2.2,0,corps,180.99379212709985,0.4852
205,1,679,679.00,1.8,0,famine_truncated,180.90531735157342,0.2237
206,2,155,77.50,2.2,0,corps,180.81688680237724,0.3927
207,2,59,29.50,2.2,0,corps,180.72850045740367,0.8892
208,2,232,116.00,2.2,0,corps,180.64015829455616,0.3801
209,3,278,92.67,2.7,0,corps,180.5518602917491,0.3667
210,2,163,81.50,2.2,0,corps,180.46360642690806,0.3721
211,2,392,196.00,2.2,0,corps,180.37539667796955,0.3781
212,2,142,71.00,2.2,0,corps,180.28723102288112,0.5166
213,0,445,445.00,1.3,0,famine_truncated,180.19910943960136,0.1846
214,1,471,471.00,1.8,0,famine_truncated,180.11103190609987,0.2169
215,2,93,46.50,2.2,0,corps,180.02299840035732,0.6629
216,0,445,445.00,1.3,0,famine_truncated,179.93500890036523,0.1622
217,2,296,148.00,2.2,0,corps,179.8470633841263,0.3322
218,2,175,87.50,2.2,0,corps,179.75916182965415,0.4237
219,2,337,168.50,2.2,0,corps,179.67130421497336,0.2586
220,2,411,205.50,2.2,0,corps,179.58349051811953,0.2774
221,2,320,160.00,2.2,0,corps,179.49572071713925,0.2524
222,2,54,27.00,2.2,0,corps,179.40799479009007,0.7825
223,2,280,140.00,2.2,0,corps,179.3203127150405,0.2356
224,3,123,41.00,2.7,0,corps,179.23267447007,0.6184
225,0,445,445.00,1.3,0,famine_truncated,179.14508003326907,0.0676
226,3,108,36.00,2.7,0,corps,179.05752938273903,0.4705
227,2,442,221.00,2.2,0,corps,178.97002249659226,0.1811
228,2,521,260.50,2.2,0,corps,178.88255935295203,0.1878
229,3,268,89.33,2.7,0,corps,178.79513992995254,0.2839
230,2,139,69.50,2.2,0,corps,178.70776420573895,0.4565
231,2,435,217.50,2.2,0,corps,178.6204321584673,0.2068
232,2,396,198.00,2.2,0,corps,178.53314376630465,0.1986
233,2,291,145.50,2.2,0,corps,178.4458990074288,0.2410
234,2,148,74.00,2.2,0,corps,178.35869786002863,0.3862
235,3,230,76.67,2.7,0,corps,178.2715403023038,0.4116
236,3,307,102.33,2.7,0,corps,178.184426312465,0.4270
237,2,378,189.00,2.2,0,corps,178.09735586873367,0.2059
238,2,274,137.00,2.2,0,corps,178.0103289493422,0.2942
239,2,356,178.00,2.2,0,corps,177.92334553253392,0.2093
240,2,412,206.00,2.2,0,corps,177.83640559656286,0.2336
241,2,112,56.00,2.2,0,corps,177.74950911969415,0.4660
242,2,153,76.50,2.2,0,corps,177.66265608020362,0.3862
243,2,144,72.00,2.2,0,corps,177.575846456378,0.4883
244,2,609,304.50,2.2,0,corps,177.48908022651491,0.1691
245,2,460,230.00,2.2,0,corps,177.4023573689228,0.2427
246,2,84,42.00,2.2,0,corps,177.3156778619209,0.6769
247,2,403,201.50,2.2,0,corps,177.22904168383937,0.2440
248,2,172,86.00,2.2,0,corps,177.14244881301917,0.2465
249,2,27,13.50,2.2,0,corps,177.0558992278121,1.7715
250,2,372,186.00,2.2,0,corps,176.9693929065807,0.2084
251,2,318,159.00,2.2,0,corps,176.88292982769846,0.2347
252,2,310,155.00,2.2,0,corps,176.79650996954953,0.1932
253,2,160,80.00,2.2,0,corps,176.71013331052902,0.3083
254,2,290,145.00,2.2,0,corps,176.62379982904278,0.2151
255,2,173,86.50,2.2,0,corps,176.53750950350735,0.3112
256,2,239,119.50,2.2,0,corps,176.45126231235017,0.3365
257,2,137,68.50,2.2,0,corps,176.36505823400952,0.3768
258,2,624,312.00,2.2,0,corps,176.27889724693432,0.1840
259,2,82,41.00,2.2,0,corps,176.1927793295843,0.6521
260,3,300,100.00,2.7,0,corps,176.10670446043002,0.2995
261,2,254,127.00,2.2,0,corps,176.02067261795273,0.4785
262,2,46,23.00,2.2,0,corps,175.93468378064455,0.9862
263,2,395,197.50,2.2,0,corps,175.84873792700816,0.3853
264,2,134,67.00,2.2,0,corps,175.76283503555717,0.5473
265,2,452,226.00,2.2,0,corps,175.6769750848158,0.2366
266,3,102,34.00,2.7,0,corps,175.59115805331913,0.7596
267,3,348,116.00,2.7,0,corps,175.50538391961285,0.4587
268,2,111,55.50,2.2,0,corps,175.41965266225347,0.6326
269,2,237,118.50,2.2,0,corps,175.33396425980814,0.4677
270,1,530,530.00,1.8,0,famine_truncated,175.24831869085475,0.3145
271,2,219,109.50,2.2,0,corps,175.16271593398193,0.3561
272,0,445,445.00,1.3,0,famine_truncated,175.077155967789,0.1971
273,2,337,168.50,2.2,0,corps,174.9916387708859,0.3745
274,2,412,206.00,2.2,0,corps,174.90616432189344,0.3209
275,2,235,117.50,2.2,0,corps,174.82073259944292,0.5770
276,2,188,94.00,2.2,0,corps,174.73534358217648,0.5066
277,2,256,128.00,2.2,0,corps,174.64999724874679,0.4342
278,2,184,92.00,2.2,0,corps,174.5646935778173,0.4521
279,2,252,126.00,2.2,0,corps,174.4794325480621,0.3026
280,2,93,46.50,2.2,0,corps,174.39421413816595,0.5625
281,0,445,445.00,1.3,0,famine_truncated,174.3090383268242,0.2339
282,2,118,59.00,2.2,0,corps,174.2239050927429,0.3597
283,2,218,109.00,2.2,0,corps,174.13881441463877,0.3873
284,2,241,120.50,2.2,0,corps,174.05376627123917,0.4278
285,1,491,491.00,1.8,0,famine_truncated,173.96876064128196,0.2595
286,2,394,197.00,2.2,0,corps,173.88379750351584,0.3273
287,3,153,51.00,2.7,0,corps,173.79887683669995,0.5855
288,2,143,71.50,2.2,0,corps,173.71399861960418,0.3729
289,2,486,243.00,2.2,0,corps,173.62916283100895,0.2184
290,2,132,66.00,2.2,0,corps,173.5443694497053,0.4677
291,2,195,97.50,2.2,0,corps,173.4596184544949,0.3918
292,2,455,227.50,2.2,0,corps,173.37490982418998,0.2765
293,2,386,193.00,2.2,0,corps,173.2902435376134,0.2107
294,2,146,73.00,2.2,0,corps,173.20561957359863,0.4189
295,2,232,116.00,2.2,0,corps,173.12103791098957,0.2504
296,3,202,67.33,2.7,0,corps,173.03649852864092,0.4364
297,3,109,36.33,2.7,0,corps,172.95200140541775,0.5506
298,2,84,42.00,2.2,0,corps,172.86754652019582,0.6381
299,2,101,50.50,2.2,0,corps,172.78313385186138,0.5664
300,3,335,111.67,2.7,0,corps,172.69876337931134,0.3164
301,2,186,93.00,2.2,0,corps,172.61443508145297,0.3719
302,2,417,208.50,2.2,0,corps,172.53014893720427,0.3586
303,2,217,108.50,2.2,0,corps,172.44590492549366,0.4236
304,3,111,37.00,2.7,0,corps,172.3617030252602,0.7220
305,2,181,90.50,2.2,0,corps,172.27754321545333,0.3370
306,2,263,131.50,2.2,0,corps,172.19342547503317,0.3228
307,2,374,187.00,2.2,0,corps,172.10934978297027,0.2878
308,2,275,137.50,2.2,0,corps,172.02531611824568,0.2966
309,2,129,64.50,2.2,0,corps,171.941324459851,0.3671
310,2,282,141.00,2.2,0,corps,171.85737478678823,0.3622
311,3,73,24.33,2.7,0,corps,171.7734670780701,0.8477
312,2,214,107.00,2.2,0,corps,171.68960131271962,0.5860
313,2,358,179.00,2.2,0,corps,171.60577746977032,0.2617
314,2,164,82.00,2.2,0,corps,171.52199552826627,0.5204
315,2,138,69.00,2.2,0,corps,171.438255467262,0.4428
316,2,219,109.50,2.2,0,corps,171.35455726582242,0.2428
317,2,401,200.50,2.2,0,corps,171.27090090302306,0.4592
318,0,445,445.00,1.3,0,famine_truncated,171.18728635794977,0.2579
319,2,222,111.00,2.2,0,corps,171.10371360969899,0.3667
320,2,346,173.00,2.2,0,corps,171.02018263737742,0.3582
321,2,405,202.50,2.2,0,corps,170.93669342010242,0.4457
322,2,300,150.00,2.2,0,corps,170.85324593700162,0.6045
323,2,241,120.50,2.2,0,corps,170.7698401672132,0.3409
324,2,148,74.00,2.2,0,corps,170.68647608988567,0.6361
325,2,269,134.50,2.2,0,corps,170.60315368417804,0.4776
326,2,294,147.00,2.2,0,corps,170.5198729292597,0.5294
327,3,404,134.67,2.7,0,corps,170.43663380431045,0.4662
328,0,445,445.00,1.3,0,famine_truncated,170.35343628852053,0.2646
329,0,445,445.00,1.3,0,famine_truncated,170.27028036109053,0.4519
330,2,209,104.50,2.2,0,corps,170.1871660012315,0.5775
331,2,116,58.00,2.2,0,corps,170.10409318816485,0.6395
332,3,179,59.67,2.7,0,corps,170.02106190112232,0.5158
333,2,148,74.00,2.2,0,corps,169.93807211934617,0.4587
334,1,636,636.00,1.8,0,famine_truncated,169.8551238220889,0.2671
335,2,437,218.50,2.2,0,corps,169.77221698861345,0.3501
336,2,311,155.50,2.2,0,corps,169.68935159819313,0.3478
337,2,645,322.50,2.2,0,corps,169.60652763011154,0.4660
338,2,191,95.50,2.2,0,corps,169.52374506366272,0.5457
339,2,92,46.00,2.2,0,corps,169.44100387815107,0.8266
340,2,157,78.50,2.2,0,corps,169.3583040528912,0.7071
341,2,149,74.50,2.2,0,corps,169.27564556720822,0.6506
342,2,525,262.50,2.2,0,corps,169.1930284004375,0.5345
343,2,195,97.50,2.2,0,corps,169.11045253192475,0.5035
344,2,226,113.00,2.2,0,corps,169.02791794102598,0.5031
345,2,240,120.00,2.2,0,corps,168.94542460710758,0.3681
346,3,183,61.00,2.7,0,corps,168.86297250954615,0.6711
347,2,199,99.50,2.2,0,corps,168.78056162772873,0.5392
348,2,183,91.50,2.2,0,corps,168.69819194105256,0.7222
349,2,59,29.50,2.2,0,corps,168.61586342892525,1.0663
350,2,100,50.00,2.2,0,corps,168.53357607076464,0.8838
351,2,209,104.50,2.2,0,corps,168.4513298459989,0.7168
352,2,463,231.50,2.2,0,corps,168.3691247340665,0.4902
353,2,509,254.50,2.2,0,corps,168.28696071441613,0.5080
354,2,550,275.00,2.2,0,corps,168.20483776650678,0.3119
355,3,235,78.33,2.7,0,corps,168.12275586980775,0.8385
356,2,210,105.00,2.2,0,corps,168.04071500379857,0.4995
357,2,215,107.50,2.2,0,corps,167.95871514796895,0.3817
358,2,100,50.00,2.2,0,corps,167.87675628181896,0.6330
359,2,278,139.00,2.2,0,corps,167.7948383848589,0.5458
360,2,171,85.50,2.2,0,corps,167.71296143660933,0.5492
361,2,68,34.00,2.2,0,corps,167.63112541660092,0.6885
362,2,291,145.50,2.2,0,corps,167.54933030437476,0.3608
363,2,77,38.50,2.2,0,corps,167.467576079482,0.6703
364,3,578,192.67,2.7,0,corps,167.38586272148413,0.3348
365,2,451,225.50,2.2,0,corps,167.30419020995276,0.2874
366,2,252,126.00,2.2,0,corps,167.22255852446983,0.4454
367,2,152,76.00,2.2,0,corps,167.14096764462735,0.5666
368,2,158,79.00,2.2,0,corps,167.05941755002766,0.4641
369,2,373,186.50,2.2,0,corps,166.9779082202832,0.3392
370,2,497,248.50,2.2,0,corps,166.89643963501663,0.3707
371,2,274,137.00,2.2,0,corps,166.81501177386082,0.3286
372,2,236,118.00,2.2,0,corps,166.7336246164588,0.4240
373,3,206,68.67,2.7,0,corps,166.65227814246379,0.4923
374,2,185,92.50,2.2,0,corps,166.57097233153917,0.3597
375,2,139,69.50,2.2,0,corps,166.48970716335847,0.5367
376,2,130,65.00,2.2,0,corps,166.4084826176054,0.6364
377,2,424,212.00,2.2,0,corps,166.32729867397384,0.3622
378,2,291,145.50,2.2,0,corps,166.2461553121678,0.4117
379,3,259,86.33,2.7,0,corps,166.16505251190142,0.6049
380,2,145,72.50,2.2,0,corps,166.083990252899,0.7753
381,2,69,34.50,2.2,0,corps,166.00296851489503,0.7427
382,2,254,127.00,2.2,0,corps,165.92198727763397,0.5332
383,4,210,52.50,3.1,0,corps,165.8410465208706,0.5586
384,3,76,25.33,2.7,0,corps,165.76014622436975,1.0416
385,3,217,72.33,2.7,0,corps,165.67928636790626,0.5178
386,2,165,82.50,2.2,0,corps,165.59846693126522,0.5616
387,2,147,73.50,2.2,0,corps,165.51768789424173,0.5658
388,2,126,63.00,2.2,0,corps,165.43694923664108,0.7422
389,2,183,91.50,2.2,0,corps,165.35625093827852,0.5898
390,2,59,29.50,2.2,0,corps,165.2755929789796,1.2498
391,2,280,140.00,2.2,0,corps,165.19497533857975,0.4542
392,1,479,479.00,1.8,0,famine_truncated,165.11439799692457,0.3227
393,2,259,129.50,2.2,0,corps,165.03386093386973,0.4459
394,2,661,330.50,2.2,0,corps,164.95336412928097,0.4951
395,2,91,45.50,2.2,0,corps,164.87290756303406,0.7222
396,4,583,145.75,3.1,0,corps,164.79249121501488,0.4877
397,2,387,193.50,2.2,0,corps,164.71211506511935,0.4098
398,4,77,19.25,3.1,0,corps,164.6317790932534,1.9129
399,2,114,57.00,2.2,0,corps,164.5514832793331,0.6653
400,2,64,32.00,2.2,0,corps,164.47122760328443,1.9812
401,2,265,132.50,2.2,0,corps,164.39101204504354,0.4169
402,2,62,31.00,2.2,0,corps,164.31083658455645,0.6249
403,3,118,39.33,2.7,0,corps,164.23070120177937,1.0883
404,2,682,341.00,2.2,0,corps,164.15060587667838,0.2022
405,2,53,26.50,2.2,0,corps,164.07055058922973,0.6318
406,2,145,72.50,2.2,0,corps,163.99053531941954,0.4352
407,3,131,43.67,2.7,0,corps,163.91056004724405,0.8243
408,2,180,90.00,2.2,0,corps,163.83062475270938,0.5502
409,3,414,138.00,2.7,0,corps,163.7507294158317,0.3646
410,2,289,144.50,2.2,0,corps,163.67087401663724,0.3130
411,2,207,103.50,2.2,0,corps,163.59105853516215,0.4407
412,2,655,327.50,2.2,0,corps,163.51128295145244,0.2452
413,2,135,67.50,2.2,0,corps,163.43154724556436,0.6207
414,2,256,128.00,2.2,0,corps,163.3518513975639,0.3336
415,2,140,70.00,2.2,0,corps,163.27219538752715,0.3435
416,2,215,107.50,2.2,0,corps,163.19257919554008,0.4068
417,2,68,34.00,2.2,0,corps,163.11300280169857,0.8967
418,2,107,53.50,2.2,0,corps,163.03346618610863,0.3874
419,3,177,59.00,2.7,0,corps,162.95396932888607,0.5073
420,2,453,226.50,2.2,0,corps,162.87451221015667,0.2697
421,2,86,43.00,2.2,0,corps,162.79509481005613,0.7678
422,4,181,45.25,3.1,0,corps,162.71571710873016,0.5840
423,2,371,185.50,2.2,0,corps,162.63637908633427,0.3310
424,2,172,86.00,2.2,0,corps,162.55708072303398,0.3070
425,2,199,99.50,2.2,0,corps,162.47782199900468,0.3249
426,2,381,190.50,2.2,0,corps,162.39860289443172,0.2763
427,2,330,165.00,2.2,0,corps,162.31942338951032,0.3359
428,2,122,61.00,2.2,0,corps,162.24028346444555,0.4699
429,4,86,21.50,3.1,0,corps,162.1611830994525,0.7639
430,2,129,64.50,2.2,0,corps,162.08212227475607,0.5297
431,2,179,89.50,2.2,0,corps,162.00310097059102,0.4308
432,3,110,36.67,2.7,0,corps,161.924119167202,0.8020
433,2,59,29.50,2.2,0,corps,161.84517684484365,0.5011
434,2,259,129.50,2.2,0,corps,161.7662739837803,0.3958
435,2,116,58.00,2.2,0,corps,161.68741056428627,0.3899
436,2,188,94.00,2.2,0,corps,161.6085865666457,0.3332
437,0,445,445.00,1.3,0,famine_truncated,161.52980197115258,0.1282
438,2,328,164.00,2.2,0,corps,161.4510567581108,0.2653
439,2,55,27.50,2.2,0,corps,161.372350907834,0.9668
440,2,104,52.00,2.2,0,corps,161.2936844006458,0.3835
441,2,245,122.50,2.2,0,corps,161.21505721687944,0.3006
442,3,105,35.00,2.7,0,corps,161.13646933687826,0.7247
443,2,240,120.00,2.2,0,corps,161.05792074099523,0.5181
444,2,58,29.00,2.2,0,corps,160.9794114095932,1.2549
445,2,153,76.50,2.2,0,corps,160.90094132304483,0.4355
446,2,290,145.00,2.2,0,corps,160.8225104617326,0.3155
447,2,107,53.50,2.2,0,corps,160.74411880604882,0.5155
448,2,130,65.00,2.2,0,corps,160.66576633639556,0.4722
449,3,120,40.00,2.7,0,corps,160.5874530331847,0.7329
450,2,27,13.50,2.2,0,corps,160.50917887683792,1.4681
451,2,373,186.50,2.2,0,corps,160.43094384778664,0.2991
452,2,97,48.50,2.2,0,corps,160.35274792647215,0.5247
453,3,114,38.00,2.7,0,corps,160.27459109334546,0.9407
454,2,524,262.00,2.2,0,corps,160.19647332886737,0.3144
455,2,443,221.50,2.2,0,corps,160.1183946135084,0.3386
456,2,460,230.00,2.2,0,corps,160.04035492774892,0.3546
457,2,33,16.50,2.2,0,corps,159.962354252079,0.9484
458,3,439,146.33,2.7,0,corps,159.8843925669984,0.4427
459,0,445,445.00,1.3,0,famine_truncated,159.8064698530168,0.2333
460,2,215,107.50,2.2,0,corps,159.7285860906535,0.4924
461,2,162,81.00,2.2,0,corps,159.65074126043746,0.2443
462,2,228,114.00,2.2,0,corps,159.57293534290758,0.3538
463,2,165,82.50,2.2,0,corps,159.49516831861234,0.3258
464,2,161,80.50,2.2,0,corps,159.41744016811,0.5768
465,4,136,34.00,3.1,0,corps,159.33975087196853,0.7720
466,2,155,77.50,2.2,0,corps,159.26210041076556,0.4178
467,2,299,149.50,2.2,0,corps,159.18448876508847,0.2651
468,2,158,79.00,2.2,0,corps,159.10691591553444,0.4487
469,3,241,80.33,2.7,0,corps,159.0293818427102,0.4934
470,2,191,95.50,2.2,0,corps,158.95188652723218,0.5422
471,2,194,97.00,2.2,0,corps,158.87442994972662,0.3939
472,2,184,92.00,2.2,0,corps,158.79701209082933,0.4235
473,3,72,24.00,2.7,0,corps,158.7196329311859,0.6146
474,2,112,56.00,2.2,0,corps,158.6422924514515,0.4549
475,2,114,57.00,2.2,0,corps,158.56499063229103,0.5402
476,3,299,99.67,2.7,0,corps,158.487727454379,0.4704
477,3,347,115.67,2.7,0,corps,158.41050289839967,0.3295
478,3,102,34.00,2.7,0,corps,158.33331694504685,0.6046
479,0,445,445.00,1.3,0,famine_truncated,158.25616957502407,0.1993
480,2,119,59.50,2.2,0,corps,158.1790607690445,0.4793
481,3,176,58.67,2.7,0,corps,158.10199050783086,0.9542
482,2,55,27.50,2.2,0,corps,158.02495877211572,1.2315
483,2,78,39.00,2.2,0,corps,157.94796554264104,0.8888
484,2,262,131.00,2.2,0,corps,157.8710108001586,0.4773
485,2,164,82.00,2.2,0,corps,157.7940945254296,0.6984
486,3,529,176.33,2.7,0,corps,157.71721669922508,0.4488
487,2,146,73.00,2.2,0,corps,157.6403773023255,0.5360
488,3,291,97.00,2.7,0,corps,157.56357631552106,0.4383
489,2,38,19.00,2.2,0,corps,157.4868137196115,1.3069
490,1,742,742.00,1.8,0,famine_truncated,157.41008949540617,0.4423
491,2,296,148.00,2.2,0,corps,157.33340362372402,0.3854
492,2,141,70.50,2.2,0,corps,157.25675608539353,0.6172
493,1,458,458.00,1.8,0,famine_truncated,157.1801468612529,0.4020
494,2,80,40.00,2.2,0,corps,157.1035759321498,0.7288
495,3,112,37.33,2.7,0,corps,157.02704327894145,0.7193
496,2,138,69.00,2.2,0,corps,156.9505488824947,0.9067
497,2,267,133.50,2.2,0,corps,156.874092723686,0.3672
498,2,309,154.50,2.2,0,corps,156.79767478340128,0.3358
499,3,169,56.33,2.7,0,corps,156.721295042536,0.6252
500,2,139,69.50,2.2,0,corps,156.64495348199537,0.6241
501,2,308,154.00,2.2,0,corps,156.56865008269384,0.4518
502,2,329,164.50,2.2,0,corps,156.49238482555563,0.4065
503,4,161,40.25,3.1,0,corps,156.41615769151446,1.7544
504,2,605,302.50,2.2,0,corps,156.33996866151344,0.3242
505,2,241,120.50,2.2,0,corps,156.26381771650543,0.4602
506,2,193,96.50,2.2,0,corps,156.1877048374526,0.5218
507,2,161,80.50,2.2,0,corps,156.1116300053268,0.4252
508,2,103,51.50,2.2,0,corps,156.03559320110932,0.5713
509,4,281,70.25,3.1,0,corps,155.95959440579088,0.5346
510,2,82,41.00,2.2,0,corps,155.88363360037187,0.6472
511,2,79,39.50,2.2,0,corps,155.80771076586203,0.6154
512,3,162,54.00,2.7,0,corps,155.7318258832807,0.8693
513,3,77,25.67,2.7,0,corps,155.6559789336566,0.9334
514,2,188,94.00,2.2,0,corps,155.580169898028,0.4776
515,3,89,29.67,2.7,0,corps,155.50439875744271,0.8511
516,2,262,131.00,2.2,0,corps,155.42866549295792,0.4887
517,2,489,244.50,2.2,0,corps,155.3529700856402,0.4380
518,3,369,123.00,2.7,0,corps,155.27731251656587,0.4463
519,1,735,735.00,1.8,0,famine_truncated,155.20169276682046,0.2706
520,2,81,40.50,2.2,0,corps,155.12611081749898,0.7190
521,3,514,171.33,2.7,0,corps,155.050566649706,0.2150
522,3,187,62.33,2.7,0,corps,154.97506024455552,0.4836
523,2,108,54.00,2.2,0,corps,154.89959158317083,0.4178
524,2,126,63.00,2.2,0,corps,154.82416064668487,0.4935
525,2,100,50.00,2.2,0,corps,154.74876741623982,0.6411
526,2,203,101.50,2.2,0,corps,154.67341187298743,0.4006
527,2,424,212.00,2.2,0,corps,154.59809399808876,0.3782
528,2,236,118.00,2.2,0,corps,154.5228137727144,0.4660
529,3,133,44.33,2.7,0,corps,154.44757117804429,0.5985
530,2,41,20.50,2.2,0,corps,154.37236619526772,1.2934
531,2,99,49.50,2.2,0,corps,154.2971988055835,0.5753
532,2,104,52.00,2.2,0,corps,154.22206899019977,0.4781
533,2,135,67.50,2.2,0,corps,154.14697673033405,0.7618
534,2,118,59.00,2.2,0,corps,154.0719220072133,0.5504
535,2,124,62.00,2.2,0,corps,153.99690480207383,0.5546
536,3,44,14.67,2.7,0,corps,153.92192509616135,1.1070
537,2,157,78.50,2.2,0,corps,153.8469828707309,0.3980
538,3,322,107.33,2.7,0,corps,153.772078107047,0.3214
539,2,204,102.00,2.2,0,corps,153.69721078638338,0.4874
540,2,180,90.00,2.2,0,corps,153.62238089002324,0.5858
541,0,445,445.00,1.3,0,famine_truncated,153.54758839925907,0.4287
542,3,169,56.33,2.7,0,corps,153.4728332953928,0.8841
543,2,83,41.50,2.2,0,corps,153.39811555973566,1.1034
544,2,150,75.00,2.2,0,corps,153.32343517360815,0.8911
545,2,33,16.50,2.2,0,corps,153.24879211834022,1.7579
546,2,273,136.50,2.2,0,corps,153.17418637527112,0.6254
547,2,244,122.00,2.2,0,corps,153.09961792574938,0.4965
548,4,81,20.25,3.1,0,corps,153.02508675113287,1.0118
549,2,59,29.50,2.2,0,corps,152.95059283278886,1.1390
550,2,56,28.00,2.2,0,corps,152.8761361520938,1.5103
551,3,123,41.00,2.7,0,corps,152.80171669043358,0.8609
552,3,146,48.67,2.7,0,corps,152.7273344292033,0.8665
553,3,331,110.33,2.7,0,corps,152.65298934980743,0.3846
554,2,110,55.00,2.2,0,corps,152.57868143365963,0.9441
555,2,293,146.50,2.2,0,corps,152.50441066218298,0.3284
556,2,120,60.00,2.2,0,corps,152.43017701680975,1.0944
557,4,215,53.75,3.1,0,corps,152.35598047898156,0.9033
558,2,245,122.50,2.2,0,corps,152.2818210301493,0.7830
559,2,127,63.50,2.2,0,corps,152.20769865177303,0.5400
560,2,334,167.00,2.2,0,corps,152.1336133253222,0.5295
561,2,178,89.00,2.2,0,corps,152.05956503227546,0.4855
562,2,182,91.00,2.2,0,corps,151.98555375412076,0.6190
563,3,154,51.33,2.7,0,corps,151.9115794723553,0.9086
564,2,28,14.00,2.2,0,corps,151.83764216848544,1.1210
565,2,171,85.50,2.2,0,corps,151.7637418240269,0.5353
566,2,179,89.50,2.2,0,corps,151.68987842050458,0.4898
567,2,447,223.50,2.2,0,corps,151.61605193945263,0.5109
568,2,326,163.00,2.2,0,corps,151.54226236241445,0.6112
569,2,135,67.50,2.2,0,corps,151.46850967094264,0.5609
570,0,445,445.00,1.3,0,famine_truncated,151.394793846599,0.3760
571,2,373,186.50,2.2,0,corps,151.32111487095457,0.5744
572,3,116,38.67,2.7,0,corps,151.24747272558966,0.7693
573,3,280,93.33,2.7,0,corps,151.17386739209368,0.7520
574,2,163,81.50,2.2,0,corps,151.10029885206532,0.7495
575,3,152,50.67,2.7,0,corps,151.02676708711243,0.7417
576,3,530,176.67,2.7,0,corps,150.9532720788521,0.4428
577,2,72,36.00,2.2,0,corps,150.87981380891054,0.8913
578,3,271,90.33,2.7,0,corps,150.80639225892318,0.5006
579,2,128,64.00,2.2,0,corps,150.73300741053467,0.7055
580,3,134,44.67,2.7,0,corps,150.65965924539879,0.7195
581,2,37,18.50,2.2,0,corps,150.58634774517847,1.7180
582,3,253,84.33,2.7,0,corps,150.51307289154585,1.0577
583,2,64,32.00,2.2,0,corps,150.4398346661822,0.9111
584,2,92,46.00,2.2,0,corps,150.366633050778,0.8249
585,2,231,115.50,2.2,0,corps,150.29346802703282,0.6252
586,2,315,157.50,2.2,0,corps,150.22033957665542,0.7122
587,2,172,86.00,2.2,0,corps,150.14724768136364,1.0079
588,2,256,128.00,2.2,0,corps,150.07419232288456,0.4389
589,2,86,43.00,2.2,0,corps,150.00117348295433,0.9602
590,3,142,47.33,2.7,0,corps,149.92819114331826,0.7811
591,4,36,9.00,3.1,0,corps,149.8552452857307,1.7438
592,2,406,203.00,2.2,0,corps,149.7823358919552,0.8014
593,2,63,31.50,2.2,0,corps,149.70946294376446,0.9717
594,2,53,26.50,2.2,0,corps,149.6366264229402,0.6733
595,3,161,53.67,2.7,0,corps,149.56382631127335,0.7853
596,2,37,18.50,2.2,0,corps,149.49106259056379,1.3485
597,1,453,453.00,1.8,0,famine_truncated,149.41833524262063,0.3340
598,2,227,113.50,2.2,0,corps,149.34564424926208,0.8023
599,2,442,221.00,2.2,0,corps,149.2729895923153,0.4760
600,3,169,56.33,2.7,0,corps,149.2003712536167,0.6371
601,3,62,20.67,2.7,0,corps,149.12778921501166,1.2626
602,2,211,105.50,2.2,0,corps,149.0552434583547,0.8043
603,2,131,65.50,2.2,0,corps,148.98273396550934,1.6545
604,2,57,28.50,2.2,0,corps,148.91026071834824,0.9277
605,4,121,30.25,3.1,0,corps,148.83782369875306,0.9945
606,3,164,54.67,2.7,0,corps,148.76542288861458,1.2476
607,3,224,74.67,2.7,0,corps,148.69305826983256,0.5132
608,3,236,78.67,2.7,0,corps,148.62072982431587,0.7871
609,3,195,65.00,2.7,0,corps,148.5484375339824,0.8009
610,2,124,62.00,2.2,0,corps,148.47618138075904,0.8734
611,2,190,95.00,2.2,0,corps,148.40396134658178,0.6676
612,2,101,50.50,2.2,0,corps,148.3317774133956,0.7073
613,2,56,28.00,2.2,0,corps,148.25962956315456,0.9843
614,2,138,69.00,2.2,0,corps,148.18751777782165,1.1288
615,2,342,171.00,2.2,0,corps,148.11544203936893,0.8400
616,3,543,181.00,2.7,0,corps,148.04340232977745,0.7237
617,2,202,101.00,2.2,0,corps,147.97139863103735,0.8593
618,2,430,215.00,2.2,0,corps,147.8994309251476,0.8379
619,2,96,48.00,2.2,0,corps,147.82749919411637,0.8605
620,3,381,127.00,2.7,0,corps,147.7556034199607,0.9013
621,2,153,76.50,2.2,0,corps,147.6837435847066,0.4777
622,2,238,119.00,2.2,0,corps,147.61191967038917,0.4568
623,2,224,112.00,2.2,0,corps,147.5401316590524,0.4215
624,2,132,66.00,2.2,0,corps,147.46837953274928,0.7725
625,2,108,54.00,2.2,0,corps,147.3966632735418,0.6666
626,2,115,57.50,2.2,0,corps,147.32498286350088,0.4935
627,2,125,62.50,2.2,0,corps,147.25333828470642,0.4584
628,3,219,73.00,2.7,0,corps,147.18172951924728,0.7181
629,2,335,167.50,2.2,0,corps,147.11015654922127,0.4170
630,2,89,44.50,2.2,0,corps,147.03861935673515,0.4435
631,4,183,45.75,3.1,0,corps,146.96711792390457,0.7426
632,2,198,99.00,2.2,0,corps,146.89565223285425,0.4308
633,3,187,62.33,2.7,0,corps,146.82422226571776,0.5055
634,3,241,80.33,2.7,0,corps,146.75282800463754,0.7123
635,3,141,47.00,2.7,0,corps,146.68146943176507,0.5852
636,2,402,201.00,2.2,0,corps,146.61014652926073,0.3375
637,3,29,9.67,2.7,0,corps,146.53885927929372,1.7067
638,2,142,71.00,2.2,0,corps,146.4676076640423,0.5786
639,3,40,13.33,2.7,0,corps,146.39639166569353,1.4732
640,4,293,73.25,3.1,0,corps,146.32521126644343,0.5321
641,2,146,73.00,2.2,0,corps,146.25406644849687,0.9087
642,2,73,36.50,2.2,0,corps,146.18295719406765,0.6440
643,4,63,15.75,3.1,0,corps,146.1118834853785,1.5494
644,2,180,90.00,2.2,0,corps,146.04084530466096,0.5703
645,2,97,48.50,2.2,0,corps,145.96984263415547,1.0083
646,3,111,37.00,2.7,0,corps,145.8988754561114,0.5690
647,3,223,74.33,2.7,0,corps,145.82794375278692,0.6025
648,2,94,47.00,2.2,0,corps,145.7570475064491,0.7100
649,3,53,17.67,2.7,0,corps,145.68618669937393,1.1891
650,3,57,19.00,2.7,0,corps,145.61536131384617,1.2724
651,1,595,595.00,1.8,0,famine_truncated,145.54457133215942,0.4748
652,2,258,129.00,2.2,0,corps,145.4738167366163,0.4288
653,4,235,58.75,3.1,0,corps,145.4030975095281,0.4835
654,2,162,81.00,2.2,0,corps,145.332413633215,0.5320
655,2,199,99.50,2.2,0,corps,145.261765090006,0.4973
656,3,306,102.00,2.7,0,corps,145.19115186223908,0.4689
657,5,374,74.80,3.6,0,corps,145.1205739322608,0.6277
658,3,117,39.00,2.7,0,corps,145.0500312824268,0.8236
659,2,110,55.00,2.2,0,corps,144.9795238951013,0.6305
660,2,68,34.00,2.2,0,corps,144.90905175265755,0.6680
661,2,60,30.00,2.2,0,corps,144.83861483747742,1.3213
662,2,167,83.50,2.2,0,corps,144.7682131319518,0.8719
663,4,150,37.50,3.1,0,corps,144.69784661848016,0.8500
664,2,368,184.00,2.2,0,corps,144.62751527947088,0.4467
665,3,190,63.33,2.7,0,corps,144.55721909734118,0.7939
666,2,45,22.50,2.2,0,corps,144.486958054517,0.9199
667,2,77,38.50,2.2,0,corps,144.41673213343304,0.6043
668,2,155,77.50,2.2,0,corps,144.34654131653286,0.7060
669,2,164,82.00,2.2,0,corps,144.27638558626873,0.4418
670,2,169,84.50,2.2,0,corps,144.20626492510172,0.4386
671,2,108,54.00,2.2,0,corps,144.13617931550172,0.7095
672,2,60,30.00,2.2,0,corps,144.06612873994723,1.0687
673,3,312,104.00,2.7,0,corps,143.99611318092568,0.6041
674,2,188,94.00,2.2,0,corps,143.92613262093312,0.6525
675,3,207,69.00,2.7,0,corps,143.85618704247446,0.7362
676,2,161,80.50,2.2,0,corps,143.78627642806333,0.3807
677,2,87,43.50,2.2,0,corps,143.716400760222,0.7612
678,2,93,46.50,2.2,0,corps,143.6465600214816,0.8555
679,2,144,72.00,2.2,0,corps,143.5767541943819,0.6932
680,4,102,25.50,3.1,0,corps,143.50698326147148,0.7575
681,2,157,78.50,2.2,0,corps,143.43724720530764,0.4902
682,2,200,100.00,2.2,0,corps,143.36754600845632,0.4001
683,2,108,54.00,2.2,0,corps,143.2978796534922,0.9630
684,2,238,119.00,2.2,0,corps,143.22824812299874,0.4632
685,2,77,38.50,2.2,0,corps,143.15865139956804,0.6104
686,3,56,18.67,2.7,0,corps,143.0890894658009,0.8097
687,2,124,62.00,2.2,0,corps,143.01956230430685,0.4674
688,4,104,26.00,3.1,0,corps,142.9500698977041,1.1130
689,3,232,77.33,2.7,0,corps,142.88061222861955,0.6391
690,2,142,71.00,2.2,0,corps,142.8111892796888,0.6113
691,2,39,19.50,2.2,0,corps,142.74180103355607,1.2071
692,2,172,86.00,2.2,0,corps,142.67244747287432,0.4501
693,2,24,12.00,2.2,0,corps,142.60312858030517,1.0442
694,2,315,157.50,2.2,0,corps,142.5338443385189,0.4966
695,2,144,72.00,2.2,0,corps,142.46459473019442,0.4758
696,2,98,49.00,2.2,0,corps,142.39537973801936,0.5860
697,4,106,26.50,3.1,0,corps,142.32619934468994,0.8484
698,2,480,240.00,2.2,0,corps,142.25705353291107,0.2756
699,2,91,45.50,2.2,0,corps,142.1879422853963,0.5739
700,3,177,59.00,2.7,0,corps,142.11886558486785,0.4679
701,4,124,31.00,3.1,0,corps,142.0498234140565,0.8082
702,2,52,26.00,2.2,0,corps,141.9808157557017,1.0639
703,2,54,27.00,2.2,0,corps,141.91184259255158,1.0012
704,2,193,96.50,2.2,0,corps,141.84290390736282,0.5999
705,2,83,41.50,2.2,0,corps,141.77399968290075,0.5959
706,2,63,31.50,2.2,0,corps,141.70512990193936,0.7091
707,4,87,21.75,3.1,0,corps,141.6362945472611,1.0286
708,2,99,49.50,2.2,0,corps,141.56749360165725,0.9448
709,2,45,22.50,2.2,0,corps,141.49872704792747,0.9425
710,2,103,51.50,2.2,0,corps,141.4299948688802,0.8863
711,3,127,42.33,2.7,0,corps,141.36129704733233,0.8118
712,2,117,58.50,2.2,0,corps,141.29263356610946,0.9937
713,2,96,48.00,2.2,0,corps,141.2240044080457,1.0548
714,2,144,72.00,2.2,0,corps,141.15540955598377,0.6755
715,2,127,63.50,2.2,0,corps,141.08684899277492,0.9103
716,2,71,35.50,2.2,0,corps,141.01832270127903,0.8564
717,3,223,74.33,2.7,0,corps,140.94983066436455,0.5268
718,2,251,125.50,2.2,0,corps,140.88137286490843,0.5586
719,2,90,45.00,2.2,0,corps,140.81294928579624,0.8713
720,2,489,244.50,2.2,0,corps,140.74455990992206,0.3530
721,2,51,25.50,2.2,0,corps,140.67620472018865,0.8712
722,2,136,68.00,2.2,0,corps,140.60788369950706,0.8907
723,2,107,53.50,2.2,0,corps,140.5395968307971,1.1716
724,2,172,86.00,2.2,0,corps,140.4713440969871,0.7098
725,2,63,31.50,2.2,0,corps,140.40312548101383,0.9128
726,1,462,462.00,1.8,0,famine_truncated,140.33494096582265,0.3441
727,3,209,69.67,2.7,0,corps,140.26679053436737,0.6401
728,2,61,30.50,2.2,0,corps,140.19867416961048,1.1726
729,3,114,38.00,2.7,0,corps,140.13059185452283,0.9384
730,3,186,62.00,2.7,0,corps,140.06254357208385,0.4968
731,2,77,38.50,2.2,0,corps,139.9945293052815,0.6645
732,2,80,40.00,2.2,0,corps,139.92654903711215,0.7528
733,3,60,20.00,2.7,0,corps,139.8586027505808,1.1593
734,2,141,70.50,2.2,0,corps,139.79069042870077,0.7910
735,2,146,73.00,2.2,0,corps,139.7228120544941,0.6738
736,2,110,55.00,2.2,0,corps,139.65496761099118,0.7368
737,2,164,82.00,2.2,0,corps,139.58715708123083,0.5610
738,2,292,146.00,2.2,0,corps,139.51938044826048,0.4167
739,2,105,52.50,2.2,0,corps,139.4516376951359,0.7584
740,2,164,82.00,2.2,0,corps,139.3839288049215,0.5940
741,2,267,133.50,2.2,0,corps,139.31625376069002,0.4111
742,2,104,52.00,2.2,0,corps,139.24861254552266,0.5121
743,3,185,61.67,2.7,0,corps,139.18100514250912,0.4971
744,3,82,27.33,2.7,0,corps,139.1134315347476,0.8919
745,2,79,39.50,2.2,0,corps,139.04589170534464,0.6813
746,2,47,23.50,2.2,0,corps,138.97838563741533,1.3015
747,2,143,71.50,2.2,0,corps,138.91091331408313,0.4219
748,3,163,54.33,2.7,0,corps,138.84347471847997,0.5796
749,3,129,43.00,2.7,0,corps,138.77606983374616,0.6519
750,2,112,56.00,2.2,0,corps,138.70869864303057,0.7388
751,5,197,39.40,3.6,0,corps,138.6413611294903,0.8247
752,3,114,38.00,2.7,0,corps,138.574057276291,0.6957
753,2,433,216.50,2.2,0,corps,138.50678706660673,0.3665
754,5,235,47.00,3.6,0,corps,138.43955048361997,0.4849
755,2,89,44.50,2.2,0,corps,138.37234751052148,0.6427
756,5,78,15.60,3.6,0,corps,138.30517813051057,1.6613
757,3,172,57.33,2.7,0,corps,138.2380423267949,0.6381
758,2,53,26.50,2.2,0,corps,138.17094008259053,1.0593
759,2,36,18.00,2.2,0,corps,138.10387138112188,1.3066
760,2,124,62.00,2.2,0,corps,138.03683620562174,0.6081
761,2,44,22.00,2.2,0,corps,137.96983453933137,1.5670
762,2,47,23.50,2.2,0,corps,137.90286636550033,0.8255
763,2,13,6.50,2.2,0,corps,137.8359316673866,4.0142
764,2,74,37.00,2.2,0,corps,137.76903042825646,0.7188
765,2,272,136.00,2.2,0,corps,137.70216263138465,0.4349
766,3,141,47.00,2.7,0,corps,137.63532826005417,0.7999
767,2,107,53.50,2.2,0,corps,137.56852729755644,0.6216
768,2,47,23.50,2.2,0,corps,137.50175972719123,0.7665
769,2,151,75.50,2.2,0,corps,137.43502553226668,0.5436
770,2,188,94.00,2.2,0,corps,137.3683246960992,0.5283
771,3,112,37.33,2.7,0,corps,137.30165720201356,0.9106
772,2,121,60.50,2.2,0,corps,137.2350230333429,0.5477
773,2,34,17.00,2.2,0,corps,137.16842217342875,1.0489
774,2,76,38.00,2.2,0,corps,137.10185460562082,0.8513
775,2,474,237.00,2.2,0,corps,137.0353203132772,0.4111
776,2,112,56.00,2.2,0,corps,136.96881927976438,0.5458
777,2,261,130.50,2.2,0,corps,136.9023514884571,0.4171
778,2,42,21.00,2.2,0,corps,136.83591692273833,1.0253
779,2,72,36.00,2.2,0,corps,136.7695155659995,0.7798
780,2,60,30.00,2.2,0,corps,136.70314740164028,1.1671
781,2,128,64.00,2.2,0,corps,136.63681241306858,0.5403
782,2,63,31.50,2.2,0,corps,136.57051058370067,1.3595
783,2,188,94.00,2.2,0,corps,136.5042418969611,0.8574
784,2,69,34.50,2.2,0,corps,136.43800633628268,1.0783
785,3,153,51.00,2.7,0,corps,136.37180388510657,0.5244
786,3,145,48.33,2.7,0,corps,136.3056345268821,0.6866
787,2,300,150.00,2.2,0,corps,136.23949824506695,0.6572
788,2,41,20.50,2.2,0,corps,136.17339502312706,0.8421
789,2,197,98.50,2.2,0,corps,136.1073248445366,0.8272
790,2,74,37.00,2.2,0,corps,136.04128769277807,0.9217
791,2,83,41.50,2.2,0,corps,135.97528355134213,0.7722
792,3,186,62.00,2.7,0,corps,135.9093124037277,0.6107
793,2,41,20.50,2.2,0,corps,135.84337423344215,1.0951
794,3,64,21.33,2.7,0,corps,135.7774690240008,1.0883
795,2,90,45.00,2.2,0,corps,135.71159675892744,0.5085
796,2,249,124.50,2.2,0,corps,135.6457574217539,0.3922
797,2,201,100.50,2.2,0,corps,135.57995099602041,0.5638
798,6,298,49.67,4.0,0,corps,135.5141774652754,0.5517
799,2,146,73.00,2.2,0,corps,135.4484368130754,0.7978
800,2,81,40.50,2.2,0,corps,135.3827290229853,0.9567
801,2,55,27.50,2.2,0,corps,135.31705407857814,1.3064
802,2,109,54.50,2.2,0,corps,135.25141196343517,0.8857
803,2,85,42.50,2.2,0,corps,135.18580266114589,0.7929
804,2,182,91.00,2.2,0,corps,135.12022615530796,0.6787
805,2,225,112.50,2.2,0,corps,135.05468242952725,0.6336
806,2,319,159.50,2.2,0,corps,134.98917146741783,0.5238
807,3,154,51.33,2.7,0,corps,134.92369325260196,0.8115
808,2,151,75.50,2.2,0,corps,134.85824776871007,0.5230
809,2,106,53.00,2.2,0,corps,134.7928349993808,0.8892
810,2,31,15.50,2.2,0,corps,134.72745492826098,1.0360
811,4,233,58.25,3.1,0,corps,134.66210753900558,0.6930
812,2,149,74.50,2.2,0,corps,134.59679281527772,0.6889
813,2,127,63.50,2.2,0,corps,134.53151074074876,0.8156
814,2,55,27.50,2.2,0,corps,134.46626129909816,0.7491
815,2,312,156.00,2.2,0,corps,134.4010444740136,0.5081
816,2,90,45.00,2.2,0,corps,134.33586024919077,0.6663
817,2,34,17.00,2.2,0,corps,134.27070860833373,1.0035
818,2,32,16.00,2.2,0,corps,134.2055895351545,2.1711
819,3,92,30.67,2.7,0,corps,134.14050301337332,0.9362
820,3,241,80.33,2.7,0,corps,134.0754490267186,0.7826
821,2,84,42.00,2.2,0,corps,134.0104275589268,0.6213
822,2,32,16.00,2.2,0,corps,133.94543859374258,1.0541
823,2,112,56.00,2.2,0,corps,133.88048211491866,0.7060
824,3,144,48.00,2.7,0,corps,133.81555810621597,0.7598
825,2,133,66.50,2.2,0,corps,133.75066655140347,0.7148
826,2,43,21.50,2.2,0,corps,133.6858074342583,1.0076
827,3,143,47.67,2.7,0,corps,133.62098073856563,0.6781
828,2,69,34.50,2.2,0,corps,133.55618644811886,0.7793
829,4,112,28.00,3.1,0,corps,133.49142454671934,3.6658
830,2,199,99.50,2.2,0,corps,133.42669501817664,0.3895
831,2,237,118.50,2.2,0,corps,133.36199784630838,0.4534
832,2,146,73.00,2.2,0,corps,133.29733301494025,0.4983
833,4,74,18.50,3.1,0,corps,133.23270050790606,1.2890
834,2,66,33.00,2.2,0,corps,133.16810030904767,0.9825
835,3,72,24.00,2.7,0,corps,133.10353240221502,1.2162
836,2,74,37.00,2.2,0,corps,133.0389967712661,1.0406
837,2,175,87.50,2.2,0,corps,132.97449340006713,0.6527
838,3,137,45.67,2.7,0,corps,132.91002227249214,0.8519
839,2,134,67.00,2.2,0,corps,132.8455833724234,0.6461
840,2,69,34.50,2.2,0,corps,132.78117668375114,0.8590
841,2,84,42.00,2.2,0,corps,132.71680219037373,1.0483
842,2,81,40.50,2.2,0,corps,132.65245987619755,0.7511
843,3,173,57.67,2.7,0,corps,132.58814972513701,0.8263
844,2,138,69.00,2.2,0,corps,132.5238717211146,0.5547
845,4,114,28.50,3.1,0,corps,132.45962584806074,1.4432
846,2,165,82.50,2.2,0,corps,132.39541208991403,0.5132
847,2,92,46.00,2.2,0,corps,132.33123043062102,0.7353
848,2,68,34.00,2.2,0,corps,132.26708085413628,0.9634
849,2,62,31.00,2.2,0,corps,132.20296334442241,1.1453
850,4,78,19.50,3.1,0,corps,132.13887788545006,0.9587
851,3,131,43.67,2.7,0,corps,132.07482446119786,0.4936
852,2,95,47.50,2.2,0,corps,132.01080305565242,0.6636
853,2,56,28.00,2.2,0,corps,131.94681365280843,0.7413
854,2,258,129.00,2.2,0,corps,131.8828562366685,0.5269
855,3,186,62.00,2.7,0,corps,131.8189307912433,0.4898
856,3,92,30.67,2.7,0,corps,131.75503730055146,0.5982
857,2,48,24.00,2.2,0,corps,131.69117574861963,0.7096
858,4,103,25.75,3.1,0,corps,131.62734611948238,0.9001
859,4,101,25.25,3.1,0,corps,131.56354839718233,0.7044
860,2,121,60.50,2.2,0,corps,131.49978256577003,0.5787
861,3,134,44.67,2.7,0,corps,131.43604860930407,0.8585
862,2,122,61.00,2.2,0,corps,131.37234651185094,0.7595
863,2,88,44.00,2.2,0,corps,131.30867625748505,0.7625
864,3,208,69.33,2.7,0,corps,131.24503783028888,0.6219
865,2,46,23.00,2.2,0,corps,131.18143121435287,1.3043
866,2,90,45.00,2.2,0,corps,131.1178563937753,0.7481
867,2,104,52.00,2.2,0,corps,131.05431335266252,0.7849
868,2,153,76.50,2.2,0,corps,130.99080207512873,0.5678
869,2,41,20.50,2.2,0,corps,130.9273225452961,0.9701
870,4,240,60.00,3.1,0,corps,130.8638747472948,2.3147
871,3,60,20.00,2.7,0,corps,130.8004586652628,1.3112
872,5,242,48.40,3.6,0,corps,130.73707428334617,2.3386
873,2,131,65.50,2.2,0,corps,130.67372158569876,0.6424
874,6,192,32.00,4.0,0,corps,130.6104005564824,0.8106
875,3,138,46.00,2.7,0,corps,130.54711117986685,0.9765
876,2,317,158.50,2.2,0,corps,130.48385344002972,0.4429
877,3,52,17.33,2.7,0,corps,130.42062732115664,1.1913
878,2,239,119.50,2.2,0,corps,130.35743280744106,0.4244
879,2,45,22.50,2.2,0,corps,130.29426988308433,1.5679
880,2,50,25.00,2.2,0,corps,130.23113853229572,0.7163
881,3,82,27.33,2.7,0,corps,130.1680387392924,0.8400
882,2,40,20.00,2.2,0,corps,130.10497048829941,0.7842
883,2,194,97.00,2.2,0,corps,130.04193376354974,0.7674
884,2,112,56.00,2.2,0,corps,129.97892854928412,0.9502
885,3,83,27.67,2.7,0,corps,129.9159548297513,1.0669
886,2,68,34.00,2.2,0,corps,129.85301258920788,1.4312
887,2,61,30.50,2.2,0,corps,129.79010181191825,0.9324
888,3,93,31.00,2.7,0,corps,129.7272224821547,1.0566
889,2,65,32.50,2.2,0,corps,129.66437458419745,0.8366
890,2,62,31.00,2.2,0,corps,129.60155810233448,0.7597
891,2,77,38.50,2.2,0,corps,129.5387730208617,0.7149
892,4,276,69.00,3.1,0,corps,129.47601932408284,0.7024
893,3,119,39.67,2.7,0,corps,129.41329699630944,0.8963
894,3,199,66.33,2.7,0,corps,129.35060602186098,0.6125
895,2,210,105.00,2.2,0,corps,129.28794638506466,0.9648
896,2,62,31.00,2.2,0,corps,129.22531807025558,1.0036
897,2,131,65.50,2.2,0,corps,129.16272106177667,0.6803
898,3,49,16.33,2.7,0,corps,129.10015534397868,1.1121
899,2,259,129.50,2.2,0,corps,129.0376209012202,0.6561
900,3,117,39.00,2.7,0,corps,128.9751177178676,1.0864
901,2,35,17.50,2.2,0,corps,128.91264577829503,1.5476
902,2,121,60.50,2.2,0,corps,128.85020506688457,0.9807
903,2,55,27.50,2.2,0,corps,128.78779556802604,1.1336
904,2,43,21.50,2.2,0,corps,128.72541726611706,0.8865
905,3,124,41.33,2.7,0,corps,128.66307014556304,1.0704
906,2,246,123.00,2.2,0,corps,128.6007541907772,0.7211
907,2,51,25.50,2.2,0,corps,128.53846938618054,1.0734
908,2,65,32.50,2.2,0,corps,128.47621571620192,1.5698
909,2,132,66.00,2.2,0,corps,128.41399316527784,1.0153
910,2,251,125.50,2.2,0,corps,128.35180171785274,0.6125
911,2,77,38.50,2.2,0,corps,128.28964135837867,0.8774
912,2,101,50.50,2.2,0,corps,128.2275120713156,1.0068
913,2,77,38.50,2.2,0,corps,128.1654138411312,1.1180
914,3,134,44.67,2.7,0,corps,128.10334665230093,0.7114
915,4,264,66.00,3.1,0,corps,128.04131048930793,0.6510
916,2,108,54.00,2.2,0,corps,127.97930533664324,1.0660
917,2,60,30.00,2.2,0,corps,127.91733117880548,1.3825
918,3,54,18.00,2.7,0,corps,127.8553880003012,2.0989
919,2,41,20.50,2.2,0,corps,127.79347578564455,1.2062
920,2,56,28.00,2.2,0,corps,127.7315945193575,1.2452
921,2,110,55.00,2.2,0,corps,127.6697441859697,1.0303
922,2,100,50.00,2.2,0,corps,127.60792477001863,0.7088
923,2,76,38.00,2.2,0,corps,127.54613625604935,1.2915
924,2,127,63.50,2.2,0,corps,127.48437862861482,0.9259
925,2,164,82.00,2.2,0,corps,127.42265187227557,0.8324
926,2,96,48.00,2.2,0,corps,127.36095597159994,0.5608
927,2,46,23.00,2.2,0,corps,127.29929091116392,0.9861
928,2,53,26.50,2.2,0,corps,127.23765667555129,0.8289
929,3,113,37.67,2.7,0,corps,127.17605324935346,0.7557
930,2,45,22.50,2.2,0,corps,127.11448061716959,1.1921
931,2,69,34.50,2.2,0,corps,127.05293876360653,0.9757
932,3,55,18.33,2.7,0,corps,126.99142767327878,1.0080
933,2,63,31.50,2.2,0,corps,126.9299473308086,0.6852
934,2,131,65.50,2.2,0,corps,126.86849772082589,0.8237
935,2,84,42.00,2.2,0,corps,126.80707882796827,0.5381
936,2,46,23.00,2.2,0,corps,126.74569063688097,1.1652
937,3,107,35.67,2.7,0,corps,126.68433313221699,1.0967
938,2,164,82.00,2.2,0,corps,126.6230062986369,0.5223
939,2,144,72.00,2.2,0,corps,126.56171012080905,0.4960
940,3,70,23.33,2.7,0,corps,126.50044458340935,1.2798
941,4,79,19.75,3.1,0,corps,126.43920967112146,1.4907
942,2,20,10.00,2.2,0,corps,126.37800536863662,3.3692
943,2,101,50.50,2.2,0,corps,126.31683166065373,0.9595
944,3,44,14.67,2.7,0,corps,126.25568853187943,1.8528
945,2,139,69.50,2.2,0,corps,126.19457596702787,0.7540
946,4,109,27.25,3.1,0,corps,126.13349395082093,1.2516
947,3,106,35.33,2.7,0,corps,126.07244246798817,1.3734
948,2,120,60.00,2.2,0,corps,126.0114215032666,0.6697
949,2,82,41.00,2.2,0,corps,125.95043104140106,0.8681
950,3,97,32.33,2.7,0,corps,125.88947106714394,0.7275
951,2,102,51.00,2.2,0,corps,125.82854156525521,0.8992
952,2,73,36.50,2.2,0,corps,125.7676425205025,0.9727
953,2,86,43.00,2.2,0,corps,125.70677391766105,1.0140
954,2,107,53.50,2.2,0,corps,125.64593574151372,0.7915
955,5,149,29.80,3.6,0,corps,125.58512797685096,1.1963
956,2,210,105.00,2.2,0,corps,125.52435060847083,0.6730
957,2,112,56.00,2.2,0,corps,125.46360362117896,0.8758
958,5,307,61.40,3.6,0,corps,125.40288699978865,0.6992
959,3,257,85.67,2.7,0,corps,125.34220072912072,0.6353
960,2,116,58.00,2.2,0,corps,125.2815447940036,0.6639
961,2,51,25.50,2.2,0,corps,125.22091917927331,1.3495
962,2,80,40.00,2.2,0,corps,125.16032386977346,0.7283
963,3,139,46.33,2.7,0,corps,125.0997588503552,0.7784
964,2,151,75.50,2.2,0,corps,125.0392241058773,0.5975
965,3,96,32.00,2.7,0,corps,124.97871962120601,0.7954
966,2,80,40.00,2.2,0,corps,124.9182453812153,0.9774
967,2,145,72.50,2.2,0,corps,124.85780137078655,0.7347
968,2,76,38.00,2.2,0,corps,124.79738757480878,0.9821
969,2,95,47.50,2.2,0,corps,124.7370039781785,0.7990
970,4,89,22.25,3.1,0,corps,124.67665056579989,5.5983
971,3,121,40.33,2.7,0,corps,124.61632732258454,0.6558
972,6,160,26.67,4.0,0,corps,124.55603423345163,1.0870
973,2,183,91.50,2.2,0,corps,124.4957712833279,0.6041
974,2,108,54.00,2.2,0,corps,124.43553845714763,0.4966
975,2,152,76.00,2.2,0,corps,124.3753357398526,0.6398
976,2,110,55.00,2.2,0,corps,124.31516311639214,0.6771
977,2,204,102.00,2.2,0,corps,124.25502057172308,0.6107
978,2,68,34.00,2.2,0,corps,124.19490809080978,1.1011
979,3,130,43.33,2.7,0,corps,124.13482565862415,0.8504
980,3,193,64.33,2.7,0,corps,124.07477326014555,0.7407
981,2,69,34.50,2.2,0,corps,124.01475088036089,0.9072
982,4,159,39.75,3.1,0,corps,123.95475850426459,0.7180
983,2,228,114.00,2.2,0,corps,123.89479611685852,0.4942
984,3,61,20.33,2.7,0,corps,123.83486370315211,1.0104
985,2,111,55.50,2.2,0,corps,123.77496124816226,0.5988
986,2,80,40.00,2.2,0,corps,123.7150887369133,0.7014
987,2,60,30.00,2.2,0,corps,123.6552461544372,0.6532
988,3,133,44.33,2.7,0,corps,123.59543348577324,0.5463
989,4,306,76.50,3.1,0,corps,123.53565071596829,1.5822
990,2,26,13.00,2.2,0,corps,123.47589783007662,1.9481
991,2,82,41.00,2.2,0,corps,123.41617481316005,0.9277
992,4,50,12.50,3.1,0,corps,123.35648165028779,1.8408
993,2,65,32.50,2.2,0,corps,123.29681832653657,0.5523
994,2,81,40.50,2.2,0,corps,123.23718482699056,0.5967
995,2,153,76.50,2.2,0,corps,123.17758113674138,0.5875
996,2,143,71.50,2.2,0,corps,123.11800724088806,0.6448
997,2,51,25.50,2.2,0,corps,123.05846312453723,0.8767
998,2,76,38.00,2.2,0,corps,122.99894877280278,0.5899
999,2,71,35.50,2.2,0,corps,122.93946417080615,0.5810
1000,2,100,50.00,2.2,0,corps,122.88000930367615,0.4120
1001,3,297,99.00,2.7,0,corps,122.82058415654913,0.5980
1002,2,109,54.50,2.2,0,corps,122.76118871456876,0.5994
1003,2,56,28.00,2.2,0,corps,122.70182296288617,0.7991
1004,3,110,36.67,2.7,0,corps,122.64248688665995,0.8104
1005,3,130,43.33,2.7,0,corps,122.58318047105607,0.5778
1006,2,38,19.00,2.2,0,corps,122.52390370124793,1.1798
1007,2,60,30.00,2.2,0,corps,122.46465656241632,1.2460
1008,2,68,34.00,2.2,0,corps,122.40543903974948,0.7827
1009,2,44,22.00,2.2,0,corps,122.34625111844304,1.3913
1010,3,96,32.00,2.7,0,corps,122.28709278369993,0.6727
1011,2,50,25.00,2.2,0,corps,122.22796402073071,0.6136
1012,5,379,75.80,3.6,0,corps,122.16886481475304,0.5054
1013,2,44,22.00,2.2,0,corps,122.10979515099223,1.2305
1014,3,67,22.33,2.7,0,corps,122.05075501468082,1.0625
1015,4,199,49.75,3.1,0,corps,121.99174439105877,0.6615
1016,5,152,30.40,3.6,0,corps,121.93276326537344,0.6711
1017,2,51,25.50,2.2,0,corps,121.87381162287953,1.1853
1018,4,49,12.25,3.1,0,corps,121.81488944883915,1.0990
1019,4,165,41.25,3.1,0,corps,121.75599672852175,1.2444
1020,2,215,107.50,2.2,0,corps,121.69713344720412,0.4770
1021,2,107,53.50,2.2,0,corps,121.63829959017048,0.7454
1022,3,151,50.33,2.7,0,corps,121.57949514271236,1.2897
1023,3,53,17.67,2.7,0,corps,121.52072009012865,1.3114
1024,4,126,31.50,3.1,0,corps,121.46197441772553,1.0218
1025,2,95,47.50,2.2,0,corps,121.40325811081667,1.1325
1026,5,112,22.40,3.6,0,corps,121.34457115472293,1.0936
1027,4,99,24.75,3.1,0,corps,121.28591353477259,1.0767
1028,2,59,29.50,2.2,0,corps,121.22728523630121,0.7833
1029,2,50,25.00,2.2,0,corps,121.16868624465182,1.1335
1030,2,152,76.00,2.2,0,corps,121.11011654517453,0.6585
1031,2,56,28.00,2.2,0,corps,121.05157612322705,1.1126
1032,2,22,11.00,2.2,0,corps,120.99306496417417,2.1336
1033,2,103,51.50,2.2,0,corps,120.93458305338815,1.0341
1034,2,17,8.50,2.2,0,corps,120.87613037624851,1.6233
1035,3,101,33.67,2.7,0,corps,120.81770691814206,1.0691
1036,2,40,20.00,2.2,0,corps,120.75931266446295,1.0762
1037,2,43,21.50,2.2,0,corps,120.70094760061265,1.8770
1038,2,60,30.00,2.2,0,corps,120.64261171199982,1.5400
1039,4,170,42.50,3.1,0,corps,120.58430498404053,1.1913
1040,2,94,47.00,2.2,0,corps,120.52602740215809,1.0073
1041,2,39,19.50,2.2,0,corps,120.46777895178313,1.3538
1042,3,53,17.67,2.7,0,corps,120.40955961835347,1.3882
1043,2,74,37.00,2.2,0,corps,120.35136938731436,0.8970
1044,3,66,22.00,2.7,0,corps,120.2932082441182,1.0861
1045,3,70,23.33,2.7,0,corps,120.2350761742247,0.9221
1046,2,101,50.50,2.2,0,corps,120.17697316310085,1.0802
1047,5,174,34.80,3.6,0,corps,120.1188991962209,1.1933
1048,2,23,11.50,2.2,0,corps,120.06085425906635,1.8261
1049,2,137,68.50,2.2,0,corps,120.00283833712595,0.6463
1050,3,123,41.00,2.7,0,corps,119.94485141589577,1.0713
1051,3,146,48.67,2.7,0,corps,119.88689348087904,0.8920
1052,2,145,72.50,2.2,0,corps,119.82896451758627,1.0371
1053,2,65,32.50,2.2,0,corps,119.77106451153523,1.0115
1054,2,114,57.00,2.2,0,corps,119.71319344825093,0.9342
1055,2,87,43.50,2.2,0,corps,119.65535131326558,0.9243
1056,2,87,43.50,2.2,0,corps,119.59753809211868,0.9771
1057,3,138,46.00,2.7,0,corps,119.53975377035692,1.0530
1058,2,44,22.00,2.2,0,corps,119.48199833353416,1.3821
1059,2,61,30.50,2.2,0,corps,119.42427176721162,1.4710
1060,2,26,13.00,2.2,0,corps,119.3665740569576,1.0733
1061,4,151,37.75,3.1,0,corps,119.30890518834774,0.9891
1062,4,92,23.00,3.1,0,corps,119.25126514696474,1.0256
1063,2,217,108.50,2.2,0,corps,119.19365391839862,0.4529
1064,3,149,49.67,2.7,0,corps,119.13607148824659,0.9304
1065,5,245,49.00,3.6,0,corps,119.07851784211306,0.7977
1066,2,63,31.50,2.2,0,corps,119.02099296560955,0.9336
1067,3,51,17.00,2.7,0,corps,118.96349684435489,1.4977
1068,2,102,51.00,2.2,0,corps,118.90602946397506,0.4538
1069,2,77,38.50,2.2,0,corps,118.84859081010318,0.4204
1070,2,68,34.00,2.2,0,corps,118.79118086837957,0.8538
1071,2,120,60.00,2.2,0,corps,118.7337996244518,0.6005
1072,2,41,20.50,2.2,0,corps,118.67644706397455,1.1226
1073,2,110,55.00,2.2,0,corps,118.61912317260965,0.8291
1074,2,20,10.00,2.2,0,corps,118.56182793602615,2.5800
1075,3,117,39.00,2.7,0,corps,118.50456133990022,1.0015
1076,2,48,24.00,2.2,0,corps,118.44732336991524,0.8339
1077,2,50,25.00,2.2,0,corps,118.39011401176167,0.9378
1078,2,130,65.00,2.2,0,corps,118.3329332511372,0.6858
1079,2,91,45.50,2.2,0,corps,118.27578107374666,1.2410
1080,5,86,17.20,3.6,0,corps,118.21865746530197,1.0677
1081,4,258,64.50,3.1,0,corps,118.16156241152225,0.6153
1082,4,105,26.25,3.1,0,corps,118.10449589813372,1.0467
1083,6,120,20.00,4.0,0,corps,118.04745791086977,1.2458
1084,2,82,41.00,2.2,0,corps,117.99044843547088,0.9435
1085,3,66,22.00,2.7,0,corps,117.9334674576847,1.1767
1086,2,119,59.50,2.2,0,corps,117.87651496326596,0.7256
1087,2,89,44.50,2.2,0,corps,117.81959093797656,0.5320
1088,2,56,28.00,2.2,0,corps,117.76269536758551,0.8944
1089,4,55,13.75,3.1,0,corps,117.70582823786889,1.4726
1090,2,105,52.50,2.2,0,corps,117.6489895346099,0.4910
1091,2,76,38.00,2.2,0,corps,117.59217924359888,0.8261
1092,2,86,43.00,2.2,0,corps,117.53539735063327,0.6788
1093,2,60,30.00,2.2,0,corps,117.47864384151761,1.0796
1094,5,340,68.00,3.6,0,corps,117.4219187020635,0.5120
1095,3,39,13.00,2.7,0,corps,117.36522191808965,1.3422
1096,2,27,13.50,2.2,0,corps,117.30855347542185,0.8677
1097,3,78,26.00,2.7,0,corps,117.25191335989302,0.6645
1098,5,410,82.00,3.6,0,corps,117.19530155734313,0.4561
1099,2,116,58.00,2.2,0,corps,117.1387180536192,0.6893
1100,2,103,51.50,2.2,0,corps,117.08216283457537,0.6611
1101,2,106,53.00,2.2,0,corps,117.02563588607286,1.0708
1102,3,152,50.67,2.7,0,corps,116.96913719397992,0.6871
1103,2,62,31.00,2.2,0,corps,116.91266674417184,0.8519
1104,4,373,93.25,3.1,0,corps,116.85622452253104,0.6286
1105,7,173,24.71,4.4,0,corps,116.79981051494697,0.9099
1106,2,186,93.00,2.2,0,corps,116.74342470731611,0.7186
1107,3,64,21.33,2.7,0,corps,116.68706708554201,0.9409
1108,2,161,80.50,2.2,0,corps,116.63073763553528,0.6069
1109,4,287,71.75,3.1,0,corps,116.57443634321353,0.3388
1110,3,74,24.67,2.7,0,corps,116.51816319450145,1.1259
1111,4,81,20.25,3.1,0,corps,116.46191817533078,6.7119
1112,3,444,148.00,2.7,0,corps,116.40570127164021,0.3485
1113,2,211,105.50,2.2,0,corps,116.34951246937557,0.5248
1114,2,64,32.00,2.2,0,corps,116.2933517544896,0.9518
1115,3,124,41.33,2.7,0,corps,116.23721911294219,0.7452
1116,3,54,18.00,2.7,0,corps,116.1811145307001,0.8864
1117,2,217,108.50,2.2,0,corps,116.12503799373725,0.7961
1118,2,66,33.00,2.2,0,corps,116.0689894880345,0.5724
1119,2,52,26.00,2.2,0,corps,116.0129689995797,0.6415
1120,2,80,40.00,2.2,0,corps,115.95697651436771,0.6501
1121,3,72,24.00,2.7,0,corps,115.90101201840046,0.9506
1122,2,42,21.00,2.2,0,corps,115.84507549768676,1.2350
1123,2,53,26.50,2.2,0,corps,115.78916693824257,1.2261
1124,4,64,16.00,3.1,0,corps,115.73328632609064,1.7748
1125,2,285,142.50,2.2,0,corps,115.67743364726091,0.5293
1126,2,133,66.50,2.2,0,corps,115.62160888779019,0.6573
1127,2,32,16.00,2.2,0,corps,115.56581203372221,1.0705
1128,2,114,57.00,2.2,0,corps,115.51004307110786,0.5561
1129,2,62,31.00,2.2,0,corps,115.45430198600486,0.9627
1130,2,351,175.50,2.2,0,corps,115.39858876447795,0.2784
1131,2,58,29.00,2.2,0,corps,115.34290339259879,0.7619
1132,2,77,38.50,2.2,0,corps,115.28724585644605,0.9013
1133,2,123,61.50,2.2,0,corps,115.23161614210535,0.5562
1134,4,116,29.00,3.1,0,corps,115.1760142356693,0.6715
1135,3,110,36.67,2.7,0,corps,115.12044012323734,0.5604
1136,8,197,24.62,4.9,0,corps,115.06489379091602,0.9201
1137,2,164,82.00,2.2,0,corps,115.00937522481875,0.6669
1138,4,76,19.00,3.1,0,corps,114.95388441106584,1.1019
1139,3,176,58.67,2.7,0,corps,114.8984213357846,0.6168
1140,2,111,55.50,2.2,0,corps,114.84298598510927,0.5258
1141,6,171,28.50,4.0,0,corps,114.787578345181,3.2220
1142,3,123,41.00,2.7,0,corps,114.73219840214794,0.8296
1143,2,61,30.50,2.2,0,corps,114.67684614216505,1.2314
1144,3,28,9.33,2.7,0,corps,114.62152155139424,2.2216
1145,2,100,50.00,2.2,0,corps,114.5662246160044,1.4916
1146,2,131,65.50,2.2,0,corps,114.51095532217133,0.7600
1147,2,40,20.00,2.2,0,corps,114.45571365607763,1.3115
1148,3,134,44.67,2.7,0,corps,114.40049960391292,0.9248
1149,2,238,119.00,2.2,0,corps,114.34531315187368,0.6340
1150,3,31,10.33,2.7,0,corps,114.29015428616331,2.2365
1151,2,58,29.00,2.2,0,corps,114.23502299299209,1.1670
1152,4,94,23.50,3.1,0,corps,114.1799192585772,1.0069
1153,2,51,25.50,2.2,0,corps,114.12484306914268,1.3596
1154,3,86,28.67,2.7,0,corps,114.06979441091953,1.2076
1155,2,271,135.50,2.2,0,corps,114.01477327014553,0.5583
1156,3,138,46.00,2.7,0,corps,113.95977963306542,0.8412
1157,2,91,45.50,2.2,0,corps,113.90481348593082,1.1102
1158,2,186,93.00,2.2,0,corps,113.84987481500013,0.5336
1159,2,316,158.00,2.2,0,corps,113.79496360653873,0.5386
1160,2,150,75.00,2.2,0,corps,113.7400798468188,0.5892
1161,4,174,43.50,3.1,0,corps,113.6852235221194,1.1009
1162,2,41,20.50,2.2,0,corps,113.63039461872646,1.2815
1163,2,138,69.00,2.2,0,corps,113.57559312293273,1.0308
1164,2,140,70.00,2.2,0,corps,113.52081902103788,0.7149
1165,2,116,58.00,2.2,0,corps,113.46607229934833,0.6791
1166,5,137,27.40,3.6,0,corps,113.41135294417744,0.9194
1167,3,62,20.67,2.7,0,corps,113.35666094184535,0.7858
1168,3,98,32.67,2.7,0,corps,113.3019962786791,0.9704
1169,3,44,14.67,2.7,0,corps,113.24735894101244,1.7097
1170,4,56,14.00,3.1,0,corps,113.19274891518609,1.2704
1171,2,55,27.50,2.2,0,corps,113.13816618754755,1.1313
1172,2,73,36.50,2.2,0,corps,113.08361074445112,0.9618
1173,2,186,93.00,2.2,0,corps,113.02908257225795,0.9026
1174,3,63,21.00,2.7,0,corps,112.97458165733599,1.0170
1175,2,56,28.00,2.2,0,corps,112.92010798605997,1.0356
1176,2,187,93.50,2.2,0,corps,112.86566154481157,0.5475
1177,2,79,39.50,2.2,0,corps,112.81124231997912,0.7726
1178,2,65,32.50,2.2,0,corps,112.75685029795781,0.8803
1179,2,114,57.00,2.2,0,corps,112.70248546514962,0.6569
1180,3,85,28.33,2.7,0,corps,112.6481478079634,1.0393
1181,4,157,39.25,3.1,0,corps,112.59383731281464,1.0109
1182,4,144,36.00,3.1,0,corps,112.53955396612582,0.6061
1183,6,74,12.33,4.0,0,corps,112.48529775432606,1.4429
1184,2,64,32.00,2.2,0,corps,112.43106866385129,0.8902
1185,2,100,50.00,2.2,0,corps,112.37686668114422,0.7980
1186,2,67,33.50,2.2,0,corps,112.32269179265441,1.2014
1187,4,167,41.75,3.1,0,corps,112.26854398483812,0.7357
1188,2,73,36.50,2.2,0,corps,112.2144232441584,0.8549
1189,4,148,37.00,3.1,0,corps,112.16032955708503,1.0250
1190,3,126,42.00,2.7,0,corps,112.10626291009464,1.0015
1191,2,83,41.50,2.2,0,corps,112.05222328967051,0.7817
1192,6,248,41.33,4.0,0,corps,111.99821068230278,0.9476
1193,2,87,43.50,2.2,0,corps,111.94422507448829,1.0469
1194,7,149,21.29,4.4,0,corps,111.89026645273063,1.2645
1195,2,73,36.50,2.2,0,corps,111.83633480354014,1.1754
1196,2,68,34.00,2.2,0,corps,111.78243011343392,1.0821
1197,2,67,33.50,2.2,0,corps,111.72855236893575,1.0433
1198,2,32,16.00,2.2,0,corps,111.67470155657628,1.0562
1199,3,43,14.33,2.7,0,corps,111.62087766289272,1.1743
1200,3,47,15.67,2.7,0,corps,111.56708067442918,2.0979
1201,2,64,32.00,2.2,0,corps,111.51331057773635,0.8674
1202,5,267,53.40,3.6,0,corps,111.45956735937173,0.5310
1203,4,90,22.50,3.1,0,corps,111.4058510058995,0.9781
1204,3,87,29.00,2.7,0,corps,111.3521615038906,0.5650
1205,3,29,9.67,2.7,0,corps,111.2984988399226,1.4219
1206,2,87,43.50,2.2,0,corps,111.24486300057987,0.8573
1207,3,106,35.33,2.7,0,corps,111.19125397245348,0.8756
1208,2,66,33.00,2.2,0,corps,111.13767174214114,0.8550
1209,2,72,36.00,2.2,0,corps,111.08411629624729,0.8108
1210,3,40,13.33,2.7,0,corps,111.03058762138305,1.1789
1211,2,75,37.50,2.2,0,corps,110.97708570416629,0.6202
1212,2,287,143.50,2.2,0,corps,110.9236105312215,0.4619
1213,3,146,48.67,2.7,0,corps,110.8701620891799,0.9779
1214,3,73,24.33,2.7,0,corps,110.81674036467942,1.0477
1215,4,189,47.25,3.1,0,corps,110.76334534436454,3.1477
1216,2,38,19.00,2.2,0,corps,110.70997701488656,1.6523
1217,2,81,40.50,2.2,0,corps,110.65663536290337,0.6806
1218,4,240,60.00,3.1,0,corps,110.60332037507963,0.6255
1219,4,79,19.75,3.1,0,corps,110.55003203808651,0.9697
1220,2,39,19.50,2.2,0,corps,110.49677033860196,0.9734
1221,2,88,44.00,2.2,0,corps,110.44353526331054,0.7007
1222,2,46,23.00,2.2,0,corps,110.3903267989035,0.7259
1223,2,65,32.50,2.2,0,corps,110.33714493207869,0.6915
1224,3,65,21.67,2.7,0,corps,110.28398964954071,1.0533
1225,2,144,72.00,2.2,0,corps,110.23086093800067,0.6288
1226,2,60,30.00,2.2,0,corps,110.17775878417642,0.8735
1227,3,48,16.00,2.7,0,corps,110.12468317479242,1.2700
1228,4,99,24.75,3.1,0,corps,110.07163409657976,0.8255
1229,2,119,59.50,2.2,0,corps,110.01861153627618,0.5989
1230,2,29,14.50,2.2,0,corps,109.96561548062604,1.4431
1231,2,80,40.00,2.2,0,corps,109.91264591638033,1.0699
1232,2,84,42.00,2.2,0,corps,109.85970283029664,0.5826
1233,2,95,47.50,2.2,0,corps,109.80678620913922,0.5201
1234,3,71,23.67,2.7,0,corps,109.75389603967889,1.2200
1235,3,70,23.33,2.7,0,corps,109.70103230869313,0.7691
1236,2,37,18.50,2.2,0,corps,109.64819500296599,3.1609
1237,2,83,41.50,2.2,0,corps,109.59538410928813,0.6130
1238,2,53,26.50,2.2,0,corps,109.54259961445689,0.8748
1239,9,196,21.78,5.3,0,corps,109.48984150527608,0.8218
1240,4,193,48.25,3.1,0,corps,109.43710976855621,0.6681
1241,2,70,35.00,2.2,0,corps,109.3844043911143,0.8940
1242,4,197,49.25,3.1,0,corps,109.33172535977407,1.0469
1243,2,57,28.50,2.2,0,corps,109.27907266136572,0.9697
1244,6,109,18.17,4.0,0,corps,109.22644628272606,1.2876
1245,4,66,16.50,3.1,0,corps,109.17384621069854,1.7635
1246,4,173,43.25,3.1,0,corps,109.12127243213314,0.9075
1247,4,69,17.25,3.1,0,corps,109.06872493388637,0.9779
1248,2,16,8.00,2.2,0,corps,109.01620370282139,1.0365
1249,2,87,43.50,2.2,0,corps,108.96370872580788,0.9094
1250,2,86,43.00,2.2,0,corps,108.91123998972209,0.9885
1251,7,248,35.43,4.4,0,corps,108.85879748144684,1.1897
1252,2,23,11.50,2.2,0,corps,108.80638118787151,2.0545
1253,2,26,13.00,2.2,0,corps,108.75399109589206,1.3936
1254,2,26,13.00,2.2,0,corps,108.7016271924109,1.4582
1255,2,49,24.50,2.2,0,corps,108.64928946433707,0.9756
1256,4,51,12.75,3.1,0,corps,108.59697789858618,1.1701
1257,2,34,17.00,2.2,0,corps,108.54469248208028,1.0755
1258,4,96,24.00,3.1,0,corps,108.49243320174806,5.8983
1259,2,31,15.50,2.2,0,corps,108.44020004452469,1.4190
1260,3,77,25.67,2.7,0,corps,108.38799299735184,1.0176
1261,3,65,21.67,2.7,0,corps,108.33581204717784,1.3150
1262,3,119,39.67,2.7,0,corps,108.28365718095733,0.7673
1263,3,109,36.33,2.7,0,corps,108.23152838565173,1.0307
1264,2,42,21.00,2.2,0,corps,108.17942564822872,1.5323
1265,3,79,26.33,2.7,0,corps,108.12734895566267,0.9575
1266,2,63,31.50,2.2,0,corps,108.07529829493441,0.5870
1267,3,40,13.33,2.7,0,corps,108.02327365303128,2.2696
1268,2,22,11.00,2.2,0,corps,107.97127501694708,1.1946
1269,3,192,64.00,2.7,0,corps,107.91930237368219,1.0713
1270,2,39,19.50,2.2,0,corps,107.86735571024344,0.8873
1271,2,44,22.00,2.2,0,corps,107.81543501364412,0.8535
1272,7,121,17.29,4.4,0,corps,107.76354027090413,1.4701
1273,3,254,84.67,2.7,0,corps,107.71167146904976,0.7599
1274,4,142,35.50,3.1,0,corps,107.65982859511377,1.0275
1275,3,138,46.00,2.7,0,corps,107.60801163613549,1.1007
1276,3,124,41.33,2.7,0,corps,107.55622057916064,0.9396
1277,2,73,36.50,2.2,0,corps,107.50445541124148,1.4358
1278,3,46,15.33,2.7,0,corps,107.4527161194367,1.0821
1279,5,185,37.00,3.6,0,corps,107.40100269081152,0.9740
1280,2,129,64.50,2.2,0,corps,107.34931511243752,0.4998
1281,3,113,37.67,2.7,0,corps,107.29765337139285,1.0349
1282,2,88,44.00,2.2,0,corps,107.24601745476205,1.0812
1283,4,49,12.25,3.1,0,corps,107.19440734963617,1.3460
1284,2,96,48.00,2.2,0,corps,107.14282304311264,0.6468
1285,4,153,38.25,3.1,0,corps,107.09126452229545,0.9478
1286,3,90,30.00,2.7,0,corps,107.03973177429489,0.9030
1287,2,99,49.50,2.2,0,corps,106.98822478622783,0.8792
1288,3,99,33.00,2.7,0,corps,106.9367435452175,0.9880
1289,2,72,36.00,2.2,0,corps,106.88528803839358,0.9795
1290,4,124,31.00,3.1,0,corps,106.83385825289223,1.4376
1291,2,57,28.50,2.2,0,corps,106.78245417585595,1.0638
1292,3,117,39.00,2.7,0,corps,106.73107579443375,1.0087
1293,2,78,39.00,2.2,0,corps,106.67972309578104,0.7546
1294,3,103,34.33,2.7,0,corps,106.62839606705965,0.8605
1295,2,116,58.00,2.2,0,corps,106.5770946954378,0.7701
1296,2,32,16.00,2.2,0,corps,106.52581896809015,0.7079
1297,2,71,35.50,2.2,0,corps,106.47456887219782,0.5968
1298,4,159,39.75,3.1,0,corps,106.42334439494819,0.9230
1299,3,112,37.33,2.7,0,corps,106.37214552353522,0.5937
1300,2,62,31.00,2.2,0,corps,106.32097224515915,1.0315
1301,6,269,44.83,4.0,0,corps,106.26982454702669,1.0200
1302,8,112,14.00,4.9,0,corps,106.21870241635088,2.1285
1303,2,75,37.50,2.2,0,corps,106.16760584035121,1.1943
1304,3,106,35.33,2.7,0,corps,106.11653480625354,1.1565
1305,5,106,21.20,3.6,0,corps,106.06548930129011,1.3289
1306,3,57,19.00,2.7,0,corps,106.0144693126995,1.0647
1307,3,115,38.33,2.7,0,corps,105.96347482772681,1.1170
1308,2,105,52.50,2.2,0,corps,105.91250583362333,0.8903
1309,3,77,25.67,2.7,0,corps,105.86156231764683,0.8621
1310,2,123,61.50,2.2,0,corps,105.81064426706143,0.7799
1311,4,93,23.25,3.1,0,corps,105.75975166913764,1.6385
1312,2,48,24.00,2.2,0,corps,105.70888451115232,0.9788
1313,5,99,19.80,3.6,0,corps,105.65804278038864,1.3890
1314,4,163,40.75,3.1,0,corps,105.60722646413616,0.8711
1315,6,173,28.83,4.0,0,corps,105.55643554969085,1.0584
1316,4,125,31.25,3.1,0,corps,105.50567002435496,1.2725
1317,2,88,44.00,2.2,0,corps,105.4549298754371,0.5913
1318,2,98,49.00,2.2,0,corps,105.40421509025224,0.8170
1319,3,112,37.33,2.7,0,corps,105.35352565612169,1.1130
1320,4,182,45.50,3.1,0,corps,105.30286156037305,0.7463
1321,2,34,17.00,2.2,0,corps,105.25222279034034,0.8042
1322,3,226,75.33,2.7,0,corps,105.20160933336386,0.6539
1323,2,233,116.50,2.2,0,corps,105.15102117679025,0.8589
1324,2,88,44.00,2.2,0,corps,105.10045830797246,0.8823
1325,2,21,10.50,2.2,0,corps,105.04992071426975,1.2248
1326,5,74,14.80,3.6,0,corps,104.99940838304778,7.3364
1327,4,172,43.00,3.1,0,corps,104.94892130167841,0.8929
1328,3,209,69.67,2.7,0,corps,104.89845945753989,0.8118
1329,3,120,40.00,2.7,0,corps,104.84802283801675,0.7854
1330,3,33,11.00,2.7,0,corps,104.79761143049986,1.6441
1331,2,149,74.50,2.2,0,corps,104.74722522238635,0.7544
1332,3,99,33.00,2.7,0,corps,104.69686420107966,0.8714
1333,3,76,25.33,2.7,0,corps,104.64652835398958,1.0968
1334,5,203,40.60,3.6,0,corps,104.59621766853209,0.8293
1335,3,129,43.00,2.7,0,corps,104.54593213212955,0.7294
1336,3,111,37.00,2.7,0,corps,104.49567173221055,1.1190
1337,2,185,92.50,2.2,0,corps,104.44543645621,0.7663
1338,2,81,40.50,2.2,0,corps,104.3952262915691,1.0193
1339,2,80,40.00,2.2,0,corps,104.34504122573529,0.8032
1340,2,56,28.00,2.2,0,corps,104.29488124616233,0.5232
1341,2,84,42.00,2.2,0,corps,104.2447463403102,0.8460
1342,2,53,26.50,2.2,0,corps,104.19463649564516,1.3217
1343,2,73,36.50,2.2,0,corps,104.14455169963976,0.7557
1344,3,93,31.00,2.7,0,corps,104.09449193977282,1.2838
1345,2,83,41.50,2.2,0,corps,104.04445720352939,1.0340
1346,4,78,19.50,3.1,0,corps,103.99444747840076,1.6267
1347,2,186,93.00,2.2,0,corps,103.94446275188456,0.8375
1348,2,84,42.00,2.2,0,corps,103.89450301148453,0.9063
1349,2,98,49.00,2.2,0,corps,103.8445682447108,1.0054
1350,2,155,77.50,2.2,0,corps,103.79465843907964,0.7175
1351,5,158,31.60,3.6,0,corps,103.74477358211361,0.8477
1352,2,129,64.50,2.2,0,corps,103.69491366134147,0.8438
1353,3,149,49.67,2.7,0,corps,103.64507866429831,0.8969
1354,2,113,56.50,2.2,0,corps,103.5952685785253,0.7526
1355,5,86,17.20,3.6,0,corps,103.54548339156997,1.8773
1356,2,57,28.50,2.2,0,corps,103.495723090986,1.0717
1357,6,125,20.83,4.0,0,corps,103.44598766433334,1.0733
1358,2,134,67.00,2.2,0,corps,103.39627709917809,0.7807
1359,5,166,33.20,3.6,0,corps,103.34659138309266,4.5082
1360,2,48,24.00,2.2,0,corps,103.29693050365553,1.3614
1361,3,47,15.67,2.7,0,corps,103.24729444845163,1.9335
1362,3,94,31.33,2.7,0,corps,103.19768320507181,0.9996
1363,2,85,42.50,2.2,0,corps,103.14809676111332,0.7947
1364,3,147,49.00,2.7,0,corps,103.09853510417952,0.7441
1365,4,182,45.50,3.1,0,corps,103.04899822188003,0.6398
1366,3,89,29.67,2.7,0,corps,102.99948610183058,0.9231
1367,2,117,58.50,2.2,0,corps,102.94999873165322,0.6197
1368,6,215,35.83,4.0,0,corps,102.90053609897602,0.8512
1369,2,114,57.00,2.2,0,corps,102.8510981914334,0.6723
1370,4,95,23.75,3.1,0,corps,102.8016849966658,1.1298
1371,3,37,12.33,2.7,0,corps,102.75229650231998,1.0301
1372,4,102,25.50,3.1,0,corps,102.7029326960488,0.8114
1373,4,95,23.75,3.1,0,corps,102.65359356551131,1.0559
1374,2,87,43.50,2.2,0,corps,102.60427909837271,0.7443
1375,3,87,29.00,2.7,0,corps,102.55498928230442,0.7871
1376,3,50,16.67,2.7,0,corps,102.50572410498397,1.2247
1377,2,125,62.50,2.2,0,corps,102.45648355409503,0.6689
1378,3,188,62.67,2.7,0,corps,102.40726761732752,0.4925
1379,3,271,90.33,2.7,0,corps,102.35807628237741,0.4941
1380,2,43,21.50,2.2,0,corps,102.30890953694689,0.6918
1381,2,98,49.00,2.2,0,corps,102.25976736874425,1.0370
1382,2,50,25.00,2.2,0,corps,102.21064976548398,1.4878
1383,2,69,34.50,2.2,0,corps,102.16155671488667,1.1321
1384,2,87,43.50,2.2,0,corps,102.11248820467904,0.6688
1385,4,129,32.25,3.1,0,corps,102.06344422259394,1.0164
1386,5,114,22.80,3.6,0,corps,102.01442475637046,0.8038
1387,4,116,29.00,3.1,0,corps,101.96542979375364,0.7453
1388,3,142,47.33,2.7,0,corps,101.9164593224948,0.6522
1389,4,89,22.25,3.1,0,corps,101.86751333035131,1.0460
1390,4,89,22.25,3.1,0,corps,101.81859180508665,5.4209
1391,4,64,16.00,3.1,0,corps,101.76969473447043,1.3942
1392,3,77,25.67,2.7,0,corps,101.72082210627845,1.1411
1393,7,204,29.14,4.4,0,corps,101.67197390829246,0.9703
1394,4,127,31.75,3.1,0,corps,101.62315012830048,1.0761
1395,2,71,35.50,2.2,0,corps,101.57435075409653,0.5595
1396,3,122,40.67,2.7,0,corps,101.52557577348078,0.8082
1397,2,43,21.50,2.2,0,corps,101.47682517425949,1.1107
1398,2,272,136.00,2.2,0,corps,101.42809894424498,0.4338
1399,2,57,28.50,2.2,0,corps,101.37939707125574,0.8998
1400,3,61,20.33,2.7,0,corps,101.33071954311626,1.2147
1401,2,105,52.50,2.2,0,corps,101.28206634765718,0.7327
1402,2,88,44.00,2.2,0,corps,101.23343747271518,0.7973
1403,2,124,62.00,2.2,0,corps,101.18483290613307,0.6696
1404,4,114,28.50,3.1,0,corps,101.13625263575967,1.1511
1405,2,70,35.00,2.2,0,corps,101.08769664944997,0.5920
1406,3,147,49.00,2.7,0,corps,101.03916493506493,0.9214
1407,2,35,17.50,2.2,0,corps,100.9906574804716,1.1050
1408,3,179,59.67,2.7,0,corps,100.94217427354317,0.7311
1409,2,34,17.00,2.2,0,corps,100.89371530215881,1.4129
1410,2,151,75.50,2.2,0,corps,100.84528055420377,0.6938
1411,3,207,69.00,2.7,0,corps,100.79687001756936,0.5377
1412,6,162,27.00,4.0,0,corps,100.74848368015299,0.9914
1413,5,178,35.60,3.6,0,corps,100.70012152985804,0.8528
1414,4,105,26.25,3.1,0,corps,100.65178355459396,0.9477
1415,2,8,4.00,2.2,0,corps,100.60346974227627,2.7984
1416,2,37,18.50,2.2,0,corps,100.55518008082656,1.2941
1417,4,57,14.25,3.1,0,corps,100.50691455817233,1.0867
1418,4,155,38.75,3.1,0,corps,100.45867316224727,0.7378
1419,4,177,44.25,3.1,0,corps,100.41045588099095,0.6986
1420,2,107,53.50,2.2,0,corps,100.36226270234916,0.4497
1421,3,191,63.67,2.7,0,corps,100.31409361427353,0.4378
1422,6,146,24.33,4.0,0,corps,100.2659486047218,0.7982
1423,3,82,27.33,2.7,0,corps,100.21782766165772,0.6076
1424,2,46,23.00,2.2,0,corps,100.16973077305107,0.8965
1425,6,89,14.83,4.0,0,corps,100.12165792687759,1.4598
1426,2,62,31.00,2.2,0,corps,100.07360911111911,0.8677
1427,2,47,23.50,2.2,0,corps,100.0255843137634,0.6214
1428,2,49,24.50,2.2,0,corps,99.97758352280431,0.9672
1429,2,42,21.00,2.2,0,corps,99.92960672624154,1.2505
1430,2,28,14.00,2.2,0,corps,99.88165391208098,1.8181
1431,2,106,53.00,2.2,0,corps,99.8337250683344,0.8432
1432,3,90,30.00,2.7,0,corps,99.78582018301958,0.7395
1433,2,48,24.00,2.2,0,corps,99.73793924416029,0.7041
1434,2,36,18.00,2.2,0,corps,99.69008223978634,1.1548
1435,6,159,26.50,4.0,0,corps,99.64224915793342,0.9641
1436,4,60,15.00,3.1,0,corps,99.59443998664331,1.5304
1437,2,87,43.50,2.2,0,corps,99.54665471396368,0.5190
1438,2,69,34.50,2.2,0,corps,99.49889332794824,0.8974
1439,3,107,35.67,2.7,0,corps,99.45115581665661,1.0927
1440,4,67,16.75,3.1,0,corps,99.40344216815446,0.9262
1441,5,99,19.80,3.6,0,corps,99.35575237051331,1.0741
1442,4,107,26.75,3.1,0,corps,99.30808641181078,1.0759
1443,3,140,46.67,2.7,0,corps,99.26044428013032,0.5920
1444,2,51,25.50,2.2,0,corps,99.21282596356146,1.0716
1445,2,79,39.50,2.2,0,corps,99.16523145019957,0.7620
1446,2,166,83.00,2.2,0,corps,99.11766072814603,0.5179
1447,3,42,14.00,2.7,0,corps,99.07011378550818,1.5505
1448,2,70,35.00,2.2,0,corps,99.02259061039928,0.8257
1449,3,76,25.33,2.7,0,corps,98.97509119093851,0.9344
1450,7,158,22.57,4.4,0,corps,98.92761551525105,3.6016
1451,9,155,17.22,5.3,0,corps,98.88016357146793,3.5785
1452,6,74,12.33,4.0,0,corps,98.83273534772624,1.7781
1453,3,76,25.33,2.7,0,corps,98.78533083216885,1.0914
1454,2,110,55.00,2.2,0,corps,98.73795001294468,0.6821
1455,4,130,32.50,3.1,0,corps,98.69059287820849,0.8943
1456,7,66,9.43,4.4,0,corps,98.64325941612103,1.9357
1457,4,103,25.75,3.1,0,corps,98.5959496148489,1.2644
1458,2,19,9.50,2.2,0,corps,98.54866346256468,1.3902
1459,2,65,32.50,2.2,0,corps,98.50140094744681,0.8224
1460,2,22,11.00,2.2,0,corps,98.45416205767968,1.1564
1461,2,124,62.00,2.2,0,corps,98.40694678145354,1.2051
1462,2,36,18.00,2.2,0,corps,98.35975510696461,1.1147
1463,2,62,31.00,2.2,0,corps,98.31258702241492,0.9513
1464,4,101,25.25,3.1,0,corps,98.26544251601248,1.3264
1465,2,33,16.50,2.2,0,corps,98.21832157597119,1.6336
1466,2,61,30.50,2.2,0,corps,98.17122419051077,0.9049
1467,4,112,28.00,3.1,0,corps,98.12415034785687,0.8386
1468,3,98,32.67,2.7,0,corps,98.07710003624106,0.8391
1469,2,26,13.00,2.2,0,corps,98.03007324390074,1.1686
1470,2,64,32.00,2.2,0,corps,97.98306995907924,0.7112
1471,4,69,17.25,3.1,0,corps,97.93609017002571,0.9268
1472,3,50,16.67,2.7,0,corps,97.88913386499523,1.3188
1473,3,104,34.67,2.7,0,corps,97.84220103224867,0.8925
1474,4,89,22.25,3.1,0,corps,97.79529166005287,1.3839
1475,6,147,24.50,4.0,0,corps,97.74840573668048,1.1154
1476,3,52,17.33,2.7,0,corps,97.70154325041001,1.1807
1477,3,76,25.33,2.7,0,corps,97.65470418952583,0.7616
1478,4,163,40.75,3.1,0,corps,97.60788854231821,0.8227
1479,2,60,30.00,2.2,0,corps,97.5610962970832,0.6374
1480,3,57,19.00,2.7,0,corps,97.51432744212273,1.1857
1481,2,18,9.00,2.2,0,corps,97.46758196574464,1.4908
1482,4,86,21.50,3.1,0,corps,97.42085985626252,1.0543
1483,2,64,32.00,2.2,0,corps,97.37416110199584,0.9025
1484,4,77,19.25,3.1,0,corps,97.32748569126993,1.1970
1485,7,197,28.14,4.4,0,corps,97.28083361241592,0.7397
1486,2,59,29.50,2.2,0,corps,97.2342048537708,0.7690
1487,5,177,35.40,3.6,0,corps,97.1875994036774,0.7210
1488,5,73,14.60,3.6,0,corps,97.14101725048432,1.0448
1489,2,40,20.00,2.2,0,corps,97.09445838254604,0.9347
1490,2,85,42.50,2.2,0,corps,97.04792278822283,0.8136
1491,3,71,23.67,2.7,0,corps,97.00141045588082,0.8681
1492,2,22,11.00,2.2,0,corps,96.9549213738919,1.9519
1493,2,54,27.00,2.2,0,corps,96.9084555306338,1.0294
1494,3,78,26.00,2.7,0,corps,96.86201291449008,0.9232
1495,3,92,30.67,2.7,0,corps,96.81559351385005,0.6929
1496,3,65,21.67,2.7,0,corps,96.7691973171089,0.9342
1497,4,157,39.25,3.1,0,corps,96.72282431266757,0.7697
1498,3,177,59.00,2.7,0,corps,96.6764744889328,0.6351
1499,2,56,28.00,2.2,0,corps,96.63014783431711,1.0943
1500,5,118,23.60,3.6,0,corps,96.58384433723887,1.0756
1501,2,66,33.00,2.2,0,corps,96.53756398612222,1.0906
1502,5,115,23.00,3.6,0,corps,96.49130676939703,1.3667
1503,4,112,28.00,3.1,0,corps,96.44507267549902,1.8300
1504,2,41,20.50,2.2,0,corps,96.39886169286966,1.3519
1505,2,71,35.50,2.2,0,corps,96.3526738099562,1.1874
1506,2,23,11.50,2.2,0,corps,96.30650901521167,1.7704
1507,5,293,58.60,3.6,0,corps,96.26036729709489,0.8926
1508,2,54,27.00,2.2,0,corps,96.2142486440704,1.5409
1509,2,124,62.00,2.2,0,corps,96.16815304460854,0.7112
1510,2,52,26.00,2.2,0,corps,96.12208048718544,1.0389
1511,5,120,24.00,3.6,0,corps,96.07603096028295,1.3631
1512,2,137,68.50,2.2,0,corps,96.03000445238865,0.8816
1513,2,47,23.50,2.2,0,corps,95.98400095199597,1.7824
1514,2,60,30.00,2.2,0,corps,95.93802044760399,0.9590
1515,3,65,21.67,2.7,0,corps,95.89206292771762,1.1775
1516,4,80,20.00,3.1,0,corps,95.84612838084745,1.6212
1517,5,63,12.60,3.6,0,corps,95.80021679550985,2.0571
1518,2,85,42.50,2.2,0,corps,95.75432816022692,0.9527
1519,2,35,17.50,2.2,0,corps,95.70846246352653,1.6720
1520,3,97,32.33,2.7,0,corps,95.6626196939422,1.3668
1521,3,37,12.33,2.7,0,corps,95.6167998400133,1.8642
1522,4,62,15.50,3.1,0,corps,95.57100289028483,1.2027
1523,4,88,22.00,3.1,0,corps,95.52522883330757,1.1387
1524,4,195,48.75,3.1,0,corps,95.47947765763797,0.7998
1525,3,74,24.67,2.7,0,corps,95.43374935183829,0.9596
1526,2,77,38.50,2.2,0,corps,95.38804390447639,0.8339
1527,5,134,26.80,3.6,0,corps,95.34236130412597,1.0045
1528,3,57,19.00,2.7,0,corps,95.29670153936634,1.1709
1529,5,86,17.20,3.6,0,corps,95.25106459878258,1.1724
1530,4,178,44.50,3.1,0,corps,95.20545047096543,0.6786
1531,3,76,25.33,2.7,0,corps,95.15985914451139,1.1289
1532,2,46,23.00,2.2,0,corps,95.11429060802257,1.5453
1533,6,106,17.67,4.0,0,corps,95.06874485010694,1.0806
1534,2,80,40.00,2.2,0,corps,95.02322185937795,0.7599
1535,6,137,22.83,4.0,0,corps,94.97772162445493,4.3119
1536,5,110,22.00,3.6,0,corps,94.93224413396277,1.2670
1537,4,97,24.25,3.1,0,corps,94.8867893765321,1.1350
1538,2,74,37.00,2.2,0,corps,94.84135734079928,0.9461
1539,3,73,24.33,2.7,0,corps,94.79594801540625,1.0318
1540,5,139,27.80,3.6,0,corps,94.75056138900071,1.1285
1541,2,63,31.50,2.2,0,corps,94.70519745023597,0.6576
1542,4,84,21.00,3.1,0,corps,94.65985618777107,0.9077
1543,2,31,15.50,2.2,0,corps,94.61453759027071,2.0896
1544,4,51,12.75,3.1,0,corps,94.56924164640522,1.6646
1545,2,43,21.50,2.2,0,corps,94.52396834485059,1.3245
1546,2,36,18.00,2.2,0,corps,94.47871767428853,0.9220
1547,4,98,24.50,3.1,0,corps,94.43348962340636,1.2215
1548,3,55,18.33,2.7,0,corps,94.38828418089706,2.0626
1549,4,100,25.00,3.1,0,corps,94.3431013354593,1.0950
1550,2,142,71.00,2.2,0,corps,94.2979410757973,0.5666
1551,4,100,25.00,3.1,0,corps,94.25280339062107,1.2101
1552,3,36,12.00,2.7,0,corps,94.20768826864614,1.7147
1553,3,65,21.67,2.7,0,corps,94.16259569859378,1.2881
1554,2,57,28.50,2.2,0,corps,94.11752566919078,1.1444
1555,2,112,56.00,2.2,0,corps,94.07247816916968,0.7589
1556,3,66,22.00,2.7,0,corps,94.02745318726858,0.9694
1557,3,69,23.00,2.7,0,corps,93.98245071223127,1.1286
1558,3,64,21.33,2.7,0,corps,93.93747073280709,0.9804
1559,2,47,23.50,2.2,0,corps,93.89251323775106,1.4930
1560,2,20,10.00,2.2,0,corps,93.84757821582382,2.5587
1561,4,48,12.00,3.1,0,corps,93.8026656557916,2.3893
1562,2,55,27.50,2.2,0,corps,93.75777554642625,1.1004
1563,3,50,16.67,2.7,0,corps,93.71290787650527,1.2774
1564,3,73,24.33,2.7,0,corps,93.6680626348117,0.8452
1565,2,75,37.50,2.2,0,corps,93.62323981013428,0.7391
1566,5,107,21.40,3.6,0,corps,93.57843939126727,1.2742
1567,5,49,9.80,3.6,0,corps,93.53366136701058,3.0527
1568,6,155,25.83,4.0,0,corps,93.48890572616969,0.7791
1569,3,50,16.67,2.7,0,corps,93.44417245755571,1.1161
1570,2,45,22.50,2.2,0,corps,93.39946154998529,1.2699
1571,2,40,20.00,2.2,0,corps,93.35477299228074,0.7825
1572,5,140,28.00,3.6,0,corps,93.31010677326988,3.9121
1573,3,67,22.33,2.7,0,corps,93.26546288178622,1.0322
1574,2,135,67.50,2.2,0,corps,93.22084130666872,0.7066
1575,3,110,36.67,2.7,0,corps,93.17624203676202,0.5846
1576,3,43,14.33,2.7,0,corps,93.13166506091628,1.5763
1577,3,65,21.67,2.7,0,corps,93.08711036798728,0.8294
1578,2,64,32.00,2.2,0,corps,93.04257794683633,0.7043
1579,2,83,41.50,2.2,0,corps,92.99806778633032,0.7343
1580,2,37,18.50,2.2,0,corps,92.95357987534175,0.8776
1581,2,75,37.50,2.2,0,corps,92.9091142027486,0.8429
1582,3,54,18.00,2.7,0,corps,92.86467075743444,1.1732
1583,2,64,32.00,2.2,0,corps,92.82024952828846,1.1448
1584,4,134,33.50,3.1,0,corps,92.77585050420531,1.1188
1585,3,91,30.33,2.7,0,corps,92.73147367408527,1.2425
1586,4,114,28.50,3.1,0,corps,92.68711902683407,1.0968
1587,5,135,27.00,3.6,0,corps,92.64278655136313,0.7446
1588,2,26,13.00,2.2,0,corps,92.59847623658928,1.4347
1589,3,169,56.33,2.7,0,corps,92.55418807143492,0.6266
1590,5,88,17.60,3.6,0,corps,92.50992204482807,1.4221
1591,3,82,27.33,2.7,0,corps,92.4656781457022,0.9160
1592,2,60,30.00,2.2,0,corps,92.4214563629963,1.0329
1593,4,79,19.75,3.1,0,corps,92.37725668565497,1.2310
1594,2,71,35.50,2.2,0,corps,92.33307910262826,0.8942
1595,3,67,22.33,2.7,0,corps,92.28892360287179,1.1874
1596,2,68,34.00,2.2,0,corps,92.2447901753467,0.6931
1597,3,67,22.33,2.7,0,corps,92.20067880901959,1.2594
1598,4,153,38.25,3.1,0,corps,92.15658949286264,0.8174
1599,2,107,53.50,2.2,0,corps,92.11252221585353,0.6047
1600,3,66,22.00,2.7,0,corps,92.06847696697544,1.1035
1601,3,53,17.67,2.7,0,corps,92.02445373521704,1.6922
1602,2,52,26.00,2.2,0,corps,91.98045250957253,0.7916
1603,3,70,23.33,2.7,0,corps,91.9364732790416,0.8892
1604,4,156,39.00,3.1,0,corps,91.89251603262947,0.8296
1605,2,57,28.50,2.2,0,corps,91.84858075934679,0.8282
1606,4,78,19.50,3.1,0,corps,91.80466744820976,1.2952
1607,4,95,23.75,3.1,0,corps,91.76077608824006,0.9629
1608,3,53,17.67,2.7,0,corps,91.71690666846483,1.0595
1609,3,64,21.33,2.7,0,corps,91.67305917791671,0.9854
1610,6,279,46.50,4.0,0,corps,91.62923360563386,0.8567
1611,4,50,12.50,3.1,0,corps,91.58542994065986,1.5681
1612,4,109,27.25,3.1,0,corps,91.54164817204381,1.1272
1613,2,50,25.00,2.2,0,corps,91.49788828884026,0.7872
1614,3,103,34.33,2.7,0,corps,91.45415028010923,1.1820
1615,2,128,64.00,2.2,0,corps,91.41043413491623,0.6082
1616,2,78,39.00,2.2,0,corps,91.3667398423322,1.0970
1617,2,67,33.50,2.2,0,corps,91.32306739143361,1.4324
1618,2,32,16.00,2.2,0,corps,91.27941677130231,1.1507
1619,4,203,50.75,3.1,0,corps,91.23578797102566,0.7540
1620,2,64,32.00,2.2,0,corps,91.19218097969646,1.0799
1621,2,59,29.50,2.2,0,corps,91.14859578641297,1.0204
1622,2,40,20.00,2.2,0,corps,91.10503238027886,1.2151
1623,2,70,35.00,2.2,0,corps,91.06149075040331,0.7909
1624,2,63,31.50,2.2,0,corps,91.0179708859009,1.3749
1625,6,125,20.83,4.0,0,corps,90.97447277589166,1.1998
1626,2,40,20.00,2.2,0,corps,90.93099640950106,0.9501
1627,3,23,7.67,2.7,0,corps,90.88754177586004,3.2169
1628,2,36,18.00,2.2,0,corps,90.84410886410488,0.9505
1629,2,125,62.50,2.2,0,corps,90.80069766337743,0.8284
1630,2,23,11.50,2.2,0,corps,90.75730816282483,1.5880
1631,2,123,61.50,2.2,0,corps,90.7139403515997,0.6614
1632,2,22,11.00,2.2,0,corps,90.67059421886015,1.4199
1633,4,50,12.50,3.1,0,corps,90.62726975376958,1.8013
1634,2,43,21.50,2.2,0,corps,90.5839669454969,1.3009
1635,2,73,36.50,2.2,0,corps,90.5406857832164,0.8934
1636,5,109,21.80,3.6,0,corps,90.49742625610781,1.0998
1637,2,52,26.00,2.2,0,corps,90.45418835335623,1.0018
1638,6,133,22.17,4.0,0,corps,90.4109720641522,1.0161
1639,2,51,25.50,2.2,0,corps,90.36777737769162,0.8894
1640,4,89,22.25,3.1,0,corps,90.32460428317587,6.4389
1641,3,46,15.33,2.7,0,corps,90.2814527698116,1.3758
1642,2,93,46.50,2.2,0,corps,90.23832282681099,0.7511
1643,2,69,34.50,2.2,0,corps,90.19521444339152,0.9432
1644,2,39,19.50,2.2,0,corps,90.15212760877614,1.0847
1645,5,143,28.60,3.6,0,corps,90.10906231219307,1.1795
1646,3,44,14.67,2.7,0,corps,90.06601854287607,1.2288
1647,4,141,35.25,3.1,0,corps,90.02299629006411,0.5879
1648,2,27,13.50,2.2,0,corps,89.9799955430017,1.3334
1649,4,30,7.50,3.1,0,corps,89.93701629093862,2.8576
1650,6,209,34.83,4.0,0,corps,89.89405852313006,1.0638
1651,2,61,30.50,2.2,0,corps,89.85112222883657,1.1006
1652,2,134,67.00,2.2,0,corps,89.8082073973241,0.7433
1653,3,86,28.67,2.7,0,corps,89.7653140178639,0.7923
1654,2,42,21.00,2.2,0,corps,89.72244207973267,1.2308
1655,6,126,21.00,4.0,0,corps,89.67959157221239,4.2768
1656,2,40,20.00,2.2,0,corps,89.63676248459048,0.9194
1657,3,48,16.00,2.7,0,corps,89.59395480615962,1.6383
1658,3,62,20.67,2.7,0,corps,89.55116852621791,0.8997
1659,2,59,29.50,2.2,0,corps,89.50840363406877,1.1056
1660,4,219,54.75,3.1,0,corps,89.46566011902098,0.6253
1661,3,72,24.00,2.7,0,corps,89.42293797038867,1.0827
1662,4,156,39.00,3.1,0,corps,89.3802371774913,0.8393
1663,4,146,36.50,3.1,0,corps,89.33755772965367,0.7291
1664,2,46,23.00,2.2,0,corps,89.29489961620591,0.7495
1665,3,76,25.33,2.7,0,corps,89.2522628264835,0.7323
1666,4,83,20.75,3.1,0,corps,89.20964734982726,0.8578
1667,5,122,24.40,3.6,0,corps,89.16705317558328,1.0798
1668,3,124,41.33,2.7,0,corps,89.12448029310305,0.7524
1669,8,109,13.62,4.9,0,corps,89.08192869174331,1.6411
1670,2,140,70.00,2.2,0,corps,89.03939836086622,0.4533
1671,2,23,11.50,2.2,0,corps,88.99688928983915,0.8834
1672,5,90,18.00,3.6,0,corps,88.95440146803483,1.0841
1673,2,92,46.00,2.2,0,corps,88.91193488483134,0.5830
1674,6,124,20.67,4.0,0,corps,88.86948952961203,0.8714
1675,2,84,42.00,2.2,0,corps,88.8270653917655,0.8589
1676,2,30,15.00,2.2,0,corps,88.78466246068578,1.1710
1677,2,21,10.50,2.2,0,corps,88.74228072577212,1.7385
1678,8,176,22.00,4.9,0,corps,88.69992017642909,0.9672
1679,7,89,12.71,4.4,0,corps,88.65758080206653,1.5299
1680,8,192,24.00,4.9,0,corps,88.61526259209963,1.2639
1681,2,37,18.50,2.2,0,corps,88.57296553594878,0.9697
1682,2,73,36.50,2.2,0,corps,88.53068962303979,0.8410
1683,3,66,22.00,2.7,0,corps,88.48843484280364,1.6230
1684,2,67,33.50,2.2,0,corps,88.44620118467664,0.6232
1685,3,85,28.33,2.7,0,corps,88.40398863810039,1.2135
1686,3,63,21.00,2.7,0,corps,88.3617971925217,1.1324
1687,3,67,22.33,2.7,0,corps,88.31962683739278,1.3009
1688,4,114,28.50,3.1,0,corps,88.277477562171,0.9923
1689,7,182,26.00,4.4,0,corps,88.23534935631905,1.0449
1690,3,96,32.00,2.7,0,corps,88.19324220930488,1.1517
1691,3,102,34.00,2.7,0,corps,88.15115611060169,0.8870
1692,7,70,10.00,4.4,0,corps,88.10909104968798,1.8314
1693,2,72,36.00,2.2,0,corps,88.06704701604745,1.1529
1694,2,73,36.50,2.2,0,corps,88.02502399916914,1.0472
1695,5,61,12.20,3.6,0,corps,87.98302198854725,1.4360
1696,2,86,43.00,2.2,0,corps,87.94104097368131,0.5274
1697,2,61,30.50,2.2,0,corps,87.89908094407602,1.0879
1698,3,73,24.33,2.7,0,corps,87.85714188924143,1.1019
1699,3,91,30.33,2.7,0,corps,87.81522379869273,0.9422
1700,4,71,17.75,3.1,0,corps,87.77332666195043,1.2161
1701,4,139,34.75,3.1,0,corps,87.73145046854023,4.0814
1702,3,39,13.00,2.7,0,corps,87.6895952079931,2.1237
1703,3,61,20.33,2.7,0,corps,87.64776086984517,1.1615
1704,6,177,29.50,4.0,0,corps,87.60594744363792,0.9401
1705,4,48,12.00,3.1,0,corps,87.56415491891795,2.1722
1706,2,34,17.00,2.2,0,corps,87.52238328523715,1.5079
1707,6,123,20.50,4.0,0,corps,87.48063253215261,1.1203
1708,2,83,41.50,2.2,0,corps,87.43890264922663,0.7656
1709,3,75,25.00,2.7,0,corps,87.39719362602676,1.1682
1710,2,16,8.00,2.2,0,corps,87.35550545212574,2.0467
1711,3,121,40.33,2.7,0,corps,87.3138381171015,1.0281
1712,3,122,40.67,2.7,0,corps,87.27219161053722,0.7775
1713,3,152,50.67,2.7,0,corps,87.23056592202127,1.0381
1714,4,69,17.25,3.1,0,corps,87.18896104114727,1.7877
1715,2,43,21.50,2.2,0,corps,87.14737695751393,1.3657
1716,2,54,27.00,2.2,0,corps,87.10581366072527,1.2637
1717,3,78,26.00,2.7,0,corps,87.06427114039046,0.8752
1718,6,99,16.50,4.0,0,corps,87.02274938612386,1.4081
1719,3,93,31.00,2.7,0,corps,86.98124838754505,0.9731
1720,3,91,30.33,2.7,0,corps,86.93976813427878,1.0660
1721,4,105,26.25,3.1,0,corps,86.89830861595496,1.1541
1722,4,159,39.75,3.1,0,corps,86.85686982220872,1.0329
1723,6,123,20.50,4.0,0,corps,86.81545174268037,1.3675
1724,3,99,33.00,2.7,0,corps,86.7740543670154,0.9707
1725,2,59,29.50,2.2,0,corps,86.73267768486443,0.9917
1726,3,53,17.67,2.7,0,corps,86.69132168588332,1.6579
1727,2,63,31.50,2.2,0,corps,86.64998635973309,0.8914
1728,5,37,7.40,3.6,0,corps,86.60867169607987,1.7516
1729,5,114,22.80,3.6,0,corps,86.56737768459497,0.9283
1730,4,146,36.50,3.1,0,corps,86.52610431495495,0.7452
1731,2,99,49.50,2.2,0,corps,86.48485157684144,0.6659
1732,5,60,12.00,3.6,0,corps,86.44361945994125,1.7372
1733,3,61,20.33,2.7,0,corps,86.40240795394634,1.0573
1734,3,58,19.33,2.7,0,corps,86.36121704855387,1.1479
1735,5,64,12.80,3.6,0,corps,86.32004673346606,1.6463
1736,5,87,17.40,3.6,0,corps,86.2788969983904,1.1772
1737,5,128,25.60,3.6,0,corps,86.23776783303938,0.9261
1738,5,124,24.80,3.6,0,corps,86.19665922713078,0.7944
1739,5,103,20.60,3.6,0,corps,86.1555711703874,4.5901
1740,3,74,24.67,2.7,0,corps,86.11450365253724,1.3930
1741,2,135,67.50,2.2,0,corps,86.07345666331342,0.6063
1742,5,81,16.20,3.6,0,corps,86.0324301924542,1.4920
1743,2,65,32.50,2.2,0,corps,85.99142422970296,0.8128
1744,6,109,18.17,4.0,0,corps,85.95043876480818,1.2699
1745,2,63,31.50,2.2,0,corps,85.90947378752354,1.1972
1746,2,65,32.50,2.2,0,corps,85.86852928760777,1.0331
1747,2,46,23.00,2.2,0,corps,85.82760525482475,1.4592
1748,3,34,11.33,2.7,0,corps,85.78670167894347,1.2662
1749,3,102,34.00,2.7,0,corps,85.74581854973802,1.0229
1750,4,46,11.50,3.1,0,corps,85.70495585698764,2.8317
1751,2,65,32.50,2.2,0,corps,85.66411359047666,1.0442
1752,2,51,25.50,2.2,0,corps,85.6232917399945,1.0446
1753,2,48,24.00,2.2,0,corps,85.5824902953357,1.7489
1754,2,41,20.50,2.2,0,corps,85.5417092462999,1.3186
1755,5,81,16.20,3.6,0,corps,85.50094858269183,1.0251
1756,2,102,51.00,2.2,0,corps,85.46020829432133,0.6308
1757,2,80,40.00,2.2,0,corps,85.41948837100333,1.0558
1758,2,28,14.00,2.2,0,corps,85.37878880255785,1.7588
1759,3,93,31.00,2.7,0,corps,85.33810957880999,1.0498
1760,3,100,33.33,2.7,0,corps,85.29745068958995,1.0701
1761,3,49,16.33,2.7,0,corps,85.256812124733,1.0341
1762,2,92,46.00,2.2,0,corps,85.21619387407952,1.0170
1763,6,91,15.17,4.0,0,corps,85.17559592747492,1.1976
1764,3,74,24.67,2.7,0,corps,85.13501827476972,0.8823
1765,5,102,20.40,3.6,0,corps,85.09446090581953,1.2436
1766,3,188,62.67,2.7,0,corps,85.05392381048496,0.6807
1767,5,95,19.00,3.6,0,corps,85.01340697863179,1.3607
1768,4,98,24.50,3.1,0,corps,84.97291040013077,0.9535
1769,2,53,26.50,2.2,0,corps,84.93243406485779,1.3632
1770,3,46,15.33,2.7,0,corps,84.89197796269373,1.1963
1771,3,60,20.00,2.7,0,corps,84.8515420835246,1.0442
1772,2,75,37.50,2.2,0,corps,84.8111264172414,0.8322
1773,3,51,17.00,2.7,0,corps,84.77073095374023,1.5970
1774,6,84,14.00,4.0,0,corps,84.73035568292221,1.0974
1775,4,76,19.00,3.1,0,corps,84.69000059469354,0.8560
1776,2,33,16.50,2.2,0,corps,84.64966567896543,1.1120
1777,7,141,20.14,4.4,0,corps,84.60935092565417,3.8816
1778,2,48,24.00,2.2,0,corps,84.56905632468106,1.6001
1779,3,137,45.67,2.7,0,corps,84.52878186597245,0.8138
1780,3,97,32.33,2.7,0,corps,84.48852753945972,1.0876
1781,2,45,22.50,2.2,0,corps,84.4482933350793,1.1983
1782,2,34,17.00,2.2,0,corps,84.40807924277263,1.1542
1783,2,27,13.50,2.2,0,corps,84.36788525248619,1.0921
1784,3,51,17.00,2.7,0,corps,84.32771135417147,1.8346
1785,2,37,18.50,2.2,0,corps,84.28755753778503,1.0768
1786,5,70,14.00,3.6,0,corps,84.24742379328838,1.9608
1787,2,22,11.00,2.2,0,corps,84.2073101106481,2.2182
1788,5,97,19.40,3.6,0,corps,84.16721647983576,1.5561
1789,2,34,17.00,2.2,0,corps,84.12714289082797,2.2860
1790,3,49,16.33,2.7,0,corps,84.0870893336063,1.3067
1791,4,91,22.75,3.1,0,corps,84.04705579815739,1.5900
1792,4,65,16.25,3.1,0,corps,84.00704227447285,1.5001
1793,2,27,13.50,2.2,0,corps,83.9670487525493,1.7561
1794,6,125,20.83,4.0,0,corps,83.92707522238834,3.8776
1795,2,21,10.50,2.2,0,corps,83.88712167399662,1.2440
1796,3,116,38.67,2.7,0,corps,83.84718809738571,0.9698
1797,2,100,50.00,2.2,0,corps,83.80727448257225,0.8068
1798,2,93,46.50,2.2,0,corps,83.76738081957784,1.1149
1799,3,55,18.33,2.7,0,corps,83.72750709842904,1.1049
1800,6,101,16.83,4.0,0,corps,83.68765330915743,1.2361
1801,2,82,41.00,2.2,0,corps,83.64781944179957,1.3756
1802,3,77,25.67,2.7,0,corps,83.60800548639696,1.0463
1803,2,89,44.50,2.2,0,corps,83.56821143299616,1.0328
1804,5,70,14.00,3.6,0,corps,83.52843727164863,1.2881
1805,3,60,20.00,2.7,0,corps,83.48868299241083,1.4849
1806,4,176,44.00,3.1,0,corps,83.44894858534418,0.8446
1807,4,74,18.50,3.1,0,corps,83.40923404051512,1.2589
1808,4,83,20.75,3.1,0,corps,83.36953934799496,1.3091
1809,3,142,47.33,2.7,0,corps,83.32986449786006,0.7694
1810,3,99,33.00,2.7,0,corps,83.29020948019169,0.7226
1811,2,76,38.00,2.2,0,corps,83.25057428507611,0.9303
1812,3,90,30.00,2.7,0,corps,83.2109589026045,0.9896
1813,10,150,15.00,5.8,0,corps,83.17136332287305,1.4401
1814,4,179,44.75,3.1,0,corps,83.13178753598282,0.7211
1815,4,122,30.50,3.1,0,corps,83.09223153203989,1.3249
1816,2,44,22.00,2.2,0,corps,83.05269530115528,1.1017
1817,4,72,18.00,3.1,0,corps,83.01317883344488,2.1689
1818,6,228,38.00,4.0,0,corps,82.97368211902962,0.9337
1819,2,60,30.00,2.2,0,corps,82.93420514803529,1.1546
1820,2,24,12.00,2.2,0,corps,82.89474791059264,1.3277
1821,7,170,24.29,4.4,0,corps,82.85531039683742,1.3754
1822,2,22,11.00,2.2,0,corps,82.81589259691017,1.3512
1823,4,80,20.00,3.1,0,corps,82.77649450095652,1.3897
1824,3,81,27.00,2.7,0,corps,82.73711609912687,1.1169
1825,3,73,24.33,2.7,0,corps,82.69775738157668,1.6178
1826,2,74,37.00,2.2,0,corps,82.6584183384662,0.8224
1827,4,75,18.75,3.1,0,corps,82.61909895996077,1.8506
1828,2,88,44.00,2.2,0,corps,82.57979923623046,1.2153
1829,5,139,27.80,3.6,0,corps,82.54051915745038,1.0694
1830,3,58,19.33,2.7,0,corps,82.50125871380048,1.2815
1831,2,83,41.50,2.2,0,corps,82.46201789546569,0.8705
1832,5,81,16.20,3.6,0,corps,82.42279669263577,1.5282
1833,4,54,13.50,3.1,0,corps,82.38359509550544,1.1358
1834,6,130,21.67,4.0,0,corps,82.34441309427429,1.3335
1835,4,135,33.75,3.1,0,corps,82.30525067914681,0.9035
1836,4,66,16.50,3.1,0,corps,82.26610784033241,1.7814
1837,2,99,49.50,2.2,0,corps,82.2269845680454,0.9655
1838,4,65,16.25,3.1,0,corps,82.18788085250492,1.4421
1839,4,132,33.00,3.1,0,corps,82.14879668393506,0.9581
1840,4,99,24.75,3.1,0,corps,82.10973205256478,1.0978
1841,3,82,27.33,2.7,0,corps,82.07068694862792,1.0652
1842,3,28,9.33,2.7,0,corps,82.03166136236321,2.5223
1843,3,113,37.67,2.7,0,corps,81.99265528401423,0.9286
1844,3,41,13.67,2.7,0,corps,81.95366870382949,1.5771
1845,6,194,32.33,4.0,0,corps,81.91470161206234,1.4360
1846,2,91,45.50,2.2,0,corps,81.87575399897099,0.8839
1847,2,21,10.50,2.2,0,corps,81.83682585481854,1.9954
1848,6,66,11.00,4.0,0,corps,81.79791716987296,2.1451
1849,4,57,14.25,3.1,0,corps,81.7590279344071,1.5821
1850,6,94,15.67,4.0,0,corps,81.7201581386986,1.1988
1851,2,31,15.50,2.2,0,corps,81.68130777303006,1.3663
1852,9,156,17.33,5.3,0,corps,81.64247682768885,1.4650
1853,2,44,22.00,2.2,0,corps,81.60366529296726,1.7231
1854,3,77,25.67,2.7,0,corps,81.5648731591624,1.8806
1855,3,42,14.00,2.7,0,corps,81.52610041657623,1.1920
1856,5,121,24.20,3.6,0,corps,81.48734705551557,1.2729
1857,7,60,8.57,4.4,0,corps,81.44861306629207,1.5853
1858,4,63,15.75,3.1,0,corps,81.40989843922225,1.4659
1859,2,47,23.50,2.2,0,corps,81.37120316462743,1.1574
1860,2,48,24.00,2.2,0,corps,81.33252723283381,1.4872
1861,2,70,35.00,2.2,0,corps,81.29387063417242,0.7372
1862,2,69,34.50,2.2,0,corps,81.25523335897907,0.7518
1863,5,120,24.00,3.6,0,corps,81.21661539759447,1.0488
1864,7,106,15.14,4.4,0,corps,81.17801674036413,1.8077
1865,2,24,12.00,2.2,0,corps,81.13943737763836,1.6312
1866,3,85,28.33,2.7,0,corps,81.10087729977234,0.9198
1867,3,92,30.67,2.7,0,corps,81.06233649712605,0.9320
1868,4,88,22.00,3.1,0,corps,81.02381496006427,1.7613
1869,6,125,20.83,4.0,0,corps,80.98531267895666,1.3208
1870,4,66,16.50,3.1,0,corps,80.9468296441776,1.2818
1871,5,74,14.80,3.6,0,corps,80.90836584610636,1.2248
1872,2,105,52.50,2.2,0,corps,80.86992127512698,0.7650
1873,8,214,26.75,4.9,0,corps,80.83149592162833,1.1899
1874,9,180,20.00,5.3,0,corps,80.79308977600404,1.1008
1875,2,35,17.50,2.2,0,corps,80.7547028286526,1.2094
1876,3,64,21.33,2.7,0,corps,80.71633506997729,1.1441
1877,8,140,17.50,4.9,0,corps,80.6779864903861,3.9697
1878,2,59,29.50,2.2,0,corps,80.63965708029197,1.3877
1879,10,202,20.20,5.8,0,corps,80.6013468301125,3.5287
1880,2,64,32.00,2.2,0,corps,80.56305573027015,0.7422
1881,3,57,19.00,2.7,0,corps,80.5247837711921,1.2390
1882,4,119,29.75,3.1,0,corps,80.48653094331041,0.9060
1883,13,168,12.92,7.1,0,corps,80.44829723706187,1.5625
1884,8,125,15.62,4.9,0,corps,80.410082642888,1.6408
1885,3,62,20.67,2.7,0,corps,80.37188715123521,0.9042
1886,2,28,14.00,2.2,0,corps,80.33371075255461,1.6830
1887,9,132,14.67,5.3,0,corps,80.29555343730209,1.5018
1888,5,77,15.40,3.6,0,corps,80.25741519593834,1.2283
1889,4,65,16.25,3.1,0,corps,80.21929601892876,1.5767
1890,4,128,32.00,3.1,0,corps,80.18119589674359,1.0934
1891,2,38,19.00,2.2,0,corps,80.1431148198578,1.0540
1892,4,112,28.00,3.1,0,corps,80.1050527787511,0.8516
1893,6,111,18.50,4.0,0,corps,80.06700976390799,4.1536
1894,2,26,13.00,2.2,0,corps,80.02898576581774,1.4142
1895,8,138,17.25,4.9,0,corps,79.9909807749743,1.3273
1896,5,110,22.00,3.6,0,corps,79.95299478187647,1.2490
1897,6,120,20.00,4.0,0,corps,79.91502777702773,1.4033
1898,4,63,15.75,3.1,0,corps,79.87707975093632,1.1289
1899,3,116,38.67,2.7,0,corps,79.83915069411525,0.8065
1900,2,25,12.50,2.2,0,corps,79.80124059708224,1.9667
1901,2,77,38.50,2.2,0,corps,79.76334945035978,0.9441
1902,2,98,49.00,2.2,0,corps,79.72547724447507,1.2286
1903,2,58,29.00,2.2,0,corps,79.68762396996007,1.4955
1904,2,38,19.00,2.2,0,corps,79.64978961735146,1.0891
1905,3,46,15.33,2.7,0,corps,79.61197417719065,1.7164
1906,9,154,17.11,5.3,0,corps,79.57417764002376,1.8776
1907,2,74,37.00,2.2,0,corps,79.5363999964017,0.8928
1908,2,40,20.00,2.2,0,corps,79.49864123688002,1.3455
1909,2,13,6.50,2.2,0,corps,79.46090135201904,2.1369
1910,5,85,17.00,3.6,0,corps,79.42318033238381,1.4055
1911,2,45,22.50,2.2,0,corps,79.38547816854403,1.2190
1912,2,61,30.50,2.2,0,corps,79.3477948510742,1.3577
1913,3,109,36.33,2.7,0,corps,79.31013037055347,1.1564
1914,2,48,24.00,2.2,0,corps,79.27248471756572,1.6622
1915,8,231,28.88,4.9,0,corps,79.23485788269954,1.1842
1916,2,64,32.00,2.2,0,corps,79.19724985654824,1.0314
1917,3,81,27.00,2.7,0,corps,79.15966062970978,1.4596
1918,6,90,15.00,4.0,0,corps,79.12209019278687,1.8420
1919,3,87,29.00,2.7,0,corps,79.0845385363869,1.2804
1920,2,30,15.00,2.2,0,corps,79.04700565112196,1.5329
1921,2,66,33.00,2.2,0,corps,79.00949152760882,0.9037
1922,3,21,7.00,2.7,0,corps,78.97199615646895,2.1934
1923,3,57,19.00,2.7,0,corps,78.93451952832852,1.3010
1924,4,69,17.25,3.1,0,corps,78.89706163381835,1.3173
1925,2,31,15.50,2.2,0,corps,78.85962246357398,1.0523
1926,2,121,60.50,2.2,0,corps,78.82220200823564,0.7814
1927,2,34,17.00,2.2,0,corps,78.78480025844816,0.9235
1928,2,150,75.00,2.2,0,corps,78.74741720486116,0.5729
1929,3,57,19.00,2.7,0,corps,78.71005283812883,1.8736
1930,3,84,28.00,2.7,0,corps,78.6727071489101,0.8919
1931,3,69,23.00,2.7,0,corps,78.63538012786856,1.2570
1932,2,47,23.50,2.2,0,corps,78.59807176567243,0.7850
1933,8,193,24.12,4.9,0,corps,78.56078205299463,1.0270
1934,7,166,23.71,4.4,0,corps,78.52351098051274,1.3404
1935,2,42,21.00,2.2,0,corps,78.48625853890896,1.2157
1936,2,43,21.50,2.2,0,corps,78.44902471887023,0.8824
1937,3,97,32.33,2.7,0,corps,78.41180951108805,0.8635
1938,9,197,21.89,5.3,0,corps,78.37461290625865,1.1053
1939,4,74,18.50,3.1,0,corps,78.33743489508286,1.2700
1940,3,72,24.00,2.7,0,corps,78.30027546826616,1.2450
1941,3,62,20.67,2.7,0,corps,78.26313461651874,0.8636
1942,2,49,24.50,2.2,0,corps,78.22601233055535,1.1278
1943,2,48,24.00,2.2,0,corps,78.18890860109543,1.2047
1944,5,53,10.60,3.6,0,corps,78.15182341886306,1.9804
1945,5,59,11.80,3.6,0,corps,78.11475677458691,1.6846
1946,2,124,62.00,2.2,0,corps,78.07770865900035,0.9211
1947,4,36,9.00,3.1,0,corps,78.04067906284135,2.0344
1948,2,42,21.00,2.2,0,corps,78.00366797685248,1.3005
1949,3,39,13.00,2.7,0,corps,77.96667539178101,1.4623
1950,8,252,31.50,4.9,0,corps,77.92970129837876,0.9631
1951,2,29,14.50,2.2,0,corps,77.89274568740223,1.3101
1952,3,71,23.67,2.7,0,corps,77.85580854961249,1.0128
1953,6,132,22.00,4.0,0,corps,77.81888987577528,1.1178
1954,3,90,30.00,2.7,0,corps,77.78198965666093,0.8364
1955,6,103,17.17,4.0,0,corps,77.74510788304437,1.2855
1956,6,191,31.83,4.0,0,corps,77.70824454570517,1.0690
1957,6,111,18.50,4.0,0,corps,77.67139963542749,1.3153
1958,2,23,11.50,2.2,0,corps,77.63457314300011,1.8894
1959,2,64,32.00,2.2,0,corps,77.59776505921639,0.8316
1960,7,118,16.86,4.4,0,corps,77.56097537487432,1.2126
1961,6,73,12.17,4.0,0,corps,77.52420408077647,6.0928
1962,6,122,20.33,4.0,0,corps,77.48745116773003,1.2362
1963,2,73,36.50,2.2,0,corps,77.45071662654675,1.0966
1964,2,19,9.50,2.2,0,corps,77.41400044804304,1.3321
1965,2,75,37.50,2.2,0,corps,77.3773026230398,0.6970
1966,2,96,48.00,2.2,0,corps,77.3406231423626,0.7797
1967,4,66,16.50,3.1,0,corps,77.30396199684158,1.3443
1968,2,43,21.50,2.2,0,corps,77.26731917731144,0.9935
1969,2,60,30.00,2.2,0,corps,77.23069467461146,0.8378
1970,5,102,20.40,3.6,0,corps,77.19408847958555,1.1287
1971,2,51,25.50,2.2,0,corps,77.15750058308211,0.9079
1972,5,189,37.80,3.6,0,corps,77.12093097595422,0.8330
1973,4,121,30.25,3.1,0,corps,77.08437964905946,0.7087
1974,4,81,20.25,3.1,0,corps,77.04784659325999,1.0336
1975,5,107,21.40,3.6,0,corps,77.01133179942254,1.0848
1976,5,66,13.20,3.6,0,corps,76.97483525841842,1.2028
1977,3,211,70.33,2.7,0,corps,76.9383569611235,0.5527
1978,3,65,21.67,2.7,0,corps,76.90189689841822,0.9970
1979,4,53,13.25,3.1,0,corps,76.8654550611875,1.0237
1980,6,88,14.67,4.0,0,corps,76.82903144032096,1.4350
1981,7,161,23.00,4.4,0,corps,76.79262602671264,0.8015
1982,4,45,11.25,3.1,0,corps,76.75623881126121,1.5782
1983,8,107,13.38,4.9,0,corps,76.71986978486987,1.4727
1984,3,39,13.00,2.7,0,corps,76.68351893844635,1.2789
1985,4,145,36.25,3.1,0,corps,76.64718626290295,0.6438
1986,3,41,13.67,2.7,0,corps,76.61087174915649,0.6450
1987,6,68,11.33,4.0,0,corps,76.57457538812834,1.4376
1988,8,127,15.88,4.9,0,corps,76.53829717074441,1.2974
1989,2,58,29.00,2.2,0,corps,76.50203708793516,1.2263
1990,2,42,21.00,2.2,0,corps,76.46579513063556,1.1397
1991,13,195,15.00,7.1,0,corps,76.42957128978512,0.9645
1992,2,19,9.50,2.2,0,corps,76.39336555632788,1.1456
1993,4,101,25.25,3.1,0,corps,76.3571779212124,0.9509
1994,5,150,30.00,3.6,0,corps,76.32100837539178,0.7888
1995,4,77,19.25,3.1,0,corps,76.28485690982363,0.9616
1996,3,88,29.33,2.7,0,corps,76.24872351547009,0.5863
1997,4,79,19.75,3.1,0,corps,76.21260818329779,0.8714
1998,9,129,14.33,5.3,0,corps,76.17651090427793,1.3336
1999,3,40,13.33,2.7,0,corps,76.14043166938616,0.8503
2000,2,32,16.00,2.2,0,corps,76.1043704696027,1.2646
2001,4,80,20.00,3.1,0,corps,76.06832729591221,1.2323
2002,2,65,32.50,2.2,0,corps,76.03230213930394,1.0563
2003,2,39,19.50,2.2,0,corps,75.99629499077156,1.3499
2004,4,39,9.75,3.1,0,corps,75.96030584131333,3.2078
2005,3,64,21.33,2.7,0,corps,75.92433468193191,1.1912
2006,5,76,15.20,3.6,0,corps,75.88838150363455,1.5923
2007,12,185,15.42,6.7,0,corps,75.85244629743292,1.9979
2008,9,142,15.78,5.3,0,corps,75.81652905434326,4.2834
2009,4,118,29.50,3.1,0,corps,75.78062976538622,1.3393
2010,4,80,20.00,3.1,0,corps,75.74474842158702,4.2588
2011,3,148,49.33,2.7,0,corps,75.70888501397526,1.3311
2012,4,82,20.50,3.1,0,corps,75.67303953358517,1.8688
2013,2,39,19.50,2.2,0,corps,75.63721197145532,1.6572
2014,5,116,23.20,3.6,0,corps,75.60140231862883,1.4524
2015,3,75,25.00,2.7,0,corps,75.5656105661533,1.5227
2016,2,27,13.50,2.2,0,corps,75.52983670508078,1.5342
2017,3,67,22.33,2.7,0,corps,75.4940807264678,1.3749
2018,2,60,30.00,2.2,0,corps,75.4583426213754,1.3358
2019,2,102,51.00,2.2,0,corps,75.42262238086899,1.2726
2020,5,94,18.80,3.6,0,corps,75.38691999601858,1.6994
2021,2,22,11.00,2.2,0,corps,75.35123545789853,2.2984
2022,2,56,28.00,2.2,0,corps,75.31556875758771,1.2268
2023,4,41,10.25,3.1,0,corps,75.27991988616945,1.6318
2024,18,330,18.33,9.3,0,corps,75.24428883473153,1.5765
2025,5,131,26.20,3.6,0,corps,75.20867559436621,1.4818
2026,2,53,26.50,2.2,0,corps,75.17308015617014,1.2871
2027,4,59,14.75,3.1,0,corps,75.13750251124448,1.1788
2028,2,54,27.00,2.2,0,corps,75.10194265069484,1.3117
2029,2,59,29.50,2.2,0,corps,75.06640056563123,1.0157
2030,4,98,24.50,3.1,0,corps,75.03087624716812,1.0387
2031,3,51,17.00,2.7,0,corps,74.99536968642443,1.3947
2032,3,77,25.67,2.7,0,corps,74.95988087452355,1.5326
2033,7,138,19.71,4.4,0,corps,74.92440980259325,1.3076
2034,6,106,17.67,4.0,0,corps,74.88895646176577,1.3668
2035,2,23,11.50,2.2,0,corps,74.85352084317776,2.4755
2036,5,100,20.00,3.6,0,corps,74.81810293797035,3.4924
2037,4,78,19.50,3.1,0,corps,74.78270273728906,1.3891
2038,2,66,33.00,2.2,0,corps,74.74732023228378,0.8340
2039,6,81,13.50,4.0,0,corps,74.71195541410896,1.5418
2040,8,134,16.75,4.9,0,corps,74.67660827392335,1.4058
2041,4,71,17.75,3.1,0,corps,74.64127880289018,1.4791
2042,2,108,54.00,2.2,0,corps,74.60596699217709,0.8925
2043,3,43,14.33,2.7,0,corps,74.57067283295608,1.1665
2044,2,27,13.50,2.2,0,corps,74.53539631640368,1.6531
2045,2,74,37.00,2.2,0,corps,74.50013743370071,0.7721
2046,4,111,27.75,3.1,0,corps,74.46489617603247,0.9356
2047,5,129,25.80,3.6,0,corps,74.42967253458863,1.1037
2048,5,79,15.80,3.6,0,corps,74.3944665005633,1.1997
2049,2,77,38.50,2.2,0,corps,74.35927806515497,1.0641
2050,2,38,19.00,2.2,0,corps,74.32410721956651,0.6633
2051,3,41,13.67,2.7,0,corps,74.28895395500523,1.8281
2052,3,65,21.67,2.7,0,corps,74.2538182626828,0.9176
2053,5,122,24.40,3.6,0,corps,74.2187001338153,1.2257
2054,9,182,20.22,5.3,0,corps,74.18359955962322,1.3393
2055,2,30,15.00,2.2,0,corps,74.14851653133137,1.8003
2056,4,117,29.25,3.1,0,corps,74.11345104016902,1.0056
2057,9,136,15.11,5.3,0,corps,74.0784030773698,1.2612
2058,4,96,24.00,3.1,0,corps,74.04337263417173,1.0820
2059,3,80,26.67,2.7,0,corps,74.00835970181716,1.1790
2060,2,24,12.00,2.2,0,corps,73.97336427155288,1.5183
2061,2,12,6.00,2.2,0,corps,73.93838633463005,2.3925
2062,3,41,13.67,2.7,0,corps,73.90342588230416,1.0608
2063,3,90,30.00,2.7,0,corps,73.8684829058351,1.4484
2064,5,41,8.20,3.6,0,corps,73.83355739648712,1.8860
2065,10,119,11.90,5.8,0,corps,73.79864934552887,1.6788
2066,4,106,26.50,3.1,0,corps,73.76375874423333,1.4607
2067,4,68,17.00,3.1,0,corps,73.72888558387783,1.4508
2068,7,126,18.00,4.4,0,corps,73.69402985574408,1.7255
2069,3,58,19.33,2.7,0,corps,73.65919155111817,1.4589
2070,10,166,16.60,5.8,0,corps,73.6243706612905,1.8793
2071,3,51,17.00,2.7,0,corps,73.58956717755585,1.7129
2072,3,50,16.67,2.7,0,corps,73.55478109121337,1.3787
2073,3,58,19.33,2.7,0,corps,73.52001239356653,1.8006
2074,4,95,23.75,3.1,0,corps,73.48526107592315,1.3551
2075,3,56,18.67,2.7,0,corps,73.45052712959537,1.3683
2076,6,186,31.00,4.0,0,corps,73.41581054589977,1.1675
2077,7,141,20.14,4.4,0,corps,73.38111131615716,1.6952
2078,2,34,17.00,2.2,0,corps,73.34642943169274,1.3905
2079,2,120,60.00,2.2,0,corps,73.31176488383603,1.1122
2080,4,142,35.50,3.1,0,corps,73.2771176639209,1.2240
2081,3,46,15.33,2.7,0,corps,73.24248776328557,1.5980
2082,7,125,17.86,4.4,0,corps,73.20787517327253,1.7184
2083,5,87,17.40,3.6,0,corps,73.17327988522862,1.5253
2084,4,110,27.50,3.1,0,corps,73.13870189050508,1.3210
2085,4,76,19.00,3.1,0,corps,73.10414118045735,1.6086
2086,3,55,18.33,2.7,0,corps,73.06959774644528,1.7225
2087,5,67,13.40,3.6,0,corps,73.03507157983299,5.1891
2088,3,62,20.67,2.7,0,corps,73.00056267198897,1.4874
2089,4,76,19.00,3.1,0,corps,72.96607101428599,1.4457
2090,6,124,20.67,4.0,0,corps,72.93159659810112,2.0069
2091,5,93,18.60,3.6,0,corps,72.89713941481574,2.2015
2092,5,93,18.60,3.6,0,corps,72.86269945581557,1.5249
2093,4,101,25.25,3.1,0,corps,72.82827671249063,1.6915
2094,3,43,14.33,2.7,0,corps,72.79387117623524,1.8925
2095,5,103,20.60,3.6,0,corps,72.759482838448,1.7242
2096,4,65,16.25,3.1,0,corps,72.72511169053182,5.7480
2097,3,64,21.33,2.7,0,corps,72.69075772389392,1.6172
2098,5,104,20.80,3.6,0,corps,72.65642092994581,1.3632
2099,6,68,11.33,4.0,0,corps,72.62210130010328,2.1123
2100,5,122,24.40,3.6,0,corps,72.58779882578644,1.1346
2101,3,60,20.00,2.7,0,corps,72.55351349841968,1.1804
2102,3,107,35.67,2.7,0,corps,72.51924530943164,0.8765
2103,3,163,54.33,2.7,0,corps,72.48499425025527,0.7525
2104,4,83,20.75,3.1,0,corps,72.45076031232783,1.4199
2105,2,74,37.00,2.2,0,corps,72.41654348709083,0.8899
2106,2,55,27.50,2.2,0,corps,72.38234376599007,0.7905
2107,3,101,33.67,2.7,0,corps,72.34816114047557,0.7656
2108,5,96,19.20,3.6,0,corps,72.31399560200174,1.1610
2109,3,53,17.67,2.7,0,corps,72.27984714202717,0.8452
2110,2,88,44.00,2.2,0,corps,72.24571575201473,0.9438
2111,5,102,20.40,3.6,0,corps,72.21160142343156,1.0670
2112,2,107,53.50,2.2,0,corps,72.17750414774913,0.5187
2113,4,32,8.00,3.1,0,corps,72.1434239164431,2.3485
2114,3,100,33.33,2.7,0,corps,72.1093607209934,1.0734
2115,4,64,16.00,3.1,0,corps,72.07531455288421,1.3179
2116,5,68,13.60,3.6,0,corps,72.04128540360402,1.5845
2117,4,133,33.25,3.1,0,corps,72.00727326464556,0.7739
2118,3,89,29.67,2.7,0,corps,71.97327812750575,0.9335
2119,2,23,11.50,2.2,0,corps,71.93929998368583,1.3163
2120,3,58,19.33,2.7,0,corps,71.90533882469126,1.1406
2121,5,118,23.60,3.6,0,corps,71.87139464203175,1.1908
2122,5,124,24.80,3.6,0,corps,71.83746742722126,1.3038
2123,9,240,26.67,5.3,0,corps,71.80355717177797,0.7826
2124,8,148,18.50,4.9,0,corps,71.76966386722432,0.9838
2125,2,66,33.00,2.2,0,corps,71.73578750508702,0.6017
2126,2,40,20.00,2.2,0,corps,71.70192807689692,1.2190
2127,2,38,19.00,2.2,0,corps,71.6680855741892,1.2853
2128,3,71,23.67,2.7,0,corps,71.63425998850322,1.1408
2129,8,135,16.88,4.9,0,corps,71.6004513113826,1.1916
2130,3,49,16.33,2.7,0,corps,71.56665953437515,1.1833
2131,2,45,22.50,2.2,0,corps,71.53288464903295,0.6369
2132,3,54,18.00,2.7,0,corps,71.49912664691225,1.2627
2133,2,85,42.50,2.2,0,corps,71.46538551957357,0.6063
2134,6,80,13.33,4.0,0,corps,71.43166125858163,1.2866
2135,3,109,36.33,2.7,0,corps,71.39795385550534,0.8963
2136,3,36,12.00,2.7,0,corps,71.36426330191786,1.5375
2137,2,69,34.50,2.2,0,corps,71.33058958939658,0.6223
2138,7,191,27.29,4.4,0,corps,71.29693270952303,0.7549
2139,6,117,19.50,4.0,0,corps,71.26329265388303,0.9185
2140,4,78,19.50,3.1,0,corps,71.22966941406649,1.0076
2141,5,95,19.00,3.6,0,corps,71.19606298166772,3.2503
2142,5,62,12.40,3.6,0,corps,71.16247334828502,2.0326
2143,2,83,41.50,2.2,0,corps,71.128900505521,1.3830
2144,6,74,12.33,4.0,0,corps,71.09534444498244,1.7128
2145,3,54,18.00,2.7,0,corps,71.06180515828036,1.9653
2146,3,46,15.33,2.7,0,corps,71.02828263702993,1.7497
2147,4,46,11.50,3.1,0,corps,70.9947768728505,2.0079
2148,2,51,25.50,2.2,0,corps,70.96128785736562,1.1115
2149,2,63,31.50,2.2,0,corps,70.92781558220307,1.4623
2150,8,234,29.25,4.9,0,corps,70.89436003899478,1.1315
2151,8,192,24.00,4.9,0,corps,70.86092121937682,3.4888
2152,10,418,41.80,5.8,0,corps,70.82749911498951,0.8954
2153,4,153,38.25,3.1,0,corps,70.79409371747734,0.9415
2154,6,99,16.50,4.0,0,corps,70.76070501848896,1.6089
2155,4,210,52.50,3.1,0,corps,70.72733300967717,0.6084
2156,5,157,31.40,3.6,0,corps,70.69397768269896,0.8801
2157,3,125,41.67,2.7,0,corps,70.66063902921555,0.9789
2158,3,38,12.67,2.7,0,corps,70.62731704089222,1.5182
2159,2,30,15.00,2.2,0,corps,70.59401170939852,1.4703
2160,4,144,36.00,3.1,0,corps,70.56072302640807,0.9585
2161,6,99,16.50,4.0,0,corps,70.52745098359874,1.1677
2162,7,72,10.29,4.4,0,corps,70.4941955726525,3.4457
2163,6,102,17.00,4.0,0,corps,70.4609567852555,1.1838
2164,3,60,20.00,2.7,0,corps,70.42773461309804,0.9543
2165,2,34,17.00,2.2,0,corps,70.39452904787457,1.1317
2166,7,86,12.29,4.4,0,corps,70.36134008128373,5.3808
2167,2,65,32.50,2.2,0,corps,70.32816770502825,1.3139
2168,2,40,20.00,2.2,0,corps,70.295011910815,0.7231
2169,3,58,19.33,2.7,0,corps,70.26187269035513,0.9275
2170,7,133,19.00,4.4,0,corps,70.22875003536376,1.1414
2171,2,31,15.50,2.2,0,corps,70.19564393756025,1.2677
2172,9,179,19.89,5.3,0,corps,70.16255438866804,1.0852
2173,8,246,30.75,4.9,0,corps,70.12948138041479,0.9271
2174,3,139,46.33,2.7,0,corps,70.09642490453224,0.6022
2175,2,51,25.50,2.2,0,corps,70.06338495275625,0.6798
2176,4,91,22.75,3.1,0,corps,70.03036151682683,1.0082
2177,6,96,16.00,4.0,0,corps,69.99735458848816,1.4909
2178,2,24,12.00,2.2,0,corps,69.96436415948845,1.4330
2179,4,98,24.50,3.1,0,corps,69.93139022158016,0.9309
2180,12,187,15.58,6.7,0,corps,69.89843276651973,1.2620
2181,3,68,22.67,2.7,0,corps,69.86549178606786,0.6618
2182,4,57,14.25,3.1,0,corps,69.83256727198928,1.2168
2183,2,16,8.00,2.2,0,corps,69.79965921605286,2.6812
2184,6,104,17.33,4.0,0,corps,69.76676761003156,0.8753
2185,6,92,15.33,4.0,0,corps,69.73389244570252,1.3092
2186,7,133,19.00,4.4,0,corps,69.70103371484694,1.0432
2187,11,154,14.00,6.2,0,corps,69.66819140925016,1.3142
2188,4,55,13.75,3.1,0,corps,69.63536552070153,1.1879
2189,4,102,25.50,3.1,0,corps,69.60255604099463,0.9414
2190,6,98,16.33,4.0,0,corps,69.5697629619271,1.1752
2191,3,40,13.33,2.7,0,corps,69.53698627530063,1.3459
2192,2,36,18.00,2.2,0,corps,69.50422597292108,1.0362
2193,9,152,16.89,5.3,0,corps,69.47148204659837,3.6728
2194,2,46,23.00,2.2,0,corps,69.43875448814651,1.1761
2195,3,45,15.00,2.7,0,corps,69.40604328938362,1.3590
2196,4,111,27.75,3.1,0,corps,69.37334844213187,0.8720
2197,6,85,14.17,4.0,0,corps,69.34066993821759,1.4590
2198,4,60,15.00,3.1,0,corps,69.30800776947112,1.3107
2199,6,57,9.50,4.0,0,corps,69.27536192772695,3.8371
2200,2,41,20.50,2.2,0,corps,69.2427324048236,1.0266
2201,3,30,10.00,2.7,0,corps,69.21011919260368,1.8477
2202,8,159,19.88,4.9,0,corps,69.17752228291391,1.7132
2203,4,24,6.00,3.1,0,corps,69.14494166760504,4.0326
2204,4,80,20.00,3.1,0,corps,69.11237733853191,1.2871
2205,7,151,21.57,4.4,0,corps,69.07982928755348,4.2275
2206,6,91,15.17,4.0,0,corps,69.04729750653271,1.6126
2207,2,54,27.00,2.2,0,corps,69.01478198733666,1.2188
2208,9,137,15.22,5.3,0,corps,68.98228272183641,1.8420
2209,4,116,29.00,3.1,0,corps,68.94979970190722,1.1100
2210,11,267,24.27,6.2,0,corps,68.91733291942828,1.0868
2211,2,28,14.00,2.2,0,corps,68.88488236628291,1.3198
2212,8,167,20.88,4.9,0,corps,68.85244803435845,5.1509
2213,4,59,14.75,3.1,0,corps,68.82002991554636,1.5266
2214,3,64,21.33,2.7,0,corps,68.78762800174208,1.0560
2215,15,314,20.93,8.0,0,corps,68.75524228484514,2.6745
2216,2,29,14.50,2.2,0,corps,68.72287275675909,1.1767
2217,6,71,11.83,4.0,0,corps,68.69051940939158,1.8599
2218,4,84,21.00,3.1,0,corps,68.65818223465426,1.3981
2219,5,99,19.80,3.6,0,corps,68.62586122446285,1.3292
2220,2,54,27.00,2.2,0,corps,68.59355637073706,1.1428
2221,2,49,24.50,2.2,0,corps,68.5612676654007,0.9332
2222,11,169,15.36,6.2,0,corps,68.52899510038161,5.5669
2223,2,34,17.00,2.2,0,corps,68.49673866761162,1.1849
2224,3,56,18.67,2.7,0,corps,68.46449835902662,1.3073
2225,7,158,22.57,4.4,0,corps,68.43227416656657,1.3926
2226,4,83,20.75,3.1,0,corps,68.40006608217539,0.9503
2227,14,206,14.71,7.6,0,corps,68.36787409780106,1.6811
2228,3,70,23.33,2.7,0,corps,68.33569820539557,1.1954
2229,5,135,27.00,3.6,0,corps,68.303538396915,1.5848
2230,6,149,24.83,4.0,0,corps,68.27139466431936,1.2140
2231,3,98,32.67,2.7,0,corps,68.23926699957272,1.0177
2232,3,64,21.33,2.7,0,corps,68.20715539464315,1.1076
2233,5,60,12.00,3.6,0,corps,68.17505984150276,1.6307
2234,7,221,31.57,4.4,0,corps,68.14298033212768,1.0697
2235,7,161,23.00,4.4,0,corps,68.11091685849803,0.9804
2236,13,192,14.77,7.1,0,corps,68.07886941259788,1.5435
2237,7,195,27.86,4.4,0,corps,68.04683798641547,1.0204
2238,7,113,16.14,4.4,0,corps,68.01482257194287,5.9998
2239,2,91,45.50,2.2,0,corps,67.98282316117624,0.8363
2240,2,62,31.00,2.2,0,corps,67.95083974611573,0.7654
2241,7,167,23.86,4.4,0,corps,67.91887231876551,0.7639
2242,13,222,17.08,7.1,0,corps,67.88692087113368,1.2195
2243,5,84,16.80,3.6,0,corps,67.85498539523243,0.9963
2244,5,91,18.20,3.6,0,corps,67.82306588307783,0.8576
2245,8,158,19.75,4.9,0,corps,67.79116232669004,1.1233
2246,4,106,26.50,3.1,0,corps,67.75927471809318,0.9413
2247,7,139,19.86,4.4,0,corps,67.72740304931531,0.7751
2248,9,155,17.22,5.3,0,corps,67.69554731238854,1.2940
2249,3,66,22.00,2.7,0,corps,67.66370749934894,0.8500
2250,2,30,15.00,2.2,0,corps,67.63188360223656,1.0647
2251,2,19,9.50,2.2,0,corps,67.60007561309538,1.6805
2252,3,57,19.00,2.7,0,corps,67.56828352397346,1.1233
2253,2,47,23.50,2.2,0,corps,67.53650732692272,1.1748
2254,2,69,34.50,2.2,0,corps,67.50474701399918,0.6520
2255,4,91,22.75,3.1,0,corps,67.4730025772627,0.8603
2256,6,119,19.83,4.0,0,corps,67.44127400877721,1.0000
2257,3,54,18.00,2.7,0,corps,67.40956130061053,1.0700
2258,6,201,33.50,4.0,0,corps,67.37786444483453,0.6900
2259,5,86,17.20,3.6,0,corps,67.34618343352496,0.9588
2260,3,67,22.33,2.7,0,corps,67.31451825876158,0.8280
2261,5,109,21.80,3.6,0,corps,67.28286891262809,1.1229
2262,3,48,16.00,2.7,0,corps,67.25123538721218,2.2954
2263,6,126,21.00,4.0,0,corps,67.21961767460542,1.1804
2264,8,129,16.12,4.9,0,corps,67.1880157669034,1.4798
2265,3,51,17.00,2.7,0,corps,67.15642965620567,1.4463
2266,2,30,15.00,2.2,0,corps,67.12485933461568,1.1855
2267,3,75,25.00,2.7,0,corps,67.09330479424086,1.0371
2268,3,71,23.67,2.7,0,corps,67.06176602719256,1.2762
2269,2,48,24.00,2.2,0,corps,67.03024302558609,1.2011
2270,2,15,7.50,2.2,0,corps,66.9987357815407,1.9115
2271,3,57,19.00,2.7,0,corps,66.96724428717961,1.1973
2272,5,117,23.40,3.6,0,corps,66.9357685346299,1.2633
2273,4,68,17.00,3.1,0,corps,66.90430851602265,1.5824
2274,7,141,20.14,4.4,0,corps,66.87286422349285,1.0046
2275,6,74,12.33,4.0,0,corps,66.84143564917945,2.2370
2276,6,107,17.83,4.0,0,corps,66.81002278522529,1.6755
2277,3,80,26.67,2.7,0,corps,66.77862562377713,1.2084
2278,2,93,46.50,2.2,0,corps,66.74724415698573,0.5439
2279,6,180,30.00,4.0,0,corps,66.7158783770057,1.1215
2280,4,60,15.00,3.1,0,corps,66.68452827599558,1.3148
2281,7,124,17.71,4.4,0,corps,66.65319384611783,1.3072
2282,2,33,16.50,2.2,0,corps,66.6218750795389,1.4698
2283,3,67,22.33,2.7,0,corps,66.59057196842905,1.2102
2284,4,73,18.25,3.1,0,corps,66.55928450496253,1.0379
2285,4,87,21.75,3.1,0,corps,66.52801268131745,0.8752
2286,9,147,16.33,5.3,0,corps,66.49675648967587,1.4607
2287,3,81,27.00,2.7,0,corps,66.46551592222374,1.0342
2288,2,41,20.50,2.2,0,corps,66.43429097115092,0.8750
2289,2,32,16.00,2.2,0,corps,66.40308162865117,1.2286
2290,2,59,29.50,2.2,0,corps,66.37188788692214,0.7462
2291,6,126,21.00,4.0,0,corps,66.34070973816542,0.8876
2292,3,59,19.67,2.7,0,corps,66.30954717458646,1.0217
2293,2,56,28.00,2.2,0,corps,66.2784001883946,1.2957
2294,3,46,15.33,2.7,0,corps,66.2472687718031,1.1317
2295,6,78,13.00,4.0,0,corps,66.21615291702916,1.6854
2296,3,40,13.33,2.7,0,corps,66.18505261629376,1.4328
2297,3,45,15.00,2.7,0,corps,66.15396786182181,1.4053
2298,3,39,13.00,2.7,0,corps,66.12289864584217,1.3766
2299,3,65,21.67,2.7,0,corps,66.09184496058754,1.0897
2300,15,239,15.93,8.0,0,corps,66.06080679829445,1.5094
2301,5,62,12.40,3.6,0,corps,66.02978415120336,2.3647
2302,3,94,31.33,2.7,0,corps,65.99877701155864,1.0305
2303,5,103,20.60,3.6,0,corps,65.96778537160853,1.2102
2304,11,171,15.55,6.2,0,corps,65.93680922360507,1.3780
2305,6,97,16.17,4.0,0,corps,65.90584855980421,1.0830
2306,2,48,24.00,2.2,0,corps,65.87490337246584,1.2544
2307,3,50,16.67,2.7,0,corps,65.84397365385362,1.1840
2308,3,31,10.33,2.7,0,corps,65.81305939623516,0.9732
2309,5,94,18.80,3.6,0,corps,65.78216059188185,1.4944
2310,5,135,27.00,3.6,0,corps,65.75127723306902,0.9560
2311,3,84,28.00,2.7,0,corps,65.72040931207582,0.7963
2312,5,80,16.00,3.6,0,corps,65.68955682118526,1.2520
2313,6,98,16.33,4.0,0,corps,65.65871975268422,6.5530
2314,2,79,39.50,2.2,0,corps,65.62789809886345,0.6889
2315,3,27,9.00,2.7,0,corps,65.59709185201754,1.6947
2316,4,48,12.00,3.1,0,corps,65.56630100444491,1.6683
2317,3,52,17.33,2.7,0,corps,65.53552554844782,1.7248
2318,5,72,14.40,3.6,0,corps,65.50476547633247,1.5118
2319,2,63,31.50,2.2,0,corps,65.47402078040881,1.0274
2320,6,76,12.67,4.0,0,corps,65.44329145299065,1.9899
2321,4,140,35.00,3.1,0,corps,65.41257748639566,0.9067
2322,3,44,14.67,2.7,0,corps,65.38187887294539,1.5250
2323,2,71,35.50,2.2,0,corps,65.35119560496514,1.0360
2324,2,41,20.50,2.2,0,corps,65.32052767478412,0.9527
2325,9,158,17.56,5.3,0,corps,65.28987507473532,1.5546
2326,3,69,23.00,2.7,0,corps,65.25923779715565,1.0627
2327,2,73,36.50,2.2,0,corps,65.22861583438572,1.0177
2328,3,42,14.00,2.7,0,corps,65.19800917877006,1.5500
2329,4,50,12.50,3.1,0,corps,65.16741782265703,1.2179
2330,3,42,14.00,2.7,0,corps,65.13684175839877,1.6743
2331,4,152,38.00,3.1,0,corps,65.10628097835126,1.2206
2332,10,135,13.50,5.8,0,corps,65.07573547487434,6.3327
2333,2,10,5.00,2.2,0,corps,65.04520524033155,2.6262
2334,10,183,18.30,5.8,0,corps,65.01469026709043,1.5820
2335,8,79,9.88,4.9,0,corps,64.9841905475222,1.7102
2336,3,42,14.00,2.7,0,corps,64.95370607400191,1.4912
2337,4,67,16.75,3.1,0,corps,64.92323683890847,1.3786
2338,8,129,16.12,4.9,0,corps,64.89278283462451,1.7385
2339,5,79,15.80,3.6,0,corps,64.86234405353663,1.3385
2340,4,86,21.50,3.1,0,corps,64.83192048803507,1.4104
2341,3,71,23.67,2.7,0,corps,64.80151213051393,0.9946
2342,3,42,14.00,2.7,0,corps,64.77111897337114,1.3261
2343,3,93,31.00,2.7,0,corps,64.74074100900843,1.0573
2344,4,97,24.25,3.1,0,corps,64.71037822983128,1.2013
2345,7,99,14.14,4.4,0,corps,64.680030628249,1.5003
2346,4,52,13.00,3.1,0,corps,64.64969819667469,1.6143
2347,2,20,10.00,2.2,0,corps,64.61938092752526,2.7867
2348,3,69,23.00,2.7,0,corps,64.58907881322136,1.2680
2349,3,54,18.00,2.7,0,corps,64.55879184618748,1.5937
2350,2,25,12.50,2.2,0,corps,64.52852001885189,1.7507
2351,4,85,21.25,3.1,0,corps,64.49826332364663,0.8593
2352,5,95,19.00,3.6,0,corps,64.46802175300749,1.3829
2353,3,82,27.33,2.7,0,corps,64.4377952993741,0.7891
2354,5,75,15.00,3.6,0,corps,64.40758395518986,1.3453
2355,4,50,12.50,3.1,0,corps,64.37738771290194,1.4847
2356,12,253,21.08,6.7,0,corps,64.34720656496124,1.1212
2357,2,43,21.50,2.2,0,corps,64.31704050382251,1.8388
2358,7,178,25.43,4.4,0,corps,64.28688952194422,1.0314
2359,2,38,19.00,2.2,0,corps,64.25675361178861,1.0334
2360,2,58,29.00,2.2,0,corps,64.22663276582172,0.9560
2361,3,36,12.00,2.7,0,corps,64.19652697651334,1.1378
2362,4,74,18.50,3.1,0,corps,64.16643623633702,0.9977
2363,4,39,9.75,3.1,0,corps,64.13636053777007,2.0538
2364,5,57,11.40,3.6,0,corps,64.10629987329357,2.2155
2365,4,89,22.25,3.1,0,corps,64.07625423539234,1.3455
2366,5,124,24.80,3.6,0,corps,64.046223616555,1.0221
2367,2,56,28.00,2.2,0,corps,64.01620800927387,1.1675
2368,2,68,34.00,2.2,0,corps,63.98620740604506,0.8666
2369,7,111,15.86,4.4,0,corps,63.956221799368386,6.6673
2370,4,81,20.25,3.1,0,corps,63.9262511817475,1.1700
2371,9,225,25.00,5.3,0,corps,63.89629554568972,0.9413
2372,3,58,19.33,2.7,0,corps,63.866354883706144,0.9253
2373,3,76,25.33,2.7,0,corps,63.836429188311584,1.1193
2374,2,75,37.50,2.2,0,corps,63.80651845202464,1.1197
2375,8,130,16.25,4.9,0,corps,63.77662266736762,1.2751
2376,2,64,32.00,2.2,0,corps,63.74674182686658,1.1491
2377,3,61,20.33,2.7,0,corps,63.716875923051305,0.9695
2378,4,81,20.25,3.1,0,corps,63.68702494845532,1.5168
2379,9,148,16.44,5.3,0,corps,63.6571888956159,5.5305
2380,4,167,41.75,3.1,0,corps,63.627367757074005,0.7545
2381,4,108,27.00,3.1,0,corps,63.59756152537436,0.9284
2382,4,81,20.25,3.1,0,corps,63.567770193065385,0.9701
2383,5,109,21.80,3.6,0,corps,63.53799375269929,1.2909
2384,2,26,13.00,2.2,0,corps,63.50823219683195,1.4017
2385,2,30,15.00,2.2,0,corps,63.47848551802295,1.1198
2386,5,69,13.80,3.6,0,corps,63.44875370883564,1.1230
2387,9,113,12.56,5.3,0,corps,63.41903676183708,1.6964
2388,4,81,20.25,3.1,0,corps,63.38933466959802,1.1844
2389,4,78,19.50,3.1,0,corps,63.35964742469293,0.9908
2390,5,67,13.40,3.6,0,corps,63.3299750197,1.3203
2391,3,44,14.67,2.7,0,corps,63.30031744720115,1.3720
2392,3,103,34.33,2.7,0,corps,63.27067469978196,0.8933
2393,9,222,24.67,5.3,0,corps,63.24104677003176,1.0765
2394,8,111,13.88,4.9,0,corps,63.21143365054355,1.4454
2395,2,35,17.50,2.2,0,corps,63.18183533391406,1.1975
2396,2,37,18.50,2.2,0,corps,63.15225181274372,1.9288
2397,4,60,15.00,3.1,0,corps,63.12268307963665,1.0765
2398,5,84,16.80,3.6,0,corps,63.09312912720063,1.6041
2399,4,127,31.75,3.1,0,corps,63.06358994804724,0.7523
2400,6,125,20.83,4.0,0,corps,63.034065534791615,1.3009
2401,9,130,14.44,5.3,0,corps,63.00455588005269,2.3568
2402,6,128,21.33,4.0,0,corps,62.97506097645304,1.0782
2403,6,148,24.67,4.0,0,corps,62.94558081661894,1.3538
2404,2,53,26.50,2.2,0,corps,62.91611539318036,0.7329
2405,14,259,18.50,7.6,0,corps,62.88666469877092,1.5077
2406,3,40,13.33,2.7,0,corps,62.85722872602797,1.4529
2407,5,119,23.80,3.6,0,corps,62.827807467592514,1.2307
2408,2,45,22.50,2.2,0,corps,62.79840091610922,0.9762
2409,4,59,14.75,3.1,0,corps,62.769009064226466,1.4873
2410,4,33,8.25,3.1,0,corps,62.73963190459628,1.6235
2411,5,66,13.20,3.6,0,corps,62.71026942987439,1.7306
2412,2,24,12.00,2.2,0,corps,62.68092163272016,1.3488
2413,2,38,19.00,2.2,0,corps,62.65158850579663,1.5048
2414,4,76,19.00,3.1,0,corps,62.622270041770534,1.2067
2415,3,47,15.67,2.7,0,corps,62.59296623331226,1.1030
2416,15,272,18.13,8.0,0,corps,62.563677073095846,1.2114
2417,2,57,28.50,2.2,0,corps,62.53440255379902,1.0140
2418,4,68,17.00,3.1,0,corps,62.50514266810311,1.2160
2419,8,99,12.38,4.9,0,corps,62.47589740869319,1.6021
2420,7,138,19.71,4.4,0,corps,62.44666676825793,1.5420
2421,4,78,19.50,3.1,0,corps,62.41745073948967,1.0750
2422,9,165,18.33,5.3,0,corps,62.38824931508438,1.5223
2423,4,68,17.00,3.1,0,corps,62.359062487741724,1.6420
2424,5,76,15.20,3.6,0,corps,62.32989025016501,2.1804
2425,4,84,21.00,3.1,0,corps,62.300732595061156,1.1237
2426,3,77,25.67,2.7,0,corps,62.27158951514075,1.0258
2427,3,49,16.33,2.7,0,corps,62.24246100311803,1.4229
2428,8,83,10.38,4.9,0,corps,62.21334705171087,1.7641
2429,11,277,25.18,6.2,0,corps,62.18424765364077,0.9742
2430,3,92,30.67,2.7,0,corps,62.15516280163287,0.8798
2431,6,94,15.67,4.0,0,corps,62.126092488416006,1.1767
2432,3,39,13.00,2.7,0,corps,62.09703670672254,1.3853
2433,2,76,38.00,2.2,0,corps,62.067995449288574,0.7224
2434,2,45,22.50,2.2,0,corps,62.038968708853744,0.8978
2435,8,180,22.50,4.9,0,corps,62.00995647816142,0.9205
2436,2,73,36.50,2.2,0,corps,61.98095874995852,0.4619
2437,13,186,14.31,7.1,0,corps,61.951975516995596,3.5238
2438,3,43,14.33,2.7,0,corps,61.923006772026845,1.4955
2439,4,50,12.50,3.1,0,corps,61.894052507810095,1.6860
2440,13,177,13.62,7.1,0,corps,61.86511271710678,1.5709
2441,3,46,15.33,2.7,0,corps,61.83618739268195,0.9403
2442,9,154,17.11,5.3,0,corps,61.80727652730425,1.2314
2443,2,64,32.00,2.2,0,corps,61.778380113746,0.7684
2444,8,107,13.38,4.9,0,corps,61.74949814478309,1.4088
2445,8,102,12.75,4.9,0,corps,61.720630613195006,1.5695
2446,3,35,11.67,2.7,0,corps,61.691777511764855,1.3055
2447,8,167,20.88,4.9,0,corps,61.66293883327941,4.1140
2448,14,363,25.93,7.6,0,corps,61.634114570528965,0.9587
2449,4,84,21.00,3.1,0,corps,61.605304716307465,1.1169
2450,7,110,15.71,4.4,0,corps,61.576509263412426,1.1357
2451,13,329,25.31,7.1,0,corps,61.547728204645026,0.9302
2452,4,151,37.75,3.1,0,corps,61.51896153280997,1.1160
2453,3,39,13.00,2.7,0,corps,61.490209240715586,1.8134
2454,14,261,18.64,7.6,0,corps,61.461471321173825,1.0285
2455,3,55,18.33,2.7,0,corps,61.43274776700019,0.9033
2456,3,119,39.67,2.7,0,corps,61.4040385710138,0.7452
2457,4,81,20.25,3.1,0,corps,61.37534372603734,0.8823
2458,3,104,34.67,2.7,0,corps,61.346663224897114,0.5954
2459,5,86,17.20,3.6,0,corps,61.317997060423004,1.0953
2460,6,173,28.83,4.0,0,corps,61.28934522544844,0.8182
2461,3,29,9.67,2.7,0,corps,61.2607077128105,1.7840
2462,8,309,38.62,4.9,0,corps,61.23208451534976,1.0630
2463,9,170,18.89,5.3,0,corps,61.20347562591048,1.4304
2464,4,80,20.00,3.1,0,corps,61.17488103734038,1.9966
2465,2,28,14.00,2.2,0,corps,61.14630074249086,1.3517
2466,7,140,20.00,4.4,0,corps,61.117734734216796,1.5610
2467,2,46,23.00,2.2,0,corps,61.089183005376725,1.7510
2468,2,21,10.50,2.2,0,corps,61.0606455488327,2.3137
2469,3,61,20.33,2.7,0,corps,61.03212235745037,2.2709
2470,7,174,24.86,4.4,0,corps,61.0036134240989,1.3543
2471,11,204,18.55,6.2,0,corps,60.975118741651116,1.7907
2472,2,103,51.50,2.2,0,corps,60.9466383029833,0.7784
2473,5,134,26.80,3.6,0,corps,60.918172100975355,1.0272
2474,6,68,11.33,4.0,0,corps,60.889720128510724,1.8206
2475,5,90,18.00,3.6,0,corps,60.86128237847643,1.8674
2476,9,223,24.78,5.3,0,corps,60.832858843763034,1.3047
2477,4,116,29.00,3.1,0,corps,60.80444951726464,1.0012
2478,4,95,23.75,3.1,0,corps,60.77605439187891,0.8698
2479,4,51,12.75,3.1,0,corps,60.74767346050709,1.6205
2480,5,152,30.40,3.6,0,corps,60.71930671605392,1.1327
2481,3,40,13.33,2.7,0,corps,60.69095415142773,1.0596
2482,5,53,10.60,3.6,0,corps,60.66261575954037,1.5399
2483,10,225,22.50,5.8,0,corps,60.63429153330725,1.3326
2484,2,69,34.50,2.2,0,corps,60.605981465647304,0.8558
2485,3,70,23.33,2.7,0,corps,60.57768554948303,0.9162
2486,9,250,27.78,5.3,0,corps,60.549403777740416,1.0224
2487,5,93,18.60,3.6,0,corps,60.521136143349054,1.2319
2488,2,43,21.50,2.2,0,corps,60.492882639242026,1.2398
2489,2,64,32.00,2.2,0,corps,60.46464325835594,0.7664
2490,3,55,18.33,2.7,0,corps,60.43641799363096,1.0608
2491,3,32,10.67,2.7,0,corps,60.40820683801079,1.3249
2492,3,48,16.00,2.7,0,corps,60.38000978444261,1.5347
2493,3,57,19.00,2.7,0,corps,60.35182682587718,0.7311
2494,3,63,21.00,2.7,0,corps,60.32365795526875,0.8433
2495,6,92,15.33,4.0,0,corps,60.295503165575106,1.5235
2496,7,111,15.86,4.4,0,corps,60.267362449757535,1.4469
2497,4,65,16.25,3.1,0,corps,60.23923580078087,1.1967
2498,4,71,17.75,3.1,0,corps,60.21112321161344,1.1128
2499,3,42,14.00,2.7,0,corps,60.183024675227124,1.2984
2500,3,87,29.00,2.7,0,corps,60.15494018459726,0.7102
2501,3,94,31.33,2.7,0,corps,60.12686973270274,1.2423
2502,3,40,13.33,2.7,0,corps,60.09881331252595,1.6842
2503,8,131,16.38,4.9,0,corps,60.07077091705276,2.5163
2504,7,83,11.86,4.4,0,corps,60.04274253927261,1.6814
2505,2,87,43.50,2.2,0,corps,60.01472817217838,0.6383
2506,10,165,16.50,5.8,0,corps,59.98672780876648,4.7680
2507,7,141,20.14,4.4,0,corps,59.958741442036825,1.3906
2508,13,256,19.69,7.1,0,corps,59.93076906499283,1.3231
2509,4,43,10.75,3.1,0,corps,59.90281067064138,2.5214
2510,2,46,23.00,2.2,0,corps,59.874866251992906,1.2745
2511,3,53,17.67,2.7,0,corps,59.846935802061275,1.2297
2512,2,12,6.00,2.2,0,corps,59.81901931386388,2.4210
2513,3,70,23.33,2.7,0,corps,59.791116780421625,0.7736
2514,2,58,29.00,2.2,0,corps,59.76322819475883,0.9730
2515,7,98,14.00,4.4,0,corps,59.73535354990338,1.6791
2516,5,91,18.20,3.6,0,corps,59.70749283888662,1.3999
2517,4,51,12.75,3.1,0,corps,59.679646054743365,1.5166
2518,2,77,38.50,2.2,0,corps,59.6518131905119,0.9956
2519,2,54,27.00,2.2,0,corps,59.623994239234015,0.8967
2520,2,32,16.00,2.2,0,corps,59.596189193955,0.9823
2521,3,35,11.67,2.7,0,corps,59.56839804772356,1.3701
2522,5,107,21.40,3.6,0,corps,59.54062079359193,1.0344
2523,5,78,15.60,3.6,0,corps,59.512857424615774,1.5481
2524,5,119,23.80,3.6,0,corps,59.48510793385427,1.1522
2525,5,87,17.40,3.6,0,corps,59.45737231437005,1.3025
2526,2,10,5.00,2.2,0,corps,59.429650559229174,3.9682
2527,2,13,6.50,2.2,0,corps,59.40194266150124,2.2933
2528,8,168,21.00,4.9,0,corps,59.37424861425926,1.4274
2529,3,55,18.33,2.7,0,corps,59.34656841057973,1.0104
2530,2,19,9.50,2.2,0,corps,59.31890204354258,1.3587
2531,4,90,22.50,3.1,0,corps,59.291249506231225,1.0212
2532,4,70,17.50,3.1,0,corps,59.26361079173253,1.1244
2533,6,60,10.00,4.0,0,corps,59.23598589313684,1.6599
2534,2,44,22.00,2.2,0,corps,59.20837480353791,0.8488
2535,15,277,18.47,8.0,0,corps,59.180777516032954,1.0994
2536,4,50,12.50,3.1,0,corps,59.15319402372267,2.3074
2537,7,141,20.14,4.4,0,corps,59.12562431971118,0.9743
2538,5,84,16.80,3.6,0,corps,59.09806839710606,0.9280
2539,2,46,23.00,2.2,0,corps,59.070526249018315,0.9283
2540,8,181,22.62,4.9,0,corps,59.04299786856244,0.8450
2541,9,176,19.56,5.3,0,corps,59.015483248856306,1.0956
2542,2,110,55.00,2.2,0,corps,58.987982383021276,0.7160
2543,7,166,23.71,4.4,0,corps,58.960495264182114,0.9569
2544,5,104,20.80,3.6,0,corps,58.93302188546707,0.9455
2545,7,142,20.29,4.4,0,corps,58.90556224000778,1.1698
2546,4,66,16.50,3.1,0,corps,58.878116320939334,0.9325
2547,6,97,16.17,4.0,0,corps,58.85068412140024,1.3990
2548,6,108,18.00,4.0,0,corps,58.82326563453248,6.6744
2549,2,41,20.50,2.2,0,corps,58.79586085348141,0.9682
2550,2,84,42.00,2.2,0,corps,58.768469771395836,0.9011
2551,4,65,16.25,3.1,0,corps,58.741092381428,1.2676
2552,2,67,33.50,2.2,0,corps,58.71372867673353,0.8281
2553,4,60,15.00,3.1,0,corps,58.686378650471525,1.2689
2554,9,209,23.22,5.3,0,corps,58.65904229580446,1.0063
2555,3,140,46.67,2.7,0,corps,58.631719605898255,0.7332
2556,4,85,21.25,3.1,0,corps,58.60441057392224,1.4217
2557,16,226,14.12,8.4,0,corps,58.57711519304915,1.3673
2558,3,63,21.00,2.7,0,corps,58.54983345645515,0.8460
2559,13,188,14.46,7.1,0,corps,58.52256535731979,1.3473
2560,2,21,10.50,2.2,0,corps,58.495310888826054,1.7021
2561,10,131,13.10,5.8,0,corps,58.46807004416033,1.5451
2562,5,35,7.00,3.6,0,corps,58.440842816512394,2.2561
2563,13,276,21.23,7.1,0,corps,58.413629199075444,1.3432
2564,12,175,14.58,6.7,0,corps,58.386429185046076,1.5738
2565,8,180,22.50,4.9,0,corps,58.359242767624295,1.0442
2566,12,176,14.67,6.7,0,corps,58.3320699400135,1.4139
2567,2,22,11.00,2.2,0,corps,58.30491069542044,2.7849
2568,3,51,17.00,2.7,0,corps,58.27776502705535,1.1380
2569,4,49,12.25,3.1,0,corps,58.25063292813182,1.4352
2570,2,47,23.50,2.2,0,corps,58.22351439186679,1.3567
2571,4,80,20.00,3.1,0,corps,58.19640941148063,1.1857
2572,11,135,12.27,6.2,0,corps,58.16931798019712,5.0075
2573,3,61,20.33,2.7,0,corps,58.142240091243394,1.2624
2574,6,142,23.67,4.0,0,corps,58.11517573784995,1.2824
2575,12,192,16.00,6.7,0,corps,58.088124913250724,1.3796
2576,5,52,10.40,3.6,0,corps,58.061087610683025,1.9634
2577,5,119,23.80,3.6,0,corps,58.034063823387505,0.8339
2578,3,56,18.67,2.7,0,corps,58.007053544608226,1.1599
2579,22,456,20.73,11.1,0,corps,57.9800567675926,1.4421
2580,2,44,22.00,2.2,0,corps,57.95307348559145,0.9871
2581,9,184,20.44,5.3,0,corps,57.92610369185896,1.1305
2582,4,99,24.75,3.1,0,corps,57.89914737965268,1.0210
2583,3,68,22.67,2.7,0,corps,57.87220454223352,0.7628
2584,4,49,12.25,3.1,0,corps,57.84527517286576,1.3375
2585,4,50,12.50,3.1,0,corps,57.81835926481711,1.2639
2586,2,34,17.00,2.2,0,corps,57.79145681135852,1.1909
2587,6,79,13.17,4.0,0,corps,57.76456780576442,1.3175
2588,6,58,9.67,4.0,0,corps,57.737692241312565,1.4754
2589,3,52,17.33,2.7,0,corps,57.710830111284054,1.2583
2590,4,60,15.00,3.1,0,corps,57.683981408963334,1.2363
2591,2,24,12.00,2.2,0,corps,57.65714612763825,1.1751
2592,2,44,22.00,2.2,0,corps,57.63032426059998,1.0615
2593,7,117,16.71,4.4,0,corps,57.603515801143054,1.5474
2594,4,37,9.25,3.1,0,corps,57.57672074256537,3.4064
2595,8,166,20.75,4.9,0,corps,57.54993907816811,0.9991
2596,4,66,16.50,3.1,0,corps,57.523170801255944,1.1442
2597,11,161,14.64,6.2,0,corps,57.496415905136736,1.4323
2598,2,38,19.00,2.2,0,corps,57.46967438312179,1.3572
2599,6,94,15.67,4.0,0,corps,57.44294622852571,1.2018
2600,6,122,20.33,4.0,0,corps,57.41623143466648,6.2468
2601,2,57,28.50,2.2,0,corps,57.38952999486536,1.3834
2602,2,40,20.00,2.2,0,corps,57.362841902447045,1.2918
2603,7,92,13.14,4.4,0,corps,57.33616715073947,1.9455
2604,4,36,9.00,3.1,0,corps,57.30950573307396,2.8430
2605,11,199,18.09,6.2,0,corps,57.28285764278517,1.2683
2606,6,119,19.83,4.0,0,corps,57.25622287321107,0.9731
2607,11,247,22.45,6.2,0,corps,57.22960141769294,3.8953
2608,9,184,20.44,5.3,0,corps,57.202993269575465,1.2386
2609,5,59,11.80,3.6,0,corps,57.176398422206574,1.7106
2610,9,186,20.67,5.3,0,corps,57.149816868937585,1.5305
2611,2,66,33.00,2.2,0,corps,57.12324860312306,1.2457
2612,6,107,17.83,4.0,0,corps,57.09669361812099,1.3569
2613,6,107,17.83,4.0,0,corps,57.070151907292576,1.5377
2614,4,56,14.00,3.1,0,corps,57.043623464002444,1.5589
2615,4,51,12.75,3.1,0,corps,57.01710828161842,1.9578
2616,5,57,11.40,3.6,0,corps,56.990606353511765,1.4023
2617,11,119,10.82,6.2,0,corps,56.96411767305698,1.8157
2618,3,42,14.00,2.7,0,corps,56.93764223363188,1.4734
2619,3,59,19.67,2.7,0,corps,56.9111800286176,1.0711
2620,15,292,19.47,8.0,0,corps,56.88473105139862,1.3996
2621,4,54,13.50,3.1,0,corps,56.85829529536268,1.4131
2622,4,113,28.25,3.1,0,corps,56.83187275390084,0.9122
2623,7,112,16.00,4.4,0,corps,56.80546342040744,1.4895
2624,9,120,13.33,5.3,0,corps,56.779067288280196,5.2510
2625,13,240,18.46,7.1,0,corps,56.752684350920035,1.3716
2626,9,141,15.67,5.3,0,corps,56.726314601731254,1.4030
2627,9,127,14.11,5.3,0,corps,56.69995803412139,1.1959
2628,8,142,17.75,4.9,0,corps,56.67361464150129,1.4862
2629,8,128,16.00,4.9,0,corps,56.64728441728515,1.2307
2630,12,160,13.33,6.7,0,corps,56.620967354890375,1.2256
2631,6,163,27.17,4.0,0,corps,56.594663447737716,1.0317
2632,5,69,13.80,3.6,0,corps,56.56837268925119,1.1447
2633,11,141,12.82,6.2,0,corps,56.542095072858125,1.5278
2634,8,137,17.12,4.9,0,corps,56.51583059198908,1.4859
2635,6,95,15.83,4.0,0,corps,56.48957924007797,1.3233
2636,4,70,17.50,3.1,0,corps,56.46334101056194,1.2902
2637,6,95,15.83,4.0,0,corps,56.43711589688144,1.3878
2638,2,20,10.00,2.2,0,corps,56.41090389248018,2.1109
2639,11,158,14.36,6.2,0,corps,56.384704990805176,1.5462
2640,6,81,13.50,4.0,0,corps,56.35851918530667,1.7078
2641,13,253,19.46,7.1,0,corps,56.33234646943826,1.3667
2642,4,47,11.75,3.1,0,corps,56.306186836656735,2.1713
2643,4,101,25.25,3.1,0,corps,56.280040280422185,1.0625
2644,5,152,30.40,3.6,0,corps,56.25390679419796,0.8201
2645,2,55,27.50,2.2,0,corps,56.227786371450726,1.7610
2646,3,32,10.67,2.7,0,corps,56.20167900565036,2.3077
2647,6,70,11.67,4.0,0,corps,56.17558469027002,1.8529
2648,2,12,6.00,2.2,0,corps,56.149503418786104,2.7546
2649,5,96,19.20,3.6,0,corps,56.12343518467833,1.6071
2650,15,349,23.27,8.0,0,corps,56.09737998142962,1.2697
2651,17,328,19.29,8.9,0,corps,56.07133780252618,1.6052
2652,8,138,17.25,4.9,0,corps,56.045308641457446,1.4219
2653,4,91,22.75,3.1,0,corps,56.019292491716165,1.2146
2654,5,80,16.00,3.6,0,corps,55.99328934679826,1.3819
2655,3,28,9.33,2.7,0,corps,55.96729920020298,1.9290
2656,11,201,18.27,6.2,0,corps,55.94132204543275,1.8753
2657,7,89,12.71,4.4,0,corps,55.91535787599332,1.5361
2658,4,102,25.50,3.1,0,corps,55.88940668539363,1.1257
2659,4,95,23.75,3.1,0,corps,55.86346846714587,1.3754
2660,6,76,12.67,4.0,0,corps,55.837543214765496,2.0120
2661,12,145,12.08,6.7,0,corps,55.811630921771204,1.7418
2662,5,89,17.80,3.6,0,corps,55.785731581684914,1.4760
2663,5,73,14.60,3.6,0,corps,55.75984518803179,1.2040
2664,2,60,30.00,2.2,0,corps,55.733971734340216,1.3729
2665,8,105,13.12,4.9,0,corps,55.708111214141866,1.6668
2666,3,110,36.67,2.7,0,corps,55.68226362097158,1.0148
2667,18,345,19.17,9.3,0,corps,55.65642894836746,1.0785
2668,3,114,38.00,2.7,0,corps,55.63060718987085,0.7882
2669,13,181,13.92,7.1,0,corps,55.60479833902631,1.4139
2670,3,66,22.00,2.7,0,corps,55.57900238938163,0.9217
2671,3,133,44.33,2.7,0,corps,55.553219334487814,0.9702
2672,3,27,9.00,2.7,0,corps,55.52744916789909,2.2476
2673,7,103,14.71,4.4,0,corps,55.50169188317293,1.6945
2674,2,26,13.00,2.2,0,corps,55.475947473870015,1.5697
2675,6,120,20.00,4.0,0,corps,55.45021593355423,1.0167
2676,10,151,15.10,5.8,0,corps,55.424497255792694,5.3444
2677,3,47,15.67,2.7,0,corps,55.39879143415575,1.2362
2678,5,126,25.20,3.6,0,corps,55.37309846221693,1.1724
2679,5,61,12.20,3.6,0,corps,55.34741833355299,1.9529
2680,2,31,15.50,2.2,0,corps,55.321751041743894,0.7920
2681,6,104,17.33,4.0,0,corps,55.29609658037285,1.2716
2682,3,54,18.00,2.7,0,corps,55.270454943026195,1.6092
2683,4,68,17.00,3.1,0,corps,55.24482612329354,1.2657
2684,5,115,23.00,3.6,0,corps,55.219210114767684,1.0441
2685,3,53,17.67,2.7,0,corps,55.19360691104463,1.2186
2686,2,51,25.50,2.2,0,corps,55.168016505723585,0.6196
2687,3,45,15.00,2.7,0,corps,55.14243889240692,1.0071
2688,10,245,24.50,5.8,0,corps,55.11687406470024,1.1063
2689,11,167,15.18,6.2,0,corps,55.09132201621234,4.9250
2690,3,58,19.33,2.7,0,corps,55.06578274055522,0.9501
2691,6,73,12.17,4.0,0,corps,55.04025623134405,1.8891
2692,14,230,16.43,7.6,0,corps,55.0147424821972,1.1551
2693,8,208,26.00,4.9,0,corps,54.989241486736226,1.0955
2694,5,84,16.80,3.6,0,corps,54.96375323858591,1.0675
2695,7,149,21.29,4.4,0,corps,54.938277731374164,0.9292
2696,2,15,7.50,2.2,0,corps,54.912814958732106,1.6854
2697,5,72,14.40,3.6,0,corps,54.88736491429407,1.2555
2698,6,114,19.00,4.0,0,corps,54.861927591697516,0.9280
2699,11,371,33.73,6.2,0,corps,54.83650298458313,0.8130
2700,4,168,42.00,3.1,0,corps,54.81109108659474,0.8352
2701,12,207,17.25,6.7,0,corps,54.78569189137939,0.9405
2702,8,150,18.75,4.9,0,corps,54.760305392587284,5.0561
2703,5,87,17.40,3.6,0,corps,54.734931583871806,1.2834
2704,4,65,16.25,3.1,0,corps,54.70957045888946,1.0715
2705,2,95,47.50,2.2,0,corps,54.6842220113,0.7522
2706,2,16,8.00,2.2,0,corps,54.658886234766314,1.9006
2707,4,90,22.50,3.1,0,corps,54.633563122954456,0.9332
2708,2,26,13.00,2.2,0,corps,54.60825266953363,1.1984
2709,2,70,35.00,2.2,0,corps,54.582954868176245,0.6940
2710,11,119,10.82,6.2,0,corps,54.55766971255783,1.6218
2711,6,117,19.50,4.0,0,corps,54.53239719635712,0.9125
2712,3,55,18.33,2.7,0,corps,54.507137313255946,1.2042
2713,7,137,19.57,4.4,0,corps,54.481890056939385,1.1345
2714,5,62,12.40,3.6,0,corps,54.45665542109561,1.4065
2715,3,56,18.67,2.7,0,corps,54.43143339941594,0.8429
2716,7,158,22.57,4.4,0,corps,54.406223985594885,0.9464
2717,5,92,18.40,3.6,0,corps,54.38102717333009,0.9580
2718,2,52,26.00,2.2,0,corps,54.355842956322356,0.9856
2719,9,208,23.11,5.3,0,corps,54.330671328275606,0.9710
2720,3,23,7.67,2.7,0,corps,54.30551228289695,1.4387
2721,2,30,15.00,2.2,0,corps,54.28036581389664,1.2991
2722,11,163,14.82,6.2,0,corps,54.255231914988045,5.8342
2723,2,58,29.00,2.2,0,corps,54.23011057988769,1.0334
2724,2,75,37.50,2.2,0,corps,54.20500180231523,1.0802
2725,4,126,31.50,3.1,0,corps,54.179905575993494,1.1555
2726,5,91,18.20,3.6,0,corps,54.15482189464842,1.0608
2727,12,288,24.00,6.7,0,corps,54.129750752009066,1.0985
2728,4,76,19.00,3.1,0,corps,54.104692141807654,1.2028
2729,9,129,14.33,5.3,0,corps,54.07964605777955,1.6414
2730,5,105,21.00,3.6,0,corps,54.05461249366322,1.1379
2731,5,62,12.40,3.6,0,corps,54.029591443200296,1.9085
2732,13,143,11.00,7.1,0,corps,54.00458290013545,2.0668
2733,5,92,18.40,3.6,0,corps,53.97958685821662,1.2971
2734,4,54,13.50,3.1,0,corps,53.954603311194774,1.2904
2735,18,219,12.17,9.3,0,corps,53.929632252824,1.7102
2736,3,44,14.67,2.7,0,corps,53.90467367686153,1.0547
2737,2,17,8.50,2.2,0,corps,53.87972757706776,2.1930
2738,4,47,11.75,3.1,0,corps,53.85479394720615,1.5339
2739,21,367,17.48,10.7,0,corps,53.829872781043285,1.6862
2740,6,125,20.83,4.0,0,corps,53.80496407234885,1.2767
2741,15,234,15.60,8.0,0,corps,53.78006781489573,1.2895
2742,3,47,15.67,2.7,0,corps,53.755184002459785,1.5804
2743,8,150,18.75,4.9,0,corps,53.73031262882013,1.1744
2744,3,40,13.33,2.7,0,corps,53.705453687758876,1.8154
2745,8,89,11.12,4.9,0,corps,53.680607173061304,1.7356
2746,2,55,27.50,2.2,0,corps,53.65577307851579,1.1006
2747,3,45,15.00,2.7,0,corps,53.6309513979138,1.3778
2748,5,101,20.20,3.6,0,corps,53.606142125049914,1.0652
2749,3,56,18.67,2.7,0,corps,53.58134525372182,1.1338
2750,6,171,28.50,4.0,0,corps,53.55656077773031,0.8546
2751,3,38,12.67,2.7,0,corps,53.531788690879246,1.3248
2752,2,16,8.00,2.2,0,corps,53.50702898697561,1.5981
2753,9,236,26.22,5.3,0,corps,53.482281659829475,0.9041
2754,4,94,23.50,3.1,0,corps,53.457546703254025,0.9866
2755,6,98,16.33,4.0,0,corps,53.43282411106549,1.0685
2756,2,48,24.00,2.2,0,corps,53.40811387708325,0.8682
2757,4,35,8.75,3.1,0,corps,53.383415995129724,2.0684
2758,3,60,20.00,2.7,0,corps,53.35873045903048,1.2131
2759,4,81,20.25,3.1,0,corps,53.33405726261409,1.3954
2760,3,127,42.33,2.7,0,corps,53.30939639971227,0.7540
2761,14,196,14.00,7.6,0,corps,53.28474786415981,1.5249
2762,2,63,31.50,2.2,0,corps,53.26011164979458,1.0782
2763,5,69,13.80,3.6,0,corps,53.23548775045752,1.9033
2764,13,196,15.08,7.1,0,corps,53.21087615999265,1.5037
2765,3,35,11.67,2.7,0,corps,53.18627687224707,1.4505
2766,8,156,19.50,4.9,0,corps,53.16168988107097,1.1785
2767,5,63,12.60,3.6,0,corps,53.13711518031759,1.6522
2768,3,35,11.67,2.7,0,corps,53.11255276384329,2.3475
2769,4,97,24.25,3.1,0,corps,53.08800262550739,1.2278
2770,6,118,19.67,4.0,0,corps,53.06346475917244,1.2170
2771,14,203,14.50,7.6,0,corps,53.03893915870391,1.4584
2772,2,30,15.00,2.2,0,corps,53.014425817970455,1.3791
2773,6,102,17.00,4.0,0,corps,52.989924730843676,1.5154
2774,9,135,15.00,5.3,0,corps,52.965435891198354,5.3544
2775,12,300,25.00,6.7,0,corps,52.94095929291226,1.1304
2776,2,39,19.50,2.2,0,corps,52.91649492986624,1.0119
2777,3,46,15.33,2.7,0,corps,52.89204279594419,1.4554
2778,3,19,6.33,2.7,0,corps,52.867602885033115,3.1670
2779,5,60,12.00,3.6,0,corps,52.843175191023015,1.6764
2780,8,164,20.50,4.9,0,corps,52.818759707806976,1.1030
2781,5,113,22.60,3.6,0,corps,52.79435642928109,1.2976
2782,2,58,29.00,2.2,0,corps,52.76996534934458,1.2965
2783,10,141,14.10,5.8,0,corps,52.74558646189968,1.4780
2784,9,127,14.11,5.3,0,corps,52.721219760851625,1.4176
2785,2,33,16.50,2.2,0,corps,52.69686524010876,0.9938
2786,5,73,14.60,3.6,0,corps,52.672522893582475,1.9077
2787,8,175,21.88,4.9,0,corps,52.64819271518716,1.2773
2788,6,55,9.17,4.0,0,corps,52.62387469884029,2.4615
2789,6,134,22.33,4.0,0,corps,52.59956883846232,1.3248
2790,3,69,23.00,2.7,0,corps,52.57527512797684,0.9408
2791,3,15,5.00,2.7,0,corps,52.55099356131038,2.6524
2792,13,164,12.62,7.1,0,corps,52.52672413239258,5.4636
2793,4,79,19.75,3.1,0,corps,52.502466835156035,1.9180
2794,12,189,15.75,6.7,0,corps,52.47822166353647,1.6482
2795,2,39,19.50,2.2,0,corps,52.45398861147258,1.2149
2796,5,66,13.20,3.6,0,corps,52.42976767290609,1.8017
2797,12,150,12.50,6.7,0,corps,52.40555884178176,1.7976
2798,14,292,20.86,7.6,0,corps,52.381362112047405,1.1490
2799,5,130,26.00,3.6,0,corps,52.35717747765383,1.1140
2800,9,159,17.67,5.3,0,corps,52.33300493255487,1.3162
2801,3,80,26.67,2.7,0,corps,52.30884447070739,0.8644
2802,5,79,15.80,3.6,0,corps,52.28469608607129,0.8488
2803,5,73,14.60,3.6,0,corps,52.26055977260946,1.0932
2804,4,81,20.25,3.1,0,corps,52.23643552428783,0.8382
2805,5,71,14.20,3.6,0,corps,52.21232333507532,1.3622
2806,7,111,15.86,4.4,0,corps,52.18822319894391,1.3426
2807,4,66,16.50,3.1,0,corps,52.16413510986854,0.8967
2808,12,162,13.50,6.7,0,corps,52.1400590618272,0.9781
2809,4,94,23.50,3.1,0,corps,52.11599504880087,0.6206
2810,3,50,16.67,2.7,0,corps,52.09194306477356,1.2648
2811,6,129,21.50,4.0,0,corps,52.06790310373227,0.6316
2812,5,100,20.00,3.6,0,corps,52.04387515966701,0.7670
2813,13,201,15.46,7.1,0,corps,52.01985922657077,0.9689
2814,14,214,15.29,7.6,0,corps,51.995855298439594,1.0506
2815,3,37,12.33,2.7,0,corps,51.97186336927251,1.3472
2816,5,118,23.60,3.6,0,corps,51.94788343307151,0.6520
2817,6,157,26.17,4.0,0,corps,51.92391548384161,0.8085
2818,8,117,14.62,4.9,0,corps,51.89995951559083,6.0474
2819,10,212,21.20,5.8,0,corps,51.876015522330185,1.2134
2820,9,165,18.33,5.3,0,corps,51.852083498073675,1.9962
2821,7,132,18.86,4.4,0,corps,51.82816343683827,1.3769
2822,9,124,13.78,5.3,0,corps,51.80425533264399,1.5920
2823,3,33,11.00,2.7,0,corps,51.78035917951379,1.5185
2824,3,65,21.67,2.7,0,corps,51.75647497147363,0.8258
2825,9,123,13.67,5.3,0,corps,51.732602702552455,1.6162
2826,7,91,13.00,4.4,0,corps,51.70874236678221,7.8823
2827,4,123,30.75,3.1,0,corps,51.68489395819781,1.0072
2828,4,85,21.25,3.1,0,corps,51.66105747083714,0.9213
2829,9,217,24.11,5.3,0,corps,51.63723289874109,0.8961
2830,5,98,19.60,3.6,0,corps,51.61342023595352,0.8890
2831,4,102,25.50,3.1,0,corps,51.58961947652125,1.0216
2832,7,144,20.57,4.4,0,corps,51.565830614494104,1.1954
2833,3,95,31.67,2.7,0,corps,51.542053643924845,0.5655
2834,2,58,29.00,2.2,0,corps,51.51828855886925,0.6835
2835,3,84,28.00,2.7,0,corps,51.49453535338605,0.8309
2836,4,47,11.75,3.1,0,corps,51.47079402153694,1.3789
2837,10,190,19.00,5.8,0,corps,51.447064557386554,0.8523
2838,13,273,21.00,7.1,0,corps,51.42334695500258,0.8737
2839,2,39,19.50,2.2,0,corps,51.399641208455584,0.9759
2840,4,82,20.50,3.1,0,corps,51.37594731181915,0.9090
2841,7,105,15.00,4.4,0,corps,51.35226525916977,1.4184
2842,8,133,16.62,4.9,0,corps,51.328595044586955,1.2426
2843,3,36,12.00,2.7,0,corps,51.30493666215315,1.4727
2844,3,24,8.00,2.7,0,corps,51.28129010595378,2.5680
2845,6,89,14.83,4.0,0,corps,51.257655370077146,1.6039
2846,5,89,17.80,3.6,0,corps,51.23403244861462,1.3871
2847,5,102,20.40,3.6,0,corps,51.21042133566045,1.2386
2848,5,88,17.60,3.6,0,corps,51.186822025311876,1.3873
2849,2,24,12.00,2.2,0,corps,51.16323451166902,2.1439
2850,6,74,12.33,4.0,0,corps,51.13965878883505,1.9543
2851,11,164,14.91,6.2,0,corps,51.11609485091604,1.3971
2852,8,160,20.00,4.9,0,corps,51.092542692020984,1.5733
2853,5,72,14.40,3.6,0,corps,51.06900230626182,1.8125
2854,3,48,16.00,2.7,0,corps,51.04547368775351,1.3420
2855,2,60,30.00,2.2,0,corps,51.021956830613846,0.9640
2856,6,123,20.50,4.0,0,corps,50.998451728963644,1.3294
2857,6,118,19.67,4.0,0,corps,50.97495837692661,1.4389
2858,5,76,15.20,3.6,0,corps,50.95147676862942,1.6257
2859,6,107,17.83,4.0,0,corps,50.92800689820167,1.3542
2860,12,159,13.25,6.7,0,corps,50.90454875977589,1.5729
2861,3,35,11.67,2.7,0,corps,50.88110234748754,1.4502
2862,4,51,12.75,3.1,0,corps,50.857667655475026,1.6246
2863,2,37,18.50,2.2,0,corps,50.83424467787966,1.5300
2864,10,158,15.80,5.8,0,corps,50.810833408845724,1.1711
2865,7,94,13.43,4.4,0,corps,50.78743384252036,1.5117
2866,2,41,20.50,2.2,0,corps,50.76404597305372,0.9618
2867,4,41,10.25,3.1,0,corps,50.7406697945988,1.3141
2868,4,72,18.00,3.1,0,corps,50.7173053013116,1.0238
2869,3,40,13.33,2.7,0,corps,50.693952487350934,1.9082
2870,8,120,15.00,4.9,0,corps,50.67061134687866,1.4216
2871,15,231,15.40,8.0,0,corps,50.64728187405946,1.3731
2872,5,72,14.40,3.6,0,corps,50.62396406306097,1.0832
2873,9,105,11.67,5.3,0,corps,50.600657908053726,1.6493
2874,10,110,11.00,5.8,0,corps,50.57736340321121,1.4498
2875,2,35,17.50,2.2,0,corps,50.55408054270979,1.0715
2876,4,66,16.50,3.1,0,corps,50.53080932072875,0.8587
2877,2,53,26.50,2.2,0,corps,50.50754973145028,0.8277
2878,3,35,11.67,2.7,0,corps,50.48430176905948,1.6372
2879,5,79,15.80,3.6,0,corps,50.46106542774438,0.9305
2880,6,86,14.33,4.0,0,corps,50.43784070169587,0.9779
2881,8,128,16.00,4.9,0,corps,50.41462758510777,1.3169
2882,8,100,12.50,4.9,0,corps,50.39142607217681,1.3022
2883,10,180,18.00,5.8,0,corps,50.36823615710262,1.2322
2884,8,191,23.88,4.9,0,corps,50.345057834087704,0.8920
2885,4,64,16.00,3.1,0,corps,50.32189109733749,1.3065
2886,13,217,16.69,7.1,0,corps,50.29873594106028,1.1594
2887,3,49,16.33,2.7,0,corps,50.27559235946731,1.1735
2888,11,181,16.45,6.2,0,corps,50.252460346772665,1.4974
2889,7,143,20.43,4.4,0,corps,50.229339897193356,1.3513
2890,7,119,17.00,4.4,0,corps,50.20623100494925,6.1917
2891,7,220,31.43,4.4,0,corps,50.183133664263146,0.9609
2892,6,84,14.00,4.0,0,corps,50.16004786936069,1.1086
2893,11,174,15.82,6.2,0,corps,50.13697361447045,1.3627
2894,6,99,16.50,4.0,0,corps,50.11391089382384,1.5419
2895,5,126,25.20,3.6,0,corps,50.09085970165521,1.2416
2896,6,126,21.00,4.0,0,corps,50.06782003220174,0.9586
2897,4,62,15.50,3.1,0,corps,50.044791879703524,1.0007
2898,3,21,7.00,2.7,0,corps,50.0217752384035,1.5418
2899,3,26,8.67,2.7,0,corps,49.99877010254753,1.6096
2900,9,144,16.00,5.3,0,corps,49.97577646638434,1.4910
2901,5,116,23.20,3.6,0,corps,49.9527943241655,0.9048
2902,9,168,18.67,5.3,0,corps,49.92982367014547,1.1451
2903,9,139,15.44,5.3,0,corps,49.90686449858161,1.3126
2904,2,31,15.50,2.2,0,corps,49.88391680373411,1.2271
2905,2,12,6.00,2.2,0,corps,49.86098057986605,1.3264
2906,16,276,17.25,8.4,0,corps,49.83805582124336,3.4789
2907,5,95,19.00,3.6,0,corps,49.81514252213488,0.9542
2908,11,161,14.64,6.2,0,corps,49.79224067681226,1.1865
2909,2,28,14.00,2.2,0,corps,49.76935027955006,1.1313
2910,4,70,17.50,3.1,0,corps,49.74647132462566,0.9814
2911,14,211,15.07,7.6,0,corps,49.723603806319325,1.2929
2912,9,217,24.11,5.3,0,corps,49.70074771891419,1.1123
2913,6,105,17.50,4.0,0,corps,49.67790305669622,1.2821
2914,2,30,15.00,2.2,0,corps,49.65506981395424,1.3700
2915,3,35,11.67,2.7,0,corps,49.63224798497997,1.1489
2916,6,57,9.50,4.0,0,corps,49.609437564067925,1.6750
2917,2,14,7.00,2.2,0,corps,49.58663854551551,2.0467
2918,2,67,33.50,2.2,0,corps,49.56385092362296,0.7793
2919,4,91,22.75,3.1,0,corps,49.54107469269339,1.1280
2920,4,40,10.00,3.1,0,corps,49.518309847032725,1.5578
2921,7,80,11.43,4.4,0,corps,49.495556380949765,1.7218
2922,6,128,21.33,4.0,0,corps,49.472814288756126,1.1633
2923,8,132,16.50,4.9,0,corps,49.4500835647663,1.2454
2924,4,66,16.50,3.1,0,corps,49.42736420329761,1.2419
2925,5,82,16.40,3.6,0,corps,49.4046561986702,1.3128
2926,23,362,15.74,11.6,0,corps,49.381959545207074,1.2435
2927,6,56,9.33,4.0,0,corps,49.359274237234075,1.9325
2928,4,79,19.75,3.1,0,corps,49.33660026907988,1.3443
2929,9,170,18.89,5.3,0,corps,49.31393763507598,1.2013
2930,4,84,21.00,3.1,0,corps,49.29128632955672,1.2147
2931,2,37,18.50,2.2,0,corps,49.26864634685928,1.2899
2932,3,55,18.33,2.7,0,corps,49.246017681323664,1.0565
2933,6,79,13.17,4.0,0,corps,49.2234003272927,1.4587
2934,5,119,23.80,3.6,0,corps,49.20079427911206,1.2136
2935,2,28,14.00,2.2,0,corps,49.17819953113023,1.0817
2936,2,53,26.50,2.2,0,corps,49.15561607769851,0.7531
2937,6,87,14.50,4.0,0,corps,49.13304391317105,1.2446
2938,2,46,23.00,2.2,0,corps,49.11048303190479,1.8542
2939,9,128,14.22,5.3,0,corps,49.08793342825953,1.1619
2940,6,81,13.50,4.0,0,corps,49.06539509659787,1.6020
2941,2,30,15.00,2.2,0,corps,49.04286803128522,1.3708
2942,7,124,17.71,4.4,0,corps,49.020352226689795,1.2987
2943,17,230,13.53,8.9,0,corps,48.997847677182676,1.5004
2944,14,214,15.29,7.6,0,corps,48.975354377137705,1.3795
2945,9,125,13.89,5.3,0,corps,48.95287232093157,1.3247
2946,4,31,7.75,3.1,0,corps,48.93040150294373,1.7544
2947,3,70,23.33,2.7,0,corps,48.90794191755652,1.1512
2948,3,48,16.00,2.7,0,corps,48.885493559155016,1.2737
2949,4,69,17.25,3.1,0,corps,48.86305642212714,1.4612
2950,7,99,14.14,4.4,0,corps,48.84063050086359,1.6837
2951,4,120,30.00,3.1,0,corps,48.818215789757915,1.0436
2952,10,167,16.70,5.8,0,corps,48.795812283206416,1.3297
2953,4,75,18.75,3.1,0,corps,48.77341997560822,1.4240
2954,4,105,26.25,3.1,0,corps,48.751038861365245,1.1183
2955,6,123,20.50,4.0,0,corps,48.72866893488222,1.0125
2956,2,122,61.00,2.2,0,corps,48.70631019056667,0.8236
2957,2,26,13.00,2.2,0,corps,48.68396262282889,1.8572
2958,10,174,17.40,5.8,0,corps,48.66162622608201,1.2643
2959,8,153,19.12,4.9,0,corps,48.63930099474191,1.1012
2960,7,180,25.71,4.4,0,corps,48.616986923227294,1.2065
2961,13,154,11.85,7.1,0,corps,48.59468400595964,1.7920
2962,5,95,19.00,3.6,0,corps,48.57239223736322,0.9925
2963,4,113,28.25,3.1,0,corps,48.55011161186509,1.0426
2964,8,124,15.50,4.9,0,corps,48.5278421238951,1.3197
2965,10,172,17.20,5.8,0,corps,48.50558376788588,1.4600
2966,3,162,54.00,2.7,0,corps,48.483336538272816,0.6605
2967,6,84,14.00,4.0,0,corps,48.461100429494124,1.8516
2968,12,201,16.75,6.7,0,corps,48.43887543599078,1.5655
2969,4,44,11.00,3.1,0,corps,48.41666155220652,1.4261
2970,6,63,10.50,4.0,0,corps,48.39445877258787,2.2796
2971,5,72,14.40,3.6,0,corps,48.372267091584156,1.0390
2972,3,39,13.00,2.7,0,corps,48.35008650364745,1.2532
2973,3,121,40.33,2.7,0,corps,48.32791700323259,0.9895
2974,2,55,27.50,2.2,0,corps,48.30575858479722,0.8694
2975,2,44,22.00,2.2,0,corps,48.28361124280172,1.0450
2976,10,122,12.20,5.8,0,corps,48.26147497170927,1.7854
2977,14,200,14.29,7.6,0,corps,48.239349765985786,5.1317
2978,7,109,15.57,4.4,0,corps,48.21723562009998,1.6063
2979,10,142,14.20,5.8,0,corps,48.1951325285233,1.3794
2980,5,81,16.20,3.6,0,corps,48.173040485729985,1.0582
2981,10,106,10.60,5.8,0,corps,48.15095948619703,1.5618
2982,8,158,19.75,4.9,0,corps,48.12888952440416,1.0940
2983,10,173,17.30,5.8,0,corps,48.106830594833916,4.8373
2984,7,172,24.57,4.4,0,corps,48.08478269197155,0.8185
2985,6,147,24.50,4.0,0,corps,48.06274581030509,4.9646
2986,4,73,18.25,3.1,0,corps,48.04071994432529,0.7675
2987,7,76,10.86,4.4,0,corps,48.01870508852572,1.6178
2988,16,253,15.81,8.4,0,corps,47.996701237402654,1.1676
2989,11,269,24.45,6.2,0,corps,47.97470838545513,1.1861
2990,2,27,13.50,2.2,0,corps,47.95272652718492,1.1226
2991,7,118,16.86,4.4,0,corps,47.93075565709658,1.1666
2992,9,160,17.78,5.3,0,corps,47.90879576969738,0.9025
2993,8,105,13.12,4.9,0,corps,47.88684685949735,1.2770
2994,4,68,17.00,3.1,0,corps,47.86490892100926,0.9942
2995,2,49,24.50,2.2,0,corps,47.84298194874863,1.1808
2996,2,51,25.50,2.2,0,corps,47.82106593723372,0.8204
2997,5,84,16.80,3.6,0,corps,47.799160880985525,1.4158
2998,14,258,18.43,7.6,0,corps,47.777266774527774,1.2255
2999,8,86,10.75,4.9,0,corps,47.75538361238694,1.6804
3000,13,221,17.00,7.1,0,corps,47.73351138909224,1.1837
3001,5,93,18.60,3.6,0,corps,47.71165009917562,1.0827
3002,12,209,17.42,6.7,0,corps,47.689799737171754,1.2665
3003,10,95,9.50,5.8,0,corps,47.66796029761804,2.3733
3004,10,126,12.60,5.8,0,corps,47.646131775054634,1.5054
3005,6,137,22.83,4.0,0,corps,47.6243141640244,0.8687
3006,10,148,14.80,5.8,0,corps,47.60250745907293,1.4230
3007,3,30,10.00,2.7,0,corps,47.58071165474855,1.8417
3008,10,178,17.80,5.8,0,corps,47.55892674560232,1.3682
3009,14,158,11.29,7.6,0,corps,47.537152726188,1.5848
3010,4,53,13.25,3.1,0,corps,47.51538959106208,1.3391
3011,5,111,22.20,3.6,0,corps,47.49363733478379,1.1783
3012,6,67,11.17,4.0,0,corps,47.47189595191506,1.9049
3013,4,72,18.00,3.1,0,corps,47.450165437020544,1.3159
3014,8,106,13.25,4.9,0,corps,47.42844578466762,1.6462
3015,5,64,12.80,3.6,0,corps,47.406736989426356,1.2937
3016,5,68,13.60,3.6,0,corps,47.385039045869576,1.4350
3017,2,22,11.00,2.2,0,corps,47.36335194857278,1.4595
3018,9,137,15.22,5.3,0,corps,47.34167569211421,1.2834
3019,13,188,14.46,7.1,0,corps,47.320010271074764,1.3914
3020,3,63,21.00,2.7,0,corps,47.29835568003812,1.0560
3021,11,165,15.00,6.2,0,corps,47.27671191359063,1.0453
3022,6,103,17.17,4.0,0,corps,47.25507896632134,1.1698
3023,10,79,7.90,5.8,0,corps,47.23345683282201,1.9502
3024,13,212,16.31,7.1,0,corps,47.211845507687116,1.1931
3025,4,44,11.00,3.1,0,corps,47.190244985513836,1.0122
3026,7,88,12.57,4.4,0,corps,47.16865526090202,1.5155
3027,9,101,11.22,5.3,0,corps,47.14707632845423,1.9364
3028,12,187,15.58,6.7,0,corps,47.12550818277576,1.2598
3029,5,60,12.00,3.6,0,corps,47.103950818474566,1.6064
3030,5,69,13.80,3.6,0,corps,47.082404230161295,1.0509
3031,9,102,11.33,5.3,0,corps,47.0608684124493,1.5821
3032,4,65,16.25,3.1,0,corps,47.039343359954636,0.9608
3033,8,108,13.50,4.9,0,corps,47.01782906729605,1.1064
3034,2,11,5.50,2.2,0,corps,46.99632552909494,1.6791
3035,9,221,24.56,5.3,0,corps,46.97483273997543,0.8722
3036,7,120,17.14,4.4,0,corps,46.953350694564335,1.1331
3037,7,71,10.14,4.4,0,corps,46.93187938749114,1.9147
3038,7,150,21.43,4.4,0,corps,46.91041881338803,1.2236
3039,5,74,14.80,3.6,0,corps,46.88896896688982,1.0523
3040,10,151,15.10,5.8,0,corps,46.867529842634085,1.2322
3041,4,45,11.25,3.1,0,corps,46.84610143526105,1.7509
3042,6,103,17.17,4.0,0,corps,46.82468373941358,1.0508
3043,7,124,17.71,4.4,0,corps,46.80327674973726,1.4631
3044,3,56,18.67,2.7,0,corps,46.78188046088037,1.6425
3045,8,137,17.12,4.9,0,corps,46.760494867493804,1.5218
3046,12,141,11.75,6.7,0,corps,46.73911996423119,1.4627
3047,17,298,17.53,8.9,0,corps,46.71775574574878,1.2986
3048,6,97,16.17,4.0,0,corps,46.69640220670553,1.6097
3049,2,43,21.50,2.2,0,corps,46.67505934176306,1.4667
3050,3,142,47.33,2.7,0,corps,46.65372714558564,0.8999
3051,5,67,13.40,3.6,0,corps,46.63240561284023,1.3267
3052,7,74,10.57,4.4,0,corps,46.61109473819645,1.8218
3053,5,79,15.80,3.6,0,corps,46.58979451632658,1.5155
3054,2,21,10.50,2.2,0,corps,46.568504941905545,2.8687
3055,9,119,13.22,5.3,0,corps,46.547226009610974,1.6797
3056,13,296,22.77,7.1,0,corps,46.52595771412314,1.1603
3057,17,248,14.59,8.9,0,corps,46.50470005012494,1.6610
3058,8,185,23.12,4.9,0,corps,46.48345301230199,1.3576
3059,6,69,11.50,4.0,0,corps,46.46221659534249,1.5894
3060,6,94,15.67,4.0,0,corps,46.44099079393738,2.0566
3061,9,139,15.44,5.3,0,corps,46.419775602780184,1.6756
3062,2,29,14.50,2.2,0,corps,46.39857101656711,1.4447
3063,6,90,15.00,4.0,0,corps,46.37737702999701,1.5774
3064,5,94,18.80,3.6,0,corps,46.35619363777138,1.3216
3065,2,25,12.50,2.2,0,corps,46.335020834594395,1.5229
3066,8,103,12.88,4.9,0,corps,46.31385861517284,1.8331
3067,8,191,23.88,4.9,0,corps,46.292706974216145,1.0614
3068,12,180,15.00,6.7,0,corps,46.27156590643642,1.6639
3069,2,15,7.50,2.2,0,corps,46.2504354065484,1.9583
3070,9,130,14.44,5.3,0,corps,46.229315469269444,1.7524
3071,21,312,14.86,10.7,0,corps,46.20820608931957,1.4922
3072,2,31,15.50,2.2,0,corps,46.18710726142144,1.4942
3073,3,25,8.33,2.7,0,corps,46.16601898030036,1.7914
3074,13,252,19.38,7.1,0,corps,46.14494124068423,1.2953
3075,10,131,13.10,5.8,0,corps,46.12387403730362,1.7121
3076,4,30,7.50,3.1,0,corps,46.10281736489176,1.8951
3077,2,24,12.00,2.2,0,corps,46.08177121818445,1.8372
3078,10,207,20.70,5.8,0,corps,46.06073559192018,1.8498
3079,4,88,22.00,3.1,0,corps,46.03971048084,1.2669
3080,13,161,12.38,7.1,0,corps,46.01869587968768,5.4341
3081,4,81,20.25,3.1,0,corps,45.99769178320954,1.1393
3082,3,105,35.00,2.7,0,corps,45.97669818615457,0.9610
3083,10,157,15.70,5.8,0,corps,45.95571508327435,1.6515
3084,6,86,14.33,4.0,0,corps,45.93474246932313,1.3839
3085,3,89,29.67,2.7,0,corps,45.91378033905775,0.6345
3086,7,66,9.43,4.4,0,corps,45.892828687237675,1.7277
3087,8,128,16.00,4.9,0,corps,45.87188750862497,6.8328
3088,2,37,18.50,2.2,0,corps,45.850956797984374,1.5140
3089,2,28,14.00,2.2,0,corps,45.8300365500832,2.3367
3090,3,32,10.67,2.7,0,corps,45.80912675969138,1.6138
3091,2,37,18.50,2.2,0,corps,45.78822742158146,1.0692
3092,16,227,14.19,8.4,0,corps,45.767338530528626,1.7621
3093,6,59,9.83,4.0,0,corps,45.74646008131063,1.8370
3094,5,99,19.80,3.6,0,corps,45.725592068707876,0.8802
3095,2,19,9.50,2.2,0,corps,45.70473448750335,1.5287
3096,17,270,15.88,8.9,0,corps,45.683887332482676,1.3166
3097,2,30,15.00,2.2,0,corps,45.66305059843404,0.7686
3098,3,34,11.33,2.7,0,corps,45.642224280148284,2.7074
3099,4,104,26.00,3.1,0,corps,45.6214083724188,1.1138
3100,4,37,9.25,3.1,0,corps,45.600602870041634,1.9185
3101,20,294,14.70,10.2,0,corps,45.5798077678154,3.6576
3102,6,131,21.83,4.0,0,corps,45.55902306054133,1.0837
3103,7,81,11.57,4.4,0,corps,45.53824874302323,1.4850
3104,4,174,43.50,3.1,0,corps,45.51748481006754,0.6147
3105,5,122,24.40,3.6,0,corps,45.49673125648327,0.8569
3106,5,81,16.20,3.6,0,corps,45.475988077082036,1.2099
3107,5,93,18.60,3.6,0,corps,45.455255266678016,1.0012
3108,6,64,10.67,4.0,0,corps,45.43453282008805,1.4341
3109,21,326,15.52,10.7,0,corps,45.4138207321315,3.6261
3110,9,309,34.33,5.3,0,corps,45.39311899763035,0.7897
3111,8,118,14.75,4.9,0,corps,45.37242761140915,1.2910
3112,7,142,20.29,4.4,0,corps,45.351746568295084,1.2277
3113,10,85,8.50,5.8,0,corps,45.33107586311787,1.7479
3114,4,136,34.00,3.1,0,corps,45.310415490709836,0.7339
3115,5,91,18.20,3.6,0,corps,45.289765445905886,1.0251
3116,9,119,13.22,5.3,0,corps,45.269125723543524,1.2408
3117,2,52,26.00,2.2,0,corps,45.2484963184628,1.0841
3118,3,51,17.00,2.7,0,corps,45.227877225506376,0.7265
3119,3,37,12.33,2.7,0,corps,45.20726843951946,1.5559
3120,8,138,17.25,4.9,0,corps,45.186669955349885,1.2310
3121,9,165,18.33,5.3,0,corps,45.16608176784801,1.1173
3122,6,70,11.67,4.0,0,corps,45.14550387186678,1.6687
3123,13,181,13.92,7.1,0,corps,45.12493626226174,1.6517
3124,12,142,11.83,6.7,0,corps,45.104378933890985,1.4331
3125,10,218,21.80,5.8,0,corps,45.08383188161517,4.0120
3126,13,227,17.46,7.1,0,corps,45.063295100297545,1.2188
3127,8,94,11.75,4.9,0,corps,45.0427685848039,1.4236
3128,7,113,16.14,4.4,0,corps,45.02225233000262,1.1810
3129,9,153,17.00,5.3,0,corps,45.00174633076464,1.1128
3130,3,58,19.33,2.7,0,corps,44.98125058196345,1.1563
3131,6,99,16.50,4.0,0,corps,44.96076507847513,1.1193
3132,5,94,18.80,3.6,0,corps,44.940289815178275,1.5804
3133,5,52,10.40,3.6,0,corps,44.9198247869541,1.7048
3134,3,54,18.00,2.7,0,corps,44.89936998868633,1.2932
3135,10,131,13.10,5.8,0,corps,44.87892541526128,1.2577
3136,12,195,16.25,6.7,0,corps,44.858491061567776,4.1858
3137,9,198,22.00,5.3,0,corps,44.83806692249727,0.8340
3138,9,124,13.78,5.3,0,corps,44.8176529929437,1.1792
3139,4,64,16.00,3.1,0,corps,44.79724926780359,1.1625
3140,6,94,15.67,4.0,0,corps,44.77685574197601,1.5892
3141,10,173,17.30,5.8,0,corps,44.756472410362576,1.0884
3142,2,28,14.00,2.2,0,corps,44.736099267867466,0.8501
3143,3,24,8.00,2.7,0,corps,44.71573630939738,2.9419
3144,5,47,9.40,3.6,0,corps,44.69538352986157,2.2457
3145,9,142,15.78,5.3,0,corps,44.675040924171874,1.2331
3146,11,163,14.82,6.2,0,corps,44.65470848724261,1.6327
3147,13,305,23.46,7.1,0,corps,44.63438621399069,3.1041
3148,18,367,20.39,9.3,0,corps,44.61407409933552,1.1316
3149,17,227,13.35,8.9,0,corps,44.59377213819909,1.6727
3150,6,120,20.00,4.0,0,corps,44.57348032550591,0.9561
3151,16,207,12.94,8.4,0,corps,44.55319865618303,1.7875
3152,16,183,11.44,8.4,0,corps,44.53292712516001,1.4638
3153,5,86,17.20,3.6,0,corps,44.51266572736899,1.3767
3154,4,39,9.75,3.1,0,corps,44.492414457744616,2.0446
3155,15,273,18.20,8.0,0,corps,44.472173311224076,1.0852
3156,3,49,16.33,2.7,0,corps,44.45194228274705,1.4363
3157,4,63,15.75,3.1,0,corps,44.43172136725582,1.1841
3158,8,84,10.50,4.9,0,corps,44.411510559695145,1.6215
3159,3,47,15.67,2.7,0,corps,44.39130985501232,1.1918
3160,8,87,10.88,4.9,0,corps,44.37111924815716,1.3177
3161,4,45,11.25,3.1,0,corps,44.35093873408202,1.8009
3162,14,158,11.29,7.6,0,corps,44.330768307741785,6.3906
3163,11,142,12.91,6.2,0,corps,44.31060796409384,1.6071
3164,5,93,18.60,3.6,0,corps,44.29045769809808,1.2043
3165,6,75,12.50,4.0,0,corps,44.270317504716964,1.7964
3166,10,140,14.00,5.8,0,corps,44.25018737891544,5.3236
3167,4,153,38.25,3.1,0,corps,44.23006731566097,0.7979
3168,3,51,17.00,2.7,0,corps,44.20995730992352,1.2933
3169,7,144,20.57,4.4,0,corps,44.189857356675624,1.0958
3170,23,359,15.61,11.6,0,corps,44.16976745089227,1.5167
3171,8,155,19.38,4.9,0,corps,44.14968758755099,1.2759
3172,2,35,17.50,2.2,0,corps,44.12961776163181,1.1693
3173,16,257,16.06,8.4,0,corps,44.109557968117294,1.2360
3174,6,137,22.83,4.0,0,corps,44.089508201992466,0.9329
3175,6,74,12.33,4.0,0,corps,44.069468458244906,1.3739
3176,6,62,10.33,4.0,0,corps,44.04943873186466,1.7408
3177,8,95,11.88,4.9,0,corps,44.029419017844305,1.6699
3178,19,285,15.00,9.8,0,corps,44.00940931117893,1.3247
3179,9,109,12.11,5.3,0,corps,43.989409606866076,1.6291
3180,11,180,16.36,6.2,0,corps,43.96941989990582,1.2302
3181,8,96,12.00,4.9,0,corps,43.94944018530077,1.4255
3182,2,37,18.50,2.2,0,corps,43.929470458055974,1.1782
3183,9,127,14.11,5.3,0,corps,43.909510713178996,1.3518
3184,13,163,12.54,7.1,0,corps,43.88956094567989,1.6753
3185,7,125,17.86,4.4,0,corps,43.86962115057124,1.5031
3186,4,85,21.25,3.1,0,corps,43.84969132286809,1.0288
3187,5,80,16.00,3.6,0,corps,43.82977145758798,1.1238
3188,19,240,12.63,9.8,0,corps,43.80986154975092,1.4373
3189,3,127,42.33,2.7,0,corps,43.78996159437948,0.8610
3190,2,27,13.50,2.2,0,corps,43.77007158649863,1.2064
3191,7,147,21.00,4.4,0,corps,43.750191521135896,0.9945
3192,3,69,23.00,2.7,0,corps,43.73032139332123,1.2111
3193,3,150,50.00,2.7,0,corps,43.71046119808714,0.8167
3194,3,67,22.33,2.7,0,corps,43.69061093046855,0.7974
3195,8,124,15.50,4.9,0,corps,43.6707705855029,6.5151
3196,7,180,25.71,4.4,0,corps,43.65094015823009,0.7510
3197,4,68,17.00,3.1,0,corps,43.63111964369254,1.2087
3198,14,223,15.93,7.6,0,corps,43.61130903693511,1.0940
3199,2,40,20.00,2.2,0,corps,43.591508333005144,1.2272
3200,17,201,11.82,8.9,0,corps,43.571717526952455,5.2798
3201,4,70,17.50,3.1,0,corps,43.55193661382936,1.1651
3202,11,185,16.82,6.2,0,corps,43.53216558869063,1.2082
3203,13,159,12.23,7.1,0,corps,43.51240444659351,1.7297
3204,4,67,16.75,3.1,0,corps,43.492653182597685,0.8171
3205,6,97,16.17,4.0,0,corps,43.47291179176537,1.1975
3206,3,89,29.67,2.7,0,corps,43.453180269161216,0.8676
3207,4,71,17.75,3.1,0,corps,43.43345860985233,1.0348
3208,6,80,13.33,4.0,0,corps,43.41374680890831,1.0971
3209,5,28,5.60,3.6,0,corps,43.394044861401184,2.9740
3210,3,46,15.33,2.7,0,corps,43.374352762405486,1.1137
3211,3,65,21.67,2.7,0,corps,43.35467050699818,1.0450
3212,3,25,8.33,2.7,0,corps,43.3349980902587,2.3736
3213,9,105,11.67,5.3,0,corps,43.31533550726896,2.0386
3214,3,78,26.00,2.7,0,corps,43.295682753113304,1.3013
3215,9,173,19.22,5.3,0,corps,43.27603982287853,1.1328
3216,20,345,17.25,10.2,0,corps,43.256406711653916,1.0772
3217,14,252,18.00,7.6,0,corps,43.236783414531196,1.3354
3218,10,158,15.80,5.8,0,corps,43.21716992660452,1.6123
3219,11,203,18.45,6.2,0,corps,43.197566242970545,1.0683
3220,7,76,10.86,4.4,0,corps,43.17797235872832,2.0338
3221,8,93,11.62,4.9,0,corps,43.158388268979394,1.5169
3222,12,183,15.25,6.7,0,corps,43.13881396882774,4.5375
3223,5,68,13.60,3.6,0,corps,43.11924945337978,1.6860
3224,16,296,18.50,8.4,0,corps,43.09969471774439,1.2499
3225,2,23,11.50,2.2,0,corps,43.080149757032885,1.8863
3226,4,80,20.00,3.1,0,corps,43.06061456635902,1.1531
3227,3,28,9.33,2.7,0,corps,43.041089140839,1.7102
3228,7,70,10.00,4.4,0,corps,43.02157347559146,1.5030
3229,2,35,17.50,2.2,0,corps,43.002067565737505,1.0734
3230,3,68,22.67,2.7,0,corps,42.982571406400645,1.0541
3231,10,141,14.10,5.8,0,corps,42.96308499270683,1.1761
3232,2,52,26.00,2.2,0,corps,42.943608319784474,0.9946
3233,8,110,13.75,4.9,0,corps,42.9241413827644,1.5245
3234,2,29,14.50,2.2,0,corps,42.90468417677988,1.1732
3235,6,98,16.33,4.0,0,corps,42.885236696966594,1.1233
3236,10,171,17.10,5.8,0,corps,42.86579893846268,1.2372
3237,5,59,11.80,3.6,0,corps,42.84637089640872,1.4433
3238,4,34,8.50,3.1,0,corps,42.826952565947686,1.6038
3239,6,91,15.17,4.0,0,corps,42.80754394222498,1.3266
3240,5,76,15.20,3.6,0,corps,42.78814502038847,1.1391
3241,10,120,12.00,5.8,0,corps,42.768755795588426,1.3794
3242,18,268,14.89,9.3,0,corps,42.74937626297752,1.1916
3243,6,68,11.33,4.0,0,corps,42.73000641771089,1.4687
3244,4,57,14.25,3.1,0,corps,42.71064625494606,1.2215
3245,4,46,11.50,3.1,0,corps,42.691295769842995,1.4777
3246,3,22,7.33,2.7,0,corps,42.67195495756408,2.4336
3247,6,79,13.17,4.0,0,corps,42.652623813274104,1.3871
3248,5,84,16.80,3.6,0,corps,42.633302332140275,1.4057
3249,5,99,19.80,3.6,0,corps,42.61399050933224,1.0669
3250,11,183,16.64,6.2,0,corps,42.59468834002204,4.3847
3251,7,152,21.71,4.4,0,corps,42.57539581938411,0.9544
3252,10,85,8.50,5.8,0,corps,42.55611294259534,1.8670
3253,9,97,10.78,5.3,0,corps,42.536839704835,6.5368
3254,19,331,17.42,9.8,0,corps,42.517576101284796,1.4781
3255,2,29,14.50,2.2,0,corps,42.49832212712883,1.5612
3256,11,218,19.82,6.2,0,corps,42.479077777553584,1.0074
3257,3,36,12.00,2.7,0,corps,42.459843047747974,0.9516
3258,4,86,21.50,3.1,0,corps,42.440617932903336,0.9744
3259,3,46,15.33,2.7,0,corps,42.421402428213376,1.2026
3260,16,225,14.06,8.4,0,corps,42.40219652887423,1.4834
3261,2,35,17.50,2.2,0,corps,42.38300023008441,1.2691
3262,2,15,7.50,2.2,0,corps,42.363813527044854,0.9536
3263,14,176,12.57,7.6,0,corps,42.34463641495888,1.4164
3264,4,45,11.25,3.1,0,corps,42.3254688890322,1.7773
3265,11,124,11.27,6.2,0,corps,42.30631094447295,1.5406
3266,13,197,15.15,7.1,0,corps,42.28716257649163,1.5411
3267,10,118,11.80,5.8,0,corps,42.268023780301164,1.6294
3268,5,88,17.60,3.6,0,corps,42.248894551116834,1.2517
3269,7,99,14.14,4.4,0,corps,42.229774884156335,1.5720
3270,3,72,24.00,2.7,0,corps,42.21066477463977,0.8485
3271,6,108,18.00,4.0,0,corps,42.19156421778959,1.5107
3272,5,68,13.60,3.6,0,corps,42.17247320883067,1.7381
3273,6,66,11.00,4.0,0,corps,42.15339174299024,1.5555
3274,12,146,12.17,6.7,0,corps,42.134319815497946,6.2115
3275,2,29,14.50,2.2,0,corps,42.11525742158581,1.4253
3276,2,52,26.00,2.2,0,corps,42.096204556488225,1.1816
3277,2,63,31.50,2.2,0,corps,42.077161215441976,1.0036
3278,4,47,11.75,3.1,0,corps,42.058127393686235,1.9217
3279,4,38,9.50,3.1,0,corps,42.03910308646254,1.5752
3280,7,107,15.29,4.4,0,corps,42.020088289014815,1.6423
3281,5,76,15.20,3.6,0,corps,42.00108299658935,1.1132
3282,2,27,13.50,2.2,0,corps,41.98208720443483,0.6775
3283,17,270,15.88,8.9,0,corps,41.96310090780233,1.6443
3284,4,77,19.25,3.1,0,corps,41.94412410194525,1.1320
3285,9,165,18.33,5.3,0,corps,41.92515678211938,1.0552
3286,20,248,12.40,10.2,0,corps,41.90619894358291,1.6970
3287,6,112,18.67,4.0,0,corps,41.887250581596376,1.0060
3288,11,191,17.36,6.2,0,corps,41.86831169142268,1.1625
3289,15,196,13.07,8.0,0,corps,41.8493822683271,1.3624
3290,2,9,4.50,2.2,0,corps,41.83046230757729,5.4923
3291,5,94,18.80,3.6,0,corps,41.811551804443255,1.4708
3292,18,228,12.67,9.3,0,corps,41.79265075419737,3.9607
3293,12,207,17.25,6.7,0,corps,41.773759152114366,1.1522
3294,2,51,25.50,2.2,0,corps,41.75487699347135,0.9006
3295,5,86,17.20,3.6,0,corps,41.73600427354777,0.8437
3296,11,210,19.09,6.2,0,corps,41.71714098762547,1.0250
3297,9,222,24.67,5.3,0,corps,41.6982871309886,0.7752
3298,8,158,19.75,4.9,0,corps,41.679442698923715,1.2857
3299,4,113,28.25,3.1,0,corps,41.6606076867197,0.7291
3300,3,123,41.00,2.7,0,corps,41.64178208966781,0.6554
3301,12,226,18.83,6.7,0,corps,41.62296590306162,1.1909
3302,5,77,15.40,3.6,0,corps,41.60415912219712,1.2130
3303,3,37,12.33,2.7,0,corps,41.58536174237259,0.9672
3304,6,105,17.50,4.0,0,corps,41.566573758888694,1.0894
3305,5,84,16.80,3.6,0,corps,41.54779516704842,0.9183
3306,7,93,13.29,4.4,0,corps,41.52902596215715,1.0947
3307,18,302,16.78,9.3,0,corps,41.51026613952256,1.0532
3308,6,99,16.50,4.0,0,corps,41.4915156944547,1.0908
3309,8,192,24.00,4.9,0,corps,41.47277462226595,1.1186
3310,3,40,13.33,2.7,0,corps,41.454042918271064,1.5460
3311,2,17,8.50,2.2,0,corps,41.4353205777871,1.9782
3312,3,48,16.00,2.7,0,corps,41.41660759613348,1.1575
3313,6,132,22.00,4.0,0,corps,41.39790396863194,0.9507
3314,2,36,18.00,2.2,0,corps,41.379209690606594,1.1396
3315,2,31,15.50,2.2,0,corps,41.36052475738387,1.4809
3316,4,53,13.25,3.1,0,corps,41.341849164292526,1.6811
3317,3,78,26.00,2.7,0,corps,41.32318290666366,1.0925
3318,12,191,15.92,6.7,0,corps,41.30452597983073,1.2876
3319,4,70,17.50,3.1,0,corps,41.28587837912948,0.9567
3320,9,126,14.00,5.3,0,corps,41.267240099898025,1.4794
3321,4,63,15.75,3.1,0,corps,41.24861113747678,1.4841
3322,4,29,7.25,3.1,0,corps,41.229991487208515,1.9932
3323,7,117,16.71,4.4,0,corps,41.21138114443833,1.1751
3324,2,16,8.00,2.2,0,corps,41.19278010451361,1.8734
3325,6,82,13.67,4.0,0,corps,41.1741883627841,2.0510
3326,5,83,16.60,3.6,0,corps,41.15560591460189,1.3629
3327,13,241,18.54,7.1,0,corps,41.13703275532136,1.3236
3328,5,117,23.40,3.6,0,corps,41.118468880299204,1.0806
3329,5,85,17.00,3.6,0,corps,41.09991428489445,1.3651
3330,11,166,15.09,6.2,0,corps,41.08136896446848,1.3780
3331,13,179,13.77,7.1,0,corps,41.06283291438493,1.3436
3332,3,22,7.33,2.7,0,corps,41.04430613000981,2.4540
3333,8,177,22.12,4.9,0,corps,41.02578860671141,1.1128
3334,6,71,11.83,4.0,0,corps,41.00728033986035,1.7606
3335,5,55,11.00,3.6,0,corps,40.988781324829574,1.8487
3336,10,181,18.10,5.8,0,corps,40.97029155699433,1.3842
3337,3,37,12.33,2.7,0,corps,40.95181103173215,1.6687
3338,4,64,16.00,3.1,0,corps,40.93333974442293,1.2435
3339,19,225,11.84,9.8,0,corps,40.91487769044884,1.7135
3340,7,100,14.29,4.4,0,corps,40.89642486519437,1.5637
3341,3,79,26.33,2.7,0,corps,40.87798126404629,0.9506
3342,2,27,13.50,2.2,0,corps,40.85954688239373,1.2746
3343,4,63,15.75,3.1,0,corps,40.841121715628084,1.2874
3344,7,129,18.43,4.4,0,corps,40.82270575914306,1.0462
3345,2,47,23.50,2.2,0,corps,40.80429900833466,0.9419
3346,5,85,17.00,3.6,0,corps,40.78590145860121,1.1948
3347,7,74,10.57,4.4,0,corps,40.76751310534332,1.7413
3348,14,224,16.00,7.6,0,corps,40.7491339439639,1.1769
3349,6,76,12.67,4.0,0,corps,40.730763969868136,1.5134
3350,7,85,12.14,4.4,0,corps,40.712403178463575,1.1808
3351,8,96,12.00,4.9,0,corps,40.694051565159995,1.3388
3352,6,95,15.83,4.0,0,corps,40.675709125369494,1.5180
3353,6,86,14.33,4.0,0,corps,40.65737585450647,1.4098
3354,2,39,19.50,2.2,0,corps,40.639051747987594,0.9703
3355,6,67,11.17,4.0,0,corps,40.62073680123186,1.2749
3356,3,37,12.33,2.7,0,corps,40.6024310096605,1.1993
3357,3,46,15.33,2.7,0,corps,40.584134368697086,1.5723
3358,14,222,15.86,7.6,0,corps,40.56584687376746,1.1917
3359,9,133,14.78,5.3,0,corps,40.54756852029975,1.1752
3360,7,72,10.29,4.4,0,corps,40.52929930372435,2.0329
3361,2,51,25.50,2.2,0,corps,40.511039219473965,1.0526
3362,2,32,16.00,2.2,0,corps,40.49278826298358,1.7620
3363,4,45,11.25,3.1,0,corps,40.474546429690456,1.1768
3364,5,132,26.40,3.6,0,corps,40.45631371503412,1.1921
3365,21,313,14.90,10.7,0,corps,40.4380901144564,1.4522
3366,4,62,15.50,3.1,0,corps,40.41987562340141,1.3764
3367,8,112,14.00,4.9,0,corps,40.401670237315514,1.1872
3368,7,105,15.00,4.4,0,corps,40.38347395164736,1.1316
3369,2,30,15.00,2.2,0,corps,40.36528676184788,1.3192
3370,12,194,16.17,6.7,0,corps,40.34710866337029,1.1464
3371,8,129,16.12,4.9,0,corps,40.32893965167005,1.1168
3372,5,72,14.40,3.6,0,corps,40.31077972220491,1.1551
3373,17,221,13.00,8.9,0,corps,40.292628870434896,1.3152
3374,2,54,27.00,2.2,0,corps,40.27448709182229,1.0345
3375,2,42,21.00,2.2,0,corps,40.25635438183164,1.1651
3376,4,53,13.25,3.1,0,corps,40.238230735929776,1.8299
3377,2,25,12.50,2.2,0,corps,40.220116149585785,1.0741
3378,12,201,16.75,6.7,0,corps,40.20201061827102,1.0519
3379,4,72,18.00,3.1,0,corps,40.18391413745909,0.8987
3380,4,106,26.50,3.1,0,corps,40.16582670262589,0.7923
3381,9,165,18.33,5.3,0,corps,40.147748309249565,1.2768
3382,6,118,19.67,4.0,0,corps,40.12967895281049,1.2803
3383,6,90,15.00,4.0,0,corps,40.11161862879134,1.4897
3384,2,44,22.00,2.2,0,corps,40.09356733267705,1.4380
3385,4,48,12.00,3.1,0,corps,40.07552505995477,1.5035
3386,9,97,10.78,5.3,0,corps,40.057491806113944,1.8255
3387,6,60,10.00,4.0,0,corps,40.03946756664626,1.4545
3388,3,44,14.67,2.7,0,corps,40.02145233704565,1.3055
3389,4,52,13.00,3.1,0,corps,40.00344611280833,1.6757
3390,2,72,36.00,2.2,0,corps,39.985448889432696,0.8325
3391,3,12,4.00,2.7,0,corps,39.9674606624195,4.0766
3392,6,89,14.83,4.0,0,corps,39.949481427271635,1.3383
3393,2,32,16.00,2.2,0,corps,39.93151117949433,1.1794
3394,13,219,16.85,7.1,0,corps,39.913549914594995,1.4022
3395,7,133,19.00,4.4,0,corps,39.89559762808333,1.1726
3396,7,91,13.00,4.4,0,corps,39.87765431547127,1.7658
3397,11,234,21.27,6.2,0,corps,39.85971997227297,4.1748
3398,3,48,16.00,2.7,0,corps,39.84179459400484,1.7280
3399,2,90,45.00,2.2,0,corps,39.823878176185545,0.6984
3400,11,213,19.36,6.2,0,corps,39.80597071433599,1.0870
3401,23,484,21.04,11.6,0,corps,39.7880722039793,1.2676
3402,8,95,11.88,4.9,0,corps,39.77018264064084,7.7763
3403,5,93,18.60,3.6,0,corps,39.75230201984823,1.3638
3404,7,124,17.71,4.4,0,corps,39.734430337131315,5.4513
3405,8,157,19.62,4.9,0,corps,39.716567588022166,0.9750
3406,6,72,12.00,4.0,0,corps,39.6987137680551,1.2935
3407,20,340,17.00,10.2,0,corps,39.680868872766666,1.4139
3408,16,250,15.62,8.4,0,corps,39.66303289769563,1.1763
3409,6,112,18.67,4.0,0,corps,39.64520583838301,0.9261
3410,6,74,12.33,4.0,0,corps,39.62738769037203,1.7745
3411,13,249,19.15,7.1,0,corps,39.60957844920816,1.2541
3412,8,152,19.00,4.9,0,corps,39.591778110439094,1.0406
3413,12,215,17.92,6.7,0,corps,39.57398666961473,1.0717
3414,6,99,16.50,4.0,0,corps,39.55620412228722,1.1065
3415,12,194,16.17,6.7,0,corps,39.538430464010936,1.4343
3416,22,441,20.05,11.1,0,corps,39.52066569034245,2.5684
3417,24,386,16.08,12.0,0,corps,39.50290979684057,1.4742
3418,16,278,17.38,8.4,0,corps,39.48516277906632,2.9543
3419,10,262,26.20,5.8,0,corps,39.46742463258295,1.2100
3420,10,118,11.80,5.8,0,corps,39.44969535295593,1.9081
3421,13,167,12.85,7.1,0,corps,39.431974935752926,4.4841
3422,17,238,14.00,8.9,0,corps,39.414263376543836,1.5265
3423,9,105,11.67,5.3,0,corps,39.39656067090079,1.1926
3424,19,274,14.42,9.8,0,corps,39.37886681439808,1.6471
3425,8,124,15.50,4.9,0,corps,39.36118180261227,6.0003
3426,5,196,39.20,3.6,0,corps,39.34350563112209,0.6762
3427,5,65,13.00,3.6,0,corps,39.3258382955085,1.2716
3428,4,78,19.50,3.1,0,corps,39.30817979135467,1.0808
3429,10,166,16.60,5.8,0,corps,39.290530114245975,3.9929
3430,20,272,13.60,10.2,0,corps,39.27288925976998,1.4968
3431,3,31,10.33,2.7,0,corps,39.2552572235165,1.2480
3432,13,179,13.77,7.1,0,corps,39.237634001077495,1.5198
3433,2,27,13.50,2.2,0,corps,39.22001958804719,1.4162
3434,24,404,16.83,12.0,0,corps,39.202413980021944,2.5213
3435,8,117,14.62,4.9,0,corps,39.1848171726004,1.5947
3436,8,140,17.50,4.9,0,corps,39.16722916138332,1.2468
3437,2,129,64.50,2.2,0,corps,39.14964994197372,0.6321
3438,8,146,18.25,4.9,0,corps,39.132079509976776,1.3558
3439,9,129,14.33,5.3,0,corps,39.1145178609999,1.6526
3440,9,142,15.78,5.3,0,corps,39.09696499065267,1.4712
3441,12,125,10.42,6.7,0,corps,39.07942089454687,6.7384
3442,3,34,11.33,2.7,0,corps,39.061885568296475,1.1561
3443,3,57,19.00,2.7,0,corps,39.04435900751766,1.0782
3444,2,24,12.00,2.2,0,corps,39.02684120782878,1.3802
3445,22,310,14.09,11.1,0,corps,39.009332164850385,1.5069
3446,12,128,10.67,6.7,0,corps,38.991831874205204,1.6454
3447,6,121,20.17,4.0,0,corps,38.97434033151818,1.3048
3448,11,143,13.00,6.2,0,corps,38.95685753241643,1.3223
3449,3,31,10.33,2.7,0,corps,38.93938347252924,1.8571
3450,10,142,14.20,5.8,0,corps,38.921918147488086,0.9213
3451,7,116,16.57,4.4,0,corps,38.90446155292666,1.1726
3452,3,44,14.67,2.7,0,corps,38.887013684480806,1.3189
3453,3,21,7.00,2.7,0,corps,38.86957453778856,2.1036
3454,12,223,18.58,6.7,0,corps,38.852144108490116,1.0773
3455,8,105,13.12,4.9,0,corps,38.834722392227896,1.3893
3456,7,142,20.29,4.4,0,corps,38.81730938464645,0.7304
3457,9,133,14.78,5.3,0,corps,38.799905081392524,5.4655
3458,10,194,19.40,5.8,0,corps,38.78250947811506,1.1197
3459,6,74,12.33,4.0,0,corps,38.76512257046514,1.9829
3460,8,123,15.38,4.9,0,corps,38.74774435409605,1.2829
3461,5,83,16.60,3.6,0,corps,38.73037482466323,1.2082
3462,4,116,29.00,3.1,0,corps,38.71301397782428,0.6471
3463,3,76,25.33,2.7,0,corps,38.69566180923903,0.9193
3464,2,15,7.50,2.2,0,corps,38.678318314569395,3.7028
3465,20,262,13.10,10.2,0,corps,38.66098348947953,3.7700
3466,15,262,17.47,8.0,0,corps,38.64365732963571,3.2927
3467,4,38,9.50,3.1,0,corps,38.6263398307064,1.6593
3468,6,66,11.00,4.0,0,corps,38.609030988362235,1.3936
3469,7,59,8.43,4.4,0,corps,38.591730798276,2.1660
3470,6,92,15.33,4.0,0,corps,38.57443925612263,0.9801
3471,9,134,14.89,5.3,0,corps,38.55715635757927,1.3296
3472,2,15,7.50,2.2,0,corps,38.53988209832517,1.2278
3473,3,27,9.00,2.7,0,corps,38.52261647404179,1.8345
3474,9,156,17.33,5.3,0,corps,38.50535948041269,0.9833
3475,8,82,10.25,4.9,0,corps,38.488111113123644,1.3487
3476,3,82,27.33,2.7,0,corps,38.47087136786257,0.9341
3477,7,148,21.14,4.4,0,corps,38.4536402403195,0.9352
3478,6,64,10.67,4.0,0,corps,38.436417726186676,1.5976
3479,8,85,10.62,4.9,0,corps,38.41920382115846,1.4418
3480,9,152,16.89,5.3,0,corps,38.401998520931386,1.0502
3481,3,59,19.67,2.7,0,corps,38.38480182120412,1.5189
3482,3,65,21.67,2.7,0,corps,38.36761371767748,1.1215
3483,3,103,34.33,2.7,0,corps,38.35043420605445,1.1430
3484,7,78,11.14,4.4,0,corps,38.33326328204016,1.8571
3485,14,207,14.79,7.6,0,corps,38.316100941341865,3.0440
3486,8,165,20.62,4.9,0,corps,38.29894717966897,1.4212
3487,4,30,7.50,3.1,0,corps,38.281801992733065,2.0020
3488,4,71,17.75,3.1,0,corps,38.264665376247834,1.2953
3489,17,264,15.53,8.9,0,corps,38.24753732592912,1.5574
3490,16,200,12.50,8.4,0,corps,38.230417837494926,2.6097
3491,20,464,23.20,10.2,0,corps,38.21330690666536,1.4620
3492,5,70,14.00,3.6,0,corps,38.196204529162706,1.8535
3493,4,46,11.50,3.1,0,corps,38.17911070071136,1.7136
3494,4,65,16.25,3.1,0,corps,38.16202541703787,1.3081
3495,4,105,26.25,3.1,0,corps,38.1449486738709,1.3538
3496,14,193,13.79,7.6,0,corps,38.12788046694129,4.4925
3497,8,170,21.25,4.9,0,corps,38.11082079198197,1.0585
3498,11,139,12.64,6.2,0,corps,38.09376964472801,1.4807
3499,7,124,17.71,4.4,0,corps,38.076727020916664,1.4114
3500,11,172,15.64,6.2,0,corps,38.05969291628725,1.4326
3501,12,156,13.00,6.7,0,corps,38.042667326581224,1.4584
3502,8,118,14.75,4.9,0,corps,38.02565024754222,1.1350
3503,14,248,17.71,7.6,0,corps,38.00864167491594,3.8893
3504,4,58,14.50,3.1,0,corps,37.99164160445028,1.5303
3505,4,47,11.75,3.1,0,corps,37.97465003189518,1.8561
3506,4,25,6.25,3.1,0,corps,37.95766695300277,2.2810
3507,9,169,18.78,5.3,0,corps,37.940692363527276,0.9357
3508,6,99,16.50,4.0,0,corps,37.92372625922505,0.8843
3509,10,152,15.20,5.8,0,corps,37.90676863585456,1.2804
3510,6,74,12.33,4.0,0,corps,37.88981948917641,1.4869
3511,8,132,16.50,4.9,0,corps,37.8728788149533,1.3048
3512,6,105,17.50,4.0,0,corps,37.855946608950084,1.2746
3513,8,78,9.75,4.9,0,corps,37.83902286693369,8.8173
3514,13,235,18.08,7.1,0,corps,37.82210758467319,1.3277
3515,17,241,14.18,8.9,0,corps,37.80520075793976,1.3836
3516,2,20,10.00,2.2,0,corps,37.78830238250671,2.7897
3517,10,192,19.20,5.8,0,corps,37.77141245414942,0.9664
3518,6,84,14.00,4.0,0,corps,37.75453096864542,1.3780
3519,3,67,22.33,2.7,0,corps,37.73765792177433,1.0125
3520,11,127,11.55,6.2,0,corps,37.7207933093179,1.5851
3521,6,80,13.33,4.0,0,corps,37.70393712705998,1.5502
3522,15,223,14.87,8.0,0,corps,37.687089370786516,1.4781
3523,6,75,12.50,4.0,0,corps,37.670250036285566,8.3629
3524,3,52,17.33,2.7,0,corps,37.6534191193473,1.8718
3525,6,73,12.17,4.0,0,corps,37.63659661576399,1.7967
3526,5,35,7.00,3.6,0,corps,37.619782521330016,1.9228
3527,2,76,38.00,2.2,0,corps,37.602976831841836,0.9771
3528,6,79,13.17,4.0,0,corps,37.58617954309804,1.5745
3529,18,229,12.72,9.3,0,corps,37.569390650899315,3.8784
3530,8,101,12.62,4.9,0,corps,37.55261015104843,2.3149
3531,3,119,39.67,2.7,0,corps,37.53583803935023,0.9336
3532,2,28,14.00,2.2,0,corps,37.51907431161174,1.7772
3533,7,136,19.43,4.4,0,corps,37.502318963642,1.3176
3534,3,32,10.67,2.7,0,corps,37.48557199125217,1.5717
3535,18,192,10.67,9.3,0,corps,37.46883339025551,5.9814
3536,6,81,13.50,4.0,0,corps,37.45210315646738,1.4162
3537,7,100,14.29,4.4,0,corps,37.43538128570521,1.2139
3538,16,304,19.00,8.4,0,corps,37.418667773788535,1.6025
3539,4,41,10.25,3.1,0,corps,37.401962616538974,1.7608
3540,5,64,12.80,3.6,0,corps,37.38526580978024,1.8371
3541,15,147,9.80,8.0,0,corps,37.36857734933814,2.3877
3542,12,149,12.42,6.7,0,corps,37.35189723104055,1.3991
3543,15,216,14.40,8.0,0,corps,37.33522545071744,1.4743
3544,7,117,16.71,4.4,0,corps,37.318562004200864,1.0726
3545,13,130,10.00,7.1,0,corps,37.30190688732497,2.0457
3546,17,211,12.41,8.9,0,corps,37.28526009592596,5.3366
3547,5,126,25.20,3.6,0,corps,37.26862162584215,1.2329
3548,3,25,8.33,2.7,0,corps,37.25199147291393,2.5604
3549,6,74,12.33,4.0,0,corps,37.23536963298375,1.6570
3550,10,117,11.70,5.8,0,corps,37.21875610189614,1.7588
3551,9,100,11.11,5.3,0,corps,37.20215087549772,1.6643
3552,3,36,12.00,2.7,0,corps,37.18555394963721,1.7136
3553,3,80,26.67,2.7,0,corps,37.16896532016536,1.4618
3554,19,309,16.26,9.8,0,corps,37.15238498293502,1.4770
3555,7,130,18.57,4.4,0,corps,37.13581293380108,1.2850
3556,15,276,18.40,8.0,0,corps,37.11924916862055,1.4070
3557,8,108,13.50,4.9,0,corps,37.10269368325248,2.0604
3558,12,154,12.83,6.7,0,corps,37.086146473558024,5.6678
3559,20,263,13.15,10.2,0,corps,37.06960753540034,1.9376
3560,2,28,14.00,2.2,0,corps,37.053076864644716,1.4253
3561,8,81,10.12,4.9,0,corps,37.03655445715849,2.2231
3562,10,177,17.70,5.8,0,corps,37.02004030881103,4.6389
3563,4,38,9.50,3.1,0,corps,37.00353441547383,1.8259
3564,11,140,12.73,6.2,0,corps,36.987036773020414,1.7631
3565,11,124,11.27,6.2,0,corps,36.970547377326355,1.8006
3566,16,235,14.69,8.4,0,corps,36.95406622426932,1.6445
3567,11,120,10.91,6.2,0,corps,36.937593309729,1.7483
3568,20,349,17.45,10.2,0,corps,36.92112862958719,1.3665
3569,5,116,23.20,3.6,0,corps,36.9046721797277,1.1730
3570,2,78,39.00,2.2,0,corps,36.888223956036434,0.8054
3571,3,44,14.67,2.7,0,corps,36.871783954401316,1.8927
3572,6,225,37.50,4.0,0,corps,36.85535217071237,0.7463
3573,4,76,19.00,3.1,0,corps,36.838928600861635,1.3259
3574,2,35,17.50,2.2,0,corps,36.82251324074322,1.6749
3575,3,56,18.67,2.7,0,corps,36.80610608625328,1.4159
3576,13,208,16.00,7.1,0,corps,36.789707133290044,1.4078
3577,16,205,12.81,8.4,0,corps,36.77331637775376,1.7679
3578,6,76,12.67,4.0,0,corps,36.75693381554674,1.5247
3579,3,65,21.67,2.7,0,corps,36.740559442573336,0.9926
3580,2,37,18.50,2.2,0,corps,36.72419325473997,1.0919
3581,8,137,17.12,4.9,0,corps,36.707835247955096,1.1454
3582,6,77,12.83,4.0,0,corps,36.6914854181292,1.5198
3583,15,238,15.87,8.0,0,corps,36.675143761174816,1.3122
3584,15,204,13.60,8.0,0,corps,36.65881027300655,1.5215
3585,9,105,11.67,5.3,0,corps,36.64248494954103,1.5694
3586,6,40,6.67,4.0,0,corps,36.62616778669691,2.0096
3587,6,75,12.50,4.0,0,corps,36.6098587803949,1.7207
3588,4,81,20.25,3.1,0,corps,36.59355792655777,1.0936
3589,18,308,17.11,9.3,0,corps,36.57726522111028,1.6331
3590,6,66,11.00,4.0,0,corps,36.56098065997928,1.5421
3591,6,56,9.33,4.0,0,corps,36.5447042390936,1.9580
3592,5,104,20.80,3.6,0,corps,36.52843595438415,1.1871
3593,15,218,14.53,8.0,0,corps,36.51217580178386,1.5708
3594,7,85,12.14,4.4,0,corps,36.495923777227695,1.8219
3595,10,162,16.20,5.8,0,corps,36.47967987665264,4.5849
3596,2,25,12.50,2.2,0,corps,36.46344409599772,1.8972
3597,14,152,10.86,7.6,0,corps,36.447216431204,1.7735
3598,21,245,11.67,10.7,0,corps,36.43099687821455,1.7975
3599,24,353,14.71,12.0,0,corps,36.41478543297449,2.5412
3600,17,200,11.76,8.9,0,corps,36.39858209143096,1.8256
3601,11,201,18.27,6.2,0,corps,36.38238684953312,1.4065
3602,15,144,9.60,8.0,0,corps,36.36619970323217,2.4004
3603,19,399,21.00,9.8,0,corps,36.35002064848129,3.1767
3604,2,14,7.00,2.2,0,corps,36.333849681235755,2.2450
3605,4,78,19.50,3.1,0,corps,36.317686797452815,2.0099
3606,8,122,15.25,4.9,0,corps,36.30153199309174,1.7385
3607,9,143,15.89,5.3,0,corps,36.28538526411382,1.4321
3608,18,333,18.50,9.3,0,corps,36.2692466064824,1.5133
3609,11,184,16.73,6.2,0,corps,36.25311601616279,1.2395
3610,11,241,21.91,6.2,0,corps,36.23699348912236,0.9889
3611,8,143,17.88,4.9,0,corps,36.22087902133046,1.3497
3612,2,29,14.50,2.2,0,corps,36.20477260875849,1.3651
3613,6,100,16.67,4.0,0,corps,36.188674247379836,1.0998
3614,2,29,14.50,2.2,0,corps,36.17258393316992,1.7239
3615,15,215,14.33,8.0,0,corps,36.156501662106145,4.3163
3616,9,157,17.44,5.3,0,corps,36.140427430167954,1.7629
3617,4,103,25.75,3.1,0,corps,36.124361233336785,0.9351
3618,7,120,17.14,4.4,0,corps,36.108303067596104,1.4032
3619,5,45,9.00,3.6,0,corps,36.092252928931345,1.6658
3620,12,227,18.92,6.7,0,corps,36.07621081332999,1.3273
3621,4,89,22.25,3.1,0,corps,36.06017671678151,1.3539
3622,3,82,27.33,2.7,0,corps,36.044150635277376,0.7230
3623,4,64,16.00,3.1,0,corps,36.02813256481105,1.3232
3624,11,232,21.09,6.2,0,corps,36.01212250137805,1.0458
3625,12,177,14.75,6.7,0,corps,35.996120440975844,1.1130
3626,17,254,14.94,8.9,0,corps,35.98012637960391,1.2580
3627,3,47,15.67,2.7,0,corps,35.96414031326374,0.9838
3628,18,264,14.67,9.3,0,corps,35.948162237958805,1.4613
3629,11,133,12.09,6.2,0,corps,35.9321921496946,1.3435
3630,4,66,16.50,3.1,0,corps,35.9162300444786,1.2271
3631,3,65,21.67,2.7,0,corps,35.90027591832028,1.0814
3632,7,106,15.14,4.4,0,corps,35.8843297672311,1.3221
3633,4,67,16.75,3.1,0,corps,35.86839158722454,0.9524
3634,9,129,14.33,5.3,0,corps,35.85246137431603,1.1513
3635,4,76,19.00,3.1,0,corps,35.836539124523036,1.3852
3636,5,54,10.80,3.6,0,corps,35.820624833864976,1.4423
3637,8,77,9.62,4.9,0,corps,35.80471849836331,1.5485
3638,2,20,10.00,2.2,0,corps,35.78882011404143,1.9428
3639,18,233,12.94,9.3,0,corps,35.77292967692474,1.3744
3640,2,16,8.00,2.2,0,corps,35.757047183040626,2.1697
3641,6,84,14.00,4.0,0,corps,35.74117262841848,1.5840
3642,5,66,13.20,3.6,0,corps,35.725306009089664,1.1307
3643,15,209,13.93,8.0,0,corps,35.70944732108751,1.7316
3644,4,32,8.00,3.1,0,corps,35.69359656044735,2.0936
3645,4,60,15.00,3.1,0,corps,35.67775372320649,1.3654
3646,7,88,12.57,4.4,0,corps,35.661918805404234,1.7067
3647,13,161,12.38,7.1,0,corps,35.646091803081845,6.0858
3648,7,169,24.14,4.4,0,corps,35.63027271228256,1.1475
3649,9,170,18.89,5.3,0,corps,35.61446152905163,5.2715
3650,8,81,10.12,4.9,0,corps,35.59865824943624,1.6584
3651,4,43,10.75,3.1,0,corps,35.58286286948559,1.4451
3652,9,104,11.56,5.3,0,corps,35.56707538525081,1.5041
3653,7,89,12.71,4.4,0,corps,35.551295792785034,1.6313
3654,2,24,12.00,2.2,0,corps,35.53552408814338,1.8061
3655,8,86,10.75,4.9,0,corps,35.519760267382914,1.4295
3656,4,90,22.50,3.1,0,corps,35.50400432656267,1.1562
3657,2,22,11.00,2.2,0,corps,35.488256261743686,1.3728
3658,4,31,7.75,3.1,0,corps,35.472516068988924,1.8526
3659,7,64,9.14,4.4,0,corps,35.45678374436335,2.0250
3660,3,80,26.67,2.7,0,corps,35.44105928393385,0.9952
3661,14,232,16.57,7.6,0,corps,35.425342683769365,1.4869
3662,2,27,13.50,2.2,0,corps,35.4096339399407,1.7105
3663,8,79,9.88,4.9,0,corps,35.39393304852069,1.7268
3664,8,107,13.38,4.9,0,corps,35.3782400055841,2.2422
3665,13,226,17.38,7.1,0,corps,35.36255480720767,1.3698
3666,5,112,22.40,3.6,0,corps,35.346877449470114,1.2637
3667,20,252,12.60,10.2,0,corps,35.33120792845209,1.7488
3668,8,149,18.62,4.9,0,corps,35.315546240236195,1.6969
3669,6,174,29.00,4.0,0,corps,35.29989238090703,1.1689
3670,8,81,10.12,4.9,0,corps,35.28424634655113,2.0072
3671,4,102,25.50,3.1,0,corps,35.268608133256976,1.5433
3672,9,111,12.33,5.3,0,corps,35.25297773711501,1.6879
3673,11,131,11.91,6.2,0,corps,35.23735515421765,6.8742
3674,16,292,18.25,8.4,0,corps,35.22174038065924,1.7235
3675,5,152,30.40,3.6,0,corps,35.20613341253609,1.1147
3676,3,52,17.33,2.7,0,corps,35.190534245946445,1.0574
3677,3,32,10.67,2.7,0,corps,35.174942876990535,1.2354
3678,14,268,19.14,7.6,0,corps,35.15935930177051,3.5398
3679,9,145,16.11,5.3,0,corps,35.14378351639046,1.4666
3680,11,220,20.00,6.2,0,corps,35.12821551695645,1.3217
3681,10,202,20.20,5.8,0,corps,35.11265529957649,1.1840
3682,13,176,13.54,7.1,0,corps,35.09710286036052,4.1446
3683,4,70,17.50,3.1,0,corps,35.08155819542042,1.3627
3684,6,58,9.67,4.0,0,corps,35.06602130087003,2.4723
3685,16,186,11.62,8.4,0,corps,35.05049217282513,1.8381
3686,8,82,10.25,4.9,0,corps,35.03497080740344,1.6591
3687,5,71,14.20,3.6,0,corps,35.01945720072461,1.5834
3688,9,126,14.00,5.3,0,corps,35.003951348910235,1.4108
3689,4,81,20.25,3.1,0,corps,34.988453248083864,0.9655
3690,2,39,19.50,2.2,0,corps,34.972962894370966,1.1279
3691,16,180,11.25,8.4,0,corps,34.95748028389896,1.6144
3692,7,83,11.86,4.4,0,corps,34.942005412797165,9.1961
3693,14,193,13.79,7.6,0,corps,34.9265382771969,2.0004
3694,16,275,17.19,8.4,0,corps,34.911078873231375,1.4060
3695,11,176,16.00,6.2,0,corps,34.89562719703571,1.2417
3696,5,81,16.20,3.6,0,corps,34.880183244747016,1.4330
3697,11,227,20.64,6.2,0,corps,34.86474701250429,1.2805
3698,9,139,15.44,5.3,0,corps,34.849318496448475,1.2768
3699,10,207,20.70,5.8,0,corps,34.83389769272245,0.9666
3700,11,120,10.91,6.2,0,corps,34.81848459747101,1.5986
3701,8,103,12.88,4.9,0,corps,34.80307920684088,1.7275
3702,18,272,15.11,9.3,0,corps,34.787681516980705,3.8806
3703,13,230,17.69,7.1,0,corps,34.77229152404108,1.3853
3704,4,95,23.75,3.1,0,corps,34.756909224174485,0.9434
3705,16,242,15.12,8.4,0,corps,34.741534613535364,1.4246
3706,25,297,11.88,12.4,0,corps,34.72616768828006,4.6012
3707,20,267,13.35,10.2,0,corps,34.71080844456683,1.6674
3708,14,225,16.07,7.6,0,corps,34.695456878555866,3.9573
3709,13,163,12.54,7.1,0,corps,34.6801129864093,6.4803
3710,12,150,12.50,6.7,0,corps,34.664776764291126,1.6717
3711,10,208,20.80,5.8,0,corps,34.64944820836731,1.1749
3712,21,220,10.48,10.7,0,corps,34.634127314805696,4.8764
3713,14,178,12.71,7.6,0,corps,34.61881407977607,5.8323
3714,12,167,13.92,6.7,0,corps,34.603508499450136,1.5088
3715,16,249,15.56,8.4,0,corps,34.58821057000148,1.4829
3716,14,228,16.29,7.6,0,corps,34.572920287605626,1.3154
3717,12,220,18.33,6.7,0,corps,34.55763764844001,1.0986
3718,3,58,19.33,2.7,0,corps,34.54236264868395,1.5829
3719,16,182,11.38,8.4,0,corps,34.52709528451872,1.6588
3720,3,64,21.33,2.7,0,corps,34.511835552127465,1.2384
3721,14,267,19.07,7.6,0,corps,34.49658344769526,1.1855
3722,18,247,13.72,9.3,0,corps,34.48133896740909,4.4020
3723,8,134,16.75,4.9,0,corps,34.46610210745781,6.0842
3724,10,165,16.50,5.8,0,corps,34.4508728640322,1.4630
3725,9,143,15.89,5.3,0,corps,34.43565123332498,4.8706
3726,11,124,11.27,6.2,0,corps,34.42043721153073,1.3879
3727,20,281,14.05,10.2,0,corps,34.405230794845934,1.5039
3728,16,283,17.69,8.4,0,corps,34.39003197946899,1.4247
3729,21,299,14.24,10.7,0,corps,34.37484076160021,1.5989
3730,3,90,30.00,2.7,0,corps,34.35965713744178,0.8392
3731,2,22,11.00,2.2,0,corps,34.344481103197786,1.8708
3732,14,183,13.07,7.6,0,corps,34.329312655074226,1.5979
3733,3,55,18.33,2.7,0,corps,34.31415178927899,1.6535
3734,25,275,11.00,12.4,0,corps,34.29899850202186,1.4515
3735,5,78,15.60,3.6,0,corps,34.28385278951451,1.3561
3736,2,39,19.50,2.2,0,corps,34.26871464797052,0.9454
3737,3,93,31.00,2.7,0,corps,34.25358407360534,0.8124
3738,10,110,11.00,5.8,0,corps,34.23846106263635,6.2460
3739,10,150,15.00,5.8,0,corps,34.223345611282774,1.7374
3740,3,64,21.33,2.7,0,corps,34.208237715765755,1.0861
3741,7,96,13.71,4.4,0,corps,34.19313737230832,1.6632
3742,11,106,9.64,6.2,0,corps,34.178044577135395,1.9997
3743,11,135,12.27,6.2,0,corps,34.162959326473775,1.8528
3744,8,100,12.50,4.9,0,corps,34.147881616552134,1.8025
3745,13,224,17.23,7.1,0,corps,34.132811443601064,1.4366
3746,15,229,15.27,8.0,0,corps,34.117748803853004,3.9057
3747,7,132,18.86,4.4,0,corps,34.10269369354231,1.3367
3748,9,211,23.44,5.3,0,corps,34.087646108905176,1.4150
3749,21,265,12.62,10.7,0,corps,34.07260604617974,4.0519
3750,16,271,16.94,8.4,0,corps,34.05757350160597,1.5112
3751,14,194,13.86,7.6,0,corps,34.04254847142575,1.4835
3752,23,309,13.43,11.6,0,corps,34.02753095188278,3.9636
3753,8,140,17.50,4.9,0,corps,34.0125209392227,1.5316
3754,7,82,11.71,4.4,0,corps,33.99751842969304,2.6609
3755,11,172,15.64,6.2,0,corps,33.98252341954313,1.6000
3756,6,87,14.50,4.0,0,corps,33.96753590502422,1.9576
3757,14,211,15.07,7.6,0,corps,33.952555882389454,1.7295
3758,15,186,12.40,8.0,0,corps,33.937583347893806,4.7634
3759,11,205,18.64,6.2,0,corps,33.92261829779416,1.4065
3760,3,32,10.67,2.7,0,corps,33.90766072834924,2.2132
3761,6,68,11.33,4.0,0,corps,33.892710635819654,1.4994
3762,3,42,14.00,2.7,0,corps,33.87776801646788,1.0089
3763,6,77,12.83,4.0,0,corps,33.862832866558286,1.2741
3764,9,117,13.00,5.3,0,corps,33.847905182357046,1.5891
3765,11,141,12.82,6.2,0,corps,33.83298496013226,1.3417
3766,8,99,12.38,4.9,0,corps,33.81807219615387,8.9798
3767,2,33,16.50,2.2,0,corps,33.80316688669369,1.1398
3768,9,104,11.56,5.3,0,corps,33.78826902802538,1.3585
3769,11,145,13.18,6.2,0,corps,33.77337861642447,6.3265
3770,16,335,20.94,8.4,0,corps,33.75849564816839,2.8990
3771,10,127,12.70,5.8,0,corps,33.743620119536374,6.3645
3772,20,378,18.90,10.2,0,corps,33.72875202680955,1.6260
3773,20,305,15.25,10.2,0,corps,33.713891366270865,1.2914
3774,3,31,10.33,2.7,0,corps,33.69903813420519,1.1951
3775,6,97,16.17,4.0,0,corps,33.6841923268992,1.4541
3776,8,111,13.88,4.9,0,corps,33.66935394064146,1.1412
3777,6,66,11.00,4.0,0,corps,33.654522971722336,1.4261
3778,12,157,13.08,6.7,0,corps,33.63969941643412,1.3033
3779,18,230,12.78,9.3,0,corps,33.62488327107092,1.5284
3780,2,47,23.50,2.2,0,corps,33.61007453192869,0.9530
3781,16,204,12.75,8.4,0,corps,33.59527319530524,2.2447
3782,9,161,17.89,5.3,0,corps,33.580479257500244,1.5352
3783,2,29,14.50,2.2,0,corps,33.56569271481521,1.3972
3784,11,132,12.00,6.2,0,corps,33.55091356355352,1.6803
3785,4,92,23.00,3.1,0,corps,33.53614180002037,1.0505
3786,20,302,15.10,10.2,0,corps,33.52137742052283,3.4714
3787,10,146,14.60,5.8,0,corps,33.506620421369796,1.6279
3788,7,105,15.00,4.4,0,corps,33.49187079887202,1.3592
3789,23,324,14.09,11.6,0,corps,33.47712854934209,1.8363
3790,11,122,11.09,6.2,0,corps,33.46239366909446,6.4322
3791,12,175,14.58,6.7,0,corps,33.4476661544454,5.0228
3792,8,84,10.50,4.9,0,corps,33.432946001713034,1.9951
3793,16,209,13.06,8.4,0,corps,33.41823320721731,3.5142
3794,6,75,12.50,4.0,0,corps,33.40352776728005,1.5576
3795,13,268,20.62,7.1,0,corps,33.38882967822489,1.6089
3796,9,152,16.89,5.3,0,corps,33.37413893637729,1.3010
3797,9,128,14.22,5.3,0,corps,33.35945553806458,1.6816
3798,6,50,8.33,4.0,0,corps,33.344779479615916,1.9963
3799,12,144,12.00,6.7,0,corps,33.33011075736227,2.1772
3800,4,27,6.75,3.1,0,corps,33.31544936763647,2.1957
3801,13,183,14.08,7.1,0,corps,33.30079530677315,4.4493
3802,6,118,19.67,4.0,0,corps,33.28614857110883,1.0302
3803,23,309,13.43,11.6,0,corps,33.27150915698179,1.7581
3804,16,229,14.31,8.4,0,corps,33.2568770607322,1.3195
3805,7,143,20.43,4.4,0,corps,33.242252278702026,1.0880
3806,6,100,16.67,4.0,0,corps,33.22763480723507,1.2805
3807,13,166,12.77,7.1,0,corps,33.21302464267697,1.4021
3808,9,138,15.33,5.3,0,corps,33.19842178137519,1.3418
3809,12,144,12.00,6.7,0,corps,33.183826219679,1.9534
3810,3,47,15.67,2.7,0,corps,33.169237953939515,0.9517
3811,2,17,8.50,2.2,0,corps,33.15465698050967,1.5828
3812,14,216,15.43,7.6,0,corps,33.14008329574423,1.4878
3813,9,105,11.67,5.3,0,corps,33.12551689599976,1.3332
3814,5,42,8.40,3.6,0,corps,33.11095777763466,1.7288
3815,4,89,22.25,3.1,0,corps,33.096405937009166,1.5700
3816,12,181,15.08,6.7,0,corps,33.081861370485306,1.0995
3817,18,272,15.11,9.3,0,corps,33.067324074426935,3.0094
3818,16,180,11.25,8.4,0,corps,33.05279404519973,1.4913
3819,5,62,12.40,3.6,0,corps,33.0382712791712,1.2098
3820,2,53,26.50,2.2,0,corps,33.023755772710636,0.9416
3821,2,30,15.00,2.2,0,corps,33.00924752218917,1.8755
3822,7,117,16.71,4.4,0,corps,32.994746523979735,1.3433
3823,13,173,13.31,7.1,0,corps,32.98025277445708,1.5774
3824,14,206,14.71,7.6,0,corps,32.965766269997765,4.2406
3825,5,61,12.20,3.6,0,corps,32.951287006980166,1.6286
3826,15,251,16.73,8.0,0,corps,32.93681498178448,1.6136
3827,9,104,11.56,5.3,0,corps,32.922350190792685,2.0607
3828,27,361,13.37,13.3,0,corps,32.90789263038859,1.5513
3829,12,170,14.17,6.7,0,corps,32.8934422969578,4.9732
3830,23,323,14.04,11.6,0,corps,32.87899918688774,3.0218
3831,5,52,10.40,3.6,0,corps,32.864563296567624,1.9899
3832,12,180,15.00,6.7,0,corps,32.85013462238848,4.4273
3833,10,161,16.10,5.8,0,corps,32.83571316074314,1.5037
3834,21,254,12.10,10.7,0,corps,32.82129890802625,1.8635
3835,4,75,18.75,3.1,0,corps,32.80689186063423,0.8478
3836,3,64,21.33,2.7,0,corps,32.79249201496533,1.1866
3837,4,39,9.75,3.1,0,corps,32.77809936741957,1.8306
3838,17,334,19.65,8.9,0,corps,32.76371391439882,1.3855
3839,2,67,33.50,2.2,0,corps,32.74933565230669,0.9063
3840,12,167,13.92,6.7,0,corps,32.734964577548624,5.8692
3841,7,86,12.29,4.4,0,corps,32.720600686531846,8.0032
3842,6,131,21.83,4.0,0,corps,32.7062439756654,1.5161
3843,5,85,17.00,3.6,0,corps,32.6918944413601,1.1936
3844,25,353,14.12,12.4,0,corps,32.67755208002855,1.4035
3845,4,69,17.25,3.1,0,corps,32.66321688808517,0.9949
3846,13,187,14.38,7.1,0,corps,32.648888861946155,1.3004
3847,7,104,14.86,4.4,0,corps,32.63456799802952,1.3640
3848,5,65,13.00,3.6,0,corps,32.62025429275502,1.6107
3849,17,241,14.18,8.9,0,corps,32.60594774254425,1.7382
3850,13,125,9.62,7.1,0,corps,32.59164834382056,2.1409
3851,16,199,12.44,8.4,0,corps,32.577356093009115,1.7141
3852,16,179,11.19,8.4,0,corps,32.56307098653683,3.7246
3853,9,158,17.56,5.3,0,corps,32.54879302083245,1.2820
3854,19,225,11.84,9.8,0,corps,32.53452219232646,1.5625
3855,10,195,19.50,5.8,0,corps,32.52025849745119,4.2136
3856,8,133,16.62,4.9,0,corps,32.50600193264067,1.0785
3857,16,191,11.94,8.4,0,corps,32.49175249433079,1.5318
3858,9,81,9.00,5.3,0,corps,32.477510178959186,11.1616
3859,17,321,18.88,8.9,0,corps,32.46327498296527,1.5854
3860,18,282,15.67,9.3,0,corps,32.44904690279024,1.4089
3861,18,297,16.50,9.3,0,corps,32.4348259348771,1.4778
3862,26,350,13.46,12.9,0,corps,32.42061207567058,2.3304
3863,13,203,15.62,7.1,0,corps,32.406405321617235,1.3732
3864,11,190,17.27,6.2,0,corps,32.39220566916538,1.2384
3865,9,123,13.67,5.3,0,corps,32.37801311476506,5.8134
3866,16,300,18.75,8.4,0,corps,32.36382765486819,1.5184
3867,9,146,16.22,5.3,0,corps,32.34964928592837,4.7530
3868,6,128,21.33,4.0,0,corps,32.335478004401025,1.2368
3869,12,209,17.42,6.7,0,corps,32.321313806743326,3.9683
3870,9,156,17.33,5.3,0,corps,32.30715668941422,1.4745
3871,11,183,16.64,6.2,0,corps,32.293006648874446,1.2817
3872,13,282,21.69,7.1,0,corps,32.27886368158648,1.2758
3873,11,114,10.36,6.2,0,corps,32.264727784014575,2.3939
3874,5,52,10.40,3.6,0,corps,32.25059895262476,1.5663
3875,15,185,12.33,8.0,0,corps,32.23647718388484,1.5022
3876,9,136,15.11,5.3,0,corps,32.222362474264365,1.8407
3877,3,36,12.00,2.7,0,corps,32.20825482023465,1.5056
3878,18,257,14.28,9.3,0,corps,32.194154218268785,2.9756
3879,10,167,16.70,5.8,0,corps,32.18006066484162,1.3240
3880,11,175,15.91,6.2,0,corps,32.16597415642977,1.1696
3881,4,85,21.25,3.1,0,corps,32.15189468951161,1.0930
3882,10,127,12.70,5.8,0,corps,32.13782226056726,1.4685
3883,11,150,13.64,6.2,0,corps,32.12375686607863,1.5673
3884,21,326,15.52,10.7,0,corps,32.10969850252936,1.3662
3885,4,57,14.25,3.1,0,corps,32.095647166404866,1.2034
3886,13,117,9.00,7.1,0,corps,32.0816028541923,2.8081
3887,12,125,10.42,6.7,0,corps,32.0675655623806,7.6702
3888,4,60,15.00,3.1,0,corps,32.05353528746044,1.7355
3889,4,57,14.25,3.1,0,corps,32.039512025924246,1.5546
3890,3,59,19.67,2.7,0,corps,32.025495774266204,1.0797
3891,3,45,15.00,2.7,0,corps,32.011486528982246,1.1238
3892,5,79,15.80,3.6,0,corps,31.997484286570078,1.2926
3893,16,198,12.38,8.4,0,corps,31.983489043529122,1.9201
3894,16,201,12.56,8.4,0,corps,31.969500796360567,1.7408
3895,4,69,17.25,3.1,0,corps,31.955519541567362,1.1307
3896,21,325,15.48,10.7,0,corps,31.94154527565419,1.8770
3897,12,139,11.58,6.7,0,corps,31.927577995127482,6.0658
3898,2,40,20.00,2.2,0,corps,31.91361769649541,0.6085
3899,7,97,13.86,4.4,0,corps,31.89966437626791,1.8204
3900,14,268,19.14,7.6,0,corps,31.88571803095666,1.2238
3901,11,164,14.91,6.2,0,corps,31.871778657075055,1.4858
3902,5,60,12.00,3.6,0,corps,31.857846251138255,1.0679
3903,7,82,11.71,4.4,0,corps,31.843920809663175,1.1630
3904,4,102,25.50,3.1,0,corps,31.830002329168433,0.6539
3905,6,124,20.67,4.0,0,corps,31.81609080617442,0.8772
3906,6,55,9.17,4.0,0,corps,31.80218623720325,1.6387
3907,11,178,16.18,6.2,0,corps,31.788288618778793,1.3648
3908,10,149,14.90,5.8,0,corps,31.774397947426632,0.9580
3909,13,144,11.08,7.1,0,corps,31.760514219674103,6.1154
3910,11,168,15.27,6.2,0,corps,31.746637432050267,1.2335
3911,15,164,10.93,8.0,0,corps,31.732767581085934,2.0442
3912,23,352,15.30,11.6,0,corps,31.71890466331365,2.8558
3913,4,58,14.50,3.1,0,corps,31.705048675267676,1.2985
3914,3,27,9.00,2.7,0,corps,31.691199613484006,1.6957
3915,16,189,11.81,8.4,0,corps,31.67735747450039,2.0501
3916,4,65,16.25,3.1,0,corps,31.66352225485628,1.0820
3917,27,394,14.59,13.3,0,corps,31.64969395109289,1.4370
3918,9,138,15.33,5.3,0,corps,31.635872559753114,1.1824
3919,4,72,18.00,3.1,0,corps,31.62205807738163,1.0431
3920,19,227,11.95,9.8,0,corps,31.60825050052482,1.6221
3921,7,98,14.00,4.4,0,corps,31.59444982573077,1.5314
3922,12,185,15.42,6.7,0,corps,31.580656049549315,1.4753
3923,6,110,18.33,4.0,0,corps,31.566869168532026,1.4423
3924,10,117,11.70,5.8,0,corps,31.55308917923217,1.6259
3925,3,58,19.33,2.7,0,corps,31.53931607820475,1.1805
3926,15,231,15.40,8.0,0,corps,31.525549862006486,1.5776
3927,7,119,17.00,4.4,0,corps,31.511790527195842,1.2088
3928,16,283,17.69,8.4,0,corps,31.498038070332967,1.5325
3929,14,167,11.93,7.6,0,corps,31.484292487979758,1.5589
3930,4,29,7.25,3.1,0,corps,31.470553776699806,1.6296
3931,2,12,6.00,2.2,0,corps,31.45682193305845,3.4537
3932,5,101,20.20,3.6,0,corps,31.443096953622717,1.2018
3933,11,191,17.36,6.2,0,corps,31.429378834961362,5.4656
3934,16,209,13.06,8.4,0,corps,31.41566757364486,1.7694
3935,11,255,23.18,6.2,0,corps,31.4019631662454,1.1105
3936,4,47,11.75,3.1,0,corps,31.38826560933687,2.0049
3937,8,113,14.12,4.9,0,corps,31.37457489949489,1.5770
3938,4,61,15.25,3.1,0,corps,31.360891033296767,1.1184
3939,3,54,18.00,2.7,0,corps,31.34721400732155,1.0808
3940,7,104,14.86,4.4,0,corps,31.333543818149984,1.8460
3941,5,70,14.00,3.6,0,corps,31.31988046236451,1.2758
3942,17,200,11.76,8.9,0,corps,31.306223936549287,2.2308
3943,12,132,11.00,6.7,0,corps,31.2925742372902,1.7521
3944,6,96,16.00,4.0,0,corps,31.278931361174813,1.3577
3945,3,63,21.00,2.7,0,corps,31.2652953047924,0.8508
3946,7,70,10.00,4.4,0,corps,31.251666064733957,3.0221
3947,8,83,10.38,4.9,0,corps,31.238043637592178,1.6769
3948,7,113,16.14,4.4,0,corps,31.224428019961454,1.7082
3949,10,177,17.70,5.8,0,corps,31.210819208437872,4.4624
3950,16,183,11.44,8.4,0,corps,31.197217199619224,1.9236
3951,6,66,11.00,4.0,0,corps,31.183621990105024,1.7694
3952,8,155,19.38,4.9,0,corps,31.17003357649647,1.1141
3953,11,135,12.27,6.2,0,corps,31.15645195539645,1.8939
3954,8,74,9.25,4.9,0,corps,31.14287712340956,2.4188
3955,8,71,8.88,4.9,0,corps,31.129309077142086,2.2800
3956,14,236,16.86,7.6,0,corps,31.115747813202027,1.2013
3957,17,253,14.88,8.9,0,corps,31.102193328199064,1.3147
3958,12,188,15.67,6.7,0,corps,31.08864561874457,4.1783
3959,3,60,20.00,2.7,0,corps,31.07510468145162,1.5187
3960,3,39,13.00,2.7,0,corps,31.06157051293499,2.8753
3961,16,314,19.62,8.4,0,corps,31.048043109811125,3.1007
3962,13,189,14.54,7.1,0,corps,31.03452246869817,1.5695
3963,14,171,12.21,7.6,0,corps,31.021008586215988,1.1204
3964,13,208,16.00,7.1,0,corps,31.007501458986088,1.2651
3965,32,529,16.53,15.6,0,corps,30.99400108363169,1.6447
3966,16,230,14.38,8.4,0,corps,30.9805074567777,3.8254
3967,2,39,19.50,2.2,0,corps,30.967020575050718,0.9235
3968,18,306,17.00,9.3,0,corps,30.953540435079024,1.0460
3969,24,296,12.33,12.0,0,corps,30.94006703349258,1.5777
3970,16,204,12.75,8.4,0,corps,30.92660036692303,1.4987
3971,8,82,10.25,4.9,0,corps,30.913140432003715,1.4875
3972,21,212,10.10,10.7,0,corps,30.89968722536965,4.7868
3973,16,266,16.62,8.4,0,corps,30.886240743657524,2.8801
3974,12,147,12.25,6.7,0,corps,30.872800983505726,6.5062
3975,21,346,16.48,10.7,0,corps,30.859367941554318,2.5086
3976,8,137,17.12,4.9,0,corps,30.84594161444503,1.7532
3977,6,77,12.83,4.0,0,corps,30.832521998821292,1.5605
3978,8,75,9.38,4.9,0,corps,30.81910909132819,2.2500
3979,21,330,15.71,10.7,0,corps,30.805702888612498,1.4146
3980,14,167,11.93,7.6,0,corps,30.792303387322672,6.5841
3981,2,46,23.00,2.2,0,corps,30.778910584108832,0.9108
3982,6,102,17.00,4.0,0,corps,30.765524475622776,1.2833
3983,15,188,12.53,8.0,0,corps,30.752145058517975,4.0089
3984,11,214,19.45,6.2,0,corps,30.73877232944959,2.6710
3985,18,240,13.33,9.3,0,corps,30.72540628507442,3.4674
3986,7,124,17.71,4.4,0,corps,30.712046922050952,1.3311
3987,10,147,14.70,5.8,0,corps,30.69869423703936,2.4803
3988,14,189,13.50,7.6,0,corps,30.68534822670147,1.6695
3989,9,102,11.33,5.3,0,corps,30.672008887700773,1.6552
3990,20,260,13.00,10.2,0,corps,30.65867621670243,2.8578
3991,14,184,13.14,7.6,0,corps,30.64535021037329,2.6302
3992,15,197,13.13,8.0,0,corps,30.632030865381836,1.6630
3993,3,29,9.67,2.7,0,corps,30.61871817839824,1.6102
3994,8,120,15.00,4.9,0,corps,30.605412146094324,5.3670
3995,2,76,38.00,2.2,0,corps,30.592112765143586,0.9361
3996,10,115,11.50,5.8,0,corps,30.578820032221177,3.4368
3997,14,224,16.00,7.6,0,corps,30.56553394400392,1.5724
3998,10,156,15.60,5.8,0,corps,30.552254497170274,1.5794
3999,14,267,19.07,7.6,0,corps,30.5389816884004,2.4239
4000,7,162,23.14,4.4,0,corps,30.52571551437609,1.0744
4001,9,102,11.33,5.3,0,corps,30.51245597178078,1.7123
4002,3,71,23.67,2.7,0,corps,30.499203057299624,1.0310
4003,10,166,16.60,5.8,0,corps,30.48595676761935,2.1118
4004,18,254,14.11,9.3,0,corps,30.472717099428426,1.9615
4005,6,70,11.67,4.0,0,corps,30.459484049416897,1.9412
4006,26,403,15.50,12.9,0,corps,30.44625761427652,2.6979
4007,10,172,17.20,5.8,0,corps,30.433037790700695,1.5400
4008,34,467,13.74,16.4,0,corps,30.419824575384446,3.3962
4009,25,407,16.28,12.4,0,corps,30.40661796502448,2.6384
4010,20,264,13.20,10.2,0,corps,30.393417956319148,2.4655
4011,3,37,12.33,2.7,0,corps,30.38022454596843,1.7554
4012,14,150,10.71,7.6,0,corps,30.367037730674006,2.3599
4013,14,198,14.14,7.6,0,corps,30.353857507139136,1.7432
4014,24,345,14.38,12.0,0,corps,30.34068387206878,3.1166
4015,17,224,13.18,8.9,0,corps,30.327516822169542,3.5732
4016,26,360,13.85,12.9,0,corps,30.314356354149634,4.0208
4017,12,171,14.25,6.7,0,corps,30.30120246471895,2.2594
4018,2,51,25.50,2.2,0,corps,30.288055150589038,1.0273
4019,21,360,17.14,10.7,0,corps,30.27491440847303,1.3042
4020,10,133,13.30,5.8,0,corps,30.261780235085773,1.7294
4021,7,105,15.00,4.4,0,corps,30.248652627143706,1.2220
4022,25,280,11.20,12.4,0,corps,30.23553158136493,1.7908
4023,21,427,20.33,10.7,0,corps,30.222417094469193,3.3594
4024,26,466,17.92,12.9,0,corps,30.20930916317786,3.2415
4025,8,146,18.25,4.9,0,corps,30.196207784213957,4.8534
4026,4,33,8.25,3.1,0,corps,30.183112954302143,2.4049
4027,10,93,9.30,5.8,0,corps,30.170024670168694,1.7927
4028,11,205,18.64,6.2,0,corps,30.156942928541557,1.4702
4029,22,283,12.86,11.1,0,corps,30.14386772615028,1.8563
4030,9,131,14.56,5.3,0,corps,30.130799059726073,4.8998
4031,8,152,19.00,4.9,0,corps,30.117736926001776,1.0737
4032,7,109,15.57,4.4,0,corps,30.104681321711833,0.9545
4033,20,241,12.05,10.2,0,corps,30.091632243592358,1.3637
4034,17,312,18.35,8.9,0,corps,30.07858968838109,1.4607
4035,9,99,11.00,5.3,0,corps,30.06555365281737,1.6828
4036,6,75,12.50,4.0,0,corps,30.052524133642216,1.4541
4037,20,335,16.75,10.2,0,corps,30.039501127598218,0.9341
4038,25,304,12.16,12.4,0,corps,30.02648463142963,1.7234
4039,13,146,11.23,7.1,0,corps,30.013474641882354,1.4029
4040,11,139,12.64,6.2,0,corps,30.000471155703856,1.4172
4041,4,70,17.50,3.1,0,corps,29.987474169643285,1.2278
4042,5,66,13.20,3.6,0,corps,29.974483680451403,1.1298
4043,4,57,14.25,3.1,0,corps,29.961499684880565,1.2447
4044,14,189,13.50,7.6,0,corps,29.948522179684794,1.1879
4045,5,51,10.20,3.6,0,corps,29.935551161619696,1.2323
4046,3,76,25.33,2.7,0,corps,29.92258662744252,0.9291
4047,7,89,12.71,4.4,0,corps,29.90962857391215,1.3957
4048,4,68,17.00,3.1,0,corps,29.89667699778904,0.9697
4049,10,142,14.20,5.8,0,corps,29.883731895835318,5.1348
4050,12,213,17.75,6.7,0,corps,29.870793264814722,1.2963
4051,4,49,12.25,3.1,0,corps,29.857861101492556,1.5056
4052,11,176,16.00,6.2,0,corps,29.84493540263582,1.1690
4053,16,275,17.19,8.4,0,corps,29.83201616501305,3.6285
4054,6,147,24.50,4.0,0,corps,29.819103385394463,1.0672
4055,9,97,10.78,5.3,0,corps,29.80619706055187,1.1953
4056,19,248,13.05,9.8,0,corps,29.79329718725866,1.3707
4057,7,118,16.86,4.4,0,corps,29.780403762289875,1.4912
4058,8,117,14.62,4.9,0,corps,29.767516782422188,1.1608
4059,23,300,13.04,11.6,0,corps,29.75463624443381,1.4216
4060,7,97,13.86,4.4,0,corps,29.74176214510465,1.1397
4061,20,297,14.85,10.2,0,corps,29.728894481216134,1.4099
4062,20,232,11.60,10.2,0,corps,29.716033249551383,3.5519
4063,16,216,13.50,8.4,0,corps,29.70317844689509,3.1464
4064,3,50,16.67,2.7,0,corps,29.69033007003353,1.1885
4065,3,58,19.33,2.7,0,corps,29.67748811575462,1.7378
4066,7,98,14.00,4.4,0,corps,29.66465258084788,1.1284
4067,7,117,16.71,4.4,0,corps,29.65182346210441,1.3274
4068,22,405,18.41,11.1,0,corps,29.639000756316953,1.0201
4069,15,161,10.73,8.0,0,corps,29.626184460279802,5.2431
4070,6,102,17.00,4.0,0,corps,29.613374570788903,1.3678
4071,32,452,14.12,15.6,0,corps,29.600571084641793,2.6652
4072,12,157,13.08,6.7,0,corps,29.587773998637573,3.3270
4073,14,155,11.07,7.6,0,corps,29.57498330957699,2.2675
4074,5,92,18.40,3.6,0,corps,29.56219901426238,1.2511
4075,13,164,12.62,7.1,0,corps,29.549421109497644,1.6750
4076,3,55,18.33,2.7,0,corps,29.536649592088327,0.9570
4077,19,193,10.16,9.8,0,corps,29.523884458841525,1.9578
4078,5,77,15.40,3.6,0,corps,29.511125706565977,1.3200
4079,17,235,13.82,8.9,0,corps,29.498373332072003,2.5433
4080,8,115,14.38,4.9,0,corps,29.485627332171475,1.5568
4081,4,39,9.75,3.1,0,corps,29.47288770367792,1.8872
4082,18,212,11.78,9.3,0,corps,29.460154443406434,3.7128
4083,19,243,12.79,9.8,0,corps,29.44742754817367,2.1126
4084,11,135,12.27,6.2,0,corps,29.43470701479795,2.2446
4085,7,181,25.86,4.4,0,corps,29.421992840099097,0.9757
4086,9,123,13.67,5.3,0,corps,29.409285020898597,2.1269
4087,15,214,14.27,8.0,0,corps,29.396583554019486,3.2494
4088,22,308,14.00,11.1,0,corps,29.383888436286387,1.5107
4089,11,134,12.18,6.2,0,corps,29.371199664525527,1.7755
4090,15,258,17.20,8.0,0,corps,29.35851723556473,2.5550
4091,4,51,12.75,3.1,0,corps,29.345841146233358,1.9281
4092,7,108,15.43,4.4,0,corps,29.333171393362417,1.6566
4093,2,15,7.50,2.2,0,corps,29.320507973784455,1.8468
4094,18,271,15.06,9.3,0,corps,29.307850884333607,1.8070
4095,10,102,10.20,5.8,0,corps,29.295200121845628,2.0057
4096,12,232,19.33,6.7,0,corps,29.282555683157803,1.5870
4097,15,182,12.13,8.0,0,corps,29.269917565109022,1.6865
4098,14,187,13.36,7.6,0,corps,29.25728576453978,4.8099
4099,3,30,10.00,2.7,0,corps,29.244660278292102,1.5565
4100,4,40,10.00,3.1,0,corps,29.232041103209628,2.3351
4101,18,302,16.78,9.3,0,corps,29.219428236137556,1.1310
4102,30,351,11.70,14.7,0,corps,29.206821673922672,3.3070
4103,13,183,14.08,7.1,0,corps,29.194221413413352,1.4468
4104,23,359,15.61,11.6,0,corps,29.1816274514595,1.2265
4105,4,32,8.00,3.1,0,corps,29.16903978491265,2.0708
4106,19,267,14.05,9.8,0,corps,29.156458410625884,3.6715
4107,16,241,15.06,8.4,0,corps,29.14388332545384,3.2638
4108,14,186,13.29,7.6,0,corps,29.131314526252773,4.1925
4109,3,90,30.00,2.7,0,corps,29.11875200988045,0.6513
4110,17,311,18.29,8.9,0,corps,29.106195773196262,2.0794
4111,12,199,16.58,6.7,0,corps,29.093645813061165,1.4155
4112,19,313,16.47,9.8,0,corps,29.081102126337637,1.4468
4113,15,153,10.20,8.0,0,corps,29.068564709889777,4.6001
4114,18,247,13.72,9.3,0,corps,29.056033560583234,2.4249
4115,13,179,13.77,7.1,0,corps,29.04350867528519,2.5736
4116,17,320,18.82,8.9,0,corps,29.030990050864467,2.4295
4117,13,174,13.38,7.1,0,corps,29.018477684191375,1.5689
4118,23,559,24.30,11.6,0,corps,29.005971572137828,1.3002
4119,5,99,19.80,3.6,0,corps,28.993471711577328,0.9680
4120,7,144,20.57,4.4,0,corps,28.980978099384863,1.1571
4121,7,110,15.71,4.4,0,corps,28.96849073243705,1.6238
4122,16,200,12.50,8.4,0,corps,28.956009607612078,2.2721
4123,16,307,19.19,8.4,0,corps,28.943534721789614,1.2967
4124,15,219,14.60,8.0,0,corps,28.93106607185097,2.8159
4125,18,360,20.00,9.3,0,corps,28.918603654678975,1.3468
4126,13,157,12.08,7.1,0,corps,28.90614746715801,1.6478
4127,3,31,10.33,2.7,0,corps,28.893697506174064,1.9193
4128,7,118,16.86,4.4,0,corps,28.881253768614602,1.1878
4129,13,155,11.92,7.1,0,corps,28.868816251368735,1.8057
4130,34,515,15.15,16.4,0,corps,28.856384951327037,1.9266
4131,18,329,18.28,9.3,0,corps,28.843959865381713,1.2949
4132,8,107,13.38,4.9,0,corps,28.831540990426497,1.1968
4133,16,218,13.62,8.4,0,corps,28.81912832335664,1.4331
4134,11,152,13.82,6.2,0,corps,28.806721861068997,1.2314
4135,13,189,14.54,7.1,0,corps,28.79432160046196,1.5472
4136,24,409,17.04,12.0,0,corps,28.781927538435443,1.5726
4137,2,40,20.00,2.2,0,corps,28.769539671890946,1.3389
4138,5,78,15.60,3.6,0,corps,28.757157997731486,1.3810
4139,6,67,11.17,4.0,0,corps,28.74478251286166,1.7259
4140,14,165,11.79,7.6,0,corps,28.732413214187595,1.5890
4141,12,176,14.67,6.7,0,corps,28.720050098616955,4.6979
4142,19,348,18.32,9.8,0,corps,28.707693163058966,1.3208
4143,4,58,14.50,3.1,0,corps,28.695342404424412,1.4501
4144,6,127,21.17,4.0,0,corps,28.682997819625577,1.3191
4145,13,145,11.15,7.1,0,corps,28.67065940557633,3.7178
4146,10,173,17.30,5.8,0,corps,28.65832715919206,1.3237
4147,10,157,15.70,5.8,0,corps,28.646001077389705,4.7895
4148,16,262,16.38,8.4,0,corps,28.633681157087754,2.5007
4149,4,61,15.25,3.1,0,corps,28.62136739520621,1.6899
4150,16,230,14.38,8.4,0,corps,28.609059788666652,1.5659
4151,16,274,17.12,8.4,0,corps,28.596758334392174,3.1015
4152,22,302,13.73,11.1,0,corps,28.584463029307393,3.2629
4153,12,174,14.50,6.7,0,corps,28.572173870338517,1.5965
4154,8,135,16.88,4.9,0,corps,28.559890854413222,1.2055
4155,9,137,15.22,5.3,0,corps,28.547613978460763,1.1685
4156,14,190,13.57,7.6,0,corps,28.535343239411944,1.3142
4157,7,92,13.14,4.4,0,corps,28.523078634199052,1.7382
4158,7,136,19.43,4.4,0,corps,28.51082015975594,1.0326
4159,5,86,17.20,3.6,0,corps,28.49856781301801,1.0928
4160,13,195,15.00,7.1,0,corps,28.486321590922152,1.2882
4161,11,123,11.18,6.2,0,corps,28.474081490406828,1.5610
4162,14,197,14.07,7.6,0,corps,28.461847508411996,1.2788
4163,10,162,16.20,5.8,0,corps,28.449619641879163,5.9431
4164,13,238,18.31,7.1,0,corps,28.43739788775138,4.1570
4165,8,100,12.50,4.9,0,corps,28.42518224297319,1.6242
4166,11,138,12.55,6.2,0,corps,28.412972704490684,1.3845
4167,11,128,11.64,6.2,0,corps,28.400769269251498,1.1714
4168,28,472,16.86,13.8,0,corps,28.388571934204737,2.1495
4169,6,126,21.00,4.0,0,corps,28.376380696301105,0.8372
4170,2,9,4.50,2.2,0,corps,28.36419555249276,2.8195
4171,20,277,13.85,10.2,0,corps,28.35201649973343,1.1369
4172,4,75,18.75,3.1,0,corps,28.33984353497836,0.9239
4173,17,185,10.88,8.9,0,corps,28.32767665518429,1.3904
4174,20,291,14.55,10.2,0,corps,28.315515857309514,2.8889
4175,20,340,17.00,10.2,0,corps,28.303361138313836,1.1245
4176,7,100,14.29,4.4,0,corps,28.291212495158565,1.3169
4177,11,168,15.27,6.2,0,corps,28.27906992480655,6.8447
4178,12,146,12.17,6.7,0,corps,28.26693342422213,1.4282
4179,12,173,14.42,6.7,0,corps,28.254802990371196,1.2958
4180,12,178,14.83,6.7,0,corps,28.242678620221145,1.1097
4181,10,123,12.30,5.8,0,corps,28.230560310740866,5.5633
4182,6,85,14.17,4.0,0,corps,28.21844805890079,1.2360
4183,7,132,18.86,4.4,0,corps,28.20634186167287,1.2993
4184,16,201,12.56,8.4,0,corps,28.194241716030522,3.8798
4185,23,383,16.65,11.6,0,corps,28.182147618948743,2.9784
4186,3,41,13.67,2.7,0,corps,28.17005956740399,0.9245
4187,8,107,13.38,4.9,0,corps,28.15797755837425,6.2259
4188,10,158,15.80,5.8,0,corps,28.145901588839035,5.2585
4189,14,239,17.07,7.6,0,corps,28.133831655779336,3.7768
4190,16,268,16.75,8.4,0,corps,28.121767756177668,1.2707
4191,11,137,12.45,6.2,0,corps,28.10970988701808,1.4055
4192,20,311,15.55,10.2,0,corps,28.097658045286085,1.9109
4193,21,280,13.33,10.7,0,corps,28.08561222796873,2.2266
4194,4,41,10.25,3.1,0,corps,28.07357243205455,3.0963
4195,11,168,15.27,6.2,0,corps,28.061538654533603,1.2272
4196,18,263,14.61,9.3,0,corps,28.049510892397457,1.6643
4197,16,226,14.12,8.4,0,corps,28.037489142639142,2.8687
4198,10,89,8.90,5.8,0,corps,28.025473402253244,2.2262
4199,2,21,10.50,2.2,0,corps,28.013463668235833,1.2250
4200,7,104,14.86,4.4,0,corps,28.00145993758445,4.7927
4201,20,222,11.10,10.2,0,corps,27.98946220729819,1.6263
4202,20,217,10.85,10.2,0,corps,27.977470474377597,1.7539
4203,7,137,19.57,4.4,0,corps,27.96548473582474,0.9949
4204,7,115,16.43,4.4,0,corps,27.953504988643214,1.2768
4205,13,180,13.85,7.1,0,corps,27.94153122983804,1.4205
4206,2,23,11.50,2.2,0,corps,27.929563456415803,1.2793
4207,15,177,11.80,8.0,0,corps,27.917601665384563,4.5311
4208,9,123,13.67,5.3,0,corps,27.905645853753853,4.8061
4209,30,438,14.60,14.7,0,corps,27.89369601853474,3.4096
4210,13,182,14.00,7.1,0,corps,27.881752156739747,1.6738
4211,20,297,14.85,10.2,0,corps,27.86981426538292,3.5127
4212,17,210,12.35,8.9,0,corps,27.857882341479794,2.3219
4213,11,252,22.91,6.2,0,corps,27.845956382047365,1.2054
4214,15,179,11.93,8.0,0,corps,27.834036384104156,2.4401
4215,16,256,16.00,8.4,0,corps,27.82212234467018,1.1524
4216,20,220,11.00,10.2,0,corps,27.8102142607669,1.9628
4217,14,196,14.00,7.6,0,corps,27.798312129417326,1.3935
4218,3,52,17.33,2.7,0,corps,27.786415947645892,0.9868
4219,8,99,12.38,4.9,0,corps,27.77452571247857,1.8719
4220,9,121,13.44,5.3,0,corps,27.762641420942806,1.2434
4221,15,258,17.20,8.0,0,corps,27.75076307006752,1.2390
4222,24,333,13.88,12.0,0,corps,27.738890656883118,1.9046
4223,23,435,18.91,11.6,0,corps,27.727024178421516,1.4277
4224,3,42,14.00,2.7,0,corps,27.715163631716074,1.3228
4225,2,30,15.00,2.2,0,corps,27.703309013801668,1.0389
4226,17,172,10.12,8.9,0,corps,27.691460321714633,3.1928
4227,11,158,14.36,6.2,0,corps,27.679617552492804,1.7962
4228,21,338,16.10,10.7,0,corps,27.66778070317549,1.6514
4229,8,124,15.50,4.9,0,corps,27.655949770803474,1.2526
4230,6,99,16.50,4.0,0,corps,27.644124752419017,7.3134
4231,9,174,19.33,5.3,0,corps,27.632305645065884,1.0937
4232,22,324,14.73,11.1,0,corps,27.620492445789274,3.4747
4233,25,410,16.40,12.4,0,corps,27.60868515163591,1.5428
4234,6,70,11.67,4.0,0,corps,27.596883759653945,9.6859
4235,24,474,19.75,12.0,0,corps,27.58508826689305,2.5159
4236,14,199,14.21,7.6,0,corps,27.573298670404345,3.9000
4237,27,440,16.30,13.3,0,corps,27.561514967240424,1.4868
4238,7,65,9.29,4.4,0,corps,27.549737154455368,1.6374
4239,28,389,13.89,13.8,0,corps,27.53796522910473,1.9305
4240,9,89,9.89,5.3,0,corps,27.526199188245513,1.9848
4241,13,203,15.62,7.1,0,corps,27.514439028936234,1.1068
4242,10,145,14.50,5.8,0,corps,27.502684748236817,1.2025
4243,18,263,14.61,9.3,0,corps,27.49093634320871,1.2218
4244,19,272,14.32,9.8,0,corps,27.479193810914822,0.9985
4245,6,73,12.17,4.0,0,corps,27.467457148419495,1.2498
4246,2,26,13.00,2.2,0,corps,27.455726352788577,1.2538
4247,18,260,14.44,9.3,0,corps,27.444001421089386,4.3924
4248,6,70,11.67,4.0,0,corps,27.432282350390665,1.3020
4249,11,187,17.00,6.2,0,corps,27.42056913776265,1.4618
4250,12,158,13.17,6.7,0,corps,27.408861780277043,1.1355
4251,3,42,14.00,2.7,0,corps,27.397160275007,0.9093
4252,25,277,11.08,12.4,0,corps,27.385464619027154,4.3367
4253,9,156,17.33,5.3,0,corps,27.373774809413582,1.0969
4254,9,120,13.33,5.3,0,corps,27.36209084324384,1.1142
4255,9,98,10.89,5.3,0,corps,27.35041271759692,1.5242
4256,11,150,13.64,6.2,0,corps,27.338740429553297,1.1140
4257,3,39,13.00,2.7,0,corps,27.32707397619492,1.3222
4258,8,101,12.62,4.9,0,corps,27.315413354605152,1.5699
4259,6,68,11.33,4.0,0,corps,27.303758561868836,1.7476
4260,2,26,13.00,2.2,0,corps,27.29210959507229,1.5109
4261,7,66,9.43,4.4,0,corps,27.28046645130326,1.8674
4262,7,91,13.00,4.4,0,corps,27.268829127650974,1.5228
4263,23,295,12.83,11.6,0,corps,27.257197621206075,1.8650
4264,12,147,12.25,6.7,0,corps,27.24557192906071,1.4173
4265,4,65,16.25,3.1,0,corps,27.233952048308453,1.2952
4266,6,66,11.00,4.0,0,corps,27.22233797604432,1.5021
4267,15,201,13.40,8.0,0,corps,27.2107297093648,1.9516
4268,13,131,10.08,7.1,0,corps,27.199127245367844,1.9651
4269,7,99,14.14,4.4,0,corps,27.187530581152807,1.4981
4270,16,208,13.00,8.4,0,corps,27.175939713820547,1.5597
4271,14,140,10.00,7.6,0,corps,27.164354640473327,1.5496
4272,14,148,10.57,7.6,0,corps,27.152775358214885,1.5553
4273,8,103,12.88,4.9,0,corps,27.141201864150418,1.3133
4274,17,195,11.47,8.9,0,corps,27.12963415538652,1.6230
4275,4,41,10.25,3.1,0,corps,27.118072229031288,1.7759
4276,15,207,13.80,8.0,0,corps,27.106516082194236,2.9859
4277,24,317,13.21,12.0,0,corps,27.094965711986323,3.6088
4278,15,192,12.80,8.0,0,corps,27.08342111551996,1.3649
4279,17,229,13.47,8.9,0,corps,27.071882289908995,1.4544
4280,10,109,10.90,5.8,0,corps,27.06034923226872,5.4647
4281,20,300,15.00,10.2,0,corps,27.04882193971588,3.5728
4282,18,302,16.78,9.3,0,corps,27.037300409368637,3.8045
4283,7,90,12.86,4.4,0,corps,27.025784638346618,1.8272
4284,13,140,10.77,7.1,0,corps,27.01427462377089,5.8078
4285,4,30,7.50,3.1,0,corps,27.00277036276392,2.0980
4286,22,295,13.41,11.1,0,corps,26.991271852449678,1.5087
4287,20,311,15.55,10.2,0,corps,26.979779089953503,1.7682
4288,5,67,13.40,3.6,0,corps,26.96829207240222,1.7952
4289,8,116,14.50,4.9,0,corps,26.956810796924092,1.5372
4290,10,132,13.20,5.8,0,corps,26.94533526064877,1.4687
4291,16,152,9.50,8.4,0,corps,26.93386546070738,4.8679
4292,4,97,24.25,3.1,0,corps,26.922401394232487,1.1161
4293,11,151,13.73,6.2,0,corps,26.91094305835805,3.9472
4294,17,189,11.12,8.9,0,corps,26.89949045021951,2.4886
4295,17,226,13.29,8.9,0,corps,26.888043566953684,4.2936
4296,24,331,13.79,12.0,0,corps,26.87660240569888,2.9218
4297,23,349,15.17,11.6,0,corps,26.8651669635948,1.6412
4298,26,406,15.62,12.9,0,corps,26.85373723778257,1.4720
4299,9,115,12.78,5.3,0,corps,26.84231322540477,1.8038
4300,4,73,18.25,3.1,0,corps,26.830894923605403,1.5330
4301,11,143,13.00,6.2,0,corps,26.819482329529876,1.9704
4302,17,208,12.24,8.9,0,corps,26.808075440325062,3.3278
4303,4,67,16.75,3.1,0,corps,26.79667425313922,1.8676
4304,9,150,16.67,5.3,0,corps,26.785278765122055,1.6601
4305,24,398,16.58,12.0,0,corps,26.773888973424715,1.7492
4306,18,260,14.44,9.3,0,corps,26.76250487519972,2.0950
4307,10,132,13.20,5.8,0,corps,26.751126467601072,1.6098
4308,17,240,14.12,8.9,0,corps,26.73975374778416,1.8334
4309,3,62,20.67,2.7,0,corps,26.7283867129058,1.2694
4310,21,310,14.76,10.7,0,corps,26.717025360124243,2.6270
4311,8,114,14.25,4.9,0,corps,26.705669686599137,1.9764
4312,7,70,10.00,4.4,0,corps,26.694319689491564,1.8935
4313,6,112,18.67,4.0,0,corps,26.682975365964047,5.7214
4314,7,80,11.43,4.4,0,corps,26.67163671318048,3.3601
4315,3,77,25.67,2.7,0,corps,26.660303728306207,0.8577
4316,4,70,17.50,3.1,0,corps,26.648976408507995,1.4040
4317,18,287,15.94,9.3,0,corps,26.637654750953992,1.4172
4318,20,294,14.70,10.2,0,corps,26.626338752813812,1.8581
4319,17,273,16.06,8.9,0,corps,26.615028411258418,1.8043
4320,19,306,16.11,9.8,0,corps,26.603723723460256,1.5173
4321,25,342,13.68,12.4,0,corps,26.59242468659314,3.4469
4322,14,212,15.14,7.6,0,corps,26.58113129783231,1.4954
4323,11,118,10.73,6.2,0,corps,26.56984355435442,1.3237
4324,21,287,13.67,10.7,0,corps,26.558561453337546,2.4007
4325,2,23,11.50,2.2,0,corps,26.547284991961146,2.0360
4326,14,175,12.50,7.6,0,corps,26.53601416740612,1.5637
4327,21,345,16.43,10.7,0,corps,26.524748976854738,1.5146
4328,13,199,15.31,7.1,0,corps,26.51348941749072,1.5237
4329,20,330,16.50,10.2,0,corps,26.502235486499192,1.2384
4330,14,212,15.14,7.6,0,corps,26.490987181066632,4.3165
4331,5,85,17.00,3.6,0,corps,26.47974449838099,1.0240
4332,8,147,18.38,4.9,0,corps,26.4685074356316,1.2588
4333,9,100,11.11,5.3,0,corps,26.457275990009176,1.7556
4334,20,330,16.50,10.2,0,corps,26.446050158705876,1.2965
4335,13,187,14.38,7.1,0,corps,26.434829938915215,1.6816
4336,24,414,17.25,12.0,0,corps,26.423615327832167,3.1752
4337,17,190,11.18,8.9,0,corps,26.41240632265307,2.5000
4338,15,156,10.40,8.0,0,corps,26.401202920575667,1.7423
4339,21,323,15.38,10.7,0,corps,26.390005118799102,2.0917
4340,7,86,12.29,4.4,0,corps,26.37881291452395,1.3267
4341,7,88,12.57,4.4,0,corps,26.367626304952136,2.0898
4342,15,199,13.27,8.0,0,corps,26.356445287287016,6.4328
4343,14,114,8.14,7.6,0,corps,26.345269858733328,3.0240
4344,9,86,9.56,5.3,0,corps,26.334100016497224,1.6724
4345,10,156,15.60,5.8,0,corps,26.322935757786247,5.1683
4346,4,54,13.50,3.1,0,corps,26.311777079809318,1.5021
4347,8,112,14.00,4.9,0,corps,26.300623979776777,1.6692
4348,14,119,8.50,7.6,0,corps,26.289476454900353,2.2645
4349,3,41,13.67,2.7,0,corps,26.278334502393147,1.2813
4350,16,201,12.56,8.4,0,corps,26.267198119469697,3.9732
4351,8,163,20.38,4.9,0,corps,26.25606730334588,5.0753
4352,8,154,19.25,4.9,0,corps,26.244942051239008,1.3058
4353,17,228,13.41,8.9,0,corps,26.23382236036777,2.8514
4354,12,187,15.58,6.7,0,corps,26.22270822795223,1.3813
4355,31,444,14.32,15.1,0,corps,26.211599651213863,2.1481
4356,20,318,15.90,10.2,0,corps,26.200496627375536,2.4225
4357,27,417,15.44,13.3,0,corps,26.18939915366147,3.1549
4358,14,193,13.79,7.6,0,corps,26.17830722729732,1.4822
4359,10,207,20.70,5.8,0,corps,26.16722084551008,1.0734
4360,12,203,16.92,6.7,0,corps,26.156140005528165,1.2971
4361,10,136,13.60,5.8,0,corps,26.145064704581383,1.1454
4362,13,198,15.23,7.1,0,corps,26.13399493990088,0.9772
4363,12,211,17.58,6.7,0,corps,26.12293070871922,1.0231
4364,22,361,16.41,11.1,0,corps,26.111872008270375,1.4063
4365,11,111,10.09,6.2,0,corps,26.10081883578963,2.1136
4366,19,212,11.16,9.8,0,corps,26.089771188513723,1.4581
4367,15,214,14.27,8.0,0,corps,26.07872906368071,1.2377
4368,21,250,11.90,10.7,0,corps,26.067692458530082,2.1322
4369,3,51,17.00,2.7,0,corps,26.0566613703027,1.1312
4370,8,115,14.38,4.9,0,corps,26.045635796240756,1.2182
4371,10,141,14.10,5.8,0,corps,26.03461573358788,1.3493
4372,12,143,11.92,6.7,0,corps,26.02360117958906,1.4210
4373,13,283,21.77,7.1,0,corps,26.012592131490642,1.3224
4374,19,261,13.74,9.8,0,corps,26.00158858654038,1.5741
4375,11,120,10.91,6.2,0,corps,25.99059054198737,1.6675
4376,7,104,14.86,4.4,0,corps,25.97959799508211,1.4902
4377,15,148,9.87,8.0,0,corps,25.968610943076477,1.6287
4378,13,195,15.00,7.1,0,corps,25.95762938322368,1.5026
4379,10,174,17.40,5.8,0,corps,25.946653312778356,1.2923
4380,14,190,13.57,7.6,0,corps,25.93568272899646,1.3633
4381,17,257,15.12,8.9,0,corps,25.924717629135362,2.5631
4382,10,169,16.90,5.8,0,corps,25.913758010453797,1.0636
4383,13,214,16.46,7.1,0,corps,25.902803870211837,1.1839
4384,12,161,13.42,6.7,0,corps,25.89185520567096,4.3862
4385,12,232,19.33,6.7,0,corps,25.880912014094008,1.1564
4386,13,271,20.85,7.1,0,corps,25.869974292745162,0.9806
4387,18,280,15.56,9.3,0,corps,25.859042038890017,1.2864
4388,21,243,11.57,10.7,0,corps,25.848115249795484,4.5414
4389,19,253,13.32,9.8,0,corps,25.837193922729877,3.1186
4390,14,171,12.21,7.6,0,corps,25.82627805496287,1.6929
4391,2,29,14.50,2.2,0,corps,25.815367643765484,1.0297
4392,4,73,18.25,3.1,0,corps,25.804462686410123,0.8959
4393,3,39,13.00,2.7,0,corps,25.79356318017056,1.1141
4394,34,444,13.06,16.4,0,corps,25.782669122321895,1.7918
4395,13,148,11.38,7.1,0,corps,25.77178051014063,1.2629
4396,9,122,13.56,5.3,0,corps,25.7608973409046,1.1037
4397,14,137,9.79,7.6,0,corps,25.750019611893016,2.0087
4398,12,137,11.42,6.7,0,corps,25.73914732038645,1.7643
4399,30,461,15.37,14.7,0,corps,25.72828046366683,2.4189
4400,21,298,14.19,10.7,0,corps,25.717419039017436,3.1169
4401,18,264,14.67,9.3,0,corps,25.706563043722923,1.3559
4402,10,131,13.10,5.8,0,corps,25.69571247506928,7.9672
4403,4,56,14.00,3.1,0,corps,25.68486733034387,2.0728
4404,7,47,6.71,4.4,0,corps,25.6740276068354,1.5427
4405,9,138,15.33,5.3,0,corps,25.663193301833942,1.0866
4406,9,126,14.00,5.3,0,corps,25.652364412630934,1.1861
4407,25,309,12.36,12.4,0,corps,25.64154093651913,1.3529
4408,13,159,12.23,7.1,0,corps,25.630722870792678,1.2332
4409,22,261,11.86,11.1,0,corps,25.61991021274706,1.9671
4410,4,85,21.25,3.1,0,corps,25.609102959679102,0.9189
4411,2,19,9.50,2.2,0,corps,25.598301108887007,1.5332
4412,15,207,13.80,8.0,0,corps,25.58750465767029,3.7718
4413,17,252,14.82,8.9,0,corps,25.57671360332985,1.0230
4414,15,214,14.27,8.0,0,corps,25.56592794316793,0.9598
4415,16,169,10.56,8.4,0,corps,25.555147674488104,1.2735
4416,20,294,14.70,10.2,0,corps,25.544372794595304,1.1478
4417,22,263,11.95,11.1,0,corps,25.533603300795825,1.3121
4418,5,48,9.60,3.6,0,corps,25.522839190397278,1.5936
4419,13,156,12.00,7.1,0,corps,25.512080460708646,1.1697
4420,15,175,11.67,8.0,0,corps,25.501327109040233,1.0182
4421,12,109,9.08,6.7,0,corps,25.49057913270371,1.4595
4422,12,156,13.00,6.7,0,corps,25.47983652901209,4.2521
4423,10,130,13.00,5.8,0,corps,25.469099295279708,1.7011
4424,18,231,12.83,9.3,0,corps,25.45836742882226,1.7737
4425,11,192,17.45,6.2,0,corps,25.447640926956787,3.5675
4426,7,145,20.71,4.4,0,corps,25.436919787001656,1.0881
4427,2,43,21.50,2.2,0,corps,25.42620400627659,1.3160
4428,7,75,10.71,4.4,0,corps,25.41549358210262,1.5208
4429,3,16,5.33,2.7,0,corps,25.404788511802163,2.3781
4430,22,335,15.23,11.1,0,corps,25.394088792698955,3.6341
4431,25,379,15.16,12.4,0,corps,25.383394422118045,2.9252
4432,12,188,15.67,6.7,0,corps,25.372705397385854,1.4640
4433,11,138,12.55,6.2,0,corps,25.362021715830135,1.6679
4434,6,102,17.00,4.0,0,corps,25.351343374779944,1.2506
4435,16,266,16.62,8.4,0,corps,25.340670371565714,1.0495
4436,7,89,12.71,4.4,0,corps,25.330002703519185,1.2703
4437,9,129,14.33,5.3,0,corps,25.319340367973442,1.3165
4438,27,277,10.26,13.3,0,corps,25.308683362262908,1.8855
4439,15,226,15.07,8.0,0,corps,25.298031683723316,1.5946
4440,5,94,18.80,3.6,0,corps,25.28738532969176,0.9590
4441,17,214,12.59,8.9,0,corps,25.276744297506653,4.4599
4442,9,103,11.44,5.3,0,corps,25.266108584507723,1.5063
4443,7,139,19.86,4.4,0,corps,25.25547818803606,0.9058
4444,9,143,15.89,5.3,0,corps,25.244853105434046,1.2780
4445,22,303,13.77,11.1,0,corps,25.23423333404542,1.4644
4446,14,192,13.71,7.6,0,corps,25.22361887121524,1.4123
4447,12,171,14.25,6.7,0,corps,25.213009714289885,1.2463
4448,15,224,14.93,8.0,0,corps,25.202405860617073,2.6870
4449,12,107,8.92,6.7,0,corps,25.191807307545837,1.7279
4450,5,119,23.80,3.6,0,corps,25.181214052426533,1.1040
4451,7,82,11.71,4.4,0,corps,25.170626092610863,1.2958
4452,17,212,12.47,8.9,0,corps,25.160043425451818,4.4170
4453,13,122,9.38,7.1,0,corps,25.149466048303736,6.1399
4454,18,226,12.56,9.3,0,corps,25.138893958522285,4.1147
4455,15,218,14.53,8.0,0,corps,25.12832715346443,2.2442
4456,27,360,13.33,13.3,0,corps,25.11776563048847,1.5204
4457,12,150,12.50,6.7,0,corps,25.10720938695404,3.2060
4458,17,233,13.71,8.9,0,corps,25.096658420222052,1.4196
4459,20,276,13.80,10.2,0,corps,25.086112727654786,1.5203
4460,21,211,10.05,10.7,0,corps,25.07557230661581,4.1280
4461,11,135,12.27,6.2,0,corps,25.065037154470016,1.8794
4462,10,156,15.60,5.8,0,corps,25.05450726858363,1.8177
4463,10,109,10.90,5.8,0,corps,25.043982646324164,4.6235
4464,23,370,16.09,11.6,0,corps,25.03346328506047,1.4784
4465,21,214,10.19,10.7,0,corps,25.022949182162712,1.6434
4466,27,400,14.81,13.3,0,corps,25.01244033500235,1.4930
4467,13,176,13.54,7.1,0,corps,25.00193674095219,3.6182
4468,16,203,12.69,8.4,0,corps,24.99143839738632,3.5637
4469,20,300,15.00,10.2,0,corps,24.980945301680162,2.5254
4470,9,144,16.00,5.3,0,corps,24.97045745121044,5.6547
4471,10,160,16.00,5.8,0,corps,24.95997484335518,1.3518
4472,24,319,13.29,12.0,0,corps,24.949497475493747,3.9227
4473,13,217,16.69,7.1,0,corps,24.939025345006794,1.5290
4474,14,259,18.50,7.6,0,corps,24.92855844927628,2.4226
4475,17,186,10.94,8.9,0,corps,24.9180967856855,2.1731
4476,16,206,12.88,8.4,0,corps,24.90764035161901,2.0040
4477,17,200,11.76,8.9,0,corps,24.89718914446272,1.8950
4478,18,271,15.06,9.3,0,corps,24.88674316160383,3.5231
4479,14,248,17.71,7.6,0,corps,24.876302400430834,1.2140
4480,7,98,14.00,4.4,0,corps,24.86586685833355,1.4141
4481,25,293,11.72,12.4,0,corps,24.855436532703095,4.0748
4482,14,199,14.21,7.6,0,corps,24.845011420931872,2.8468
4483,17,293,17.24,8.9,0,corps,24.834591520413625,1.7666
4484,33,441,13.36,16.0,0,corps,24.82417682854335,3.9839
4485,12,215,17.92,6.7,0,corps,24.813767342717398,1.0748
4486,15,208,13.87,8.0,0,corps,24.803363060333396,2.2906
4487,16,215,13.44,8.4,0,corps,24.79296397879026,4.7721
4488,11,186,16.91,6.2,0,corps,24.782570095488225,3.2864
4489,17,235,13.82,8.9,0,corps,24.772181407828832,1.3826
4490,11,144,13.09,6.2,0,corps,24.76179791321489,1.3676
4491,11,143,13.00,6.2,0,corps,24.751419609050547,1.2343
4492,9,125,13.89,5.3,0,corps,24.741046492741205,2.0140
4493,3,45,15.00,2.7,0,corps,24.730678561693587,1.3011
4494,6,100,16.67,4.0,0,corps,24.72031581331573,0.8171
4495,13,196,15.08,7.1,0,corps,24.709958245016928,1.6186
4496,21,276,13.14,10.7,0,corps,24.699605854207793,4.6770
4497,22,339,15.41,11.1,0,corps,24.68925863830024,2.7296
4498,25,341,13.64,12.4,0,corps,24.67891659470744,1.4083
4499,17,250,14.71,8.9,0,corps,24.668579720843912,4.6013
4500,22,333,15.14,11.1,0,corps,24.65824801412541,1.1950
4501,23,311,13.52,11.6,0,corps,24.64792147196902,1.3838
4502,12,136,11.33,6.7,0,corps,24.637600091793114,1.5816
4503,15,206,13.73,8.0,0,corps,24.62728387101733,3.8564
4504,16,249,15.56,8.4,0,corps,24.616972807062627,3.7140
4505,15,248,16.53,8.0,0,corps,24.60666689735123,3.7385
4506,14,170,12.14,7.6,0,corps,24.59636613930666,1.7725
4507,2,64,32.00,2.2,0,corps,24.586070530353744,0.8965
4508,10,132,13.20,5.8,0,corps,24.575780067918554,1.2616
4509,18,285,15.83,9.3,0,corps,24.565494749428492,1.2367
4510,25,267,10.68,12.4,0,corps,24.555214572312234,3.6672
4511,9,111,12.33,5.3,0,corps,24.544939533999717,6.1372
4512,5,56,11.20,3.6,0,corps,24.534669631922196,2.2659
4513,27,351,13.00,13.3,0,corps,24.524404863512185,3.8048
4514,21,337,16.05,10.7,0,corps,24.514145226203492,1.6774
4515,16,219,13.69,8.4,0,corps,24.503890717431226,1.6546
4516,4,47,11.75,3.1,0,corps,24.493641334631736,1.2130
4517,20,302,15.10,10.2,0,corps,24.48339707524269,1.3018
4518,13,124,9.54,7.1,0,corps,24.473157936703018,3.7644
4519,5,70,14.00,3.6,0,corps,24.462923916452937,1.5111
4520,15,165,11.00,8.0,0,corps,24.452695011933947,1.7384
4521,18,208,11.56,9.3,0,corps,24.44247122058881,1.5629
4522,22,291,13.23,11.1,0,corps,24.432252539861583,2.7825
4523,13,152,11.69,7.1,0,corps,24.422038967197608,3.7830
4524,7,116,16.57,4.4,0,corps,24.411830500043468,1.2743
4525,20,215,10.75,10.2,0,corps,24.40162713584706,3.6633
4526,20,273,13.65,10.2,0,corps,24.391428872057556,2.7873
4527,13,163,12.54,7.1,0,corps,24.381235706125366,1.2015
4528,11,125,11.36,6.2,0,corps,24.37104763550221,1.6656
4529,10,117,11.70,5.8,0,corps,24.36086465764107,1.4880
4530,26,393,15.12,12.9,0,corps,24.350686769996198,1.8717
4531,9,142,15.78,5.3,0,corps,24.340513970023135,4.8686
4532,22,282,12.82,11.1,0,corps,24.330346255178657,2.0081
4533,19,213,11.21,9.8,0,corps,24.320183622920847,4.8098
4534,15,230,15.33,8.0,0,corps,24.31002607070906,1.1046
4535,13,172,13.23,7.1,0,corps,24.29987359600389,1.6537
4536,13,170,13.08,7.1,0,corps,24.28972619626723,1.6693
4537,21,237,11.29,10.7,0,corps,24.27958386896222,1.8842
4538,11,136,12.36,6.2,0,corps,24.269446611553285,1.4387
4539,15,244,16.27,8.0,0,corps,24.259314421506108,0.9511
4540,7,100,14.29,4.4,0,corps,24.249187296287637,1.0381
4541,4,57,14.25,3.1,0,corps,24.2390652333661,1.7508
4542,17,193,11.35,8.9,0,corps,24.22894823021098,4.1194
4543,6,83,13.83,4.0,0,corps,24.218836284293015,1.5768
4544,18,236,13.11,9.3,0,corps,24.208729393084237,1.3109
4545,17,237,13.94,8.9,0,corps,24.198627554057907,1.3899
4546,4,41,10.25,3.1,0,corps,24.188530764688565,1.8110
4547,16,193,12.06,8.4,0,corps,24.178439022452032,1.7007
4548,22,275,12.50,11.1,0,corps,24.16835232482535,2.9955
4549,24,273,11.38,12.0,0,corps,24.15827066928685,3.3847
4550,13,282,21.69,7.1,0,corps,24.148194053316136,2.7810
4551,23,378,16.43,11.6,0,corps,24.138122474394027,2.5248
4552,2,26,13.00,2.2,0,corps,24.128055930002652,1.6379
4553,5,92,18.40,3.6,0,corps,24.117994417625358,1.4428
4554,9,109,12.11,5.3,0,corps,24.107937934746772,1.7877
4555,7,96,13.71,4.4,0,corps,24.097886478852786,1.7353
4556,3,47,15.67,2.7,0,corps,24.087840047430507,1.6321
4557,21,288,13.71,10.7,0,corps,24.077798637968353,3.1637
4558,12,129,10.75,6.7,0,corps,24.06776224795597,8.0958
4559,10,105,10.50,5.8,0,corps,24.057730874884243,1.7086
4560,8,135,16.88,4.9,0,corps,24.047704516245346,1.0517
4561,17,214,12.59,8.9,0,corps,24.037683169532677,5.0219
4562,21,353,16.81,10.7,0,corps,24.027666832240904,3.4564
4563,26,367,14.12,12.9,0,corps,24.017655501865953,1.9747
4564,8,109,13.62,4.9,0,corps,24.007649175904973,1.3699
4565,36,534,14.83,17.3,0,corps,23.99764785185639,2.2812
4566,19,281,14.79,9.8,0,corps,23.98765152721988,3.6714
4567,12,203,16.92,6.7,0,corps,23.977660199496352,1.4744
4568,17,166,9.76,8.9,0,corps,23.967673866187987,1.7867
4569,3,38,12.67,2.7,0,corps,23.95769252479818,1.6913
4570,16,227,14.19,8.4,0,corps,23.94771617283161,1.4609
4571,14,191,13.64,7.6,0,corps,23.937744807794196,1.1758
4572,2,25,12.50,2.2,0,corps,23.92777842719308,1.5981
4573,21,292,13.90,10.7,0,corps,23.91781702853667,1.7396
4574,10,138,13.80,5.8,0,corps,23.907860609334637,3.4911
4575,38,623,16.39,18.2,0,corps,23.897909167097843,1.8717
4576,15,202,13.47,8.0,0,corps,23.88796269933846,1.3456
4577,11,164,14.91,6.2,0,corps,23.878021203569844,1.7543
4578,15,264,17.60,8.0,0,corps,23.868084677306634,1.3420
4579,2,73,36.50,2.2,0,corps,23.858153118064703,1.0885
4580,3,47,15.67,2.7,0,corps,23.848226523361145,1.4692
4581,14,216,15.43,7.6,0,corps,23.838304890714323,3.5614
4582,13,221,17.00,7.1,0,corps,23.82838821764384,1.0617
4583,7,110,15.71,4.4,0,corps,23.8184765016705,0.9253
4584,20,270,13.50,10.2,0,corps,23.8085697403164,2.9011
4585,22,302,13.73,11.1,0,corps,23.79866793110483,2.9444
4586,13,188,14.46,7.1,0,corps,23.788771071560344,4.3297
4587,9,115,12.78,5.3,0,corps,23.77887915920874,1.2103
4588,11,202,18.36,6.2,0,corps,23.768992191577016,1.1393
4589,15,187,12.47,8.0,0,corps,23.759110166193448,1.2978
4590,13,182,14.00,7.1,0,corps,23.74923308058753,4.8342
4591,5,60,12.00,3.6,0,corps,23.739360932289976,2.0272
4592,21,379,18.05,10.7,0,corps,23.72949371883277,1.4105
4593,15,228,15.20,8.0,0,corps,23.719631437749086,2.6483
4594,17,292,17.18,8.9,0,corps,23.70977408657336,1.4534
4595,10,119,11.90,5.8,0,corps,23.699921662841273,1.6264
4596,25,356,14.24,12.4,0,corps,23.690074164089694,1.5877
4597,3,54,18.00,2.7,0,corps,23.680231587856756,1.1058
4598,14,198,14.14,7.6,0,corps,23.67039393168183,2.9070
4599,11,187,17.00,6.2,0,corps,23.66056119310548,2.0357
4600,23,366,15.91,11.6,0,corps,23.650733369669535,1.7405
4601,16,184,11.50,8.4,0,corps,23.64091045891703,1.4802
4602,24,312,13.00,12.0,0,corps,23.63109245839224,3.6575
4603,30,400,13.33,14.7,0,corps,23.621279365640678,2.5594
4604,7,87,12.43,4.4,0,corps,23.61147117820905,1.8178
4605,3,49,16.33,2.7,0,corps,23.601667893645317,1.9266
4606,6,67,11.17,4.0,0,corps,23.591869509498668,1.7805
4607,15,213,14.20,8.0,0,corps,23.58207602331949,3.8449
4608,31,540,17.42,15.1,0,corps,23.572287432659433,2.4348
4609,10,125,12.50,5.8,0,corps,23.562503735071324,1.9872
4610,8,108,13.50,4.9,0,corps,23.55272492810925,1.7018
4611,4,59,14.75,3.1,0,corps,23.54295100932852,1.2440
4612,4,26,6.50,3.1,0,corps,23.533181976285633,2.6934
4613,23,291,12.65,11.6,0,corps,23.523417826538342,3.6632
4614,16,222,13.88,8.4,0,corps,23.513658557645623,2.4913
4615,19,289,15.21,9.8,0,corps,23.503904167167633,3.2396
4616,14,194,13.86,7.6,0,corps,23.494154652665795,2.2541
4617,24,355,14.79,12.0,0,corps,23.484410011702714,1.7044
4618,8,116,14.50,4.9,0,corps,23.474670241842237,3.7612
4619,15,251,16.73,8.0,0,corps,23.464935340649426,3.0334
4620,8,84,10.50,4.9,0,corps,23.455205305690548,4.6015
4621,8,148,18.50,4.9,0,corps,23.445480134533096,1.2932
4622,20,276,13.80,10.2,0,corps,23.435759824745787,2.8765
4623,14,251,17.93,7.6,0,corps,23.42604437389853,1.3722
4624,17,227,13.35,8.9,0,corps,23.416333779562475,2.8178
4625,10,139,13.90,5.8,0,corps,23.406628039309954,1.6471
4626,28,421,15.04,13.8,0,corps,23.39692715071455,2.0164
4627,19,280,14.74,9.8,0,corps,23.38723111135104,1.3322
4628,2,16,8.00,2.2,0,corps,23.3775399187954,3.2815
4629,10,137,13.70,5.8,0,corps,23.367853570624845,5.2152
4630,20,340,17.00,10.2,0,corps,23.358172064417783,2.2603
4631,26,384,14.77,12.9,0,corps,23.348495397753833,2.2304
4632,7,104,14.86,4.4,0,corps,23.338823568213844,1.5880
4633,16,288,18.00,8.4,0,corps,23.329156573379837,1.8459
4634,25,425,17.00,12.4,0,corps,23.319494410835073,2.8668
4635,27,435,16.11,13.3,0,corps,23.309837078164026,2.4554
4636,9,154,17.11,5.3,0,corps,23.300184572952336,2.0456
4637,26,433,16.65,12.9,0,corps,23.2905368927869,3.7104
4638,24,309,12.88,12.0,0,corps,23.28089403525578,2.0450
4639,6,76,12.67,4.0,0,corps,23.271255997948266,1.9546
4640,18,283,15.72,9.3,0,corps,23.261622778454864,2.1943
4641,14,210,15.00,7.6,0,corps,23.251994374367246,1.2409
4642,18,239,13.28,9.3,0,corps,23.242370783278325,1.6179
4643,7,72,10.29,4.4,0,corps,23.232752002782203,8.1688
4644,15,171,11.40,8.0,0,corps,23.223138030474182,1.3063
4645,10,124,12.40,5.8,0,corps,23.21352886395077,1.7787
4646,11,143,13.00,6.2,0,corps,23.203924500809666,5.6399
4647,23,348,15.13,11.6,0,corps,23.194324938649793,1.1052
4648,17,207,12.18,8.9,0,corps,23.184730175071255,1.3487
4649,8,143,17.88,4.9,0,corps,23.17514020767536,3.8699
4650,3,28,9.33,2.7,0,corps,23.165555034064607,1.3393
4651,20,379,18.95,10.2,0,corps,23.15597465184273,1.8752
4652,12,127,10.58,6.7,0,corps,23.146399058614602,1.7103
4653,20,326,16.30,10.2,0,corps,23.13682825198635,1.4449
4654,13,164,12.62,7.1,0,corps,23.12726222956525,1.2817
4655,23,277,12.04,11.6,0,corps,23.117700988959808,3.1768
4656,18,254,14.11,9.3,0,corps,23.10814452777972,1.2674
4657,16,313,19.56,8.4,0,corps,23.09859284363586,1.3539
4658,11,120,10.91,6.2,0,corps,23.089045934140305,1.2090
4659,25,380,15.20,12.4,0,corps,23.079503796906344,2.6295
4660,18,188,10.44,9.3,0,corps,23.069966429548423,1.8845
4661,17,191,11.24,8.9,0,corps,23.060433829682218,1.7598
4662,14,183,13.07,7.6,0,corps,23.050905994924555,1.3867
4663,24,375,15.62,12.0,0,corps,23.041382922893497,1.6470
4664,3,39,13.00,2.7,0,corps,23.031864611208274,1.1599
4665,9,94,10.44,5.3,0,corps,23.022351057489296,1.4114
4666,11,142,12.91,6.2,0,corps,23.01284225935818,1.6714
4667,24,370,15.42,12.0,0,corps,23.003338214437736,2.9667
4668,11,121,11.00,6.2,0,corps,22.99383892035194,1.8646
4669,12,162,13.50,6.7,0,corps,22.98434437472598,1.3692
4670,15,169,11.27,8.0,0,corps,22.974854575186203,3.6265
4671,8,77,9.62,4.9,0,corps,22.965369519360166,2.2493
4672,6,101,16.83,4.0,0,corps,22.95588920487662,1.1775
4673,15,219,14.60,8.0,0,corps,22.946413629365463,2.8920
4674,38,707,18.61,18.2,0,corps,22.936942790457813,2.2676
4675,7,113,16.14,4.4,0,corps,22.92747668578597,1.3029
4676,16,198,12.38,8.4,0,corps,22.918015312983382,2.0934
4677,10,118,11.80,5.8,0,corps,22.908558669684737,1.6680
4678,21,313,14.90,10.7,0,corps,22.899106753525842,3.4152
4679,10,132,13.20,5.8,0,corps,22.88965956214374,1.6872
4680,13,180,13.85,7.1,0,corps,22.880217093176636,1.2292
4681,23,349,15.17,11.6,0,corps,22.870779344263887,2.8059
4682,16,212,13.25,8.4,0,corps,22.861346313046084,1.5098
4683,10,114,11.40,5.8,0,corps,22.851917997164957,5.5592
4684,7,133,19.00,4.4,0,corps,22.842494394263422,1.2053
4685,21,268,12.76,10.7,0,corps,22.833075501985594,4.0666
4686,13,144,11.08,7.1,0,corps,22.823661317976725,1.4721
4687,13,211,16.23,7.1,0,corps,22.81425183988329,1.3627
4688,15,163,10.87,8.0,0,corps,22.80484706535292,4.7959
4689,25,340,13.60,12.4,0,corps,22.795446992034403,3.8546
4690,5,72,14.40,3.6,0,corps,22.786051617577733,1.8096
4691,18,269,14.94,9.3,0,corps,22.776660939634073,4.0868
4692,19,259,13.63,9.8,0,corps,22.767274955855743,1.6166
4693,29,351,12.10,14.2,0,corps,22.757893663896255,1.7683
4694,28,330,11.79,13.8,0,corps,22.74851706141027,4.4414
4695,11,117,10.64,6.2,0,corps,22.739145146053648,2.0264
4696,17,259,15.24,8.9,0,corps,22.72977791548342,1.5350
4697,12,163,13.58,6.7,0,corps,22.720415367357756,3.9027
4698,17,178,10.47,8.9,0,corps,22.71105749933604,1.6829
4699,25,338,13.52,12.4,0,corps,22.7017043090788,2.1468
4700,10,127,12.70,5.8,0,corps,22.692355794247725,1.3774
4701,17,252,14.82,8.9,0,corps,22.683011952505705,3.0908
4702,7,121,17.29,4.4,0,corps,22.67367278151676,6.3351
4703,9,107,11.89,5.3,0,corps,22.66433827894611,2.3673
4704,28,440,15.71,13.8,0,corps,22.655008442460137,1.2425
4705,24,235,9.79,12.0,0,corps,22.645683269726362,2.4876
4706,7,75,10.71,4.4,0,corps,22.636362758413505,1.3682
4707,8,83,10.38,4.9,0,corps,22.627046906191435,1.2823
4708,6,92,15.33,4.0,0,corps,22.617735710731186,6.0974
4709,12,173,14.42,6.7,0,corps,22.608429169704966,1.2658
4710,10,178,17.80,5.8,0,corps,22.59912728078613,1.2738
4711,28,401,14.32,13.8,0,corps,22.58983004164921,2.7455
4712,15,181,12.07,8.0,0,corps,22.58053744996991,3.6737
4713,7,95,13.57,4.4,0,corps,22.571249503425054,1.4215
4714,20,256,12.80,10.2,0,corps,22.561966199692673,1.9178
4715,21,230,10.95,10.7,0,corps,22.55268753645195,1.5377
4716,11,148,13.45,6.2,0,corps,22.543413511383196,1.2720
4717,22,298,13.55,11.1,0,corps,22.534144122167927,1.2669
4718,5,63,12.60,3.6,0,corps,22.524879366488772,0.9301
4719,24,300,12.50,12.0,0,corps,22.51561924202956,2.2748
4720,6,109,18.17,4.0,0,corps,22.506363746475262,1.0841
4721,21,274,13.05,10.7,0,corps,22.497112877511988,4.5525
4722,18,256,14.22,9.3,0,corps,22.487866632827032,1.9510
4723,17,212,12.47,8.9,0,corps,22.478625010108836,3.7898
4724,32,397,12.41,15.6,0,corps,22.46938800704698,4.5931
4725,12,152,12.67,6.7,0,corps,22.46015562133223,4.8308
4726,20,273,13.65,10.2,0,corps,22.450927850656477,1.5759
4727,21,297,14.14,10.7,0,corps,22.441704692712783,1.8556
4728,5,47,9.40,3.6,0,corps,22.43248614519536,1.9027
4729,11,203,18.45,6.2,0,corps,22.42327220579957,3.8898
4730,10,94,9.40,5.8,0,corps,22.41406287222192,6.9401
4731,25,333,13.32,12.4,0,corps,22.404858142160094,2.6966
4732,9,152,16.89,5.3,0,corps,22.39565801331289,1.3399
4733,2,19,9.50,2.2,0,corps,22.3864624833803,2.2676
4734,8,124,15.50,4.9,0,corps,22.377271550063412,3.8406
4735,13,168,12.92,7.1,0,corps,22.36808521106451,1.9384
4736,23,327,14.22,11.6,0,corps,22.358903464087014,2.1331
4737,12,143,11.92,6.7,0,corps,22.349726306835468,2.0467
4738,26,381,14.65,12.9,0,corps,22.340553737015597,2.0094
4739,23,296,12.87,11.6,0,corps,22.331385752334263,1.8025
4740,7,140,20.00,4.4,0,corps,22.32222235049946,1.6742
4741,5,62,12.40,3.6,0,corps,22.313063529220344,1.5064
4742,2,42,21.00,2.2,0,corps,22.303909286207197,0.9425
4743,19,283,14.89,9.8,0,corps,22.294759619171465,2.5766
4744,14,196,14.00,7.6,0,corps,22.285614525825746,5.5253
4745,29,387,13.34,14.2,0,corps,22.276474003883745,3.1437
4746,5,76,15.20,3.6,0,corps,22.267338051060335,1.3662
4747,7,92,13.14,4.4,0,corps,22.258206665071544,1.2954
4748,6,73,12.17,4.0,0,corps,22.249079843634508,1.5811
4749,11,101,9.18,6.2,0,corps,22.239957584467536,6.8873
4750,14,205,14.64,7.6,0,corps,22.230839885290045,1.6130
4751,17,200,11.76,8.9,0,corps,22.22172674382262,2.1740
4752,10,155,15.50,5.8,0,corps,22.212618157786984,1.2921
4753,24,318,13.25,12.0,0,corps,22.203514124905976,1.8566
4754,9,112,12.44,5.3,0,corps,22.194414642903602,1.8299
4755,4,90,22.50,3.1,0,corps,22.185319709504974,0.9672
4756,29,398,13.72,14.2,0,corps,22.176229322436367,2.8992
4757,5,59,11.80,3.6,0,corps,22.167143479425196,1.6973
4758,11,182,16.55,6.2,0,corps,22.15806217819998,1.1406
4759,13,169,13.00,7.1,0,corps,22.148985416490405,1.4640
4760,7,49,7.00,4.4,0,corps,22.139913192027286,1.7977
4761,27,385,14.26,13.3,0,corps,22.130845502542552,1.7057
4762,21,306,14.57,10.7,0,corps,22.12178234576929,2.0257
4763,17,268,15.76,8.9,0,corps,22.112723719441707,1.6302
4764,23,355,15.43,11.6,0,corps,22.103669621295147,1.4837
4765,11,157,14.27,6.2,0,corps,22.094620049066098,1.4333
4766,9,89,9.89,5.3,0,corps,22.085575000492142,1.5638
4767,14,170,12.14,7.6,0,corps,22.07653447331203,1.4008
4768,19,189,9.95,9.8,0,corps,22.067498465265643,5.7743
4769,17,205,12.06,8.9,0,corps,22.058466974093953,1.3833
4770,16,253,15.81,8.4,0,corps,22.049439997539114,2.0493
4771,5,59,11.80,3.6,0,corps,22.04041753334436,1.3041
4772,6,75,12.50,4.0,0,corps,22.031399579254078,1.7737
4773,8,68,8.50,4.9,0,corps,22.022386133013796,1.6996
4774,22,259,11.77,11.1,0,corps,22.013377192370136,1.8292
4775,11,164,14.91,6.2,0,corps,22.004372755070865,1.4833
4776,17,237,13.94,8.9,0,corps,21.995372818864887,2.0416
4777,11,139,12.64,6.2,0,corps,21.986377381502194,1.3062
4778,5,49,9.80,3.6,0,corps,21.97738644073395,2.9509
4779,21,335,15.95,10.7,0,corps,21.968399994312403,2.4975
4780,14,152,10.86,7.6,0,corps,21.95941803999095,1.6347
4781,7,72,10.29,4.4,0,corps,21.95044057552411,1.9976
4782,7,68,9.71,4.4,0,corps,21.941467598667494,2.0282
4783,24,314,13.08,12.0,0,corps,21.932499107177872,1.7462
4784,19,301,15.84,9.8,0,corps,21.92353509881313,1.6492
4785,5,75,15.00,3.6,0,corps,21.914575571332247,1.6442
4786,13,130,10.00,7.1,0,corps,21.905620522495358,2.1411
4787,6,114,19.00,4.0,0,corps,21.896669950063686,1.5812
4788,11,188,17.09,6.2,0,corps,21.887723851799592,3.6039
4789,20,413,20.65,10.2,0,corps,21.878782225466566,3.1487
4790,23,396,17.22,11.6,0,corps,21.86984506882918,1.8096
4791,24,289,12.04,12.0,0,corps,21.860912379653154,3.0781
4792,20,304,15.20,10.2,0,corps,21.851984155705324,4.4228
4793,10,201,20.10,5.8,0,corps,21.843060394753618,4.3593
4794,15,318,21.20,8.0,0,corps,21.834141094567112,1.4711
4795,10,102,10.20,5.8,0,corps,21.825226252915964,2.6442
4796,14,168,12.00,7.6,0,corps,21.816315867571472,1.7867
4797,6,93,15.50,4.0,0,corps,21.807409936306048,1.1954
4798,15,226,15.07,8.0,0,corps,21.79850845689319,3.8091
4799,12,168,14.00,6.7,0,corps,21.789611427107545,3.0968
4800,11,95,8.64,6.2,0,corps,21.780718844724852,5.9229
4801,22,245,11.14,11.1,0,corps,21.771830707521957,2.4213
4802,29,418,14.41,14.2,0,corps,21.76294701327684,3.9469
4803,28,451,16.11,13.8,0,corps,21.75406775976856,2.6252
4804,35,457,13.06,16.9,0,corps,21.745192944777315,2.7164
4805,16,250,15.62,8.4,0,corps,21.7363225660844,3.6881
4806,17,265,15.59,8.9,0,corps,21.727456621472214,1.2254
4807,13,155,11.92,7.1,0,corps,21.71859510872428,5.3803
4808,14,196,14.00,7.6,0,corps,21.70973802562522,3.7254
4809,19,305,16.05,9.8,0,corps,21.700885369960748,3.0397
4810,3,35,11.67,2.7,0,corps,21.692037139517726,1.0885
4811,16,185,11.56,8.4,0,corps,21.683193332084066,1.5136
4812,10,146,14.60,5.8,0,corps,21.674353945448836,4.3028
4813,30,402,13.40,14.7,0,corps,21.66551897740219,2.8882
4814,7,105,15.00,4.4,0,corps,21.65668842573537,1.5312
4815,17,210,12.35,8.9,0,corps,21.647862288240752,2.3428
4816,16,196,12.25,8.4,0,corps,21.639040562711802,2.8172
4817,28,419,14.96,13.8,0,corps,21.630223246943082,2.1653
4818,19,218,11.47,9.8,0,corps,21.62141033873027,4.0070
4819,6,48,8.00,4.0,0,corps,21.612601835870127,2.1367
4820,8,66,8.25,4.9,0,corps,21.603797736160534,2.0070
4821,12,138,11.50,6.7,0,corps,21.594998037400476,2.9803
4822,24,434,18.08,12.0,0,corps,21.58620273739001,4.4155
4823,21,282,13.43,10.7,0,corps,21.57741183393032,3.1262
4824,27,446,16.52,13.3,0,corps,21.56862532482369,2.8031
4825,38,502,13.21,18.2,0,corps,21.559843207873474,3.5874
4826,18,187,10.39,9.3,0,corps,21.55106548088416,2.5507
4827,7,109,15.57,4.4,0,corps,21.5422921416613,7.8010
4828,18,200,11.11,9.3,0,corps,21.533523188011564,1.9582
4829,14,193,13.79,7.6,0,corps,21.524758617742727,1.7820
4830,22,262,11.91,11.1,0,corps,21.515998428663625,2.1891
4831,9,106,11.78,5.3,0,corps,21.507242618584225,1.5845
4832,7,105,15.00,4.4,0,corps,21.498491185315576,1.2584
4833,4,44,11.00,3.1,0,corps,21.489744126669805,1.5592
4834,17,230,13.53,8.9,0,corps,21.481001440460165,4.8609
4835,22,296,13.45,11.1,0,corps,21.47226312450097,1.9540
4836,13,155,11.92,7.1,0,corps,21.463529176607647,1.8163
4837,13,188,14.46,7.1,0,corps,21.45479959459672,1.2615
4838,21,233,11.10,10.7,0,corps,21.44607437628577,3.5797
4839,20,214,10.70,10.2,0,corps,21.43735351949351,2.2388
4840,12,144,12.00,6.7,0,corps,21.428637022039723,5.9339
4841,17,178,10.47,8.9,0,corps,21.419924881745278,2.0456
4842,19,172,9.05,9.8,0,corps,21.41121709643215,1.5817
4843,5,76,15.20,3.6,0,corps,21.40251366392338,0.8913
4844,15,177,11.80,8.0,0,corps,21.393814582043117,3.4645
4845,19,265,13.95,9.8,0,corps,21.385119848616593,1.6081
4846,8,76,9.50,4.9,0,corps,21.37642946147012,1.4785
4847,24,311,12.96,12.0,0,corps,21.367743418431104,2.7059
4848,17,162,9.53,8.9,0,corps,21.359061717328036,4.5364
4849,2,33,16.50,2.2,0,corps,21.35038435599048,1.0045
4850,12,157,13.08,6.7,0,corps,21.341711332249112,3.3118
4851,12,164,13.67,6.7,0,corps,21.333042643935663,3.8781
4852,20,254,12.70,10.2,0,corps,21.32437828888296,4.7543
4853,23,370,16.09,11.6,0,corps,21.315718264924932,1.9460
4854,21,352,16.76,10.7,0,corps,21.307062569896555,1.4410
4855,4,29,7.25,3.1,0,corps,21.298411201633904,2.0786
4856,23,314,13.65,11.6,0,corps,21.289764157974155,1.8684
4857,10,139,13.90,5.8,0,corps,21.281121436755523,1.2544
4858,29,284,9.79,14.2,0,corps,21.272483035817352,2.8969
4859,12,177,14.75,6.7,0,corps,21.26384895300002,2.8295
4860,17,237,13.94,8.9,0,corps,21.25521918614502,3.7717
4861,22,266,12.09,11.1,0,corps,21.246593733094908,2.2224
4862,7,95,13.57,4.4,0,corps,21.237972591693318,1.1350
4863,22,254,11.55,11.1,0,corps,21.229355759784962,1.6114
4864,21,273,13.00,10.7,0,corps,21.220743235215643,3.0654
4865,12,213,17.75,6.7,0,corps,21.212135015832217,2.0098
4866,19,297,15.63,9.8,0,corps,21.203531099482642,1.3310
4867,11,99,9.00,6.2,0,corps,21.194931484015925,5.0154
4868,10,163,16.30,5.8,0,corps,21.186336167282168,3.9046
4869,25,329,13.16,12.4,0,corps,21.177745147132544,2.7792
4870,21,280,13.33,10.7,0,corps,21.169158421419297,2.8599
4871,23,285,12.39,11.6,0,corps,21.16057598799574,1.8035
4872,12,182,15.17,6.7,0,corps,21.151997844716277,2.8096
4873,4,42,10.50,3.1,0,corps,21.143423989436357,2.0948
4874,30,351,11.70,14.7,0,corps,21.134854420012534,2.5485
4875,18,243,13.50,9.3,0,corps,21.126289134302397,2.4260
4876,25,388,15.52,12.4,0,corps,21.117728130164632,1.6394
4877,8,123,15.38,4.9,0,corps,21.109171405458994,1.1858
4878,31,477,15.39,15.1,0,corps,21.10061895804629,1.9942
4879,9,124,13.78,5.3,0,corps,21.092070785788422,1.4356
4880,14,187,13.36,7.6,0,corps,21.083526886548334,2.4988
4881,6,106,17.67,4.0,0,corps,21.074987258190056,0.9780
4882,16,283,17.69,8.4,0,corps,21.066451898578688,0.9237
4883,12,113,9.42,6.7,0,corps,21.057920805580377,2.0086
4884,10,141,14.10,5.8,0,corps,21.049393977062355,1.1035
4885,19,298,15.68,9.8,0,corps,21.040871410892926,2.8221
4886,13,155,11.92,7.1,0,corps,21.03235310494143,1.3694
4887,29,494,17.03,14.2,0,corps,21.023839057078305,2.6916
4888,20,314,15.70,10.2,0,corps,21.015329265175026,2.4400
4889,18,229,12.72,9.3,0,corps,21.006823727104155,2.8006
4890,12,240,20.00,6.7,0,corps,20.998322440739305,3.0142
4891,11,148,13.45,6.2,0,corps,20.98982540395515,3.9479
4892,23,393,17.09,11.6,0,corps,20.981332614627437,2.5542
4893,9,151,16.78,5.3,0,corps,20.972844070632966,4.0924
4894,3,33,11.00,2.7,0,corps,20.9643597698496,0.9359
4895,15,174,11.60,8.0,0,corps,20.955879710156275,1.2700
4896,25,377,15.08,12.4,0,corps,20.94740388943295,1.6088
4897,7,115,16.43,4.4,0,corps,20.93893230556069,1.1263
4898,20,225,11.25,10.2,0,corps,20.930464956421606,3.3320
4899,26,426,16.38,12.9,0,corps,20.922001839898837,3.2769
4900,15,121,8.07,8.0,0,corps,20.913542953876618,1.9150
4901,15,191,12.73,8.0,0,corps,20.905088296240233,1.4626
4902,17,303,17.82,8.9,0,corps,20.896637864876,3.8013
4903,16,186,11.62,8.4,0,corps,20.88819165767133,1.6998
4904,19,286,15.05,9.8,0,corps,20.879749672514656,3.0126
4905,40,592,14.80,19.1,0,corps,20.87131190729549,2.6004
4906,15,225,15.00,8.0,0,corps,20.862878359904393,1.4301
4907,14,210,15.00,7.6,0,corps,20.854449028232967,3.3344
4908,34,403,11.85,16.4,0,corps,20.846023910173884,4.4006
4909,20,215,10.75,10.2,0,corps,20.837603003620874,1.7702
4910,15,235,15.67,8.0,0,corps,20.8291863064687,1.0263
4911,24,281,11.71,12.0,0,corps,20.82077381661319,1.7958
4912,28,386,13.79,13.8,0,corps,20.812365531951222,2.4266
4913,4,101,25.25,3.1,0,corps,20.803961450380722,0.8729
4914,24,315,13.12,12.0,0,corps,20.79556156980068,1.5651
4915,25,344,13.76,12.4,0,corps,20.787165888111105,1.9513
4916,11,157,14.27,6.2,0,corps,20.778774403213095,4.5711
4917,19,239,12.58,9.8,0,corps,20.77038711300878,1.5080
4918,21,312,14.86,10.7,0,corps,20.762004015401324,3.8711
4919,13,189,14.54,7.1,0,corps,20.753625108294962,4.4836
4920,6,139,23.17,4.0,0,corps,20.745250389594965,0.9688
4921,10,119,11.90,5.8,0,corps,20.736879857207644,5.8338
4922,15,182,12.13,8.0,0,corps,20.728513509040386,1.2648
4923,12,118,9.83,6.7,0,corps,20.720151343001582,1.8487
4924,19,194,10.21,9.8,0,corps,20.71179335700071,1.5280
4925,18,232,12.89,9.3,0,corps,20.70343954894826,3.7986
4926,28,318,11.36,13.8,0,corps,20.695089916755784,2.3702
4927,20,250,12.50,10.2,0,corps,20.68674445833588,1.4758
4928,30,366,12.20,14.7,0,corps,20.678403171602167,5.1773
4929,26,319,12.27,12.9,0,corps,20.670066054469334,2.3797
4930,6,116,19.33,4.0,0,corps,20.661733104853113,1.2674
4931,12,210,17.50,6.7,0,corps,20.653404320670248,4.0565
4932,4,33,8.25,3.1,0,corps,20.645079699838544,1.6389
4933,16,239,14.94,8.4,0,corps,20.636759240276866,1.4468
4934,28,397,14.18,13.8,0,corps,20.628442939905074,1.8441
4935,6,105,17.50,4.0,0,corps,20.62013079664411,1.0148
4936,22,298,13.55,11.1,0,corps,20.611822808415926,1.4156
4937,11,113,10.27,6.2,0,corps,20.60351897314353,6.6743
4938,13,175,13.46,7.1,0,corps,20.59521928875097,1.4316
4939,14,246,17.57,7.6,0,corps,20.586923753163315,1.1133
4940,6,105,17.50,4.0,0,corps,20.578632364306678,6.6290
4941,14,138,9.86,7.6,0,corps,20.570345120108232,1.6789
4942,24,300,12.50,12.0,0,corps,20.562062018496142,1.5365
4943,19,227,11.95,9.8,0,corps,20.553783057399652,1.6859
4944,7,86,12.29,4.4,0,corps,20.545508234749,6.9111
4945,36,420,11.67,17.3,0,corps,20.537237548475503,2.0303
4946,6,59,9.83,4.0,0,corps,20.52897099651148,1.7367
4947,5,34,6.80,3.6,0,corps,20.520708576790284,2.2954
4948,25,354,14.16,12.4,0,corps,20.51245028724632,1.5027
4949,18,197,10.94,9.3,0,corps,20.504196125815017,4.8122
4950,11,177,16.09,6.2,0,corps,20.49594609043283,1.0878
4951,4,32,8.00,3.1,0,corps,20.48770017903726,1.6902
4952,15,159,10.60,8.0,0,corps,20.47945838956681,1.5589
4953,19,297,15.63,9.8,0,corps,20.471220719961043,1.8202
4954,20,230,11.50,10.2,0,corps,20.46298716816055,5.0371
4955,12,200,16.67,6.7,0,corps,20.454757732106927,1.3610
4956,9,122,13.56,5.3,0,corps,20.446532409742822,5.4308
4957,23,281,12.22,11.6,0,corps,20.438311199011913,1.8775
4958,30,440,14.67,14.7,0,corps,20.43009409785888,1.5215
4959,5,91,18.20,3.6,0,corps,20.421881104229467,1.0061
4960,8,66,8.25,4.9,0,corps,20.41367221607041,10.1738
4961,20,322,16.10,10.2,0,corps,20.40546743132949,2.4234
4962,24,295,12.29,12.0,0,corps,20.39726674795552,3.7588
4963,13,144,11.08,7.1,0,corps,20.389070163898314,1.5549
4964,19,245,12.89,9.8,0,corps,20.380877677108735,1.4646
4965,7,108,15.43,4.4,0,corps,20.372689285538673,1.4996
4966,25,347,13.88,12.4,0,corps,20.364504987141007,1.7088
4967,16,216,13.50,8.4,0,corps,20.356324779869677,4.2343
4968,2,21,10.50,2.2,0,corps,20.348148661679623,2.0293
4969,24,264,11.00,12.0,0,corps,20.33997663052682,1.7572
4970,13,171,13.15,7.1,0,corps,20.33180868436827,1.5252
4971,28,455,16.25,13.8,0,corps,20.323644821161963,2.7483
4972,10,89,8.90,5.8,0,corps,20.315485038866946,7.5589
4973,31,433,13.97,15.1,0,corps,20.307329335443285,1.9603
4974,13,153,11.77,7.1,0,corps,20.299177708852035,5.2484
4975,22,260,11.82,11.1,0,corps,20.291030157055303,2.8494
4976,9,125,13.89,5.3,0,corps,20.282886678016187,1.6324
4977,5,54,10.80,3.6,0,corps,20.274747269698825,2.1953
4978,14,170,12.14,7.6,0,corps,20.266611930068375,1.8596
4979,18,207,11.50,9.3,0,corps,20.25848065709098,2.7335
4980,15,247,16.47,8.0,0,corps,20.250353448733843,1.2099
4981,10,117,11.70,5.8,0,corps,20.242230302965154,1.7106
4982,11,123,11.18,6.2,0,corps,20.23411121775412,1.5070
4983,10,103,10.30,5.8,0,corps,20.22599619107098,6.4361
4984,6,84,14.00,4.0,0,corps,20.21788522088697,6.4167
4985,17,211,12.41,8.9,0,corps,20.209778305174343,3.2730
4986,8,119,14.88,4.9,0,corps,20.20167544190639,1.1896
4987,17,204,12.00,8.9,0,corps,20.193576629057368,1.4258
4988,11,149,13.55,6.2,0,corps,20.185481864602593,2.0902
4989,16,255,15.94,8.4,0,corps,20.17739114651837,3.3945
4990,3,71,23.67,2.7,0,corps,20.169304472782017,1.2929
4991,24,256,10.67,12.0,0,corps,20.16122184137187,1.6002
4992,15,310,20.67,8.0,0,corps,20.153143250267263,2.5112
4993,28,429,15.32,13.8,0,corps,20.14506869744855,3.1499
4994,13,192,14.77,7.1,0,corps,20.136998180897105,3.2192
4995,19,291,15.32,9.8,0,corps,20.12893169859528,1.5098
4996,14,235,16.79,7.6,0,corps,20.120869248526464,1.0120
4997,11,138,12.55,6.2,0,corps,20.112810828675055,1.3773
4998,17,336,19.76,8.9,0,corps,20.104756437026424,1.7118
4999,8,141,17.62,4.9,0,corps,20.096706071567,1.1439
5000,15,123,8.20,8.0,0,corps,20.088659730284164,6.9072
5001,21,260,12.38,10.7,0,corps,20.080617411166347,2.2694
5002,9,95,10.56,5.3,0,corps,20.072579112202973,2.0555
5003,9,114,12.67,5.3,0,corps,20.064544831384456,2.4937
5004,6,91,15.17,4.0,0,corps,20.056514566702237,0.9466
5005,18,261,14.50,9.3,0,corps,20.04848831614873,2.0509
5006,5,60,12.00,3.6,0,corps,20.040466077717394,2.0312
5007,27,412,15.26,13.3,0,corps,20.032447849402665,3.1233
5008,12,152,12.67,6.7,0,corps,20.024433629199976,1.5933
5009,19,214,11.26,9.8,0,corps,20.016423415105773,1.5809
5010,5,64,12.80,3.6,0,corps,20.008417205117517,1.5767
5011,10,98,9.80,5.8,0,corps,20.000414997233644,6.3842
5012,10,223,22.30,5.8,0,corps,19.992416789453603,0.9280
5013,12,167,13.92,6.7,0,corps,19.98442257977784,1.0759
5014,25,313,12.52,12.4,0,corps,19.976432366207803,1.4723
5015,19,255,13.42,9.8,0,corps,19.96844614674595,1.5887
5016,23,402,17.48,11.6,0,corps,19.960463919395707,1.5242
5017,15,302,20.13,8.0,0,corps,19.952485682161527,1.1786
5018,5,62,12.40,3.6,0,corps,19.944511433048863,1.2983
5019,12,176,14.67,6.7,0,corps,19.936541170064128,4.3348
5020,7,128,18.29,4.4,0,corps,19.928574891214772,1.0440
5021,15,196,13.07,8.0,0,corps,19.920612594509223,1.1631
5022,13,183,14.08,7.1,0,corps,19.9126542779569,0.9852
5023,10,155,15.50,5.8,0,corps,19.90469993956824,0.9871
5024,19,276,14.53,9.8,0,corps,19.89674957735464,3.3203
5025,6,88,14.67,4.0,0,corps,19.888803189328513,1.1858
5026,16,212,13.25,8.4,0,corps,19.88086077350328,1.1371
5027,3,35,11.67,2.7,0,corps,19.87292232789331,1.3660
5028,12,160,13.33,6.7,0,corps,19.864987850514016,1.9520
5029,22,338,15.36,11.1,0,corps,19.857057339381758,3.4308
5030,14,150,10.71,7.6,0,corps,19.849130792513918,1.4757
5031,5,54,10.80,3.6,0,corps,19.841208207928865,1.1581
5032,12,181,15.08,6.7,0,corps,19.833289583645943,2.5037
5033,21,314,14.95,10.7,0,corps,19.825374917685494,2.0277
5034,14,228,16.29,7.6,0,corps,19.817464208068866,1.0451
5035,18,192,10.67,9.3,0,corps,19.809557452818368,3.8865
5036,18,294,16.33,9.3,0,corps,19.801654649957317,1.1164
5037,10,123,12.30,5.8,0,corps,19.793755797510006,1.4437
5038,11,122,11.09,6.2,0,corps,19.78586089350173,1.0418
5039,6,83,13.83,4.0,0,corps,19.777969935958765,1.4735
5040,23,327,14.22,11.6,0,corps,19.770082922908358,2.7137
5041,35,504,14.40,16.9,0,corps,19.762199852378764,2.6497
5042,14,136,9.71,7.6,0,corps,19.75432072239922,3.1243
5043,10,77,7.70,5.8,0,corps,19.74644553099994,3.5517
5044,19,232,12.21,9.8,0,corps,19.73857427621212,2.4662
5045,8,122,15.25,4.9,0,corps,19.73070695606795,1.8956
5046,14,212,15.14,7.6,0,corps,19.722843568600602,2.0109
5047,22,299,13.59,11.1,0,corps,19.714984111844235,1.9646
5048,13,137,10.54,7.1,0,corps,19.70712858383397,6.1007
5049,10,127,12.70,5.8,0,corps,19.69927698260593,3.0399
5050,17,243,14.29,8.9,0,corps,19.69142930619723,1.4511
5051,2,41,20.50,2.2,0,corps,19.683585552645926,1.0897
5052,16,222,13.88,8.4,0,corps,19.6757457199911,3.6156
5053,10,108,10.80,5.8,0,corps,19.667909806272778,6.0488
5054,20,340,17.00,10.2,0,corps,19.66007780953199,3.0710
5055,29,402,13.86,14.2,0,corps,19.652249727810748,4.3706
5056,22,320,14.55,11.1,0,corps,19.64442555915201,2.2337
5057,12,135,11.25,6.7,0,corps,19.636605301599737,4.0126
5058,14,211,15.07,7.6,0,corps,19.628788953198885,1.4821
5059,13,199,15.31,7.1,0,corps,19.62097651199534,4.8882
5060,19,344,18.11,9.8,0,corps,19.613167976036017,1.6740
5061,17,163,9.59,8.9,0,corps,19.605363343368758,2.2102
5062,19,263,13.84,9.8,0,corps,19.597562612042417,3.8360
5063,11,143,13.00,6.2,0,corps,19.58976578010682,1.5134
5064,13,163,12.54,7.1,0,corps,19.581972845612743,1.4831
5065,17,243,14.29,8.9,0,corps,19.574183806611952,2.2342
5066,15,245,16.33,8.0,0,corps,19.566398661157205,1.2598
5067,12,115,9.58,6.7,0,corps,19.558617407302197,3.3174
5068,18,268,14.89,9.3,0,corps,19.55084004310163,1.6133
5069,5,82,16.40,3.6,0,corps,19.54306656661115,0.9513
5070,8,127,15.88,4.9,0,corps,19.535296975887384,1.4091
5071,10,118,11.80,5.8,0,corps,19.527531268987957,1.7652
5072,23,284,12.35,11.6,0,corps,19.51976944397142,4.2408
5073,20,257,12.85,10.2,0,corps,19.512011498897323,1.8118
5074,13,146,11.23,7.1,0,corps,19.50425743182619,1.6506
5075,12,157,13.08,6.7,0,corps,19.496507240819486,1.5695
5076,12,141,11.75,6.7,0,corps,19.488760923939683,1.6856
5077,17,156,9.18,8.9,0,corps,19.481018479250185,4.7618
5078,20,234,11.70,10.2,0,corps,19.473279904815385,3.1653
5079,16,117,7.31,8.4,0,corps,19.465545198700653,4.4651
5080,10,122,12.20,5.8,0,corps,19.45781435897229,1.7317
5081,29,353,12.17,14.2,0,corps,19.450087383697596,3.1624
5082,16,177,11.06,8.4,0,corps,19.44236427094484,4.1373
5083,16,148,9.25,8.4,0,corps,19.434645018783222,2.3301
5084,12,179,14.92,6.7,0,corps,19.426929625282945,3.4872
5085,14,194,13.86,7.6,0,corps,19.41921808851515,2.8673
5086,23,319,13.87,11.6,0,corps,19.41151040655196,2.5418
5087,12,193,16.08,6.7,0,corps,19.403806577466458,1.7402
5088,20,224,11.20,10.2,0,corps,19.396106599332672,2.3767
5089,15,193,12.87,8.0,0,corps,19.388410470225615,2.9622
5090,24,358,14.92,12.0,0,corps,19.380718188221262,1.9697
5091,19,285,15.00,9.8,0,corps,19.37302975139653,2.8979
5092,16,151,9.44,8.4,0,corps,19.365345157829324,7.6492
5093,9,90,10.00,5.3,0,corps,19.35766440559848,1.7259
5094,27,378,14.00,13.3,0,corps,19.349987492783818,1.4596
5095,19,227,11.95,9.8,0,corps,19.342314417466117,1.2657
5096,19,276,14.53,9.8,0,corps,19.33464517772709,2.0279
5097,10,164,16.40,5.8,0,corps,19.326979771649437,3.8288
5098,34,438,12.88,16.4,0,corps,19.31931819731682,3.0260
5099,11,183,16.64,6.2,0,corps,19.31166045281382,2.7929
5100,8,126,15.75,4.9,0,corps,19.30400653622602,6.7015
5101,16,214,13.38,8.4,0,corps,19.29635644563993,1.5543
5102,12,152,12.67,6.7,0,corps,19.288710179143028,4.7394
5103,8,117,14.62,4.9,0,corps,19.281067734823758,1.5112
5104,24,300,12.50,12.0,0,corps,19.273429110771495,1.5777
5105,21,280,13.33,10.7,0,corps,19.26579430507659,3.2267
5106,21,278,13.24,10.7,0,corps,19.258163315830345,2.1353
5107,10,121,12.10,5.8,0,corps,19.250536141125004,7.0627
5108,24,323,13.46,12.0,0,corps,19.242912779053782,2.2912
5109,16,192,12.00,8.4,0,corps,19.23529322771083,1.5776
5110,11,158,14.36,6.2,0,corps,19.227677485191265,1.4467
5111,28,424,15.14,13.8,0,corps,19.220065549591155,3.9886
5112,9,165,18.33,5.3,0,corps,19.212457419007503,5.5831
5113,20,321,16.05,10.2,0,corps,19.20485309153829,1.5238
5114,19,275,14.47,9.8,0,corps,19.197252565282433,1.3992
5115,19,318,16.74,9.8,0,corps,19.189655838339785,3.2379
5116,23,399,17.35,11.6,0,corps,19.18206290881119,1.8175
5117,16,195,12.19,8.4,0,corps,19.174473774798393,1.9137
5118,25,374,14.96,12.4,0,corps,19.166888434404118,3.1045
5119,19,273,14.37,9.8,0,corps,19.159306885732036,6.6811
5120,21,288,13.71,10.7,0,corps,19.15172912688675,1.6433
5121,19,269,14.16,9.8,0,corps,19.144155155973824,1.9087
5122,19,225,11.84,9.8,0,corps,19.136584971099772,1.8909
5123,33,464,14.06,16.0,0,corps,19.129018570372036,1.9073
5124,3,14,4.67,2.7,0,corps,19.121455951899023,3.8215
5125,9,100,11.11,5.3,0,corps,19.113897113790077,1.7911
5126,32,465,14.53,15.6,0,corps,19.106342054155483,2.9286
5127,21,363,17.29,10.7,0,corps,19.09879077110649,1.4442
5128,16,270,16.88,8.4,0,corps,19.091243262755263,1.1490
5129,19,247,13.00,9.8,0,corps,19.083699527214936,1.7266
5130,14,154,11.00,7.6,0,corps,19.076159562599564,4.6005
5131,10,132,13.20,5.8,0,corps,19.068623367024156,4.1594
5132,23,315,13.70,11.6,0,corps,19.06109093860468,1.6283
5133,3,108,36.00,2.7,0,corps,19.05356227545801,0.8207
5134,13,220,16.92,7.1,0,corps,19.046037375701985,3.4040
5135,17,283,16.65,8.9,0,corps,19.03851623745539,1.2337
5136,18,287,15.94,9.3,0,corps,19.03099885883793,2.4130
5137,14,220,15.71,7.6,0,corps,19.023485237970263,2.7087
5138,24,266,11.08,12.0,0,corps,19.01597537297398,2.1782
5139,20,326,16.30,10.2,0,corps,19.00846926197162,1.0938
5140,7,170,24.29,4.4,0,corps,19.000966903086656,0.8978
5141,23,262,11.39,11.6,0,corps,18.993468294443492,1.8661
5142,14,176,12.57,7.6,0,corps,18.98597343416748,2.0007
5143,16,244,15.25,8.4,0,corps,18.97848232038491,3.6407
5144,23,332,14.43,11.6,0,corps,18.970994951222995,2.5721
5145,32,375,11.72,15.6,0,corps,18.9635113248099,3.0377
5146,28,362,12.93,13.8,0,corps,18.956031439274707,1.9953
5147,17,206,12.12,8.9,0,corps,18.94855529274745,3.1951
5148,23,274,11.91,11.6,0,corps,18.941082883359105,1.7854
5149,26,346,13.31,12.9,0,corps,18.933614209241547,1.9128
5150,14,195,13.93,7.6,0,corps,18.926149268527624,4.5042
5151,21,262,12.48,10.7,0,corps,18.918688059351098,3.0509
5152,12,170,14.17,6.7,0,corps,18.91123057984666,3.6240
5153,25,293,11.72,12.4,0,corps,18.903776828149955,3.0664
5154,26,333,12.81,12.9,0,corps,18.896326802397525,3.0096
5155,13,182,14.00,7.1,0,corps,18.88888050072687,1.9405
5156,13,147,11.31,7.1,0,corps,18.88143792127643,5.0908
5157,12,120,10.00,6.7,0,corps,18.873999062185536,4.3572
5158,19,190,10.00,9.8,0,corps,18.866563921594487,2.1717
5159,35,466,13.31,16.9,0,corps,18.859132497644502,3.6738
5160,12,131,10.92,6.7,0,corps,18.851704788477715,2.1644
5161,4,34,8.50,3.1,0,corps,18.844280792237207,2.1664
5162,13,157,12.08,7.1,0,corps,18.836860507066966,6.9581
5163,23,287,12.48,11.6,0,corps,18.829443931111932,2.1355
5164,2,50,25.00,2.2,0,corps,18.822031062517965,1.0525
5165,13,127,9.77,7.1,0,corps,18.81462189943183,2.5294
5166,8,79,9.88,4.9,0,corps,18.807216440001252,10.2876
5167,4,62,15.50,3.1,0,corps,18.799814682374862,1.6928
5168,34,499,14.68,16.4,0,corps,18.79241662470222,1.7699
5169,9,118,13.11,5.3,0,corps,18.785022265133815,5.9935
5170,31,415,13.39,15.1,0,corps,18.777631601821042,2.3348
5171,3,26,8.67,2.7,0,corps,18.77024463291625,2.0955
5172,24,273,11.38,12.0,0,corps,18.762861356572703,5.9211
5173,20,295,14.75,10.2,0,corps,18.755481770944563,2.6018
5174,17,183,10.76,8.9,0,corps,18.74810587418694,1.9718
5175,19,228,12.00,9.8,0,corps,18.74073366445587,5.3063
5176,28,373,13.32,13.8,0,corps,18.73336513990829,4.0580
5177,29,480,16.55,14.2,0,corps,18.726000298702075,2.6250
5178,11,103,9.36,6.2,0,corps,18.718639138996004,5.8808
5179,17,258,15.18,8.9,0,corps,18.711281658949797,1.3590
5180,16,210,13.12,8.4,0,corps,18.703927856724086,4.2080
5181,14,186,13.29,7.6,0,corps,18.69657773048041,3.0067
5182,25,398,15.92,12.4,0,corps,18.689231278381243,1.3900
5183,21,310,14.76,10.7,0,corps,18.68188849858998,1.5656
5184,3,47,15.67,2.7,0,corps,18.67454938927091,1.1852
5185,4,88,22.00,3.1,0,corps,18.66721394858927,0.9472
5186,11,177,16.09,6.2,0,corps,18.65988217471119,1.1909
5187,20,214,10.70,10.2,0,corps,18.652554065803727,2.9555
5188,10,116,11.60,5.8,0,corps,18.645229620034865,1.4061
5189,6,69,11.50,4.0,0,corps,18.637908835573473,7.6743
5190,18,233,12.94,9.3,0,corps,18.63059171058937,1.4531
5191,16,208,13.00,8.4,0,corps,18.62327824325328,1.3975
5192,9,89,9.89,5.3,0,corps,18.615968431736817,1.5256
5193,21,210,10.00,10.7,0,corps,18.60866227421255,3.9737
5194,17,238,14.00,8.9,0,corps,18.60135976885391,3.0129
5195,17,245,14.41,8.9,0,corps,18.594060913835296,1.6421
5196,5,32,6.40,3.6,0,corps,18.586765707331992,1.9866
5197,9,101,11.22,5.3,0,corps,18.579474147520187,1.4386
5198,19,196,10.32,9.8,0,corps,18.57218623257699,1.6951
5199,16,239,14.94,8.4,0,corps,18.564901960680437,1.0941
5200,13,156,12.00,7.1,0,corps,18.55762133000944,3.7194
5201,21,338,16.10,10.7,0,corps,18.55034433874386,1.9700
5202,28,361,12.89,13.8,0,corps,18.543070985064432,6.1938
5203,13,189,14.54,7.1,0,corps,18.53580126715283,2.9618
5204,17,215,12.65,8.9,0,corps,18.52853518319162,1.4623
5205,20,305,15.25,10.2,0,corps,18.521272731364284,2.1351
5206,2,13,6.50,2.2,0,corps,18.5140139098552,3.0476
5207,4,37,9.25,3.1,0,corps,18.506758716849678,1.5164
5208,33,429,13.00,16.0,0,corps,18.499507150533905,2.8916
5209,13,166,12.77,7.1,0,corps,18.492259209095,1.2678
5210,25,329,13.16,12.4,0,corps,18.485014890720965,1.6997
5211,5,90,18.00,3.6,0,corps,18.477774193600734,0.9789
5212,39,536,13.74,18.7,0,corps,18.470537115924127,1.8908
5213,17,190,11.18,8.9,0,corps,18.463303655881873,5.0166
5214,16,225,14.06,8.4,0,corps,18.4560738116656,1.3300
5215,16,156,9.75,8.4,0,corps,18.44884758146787,3.5496
5216,2,19,9.50,2.2,0,corps,18.441624963482102,3.0506
5217,2,24,12.00,2.2,0,corps,18.43440595590266,1.4876
5218,33,469,14.21,16.0,0,corps,18.427190556924767,3.9598
5219,33,420,12.73,16.0,0,corps,18.41997876474459,2.4307
5220,15,152,10.13,8.0,0,corps,18.412770577559193,1.8835
5221,18,209,11.61,9.3,0,corps,18.4055659935665,4.0229
5222,17,160,9.41,8.9,0,corps,18.398365010965385,1.6485
5223,17,200,11.76,8.9,0,corps,18.391167627955607,2.9626
5224,17,203,11.94,8.9,0,corps,18.383973842737802,4.4062
5225,19,260,13.68,9.8,0,corps,18.37678365351354,2.6826
5226,10,108,10.80,5.8,0,corps,18.369597058485258,5.3496
5227,4,40,10.00,3.1,0,corps,18.362414055856316,1.7056
5228,30,460,15.33,14.7,0,corps,18.35523464383097,2.4480
5229,15,242,16.13,8.0,0,corps,18.34805882061435,1.0188
5230,13,180,13.85,7.1,0,corps,18.340886584412512,0.9621
5231,17,335,19.71,8.9,0,corps,18.333717933432403,0.9890
5232,18,249,13.83,9.3,0,corps,18.326552865881844,2.7967
5233,27,277,10.26,13.3,0,corps,18.31939137996958,1.6258
5234,13,147,11.31,7.1,0,corps,18.312233473905234,1.4178
5235,13,198,15.23,7.1,0,corps,18.30507914589933,1.1371
5236,15,234,15.60,8.0,0,corps,18.297928394163293,3.7553
5237,26,393,15.12,12.9,0,corps,18.290781216909423,3.2459
5238,16,237,14.81,8.4,0,corps,18.28363761235093,1.8953
5239,13,191,14.69,7.1,0,corps,18.27649757870192,1.3023
5240,14,152,10.86,7.6,0,corps,18.269361114177375,4.5904
5241,15,165,11.00,8.0,0,corps,18.26222821699319,4.1033
5242,22,260,11.82,11.1,0,corps,18.255098885366124,4.4229
5243,20,262,13.10,10.2,0,corps,18.247973117513855,1.8225
5244,7,72,10.29,4.4,0,corps,18.240850911654945,1.4534
5245,17,209,12.29,8.9,0,corps,18.233732266008833,2.2010
5246,25,325,13.00,12.4,0,corps,18.226617178795863,1.7527
5247,12,158,13.17,6.7,0,corps,18.219505648237263,1.9132
5248,16,175,10.94,8.4,0,corps,18.212397672555145,1.9435
5249,10,122,12.20,5.8,0,corps,18.205293249972527,5.2743
5250,21,318,15.14,10.7,0,corps,18.198192378713284,2.3913
5251,19,258,13.58,9.8,0,corps,18.191095057002215,1.4778
5252,22,314,14.27,11.1,0,corps,18.18400128306499,1.9308
5253,11,139,12.64,6.2,0,corps,18.17691105512815,1.2873
5254,14,222,15.86,7.6,0,corps,18.169824371419157,1.5991
5255,18,194,10.78,9.3,0,corps,18.162741230166326,3.6888
5256,16,216,13.50,8.4,0,corps,18.155661629598875,3.1206
5257,8,134,16.75,4.9,0,corps,18.14858556794691,1.2659
5258,26,379,14.58,12.9,0,corps,18.141513043441403,2.2676
5259,11,139,12.64,6.2,0,corps,18.134444054314233,1.8225
5260,5,93,18.60,3.6,0,corps,18.127378598798156,1.2319
5261,5,79,15.80,3.6,0,corps,18.120316675126798,0.8507
5262,3,40,13.33,2.7,0,corps,18.113258281534687,1.1237
5263,14,213,15.21,7.6,0,corps,18.10620341625721,3.6001
5264,13,110,8.46,7.1,0,corps,18.099152077530665,1.9110
5265,7,107,15.29,4.4,0,corps,18.09210426359222,1.5485
5266,9,133,14.78,5.3,0,corps,18.0850599726799,1.2721
5267,12,115,9.58,6.7,0,corps,18.078019203032657,5.5657
5268,23,301,13.09,11.6,0,corps,18.07098195289029,4.5931
5269,29,346,11.93,14.2,0,corps,18.063948220493476,3.6227
5270,21,268,12.76,10.7,0,corps,18.056918004083798,3.5340
5271,40,529,13.22,19.1,0,corps,18.049891301903685,3.4964
5272,12,153,12.75,6.7,0,corps,18.042868112196476,4.5300
5273,16,180,11.25,8.4,0,corps,18.035848433206375,2.3540
5274,5,69,13.80,3.6,0,corps,18.028832263178447,1.4792
5275,25,339,13.56,12.4,0,corps,18.021819600358654,3.5639
5276,17,256,15.06,8.9,0,corps,18.014810442993845,2.1294
5277,19,221,11.63,9.8,0,corps,18.007804789331715,2.9717
5278,21,266,12.67,10.7,0,corps,18.000802637620858,1.6228
5279,21,232,11.05,10.7,0,corps,17.993803986110727,1.5922
5280,13,171,13.15,7.1,0,corps,17.98680883305167,2.0203
5281,16,183,11.44,8.4,0,corps,17.979817176694894,1.9889
5282,27,361,13.37,13.3,0,corps,17.97282901529248,3.5705
5283,22,266,12.09,11.1,0,corps,17.965844347097395,1.7989
5284,19,248,13.05,9.8,0,corps,17.958863170363475,1.7169
5285,16,198,12.38,8.4,0,corps,17.95188548334541,1.3035
5286,19,264,13.89,9.8,0,corps,17.944911284298804,1.3774
5287,24,263,10.96,12.0,0,corps,17.93794057148008,2.3427
5288,22,218,9.91,11.1,0,corps,17.93097334314657,2.1130
5289,14,227,16.21,7.6,0,corps,17.924009597556477,1.1295
5290,29,421,14.52,14.2,0,corps,17.917049332968848,2.9613
5291,22,323,14.68,11.1,0,corps,17.910092547643625,1.9209
5292,18,216,12.00,9.3,0,corps,17.903139239841618,1.3405
5293,11,113,10.27,6.2,0,corps,17.896189407824487,1.6536
5294,9,123,13.67,5.3,0,corps,17.889243049854787,1.7059
5295,16,203,12.69,8.4,0,corps,17.882300164195915,1.3815
5296,30,441,14.70,14.7,0,corps,17.875360749112158,1.4678
5297,15,200,13.33,8.0,0,corps,17.868424802868667,1.9690
5298,18,241,13.39,9.3,0,corps,17.86149232373144,1.8072
5299,4,61,15.25,3.1,0,corps,17.854563309967368,2.2257
5300,10,134,13.40,5.8,0,corps,17.8476377598442,1.5028
5301,15,202,13.47,8.0,0,corps,17.840715671630537,3.3991
5302,34,499,14.68,16.4,0,corps,17.833797043595876,1.1872
5303,10,108,10.80,5.8,0,corps,17.826881874010535,6.0003
5304,23,283,12.30,11.6,0,corps,17.81997016114574,2.9612
5305,28,392,14.00,13.8,0,corps,17.81306190327356,2.1088
5306,18,240,13.33,9.3,0,corps,17.806157098666926,1.2932
5307,13,167,12.85,7.1,0,corps,17.799255745599634,1.0743
5308,20,286,14.30,10.2,0,corps,17.792357842346355,2.4374
5309,19,253,13.32,9.8,0,corps,17.785463387182606,0.9181
5310,11,112,10.18,6.2,0,corps,17.77857237838478,5.5356
5311,11,98,8.91,6.2,0,corps,17.771684814230117,1.3909
5312,14,149,10.64,7.6,0,corps,17.764800692996726,2.9520
5313,22,342,15.55,11.1,0,corps,17.757920012963584,1.1109
5314,14,186,13.29,7.6,0,corps,17.751042772410518,3.5451
5315,31,403,13.00,15.1,0,corps,17.74416896961821,1.9166
5316,8,71,8.88,4.9,0,corps,17.737298602868226,6.6803
5317,20,281,14.05,10.2,0,corps,17.730431670442957,1.3324
5318,18,214,11.89,9.3,0,corps,17.723568170625683,1.3122
5319,17,200,11.76,8.9,0,corps,17.71670810170052,1.4409
5320,8,72,9.00,4.9,0,corps,17.70985146195245,1.3293
5321,2,32,16.00,2.2,0,corps,17.702998249667324,1.4594
5322,31,329,10.61,15.1,0,corps,17.696148463131824,1.8120
5323,17,216,12.71,8.9,0,corps,17.689302100633515,1.6568
5324,19,257,13.53,9.8,0,corps,17.682459160460805,4.4414
5325,15,220,14.67,8.0,0,corps,17.675619640902955,4.5537
5326,18,230,12.78,9.3,0,corps,17.668783540250086,3.8013
5327,19,253,13.32,9.8,0,corps,17.661950856793172,3.3369
5328,8,104,13.00,4.9,0,corps,17.65512158882404,1.7704
5329,20,197,9.85,10.2,0,corps,17.648295734635386,2.1581
5330,17,252,14.82,8.9,0,corps,17.641473292520725,2.4466
5331,22,258,11.73,11.1,0,corps,17.634654260774465,2.0382
5332,2,32,16.00,2.2,0,corps,17.627838637691845,2.4836
5333,10,181,18.10,5.8,0,corps,17.62102642156895,1.2232
5334,21,258,12.29,10.7,0,corps,17.614217610702735,4.5137
5335,2,22,11.00,2.2,0,corps,17.607412203390986,1.9165
5336,17,217,12.76,8.9,0,corps,17.60061019793236,4.5616
5337,20,251,12.55,10.2,0,corps,17.593811592626366,3.7159
5338,48,627,13.06,22.7,0,corps,17.587016385773328,3.2970
5339,8,80,10.00,4.9,0,corps,17.580224575674464,1.9234
5340,12,177,14.75,6.7,0,corps,17.573436160631815,2.7620
5341,13,178,13.69,7.1,0,corps,17.566651138948274,4.7024
5342,3,56,18.67,2.7,0,corps,17.55986950892759,0.9234
5343,11,133,12.09,6.2,0,corps,17.55309126887435,1.3878
5344,30,423,14.10,14.7,0,corps,17.546316417093998,2.4923
5345,21,268,12.76,10.7,0,corps,17.53954495189283,4.0598
5346,23,340,14.78,11.6,0,corps,17.532776871577962,1.5943
5347,10,96,9.60,5.8,0,corps,17.526012174457378,2.6290
5348,29,417,14.38,14.2,0,corps,17.51925085883992,2.1935
5349,12,134,11.17,6.7,0,corps,17.51249292303524,4.2311
5350,22,297,13.50,11.1,0,corps,17.505738365353867,3.2192
5351,31,446,14.39,15.1,0,corps,17.498987184107147,2.6125
5352,9,114,12.67,5.3,0,corps,17.492239377607298,3.5045
5353,10,108,10.80,5.8,0,corps,17.485494944167364,1.6457
5354,11,116,10.55,6.2,0,corps,17.478753882101238,1.5054
5355,20,240,12.00,10.2,0,corps,17.472016189723647,3.2413
5356,20,288,14.40,10.2,0,corps,17.46528186535018,1.4798
5357,7,54,7.71,4.4,0,corps,17.458550907297244,2.2007
5358,30,342,11.40,14.7,0,corps,17.45182331388211,4.7966
5359,16,222,13.88,8.4,0,corps,17.44509908342287,2.7583
5360,20,262,13.10,10.2,0,corps,17.43837821423847,1.6574
5361,25,236,9.44,12.4,0,corps,17.431660704648703,2.0218
5362,25,337,13.48,12.4,0,corps,17.42494655297417,3.8231
5363,16,216,13.50,8.4,0,corps,17.418235757536348,3.1569
5364,24,365,15.21,12.0,0,corps,17.41152831665754,2.7621
5365,24,299,12.46,12.0,0,corps,17.40482422866088,4.7831
5366,19,272,14.32,9.8,0,corps,17.39812349187035,2.3596
5367,12,144,12.00,6.7,0,corps,17.39142610461076,8.3885
5368,16,214,13.38,8.4,0,corps,17.384732065207757,4.3853
5369,19,300,15.79,9.8,0,corps,17.378041371987855,1.6388
5370,25,306,12.24,12.4,0,corps,17.371354023278354,1.8809
5371,18,292,16.22,9.3,0,corps,17.36467001740743,2.4348
5372,30,484,16.13,14.7,0,corps,17.357989352704088,2.6966
5373,13,160,12.31,7.1,0,corps,17.351312027498142,1.3616
5374,22,311,14.14,11.1,0,corps,17.344638040120284,2.3653
5375,19,356,18.74,9.8,0,corps,17.337967388901998,2.2779
5376,23,297,12.91,11.6,0,corps,17.33130007217563,3.8581
5377,25,460,18.40,12.4,0,corps,17.324636088274353,1.8043
5378,15,200,13.33,8.0,0,corps,17.317975435532166,2.3283
5379,26,358,13.77,12.9,0,corps,17.311318112283907,1.5665
5380,16,200,12.50,8.4,0,corps,17.304664116865244,4.8008
5381,20,288,14.40,10.2,0,corps,17.29801344761268,3.0252
5382,29,453,15.62,14.2,0,corps,17.29136610286355,2.2220
5383,21,281,13.38,10.7,0,corps,17.28472208095601,1.3940
5384,18,202,11.22,9.3,0,corps,17.278081380229057,2.8737
5385,10,144,14.40,5.8,0,corps,17.271443999022527,1.5335
5386,20,318,15.90,10.2,0,corps,17.264809935677057,4.8551
5387,21,273,13.00,10.7,0,corps,17.258179188534147,2.3216
5388,24,346,14.42,12.0,0,corps,17.251551755936102,2.6341
5389,15,232,15.47,8.0,0,corps,17.244927636226063,1.4235
5390,15,131,8.73,8.0,0,corps,17.238306827748005,1.7648
5391,32,485,15.16,15.6,0,corps,17.23168932884672,1.2827
5392,23,281,12.22,11.6,0,corps,17.225075137867833,2.3814
5393,20,232,11.60,10.2,0,corps,17.21846425315781,1.5792
5394,24,294,12.25,12.0,0,corps,17.21185667306391,1.4345
5395,15,178,11.87,8.0,0,corps,17.205252395934252,2.3450
5396,10,153,15.30,5.8,0,corps,17.198651420117756,1.5954
5397,22,232,10.55,11.1,0,corps,17.192053743964188,4.3999
5398,13,133,10.23,7.1,0,corps,17.185459365824123,2.9011
5399,11,121,11.00,6.2,0,corps,17.178868284048967,4.5711
5400,12,166,13.83,6.7,0,corps,17.17228049699095,1.4430
5401,11,139,12.64,6.2,0,corps,17.165696003003134,2.9918
5402,15,210,14.00,8.0,0,corps,17.15911480043938,3.2229
5403,19,321,16.89,9.8,0,corps,17.1525368876544,2.4035
5404,13,178,13.69,7.1,0,corps,17.145962263003707,1.3155
5405,14,219,15.64,7.6,0,corps,17.139390924843642,1.5617
5406,27,357,13.22,13.3,0,corps,17.132822871531385,2.5305
5407,17,223,13.12,8.9,0,corps,17.12625810142491,3.6669
5408,25,298,11.92,12.4,0,corps,17.119696612883033,1.4110
5409,22,245,11.14,11.1,0,corps,17.113138404265378,1.7022
5410,11,123,11.18,6.2,0,corps,17.106583473932385,3.9290
5411,4,54,13.50,3.1,0,corps,17.100031820245338,1.3075
5412,24,324,13.50,12.0,0,corps,17.093483441566306,3.3745
5413,26,401,15.42,12.9,0,corps,17.086938336258203,1.8588
5414,30,401,13.37,14.7,0,corps,17.080396502684764,3.1486
5415,20,261,13.05,10.2,0,corps,17.073857939210505,2.0959
5416,9,126,14.00,5.3,0,corps,17.067322644200804,5.9744
5417,18,207,11.50,9.3,0,corps,17.060790616021833,1.1300
5418,26,378,14.54,12.9,0,corps,17.054261853040583,3.1924
5419,12,122,10.17,6.7,0,corps,17.047736353624867,4.3548
5420,17,208,12.24,8.9,0,corps,17.041214116143305,2.7034
5421,20,253,12.65,10.2,0,corps,17.034695138965336,3.2396
5422,10,141,14.10,5.8,0,corps,17.028179420461225,1.1581
5423,26,345,13.27,12.9,0,corps,17.021666959002037,2.1360
5424,12,179,14.92,6.7,0,corps,17.01515775295965,1.3577
5425,16,173,10.81,8.4,0,corps,17.00865180070678,3.5572
5426,27,382,14.15,13.3,0,corps,17.00214910061692,2.0191
5427,10,105,10.50,5.8,0,corps,16.995649651064408,1.6543
5428,19,212,11.16,9.8,0,corps,16.98915345042437,1.5784
5429,13,216,16.62,7.1,0,corps,16.982660497072764,3.8062
5430,22,353,16.05,11.1,0,corps,16.976170789386355,2.0469
5431,17,247,14.53,8.9,0,corps,16.969684325742705,1.2442
5432,25,261,10.44,12.4,0,corps,16.963201104520206,1.7788
5433,11,102,9.27,6.2,0,corps,16.956721124098053,5.0675
5434,14,154,11.00,7.6,0,corps,16.950244382856244,2.1092
5435,15,138,9.20,8.0,0,corps,16.943770879175606,5.7399
5436,15,163,10.87,8.0,0,corps,16.937300611437745,1.9568
5437,30,485,16.17,14.7,0,corps,16.93083357802511,4.8227
5438,2,17,8.50,2.2,0,corps,16.924369777320937,3.9591
5439,27,340,12.59,13.3,0,corps,16.917909207709272,3.5885
5440,27,302,11.19,13.3,0,corps,16.91145186757498,3.5907
5441,5,78,15.60,3.6,0,corps,16.904997755303725,1.5748
5442,11,135,12.27,6.2,0,corps,16.89854686928197,1.5737
5443,19,247,13.00,9.8,0,corps,16.892099207897,2.1076
5444,12,197,16.42,6.7,0,corps,16.885654769536902,3.9196
5445,41,519,12.66,19.6,0,corps,16.879213552590556,4.6419
5446,29,414,14.28,14.2,0,corps,16.872775555447678,2.5681
5447,30,565,18.83,14.7,0,corps,16.86634077649875,1.4803
5448,18,293,16.28,9.3,0,corps,16.859909214135076,1.3789
5449,8,81,10.12,4.9,0,corps,16.853480866748786,2.0208
5450,26,356,13.69,12.9,0,corps,16.84705573273277,2.0125
5451,30,386,12.87,14.7,0,corps,16.84063381048076,5.1866
5452,9,105,11.67,5.3,0,corps,16.83421509838726,2.2398
5453,5,70,14.00,3.6,0,corps,16.827799594847605,1.3679
5454,17,216,12.71,8.9,0,corps,16.82138729825792,2.5051
5455,20,277,13.85,10.2,0,corps,16.81497820701513,1.9165
5456,16,221,13.81,8.4,0,corps,16.808572319516948,5.7766
5457,2,16,8.00,2.2,0,corps,16.802169634161924,4.9920
5458,6,72,12.00,4.0,0,corps,16.795770149349366,2.2292
5459,12,181,15.08,6.7,0,corps,16.78937386347942,1.6703
5460,20,238,11.90,10.2,0,corps,16.782980774952996,1.5881
5461,25,311,12.44,12.4,0,corps,16.776590882171835,1.1545
5462,25,357,14.28,12.4,0,corps,16.770204183538468,3.1409
5463,30,564,18.80,14.7,0,corps,16.763820677456202,2.5707
5464,23,388,16.87,11.6,0,corps,16.757440362329177,2.3789
5465,12,209,17.42,6.7,0,corps,16.75106323656232,2.1380
5466,33,370,11.21,16.0,0,corps,16.744689298561326,2.9452
5467,28,363,12.96,13.8,0,corps,16.73831854673273,3.0368
5468,13,247,19.00,7.1,0,corps,16.73195097948383,2.5942
5469,28,310,11.07,13.8,0,corps,16.725586595222744,1.7592
5470,25,356,14.24,12.4,0,corps,16.719225392358375,1.2133
5471,24,353,14.71,12.0,0,corps,16.71286736930042,1.3184
5472,5,60,12.00,3.6,0,corps,16.70651252445937,1.4262
5473,25,316,12.64,12.4,0,corps,16.700160856246523,1.9718
5474,25,355,14.20,12.4,0,corps,16.693812363073953,1.4053
5475,16,182,11.38,8.4,0,corps,16.68746704335454,1.1514
5476,11,112,10.18,6.2,0,corps,16.681124895501952,5.1037
5477,3,26,8.67,2.7,0,corps,16.674785917930652,1.9899
5478,6,61,10.17,4.0,0,corps,16.66845010905591,1.4220
5479,23,326,14.17,11.6,0,corps,16.66211746729375,2.1395
5480,14,211,15.07,7.6,0,corps,16.655787991061022,1.1446
5481,18,178,9.89,9.3,0,corps,16.649461678775364,2.4827
5482,15,217,14.47,8.0,0,corps,16.643138528855186,3.3320
5483,19,229,12.05,9.8,0,corps,16.636818539719712,1.6657
5484,25,307,12.28,12.4,0,corps,16.630501709788938,2.5326
5485,13,221,17.00,7.1,0,corps,16.62418803748365,2.1550
5486,27,373,13.81,13.3,0,corps,16.617877521225445,3.3204
5487,14,272,19.43,7.6,0,corps,16.61157015943668,1.0712
5488,6,70,11.67,4.0,0,corps,16.60526595054052,1.5086
5489,21,254,12.10,10.7,0,corps,16.59896489296092,5.1661
5490,12,153,12.75,6.7,0,corps,16.5926669851226,1.7480
5491,27,338,12.52,13.3,0,corps,16.586372225451107,2.1506
5492,5,58,11.60,3.6,0,corps,16.580080612372722,1.5333
5493,10,122,12.20,5.8,0,corps,16.57379214431456,5.2461
5494,21,373,17.76,10.7,0,corps,16.5675068197045,1.2270
5495,22,252,11.45,11.1,0,corps,16.56122463697121,3.3323
5496,28,371,13.25,13.8,0,corps,16.55494559454414,3.2791
5497,8,105,13.12,4.9,0,corps,16.548669690853544,1.5494
5498,19,298,15.68,9.8,0,corps,16.54239692433043,2.3400
5499,14,222,15.86,7.6,0,corps,16.536127293406615,1.4140
5500,14,121,8.64,7.6,0,corps,16.529860796514683,5.3037
5501,9,119,13.22,5.3,0,corps,16.523597432088017,1.4633
5502,10,133,13.30,5.8,0,corps,16.51733719856078,1.5573
5503,15,177,11.80,8.0,0,corps,16.5110800943679,2.5643
5504,19,264,13.89,9.8,0,corps,16.504826117945118,2.1947
5505,22,312,14.18,11.1,0,corps,16.498575267728928,4.2752
5506,17,221,13.00,8.9,0,corps,16.492327542156612,2.8587
5507,25,345,13.80,12.4,0,corps,16.486082939666254,2.2717
5508,6,74,12.33,4.0,0,corps,16.479841458696693,1.1216
5509,21,202,9.62,10.7,0,corps,16.473603097687562,1.8723
5510,9,102,11.33,5.3,0,corps,16.467367855079274,0.9623
5511,32,397,12.41,15.6,0,corps,16.46113572931301,2.0394
5512,4,63,15.75,3.1,0,corps,16.45490671883075,1.1578
5513,14,172,12.29,7.6,0,corps,16.448680822075225,1.3531
5514,15,145,9.67,8.0,0,corps,16.442458037489974,1.4051
5515,7,93,13.29,4.4,0,corps,16.4362383635193,4.7339
5516,8,87,10.88,4.9,0,corps,16.43002179860828,1.4669
5517,21,212,10.10,10.7,0,corps,16.42380834120277,2.4672
5518,23,300,13.04,11.6,0,corps,16.417597989749417,1.7206
5519,12,177,14.75,6.7,0,corps,16.411390742695627,1.2163
5520,2,57,28.50,2.2,0,corps,16.405186598489582,1.0211
5521,23,274,11.91,11.6,0,corps,16.398985555580254,1.6396
5522,24,256,10.67,12.0,0,corps,16.392787612417376,1.8001
5523,6,49,8.17,4.0,0,corps,16.38659276745147,2.4053
5524,19,215,11.32,9.8,0,corps,16.380401019133817,2.5086
5525,10,128,12.80,5.8,0,corps,16.37421236591648,5.5954
5526,18,294,16.33,9.3,0,corps,16.36802680625231,3.3696
5527,35,523,14.94,16.9,0,corps,16.361844338594896,3.3907
5528,25,397,15.88,12.4,0,corps,16.355664961398638,1.7767
5529,17,215,12.65,8.9,0,corps,16.34948867311868,2.2661
5530,10,114,11.40,5.8,0,corps,16.343315472210953,1.5099
5531,13,173,13.31,7.1,0,corps,16.337145357132165,4.3747
5532,8,103,12.88,4.9,0,corps,16.330978326339775,1.3282
5533,18,318,17.67,9.3,0,corps,16.324814378292032,3.2535
5534,23,323,14.04,11.6,0,corps,16.318653511447952,1.6471
5535,18,241,13.39,9.3,0,corps,16.312495724267308,4.2068
5536,32,363,11.34,15.6,0,corps,16.306341015210666,3.8147
5537,17,220,12.94,8.9,0,corps,16.300189382739333,5.0365
5538,25,319,12.76,12.4,0,corps,16.294040825315413,3.0998
5539,34,422,12.41,16.4,0,corps,16.287895341401768,1.5619
5540,18,232,12.89,9.3,0,corps,16.28175292946202,3.0101
5541,24,359,14.96,12.0,0,corps,16.275613587960564,2.0937
5542,15,204,13.60,8.0,0,corps,16.269477315362575,1.1563
5543,17,277,16.29,8.9,0,corps,16.263344110133975,1.0433
5544,10,89,8.90,5.8,0,corps,16.25721397074147,2.1232
5545,8,53,6.62,4.9,0,corps,16.251086895652517,10.6324
5546,20,299,14.95,10.2,0,corps,16.24496288333535,2.4512
5547,29,430,14.83,14.2,0,corps,16.238841932258975,2.6755
5548,24,384,16.00,12.0,0,corps,16.23272404089314,1.4632
5549,28,319,11.39,13.8,0,corps,16.226609207708382,3.1496
5550,25,247,9.88,12.4,0,corps,16.220497431175993,3.4860
5551,21,246,11.71,10.7,0,corps,16.21438870976802,1.7163
5552,14,157,11.21,7.6,0,corps,16.20828304195729,1.6180
5553,15,259,17.27,8.0,0,corps,16.202180426217385,1.0130
5554,13,135,10.38,7.1,0,corps,16.196080861022647,1.7913
5555,18,177,9.83,9.3,0,corps,16.18998434484819,4.6798
5556,20,254,12.70,10.2,0,corps,16.183890876169883,1.5257
5557,18,203,11.28,9.3,0,corps,16.177800453464357,4.5938
5558,21,294,14.00,10.7,0,corps,16.171713075209013,2.6716
5559,9,138,15.33,5.3,0,corps,16.165628739881996,2.7089
5560,9,107,11.89,5.3,0,corps,16.15954744596223,5.4782
5561,24,306,12.75,12.0,0,corps,16.153469191929386,2.5345
5562,20,279,13.95,10.2,0,corps,16.147393976263906,1.3568
5563,20,337,16.85,10.2,0,corps,16.141321797446984,1.2859
5564,17,225,13.24,8.9,0,corps,16.13525265396057,1.3345
5565,21,279,13.29,10.7,0,corps,16.129186544287382,3.2952
5566,21,222,10.57,10.7,0,corps,16.1231234669109,4.7061
5567,15,197,13.13,8.0,0,corps,16.117063420315343,1.2549
5568,5,92,18.40,3.6,0,corps,16.11100640298571,0.9729
5569,21,257,12.24,10.7,0,corps,16.104952413407734,2.8279
5570,14,146,10.43,7.6,0,corps,16.098901450067924,5.3691
5571,15,224,14.93,8.0,0,corps,16.092853511453544,2.4887
5572,14,212,15.14,7.6,0,corps,16.086808596052602,1.6283
5573,18,197,10.94,9.3,0,corps,16.08076670235387,2.6564
5574,15,164,10.93,8.0,0,corps,16.074727828846886,2.0750
5575,9,106,11.78,5.3,0,corps,16.068691974021913,1.4638
5576,13,155,11.92,7.1,0,corps,16.06265913637,1.3793
5577,13,119,9.15,7.1,0,corps,16.056629314382935,2.1537
5578,17,172,10.12,8.9,0,corps,16.050602506553254,1.8925
5579,26,367,14.12,12.9,0,corps,16.04457871137427,4.1348
5580,13,148,11.38,7.1,0,corps,16.038557927340026,4.9313
5581,14,192,13.71,7.6,0,corps,16.03254015294532,1.3721
5582,14,158,11.29,7.6,0,corps,16.026525386685726,4.1243
5583,10,97,9.70,5.8,0,corps,16.020513627057532,1.6082
5584,9,149,16.56,5.3,0,corps,16.014504872557815,1.0988
5585,28,410,14.64,13.8,0,corps,16.008499121684373,3.2452
5586,7,123,17.57,4.4,0,corps,16.00249637293577,1.4424
5587,16,214,13.38,8.4,0,corps,15.996496624811332,4.7496
5588,34,395,11.62,16.4,0,corps,15.990499875811107,2.9344
5589,22,250,11.36,11.1,0,corps,15.984506124435912,3.8063
5590,11,117,10.64,6.2,0,corps,15.978515369187319,1.5968
5591,15,229,15.27,8.0,0,corps,15.972527608567624,1.6669
5592,20,283,14.15,10.2,0,corps,15.966542841079898,2.5324
5593,17,194,11.41,8.9,0,corps,15.960561065227937,2.1592
5594,14,155,11.07,7.6,0,corps,15.954582279516307,1.6366
5595,21,274,13.05,10.7,0,corps,15.948606482450314,2.1580
5596,14,164,11.71,7.6,0,corps,15.942633672536,1.9627
5597,41,523,12.76,19.6,0,corps,15.936663848280167,2.1552
5598,24,345,14.38,12.0,0,corps,15.93069700819036,3.0927
5599,11,161,14.64,6.2,0,corps,15.924733150774864,1.2243
5600,18,260,14.44,9.3,0,corps,15.918772274542722,1.2765
5601,22,249,11.32,11.1,0,corps,15.912814378003706,5.4891
5602,28,409,14.61,13.8,0,corps,15.906859459668349,2.8429
5603,8,108,13.50,4.9,0,corps,15.900907518047921,1.4897
5604,13,139,10.69,7.1,0,corps,15.894958551654431,4.2791
5605,14,167,11.93,7.6,0,corps,15.88901255900064,2.8335
5606,8,77,9.62,4.9,0,corps,15.883069538600056,6.6329
5607,20,279,13.95,10.2,0,corps,15.877129488966911,1.5857
5608,9,91,10.11,5.3,0,corps,15.871192408616208,2.2130
5609,12,168,14.00,6.7,0,corps,15.865258296063663,3.5738
5610,11,143,13.00,6.2,0,corps,15.859327149825756,4.5814
5611,6,77,12.83,4.0,0,corps,15.853398968419702,1.7895
5612,17,171,10.06,8.9,0,corps,15.847473750363447,4.7244
5613,25,308,12.32,12.4,0,corps,15.84155149417569,2.2409
5614,16,211,13.19,8.4,0,corps,15.835632198375874,1.4780
5615,13,168,12.92,7.1,0,corps,15.829715861484164,3.8831
5616,4,59,14.75,3.1,0,corps,15.823802482021488,1.3174
5617,22,183,8.32,11.1,0,corps,15.817892058509486,2.8973
5618,9,112,12.44,5.3,0,corps,15.81198458947056,2.7826
5619,13,147,11.31,7.1,0,corps,15.80608007342785,2.4254
5620,4,49,12.25,3.1,0,corps,15.800178508905214,1.6391
5621,15,146,9.73,8.0,0,corps,15.794279894427268,1.4566
5622,28,311,11.11,13.8,0,corps,15.788384228519359,2.0677
5623,13,136,10.46,7.1,0,corps,15.782491509707567,3.6578
5624,21,249,11.86,10.7,0,corps,15.776601736518717,2.1470
5625,25,326,13.04,12.4,0,corps,15.770714907480357,2.4680
5626,20,260,13.00,10.2,0,corps,15.764831021120784,2.0606
5627,19,253,13.32,9.8,0,corps,15.758950075969036,1.1285
5628,22,243,11.05,11.1,0,corps,15.753072070554861,2.2488
5629,13,172,13.23,7.1,0,corps,15.747197003408772,1.1833
5630,19,314,16.53,9.8,0,corps,15.741324873061988,2.8610
5631,14,232,16.57,7.6,0,corps,15.735455678046485,3.2444
5632,20,383,19.15,10.2,0,corps,15.729589416894965,1.1174
5633,15,151,10.07,8.0,0,corps,15.723726088140857,4.7487
5634,18,204,11.33,9.3,0,corps,15.71786569031833,4.8771
5635,11,195,17.73,6.2,0,corps,15.712008221962295,1.2529
5636,34,497,14.62,16.4,0,corps,15.70615368160837,3.3599
5637,17,182,10.71,8.9,0,corps,15.700302067792931,4.0548
5638,22,307,13.95,11.1,0,corps,15.694453379053067,3.0264
5639,5,70,14.00,3.6,0,corps,15.688607613926605,1.0626
5640,15,181,12.07,8.0,0,corps,15.682764770952115,1.3730
5641,20,215,10.75,10.2,0,corps,15.676924848668872,3.3233
5642,10,120,12.00,5.8,0,corps,15.671087845616904,1.4556
5643,29,484,16.69,14.2,0,corps,15.665253760336961,1.8975
5644,34,422,12.41,16.4,0,corps,15.659422591370515,1.7918
5645,12,109,9.08,6.7,0,corps,15.653594337259783,1.4650
5646,12,167,13.92,6.7,0,corps,15.647768996547692,1.5341
5647,30,415,13.83,14.7,0,corps,15.641946567777909,2.7632
5648,20,310,15.50,10.2,0,corps,15.636127049494833,2.6939
5649,28,421,15.04,13.8,0,corps,15.630310440243575,1.5937
5650,22,290,13.18,11.1,0,corps,15.62449673856999,2.5562
5651,4,32,8.00,3.1,0,corps,15.618685943020653,1.7285
5652,10,169,16.90,5.8,0,corps,15.61287805214286,2.8156
5653,28,427,15.25,13.8,0,corps,15.607073064484641,1.7515
5654,24,286,11.92,12.0,0,corps,15.601270978594748,1.7815
5655,13,144,11.08,7.1,0,corps,15.595471793022659,5.0015
5656,17,221,13.00,8.9,0,corps,15.589675506318581,2.8857
5657,24,305,12.71,12.0,0,corps,15.583882117033438,3.0847
5658,18,277,15.39,9.3,0,corps,15.578091623718882,1.7389
5659,2,15,7.50,2.2,0,corps,15.572304024927297,1.7205
5660,23,299,13.00,11.6,0,corps,15.566519319211777,2.2984
5661,5,82,16.40,3.6,0,corps,15.560737505126152,0.9911
5662,34,390,11.47,16.4,0,corps,15.554958581224954,3.4017
5663,14,207,14.79,7.6,0,corps,15.549182546063465,1.4479
5664,8,150,18.75,4.9,0,corps,15.543409398197678,1.2300
5665,18,195,10.83,9.3,0,corps,15.537639136184293,1.7641
5666,24,291,12.12,12.0,0,corps,15.531871758580754,2.8304
5667,24,356,14.83,12.0,0,corps,15.52610726394522,1.6673
5668,29,359,12.38,14.2,0,corps,15.520345650836557,1.7855
5669,16,274,17.12,8.4,0,corps,15.514586917814368,1.5173
5670,24,229,9.54,12.0,0,corps,15.508831063438969,2.7850
5671,10,100,10.00,5.8,0,corps,15.50307808627139,3.8072
5672,14,182,13.00,7.6,0,corps,15.497327984873403,4.7048
5673,12,202,16.83,6.7,0,corps,15.491580757807464,1.9477
5674,10,125,12.50,5.8,0,corps,15.485836403636775,1.3507
5675,16,214,13.38,8.4,0,corps,15.480094920925252,1.2265
5676,12,116,9.67,6.7,0,corps,15.474356308237514,2.1489
5677,14,150,10.71,7.6,0,corps,15.468620564138917,4.2944
5678,14,172,12.29,7.6,0,corps,15.462887687195517,1.2022
5679,11,131,11.91,6.2,0,corps,15.457157675974099,3.3167
5680,12,129,10.75,6.7,0,corps,15.451430529042161,4.5631
5681,19,280,14.74,9.8,0,corps,15.445706244967914,1.7097
5682,32,419,13.09,15.6,0,corps,15.439984822320287,1.6700
5683,8,84,10.50,4.9,0,corps,15.43426625966893,6.2198
5684,17,270,15.88,8.9,0,corps,15.428550555584192,2.0019
5685,10,113,11.30,5.8,0,corps,15.422837708637156,5.7786
5686,22,284,12.91,11.1,0,corps,15.417127717399604,2.3409
5687,21,256,12.19,10.7,0,corps,15.411420580444037,4.2240
5688,15,220,14.67,8.0,0,corps,15.405716296343686,2.7144
5689,19,228,12.00,9.8,0,corps,15.400014863672459,1.5883
5690,11,146,13.27,6.2,0,corps,15.394316281005008,2.9024
5691,6,110,18.33,4.0,0,corps,15.388620546916693,1.5785
5692,6,64,10.67,4.0,0,corps,15.382927659983567,1.9598
5693,23,299,13.00,11.6,0,corps,15.377237618782422,2.7336
5694,24,265,11.04,12.0,0,corps,15.371550421890735,2.8118
5695,25,343,13.72,12.4,0,corps,15.36586606788671,1.9242
5696,6,40,6.67,4.0,0,corps,15.36018455534927,2.2721
5697,10,106,10.60,5.8,0,corps,15.354505882858021,1.6279
5698,10,138,13.80,5.8,0,corps,15.348830048993303,4.1647
5699,19,299,15.74,9.8,0,corps,15.343157052336162,3.4248
5700,11,134,12.18,6.2,0,corps,15.337486891468338,2.5234
5701,21,358,17.05,10.7,0,corps,15.3318195649723,3.4159
5702,21,280,13.33,10.7,0,corps,15.326155071431208,3.8333
5703,14,157,11.21,7.6,0,corps,15.320493409428943,3.7911
5704,17,305,17.94,8.9,0,corps,15.314834577550092,2.0078
5705,26,318,12.23,12.9,0,corps,15.309178574379942,1.3204
5706,27,345,12.78,13.3,0,corps,15.303525398504492,5.2947
5707,12,209,17.42,6.7,0,corps,15.297875048510456,2.9788
5708,21,259,12.33,10.7,0,corps,15.292227522985238,1.9032
5709,11,184,16.73,6.2,0,corps,15.286582820516964,1.3577
5710,11,122,11.09,6.2,0,corps,15.280940939694448,1.4922
5711,20,240,12.00,10.2,0,corps,15.275301879107229,2.9244
5712,12,152,12.67,6.7,0,corps,15.26966563734554,4.0950
5713,18,309,17.17,9.3,0,corps,15.264032213000315,2.6005
5714,11,121,11.00,6.2,0,corps,15.258401604663199,5.0836
5715,17,208,12.24,8.9,0,corps,15.25277381092655,3.0603
5716,17,214,12.59,8.9,0,corps,15.24714883038341,1.5604
5717,15,115,7.67,8.0,0,corps,15.241526661627539,2.0817
5718,26,365,14.04,12.9,0,corps,15.235907303253384,2.6453
5719,21,312,14.86,10.7,0,corps,15.230290753856119,1.8692
5720,14,172,12.29,7.6,0,corps,15.2246770120316,3.5230
5721,7,68,9.71,4.4,0,corps,15.219066076376395,6.5275
5722,18,234,13.00,9.3,0,corps,15.21345794548776,1.3066
5723,29,360,12.41,14.2,0,corps,15.207852617963677,5.5596
5724,15,157,10.47,8.0,0,corps,15.202250092402805,2.5176
5725,21,266,12.67,10.7,0,corps,15.19665036740452,2.5886
5726,20,251,12.55,10.2,0,corps,15.191053441568874,3.0873
5727,9,123,13.67,5.3,0,corps,15.185459313496652,1.3115
5728,20,275,13.75,10.2,0,corps,15.179867981789318,2.3354
5729,23,329,14.30,11.6,0,corps,15.174279445049036,2.5504
5730,8,104,13.00,4.9,0,corps,15.168693701878672,5.9147
5731,6,59,9.83,4.0,0,corps,15.163110750881795,6.8618
5732,21,364,17.33,10.7,0,corps,15.15753059066266,1.9977
5733,8,100,12.50,4.9,0,corps,15.151953219826236,5.4240
5734,34,485,14.26,16.4,0,corps,15.14637863697817,4.6397
5735,21,305,14.52,10.7,0,corps,15.14080684072482,1.9329
5736,10,119,11.90,5.8,0,corps,15.135237829673246,2.2329
5737,19,182,9.58,9.8,0,corps,15.129671602431182,1.6927
5738,7,81,11.57,4.4,0,corps,15.124108157607075,1.6476
5739,33,383,11.61,16.0,0,corps,15.11854749381007,3.0057
5740,8,72,9.00,4.9,0,corps,15.112989609649993,6.4909
5741,16,218,13.62,8.4,0,corps,15.107434503737382,3.0227
5742,23,219,9.52,11.6,0,corps,15.101882174683448,2.4179
5743,16,243,15.19,8.4,0,corps,15.096332621100117,2.4050
5744,25,311,12.44,12.4,0,corps,15.090785841600002,2.8456
5745,19,262,13.79,9.8,0,corps,15.0852418347964,1.8315
5746,7,103,14.71,4.4,0,corps,15.079700599303317,1.0915
5747,15,188,12.53,8.0,0,corps,15.074162133735443,3.8725
5748,13,201,15.46,7.1,0,corps,15.068626436708158,1.3846
5749,26,272,10.46,12.9,0,corps,15.063093506837543,1.9340
5750,20,309,15.45,10.2,0,corps,15.05756334274036,2.9449
5751,35,459,13.11,16.9,0,corps,15.05203594303407,2.9284
5752,12,136,11.33,6.7,0,corps,15.046511306336827,1.5882
5753,8,87,10.88,4.9,0,corps,15.040989431267462,5.3347
5754,9,158,17.56,5.3,0,corps,15.035470316445517,1.1324
5755,4,57,14.25,3.1,0,corps,15.029953960491206,1.2392
5756,14,138,9.86,7.6,0,corps,15.024440362025443,4.7705
5757,10,144,14.40,5.8,0,corps,15.018929519669829,1.8189
5758,10,115,11.50,5.8,0,corps,15.01342143204665,3.2132
5759,21,310,14.76,10.7,0,corps,15.007916097778887,1.5633
5760,9,74,8.22,5.3,0,corps,15.00241351549021,1.9300
5761,9,100,11.11,5.3,0,corps,14.996913683804966,1.2564
5762,24,278,11.58,12.0,0,corps,14.9914166013482,5.5385
5763,11,124,11.27,6.2,0,corps,14.985922266745641,3.6473
5764,38,511,13.45,18.2,0,corps,14.980430678623705,2.0791
5765,19,216,11.37,9.8,0,corps,14.974941835609501,2.7835
5766,18,283,15.72,9.3,0,corps,14.969455736330808,2.0701
5767,25,321,12.84,12.4,0,corps,14.963972379416107,3.0119
5768,24,373,15.54,12.0,0,corps,14.95849176349456,2.0005
5769,14,183,13.07,7.6,0,corps,14.95301388719601,4.9597
5770,36,460,12.78,17.3,0,corps,14.94753874915099,3.7227
5771,4,60,15.00,3.1,0,corps,14.942066347990712,1.5715
5772,19,202,10.63,9.8,0,corps,14.936596682347078,2.7989
5773,33,421,12.76,16.0,0,corps,14.931129750852673,2.5796
5774,26,325,12.50,12.9,0,corps,14.92566555214076,2.5620
5775,29,404,13.93,14.2,0,corps,14.920204084845293,1.9434
5776,24,348,14.50,12.0,0,corps,14.91474534760091,3.2183
5777,27,400,14.81,13.3,0,corps,14.909289339042914,1.8671
5778,20,239,11.95,10.2,0,corps,14.903836057807313,2.7413
5779,21,274,13.05,10.7,0,corps,14.89838550253078,1.4798
5780,27,394,14.59,13.3,0,corps,14.892937671850678,3.2465
5781,12,133,11.08,6.7,0,corps,14.887492564405058,4.9722
5782,13,159,12.23,7.1,0,corps,14.882050178832632,2.7282
5783,16,187,11.69,8.4,0,corps,14.876610513772803,2.4839
5784,21,241,11.48,10.7,0,corps,14.871173567865666,3.5160
5785,26,228,8.77,12.9,0,corps,14.865739339751974,4.8219
5786,26,282,10.85,12.9,0,corps,14.860307828073177,2.6797
5787,12,105,8.75,6.7,0,corps,14.854879031471388,4.7874
5788,9,87,9.67,5.3,0,corps,14.849452948589414,1.7621
5789,31,383,12.35,15.1,0,corps,14.844029578070742,1.7220
5790,6,75,12.50,4.0,0,corps,14.83860891855951,1.8720
5791,15,176,11.73,8.0,0,corps,14.833190968700569,1.6293
5792,27,292,10.81,13.3,0,corps,14.827775727139429,3.3618
5793,21,249,11.86,10.7,0,corps,14.822363192522273,3.4816
5794,20,282,14.10,10.2,0,corps,14.816953363495976,2.0489
5795,18,256,14.22,9.3,0,corps,14.811546238708074,1.8465
5796,14,187,13.36,7.6,0,corps,14.806141816806784,3.5556
5797,24,339,14.12,12.0,0,corps,14.80074009644101,3.1314
5798,20,326,16.30,10.2,0,corps,14.795341076260312,1.6976
5799,19,269,14.16,9.8,0,corps,14.789944754914941,2.0833
5800,15,190,12.67,8.0,0,corps,14.784551131055817,1.3943
5801,19,248,13.05,9.8,0,corps,14.779160203334529,3.0685
5802,30,359,11.97,14.7,0,corps,14.773771970403352,2.2497
5803,10,120,12.00,5.8,0,corps,14.76838643091522,5.3835
5804,17,196,11.53,8.9,0,corps,14.763003583523751,1.4029
5805,26,231,8.88,12.9,0,corps,14.757623426883237,3.3259
5806,16,213,13.31,8.4,0,corps,14.752245959648636,2.4978
5807,19,245,12.89,9.8,0,corps,14.746871180475576,3.7263
5808,24,349,14.54,12.0,0,corps,14.741499088020374,1.4249
5809,19,272,14.32,9.8,0,corps,14.736129680939994,2.3905
5810,14,211,15.07,7.6,0,corps,14.730762957892097,1.5831
5811,20,230,11.50,10.2,0,corps,14.72539891753499,2.0567
5812,19,190,10.00,9.8,0,corps,14.720037558527665,4.4759
5813,15,178,11.87,8.0,0,corps,14.714678879529794,1.3833
5814,26,304,11.69,12.9,0,corps,14.709322879201691,2.0948
5815,7,60,8.57,4.4,0,corps,14.703969556204367,2.1982
5816,15,150,10.00,8.0,0,corps,14.69861890919949,1.7270
5817,37,449,12.14,17.8,0,corps,14.693270936849393,3.3768
5818,6,69,11.50,4.0,0,corps,14.68792563781709,1.1758
5819,11,122,11.09,6.2,0,corps,14.682583010766246,3.4329
5820,32,420,13.12,15.6,0,corps,14.677243054361213,3.9571
5821,3,55,18.33,2.7,0,corps,14.671905767267003,1.0545
5822,23,299,13.00,11.6,0,corps,14.666571148149282,3.2804
5823,9,108,12.00,5.3,0,corps,14.661239195674408,4.9159
5824,24,292,12.17,12.0,0,corps,14.655909908509393,2.0699
5825,15,187,12.47,8.0,0,corps,14.650583285321906,3.0341
5826,26,326,12.54,12.9,0,corps,14.645259324780296,2.9865
5827,19,222,11.68,9.8,0,corps,14.639938025553572,1.6084
5828,28,368,13.14,13.8,0,corps,14.63461938631141,2.0821
5829,24,322,13.42,12.0,0,corps,14.629303405724153,1.4770
5830,8,74,9.25,4.9,0,corps,14.623990082462798,1.5847
5831,14,185,13.21,7.6,0,corps,14.61867941519902,1.4601
5832,14,176,12.57,7.6,0,corps,14.613371402605157,3.3983
5833,16,193,12.06,8.4,0,corps,14.608066043354192,2.2372
5834,25,293,11.72,12.4,0,corps,14.6027633361198,3.6182
5835,21,312,14.86,10.7,0,corps,14.597463279576292,1.3010
5836,20,258,12.90,10.2,0,corps,14.59216587239866,1.3526
5837,13,173,13.31,7.1,0,corps,14.586871113262553,1.6162
5838,31,368,11.87,15.1,0,corps,14.581579000844277,2.1981
5839,22,270,12.27,11.1,0,corps,14.576289533820807,3.3491
5840,30,410,13.67,14.7,0,corps,14.571002710869779,1.9724
5841,18,180,10.00,9.3,0,corps,14.56571853066948,4.7052
5842,8,109,13.62,4.9,0,corps,14.560436991898873,5.6540
5843,8,139,17.38,4.9,0,corps,14.555158093237564,1.1434
5844,17,230,13.53,8.9,0,corps,14.549881833365832,3.3179
5845,14,204,14.57,7.6,0,corps,14.544608210964622,2.0672
5846,9,83,9.22,5.3,0,corps,14.539337224715512,6.0495
5847,18,255,14.17,9.3,0,corps,14.534068873300763,1.3750
5848,37,445,12.03,17.8,0,corps,14.528803155403292,2.7133
5849,17,231,13.59,8.9,0,corps,14.52354006970666,1.3112
5850,13,168,12.92,7.1,0,corps,14.518279614895107,1.2821
5851,9,131,14.56,5.3,0,corps,14.513021789653505,5.0646
5852,10,138,13.80,5.8,0,corps,14.507766592667407,4.0436
5853,20,227,11.35,10.2,0,corps,14.502514022623014,1.8988
5854,14,143,10.21,7.6,0,corps,14.49726407820718,4.0311
5855,10,113,11.30,5.8,0,corps,14.492016758107418,2.7935
5856,32,423,13.22,15.6,0,corps,14.486772061011907,2.5987
5857,23,314,13.65,11.6,0,corps,14.481529985609459,1.5891
5858,35,524,14.97,16.9,0,corps,14.476290530589567,2.1361
5859,26,350,13.46,12.9,0,corps,14.471053694642357,3.9638
5860,27,273,10.11,13.3,0,corps,14.465819476458627,2.6247
5861,19,266,14.00,9.8,0,corps,14.460587874729825,1.5109
5862,13,181,13.92,7.1,0,corps,14.455358888148043,3.0650
5863,16,167,10.44,8.4,0,corps,14.450132515406032,4.8907
5864,7,77,11.00,4.4,0,corps,14.444908755197213,7.5554
5865,7,71,10.14,4.4,0,corps,14.439687606215632,2.4169
5866,21,292,13.90,10.7,0,corps,14.434469067156014,1.9189
5867,30,405,13.50,14.7,0,corps,14.42925313671371,1.9803
5868,21,254,12.10,10.7,0,corps,14.424039813584743,2.9824
5869,3,46,15.33,2.7,0,corps,14.41882909646579,1.6082
5870,24,296,12.33,12.0,0,corps,14.413620984054162,2.6860
5871,30,357,11.90,14.7,0,corps,14.408415475047832,3.1014
5872,30,355,11.83,14.7,0,corps,14.40321256814543,3.2008
5873,28,431,15.39,13.8,0,corps,14.398012262046219,2.5028
5874,2,20,10.00,2.2,0,corps,14.392814555450133,1.4277
5875,11,167,15.18,6.2,0,corps,14.387619447057737,1.1744
5876,17,248,14.59,8.9,0,corps,14.382426935570255,1.1932
5877,14,213,15.21,7.6,0,corps,14.377237019689568,3.1958
5878,23,363,15.78,11.6,0,corps,14.372049698118182,1.3574
5879,25,318,12.72,12.4,0,corps,14.366864969559282,1.3018
5880,24,280,11.67,12.0,0,corps,14.36168283271667,3.6224
5881,14,133,9.50,7.6,0,corps,14.356503286294824,6.0028
5882,20,290,14.50,10.2,0,corps,14.351326328998857,3.7807
5883,19,256,13.47,9.8,0,corps,14.346151959534522,1.4881
5884,26,334,12.85,12.9,0,corps,14.340980176608229,1.5399
5885,9,132,14.67,5.3,0,corps,14.335810978927041,5.0689
5886,31,382,12.32,15.1,0,corps,14.330644365198644,2.3172
5887,28,356,12.71,13.8,0,corps,14.325480334131399,2.6002
5888,15,154,10.27,8.0,0,corps,14.320318884434286,4.2537
5889,27,346,12.81,13.3,0,corps,14.315160014816946,2.8026
5890,14,180,12.86,7.6,0,corps,14.310003723989674,1.3850
5891,25,343,13.72,12.4,0,corps,14.304850010663376,2.7872
5892,16,227,14.19,8.4,0,corps,14.299698873549637,2.5588
5893,13,299,23.00,7.1,0,corps,14.294550311360673,2.3083
5894,8,120,15.00,4.9,0,corps,14.289404322809338,1.4783
5895,3,57,19.00,2.7,0,corps,14.28426090660914,1.4172
5896,18,269,14.94,9.3,0,corps,14.279120061474218,3.2634
5897,13,190,14.62,7.1,0,corps,14.273981786119366,1.4370
5898,16,283,17.69,8.4,0,corps,14.268846079260017,1.3772
5899,22,363,16.50,11.1,0,corps,14.263712939612239,2.5168
5900,17,229,13.47,8.9,0,corps,14.258582365892746,2.4974
5901,22,274,12.45,11.1,0,corps,14.253454356818906,1.4083
5902,7,95,13.57,4.4,0,corps,14.248328911108702,1.2015
5903,25,285,11.40,12.4,0,corps,14.243206027480785,2.9374
5904,18,299,16.61,9.3,0,corps,14.238085704654422,1.2468
5905,10,73,7.30,5.8,0,corps,14.23296794134954,1.9032
5906,31,367,11.84,15.1,0,corps,14.2278527362867,2.6322
5907,7,101,14.43,4.4,0,corps,14.222740088187095,1.1492
5908,21,229,10.90,10.7,0,corps,14.217629995772562,3.1595
5909,20,212,10.60,10.2,0,corps,14.212522457765589,3.3064
5910,16,155,9.69,8.4,0,corps,14.207417472889276,4.0462
5911,14,188,13.43,7.6,0,corps,14.202315039867392,1.8364
5912,18,224,12.44,9.3,0,corps,14.197215157424312,1.4161
5913,30,424,14.13,14.7,0,corps,14.192117824285077,2.9842
5914,14,183,13.07,7.6,0,corps,14.187023039175358,2.6512
5915,18,208,11.56,9.3,0,corps,14.181930800821444,4.5573
5916,5,44,8.80,3.6,0,corps,14.176841107950287,1.5964
5917,21,260,12.38,10.7,0,corps,14.171753959289463,1.8177
5918,10,129,12.90,5.8,0,corps,14.166669353567174,1.2187
5919,16,225,14.06,8.4,0,corps,14.161587289512283,2.9996
5920,8,133,16.62,4.9,0,corps,14.156507765854261,3.0294
5921,30,465,15.50,14.7,0,corps,14.151430781323239,1.3561
5922,30,360,12.00,14.7,0,corps,14.146356334649965,2.3522
5923,14,137,9.79,7.6,0,corps,14.141284424565825,1.6540
5924,21,249,11.86,10.7,0,corps,14.136215049802841,1.5879
5925,23,284,12.35,11.6,0,corps,14.13114820909368,2.4029
5926,21,254,12.10,10.7,0,corps,14.126083901171619,2.8745
5927,19,255,13.42,9.8,0,corps,14.12102212477059,2.6160
5928,9,169,18.78,5.3,0,corps,14.11596287862514,0.9785
5929,32,471,14.72,15.6,0,corps,14.110906161470464,1.9676
5930,6,59,9.83,4.0,0,corps,14.105851972042382,3.0182
5931,5,69,13.80,3.6,0,corps,14.100800309077343,1.0887
5932,21,264,12.57,10.7,0,corps,14.095751171312434,3.0812
5933,22,395,17.95,11.1,0,corps,14.090704557485376,1.5772
5934,23,206,8.96,11.6,0,corps,14.085660466334504,2.9795
5935,16,205,12.81,8.4,0,corps,14.080618896598807,2.1617
5936,34,458,13.47,16.4,0,corps,14.075579847017883,2.7917
5937,5,62,12.40,3.6,0,corps,14.070543316331971,1.8769
5938,22,295,13.41,11.1,0,corps,14.065509303281946,2.3923
5939,24,355,14.79,12.0,0,corps,14.060477806609292,2.0694
5940,7,95,13.57,4.4,0,corps,14.055448825056144,5.2662
5941,20,303,15.15,10.2,0,corps,14.05042235736526,2.7808
5942,26,393,15.12,12.9,0,corps,14.045398402280012,2.0707
5943,13,135,10.38,7.1,0,corps,14.040376958544423,4.4501
5944,31,447,14.42,15.1,0,corps,14.035358024903122,3.3237
5945,25,353,14.12,12.4,0,corps,14.030341600101378,2.1674
5946,25,279,11.16,12.4,0,corps,14.025327682885091,3.6553
5947,4,33,8.25,3.1,0,corps,14.020316272000771,2.8740
5948,14,139,9.93,7.6,0,corps,14.015307366195573,1.9893
5949,14,193,13.79,7.6,0,corps,14.010300964217274,3.5111
5950,5,72,14.40,3.6,0,corps,14.005297064814263,1.5876
5951,4,74,18.50,3.1,0,corps,14.000295666735571,1.4785
5952,18,217,12.06,9.3,0,corps,13.995296768730848,2.8726
5953,10,125,12.50,5.8,0,corps,13.990300369550365,1.3986
5954,21,315,15.00,10.7,0,corps,13.985306467945035,3.0224
5955,21,259,12.33,10.7,0,corps,13.980315062666367,2.7304
5956,12,188,15.67,6.7,0,corps,13.975326152466518,2.9504
5957,12,147,12.25,6.7,0,corps,13.970339736098264,2.6318
5958,28,399,14.25,13.8,0,corps,13.965355812314991,2.6139
5959,12,148,12.33,6.7,0,corps,13.960374379870727,2.4852
5960,27,447,16.56,13.3,0,corps,13.955395437520107,2.0323
5961,11,120,10.91,6.2,0,corps,13.950418984018395,3.9892
5962,35,458,13.09,16.9,0,corps,13.945445018121488,3.1534
5963,36,555,15.42,17.3,0,corps,13.940473538585882,3.4086
5964,15,201,13.40,8.0,0,corps,13.935504544168712,2.7842
5965,12,158,13.17,6.7,0,corps,13.930538033627734,3.7169
5966,24,347,14.46,12.0,0,corps,13.925574005721314,2.3994
5967,2,36,18.00,2.2,0,corps,13.920612459208447,1.3736
5968,17,247,14.53,8.9,0,corps,13.915653392848748,1.9197
5969,13,180,13.85,7.1,0,corps,13.910696805402445,3.4961
5970,15,237,15.80,8.0,0,corps,13.9057426956304,2.2172
5971,17,240,14.12,8.9,0,corps,13.900791062294077,1.7719
5972,13,159,12.23,7.1,0,corps,13.89584190415557,2.5005
5973,17,262,15.41,8.9,0,corps,13.890895219977594,1.4189
5974,11,137,12.45,6.2,0,corps,13.885951008523472,1.0673
5975,19,184,9.68,9.8,0,corps,13.881009268557158,4.4090
5976,9,100,11.11,5.3,0,corps,13.876069998843207,1.8998
5977,21,279,13.29,10.7,0,corps,13.87113319814681,3.1095
5978,22,277,12.59,11.1,0,corps,13.866198865233764,1.3986
5979,20,240,12.00,10.2,0,corps,13.861266998870486,1.6029
5980,25,406,16.24,12.4,0,corps,13.856337597824005,2.3187
5981,8,82,10.25,4.9,0,corps,13.85141066086198,6.4015
5982,18,194,10.78,9.3,0,corps,13.846486186752669,2.0164
5983,22,236,10.73,11.1,0,corps,13.841564174264958,1.7689
5984,16,160,10.00,8.4,0,corps,13.83664462216834,1.7565
5985,15,183,12.20,8.0,0,corps,13.831727529232927,1.3882
5986,22,298,13.55,11.1,0,corps,13.826812894229453,1.3901
5987,11,154,14.00,6.2,0,corps,13.821900715929248,1.5226
5988,33,468,14.18,16.0,0,corps,13.816990993104275,1.8964
5989,25,278,11.12,12.4,0,corps,13.812083724527103,1.5422
5990,11,152,13.82,6.2,0,corps,13.80717890897091,2.7055
5991,12,161,13.42,6.7,0,corps,13.802276545209502,3.2414
5992,15,159,10.60,8.0,0,corps,13.797376632017274,2.0211
5993,16,181,11.31,8.4,0,corps,13.792479168169255,2.0371
5994,19,200,10.53,9.8,0,corps,13.787584152441088,2.1917
5995,27,387,14.33,13.3,0,corps,13.782691583609,1.2589
5996,8,114,14.25,4.9,0,corps,13.777801460449862,1.4975
5997,3,30,10.00,2.7,0,corps,13.772913781741144,1.3673
5998,4,64,16.00,3.1,0,corps,13.768028546260917,1.4770
5999,14,202,14.43,7.6,0,corps,13.763145752787883,1.4386
6000,20,282,14.10,10.2,0,corps,13.758265400101333,1.6152
6001,32,460,14.38,15.6,0,corps,13.753387486981183,1.7880
6002,31,435,14.03,15.1,0,corps,13.74851201220796,2.0724
6003,24,274,11.42,12.0,0,corps,13.743638974562788,2.2901
6004,32,389,12.16,15.6,0,corps,13.738768372827415,1.5962
6005,38,493,12.97,18.2,0,corps,13.733900205784181,3.3505
6006,31,447,14.42,15.1,0,corps,13.729034472216048,1.7128
6007,15,204,13.60,8.0,0,corps,13.72417117090659,1.8359
6008,11,140,12.73,6.2,0,corps,13.719310300639966,3.9209
6009,34,523,15.38,16.4,0,corps,13.714451860200974,2.1255
6010,30,466,15.53,14.7,0,corps,13.709595848375,2.0645
6011,24,339,14.12,12.0,0,corps,13.704742263948033,1.3829
6012,18,224,12.44,9.3,0,corps,13.699891105706689,3.4152
6013,15,220,14.67,8.0,0,corps,13.695042372438165,1.3626
6014,2,28,14.00,2.2,0,corps,13.690196062930287,1.9802
6015,18,282,15.67,9.3,0,corps,13.68535217597148,1.0357
6016,30,430,14.33,14.7,0,corps,13.68051071035076,3.5438
6017,3,32,10.67,2.7,0,corps,13.67567166485777,1.9563
6018,17,210,12.35,8.9,0,corps,13.67083503828275,2.5356
6019,22,278,12.64,11.1,0,corps,13.66600082941654,2.5505
6020,29,373,12.86,14.2,0,corps,13.661169037050586,2.0337
6021,29,351,12.10,14.2,0,corps,13.656339659976938,4.4500
6022,17,212,12.47,8.9,0,corps,13.651512696988258,1.4529
6023,15,176,11.73,8.0,0,corps,13.646688146877805,2.6922
6024,15,228,15.20,8.0,0,corps,13.641866008439434,2.1369
6025,22,298,13.55,11.1,0,corps,13.637046280467619,2.7225
6026,16,218,13.62,8.4,0,corps,13.632228961757425,2.9380
6027,9,115,12.78,5.3,0,corps,13.62741405110452,3.7331
6028,33,455,13.79,16.0,0,corps,13.62260154730518,3.2613
6029,15,196,13.07,8.0,0,corps,13.617791449156272,1.9097
6030,31,450,14.52,15.1,0,corps,13.61298375545528,2.2957
6031,6,79,13.17,4.0,0,corps,13.608178465000279,1.5103
6032,14,228,16.29,7.6,0,corps,13.60337557658994,1.1863
6033,22,337,15.32,11.1,0,corps,13.598575089023546,2.0423
6034,24,360,15.00,12.0,0,corps,13.593777001100976,1.5787
6035,12,148,12.33,6.7,0,corps,13.588981311622703,3.0529
6036,17,285,16.76,8.9,0,corps,13.584188019389815,1.0997
6037,22,284,12.91,11.1,0,corps,13.579397123203973,1.8316
6038,7,91,13.00,4.4,0,corps,13.574608621867466,1.5222
6039,23,368,16.00,11.6,0,corps,13.569822514183164,2.7239
6040,28,437,15.61,13.8,0,corps,13.56503879895454,1.9381
6041,17,204,12.00,8.9,0,corps,13.560257474985665,1.6552
6042,20,247,12.35,10.2,0,corps,13.55547854108121,3.1519
6043,17,216,12.71,8.9,0,corps,13.550701996046438,2.3051
6044,14,124,8.86,7.6,0,corps,13.545927838687218,2.1141
6045,17,190,11.18,8.9,0,corps,13.541156067810006,1.3638
6046,31,416,13.42,15.1,0,corps,13.53638668222186,2.4152
6047,17,214,12.59,8.9,0,corps,13.531619680730437,3.0763
6048,17,215,12.65,8.9,0,corps,13.526855062143978,2.7840
6049,21,319,15.19,10.7,0,corps,13.522092825271336,1.9288
6050,31,416,13.42,15.1,0,corps,13.517332968921956,1.9224
6051,13,192,14.77,7.1,0,corps,13.51257549190586,1.3249
6052,16,155,9.69,8.4,0,corps,13.507820393033693,1.7464
6053,19,257,13.53,9.8,0,corps,13.503067671116668,4.0823
6054,15,159,10.60,8.0,0,corps,13.49831732496661,1.7870
6055,17,163,9.59,8.9,0,corps,13.49356935339594,1.6377
6056,22,311,14.14,11.1,0,corps,13.488823755217652,1.3335
6057,8,86,10.75,4.9,0,corps,13.484080529245352,4.7441
6058,11,143,13.00,6.2,0,corps,13.479339674293236,1.2782
6059,24,312,13.00,12.0,0,corps,13.474601189176086,1.7692
6060,15,179,11.93,8.0,0,corps,13.469865072709286,2.7099
6061,11,115,10.45,6.2,0,corps,13.465131323708802,1.3125
6062,29,314,10.83,14.2,0,corps,13.460399940991193,1.8533
6063,29,414,14.28,14.2,0,corps,13.455670923373628,2.8539
6064,17,203,11.94,8.9,0,corps,13.450944269673833,2.5942
6065,12,152,12.67,6.7,0,corps,13.446219978710161,2.4008
6066,17,229,13.47,8.9,0,corps,13.441498049301535,3.0706
6067,21,222,10.57,10.7,0,corps,13.436778480267463,3.7012
6068,22,329,14.95,11.1,0,corps,13.43206127042807,2.6968
6069,21,256,12.19,10.7,0,corps,13.427346418604035,2.9245
6070,27,331,12.26,13.3,0,corps,13.422633923616656,2.0040
6071,30,425,14.17,14.7,0,corps,13.417923784287808,1.9486
6072,24,391,16.29,12.0,0,corps,13.413215999439954,2.2343
6073,12,163,13.58,6.7,0,corps,13.408510567896148,4.0341
6074,33,435,13.18,16.0,0,corps,13.403807488480037,1.7207
6075,16,205,12.81,8.4,0,corps,13.399106760015844,2.4435
6076,17,266,15.65,8.9,0,corps,13.394408381328393,2.3759
6077,28,343,12.25,13.8,0,corps,13.389712351243082,2.2660
6078,26,402,15.46,12.9,0,corps,13.38501866858591,2.7448
6079,12,127,10.58,6.7,0,corps,13.380327332183455,2.1041
6080,16,173,10.81,8.4,0,corps,13.37563834086288,1.2569
6081,24,263,10.96,12.0,0,corps,13.370951693451937,1.7534
6082,22,324,14.73,11.1,0,corps,13.366267388778974,1.4219
6083,20,294,14.70,10.2,0,corps,13.361585425672901,1.7416
6084,11,94,8.55,6.2,0,corps,13.356905802963235,5.8055
6085,5,36,7.20,3.6,0,corps,13.352228519480066,2.8550
6086,19,295,15.53,9.8,0,corps,13.347553574054075,1.1225
6087,13,166,12.77,7.1,0,corps,13.342880965516532,2.2728
6088,11,120,10.91,6.2,0,corps,13.338210692699274,3.8513
6089,18,210,11.67,9.3,0,corps,13.333542754434738,2.0343
6090,18,249,13.83,9.3,0,corps,13.328877149555943,3.2930
6091,26,414,15.92,12.9,0,corps,13.32421387689648,3.0505
6092,9,116,12.89,5.3,0,corps,13.319552935290538,4.3302
6093,6,81,13.50,4.0,0,corps,13.314894323572874,1.7008
6094,21,290,13.81,10.7,0,corps,13.31023804057884,1.9846
6095,23,266,11.57,11.6,0,corps,13.30558408514437,3.5292
6096,32,488,15.25,15.6,0,corps,13.300932456105965,2.8584
6097,8,131,16.38,4.9,0,corps,13.296283152300722,1.4495
6098,21,283,13.48,10.7,0,corps,13.29163617256632,2.4025
6099,8,108,13.50,4.9,0,corps,13.286991515741006,1.1028
6100,24,309,12.88,12.0,0,corps,13.282349180663623,2.1720
6101,20,235,11.75,10.2,0,corps,13.27770916617358,1.9561
6102,25,341,13.64,12.4,0,corps,13.273071471110873,2.6364
6103,22,271,12.32,11.1,0,corps,13.26843609431609,2.3279
6104,27,362,13.41,13.3,0,corps,13.263803034630376,3.5958
6105,20,339,16.95,10.2,0,corps,13.259172290895465,1.7139
6106,9,118,13.11,5.3,0,corps,13.25454386195368,1.5381
6107,25,322,12.88,12.4,0,corps,13.249917746647908,1.5784
6108,22,286,13.00,11.1,0,corps,13.24529394382162,2.5136
6109,8,106,13.25,4.9,0,corps,13.240672452318867,4.8560
6110,29,370,12.76,14.2,0,corps,13.236053270984272,1.8088
6111,29,415,14.31,14.2,0,corps,13.231436398663046,2.4372
6112,32,456,14.25,15.6,0,corps,13.226821834200967,1.7966
6113,22,240,10.91,11.1,0,corps,13.22220957644439,1.5628
6114,13,155,11.92,7.1,0,corps,13.217599624240265,3.3104
6115,4,70,17.50,3.1,0,corps,13.212991976436086,1.5110
6116,26,305,11.73,12.9,0,corps,13.208386631879954,1.5113
6117,18,219,12.17,9.3,0,corps,13.203783589420526,4.0785
6118,29,343,11.83,14.2,0,corps,13.19918284790704,2.8559
6119,17,214,12.59,8.9,0,corps,13.19458440618932,1.3883
6120,24,289,12.04,12.0,0,corps,13.189988263117744,3.8198
6121,25,344,13.76,12.4,0,corps,13.18539441754328,2.7769
6122,10,104,10.40,5.8,0,corps,13.180802868317476,1.7029
6123,6,74,12.33,4.0,0,corps,13.17621361429243,1.7805
6124,16,233,14.56,8.4,0,corps,13.171626654320843,2.5358
6125,16,231,14.44,8.4,0,corps,13.16704198725596,1.7067
6126,17,286,16.82,8.9,0,corps,13.162459611951624,1.2616
6127,5,70,14.00,3.6,0,corps,13.157879527262242,1.2873
6128,23,307,13.35,11.6,0,corps,13.153301732042783,1.6826
6129,9,56,6.22,5.3,0,corps,13.14872622514881,9.7938
6130,18,258,14.33,9.3,0,corps,13.14415300543644,2.8993
6131,25,375,15.00,12.4,0,corps,13.139582071762366,2.6115
6132,19,343,18.05,9.8,0,corps,13.135013422983862,1.8363
6133,27,347,12.85,13.3,0,corps,13.130447057958758,2.3185
6134,21,217,10.33,10.7,0,corps,13.125882975545466,1.9846
6135,16,199,12.44,8.4,0,corps,13.121321174602969,1.2480
6136,26,244,9.38,12.9,0,corps,13.116761653990809,2.2405
6137,19,225,11.84,9.8,0,corps,13.112204412569112,1.7192
6138,29,360,12.41,14.2,0,corps,13.107649449198563,2.4730
6139,17,213,12.53,8.9,0,corps,13.103096762740426,2.9509
6140,24,319,13.29,12.0,0,corps,13.098546352056529,1.6568
6141,19,251,13.21,9.8,0,corps,13.093998216009265,1.1941
6142,20,226,11.30,10.2,0,corps,13.089452353461601,1.4804
6143,17,224,13.18,8.9,0,corps,13.084908763277076,3.2878
6144,27,384,14.22,13.3,0,corps,13.080367444319785,1.4980
6145,12,187,15.58,6.7,0,corps,13.075828395454408,2.1936
6146,8,97,12.12,4.9,0,corps,13.071291615546174,1.2523
6147,21,281,13.38,10.7,0,corps,13.066757103460889,1.9378
6148,14,224,16.00,7.6,0,corps,13.062224858064933,4.0291
6149,16,234,14.62,8.4,0,corps,13.057694878225231,2.1346
6150,21,342,16.29,10.7,0,corps,13.0531671628093,1.9552
6151,7,68,9.71,4.4,0,corps,13.048641710685208,1.8918
6152,21,235,11.19,10.7,0,corps,13.04411852072159,1.9882
6153,25,335,13.40,12.4,0,corps,13.039597591787649,2.8197
6154,21,238,11.33,10.7,0,corps,13.03507892275315,3.1328
6155,23,284,12.35,11.6,0,corps,13.030562512488434,1.4500
6156,26,351,13.50,12.9,0,corps,13.026048359864392,1.4339
6157,8,106,13.25,4.9,0,corps,13.021536463752485,4.6750
6158,15,218,14.53,8.0,0,corps,13.017026823024738,1.3702
6159,27,317,11.74,13.3,0,corps,13.012519436553752,2.1723
6160,17,262,15.41,8.9,0,corps,13.008014303212665,1.2213
6161,19,176,9.26,9.8,0,corps,13.003511421875205,3.7632
6162,25,288,11.52,12.4,0,corps,12.999010791415644,2.9536
6163,4,65,16.25,3.1,0,corps,12.994512410708827,1.1224
6164,19,280,14.74,9.8,0,corps,12.990016278630165,1.5040
6165,18,241,13.39,9.3,0,corps,12.985522394055614,1.9543
6166,8,116,14.50,4.9,0,corps,12.981030755861712,4.3152
6167,25,348,13.92,12.4,0,corps,12.976541362925545,2.1246
6168,26,327,12.58,12.9,0,corps,12.972054214124762,2.9022
6169,22,294,13.36,11.1,0,corps,12.967569308337584,3.3136
6170,32,451,14.09,15.6,0,corps,12.963086644442779,4.8519
6171,10,97,9.70,5.8,0,corps,12.958606221319677,1.7257
6172,32,455,14.22,15.6,0,corps,12.954128037848184,3.4169
6173,8,121,15.12,4.9,0,corps,12.949652092908739,4.1404
6174,10,163,16.30,5.8,0,corps,12.94517838538237,3.0722
6175,20,275,13.75,10.2,0,corps,12.940706914150644,1.6244
6176,19,267,14.05,9.8,0,corps,12.936237678095692,2.6083
6177,18,183,10.17,9.3,0,corps,12.931770676100207,4.9479
6178,19,246,12.95,9.8,0,corps,12.927305907047435,3.8863
6179,19,248,13.05,9.8,0,corps,12.922843369821186,2.9988
6180,16,159,9.94,8.4,0,corps,12.918383063305827,2.0355
6181,32,413,12.91,15.6,0,corps,12.913924986386279,1.9130
6182,20,289,14.45,10.2,0,corps,12.909469137948024,2.5202
6183,34,424,12.47,16.4,0,corps,12.905015516877105,1.9400
6184,15,275,18.33,8.0,0,corps,12.900564122060107,2.4840
6185,21,278,13.24,10.7,0,corps,12.896114952384188,2.3456
6186,26,367,14.12,12.9,0,corps,12.891668006737051,2.3038
6187,19,303,15.95,9.8,0,corps,12.887223284006962,1.5984
6188,33,377,11.42,16.0,0,corps,12.882780783082746,1.7238
6189,18,227,12.61,9.3,0,corps,12.878340502853765,2.2645
6190,21,373,17.76,10.7,0,corps,12.873902442209959,2.7866
6191,33,458,13.88,16.0,0,corps,12.86946660004181,2.9322
6192,23,366,15.91,11.6,0,corps,12.865032975240357,2.6086
6193,17,290,17.06,8.9,0,corps,12.860601566697195,1.1371
6194,22,396,18.00,11.1,0,corps,12.856172373304467,2.3663
6195,21,251,11.95,10.7,0,corps,12.85174539395488,2.7945
6196,16,196,12.25,8.4,0,corps,12.847320627541691,3.5164
6197,22,326,14.82,11.1,0,corps,12.8428980729587,2.5661
6198,11,195,17.73,6.2,0,corps,12.838477729100276,2.3726
6199,13,163,12.54,7.1,0,corps,12.834059594861333,1.6496
6200,16,180,11.25,8.4,0,corps,12.829643669137328,3.8866
6201,28,357,12.75,13.8,0,corps,12.825229950824294,2.4630
6202,16,231,14.44,8.4,0,corps,12.820818438818787,1.4811
6203,24,268,11.17,12.0,0,corps,12.816409132017936,2.2145
6204,25,329,13.16,12.4,0,corps,12.812002029319421,3.2832
6205,15,276,18.40,8.0,0,corps,12.807597129621454,2.0884
6206,5,81,16.20,3.6,0,corps,12.803194431822812,1.4545
6207,20,252,12.60,10.2,0,corps,12.79879393482283,2.1511
6208,31,440,14.19,15.1,0,corps,12.794395637521374,1.5317
6209,15,165,11.00,8.0,0,corps,12.789999538818877,3.1277
6210,21,258,12.29,10.7,0,corps,12.785605637616307,2.2443
6211,9,154,17.11,5.3,0,corps,12.781213932815191,0.9753
6212,25,281,11.24,12.4,0,corps,12.77682442331761,2.7618
6213,15,158,10.53,8.0,0,corps,12.772437108026175,3.2979
6214,24,268,11.17,12.0,0,corps,12.768051985844062,3.0207
6215,10,148,14.80,5.8,0,corps,12.763669055674995,2.6072
6216,31,448,14.45,15.1,0,corps,12.759288316423234,2.8989
6217,23,263,11.43,11.6,0,corps,12.754909766993602,3.1568
6218,10,103,10.30,5.8,0,corps,12.750533406291453,3.3320
6219,32,336,10.50,15.6,0,corps,12.7461592332227,2.6283
6220,21,263,12.52,10.7,0,corps,12.741787246693809,1.9487
6221,12,168,14.00,6.7,0,corps,12.737417445611769,3.8358
6222,23,256,11.13,11.6,0,corps,12.733049828884136,2.0759
6223,22,303,13.77,11.1,0,corps,12.728684395419009,2.8132
6224,9,109,12.11,5.3,0,corps,12.724321144125023,4.5009
6225,16,232,14.50,8.4,0,corps,12.719960073911372,1.4700
6226,30,356,11.87,14.7,0,corps,12.715601183687781,2.7399
6227,2,45,22.50,2.2,0,corps,12.71124447236453,1.7942
6228,18,220,12.22,9.3,0,corps,12.706889938852447,3.1485
6229,19,225,11.84,9.8,0,corps,12.702537582062892,2.4076
6230,18,237,13.17,9.3,0,corps,12.698187400907775,2.3027
6231,14,148,10.57,7.6,0,corps,12.69383939429956,3.7372
6232,21,184,8.76,10.7,0,corps,12.689493561151233,3.6204
6233,19,234,12.32,9.8,0,corps,12.685149900376347,1.4959
6234,8,72,9.00,4.9,0,corps,12.680808410888977,1.6776
6235,23,310,13.48,11.6,0,corps,12.676469091603757,2.1304
6236,23,254,11.04,11.6,0,corps,12.672131941435854,1.7963
6237,29,375,12.93,14.2,0,corps,12.667796959300981,2.0483
6238,15,215,14.33,8.0,0,corps,12.663464144115395,4.5292
6239,8,115,14.38,4.9,0,corps,12.65913349479589,1.6580
6240,13,216,16.62,7.1,0,corps,12.654805010259802,3.9046
6241,26,292,11.23,12.9,0,corps,12.650478689425013,2.4444
6242,25,268,10.72,12.4,0,corps,12.646154531209941,2.9798
6243,19,247,13.00,9.8,0,corps,12.641832534533545,2.6679
6244,23,275,11.96,11.6,0,corps,12.637512698315332,1.6168
6245,19,186,9.79,9.8,0,corps,12.633195021475332,3.4982
6246,17,222,13.06,8.9,0,corps,12.628879502934137,1.6398
6247,5,89,17.80,3.6,0,corps,12.624566141612863,1.6021
6248,16,205,12.81,8.4,0,corps,12.620254936433167,3.7497
6249,16,201,12.56,8.4,0,corps,12.615945886317254,2.7998
6250,2,34,17.00,2.2,0,corps,12.611638990187855,1.0321
6251,15,160,10.67,8.0,0,corps,12.607334246968243,7.4324
6252,30,486,16.20,14.7,0,corps,12.603031655582248,2.9000
6253,26,375,14.42,12.9,0,corps,12.598731214954206,3.0383
6254,14,206,14.71,7.6,0,corps,12.594432924009013,2.2622
6255,16,200,12.50,8.4,0,corps,12.590136781672095,3.3829
6256,12,107,8.92,6.7,0,corps,12.585842786869417,2.2400
6257,35,448,12.80,16.9,0,corps,12.581550938527483,3.6384
6258,25,334,13.36,12.4,0,corps,12.577261235573326,2.6146
6259,19,243,12.79,9.8,0,corps,12.57297367693452,3.1573
6260,28,342,12.21,13.8,0,corps,12.568688261539185,2.2264
6261,10,81,8.10,5.8,0,corps,12.564404988315955,4.0769
6262,34,439,12.91,16.4,0,corps,12.56012385619402,3.3913
6263,20,298,14.90,10.2,0,corps,12.555844864103088,1.8374
6264,34,405,11.91,16.4,0,corps,12.551568010973421,2.5845
6265,24,441,18.38,12.0,0,corps,12.5472932957358,1.5056
6266,23,276,12.00,11.6,0,corps,12.543020717321548,1.5936
6267,28,342,12.21,13.8,0,corps,12.538750274662519,3.0632
6268,18,268,14.89,9.3,0,corps,12.534481966691105,1.3753
6269,20,214,10.70,10.2,0,corps,12.530215792340224,2.7641
6270,18,176,9.78,9.3,0,corps,12.52595175054334,3.7932
6271,2,24,12.00,2.2,0,corps,12.521689840234435,1.2606
6272,31,336,10.84,15.1,0,corps,12.517430060348033,4.1858
6273,29,305,10.52,14.2,0,corps,12.513172409819193,1.9241
6274,12,156,13.00,6.7,0,corps,12.5089168875835,4.7525
6275,26,407,15.65,12.9,0,corps,12.50466349257707,3.1679
6276,23,286,12.43,11.6,0,corps,12.500412223736562,1.7725
6277,22,261,11.86,11.1,0,corps,12.496163079999151,3.1050
6278,18,251,13.94,9.3,0,corps,12.491916060302554,2.8447
6279,17,281,16.53,8.9,0,corps,12.487671163585018,1.2514
6280,18,218,12.11,9.3,0,corps,12.483428388785315,1.7094
6281,9,96,10.67,5.3,0,corps,12.479187734842759,1.8077
6282,19,159,8.37,9.8,0,corps,12.474949200697175,5.6520
6283,8,116,14.50,4.9,0,corps,12.470712785288935,3.5197
6284,16,260,16.25,8.4,0,corps,12.466478487558938,2.0217
6285,16,249,15.56,8.4,0,corps,12.462246306448607,2.8162
6286,29,406,14.00,14.2,0,corps,12.458016240899896,3.4277
6287,24,412,17.17,12.0,0,corps,12.453788289855291,1.8661
6288,9,83,9.22,5.3,0,corps,12.449562452257801,3.2083
6289,28,307,10.96,13.8,0,corps,12.445338727050967,2.0881
6290,18,178,9.89,9.3,0,corps,12.44111711317886,3.6932
6291,17,201,11.82,8.9,0,corps,12.436897609586072,3.5026
6292,13,168,12.92,7.1,0,corps,12.432680215217736,2.7559
6293,12,162,13.50,6.7,0,corps,12.428464929019494,2.6446
6294,20,274,13.70,10.2,0,corps,12.424251749937534,1.8231
6295,22,297,13.50,11.1,0,corps,12.420040676918548,3.1606
6296,20,266,13.30,10.2,0,corps,12.415831708909774,2.2308
6297,38,548,14.42,18.2,0,corps,12.411624844858979,3.0604
6298,28,387,13.82,13.8,0,corps,12.407420083714435,2.0795
6299,7,69,9.86,4.4,0,corps,12.403217424424954,1.4354
6300,11,117,10.64,6.2,0,corps,12.399016865939878,3.4767
6301,22,251,11.41,11.1,0,corps,12.394818407209055,2.0080
6302,26,294,11.31,12.9,0,corps,12.390622047182884,2.7757
6303,22,253,11.50,11.1,0,corps,12.386427784812264,2.9177
6304,21,157,7.48,10.7,0,corps,12.382235619048634,2.1371
6305,28,375,13.39,13.8,0,corps,12.378045548843957,2.5020
6306,34,513,15.09,16.4,0,corps,12.373857573150707,4.4805
6307,22,317,14.41,11.1,0,corps,12.369671690921894,1.1749
6308,37,565,15.27,17.8,0,corps,12.365487901111049,3.1373
6309,17,207,12.18,8.9,0,corps,12.361306202672221,2.7414
6310,15,175,11.67,8.0,0,corps,12.35712659455999,2.6095
6311,28,383,13.68,13.8,0,corps,12.352949075729446,1.4389
6312,20,282,14.10,10.2,0,corps,12.348773645136218,1.4991
6313,20,169,8.45,10.2,0,corps,12.344600301736447,3.1189
6314,29,334,11.52,14.2,0,corps,12.340429044486791,2.8059
6315,24,354,14.75,12.0,0,corps,12.33625987234444,2.2702
6316,26,393,15.12,12.9,0,corps,12.332092784267104,1.9776
6317,17,232,13.65,8.9,0,corps,12.327927779213002,1.2963
6318,11,139,12.64,6.2,0,corps,12.323764856140896,2.4924
6319,24,301,12.54,12.0,0,corps,12.319604014010038,1.7212
6320,17,205,12.06,8.9,0,corps,12.315445251780233,3.3410
6321,8,143,17.88,4.9,0,corps,12.311288568411783,1.4119
6322,17,185,10.88,8.9,0,corps,12.307133962865516,3.5265
6323,28,320,11.43,13.8,0,corps,12.302981434102783,2.8647
6324,26,259,9.96,12.9,0,corps,12.298830981085457,3.4985
6325,26,341,13.12,12.9,0,corps,12.294682602775914,2.2728
6326,27,347,12.85,13.3,0,corps,12.29053629813707,2.0749
6327,3,31,10.33,2.7,0,corps,12.28639206613234,1.7131
6328,28,392,14.00,13.8,0,corps,12.28224990572567,2.0060
6329,15,204,13.60,8.0,0,corps,12.278109815881521,1.7219
6330,10,124,12.40,5.8,0,corps,12.273971795564867,3.0526
6331,24,420,17.50,12.0,0,corps,12.269835843741205,1.6559
6332,20,301,15.05,10.2,0,corps,12.265701959376548,2.5180
6333,27,320,11.85,13.3,0,corps,12.261570141437424,2.3212
6334,13,163,12.54,7.1,0,corps,12.257440388890881,2.7186
6335,21,302,14.38,10.7,0,corps,12.253312700704475,2.1692
6336,39,542,13.90,18.7,0,corps,12.249187075846288,2.5673
6337,12,158,13.17,6.7,0,corps,12.245063513284911,3.5322
6338,15,190,12.67,8.0,0,corps,12.240942011989459,1.4490
6339,19,287,15.11,9.8,0,corps,12.236822570929547,2.5201
6340,17,280,16.47,8.9,0,corps,12.232705189075327,1.4636
6341,24,261,10.88,12.0,0,corps,12.228589865397444,1.4458
6342,21,288,13.71,10.7,0,corps,12.224476598867074,2.9752
6343,20,324,16.20,10.2,0,corps,12.220365388455892,2.5256
6344,15,205,13.67,8.0,0,corps,12.2162562331361,2.4711
6345,16,238,14.88,8.4,0,corps,12.212149131880413,1.6985
6346,8,158,19.75,4.9,0,corps,12.208044083662047,2.5418
6347,34,472,13.88,16.4,0,corps,12.203941087454744,2.6777
6348,19,243,12.79,9.8,0,corps,12.199840142232762,1.5432
6349,23,258,11.22,11.6,0,corps,12.195741246970854,4.1148
6350,18,271,15.06,9.3,0,corps,12.191644400644302,2.1210
6351,16,199,12.44,8.4,0,corps,12.187549602228891,2.3545
6352,22,272,12.36,11.1,0,corps,12.183456850700924,2.4702
6353,14,172,12.29,7.6,0,corps,12.179366145037216,1.4735
6354,17,210,12.35,8.9,0,corps,12.17527748421508,1.5948
6355,3,27,9.00,2.7,0,corps,12.171190867212362,1.1873
6356,20,293,14.65,10.2,0,corps,12.167106293007404,2.2370
6357,23,272,11.83,11.6,0,corps,12.163023760579058,2.6299
6358,27,315,11.67,13.3,0,corps,12.1589432689067,2.0536
6359,30,315,10.50,14.7,0,corps,12.154864816970196,1.6779
6360,19,262,13.79,9.8,0,corps,12.15078840374994,1.2934
6361,26,372,14.31,12.9,0,corps,12.146714028226832,1.6950
6362,17,221,13.00,8.9,0,corps,12.142641689382266,1.5753
6363,37,487,13.16,17.8,0,corps,12.13857138619817,2.4155
6364,7,64,9.14,4.4,0,corps,12.134503117656964,1.4064
6365,19,219,11.53,9.8,0,corps,12.130436882741574,1.3799
6366,31,364,11.74,15.1,0,corps,12.126372680435454,1.4803
6367,30,401,13.37,14.7,0,corps,12.122310509722542,2.0101
6368,4,77,19.25,3.1,0,corps,12.1182503695873,1.3358
6369,13,156,12.00,7.1,0,corps,12.114192259014695,1.5471
6370,15,187,12.47,8.0,0,corps,12.110136176990194,2.3829
6371,15,206,13.73,8.0,0,corps,12.106082122499782,1.2192
6372,28,324,11.57,13.8,0,corps,12.102030094529942,2.2615
6373,16,172,10.75,8.4,0,corps,12.097980092067665,2.9970
6374,28,412,14.71,13.8,0,corps,12.093932114100458,2.0634
6375,32,376,11.75,15.6,0,corps,12.08988615961632,3.0033
6376,21,328,15.62,10.7,0,corps,12.08584222760376,1.9290
6377,8,94,11.75,4.9,0,corps,12.081800317051805,1.3897
6378,15,251,16.73,8.0,0,corps,12.077760426949968,1.2058
6379,20,239,11.95,10.2,0,corps,12.073722556288283,2.4347
6380,32,533,16.66,15.6,0,corps,12.069686704057277,1.4850
6381,20,221,11.05,10.2,0,corps,12.065652869247986,2.8059
6382,5,92,18.40,3.6,0,corps,12.061621050851961,1.3726
6383,13,118,9.08,7.1,0,corps,12.057591247861236,2.1830
6384,23,286,12.43,11.6,0,corps,12.053563459268362,2.7492
6385,28,348,12.43,13.8,0,corps,12.049537684066403,2.5953
6386,15,157,10.47,8.0,0,corps,12.0455139212489,1.7814
6387,7,96,13.71,4.4,0,corps,12.041492169809926,1.6647
6388,14,127,9.07,7.6,0,corps,12.037472428744028,5.5419
6389,21,271,12.90,10.7,0,corps,12.033454697046283,2.1436
6390,22,317,14.41,11.1,0,corps,12.029438973712258,1.7455
6391,12,205,17.08,6.7,0,corps,12.025425257738013,2.2887
6392,24,307,12.79,12.0,0,corps,12.021413548120124,4.0017
6393,27,392,14.52,13.3,0,corps,12.017403843855668,3.2478
6394,19,208,10.95,9.8,0,corps,12.01339614394221,2.9409
6395,19,215,11.32,9.8,0,corps,12.009390447377836,1.6881
6396,17,288,16.94,8.9,0,corps,12.00538675316111,1.3712
6397,38,493,12.97,18.2,0,corps,12.001385060291112,2.1352
6398,14,186,13.29,7.6,0,corps,11.997385367767427,1.6577
6399,21,372,17.71,10.7,0,corps,11.993387674590123,2.2178
6400,22,328,14.91,11.1,0,corps,11.989391979759779,1.3086
6401,23,337,14.65,11.6,0,corps,11.98539828227747,2.3660
6402,15,226,15.07,8.0,0,corps,11.981406581144775,2.9664
6403,22,305,13.86,11.1,0,corps,11.977416875363769,3.3514
6404,10,79,7.90,5.8,0,corps,11.973429163937018,1.7607
6405,16,219,13.69,8.4,0,corps,11.969443445867602,1.2550
6406,36,463,12.86,17.3,0,corps,11.965459720159094,3.8440
6407,13,184,14.15,7.1,0,corps,11.961477985815549,2.2580
6408,25,424,16.96,12.4,0,corps,11.957498241841547,1.6559
6409,21,350,16.67,10.7,0,corps,11.953520487242148,1.9675
6410,23,290,12.61,11.6,0,corps,11.949544721022908,3.6411
6411,34,544,16.00,16.4,0,corps,11.945570942189896,2.2624
6412,31,408,13.16,15.1,0,corps,11.941599149749655,1.5195
6413,22,358,16.27,11.1,0,corps,11.937629342709243,1.9333
6414,35,475,13.57,16.9,0,corps,11.93366152007621,2.5727
6415,17,190,11.18,8.9,0,corps,11.929695680858599,1.4994
6416,16,212,13.25,8.4,0,corps,11.925731824064945,3.6551
6417,28,395,14.11,13.8,0,corps,11.921769948704295,2.0649
6418,21,274,13.05,10.7,0,corps,11.917810053786168,3.3246
6419,28,397,14.18,13.8,0,corps,11.913852138320602,1.3841
6420,22,325,14.77,11.1,0,corps,11.909896201318105,2.5421
6421,8,135,16.88,4.9,0,corps,11.905942241789703,1.2350
6422,22,291,13.23,11.1,0,corps,11.901990258746903,1.3699
6423,9,118,13.11,5.3,0,corps,11.898040251201705,1.2852
6424,19,198,10.42,9.8,0,corps,11.894092218166612,1.4383
6425,13,148,11.38,7.1,0,corps,11.890146158654618,2.1116
6426,11,139,12.64,6.2,0,corps,11.886202071679202,1.5673
6427,28,342,12.21,13.8,0,corps,11.882259956254348,1.6785
6428,16,188,11.75,8.4,0,corps,11.878319811394523,2.1518
6429,14,219,15.64,7.6,0,corps,11.87438163611469,2.9420
6430,14,179,12.79,7.6,0,corps,11.87044542943031,3.2080
6431,10,150,15.00,5.8,0,corps,11.866511190357324,1.2506
6432,27,348,12.89,13.3,0,corps,11.862578917912177,2.5244
6433,9,88,9.78,5.3,0,corps,11.858648611111805,1.7089
6434,22,198,9.00,11.1,0,corps,11.854720268973622,1.6710
6435,20,285,14.25,10.2,0,corps,11.850793890515554,1.5595
6436,42,647,15.40,20.0,0,corps,11.84686947475599,4.1362
6437,5,65,13.00,3.6,0,corps,11.84294702071384,1.3312
6438,23,464,20.17,11.6,0,corps,11.839026527408489,2.8180
6439,6,121,20.17,4.0,0,corps,11.835107993859806,4.3275
6440,16,208,13.00,8.4,0,corps,11.831191419088164,2.9655
6441,10,140,14.00,5.8,0,corps,11.82727680211442,1.1813
6442,8,101,12.62,4.9,0,corps,11.823364141959914,1.1860
6443,15,159,10.60,8.0,0,corps,11.819453437646487,2.7628
6444,24,335,13.96,12.0,0,corps,11.815544688196459,1.4502
6445,14,159,11.36,7.6,0,corps,11.811637892632643,1.4433
6446,34,456,13.41,16.4,0,corps,11.807733049978342,1.4258
6447,19,232,12.21,9.8,0,corps,11.803830159257341,2.1327
6448,16,239,14.94,8.4,0,corps,11.79992921949392,1.2850
6449,23,239,10.39,11.6,0,corps,11.796030229712851,2.8876
6450,11,161,14.64,6.2,0,corps,11.792133188939374,3.2499
6451,23,283,12.30,11.6,0,corps,11.78823809619924,1.6048
6452,27,301,11.15,13.3,0,corps,11.784344950518665,2.0377
6453,14,159,11.36,7.6,0,corps,11.780453750924371,1.4934
6454,14,211,15.07,7.6,0,corps,11.776564496443557,1.4310
6455,15,168,11.20,8.0,0,corps,11.772677186103905,2.1016
6456,33,494,14.97,16.0,0,corps,11.768791818933588,2.4643
6457,17,211,12.41,8.9,0,corps,11.76490839396127,4.1879
6458,15,166,11.07,8.0,0,corps,11.76102691021609,1.3297
6459,14,157,11.21,7.6,0,corps,11.757147366727683,3.9709
6460,18,196,10.89,9.3,0,corps,11.75326976252615,2.4806
6461,34,457,13.44,16.4,0,corps,11.7493940966421,1.9744
6462,19,235,12.37,9.8,0,corps,11.745520368106618,3.0569
6463,11,190,17.27,6.2,0,corps,11.741648575951263,1.9280
6464,22,276,12.55,11.1,0,corps,11.737778719208094,2.6408
6465,24,246,10.25,12.0,0,corps,11.73391079690965,3.0228
6466,23,336,14.61,11.6,0,corps,11.730044808088941,1.5143
6467,30,436,14.53,14.7,0,corps,11.726180751779475,2.7368
6468,23,290,12.61,11.6,0,corps,11.722318627015236,2.0243
6469,15,179,11.93,8.0,0,corps,11.718458432830694,1.3970
6470,25,311,12.44,12.4,0,corps,11.714600168260805,2.4375
6471,26,348,13.38,12.9,0,corps,11.710743832340995,2.7129
6472,21,297,14.14,10.7,0,corps,11.706889424107182,2.8965
6473,11,156,14.18,6.2,0,corps,11.703036942595766,1.4458
6474,23,250,10.87,11.6,0,corps,11.699186386843625,2.2855
6475,16,183,11.44,8.4,0,corps,11.695337755888124,1.8941
6476,13,168,12.92,7.1,0,corps,11.691491048767096,1.4910
6477,17,164,9.65,8.9,0,corps,11.687646264518875,2.9240
6478,17,205,12.06,8.9,0,corps,11.683803402182264,2.7390
6479,29,399,13.76,14.2,0,corps,11.679962460796537,2.5401
6480,14,190,13.57,7.6,0,corps,11.676123439401465,2.5145
6481,31,409,13.19,15.1,0,corps,11.672286337037296,2.5521
6482,14,192,13.71,7.6,0,corps,11.66845115274475,3.3916
6483,26,289,11.12,12.9,0,corps,11.664617885565034,2.4670
6484,24,331,13.79,12.0,0,corps,11.660786534539827,1.9255
6485,18,276,15.33,9.3,0,corps,11.656957098711294,2.2709
6486,23,355,15.43,11.6,0,corps,11.653129577122076,2.1695
6487,27,342,12.67,13.3,0,corps,11.64930396881529,2.2732
6488,21,287,13.67,10.7,0,corps,11.645480272834538,1.7411
6489,24,359,14.96,12.0,0,corps,11.641658488223896,1.6614
6490,8,74,9.25,4.9,0,corps,11.637838614027912,1.6144
6491,21,225,10.71,10.7,0,corps,11.634020649291624,3.1311
6492,33,486,14.73,16.0,0,corps,11.630204593060537,2.0923
6493,12,211,17.58,6.7,0,corps,11.626390444380636,0.9004
6494,7,111,15.86,4.4,0,corps,11.622578202298389,1.1978
6495,28,327,11.68,13.8,0,corps,11.618767865860733,3.0536
6496,22,245,11.14,11.1,0,corps,11.614959434115079,1.7467
6497,20,256,12.80,10.2,0,corps,11.611152906109327,1.2973
6498,22,322,14.64,11.1,0,corps,11.607348280891838,1.7130
6499,16,213,13.31,8.4,0,corps,11.603545557511463,2.0726
6500,11,143,13.00,6.2,0,corps,11.599744735017515,2.4338
6501,30,411,13.70,14.7,0,corps,11.595945812459787,1.6403
6502,28,365,13.04,13.8,0,corps,11.592148788888556,2.1712
6503,2,34,17.00,2.2,0,corps,11.588353663354562,1.1561
6504,18,214,11.89,9.3,0,corps,11.584560434909022,2.0698
6505,25,336,13.44,12.4,0,corps,11.58076910260363,2.7983
6506,17,185,10.88,8.9,0,corps,11.57697966549055,1.3797
6507,19,267,14.05,9.8,0,corps,11.57319212262243,2.3469
6508,7,104,14.86,4.4,0,corps,11.569406473052378,3.5556
6509,21,320,15.24,10.7,0,corps,11.565622715833983,1.9155
6510,15,256,17.07,8.0,0,corps,11.561840850021312,2.1512
6511,37,557,15.05,17.8,0,corps,11.558060874668888,4.6761
6512,28,473,16.89,13.8,0,corps,11.554282788831724,1.9305
6513,26,367,14.12,12.9,0,corps,11.550506591565297,1.7045
6514,18,227,12.61,9.3,0,corps,11.54673228192555,3.3481
6515,25,409,16.36,12.4,0,corps,11.542959858968924,2.7822
6516,8,98,12.25,4.9,0,corps,11.539189321752295,3.7204
6517,20,356,17.80,10.2,0,corps,11.535420669333035,2.0437
6518,32,422,13.19,15.6,0,corps,11.531653900768987,2.3981
6519,19,202,10.63,9.8,0,corps,11.527889015118447,2.0567
6520,20,207,10.35,10.2,0,corps,11.524126011440206,2.1238
6521,25,316,12.64,12.4,0,corps,11.520364888793502,2.3753
6522,18,210,11.67,9.3,0,corps,11.516605646238062,2.8049
6523,12,156,13.00,6.7,0,corps,11.512848282834073,3.3354
6524,2,24,12.00,2.2,0,corps,11.509092797642193,2.5825
6525,22,222,10.09,11.1,0,corps,11.505339189723552,3.6139
6526,20,243,12.15,10.2,0,corps,11.501587458139747,2.2804
6527,16,230,14.38,8.4,0,corps,11.497837601952845,3.0058
6528,18,189,10.50,9.3,0,corps,11.494089620225386,2.8926
6529,17,192,11.29,8.9,0,corps,11.490343512020369,2.6327
6530,22,299,13.59,11.1,0,corps,11.486599276401266,2.6318
6531,24,308,12.83,12.0,0,corps,11.482856912432023,4.2045
6532,32,393,12.28,15.6,0,corps,11.47911641917705,2.3235
6533,20,261,13.05,10.2,0,corps,11.475377795701217,1.8366
6534,15,185,12.33,8.0,0,corps,11.471641041069875,1.5112
6535,30,394,13.13,14.7,0,corps,11.467906154348828,2.4914
6536,30,400,13.33,14.7,0,corps,11.464173134604364,2.4713
6537,22,297,13.50,11.1,0,corps,11.46044198090322,2.6741
6538,10,102,10.20,5.8,0,corps,11.456712692312607,1.9182
6539,21,305,14.52,10.7,0,corps,11.452985267900209,4.2266
6540,14,190,13.57,7.6,0,corps,11.449259706734166,1.3787
6541,27,334,12.37,13.3,0,corps,11.445536007883087,2.6845
6542,25,296,11.84,12.4,0,corps,11.441814170416054,2.3683
6543,11,120,10.91,6.2,0,corps,11.438094193402595,5.3131
6544,21,292,13.90,10.7,0,corps,11.43437607591273,1.3451
6545,28,342,12.21,13.8,0,corps,11.43065981701692,2.3005
6546,19,236,12.42,9.8,0,corps,11.426945415786099,2.0787
6547,10,134,13.40,5.8,0,corps,11.423232871291678,2.1276
6548,13,148,11.38,7.1,0,corps,11.419522182605506,3.9648
6549,17,175,10.29,8.9,0,corps,11.415813348799922,4.0446
6550,18,235,13.06,9.3,0,corps,11.412106368947716,1.8019
6551,21,216,10.29,10.7,0,corps,11.408401242122137,1.9072
6552,35,492,14.06,16.9,0,corps,11.404697967396912,1.8795
6553,14,200,14.29,7.6,0,corps,11.400996543846212,2.2256
6554,12,131,10.92,6.7,0,corps,11.397296970544687,2.6974
6555,28,355,12.68,13.8,0,corps,11.39359924656745,1.9865
6556,23,265,11.52,11.6,0,corps,11.389903370990057,1.6702
6557,7,68,9.71,4.4,0,corps,11.386209342888542,2.2102
6558,12,168,14.00,6.7,0,corps,11.38251716133941,3.1527
6559,16,163,10.19,8.4,0,corps,11.3788268254196,2.8511
6560,10,150,15.00,5.8,0,corps,11.37513833420654,3.0068
6561,21,317,15.10,10.7,0,corps,11.371451686778098,3.1209
6562,22,282,12.82,11.1,0,corps,11.367766882212615,1.4216
6563,19,272,14.32,9.8,0,corps,11.364083919588893,2.7451
6564,26,383,14.73,12.9,0,corps,11.360402797986191,2.8643
6565,27,310,11.48,13.3,0,corps,11.356723516484221,2.8104
6566,18,194,10.78,9.3,0,corps,11.353046074163176,2.5118
6567,11,160,14.55,6.2,0,corps,11.34937047010368,1.7444
6568,8,97,12.12,4.9,0,corps,11.345696703386848,1.5052
6569,8,96,12.00,4.9,0,corps,11.342024773094225,1.3650
6570,18,172,9.56,9.3,0,corps,11.338354678307835,1.8464
6571,27,281,10.41,13.3,0,corps,11.334686418110154,4.5538
6572,12,148,12.33,6.7,0,corps,11.331019991584112,1.2573
6573,13,109,8.38,7.1,0,corps,11.327355397813108,5.0588
6574,17,177,10.41,8.9,0,corps,11.323692635880994,1.8650
6575,17,176,10.35,8.9,0,corps,11.320031704872074,1.5264
6576,28,325,11.61,13.8,0,corps,11.316372603871121,2.5252
6577,9,102,11.33,5.3,0,corps,11.312715331963355,6.7990
6578,19,217,11.42,9.8,0,corps,11.30905988823446,1.8569
6579,18,244,13.56,9.3,0,corps,11.305406271770577,2.4959
6580,20,245,12.25,10.2,0,corps,11.3017544816583,2.8255
6581,19,239,12.58,9.8,0,corps,11.298104516984678,1.7191
6582,25,314,12.56,12.4,0,corps,11.294456376837225,2.0847
6583,15,157,10.47,8.0,0,corps,11.290810060303905,1.7182
6584,20,258,12.90,10.2,0,corps,11.28716556647314,1.4646
6585,14,183,13.07,7.6,0,corps,11.283522894433801,3.3312
6586,27,351,13.00,13.3,0,corps,11.279882043275224,2.1646
6587,3,27,9.00,2.7,0,corps,11.276243012087198,1.5636
6588,14,214,15.29,7.6,0,corps,11.272605799959958,2.6964
6589,12,142,11.83,6.7,0,corps,11.268970405984211,3.6778
6590,19,253,13.32,9.8,0,corps,11.265336829251101,2.7931
6591,33,410,12.42,16.0,0,corps,11.261705068852237,3.0102
6592,18,174,9.67,9.3,0,corps,11.25807512387968,2.9559
6593,12,157,13.08,6.7,0,corps,11.25444699342594,1.9161
6594,34,382,11.24,16.4,0,corps,11.250820676583984,4.5896
6595,3,27,9.00,2.7,0,corps,11.247196172447238,2.0296
6596,6,51,8.50,4.0,0,corps,11.24357348010957,8.9213
6597,15,240,16.00,8.0,0,corps,11.239952598665312,2.1049
6598,25,333,13.32,12.4,0,corps,11.236333527209242,2.8876
6599,16,157,9.81,8.4,0,corps,11.232716264836586,2.5546
6600,21,282,13.43,10.7,0,corps,11.229100810643041,3.3898
6601,22,255,11.59,11.1,0,corps,11.225487163724734,3.4032
6602,9,117,13.00,5.3,0,corps,11.221875323178255,4.0939
6603,18,202,11.22,9.3,0,corps,11.218265288100646,2.3958
6604,21,209,9.95,10.7,0,corps,11.214657057589392,2.3698
6605,12,166,13.83,6.7,0,corps,11.211050630742442,2.7658
6606,20,239,11.95,10.2,0,corps,11.20744600665819,1.7104
6607,18,265,14.72,9.3,0,corps,11.203843184435474,2.1173
6608,17,200,11.76,8.9,0,corps,11.200242163173597,2.6815
6609,14,190,13.57,7.6,0,corps,11.196642941972293,2.9585
6610,28,435,15.54,13.8,0,corps,11.19304551993176,3.6233
6611,13,127,9.77,7.1,0,corps,11.18944989615265,3.6418
6612,14,186,13.29,7.6,0,corps,11.185856069736047,1.5672
6613,13,162,12.46,7.1,0,corps,11.182264039783501,2.7333
6614,27,282,10.44,13.3,0,corps,11.178673805397004,3.6886
6615,6,66,11.00,4.0,0,corps,11.175085365678994,1.6927
6616,23,268,11.65,11.6,0,corps,11.171498719732364,3.3858
6617,12,197,16.42,6.7,0,corps,11.16791386666045,2.4132
6618,19,191,10.05,9.8,0,corps,11.164330805567038,2.8049
6619,3,31,10.33,2.7,0,corps,11.16074953555637,1.4526
6620,26,321,12.35,12.9,0,corps,11.157170055733118,2.2086
6621,27,341,12.63,13.3,0,corps,11.15359236520242,2.2325
6622,25,350,14.00,12.4,0,corps,11.15001646306985,3.0088
6623,19,257,13.53,9.8,0,corps,11.146442348441433,2.7435
6624,12,143,11.92,6.7,0,corps,11.142870020423642,3.5414
6625,10,116,11.60,5.8,0,corps,11.139299478123391,3.8215
6626,23,382,16.61,11.6,0,corps,11.135730720648047,2.1260
6627,36,412,11.44,17.3,0,corps,11.13216374710542,3.2063
6628,23,296,12.87,11.6,0,corps,11.128598556603766,2.1910
6629,20,226,11.30,10.2,0,corps,11.125035148251794,2.5038
6630,8,108,13.50,4.9,0,corps,11.12147352115864,4.4568
6631,22,282,12.82,11.1,0,corps,11.117913674433904,2.0465
6632,8,101,12.62,4.9,0,corps,11.114355607187626,4.4092
6633,27,315,11.67,13.3,0,corps,11.110799318530285,1.9046
6634,31,476,15.35,15.1,0,corps,11.10724480757281,2.0612
6635,21,301,14.33,10.7,0,corps,11.103692073426577,2.4122
6636,54,794,14.70,25.3,0,corps,11.1001411152034,5.2801
6637,23,300,13.04,11.6,0,corps,11.096591932015535,1.5360
6638,12,109,9.08,6.7,0,corps,11.09304452297569,3.9325
6639,24,337,14.04,12.0,0,corps,11.089498887197013,3.3094
6640,22,300,13.64,11.1,0,corps,11.085955023793097,2.1553
6641,10,100,10.00,5.8,0,corps,11.082412931877975,3.1662
6642,20,224,11.20,10.2,0,corps,11.078872610566117,1.1900
6643,11,185,16.82,6.2,0,corps,11.075334058972455,1.2277
6644,12,124,10.33,6.7,0,corps,11.071797276212342,4.1519
6645,21,236,11.24,10.7,0,corps,11.068262261401586,1.8486
6646,4,79,19.75,3.1,0,corps,11.06472901365643,1.0582
6647,8,87,10.88,4.9,0,corps,11.061197532093564,1.0185
6648,38,487,12.82,18.2,0,corps,11.057667815830118,2.1819
6649,13,273,21.00,7.1,0,corps,11.054139863983664,2.2470
6650,11,169,15.36,6.2,0,corps,11.050613675672214,1.0622
6651,18,243,13.50,9.3,0,corps,11.047089250014217,1.1635
6652,12,150,12.50,6.7,0,corps,11.04356658612857,2.0646
6653,48,742,15.46,22.7,0,corps,11.040045683134608,3.0538
6654,22,280,12.73,11.1,0,corps,11.0365265401521,2.4609
6655,12,118,9.83,6.7,0,corps,11.033009156301265,2.7570
6656,13,240,18.46,7.1,0,corps,11.029493530702759,0.9258
6657,36,546,15.17,17.3,0,corps,11.025979662477667,2.9823
6658,20,252,12.60,10.2,0,corps,11.022467550747528,2.2704
6659,26,403,15.50,12.9,0,corps,11.018957194634316,2.6093
6660,24,441,18.38,12.0,0,corps,11.015448593260437,0.8432
6661,25,375,15.00,12.4,0,corps,11.011941745748747,3.2306
6662,12,145,12.08,6.7,0,corps,11.008436651222524,3.2203
6663,8,133,16.62,4.9,0,corps,11.004933308805503,2.2151
6664,30,405,13.50,14.7,0,corps,11.001431717621848,2.2226
6665,15,208,13.87,8.0,0,corps,10.997931876796157,2.4665
6666,25,335,13.40,12.4,0,corps,10.99443378545347,1.4562
6667,24,341,14.21,12.0,0,corps,10.99093744271927,1.6717
6668,15,178,11.87,8.0,0,corps,10.98744284771946,3.2269
6669,7,88,12.57,4.4,0,corps,10.983949999580405,1.6581
6670,22,306,13.91,11.1,0,corps,10.980458897428885,2.4499
6671,22,307,13.95,11.1,0,corps,10.976969540392123,2.5080
6672,20,212,10.60,10.2,0,corps,10.973481927597787,2.7711
6673,14,278,19.86,7.6,0,corps,10.969996058173964,1.1483
6674,36,496,13.78,17.3,0,corps,10.966511931249192,2.2044
6675,6,79,13.17,4.0,0,corps,10.963029545952446,1.3965
6676,16,201,12.56,8.4,0,corps,10.959548901413116,3.8782
6677,14,195,13.93,7.6,0,corps,10.95606999676105,1.4995
6678,17,197,11.59,8.9,0,corps,10.95259283112652,1.4591
6679,24,292,12.17,12.0,0,corps,10.949117403640232,1.5277
6680,28,332,11.86,13.8,0,corps,10.945643713433334,2.3041
6681,19,215,11.32,9.8,0,corps,10.942171759637398,3.2885
6682,21,260,12.38,10.7,0,corps,10.938701541384438,2.9237
6683,25,347,13.88,12.4,0,corps,10.9352330578069,2.1488
6684,12,161,13.42,6.7,0,corps,10.931766308037663,2.2933
6685,31,367,11.84,15.1,0,corps,10.92830129121004,2.6524
6686,5,43,8.60,3.6,0,corps,10.924838006457774,2.1513
6687,30,393,13.10,14.7,0,corps,10.921376452915046,3.3545
6688,31,410,13.23,15.1,0,corps,10.917916629716467,1.9566
6689,41,519,12.66,19.6,0,corps,10.914458535997085,2.1441
6690,21,276,13.14,10.7,0,corps,10.911002170892367,2.5986
6691,6,82,13.67,4.0,0,corps,10.907547533538233,1.1852
6692,20,267,13.35,10.2,0,corps,10.904094623071014,1.5913
6693,4,35,8.75,3.1,0,corps,10.900643438627492,1.6902
6694,25,296,11.84,12.4,0,corps,10.897193979344861,2.2289
6695,27,424,15.70,13.3,0,corps,10.893746244360763,1.8863
6696,11,102,9.27,6.2,0,corps,10.890300232813264,6.7739
6697,15,182,12.13,8.0,0,corps,10.886855943840853,1.8175
6698,14,178,12.71,7.6,0,corps,10.883413376582466,1.2055
6699,4,46,11.50,3.1,0,corps,10.879972530177461,1.1031
6700,21,271,12.90,10.7,0,corps,10.876533403765626,2.7454
6701,27,338,12.52,13.3,0,corps,10.873095996487175,2.5965
6702,14,192,13.71,7.6,0,corps,10.869660307482759,1.5393
6703,18,154,8.56,9.3,0,corps,10.866226335893456,1.7784
6704,20,260,13.00,10.2,0,corps,10.862794080860775,2.9669
6705,22,258,11.73,11.1,0,corps,10.859363541526646,2.5834
6706,16,180,11.25,8.4,0,corps,10.855934717033438,3.8103
6707,14,135,9.64,7.6,0,corps,10.852507606523949,5.3898
6708,14,132,9.43,7.6,0,corps,10.849082209141391,3.0870
6709,9,91,10.11,5.3,0,corps,10.84565852402943,5.7721
6710,12,164,13.67,6.7,0,corps,10.84223655033213,1.2123
6711,26,294,11.31,12.9,0,corps,10.838816287194,2.0792
6712,26,406,15.62,12.9,0,corps,10.835397733759985,2.2417
6713,34,406,11.94,16.4,0,corps,10.831980889175435,2.8954
6714,12,139,11.58,6.7,0,corps,10.828565752586142,4.4403
6715,20,320,16.00,10.2,0,corps,10.825152323138326,2.9820
6716,29,331,11.41,14.2,0,corps,10.821740599978625,1.5816
6717,22,259,11.77,11.1,0,corps,10.81833058225411,2.1261
6718,23,213,9.26,11.6,0,corps,10.814922269112273,2.5358
6719,14,139,9.93,7.6,0,corps,10.811515659701037,1.7934
6720,4,36,9.00,3.1,0,corps,10.808110753168759,2.2267
6721,11,145,13.18,6.2,0,corps,10.804707548664199,2.0820
6722,20,266,13.30,10.2,0,corps,10.801306045336561,2.0546
6723,13,138,10.62,7.1,0,corps,10.797906242335475,3.2401
6724,14,215,15.36,7.6,0,corps,10.794508138810983,2.5141
6725,19,166,8.74,9.8,0,corps,10.79111173391356,4.5834
6726,19,241,12.68,9.8,0,corps,10.787717026794105,3.3481
6727,9,84,9.33,5.3,0,corps,10.784324016603945,2.4963
6728,15,197,13.13,8.0,0,corps,10.780932702494821,2.0994
6729,28,325,11.61,13.8,0,corps,10.777543083618909,3.7785
6730,34,434,12.76,16.4,0,corps,10.774155159128803,3.0979
6731,10,119,11.90,5.8,0,corps,10.770768928177526,1.6165
6732,9,86,9.56,5.3,0,corps,10.767384389918512,4.5455
6733,6,46,7.67,4.0,0,corps,10.764001543505634,2.4499
6734,22,260,11.82,11.1,0,corps,10.760620388093173,3.1061
6735,20,240,12.00,10.2,0,corps,10.757240922835845,1.9165
6736,36,470,13.06,17.3,0,corps,10.753863146888786,2.6704
6737,6,50,8.33,4.0,0,corps,10.750487059407545,2.4178
6738,27,411,15.22,13.3,0,corps,10.747112659548108,2.4685
6739,20,261,13.05,10.2,0,corps,10.74373994646687,2.5315
6740,13,184,14.15,7.1,0,corps,10.74036891932065,3.6444
6741,25,437,17.48,12.4,0,corps,10.736999577266701,2.2303
6742,16,174,10.88,8.4,0,corps,10.733631919462677,4.0533
6743,27,347,12.85,13.3,0,corps,10.73026594506667,3.4495
6744,15,169,11.27,8.0,0,corps,10.726901653237183,2.9149
6745,16,221,13.81,8.4,0,corps,10.723539043133142,1.6918
6746,11,147,13.36,6.2,0,corps,10.7201781139139,1.9350
6747,38,475,12.50,18.2,0,corps,10.716818864739222,3.2216
6748,11,131,11.91,6.2,0,corps,10.713461294769294,1.3910
6749,19,264,13.89,9.8,0,corps,10.710105403164727,2.2762
6750,32,422,13.19,15.6,0,corps,10.70675118908654,3.3461
6751,16,212,13.25,8.4,0,corps,10.703398651696192,2.8231
6752,7,89,12.71,4.4,0,corps,10.700047790155539,1.1747
6753,15,156,10.40,8.0,0,corps,10.696698603626867,3.5984
6754,15,187,12.47,8.0,0,corps,10.693351091272884,1.8929
6755,37,581,15.70,17.8,0,corps,10.690005252256704,3.3320
6756,29,447,15.41,14.2,0,corps,10.686661085741875,1.5470
6757,13,127,9.77,7.1,0,corps,10.683318590892355,1.5804
6758,9,101,11.22,5.3,0,corps,10.679977766872511,1.5948
6759,14,138,9.86,7.6,0,corps,10.676638612847148,2.0308
6760,25,319,12.76,12.4,0,corps,10.673301127981471,3.9820
6761,24,331,13.79,12.0,0,corps,10.66996531144111,2.3115
6762,24,273,11.38,12.0,0,corps,10.666631162392115,2.7946
6763,31,442,14.26,15.1,0,corps,10.663298680000944,1.6470
6764,13,190,14.62,7.1,0,corps,10.659967863434474,1.3307
6765,18,205,11.39,9.3,0,corps,10.656638711860012,2.7692
6766,14,176,12.57,7.6,0,corps,10.653311224445256,1.0750
6767,22,241,10.95,11.1,0,corps,10.649985400358341,1.4050
6768,15,186,12.40,8.0,0,corps,10.646661238767816,3.1711
6769,14,183,13.07,7.6,0,corps,10.643338738842631,1.3198
6770,14,209,14.93,7.6,0,corps,10.640017899752168,2.3699
6771,27,384,14.22,13.3,0,corps,10.636698720666212,1.6158
6772,15,155,10.33,8.0,0,corps,10.633381200754972,3.7112
6773,19,263,13.84,9.8,0,corps,10.630065339189068,2.3055
6774,23,257,11.17,11.6,0,corps,10.626751135139529,1.4577
6775,24,294,12.25,12.0,0,corps,10.623438587777812,3.3003
6776,14,181,12.93,7.6,0,corps,10.620127696275775,2.4475
6777,20,227,11.35,10.2,0,corps,10.616818459805696,3.0588
6778,23,321,13.96,11.6,0,corps,10.613510877540271,2.2284
6779,25,296,11.84,12.4,0,corps,10.610204948652594,2.5866
6780,22,304,13.82,11.1,0,corps,10.606900672316188,2.0875
6781,14,188,13.43,7.6,0,corps,10.60359804770499,2.8782
6782,31,340,10.97,15.1,0,corps,10.600297073993337,3.9979
6783,18,188,10.44,9.3,0,corps,10.596997750355985,5.1196
6784,20,207,10.35,10.2,0,corps,10.593700075968107,2.4007
6785,28,363,12.96,13.8,0,corps,10.590404050005278,2.3570
6786,14,169,12.07,7.6,0,corps,10.587109671643502,2.5943
6787,29,339,11.69,14.2,0,corps,10.583816940059174,1.8515
6788,20,248,12.40,10.2,0,corps,10.580525854429112,1.8210
6789,13,144,11.08,7.1,0,corps,10.577236413930557,1.2087
6790,10,109,10.90,5.8,0,corps,10.573948617741133,1.1051
6791,21,295,14.05,10.7,0,corps,10.570662465038899,1.0823
6792,21,197,9.38,10.7,0,corps,10.567377955002316,3.1088
6793,17,269,15.82,8.9,0,corps,10.564095086810255,0.9867
6794,20,218,10.90,10.2,0,corps,10.560813859642003,1.5657
6795,30,380,12.67,14.7,0,corps,10.557534272677247,1.7231
6796,22,237,10.77,11.1,0,corps,10.554256325096093,1.6906
6797,14,160,11.43,7.6,0,corps,10.550980016079055,2.5973
6798,31,385,12.42,15.1,0,corps,10.547705344807056,1.7129
6799,15,163,10.87,8.0,0,corps,10.544432310461428,1.1292
6800,25,264,10.56,12.4,0,corps,10.541160912223912,3.1503
6801,27,425,15.74,13.3,0,corps,10.537891149276657,1.4285
6802,24,322,13.42,12.0,0,corps,10.534623020802226,1.1740
6803,13,150,11.54,7.1,0,corps,10.531356525983579,2.1323
6804,24,321,13.38,12.0,0,corps,10.5280916640041,1.9640
6805,2,33,16.50,2.2,0,corps,10.524828434047572,0.7649
6806,23,269,11.70,11.6,0,corps,10.521566835298183,2.3614
6807,28,366,13.07,13.8,0,corps,10.518306866940538,1.9469
6808,15,181,12.07,8.0,0,corps,10.515048528159648,1.3424
6809,18,278,15.44,9.3,0,corps,10.51179181814092,1.8192
6810,22,267,12.14,11.1,0,corps,10.508536736070184,1.9829
6811,20,235,11.75,10.2,0,corps,10.505283281133662,3.2140
6812,29,312,10.76,14.2,0,corps,10.502031452517993,2.1222
6813,9,136,15.11,5.3,0,corps,10.498781249410225,1.1155
6814,15,187,12.47,8.0,0,corps,10.4955326709978,1.3285
6815,21,236,11.24,10.7,0,corps,10.492285716468578,3.3939
6816,21,248,11.81,10.7,0,corps,10.489040385010822,1.4233
6817,26,300,11.54,12.9,0,corps,10.48579667581319,2.1215
6818,21,274,13.05,10.7,0,corps,10.482554588064769,1.4452
6819,32,406,12.69,15.6,0,corps,10.479314120955022,1.2937
6820,15,212,14.13,8.0,0,corps,10.476075273673837,2.4794
6821,31,361,11.65,15.1,0,corps,10.472838045411512,3.0752
6822,19,241,12.68,9.8,0,corps,10.469602435358727,2.1976
6823,18,211,11.72,9.3,0,corps,10.466368442706584,1.3214
6824,19,291,15.32,9.8,0,corps,10.46313606664659,1.9909
6825,24,250,10.42,12.0,0,corps,10.45990530637064,3.3803
6826,7,144,20.57,4.4,0,corps,10.456676161071055,0.9998
6827,13,149,11.46,7.1,0,corps,10.453448629940542,3.9334
6828,24,304,12.67,12.0,0,corps,10.45022271217222,2.6760
6829,10,145,14.50,5.8,0,corps,10.446998406959612,1.5801
6830,17,251,14.76,8.9,0,corps,10.443775713496636,1.2090
6831,11,155,14.09,6.2,0,corps,10.440554630977623,1.9049
6832,14,138,9.86,7.6,0,corps,10.437335158597302,3.7219
6833,6,82,13.67,4.0,0,corps,10.434117295550802,1.2858
6834,31,383,12.35,15.1,0,corps,10.430901041033664,2.8883
6835,22,244,11.09,11.1,0,corps,10.427686394241817,2.9959
6836,18,207,11.50,9.3,0,corps,10.4244733543716,1.5963
6837,28,353,12.61,13.8,0,corps,10.42126192061976,2.9507
6838,18,203,11.28,9.3,0,corps,10.418052092183427,2.2752
6839,19,276,14.53,9.8,0,corps,10.414843868260155,3.0490
6840,24,264,11.00,12.0,0,corps,10.411637248047883,3.4619
6841,16,146,9.12,8.4,0,corps,10.408432230744955,3.2967
6842,7,92,13.14,4.4,0,corps,10.405228815550121,1.3330
6843,32,315,9.84,15.6,0,corps,10.40202700166252,2.2092
6844,32,457,14.28,15.6,0,corps,10.398826788281706,2.8064
6845,16,215,13.44,8.4,0,corps,10.395628174607621,3.2122
6846,24,297,12.38,12.0,0,corps,10.392431159840616,1.5096
6847,26,303,11.65,12.9,0,corps,10.38923574318143,3.4527
6848,22,275,12.50,11.1,0,corps,10.386041923831216,1.7431
6849,16,179,11.19,8.4,0,corps,10.382849700991514,2.9050
6850,16,208,13.00,8.4,0,corps,10.379659073864273,1.4091
6851,17,198,11.65,8.9,0,corps,10.376470041651832,3.4642
6852,15,198,13.20,8.0,0,corps,10.373282603556932,1.6229
6853,30,418,13.93,14.7,0,corps,10.37009675878272,2.3996
6854,7,81,11.57,4.4,0,corps,10.36691250653273,5.9793
6855,15,199,13.27,8.0,0,corps,10.363729846010896,1.2554
6856,13,146,11.23,7.1,0,corps,10.360548776421563,2.7342
6857,22,282,12.82,11.1,0,corps,10.357369296969454,1.3085
6858,37,514,13.89,17.8,0,corps,10.354191406859703,2.1029
6859,23,263,11.43,11.6,0,corps,10.351015105297837,1.9390
6860,15,193,12.87,8.0,0,corps,10.347840391489779,1.3457
6861,32,423,13.22,15.6,0,corps,10.344667264641854,1.6521
6862,26,320,12.31,12.9,0,corps,10.341495723960776,3.2104
6863,20,272,13.60,10.2,0,corps,10.338325768653664,1.8114
6864,41,454,11.07,19.6,0,corps,10.335157397928027,2.6540
6865,35,516,14.74,16.9,0,corps,10.33199061099177,2.4312
6866,8,137,17.12,4.9,0,corps,10.328825407053202,1.3601
6867,15,187,12.47,8.0,0,corps,10.325661785321017,1.6203
6868,28,343,12.25,13.8,0,corps,10.32249974500431,3.0290
6869,13,186,14.31,7.1,0,corps,10.319339285312576,2.8503
6870,25,329,13.16,12.4,0,corps,10.316180405455693,2.4116
6871,29,371,12.79,14.2,0,corps,10.313023104643944,2.1062
6872,33,474,14.36,16.0,0,corps,10.309867382088006,2.3712
6873,30,403,13.43,14.7,0,corps,10.306713236998947,1.9972
6874,16,156,9.75,8.4,0,corps,10.30356066858823,1.6853
6875,17,244,14.35,8.9,0,corps,10.300409676067709,1.5135
6876,9,127,14.11,5.3,0,corps,10.297260258649644,1.3392
6877,24,279,11.62,12.0,0,corps,10.294112415546675,2.2838
6878,15,199,13.27,8.0,0,corps,10.290966145971842,1.9504
6879,10,110,11.00,5.8,0,corps,10.287821449138582,3.2579
6880,29,355,12.24,14.2,0,corps,10.28467832426071,1.8830
6881,22,277,12.59,11.1,0,corps,10.281536770552455,2.9971
6882,13,148,11.38,7.1,0,corps,10.278396787228427,2.7191
6883,3,75,25.00,2.7,0,corps,10.275258373503629,0.9293
6884,25,333,13.32,12.4,0,corps,10.272121528593454,1.1706
6885,22,230,10.45,11.1,0,corps,10.268986251713697,2.8622
6886,18,159,8.83,9.3,0,corps,10.265852542080534,1.9566
6887,8,74,9.25,4.9,0,corps,10.262720398910542,7.0078
6888,35,516,14.74,16.9,0,corps,10.259589821420676,2.0240
6889,16,165,10.31,8.4,0,corps,10.256460808828303,2.5167
6890,14,205,14.64,7.6,0,corps,10.253333360351164,1.0174
6891,28,331,11.82,13.8,0,corps,10.250207475207397,2.2790
6892,24,296,12.33,12.0,0,corps,10.247083152615527,1.4908
6893,23,312,13.57,11.6,0,corps,10.243960391794484,1.8617
6894,32,491,15.34,15.6,0,corps,10.24083919196357,1.8616
6895,21,285,13.57,10.7,0,corps,10.237719552342488,1.5921
6896,21,237,11.29,10.7,0,corps,10.234601472151322,2.0942
6897,12,123,10.25,6.7,0,corps,10.23148495061056,3.1687
6898,32,540,16.88,15.6,0,corps,10.228369986941068,2.1671
6899,22,269,12.23,11.1,0,corps,10.225256580364103,2.5055
6900,31,359,11.58,15.1,0,corps,10.222144730101315,1.5045
6901,11,137,12.45,6.2,0,corps,10.219034435374747,1.4324
6902,21,266,12.67,10.7,0,corps,10.215925695406817,1.1749
6903,16,209,13.06,8.4,0,corps,10.212818509420343,2.1507
6904,4,31,7.75,3.1,0,corps,10.209712876638527,2.2311
6905,17,196,11.53,8.9,0,corps,10.206608796284964,2.3408
6906,26,293,11.27,12.9,0,corps,10.203506267583636,2.4379
6907,32,521,16.28,15.6,0,corps,10.200405289758903,2.2766
6908,23,242,10.52,11.6,0,corps,10.197305862035524,2.2433
6909,17,211,12.41,8.9,0,corps,10.194207983638648,2.1407
6910,11,98,8.91,6.2,0,corps,10.191111653793794,4.1133
6911,16,163,10.19,8.4,0,corps,10.18801687172689,1.5021
6912,22,235,10.68,11.1,0,corps,10.184923636664234,1.6826
6913,18,245,13.61,9.3,0,corps,10.181831947832519,1.5480
6914,13,136,10.46,7.1,0,corps,10.178741804458824,3.2306
6915,15,209,13.93,8.0,0,corps,10.175653205770613,1.8593
6916,9,98,10.89,5.3,0,corps,10.172566150995735,1.3014
6917,26,331,12.73,12.9,0,corps,10.169480639362426,1.6668
6918,20,241,12.05,10.2,0,corps,10.166396670099312,2.1556
6919,11,99,9.00,6.2,0,corps,10.163314242435396,1.4797
6920,2,18,9.00,2.2,0,corps,10.16023335560007,1.3335
6921,12,139,11.58,6.7,0,corps,10.157154008823117,2.0159
6922,24,285,11.88,12.0,0,corps,10.1540762013347,1.7069
6923,16,197,12.31,8.4,0,corps,10.150999932365364,2.2466
6924,24,293,12.21,12.0,0,corps,10.147925201146041,2.7708
6925,10,98,9.80,5.8,0,corps,10.144852006908053,2.6491
6926,30,466,15.53,14.7,0,corps,10.141780348883099,1.4737
6927,22,291,13.23,11.1,0,corps,10.138710226303266,4.5386
6928,22,292,13.27,11.1,0,corps,10.135641638401015,1.5328
6929,40,507,12.68,19.1,0,corps,10.132574584409209,1.8354
6930,17,176,10.35,8.9,0,corps,10.129509063561084,3.0596
6931,17,218,12.82,8.9,0,corps,10.126445075090254,1.4064
6932,13,172,13.23,7.1,0,corps,10.123382618230723,3.9187
6933,36,402,11.17,17.3,0,corps,10.120321692216883,3.1944
6934,18,311,17.28,9.3,0,corps,10.117262296283494,2.0211
6935,23,350,15.22,11.6,0,corps,10.114204429665714,1.9717
6936,22,265,12.05,11.1,0,corps,10.11114809159907,1.9124
6937,9,90,10.00,5.3,0,corps,10.10809328131948,1.6476
6938,11,143,13.00,6.2,0,corps,10.105039998063248,2.2025
6939,16,181,11.31,8.4,0,corps,10.101988241067042,2.2105
6940,27,265,9.81,13.3,0,corps,10.098938009567929,2.3544
6941,5,30,6.00,3.6,0,corps,10.095889302803352,2.6722
6942,31,328,10.58,15.1,0,corps,10.092842120011131,2.3856
6943,19,268,14.11,9.8,0,corps,10.089796460429474,2.7538
6944,6,103,17.17,4.0,0,corps,10.08675232329696,1.4998
6945,37,408,11.03,17.8,0,corps,10.08370970785256,2.7537
6946,30,353,11.77,14.7,0,corps,10.080668613335622,1.8513
6947,20,219,10.95,10.2,0,corps,10.077629038985863,2.8209
6948,24,302,12.58,12.0,0,corps,10.074590984043398,4.4730
6949,18,248,13.78,9.3,0,corps,10.071554447748712,1.3889
6950,13,189,14.54,7.1,0,corps,10.068519429342668,3.0627
6951,22,325,14.77,11.1,0,corps,10.065485928066515,1.8841
6952,22,317,14.41,11.1,0,corps,10.062453943161874,1.6890
6953,18,233,12.94,9.3,0,corps,10.05942347387075,2.6905
6954,18,208,11.56,9.3,0,corps,10.056394519435527,2.7767
6955,25,248,9.92,12.4,0,corps,10.053367079098965,1.8168
6956,22,268,12.18,11.1,0,corps,10.050341152104203,3.7837
6957,28,367,13.11,13.8,0,corps,10.047316737694764,1.7060
6958,25,305,12.20,12.4,0,corps,10.044293835114537,1.9940
6959,7,92,13.14,4.4,0,corps,10.041272443607804,1.4154
6960,11,106,9.64,6.2,0,corps,10.038252562419212,6.0776
6961,25,299,11.96,12.4,0,corps,10.03523419079379,2.1525
6962,20,265,13.25,10.2,0,corps,10.03221732797695,1.2839
6963,18,218,12.11,9.3,0,corps,10.029201973214471,1.2973
6964,16,193,12.06,8.4,0,corps,10.026188125752517,4.6089
6965,34,397,11.68,16.4,0,corps,10.023175784837628,3.4495
6966,20,220,11.00,10.2,0,corps,10.020164949716715,2.0049
6967,30,411,13.70,14.7,0,corps,10.017155619637071,2.2802
6968,30,366,12.20,14.7,0,corps,10.014147793846362,2.4265
6969,13,137,10.54,7.1,0,corps,10.011141471592634,3.7597
6970,18,249,13.83,9.3,0,corps,10.008136652124307,3.2865
6971,31,443,14.29,15.1,0,corps,10.005133334690171,2.2681
6972,16,162,10.12,8.4,0,corps,10.0021315185394,2.5008
6973,18,195,10.83,9.3,0,corps,9.999131202921543,2.3692
6974,34,409,12.03,16.4,0,corps,9.996132387086515,2.3409
6975,18,226,12.56,9.3,0,corps,9.993135070284618,1.9762
6976,11,140,12.73,6.2,0,corps,9.990139251766518,2.7347
6977,28,448,16.00,13.8,0,corps,9.987144930783261,3.1467
6978,23,306,13.30,11.6,0,corps,9.98415210658627,1.9961
6979,24,441,18.38,12.0,0,corps,9.981160778427336,1.3146
6980,23,262,11.39,11.6,0,corps,9.978170945558626,1.8914
6981,9,91,10.11,5.3,0,corps,9.975182607232687,1.6324
6982,6,57,9.50,4.0,0,corps,9.97219576270243,2.2630
6983,25,302,12.08,12.4,0,corps,9.969210411221145,2.7713
6984,16,146,9.12,8.4,0,corps,9.966226552042489,4.2158
6985,17,165,9.71,8.9,0,corps,9.963244184420507,2.7646
6986,15,185,12.33,8.0,0,corps,9.960263307609603,2.5083
6987,23,386,16.78,11.6,0,corps,9.957283920864555,3.5154
6988,19,219,11.53,9.8,0,corps,9.954306023440514,2.1129
6989,23,283,12.30,11.6,0,corps,9.951329614593018,2.4240
6990,19,210,11.05,9.8,0,corps,9.94835469357795,2.0881
6991,30,458,15.27,14.7,0,corps,9.945381259651592,3.5278
6992,38,483,12.71,18.2,0,corps,9.942409312070575,1.3699
6993,16,136,8.50,8.4,0,corps,9.93943885009192,1.4310
6994,12,131,10.92,6.7,0,corps,9.936469872973008,4.0099
6995,14,120,8.57,7.6,0,corps,9.933502379971594,3.8703
6996,23,255,11.09,11.6,0,corps,9.930536370345806,1.6171
6997,13,130,10.00,7.1,0,corps,9.927571843354144,3.5943
6998,18,210,11.67,9.3,0,corps,9.924608798255468,1.8605
6999,29,448,15.45,14.2,0,corps,9.92164723430903,1.2908
7000,28,391,13.96,13.8,0,corps,9.918687150774426,2.1519
7001,28,310,11.07,13.8,0,corps,9.915728546911643,2.7336
7002,15,205,13.67,8.0,0,corps,9.912771421981025,1.5785
7003,33,381,11.55,16.0,0,corps,9.909815775243295,2.8335
7004,32,376,11.75,15.6,0,corps,9.906861605959541,2.8198
7005,27,328,12.15,13.3,0,corps,9.903908913391216,1.6790
7006,22,226,10.27,11.1,0,corps,9.900957696800154,3.1280
7007,10,126,12.60,5.8,0,corps,9.898007955448545,1.6021
7008,17,181,10.65,8.9,0,corps,9.895059688598954,3.1732
7009,18,224,12.44,9.3,0,corps,9.892112895514316,1.8784
7010,9,114,12.67,5.3,0,corps,9.889167575457936,1.9133
7011,22,281,12.77,11.1,0,corps,9.886223727693476,3.2280
7012,20,192,9.60,10.2,0,corps,9.883281351484982,2.2608
7013,28,394,14.07,13.8,0,corps,9.880340446096856,1.9097
7014,18,212,11.78,9.3,0,corps,9.877401010793871,4.9881
7015,5,55,11.00,3.6,0,corps,9.874463044841171,1.9864
7016,13,215,16.54,7.1,0,corps,9.871526547504262,1.6058
7017,30,354,11.80,14.7,0,corps,9.868591518049017,4.9834
7018,8,85,10.62,4.9,0,corps,9.865657955741689,8.5638
7019,18,233,12.94,9.3,0,corps,9.862725859848874,1.7204
7020,8,91,11.38,4.9,0,corps,9.859795229637559,1.4616
7021,35,380,10.86,16.9,0,corps,9.85686606437508,3.4311
7022,21,259,12.33,10.7,0,corps,9.853938363329146,3.7996
7023,28,293,10.46,13.8,0,corps,9.851012125767838,2.3827
7024,26,263,10.12,12.9,0,corps,9.848087350959586,1.9880
7025,21,231,11.00,10.7,0,corps,9.845164038173204,2.1456
7026,19,189,9.95,9.8,0,corps,9.842242186677867,3.2820
7027,24,310,12.92,12.0,0,corps,9.8393217957431,2.7140
7028,4,53,13.25,3.1,0,corps,9.836402864638819,1.5271
7029,8,62,7.75,4.9,0,corps,9.833485392635279,2.4557
7030,13,130,10.00,7.1,0,corps,9.830569379003117,2.1074
7031,20,224,11.20,10.2,0,corps,9.827654823013336,1.9950
7032,5,46,9.20,3.6,0,corps,9.824741723937287,1.8878
7033,21,201,9.57,10.7,0,corps,9.821830081046699,1.3357
7034,20,260,13.00,10.2,0,corps,9.818919893613664,2.6992
7035,31,388,12.52,15.1,0,corps,9.816011160910632,1.8837
7036,14,130,9.29,7.6,0,corps,9.81310388221042,1.7602
7037,12,157,13.08,6.7,0,corps,9.81019805678621,2.8456
7038,38,470,12.37,18.2,0,corps,9.807293683911542,2.3621
7039,30,351,11.70,14.7,0,corps,9.804390762860326,2.1901
7040,9,112,12.44,5.3,0,corps,9.801489292906831,3.6172
7041,15,210,14.00,8.0,0,corps,9.798589273325689,1.4311
7042,24,239,9.96,12.0,0,corps,9.795690703391898,3.4973
7043,13,158,12.15,7.1,0,corps,9.792793582380813,3.3704
7044,26,352,13.54,12.9,0,corps,9.789897909568152,1.6194
7045,9,84,9.33,5.3,0,corps,9.78700368423,4.9764
7046,20,256,12.80,10.2,0,corps,9.784110905642795,1.9015
7047,36,616,17.11,17.3,0,corps,9.781219573083352,2.5575
7048,12,102,8.50,6.7,0,corps,9.778329685828828,4.9373
7049,25,360,14.40,12.4,0,corps,9.775441243156758,1.7968
7050,27,338,12.52,13.3,0,corps,9.772554244345029,1.7671
7051,6,56,9.33,4.0,0,corps,9.76966868867189,1.7597
7052,21,249,11.86,10.7,0,corps,9.766784575415954,2.3078
7053,29,329,11.34,14.2,0,corps,9.76390190385619,3.3321
7054,21,264,12.57,10.7,0,corps,9.761020673271933,3.3905
7055,8,106,13.25,4.9,0,corps,9.758140882942879,2.3837
7056,12,164,13.67,6.7,0,corps,9.75526253214907,1.1732
7057,22,260,11.82,11.1,0,corps,9.752385620170925,1.9059
7058,23,237,10.30,11.6,0,corps,9.749510146289216,3.8992
7059,23,326,14.17,11.6,0,corps,9.746636109785072,2.4673
7060,12,179,14.92,6.7,0,corps,9.743763509939988,1.0919
7061,10,126,12.60,5.8,0,corps,9.740892346035809,1.5379
7062,13,160,12.31,7.1,0,corps,9.738022617354748,1.2950
7063,20,234,11.70,10.2,0,corps,9.735154323179371,3.5355
7064,8,100,12.50,4.9,0,corps,9.732287462792605,1.5818
7065,29,346,11.93,14.2,0,corps,9.729422035477732,2.1171
7066,20,256,12.80,10.2,0,corps,9.726558040518402,1.7391
7067,12,154,12.83,6.7,0,corps,9.723695477198607,1.1467
7068,15,167,11.13,8.0,0,corps,9.720834344802716,3.9764
7069,6,103,17.17,4.0,0,corps,9.717974642615438,1.1085
7070,23,355,15.43,11.6,0,corps,9.71511636992185,1.2401
7071,7,91,13.00,4.4,0,corps,9.712259526007387,1.1219
7072,32,417,13.03,15.6,0,corps,9.709404110157832,2.2905
7073,19,157,8.26,9.8,0,corps,9.706550121659335,3.2517
7074,17,177,10.41,8.9,0,corps,9.7036975597984,2.5058
7075,25,302,12.08,12.4,0,corps,9.700846423861883,1.5468
7076,13,150,11.54,7.1,0,corps,9.697996713137002,1.4898
7077,20,255,12.75,10.2,0,corps,9.695148426911329,1.7390
7078,14,154,11.00,7.6,0,corps,9.692301564472793,5.1273
7079,19,298,15.68,9.8,0,corps,9.689456125109677,1.6126
7080,14,207,14.79,7.6,0,corps,9.686612108110623,3.3847
7081,24,255,10.62,12.0,0,corps,9.683769512764623,1.4606
7082,17,227,13.35,8.9,0,corps,9.680928338361035,1.7996
7083,24,297,12.38,12.0,0,corps,9.678088584189558,2.8366
7084,21,229,10.90,10.7,0,corps,9.675250249540259,3.3857
7085,12,136,11.33,6.7,0,corps,9.67241333370355,1.6200
7086,24,252,10.50,12.0,0,corps,9.669577835970204,1.9061
7087,6,84,14.00,4.0,0,corps,9.666743755631348,0.9783
7088,26,378,14.54,12.9,0,corps,9.663911091978457,1.9543
7089,18,255,14.17,9.3,0,corps,9.661079844303371,2.8732
7090,12,178,14.83,6.7,0,corps,9.658250011898277,2.3503
7091,30,340,11.33,14.7,0,corps,9.655421594055714,2.1758
7092,20,234,11.70,10.2,0,corps,9.65259459006858,1.3706
7093,10,95,9.50,5.8,0,corps,9.649768999230119,3.1669
7094,17,187,11.00,8.9,0,corps,9.64694482083394,1.3578
7095,23,238,10.35,11.6,0,corps,9.644122054173998,2.6251
7096,22,324,14.73,11.1,0,corps,9.641300698544594,2.1271
7097,25,343,13.72,12.4,0,corps,9.638480753240398,2.5744
7098,16,158,9.88,8.4,0,corps,9.635662217556417,3.1850
7099,34,414,12.18,16.4,0,corps,9.632845090788022,2.4814
7100,18,263,14.61,9.3,0,corps,9.63002937223093,1.1457
7101,18,318,17.67,9.3,0,corps,9.627215061181206,5.0651
7102,23,309,13.43,11.6,0,corps,9.624402156935279,3.0905
7103,30,378,12.60,14.7,0,corps,9.621590658789922,2.8603
7104,23,292,12.70,11.6,0,corps,9.618780566042256,2.1907
7105,22,242,11.00,11.1,0,corps,9.615971877989763,3.2520
7106,25,268,10.72,12.4,0,corps,9.613164593930268,1.7065
7107,20,207,10.35,10.2,0,corps,9.61035871316195,2.9164
7108,8,71,8.88,4.9,0,corps,9.607554234983343,4.4460
7109,11,105,9.55,6.2,0,corps,9.60475115869332,1.3787
7110,27,290,10.74,13.3,0,corps,9.601949483591115,1.4881
7111,15,157,10.47,8.0,0,corps,9.599149208976316,3.3556
7112,16,214,13.38,8.4,0,corps,9.596350334148843,2.5165
7113,8,108,13.50,4.9,0,corps,9.593552858408982,1.2058
7114,21,297,14.14,10.7,0,corps,9.590756781057369,2.1151
7115,28,307,10.96,13.8,0,corps,9.587962101394979,1.7373
7116,33,383,11.61,16.0,0,corps,9.585168818723142,2.4411
7117,32,498,15.56,15.6,0,corps,9.58237693234354,4.2002
7118,14,164,11.71,7.6,0,corps,9.579586441558199,2.1661
7119,24,400,16.67,12.0,0,corps,9.5767973456695,1.0901
7120,16,165,10.31,8.4,0,corps,9.574009643980164,3.5030
7121,22,283,12.86,11.1,0,corps,9.571223335793267,1.2366
7122,33,367,11.12,16.0,0,corps,9.568438420412235,2.5391
7123,20,247,12.35,10.2,0,corps,9.565654897140838,2.1303
7124,21,302,14.38,10.7,0,corps,9.562872765283194,1.7330
7125,16,192,12.00,8.4,0,corps,9.560092024143769,3.4519
7126,12,155,12.92,6.7,0,corps,9.557312673027377,2.0689
7127,15,206,13.73,8.0,0,corps,9.554534711239187,1.8334
7128,9,149,16.56,5.3,0,corps,9.5517581380847,3.0456
7129,41,557,13.59,19.6,0,corps,9.54898295286978,3.2613
7130,20,261,13.05,10.2,0,corps,9.546209154900623,1.9619
7131,21,250,11.90,10.7,0,corps,9.543436743483785,2.1177
7132,32,432,13.50,15.6,0,corps,9.540665717926164,1.7028
7133,25,356,14.24,12.4,0,corps,9.537896077534999,1.9065
7134,10,123,12.30,5.8,0,corps,9.53512782161788,3.2432
7135,20,330,16.50,10.2,0,corps,9.53236094948275,1.6465
7136,19,257,13.53,9.8,0,corps,9.529595460437884,1.5794
7137,22,252,11.45,11.1,0,corps,9.526831353791913,1.5501
7138,26,294,11.31,12.9,0,corps,9.524068628853808,2.9187
7139,20,236,11.80,10.2,0,corps,9.521307284932888,3.6306
7140,46,720,15.65,21.8,0,corps,9.518547321338822,2.7553
7141,25,292,11.68,12.4,0,corps,9.51578873738161,2.0193
7142,22,273,12.41,11.1,0,corps,9.513031532371613,3.1732
7143,8,72,9.00,4.9,0,corps,9.510275705619529,2.4701
7144,10,124,12.40,5.8,0,corps,9.5075212564364,1.4641
7145,29,325,11.21,14.2,0,corps,9.504768184133614,3.2067
7146,18,177,9.83,9.3,0,corps,9.502016488022901,3.3526
7147,22,297,13.50,11.1,0,corps,9.499266167416339,1.7256
7148,23,226,9.83,11.6,0,corps,9.49651722162635,3.1418
7149,45,742,16.49,21.3,0,corps,9.493769649965692,1.8363
7150,13,192,14.77,7.1,0,corps,9.491023451747473,3.3821
7151,11,173,15.73,6.2,0,corps,9.488278626285151,1.2434
7152,13,140,10.77,7.1,0,corps,9.485535172892511,2.7231
7153,29,365,12.59,14.2,0,corps,9.482793090883696,2.9610
7154,15,245,16.33,8.0,0,corps,9.480052379573179,1.1167
7155,22,303,13.77,11.1,0,corps,9.477313038275787,3.5440
7156,15,178,11.87,8.0,0,corps,9.47457506630668,2.9527
7157,6,63,10.50,4.0,0,corps,9.471838462981372,1.2867
7158,19,241,12.68,9.8,0,corps,9.469103227615705,1.3348
7159,29,387,13.34,14.2,0,corps,9.466369359525878,1.7651
7160,17,227,13.35,8.9,0,corps,9.463636858028416,2.6717
7161,11,121,11.00,6.2,0,corps,9.460905722440199,1.0915
7162,33,473,14.33,16.0,0,corps,9.458175952078438,2.7858
7163,29,323,11.14,14.2,0,corps,9.455447546260693,2.3544
7164,30,418,13.93,14.7,0,corps,9.452720504304867,2.8431
7165,21,232,11.05,10.7,0,corps,9.449994825529192,2.5527
7166,40,575,14.38,19.1,0,corps,9.447270509252254,2.4952
7167,21,256,12.19,10.7,0,corps,9.444547554792972,1.4402
7168,13,164,12.62,7.1,0,corps,9.441825961470604,1.3700
7169,14,143,10.21,7.6,0,corps,9.439105728604758,1.4905
7170,16,175,10.94,8.4,0,corps,9.436386855515371,3.3685
7171,3,49,16.33,2.7,0,corps,9.433669341522725,1.2571
7172,14,168,12.00,7.6,0,corps,9.430953185947446,1.7577
7173,15,149,9.93,8.0,0,corps,9.428238388110488,1.4869
7174,19,264,13.89,9.8,0,corps,9.425524947333159,1.3686
7175,16,234,14.62,8.4,0,corps,9.422812862937095,3.6668
7176,29,310,10.69,14.2,0,corps,9.42010213424427,3.2559
7177,14,177,12.64,7.6,0,corps,9.417392760577012,3.1563
7178,18,261,14.50,9.3,0,corps,9.41468474125797,2.4368
7179,14,253,18.07,7.6,0,corps,9.41197807561014,1.7195
7180,25,316,12.64,12.4,0,corps,9.40927276295686,1.6905
7181,23,286,12.43,11.6,0,corps,9.406568802621798,2.7035
7182,15,209,13.93,8.0,0,corps,9.403866193928964,1.6319
7183,19,274,14.42,9.8,0,corps,9.401164936202708,1.4081
7184,21,202,9.62,10.7,0,corps,9.398465028767713,2.7943
7185,24,289,12.04,12.0,0,corps,9.395766470949004,1.9713
7186,23,259,11.26,11.6,0,corps,9.39306926207194,1.5862
7187,11,118,10.73,6.2,0,corps,9.39037340146222,1.7814
7188,14,187,13.36,7.6,0,corps,9.38767888844588,1.4037
7189,29,389,13.41,14.2,0,corps,9.384985722349287,1.9844
7190,21,268,12.76,10.7,0,corps,9.382293902499155,1.6048
7191,6,92,15.33,4.0,0,corps,9.379603428222527,1.2841
7192,31,411,13.26,15.1,0,corps,9.376914298846781,1.9833
7193,12,156,13.00,6.7,0,corps,9.374226513699643,3.7380
7194,11,141,12.82,6.2,0,corps,9.371540072109157,1.0643
7195,24,266,11.08,12.0,0,corps,9.368854973403717,2.4645
7196,20,308,15.40,10.2,0,corps,9.366171216912052,2.2552
7197,24,459,19.12,12.0,0,corps,9.363488801963216,2.2929
7198,19,267,14.05,9.8,0,corps,9.360807727886607,2.1283
7199,30,425,14.17,14.7,0,corps,9.358127994011962,2.6123
7200,21,271,12.90,10.7,0,corps,9.355449599669342,2.9545
7201,10,155,15.50,5.8,0,corps,9.35277254418915,0.9462
7202,19,261,13.74,9.8,0,corps,9.35009682690212,1.8573
7203,24,309,12.88,12.0,0,corps,9.347422447139325,2.9261
7204,24,264,11.00,12.0,0,corps,9.344749404232171,1.6338
7205,4,42,10.50,3.1,0,corps,9.342077697512396,1.5261
7206,14,166,11.86,7.6,0,corps,9.339407326312072,2.7084
7207,18,251,13.94,9.3,0,corps,9.336738289963609,2.2890
7208,25,326,13.04,12.4,0,corps,9.334070587799745,3.0293
7209,16,246,15.38,8.4,0,corps,9.331404219153558,2.1967
7210,19,262,13.79,9.8,0,corps,9.32873918335845,1.4662
7211,24,333,13.88,12.0,0,corps,9.326075479748166,1.6725
7212,17,215,12.65,8.9,0,corps,9.323413107656783,1.2004
7213,16,257,16.06,8.4,0,corps,9.3207520664187,2.8979
7214,14,216,15.43,7.6,0,corps,9.318092355368664,0.9303
7215,24,313,13.04,12.0,0,corps,9.315433973841747,1.6741
7216,30,401,13.37,14.7,0,corps,9.312776921173347,1.7516
7217,16,200,12.50,8.4,0,corps,9.310121196699209,2.2244
7218,34,434,12.76,16.4,0,corps,9.307466799755392,1.6689
7219,25,296,11.84,12.4,0,corps,9.304813729678306,2.5326
7220,17,195,11.47,8.9,0,corps,9.302161985804682,2.6123
7221,25,359,14.36,12.4,0,corps,9.299511567471578,1.2604
7222,21,240,11.43,10.7,0,corps,9.296862474016395,1.0916
7223,27,352,13.04,13.3,0,corps,9.29421470477686,2.5059
7224,7,69,9.86,4.4,0,corps,9.291568259091026,7.3246
7225,24,374,15.58,12.0,0,corps,9.288923136297287,2.2329
7226,21,240,11.43,10.7,0,corps,9.286279335734356,1.2537
7227,30,352,11.73,14.7,0,corps,9.283636856741289,3.8966
7228,10,113,11.30,5.8,0,corps,9.280995698657465,3.3144
7229,31,478,15.42,15.1,0,corps,9.278355860822591,1.5563
7230,22,287,13.05,11.1,0,corps,9.27571734257671,2.2194
7231,17,194,11.41,8.9,0,corps,9.273080143260193,1.2209
7232,19,206,10.84,9.8,0,corps,9.27044426221374,1.3248
7233,15,165,11.00,8.0,0,corps,9.267809698778379,4.0133
7234,17,214,12.59,8.9,0,corps,9.265176452295467,3.7288
7235,22,294,13.36,11.1,0,corps,9.2625445221067,3.1417
7236,15,234,15.60,8.0,0,corps,9.25991390755409,0.9652
7237,33,485,14.70,16.0,0,corps,9.257284607979981,1.3143
7238,16,180,11.25,8.4,0,corps,9.254656622727055,2.9666
7239,24,289,12.04,12.0,0,corps,9.252029951138312,2.0935
7240,27,279,10.33,13.3,0,corps,9.249404592557083,1.5573
7241,19,196,10.32,9.8,0,corps,9.24678054632703,2.7626
7242,43,573,13.33,20.4,0,corps,9.244157811792139,3.3612
7243,23,351,15.26,11.6,0,corps,9.24153638829673,2.4338
7244,18,241,13.39,9.3,0,corps,9.238916275185446,2.7381
7245,5,60,12.00,3.6,0,corps,9.236297471803256,1.3061
7246,21,265,12.62,10.7,0,corps,9.233679977495463,2.4410
7247,22,270,12.27,11.1,0,corps,9.231063791607692,2.8369
7248,6,74,12.33,4.0,0,corps,9.228448913485893,1.3806
7249,33,443,13.42,16.0,0,corps,9.225835342476355,2.0855
7250,3,42,14.00,2.7,0,corps,9.223223077925674,1.2747
7251,6,58,9.67,4.0,0,corps,9.220612119180792,1.4833
7252,20,230,11.50,10.2,0,corps,9.21800246558897,2.0846
7253,32,407,12.72,15.6,0,corps,9.215394116497787,2.1924
7254,5,45,9.00,3.6,0,corps,9.212787071255164,2.2546
7255,27,226,8.37,13.3,0,corps,9.210181329209332,2.0286
7256,32,386,12.06,15.6,0,corps,9.207576889708863,2.8332
7257,23,275,11.96,11.6,0,corps,9.204973752102644,2.4630
7258,23,366,15.91,11.6,0,corps,9.202371915739887,1.4440
7259,17,225,13.24,8.9,0,corps,9.199771379970135,1.4006
7260,23,230,10.00,11.6,0,corps,9.19717214414326,1.5844
7261,17,165,9.71,8.9,0,corps,9.194574207609444,1.8843
7262,25,280,11.20,12.4,0,corps,9.19197756971921,2.9764
7263,38,511,13.45,18.2,0,corps,9.189382229823392,1.7116
7264,25,311,12.44,12.4,0,corps,9.18678818727316,2.0026
7265,25,349,13.96,12.4,0,corps,9.184195441420004,1.6154
7266,16,236,14.75,8.4,0,corps,9.181603991615733,2.7825
7267,19,250,13.16,9.8,0,corps,9.179013837212487,1.0837
7268,28,348,12.43,13.8,0,corps,9.176424977562728,2.6460
7269,13,147,11.31,7.1,0,corps,9.173837412019239,1.6922
7270,26,354,13.62,12.9,0,corps,9.171251139935134,1.8233
7271,19,201,10.58,9.8,0,corps,9.168666160663836,2.0765
7272,13,167,12.85,7.1,0,corps,9.166082473559106,2.8517
7273,9,115,12.78,5.3,0,corps,9.163500077975026,1.4076
7274,4,37,9.25,3.1,0,corps,9.160918973265987,1.9304
7275,20,265,13.25,10.2,0,corps,9.158339158786719,2.1105
7276,14,165,11.79,7.6,0,corps,9.155760633892271,2.6246
7277,14,135,9.64,7.6,0,corps,9.153183397938003,1.7828
7278,14,172,12.29,7.6,0,corps,9.150607450279615,3.2497
7279,7,100,14.29,4.4,0,corps,9.148032790273117,1.2434
7280,27,281,10.41,13.3,0,corps,9.14545941727484,1.3708
7281,28,357,12.75,13.8,0,corps,9.142887330641447,2.1687
7282,7,85,12.14,4.4,0,corps,9.140316529729912,1.1653
7283,20,298,14.90,10.2,0,corps,9.137747013897537,2.8837
7284,19,179,9.42,9.8,0,corps,9.135178782501944,5.6422
7285,18,262,14.56,9.3,0,corps,9.13261183490107,2.1093
7286,6,78,13.00,4.0,0,corps,9.130046170453184,5.5560
7287,12,199,16.58,6.7,0,corps,9.127481788516864,1.0844
7288,24,304,12.67,12.0,0,corps,9.12491868845102,1.9419
7289,29,412,14.21,14.2,0,corps,9.122356869614876,1.8296
7290,29,331,11.41,14.2,0,corps,9.119796331367974,2.4692
7291,34,455,13.38,16.4,0,corps,9.11723707307018,1.9863
7292,13,106,8.15,7.1,0,corps,9.114679094081685,2.7410
7293,8,93,11.62,4.9,0,corps,9.11212239376299,1.5039
7294,13,124,9.54,7.1,0,corps,9.10956697147492,3.3703
7295,15,193,12.87,8.0,0,corps,9.107012826578615,1.3386
7296,34,313,9.21,16.4,0,corps,9.104459958435546,3.4088
7297,20,293,14.65,10.2,0,corps,9.101908366407494,2.1967
7298,47,707,15.04,22.2,0,corps,9.09935804985656,3.4210
7299,18,209,11.61,9.3,0,corps,9.096809008145163,2.6086
7300,21,367,17.48,10.7,0,corps,9.094261240636047,1.3337
7301,28,425,15.18,13.8,0,corps,9.091714746692267,2.3985
7302,12,147,12.25,6.7,0,corps,9.089169525677201,3.0376
7303,7,65,9.29,4.4,0,corps,9.08662557695454,6.5382
7304,14,166,11.86,7.6,0,corps,9.084082899888301,1.7558
7305,17,249,14.65,8.9,0,corps,9.081541493842817,1.5296
7306,22,331,15.05,11.1,0,corps,9.079001358182728,2.3282
7307,34,441,12.97,16.4,0,corps,9.076462492273007,2.5321
7308,11,131,11.91,6.2,0,corps,9.073924895478939,1.4787
7309,23,285,12.39,11.6,0,corps,9.071388567166116,1.2635
7310,15,193,12.87,8.0,0,corps,9.068853506700464,2.4918
7311,13,164,12.62,7.1,0,corps,9.066319713448214,4.3754
7312,18,225,12.50,9.3,0,corps,9.063787186775919,3.2437
7313,21,289,13.76,10.7,0,corps,9.061255926050446,1.5748
7314,9,65,7.22,5.3,0,corps,9.058725930638982,9.1884
7315,17,236,13.88,8.9,0,corps,9.056197199909025,2.5389
7316,26,318,12.23,12.9,0,corps,9.0536697332284,1.6602
7317,24,324,13.50,12.0,0,corps,9.051143529965227,1.6463
7318,22,264,12.00,11.1,0,corps,9.048618589487969,2.4789
7319,22,256,11.64,11.1,0,corps,9.046094911165381,1.8348
7320,13,157,12.08,7.1,0,corps,9.043572494366547,3.6267
7321,14,175,12.50,7.6,0,corps,9.041051338460868,2.9751
7322,20,226,11.30,10.2,0,corps,9.038531442818044,1.5478
7323,8,74,9.25,4.9,0,corps,9.036012806808108,1.7977
7324,14,164,11.71,7.6,0,corps,9.033495429801402,1.1668
7325,29,298,10.28,14.2,0,corps,9.03097931116858,5.8338
7326,17,214,12.59,8.9,0,corps,9.02846445028061,1.5552
7327,22,253,11.50,11.1,0,corps,9.02595084650878,2.7694
7328,29,343,11.83,14.2,0,corps,9.023438499224687,2.9016
7329,22,313,14.23,11.1,0,corps,9.020927407800244,2.4790
7330,6,80,13.33,4.0,0,corps,9.018417571607682,1.2165
7331,21,294,14.00,10.7,0,corps,9.015908990019536,2.7312
7332,21,175,8.33,10.7,0,corps,9.013401662408665,3.4624
7333,16,237,14.81,8.4,0,corps,9.010895588148236,3.1954
7334,29,385,13.28,14.2,0,corps,9.00839076661173,2.3640
7335,17,190,11.18,8.9,0,corps,9.00588719717294,3.7542
7336,16,182,11.38,8.4,0,corps,9.003384879205978,3.2579
7337,21,285,13.57,10.7,0,corps,9.000883812085261,1.8709
7338,18,272,15.11,9.3,0,corps,8.998383995185524,2.1603
7339,30,407,13.57,14.7,0,corps,8.995885427881808,1.9185
7340,18,239,13.28,9.3,0,corps,8.99338810954948,1.9582
7341,24,223,9.29,12.0,0,corps,8.990892039564201,2.6392
7342,22,241,10.95,11.1,0,corps,8.988397217301962,2.6089
7343,25,326,13.04,12.4,0,corps,8.985903642139052,3.2710
7344,25,280,11.20,12.4,0,corps,8.983411313452075,6.9773
7345,28,333,11.89,13.8,0,corps,8.980920230617956,2.1694
7346,38,523,13.76,18.2,0,corps,8.97843039301392,3.8112
7347,10,85,8.50,5.8,0,corps,8.975941800017505,6.0293
7348,20,205,10.25,10.2,0,corps,8.973454451006571,3.4316
7349,24,259,10.79,12.0,0,corps,8.970968345359273,4.3163
7350,20,222,11.10,10.2,0,corps,8.96848348245409,4.1110
7351,30,418,13.93,14.7,0,corps,8.965999861669799,3.2869
7352,19,227,11.95,9.8,0,corps,8.963517482385502,1.6735
7353,10,77,7.70,5.8,0,corps,8.961036343980602,5.4403
7354,12,137,11.42,6.7,0,corps,8.958556445834812,3.6006
7355,7,88,12.57,4.4,0,corps,8.956077787328159,1.2581
7356,26,351,13.50,12.9,0,corps,8.95360036784098,3.3374
7357,26,365,14.04,12.9,0,corps,8.951124186753917,2.6670
7358,26,309,11.88,12.9,0,corps,8.94864924344793,2.9044
7359,16,193,12.06,8.4,0,corps,8.946175537304276,2.0374
7360,22,282,12.82,11.1,0,corps,8.943703067704533,1.6212
7361,16,207,12.94,8.4,0,corps,8.941231834030585,1.9481
7362,28,374,13.36,13.8,0,corps,8.938761835664618,3.1187
7363,14,163,11.64,7.6,0,corps,8.936293071989137,1.5956
7364,21,265,12.62,10.7,0,corps,8.93382554238695,1.4953
7365,16,148,9.25,8.4,0,corps,8.931359246241174,3.7782
7366,32,367,11.47,15.6,0,corps,8.928894182935238,4.0195
7367,17,183,10.76,8.9,0,corps,8.926430351852868,2.7328
7368,4,40,10.00,3.1,0,corps,8.923967752378115,1.6935
7369,9,103,11.44,5.3,0,corps,8.921506383895327,1.8585
7370,17,186,10.94,8.9,0,corps,8.919046245789158,3.8776
7371,17,189,11.12,8.9,0,corps,8.916587337444575,2.4744
7372,21,253,12.05,10.7,0,corps,8.914129658246855,1.9278
7373,18,185,10.28,9.3,0,corps,8.911673207581575,3.5245
7374,15,143,9.53,8.0,0,corps,8.909217984834623,3.5852
7375,30,329,10.97,14.7,0,corps,8.90676398939219,3.8510
7376,31,376,12.13,15.1,0,corps,8.904311220640778,1.8607
7377,10,116,11.60,5.8,0,corps,8.901859677967202,1.2732
7378,20,218,10.90,10.2,0,corps,8.899409360758568,4.5527
7379,33,457,13.85,16.0,0,corps,8.896960268402301,3.6117
7380,24,350,14.58,12.0,0,corps,8.894512400286125,2.1747
7381,26,382,14.69,12.9,0,corps,8.892065755798075,2.3829
7382,23,232,10.09,11.6,0,corps,8.889620334326493,1.7210
7383,17,234,13.76,8.9,0,corps,8.887176135260017,1.4707
7384,27,292,10.81,13.3,0,corps,8.884733157987599,2.3646
7385,24,308,12.83,12.0,0,corps,8.882291401898499,2.8570
7386,20,248,12.40,10.2,0,corps,8.879850866382272,2.9541
7387,21,235,11.19,10.7,0,corps,8.87741155082879,2.9354
7388,29,341,11.76,14.2,0,corps,8.874973454628218,1.8902
7389,10,100,10.00,5.8,0,corps,8.872536577171036,4.9848
7390,27,345,12.78,13.3,0,corps,8.870100917848026,2.5348
7391,25,314,12.56,12.4,0,corps,8.867666476050267,2.2926
7392,32,472,14.75,15.6,0,corps,8.865233251169153,2.0555
7393,32,449,14.03,15.6,0,corps,8.862801242596381,2.4304
7394,24,330,13.75,12.0,0,corps,8.860370449723941,1.7567
7395,15,183,12.20,8.0,0,corps,8.857940871944143,2.7578
7396,14,123,8.79,7.6,0,corps,8.855512508649584,1.9150
7397,29,323,11.14,14.2,0,corps,8.853085359233178,1.9205
7398,33,469,14.21,16.0,0,corps,8.850659423088139,2.1420
7399,16,210,13.12,8.4,0,corps,8.848234699607978,2.2331
7400,14,199,14.21,7.6,0,corps,8.84581118818652,3.2589
7401,25,232,9.28,12.4,0,corps,8.843388888217884,2.4081
7402,25,292,11.68,12.4,0,corps,8.840967799096495,1.7552
7403,20,259,12.95,10.2,0,corps,8.838547920217083,1.9272
7404,27,375,13.89,13.3,0,corps,8.836129250974672,1.8403
7405,31,388,12.52,15.1,0,corps,8.833711790764601,1.5407
7406,30,273,9.10,14.7,0,corps,8.831295538982504,2.9201
7407,19,280,14.74,9.8,0,corps,8.828880495024313,1.6492
7408,24,277,11.54,12.0,0,corps,8.826466658286275,1.5380
7409,33,401,12.15,16.0,0,corps,8.824054028164925,1.9590
7410,16,238,14.88,8.4,0,corps,8.821642604057107,2.7821
7411,32,424,13.25,15.6,0,corps,8.819232385359967,1.9209
7412,30,356,11.87,14.7,0,corps,8.816823371470948,2.5006
7413,21,242,11.52,10.7,0,corps,8.814415561787795,2.7084
7414,27,328,12.15,13.3,0,corps,8.812008955708558,3.1130
7415,21,238,11.33,10.7,0,corps,8.809603552631586,2.1107
7416,19,255,13.42,9.8,0,corps,8.807199351955525,2.0668
7417,8,119,14.88,4.9,0,corps,8.80479635307933,2.5413
7418,17,203,11.94,8.9,0,corps,8.802394555402246,1.7020
7419,20,236,11.80,10.2,0,corps,8.79999395832383,1.9930
7420,26,317,12.19,12.9,0,corps,8.797594561243924,1.5578
7421,26,319,12.27,12.9,0,corps,8.795196363562683,2.0122
7422,10,92,9.20,5.8,0,corps,8.792799364680562,1.5466
7423,35,424,12.11,16.9,0,corps,8.790403563998304,3.1822
7424,19,245,12.89,9.8,0,corps,8.788008960916963,3.5829
7425,25,304,12.16,12.4,0,corps,8.785615554837886,4.1697
7426,26,268,10.31,12.9,0,corps,8.783223345162725,3.1170
7427,11,148,13.45,6.2,0,corps,8.780832331293423,1.2883
7428,11,139,12.64,6.2,0,corps,8.778442512632228,1.4095
7429,14,182,13.00,7.6,0,corps,8.776053888581687,1.4611
7430,9,140,15.56,5.3,0,corps,8.773666458544646,1.1005
7431,18,181,10.06,9.3,0,corps,8.771280221924242,2.3044
7432,22,266,12.09,11.1,0,corps,8.768895178123918,2.6049
7433,29,349,12.03,14.2,0,corps,8.766511326547413,4.7286
7434,39,438,11.23,18.7,0,corps,8.764128666598765,2.0762
7435,15,240,16.00,8.0,0,corps,8.76174719768231,2.1560
7436,25,294,11.76,12.4,0,corps,8.759366919202677,1.9751
7437,18,236,13.11,9.3,0,corps,8.7569878305648,2.0683
7438,27,351,13.00,13.3,0,corps,8.754609931173905,2.2990
7439,43,594,13.81,20.4,0,corps,8.752233220435517,3.7872
7440,20,264,13.20,10.2,0,corps,8.74985769775546,3.1802
7441,11,202,18.36,6.2,0,corps,8.747483362539851,2.1247
7442,25,366,14.64,12.4,0,corps,8.745110214195106,2.1838
7443,25,381,15.24,12.4,0,corps,8.742738252127943,1.5347
7444,24,325,13.54,12.0,0,corps,8.740367475745366,1.5158
7445,16,261,16.31,8.4,0,corps,8.737997884454682,2.3742
7446,32,407,12.72,15.6,0,corps,8.735629477663496,2.0581
7447,24,336,14.00,12.0,0,corps,8.7332622547797,2.7243
7448,25,369,14.76,12.4,0,corps,8.730896215211494,1.1770
7449,10,131,13.10,5.8,0,corps,8.72853135836737,3.1638
7450,27,410,15.19,13.3,0,corps,8.726167683656104,1.5133
7451,38,622,16.37,18.2,0,corps,8.72380519048679,2.8247
7452,17,191,11.24,8.9,0,corps,8.721443878268795,1.3776
7453,30,406,13.53,14.7,0,corps,8.719083746411794,1.8067
7454,16,225,14.06,8.4,0,corps,8.716724794325753,1.2177
7455,21,317,15.10,10.7,0,corps,8.714367021420937,2.1969
7456,34,503,14.79,16.4,0,corps,8.7120104271079,1.6975
7457,20,228,11.40,10.2,0,corps,8.709655010797496,1.7950
7458,3,62,20.67,2.7,0,corps,8.707300771900867,0.9514
7459,15,187,12.47,8.0,0,corps,8.704947709829458,2.8647
7460,26,449,17.27,12.9,0,corps,8.702595823994999,1.7879
7461,10,131,13.10,5.8,0,corps,8.700245113809519,2.0574
7462,19,261,13.74,9.8,0,corps,8.697895578685348,2.4413
7463,11,114,10.36,6.2,0,corps,8.69554721803509,1.2453
7464,16,292,18.25,8.4,0,corps,8.693200031271662,1.2816
7465,11,100,9.09,6.2,0,corps,8.690854017808268,3.8482
7466,16,270,16.88,8.4,0,corps,8.688509177058402,2.0338
7467,20,220,11.00,10.2,0,corps,8.686165508435856,2.0949
7468,29,356,12.28,14.2,0,corps,8.68382301135471,1.5030
7469,30,310,10.33,14.7,0,corps,8.68148168522934,3.1805
7470,23,300,13.04,11.6,0,corps,8.679141529474418,2.7698
7471,23,309,13.43,11.6,0,corps,8.676802543504902,1.8338
7472,12,134,11.17,6.7,0,corps,8.674464726736044,1.8421
7473,23,274,11.91,11.6,0,corps,8.672128078583397,2.4441
7474,25,330,13.20,12.4,0,corps,8.66979259846279,2.2600
7475,16,230,14.38,8.4,0,corps,8.66745828579036,2.1031
7476,20,207,10.35,10.2,0,corps,8.665125139982525,3.3375
7477,31,370,11.94,15.1,0,corps,8.662793160455994,2.3854
7478,15,231,15.40,8.0,0,corps,8.660462346627785,3.1505
7479,21,227,10.81,10.7,0,corps,8.658132697915184,1.8300
7480,33,391,11.85,16.0,0,corps,8.65580421373578,1.7535
7481,28,354,12.64,13.8,0,corps,8.653476893507456,1.9207
7482,16,221,13.81,8.4,0,corps,8.651150736648377,2.9988
7483,6,49,8.17,4.0,0,corps,8.64882574257701,1.7532
7484,14,134,9.57,7.6,0,corps,8.6465019107121,4.0772
7485,25,326,13.04,12.4,0,corps,8.64417924047269,3.0574
7486,7,130,18.57,4.4,0,corps,8.64185773127812,2.4967
7487,15,201,13.40,8.0,0,corps,8.639537382548003,2.3033
7488,22,272,12.36,11.1,0,corps,8.637218193702257,2.0716
7489,12,97,8.08,6.7,0,corps,8.634900164161085,5.3863
7490,25,308,12.32,12.4,0,corps,8.632583293344975,3.7336
7491,21,276,13.14,10.7,0,corps,8.630267580674717,2.6015
7492,24,351,14.62,12.0,0,corps,8.627953025571372,2.0344
7493,6,81,13.50,4.0,0,corps,8.62563962745631,1.4024
7494,16,183,11.44,8.4,0,corps,8.623327385751182,3.6576
7495,27,332,12.30,13.3,0,corps,8.621016299877923,2.6291
7496,27,462,17.11,13.3,0,corps,8.61870636925876,4.3601
7497,5,62,12.40,3.6,0,corps,8.616397593316217,1.1772
7498,26,317,12.19,12.9,0,corps,8.614089971473096,1.9317
7499,6,97,16.17,4.0,0,corps,8.611783503152491,1.1462
7500,16,191,11.94,8.4,0,corps,8.609478187777786,3.2711
7501,19,246,12.95,9.8,0,corps,8.60717402477265,2.4574
7502,15,184,12.27,8.0,0,corps,8.604871013561047,2.0185
7503,23,398,17.30,11.6,0,corps,8.602569153567218,2.3013
7504,21,284,13.52,10.7,0,corps,8.600268444215708,1.5760
7505,17,213,12.53,8.9,0,corps,8.597968884931326,1.2756
7506,35,417,11.91,16.9,0,corps,8.595670475139192,1.5374
7507,17,191,11.24,8.9,0,corps,8.593373214264702,1.5481
7508,24,278,11.58,12.0,0,corps,8.591077101733537,2.2862
7509,18,203,11.28,9.3,0,corps,8.588782136971671,3.8838
7510,14,177,12.64,7.6,0,corps,8.586488319405367,2.0488
7511,14,211,15.07,7.6,0,corps,8.584195648461163,1.1148
7512,30,349,11.63,14.7,0,corps,8.581904123565899,2.6800
7513,28,360,12.86,13.8,0,corps,8.579613744146686,2.5187
7514,14,136,9.71,7.6,0,corps,8.577324509630932,3.7561
7515,19,291,15.32,9.8,0,corps,8.575036419446333,2.6797
7516,22,247,11.23,11.1,0,corps,8.57274947302086,2.1083
7517,6,98,16.33,4.0,0,corps,8.570463669782779,4.4695
7518,25,335,13.40,12.4,0,corps,8.568179009160643,2.0033
7519,13,131,10.08,7.1,0,corps,8.565895490583278,5.5703
7520,36,560,15.56,17.3,0,corps,8.563613113479814,2.2621
7521,40,523,13.07,19.1,0,corps,8.561331877279649,2.2347
7522,19,260,13.68,9.8,0,corps,8.559051781412478,3.0818
7523,27,366,13.56,13.3,0,corps,8.556772825308276,1.2594
7524,12,128,10.67,6.7,0,corps,8.554495008397303,2.8478
7525,17,220,12.94,8.9,0,corps,8.552218330110106,1.2666
7526,28,413,14.75,13.8,0,corps,8.549942789877518,3.9910
7527,21,282,13.43,10.7,0,corps,8.54766838713065,2.1581
7528,2,25,12.50,2.2,0,corps,8.545395121300903,1.2663
7529,16,220,13.75,8.4,0,corps,8.543122991819956,2.1816
7530,27,322,11.93,13.3,0,corps,8.540851998119784,3.7659
7531,21,245,11.67,10.7,0,corps,8.538582139632636,2.0210
7532,15,178,11.87,8.0,0,corps,8.536313415791044,1.9812
7533,20,217,10.85,10.2,0,corps,8.53404582602783,3.4868
7534,13,127,9.77,7.1,0,corps,8.531779369776098,3.7885
7535,26,366,14.08,12.9,0,corps,8.529514046469231,2.7134
7536,20,249,12.45,10.2,0,corps,8.5272498555409,3.6038
7537,15,242,16.13,8.0,0,corps,8.524986796425054,1.7754
7538,25,320,12.80,12.4,0,corps,8.522724868555931,1.5195
7539,35,489,13.97,16.9,0,corps,8.520464071368053,2.0619
7540,14,184,13.14,7.6,0,corps,8.518204404296212,3.7599
7541,27,391,14.48,13.3,0,corps,8.515945866775496,2.4993
7542,21,270,12.86,10.7,0,corps,8.513688458241273,2.6864
7543,11,122,11.09,6.2,0,corps,8.511432178129184,4.0382
7544,23,285,12.39,11.6,0,corps,8.509177025875166,1.9527
7545,16,174,10.88,8.4,0,corps,8.506923000915428,3.3687
7546,17,161,9.47,8.9,0,corps,8.504670102686463,4.0035
7547,13,141,10.85,7.1,0,corps,8.502418330625048,1.7430
7548,14,157,11.21,7.6,0,corps,8.500167684168236,2.2937
7549,8,114,14.25,4.9,0,corps,8.49791816275337,3.3588
7550,20,229,11.45,10.2,0,corps,8.49566976581807,1.9615
7551,19,186,9.79,9.8,0,corps,8.493422492800233,1.5860
7552,21,257,12.24,10.7,0,corps,8.491176343138045,1.8819
7553,15,163,10.87,8.0,0,corps,8.488931316269964,3.3404
7554,30,339,11.30,14.7,0,corps,8.486687411634735,1.9370
7555,16,181,11.31,8.4,0,corps,8.484444628671383,2.5479
7556,10,95,9.50,5.8,0,corps,8.48220296681921,1.6568
7557,28,328,11.71,13.8,0,corps,8.479962425517803,2.0817
7558,19,228,12.00,9.8,0,corps,8.47772300420703,2.9322
7559,22,274,12.45,11.1,0,corps,8.475484702327027,4.8702
7560,38,526,13.84,18.2,0,corps,8.473247519318225,2.2193
7561,35,478,13.66,16.9,0,corps,8.471011454621324,1.5250
7562,31,382,12.32,15.1,0,corps,8.468776507677308,3.1443
7563,36,342,9.50,17.3,0,corps,8.466542677927446,2.3829
7564,5,50,10.00,3.6,0,corps,8.464309964813276,1.6636
7565,28,371,13.25,13.8,0,corps,8.46207836777662,2.2724
7566,36,512,14.22,17.3,0,corps,8.459847886259581,1.5225
7567,17,255,15.00,8.9,0,corps,8.457618519704534,1.5363
7568,20,348,17.40,10.2,0,corps,8.455390267554142,2.0912
7569,17,207,12.18,8.9,0,corps,8.453163129251339,2.1649
7570,19,245,12.89,9.8,0,corps,8.45093710423934,2.1750
7571,36,508,14.11,17.3,0,corps,8.448712191961643,1.5642
7572,32,507,15.84,15.6,0,corps,8.446488391862017,2.4457
7573,17,244,14.35,8.9,0,corps,8.44426570338451,2.0639
7574,33,397,12.03,16.0,0,corps,8.442044125973455,2.7874
7575,30,305,10.17,14.7,0,corps,8.439823659073454,2.0807
7576,14,225,16.07,7.6,0,corps,8.43760430212939,1.9055
7577,15,188,12.53,8.0,0,corps,8.435386054586424,1.3707
7578,19,234,12.32,9.8,0,corps,8.433168915889993,2.1429
7579,17,276,16.24,8.9,0,corps,8.430952885485818,1.4180
7580,23,315,13.70,11.6,0,corps,8.428737962819884,2.1430
7581,18,237,13.17,9.3,0,corps,8.426524147338466,2.5530
7582,36,515,14.31,17.3,0,corps,8.424311438488107,3.0146
7583,29,473,16.31,14.2,0,corps,8.422099835715633,3.4086
7584,9,111,12.33,5.3,0,corps,8.41988933846814,4.8528
7585,22,211,9.59,11.1,0,corps,8.417679946193001,2.4880
7586,12,168,14.00,6.7,0,corps,8.415471658337875,1.6958
7587,27,309,11.44,13.3,0,corps,8.413264474350687,2.7110
7588,14,183,13.07,7.6,0,corps,8.411058393679639,1.2219
7589,19,238,12.53,9.8,0,corps,8.408853415773212,1.8053
7590,31,440,14.19,15.1,0,corps,8.406649540080164,3.0805
7591,23,285,12.39,11.6,0,corps,8.404446766049523,1.7548
7592,26,336,12.92,12.9,0,corps,8.402245093130595,2.1991
7593,9,97,10.78,5.3,0,corps,8.400044520772965,6.0426
7594,21,250,11.90,10.7,0,corps,8.397845048426486,2.5766
7595,14,142,10.14,7.6,0,corps,8.395646675541297,2.8838
7596,16,210,13.12,8.4,0,corps,8.393449401567793,1.4144
7597,15,167,11.13,8.0,0,corps,8.391253225956666,1.3064
7598,24,315,13.12,12.0,0,corps,8.389058148158869,0.9845
7599,37,435,11.76,17.8,0,corps,8.38686416762563,3.7333
7600,21,247,11.76,10.7,0,corps,8.384671283808458,1.5129
7601,8,97,12.12,4.9,0,corps,8.382479496159128,1.2269
7602,23,318,13.83,11.6,0,corps,8.380288804129693,1.9292
7603,24,267,11.12,12.0,0,corps,8.378099207172486,2.0810
7604,24,307,12.79,12.0,0,corps,8.3759107047401,2.0664
7605,11,136,12.36,6.2,0,corps,8.373723296285416,1.3049
7606,33,343,10.39,16.0,0,corps,8.371536981261576,2.4914
7607,31,403,13.00,15.1,0,corps,8.369351759122006,1.6724
7608,22,246,11.18,11.1,0,corps,8.367167629320399,2.4568
7609,20,228,11.40,10.2,0,corps,8.364984591310721,2.9286
7610,24,282,11.75,12.0,0,corps,8.362802644547212,1.8017
7611,15,200,13.33,8.0,0,corps,8.36062178848439,1.3695
7612,18,223,12.39,9.3,0,corps,8.358442022577037,2.0452
7613,19,270,14.21,9.8,0,corps,8.35626334628021,1.1920
7614,22,265,12.05,11.1,0,corps,8.354085759049246,3.2858
7615,26,266,10.23,12.9,0,corps,8.351909260339742,4.6365
7616,11,138,12.55,6.2,0,corps,8.349733849607578,2.1990
7617,33,396,12.00,16.0,0,corps,8.347559526308896,2.6768
7618,43,689,16.02,20.4,0,corps,8.345386289900118,3.1981
7619,26,353,13.58,12.9,0,corps,8.343214139837936,1.2605
7620,16,186,11.62,8.4,0,corps,8.341043075579313,1.8824
7621,18,219,12.17,9.3,0,corps,8.338873096581482,2.1627
7622,13,179,13.77,7.1,0,corps,8.336704202301947,1.8581
7623,22,232,10.55,11.1,0,corps,8.334536392198483,2.6390
7624,23,318,13.83,11.6,0,corps,8.332369665729141,2.8112
7625,18,229,12.72,9.3,0,corps,8.33020402235224,3.3633
7626,24,287,11.96,12.0,0,corps,8.328039461526364,2.6825
7627,12,137,11.42,6.7,0,corps,8.325875982710379,3.1733
7628,26,316,12.15,12.9,0,corps,8.323713585363409,1.6106
7629,13,158,12.15,7.1,0,corps,8.32155226894486,2.9493
7630,10,115,11.50,5.8,0,corps,8.319392032914399,3.6048
7631,14,169,12.07,7.6,0,corps,8.31723287673197,2.2527
7632,13,191,14.69,7.1,0,corps,8.315074799857785,2.7246
7633,36,405,11.25,17.3,0,corps,8.312917801752317,2.3163
7634,14,154,11.00,7.6,0,corps,8.310761881876324,3.5990
7635,29,373,12.86,14.2,0,corps,8.308607039690827,2.0036
7636,42,591,14.07,20.0,0,corps,8.306453274657109,1.8006
7637,26,313,12.04,12.9,0,corps,8.304300586236735,1.4768
7638,32,433,13.53,15.6,0,corps,8.302148973891526,1.5389
7639,12,176,14.67,6.7,0,corps,8.299998437083586,3.1909
7640,24,370,15.42,12.0,0,corps,8.297848975275278,2.0697
7641,9,88,9.78,5.3,0,corps,8.295700587929232,5.0997
7642,10,137,13.70,5.8,0,corps,8.293553274508358,1.3827
7643,18,250,13.89,9.3,0,corps,8.291407034475828,1.1569
7644,20,226,11.30,10.2,0,corps,8.289261867295075,2.8628
7645,36,429,11.92,17.3,0,corps,8.287117772429815,1.4477
7646,17,168,9.88,8.9,0,corps,8.284974749344014,4.2255
7647,17,219,12.88,8.9,0,corps,8.282832797501928,2.0759
7648,16,177,11.06,8.4,0,corps,8.280691916368063,3.3205
7649,31,361,11.65,15.1,0,corps,8.278552105407197,1.8187
7650,14,146,10.43,7.6,0,corps,8.276413364084382,1.6372
7651,15,175,11.67,8.0,0,corps,8.27427569186493,2.1572
7652,29,378,13.03,14.2,0,corps,8.272139088214422,1.8988
7653,7,78,11.14,4.4,0,corps,8.27000355259871,1.3397
7654,11,122,11.09,6.2,0,corps,8.267869084483907,1.4698
7655,21,283,13.48,10.7,0,corps,8.265735683336398,1.7525
7656,12,125,10.42,6.7,0,corps,8.263603348622832,1.3131
7657,30,380,12.67,14.7,0,corps,8.261472079810126,2.0296
7658,27,306,11.33,13.3,0,corps,8.25934187636546,2.1765
7659,22,249,11.32,11.1,0,corps,8.257212737756287,1.3420
7660,19,215,11.32,9.8,0,corps,8.25508466345032,4.0840
7661,29,338,11.66,14.2,0,corps,8.252957652915542,2.2201
7662,19,284,14.95,9.8,0,corps,8.250831705620199,2.8005
7663,39,475,12.18,18.7,0,corps,8.248706821032803,1.5921
7664,21,213,10.14,10.7,0,corps,8.246582998622138,3.9338
7665,14,145,10.36,7.6,0,corps,8.24446023785724,2.6071
7666,14,191,13.64,7.6,0,corps,8.242338538207425,3.0576
7667,11,141,12.82,6.2,0,corps,8.24021789914227,2.3524
7668,29,387,13.34,14.2,0,corps,8.238098320131607,1.9012
7669,13,136,10.46,7.1,0,corps,8.235979800645552,3.4284
7670,25,326,13.04,12.4,0,corps,8.233862340154463,1.0974
7671,19,205,10.79,9.8,0,corps,8.231745938128984,1.8970
7672,8,77,9.62,4.9,0,corps,8.229630594040014,6.3376
7673,29,415,14.31,14.2,0,corps,8.227516307358709,2.3705
7674,25,369,14.76,12.4,0,corps,8.225403077556507,1.4621
7675,13,165,12.69,7.1,0,corps,8.223290904105095,1.2544
7676,16,184,11.50,8.4,0,corps,8.22117978647643,2.0328
7677,18,217,12.06,9.3,0,corps,8.219069724142736,3.2291
7678,15,212,14.13,8.0,0,corps,8.216960716576494,1.3866
7679,27,344,12.74,13.3,0,corps,8.214852763250452,1.2628
7680,15,218,14.53,8.0,0,corps,8.212745863637624,1.0953
7681,20,218,10.90,10.2,0,corps,8.210640017211283,5.0992
7682,17,154,9.06,8.9,0,corps,8.208535223444969,2.1350
7683,31,388,12.52,15.1,0,corps,8.206431481812483,2.9799
7684,19,240,12.63,9.8,0,corps,8.204328791787887,1.2385
7685,32,484,15.12,15.6,0,corps,8.202227152845516,2.4802
7686,28,308,11.00,13.8,0,corps,8.20012656445995,2.2797
7687,26,351,13.50,12.9,0,corps,8.198027026106049,1.6107
7688,13,134,10.31,7.1,0,corps,8.195928537258927,3.7847
7689,13,196,15.08,7.1,0,corps,8.19383109739396,2.0852
7690,20,244,12.20,10.2,0,corps,8.19173470598679,1.2480
7691,12,151,12.58,6.7,0,corps,8.189639362513319,3.0297
7692,14,119,8.50,7.6,0,corps,8.187545066449708,1.6189
7693,16,201,12.56,8.4,0,corps,8.185451817272387,1.1348
7694,9,94,10.44,5.3,0,corps,8.183359614458043,4.2550
7695,20,298,14.90,10.2,0,corps,8.181268457483622,1.5350
7696,35,457,13.06,16.9,0,corps,8.17917834582634,2.0586
7697,11,119,10.82,6.2,0,corps,8.177089278963665,3.5030
7698,18,284,15.78,9.3,0,corps,8.17500125637333,2.6193
7699,7,79,11.29,4.4,0,corps,8.172914277533334,4.2621
7700,2,27,13.50,2.2,0,corps,8.170828341921926,2.2713
7701,33,418,12.67,16.0,0,corps,8.168743449017626,2.4158
7702,24,253,10.54,12.0,0,corps,8.16665959829921,3.3525
7703,38,578,15.21,18.2,0,corps,8.164576789245714,3.0263
7704,17,201,11.82,8.9,0,corps,8.162495021336442,1.4573
7705,27,293,10.85,13.3,0,corps,8.160414294050941,3.9963
7706,13,139,10.69,7.1,0,corps,8.158334606869039,2.8282
7707,15,186,12.40,8.0,0,corps,8.15625595927081,1.4338
7708,26,262,10.08,12.9,0,corps,8.15417835073659,2.5515
7709,19,256,13.47,9.8,0,corps,8.152101780746984,1.3908
7710,12,162,13.50,6.7,0,corps,8.15002624878284,2.6653
7711,22,264,12.00,11.1,0,corps,8.14795175432528,1.3890
7712,21,351,16.71,10.7,0,corps,8.145878296855683,2.5313
7713,18,349,19.39,9.3,0,corps,8.14380587585568,1.9870
7714,17,174,10.24,8.9,0,corps,8.141734490807167,3.5332
7715,19,216,11.37,9.8,0,corps,8.139664141192302,3.2447
7716,8,81,10.12,4.9,0,corps,8.13759482649349,5.8486
7717,25,339,13.56,12.4,0,corps,8.13552654619341,2.0416
7718,15,184,12.27,8.0,0,corps,8.133459299774984,1.3418
7719,32,357,11.16,15.6,0,corps,8.131393086721406,1.3335
7720,20,250,12.50,10.2,0,corps,8.12932790651612,1.7723
7721,8,118,14.75,4.9,0,corps,8.127263758642833,1.3961
7722,21,271,12.90,10.7,0,corps,8.125200642585508,2.5736
7723,20,242,12.10,10.2,0,corps,8.123138557828364,4.0671
7724,14,131,9.36,7.6,0,corps,8.121077503855883,1.8122
7725,15,230,15.33,8.0,0,corps,8.119017480152799,2.5984
7726,11,124,11.27,6.2,0,corps,8.116958486204103,3.5007
7727,19,249,13.11,9.8,0,corps,8.114900521495052,2.0850
7728,17,261,15.35,8.9,0,corps,8.112843585511156,1.2093
7729,27,338,12.52,13.3,0,corps,8.110787677738173,2.3695
7730,27,321,11.89,13.3,0,corps,8.108732797662132,2.3684
7731,20,216,10.80,10.2,0,corps,8.106678944769314,2.6798
7732,26,370,14.23,12.9,0,corps,8.104626118546252,4.1774
7733,43,577,13.42,20.4,0,corps,8.102574318479743,2.7813
7734,41,565,13.78,19.6,0,corps,8.10052354405683,3.4050
7735,29,368,12.69,14.2,0,corps,8.09847379476483,1.6338
7736,22,257,11.68,11.1,0,corps,8.096425070091298,4.7693
7737,26,310,11.92,12.9,0,corps,8.094377369524054,2.9207
7738,17,203,11.94,8.9,0,corps,8.092330692551174,3.0279
7739,27,429,15.89,13.3,0,corps,8.090285038660989,1.8564
7740,12,156,13.00,6.7,0,corps,8.088240407342084,1.5171
7741,26,392,15.08,12.9,0,corps,8.086196798083305,2.3938
7742,40,558,13.95,19.1,0,corps,8.084154210373743,2.9866
7743,24,362,15.08,12.0,0,corps,8.082112643702756,2.4631
7744,15,215,14.33,8.0,0,corps,8.080072097559954,2.8474
7745,25,349,13.96,12.4,0,corps,8.078032571435195,1.5559
7746,17,156,9.18,8.9,0,corps,8.075994064818598,3.1704
7747,22,287,13.05,11.1,0,corps,8.073956577200542,2.7593
7748,20,220,11.00,10.2,0,corps,8.071920108071652,2.9279
7749,11,120,10.91,6.2,0,corps,8.069884656922808,1.7340
7750,8,83,10.38,4.9,0,corps,8.067850223245149,1.9717
7751,38,546,14.37,18.2,0,corps,8.06581680653007,2.6042
7752,22,258,11.73,11.1,0,corps,8.063784406269212,3.5946
7753,21,255,12.14,10.7,0,corps,8.061753021954473,3.3887
7754,24,287,11.96,12.0,0,corps,8.059722653078015,2.9117
7755,12,119,9.92,6.7,0,corps,8.057693299132241,3.4587
7756,17,164,9.65,8.9,0,corps,8.055664959609812,2.1910
7757,8,81,10.12,4.9,0,corps,8.053637634003646,6.7592
7758,22,246,11.18,11.1,0,corps,8.05161132180691,3.4229
7759,35,471,13.46,16.9,0,corps,8.049586022513022,1.6089
7760,33,450,13.64,16.0,0,corps,8.047561735615663,1.6711
7761,20,272,13.60,10.2,0,corps,8.045538460608759,0.9959
7762,38,538,14.16,18.2,0,corps,8.043516196986491,1.5329
7763,13,163,12.54,7.1,0,corps,8.041494944243292,2.8116
7764,16,183,11.44,8.4,0,corps,8.03947470187385,2.7311
7765,23,295,12.83,11.6,0,corps,8.037455469373105,1.3665
7766,10,89,8.90,5.8,0,corps,8.03543724623625,1.9536
7767,19,247,13.00,9.8,0,corps,8.033420031958727,1.4510
7768,15,167,11.13,8.0,0,corps,8.031403826036234,1.6015
7769,18,252,14.00,9.3,0,corps,8.029388627964714,1.4587
7770,21,244,11.62,10.7,0,corps,8.027374437240377,3.4311
7771,29,367,12.66,14.2,0,corps,8.025361253359668,4.0476
7772,19,250,13.16,9.8,0,corps,8.023349075819294,3.2496
7773,26,348,13.38,12.9,0,corps,8.02133790411621,1.4886
7774,15,155,10.33,8.0,0,corps,8.019327737747622,4.1594
7775,11,154,14.00,6.2,0,corps,8.017318576210988,3.3556
7776,24,283,11.79,12.0,0,corps,8.015310419004022,2.4307
7777,13,99,7.62,7.1,0,corps,8.01330326562468,5.4092
7778,15,182,12.13,8.0,0,corps,8.011297115571178,1.4172
7779,17,209,12.29,8.9,0,corps,8.009291968341973,2.4830
7780,7,110,15.71,4.4,0,corps,8.00728782343578,0.9550
7781,15,171,11.40,8.0,0,corps,8.005284680351567,2.6212
7782,18,186,10.33,9.3,0,corps,8.003282538588543,3.0822
7783,24,363,15.12,12.0,0,corps,8.001281397646173,2.3355
7784,25,304,12.16,12.4,0,corps,7.999281257024177,2.8624
7785,31,363,11.71,15.1,0,corps,7.997282116222512,2.9020
7786,21,220,10.48,10.7,0,corps,7.995283974741402,2.5146
7787,19,220,11.58,9.8,0,corps,7.9932868320813,3.6168
7788,23,312,13.57,11.6,0,corps,7.991290687742931,2.4365
7789,26,313,12.04,12.9,0,corps,7.989295541227256,1.6961
7790,19,235,12.37,9.8,0,corps,7.987301392035484,3.3401
7791,16,188,11.75,8.4,0,corps,7.985308239669081,2.2548
7792,11,112,10.18,6.2,0,corps,7.98331608362976,3.0386
7793,35,454,12.97,16.9,0,corps,7.98132492341948,3.5123
7794,17,222,13.06,8.9,0,corps,7.979334758540453,2.2958
7795,7,81,11.57,4.4,0,corps,7.977345588495134,5.8656
7796,17,241,14.18,8.9,0,corps,7.975357412786234,1.3569
7797,9,93,10.33,5.3,0,corps,7.973370230916708,1.7403
7798,19,232,12.21,9.8,0,corps,7.971384042389761,3.3437
7799,23,265,11.52,11.6,0,corps,7.969398846708844,2.1860
7800,24,310,12.92,12.0,0,corps,7.96741464337766,2.6372
7801,21,261,12.43,10.7,0,corps,7.965431431900158,2.8636
7802,10,100,10.00,5.8,0,corps,7.963449211780535,3.3901
7803,27,319,11.81,13.3,0,corps,7.961467982523233,2.7967
7804,20,226,11.30,10.2,0,corps,7.959487743632948,2.5504
7805,28,384,13.71,13.8,0,corps,7.957508494614622,3.9044
7806,28,350,12.50,13.8,0,corps,7.955530234973438,2.2196
7807,28,331,11.82,13.8,0,corps,7.953552964214833,2.5080
7808,11,113,10.27,6.2,0,corps,7.951576681844494,4.4515
7809,32,415,12.97,15.6,0,corps,7.94960138736834,2.8341
7810,16,252,15.75,8.4,0,corps,7.947627080292557,1.9816
7811,28,460,16.43,13.8,0,corps,7.945653760123564,1.9962
7812,23,261,11.35,11.6,0,corps,7.94368142636803,2.1316
7813,18,224,12.44,9.3,0,corps,7.941710078532877,2.8158
7814,14,161,11.50,7.6,0,corps,7.93973971612526,2.6224
7815,14,142,10.14,7.6,0,corps,7.937770338652594,2.7848
7816,28,469,16.75,13.8,0,corps,7.935801945622534,1.7893
7817,16,170,10.62,8.4,0,corps,7.93383453654298,3.2862
7818,25,312,12.48,12.4,0,corps,7.931868110922083,4.0782
7819,2,14,7.00,2.2,0,corps,7.929902668268231,2.9984
7820,17,317,18.65,8.9,0,corps,7.927938208090067,2.1024
7821,21,298,14.19,10.7,0,corps,7.925974729896476,1.8497
7822,7,136,19.43,4.4,0,corps,7.9240122331965885,1.0981
7823,18,217,12.06,9.3,0,corps,7.922050717499779,2.4595
7824,22,270,12.27,11.1,0,corps,7.92009018231567,1.7363
7825,19,235,12.37,9.8,0,corps,7.9181306271541265,2.3995
7826,34,493,14.50,16.4,0,corps,7.916172051525261,3.3034
7827,17,226,13.29,8.9,0,corps,7.914214454939428,2.5260
7828,23,297,12.91,11.6,0,corps,7.912257836907227,3.0970
7829,34,413,12.15,16.4,0,corps,7.91030219693951,2.1349
7830,22,205,9.32,11.1,0,corps,7.908347534547361,1.8022
7831,26,328,12.62,12.9,0,corps,7.9063938492421135,2.6994
7832,12,142,11.83,6.7,0,corps,7.904441140535351,4.0340
7833,35,459,13.11,16.9,0,corps,7.902489407938893,2.9641
7834,22,232,10.55,11.1,0,corps,7.900538650964808,2.2336
7835,25,385,15.40,12.4,0,corps,7.898588869125406,1.8901
7836,20,208,10.40,10.2,0,corps,7.896640061933241,2.9825
7837,23,245,10.65,11.6,0,corps,7.894692228901115,1.5603
7838,24,296,12.33,12.0,0,corps,7.8927453695420615,1.6549
7839,6,76,12.67,4.0,0,corps,7.890799483369373,1.4559
7840,32,421,13.16,15.6,0,corps,7.888854569896576,3.2605
7841,23,302,13.13,11.6,0,corps,7.886910628637442,1.3449
7842,2,104,52.00,2.2,0,corps,7.8849676591059845,0.7002
7843,20,235,11.75,10.2,0,corps,7.883025660816462,2.2499
7844,13,180,13.85,7.1,0,corps,7.8810846332833755,3.3823
7845,22,260,11.82,11.1,0,corps,7.879144576021467,1.1362
7846,21,279,13.29,10.7,0,corps,7.877205488545721,3.0670
7847,24,391,16.29,12.0,0,corps,7.875267370371369,1.6604
7848,33,420,12.73,16.0,0,corps,7.873330221013881,3.0510
7849,21,312,14.86,10.7,0,corps,7.871394039988969,1.1248
7850,27,459,17.00,13.3,0,corps,7.869458826812585,1.6945
7851,38,522,13.74,18.2,0,corps,7.867524581000929,2.1769
7852,14,176,12.57,7.6,0,corps,7.865591302070436,3.1875
7853,31,482,15.55,15.1,0,corps,7.863658989537791,1.9134
7854,21,280,13.33,10.7,0,corps,7.861727642919913,1.0793
7855,29,294,10.14,14.2,0,corps,7.859797261733964,1.6267
7856,35,486,13.89,16.9,0,corps,7.8578678454973545,3.0841
7857,14,201,14.36,7.6,0,corps,7.8559393937277235,2.0263
7858,18,220,12.22,9.3,0,corps,7.854011905942963,3.4584
7859,14,140,10.00,7.6,0,corps,7.8520853816611975,3.5513
7860,14,184,13.14,7.6,0,corps,7.8501598204007985,1.7038
7861,18,235,13.06,9.3,0,corps,7.8482352216803735,1.6857
7862,24,285,11.88,12.0,0,corps,7.846311585018774,2.3990
7863,32,535,16.72,15.6,0,corps,7.84438890993509,2.3048
7864,20,197,9.85,10.2,0,corps,7.842467195948657,3.4359
7865,20,238,11.90,10.2,0,corps,7.84054644257904,1.8326
7866,12,101,8.42,6.7,0,corps,7.838626649346056,4.3216
7867,20,211,10.55,10.2,0,corps,7.836707815769752,2.8591
7868,21,305,14.52,10.7,0,corps,7.8347899413704205,1.6525
7869,9,84,9.33,5.3,0,corps,7.832873025668598,6.7629
7870,22,355,16.14,11.1,0,corps,7.83095706818505,2.8162
7871,31,405,13.06,15.1,0,corps,7.829042068440789,1.9952
7872,26,290,11.15,12.9,0,corps,7.827128025957067,2.4372
7873,23,290,12.61,11.6,0,corps,7.825214940255368,2.3950
7874,24,328,13.67,12.0,0,corps,7.823302810857427,1.8717
7875,18,258,14.33,9.3,0,corps,7.821391637285208,1.3117
7876,14,141,10.07,7.6,0,corps,7.819481419060917,3.1300
7877,22,315,14.32,11.1,0,corps,7.817572155707002,1.9428
7878,20,236,11.80,10.2,0,corps,7.815663846746144,2.4810
7879,20,210,10.50,10.2,0,corps,7.8137564917012705,3.7097
7880,29,394,13.59,14.2,0,corps,7.811850090095537,1.6863
7881,13,150,11.54,7.1,0,corps,7.809944641452346,2.5633
7882,28,290,10.36,13.8,0,corps,7.808040145295337,3.3878
7883,27,400,14.81,13.3,0,corps,7.806136601148383,2.3541
7884,15,293,19.53,8.0,0,corps,7.804234008535599,1.1870
7885,17,263,15.47,8.9,0,corps,7.802332366981338,1.1211
7886,7,73,10.43,4.4,0,corps,7.800431676010187,1.5075
7887,12,114,9.50,6.7,0,corps,7.798531935146976,4.4283
7888,15,167,11.13,8.0,0,corps,7.796633143916767,1.9960
7889,20,241,12.05,10.2,0,corps,7.794735301844866,2.1178
7890,31,408,13.16,15.1,0,corps,7.792838408456809,3.7322
7891,23,301,13.09,11.6,0,corps,7.790942463278375,1.8426
7892,10,108,10.80,5.8,0,corps,7.789047465835575,2.1616
7893,13,189,14.54,7.1,0,corps,7.787153415654663,1.2345
7894,23,378,16.43,11.6,0,corps,7.785260312262121,1.7517
7895,23,281,12.22,11.6,0,corps,7.7833681551846805,3.4555
7896,18,243,13.50,9.3,0,corps,7.781476943949298,1.7043
7897,3,36,12.00,2.7,0,corps,7.779586678083169,1.4494
7898,27,271,10.04,13.3,0,corps,7.777697357113731,2.3712
7899,19,185,9.74,9.8,0,corps,7.775808980568652,2.2537
7900,27,296,10.96,13.3,0,corps,7.773921547975837,1.7904
7901,35,430,12.29,16.9,0,corps,7.77203505886343,2.8974
7902,17,210,12.35,8.9,0,corps,7.770149512759805,1.3259
7903,2,10,5.00,2.2,0,corps,7.768264909193581,4.0141
7904,22,262,11.91,11.1,0,corps,7.766381247693602,3.2598
7905,23,328,14.26,11.6,0,corps,7.764498527788953,2.9420
7906,18,179,9.94,9.3,0,corps,7.7626167490089575,1.9829
7907,38,561,14.76,18.2,0,corps,7.760735910883168,2.3740
7908,18,212,11.78,9.3,0,corps,7.758856012941376,2.4648
7909,29,398,13.72,14.2,0,corps,7.75697705471361,2.5423
7910,29,318,10.97,14.2,0,corps,7.755099035730123,3.4408
7911,10,133,13.30,5.8,0,corps,7.753221955521417,1.7108
7912,17,237,13.94,8.9,0,corps,7.751345813618219,3.9084
7913,14,177,12.64,7.6,0,corps,7.7494706095514925,3.2083
7914,17,253,14.88,8.9,0,corps,7.7475963428524395,1.3897
7915,12,163,13.58,6.7,0,corps,7.745723013052489,2.6042
7916,2,39,19.50,2.2,0,corps,7.743850619683313,1.2588
7917,16,228,14.25,8.4,0,corps,7.741979162276813,2.5372
7918,26,321,12.35,12.9,0,corps,7.74010864036512,1.8269
7919,33,460,13.94,16.0,0,corps,7.738239053480611,2.1254
7920,12,115,9.58,6.7,0,corps,7.736370401155882,4.7438
7921,19,247,13.00,9.8,0,corps,7.734502682923772,1.0642
7922,24,292,12.17,12.0,0,corps,7.732635898317353,1.2228
7923,12,106,8.83,6.7,0,corps,7.730770046869928,3.5170
7924,24,304,12.67,12.0,0,corps,7.7289051281150325,1.5783
7925,18,212,11.78,9.3,0,corps,7.727041141586442,1.7197
7926,28,296,10.57,13.8,0,corps,7.725178086818155,2.4548
7927,13,192,14.77,7.1,0,corps,7.723315963344408,0.9875
7928,3,31,10.33,2.7,0,corps,7.721454770699672,0.9086
7929,18,164,9.11,9.3,0,corps,7.719594508418648,1.6205
7930,19,196,10.32,9.8,0,corps,7.717735176036269,1.5327
7931,13,129,9.92,7.1,0,corps,7.715876773087706,1.7580
7932,19,226,11.89,9.8,0,corps,7.714019299108353,2.3601
7933,16,198,12.38,8.4,0,corps,7.712162753633847,1.2361
7934,35,473,13.51,16.9,0,corps,7.710307136200045,2.5850
7935,23,345,15.00,11.6,0,corps,7.708452446343051,1.8147
7936,18,197,10.94,9.3,0,corps,7.706598683599185,2.2025
7937,36,491,13.64,17.3,0,corps,7.704745847505009,3.4656
7938,8,68,8.50,4.9,0,corps,7.702893937597316,3.1987
7939,33,572,17.33,16.0,0,corps,7.701042953413125,1.5046
7940,26,295,11.35,12.9,0,corps,7.699192894489691,2.8664
7941,24,330,13.75,12.0,0,corps,7.697343760364503,2.7857
7942,21,259,12.33,10.7,0,corps,7.695495550575271,2.0347
7943,25,324,12.96,12.4,0,corps,7.693648264659949,1.4420
7944,23,279,12.13,11.6,0,corps,7.691801902156708,2.1310
7945,31,335,10.81,15.1,0,corps,7.689956462603965,1.5401
7946,24,308,12.83,12.0,0,corps,7.688111945540357,2.4725
7947,22,311,14.14,11.1,0,corps,7.686268350504754,1.8258
7948,10,130,13.00,5.8,0,corps,7.684425677036258,2.8510
7949,23,276,12.00,11.6,0,corps,7.6825839246742005,1.5855
7950,14,180,12.86,7.6,0,corps,7.680743092958142,2.0744
7951,33,605,18.33,16.0,0,corps,7.678903181427879,1.8951
7952,30,368,12.27,14.7,0,corps,7.677064189623427,1.9048
7953,21,263,12.52,10.7,0,corps,7.675226117085043,3.3619
7954,24,238,9.92,12.0,0,corps,7.673388963353209,2.8719
7955,25,324,12.96,12.4,0,corps,7.671552727968632,3.2242
7956,17,208,12.24,8.9,0,corps,7.669717410472257,2.8021
7957,22,346,15.73,11.1,0,corps,7.667883010405255,1.6498
7958,17,204,12.00,8.9,0,corps,7.666049527309024,3.0880
7959,25,315,12.60,12.4,0,corps,7.664216960725195,1.6087
7960,25,328,13.12,12.4,0,corps,7.662385310195624,1.5729
7961,24,257,10.71,12.0,0,corps,7.660554575262399,1.9234
7962,23,267,11.61,11.6,0,corps,7.658724755467839,3.6716
7963,18,189,10.50,9.3,0,corps,7.656895850354484,4.8541
7964,18,196,10.89,9.3,0,corps,7.655067859465111,2.7742
7965,23,222,9.65,11.6,0,corps,7.653240782342725,2.3486
7966,17,177,10.41,8.9,0,corps,7.651414618530551,2.5383
7967,12,145,12.08,6.7,0,corps,7.649589367572052,3.9312
7968,24,310,12.92,12.0,0,corps,7.647765029010914,1.8441
7969,38,456,12.00,18.2,0,corps,7.6459416023910505,2.2516
7970,19,195,10.26,9.8,0,corps,7.644119087256608,2.0697
7971,16,200,12.50,8.4,0,corps,7.642297483151955,2.5405
7972,30,363,12.10,14.7,0,corps,7.640476789621692,2.2246
7973,30,359,11.97,14.7,0,corps,7.638657006210647,2.4763
7974,21,237,11.29,10.7,0,corps,7.636838132463872,1.7148
7975,20,204,10.20,10.2,0,corps,7.635020167926649,1.3772
7976,19,211,11.11,9.8,0,corps,7.6332031121444865,3.3457
7977,26,290,11.15,12.9,0,corps,7.63138696466312,3.2642
7978,24,238,9.92,12.0,0,corps,7.629571725028517,1.7148
7979,17,202,11.88,8.9,0,corps,7.62775739278686,1.9439
7980,14,140,10.00,7.6,0,corps,7.625943967484572,3.8558
7981,22,216,9.82,11.1,0,corps,7.624131448668295,2.9400
7982,14,156,11.14,7.6,0,corps,7.622319835884897,3.3554
7983,28,291,10.39,13.8,0,corps,7.62050912868148,2.0455
7984,25,297,11.88,12.4,0,corps,7.618699326605362,3.4991
7985,10,93,9.30,5.8,0,corps,7.616890429204096,4.9605
7986,25,370,14.80,12.4,0,corps,7.615082436025455,1.8286
7987,21,336,16.00,10.7,0,corps,7.61327534661744,2.1632
7988,43,595,13.84,20.4,0,corps,7.611469160528284,3.0573
7989,28,339,12.11,13.8,0,corps,7.609663877306436,1.4777
7990,18,206,11.44,9.3,0,corps,7.607859496500574,1.3061
7991,22,298,13.55,11.1,0,corps,7.606056017659607,3.2985
7992,26,359,13.81,12.9,0,corps,7.604253440332663,1.7641
7993,29,475,16.38,14.2,0,corps,7.602451764069096,2.6960
7994,22,298,13.55,11.1,0,corps,7.600650988418492,2.0672
7995,27,381,14.11,13.3,0,corps,7.598851112930652,3.0008
7996,34,485,14.26,16.4,0,corps,7.5970521371556075,3.1237
7997,19,247,13.00,9.8,0,corps,7.595254060643619,2.3189
7998,23,354,15.39,11.6,0,corps,7.593456882945163,1.6288
7999,2,21,10.50,2.2,0,corps,7.591660603610947,2.0509
8000,28,356,12.71,13.8,0,corps,7.589865222191899,2.7732
8001,15,196,13.07,8.0,0,corps,7.588070738239177,1.9743
8002,23,286,12.43,11.6,0,corps,7.586277151304155,1.3654
8003,17,149,8.76,8.9,0,corps,7.584484460938444,2.7905
8004,8,98,12.25,4.9,0,corps,7.582692666693866,1.8130
8005,8,53,6.62,4.9,0,corps,7.5809017681224695,7.6180
8006,20,231,11.55,10.2,0,corps,7.579111764776539,2.4574
8007,20,309,15.45,10.2,0,corps,7.577322656208565,1.7937
8008,33,418,12.67,16.0,0,corps,7.575534441971277,2.1646
8009,23,297,12.91,11.6,0,corps,7.573747121617613,2.7626
8010,23,314,13.65,11.6,0,corps,7.571960694700753,3.5471
8011,24,277,11.54,12.0,0,corps,7.570175160774083,3.1043
8012,34,432,12.71,16.4,0,corps,7.568390519391219,2.6213
8013,14,136,9.71,7.6,0,corps,7.566606770106008,2.7907
8014,30,380,12.67,14.7,0,corps,7.564823912472507,2.6183
8015,4,40,10.00,3.1,0,corps,7.563041946044999,1.9965
8016,22,342,15.55,11.1,0,corps,7.561260870378001,2.5133
8017,10,119,11.90,5.8,0,corps,7.559480685026237,4.0577
8018,20,258,12.90,10.2,0,corps,7.55770138954466,2.0573
8019,26,353,13.58,12.9,0,corps,7.555922983488453,1.8557
8020,16,181,11.31,8.4,0,corps,7.5541454664130105,3.0113
8021,35,399,11.40,16.9,0,corps,7.55236883787395,2.7842
8022,39,422,10.82,18.7,0,corps,7.550593097427121,2.4761
8023,19,296,15.58,9.8,0,corps,7.548818244628583,1.4711
8024,30,399,13.30,14.7,0,corps,7.547044279034626,3.1570
8025,21,278,13.24,10.7,0,corps,7.545271200201754,2.1005
8026,21,302,14.38,10.7,0,corps,7.5434990076867035,1.6886
8027,22,335,15.23,11.1,0,corps,7.541727701046424,1.5866
8028,34,440,12.94,16.4,0,corps,7.539957279838083,3.2127
8029,28,386,13.79,13.8,0,corps,7.538187743619086,1.3477
8030,43,680,15.81,20.4,0,corps,7.5364190919470415,2.7334
8031,19,204,10.74,9.8,0,corps,7.534651324379787,2.7112
8032,30,480,16.00,14.7,0,corps,7.532884440475385,2.3336
8033,11,144,13.09,6.2,0,corps,7.5311184397921105,2.7107
8034,21,252,12.00,10.7,0,corps,7.529353321888461,1.7084
8035,34,609,17.91,16.4,0,corps,7.527589086323164,2.3310
8036,28,422,15.07,13.8,0,corps,7.525825732655157,1.3915
8037,30,396,13.20,14.7,0,corps,7.524063260443597,1.7521
8038,17,198,11.65,8.9,0,corps,7.522301669247877,1.6093
8039,13,137,10.54,7.1,0,corps,7.520540958627589,6.7187
8040,26,362,13.92,12.9,0,corps,7.518781128142563,1.5074
8041,19,242,12.74,9.8,0,corps,7.517022177352831,1.6689
8042,28,387,13.82,13.8,0,corps,7.515264105818664,3.6171
8043,8,161,20.12,4.9,0,corps,7.513506913100544,1.8804
8044,30,422,14.07,14.7,0,corps,7.511750598759168,2.3896
8045,23,315,13.70,11.6,0,corps,7.509995162355461,1.6307
8046,20,215,10.75,10.2,0,corps,7.508240603450564,2.5378
8047,26,295,11.35,12.9,0,corps,7.506486921605833,3.4466
8048,19,292,15.37,9.8,0,corps,7.504734116382853,1.7552
8049,8,77,9.62,4.9,0,corps,7.502982187343421,4.5072
8050,28,363,12.96,13.8,0,corps,7.501231134049551,2.4664
8051,20,313,15.65,10.2,0,corps,7.499480956063485,1.9832
8052,22,313,14.23,11.1,0,corps,7.497731652947678,3.6639
8053,29,354,12.21,14.2,0,corps,7.495983224264799,1.7278
8054,19,261,13.74,9.8,0,corps,7.494235669577745,2.5789
8055,30,330,11.00,14.7,0,corps,7.492488988449629,2.2970
8056,12,116,9.67,6.7,0,corps,7.490743180443777,2.9306
8057,16,230,14.38,8.4,0,corps,7.488998245123738,1.9583
8058,16,213,13.31,8.4,0,corps,7.487254182053278,1.0557
8059,18,212,11.78,9.3,0,corps,7.485510990796383,1.7391
