n_game,score,steps,pas_pomme,fill_pct,victoire,cause,eps,loss
1,2,94,47.00,2.2,0,corps,199.90202449591717,1.0721
2,2,568,284.00,2.2,0,corps,199.8040979673415,0.1734
3,0,445,445.00,1.3,0,famine_truncated,199.70622038979133,0.0041
4,2,733,366.50,2.2,0,corps,199.60839173879728,0.1387
5,2,377,188.50,2.2,0,corps,199.51061198990217,0.2728
6,2,123,61.50,2.2,0,corps,199.41288111866112,0.8195
7,1,508,508.00,1.8,0,famine_truncated,199.3151991006413,0.0732
8,2,481,240.50,2.2,0,corps,199.21756591142233,0.1945
9,2,169,84.50,2.2,0,corps,199.11998152659584,0.5698
10,2,522,261.00,2.2,0,corps,199.02244592176575,0.1854
11,0,445,445.00,1.3,0,famine_truncated,198.92495907254815,0.0054
12,2,475,237.50,2.2,0,corps,198.82752095457133,0.1787
13,2,215,107.50,2.2,0,corps,198.73013154347575,0.4309
14,0,445,445.00,1.3,0,famine_truncated,198.63279081491407,0.0038
15,2,434,217.00,2.2,0,corps,198.53549874455112,0.2091
16,1,457,457.00,1.8,0,famine_truncated,198.4382553080639,0.0819
17,2,466,233.00,2.2,0,corps,198.34106048114148,0.1834
18,2,352,176.00,2.2,0,corps,198.2439142394852,0.2328
19,2,284,142.00,2.2,0,corps,198.14681655880847,0.2811
20,2,294,147.00,2.2,0,corps,198.04976741483696,0.2560
21,2,387,193.50,2.2,0,corps,197.95276678330828,0.2705
22,2,405,202.50,2.2,0,corps,197.85581463997227,0.2496
23,2,215,107.50,2.2,0,corps,197.75891096059095,0.3348
24,2,298,149.00,2.2,0,corps,197.66205572093838,0.3321
25,0,445,445.00,1.3,0,famine_truncated,197.56524889680077,0.0138
26,0,445,445.00,1.3,0,famine_truncated,197.46849046397637,0.0065
27,2,669,334.50,2.2,0,corps,197.3717803982756,0.1434
28,2,224,112.00,2.2,0,corps,197.27511867552093,0.4144
29,2,381,190.50,2.2,0,corps,197.17850527154695,0.2447
30,0,445,445.00,1.3,0,famine_truncated,197.08194016220028,0.0165
31,2,346,173.00,2.2,0,corps,196.98542332333966,0.2398
32,2,367,183.50,2.2,0,corps,196.8889547308359,0.2231
33,2,546,273.00,2.2,0,corps,196.79253436057178,0.1506
34,2,673,336.50,2.2,0,corps,196.6961621884423,0.1154
35,2,197,98.50,2.2,0,corps,196.59983819035435,0.3054
36,0,445,445.00,1.3,0,famine_truncated,196.50356234222696,0.0147
37,2,391,195.50,2.2,0,corps,196.4073346199911,0.1649
38,2,481,240.50,2.2,0,corps,196.31115499958997,0.1869
39,2,445,222.50,2.2,0,corps,196.21502345697857,0.1674
40,0,445,445.00,1.3,0,famine_truncated,196.11893996812404,0.0150
41,2,248,124.00,2.2,0,corps,196.0229045090055,0.2774
42,1,884,884.00,1.8,0,famine_truncated,195.92691705561407,0.0528
43,2,226,113.00,2.2,0,corps,195.83097758395294,0.3466
44,2,532,266.00,2.2,0,corps,195.73508607003717,0.1316
45,2,304,152.00,2.2,0,corps,195.63924248989392,0.2472
46,2,443,221.50,2.2,0,corps,195.5434468195623,0.1325
47,0,445,445.00,1.3,0,famine_truncated,195.4476990350934,0.0167
48,2,287,143.50,2.2,0,corps,195.3519991125502,0.2586
49,2,75,37.50,2.2,0,corps,195.25634702800784,0.7850
50,2,457,228.50,2.2,0,corps,195.1607427575532,0.1937
51,2,198,99.00,2.2,0,corps,195.06518627728525,0.2648
52,0,445,445.00,1.3,0,famine_truncated,194.96967756331486,0.0252
53,1,646,646.00,1.8,0,famine_truncated,194.87421659176488,0.0564
54,2,290,145.00,2.2,0,corps,194.77880333877,0.2323
55,1,539,539.00,1.8,0,famine_truncated,194.683437780477,0.0776
56,2,48,24.00,2.2,0,corps,194.5881198930444,1.0625
57,3,299,99.67,2.7,0,corps,194.49284965264278,0.3327
58,1,517,517.00,1.8,0,famine_truncated,194.39762703545455,0.0749
59,0,445,445.00,1.3,0,famine_truncated,194.30245201767406,0.0162
60,1,582,582.00,1.8,0,famine_truncated,194.2073245755076,0.0582
61,2,549,274.50,2.2,0,corps,194.11224468517327,0.1134
62,0,445,445.00,1.3,0,famine_truncated,194.0172123229011,0.0265
63,1,542,542.00,1.8,0,famine_truncated,193.92222746493297,0.0745
64,2,580,290.00,2.2,0,corps,193.82729008752273,0.1126
65,1,533,533.00,1.8,0,famine_truncated,193.73240016693597,0.0721
66,3,364,121.33,2.7,0,corps,193.63755767945028,0.2549
67,2,333,166.50,2.2,0,corps,193.54276260135498,0.1978
68,2,381,190.50,2.2,0,corps,193.44801490895128,0.1902
69,0,445,445.00,1.3,0,famine_truncated,193.35331457855233,0.0282
70,2,743,371.50,2.2,0,corps,193.25866158648302,0.1001
71,1,528,528.00,1.8,0,famine_truncated,193.1640559090801,0.0864
72,2,297,148.50,2.2,0,corps,193.0694975226921,0.2682
73,2,139,69.50,2.2,0,corps,192.9749864036795,0.3979
74,2,547,273.50,2.2,0,corps,192.88052252841447,0.1430
75,2,211,105.50,2.2,0,corps,192.78610587328106,0.2834
76,2,219,109.50,2.2,0,corps,192.6917364146751,0.2893
77,2,444,222.00,2.2,0,corps,192.59741412900425,0.1387
78,2,197,98.50,2.2,0,corps,192.50313899268787,0.3036
79,2,155,77.50,2.2,0,corps,192.40891098215724,0.4422
80,0,445,445.00,1.3,0,famine_truncated,192.31473007385534,0.0283
81,3,470,156.67,2.7,0,corps,192.22059624423696,0.2323
82,2,156,78.00,2.2,0,corps,192.1265094697686,0.4062
83,2,233,116.50,2.2,0,corps,192.03246972692855,0.2357
84,2,218,109.00,2.2,0,corps,191.93847699220697,0.2440
85,2,315,157.50,2.2,0,corps,191.8445312421056,0.2662
86,2,159,79.50,2.2,0,corps,191.75063245313802,0.3539
87,2,37,18.50,2.2,0,corps,191.65678060182952,1.6398
88,2,106,53.00,2.2,0,corps,191.56297566471713,0.5117
89,2,240,120.00,2.2,0,corps,191.46921761834966,0.3055
90,1,514,514.00,1.8,0,famine_truncated,191.3755064392876,0.0954
91,0,445,445.00,1.3,0,famine_truncated,191.28184210410308,0.0378
92,2,284,142.00,2.2,0,corps,191.18822458938007,0.2148
93,1,627,627.00,1.8,0,famine_truncated,191.09465387171417,0.0826
94,2,491,245.50,2.2,0,corps,191.00112992771275,0.1697
95,2,246,123.00,2.2,0,corps,190.90765273399478,0.2692
96,2,271,135.50,2.2,0,corps,190.81422226719093,0.2685
97,2,376,188.00,2.2,0,corps,190.72083850394364,0.1900
98,2,254,127.00,2.2,0,corps,190.62750142090695,0.2589
99,2,159,79.50,2.2,0,corps,190.5342109947466,0.3243
100,2,399,199.50,2.2,0,corps,190.44096720213994,0.2060
101,3,235,78.33,2.7,0,corps,190.34777001977608,0.3827
102,1,555,555.00,1.8,0,famine_truncated,190.2546194243557,0.1024
103,2,517,258.50,2.2,0,corps,190.16151539259113,0.1540
104,2,59,29.50,2.2,0,corps,190.06845790120636,1.0026
105,0,445,445.00,1.3,0,famine_truncated,189.97544692693705,0.0444
106,3,177,59.00,2.7,0,corps,189.88248244653045,0.3787
107,2,109,54.50,2.2,0,corps,189.78956443674542,0.5666
108,2,95,47.50,2.2,0,corps,189.69669287435246,0.4575
109,3,218,72.67,2.7,0,corps,189.6038677361337,0.2791
110,2,82,41.00,2.2,0,corps,189.51108899888283,0.3842
111,2,599,299.50,2.2,0,corps,189.4183566394052,0.1374
112,2,208,104.00,2.2,0,corps,189.32567063451765,0.2832
113,2,262,131.00,2.2,0,corps,189.23303096104874,0.1646
114,2,323,161.50,2.2,0,corps,189.1404375958386,0.2349
115,2,62,31.00,2.2,0,corps,189.04789051573874,0.8483
116,2,426,213.00,2.2,0,corps,188.95538969761253,0.1654
117,2,643,321.50,2.2,0,corps,188.86293511833466,0.1474
118,2,183,91.50,2.2,0,corps,188.77052675479155,0.2753
119,2,151,75.50,2.2,0,corps,188.6781645838811,0.4674
120,3,409,136.33,2.7,0,corps,188.58584858251274,0.2049
121,2,368,184.00,2.2,0,corps,188.4935787276075,0.2373
122,2,195,97.50,2.2,0,corps,188.4013549960979,0.3049
123,2,233,116.50,2.2,0,corps,188.30917736492802,0.3080
124,2,70,35.00,2.2,0,corps,188.21704581105342,0.5958
125,2,293,146.50,2.2,0,corps,188.12496031144127,0.3090
126,2,395,197.50,2.2,0,corps,188.03292084307012,0.1809
127,2,199,99.50,2.2,0,corps,187.94092738293017,0.3624
128,2,610,305.00,2.2,0,corps,187.84897990802298,0.1629
129,2,305,152.50,2.2,0,corps,187.75707839536176,0.2755
130,2,372,186.00,2.2,0,corps,187.66522282197107,0.1953
131,2,750,375.00,2.2,0,corps,187.57341316488706,0.1511
132,2,389,194.50,2.2,0,corps,187.4816494011573,0.2106
133,2,215,107.50,2.2,0,corps,187.38993150784083,0.3558
134,2,481,240.50,2.2,0,corps,187.29825946200822,0.2066
135,2,258,129.00,2.2,0,corps,187.20663324074138,0.2043
136,2,195,97.50,2.2,0,corps,187.11505282113384,0.3311
137,2,371,185.50,2.2,0,corps,187.0235181802905,0.2107
138,2,344,172.00,2.2,0,corps,186.9320292953276,0.2883
139,2,477,238.50,2.2,0,corps,186.84058614337297,0.1621
140,2,417,208.50,2.2,0,corps,186.74918870156588,0.2120
141,2,206,103.00,2.2,0,corps,186.65783694705686,0.2881
142,2,282,141.00,2.2,0,corps,186.56653085700805,0.2453
143,0,445,445.00,1.3,0,famine_truncated,186.4752704085929,0.0943
144,3,293,97.67,2.7,0,corps,186.38405557899634,0.2546
145,2,262,131.00,2.2,0,corps,186.2928863454146,0.3339
146,2,73,36.50,2.2,0,corps,186.20176268505537,0.6408
147,2,369,184.50,2.2,0,corps,186.11068457513778,0.2059
148,2,385,192.50,2.2,0,corps,186.0196519928923,0.1758
149,2,211,105.50,2.2,0,corps,185.92866491556074,0.2578
150,2,181,90.50,2.2,0,corps,185.83772332039638,0.3869
151,2,107,53.50,2.2,0,corps,185.74682718466377,0.5766
152,2,710,355.00,2.2,0,corps,185.65597648563892,0.1543
153,2,266,133.00,2.2,0,corps,185.56517120060914,0.2378
154,2,129,64.50,2.2,0,corps,185.47441130687307,0.5217
155,2,399,199.50,2.2,0,corps,185.38369678174084,0.2198
156,2,402,201.00,2.2,0,corps,185.2930276025337,0.2153
157,2,167,83.50,2.2,0,corps,185.20240374658442,0.3739
158,1,584,584.00,1.8,0,famine_truncated,185.11182519123702,0.1545
159,3,337,112.33,2.7,0,corps,185.02129191384685,0.2455
160,2,656,328.00,2.2,0,corps,184.9308038917806,0.1846
161,0,445,445.00,1.3,0,famine_truncated,184.8403611024163,0.1334
162,3,180,60.00,2.7,0,corps,184.74996352314318,0.4313
163,2,197,98.50,2.2,0,corps,184.65961113136188,0.3509
164,0,445,445.00,1.3,0,famine_truncated,184.56930390448434,0.1246
165,2,581,290.50,2.2,0,corps,184.47904181993368,0.1882
166,2,585,292.50,2.2,0,corps,184.38882485514443,0.2076
167,2,85,42.50,2.2,0,corps,184.29865298756235,0.5390
168,2,263,131.50,2.2,0,corps,184.20852619464443,0.2239
169,2,249,124.50,2.2,0,corps,184.118444453859,0.3362
170,2,212,106.00,2.2,0,corps,184.02840774268566,0.3413
171,0,445,445.00,1.3,0,famine_truncated,183.93841603861514,0.1465
172,2,249,124.50,2.2,0,corps,183.8484693191496,0.2690
173,3,295,98.33,2.7,0,corps,183.75856756180232,0.5230
174,2,316,158.00,2.2,0,corps,183.66871074409787,0.2387
175,2,214,107.00,2.2,0,corps,183.578898843572,0.3780
176,2,401,200.50,2.2,0,corps,183.48913183777182,0.2840
177,2,553,276.50,2.2,0,corps,183.39940970425553,0.1808
178,2,483,241.50,2.2,0,corps,183.30973242059258,0.1829
179,2,185,92.50,2.2,0,corps,183.2200999643637,0.2658
180,3,290,96.67,2.7,0,corps,183.13051231316072,0.2930
181,2,170,85.00,2.2,0,corps,183.04096944458678,0.4424
182,2,119,59.50,2.2,0,corps,182.95147133625608,0.4113
183,3,64,21.33,2.7,0,corps,182.8620179657942,1.2454
184,2,146,73.00,2.2,0,corps,182.7726093108377,0.3725
185,2,374,187.00,2.2,0,corps,182.6832453490345,0.4607
186,2,231,115.50,2.2,0,corps,182.59392605804354,0.4688
187,2,98,49.00,2.2,0,corps,182.50465141553505,0.7655
188,2,51,25.50,2.2,0,corps,182.41542139919034,0.9342
189,1,505,505.00,1.8,0,famine_truncated,182.32623598670187,0.2379
190,2,74,37.00,2.2,0,corps,182.23709515577335,0.7889
191,1,644,644.00,1.8,0,famine_truncated,182.14799888411957,0.2277
192,2,289,144.50,2.2,0,corps,182.05894714946643,0.3887
193,2,385,192.50,2.2,0,corps,181.96993992955097,0.3066
194,2,335,167.50,2.2,0,corps,181.88097720212144,0.3792
195,2,116,58.00,2.2,0,corps,181.79205894493714,0.5792
196,2,420,210.00,2.2,0,corps,181.7031851357685,0.2389
197,2,285,142.50,2.2,0,corps,181.61435575239707,0.3710
198,2,150,75.00,2.2,0,corps,181.5255707726155,0.5276
199,2,147,73.50,2.2,0,corps,181.43683017422757,0.6293
200,2,181,90.50,2.2,0,corps,181.34813393504808,0.4372
201,2,166,83.00,2.2,0,corps,181.259482032903,0.4942
202,2,412,206.00,2.2,0,corps,181.17087444562935,0.1943
203,2,165,82.50,2.2,0,corps,181.08231115107526,0.2853
204,3,90,30.00,2.7,0,corps,180.99379212709985,0.7987
205,3,166,55.33,2.7,0,corps,180.90531735157342,0.5388
206,2,269,134.50,2.2,0,corps,180.81688680237724,0.2873
207,1,583,583.00,1.8,0,famine_truncated,180.72850045740367,0.1313
208,2,178,89.00,2.2,0,corps,180.64015829455616,0.3831
209,2,204,102.00,2.2,0,corps,180.5518602917491,0.3373
210,3,225,75.00,2.7,0,corps,180.46360642690806,0.3556
211,2,294,147.00,2.2,0,corps,180.37539667796955,0.1990
212,3,136,45.33,2.7,0,corps,180.28723102288112,0.5552
213,2,71,35.50,2.2,0,corps,180.19910943960136,0.8116
214,2,220,110.00,2.2,0,corps,180.11103190609987,0.3210
215,2,65,32.50,2.2,0,corps,180.02299840035732,0.5244
216,2,227,113.50,2.2,0,corps,179.93500890036523,0.2855
217,2,275,137.50,2.2,0,corps,179.8470633841263,0.2564
218,1,515,515.00,1.8,0,famine_truncated,179.75916182965415,0.2096
219,2,267,133.50,2.2,0,corps,179.67130421497336,0.2261
220,2,338,169.00,2.2,0,corps,179.58349051811953,0.2566
221,1,510,510.00,1.8,0,famine_truncated,179.49572071713925,0.1927
222,2,372,186.00,2.2,0,corps,179.40799479009007,0.2254
223,2,457,228.50,2.2,0,corps,179.3203127150405,0.2465
224,2,98,49.00,2.2,0,corps,179.23267447007,0.4511
225,3,258,86.00,2.7,0,corps,179.14508003326907,0.4565
226,2,552,276.00,2.2,0,corps,179.05752938273903,0.1791
227,2,234,117.00,2.2,0,corps,178.97002249659226,0.2987
228,2,547,273.50,2.2,0,corps,178.88255935295203,0.2556
229,2,230,115.00,2.2,0,corps,178.79513992995254,0.3616
230,3,281,93.67,2.7,0,corps,178.70776420573895,0.4195
231,2,410,205.00,2.2,0,corps,178.6204321584673,0.2315
232,2,330,165.00,2.2,0,corps,178.53314376630465,0.2703
233,2,424,212.00,2.2,0,corps,178.4458990074288,0.2010
234,2,334,167.00,2.2,0,corps,178.35869786002863,0.2929
235,2,67,33.50,2.2,0,corps,178.2715403023038,0.6934
236,2,295,147.50,2.2,0,corps,178.184426312465,0.3103
237,2,347,173.50,2.2,0,corps,178.09735586873367,0.2915
238,2,168,84.00,2.2,0,corps,178.0103289493422,0.4054
239,3,529,176.33,2.7,0,corps,177.92334553253392,0.2684
240,2,55,27.50,2.2,0,corps,177.83640559656286,0.7425
241,2,105,52.50,2.2,0,corps,177.74950911969415,0.4201
242,2,206,103.00,2.2,0,corps,177.66265608020362,0.2984
243,2,257,128.50,2.2,0,corps,177.575846456378,0.2813
244,2,87,43.50,2.2,0,corps,177.48908022651491,0.5256
245,2,161,80.50,2.2,0,corps,177.4023573689228,0.2072
246,2,170,85.00,2.2,0,corps,177.3156778619209,0.2587
247,2,284,142.00,2.2,0,corps,177.22904168383937,0.2062
248,2,207,103.50,2.2,0,corps,177.14244881301917,0.3056
249,3,173,57.67,2.7,0,corps,177.0558992278121,0.4174
250,2,478,239.00,2.2,0,corps,176.9693929065807,0.2368
251,2,248,124.00,2.2,0,corps,176.88292982769846,0.2327
252,2,395,197.50,2.2,0,corps,176.79650996954953,0.2091
253,3,490,163.33,2.7,0,corps,176.71013331052902,0.2557
254,2,121,60.50,2.2,0,corps,176.62379982904278,0.3044
255,2,253,126.50,2.2,0,corps,176.53750950350735,0.2625
256,2,153,76.50,2.2,0,corps,176.45126231235017,0.3178
257,2,228,114.00,2.2,0,corps,176.36505823400952,0.2764
258,2,185,92.50,2.2,0,corps,176.27889724693432,0.3271
259,2,71,35.50,2.2,0,corps,176.1927793295843,0.6467
260,2,437,218.50,2.2,0,corps,176.10670446043002,0.1947
261,2,242,121.00,2.2,0,corps,176.02067261795273,0.4161
262,2,116,58.00,2.2,0,corps,175.93468378064455,0.4589
263,2,220,110.00,2.2,0,corps,175.84873792700816,0.4319
264,2,240,120.00,2.2,0,corps,175.76283503555717,0.3355
265,2,399,199.50,2.2,0,corps,175.6769750848158,0.3193
266,2,167,83.50,2.2,0,corps,175.59115805331913,0.5234
267,2,300,150.00,2.2,0,corps,175.50538391961285,0.3374
268,2,256,128.00,2.2,0,corps,175.41965266225347,0.4226
269,2,251,125.50,2.2,0,corps,175.33396425980814,0.4335
270,2,123,61.50,2.2,0,corps,175.24831869085475,0.4804
271,2,301,150.50,2.2,0,corps,175.16271593398193,0.4122
272,3,69,23.00,2.7,0,corps,175.077155967789,0.9670
273,2,345,172.50,2.2,0,corps,174.9916387708859,0.3660
274,2,58,29.00,2.2,0,corps,174.90616432189344,1.3523
275,2,43,21.50,2.2,0,corps,174.82073259944292,1.7237
276,2,187,93.50,2.2,0,corps,174.73534358217648,0.4343
277,2,284,142.00,2.2,0,corps,174.64999724874679,0.3626
278,2,59,29.50,2.2,0,corps,174.5646935778173,0.8504
279,3,290,96.67,2.7,0,corps,174.4794325480621,0.4105
280,3,410,136.67,2.7,0,corps,174.39421413816595,0.3950
281,2,472,236.00,2.2,0,corps,174.3090383268242,0.3529
282,3,153,51.00,2.7,0,corps,174.2239050927429,0.5875
283,2,269,134.50,2.2,0,corps,174.13881441463877,0.4065
284,2,365,182.50,2.2,0,corps,174.05376627123917,0.3299
285,4,164,41.00,3.1,0,corps,173.96876064128196,0.7084
286,3,359,119.67,2.7,0,corps,173.88379750351584,0.4210
287,2,121,60.50,2.2,0,corps,173.79887683669995,0.6125
288,2,255,127.50,2.2,0,corps,173.71399861960418,0.4240
289,3,142,47.33,2.7,0,corps,173.62916283100895,0.6359
290,2,90,45.00,2.2,0,corps,173.5443694497053,0.6189
291,2,133,66.50,2.2,0,corps,173.4596184544949,0.3916
292,2,66,33.00,2.2,0,corps,173.37490982418998,0.6404
293,2,80,40.00,2.2,0,corps,173.2902435376134,0.5314
294,2,90,45.00,2.2,0,corps,173.20561957359863,0.5550
295,4,260,65.00,3.1,0,corps,173.12103791098957,0.5122
296,2,21,10.50,2.2,0,corps,173.03649852864092,1.8024
297,2,306,153.00,2.2,0,corps,172.95200140541775,0.4278
298,2,232,116.00,2.2,0,corps,172.86754652019582,0.3908
299,2,121,60.50,2.2,0,corps,172.78313385186138,0.3243
300,2,98,49.00,2.2,0,corps,172.69876337931134,0.6880
301,2,149,74.50,2.2,0,corps,172.61443508145297,0.4530
302,2,203,101.50,2.2,0,corps,172.53014893720427,0.5209
303,2,210,105.00,2.2,0,corps,172.44590492549366,0.4442
304,2,117,58.50,2.2,0,corps,172.3617030252602,0.5583
305,3,73,24.33,2.7,0,corps,172.27754321545333,0.8821
306,2,143,71.50,2.2,0,corps,172.19342547503317,0.4389
307,2,113,56.50,2.2,0,corps,172.10934978297027,0.4690
308,2,153,76.50,2.2,0,corps,172.02531611824568,0.4782
309,2,177,88.50,2.2,0,corps,171.941324459851,0.3952
310,2,126,63.00,2.2,0,corps,171.85737478678823,0.4784
311,3,367,122.33,2.7,0,corps,171.7734670780701,0.3466
312,3,345,115.00,2.7,0,corps,171.68960131271962,0.4357
313,2,286,143.00,2.2,0,corps,171.60577746977032,0.4257
314,3,347,115.67,2.7,0,corps,171.52199552826627,0.4426
315,2,166,83.00,2.2,0,corps,171.438255467262,0.3891
316,2,194,97.00,2.2,0,corps,171.35455726582242,0.5254
317,2,136,68.00,2.2,0,corps,171.27090090302306,0.6482
318,3,321,107.00,2.7,0,corps,171.18728635794977,0.3855
319,3,130,43.33,2.7,0,corps,171.10371360969899,0.5165
320,2,329,164.50,2.2,0,corps,171.02018263737742,0.3686
321,2,232,116.00,2.2,0,corps,170.93669342010242,0.4543
322,3,213,71.00,2.7,0,corps,170.85324593700162,0.5574
323,2,97,48.50,2.2,0,corps,170.7698401672132,0.4818
324,2,215,107.50,2.2,0,corps,170.68647608988567,0.3492
325,3,164,54.67,2.7,0,corps,170.60315368417804,0.5307
326,2,272,136.00,2.2,0,corps,170.5198729292597,0.4149
327,4,252,63.00,3.1,0,corps,170.43663380431045,0.4938
328,2,96,48.00,2.2,0,corps,170.35343628852053,0.5740
329,2,124,62.00,2.2,0,corps,170.27028036109053,0.4552
330,2,97,48.50,2.2,0,corps,170.1871660012315,0.6163
331,2,64,32.00,2.2,0,corps,170.10409318816485,0.8852
332,2,150,75.00,2.2,0,corps,170.02106190112232,0.5219
333,2,105,52.50,2.2,0,corps,169.93807211934617,0.6706
334,2,97,48.50,2.2,0,corps,169.8551238220889,0.5140
335,2,47,23.50,2.2,0,corps,169.77221698861345,0.9542
336,2,178,89.00,2.2,0,corps,169.68935159819313,0.4142
337,2,55,27.50,2.2,0,corps,169.60652763011154,0.6016
338,2,80,40.00,2.2,0,corps,169.52374506366272,0.9909
339,2,286,143.00,2.2,0,corps,169.44100387815107,0.4344
340,4,163,40.75,3.1,0,corps,169.3583040528912,0.6248
341,2,200,100.00,2.2,0,corps,169.27564556720822,0.5322
342,2,119,59.50,2.2,0,corps,169.1930284004375,0.4370
343,2,199,99.50,2.2,0,corps,169.11045253192475,0.6474
344,3,102,34.00,2.7,0,corps,169.02791794102598,0.8654
345,2,175,87.50,2.2,0,corps,168.94542460710758,0.5442
346,2,171,85.50,2.2,0,corps,168.86297250954615,0.7523
347,4,151,37.75,3.1,0,corps,168.78056162772873,1.6747
348,2,230,115.00,2.2,0,corps,168.69819194105256,0.5499
349,3,539,179.67,2.7,0,corps,168.61586342892525,0.4278
350,2,124,62.00,2.2,0,corps,168.53357607076464,0.5229
351,2,107,53.50,2.2,0,corps,168.4513298459989,0.8851
352,2,135,67.50,2.2,0,corps,168.3691247340665,0.7278
353,2,101,50.50,2.2,0,corps,168.28696071441613,0.8148
354,2,194,97.00,2.2,0,corps,168.20483776650678,0.5551
355,2,100,50.00,2.2,0,corps,168.12275586980775,0.7282
356,3,199,66.33,2.7,0,corps,168.04071500379857,0.5663
357,2,133,66.50,2.2,0,corps,167.95871514796895,0.6288
358,2,216,108.00,2.2,0,corps,167.87675628181896,0.4932
359,2,152,76.00,2.2,0,corps,167.7948383848589,0.4789
360,2,444,222.00,2.2,0,corps,167.71296143660933,0.4032
361,2,265,132.50,2.2,0,corps,167.63112541660092,0.4327
362,2,56,28.00,2.2,0,corps,167.54933030437476,0.8679
363,2,139,69.50,2.2,0,corps,167.467576079482,0.5625
364,2,172,86.00,2.2,0,corps,167.38586272148413,0.4575
365,2,49,24.50,2.2,0,corps,167.30419020995276,1.0471
366,2,56,28.00,2.2,0,corps,167.22255852446983,1.0499
367,2,239,119.50,2.2,0,corps,167.14096764462735,0.5665
368,2,306,153.00,2.2,0,corps,167.05941755002766,0.4416
369,0,445,445.00,1.3,0,famine_truncated,166.9779082202832,0.3943
370,2,431,215.50,2.2,0,corps,166.89643963501663,0.2819
371,2,356,178.00,2.2,0,corps,166.81501177386082,0.4298
372,2,158,79.00,2.2,0,corps,166.7336246164588,0.7209
373,2,138,69.00,2.2,0,corps,166.65227814246379,0.5410
374,2,161,80.50,2.2,0,corps,166.57097233153917,0.5132
375,2,360,180.00,2.2,0,corps,166.48970716335847,0.4439
376,2,65,32.50,2.2,0,corps,166.4084826176054,0.9260
377,4,123,30.75,3.1,0,corps,166.32729867397384,0.8889
378,2,101,50.50,2.2,0,corps,166.2461553121678,0.7983
379,3,109,36.33,2.7,0,corps,166.16505251190142,1.2146
380,2,141,70.50,2.2,0,corps,166.083990252899,0.6864
381,2,212,106.00,2.2,0,corps,166.00296851489503,0.5406
382,2,159,79.50,2.2,0,corps,165.92198727763397,0.5783
383,2,158,79.00,2.2,0,corps,165.8410465208706,0.3465
384,2,324,162.00,2.2,0,corps,165.76014622436975,0.3459
385,2,174,87.00,2.2,0,corps,165.67928636790626,0.5006
386,2,284,142.00,2.2,0,corps,165.59846693126522,0.3285
387,3,200,66.67,2.7,0,corps,165.51768789424173,0.5344
388,3,476,158.67,2.7,0,corps,165.43694923664108,0.3809
389,2,76,38.00,2.2,0,corps,165.35625093827852,0.5792
390,3,221,73.67,2.7,0,corps,165.2755929789796,0.6296
391,2,277,138.50,2.2,0,corps,165.19497533857975,0.3329
392,2,234,117.00,2.2,0,corps,165.11439799692457,0.3557
393,2,323,161.50,2.2,0,corps,165.03386093386973,0.3952
394,4,233,58.25,3.1,0,corps,164.95336412928097,1.1912
395,2,126,63.00,2.2,0,corps,164.87290756303406,0.6211
396,3,313,104.33,2.7,0,corps,164.79249121501488,0.4489
397,2,153,76.50,2.2,0,corps,164.71211506511935,0.5556
398,3,33,11.00,2.7,0,corps,164.6317790932534,1.6729
399,2,53,26.50,2.2,0,corps,164.5514832793331,0.9987
400,2,24,12.00,2.2,0,corps,164.47122760328443,2.0789
401,2,90,45.00,2.2,0,corps,164.39101204504354,0.7863
402,2,43,21.50,2.2,0,corps,164.31083658455645,0.9370
403,2,174,87.00,2.2,0,corps,164.23070120177937,0.4250
404,2,86,43.00,2.2,0,corps,164.15060587667838,0.5835
405,2,54,27.00,2.2,0,corps,164.07055058922973,0.7536
406,2,260,130.00,2.2,0,corps,163.99053531941954,0.4310
407,2,67,33.50,2.2,0,corps,163.91056004724405,0.7359
408,2,395,197.50,2.2,0,corps,163.83062475270938,0.3857
409,3,237,79.00,2.7,0,corps,163.7507294158317,0.5193
410,2,147,73.50,2.2,0,corps,163.67087401663724,0.5604
411,2,293,146.50,2.2,0,corps,163.59105853516215,0.3967
412,3,156,52.00,2.7,0,corps,163.51128295145244,0.6113
413,4,237,59.25,3.1,0,corps,163.43154724556436,0.6856
414,2,192,96.00,2.2,0,corps,163.3518513975639,0.3835
415,2,309,154.50,2.2,0,corps,163.27219538752715,0.3949
416,2,98,49.00,2.2,0,corps,163.19257919554008,0.6379
417,2,233,116.50,2.2,0,corps,163.11300280169857,0.5026
418,2,135,67.50,2.2,0,corps,163.03346618610863,0.4272
419,2,207,103.50,2.2,0,corps,162.95396932888607,0.3144
420,3,389,129.67,2.7,0,corps,162.87451221015667,0.2862
421,2,293,146.50,2.2,0,corps,162.79509481005613,0.3862
422,2,129,64.50,2.2,0,corps,162.71571710873016,0.6294
423,2,120,60.00,2.2,0,corps,162.63637908633427,0.4023
424,2,99,49.50,2.2,0,corps,162.55708072303398,0.5264
425,2,258,129.00,2.2,0,corps,162.47782199900468,0.3403
426,3,139,46.33,2.7,0,corps,162.39860289443172,0.7111
427,2,115,57.50,2.2,0,corps,162.31942338951032,0.5557
428,2,53,26.50,2.2,0,corps,162.24028346444555,0.6659
429,3,157,52.33,2.7,0,corps,162.1611830994525,0.4622
430,2,72,36.00,2.2,0,corps,162.08212227475607,0.6529
431,4,105,26.25,3.1,0,corps,162.00310097059102,0.9719
432,2,235,117.50,2.2,0,corps,161.924119167202,0.5309
433,2,48,24.00,2.2,0,corps,161.84517684484365,0.7087
434,2,131,65.50,2.2,0,corps,161.7662739837803,0.2648
435,2,53,26.50,2.2,0,corps,161.68741056428627,0.6595
436,2,164,82.00,2.2,0,corps,161.6085865666457,0.3494
437,2,167,83.50,2.2,0,corps,161.52980197115258,0.4127
438,2,58,29.00,2.2,0,corps,161.4510567581108,0.9902
439,2,84,42.00,2.2,0,corps,161.372350907834,0.5223
440,2,247,123.50,2.2,0,corps,161.2936844006458,0.4713
441,2,91,45.50,2.2,0,corps,161.21505721687944,0.6714
442,2,109,54.50,2.2,0,corps,161.13646933687826,0.7636
443,2,139,69.50,2.2,0,corps,161.05792074099523,0.7036
444,2,88,44.00,2.2,0,corps,160.9794114095932,0.9028
445,2,75,37.50,2.2,0,corps,160.90094132304483,0.6298
446,3,196,65.33,2.7,0,corps,160.8225104617326,0.6331
447,3,95,31.67,2.7,0,corps,160.74411880604882,0.5540
448,3,125,41.67,2.7,0,corps,160.66576633639556,0.9339
449,2,152,76.00,2.2,0,corps,160.5874530331847,0.4857
450,4,168,42.00,3.1,0,corps,160.50917887683792,0.8406
451,3,126,42.00,2.7,0,corps,160.43094384778664,0.7437
452,4,147,36.75,3.1,0,corps,160.35274792647215,0.6214
453,2,213,106.50,2.2,0,corps,160.27459109334546,0.4898
454,2,193,96.50,2.2,0,corps,160.19647332886737,0.4605
455,3,141,47.00,2.7,0,corps,160.1183946135084,0.6269
456,2,120,60.00,2.2,0,corps,160.04035492774892,0.5380
457,2,111,55.50,2.2,0,corps,159.962354252079,0.6807
458,2,84,42.00,2.2,0,corps,159.8843925669984,0.6295
459,2,179,89.50,2.2,0,corps,159.8064698530168,0.3746
460,5,153,30.60,3.6,0,corps,159.7285860906535,1.1471
461,2,129,64.50,2.2,0,corps,159.65074126043746,0.7953
462,2,173,86.50,2.2,0,corps,159.57293534290758,0.6714
463,2,72,36.00,2.2,0,corps,159.49516831861234,1.0989
464,4,98,24.50,3.1,0,corps,159.41744016811,1.2340
465,2,91,45.50,2.2,0,corps,159.33975087196853,1.0152
466,2,114,57.00,2.2,0,corps,159.26210041076556,0.7318
467,2,105,52.50,2.2,0,corps,159.18448876508847,0.6788
468,2,262,131.00,2.2,0,corps,159.10691591553444,0.5488
469,2,105,52.50,2.2,0,corps,159.0293818427102,0.7298
470,2,205,102.50,2.2,0,corps,158.95188652723218,0.5442
471,3,158,52.67,2.7,0,corps,158.87442994972662,0.6507
472,2,168,84.00,2.2,0,corps,158.79701209082933,0.3335
473,3,106,35.33,2.7,0,corps,158.7196329311859,0.8252
474,2,30,15.00,2.2,0,corps,158.6422924514515,1.0200
475,2,124,62.00,2.2,0,corps,158.56499063229103,0.6960
476,3,98,32.67,2.7,0,corps,158.487727454379,0.8646
477,2,499,249.50,2.2,0,corps,158.41050289839967,0.5190
478,2,117,58.50,2.2,0,corps,158.33331694504685,0.6859
479,2,148,74.00,2.2,0,corps,158.25616957502407,0.4647
480,3,171,57.00,2.7,0,corps,158.1790607690445,0.7099
481,2,61,30.50,2.2,0,corps,158.10199050783086,0.7622
482,2,212,106.00,2.2,0,corps,158.02495877211572,0.4396
483,2,315,157.50,2.2,0,corps,157.94796554264104,0.4125
484,2,176,88.00,2.2,0,corps,157.8710108001586,0.5116
485,3,143,47.67,2.7,0,corps,157.7940945254296,0.5949
486,2,145,72.50,2.2,0,corps,157.71721669922508,0.4810
487,4,228,57.00,3.1,0,corps,157.6403773023255,0.3973
488,2,199,99.50,2.2,0,corps,157.56357631552106,0.4372
489,2,127,63.50,2.2,0,corps,157.4868137196115,0.7018
490,3,219,73.00,2.7,0,corps,157.41008949540617,0.5375
491,2,54,27.00,2.2,0,corps,157.33340362372402,0.7333
492,5,208,41.60,3.6,0,corps,157.25675608539353,0.5969
493,2,104,52.00,2.2,0,corps,157.1801468612529,0.4342
494,2,179,89.50,2.2,0,corps,157.1035759321498,0.3197
495,2,32,16.00,2.2,0,corps,157.02704327894145,1.1315
496,2,42,21.00,2.2,0,corps,156.9505488824947,0.9040
497,2,188,94.00,2.2,0,corps,156.874092723686,0.5594
498,2,60,30.00,2.2,0,corps,156.79767478340128,0.6065
499,2,69,34.50,2.2,0,corps,156.721295042536,0.5313
500,2,78,39.00,2.2,0,corps,156.64495348199537,0.4774
501,3,184,61.33,2.7,0,corps,156.56865008269384,0.7023
502,2,41,20.50,2.2,0,corps,156.49238482555563,1.6602
503,2,41,20.50,2.2,0,corps,156.41615769151446,1.1199
504,2,121,60.50,2.2,0,corps,156.33996866151344,0.6636
505,4,115,28.75,3.1,0,corps,156.26381771650543,2.7174
506,2,94,47.00,2.2,0,corps,156.1877048374526,0.6625
507,2,46,23.00,2.2,0,corps,156.1116300053268,1.2888
508,2,146,73.00,2.2,0,corps,156.03559320110932,0.7894
509,2,75,37.50,2.2,0,corps,155.95959440579088,0.6956
510,2,60,30.00,2.2,0,corps,155.88363360037187,0.6139
511,2,53,26.50,2.2,0,corps,155.80771076586203,0.7940
512,2,96,48.00,2.2,0,corps,155.7318258832807,1.0269
513,2,161,80.50,2.2,0,corps,155.6559789336566,0.6129
514,2,26,13.00,2.2,0,corps,155.580169898028,1.3543
515,2,134,67.00,2.2,0,corps,155.50439875744271,0.6568
516,2,120,60.00,2.2,0,corps,155.42866549295792,0.7899
517,3,111,37.00,2.7,0,corps,155.3529700856402,0.6817
518,2,35,17.50,2.2,0,corps,155.27731251656587,0.9668
519,2,83,41.50,2.2,0,corps,155.20169276682046,0.8288
520,2,145,72.50,2.2,0,corps,155.12611081749898,0.6121
521,3,169,56.33,2.7,0,corps,155.050566649706,1.0271
522,4,183,45.75,3.1,0,corps,154.97506024455552,0.7932
523,3,131,43.67,2.7,0,corps,154.89959158317083,0.7548
524,5,166,33.20,3.6,0,corps,154.82416064668487,1.0905
525,2,104,52.00,2.2,0,corps,154.74876741623982,0.6018
526,2,106,53.00,2.2,0,corps,154.67341187298743,0.6173
527,3,75,25.00,2.7,0,corps,154.59809399808876,1.2579
528,2,80,40.00,2.2,0,corps,154.5228137727144,0.5494
529,2,71,35.50,2.2,0,corps,154.44757117804429,0.8410
530,2,22,11.00,2.2,0,corps,154.37236619526772,1.0274
531,2,117,58.50,2.2,0,corps,154.2971988055835,0.7079
532,2,121,60.50,2.2,0,corps,154.22206899019977,0.5635
533,2,171,85.50,2.2,0,corps,154.14697673033405,0.4089
534,2,149,74.50,2.2,0,corps,154.0719220072133,0.4436
535,2,96,48.00,2.2,0,corps,153.99690480207383,0.5520
536,2,68,34.00,2.2,0,corps,153.92192509616135,0.5790
537,2,116,58.00,2.2,0,corps,153.8469828707309,0.5740
538,2,160,80.00,2.2,0,corps,153.772078107047,0.5069
539,2,108,54.00,2.2,0,corps,153.69721078638338,0.9037
540,3,104,34.67,2.7,0,corps,153.62238089002324,0.7438
541,2,80,40.00,2.2,0,corps,153.54758839925907,0.9856
542,2,32,16.00,2.2,0,corps,153.4728332953928,1.8590
543,2,61,30.50,2.2,0,corps,153.39811555973566,1.1857
544,3,161,53.67,2.7,0,corps,153.32343517360815,1.0241
545,2,95,47.50,2.2,0,corps,153.24879211834022,1.0638
546,2,147,73.50,2.2,0,corps,153.17418637527112,0.9026
547,2,184,92.00,2.2,0,corps,153.09961792574938,0.7024
548,3,64,21.33,2.7,0,corps,153.02508675113287,0.9420
549,3,160,53.33,2.7,0,corps,152.95059283278886,0.9007
550,2,90,45.00,2.2,0,corps,152.8761361520938,1.0952
551,2,236,118.00,2.2,0,corps,152.80171669043358,0.8125
552,4,142,35.50,3.1,0,corps,152.7273344292033,1.0716
553,2,172,86.00,2.2,0,corps,152.65298934980743,0.7213
554,3,125,41.67,2.7,0,corps,152.57868143365963,0.9879
555,2,106,53.00,2.2,0,corps,152.50441066218298,0.8587
556,2,183,91.50,2.2,0,corps,152.43017701680975,1.0077
557,2,30,15.00,2.2,0,corps,152.35598047898156,1.4826
558,3,290,96.67,2.7,0,corps,152.2818210301493,0.7728
559,2,74,37.00,2.2,0,corps,152.20769865177303,0.8090
560,3,86,28.67,2.7,0,corps,152.1336133253222,0.9675
561,2,92,46.00,2.2,0,corps,152.05956503227546,1.0729
562,2,196,98.00,2.2,0,corps,151.98555375412076,1.0212
563,3,138,46.00,2.7,0,corps,151.9115794723553,0.9711
564,3,77,25.67,2.7,0,corps,151.83764216848544,1.1485
565,2,168,84.00,2.2,0,corps,151.7637418240269,0.5515
566,2,84,42.00,2.2,0,corps,151.68987842050458,0.8733
567,2,60,30.00,2.2,0,corps,151.61605193945263,1.0172
568,2,190,95.00,2.2,0,corps,151.54226236241445,0.8097
569,2,71,35.50,2.2,0,corps,151.46850967094264,0.6964
570,2,24,12.00,2.2,0,corps,151.394793846599,1.3817
571,2,107,53.50,2.2,0,corps,151.32111487095457,1.2620
572,2,76,38.00,2.2,0,corps,151.24747272558966,0.8165
573,2,180,90.00,2.2,0,corps,151.17386739209368,0.7743
574,2,39,19.50,2.2,0,corps,151.10029885206532,1.4050
575,4,90,22.50,3.1,0,corps,151.02676708711243,1.5446
576,2,87,43.50,2.2,0,corps,150.9532720788521,1.0431
577,2,151,75.50,2.2,0,corps,150.87981380891054,0.7739
578,2,98,49.00,2.2,0,corps,150.80639225892318,0.5754
579,2,96,48.00,2.2,0,corps,150.73300741053467,0.6634
580,2,196,98.00,2.2,0,corps,150.65965924539879,0.7224
581,2,65,32.50,2.2,0,corps,150.58634774517847,1.2643
582,2,201,100.50,2.2,0,corps,150.51307289154585,0.7266
583,2,54,27.00,2.2,0,corps,150.4398346661822,1.2491
584,3,61,20.33,2.7,0,corps,150.366633050778,1.2063
585,2,134,67.00,2.2,0,corps,150.29346802703282,0.5555
586,2,78,39.00,2.2,0,corps,150.22033957665542,0.8153
587,2,91,45.50,2.2,0,corps,150.14724768136364,1.2665
588,2,46,23.00,2.2,0,corps,150.07419232288456,1.0185
589,4,78,19.50,3.1,0,corps,150.00117348295433,1.0641
590,2,205,102.50,2.2,0,corps,149.92819114331826,0.7471
591,2,27,13.50,2.2,0,corps,149.8552452857307,1.5056
592,4,128,32.00,3.1,0,corps,149.7823358919552,0.8509
593,2,114,57.00,2.2,0,corps,149.70946294376446,0.8077
594,2,100,50.00,2.2,0,corps,149.6366264229402,0.8798
595,4,88,22.00,3.1,0,corps,149.56382631127335,1.4028
596,2,183,91.50,2.2,0,corps,149.49106259056379,0.8272
597,2,136,68.00,2.2,0,corps,149.41833524262063,0.8498
598,2,61,30.50,2.2,0,corps,149.34564424926208,0.6780
599,2,82,41.00,2.2,0,corps,149.2729895923153,0.8082
600,2,81,40.50,2.2,0,corps,149.2003712536167,0.7631
601,3,62,20.67,2.7,0,corps,149.12778921501166,0.9402
602,4,223,55.75,3.1,0,corps,149.0552434583547,0.7504
603,3,147,49.00,2.7,0,corps,148.98273396550934,0.6511
604,3,109,36.33,2.7,0,corps,148.91026071834824,0.6869
605,4,124,31.00,3.1,0,corps,148.83782369875306,0.8183
606,4,183,45.75,3.1,0,corps,148.76542288861458,0.9000
607,2,177,88.50,2.2,0,corps,148.69305826983256,0.4473
608,2,37,18.50,2.2,0,corps,148.62072982431587,1.1934
609,2,200,100.00,2.2,0,corps,148.5484375339824,0.6072
610,4,91,22.75,3.1,0,corps,148.47618138075904,0.9763
611,2,67,33.50,2.2,0,corps,148.40396134658178,0.9862
612,2,87,43.50,2.2,0,corps,148.3317774133956,0.9733
613,2,59,29.50,2.2,0,corps,148.25962956315456,0.7680
614,2,63,31.50,2.2,0,corps,148.18751777782165,0.9044
615,2,62,31.00,2.2,0,corps,148.11544203936893,0.9448
616,3,83,27.67,2.7,0,corps,148.04340232977745,0.7726
617,2,63,31.50,2.2,0,corps,147.97139863103735,0.8522
618,2,52,26.00,2.2,0,corps,147.8994309251476,0.9803
619,3,96,32.00,2.7,0,corps,147.82749919411637,0.7227
620,2,99,49.50,2.2,0,corps,147.7556034199607,0.6378
621,2,48,24.00,2.2,0,corps,147.6837435847066,1.2167
622,2,48,24.00,2.2,0,corps,147.61191967038917,1.4762
623,2,83,41.50,2.2,0,corps,147.5401316590524,0.7561
624,2,108,54.00,2.2,0,corps,147.46837953274928,0.7824
625,2,56,28.00,2.2,0,corps,147.3966632735418,0.7768
626,2,83,41.50,2.2,0,corps,147.32498286350088,1.0084
627,2,104,52.00,2.2,0,corps,147.25333828470642,0.7849
628,2,67,33.50,2.2,0,corps,147.18172951924728,0.7536
629,2,61,30.50,2.2,0,corps,147.11015654922127,0.6958
630,2,70,35.00,2.2,0,corps,147.03861935673515,0.7304
631,3,97,32.33,2.7,0,corps,146.96711792390457,0.6215
632,2,107,53.50,2.2,0,corps,146.89565223285425,0.5183
633,4,76,19.00,3.1,0,corps,146.82422226571776,1.5909
634,3,59,19.67,2.7,0,corps,146.75282800463754,1.5258
635,2,41,20.50,2.2,0,corps,146.68146943176507,1.0481
636,2,108,54.00,2.2,0,corps,146.61014652926073,0.7021
637,2,29,14.50,2.2,0,corps,146.53885927929372,1.6557
638,2,133,66.50,2.2,0,corps,146.4676076640423,0.9311
639,2,149,74.50,2.2,0,corps,146.39639166569353,0.5752
640,2,104,52.00,2.2,0,corps,146.32521126644343,0.7544
641,2,84,42.00,2.2,0,corps,146.25406644849687,0.9481
642,4,60,15.00,3.1,0,corps,146.18295719406765,1.2224
643,2,92,46.00,2.2,0,corps,146.1118834853785,0.9108
644,3,208,69.33,2.7,0,corps,146.04084530466096,0.7470
645,2,100,50.00,2.2,0,corps,145.96984263415547,0.9705
646,2,75,37.50,2.2,0,corps,145.8988754561114,0.9131
647,2,54,27.00,2.2,0,corps,145.82794375278692,0.7463
648,3,117,39.00,2.7,0,corps,145.7570475064491,0.9158
649,2,191,95.50,2.2,0,corps,145.68618669937393,0.7081
650,2,79,39.50,2.2,0,corps,145.61536131384617,0.8528
651,2,31,15.50,2.2,0,corps,145.54457133215942,1.0936
652,2,78,39.00,2.2,0,corps,145.4738167366163,0.8172
653,2,84,42.00,2.2,0,corps,145.4030975095281,0.8531
654,2,104,52.00,2.2,0,corps,145.332413633215,0.7113
655,2,115,57.50,2.2,0,corps,145.261765090006,0.8080
656,2,53,26.50,2.2,0,corps,145.19115186223908,0.8768
657,2,174,87.00,2.2,0,corps,145.1205739322608,0.6170
658,2,156,78.00,2.2,0,corps,145.0500312824268,0.7123
659,3,66,22.00,2.7,0,corps,144.9795238951013,1.4319
660,3,85,28.33,2.7,0,corps,144.90905175265755,1.0040
661,3,154,51.33,2.7,0,corps,144.83861483747742,1.1136
662,2,31,15.50,2.2,0,corps,144.7682131319518,1.1402
663,2,191,95.50,2.2,0,corps,144.69784661848016,0.6701
664,4,169,42.25,3.1,0,corps,144.62751527947088,0.6737
665,3,107,35.67,2.7,0,corps,144.55721909734118,0.9224
666,3,259,86.33,2.7,0,corps,144.486958054517,0.7211
667,3,51,17.00,2.7,0,corps,144.41673213343304,1.9949
668,2,184,92.00,2.2,0,corps,144.34654131653286,0.6009
669,3,154,51.33,2.7,0,corps,144.27638558626873,0.8160
670,2,56,28.00,2.2,0,corps,144.20626492510172,0.8197
671,2,228,114.00,2.2,0,corps,144.13617931550172,0.7954
672,2,59,29.50,2.2,0,corps,144.06612873994723,1.2193
673,2,67,33.50,2.2,0,corps,143.99611318092568,0.8595
674,2,76,38.00,2.2,0,corps,143.92613262093312,1.2652
675,3,108,36.00,2.7,0,corps,143.85618704247446,0.5433
676,2,166,83.00,2.2,0,corps,143.78627642806333,0.8105
677,2,99,49.50,2.2,0,corps,143.716400760222,0.5946
678,2,197,98.50,2.2,0,corps,143.6465600214816,0.5912
679,2,125,62.50,2.2,0,corps,143.5767541943819,0.7279
680,3,137,45.67,2.7,0,corps,143.50698326147148,0.8264
681,2,52,26.00,2.2,0,corps,143.43724720530764,1.1093
682,2,69,34.50,2.2,0,corps,143.36754600845632,0.5879
683,3,71,23.67,2.7,0,corps,143.2978796534922,1.5432
684,3,91,30.33,2.7,0,corps,143.22824812299874,0.8136
685,2,123,61.50,2.2,0,corps,143.15865139956804,0.5956
686,2,61,30.50,2.2,0,corps,143.0890894658009,0.8366
687,2,77,38.50,2.2,0,corps,143.01956230430685,0.7098
688,3,91,30.33,2.7,0,corps,142.9500698977041,0.9754
689,2,32,16.00,2.2,0,corps,142.88061222861955,1.8078
690,2,114,57.00,2.2,0,corps,142.8111892796888,0.5653
691,2,158,79.00,2.2,0,corps,142.74180103355607,0.5808
692,2,94,47.00,2.2,0,corps,142.67244747287432,0.5854
693,3,38,12.67,2.7,0,corps,142.60312858030517,1.6161
694,3,92,30.67,2.7,0,corps,142.5338443385189,0.8571
695,2,87,43.50,2.2,0,corps,142.46459473019442,0.7994
696,2,123,61.50,2.2,0,corps,142.39537973801936,0.7904
697,2,71,35.50,2.2,0,corps,142.32619934468994,0.7189
698,2,84,42.00,2.2,0,corps,142.25705353291107,0.8861
699,2,107,53.50,2.2,0,corps,142.1879422853963,0.6206
700,2,115,57.50,2.2,0,corps,142.11886558486785,0.7276
701,3,137,45.67,2.7,0,corps,142.0498234140565,0.6156
702,2,45,22.50,2.2,0,corps,141.9808157557017,1.4230
703,2,245,122.50,2.2,0,corps,141.91184259255158,0.8215
704,2,78,39.00,2.2,0,corps,141.84290390736282,0.6661
705,4,80,20.00,3.1,0,corps,141.77399968290075,1.1047
706,2,93,46.50,2.2,0,corps,141.70512990193936,0.8621
707,2,82,41.00,2.2,0,corps,141.6362945472611,0.8018
708,2,84,42.00,2.2,0,corps,141.56749360165725,0.7218
709,2,160,80.00,2.2,0,corps,141.49872704792747,0.8481
710,2,99,49.50,2.2,0,corps,141.4299948688802,0.6558
711,4,217,54.25,3.1,0,corps,141.36129704733233,0.7397
712,2,136,68.00,2.2,0,corps,141.29263356610946,0.8288
713,2,144,72.00,2.2,0,corps,141.2240044080457,0.5688
714,2,83,41.50,2.2,0,corps,141.15540955598377,0.6311
715,2,215,107.50,2.2,0,corps,141.08684899277492,0.6030
716,2,138,69.00,2.2,0,corps,141.01832270127903,0.6500
717,3,98,32.67,2.7,0,corps,140.94983066436455,0.7735
718,2,114,57.00,2.2,0,corps,140.88137286490843,0.5832
719,2,130,65.00,2.2,0,corps,140.81294928579624,0.8359
720,4,166,41.50,3.1,0,corps,140.74455990992206,0.8876
721,2,107,53.50,2.2,0,corps,140.67620472018865,0.7048
722,2,88,44.00,2.2,0,corps,140.60788369950706,0.6842
723,3,113,37.67,2.7,0,corps,140.5395968307971,0.8901
724,3,72,24.00,2.7,0,corps,140.4713440969871,1.0184
725,3,93,31.00,2.7,0,corps,140.40312548101383,0.8246
726,2,143,71.50,2.2,0,corps,140.33494096582265,0.6827
727,4,111,27.75,3.1,0,corps,140.26679053436737,0.9798
728,2,41,20.50,2.2,0,corps,140.19867416961048,0.9334
729,3,78,26.00,2.7,0,corps,140.13059185452283,0.7278
730,2,75,37.50,2.2,0,corps,140.06254357208385,0.8380
731,3,104,34.67,2.7,0,corps,139.9945293052815,0.9895
732,2,30,15.00,2.2,0,corps,139.92654903711215,0.8610
733,4,140,35.00,3.1,0,corps,139.8586027505808,0.8271
734,2,43,21.50,2.2,0,corps,139.79069042870077,1.2494
735,3,200,66.67,2.7,0,corps,139.7228120544941,0.5675
736,2,59,29.50,2.2,0,corps,139.65496761099118,0.7350
737,3,102,34.00,2.7,0,corps,139.58715708123083,1.0588
738,5,165,33.00,3.6,0,corps,139.51938044826048,2.5849
739,2,134,67.00,2.2,0,corps,139.4516376951359,0.6674
740,3,94,31.33,2.7,0,corps,139.3839288049215,0.8761
741,3,84,28.00,2.7,0,corps,139.31625376069002,1.0025
742,2,77,38.50,2.2,0,corps,139.24861254552266,1.0091
743,2,104,52.00,2.2,0,corps,139.18100514250912,0.8366
744,3,134,44.67,2.7,0,corps,139.1134315347476,0.8928
745,2,60,30.00,2.2,0,corps,139.04589170534464,0.4255
746,2,142,71.00,2.2,0,corps,138.97838563741533,0.8924
747,5,135,27.00,3.6,0,corps,138.91091331408313,1.0650
748,2,237,118.50,2.2,0,corps,138.84347471847997,0.6451
749,3,158,52.67,2.7,0,corps,138.77606983374616,0.7425
750,2,115,57.50,2.2,0,corps,138.70869864303057,0.8945
751,3,108,36.00,2.7,0,corps,138.6413611294903,0.7858
752,5,101,20.20,3.6,0,corps,138.574057276291,1.1263
753,2,168,84.00,2.2,0,corps,138.50678706660673,0.9162
754,3,127,42.33,2.7,0,corps,138.43955048361997,0.8990
755,2,35,17.50,2.2,0,corps,138.37234751052148,1.2941
756,3,141,47.00,2.7,0,corps,138.30517813051057,1.1235
757,2,87,43.50,2.2,0,corps,138.2380423267949,0.7924
758,2,51,25.50,2.2,0,corps,138.17094008259053,0.9168
759,3,90,30.00,2.7,0,corps,138.10387138112188,0.8717
760,3,32,10.67,2.7,0,corps,138.03683620562174,1.3653
761,2,101,50.50,2.2,0,corps,137.96983453933137,0.7504
762,2,27,13.50,2.2,0,corps,137.90286636550033,1.3660
763,4,33,8.25,3.1,0,corps,137.8359316673866,3.0867
764,3,95,31.67,2.7,0,corps,137.76903042825646,0.7747
765,6,220,36.67,4.0,0,corps,137.70216263138465,0.9927
766,3,96,32.00,2.7,0,corps,137.63532826005417,0.7961
767,2,61,30.50,2.2,0,corps,137.56852729755644,0.6781
768,3,27,9.00,2.7,0,corps,137.50175972719123,2.2529
769,3,101,33.67,2.7,0,corps,137.43502553226668,0.6437
770,2,79,39.50,2.2,0,corps,137.3683246960992,0.9068
771,2,71,35.50,2.2,0,corps,137.30165720201356,0.9671
772,2,51,25.50,2.2,0,corps,137.2350230333429,0.6912
773,2,55,27.50,2.2,0,corps,137.16842217342875,0.7427
774,2,44,22.00,2.2,0,corps,137.10185460562082,1.0417
775,2,129,64.50,2.2,0,corps,137.0353203132772,0.6237
776,6,150,25.00,4.0,0,corps,136.96881927976438,2.7909
777,4,62,15.50,3.1,0,corps,136.9023514884571,1.1640
778,2,98,49.00,2.2,0,corps,136.83591692273833,0.7333
779,3,158,52.67,2.7,0,corps,136.7695155659995,0.7855
780,3,59,19.67,2.7,0,corps,136.70314740164028,1.3877
781,4,60,15.00,3.1,0,corps,136.63681241306858,1.7990
782,2,72,36.00,2.2,0,corps,136.57051058370067,1.2836
783,2,42,21.00,2.2,0,corps,136.5042418969611,1.2455
784,4,206,51.50,3.1,0,corps,136.43800633628268,0.9888
785,2,184,92.00,2.2,0,corps,136.37180388510657,0.7409
786,2,67,33.50,2.2,0,corps,136.3056345268821,0.8479
787,2,111,55.50,2.2,0,corps,136.23949824506695,0.8528
788,2,56,28.00,2.2,0,corps,136.17339502312706,1.0705
789,2,67,33.50,2.2,0,corps,136.1073248445366,0.9228
790,2,149,74.50,2.2,0,corps,136.04128769277807,1.0473
791,2,30,15.00,2.2,0,corps,135.97528355134213,1.7244
792,2,100,50.00,2.2,0,corps,135.9093124037277,0.5714
793,2,104,52.00,2.2,0,corps,135.84337423344215,0.5947
794,2,48,24.00,2.2,0,corps,135.7774690240008,1.1617
795,2,19,9.50,2.2,0,corps,135.71159675892744,1.0783
796,2,64,32.00,2.2,0,corps,135.6457574217539,1.0609
797,2,62,31.00,2.2,0,corps,135.57995099602041,1.1001
798,2,160,80.00,2.2,0,corps,135.5141774652754,0.7847
799,3,77,25.67,2.7,0,corps,135.4484368130754,1.0984
800,2,62,31.00,2.2,0,corps,135.3827290229853,0.8802
801,5,85,17.00,3.6,0,corps,135.31705407857814,0.9258
802,2,58,29.00,2.2,0,corps,135.25141196343517,0.7158
803,2,133,66.50,2.2,0,corps,135.18580266114589,0.7035
804,2,71,35.50,2.2,0,corps,135.12022615530796,0.9072
805,2,127,63.50,2.2,0,corps,135.05468242952725,0.6662
806,2,45,22.50,2.2,0,corps,134.98917146741783,1.3316
807,2,60,30.00,2.2,0,corps,134.92369325260196,0.8935
808,6,101,16.83,4.0,0,corps,134.85824776871007,1.5958
809,3,79,26.33,2.7,0,corps,134.7928349993808,1.0507
810,2,52,26.00,2.2,0,corps,134.72745492826098,1.0097
811,2,61,30.50,2.2,0,corps,134.66210753900558,0.9504
812,3,145,48.33,2.7,0,corps,134.59679281527772,0.6660
813,2,30,15.00,2.2,0,corps,134.53151074074876,1.5623
814,2,92,46.00,2.2,0,corps,134.46626129909816,0.9263
815,2,74,37.00,2.2,0,corps,134.4010444740136,0.8719
816,3,70,23.33,2.7,0,corps,134.33586024919077,0.9727
817,3,71,23.67,2.7,0,corps,134.27070860833373,1.1347
818,2,102,51.00,2.2,0,corps,134.2055895351545,0.8128
819,2,68,34.00,2.2,0,corps,134.14050301337332,0.9669
820,2,41,20.50,2.2,0,corps,134.0754490267186,1.4158
821,2,58,29.00,2.2,0,corps,134.0104275589268,0.7876
822,2,71,35.50,2.2,0,corps,133.94543859374258,0.7173
823,3,89,29.67,2.7,0,corps,133.88048211491866,0.8239
824,2,50,25.00,2.2,0,corps,133.81555810621597,0.8681
825,3,89,29.67,2.7,0,corps,133.75066655140347,1.0809
826,2,78,39.00,2.2,0,corps,133.6858074342583,0.7138
827,2,144,72.00,2.2,0,corps,133.62098073856563,1.0434
828,3,105,35.00,2.7,0,corps,133.55618644811886,0.9283
829,2,74,37.00,2.2,0,corps,133.49142454671934,0.6944
830,4,104,26.00,3.1,0,corps,133.42669501817664,0.9507
831,3,36,12.00,2.7,0,corps,133.36199784630838,2.1071
832,4,111,27.75,3.1,0,corps,133.29733301494025,1.4141
833,2,32,16.00,2.2,0,corps,133.23270050790606,1.8614
834,2,44,22.00,2.2,0,corps,133.16810030904767,0.9915
835,2,77,38.50,2.2,0,corps,133.10353240221502,1.3616
836,2,166,83.00,2.2,0,corps,133.0389967712661,0.8536
837,2,83,41.50,2.2,0,corps,132.97449340006713,0.9955
838,2,32,16.00,2.2,0,corps,132.91002227249214,0.9424
839,2,73,36.50,2.2,0,corps,132.8455833724234,0.7762
840,2,51,25.50,2.2,0,corps,132.78117668375114,1.1523
841,2,73,36.50,2.2,0,corps,132.71680219037373,1.0017
842,2,42,21.00,2.2,0,corps,132.65245987619755,1.1995
843,2,44,22.00,2.2,0,corps,132.58814972513701,0.9586
844,4,266,66.50,3.1,0,corps,132.5238717211146,0.8104
845,6,81,13.50,4.0,0,corps,132.45962584806074,1.6619
846,3,105,35.00,2.7,0,corps,132.39541208991403,1.0659
847,3,49,16.33,2.7,0,corps,132.33123043062102,1.1759
848,2,36,18.00,2.2,0,corps,132.26708085413628,1.2688
849,2,82,41.00,2.2,0,corps,132.20296334442241,1.1686
850,4,113,28.25,3.1,0,corps,132.13887788545006,1.2075
851,2,58,29.00,2.2,0,corps,132.07482446119786,1.0731
852,2,76,38.00,2.2,0,corps,132.01080305565242,1.0539
853,2,41,20.50,2.2,0,corps,131.94681365280843,0.9720
854,2,75,37.50,2.2,0,corps,131.8828562366685,0.9296
855,2,73,36.50,2.2,0,corps,131.8189307912433,1.1477
856,2,57,28.50,2.2,0,corps,131.75503730055146,1.3843
857,2,55,27.50,2.2,0,corps,131.69117574861963,1.4494
858,3,50,16.67,2.7,0,corps,131.62734611948238,1.3786
859,4,171,42.75,3.1,0,corps,131.56354839718233,1.0698
860,3,67,22.33,2.7,0,corps,131.49978256577003,1.5633
861,2,116,58.00,2.2,0,corps,131.43604860930407,1.0041
862,2,93,46.50,2.2,0,corps,131.37234651185094,0.6052
863,2,29,14.50,2.2,0,corps,131.30867625748505,1.8242
864,3,113,37.67,2.7,0,corps,131.24503783028888,0.9600
865,3,52,17.33,2.7,0,corps,131.18143121435287,1.2847
866,2,69,34.50,2.2,0,corps,131.1178563937753,0.8377
867,2,79,39.50,2.2,0,corps,131.05431335266252,0.5976
868,2,60,30.00,2.2,0,corps,130.99080207512873,1.0293
869,2,58,29.00,2.2,0,corps,130.9273225452961,1.5987
870,4,92,23.00,3.1,0,corps,130.8638747472948,0.8609
871,3,153,51.00,2.7,0,corps,130.8004586652628,0.8629
872,5,124,24.80,3.6,0,corps,130.73707428334617,1.4732
873,2,59,29.50,2.2,0,corps,130.67372158569876,0.8499
874,3,69,23.00,2.7,0,corps,130.6104005564824,1.0003
875,4,139,34.75,3.1,0,corps,130.54711117986685,0.9907
876,2,75,37.50,2.2,0,corps,130.48385344002972,1.0100
877,6,144,24.00,4.0,0,corps,130.42062732115664,0.9718
878,2,55,27.50,2.2,0,corps,130.35743280744106,1.0610
879,3,78,26.00,2.7,0,corps,130.29426988308433,0.9972
880,2,94,47.00,2.2,0,corps,130.23113853229572,0.7371
881,2,81,40.50,2.2,0,corps,130.1680387392924,0.6099
882,2,35,17.50,2.2,0,corps,130.10497048829941,1.4176
883,3,89,29.67,2.7,0,corps,130.04193376354974,1.3338
884,2,87,43.50,2.2,0,corps,129.97892854928412,0.9416
885,4,138,34.50,3.1,0,corps,129.9159548297513,0.7316
886,2,30,15.00,2.2,0,corps,129.85301258920788,1.7611
887,4,109,27.25,3.1,0,corps,129.79010181191825,0.9771
888,2,73,36.50,2.2,0,corps,129.7272224821547,1.0376
889,2,102,51.00,2.2,0,corps,129.66437458419745,1.0638
890,2,94,47.00,2.2,0,corps,129.60155810233448,0.6947
891,3,91,30.33,2.7,0,corps,129.5387730208617,0.8851
892,8,206,25.75,4.9,0,corps,129.47601932408284,1.0397
893,2,99,49.50,2.2,0,corps,129.41329699630944,0.8619
894,3,82,27.33,2.7,0,corps,129.35060602186098,1.0014
895,5,163,32.60,3.6,0,corps,129.28794638506466,1.0600
896,3,88,29.33,2.7,0,corps,129.22531807025558,0.9743
897,2,61,30.50,2.2,0,corps,129.16272106177667,0.8546
898,4,111,27.75,3.1,0,corps,129.10015534397868,1.0164
899,4,122,30.50,3.1,0,corps,129.0376209012202,0.7971
900,2,81,40.50,2.2,0,corps,128.9751177178676,0.8344
901,2,40,20.00,2.2,0,corps,128.91264577829503,1.2925
902,2,131,65.50,2.2,0,corps,128.85020506688457,1.2344
903,2,34,17.00,2.2,0,corps,128.78779556802604,1.6670
904,3,169,56.33,2.7,0,corps,128.72541726611706,0.9397
905,4,61,15.25,3.1,0,corps,128.66307014556304,1.5977
906,2,87,43.50,2.2,0,corps,128.6007541907772,0.9574
907,5,213,42.60,3.6,0,corps,128.53846938618054,0.8671
908,2,116,58.00,2.2,0,corps,128.47621571620192,0.8530
909,2,92,46.00,2.2,0,corps,128.41399316527784,0.6485
910,2,105,52.50,2.2,0,corps,128.35180171785274,0.7196
911,4,166,41.50,3.1,0,corps,128.28964135837867,0.9124
912,2,48,24.00,2.2,0,corps,128.2275120713156,0.8978
913,8,139,17.38,4.9,0,corps,128.1654138411312,1.4075
914,2,54,27.00,2.2,0,corps,128.10334665230093,0.8530
915,3,106,35.33,2.7,0,corps,128.04131048930793,0.9615
916,3,75,25.00,2.7,0,corps,127.97930533664324,1.1009
917,2,43,21.50,2.2,0,corps,127.91733117880548,1.2688
918,2,122,61.00,2.2,0,corps,127.8553880003012,0.8605
919,3,248,82.67,2.7,0,corps,127.79347578564455,0.7740
920,5,85,17.00,3.6,0,corps,127.7315945193575,1.2271
921,3,157,52.33,2.7,0,corps,127.6697441859697,1.0120
922,4,83,20.75,3.1,0,corps,127.60792477001863,1.1701
923,2,16,8.00,2.2,0,corps,127.54613625604935,3.0692
924,2,43,21.50,2.2,0,corps,127.48437862861482,1.0109
925,3,83,27.67,2.7,0,corps,127.42265187227557,0.8705
926,3,78,26.00,2.7,0,corps,127.36095597159994,0.8199
927,2,41,20.50,2.2,0,corps,127.29929091116392,0.9555
928,3,132,44.00,2.7,0,corps,127.23765667555129,0.7655
929,2,73,36.50,2.2,0,corps,127.17605324935346,1.2467
930,2,61,30.50,2.2,0,corps,127.11448061716959,0.8347
931,3,79,26.33,2.7,0,corps,127.05293876360653,1.2380
932,2,57,28.50,2.2,0,corps,126.99142767327878,0.9501
933,2,66,33.00,2.2,0,corps,126.9299473308086,0.8524
934,3,36,12.00,2.7,0,corps,126.86849772082589,2.6123
935,2,83,41.50,2.2,0,corps,126.80707882796827,0.8840
936,3,30,10.00,2.7,0,corps,126.74569063688097,1.1120
937,4,76,19.00,3.1,0,corps,126.68433313221699,1.2746
938,2,83,41.50,2.2,0,corps,126.6230062986369,1.0149
939,3,85,28.33,2.7,0,corps,126.56171012080905,1.1502
940,4,118,29.50,3.1,0,corps,126.50044458340935,0.8814
941,3,107,35.67,2.7,0,corps,126.43920967112146,0.9938
942,2,47,23.50,2.2,0,corps,126.37800536863662,1.0723
943,5,114,22.80,3.6,0,corps,126.31683166065373,1.1251
944,2,115,57.50,2.2,0,corps,126.25568853187943,0.8286
945,2,154,77.00,2.2,0,corps,126.19457596702787,0.5395
946,4,69,17.25,3.1,0,corps,126.13349395082093,1.4683
947,4,109,27.25,3.1,0,corps,126.07244246798817,0.8893
948,2,43,21.50,2.2,0,corps,126.0114215032666,0.8023
949,3,139,46.33,2.7,0,corps,125.95043104140106,0.6448
950,3,49,16.33,2.7,0,corps,125.88947106714394,0.9293
951,4,74,18.50,3.1,0,corps,125.82854156525521,1.1916
952,3,88,29.33,2.7,0,corps,125.7676425205025,0.9710
953,2,40,20.00,2.2,0,corps,125.70677391766105,1.0349
954,6,158,26.33,4.0,0,corps,125.64593574151372,1.0333
955,4,34,8.50,3.1,0,corps,125.58512797685096,2.0526
956,2,67,33.50,2.2,0,corps,125.52435060847083,1.1214
957,3,82,27.33,2.7,0,corps,125.46360362117896,1.1267
958,3,104,34.67,2.7,0,corps,125.40288699978865,0.7907
959,2,50,25.00,2.2,0,corps,125.34220072912072,0.8103
960,3,111,37.00,2.7,0,corps,125.2815447940036,0.8299
961,3,149,49.67,2.7,0,corps,125.22091917927331,1.0483
962,2,22,11.00,2.2,0,corps,125.16032386977346,1.6148
963,3,93,31.00,2.7,0,corps,125.0997588503552,1.0049
964,4,84,21.00,3.1,0,corps,125.0392241058773,1.2440
965,3,75,25.00,2.7,0,corps,124.97871962120601,1.4806
966,4,149,37.25,3.1,0,corps,124.9182453812153,1.0142
967,4,265,66.25,3.1,0,corps,124.85780137078655,0.8347
968,2,73,36.50,2.2,0,corps,124.79738757480878,1.0142
969,2,64,32.00,2.2,0,corps,124.7370039781785,1.0746
970,2,71,35.50,2.2,0,corps,124.67665056579989,0.9064
971,2,43,21.50,2.2,0,corps,124.61632732258454,0.9121
972,4,85,21.25,3.1,0,corps,124.55603423345163,1.1836
973,3,151,50.33,2.7,0,corps,124.4957712833279,0.8474
974,3,91,30.33,2.7,0,corps,124.43553845714763,0.8470
975,3,143,47.67,2.7,0,corps,124.3753357398526,1.0505
976,5,104,20.80,3.6,0,corps,124.31516311639214,1.0717
977,4,129,32.25,3.1,0,corps,124.25502057172308,1.2205
978,3,92,30.67,2.7,0,corps,124.19490809080978,1.0825
979,2,87,43.50,2.2,0,corps,124.13482565862415,0.7685
980,2,212,106.00,2.2,0,corps,124.07477326014555,0.7181
981,2,23,11.50,2.2,0,corps,124.01475088036089,2.1052
982,3,87,29.00,2.7,0,corps,123.95475850426459,0.9648
983,2,91,45.50,2.2,0,corps,123.89479611685852,0.7093
984,3,70,23.33,2.7,0,corps,123.83486370315211,0.9732
985,3,92,30.67,2.7,0,corps,123.77496124816226,1.1671
986,4,114,28.50,3.1,0,corps,123.7150887369133,1.0443
987,2,106,53.00,2.2,0,corps,123.6552461544372,0.7972
988,2,133,66.50,2.2,0,corps,123.59543348577324,0.7797
989,2,39,19.50,2.2,0,corps,123.53565071596829,1.6539
990,2,8,4.00,2.2,0,corps,123.47589783007662,4.3898
991,2,32,16.00,2.2,0,corps,123.41617481316005,1.5571
992,2,118,59.00,2.2,0,corps,123.35648165028779,0.6831
993,3,96,32.00,2.7,0,corps,123.29681832653657,0.7453
994,2,65,32.50,2.2,0,corps,123.23718482699056,1.2893
995,3,92,30.67,2.7,0,corps,123.17758113674138,1.1161
996,2,63,31.50,2.2,0,corps,123.11800724088806,0.8537
997,3,56,18.67,2.7,0,corps,123.05846312453723,0.9686
998,2,64,32.00,2.2,0,corps,122.99894877280278,0.9221
999,2,72,36.00,2.2,0,corps,122.93946417080615,0.6159
1000,3,76,25.33,2.7,0,corps,122.88000930367615,1.0540
1001,2,33,16.50,2.2,0,corps,122.82058415654913,1.6340
1002,5,74,14.80,3.6,0,corps,122.76118871456876,7.8151
1003,2,26,13.00,2.2,0,corps,122.70182296288617,1.5664
1004,2,70,35.00,2.2,0,corps,122.64248688665995,0.9599
1005,3,98,32.67,2.7,0,corps,122.58318047105607,0.9981
1006,2,177,88.50,2.2,0,corps,122.52390370124793,0.5992
1007,2,119,59.50,2.2,0,corps,122.46465656241632,0.8193
1008,5,88,17.60,3.6,0,corps,122.40543903974948,1.5577
1009,2,20,10.00,2.2,0,corps,122.34625111844304,1.5400
1010,2,74,37.00,2.2,0,corps,122.28709278369993,1.0907
1011,2,64,32.00,2.2,0,corps,122.22796402073071,1.0502
1012,3,120,40.00,2.7,0,corps,122.16886481475304,0.8353
1013,2,92,46.00,2.2,0,corps,122.10979515099223,1.0814
1014,2,59,29.50,2.2,0,corps,122.05075501468082,0.9660
1015,5,108,21.60,3.6,0,corps,121.99174439105877,1.0707
1016,3,44,14.67,2.7,0,corps,121.93276326537344,1.2429
1017,3,37,12.33,2.7,0,corps,121.87381162287953,1.4252
1018,3,74,24.67,2.7,0,corps,121.81488944883915,1.2007
1019,2,90,45.00,2.2,0,corps,121.75599672852175,1.0911
1020,3,139,46.33,2.7,0,corps,121.69713344720412,1.0728
1021,6,152,25.33,4.0,0,corps,121.63829959017048,0.9843
1022,2,45,22.50,2.2,0,corps,121.57949514271236,1.1247
1023,3,38,12.67,2.7,0,corps,121.52072009012865,1.0419
1024,2,62,31.00,2.2,0,corps,121.46197441772553,0.9031
1025,4,94,23.50,3.1,0,corps,121.40325811081667,1.2269
1026,2,60,30.00,2.2,0,corps,121.34457115472293,1.2577
1027,2,70,35.00,2.2,0,corps,121.28591353477259,0.6643
1028,3,48,16.00,2.7,0,corps,121.22728523630121,0.7817
1029,2,71,35.50,2.2,0,corps,121.16868624465182,0.9214
1030,4,78,19.50,3.1,0,corps,121.11011654517453,1.1522
1031,5,100,20.00,3.6,0,corps,121.05157612322705,1.6502
1032,4,60,15.00,3.1,0,corps,120.99306496417417,1.4619
1033,3,115,38.33,2.7,0,corps,120.93458305338815,0.7487
1034,9,119,13.22,5.3,0,corps,120.87613037624851,1.2979
1035,3,90,30.00,2.7,0,corps,120.81770691814206,1.2041
1036,3,196,65.33,2.7,0,corps,120.75931266446295,0.7568
1037,2,98,49.00,2.2,0,corps,120.70094760061265,1.1499
1038,4,49,12.25,3.1,0,corps,120.64261171199982,2.1565
1039,3,108,36.00,2.7,0,corps,120.58430498404053,0.8749
1040,2,61,30.50,2.2,0,corps,120.52602740215809,1.0047
1041,5,126,25.20,3.6,0,corps,120.46777895178313,1.0399
1042,3,68,22.67,2.7,0,corps,120.40955961835347,1.5007
1043,2,28,14.00,2.2,0,corps,120.35136938731436,1.1316
1044,4,78,19.50,3.1,0,corps,120.2932082441182,1.1454
1045,3,77,25.67,2.7,0,corps,120.2350761742247,1.1434
1046,3,93,31.00,2.7,0,corps,120.17697316310085,0.9950
1047,3,42,14.00,2.7,0,corps,120.1188991962209,1.9723
1048,2,42,21.00,2.2,0,corps,120.06085425906635,1.4675
1049,2,94,47.00,2.2,0,corps,120.00283833712595,0.8399
1050,2,82,41.00,2.2,0,corps,119.94485141589577,0.7527
1051,2,70,35.00,2.2,0,corps,119.88689348087904,0.7513
1052,2,82,41.00,2.2,0,corps,119.82896451758627,0.7641
1053,2,92,46.00,2.2,0,corps,119.77106451153523,0.8018
1054,3,65,21.67,2.7,0,corps,119.71319344825093,0.9270
1055,2,54,27.00,2.2,0,corps,119.65535131326558,0.7124
1056,2,51,25.50,2.2,0,corps,119.59753809211868,0.7648
1057,2,113,56.50,2.2,0,corps,119.53975377035692,0.8038
1058,4,106,26.50,3.1,0,corps,119.48199833353416,1.3034
1059,5,119,23.80,3.6,0,corps,119.42427176721162,1.1875
1060,5,75,15.00,3.6,0,corps,119.3665740569576,6.3692
1061,2,62,31.00,2.2,0,corps,119.30890518834774,1.7208
1062,4,85,21.25,3.1,0,corps,119.25126514696474,1.8682
1063,4,178,44.50,3.1,0,corps,119.19365391839862,1.1917
1064,2,90,45.00,2.2,0,corps,119.13607148824659,1.0580
1065,2,68,34.00,2.2,0,corps,119.07851784211306,1.1559
1066,4,99,24.75,3.1,0,corps,119.02099296560955,1.2391
1067,4,45,11.25,3.1,0,corps,118.96349684435489,2.1845
1068,3,118,39.33,2.7,0,corps,118.90602946397506,1.2347
1069,2,92,46.00,2.2,0,corps,118.84859081010318,1.2170
1070,2,112,56.00,2.2,0,corps,118.79118086837957,1.0531
1071,3,71,23.67,2.7,0,corps,118.7337996244518,2.4565
1072,2,48,24.00,2.2,0,corps,118.67644706397455,1.3024
1073,5,88,17.60,3.6,0,corps,118.61912317260965,1.7242
1074,2,48,24.00,2.2,0,corps,118.56182793602615,1.6856
1075,2,71,35.50,2.2,0,corps,118.50456133990022,1.3247
1076,4,88,22.00,3.1,0,corps,118.44732336991524,1.1921
1077,4,72,18.00,3.1,0,corps,118.39011401176167,1.6988
1078,2,67,33.50,2.2,0,corps,118.3329332511372,1.0685
1079,5,100,20.00,3.6,0,corps,118.27578107374666,1.8177
1080,2,127,63.50,2.2,0,corps,118.21865746530197,0.8439
1081,2,78,39.00,2.2,0,corps,118.16156241152225,0.5212
1082,3,87,29.00,2.7,0,corps,118.10449589813372,0.7119
1083,4,97,24.25,3.1,0,corps,118.04745791086977,0.6223
1084,3,101,33.67,2.7,0,corps,117.99044843547088,0.5501
1085,2,115,57.50,2.2,0,corps,117.9334674576847,0.6740
1086,2,72,36.00,2.2,0,corps,117.87651496326596,0.7811
1087,3,91,30.33,2.7,0,corps,117.81959093797656,1.0333
1088,4,60,15.00,3.1,0,corps,117.76269536758551,1.2009
1089,2,18,9.00,2.2,0,corps,117.70582823786889,0.9732
1090,2,55,27.50,2.2,0,corps,117.6489895346099,0.6900
1091,3,66,22.00,2.7,0,corps,117.59217924359888,0.7497
1092,2,63,31.50,2.2,0,corps,117.53539735063327,0.8227
1093,4,76,19.00,3.1,0,corps,117.47864384151761,1.1346
1094,7,75,10.71,4.4,0,corps,117.4219187020635,1.7832
1095,2,31,15.50,2.2,0,corps,117.36522191808965,0.6804
1096,2,44,22.00,2.2,0,corps,117.30855347542185,0.9030
1097,2,42,21.00,2.2,0,corps,117.25191335989302,0.7246
1098,2,72,36.00,2.2,0,corps,117.19530155734313,0.5902
1099,6,191,31.83,4.0,0,corps,117.1387180536192,0.6671
1100,3,92,30.67,2.7,0,corps,117.08216283457537,0.8647
1101,2,40,20.00,2.2,0,corps,117.02563588607286,1.4005
1102,4,102,25.50,3.1,0,corps,116.96913719397992,1.1392
1103,2,43,21.50,2.2,0,corps,116.91266674417184,0.8318
1104,4,131,32.75,3.1,0,corps,116.85622452253104,1.0661
1105,2,42,21.00,2.2,0,corps,116.79981051494697,1.1623
1106,3,83,27.67,2.7,0,corps,116.74342470731611,1.0289
1107,4,89,22.25,3.1,0,corps,116.68706708554201,1.3121
1108,3,97,32.33,2.7,0,corps,116.63073763553528,1.0234
1109,2,94,47.00,2.2,0,corps,116.57443634321353,0.7140
1110,2,18,9.00,2.2,0,corps,116.51816319450145,2.8762
1111,2,31,15.50,2.2,0,corps,116.46191817533078,1.6817
1112,4,60,15.00,3.1,0,corps,116.40570127164021,1.2949
1113,2,45,22.50,2.2,0,corps,116.34951246937557,1.3174
1114,3,43,14.33,2.7,0,corps,116.2933517544896,1.1288
1115,3,41,13.67,2.7,0,corps,116.23721911294219,1.3457
1116,2,42,21.00,2.2,0,corps,116.1811145307001,1.3673
1117,2,41,20.50,2.2,0,corps,116.12503799373725,0.9389
1118,2,29,14.50,2.2,0,corps,116.0689894880345,0.9901
1119,3,106,35.33,2.7,0,corps,116.0129689995797,0.8711
1120,2,75,37.50,2.2,0,corps,115.95697651436771,1.2301
1121,4,62,15.50,3.1,0,corps,115.90101201840046,1.2185
1122,2,27,13.50,2.2,0,corps,115.84507549768676,1.1112
1123,6,85,14.17,4.0,0,corps,115.78916693824257,1.6597
1124,2,141,70.50,2.2,0,corps,115.73328632609064,0.7103
1125,2,32,16.00,2.2,0,corps,115.67743364726091,1.1949
1126,4,54,13.50,3.1,0,corps,115.62160888779019,1.2831
1127,2,60,30.00,2.2,0,corps,115.56581203372221,0.4334
1128,2,47,23.50,2.2,0,corps,115.51004307110786,1.1256
1129,2,74,37.00,2.2,0,corps,115.45430198600486,0.9906
1130,2,104,52.00,2.2,0,corps,115.39858876447795,0.9328
1131,2,72,36.00,2.2,0,corps,115.34290339259879,0.6254
1132,2,39,19.50,2.2,0,corps,115.28724585644605,1.4495
1133,4,127,31.75,3.1,0,corps,115.23161614210535,1.1902
1134,2,45,22.50,2.2,0,corps,115.1760142356693,1.1792
1135,3,99,33.00,2.7,0,corps,115.12044012323734,0.7937
1136,4,140,35.00,3.1,0,corps,115.06489379091602,1.2132
1137,5,100,20.00,3.6,0,corps,115.00937522481875,1.0532
1138,3,84,28.00,2.7,0,corps,114.95388441106584,1.1765
1139,2,86,43.00,2.2,0,corps,114.8984213357846,0.8105
1140,4,139,34.75,3.1,0,corps,114.84298598510927,0.9631
1141,7,148,21.14,4.4,0,corps,114.787578345181,1.6154
1142,2,71,35.50,2.2,0,corps,114.73219840214794,0.8811
1143,2,27,13.50,2.2,0,corps,114.67684614216505,1.8425
1144,3,34,11.33,2.7,0,corps,114.62152155139424,2.5405
1145,2,64,32.00,2.2,0,corps,114.5662246160044,1.2057
1146,2,42,21.00,2.2,0,corps,114.51095532217133,0.9793
1147,8,178,22.25,4.9,0,corps,114.45571365607763,1.1865
1148,5,88,17.60,3.6,0,corps,114.40049960391292,7.1532
1149,2,96,48.00,2.2,0,corps,114.34531315187368,0.8783
1150,4,42,10.50,3.1,0,corps,114.29015428616331,1.3029
1151,2,63,31.50,2.2,0,corps,114.23502299299209,1.1281
1152,4,90,22.50,3.1,0,corps,114.1799192585772,1.0926
1153,2,38,19.00,2.2,0,corps,114.12484306914268,1.0792
1154,2,53,26.50,2.2,0,corps,114.06979441091953,1.0945
1155,2,97,48.50,2.2,0,corps,114.01477327014553,0.7230
1156,2,89,44.50,2.2,0,corps,113.95977963306542,0.8349
1157,2,47,23.50,2.2,0,corps,113.90481348593082,1.3236
1158,5,117,23.40,3.6,0,corps,113.84987481500013,1.2743
1159,4,115,28.75,3.1,0,corps,113.79496360653873,0.8147
1160,3,76,25.33,2.7,0,corps,113.7400798468188,1.2837
1161,5,107,21.40,3.6,0,corps,113.6852235221194,1.2985
1162,4,62,15.50,3.1,0,corps,113.63039461872646,9.5545
1163,2,64,32.00,2.2,0,corps,113.57559312293273,1.1777
1164,3,63,21.00,2.7,0,corps,113.52081902103788,0.7737
1165,2,44,22.00,2.2,0,corps,113.46607229934833,1.0406
1166,3,114,38.00,2.7,0,corps,113.41135294417744,1.0734
1167,3,87,29.00,2.7,0,corps,113.35666094184535,1.0962
1168,2,48,24.00,2.2,0,corps,113.3019962786791,1.6107
1169,2,36,18.00,2.2,0,corps,113.24735894101244,1.3316
1170,4,42,10.50,3.1,0,corps,113.19274891518609,1.4624
1171,2,74,37.00,2.2,0,corps,113.13816618754755,0.7998
1172,2,73,36.50,2.2,0,corps,113.08361074445112,1.1541
1173,3,83,27.67,2.7,0,corps,113.02908257225795,1.1790
1174,4,77,19.25,3.1,0,corps,112.97458165733599,1.1671
1175,2,69,34.50,2.2,0,corps,112.92010798605997,1.0831
1176,4,101,25.25,3.1,0,corps,112.86566154481157,1.1300
1177,2,106,53.00,2.2,0,corps,112.81124231997912,0.9540
1178,2,119,59.50,2.2,0,corps,112.75685029795781,1.0138
1179,2,69,34.50,2.2,0,corps,112.70248546514962,0.7717
1180,4,123,30.75,3.1,0,corps,112.6481478079634,0.9822
1181,5,110,22.00,3.6,0,corps,112.59383731281464,1.4069
1182,3,84,28.00,2.7,0,corps,112.53955396612582,1.1955
1183,3,37,12.33,2.7,0,corps,112.48529775432606,1.8525
1184,3,67,22.33,2.7,0,corps,112.43106866385129,1.4884
1185,2,91,45.50,2.2,0,corps,112.37686668114422,1.0970
1186,3,55,18.33,2.7,0,corps,112.32269179265441,1.4931
1187,3,116,38.67,2.7,0,corps,112.26854398483812,1.3126
1188,4,78,19.50,3.1,0,corps,112.2144232441584,1.3567
1189,2,50,25.00,2.2,0,corps,112.16032955708503,1.6315
1190,3,72,24.00,2.7,0,corps,112.10626291009464,1.1801
1191,3,29,9.67,2.7,0,corps,112.05222328967051,1.5997
1192,2,75,37.50,2.2,0,corps,111.99821068230278,0.9059
1193,2,51,25.50,2.2,0,corps,111.94422507448829,1.3620
1194,5,102,20.40,3.6,0,corps,111.89026645273063,1.4123
1195,5,127,25.40,3.6,0,corps,111.83633480354014,1.3450
1196,3,64,21.33,2.7,0,corps,111.78243011343392,1.2938
1197,2,36,18.00,2.2,0,corps,111.72855236893575,1.6560
1198,4,81,20.25,3.1,0,corps,111.67470155657628,1.1495
1199,3,67,22.33,2.7,0,corps,111.62087766289272,0.9857
1200,2,29,14.50,2.2,0,corps,111.56708067442918,1.2248
1201,3,53,17.67,2.7,0,corps,111.51331057773635,1.2220
1202,2,43,21.50,2.2,0,corps,111.45956735937173,1.0787
1203,7,159,22.71,4.4,0,corps,111.4058510058995,1.4436
1204,2,81,40.50,2.2,0,corps,111.3521615038906,1.0409
1205,2,79,39.50,2.2,0,corps,111.2984988399226,0.9295
1206,2,21,10.50,2.2,0,corps,111.24486300057987,1.1080
1207,2,32,16.00,2.2,0,corps,111.19125397245348,1.5047
1208,2,32,16.00,2.2,0,corps,111.13767174214114,2.0419
1209,2,75,37.50,2.2,0,corps,111.08411629624729,1.1274
1210,2,42,21.00,2.2,0,corps,111.03058762138305,1.1838
1211,2,108,54.00,2.2,0,corps,110.97708570416629,0.7540
1212,2,34,17.00,2.2,0,corps,110.9236105312215,1.0377
1213,4,60,15.00,3.1,0,corps,110.8701620891799,1.6942
1214,5,58,11.60,3.6,0,corps,110.81674036467942,1.5407
1215,4,103,25.75,3.1,0,corps,110.76334534436454,1.3233
1216,6,94,15.67,4.0,0,corps,110.70997701488656,1.5851
1217,5,150,30.00,3.6,0,corps,110.65663536290337,1.2602
1218,3,100,33.33,2.7,0,corps,110.60332037507963,0.9759
1219,3,48,16.00,2.7,0,corps,110.55003203808651,0.9182
1220,2,54,27.00,2.2,0,corps,110.49677033860196,1.5056
1221,3,43,14.33,2.7,0,corps,110.44353526331054,2.1127
1222,3,96,32.00,2.7,0,corps,110.3903267989035,0.9411
1223,2,63,31.50,2.2,0,corps,110.33714493207869,1.0083
1224,2,65,32.50,2.2,0,corps,110.28398964954071,0.9336
1225,2,52,26.00,2.2,0,corps,110.23086093800067,0.8710
1226,3,90,30.00,2.7,0,corps,110.17775878417642,0.7940
1227,8,130,16.25,4.9,0,corps,110.12468317479242,1.6326
1228,2,91,45.50,2.2,0,corps,110.07163409657976,0.9637
1229,4,82,20.50,3.1,0,corps,110.01861153627618,1.2235
1230,3,67,22.33,2.7,0,corps,109.96561548062604,0.7704
1231,7,105,15.00,4.4,0,corps,109.91264591638033,1.6225
1232,3,43,14.33,2.7,0,corps,109.85970283029664,1.2255
1233,3,95,31.67,2.7,0,corps,109.80678620913922,0.9221
1234,2,60,30.00,2.2,0,corps,109.75389603967889,1.3635
1235,2,71,35.50,2.2,0,corps,109.70103230869313,0.6487
1236,2,46,23.00,2.2,0,corps,109.64819500296599,1.5795
1237,3,78,26.00,2.7,0,corps,109.59538410928813,1.1221
1238,2,84,42.00,2.2,0,corps,109.54259961445689,0.9866
1239,3,65,21.67,2.7,0,corps,109.48984150527608,1.0762
1240,4,131,32.75,3.1,0,corps,109.43710976855621,1.0801
1241,2,41,20.50,2.2,0,corps,109.3844043911143,1.6534
1242,3,67,22.33,2.7,0,corps,109.33172535977407,1.6611
1243,2,39,19.50,2.2,0,corps,109.27907266136572,1.3344
1244,2,47,23.50,2.2,0,corps,109.22644628272606,1.3190
1245,2,35,17.50,2.2,0,corps,109.17384621069854,2.5792
1246,3,91,30.33,2.7,0,corps,109.12127243213314,1.3743
1247,2,28,14.00,2.2,0,corps,109.06872493388637,1.4222
1248,5,45,9.00,3.6,0,corps,109.01620370282139,3.0804
1249,3,83,27.67,2.7,0,corps,108.96370872580788,1.3545
1250,2,36,18.00,2.2,0,corps,108.91123998972209,1.6773
1251,3,44,14.67,2.7,0,corps,108.85879748144684,1.7419
1252,4,90,22.50,3.1,0,corps,108.80638118787151,1.6747
1253,2,19,9.50,2.2,0,corps,108.75399109589206,2.0028
1254,5,50,10.00,3.6,0,corps,108.7016271924109,2.3587
1255,2,35,17.50,2.2,0,corps,108.64928946433707,1.9512
1256,8,171,21.38,4.9,0,corps,108.59697789858618,1.3831
1257,4,114,28.50,3.1,0,corps,108.54469248208028,1.0787
1258,2,41,20.50,2.2,0,corps,108.49243320174806,1.0391
1259,3,59,19.67,2.7,0,corps,108.44020004452469,1.3651
1260,3,40,13.33,2.7,0,corps,108.38799299735184,1.7053
1261,3,53,17.67,2.7,0,corps,108.33581204717784,1.3707
1262,2,81,40.50,2.2,0,corps,108.28365718095733,1.2479
1263,3,94,31.33,2.7,0,corps,108.23152838565173,1.0726
1264,5,101,20.20,3.6,0,corps,108.17942564822872,1.1795
1265,2,23,11.50,2.2,0,corps,108.12734895566267,1.3797
1266,6,124,20.67,4.0,0,corps,108.07529829493441,1.1474
1267,4,72,18.00,3.1,0,corps,108.02327365303128,8.4325
1268,3,29,9.67,2.7,0,corps,107.97127501694708,1.8121
1269,2,46,23.00,2.2,0,corps,107.91930237368219,2.0584
1270,4,73,18.25,3.1,0,corps,107.86735571024344,7.3642
1271,2,20,10.00,2.2,0,corps,107.81543501364412,1.6006
1272,4,70,17.50,3.1,0,corps,107.76354027090413,1.7044
1273,2,31,15.50,2.2,0,corps,107.71167146904976,1.4654
1274,2,36,18.00,2.2,0,corps,107.65982859511377,1.2040
1275,3,78,26.00,2.7,0,corps,107.60801163613549,1.2502
1276,5,97,19.40,3.6,0,corps,107.55622057916064,1.3525
1277,4,105,26.25,3.1,0,corps,107.50445541124148,1.1115
1278,4,167,41.75,3.1,0,corps,107.4527161194367,1.1771
1279,2,26,13.00,2.2,0,corps,107.40100269081152,1.0635
1280,2,55,27.50,2.2,0,corps,107.34931511243752,1.3017
1281,8,155,19.38,4.9,0,corps,107.29765337139285,1.3221
1282,3,87,29.00,2.7,0,corps,107.24601745476205,1.1027
1283,4,63,15.75,3.1,0,corps,107.19440734963617,1.3247
1284,3,106,35.33,2.7,0,corps,107.14282304311264,1.1813
1285,6,106,17.67,4.0,0,corps,107.09126452229545,1.4909
1286,2,65,32.50,2.2,0,corps,107.03973177429489,0.8466
1287,6,71,11.83,4.0,0,corps,106.98822478622783,1.3783
1288,4,123,30.75,3.1,0,corps,106.9367435452175,1.0971
1289,2,69,34.50,2.2,0,corps,106.88528803839358,0.7637
1290,2,22,11.00,2.2,0,corps,106.83385825289223,1.8284
1291,2,53,26.50,2.2,0,corps,106.78245417585595,1.0949
1292,4,101,25.25,3.1,0,corps,106.73107579443375,0.8123
1293,2,30,15.00,2.2,0,corps,106.67972309578104,1.3601
1294,2,47,23.50,2.2,0,corps,106.62839606705965,1.1812
1295,2,49,24.50,2.2,0,corps,106.5770946954378,1.3751
1296,2,31,15.50,2.2,0,corps,106.52581896809015,2.0697
1297,2,63,31.50,2.2,0,corps,106.47456887219782,1.2643
1298,4,84,21.00,3.1,0,corps,106.42334439494819,1.6184
1299,5,115,23.00,3.6,0,corps,106.37214552353522,0.9536
1300,2,58,29.00,2.2,0,corps,106.32097224515915,1.0047
1301,5,105,21.00,3.6,0,corps,106.26982454702669,6.0233
1302,2,37,18.50,2.2,0,corps,106.21870241635088,1.5064
1303,5,86,17.20,3.6,0,corps,106.16760584035121,1.9485
1304,2,58,29.00,2.2,0,corps,106.11653480625354,0.9566
1305,4,98,24.50,3.1,0,corps,106.06548930129011,0.9496
1306,3,49,16.33,2.7,0,corps,106.0144693126995,0.9675
1307,2,45,22.50,2.2,0,corps,105.96347482772681,0.9569
1308,4,90,22.50,3.1,0,corps,105.91250583362333,1.3259
1309,3,67,22.33,2.7,0,corps,105.86156231764683,0.7110
1310,3,92,30.67,2.7,0,corps,105.81064426706143,1.1598
1311,6,70,11.67,4.0,0,corps,105.75975166913764,1.1711
1312,2,46,23.00,2.2,0,corps,105.70888451115232,0.9253
1313,4,79,19.75,3.1,0,corps,105.65804278038864,1.4027
1314,3,73,24.33,2.7,0,corps,105.60722646413616,1.4626
1315,3,68,22.67,2.7,0,corps,105.55643554969085,1.3408
1316,2,51,25.50,2.2,0,corps,105.50567002435496,1.2044
1317,5,106,21.20,3.6,0,corps,105.4549298754371,0.8914
1318,3,45,15.00,2.7,0,corps,105.40421509025224,1.4545
1319,2,44,22.00,2.2,0,corps,105.35352565612169,0.7818
1320,4,108,27.00,3.1,0,corps,105.30286156037305,0.9513
1321,4,68,17.00,3.1,0,corps,105.25222279034034,0.9617
1322,2,35,17.50,2.2,0,corps,105.20160933336386,1.3026
1323,3,57,19.00,2.7,0,corps,105.15102117679025,1.0588
1324,2,36,18.00,2.2,0,corps,105.10045830797246,1.0628
1325,4,62,15.50,3.1,0,corps,105.04992071426975,1.8454
1326,5,65,13.00,3.6,0,corps,104.99940838304778,1.6446
1327,4,81,20.25,3.1,0,corps,104.94892130167841,1.0939
1328,2,80,40.00,2.2,0,corps,104.89845945753989,1.0102
1329,2,44,22.00,2.2,0,corps,104.84802283801675,2.0466
1330,9,171,19.00,5.3,0,corps,104.79761143049986,1.3146
1331,2,58,29.00,2.2,0,corps,104.74722522238635,1.0582
1332,2,41,20.50,2.2,0,corps,104.69686420107966,1.2401
1333,6,127,21.17,4.0,0,corps,104.64652835398958,1.4618
1334,2,34,17.00,2.2,0,corps,104.59621766853209,0.9101
1335,2,61,30.50,2.2,0,corps,104.54593213212955,0.8043
1336,6,107,17.83,4.0,0,corps,104.49567173221055,1.4420
1337,7,129,18.43,4.4,0,corps,104.44543645621,1.2032
1338,3,59,19.67,2.7,0,corps,104.3952262915691,1.1766
1339,5,134,26.80,3.6,0,corps,104.34504122573529,1.2398
1340,5,70,14.00,3.6,0,corps,104.29488124616233,1.8463
1341,2,31,15.50,2.2,0,corps,104.2447463403102,1.5388
1342,3,46,15.33,2.7,0,corps,104.19463649564516,1.2221
1343,5,78,15.60,3.6,0,corps,104.14455169963976,1.1565
1344,3,54,18.00,2.7,0,corps,104.09449193977282,1.3510
1345,9,180,20.00,5.3,0,corps,104.04445720352939,1.6340
1346,2,28,14.00,2.2,0,corps,103.99444747840076,0.8311
1347,2,48,24.00,2.2,0,corps,103.94446275188456,0.9402
1348,4,76,19.00,3.1,0,corps,103.89450301148453,1.3478
1349,3,90,30.00,2.7,0,corps,103.8445682447108,0.9590
1350,4,91,22.75,3.1,0,corps,103.79465843907964,0.8702
1351,2,34,17.00,2.2,0,corps,103.74477358211361,1.2114
1352,5,102,20.40,3.6,0,corps,103.69491366134147,1.1444
1353,6,86,14.33,4.0,0,corps,103.64507866429831,1.0437
1354,2,62,31.00,2.2,0,corps,103.5952685785253,1.3782
1355,4,126,31.50,3.1,0,corps,103.54548339156997,0.9479
1356,2,55,27.50,2.2,0,corps,103.495723090986,0.8607
1357,3,70,23.33,2.7,0,corps,103.44598766433334,0.9441
1358,2,38,19.00,2.2,0,corps,103.39627709917809,0.8316
1359,2,42,21.00,2.2,0,corps,103.34659138309266,0.9983
1360,4,99,24.75,3.1,0,corps,103.29693050365553,1.1099
1361,2,18,9.00,2.2,0,corps,103.24729444845163,2.4704
1362,5,104,20.80,3.6,0,corps,103.19768320507181,1.1137
1363,4,71,17.75,3.1,0,corps,103.14809676111332,1.7032
1364,3,59,19.67,2.7,0,corps,103.09853510417952,1.2561
1365,4,59,14.75,3.1,0,corps,103.04899822188003,9.9949
1366,2,97,48.50,2.2,0,corps,102.99948610183058,1.5228
1367,2,27,13.50,2.2,0,corps,102.94999873165322,2.0181
1368,4,59,14.75,3.1,0,corps,102.90053609897602,1.3170
1369,2,36,18.00,2.2,0,corps,102.8510981914334,1.0983
1370,7,99,14.14,4.4,0,corps,102.8016849966658,1.5702
1371,6,97,16.17,4.0,0,corps,102.75229650231998,1.2933
1372,4,44,11.00,3.1,0,corps,102.7029326960488,1.4072
1373,2,104,52.00,2.2,0,corps,102.65359356551131,0.8854
1374,4,94,23.50,3.1,0,corps,102.60427909837271,1.0123
1375,2,47,23.50,2.2,0,corps,102.55498928230442,1.5275
1376,4,85,21.25,3.1,0,corps,102.50572410498397,1.1047
1377,8,126,15.75,4.9,0,corps,102.45648355409503,1.3790
1378,3,71,23.67,2.7,0,corps,102.40726761732752,1.3207
1379,7,167,23.86,4.4,0,corps,102.35807628237741,1.0509
1380,3,55,18.33,2.7,0,corps,102.30890953694689,1.5159
1381,2,40,20.00,2.2,0,corps,102.25976736874425,1.3273
1382,4,71,17.75,3.1,0,corps,102.21064976548398,1.9740
1383,2,85,42.50,2.2,0,corps,102.16155671488667,1.1719
1384,4,75,18.75,3.1,0,corps,102.11248820467904,1.4976
1385,5,93,18.60,3.6,0,corps,102.06344422259394,7.0309
1386,4,85,21.25,3.1,0,corps,102.01442475637046,2.1643
1387,2,45,22.50,2.2,0,corps,101.96542979375364,1.2583
1388,4,90,22.50,3.1,0,corps,101.9164593224948,1.3916
1389,3,87,29.00,2.7,0,corps,101.86751333035131,1.1532
1390,3,58,19.33,2.7,0,corps,101.81859180508665,1.3882
1391,2,70,35.00,2.2,0,corps,101.76969473447043,1.4897
1392,5,106,21.20,3.6,0,corps,101.72082210627845,1.3309
1393,2,41,20.50,2.2,0,corps,101.67197390829246,1.3360
1394,2,64,32.00,2.2,0,corps,101.62315012830048,1.5660
1395,4,87,21.75,3.1,0,corps,101.57435075409653,1.3315
1396,2,87,43.50,2.2,0,corps,101.52557577348078,0.8136
1397,2,155,77.50,2.2,0,corps,101.47682517425949,1.0013
1398,5,82,16.40,3.6,0,corps,101.42809894424498,1.4992
1399,3,88,29.33,2.7,0,corps,101.37939707125574,1.3267
1400,3,93,31.00,2.7,0,corps,101.33071954311626,0.9691
1401,2,82,41.00,2.2,0,corps,101.28206634765718,0.4882
1402,6,140,23.33,4.0,0,corps,101.23343747271518,1.1230
1403,2,28,14.00,2.2,0,corps,101.18483290613307,1.0732
1404,2,21,10.50,2.2,0,corps,101.13625263575967,2.7767
1405,2,30,15.00,2.2,0,corps,101.08769664944997,1.4111
1406,3,79,26.33,2.7,0,corps,101.03916493506493,1.1248
1407,2,45,22.50,2.2,0,corps,100.9906574804716,1.4723
1408,2,38,19.00,2.2,0,corps,100.94217427354317,0.8572
1409,2,48,24.00,2.2,0,corps,100.89371530215881,1.0248
1410,4,96,24.00,3.1,0,corps,100.84528055420377,1.1827
1411,6,126,21.00,4.0,0,corps,100.79687001756936,1.3902
1412,2,46,23.00,2.2,0,corps,100.74848368015299,0.8709
1413,6,110,18.33,4.0,0,corps,100.70012152985804,1.1055
1414,2,24,12.00,2.2,0,corps,100.65178355459396,1.1725
1415,2,12,6.00,2.2,0,corps,100.60346974227627,1.5141
1416,6,129,21.50,4.0,0,corps,100.55518008082656,1.1084
1417,2,40,20.00,2.2,0,corps,100.50691455817233,0.8119
1418,2,50,25.00,2.2,0,corps,100.45867316224727,0.9822
1419,2,45,22.50,2.2,0,corps,100.41045588099095,1.2790
1420,2,53,26.50,2.2,0,corps,100.36226270234916,1.1288
1421,6,164,27.33,4.0,0,corps,100.31409361427353,4.0166
1422,5,58,11.60,3.6,0,corps,100.2659486047218,2.2424
1423,4,66,16.50,3.1,0,corps,100.21782766165772,1.7811
1424,12,162,13.50,6.7,0,corps,100.16973077305107,1.5151
1425,3,38,12.67,2.7,0,corps,100.12165792687759,2.0852
1426,2,85,42.50,2.2,0,corps,100.07360911111911,1.0943
1427,4,82,20.50,3.1,0,corps,100.0255843137634,1.5699
1428,2,18,9.00,2.2,0,corps,99.97758352280431,1.6333
1429,3,48,16.00,2.7,0,corps,99.92960672624154,1.7556
1430,4,68,17.00,3.1,0,corps,99.88165391208098,1.9608
1431,4,108,27.00,3.1,0,corps,99.8337250683344,1.4754
1432,2,55,27.50,2.2,0,corps,99.78582018301958,1.2581
1433,3,33,11.00,2.7,0,corps,99.73793924416029,1.4718
1434,2,34,17.00,2.2,0,corps,99.69008223978634,1.6178
1435,7,123,17.57,4.4,0,corps,99.64224915793342,1.4118
1436,5,114,22.80,3.6,0,corps,99.59443998664331,1.3132
1437,3,134,44.67,2.7,0,corps,99.54665471396368,0.7955
1438,3,77,25.67,2.7,0,corps,99.49889332794824,1.1112
1439,3,80,26.67,2.7,0,corps,99.45115581665661,1.1084
1440,4,71,17.75,3.1,0,corps,99.40344216815446,1.3544
1441,3,64,21.33,2.7,0,corps,99.35575237051331,1.3216
1442,2,33,16.50,2.2,0,corps,99.30808641181078,1.2523
1443,2,49,24.50,2.2,0,corps,99.26044428013032,0.9648
1444,3,50,16.67,2.7,0,corps,99.21282596356146,1.1465
1445,2,49,24.50,2.2,0,corps,99.16523145019957,1.4433
1446,8,111,13.88,4.9,0,corps,99.11766072814603,5.8601
1447,4,46,11.50,3.1,0,corps,99.07011378550818,1.9404
1448,3,36,12.00,2.7,0,corps,99.02259061039928,1.6077
1449,2,83,41.50,2.2,0,corps,98.97509119093851,1.0953
1450,3,87,29.00,2.7,0,corps,98.92761551525105,1.2601
1451,8,141,17.62,4.9,0,corps,98.88016357146793,1.2084
1452,2,25,12.50,2.2,0,corps,98.83273534772624,0.9672
1453,3,65,21.67,2.7,0,corps,98.78533083216885,1.4574
1454,2,80,40.00,2.2,0,corps,98.73795001294468,0.6585
1455,2,81,40.50,2.2,0,corps,98.69059287820849,0.8370
1456,2,64,32.00,2.2,0,corps,98.64325941612103,1.1905
1457,2,36,18.00,2.2,0,corps,98.5959496148489,1.5083
1458,3,65,21.67,2.7,0,corps,98.54866346256468,1.4502
1459,2,60,30.00,2.2,0,corps,98.50140094744681,0.9724
1460,2,58,29.00,2.2,0,corps,98.45416205767968,1.2791
1461,3,55,18.33,2.7,0,corps,98.40694678145354,1.8166
1462,3,69,23.00,2.7,0,corps,98.35975510696461,1.7234
1463,9,150,16.67,5.3,0,corps,98.31258702241492,1.6012
1464,4,46,11.50,3.1,0,corps,98.26544251601248,1.7355
1465,6,89,14.83,4.0,0,corps,98.21832157597119,6.2833
1466,6,102,17.00,4.0,0,corps,98.17122419051077,1.2143
1467,2,42,21.00,2.2,0,corps,98.12415034785687,1.1898
1468,2,48,24.00,2.2,0,corps,98.07710003624106,0.8840
1469,2,55,27.50,2.2,0,corps,98.03007324390074,1.7505
1470,2,25,12.50,2.2,0,corps,97.98306995907924,1.7730
1471,3,48,16.00,2.7,0,corps,97.93609017002571,1.0573
1472,9,143,15.89,5.3,0,corps,97.88913386499523,1.6537
1473,2,30,15.00,2.2,0,corps,97.84220103224867,1.6360
1474,4,92,23.00,3.1,0,corps,97.79529166005287,1.1408
1475,4,79,19.75,3.1,0,corps,97.74840573668048,1.0602
1476,3,49,16.33,2.7,0,corps,97.70154325041001,1.2843
1477,2,34,17.00,2.2,0,corps,97.65470418952583,1.4783
1478,6,195,32.50,4.0,0,corps,97.60788854231821,1.0486
1479,3,106,35.33,2.7,0,corps,97.5610962970832,0.9167
1480,3,54,18.00,2.7,0,corps,97.51432744212273,1.2962
1481,3,98,32.67,2.7,0,corps,97.46758196574464,0.8484
1482,2,52,26.00,2.2,0,corps,97.42085985626252,1.0187
1483,2,46,23.00,2.2,0,corps,97.37416110199584,0.9094
1484,3,34,11.33,2.7,0,corps,97.32748569126993,2.0737
1485,2,37,18.50,2.2,0,corps,97.28083361241592,0.9402
1486,7,212,30.29,4.4,0,corps,97.2342048537708,1.1203
1487,4,77,19.25,3.1,0,corps,97.1875994036774,1.6597
1488,3,54,18.00,2.7,0,corps,97.14101725048432,1.1675
1489,2,57,28.50,2.2,0,corps,97.09445838254604,1.5043
1490,3,55,18.33,2.7,0,corps,97.04792278822283,1.1539
1491,3,61,20.33,2.7,0,corps,97.00141045588082,0.9748
1492,4,118,29.50,3.1,0,corps,96.9549213738919,1.1192
1493,3,61,20.33,2.7,0,corps,96.9084555306338,0.8451
1494,2,29,14.50,2.2,0,corps,96.86201291449008,1.5787
1495,3,56,18.67,2.7,0,corps,96.81559351385005,1.0497
1496,4,78,19.50,3.1,0,corps,96.7691973171089,1.0491
1497,3,70,23.33,2.7,0,corps,96.72282431266757,0.9831
1498,4,71,17.75,3.1,0,corps,96.6764744889328,7.8890
1499,2,32,16.00,2.2,0,corps,96.63014783431711,1.4377
1500,6,170,28.33,4.0,0,corps,96.58384433723887,1.2818
1501,2,72,36.00,2.2,0,corps,96.53756398612222,1.2135
1502,2,36,18.00,2.2,0,corps,96.49130676939703,1.2654
1503,4,57,14.25,3.1,0,corps,96.44507267549902,1.8045
1504,3,77,25.67,2.7,0,corps,96.39886169286966,1.5582
1505,4,68,17.00,3.1,0,corps,96.3526738099562,1.5222
1506,6,77,12.83,4.0,0,corps,96.30650901521167,1.7981
1507,2,51,25.50,2.2,0,corps,96.26036729709489,1.6430
1508,7,123,17.57,4.4,0,corps,96.2142486440704,1.7720
1509,2,59,29.50,2.2,0,corps,96.16815304460854,1.4926
1510,3,35,11.67,2.7,0,corps,96.12208048718544,1.8753
1511,5,84,16.80,3.6,0,corps,96.07603096028295,2.0050
1512,6,105,17.50,4.0,0,corps,96.03000445238865,1.7995
1513,4,81,20.25,3.1,0,corps,95.98400095199597,1.6523
1514,4,133,33.25,3.1,0,corps,95.93802044760399,1.4095
1515,3,83,27.67,2.7,0,corps,95.89206292771762,1.4947
1516,6,87,14.50,4.0,0,corps,95.84612838084745,6.2968
1517,7,84,12.00,4.4,0,corps,95.80021679550985,3.0150
1518,3,55,18.33,2.7,0,corps,95.75432816022692,1.3409
1519,5,65,13.00,3.6,0,corps,95.70846246352653,1.6657
1520,2,44,22.00,2.2,0,corps,95.6626196939422,1.5066
1521,7,162,23.14,4.4,0,corps,95.6167998400133,1.2387
1522,2,30,15.00,2.2,0,corps,95.57100289028483,1.2311
1523,2,38,19.00,2.2,0,corps,95.52522883330757,0.8806
1524,2,35,17.50,2.2,0,corps,95.47947765763797,1.4112
1525,2,57,28.50,2.2,0,corps,95.43374935183829,0.8806
1526,7,109,15.57,4.4,0,corps,95.38804390447639,1.2450
1527,5,125,25.00,3.6,0,corps,95.34236130412597,1.2066
1528,3,52,17.33,2.7,0,corps,95.29670153936634,0.8661
1529,3,64,21.33,2.7,0,corps,95.25106459878258,1.0341
1530,2,50,25.00,2.2,0,corps,95.20545047096543,0.8305
1531,4,74,18.50,3.1,0,corps,95.15985914451139,1.1677
1532,3,50,16.67,2.7,0,corps,95.11429060802257,1.3955
1533,2,26,13.00,2.2,0,corps,95.06874485010694,1.2070
1534,8,153,19.12,4.9,0,corps,95.02322185937795,2.2010
1535,3,26,8.67,2.7,0,corps,94.97772162445493,2.1805
1536,2,27,13.50,2.2,0,corps,94.93224413396277,1.0653
1537,3,54,18.00,2.7,0,corps,94.8867893765321,1.0432
1538,2,47,23.50,2.2,0,corps,94.84135734079928,1.2729
1539,7,150,21.43,4.4,0,corps,94.79594801540625,1.1010
1540,2,34,17.00,2.2,0,corps,94.75056138900071,1.1780
1541,2,62,31.00,2.2,0,corps,94.70519745023597,1.0349
1542,2,36,18.00,2.2,0,corps,94.65985618777107,1.3032
1543,2,47,23.50,2.2,0,corps,94.61453759027071,1.2589
1544,8,92,11.50,4.9,0,corps,94.56924164640522,1.3833
1545,14,205,14.64,7.6,0,corps,94.52396834485059,1.4744
1546,10,154,15.40,5.8,0,corps,94.47871767428853,1.2374
1547,3,43,14.33,2.7,0,corps,94.43348962340636,0.8829
1548,6,141,23.50,4.0,0,corps,94.38828418089706,1.0511
1549,2,66,33.00,2.2,0,corps,94.3431013354593,1.0006
1550,4,131,32.75,3.1,0,corps,94.2979410757973,1.1756
1551,4,108,27.00,3.1,0,corps,94.25280339062107,0.9969
1552,5,50,10.00,3.6,0,corps,94.20768826864614,1.6723
1553,2,29,14.50,2.2,0,corps,94.16259569859378,1.8605
1554,2,28,14.00,2.2,0,corps,94.11752566919078,1.1531
1555,3,84,28.00,2.7,0,corps,94.07247816916968,0.9948
1556,3,52,17.33,2.7,0,corps,94.02745318726858,1.3056
1557,4,99,24.75,3.1,0,corps,93.98245071223127,1.0725
1558,2,21,10.50,2.2,0,corps,93.93747073280709,1.2576
1559,4,38,9.50,3.1,0,corps,93.89251323775106,1.3569
1560,4,89,22.25,3.1,0,corps,93.84757821582382,1.1417
1561,3,62,20.67,2.7,0,corps,93.8026656557916,1.5201
1562,3,69,23.00,2.7,0,corps,93.75777554642625,1.1384
1563,8,113,14.12,4.9,0,corps,93.71290787650527,1.6085
1564,6,103,17.17,4.0,0,corps,93.6680626348117,1.4597
1565,4,75,18.75,3.1,0,corps,93.62323981013428,1.1789
1566,2,57,28.50,2.2,0,corps,93.57843939126727,1.1579
1567,2,51,25.50,2.2,0,corps,93.53366136701058,1.4165
1568,5,68,13.60,3.6,0,corps,93.48890572616969,2.1598
1569,3,57,19.00,2.7,0,corps,93.44417245755571,1.4256
1570,4,87,21.75,3.1,0,corps,93.39946154998529,1.1423
1571,5,104,20.80,3.6,0,corps,93.35477299228074,0.9714
1572,3,85,28.33,2.7,0,corps,93.31010677326988,1.0086
1573,8,107,13.38,4.9,0,corps,93.26546288178622,1.6172
1574,4,112,28.00,3.1,0,corps,93.22084130666872,0.9816
1575,4,113,28.25,3.1,0,corps,93.17624203676202,1.0265
1576,3,70,23.33,2.7,0,corps,93.13166506091628,1.5203
1577,4,82,20.50,3.1,0,corps,93.08711036798728,1.1890
1578,10,155,15.50,5.8,0,corps,93.04257794683633,1.4578
1579,2,100,50.00,2.2,0,corps,92.99806778633032,0.5653
1580,2,33,16.50,2.2,0,corps,92.95357987534175,0.8977
1581,2,65,32.50,2.2,0,corps,92.9091142027486,0.7219
1582,2,46,23.00,2.2,0,corps,92.86467075743444,1.0819
1583,2,102,51.00,2.2,0,corps,92.82024952828846,0.7001
1584,2,31,15.50,2.2,0,corps,92.77585050420531,1.0819
1585,7,95,13.57,4.4,0,corps,92.73147367408527,1.6446
1586,2,52,26.00,2.2,0,corps,92.68711902683407,1.0307
1587,5,97,19.40,3.6,0,corps,92.64278655136313,1.0544
1588,2,102,51.00,2.2,0,corps,92.59847623658928,0.6171
1589,3,72,24.00,2.7,0,corps,92.55418807143492,0.9052
1590,2,29,14.50,2.2,0,corps,92.50992204482807,1.0446
1591,8,200,25.00,4.9,0,corps,92.4656781457022,3.3260
1592,2,44,22.00,2.2,0,corps,92.4214563629963,0.7909
1593,8,171,21.38,4.9,0,corps,92.37725668565497,1.4317
1594,2,19,9.50,2.2,0,corps,92.33307910262826,1.1815
1595,8,157,19.62,4.9,0,corps,92.28892360287179,1.0398
1596,3,74,24.67,2.7,0,corps,92.2447901753467,0.7249
1597,5,156,31.20,3.6,0,corps,92.20067880901959,0.9492
1598,2,92,46.00,2.2,0,corps,92.15658949286264,0.6763
1599,2,100,50.00,2.2,0,corps,92.11252221585353,0.6112
1600,3,86,28.67,2.7,0,corps,92.06847696697544,0.8075
1601,7,113,16.14,4.4,0,corps,92.02445373521704,1.5246
1602,2,40,20.00,2.2,0,corps,91.98045250957253,1.2120
1603,6,92,15.33,4.0,0,corps,91.9364732790416,1.2617
1604,7,100,14.29,4.4,0,corps,91.89251603262947,1.4299
1605,4,106,26.50,3.1,0,corps,91.84858075934679,4.6515
1606,5,60,12.00,3.6,0,corps,91.80466744820976,1.7589
1607,7,105,15.00,4.4,0,corps,91.76077608824006,4.2485
1608,4,87,21.75,3.1,0,corps,91.71690666846483,1.1324
1609,4,84,21.00,3.1,0,corps,91.67305917791671,1.1352
1610,4,79,19.75,3.1,0,corps,91.62923360563386,1.2656
1611,5,98,19.60,3.6,0,corps,91.58542994065986,1.5728
1612,2,53,26.50,2.2,0,corps,91.54164817204381,0.9163
1613,2,48,24.00,2.2,0,corps,91.49788828884026,1.2207
1614,2,22,11.00,2.2,0,corps,91.45415028010923,2.6761
1615,3,25,8.33,2.7,0,corps,91.41043413491623,1.4509
1616,2,77,38.50,2.2,0,corps,91.3667398423322,1.0227
1617,4,40,10.00,3.1,0,corps,91.32306739143361,2.5239
1618,6,125,20.83,4.0,0,corps,91.27941677130231,1.2204
1619,4,51,12.75,3.1,0,corps,91.23578797102566,1.3510
1620,3,96,32.00,2.7,0,corps,91.19218097969646,1.2030
1621,3,50,16.67,2.7,0,corps,91.14859578641297,1.3145
1622,2,12,6.00,2.2,0,corps,91.10503238027886,2.9786
1623,3,62,20.67,2.7,0,corps,91.06149075040331,1.0233
1624,4,79,19.75,3.1,0,corps,91.0179708859009,5.3083
1625,5,64,12.80,3.6,0,corps,90.97447277589166,1.5471
1626,2,16,8.00,2.2,0,corps,90.93099640950106,1.5969
1627,9,106,11.78,5.3,0,corps,90.88754177586004,1.9649
1628,3,75,25.00,2.7,0,corps,90.84410886410488,1.6565
1629,2,81,40.50,2.2,0,corps,90.80069766337743,1.4891
1630,5,93,18.60,3.6,0,corps,90.75730816282483,1.9310
1631,9,128,14.22,5.3,0,corps,90.7139403515997,3.5382
1632,5,68,13.60,3.6,0,corps,90.67059421886015,1.9908
1633,3,50,16.67,2.7,0,corps,90.62726975376958,2.1521
1634,2,40,20.00,2.2,0,corps,90.5839669454969,1.2878
1635,3,45,15.00,2.7,0,corps,90.5406857832164,1.3845
1636,4,58,14.50,3.1,0,corps,90.49742625610781,1.7098
1637,4,51,12.75,3.1,0,corps,90.45418835335623,1.8028
1638,6,52,8.67,4.0,0,corps,90.4109720641522,1.8026
1639,2,44,22.00,2.2,0,corps,90.36777737769162,1.1266
1640,3,47,15.67,2.7,0,corps,90.32460428317587,1.8398
1641,4,49,12.25,3.1,0,corps,90.2814527698116,1.4524
1642,4,52,13.00,3.1,0,corps,90.23832282681099,1.3166
1643,2,63,31.50,2.2,0,corps,90.19521444339152,1.0679
1644,3,50,16.67,2.7,0,corps,90.15212760877614,1.8434
1645,4,70,17.50,3.1,0,corps,90.10906231219307,1.5685
1646,4,58,14.50,3.1,0,corps,90.06601854287607,1.0989
1647,14,208,14.86,7.6,0,corps,90.02299629006411,2.9051
1648,3,68,22.67,2.7,0,corps,89.9799955430017,1.2428
1649,3,66,22.00,2.7,0,corps,89.93701629093862,1.4848
1650,4,67,16.75,3.1,0,corps,89.89405852313006,1.4936
1651,2,30,15.00,2.2,0,corps,89.85112222883657,1.6714
1652,7,125,17.86,4.4,0,corps,89.8082073973241,1.1028
1653,3,80,26.67,2.7,0,corps,89.7653140178639,0.6285
1654,6,56,9.33,4.0,0,corps,89.72244207973267,1.5499
1655,4,77,19.25,3.1,0,corps,89.67959157221239,1.4055
1656,2,28,14.00,2.2,0,corps,89.63676248459048,1.6829
1657,2,44,22.00,2.2,0,corps,89.59395480615962,1.6982
1658,2,33,16.50,2.2,0,corps,89.55116852621791,1.0709
1659,2,52,26.00,2.2,0,corps,89.50840363406877,0.9756
1660,8,129,16.12,4.9,0,corps,89.46566011902098,1.2734
1661,4,85,21.25,3.1,0,corps,89.42293797038867,1.1392
1662,2,39,19.50,2.2,0,corps,89.3802371774913,1.3885
1663,3,80,26.67,2.7,0,corps,89.33755772965367,1.3410
1664,2,53,26.50,2.2,0,corps,89.29489961620591,0.9553
1665,5,74,14.80,3.6,0,corps,89.2522628264835,1.1614
1666,6,92,15.33,4.0,0,corps,89.20964734982726,4.7084
1667,2,47,23.50,2.2,0,corps,89.16705317558328,1.2026
1668,5,113,22.60,3.6,0,corps,89.12448029310305,1.3839
1669,2,67,33.50,2.2,0,corps,89.08192869174331,1.3023
1670,3,62,20.67,2.7,0,corps,89.03939836086622,1.4012
1671,6,138,23.00,4.0,0,corps,88.99688928983915,1.2882
1672,7,143,20.43,4.4,0,corps,88.95440146803483,1.2483
1673,2,71,35.50,2.2,0,corps,88.91193488483134,1.1164
1674,3,51,17.00,2.7,0,corps,88.86948952961203,1.3489
1675,6,67,11.17,4.0,0,corps,88.8270653917655,1.5854
1676,3,52,17.33,2.7,0,corps,88.78466246068578,1.4917
1677,3,39,13.00,2.7,0,corps,88.74228072577212,1.7536
1678,7,126,18.00,4.4,0,corps,88.69992017642909,1.5219
1679,7,80,11.43,4.4,0,corps,88.65758080206653,2.0650
1680,3,52,17.33,2.7,0,corps,88.61526259209963,1.2169
1681,3,69,23.00,2.7,0,corps,88.57296553594878,1.3202
1682,3,74,24.67,2.7,0,corps,88.53068962303979,1.6617
1683,5,83,16.60,3.6,0,corps,88.48843484280364,1.5056
1684,6,112,18.67,4.0,0,corps,88.44620118467664,1.3067
1685,2,51,25.50,2.2,0,corps,88.40398863810039,1.4759
1686,3,30,10.00,2.7,0,corps,88.3617971925217,1.9147
1687,5,70,14.00,3.6,0,corps,88.31962683739278,1.3154
1688,3,35,11.67,2.7,0,corps,88.277477562171,0.8992
1689,10,132,13.20,5.8,0,corps,88.23534935631905,1.6197
1690,5,97,19.40,3.6,0,corps,88.19324220930488,1.1025
1691,5,70,14.00,3.6,0,corps,88.15115611060169,1.2650
1692,3,26,8.67,2.7,0,corps,88.10909104968798,1.0638
1693,4,100,25.00,3.1,0,corps,88.06704701604745,4.8815
1694,2,39,19.50,2.2,0,corps,88.02502399916914,1.2636
1695,4,40,10.00,3.1,0,corps,87.98302198854725,1.9491
1696,4,91,22.75,3.1,0,corps,87.94104097368131,1.3651
1697,5,100,20.00,3.6,0,corps,87.89908094407602,1.5916
1698,3,69,23.00,2.7,0,corps,87.85714188924143,1.3972
1699,2,41,20.50,2.2,0,corps,87.81522379869273,1.0004
1700,3,73,24.33,2.7,0,corps,87.77332666195043,1.3009
1701,5,61,12.20,3.6,0,corps,87.73145046854023,1.8946
1702,3,59,19.67,2.7,0,corps,87.6895952079931,1.6306
1703,2,27,13.50,2.2,0,corps,87.64776086984517,1.9136
1704,4,50,12.50,3.1,0,corps,87.60594744363792,1.9977
1705,4,57,14.25,3.1,0,corps,87.56415491891795,2.0733
1706,2,29,14.50,2.2,0,corps,87.52238328523715,1.6173
1707,6,89,14.83,4.0,0,corps,87.48063253215261,2.1564
1708,2,60,30.00,2.2,0,corps,87.43890264922663,1.1621
1709,4,73,18.25,3.1,0,corps,87.39719362602676,1.6908
1710,3,58,19.33,2.7,0,corps,87.35550545212574,1.5046
1711,3,67,22.33,2.7,0,corps,87.3138381171015,1.7362
1712,7,124,17.71,4.4,0,corps,87.27219161053722,1.5057
1713,9,171,19.00,5.3,0,corps,87.23056592202127,2.1173
1714,2,22,11.00,2.2,0,corps,87.18896104114727,2.1608
1715,4,51,12.75,3.1,0,corps,87.14737695751393,2.0843
1716,10,168,16.80,5.8,0,corps,87.10581366072527,1.6591
1717,3,63,21.00,2.7,0,corps,87.06427114039046,1.7072
1718,3,56,18.67,2.7,0,corps,87.02274938612386,1.5267
1719,4,53,13.25,3.1,0,corps,86.98124838754505,1.7043
1720,2,24,12.00,2.2,0,corps,86.93976813427878,2.0819
1721,2,44,22.00,2.2,0,corps,86.89830861595496,1.4263
1722,4,130,32.50,3.1,0,corps,86.85686982220872,1.4635
1723,10,205,20.50,5.8,0,corps,86.81545174268037,1.2133
1724,7,112,16.00,4.4,0,corps,86.7740543670154,1.5479
1725,4,63,15.75,3.1,0,corps,86.73267768486443,1.5122
1726,5,112,22.40,3.6,0,corps,86.69132168588332,1.2372
1727,7,122,17.43,4.4,0,corps,86.64998635973309,1.5599
1728,14,163,11.64,7.6,0,corps,86.60867169607987,1.8998
1729,5,113,22.60,3.6,0,corps,86.56737768459497,1.2745
1730,4,124,31.00,3.1,0,corps,86.52610431495495,1.0666
1731,2,63,31.50,2.2,0,corps,86.48485157684144,0.9244
1732,2,45,22.50,2.2,0,corps,86.44361945994125,1.2132
1733,2,37,18.50,2.2,0,corps,86.40240795394634,1.1664
1734,2,56,28.00,2.2,0,corps,86.36121704855387,1.1211
1735,3,66,22.00,2.7,0,corps,86.32004673346606,1.2937
1736,3,46,15.33,2.7,0,corps,86.2788969983904,1.5964
1737,8,128,16.00,4.9,0,corps,86.23776783303938,1.3084
1738,6,112,18.67,4.0,0,corps,86.19665922713078,1.2592
1739,8,91,11.38,4.9,0,corps,86.1555711703874,6.2790
1740,6,99,16.50,4.0,0,corps,86.11450365253724,1.6903
1741,2,41,20.50,2.2,0,corps,86.07345666331342,0.7339
1742,3,49,16.33,2.7,0,corps,86.0324301924542,0.9541
1743,9,80,8.89,5.3,0,corps,85.99142422970296,1.5832
1744,3,70,23.33,2.7,0,corps,85.95043876480818,0.9988
1745,8,108,13.50,4.9,0,corps,85.90947378752354,1.6849
1746,3,55,18.33,2.7,0,corps,85.86852928760777,0.9013
1747,4,59,14.75,3.1,0,corps,85.82760525482475,1.3768
1748,2,39,19.50,2.2,0,corps,85.78670167894347,1.1107
1749,6,118,19.67,4.0,0,corps,85.74581854973802,1.1436
1750,4,38,9.50,3.1,0,corps,85.70495585698764,2.1038
1751,4,59,14.75,3.1,0,corps,85.66411359047666,1.3058
1752,3,68,22.67,2.7,0,corps,85.6232917399945,1.4276
1753,8,105,13.12,4.9,0,corps,85.5824902953357,2.1295
1754,5,57,11.40,3.6,0,corps,85.5417092462999,1.4453
1755,3,65,21.67,2.7,0,corps,85.50094858269183,1.2974
1756,2,46,23.00,2.2,0,corps,85.46020829432133,0.8054
1757,3,51,17.00,2.7,0,corps,85.41948837100333,1.4450
1758,2,46,23.00,2.2,0,corps,85.37878880255785,1.3849
1759,6,88,14.67,4.0,0,corps,85.33810957880999,1.5102
1760,2,63,31.50,2.2,0,corps,85.29745068958995,0.7706
1761,5,53,10.60,3.6,0,corps,85.256812124733,1.1857
1762,3,47,15.67,2.7,0,corps,85.21619387407952,1.2124
1763,3,41,13.67,2.7,0,corps,85.17559592747492,1.1825
1764,6,63,10.50,4.0,0,corps,85.13501827476972,7.2777
1765,4,53,13.25,3.1,0,corps,85.09446090581953,7.5446
1766,4,52,13.00,3.1,0,corps,85.05392381048496,1.5794
1767,6,108,18.00,4.0,0,corps,85.01340697863179,3.4207
1768,4,79,19.75,3.1,0,corps,84.97291040013077,1.5295
1769,9,105,11.67,5.3,0,corps,84.93243406485779,2.1065
1770,2,42,21.00,2.2,0,corps,84.89197796269373,1.1472
1771,2,28,14.00,2.2,0,corps,84.8515420835246,1.2339
1772,2,49,24.50,2.2,0,corps,84.8111264172414,1.1789
1773,2,35,17.50,2.2,0,corps,84.77073095374023,1.3861
1774,2,41,20.50,2.2,0,corps,84.73035568292221,1.1387
1775,5,83,16.60,3.6,0,corps,84.69000059469354,4.3649
1776,2,28,14.00,2.2,0,corps,84.64966567896543,1.1349
1777,3,57,19.00,2.7,0,corps,84.60935092565417,1.2406
1778,3,48,16.00,2.7,0,corps,84.56905632468106,1.4061
1779,2,42,21.00,2.2,0,corps,84.52878186597245,1.7498
1780,4,56,14.00,3.1,0,corps,84.48852753945972,0.9514
1781,11,111,10.09,6.2,0,corps,84.4482933350793,1.4600
1782,3,61,20.33,2.7,0,corps,84.40807924277263,1.0721
1783,2,56,28.00,2.2,0,corps,84.36788525248619,1.0711
1784,5,76,15.20,3.6,0,corps,84.32771135417147,1.8435
1785,3,73,24.33,2.7,0,corps,84.28755753778503,1.2708
1786,12,198,16.50,6.7,0,corps,84.24742379328838,2.6016
1787,7,98,14.00,4.4,0,corps,84.2073101106481,2.6901
1788,2,48,24.00,2.2,0,corps,84.16721647983576,1.8700
1789,3,51,17.00,2.7,0,corps,84.12714289082797,1.3410
1790,2,43,21.50,2.2,0,corps,84.0870893336063,1.0319
1791,2,29,14.50,2.2,0,corps,84.04705579815739,1.9797
1792,8,115,14.38,4.9,0,corps,84.00704227447285,1.7009
1793,11,181,16.45,6.2,0,corps,83.9670487525493,1.7691
1794,10,155,15.50,5.8,0,corps,83.92707522238834,1.9014
1795,4,67,16.75,3.1,0,corps,83.88712167399662,1.2312
1796,3,55,18.33,2.7,0,corps,83.84718809738571,1.5770
1797,6,166,27.67,4.0,0,corps,83.80727448257225,1.2739
1798,5,100,20.00,3.6,0,corps,83.76738081957784,1.4250
1799,11,246,22.36,6.2,0,corps,83.72750709842904,1.0893
1800,2,34,17.00,2.2,0,corps,83.68765330915743,1.5088
1801,2,24,12.00,2.2,0,corps,83.64781944179957,1.6247
1802,2,35,17.50,2.2,0,corps,83.60800548639696,1.5140
1803,2,26,13.00,2.2,0,corps,83.56821143299616,1.1286
1804,5,105,21.00,3.6,0,corps,83.52843727164863,1.3327
1805,2,16,8.00,2.2,0,corps,83.48868299241083,3.7488
1806,3,59,19.67,2.7,0,corps,83.44894858534418,1.0500
1807,5,59,11.80,3.6,0,corps,83.40923404051512,1.6586
1808,14,201,14.36,7.6,0,corps,83.36953934799496,1.6008
1809,4,108,27.00,3.1,0,corps,83.32986449786006,1.1615
1810,2,60,30.00,2.2,0,corps,83.29020948019169,0.9186
1811,2,28,14.00,2.2,0,corps,83.25057428507611,0.8216
1812,5,101,20.20,3.6,0,corps,83.2109589026045,1.0208
1813,3,38,12.67,2.7,0,corps,83.17136332287305,1.3880
1814,4,97,24.25,3.1,0,corps,83.13178753598282,1.0387
1815,3,63,21.00,2.7,0,corps,83.09223153203989,1.4814
1816,3,45,15.00,2.7,0,corps,83.05269530115528,0.8900
1817,3,48,16.00,2.7,0,corps,83.01317883344488,1.2816
1818,3,47,15.67,2.7,0,corps,82.97368211902962,1.3750
1819,3,85,28.33,2.7,0,corps,82.93420514803529,0.8801
1820,5,88,17.60,3.6,0,corps,82.89474791059264,1.1627
1821,8,136,17.00,4.9,0,corps,82.85531039683742,1.4998
1822,2,33,16.50,2.2,0,corps,82.81589259691017,1.0958
1823,2,37,18.50,2.2,0,corps,82.77649450095652,1.0703
1824,2,43,21.50,2.2,0,corps,82.73711609912687,0.8149
1825,4,59,14.75,3.1,0,corps,82.69775738157668,1.0359
1826,5,51,10.20,3.6,0,corps,82.6584183384662,1.3970
1827,5,78,15.60,3.6,0,corps,82.61909895996077,1.6757
1828,8,127,15.88,4.9,0,corps,82.57979923623046,1.5302
1829,2,25,12.50,2.2,0,corps,82.54051915745038,1.4815
1830,2,30,15.00,2.2,0,corps,82.50125871380048,1.4005
1831,7,164,23.43,4.4,0,corps,82.46201789546569,1.4358
1832,2,29,14.50,2.2,0,corps,82.42279669263577,1.1672
1833,5,67,13.40,3.6,0,corps,82.38359509550544,1.3348
1834,3,60,20.00,2.7,0,corps,82.34441309427429,1.4514
1835,2,33,16.50,2.2,0,corps,82.30525067914681,1.1737
1836,3,49,16.33,2.7,0,corps,82.26610784033241,1.5797
1837,2,37,18.50,2.2,0,corps,82.2269845680454,1.1468
1838,2,55,27.50,2.2,0,corps,82.18788085250492,1.1189
1839,3,35,11.67,2.7,0,corps,82.14879668393506,1.4348
1840,2,36,18.00,2.2,0,corps,82.10973205256478,1.7526
1841,3,41,13.67,2.7,0,corps,82.07068694862792,1.7474
1842,2,42,21.00,2.2,0,corps,82.03166136236321,1.7021
1843,3,32,10.67,2.7,0,corps,81.99265528401423,1.4292
1844,3,60,20.00,2.7,0,corps,81.95366870382949,1.1269
1845,3,48,16.00,2.7,0,corps,81.91470161206234,2.1831
1846,4,87,21.75,3.1,0,corps,81.87575399897099,1.1057
1847,2,36,18.00,2.2,0,corps,81.83682585481854,1.4674
1848,3,66,22.00,2.7,0,corps,81.79791716987296,1.1592
1849,6,87,14.50,4.0,0,corps,81.7590279344071,1.2998
1850,3,54,18.00,2.7,0,corps,81.7201581386986,1.3209
1851,2,49,24.50,2.2,0,corps,81.68130777303006,1.3744
1852,2,66,33.00,2.2,0,corps,81.64247682768885,1.2841
1853,3,48,16.00,2.7,0,corps,81.60366529296726,1.4051
1854,6,75,12.50,4.0,0,corps,81.5648731591624,1.9223
1855,3,56,18.67,2.7,0,corps,81.52610041657623,1.2499
1856,2,22,11.00,2.2,0,corps,81.48734705551557,1.5607
1857,3,33,11.00,2.7,0,corps,81.44861306629207,2.2648
1858,2,67,33.50,2.2,0,corps,81.40989843922225,0.9618
1859,2,72,36.00,2.2,0,corps,81.37120316462743,0.7917
1860,2,68,34.00,2.2,0,corps,81.33252723283381,1.0501
1861,3,59,19.67,2.7,0,corps,81.29387063417242,1.1136
1862,3,56,18.67,2.7,0,corps,81.25523335897907,1.3456
1863,3,50,16.67,2.7,0,corps,81.21661539759447,1.5007
1864,13,143,11.00,7.1,0,corps,81.17801674036413,1.9669
1865,6,84,14.00,4.0,0,corps,81.13943737763836,1.9531
1866,2,60,30.00,2.2,0,corps,81.10087729977234,0.9169
1867,3,47,15.67,2.7,0,corps,81.06233649712605,1.7116
1868,5,63,12.60,3.6,0,corps,81.02381496006427,1.6941
1869,2,67,33.50,2.2,0,corps,80.98531267895666,0.8718
1870,2,14,7.00,2.2,0,corps,80.9468296441776,1.5576
1871,2,21,10.50,2.2,0,corps,80.90836584610636,2.5220
1872,5,79,15.80,3.6,0,corps,80.86992127512698,1.3236
1873,6,89,14.83,4.0,0,corps,80.83149592162833,1.4462
1874,7,126,18.00,4.4,0,corps,80.79308977600404,1.0871
1875,2,35,17.50,2.2,0,corps,80.7547028286526,0.9442
1876,9,98,10.89,5.3,0,corps,80.71633506997729,1.6385
1877,8,89,11.12,4.9,0,corps,80.6779864903861,1.6539
1878,10,119,11.90,5.8,0,corps,80.63965708029197,2.0136
1879,2,60,30.00,2.2,0,corps,80.6013468301125,1.1202
1880,4,103,25.75,3.1,0,corps,80.56305573027015,1.2556
1881,4,54,13.50,3.1,0,corps,80.5247837711921,1.6200
1882,5,47,9.40,3.6,0,corps,80.48653094331041,1.3092
1883,10,170,17.00,5.8,0,corps,80.44829723706187,1.4383
1884,2,15,7.50,2.2,0,corps,80.410082642888,1.5482
1885,2,28,14.00,2.2,0,corps,80.37188715123521,1.0107
1886,2,22,11.00,2.2,0,corps,80.33371075255461,1.5737
1887,3,53,17.67,2.7,0,corps,80.29555343730209,1.1088
1888,9,110,12.22,5.3,0,corps,80.25741519593834,1.4019
1889,2,31,15.50,2.2,0,corps,80.21929601892876,1.1129
1890,5,85,17.00,3.6,0,corps,80.18119589674359,2.0420
1891,4,68,17.00,3.1,0,corps,80.1431148198578,1.0810
1892,4,53,13.25,3.1,0,corps,80.1050527787511,1.3523
1893,4,78,19.50,3.1,0,corps,80.06700976390799,1.1667
1894,4,70,17.50,3.1,0,corps,80.02898576581774,1.3501
1895,8,70,8.75,4.9,0,corps,79.9909807749743,1.7234
1896,5,68,13.60,3.6,0,corps,79.95299478187647,1.2737
1897,10,160,16.00,5.8,0,corps,79.91502777702773,4.2056
1898,6,153,25.50,4.0,0,corps,79.87707975093632,1.0545
1899,4,51,12.75,3.1,0,corps,79.83915069411525,1.2567
1900,12,130,10.83,6.7,0,corps,79.80124059708224,5.4459
1901,4,122,30.50,3.1,0,corps,79.76334945035978,1.5207
1902,5,90,18.00,3.6,0,corps,79.72547724447507,1.2167
1903,2,19,9.50,2.2,0,corps,79.68762396996007,1.4776
1904,5,67,13.40,3.6,0,corps,79.64978961735146,1.5401
1905,5,108,21.60,3.6,0,corps,79.61197417719065,1.2545
1906,4,31,7.75,3.1,0,corps,79.57417764002376,2.8039
1907,2,44,22.00,2.2,0,corps,79.5363999964017,1.3510
1908,13,222,17.08,7.1,0,corps,79.49864123688002,1.4849
1909,3,75,25.00,2.7,0,corps,79.46090135201904,1.0565
1910,5,74,14.80,3.6,0,corps,79.42318033238381,1.7280
1911,4,84,21.00,3.1,0,corps,79.38547816854403,1.8765
1912,12,176,14.67,6.7,0,corps,79.3477948510742,1.6375
1913,4,64,16.00,3.1,0,corps,79.31013037055347,1.1288
1914,5,58,11.60,3.6,0,corps,79.27248471756572,1.5362
1915,4,60,15.00,3.1,0,corps,79.23485788269954,1.2525
1916,2,53,26.50,2.2,0,corps,79.19724985654824,1.0477
1917,2,50,25.00,2.2,0,corps,79.15966062970978,1.4113
1918,4,77,19.25,3.1,0,corps,79.12209019278687,1.4351
1919,2,73,36.50,2.2,0,corps,79.0845385363869,1.2597
1920,2,46,23.00,2.2,0,corps,79.04700565112196,1.1706
1921,7,141,20.14,4.4,0,corps,79.00949152760882,1.3106
1922,3,26,8.67,2.7,0,corps,78.97199615646895,2.5485
1923,6,73,12.17,4.0,0,corps,78.93451952832852,1.8228
1924,7,102,14.57,4.4,0,corps,78.89706163381835,1.8979
1925,6,69,11.50,4.0,0,corps,78.85962246357398,2.1007
1926,3,56,18.67,2.7,0,corps,78.82220200823564,1.5151
1927,2,33,16.50,2.2,0,corps,78.78480025844816,1.5402
1928,2,25,12.50,2.2,0,corps,78.74741720486116,1.5525
1929,4,43,10.75,3.1,0,corps,78.71005283812883,2.2632
1930,2,44,22.00,2.2,0,corps,78.6727071489101,1.1726
1931,4,67,16.75,3.1,0,corps,78.63538012786856,1.9049
1932,2,53,26.50,2.2,0,corps,78.59807176567243,1.4975
1933,6,104,17.33,4.0,0,corps,78.56078205299463,1.2144
1934,8,72,9.00,4.9,0,corps,78.52351098051274,2.1381
1935,2,37,18.50,2.2,0,corps,78.48625853890896,1.0004
1936,2,65,32.50,2.2,0,corps,78.44902471887023,0.7855
1937,5,145,29.00,3.6,0,corps,78.41180951108805,0.9480
1938,2,42,21.00,2.2,0,corps,78.37461290625865,1.0831
1939,4,51,12.75,3.1,0,corps,78.33743489508286,1.6586
1940,2,45,22.50,2.2,0,corps,78.30027546826616,1.2359
1941,3,63,21.00,2.7,0,corps,78.26313461651874,0.9592
1942,2,21,10.50,2.2,0,corps,78.22601233055535,1.3333
1943,2,36,18.00,2.2,0,corps,78.18890860109543,1.2517
1944,2,39,19.50,2.2,0,corps,78.15182341886306,1.2945
1945,4,54,13.50,3.1,0,corps,78.11475677458691,1.6752
1946,5,87,17.40,3.6,0,corps,78.07770865900035,0.9391
1947,6,84,14.00,4.0,0,corps,78.04067906284135,2.9827
1948,3,66,22.00,2.7,0,corps,78.00366797685248,1.5734
1949,2,30,15.00,2.2,0,corps,77.96667539178101,1.3372
1950,3,59,19.67,2.7,0,corps,77.92970129837876,0.7360
1951,6,95,15.83,4.0,0,corps,77.89274568740223,1.1926
1952,4,55,13.75,3.1,0,corps,77.85580854961249,1.5547
1953,5,136,27.20,3.6,0,corps,77.81888987577528,2.2318
1954,7,90,12.86,4.4,0,corps,77.78198965666093,1.8667
1955,4,58,14.50,3.1,0,corps,77.74510788304437,2.9099
1956,9,129,14.33,5.3,0,corps,77.70824454570517,1.3480
1957,10,144,14.40,5.8,0,corps,77.67139963542749,1.2004
1958,10,126,12.60,5.8,0,corps,77.63457314300011,1.7337
1959,4,50,12.50,3.1,0,corps,77.59776505921639,1.9046
1960,3,62,20.67,2.7,0,corps,77.56097537487432,1.1577
1961,2,29,14.50,2.2,0,corps,77.52420408077647,1.1934
1962,4,64,16.00,3.1,0,corps,77.48745116773003,0.9565
1963,7,136,19.43,4.4,0,corps,77.45071662654675,1.2348
1964,5,63,12.60,3.6,0,corps,77.41400044804304,1.5237
1965,2,34,17.00,2.2,0,corps,77.3773026230398,1.1312
1966,4,102,25.50,3.1,0,corps,77.3406231423626,1.0732
1967,4,79,19.75,3.1,0,corps,77.30396199684158,0.9129
1968,6,106,17.67,4.0,0,corps,77.26731917731144,1.1545
1969,3,71,23.67,2.7,0,corps,77.23069467461146,0.8041
1970,6,70,11.67,4.0,0,corps,77.19408847958555,1.4614
1971,2,17,8.50,2.2,0,corps,77.15750058308211,0.9757
1972,5,57,11.40,3.6,0,corps,77.12093097595422,1.6895
1973,6,93,15.50,4.0,0,corps,77.08437964905946,1.1623
1974,15,257,17.13,8.0,0,corps,77.04784659325999,1.1286
1975,8,88,11.00,4.9,0,corps,77.01133179942254,1.3575
1976,2,59,29.50,2.2,0,corps,76.97483525841842,0.8476
1977,8,114,14.25,4.9,0,corps,76.9383569611235,1.4173
1978,3,49,16.33,2.7,0,corps,76.90189689841822,1.1772
1979,3,73,24.33,2.7,0,corps,76.8654550611875,1.5466
1980,3,52,17.33,2.7,0,corps,76.82903144032096,1.5301
1981,2,23,11.50,2.2,0,corps,76.79262602671264,2.2002
1982,3,21,7.00,2.7,0,corps,76.75623881126121,3.2818
1983,6,100,16.67,4.0,0,corps,76.71986978486987,1.5720
1984,8,123,15.38,4.9,0,corps,76.68351893844635,2.1099
1985,3,73,24.33,2.7,0,corps,76.64718626290295,1.6020
1986,8,86,10.75,4.9,0,corps,76.61087174915649,2.0470
1987,2,72,36.00,2.2,0,corps,76.57457538812834,1.1325
1988,2,38,19.00,2.2,0,corps,76.53829717074441,1.5042
1989,3,30,10.00,2.7,0,corps,76.50203708793516,1.8176
1990,8,88,11.00,4.9,0,corps,76.46579513063556,3.4423
1991,5,47,9.40,3.6,0,corps,76.42957128978512,1.9002
1992,3,42,14.00,2.7,0,corps,76.39336555632788,1.6689
1993,4,69,17.25,3.1,0,corps,76.3571779212124,1.3558
1994,3,63,21.00,2.7,0,corps,76.32100837539178,1.1862
1995,3,45,15.00,2.7,0,corps,76.28485690982363,2.2778
1996,7,145,20.71,4.4,0,corps,76.24872351547009,1.4844
1997,4,55,13.75,3.1,0,corps,76.21260818329779,1.3169
1998,2,34,17.00,2.2,0,corps,76.17651090427793,2.4144
1999,3,53,17.67,2.7,0,corps,76.14043166938616,1.2972
2000,4,82,20.50,3.1,0,corps,76.1043704696027,1.2859
2001,4,125,31.25,3.1,0,corps,76.06832729591221,1.0214
2002,6,70,11.67,4.0,0,corps,76.03230213930394,1.7369
2003,5,87,17.40,3.6,0,corps,75.99629499077156,1.2272
2004,6,87,14.50,4.0,0,corps,75.96030584131333,1.2977
2005,3,51,17.00,2.7,0,corps,75.92433468193191,1.2617
2006,9,102,11.33,5.3,0,corps,75.88838150363455,1.2211
2007,12,132,11.00,6.7,0,corps,75.85244629743292,1.5108
2008,8,117,14.62,4.9,0,corps,75.81652905434326,1.6724
2009,5,85,17.00,3.6,0,corps,75.78062976538622,1.6096
2010,3,47,15.67,2.7,0,corps,75.74474842158702,1.2114
2011,2,52,26.00,2.2,0,corps,75.70888501397526,1.3422
2012,10,158,15.80,5.8,0,corps,75.67303953358517,1.7457
2013,6,70,11.67,4.0,0,corps,75.63721197145532,2.1953
2014,7,94,13.43,4.4,0,corps,75.60140231862883,8.3262
2015,2,32,16.00,2.2,0,corps,75.5656105661533,2.0321
2016,3,77,25.67,2.7,0,corps,75.52983670508078,1.6248
2017,8,160,20.00,4.9,0,corps,75.4940807264678,1.4457
2018,12,171,14.25,6.7,0,corps,75.4583426213754,1.4417
2019,2,41,20.50,2.2,0,corps,75.42262238086899,1.9227
2020,2,35,17.50,2.2,0,corps,75.38691999601858,1.2229
2021,8,107,13.38,4.9,0,corps,75.35123545789853,1.7590
2022,4,67,16.75,3.1,0,corps,75.31556875758771,1.4753
2023,2,27,13.50,2.2,0,corps,75.27991988616945,1.4271
2024,8,106,13.25,4.9,0,corps,75.24428883473153,1.5121
2025,2,39,19.50,2.2,0,corps,75.20867559436621,1.1791
2026,5,88,17.60,3.6,0,corps,75.17308015617014,1.2461
2027,4,92,23.00,3.1,0,corps,75.13750251124448,1.1269
2028,5,69,13.80,3.6,0,corps,75.10194265069484,1.5598
2029,5,74,14.80,3.6,0,corps,75.06640056563123,1.7038
2030,5,54,10.80,3.6,0,corps,75.03087624716812,1.4556
2031,10,101,10.10,5.8,0,corps,74.99536968642443,2.2010
2032,3,90,30.00,2.7,0,corps,74.95988087452355,1.2753
2033,7,87,12.43,4.4,0,corps,74.92440980259325,1.9830
2034,6,88,14.67,4.0,0,corps,74.88895646176577,1.3599
2035,8,113,14.12,4.9,0,corps,74.85352084317776,1.4702
2036,6,83,13.83,4.0,0,corps,74.81810293797035,1.4762
2037,4,50,12.50,3.1,0,corps,74.78270273728906,1.6870
2038,3,72,24.00,2.7,0,corps,74.74732023228378,1.2073
2039,2,44,22.00,2.2,0,corps,74.71195541410896,1.2526
2040,2,37,18.50,2.2,0,corps,74.67660827392335,1.3119
2041,6,47,7.83,4.0,0,corps,74.64127880289018,19.3928
2042,4,77,19.25,3.1,0,corps,74.60596699217709,1.4162
2043,6,120,20.00,4.0,0,corps,74.57067283295608,1.6529
2044,5,50,10.00,3.6,0,corps,74.53539631640368,1.7940
2045,2,63,31.50,2.2,0,corps,74.50013743370071,1.2709
2046,3,91,30.33,2.7,0,corps,74.46489617603247,0.8451
2047,3,53,17.67,2.7,0,corps,74.42967253458863,1.0297
2048,8,123,15.38,4.9,0,corps,74.3944665005633,1.6749
2049,3,45,15.00,2.7,0,corps,74.35927806515497,1.6176
2050,10,137,13.70,5.8,0,corps,74.32410721956651,1.7701
2051,3,32,10.67,2.7,0,corps,74.28895395500523,2.5034
2052,4,50,12.50,3.1,0,corps,74.2538182626828,1.8626
2053,4,77,19.25,3.1,0,corps,74.2187001338153,1.7221
2054,8,113,14.12,4.9,0,corps,74.18359955962322,2.5679
2055,6,135,22.50,4.0,0,corps,74.14851653133137,2.0161
2056,8,129,16.12,4.9,0,corps,74.11345104016902,7.2317
2057,4,124,31.00,3.1,0,corps,74.0784030773698,1.1756
2058,2,36,18.00,2.2,0,corps,74.04337263417173,1.2278
2059,8,216,27.00,4.9,0,corps,74.00835970181716,1.7324
2060,6,81,13.50,4.0,0,corps,73.97336427155288,1.8364
2061,4,80,20.00,3.1,0,corps,73.93838633463005,1.2058
2062,3,31,10.33,2.7,0,corps,73.90342588230416,1.3761
2063,2,83,41.50,2.2,0,corps,73.8684829058351,0.7160
2064,4,60,15.00,3.1,0,corps,73.83355739648712,1.2683
2065,3,29,9.67,2.7,0,corps,73.79864934552887,1.3456
2066,2,40,20.00,2.2,0,corps,73.76375874423333,0.7802
2067,4,54,13.50,3.1,0,corps,73.72888558387783,1.7503
2068,5,55,11.00,3.6,0,corps,73.69402985574408,1.1935
2069,2,41,20.50,2.2,0,corps,73.65919155111817,1.3965
2070,4,63,15.75,3.1,0,corps,73.6243706612905,1.9997
2071,10,144,14.40,5.8,0,corps,73.58956717755585,1.2621
2072,2,37,18.50,2.2,0,corps,73.55478109121337,1.5507
2073,2,17,8.50,2.2,0,corps,73.52001239356653,3.0131
2074,3,64,21.33,2.7,0,corps,73.48526107592315,0.8963
2075,4,86,21.50,3.1,0,corps,73.45052712959537,1.1846
2076,8,113,14.12,4.9,0,corps,73.41581054589977,1.4232
2077,6,80,13.33,4.0,0,corps,73.38111131615716,1.5801
2078,7,84,12.00,4.4,0,corps,73.34642943169274,1.5258
2079,4,78,19.50,3.1,0,corps,73.31176488383603,1.2375
2080,5,69,13.80,3.6,0,corps,73.2771176639209,1.4529
2081,3,37,12.33,2.7,0,corps,73.24248776328557,2.1035
2082,2,57,28.50,2.2,0,corps,73.20787517327253,1.3628
2083,9,131,14.56,5.3,0,corps,73.17327988522862,1.0627
2084,4,72,18.00,3.1,0,corps,73.13870189050508,1.8821
2085,2,10,5.00,2.2,0,corps,73.10414118045735,1.9416
2086,8,88,11.00,4.9,0,corps,73.06959774644528,1.5038
2087,3,36,12.00,2.7,0,corps,73.03507157983299,1.2163
2088,2,46,23.00,2.2,0,corps,73.00056267198897,1.0671
2089,6,70,11.67,4.0,0,corps,72.96607101428599,1.9559
2090,5,73,14.60,3.6,0,corps,72.93159659810112,0.8672
2091,2,56,28.00,2.2,0,corps,72.89713941481574,1.3059
2092,8,114,14.25,4.9,0,corps,72.86269945581557,1.3946
2093,4,60,15.00,3.1,0,corps,72.82827671249063,1.7879
2094,5,57,11.40,3.6,0,corps,72.79387117623524,1.5096
2095,7,78,11.14,4.4,0,corps,72.759482838448,1.3960
2096,5,62,12.40,3.6,0,corps,72.72511169053182,1.4195
2097,5,56,11.20,3.6,0,corps,72.69075772389392,1.9084
2098,3,49,16.33,2.7,0,corps,72.65642092994581,1.4599
2099,6,77,12.83,4.0,0,corps,72.62210130010328,1.5987
2100,2,44,22.00,2.2,0,corps,72.58779882578644,1.0562
2101,6,113,18.83,4.0,0,corps,72.55351349841968,1.6254
2102,4,67,16.75,3.1,0,corps,72.51924530943164,1.2022
2103,5,65,13.00,3.6,0,corps,72.48499425025527,2.1154
2104,5,59,11.80,3.6,0,corps,72.45076031232783,1.6657
2105,3,40,13.33,2.7,0,corps,72.41654348709083,1.4992
2106,7,98,14.00,4.4,0,corps,72.38234376599007,1.4137
2107,3,58,19.33,2.7,0,corps,72.34816114047557,1.0212
2108,5,49,9.80,3.6,0,corps,72.31399560200174,2.7800
2109,2,27,13.50,2.2,0,corps,72.27984714202717,1.2768
2110,7,91,13.00,4.4,0,corps,72.24571575201473,1.7724
2111,3,48,16.00,2.7,0,corps,72.21160142343156,1.2917
2112,7,136,19.43,4.4,0,corps,72.17750414774913,1.4501
2113,3,51,17.00,2.7,0,corps,72.1434239164431,1.6929
2114,6,67,11.17,4.0,0,corps,72.1093607209934,1.8933
2115,7,100,14.29,4.4,0,corps,72.07531455288421,1.7398
2116,7,137,19.57,4.4,0,corps,72.04128540360402,1.2572
2117,4,60,15.00,3.1,0,corps,72.00727326464556,1.1240
2118,11,109,9.91,6.2,0,corps,71.97327812750575,9.0782
2119,6,74,12.33,4.0,0,corps,71.93929998368583,1.7988
2120,9,142,15.78,5.3,0,corps,71.90533882469126,2.5225
2121,7,78,11.14,4.4,0,corps,71.87139464203175,2.6969
2122,6,113,18.83,4.0,0,corps,71.83746742722126,1.2661
2123,12,166,13.83,6.7,0,corps,71.80355717177797,1.8323
2124,2,22,11.00,2.2,0,corps,71.76966386722432,1.6157
2125,6,118,19.67,4.0,0,corps,71.73578750508702,1.4107
2126,2,35,17.50,2.2,0,corps,71.70192807689692,1.5930
2127,6,85,14.17,4.0,0,corps,71.6680855741892,1.8744
2128,12,157,13.08,6.7,0,corps,71.63425998850322,1.6334
2129,7,91,13.00,4.4,0,corps,71.6004513113826,1.9209
2130,6,86,14.33,4.0,0,corps,71.56665953437515,1.3223
2131,5,66,13.20,3.6,0,corps,71.53288464903295,1.4151
2132,4,44,11.00,3.1,0,corps,71.49912664691225,1.1502
2133,10,155,15.50,5.8,0,corps,71.46538551957357,1.9962
2134,2,11,5.50,2.2,0,corps,71.43166125858163,2.4432
2135,2,30,15.00,2.2,0,corps,71.39795385550534,0.9297
2136,4,33,8.25,3.1,0,corps,71.36426330191786,1.7806
2137,6,77,12.83,4.0,0,corps,71.33058958939658,1.3156
2138,3,48,16.00,2.7,0,corps,71.29693270952303,1.3802
2139,7,66,9.43,4.4,0,corps,71.26329265388303,1.8599
2140,7,81,11.57,4.4,0,corps,71.22966941406649,2.3737
2141,6,112,18.67,4.0,0,corps,71.19606298166772,1.5963
2142,3,50,16.67,2.7,0,corps,71.16247334828502,1.4753
2143,2,41,20.50,2.2,0,corps,71.128900505521,1.6461
2144,9,118,13.11,5.3,0,corps,71.09534444498244,3.6142
2145,4,54,13.50,3.1,0,corps,71.06180515828036,1.1341
2146,5,77,15.40,3.6,0,corps,71.02828263702993,1.7034
2147,3,43,14.33,2.7,0,corps,70.9947768728505,2.0055
2148,4,44,11.00,3.1,0,corps,70.96128785736562,2.0155
2149,4,54,13.50,3.1,0,corps,70.92781558220307,1.6314
2150,2,41,20.50,2.2,0,corps,70.89436003899478,1.6701
2151,6,134,22.33,4.0,0,corps,70.86092121937682,1.6433
2152,2,42,21.00,2.2,0,corps,70.82749911498951,1.7140
2153,6,83,13.83,4.0,0,corps,70.79409371747734,1.8164
2154,7,71,10.14,4.4,0,corps,70.76070501848896,1.7654
2155,12,155,12.92,6.7,0,corps,70.72733300967717,1.6540
2156,4,54,13.50,3.1,0,corps,70.69397768269896,1.7041
2157,2,46,23.00,2.2,0,corps,70.66063902921555,1.2231
2158,5,101,20.20,3.6,0,corps,70.62731704089222,1.3913
2159,9,148,16.44,5.3,0,corps,70.59401170939852,1.3498
2160,3,43,14.33,2.7,0,corps,70.56072302640807,1.7157
2161,7,67,9.57,4.4,0,corps,70.52745098359874,1.2417
2162,5,51,10.20,3.6,0,corps,70.4941955726525,1.7295
2163,2,43,21.50,2.2,0,corps,70.4609567852555,1.2733
2164,2,42,21.00,2.2,0,corps,70.42773461309804,1.2013
2165,2,22,11.00,2.2,0,corps,70.39452904787457,1.6966
2166,14,169,12.07,7.6,0,corps,70.36134008128373,1.9924
2167,2,35,17.50,2.2,0,corps,70.32816770502825,1.1738
2168,2,28,14.00,2.2,0,corps,70.295011910815,0.8717
2169,3,42,14.00,2.7,0,corps,70.26187269035513,1.0977
2170,7,108,15.43,4.4,0,corps,70.22875003536376,1.1538
2171,2,20,10.00,2.2,0,corps,70.19564393756025,1.3263
2172,8,83,10.38,4.9,0,corps,70.16255438866804,1.6393
2173,7,85,12.14,4.4,0,corps,70.12948138041479,1.7379
2174,6,80,13.33,4.0,0,corps,70.09642490453224,1.4482
2175,8,91,11.38,4.9,0,corps,70.06338495275625,1.4761
2176,12,138,11.50,6.7,0,corps,70.03036151682683,1.4821
2177,11,149,13.55,6.2,0,corps,69.99735458848816,1.6327
2178,7,99,14.14,4.4,0,corps,69.96436415948845,1.4699
2179,3,53,17.67,2.7,0,corps,69.93139022158016,1.1064
2180,5,56,11.20,3.6,0,corps,69.89843276651973,1.1662
2181,2,36,18.00,2.2,0,corps,69.86549178606786,0.9196
2182,2,33,16.50,2.2,0,corps,69.83256727198928,0.8715
2183,2,51,25.50,2.2,0,corps,69.79965921605286,1.8017
2184,4,61,15.25,3.1,0,corps,69.76676761003156,1.1536
2185,8,99,12.38,4.9,0,corps,69.73389244570252,1.6243
2186,4,55,13.75,3.1,0,corps,69.70103371484694,0.7526
2187,5,128,25.60,3.6,0,corps,69.66819140925016,0.8291
2188,3,33,11.00,2.7,0,corps,69.63536552070153,1.8412
2189,13,178,13.69,7.1,0,corps,69.60255604099463,1.2506
2190,6,67,11.17,4.0,0,corps,69.5697629619271,12.3094
2191,9,153,17.00,5.3,0,corps,69.53698627530063,1.1085
2192,2,24,12.00,2.2,0,corps,69.50422597292108,1.4496
2193,8,79,9.88,4.9,0,corps,69.47148204659837,1.4813
2194,4,66,16.50,3.1,0,corps,69.43875448814651,1.5803
2195,3,48,16.00,2.7,0,corps,69.40604328938362,1.0113
2196,5,49,9.80,3.6,0,corps,69.37334844213187,1.8123
2197,3,74,24.67,2.7,0,corps,69.34066993821759,1.3407
2198,5,55,11.00,3.6,0,corps,69.30800776947112,1.7566
2199,5,50,10.00,3.6,0,corps,69.27536192772695,1.3080
2200,3,88,29.33,2.7,0,corps,69.2427324048236,0.8817
2201,2,24,12.00,2.2,0,corps,69.21011919260368,1.0926
2202,11,113,10.27,6.2,0,corps,69.17752228291391,1.1128
2203,11,115,10.45,6.2,0,corps,69.14494166760504,1.6689
2204,2,39,19.50,2.2,0,corps,69.11237733853191,1.6390
2205,14,149,10.64,7.6,0,corps,69.07982928755348,8.3185
2206,4,52,13.00,3.1,0,corps,69.04729750653271,2.0515
2207,4,46,11.50,3.1,0,corps,69.01478198733666,1.5329
2208,4,49,12.25,3.1,0,corps,68.98228272183641,1.7907
2209,3,50,16.67,2.7,0,corps,68.94979970190722,1.0420
2210,6,80,13.33,4.0,0,corps,68.91733291942828,1.8885
2211,5,56,11.20,3.6,0,corps,68.88488236628291,1.6201
2212,6,81,13.50,4.0,0,corps,68.85244803435845,1.8778
2213,7,82,11.71,4.4,0,corps,68.82002991554636,1.4087
2214,2,63,31.50,2.2,0,corps,68.78762800174208,0.9730
2215,9,93,10.33,5.3,0,corps,68.75524228484514,1.5773
2216,3,40,13.33,2.7,0,corps,68.72287275675909,1.3727
2217,3,35,11.67,2.7,0,corps,68.69051940939158,1.4420
2218,4,76,19.00,3.1,0,corps,68.65818223465426,1.2284
2219,3,36,12.00,2.7,0,corps,68.62586122446285,1.0856
2220,4,63,15.75,3.1,0,corps,68.59355637073706,1.0932
2221,3,74,24.67,2.7,0,corps,68.5612676654007,1.0966
2222,4,44,11.00,3.1,0,corps,68.52899510038161,1.5297
2223,6,74,12.33,4.0,0,corps,68.49673866761162,2.0104
2224,3,38,12.67,2.7,0,corps,68.46449835902662,1.6139
2225,6,63,10.50,4.0,0,corps,68.43227416656657,1.7198
2226,3,51,17.00,2.7,0,corps,68.40006608217539,1.6981
2227,6,77,12.83,4.0,0,corps,68.36787409780106,13.0347
2228,7,92,13.14,4.4,0,corps,68.33569820539557,1.9393
2229,3,54,18.00,2.7,0,corps,68.303538396915,1.5915
2230,2,46,23.00,2.2,0,corps,68.27139466431936,1.3046
2231,9,94,10.44,5.3,0,corps,68.23926699957272,12.1265
2232,4,56,14.00,3.1,0,corps,68.20715539464315,2.8485
2233,3,41,13.67,2.7,0,corps,68.17505984150276,2.2541
2234,4,56,14.00,3.1,0,corps,68.14298033212768,1.6783
2235,2,29,14.50,2.2,0,corps,68.11091685849803,1.6265
2236,2,33,16.50,2.2,0,corps,68.07886941259788,2.5821
2237,8,76,9.50,4.9,0,corps,68.04683798641547,2.1484
2238,6,119,19.83,4.0,0,corps,68.01482257194287,1.5706
2239,2,16,8.00,2.2,0,corps,67.98282316117624,1.7430
2240,9,133,14.78,5.3,0,corps,67.95083974611573,8.9211
2241,3,101,33.67,2.7,0,corps,67.91887231876551,1.0166
2242,3,65,21.67,2.7,0,corps,67.88692087113368,0.9451
2243,9,75,8.33,5.3,0,corps,67.85498539523243,11.3444
2244,4,72,18.00,3.1,0,corps,67.82306588307783,1.1200
2245,6,84,14.00,4.0,0,corps,67.79116232669004,1.5174
2246,3,46,15.33,2.7,0,corps,67.75927471809318,1.0510
2247,4,79,19.75,3.1,0,corps,67.72740304931531,1.4318
2248,5,72,14.40,3.6,0,corps,67.69554731238854,1.4818
2249,11,149,13.55,6.2,0,corps,67.66370749934894,1.5539
2250,9,113,12.56,5.3,0,corps,67.63188360223656,1.8211
2251,2,24,12.00,2.2,0,corps,67.60007561309538,2.9363
2252,7,84,12.00,4.4,0,corps,67.56828352397346,1.5772
2253,2,17,8.50,2.2,0,corps,67.53650732692272,1.2627
2254,8,129,16.12,4.9,0,corps,67.50474701399918,1.3679
2255,15,196,13.07,8.0,0,corps,67.4730025772627,1.5532
2256,9,110,12.22,5.3,0,corps,67.44127400877721,1.8507
2257,3,36,12.00,2.7,0,corps,67.40956130061053,1.4048
2258,5,71,14.20,3.6,0,corps,67.37786444483453,1.2006
2259,15,211,14.07,8.0,0,corps,67.34618343352496,1.5630
2260,2,56,28.00,2.2,0,corps,67.31451825876158,0.9890
2261,15,166,11.07,8.0,0,corps,67.28286891262809,2.0573
2262,5,74,14.80,3.6,0,corps,67.25123538721218,2.0835
2263,5,72,14.40,3.6,0,corps,67.21961767460542,1.6163
2264,4,51,12.75,3.1,0,corps,67.1880157669034,1.4549
2265,3,43,14.33,2.7,0,corps,67.15642965620567,1.3714
2266,6,63,10.50,4.0,0,corps,67.12485933461568,2.1342
2267,8,93,11.62,4.9,0,corps,67.09330479424086,1.4203
2268,3,46,15.33,2.7,0,corps,67.06176602719256,1.7252
2269,4,56,14.00,3.1,0,corps,67.03024302558609,1.2208
2270,9,106,11.78,5.3,0,corps,66.9987357815407,1.5739
2271,6,94,15.67,4.0,0,corps,66.96724428717961,1.4200
2272,5,68,13.60,3.6,0,corps,66.9357685346299,1.2945
2273,7,78,11.14,4.4,0,corps,66.90430851602265,1.3918
2274,8,145,18.12,4.9,0,corps,66.87286422349285,1.2911
2275,11,132,12.00,6.2,0,corps,66.84143564917945,2.1048
2276,4,54,13.50,3.1,0,corps,66.81002278522529,1.5526
2277,2,38,19.00,2.2,0,corps,66.77862562377713,1.4570
2278,8,105,13.12,4.9,0,corps,66.74724415698573,11.1656
2279,3,84,28.00,2.7,0,corps,66.7158783770057,1.0830
2280,3,53,17.67,2.7,0,corps,66.68452827599558,1.5953
2281,2,85,42.50,2.2,0,corps,66.65319384611783,1.0654
2282,6,88,14.67,4.0,0,corps,66.6218750795389,1.0534
2283,5,64,12.80,3.6,0,corps,66.59057196842905,0.9932
2284,5,73,14.60,3.6,0,corps,66.55928450496253,1.2788
2285,2,17,8.50,2.2,0,corps,66.52801268131745,1.3466
2286,9,137,15.22,5.3,0,corps,66.49675648967587,1.5118
2287,6,65,10.83,4.0,0,corps,66.46551592222374,15.9563
2288,12,170,14.17,6.7,0,corps,66.43429097115092,1.3861
2289,2,23,11.50,2.2,0,corps,66.40308162865117,1.1515
2290,7,64,9.14,4.4,0,corps,66.37188788692214,1.6056
2291,4,55,13.75,3.1,0,corps,66.34070973816542,1.1411
2292,3,55,18.33,2.7,0,corps,66.30954717458646,1.4264
2293,4,62,15.50,3.1,0,corps,66.2784001883946,1.5122
2294,3,32,10.67,2.7,0,corps,66.2472687718031,0.7495
2295,3,27,9.00,2.7,0,corps,66.21615291702916,3.3877
2296,3,38,12.67,2.7,0,corps,66.18505261629376,2.4947
2297,2,28,14.00,2.2,0,corps,66.15396786182181,1.1457
2298,8,93,11.62,4.9,0,corps,66.12289864584217,1.4619
2299,3,58,19.33,2.7,0,corps,66.09184496058754,1.2496
2300,5,86,17.20,3.6,0,corps,66.06080679829445,1.1614
2301,9,103,11.44,5.3,0,corps,66.02978415120336,1.9847
2302,13,110,8.46,7.1,0,corps,65.99877701155864,1.9492
2303,10,116,11.60,5.8,0,corps,65.96778537160853,2.3749
2304,3,29,9.67,2.7,0,corps,65.93680922360507,1.2626
2305,16,223,13.94,8.4,0,corps,65.90584855980421,1.6024
2306,19,232,12.21,9.8,0,corps,65.87490337246584,1.6608
2307,3,31,10.33,2.7,0,corps,65.84397365385362,1.6291
2308,2,30,15.00,2.2,0,corps,65.81305939623516,2.1381
2309,7,92,13.14,4.4,0,corps,65.78216059188185,1.5624
2310,9,100,11.11,5.3,0,corps,65.75127723306902,2.3186
2311,6,88,14.67,4.0,0,corps,65.72040931207582,1.3686
2312,3,39,13.00,2.7,0,corps,65.68955682118526,1.2261
2313,6,72,12.00,4.0,0,corps,65.65871975268422,2.1465
2314,5,85,17.00,3.6,0,corps,65.62789809886345,1.1994
2315,4,46,11.50,3.1,0,corps,65.59709185201754,1.5993
2316,3,47,15.67,2.7,0,corps,65.56630100444491,1.7571
2317,6,69,11.50,4.0,0,corps,65.53552554844782,2.6182
2318,2,34,17.00,2.2,0,corps,65.50476547633247,1.3097
2319,2,20,10.00,2.2,0,corps,65.47402078040881,1.6060
2320,6,69,11.50,4.0,0,corps,65.44329145299065,12.7072
2321,13,220,16.92,7.1,0,corps,65.41257748639566,1.9344
2322,4,44,11.00,3.1,0,corps,65.38187887294539,1.3287
2323,2,42,21.00,2.2,0,corps,65.35119560496514,1.4350
2324,5,73,14.60,3.6,0,corps,65.32052767478412,1.7449
2325,2,31,15.50,2.2,0,corps,65.28987507473532,1.5705
2326,4,49,12.25,3.1,0,corps,65.25923779715565,1.9567
2327,7,111,15.86,4.4,0,corps,65.22861583438572,1.7879
2328,4,48,12.00,3.1,0,corps,65.19800917877006,2.1511
2329,3,62,20.67,2.7,0,corps,65.16741782265703,1.4749
2330,3,71,23.67,2.7,0,corps,65.13684175839877,1.4414
2331,6,73,12.17,4.0,0,corps,65.10628097835126,1.8308
2332,6,70,11.67,4.0,0,corps,65.07573547487434,2.0512
2333,8,95,11.88,4.9,0,corps,65.04520524033155,2.0437
2334,4,103,25.75,3.1,0,corps,65.01469026709043,1.6597
2335,3,38,12.67,2.7,0,corps,64.9841905475222,1.4110
2336,6,87,14.50,4.0,0,corps,64.95370607400191,1.5950
2337,3,46,15.33,2.7,0,corps,64.92323683890847,1.8392
2338,3,42,14.00,2.7,0,corps,64.89278283462451,2.1364
2339,4,66,16.50,3.1,0,corps,64.86234405353663,1.2991
2340,8,86,10.75,4.9,0,corps,64.83192048803507,1.4657
2341,2,36,18.00,2.2,0,corps,64.80151213051393,0.7819
2342,6,73,12.17,4.0,0,corps,64.77111897337114,1.2942
2343,6,75,12.50,4.0,0,corps,64.74074100900843,1.0949
2344,3,48,16.00,2.7,0,corps,64.71037822983128,1.1904
2345,5,68,13.60,3.6,0,corps,64.680030628249,0.9437
2346,6,77,12.83,4.0,0,corps,64.64969819667469,1.2166
2347,3,27,9.00,2.7,0,corps,64.61938092752526,1.9758
2348,9,81,9.00,5.3,0,corps,64.58907881322136,1.4332
2349,3,34,11.33,2.7,0,corps,64.55879184618748,1.3424
2350,2,20,10.00,2.2,0,corps,64.52852001885189,0.6818
2351,5,77,15.40,3.6,0,corps,64.49826332364663,0.9389
2352,11,133,12.09,6.2,0,corps,64.46802175300749,1.3602
2353,3,43,14.33,2.7,0,corps,64.4377952993741,1.3811
2354,8,110,13.75,4.9,0,corps,64.40758395518986,1.0555
2355,14,190,13.57,7.6,0,corps,64.37738771290194,1.2356
2356,2,18,9.00,2.2,0,corps,64.34720656496124,1.2162
2357,4,76,19.00,3.1,0,corps,64.31704050382251,1.0499
2358,5,58,11.60,3.6,0,corps,64.28688952194422,0.9942
2359,5,64,12.80,3.6,0,corps,64.25675361178861,1.5373
2360,14,151,10.79,7.6,0,corps,64.22663276582172,8.0955
2361,4,57,14.25,3.1,0,corps,64.19652697651334,1.6704
2362,4,32,8.00,3.1,0,corps,64.16643623633702,1.7868
2363,9,145,16.11,5.3,0,corps,64.13636053777007,1.6472
2364,2,35,17.50,2.2,0,corps,64.10629987329357,2.1231
2365,9,98,10.89,5.3,0,corps,64.07625423539234,9.7951
2366,10,150,15.00,5.8,0,corps,64.046223616555,1.5991
2367,5,91,18.20,3.6,0,corps,64.01620800927387,1.1665
2368,4,61,15.25,3.1,0,corps,63.98620740604506,2.2796
2369,10,107,10.70,5.8,0,corps,63.956221799368386,1.9682
2370,2,51,25.50,2.2,0,corps,63.9262511817475,1.8317
2371,2,48,24.00,2.2,0,corps,63.89629554568972,1.3207
2372,5,87,17.40,3.6,0,corps,63.866354883706144,1.3204
2373,2,31,15.50,2.2,0,corps,63.836429188311584,1.2375
2374,3,28,9.33,2.7,0,corps,63.80651845202464,2.6381
2375,13,155,11.92,7.1,0,corps,63.77662266736762,1.9784
2376,2,29,14.50,2.2,0,corps,63.74674182686658,1.4208
2377,7,99,14.14,4.4,0,corps,63.716875923051305,1.1963
2378,6,66,11.00,4.0,0,corps,63.68702494845532,2.6099
2379,5,74,14.80,3.6,0,corps,63.6571888956159,2.1071
2380,19,218,11.47,9.8,0,corps,63.627367757074005,2.2041
2381,3,27,9.00,2.7,0,corps,63.59756152537436,1.5089
2382,3,21,7.00,2.7,0,corps,63.567770193065385,1.4711
2383,2,39,19.50,2.2,0,corps,63.53799375269929,1.5862
2384,7,76,10.86,4.4,0,corps,63.50823219683195,1.9540
2385,6,50,8.33,4.0,0,corps,63.47848551802295,1.5183
2386,5,73,14.60,3.6,0,corps,63.44875370883564,1.3242
2387,2,31,15.50,2.2,0,corps,63.41903676183708,1.9813
2388,19,208,10.95,9.8,0,corps,63.38933466959802,5.5756
2389,2,36,18.00,2.2,0,corps,63.35964742469293,1.1443
2390,13,215,16.54,7.1,0,corps,63.3299750197,1.5762
2391,6,65,10.83,4.0,0,corps,63.30031744720115,1.5437
2392,17,196,11.53,8.9,0,corps,63.27067469978196,1.6981
2393,4,43,10.75,3.1,0,corps,63.24104677003176,1.5067
2394,5,51,10.20,3.6,0,corps,63.21143365054355,1.9165
2395,20,268,13.40,10.2,0,corps,63.18183533391406,1.8613
2396,14,141,10.07,7.6,0,corps,63.15225181274372,1.5821
2397,9,158,17.56,5.3,0,corps,63.12268307963665,1.2672
2398,4,21,5.25,3.1,0,corps,63.09312912720063,2.2206
2399,7,96,13.71,4.4,0,corps,63.06358994804724,1.3588
2400,9,109,12.11,5.3,0,corps,63.034065534791615,1.5893
2401,3,56,18.67,2.7,0,corps,63.00455588005269,1.8335
2402,4,59,14.75,3.1,0,corps,62.97506097645304,1.2023
2403,2,28,14.00,2.2,0,corps,62.94558081661894,1.5656
2404,16,229,14.31,8.4,0,corps,62.91611539318036,5.7589
2405,7,87,12.43,4.4,0,corps,62.88666469877092,1.9650
2406,8,91,11.38,4.9,0,corps,62.85722872602797,1.9379
2407,4,64,16.00,3.1,0,corps,62.827807467592514,1.0511
2408,2,40,20.00,2.2,0,corps,62.79840091610922,1.1648
2409,4,76,19.00,3.1,0,corps,62.769009064226466,1.5475
2410,2,13,6.50,2.2,0,corps,62.73963190459628,1.5254
2411,6,79,13.17,4.0,0,corps,62.71026942987439,1.6502
2412,5,52,10.40,3.6,0,corps,62.68092163272016,1.3295
2413,7,71,10.14,4.4,0,corps,62.65158850579663,1.9079
2414,6,71,11.83,4.0,0,corps,62.622270041770534,1.2935
2415,7,104,14.86,4.4,0,corps,62.59296623331226,1.4503
2416,13,148,11.38,7.1,0,corps,62.563677073095846,1.6690
2417,10,93,9.30,5.8,0,corps,62.53440255379902,1.4229
2418,2,34,17.00,2.2,0,corps,62.50514266810311,1.5158
2419,7,80,11.43,4.4,0,corps,62.47589740869319,9.8250
2420,2,30,15.00,2.2,0,corps,62.44666676825793,1.7263
2421,3,58,19.33,2.7,0,corps,62.41745073948967,1.2700
2422,5,88,17.60,3.6,0,corps,62.38824931508438,1.2657
2423,14,135,9.64,7.6,0,corps,62.359062487741724,1.6038
2424,14,170,12.14,7.6,0,corps,62.32989025016501,1.5109
2425,15,157,10.47,8.0,0,corps,62.300732595061156,1.8651
2426,4,39,9.75,3.1,0,corps,62.27158951514075,2.4342
2427,3,44,14.67,2.7,0,corps,62.24246100311803,1.2789
2428,4,45,11.25,3.1,0,corps,62.21334705171087,1.3919
2429,3,44,14.67,2.7,0,corps,62.18424765364077,0.9859
2430,7,82,11.71,4.4,0,corps,62.15516280163287,1.2129
2431,2,38,19.00,2.2,0,corps,62.126092488416006,0.8146
2432,3,39,13.00,2.7,0,corps,62.09703670672254,1.1254
2433,7,79,11.29,4.4,0,corps,62.067995449288574,1.3771
2434,9,113,12.56,5.3,0,corps,62.038968708853744,1.7280
2435,11,162,14.73,6.2,0,corps,62.00995647816142,1.6158
2436,12,139,11.58,6.7,0,corps,61.98095874995852,1.5873
2437,2,20,10.00,2.2,0,corps,61.951975516995596,1.5036
2438,6,95,15.83,4.0,0,corps,61.923006772026845,1.5101
2439,3,43,14.33,2.7,0,corps,61.894052507810095,1.3283
2440,4,56,14.00,3.1,0,corps,61.86511271710678,1.2060
2441,3,36,12.00,2.7,0,corps,61.83618739268195,1.6339
2442,4,47,11.75,3.1,0,corps,61.80727652730425,2.3369
2443,5,63,12.60,3.6,0,corps,61.778380113746,1.9106
2444,3,37,12.33,2.7,0,corps,61.74949814478309,1.9717
2445,6,64,10.67,4.0,0,corps,61.720630613195006,2.6715
2446,7,82,11.71,4.4,0,corps,61.691777511764855,2.1077
2447,4,51,12.75,3.1,0,corps,61.66293883327941,1.8053
2448,7,72,10.29,4.4,0,corps,61.634114570528965,1.8909
2449,13,154,11.85,7.1,0,corps,61.605304716307465,2.0371
2450,4,61,15.25,3.1,0,corps,61.576509263412426,1.3743
2451,7,115,16.43,4.4,0,corps,61.547728204645026,1.7117
2452,10,143,14.30,5.8,0,corps,61.51896153280997,1.6396
2453,5,68,13.60,3.6,0,corps,61.490209240715586,1.7380
2454,4,44,11.00,3.1,0,corps,61.461471321173825,1.9421
2455,8,136,17.00,4.9,0,corps,61.43274776700019,2.0685
2456,22,242,11.00,11.1,0,corps,61.4040385710138,2.7215
2457,8,69,8.62,4.9,0,corps,61.37534372603734,2.4678
2458,5,63,12.60,3.6,0,corps,61.346663224897114,2.2723
2459,11,128,11.64,6.2,0,corps,61.317997060423004,2.1281
2460,5,97,19.40,3.6,0,corps,61.28934522544844,1.5463
2461,7,81,11.57,4.4,0,corps,61.2607077128105,1.7654
2462,8,128,16.00,4.9,0,corps,61.23208451534976,1.5293
2463,10,132,13.20,5.8,0,corps,61.20347562591048,7.2352
2464,2,39,19.50,2.2,0,corps,61.17488103734038,2.4160
2465,5,82,16.40,3.6,0,corps,61.14630074249086,1.6399
2466,6,60,10.00,4.0,0,corps,61.117734734216796,2.1420
2467,4,31,7.75,3.1,0,corps,61.089183005376725,2.0294
2468,3,38,12.67,2.7,0,corps,61.0606455488327,2.3854
2469,2,22,11.00,2.2,0,corps,61.03212235745037,2.5314
2470,3,63,21.00,2.7,0,corps,61.0036134240989,1.3041
2471,3,46,15.33,2.7,0,corps,60.975118741651116,1.6430
2472,14,182,13.00,7.6,0,corps,60.9466383029833,2.0296
2473,10,148,14.80,5.8,0,corps,60.918172100975355,7.2753
2474,11,155,14.09,6.2,0,corps,60.889720128510724,2.0911
2475,2,22,11.00,2.2,0,corps,60.86128237847643,3.2484
2476,8,85,10.62,4.9,0,corps,60.832858843763034,1.5087
2477,3,44,14.67,2.7,0,corps,60.80444951726464,1.3482
2478,3,48,16.00,2.7,0,corps,60.77605439187891,1.5079
2479,3,50,16.67,2.7,0,corps,60.74767346050709,1.0012
2480,4,88,22.00,3.1,0,corps,60.71930671605392,1.1389
2481,3,49,16.33,2.7,0,corps,60.69095415142773,1.6362
2482,8,82,10.25,4.9,0,corps,60.66261575954037,1.8689
2483,8,95,11.88,4.9,0,corps,60.63429153330725,2.0153
2484,6,81,13.50,4.0,0,corps,60.605981465647304,2.2036
2485,3,41,13.67,2.7,0,corps,60.57768554948303,1.6341
2486,2,41,20.50,2.2,0,corps,60.549403777740416,1.4031
2487,6,59,9.83,4.0,0,corps,60.521136143349054,2.2103
2488,7,97,13.86,4.4,0,corps,60.492882639242026,2.0836
2489,14,166,11.86,7.6,0,corps,60.46464325835594,2.1507
2490,6,71,11.83,4.0,0,corps,60.43641799363096,1.7471
2491,8,129,16.12,4.9,0,corps,60.40820683801079,1.8186
2492,2,20,10.00,2.2,0,corps,60.38000978444261,1.6771
2493,2,36,18.00,2.2,0,corps,60.35182682587718,1.5877
2494,8,126,15.75,4.9,0,corps,60.32365795526875,1.5813
2495,2,25,12.50,2.2,0,corps,60.295503165575106,1.8264
2496,9,65,7.22,5.3,0,corps,60.267362449757535,2.5266
2497,2,25,12.50,2.2,0,corps,60.23923580078087,1.4343
2498,2,38,19.00,2.2,0,corps,60.21112321161344,1.3465
2499,3,47,15.67,2.7,0,corps,60.183024675227124,2.0460
2500,10,123,12.30,5.8,0,corps,60.15494018459726,1.9437
2501,7,99,14.14,4.4,0,corps,60.12686973270274,1.7822
2502,4,55,13.75,3.1,0,corps,60.09881331252595,1.1799
2503,2,23,11.50,2.2,0,corps,60.07077091705276,1.4607
2504,10,117,11.70,5.8,0,corps,60.04274253927261,1.5930
2505,2,62,31.00,2.2,0,corps,60.01472817217838,1.0910
2506,6,101,16.83,4.0,0,corps,59.98672780876648,1.4092
2507,4,58,14.50,3.1,0,corps,59.958741442036825,1.5155
2508,13,163,12.54,7.1,0,corps,59.93076906499283,1.3538
2509,7,62,8.86,4.4,0,corps,59.90281067064138,1.9561
2510,6,88,14.67,4.0,0,corps,59.874866251992906,1.5471
2511,4,37,9.25,3.1,0,corps,59.846935802061275,1.6552
2512,12,112,9.33,6.7,0,corps,59.81901931386388,1.6390
2513,5,58,11.60,3.6,0,corps,59.791116780421625,1.3445
2514,4,68,17.00,3.1,0,corps,59.76322819475883,1.5197
2515,9,109,12.11,5.3,0,corps,59.73535354990338,1.7767
2516,16,177,11.06,8.4,0,corps,59.70749283888662,6.2576
2517,17,226,13.29,8.9,0,corps,59.679646054743365,1.4829
2518,5,64,12.80,3.6,0,corps,59.6518131905119,1.7959
2519,2,45,22.50,2.2,0,corps,59.623994239234015,1.3199
2520,6,88,14.67,4.0,0,corps,59.596189193955,1.0708
2521,8,91,11.38,4.9,0,corps,59.56839804772356,1.4773
2522,2,30,15.00,2.2,0,corps,59.54062079359193,1.2807
2523,5,61,12.20,3.6,0,corps,59.512857424615774,1.5026
2524,6,76,12.67,4.0,0,corps,59.48510793385427,1.0398
2525,4,59,14.75,3.1,0,corps,59.45737231437005,1.1435
2526,5,62,12.40,3.6,0,corps,59.429650559229174,1.6906
2527,3,63,21.00,2.7,0,corps,59.40194266150124,1.1115
2528,3,38,12.67,2.7,0,corps,59.37424861425926,1.7702
2529,8,110,13.75,4.9,0,corps,59.34656841057973,1.3058
2530,5,67,13.40,3.6,0,corps,59.31890204354258,1.4878
2531,9,124,13.78,5.3,0,corps,59.291249506231225,1.2906
2532,2,29,14.50,2.2,0,corps,59.26361079173253,1.4830
2533,6,55,9.17,4.0,0,corps,59.23598589313684,2.2984
2534,15,160,10.67,8.0,0,corps,59.20837480353791,6.6835
2535,10,135,13.50,5.8,0,corps,59.180777516032954,1.4538
2536,4,46,11.50,3.1,0,corps,59.15319402372267,1.5608
2537,6,125,20.83,4.0,0,corps,59.12562431971118,1.3711
2538,3,48,16.00,2.7,0,corps,59.09806839710606,1.1987
2539,10,123,12.30,5.8,0,corps,59.070526249018315,1.5469
2540,4,30,7.50,3.1,0,corps,59.04299786856244,1.8596
2541,3,58,19.33,2.7,0,corps,59.015483248856306,1.0328
2542,7,89,12.71,4.4,0,corps,58.987982383021276,1.5787
2543,7,111,15.86,4.4,0,corps,58.960495264182114,1.5753
2544,11,109,9.91,6.2,0,corps,58.93302188546707,1.6586
2545,15,207,13.80,8.0,0,corps,58.90556224000778,1.6404
2546,2,26,13.00,2.2,0,corps,58.878116320939334,1.3944
2547,15,231,15.40,8.0,0,corps,58.85068412140024,2.6743
2548,5,86,17.20,3.6,0,corps,58.82326563453248,1.5729
2549,3,47,15.67,2.7,0,corps,58.79586085348141,1.1755
2550,8,125,15.62,4.9,0,corps,58.768469771395836,1.4374
2551,11,161,14.64,6.2,0,corps,58.741092381428,1.1687
2552,8,106,13.25,4.9,0,corps,58.71372867673353,9.6639
2553,13,187,14.38,7.1,0,corps,58.686378650471525,1.7142
2554,4,75,18.75,3.1,0,corps,58.65904229580446,1.1280
2555,2,41,20.50,2.2,0,corps,58.631719605898255,0.9339
2556,3,34,11.33,2.7,0,corps,58.60441057392224,1.1693
2557,7,104,14.86,4.4,0,corps,58.57711519304915,1.1298
2558,8,135,16.88,4.9,0,corps,58.54983345645515,1.7385
2559,3,66,22.00,2.7,0,corps,58.52256535731979,1.4409
2560,4,56,14.00,3.1,0,corps,58.495310888826054,1.8803
2561,9,139,15.44,5.3,0,corps,58.46807004416033,1.4928
2562,3,26,8.67,2.7,0,corps,58.440842816512394,2.4012
2563,15,234,15.60,8.0,0,corps,58.413629199075444,1.4762
2564,9,124,13.78,5.3,0,corps,58.386429185046076,1.4826
2565,6,77,12.83,4.0,0,corps,58.359242767624295,1.5301
2566,4,72,18.00,3.1,0,corps,58.3320699400135,1.1957
2567,7,89,12.71,4.4,0,corps,58.30491069542044,1.4844
2568,3,32,10.67,2.7,0,corps,58.27776502705535,1.1751
2569,5,72,14.40,3.6,0,corps,58.25063292813182,1.0454
2570,3,42,14.00,2.7,0,corps,58.22351439186679,1.6545
2571,6,78,13.00,4.0,0,corps,58.19640941148063,1.6109
2572,10,125,12.50,5.8,0,corps,58.16931798019712,7.6205
2573,4,40,10.00,3.1,0,corps,58.142240091243394,2.2477
2574,2,72,36.00,2.2,0,corps,58.11517573784995,0.7318
2575,4,84,21.00,3.1,0,corps,58.088124913250724,1.2678
2576,5,53,10.60,3.6,0,corps,58.061087610683025,1.9685
2577,5,59,11.80,3.6,0,corps,58.034063823387505,1.2021
2578,2,27,13.50,2.2,0,corps,58.007053544608226,1.6496
2579,16,176,11.00,8.4,0,corps,57.9800567675926,8.2786
2580,4,55,13.75,3.1,0,corps,57.95307348559145,1.3144
2581,9,107,11.89,5.3,0,corps,57.92610369185896,1.3696
2582,4,58,14.50,3.1,0,corps,57.89914737965268,1.1242
2583,2,28,14.00,2.2,0,corps,57.87220454223352,2.0059
2584,7,108,15.43,4.4,0,corps,57.84527517286576,1.6576
2585,5,64,12.80,3.6,0,corps,57.81835926481711,1.1527
2586,12,101,8.42,6.7,0,corps,57.79145681135852,2.8839
2587,7,116,16.57,4.4,0,corps,57.76456780576442,1.2559
2588,2,59,29.50,2.2,0,corps,57.737692241312565,1.1029
2589,11,158,14.36,6.2,0,corps,57.710830111284054,1.4155
2590,3,56,18.67,2.7,0,corps,57.683981408963334,1.0344
2591,10,103,10.30,5.8,0,corps,57.65714612763825,2.8854
2592,6,70,11.67,4.0,0,corps,57.63032426059998,1.7404
2593,10,111,11.10,5.8,0,corps,57.603515801143054,1.4595
2594,8,104,13.00,4.9,0,corps,57.57672074256537,1.5802
2595,9,127,14.11,5.3,0,corps,57.54993907816811,1.7586
2596,8,123,15.38,4.9,0,corps,57.523170801255944,1.3160
2597,6,81,13.50,4.0,0,corps,57.496415905136736,1.5220
2598,3,52,17.33,2.7,0,corps,57.46967438312179,1.3677
2599,15,199,13.27,8.0,0,corps,57.44294622852571,1.5601
2600,5,63,12.60,3.6,0,corps,57.41623143466648,1.6160
2601,3,34,11.33,2.7,0,corps,57.38952999486536,1.7296
2602,18,245,13.61,9.3,0,corps,57.362841902447045,1.4040
2603,6,57,9.50,4.0,0,corps,57.33616715073947,1.6681
2604,2,25,12.50,2.2,0,corps,57.30950573307396,1.9873
2605,6,84,14.00,4.0,0,corps,57.28285764278517,1.2065
2606,8,127,15.88,4.9,0,corps,57.25622287321107,1.1970
2607,9,108,12.00,5.3,0,corps,57.22960141769294,1.4705
2608,5,95,19.00,3.6,0,corps,57.202993269575465,1.2740
2609,2,38,19.00,2.2,0,corps,57.176398422206574,1.2179
2610,7,114,16.29,4.4,0,corps,57.149816868937585,1.6259
2611,15,188,12.53,8.0,0,corps,57.12324860312306,1.5758
2612,9,100,11.11,5.3,0,corps,57.09669361812099,1.6035
2613,6,91,15.17,4.0,0,corps,57.070151907292576,1.9494
2614,3,29,9.67,2.7,0,corps,57.043623464002444,1.5532
2615,9,174,19.33,5.3,0,corps,57.01710828161842,1.2043
2616,10,103,10.30,5.8,0,corps,56.990606353511765,1.1162
2617,6,70,11.67,4.0,0,corps,56.96411767305698,1.5808
2618,5,107,21.40,3.6,0,corps,56.93764223363188,1.3212
2619,17,212,12.47,8.9,0,corps,56.9111800286176,1.7045
2620,5,59,11.80,3.6,0,corps,56.88473105139862,1.4030
2621,8,97,12.12,4.9,0,corps,56.85829529536268,1.9346
2622,4,37,9.25,3.1,0,corps,56.83187275390084,1.5437
2623,19,225,11.84,9.8,0,corps,56.80546342040744,1.9416
2624,3,29,9.67,2.7,0,corps,56.779067288280196,1.4193
2625,9,109,12.11,5.3,0,corps,56.752684350920035,8.2582
2626,6,75,12.50,4.0,0,corps,56.726314601731254,1.8349
2627,5,103,20.60,3.6,0,corps,56.69995803412139,1.7329
2628,4,59,14.75,3.1,0,corps,56.67361464150129,1.4835
2629,5,49,9.80,3.6,0,corps,56.64728441728515,1.5007
2630,3,29,9.67,2.7,0,corps,56.620967354890375,1.9828
2631,2,25,12.50,2.2,0,corps,56.594663447737716,1.2877
2632,5,85,17.00,3.6,0,corps,56.56837268925119,1.3496
2633,2,43,21.50,2.2,0,corps,56.542095072858125,1.0723
2634,4,69,17.25,3.1,0,corps,56.51583059198908,1.3965
2635,3,58,19.33,2.7,0,corps,56.48957924007797,1.1903
2636,6,76,12.67,4.0,0,corps,56.46334101056194,1.2637
2637,3,53,17.67,2.7,0,corps,56.43711589688144,1.4166
2638,8,80,10.00,4.9,0,corps,56.41090389248018,14.0819
2639,15,219,14.60,8.0,0,corps,56.384704990805176,1.8303
2640,3,22,7.33,2.7,0,corps,56.35851918530667,1.9257
2641,3,59,19.67,2.7,0,corps,56.33234646943826,1.3459
2642,20,191,9.55,10.2,0,corps,56.306186836656735,2.2490
2643,8,80,10.00,4.9,0,corps,56.280040280422185,2.1853
2644,10,128,12.80,5.8,0,corps,56.25390679419796,1.4793
2645,9,85,9.44,5.3,0,corps,56.227786371450726,1.9235
2646,3,34,11.33,2.7,0,corps,56.20167900565036,1.3554
2647,2,22,11.00,2.2,0,corps,56.17558469027002,1.6822
2648,7,114,16.29,4.4,0,corps,56.149503418786104,1.3170
2649,4,49,12.25,3.1,0,corps,56.12343518467833,1.2074
2650,4,40,10.00,3.1,0,corps,56.09737998142962,1.5472
2651,3,28,9.33,2.7,0,corps,56.07133780252618,1.4610
2652,5,52,10.40,3.6,0,corps,56.045308641457446,2.0568
2653,18,203,11.28,9.3,0,corps,56.019292491716165,1.5700
2654,8,89,11.12,4.9,0,corps,55.99328934679826,1.3003
2655,2,46,23.00,2.2,0,corps,55.96729920020298,1.5479
2656,3,41,13.67,2.7,0,corps,55.94132204543275,1.0465
2657,3,40,13.33,2.7,0,corps,55.91535787599332,1.4828
2658,11,149,13.55,6.2,0,corps,55.88940668539363,1.4986
2659,4,76,19.00,3.1,0,corps,55.86346846714587,1.1157
2660,9,85,9.44,5.3,0,corps,55.837543214765496,1.5908
2661,13,128,9.85,7.1,0,corps,55.811630921771204,9.0477
2662,3,37,12.33,2.7,0,corps,55.785731581684914,1.5924
2663,15,206,13.73,8.0,0,corps,55.75984518803179,1.4049
2664,7,65,9.29,4.4,0,corps,55.733971734340216,1.5672
2665,9,87,9.67,5.3,0,corps,55.708111214141866,1.7285
2666,8,125,15.62,4.9,0,corps,55.68226362097158,8.1566
2667,18,284,15.78,9.3,0,corps,55.65642894836746,5.0044
2668,4,72,18.00,3.1,0,corps,55.63060718987085,1.5477
2669,4,87,21.75,3.1,0,corps,55.60479833902631,1.4616
2670,4,39,9.75,3.1,0,corps,55.57900238938163,1.4164
2671,16,184,11.50,8.4,0,corps,55.553219334487814,1.8008
2672,11,116,10.55,6.2,0,corps,55.52744916789909,2.1842
2673,2,3,1.50,2.2,0,corps,55.50169188317293,6.2419
2674,9,96,10.67,5.3,0,corps,55.475947473870015,1.5727
2675,8,139,17.38,4.9,0,corps,55.45021593355423,1.3780
2676,2,12,6.00,2.2,0,corps,55.424497255792694,2.0105
2677,6,66,11.00,4.0,0,corps,55.39879143415575,1.3403
2678,4,70,17.50,3.1,0,corps,55.37309846221693,1.2567
2679,2,28,14.00,2.2,0,corps,55.34741833355299,1.5257
2680,9,106,11.78,5.3,0,corps,55.321751041743894,1.2821
2681,11,106,9.64,6.2,0,corps,55.29609658037285,1.8726
2682,5,75,15.00,3.6,0,corps,55.270454943026195,1.6799
2683,5,70,14.00,3.6,0,corps,55.24482612329354,1.6742
2684,15,176,11.73,8.0,0,corps,55.219210114767684,2.0016
2685,3,40,13.33,2.7,0,corps,55.19360691104463,1.8376
2686,9,113,12.56,5.3,0,corps,55.168016505723585,1.9254
2687,4,30,7.50,3.1,0,corps,55.14243889240692,1.6801
2688,7,79,11.29,4.4,0,corps,55.11687406470024,2.0342
2689,16,184,11.50,8.4,0,corps,55.09132201621234,2.2970
2690,6,86,14.33,4.0,0,corps,55.06578274055522,1.4138
2691,2,22,11.00,2.2,0,corps,55.04025623134405,1.4770
2692,14,132,9.43,7.6,0,corps,55.0147424821972,1.8981
2693,2,35,17.50,2.2,0,corps,54.989241486736226,1.1737
2694,7,105,15.00,4.4,0,corps,54.96375323858591,1.4175
2695,6,79,13.17,4.0,0,corps,54.938277731374164,2.0926
2696,6,63,10.50,4.0,0,corps,54.912814958732106,2.3797
2697,3,40,13.33,2.7,0,corps,54.88736491429407,1.2488
2698,9,103,11.44,5.3,0,corps,54.861927591697516,1.6387
2699,3,34,11.33,2.7,0,corps,54.83650298458313,1.9961
2700,4,68,17.00,3.1,0,corps,54.81109108659474,1.1775
2701,2,37,18.50,2.2,0,corps,54.78569189137939,0.8553
2702,2,33,16.50,2.2,0,corps,54.760305392587284,0.8174
2703,5,46,9.20,3.6,0,corps,54.734931583871806,1.7790
2704,3,49,16.33,2.7,0,corps,54.70957045888946,1.3397
2705,6,60,10.00,4.0,0,corps,54.6842220113,1.7965
2706,4,53,13.25,3.1,0,corps,54.658886234766314,1.6863
2707,10,150,15.00,5.8,0,corps,54.633563122954456,1.5103
2708,2,25,12.50,2.2,0,corps,54.60825266953363,1.6756
2709,11,150,13.64,6.2,0,corps,54.582954868176245,9.8818
2710,4,67,16.75,3.1,0,corps,54.55766971255783,1.2651
2711,6,98,16.33,4.0,0,corps,54.53239719635712,1.4210
2712,5,81,16.20,3.6,0,corps,54.507137313255946,1.3112
2713,14,145,10.36,7.6,0,corps,54.481890056939385,5.6936
2714,2,38,19.00,2.2,0,corps,54.45665542109561,1.0064
2715,21,279,13.29,10.7,0,corps,54.43143339941594,1.5119
2716,9,104,11.56,5.3,0,corps,54.406223985594885,1.5466
2717,2,18,9.00,2.2,0,corps,54.38102717333009,1.7446
2718,2,33,16.50,2.2,0,corps,54.355842956322356,1.3918
2719,5,71,14.20,3.6,0,corps,54.330671328275606,1.6497
2720,11,144,13.09,6.2,0,corps,54.30551228289695,1.4014
2721,3,42,14.00,2.7,0,corps,54.28036581389664,0.8804
2722,5,100,20.00,3.6,0,corps,54.255231914988045,1.1636
2723,5,57,11.40,3.6,0,corps,54.23011057988769,1.4388
2724,2,32,16.00,2.2,0,corps,54.20500180231523,1.1444
2725,14,156,11.14,7.6,0,corps,54.179905575993494,1.4767
2726,3,24,8.00,2.7,0,corps,54.15482189464842,2.1593
2727,11,162,14.73,6.2,0,corps,54.129750752009066,1.1652
2728,5,81,16.20,3.6,0,corps,54.104692141807654,1.0377
2729,3,28,9.33,2.7,0,corps,54.07964605777955,1.1691
2730,15,192,12.80,8.0,0,corps,54.05461249366322,1.5984
2731,3,30,10.00,2.7,0,corps,54.029591443200296,1.0000
2732,7,90,12.86,4.4,0,corps,54.00458290013545,1.7873
2733,5,70,14.00,3.6,0,corps,53.97958685821662,1.1697
2734,4,47,11.75,3.1,0,corps,53.954603311194774,1.1184
2735,6,105,17.50,4.0,0,corps,53.929632252824,7.7480
2736,5,63,12.60,3.6,0,corps,53.90467367686153,1.4018
2737,5,101,20.20,3.6,0,corps,53.87972757706776,1.0753
2738,2,25,12.50,2.2,0,corps,53.85479394720615,2.1926
2739,2,27,13.50,2.2,0,corps,53.829872781043285,1.1042
2740,17,213,12.53,8.9,0,corps,53.80496407234885,1.9439
2741,3,23,7.67,2.7,0,corps,53.78006781489573,1.6856
2742,8,103,12.88,4.9,0,corps,53.755184002459785,2.2072
2743,3,71,23.67,2.7,0,corps,53.73031262882013,0.7327
2744,5,63,12.60,3.6,0,corps,53.705453687758876,1.4663
2745,7,85,12.14,4.4,0,corps,53.680607173061304,1.3670
2746,3,45,15.00,2.7,0,corps,53.65577307851579,1.2636
2747,11,185,16.82,6.2,0,corps,53.6309513979138,1.1915
2748,8,109,13.62,4.9,0,corps,53.606142125049914,0.9666
2749,3,49,16.33,2.7,0,corps,53.58134525372182,0.9763
2750,12,146,12.17,6.7,0,corps,53.55656077773031,1.5145
2751,2,46,23.00,2.2,0,corps,53.531788690879246,1.3471
2752,3,59,19.67,2.7,0,corps,53.50702898697561,1.1882
2753,11,75,6.82,6.2,0,corps,53.482281659829475,1.7981
2754,23,309,13.43,11.6,0,corps,53.457546703254025,1.3724
2755,6,104,17.33,4.0,0,corps,53.43282411106549,1.6601
2756,16,183,11.44,8.4,0,corps,53.40811387708325,1.8588
2757,15,160,10.67,8.0,0,corps,53.383415995129724,1.6896
2758,6,78,13.00,4.0,0,corps,53.35873045903048,1.3303
2759,5,83,16.60,3.6,0,corps,53.33405726261409,1.0160
2760,18,200,11.11,9.3,0,corps,53.30939639971227,1.4986
2761,3,27,9.00,2.7,0,corps,53.28474786415981,1.4351
2762,9,105,11.67,5.3,0,corps,53.26011164979458,1.6990
2763,13,191,14.69,7.1,0,corps,53.23548775045752,6.7934
2764,7,93,13.29,4.4,0,corps,53.21087615999265,1.6429
2765,3,62,20.67,2.7,0,corps,53.18627687224707,1.5499
2766,2,28,14.00,2.2,0,corps,53.16168988107097,1.2421
2767,13,159,12.23,7.1,0,corps,53.13711518031759,2.1307
2768,4,43,10.75,3.1,0,corps,53.11255276384329,2.2166
2769,10,116,11.60,5.8,0,corps,53.08800262550739,1.9800
2770,6,45,7.50,4.0,0,corps,53.06346475917244,2.1916
2771,5,82,16.40,3.6,0,corps,53.03893915870391,1.4028
2772,5,37,7.40,3.6,0,corps,53.014425817970455,2.2863
2773,10,125,12.50,5.8,0,corps,52.989924730843676,1.5986
2774,2,34,17.00,2.2,0,corps,52.965435891198354,1.1305
2775,2,27,13.50,2.2,0,corps,52.94095929291226,1.2961
2776,19,207,10.89,9.8,0,corps,52.91649492986624,1.6860
2777,3,36,12.00,2.7,0,corps,52.89204279594419,1.2557
2778,4,38,9.50,3.1,0,corps,52.867602885033115,2.4860
2779,18,186,10.33,9.3,0,corps,52.843175191023015,2.3695
2780,5,54,10.80,3.6,0,corps,52.818759707806976,1.8108
2781,3,26,8.67,2.7,0,corps,52.79435642928109,1.2539
2782,13,207,15.92,7.1,0,corps,52.76996534934458,1.5815
2783,18,197,10.94,9.3,0,corps,52.74558646189968,2.1833
2784,11,153,13.91,6.2,0,corps,52.721219760851625,1.4524
2785,3,40,13.33,2.7,0,corps,52.69686524010876,1.4033
2786,2,27,13.50,2.2,0,corps,52.672522893582475,1.0529
2787,2,34,17.00,2.2,0,corps,52.64819271518716,1.4251
2788,4,28,7.00,3.1,0,corps,52.62387469884029,2.8046
2789,10,107,10.70,5.8,0,corps,52.59956883846232,1.6728
2790,11,145,13.18,6.2,0,corps,52.57527512797684,1.4374
2791,7,68,9.71,4.4,0,corps,52.55099356131038,1.5388
2792,2,34,17.00,2.2,0,corps,52.52672413239258,1.3307
2793,6,50,8.33,4.0,0,corps,52.502466835156035,1.7512
2794,4,56,14.00,3.1,0,corps,52.47822166353647,1.7448
2795,7,80,11.43,4.4,0,corps,52.45398861147258,1.4591
2796,8,109,13.62,4.9,0,corps,52.42976767290609,1.5428
2797,11,118,10.73,6.2,0,corps,52.40555884178176,1.9579
2798,4,46,11.50,3.1,0,corps,52.381362112047405,1.6448
2799,12,130,10.83,6.7,0,corps,52.35717747765383,8.4342
2800,16,154,9.62,8.4,0,corps,52.33300493255487,7.8654
2801,12,228,19.00,6.7,0,corps,52.30884447070739,4.7605
2802,4,64,16.00,3.1,0,corps,52.28469608607129,1.5288
2803,5,63,12.60,3.6,0,corps,52.26055977260946,1.4302
2804,12,153,12.75,6.7,0,corps,52.23643552428783,1.8679
2805,4,62,15.50,3.1,0,corps,52.21232333507532,1.6899
2806,4,46,11.50,3.1,0,corps,52.18822319894391,2.1615
2807,2,31,15.50,2.2,0,corps,52.16413510986854,1.3476
2808,5,95,19.00,3.6,0,corps,52.1400590618272,1.0498
2809,4,54,13.50,3.1,0,corps,52.11599504880087,1.5348
2810,10,134,13.40,5.8,0,corps,52.09194306477356,2.1036
2811,5,61,12.20,3.6,0,corps,52.06790310373227,1.1990
2812,8,107,13.38,4.9,0,corps,52.04387515966701,1.2289
2813,14,222,15.86,7.6,0,corps,52.01985922657077,1.1942
2814,11,132,12.00,6.2,0,corps,51.995855298439594,1.6976
2815,15,152,10.13,8.0,0,corps,51.97186336927251,1.7427
2816,7,101,14.43,4.4,0,corps,51.94788343307151,1.4444
2817,16,221,13.81,8.4,0,corps,51.92391548384161,1.7769
2818,13,171,13.15,7.1,0,corps,51.89995951559083,1.9226
2819,5,81,16.20,3.6,0,corps,51.876015522330185,1.3658
2820,2,43,21.50,2.2,0,corps,51.852083498073675,1.4949
2821,3,32,10.67,2.7,0,corps,51.82816343683827,2.5208
2822,4,24,6.00,3.1,0,corps,51.80425533264399,3.6349
2823,4,48,12.00,3.1,0,corps,51.78035917951379,1.7365
2824,3,38,12.67,2.7,0,corps,51.75647497147363,1.5184
2825,16,169,10.56,8.4,0,corps,51.732602702552455,2.5732
2826,4,54,13.50,3.1,0,corps,51.70874236678221,1.4330
2827,8,117,14.62,4.9,0,corps,51.68489395819781,1.3628
2828,8,88,11.00,4.9,0,corps,51.66105747083714,1.5307
2829,12,130,10.83,6.7,0,corps,51.63723289874109,3.2073
2830,7,72,10.29,4.4,0,corps,51.61342023595352,1.6997
2831,3,56,18.67,2.7,0,corps,51.58961947652125,1.1764
2832,11,166,15.09,6.2,0,corps,51.565830614494104,1.5733
2833,9,120,13.33,5.3,0,corps,51.542053643924845,1.5137
2834,4,43,10.75,3.1,0,corps,51.51828855886925,1.7950
2835,2,17,8.50,2.2,0,corps,51.49453535338605,1.7904
2836,14,128,9.14,7.6,0,corps,51.47079402153694,9.6371
2837,2,23,11.50,2.2,0,corps,51.447064557386554,1.6510
2838,13,153,11.77,7.1,0,corps,51.42334695500258,2.2775
2839,7,81,11.57,4.4,0,corps,51.399641208455584,1.7585
2840,14,247,17.64,7.6,0,corps,51.37594731181915,1.5791
2841,9,114,12.67,5.3,0,corps,51.35226525916977,1.4959
2842,3,48,16.00,2.7,0,corps,51.328595044586955,1.5709
2843,7,90,12.86,4.4,0,corps,51.30493666215315,1.4660
2844,3,45,15.00,2.7,0,corps,51.28129010595378,1.8210
2845,2,24,12.00,2.2,0,corps,51.257655370077146,1.2251
2846,5,70,14.00,3.6,0,corps,51.23403244861462,1.4010
2847,16,177,11.06,8.4,0,corps,51.21042133566045,1.9250
2848,12,147,12.25,6.7,0,corps,51.186822025311876,5.5582
2849,9,133,14.78,5.3,0,corps,51.16323451166902,1.7781
2850,5,35,7.00,3.6,0,corps,51.13965878883505,2.3184
2851,2,42,21.00,2.2,0,corps,51.11609485091604,1.4514
2852,2,61,30.50,2.2,0,corps,51.092542692020984,0.9262
2853,9,130,14.44,5.3,0,corps,51.06900230626182,1.8198
2854,5,67,13.40,3.6,0,corps,51.04547368775351,1.8236
2855,5,111,22.20,3.6,0,corps,51.021956830613846,1.4955
2856,8,109,13.62,4.9,0,corps,50.998451728963644,1.2058
2857,7,128,18.29,4.4,0,corps,50.97495837692661,1.6087
2858,3,35,11.67,2.7,0,corps,50.95147676862942,1.4752
2859,8,112,14.00,4.9,0,corps,50.92800689820167,1.5733
2860,4,60,15.00,3.1,0,corps,50.90454875977589,1.3325
2861,8,80,10.00,4.9,0,corps,50.88110234748754,1.8979
2862,3,47,15.67,2.7,0,corps,50.857667655475026,1.7125
2863,3,32,10.67,2.7,0,corps,50.83424467787966,2.3279
2864,10,104,10.40,5.8,0,corps,50.810833408845724,1.8207
2865,2,37,18.50,2.2,0,corps,50.78743384252036,1.5487
2866,5,52,10.40,3.6,0,corps,50.76404597305372,2.2092
2867,7,74,10.57,4.4,0,corps,50.7406697945988,1.7928
2868,5,60,12.00,3.6,0,corps,50.7173053013116,1.6936
2869,10,121,12.10,5.8,0,corps,50.693952487350934,2.1493
2870,2,31,15.50,2.2,0,corps,50.67061134687866,1.6785
2871,2,35,17.50,2.2,0,corps,50.64728187405946,0.9897
2872,10,101,10.10,5.8,0,corps,50.62396406306097,2.3941
2873,11,111,10.09,6.2,0,corps,50.600657908053726,1.7071
2874,2,29,14.50,2.2,0,corps,50.57736340321121,1.4682
2875,5,47,9.40,3.6,0,corps,50.55408054270979,1.9017
2876,2,28,14.00,2.2,0,corps,50.53080932072875,1.8371
2877,3,61,20.33,2.7,0,corps,50.50754973145028,1.6802
2878,4,65,16.25,3.1,0,corps,50.48430176905948,1.3262
2879,4,60,15.00,3.1,0,corps,50.46106542774438,1.8267
2880,4,63,15.75,3.1,0,corps,50.43784070169587,1.3074
2881,6,83,13.83,4.0,0,corps,50.41462758510777,1.3958
2882,13,171,13.15,7.1,0,corps,50.39142607217681,1.7624
2883,2,33,16.50,2.2,0,corps,50.36823615710262,0.8732
2884,14,181,12.93,7.6,0,corps,50.345057834087704,1.7292
2885,14,128,9.14,7.6,0,corps,50.32189109733749,1.8273
2886,6,98,16.33,4.0,0,corps,50.29873594106028,1.4505
2887,9,114,12.67,5.3,0,corps,50.27559235946731,1.3240
2888,15,177,11.80,8.0,0,corps,50.252460346772665,1.6024
2889,5,76,15.20,3.6,0,corps,50.229339897193356,1.2686
2890,2,30,15.00,2.2,0,corps,50.20623100494925,1.0855
2891,13,159,12.23,7.1,0,corps,50.183133664263146,1.4452
2892,17,171,10.06,8.9,0,corps,50.16004786936069,1.7171
2893,10,128,12.80,5.8,0,corps,50.13697361447045,1.4888
2894,2,24,12.00,2.2,0,corps,50.11391089382384,1.0170
2895,5,80,16.00,3.6,0,corps,50.09085970165521,1.2803
2896,16,157,9.81,8.4,0,corps,50.06782003220174,8.5192
2897,6,83,13.83,4.0,0,corps,50.044791879703524,2.0207
2898,13,191,14.69,7.1,0,corps,50.0217752384035,2.3973
2899,13,130,10.00,7.1,0,corps,49.99877010254753,1.8703
2900,10,115,11.50,5.8,0,corps,49.97577646638434,2.0278
2901,23,234,10.17,11.6,0,corps,49.9527943241655,1.9064
2902,12,127,10.58,6.7,0,corps,49.92982367014547,1.6504
2903,13,134,10.31,7.1,0,corps,49.90686449858161,2.3352
2904,12,132,11.00,6.7,0,corps,49.88391680373411,8.3301
2905,6,77,12.83,4.0,0,corps,49.86098057986605,1.9945
2906,13,151,11.62,7.1,0,corps,49.83805582124336,8.3423
2907,7,151,21.57,4.4,0,corps,49.81514252213488,1.0396
2908,13,201,15.46,7.1,0,corps,49.79224067681226,1.7131
2909,9,108,12.00,5.3,0,corps,49.76935027955006,1.6181
2910,13,172,13.23,7.1,0,corps,49.74647132462566,1.6623
2911,4,67,16.75,3.1,0,corps,49.723603806319325,1.3565
2912,3,37,12.33,2.7,0,corps,49.70074771891419,2.4996
2913,7,94,13.43,4.4,0,corps,49.67790305669622,1.6883
2914,4,63,15.75,3.1,0,corps,49.65506981395424,1.2415
2915,3,51,17.00,2.7,0,corps,49.63224798497997,1.5012
2916,3,38,12.67,2.7,0,corps,49.609437564067925,1.8322
2917,18,181,10.06,9.3,0,corps,49.58663854551551,2.1899
2918,2,25,12.50,2.2,0,corps,49.56385092362296,1.1997
2919,6,100,16.67,4.0,0,corps,49.54107469269339,1.4004
2920,6,62,10.33,4.0,0,corps,49.518309847032725,1.6997
2921,5,45,9.00,3.6,0,corps,49.495556380949765,1.7826
2922,6,70,11.67,4.0,0,corps,49.472814288756126,1.2150
2923,13,220,16.92,7.1,0,corps,49.4500835647663,1.4186
2924,9,92,10.22,5.3,0,corps,49.42736420329761,1.8295
2925,2,34,17.00,2.2,0,corps,49.4046561986702,0.9794
2926,22,269,12.23,11.1,0,corps,49.381959545207074,4.6005
2927,2,15,7.50,2.2,0,corps,49.359274237234075,3.8759
2928,6,95,15.83,4.0,0,corps,49.33660026907988,1.3755
2929,16,224,14.00,8.4,0,corps,49.31393763507598,1.5703
2930,14,148,10.57,7.6,0,corps,49.29128632955672,1.5275
2931,2,34,17.00,2.2,0,corps,49.26864634685928,0.9708
2932,2,45,22.50,2.2,0,corps,49.246017681323664,1.2268
2933,6,58,9.67,4.0,0,corps,49.2234003272927,1.5704
2934,2,28,14.00,2.2,0,corps,49.20079427911206,1.2815
2935,9,118,13.11,5.3,0,corps,49.17819953113023,2.5298
2936,9,134,14.89,5.3,0,corps,49.15561607769851,1.4155
2937,3,40,13.33,2.7,0,corps,49.13304391317105,1.2414
2938,6,59,9.83,4.0,0,corps,49.11048303190479,1.6985
2939,19,166,8.74,9.8,0,corps,49.08793342825953,2.1688
2940,7,114,16.29,4.4,0,corps,49.06539509659787,1.3909
2941,9,97,10.78,5.3,0,corps,49.04286803128522,1.2447
2942,8,86,10.75,4.9,0,corps,49.020352226689795,1.4801
2943,8,106,13.25,4.9,0,corps,48.997847677182676,1.2864
2944,6,37,6.17,4.0,0,corps,48.975354377137705,1.9784
2945,9,93,10.33,5.3,0,corps,48.95287232093157,1.3090
2946,8,76,9.50,4.9,0,corps,48.93040150294373,10.7798
2947,3,83,27.67,2.7,0,corps,48.90794191755652,1.2760
2948,3,30,10.00,2.7,0,corps,48.885493559155016,1.7427
2949,11,124,11.27,6.2,0,corps,48.86305642212714,1.5646
2950,5,62,12.40,3.6,0,corps,48.84063050086359,1.2935
2951,7,80,11.43,4.4,0,corps,48.818215789757915,1.3772
2952,3,61,20.33,2.7,0,corps,48.795812283206416,1.3094
2953,10,117,11.70,5.8,0,corps,48.77341997560822,1.4676
2954,2,29,14.50,2.2,0,corps,48.751038861365245,1.8670
2955,14,196,14.00,7.6,0,corps,48.72866893488222,1.6446
2956,9,119,13.22,5.3,0,corps,48.70631019056667,1.4626
2957,9,81,9.00,5.3,0,corps,48.68396262282889,1.8679
2958,5,41,8.20,3.6,0,corps,48.66162622608201,1.3406
2959,4,39,9.75,3.1,0,corps,48.63930099474191,1.7783
2960,7,80,11.43,4.4,0,corps,48.616986923227294,1.4457
2961,5,81,16.20,3.6,0,corps,48.59468400595964,1.4466
2962,9,129,14.33,5.3,0,corps,48.57239223736322,1.8171
2963,14,158,11.29,7.6,0,corps,48.55011161186509,1.6181
2964,8,73,9.12,4.9,0,corps,48.5278421238951,2.3887
2965,13,134,10.31,7.1,0,corps,48.50558376788588,2.1609
2966,9,102,11.33,5.3,0,corps,48.483336538272816,2.0053
2967,18,190,10.56,9.3,0,corps,48.461100429494124,2.1096
2968,14,156,11.14,7.6,0,corps,48.43887543599078,1.6871
2969,5,62,12.40,3.6,0,corps,48.41666155220652,1.1962
2970,3,44,14.67,2.7,0,corps,48.39445877258787,2.1360
2971,2,34,17.00,2.2,0,corps,48.372267091584156,1.3462
2972,13,165,12.69,7.1,0,corps,48.35008650364745,1.8334
2973,9,87,9.67,5.3,0,corps,48.32791700323259,12.1762
2974,9,164,18.22,5.3,0,corps,48.30575858479722,8.1763
2975,10,134,13.40,5.8,0,corps,48.28361124280172,2.0489
2976,2,52,26.00,2.2,0,corps,48.26147497170927,1.6561
2977,7,73,10.43,4.4,0,corps,48.239349765985786,2.0777
2978,4,50,12.50,3.1,0,corps,48.21723562009998,1.8464
2979,6,75,12.50,4.0,0,corps,48.1951325285233,1.8150
2980,4,60,15.00,3.1,0,corps,48.173040485729985,1.4907
2981,5,57,11.40,3.6,0,corps,48.15095948619703,1.5187
2982,8,96,12.00,4.9,0,corps,48.12888952440416,2.1985
2983,11,157,14.27,6.2,0,corps,48.106830594833916,1.4178
2984,2,45,22.50,2.2,0,corps,48.08478269197155,1.1293
2985,8,122,15.25,4.9,0,corps,48.06274581030509,1.8503
2986,5,53,10.60,3.6,0,corps,48.04071994432529,1.6730
2987,2,34,17.00,2.2,0,corps,48.01870508852572,1.2710
2988,8,92,11.50,4.9,0,corps,47.996701237402654,1.5331
2989,3,35,11.67,2.7,0,corps,47.97470838545513,1.4748
2990,9,110,12.22,5.3,0,corps,47.95272652718492,1.7451
2991,13,144,11.08,7.1,0,corps,47.93075565709658,2.1038
2992,8,86,10.75,4.9,0,corps,47.90879576969738,1.5777
2993,18,193,10.72,9.3,0,corps,47.88684685949735,1.7680
2994,6,93,15.50,4.0,0,corps,47.86490892100926,1.4345
2995,4,40,10.00,3.1,0,corps,47.84298194874863,2.0520
2996,7,97,13.86,4.4,0,corps,47.82106593723372,1.5161
2997,13,131,10.08,7.1,0,corps,47.799160880985525,1.9944
2998,2,31,15.50,2.2,0,corps,47.777266774527774,1.5418
2999,5,37,7.40,3.6,0,corps,47.75538361238694,2.9320
3000,2,46,23.00,2.2,0,corps,47.73351138909224,0.9487
3001,14,194,13.86,7.6,0,corps,47.71165009917562,6.7169
3002,5,115,23.00,3.6,0,corps,47.689799737171754,1.2540
3003,15,113,7.53,8.0,0,corps,47.66796029761804,3.1963
3004,2,47,23.50,2.2,0,corps,47.646131775054634,1.0293
3005,3,42,14.00,2.7,0,corps,47.6243141640244,1.4079
3006,10,119,11.90,5.8,0,corps,47.60250745907293,9.8218
3007,21,271,12.90,10.7,0,corps,47.58071165474855,1.3871
3008,19,274,14.42,9.8,0,corps,47.55892674560232,1.4065
3009,6,53,8.83,4.0,0,corps,47.537152726188,2.1942
3010,21,219,10.43,10.7,0,corps,47.51538959106208,2.0646
3011,3,28,9.33,2.7,0,corps,47.49363733478379,1.5850
3012,7,59,8.43,4.4,0,corps,47.47189595191506,1.7671
3013,5,63,12.60,3.6,0,corps,47.450165437020544,1.4936
3014,12,110,9.17,6.7,0,corps,47.42844578466762,10.3480
3015,19,214,11.26,9.8,0,corps,47.406736989426356,1.3467
3016,5,46,9.20,3.6,0,corps,47.385039045869576,1.4437
3017,5,52,10.40,3.6,0,corps,47.36335194857278,1.4906
3018,7,113,16.14,4.4,0,corps,47.34167569211421,1.6787
3019,9,93,10.33,5.3,0,corps,47.320010271074764,1.6790
3020,15,177,11.80,8.0,0,corps,47.29835568003812,1.3723
3021,13,177,13.62,7.1,0,corps,47.27671191359063,1.5652
3022,16,190,11.88,8.4,0,corps,47.25507896632134,1.6328
3023,5,47,9.40,3.6,0,corps,47.23345683282201,1.4601
3024,12,98,8.17,6.7,0,corps,47.211845507687116,10.7760
3025,6,85,14.17,4.0,0,corps,47.190244985513836,1.5170
3026,8,91,11.38,4.9,0,corps,47.16865526090202,1.4388
3027,7,70,10.00,4.4,0,corps,47.14707632845423,1.8412
3028,8,70,8.75,4.9,0,corps,47.12550818277576,1.9640
3029,7,86,12.29,4.4,0,corps,47.103950818474566,1.8655
3030,18,198,11.00,9.3,0,corps,47.082404230161295,1.4054
3031,6,98,16.33,4.0,0,corps,47.0608684124493,1.5234
3032,13,127,9.77,7.1,0,corps,47.039343359954636,1.3652
3033,2,15,7.50,2.2,0,corps,47.01782906729605,1.1385
3034,6,71,11.83,4.0,0,corps,46.99632552909494,1.8852
3035,13,135,10.38,7.1,0,corps,46.97483273997543,1.6466
3036,2,17,8.50,2.2,0,corps,46.953350694564335,2.4272
3037,12,107,8.92,6.7,0,corps,46.93187938749114,2.2435
3038,4,50,12.50,3.1,0,corps,46.91041881338803,1.8089
3039,3,63,21.00,2.7,0,corps,46.88896896688982,0.9475
3040,13,149,11.46,7.1,0,corps,46.867529842634085,1.6322
3041,15,207,13.80,8.0,0,corps,46.84610143526105,1.6646
3042,17,210,12.35,8.9,0,corps,46.82468373941358,5.2445
3043,10,165,16.50,5.8,0,corps,46.80327674973726,1.3233
3044,10,159,15.90,5.8,0,corps,46.78188046088037,1.2639
3045,17,244,14.35,8.9,0,corps,46.760494867493804,1.2275
3046,8,94,11.75,4.9,0,corps,46.73911996423119,1.4511
3047,2,37,18.50,2.2,0,corps,46.71775574574878,0.9392
3048,8,88,11.00,4.9,0,corps,46.69640220670553,1.2151
3049,30,302,10.07,14.7,0,corps,46.67505934176306,5.6511
3050,8,108,13.50,4.9,0,corps,46.65372714558564,1.2885
3051,3,68,22.67,2.7,0,corps,46.63240561284023,0.9074
3052,15,130,8.67,8.0,0,corps,46.61109473819645,1.8749
3053,4,70,17.50,3.1,0,corps,46.58979451632658,1.0669
3054,9,89,9.89,5.3,0,corps,46.568504941905545,2.1187
3055,3,20,6.67,2.7,0,corps,46.547226009610974,1.7925
3056,4,69,17.25,3.1,0,corps,46.52595771412314,1.1647
3057,7,88,12.57,4.4,0,corps,46.50470005012494,13.7407
3058,15,163,10.87,8.0,0,corps,46.48345301230199,1.7207
3059,2,46,23.00,2.2,0,corps,46.46221659534249,1.3614
3060,7,75,10.71,4.4,0,corps,46.44099079393738,1.7587
3061,12,135,11.25,6.7,0,corps,46.419775602780184,1.6824
3062,5,74,14.80,3.6,0,corps,46.39857101656711,1.5489
3063,17,217,12.76,8.9,0,corps,46.37737702999701,1.4774
3064,5,60,12.00,3.6,0,corps,46.35619363777138,1.4783
3065,9,107,11.89,5.3,0,corps,46.335020834594395,1.8424
3066,8,88,11.00,4.9,0,corps,46.31385861517284,1.9759
3067,9,148,16.44,5.3,0,corps,46.292706974216145,1.6165
3068,29,296,10.21,14.2,0,corps,46.27156590643642,2.0848
3069,3,25,8.33,2.7,0,corps,46.2504354065484,1.4496
3070,3,48,16.00,2.7,0,corps,46.229315469269444,1.5764
3071,16,150,9.38,8.4,0,corps,46.20820608931957,2.0879
3072,3,40,13.33,2.7,0,corps,46.18710726142144,0.9582
3073,9,96,10.67,5.3,0,corps,46.16601898030036,1.4327
3074,16,179,11.19,8.4,0,corps,46.14494124068423,1.6696
3075,12,142,11.83,6.7,0,corps,46.12387403730362,8.1447
3076,12,110,9.17,6.7,0,corps,46.10281736489176,2.2241
3077,14,167,11.93,7.6,0,corps,46.08177121818445,7.0526
3078,12,182,15.17,6.7,0,corps,46.06073559192018,1.6512
3079,13,128,9.85,7.1,0,corps,46.03971048084,1.7647
3080,12,121,10.08,6.7,0,corps,46.01869587968768,1.5096
3081,7,78,11.14,4.4,0,corps,45.99769178320954,1.9460
3082,5,54,10.80,3.6,0,corps,45.97669818615457,1.2096
3083,19,218,11.47,9.8,0,corps,45.95571508327435,1.9552
3084,10,111,11.10,5.8,0,corps,45.93474246932313,1.5025
3085,13,154,11.85,7.1,0,corps,45.91378033905775,1.5047
3086,7,84,12.00,4.4,0,corps,45.892828687237675,11.3515
3087,2,58,29.00,2.2,0,corps,45.87188750862497,1.0420
3088,12,191,15.92,6.7,0,corps,45.850956797984374,1.8057
3089,8,102,12.75,4.9,0,corps,45.8300365500832,2.0603
3090,7,81,11.57,4.4,0,corps,45.80912675969138,1.4666
3091,6,75,12.50,4.0,0,corps,45.78822742158146,1.2768
3092,4,52,13.00,3.1,0,corps,45.767338530528626,1.6442
3093,8,64,8.00,4.9,0,corps,45.74646008131063,1.6866
3094,18,222,12.33,9.3,0,corps,45.725592068707876,2.3335
3095,11,133,12.09,6.2,0,corps,45.70473448750335,2.4361
3096,13,155,11.92,7.1,0,corps,45.683887332482676,1.4406
3097,7,80,11.43,4.4,0,corps,45.66305059843404,1.7088
3098,11,93,8.45,6.2,0,corps,45.642224280148284,2.2058
3099,11,105,9.55,6.2,0,corps,45.6214083724188,1.6731
3100,8,75,9.38,4.9,0,corps,45.600602870041634,1.6334
3101,32,367,11.47,15.6,0,corps,45.5798077678154,1.8861
3102,8,102,12.75,4.9,0,corps,45.55902306054133,1.4949
3103,8,99,12.38,4.9,0,corps,45.53824874302323,0.9606
3104,3,42,14.00,2.7,0,corps,45.51748481006754,1.5021
3105,3,46,15.33,2.7,0,corps,45.49673125648327,1.3860
3106,3,47,15.67,2.7,0,corps,45.475988077082036,1.2760
3107,14,189,13.50,7.6,0,corps,45.455255266678016,1.6309
3108,8,80,10.00,4.9,0,corps,45.43453282008805,12.1940
3109,2,33,16.50,2.2,0,corps,45.4138207321315,1.4965
3110,6,69,11.50,4.0,0,corps,45.39311899763035,1.1141
3111,17,185,10.88,8.9,0,corps,45.37242761140915,2.1350
3112,11,113,10.27,6.2,0,corps,45.351746568295084,1.5791
3113,15,158,10.53,8.0,0,corps,45.33107586311787,2.0024
3114,9,103,11.44,5.3,0,corps,45.310415490709836,1.8440
3115,4,68,17.00,3.1,0,corps,45.289765445905886,0.9547
3116,7,102,14.57,4.4,0,corps,45.269125723543524,1.2685
3117,4,64,16.00,3.1,0,corps,45.2484963184628,1.4947
3118,6,87,14.50,4.0,0,corps,45.227877225506376,1.0215
3119,3,57,19.00,2.7,0,corps,45.20726843951946,1.4762
3120,3,44,14.67,2.7,0,corps,45.186669955349885,0.9656
3121,13,178,13.69,7.1,0,corps,45.16608176784801,6.7105
3122,9,118,13.11,5.3,0,corps,45.14550387186678,2.8314
3123,19,210,11.05,9.8,0,corps,45.12493626226174,2.4041
3124,11,109,9.91,6.2,0,corps,45.104378933890985,2.1896
3125,3,47,15.67,2.7,0,corps,45.08383188161517,1.9253
3126,2,26,13.00,2.2,0,corps,45.063295100297545,1.5317
3127,2,16,8.00,2.2,0,corps,45.0427685848039,2.4919
3128,6,61,10.17,4.0,0,corps,45.02225233000262,2.0964
3129,3,54,18.00,2.7,0,corps,45.00174633076464,1.6457
3130,8,85,10.62,4.9,0,corps,44.98125058196345,11.3541
3131,3,39,13.00,2.7,0,corps,44.96076507847513,1.9655
3132,4,132,33.00,3.1,0,corps,44.940289815178275,1.4902
3133,8,106,13.25,4.9,0,corps,44.9198247869541,1.6922
3134,9,102,11.33,5.3,0,corps,44.89936998868633,1.9375
3135,15,172,11.47,8.0,0,corps,44.87892541526128,6.6433
3136,14,177,12.64,7.6,0,corps,44.858491061567776,1.8113
3137,8,121,15.12,4.9,0,corps,44.83806692249727,1.8354
3138,5,61,12.20,3.6,0,corps,44.8176529929437,1.5358
3139,9,143,15.89,5.3,0,corps,44.79724926780359,1.6941
3140,14,207,14.79,7.6,0,corps,44.77685574197601,2.1023
3141,6,99,16.50,4.0,0,corps,44.756472410362576,1.2402
3142,26,324,12.46,12.9,0,corps,44.736099267867466,1.2361
3143,3,29,9.67,2.7,0,corps,44.71573630939738,0.9649
3144,9,94,10.44,5.3,0,corps,44.69538352986157,1.4042
3145,7,94,13.43,4.4,0,corps,44.675040924171874,1.1365
3146,2,28,14.00,2.2,0,corps,44.65470848724261,0.8103
3147,7,80,11.43,4.4,0,corps,44.63438621399069,1.0029
3148,17,204,12.00,8.9,0,corps,44.61407409933552,1.5701
3149,8,75,9.38,4.9,0,corps,44.59377213819909,2.0710
3150,2,69,34.50,2.2,0,corps,44.57348032550591,0.7075
3151,2,27,13.50,2.2,0,corps,44.55319865618303,3.0483
3152,7,58,8.29,4.4,0,corps,44.53292712516001,1.7296
3153,6,65,10.83,4.0,0,corps,44.51266572736899,1.2995
3154,7,60,8.57,4.4,0,corps,44.492414457744616,2.2104
3155,11,129,11.73,6.2,0,corps,44.472173311224076,1.5157
3156,16,191,11.94,8.4,0,corps,44.45194228274705,1.1777
3157,8,106,13.25,4.9,0,corps,44.43172136725582,1.3701
3158,7,100,14.29,4.4,0,corps,44.411510559695145,1.3399
3159,11,133,12.09,6.2,0,corps,44.39130985501232,1.0351
3160,9,117,13.00,5.3,0,corps,44.37111924815716,1.5310
3161,7,84,12.00,4.4,0,corps,44.35093873408202,1.6995
3162,15,155,10.33,8.0,0,corps,44.330768307741785,1.6585
3163,2,24,12.00,2.2,0,corps,44.31060796409384,1.0287
3164,5,40,8.00,3.6,0,corps,44.29045769809808,2.0620
3165,9,94,10.44,5.3,0,corps,44.270317504716964,2.6596
3166,10,117,11.70,5.8,0,corps,44.25018737891544,2.3480
3167,4,55,13.75,3.1,0,corps,44.23006731566097,1.3337
3168,10,128,12.80,5.8,0,corps,44.20995730992352,1.5403
3169,11,127,11.55,6.2,0,corps,44.189857356675624,9.8500
3170,11,136,12.36,6.2,0,corps,44.16976745089227,1.7579
3171,6,56,9.33,4.0,0,corps,44.14968758755099,1.9657
3172,8,87,10.88,4.9,0,corps,44.12961776163181,1.3801
3173,2,32,16.00,2.2,0,corps,44.109557968117294,1.1238
3174,24,314,13.08,12.0,0,corps,44.089508201992466,1.6738
3175,26,334,12.85,12.9,0,corps,44.069468458244906,2.1000
3176,11,142,12.91,6.2,0,corps,44.04943873186466,6.7578
3177,10,108,10.80,5.8,0,corps,44.029419017844305,2.5084
3178,5,65,13.00,3.6,0,corps,44.00940931117893,1.5308
3179,10,97,9.70,5.8,0,corps,43.989409606866076,2.5031
3180,16,210,13.12,8.4,0,corps,43.96941989990582,1.6322
3181,13,152,11.69,7.1,0,corps,43.94944018530077,7.3145
3182,8,89,11.12,4.9,0,corps,43.929470458055974,2.0500
3183,4,41,10.25,3.1,0,corps,43.909510713178996,2.2029
3184,9,119,13.22,5.3,0,corps,43.88956094567989,9.2310
3185,13,132,10.15,7.1,0,corps,43.86962115057124,9.3187
3186,16,179,11.19,8.4,0,corps,43.84969132286809,4.8553
3187,4,55,13.75,3.1,0,corps,43.82977145758798,1.5025
3188,11,105,9.55,6.2,0,corps,43.80986154975092,2.3433
3189,15,163,10.87,8.0,0,corps,43.78996159437948,1.7727
3190,2,19,9.50,2.2,0,corps,43.77007158649863,1.1939
3191,17,221,13.00,8.9,0,corps,43.750191521135896,4.7272
3192,8,96,12.00,4.9,0,corps,43.73032139332123,1.8606
3193,14,199,14.21,7.6,0,corps,43.71046119808714,1.8023
3194,9,125,13.89,5.3,0,corps,43.69061093046855,1.6184
3195,2,18,9.00,2.2,0,corps,43.6707705855029,1.7394
3196,4,33,8.25,3.1,0,corps,43.65094015823009,1.4089
3197,6,71,11.83,4.0,0,corps,43.63111964369254,1.6046
3198,20,225,11.25,10.2,0,corps,43.61130903693511,2.2113
3199,9,105,11.67,5.3,0,corps,43.591508333005144,1.3987
3200,24,221,9.21,12.0,0,corps,43.571717526952455,2.7795
3201,14,145,10.36,7.6,0,corps,43.55193661382936,1.8448
3202,12,170,14.17,6.7,0,corps,43.53216558869063,1.5626
3203,9,112,12.44,5.3,0,corps,43.51240444659351,1.4510
3204,13,128,9.85,7.1,0,corps,43.492653182597685,1.2905
3205,7,73,10.43,4.4,0,corps,43.47291179176537,1.3757
3206,5,51,10.20,3.6,0,corps,43.453180269161216,2.2637
3207,6,73,12.17,4.0,0,corps,43.43345860985233,1.3398
3208,16,179,11.19,8.4,0,corps,43.41374680890831,1.6301
3209,2,25,12.50,2.2,0,corps,43.394044861401184,2.8968
3210,20,231,11.55,10.2,0,corps,43.374352762405486,5.0341
3211,12,216,18.00,6.7,0,corps,43.35467050699818,6.9431
3212,11,126,11.45,6.2,0,corps,43.3349980902587,1.7515
3213,20,194,9.70,10.2,0,corps,43.31533550726896,1.6662
3214,6,45,7.50,4.0,0,corps,43.295682753113304,2.1696
3215,7,60,8.57,4.4,0,corps,43.27603982287853,1.6961
3216,21,233,11.10,10.7,0,corps,43.256406711653916,5.7165
3217,2,51,25.50,2.2,0,corps,43.236783414531196,1.4209
3218,5,69,13.80,3.6,0,corps,43.21716992660452,1.3697
3219,6,88,14.67,4.0,0,corps,43.197566242970545,1.7306
3220,4,53,13.25,3.1,0,corps,43.17797235872832,1.3423
3221,6,71,11.83,4.0,0,corps,43.158388268979394,1.5431
3222,6,73,12.17,4.0,0,corps,43.13881396882774,1.5009
3223,15,133,8.87,8.0,0,corps,43.11924945337978,1.6810
3224,14,160,11.43,7.6,0,corps,43.09969471774439,2.3399
3225,3,33,11.00,2.7,0,corps,43.080149757032885,1.6256
3226,2,44,22.00,2.2,0,corps,43.06061456635902,1.3674
3227,6,87,14.50,4.0,0,corps,43.041089140839,1.4778
3228,6,76,12.67,4.0,0,corps,43.02157347559146,1.7713
3229,17,194,11.41,8.9,0,corps,43.002067565737505,2.1711
3230,7,77,11.00,4.4,0,corps,42.982571406400645,1.7318
3231,21,226,10.76,10.7,0,corps,42.96308499270683,2.0084
3232,10,119,11.90,5.8,0,corps,42.943608319784474,9.0836
3233,5,77,15.40,3.6,0,corps,42.9241413827644,1.5997
3234,17,254,14.94,8.9,0,corps,42.90468417677988,1.9310
3235,13,206,15.85,7.1,0,corps,42.885236696966594,1.2782
3236,19,268,14.11,9.8,0,corps,42.86579893846268,1.8259
3237,14,140,10.00,7.6,0,corps,42.84637089640872,1.7934
3238,21,343,16.33,10.7,0,corps,42.826952565947686,2.2257
3239,4,54,13.50,3.1,0,corps,42.80754394222498,1.8311
3240,10,100,10.00,5.8,0,corps,42.78814502038847,1.3795
3241,14,148,10.57,7.6,0,corps,42.768755795588426,1.5329
3242,3,48,16.00,2.7,0,corps,42.74937626297752,0.9765
3243,9,103,11.44,5.3,0,corps,42.73000641771089,1.6440
3244,9,107,11.89,5.3,0,corps,42.71064625494606,1.1542
3245,5,73,14.60,3.6,0,corps,42.691295769842995,1.5315
3246,11,87,7.91,6.2,0,corps,42.67195495756408,1.9414
3247,7,72,10.29,4.4,0,corps,42.652623813274104,1.4485
3248,3,41,13.67,2.7,0,corps,42.633302332140275,1.7363
3249,5,73,14.60,3.6,0,corps,42.61399050933224,1.1122
3250,6,70,11.67,4.0,0,corps,42.59468834002204,1.4388
3251,9,92,10.22,5.3,0,corps,42.57539581938411,1.5110
3252,6,45,7.50,4.0,0,corps,42.55611294259534,2.1124
3253,9,119,13.22,5.3,0,corps,42.536839704835,1.3658
3254,4,46,11.50,3.1,0,corps,42.517576101284796,1.4763
3255,2,27,13.50,2.2,0,corps,42.49832212712883,1.0851
3256,10,101,10.10,5.8,0,corps,42.479077777553584,10.0185
3257,12,206,17.17,6.7,0,corps,42.459843047747974,1.7238
3258,3,57,19.00,2.7,0,corps,42.440617932903336,1.3014
3259,21,231,11.00,10.7,0,corps,42.421402428213376,4.8052
3260,4,39,9.75,3.1,0,corps,42.40219652887423,2.2731
3261,3,52,17.33,2.7,0,corps,42.38300023008441,2.3948
3262,2,31,15.50,2.2,0,corps,42.363813527044854,1.5134
3263,10,147,14.70,5.8,0,corps,42.34463641495888,2.4485
3264,7,59,8.43,4.4,0,corps,42.3254688890322,2.0363
3265,8,84,10.50,4.9,0,corps,42.30631094447295,1.8041
3266,12,132,11.00,6.7,0,corps,42.28716257649163,8.0978
3267,10,162,16.20,5.8,0,corps,42.268023780301164,1.6145
3268,16,210,13.12,8.4,0,corps,42.248894551116834,5.2298
3269,14,203,14.50,7.6,0,corps,42.229774884156335,5.5113
3270,3,65,21.67,2.7,0,corps,42.21066477463977,1.3109
3271,6,87,14.50,4.0,0,corps,42.19156421778959,2.0060
3272,5,68,13.60,3.6,0,corps,42.17247320883067,2.3664
3273,5,59,11.80,3.6,0,corps,42.15339174299024,2.6986
3274,12,133,11.08,6.7,0,corps,42.134319815497946,2.2447
3275,2,43,21.50,2.2,0,corps,42.11525742158581,1.6175
3276,9,126,14.00,5.3,0,corps,42.096204556488225,1.8128
3277,13,148,11.38,7.1,0,corps,42.077161215441976,2.2147
3278,24,277,11.54,12.0,0,corps,42.058127393686235,2.0651
3279,8,81,10.12,4.9,0,corps,42.03910308646254,1.8351
3280,19,208,10.95,9.8,0,corps,42.020088289014815,2.6534
3281,15,175,11.67,8.0,0,corps,42.00108299658935,5.9487
3282,13,278,21.38,7.1,0,corps,41.98208720443483,1.4228
3283,4,87,21.75,3.1,0,corps,41.96310090780233,1.0885
3284,7,148,21.14,4.4,0,corps,41.94412410194525,1.3075
3285,14,237,16.93,7.6,0,corps,41.92515678211938,1.4561
3286,3,52,17.33,2.7,0,corps,41.90619894358291,1.2779
3287,7,103,14.71,4.4,0,corps,41.887250581596376,2.0990
3288,10,124,12.40,5.8,0,corps,41.86831169142268,1.6590
3289,25,279,11.16,12.4,0,corps,41.8493822683271,4.6430
3290,2,13,6.50,2.2,0,corps,41.83046230757729,6.4589
3291,9,141,15.67,5.3,0,corps,41.811551804443255,1.9872
3292,15,195,13.00,8.0,0,corps,41.79265075419737,2.0984
3293,32,372,11.62,15.6,0,corps,41.773759152114366,2.5877
3294,12,103,8.58,6.7,0,corps,41.75487699347135,2.7644
3295,12,139,11.58,6.7,0,corps,41.73600427354777,2.2371
3296,3,52,17.33,2.7,0,corps,41.71714098762547,1.0588
3297,15,178,11.87,8.0,0,corps,41.6982871309886,1.4851
3298,12,143,11.92,6.7,0,corps,41.679442698923715,1.7650
3299,3,52,17.33,2.7,0,corps,41.6606076867197,1.6426
3300,16,207,12.94,8.4,0,corps,41.64178208966781,1.8137
3301,11,103,9.36,6.2,0,corps,41.62296590306162,1.4544
3302,8,104,13.00,4.9,0,corps,41.60415912219712,1.6333
3303,5,41,8.20,3.6,0,corps,41.58536174237259,2.2474
3304,13,143,11.00,7.1,0,corps,41.566573758888694,1.8572
3305,7,73,10.43,4.4,0,corps,41.54779516704842,1.3732
3306,5,39,7.80,3.6,0,corps,41.52902596215715,1.6298
3307,9,106,11.78,5.3,0,corps,41.51026613952256,1.1773
3308,19,183,9.63,9.8,0,corps,41.4915156944547,7.1902
3309,8,84,10.50,4.9,0,corps,41.47277462226595,1.8881
3310,12,148,12.33,6.7,0,corps,41.454042918271064,5.2058
3311,12,114,9.50,6.7,0,corps,41.4353205777871,2.0411
3312,4,74,18.50,3.1,0,corps,41.41660759613348,1.2583
3313,7,74,10.57,4.4,0,corps,41.39790396863194,2.0818
3314,3,45,15.00,2.7,0,corps,41.379209690606594,1.1184
3315,22,219,9.95,11.1,0,corps,41.36052475738387,5.8318
3316,3,49,16.33,2.7,0,corps,41.341849164292526,1.2638
3317,10,102,10.20,5.8,0,corps,41.32318290666366,1.5854
3318,12,142,11.83,6.7,0,corps,41.30452597983073,1.7923
3319,12,175,14.58,6.7,0,corps,41.28587837912948,1.5415
3320,7,77,11.00,4.4,0,corps,41.267240099898025,1.4036
3321,7,69,9.86,4.4,0,corps,41.24861113747678,1.5203
3322,7,60,8.57,4.4,0,corps,41.229991487208515,1.5963
3323,3,44,14.67,2.7,0,corps,41.21138114443833,1.0974
3324,8,108,13.50,4.9,0,corps,41.19278010451361,1.7618
3325,12,135,11.25,6.7,0,corps,41.1741883627841,5.5549
3326,13,109,8.38,7.1,0,corps,41.15560591460189,10.9755
3327,18,206,11.44,9.3,0,corps,41.13703275532136,5.0660
3328,7,133,19.00,4.4,0,corps,41.118468880299204,1.4037
3329,11,124,11.27,6.2,0,corps,41.09991428489445,2.1516
3330,13,144,11.08,7.1,0,corps,41.08136896446848,1.7223
3331,27,288,10.67,13.3,0,corps,41.06283291438493,2.1862
3332,3,23,7.67,2.7,0,corps,41.04430613000981,3.1143
3333,19,211,11.11,9.8,0,corps,41.02578860671141,1.9677
3334,20,248,12.40,10.2,0,corps,41.00728033986035,2.3690
3335,14,147,10.50,7.6,0,corps,40.988781324829574,2.1064
3336,15,198,13.20,8.0,0,corps,40.97029155699433,1.4004
3337,7,59,8.43,4.4,0,corps,40.95181103173215,2.6714
3338,5,46,9.20,3.6,0,corps,40.93333974442293,2.0674
3339,21,273,13.00,10.7,0,corps,40.91487769044884,3.7588
3340,15,159,10.60,8.0,0,corps,40.89642486519437,6.3461
3341,2,18,9.00,2.2,0,corps,40.87798126404629,1.3936
3342,5,74,14.80,3.6,0,corps,40.85954688239373,1.2542
3343,8,118,14.75,4.9,0,corps,40.841121715628084,1.1820
3344,7,100,14.29,4.4,0,corps,40.82270575914306,9.5616
3345,9,160,17.78,5.3,0,corps,40.80429900833466,1.2963
3346,9,108,12.00,5.3,0,corps,40.78590145860121,1.4869
3347,15,158,10.53,8.0,0,corps,40.76751310534332,1.4935
3348,12,166,13.83,6.7,0,corps,40.7491339439639,1.6055
3349,8,103,12.88,4.9,0,corps,40.730763969868136,9.4052
3350,17,220,12.94,8.9,0,corps,40.712403178463575,4.3919
3351,16,166,10.38,8.4,0,corps,40.694051565159995,2.6952
3352,2,22,11.00,2.2,0,corps,40.675709125369494,1.0008
3353,15,199,13.27,8.0,0,corps,40.65737585450647,1.9204
3354,9,108,12.00,5.3,0,corps,40.639051747987594,1.4403
3355,13,148,11.38,7.1,0,corps,40.62073680123186,1.6372
3356,6,58,9.67,4.0,0,corps,40.6024310096605,1.4136
3357,10,118,11.80,5.8,0,corps,40.584134368697086,1.7777
3358,6,84,14.00,4.0,0,corps,40.56584687376746,1.3861
3359,5,59,11.80,3.6,0,corps,40.54756852029975,1.6547
3360,10,104,10.40,5.8,0,corps,40.52929930372435,1.3234
3361,18,172,9.56,9.3,0,corps,40.511039219473965,2.0679
3362,10,84,8.40,5.8,0,corps,40.49278826298358,2.8485
3363,12,105,8.75,6.7,0,corps,40.474546429690456,2.6643
3364,12,131,10.92,6.7,0,corps,40.45631371503412,1.6126
3365,15,153,10.20,8.0,0,corps,40.4380901144564,1.6234
3366,9,129,14.33,5.3,0,corps,40.41987562340141,1.4191
3367,13,167,12.85,7.1,0,corps,40.401670237315514,1.3077
3368,18,181,10.06,9.3,0,corps,40.38347395164736,4.9245
3369,13,156,12.00,7.1,0,corps,40.36528676184788,1.7548
3370,7,74,10.57,4.4,0,corps,40.34710866337029,1.6152
3371,18,176,9.78,9.3,0,corps,40.32893965167005,1.8372
3372,9,117,13.00,5.3,0,corps,40.31077972220491,1.2070
3373,11,111,10.09,6.2,0,corps,40.292628870434896,8.8020
3374,11,104,9.45,6.2,0,corps,40.27448709182229,2.0597
3375,7,87,12.43,4.4,0,corps,40.25635438183164,1.3943
3376,3,36,12.00,2.7,0,corps,40.238230735929776,1.3100
3377,10,112,11.20,5.8,0,corps,40.220116149585785,1.2254
3378,6,71,11.83,4.0,0,corps,40.20201061827102,1.2341
3379,9,91,10.11,5.3,0,corps,40.18391413745909,9.4724
3380,10,136,13.60,5.8,0,corps,40.16582670262589,1.7635
3381,13,123,9.46,7.1,0,corps,40.147748309249565,6.9942
3382,13,180,13.85,7.1,0,corps,40.12967895281049,4.3351
3383,4,59,14.75,3.1,0,corps,40.11161862879134,1.6608
3384,18,255,14.17,9.3,0,corps,40.09356733267705,2.5021
3385,24,227,9.46,12.0,0,corps,40.07552505995477,2.1334
3386,2,10,5.00,2.2,0,corps,40.057491806113944,3.1819
3387,5,64,12.80,3.6,0,corps,40.03946756664626,1.2818
3388,14,163,11.64,7.6,0,corps,40.02145233704565,1.4577
3389,5,79,15.80,3.6,0,corps,40.00344611280833,1.2645
3390,7,72,10.29,4.4,0,corps,39.985448889432696,1.6454
3391,19,250,13.16,9.8,0,corps,39.9674606624195,3.9472
3392,11,118,10.73,6.2,0,corps,39.949481427271635,2.3955
3393,8,116,14.50,4.9,0,corps,39.93151117949433,1.3195
3394,8,109,13.62,4.9,0,corps,39.913549914594995,1.5905
3395,16,200,12.50,8.4,0,corps,39.89559762808333,5.0165
3396,7,88,12.57,4.4,0,corps,39.87765431547127,1.5069
3397,15,166,11.07,8.0,0,corps,39.85971997227297,5.0727
3398,8,87,10.88,4.9,0,corps,39.84179459400484,1.7347
3399,8,116,14.50,4.9,0,corps,39.823878176185545,1.5524
3400,13,147,11.31,7.1,0,corps,39.80597071433599,1.5209
3401,2,41,20.50,2.2,0,corps,39.7880722039793,1.0717
3402,18,168,9.33,9.3,0,corps,39.77018264064084,5.9204
3403,12,124,10.33,6.7,0,corps,39.75230201984823,6.1190
3404,4,49,12.25,3.1,0,corps,39.734430337131315,1.6898
3405,10,114,11.40,5.8,0,corps,39.716567588022166,1.9549
3406,12,130,10.83,6.7,0,corps,39.6987137680551,2.5316
3407,11,126,11.45,6.2,0,corps,39.680868872766666,3.1112
3408,4,59,14.75,3.1,0,corps,39.66303289769563,1.3857
3409,9,86,9.56,5.3,0,corps,39.64520583838301,11.6400
3410,5,56,11.20,3.6,0,corps,39.62738769037203,2.2357
3411,7,97,13.86,4.4,0,corps,39.60957844920816,1.7376
3412,7,91,13.00,4.4,0,corps,39.591778110439094,1.5349
3413,6,59,9.83,4.0,0,corps,39.57398666961473,1.8775
3414,15,146,9.73,8.0,0,corps,39.55620412228722,2.3728
3415,4,43,10.75,3.1,0,corps,39.538430464010936,2.3517
3416,9,110,12.22,5.3,0,corps,39.52066569034245,1.9684
3417,13,142,10.92,7.1,0,corps,39.50290979684057,1.6461
3418,3,56,18.67,2.7,0,corps,39.48516277906632,1.2530
3419,3,45,15.00,2.7,0,corps,39.46742463258295,1.4780
3420,9,82,9.11,5.3,0,corps,39.44969535295593,2.1107
3421,34,384,11.29,16.4,0,corps,39.431974935752926,4.4113
3422,10,168,16.80,5.8,0,corps,39.414263376543836,2.2376
3423,30,343,11.43,14.7,0,corps,39.39656067090079,5.5795
3424,5,50,10.00,3.6,0,corps,39.37886681439808,2.3882
3425,11,173,15.73,6.2,0,corps,39.36118180261227,6.0810
3426,12,127,10.58,6.7,0,corps,39.34350563112209,2.2044
3427,9,114,12.67,5.3,0,corps,39.3258382955085,1.4776
3428,3,36,12.00,2.7,0,corps,39.30817979135467,1.8007
3429,7,81,11.57,4.4,0,corps,39.290530114245975,12.5407
3430,11,156,14.18,6.2,0,corps,39.27288925976998,1.3985
3431,15,211,14.07,8.0,0,corps,39.2552572235165,3.9347
3432,18,227,12.61,9.3,0,corps,39.237634001077495,3.0566
3433,13,127,9.77,7.1,0,corps,39.22001958804719,6.8930
3434,15,240,16.00,8.0,0,corps,39.202413980021944,4.2368
3435,8,80,10.00,4.9,0,corps,39.1848171726004,2.1610
3436,12,115,9.58,6.7,0,corps,39.16722916138332,1.6744
3437,5,51,10.20,3.6,0,corps,39.14964994197372,1.3473
3438,4,43,10.75,3.1,0,corps,39.132079509976776,2.2098
3439,6,111,18.50,4.0,0,corps,39.1145178609999,1.7780
3440,8,111,13.88,4.9,0,corps,39.09696499065267,1.7617
3441,3,67,22.33,2.7,0,corps,39.07942089454687,1.7266
3442,9,79,8.78,5.3,0,corps,39.061885568296475,1.6405
3443,7,87,12.43,4.4,0,corps,39.04435900751766,1.8388
3444,3,29,9.67,2.7,0,corps,39.02684120782878,1.7286
3445,3,33,11.00,2.7,0,corps,39.009332164850385,2.2106
3446,12,111,9.25,6.7,0,corps,38.991831874205204,1.7209
3447,6,82,13.67,4.0,0,corps,38.97434033151818,1.5015
3448,22,268,12.18,11.1,0,corps,38.95685753241643,5.0576
3449,13,137,10.54,7.1,0,corps,38.93938347252924,1.6392
3450,3,49,16.33,2.7,0,corps,38.921918147488086,1.7825
3451,23,224,9.74,11.6,0,corps,38.90446155292666,2.8977
3452,7,80,11.43,4.4,0,corps,38.887013684480806,1.7182
3453,17,208,12.24,8.9,0,corps,38.86957453778856,1.9464
3454,11,131,11.91,6.2,0,corps,38.852144108490116,2.0123
3455,9,76,8.44,5.3,0,corps,38.834722392227896,3.3077
3456,5,60,12.00,3.6,0,corps,38.81730938464645,1.5677
3457,11,110,10.00,6.2,0,corps,38.799905081392524,1.8721
3458,8,67,8.38,4.9,0,corps,38.78250947811506,2.2967
3459,13,155,11.92,7.1,0,corps,38.76512257046514,1.9150
3460,10,111,11.10,5.8,0,corps,38.74774435409605,2.5921
3461,9,95,10.56,5.3,0,corps,38.73037482466323,1.9561
3462,14,164,11.71,7.6,0,corps,38.71301397782428,1.1595
3463,4,68,17.00,3.1,0,corps,38.69566180923903,1.1277
3464,4,45,11.25,3.1,0,corps,38.678318314569395,2.4234
3465,13,115,8.85,7.1,0,corps,38.66098348947953,1.4258
3466,22,217,9.86,11.1,0,corps,38.64365732963571,2.0036
3467,8,70,8.75,4.9,0,corps,38.6263398307064,1.6507
3468,5,75,15.00,3.6,0,corps,38.609030988362235,1.6383
3469,10,93,9.30,5.8,0,corps,38.591730798276,1.4950
3470,18,210,11.67,9.3,0,corps,38.57443925612263,1.2965
3471,14,133,9.50,7.6,0,corps,38.55715635757927,1.8237
3472,8,67,8.38,4.9,0,corps,38.53988209832517,1.8059
3473,8,87,10.88,4.9,0,corps,38.52261647404179,1.4471
3474,10,120,12.00,5.8,0,corps,38.50535948041269,1.4615
3475,13,177,13.62,7.1,0,corps,38.488111113123644,1.1947
3476,27,302,11.19,13.3,0,corps,38.47087136786257,2.2801
3477,5,46,9.20,3.6,0,corps,38.4536402403195,1.5880
3478,6,78,13.00,4.0,0,corps,38.436417726186676,1.2001
3479,14,160,11.43,7.6,0,corps,38.41920382115846,2.2010
3480,5,79,15.80,3.6,0,corps,38.401998520931386,1.8954
3481,9,81,9.00,5.3,0,corps,38.38480182120412,1.7908
3482,10,139,13.90,5.8,0,corps,38.36761371767748,1.6952
3483,4,44,11.00,3.1,0,corps,38.35043420605445,1.9586
3484,3,25,8.33,2.7,0,corps,38.33326328204016,2.4731
3485,8,78,9.75,4.9,0,corps,38.316100941341865,2.1276
3486,2,23,11.50,2.2,0,corps,38.29894717966897,2.0317
3487,4,49,12.25,3.1,0,corps,38.281801992733065,1.6329
3488,6,73,12.17,4.0,0,corps,38.264665376247834,1.9368
3489,14,120,8.57,7.6,0,corps,38.24753732592912,2.1502
3490,4,30,7.50,3.1,0,corps,38.230417837494926,2.4296
3491,6,67,11.17,4.0,0,corps,38.21330690666536,1.8590
3492,12,138,11.50,6.7,0,corps,38.196204529162706,2.0173
3493,3,24,8.00,2.7,0,corps,38.17911070071136,3.3088
3494,8,75,9.38,4.9,0,corps,38.16202541703787,2.0629
3495,11,146,13.27,6.2,0,corps,38.1449486738709,2.1212
3496,11,93,8.45,6.2,0,corps,38.12788046694129,1.8765
3497,10,110,11.00,5.8,0,corps,38.11082079198197,1.7700
3498,7,105,15.00,4.4,0,corps,38.09376964472801,1.6358
3499,19,198,10.42,9.8,0,corps,38.076727020916664,1.6770
3500,5,40,8.00,3.6,0,corps,38.05969291628725,2.5516
3501,15,136,9.07,8.0,0,corps,38.042667326581224,1.6332
3502,7,97,13.86,4.4,0,corps,38.02565024754222,1.4034
3503,4,37,9.25,3.1,0,corps,38.00864167491594,1.8112
3504,11,109,9.91,6.2,0,corps,37.99164160445028,7.8575
3505,8,95,11.88,4.9,0,corps,37.97465003189518,1.6108
3506,11,113,10.27,6.2,0,corps,37.95766695300277,1.8538
3507,10,126,12.60,5.8,0,corps,37.940692363527276,8.7381
3508,14,149,10.64,7.6,0,corps,37.92372625922505,2.3329
3509,6,59,9.83,4.0,0,corps,37.90676863585456,1.5521
3510,23,264,11.48,11.6,0,corps,37.88981948917641,2.2613
3511,10,131,13.10,5.8,0,corps,37.8728788149533,1.5582
3512,29,331,11.41,14.2,0,corps,37.855946608950084,1.8724
3513,12,121,10.08,6.7,0,corps,37.83902286693369,1.6704
3514,8,84,10.50,4.9,0,corps,37.82210758467319,2.2023
3515,11,95,8.64,6.2,0,corps,37.80520075793976,1.6592
3516,4,47,11.75,3.1,0,corps,37.78830238250671,1.3590
3517,6,61,10.17,4.0,0,corps,37.77141245414942,1.8857
3518,4,59,14.75,3.1,0,corps,37.75453096864542,1.1915
3519,9,106,11.78,5.3,0,corps,37.73765792177433,1.5689
3520,3,26,8.67,2.7,0,corps,37.7207933093179,2.0757
3521,14,168,12.00,7.6,0,corps,37.70393712705998,8.6076
3522,7,100,14.29,4.4,0,corps,37.687089370786516,1.6668
3523,17,166,9.76,8.9,0,corps,37.670250036285566,1.9853
3524,3,53,17.67,2.7,0,corps,37.6534191193473,1.5082
3525,13,137,10.54,7.1,0,corps,37.63659661576399,2.0220
3526,13,115,8.85,7.1,0,corps,37.619782521330016,1.7698
3527,12,92,7.67,6.7,0,corps,37.602976831841836,2.5455
3528,15,152,10.13,8.0,0,corps,37.58617954309804,2.3305
3529,5,45,9.00,3.6,0,corps,37.569390650899315,1.8527
3530,10,74,7.40,5.8,0,corps,37.55261015104843,2.4586
3531,6,70,11.67,4.0,0,corps,37.53583803935023,1.5456
3532,4,49,12.25,3.1,0,corps,37.51907431161174,1.9070
3533,10,80,8.00,5.8,0,corps,37.502318963642,1.9200
3534,16,196,12.25,8.4,0,corps,37.48557199125217,1.6177
3535,9,93,10.33,5.3,0,corps,37.46883339025551,10.3757
3536,12,127,10.58,6.7,0,corps,37.45210315646738,2.0530
3537,11,134,12.18,6.2,0,corps,37.43538128570521,1.6080
3538,13,164,12.62,7.1,0,corps,37.418667773788535,1.8070
3539,10,129,12.90,5.8,0,corps,37.401962616538974,1.3707
3540,6,71,11.83,4.0,0,corps,37.38526580978024,1.7852
3541,2,20,10.00,2.2,0,corps,37.36857734933814,1.7021
3542,10,116,11.60,5.8,0,corps,37.35189723104055,1.3918
3543,9,131,14.56,5.3,0,corps,37.33522545071744,1.1872
3544,8,107,13.38,4.9,0,corps,37.318562004200864,1.5467
3545,2,29,14.50,2.2,0,corps,37.30190688732497,1.3026
3546,8,84,10.50,4.9,0,corps,37.28526009592596,12.2300
3547,14,164,11.71,7.6,0,corps,37.26862162584215,1.6911
3548,11,155,14.09,6.2,0,corps,37.25199147291393,5.7892
3549,6,85,14.17,4.0,0,corps,37.23536963298375,1.7771
3550,10,87,8.70,5.8,0,corps,37.21875610189614,1.8744
3551,4,38,9.50,3.1,0,corps,37.20215087549772,1.9338
3552,24,214,8.92,12.0,0,corps,37.18555394963721,1.7645
3553,14,163,11.64,7.6,0,corps,37.16896532016536,1.7461
3554,10,109,10.90,5.8,0,corps,37.15238498293502,1.2487
3555,16,215,13.44,8.4,0,corps,37.13581293380108,1.1778
3556,12,148,12.33,6.7,0,corps,37.11924916862055,1.3984
3557,8,120,15.00,4.9,0,corps,37.10269368325248,8.9383
3558,4,45,11.25,3.1,0,corps,37.086146473558024,1.9614
3559,5,53,10.60,3.6,0,corps,37.06960753540034,1.7687
3560,3,30,10.00,2.7,0,corps,37.053076864644716,1.1653
3561,12,139,11.58,6.7,0,corps,37.03655445715849,4.8800
3562,14,172,12.29,7.6,0,corps,37.02004030881103,6.9840
3563,15,158,10.53,8.0,0,corps,37.00353441547383,1.7836
3564,18,235,13.06,9.3,0,corps,36.987036773020414,2.0014
3565,7,96,13.71,4.4,0,corps,36.970547377326355,1.5832
3566,7,76,10.86,4.4,0,corps,36.95406622426932,1.5431
3567,23,187,8.13,11.6,0,corps,36.937593309729,3.0627
3568,16,201,12.56,8.4,0,corps,36.92112862958719,1.4388
3569,23,256,11.13,11.6,0,corps,36.9046721797277,2.0688
3570,25,301,12.04,12.4,0,corps,36.888223956036434,1.3265
3571,19,230,12.11,9.8,0,corps,36.871783954401316,1.3122
3572,12,120,10.00,6.7,0,corps,36.85535217071237,1.2682
3573,19,229,12.05,9.8,0,corps,36.838928600861635,1.1967
3574,2,17,8.50,2.2,0,corps,36.82251324074322,2.7037
3575,7,81,11.57,4.4,0,corps,36.80610608625328,1.1109
3576,12,105,8.75,6.7,0,corps,36.789707133290044,1.3268
3577,6,79,13.17,4.0,0,corps,36.77331637775376,11.0872
3578,11,122,11.09,6.2,0,corps,36.75693381554674,2.4714
3579,17,219,12.88,8.9,0,corps,36.740559442573336,1.3123
3580,10,105,10.50,5.8,0,corps,36.72419325473997,1.4580
3581,2,39,19.50,2.2,0,corps,36.707835247955096,0.8666
3582,8,103,12.88,4.9,0,corps,36.6914854181292,10.8473
3583,18,240,13.33,9.3,0,corps,36.675143761174816,2.7342
3584,10,105,10.50,5.8,0,corps,36.65881027300655,6.5485
3585,11,141,12.82,6.2,0,corps,36.64248494954103,2.3399
3586,21,233,11.10,10.7,0,corps,36.62616778669691,1.3774
3587,10,100,10.00,5.8,0,corps,36.6098587803949,1.3558
3588,20,202,10.10,10.2,0,corps,36.59355792655777,1.7233
3589,23,265,11.52,11.6,0,corps,36.57726522111028,1.3060
3590,19,176,9.26,9.8,0,corps,36.56098065997928,1.4168
3591,12,101,8.42,6.7,0,corps,36.5447042390936,2.3292
3592,24,234,9.75,12.0,0,corps,36.52843595438415,1.5673
3593,13,116,8.92,7.1,0,corps,36.51217580178386,2.1760
3594,10,107,10.70,5.8,0,corps,36.495923777227695,1.4201
3595,4,45,11.25,3.1,0,corps,36.47967987665264,1.0241
3596,4,43,10.75,3.1,0,corps,36.46344409599772,0.8636
3597,5,62,12.40,3.6,0,corps,36.447216431204,1.5583
3598,23,258,11.22,11.6,0,corps,36.43099687821455,3.4311
3599,4,38,9.50,3.1,0,corps,36.41478543297449,2.2955
3600,11,88,8.00,6.2,0,corps,36.39858209143096,2.8604
3601,7,98,14.00,4.4,0,corps,36.38238684953312,1.7288
3602,14,127,9.07,7.6,0,corps,36.36619970323217,2.0232
3603,6,78,13.00,4.0,0,corps,36.35002064848129,1.8744
3604,10,84,8.40,5.8,0,corps,36.333849681235755,13.4808
3605,12,138,11.50,6.7,0,corps,36.317686797452815,2.3041
3606,18,211,11.72,9.3,0,corps,36.30153199309174,1.6469
3607,33,413,12.52,16.0,0,corps,36.28538526411382,3.4349
3608,4,38,9.50,3.1,0,corps,36.2692466064824,1.7165
3609,10,90,9.00,5.8,0,corps,36.25311601616279,2.3637
3610,2,37,18.50,2.2,0,corps,36.23699348912236,1.3731
3611,17,262,15.41,8.9,0,corps,36.22087902133046,2.6867
3612,6,57,9.50,4.0,0,corps,36.20477260875849,2.2490
3613,19,223,11.74,9.8,0,corps,36.188674247379836,6.4168
3614,6,79,13.17,4.0,0,corps,36.17258393316992,1.9543
3615,7,92,13.14,4.4,0,corps,36.156501662106145,1.9487
3616,33,372,11.27,16.0,0,corps,36.140427430167954,2.4761
3617,10,104,10.40,5.8,0,corps,36.124361233336785,2.2379
3618,16,187,11.69,8.4,0,corps,36.108303067596104,1.9722
3619,3,21,7.00,2.7,0,corps,36.092252928931345,1.4337
3620,11,136,12.36,6.2,0,corps,36.07621081332999,2.1831
3621,5,45,9.00,3.6,0,corps,36.06017671678151,1.9362
3622,17,191,11.24,8.9,0,corps,36.044150635277376,4.8975
3623,15,156,10.40,8.0,0,corps,36.02813256481105,5.1073
3624,3,34,11.33,2.7,0,corps,36.01212250137805,2.7669
3625,7,69,9.86,4.4,0,corps,35.996120440975844,2.1979
3626,9,108,12.00,5.3,0,corps,35.98012637960391,7.8831
3627,4,52,13.00,3.1,0,corps,35.96414031326374,1.5474
3628,3,22,7.33,2.7,0,corps,35.948162237958805,3.3124
3629,4,52,13.00,3.1,0,corps,35.9321921496946,2.2208
3630,9,112,12.44,5.3,0,corps,35.9162300444786,1.6916
3631,7,114,16.29,4.4,0,corps,35.90027591832028,1.6287
3632,12,155,12.92,6.7,0,corps,35.8843297672311,1.6411
3633,25,330,13.20,12.4,0,corps,35.86839158722454,4.5215
3634,37,453,12.24,17.8,0,corps,35.85246137431603,1.9590
3635,13,138,10.62,7.1,0,corps,35.836539124523036,1.7325
3636,7,96,13.71,4.4,0,corps,35.820624833864976,2.0241
3637,6,74,12.33,4.0,0,corps,35.80471849836331,1.5962
3638,19,191,10.05,9.8,0,corps,35.78882011404143,1.9561
3639,12,112,9.33,6.7,0,corps,35.77292967692474,2.4964
3640,9,98,10.89,5.3,0,corps,35.757047183040626,1.7796
3641,14,197,14.07,7.6,0,corps,35.74117262841848,1.6863
3642,7,74,10.57,4.4,0,corps,35.725306009089664,1.7359
3643,8,84,10.50,4.9,0,corps,35.70944732108751,1.5894
3644,16,159,9.94,8.4,0,corps,35.69359656044735,4.6621
3645,16,236,14.75,8.4,0,corps,35.67775372320649,5.9619
3646,6,104,17.33,4.0,0,corps,35.661918805404234,1.2943
3647,2,31,15.50,2.2,0,corps,35.646091803081845,1.0742
3648,5,48,9.60,3.6,0,corps,35.63027271228256,1.3290
3649,7,74,10.57,4.4,0,corps,35.61446152905163,11.6391
3650,16,204,12.75,8.4,0,corps,35.59865824943624,1.5155
3651,2,23,11.50,2.2,0,corps,35.58286286948559,1.3155
3652,21,181,8.62,10.7,0,corps,35.56707538525081,2.1666
3653,8,110,13.75,4.9,0,corps,35.551295792785034,1.4352
3654,14,174,12.43,7.6,0,corps,35.53552408814338,1.6599
3655,19,203,10.68,9.8,0,corps,35.519760267382914,2.1775
3656,10,145,14.50,5.8,0,corps,35.50400432656267,1.3382
3657,8,114,14.25,4.9,0,corps,35.488256261743686,7.7858
3658,16,218,13.62,8.4,0,corps,35.472516068988924,1.7674
3659,7,57,8.14,4.4,0,corps,35.45678374436335,2.4098
3660,12,133,11.08,6.7,0,corps,35.44105928393385,1.2660
3661,13,150,11.54,7.1,0,corps,35.425342683769365,1.5181
3662,8,91,11.38,4.9,0,corps,35.4096339399407,8.3338
3663,5,49,9.80,3.6,0,corps,35.39393304852069,1.6960
3664,9,88,9.78,5.3,0,corps,35.3782400055841,2.2284
3665,5,31,6.20,3.6,0,corps,35.36255480720767,2.7890
3666,22,268,12.18,11.1,0,corps,35.346877449470114,2.8324
3667,10,120,12.00,5.8,0,corps,35.33120792845209,1.7397
3668,13,161,12.38,7.1,0,corps,35.315546240236195,2.2098
3669,5,39,7.80,3.6,0,corps,35.29989238090703,2.6098
3670,14,128,9.14,7.6,0,corps,35.28424634655113,11.2043
3671,11,147,13.36,6.2,0,corps,35.268608133256976,1.7836
3672,4,92,23.00,3.1,0,corps,35.25297773711501,1.5940
3673,16,174,10.88,8.4,0,corps,35.23735515421765,2.2993
3674,21,292,13.90,10.7,0,corps,35.22174038065924,2.1909
3675,18,183,10.17,9.3,0,corps,35.20613341253609,1.8914
3676,16,157,9.81,8.4,0,corps,35.190534245946445,9.0719
3677,18,279,15.50,9.3,0,corps,35.174942876990535,1.6861
3678,4,42,10.50,3.1,0,corps,35.15935930177051,1.9741
3679,13,169,13.00,7.1,0,corps,35.14378351639046,2.2941
3680,9,109,12.11,5.3,0,corps,35.12821551695645,1.7533
3681,6,56,9.33,4.0,0,corps,35.11265529957649,1.9263
3682,4,51,12.75,3.1,0,corps,35.09710286036052,1.3872
3683,22,227,10.32,11.1,0,corps,35.08155819542042,1.8833
3684,21,222,10.57,10.7,0,corps,35.06602130087003,2.0738
3685,7,86,12.29,4.4,0,corps,35.05049217282513,1.6247
3686,13,137,10.54,7.1,0,corps,35.03497080740344,1.9870
3687,22,242,11.00,11.1,0,corps,35.01945720072461,2.4703
3688,5,60,12.00,3.6,0,corps,35.003951348910235,1.2746
3689,13,129,9.92,7.1,0,corps,34.988453248083864,1.4791
3690,8,88,11.00,4.9,0,corps,34.972962894370966,2.1483
3691,21,176,8.38,10.7,0,corps,34.95748028389896,2.0732
3692,13,134,10.31,7.1,0,corps,34.942005412797165,1.5281
3693,7,73,10.43,4.4,0,corps,34.9265382771969,1.8828
3694,19,173,9.11,9.8,0,corps,34.911078873231375,1.9359
3695,9,109,12.11,5.3,0,corps,34.89562719703571,1.6020
3696,13,130,10.00,7.1,0,corps,34.880183244747016,1.4692
3697,17,226,13.29,8.9,0,corps,34.86474701250429,5.9031
3698,13,152,11.69,7.1,0,corps,34.849318496448475,1.8664
3699,4,66,16.50,3.1,0,corps,34.83389769272245,1.4801
3700,5,91,18.20,3.6,0,corps,34.81848459747101,1.1579
3701,14,182,13.00,7.6,0,corps,34.80307920684088,1.5884
3702,14,153,10.93,7.6,0,corps,34.787681516980705,1.6434
3703,7,81,11.57,4.4,0,corps,34.77229152404108,1.6188
3704,23,267,11.61,11.6,0,corps,34.756909224174485,2.9912
3705,8,91,11.38,4.9,0,corps,34.741534613535364,1.4043
3706,8,87,10.88,4.9,0,corps,34.72616768828006,1.8519
3707,10,101,10.10,5.8,0,corps,34.71080844456683,1.2699
3708,10,125,12.50,5.8,0,corps,34.695456878555866,1.4954
3709,6,70,11.67,4.0,0,corps,34.6801129864093,1.6306
3710,16,122,7.62,8.4,0,corps,34.664776764291126,5.2980
3711,2,24,12.00,2.2,0,corps,34.64944820836731,1.6721
3712,11,93,8.45,6.2,0,corps,34.634127314805696,2.7518
3713,7,76,10.86,4.4,0,corps,34.61881407977607,1.7500
3714,8,77,9.62,4.9,0,corps,34.603508499450136,1.8353
3715,4,48,12.00,3.1,0,corps,34.58821057000148,1.4970
3716,20,185,9.25,10.2,0,corps,34.572920287605626,1.7609
3717,9,81,9.00,5.3,0,corps,34.55763764844001,1.7629
3718,30,305,10.17,14.7,0,corps,34.54236264868395,1.8059
3719,9,87,9.67,5.3,0,corps,34.52709528451872,1.8962
3720,8,70,8.75,4.9,0,corps,34.511835552127465,1.9130
3721,21,213,10.14,10.7,0,corps,34.49658344769526,1.4811
3722,24,218,9.08,12.0,0,corps,34.48133896740909,2.2613
3723,31,288,9.29,15.1,0,corps,34.46610210745781,1.9007
3724,14,148,10.57,7.6,0,corps,34.4508728640322,8.4588
3725,6,75,12.50,4.0,0,corps,34.43565123332498,1.4750
3726,7,78,11.14,4.4,0,corps,34.42043721153073,1.6184
3727,15,139,9.27,8.0,0,corps,34.405230794845934,1.6976
3728,12,148,12.33,6.7,0,corps,34.39003197946899,1.2158
3729,5,51,10.20,3.6,0,corps,34.37484076160021,1.3010
3730,17,205,12.06,8.9,0,corps,34.35965713744178,1.4019
3731,16,192,12.00,8.4,0,corps,34.344481103197786,6.5364
3732,22,220,10.00,11.1,0,corps,34.329312655074226,8.2570
3733,20,224,11.20,10.2,0,corps,34.31415178927899,5.7061
3734,28,326,11.64,13.8,0,corps,34.29899850202186,1.9636
3735,9,79,8.78,5.3,0,corps,34.28385278951451,1.6435
3736,21,214,10.19,10.7,0,corps,34.26871464797052,1.6360
3737,15,128,8.53,8.0,0,corps,34.25358407360534,5.3899
3738,13,190,14.62,7.1,0,corps,34.23846106263635,1.5180
3739,20,191,9.55,10.2,0,corps,34.223345611282774,5.8516
3740,16,155,9.69,8.4,0,corps,34.208237715765755,1.9261
3741,22,200,9.09,11.1,0,corps,34.19313737230832,4.2788
3742,13,106,8.15,7.1,0,corps,34.178044577135395,2.0903
3743,7,61,8.71,4.4,0,corps,34.162959326473775,1.9899
3744,20,195,9.75,10.2,0,corps,34.147881616552134,2.4970
3745,11,111,10.09,6.2,0,corps,34.132811443601064,7.3873
3746,16,199,12.44,8.4,0,corps,34.117748803853004,4.7533
3747,17,176,10.35,8.9,0,corps,34.10269369354231,6.3689
3748,4,48,12.00,3.1,0,corps,34.087646108905176,1.7470
3749,17,264,15.53,8.9,0,corps,34.07260604617974,2.3737
3750,5,70,14.00,3.6,0,corps,34.05757350160597,1.5607
3751,14,173,12.36,7.6,0,corps,34.04254847142575,1.7680
3752,28,226,8.07,13.8,0,corps,34.02753095188278,3.0925
3753,15,214,14.27,8.0,0,corps,34.0125209392227,4.1402
3754,15,153,10.20,8.0,0,corps,33.99751842969304,7.8293
3755,19,206,10.84,9.8,0,corps,33.98252341954313,1.9363
3756,15,202,13.47,8.0,0,corps,33.96753590502422,4.0398
3757,19,208,10.95,9.8,0,corps,33.952555882389454,2.3139
3758,20,283,14.15,10.2,0,corps,33.937583347893806,2.4592
3759,11,147,13.36,6.2,0,corps,33.92261829779416,1.3102
3760,27,301,11.15,13.3,0,corps,33.90766072834924,3.2309
3761,17,236,13.88,8.9,0,corps,33.892710635819654,1.2352
3762,10,124,12.40,5.8,0,corps,33.87776801646788,5.0451
3763,18,286,15.89,9.3,0,corps,33.862832866558286,4.2577
3764,13,197,15.15,7.1,0,corps,33.847905182357046,1.5826
3765,10,106,10.60,5.8,0,corps,33.83298496013226,1.2554
3766,15,217,14.47,8.0,0,corps,33.81807219615387,1.5505
3767,4,48,12.00,3.1,0,corps,33.80316688669369,1.0821
3768,4,65,16.25,3.1,0,corps,33.78826902802538,1.3566
3769,13,189,14.54,7.1,0,corps,33.77337861642447,2.2503
3770,16,173,10.81,8.4,0,corps,33.75849564816839,1.7211
3771,5,61,12.20,3.6,0,corps,33.743620119536374,1.2701
3772,18,227,12.61,9.3,0,corps,33.72875202680955,4.9085
3773,2,54,27.00,2.2,0,corps,33.713891366270865,1.0190
3774,12,144,12.00,6.7,0,corps,33.69903813420519,7.7002
3775,12,144,12.00,6.7,0,corps,33.6841923268992,5.5609
3776,16,205,12.81,8.4,0,corps,33.66935394064146,1.8372
3777,17,152,8.94,8.9,0,corps,33.654522971722336,1.8172
3778,21,215,10.24,10.7,0,corps,33.63969941643412,5.1536
3779,12,157,13.08,6.7,0,corps,33.62488327107092,1.3160
3780,10,107,10.70,5.8,0,corps,33.61007453192869,1.5205
3781,7,59,8.43,4.4,0,corps,33.59527319530524,2.1624
3782,8,103,12.88,4.9,0,corps,33.580479257500244,1.9053
3783,4,56,14.00,3.1,0,corps,33.56569271481521,1.9760
3784,27,275,10.19,13.3,0,corps,33.55091356355352,3.7920
3785,7,90,12.86,4.4,0,corps,33.53614180002037,1.5331
3786,13,114,8.77,7.1,0,corps,33.52137742052283,9.1777
3787,21,207,9.86,10.7,0,corps,33.506620421369796,2.7679
3788,8,85,10.62,4.9,0,corps,33.49187079887202,12.5552
3789,14,146,10.43,7.6,0,corps,33.47712854934209,2.1242
3790,2,32,16.00,2.2,0,corps,33.46239366909446,1.6332
3791,16,187,11.69,8.4,0,corps,33.4476661544454,1.6160
3792,14,169,12.07,7.6,0,corps,33.432946001713034,1.5235
3793,13,115,8.85,7.1,0,corps,33.41823320721731,1.7757
3794,7,89,12.71,4.4,0,corps,33.40352776728005,1.4921
3795,18,201,11.17,9.3,0,corps,33.38882967822489,2.0412
3796,15,141,9.40,8.0,0,corps,33.37413893637729,2.7765
3797,7,58,8.29,4.4,0,corps,33.35945553806458,2.2415
3798,2,29,14.50,2.2,0,corps,33.344779479615916,2.2837
3799,10,95,9.50,5.8,0,corps,33.33011075736227,12.1240
3800,2,18,9.00,2.2,0,corps,33.31544936763647,2.3646
3801,9,95,10.56,5.3,0,corps,33.30079530677315,10.2837
3802,10,94,9.40,5.8,0,corps,33.28614857110883,2.9278
3803,5,54,10.80,3.6,0,corps,33.27150915698179,1.9345
3804,23,251,10.91,11.6,0,corps,33.2568770607322,5.1027
3805,7,68,9.71,4.4,0,corps,33.242252278702026,1.7372
3806,5,65,13.00,3.6,0,corps,33.22763480723507,2.3114
3807,7,76,10.86,4.4,0,corps,33.21302464267697,1.3773
3808,25,344,13.76,12.4,0,corps,33.19842178137519,1.3115
3809,12,150,12.50,6.7,0,corps,33.183826219679,7.5409
3810,13,124,9.54,7.1,0,corps,33.169237953939515,2.3188
3811,16,205,12.81,8.4,0,corps,33.15465698050967,1.9876
3812,11,126,11.45,6.2,0,corps,33.14008329574423,1.9921
3813,4,90,22.50,3.1,0,corps,33.12551689599976,1.1168
3814,17,219,12.88,8.9,0,corps,33.11095777763466,4.3750
3815,4,38,9.50,3.1,0,corps,33.096405937009166,2.2065
3816,4,61,15.25,3.1,0,corps,33.081861370485306,1.2181
3817,10,166,16.60,5.8,0,corps,33.067324074426935,1.4157
3818,11,131,11.91,6.2,0,corps,33.05279404519973,1.3674
3819,24,247,10.29,12.0,0,corps,33.0382712791712,1.5854
3820,6,69,11.50,4.0,0,corps,33.023755772710636,1.5637
3821,11,143,13.00,6.2,0,corps,33.00924752218917,1.2134
3822,11,134,12.18,6.2,0,corps,32.994746523979735,1.4198
3823,24,269,11.21,12.0,0,corps,32.98025277445708,2.6241
3824,9,71,7.89,5.3,0,corps,32.965766269997765,8.8453
3825,2,24,12.00,2.2,0,corps,32.951287006980166,1.7857
3826,3,44,14.67,2.7,0,corps,32.93681498178448,1.4453
3827,13,150,11.54,7.1,0,corps,32.922350190792685,1.4013
3828,11,160,14.55,6.2,0,corps,32.90789263038859,4.8489
3829,8,92,11.50,4.9,0,corps,32.8934422969578,2.0101
3830,6,62,10.33,4.0,0,corps,32.87899918688774,1.4017
3831,19,253,13.32,9.8,0,corps,32.864563296567624,1.3960
3832,17,208,12.24,8.9,0,corps,32.85013462238848,3.5687
3833,16,184,11.50,8.4,0,corps,32.83571316074314,1.6558
3834,13,144,11.08,7.1,0,corps,32.82129890802625,1.4275
3835,8,93,11.62,4.9,0,corps,32.80689186063423,2.2393
3836,13,155,11.92,7.1,0,corps,32.79249201496533,1.0116
3837,15,175,11.67,8.0,0,corps,32.77809936741957,9.0673
3838,6,65,10.83,4.0,0,corps,32.76371391439882,1.6479
3839,11,122,11.09,6.2,0,corps,32.74933565230669,1.9549
3840,20,181,9.05,10.2,0,corps,32.734964577548624,2.5207
3841,10,112,11.20,5.8,0,corps,32.720600686531846,1.9383
3842,22,184,8.36,11.1,0,corps,32.7062439756654,2.5166
3843,9,98,10.89,5.3,0,corps,32.6918944413601,3.2584
3844,24,226,9.42,12.0,0,corps,32.67755208002855,2.3413
3845,11,102,9.27,6.2,0,corps,32.66321688808517,2.9043
3846,8,93,11.62,4.9,0,corps,32.648888861946155,1.6843
3847,14,123,8.79,7.6,0,corps,32.63456799802952,2.1325
3848,8,71,8.88,4.9,0,corps,32.62025429275502,2.0694
3849,17,166,9.76,8.9,0,corps,32.60594774254425,6.4310
3850,17,200,11.76,8.9,0,corps,32.59164834382056,2.7203
3851,33,359,10.88,16.0,0,corps,32.577356093009115,5.9769
3852,25,325,13.00,12.4,0,corps,32.56307098653683,3.0269
3853,35,363,10.37,16.9,0,corps,32.54879302083245,4.0914
3854,10,83,8.30,5.8,0,corps,32.53452219232646,6.5614
3855,34,371,10.91,16.4,0,corps,32.52025849745119,3.5207
3856,25,275,11.00,12.4,0,corps,32.50600193264067,4.5037
3857,12,108,9.00,6.7,0,corps,32.49175249433079,2.9295
3858,20,208,10.40,10.2,0,corps,32.477510178959186,2.5203
3859,11,114,10.36,6.2,0,corps,32.46327498296527,2.0468
3860,2,16,8.00,2.2,0,corps,32.44904690279024,3.1616
3861,11,78,7.09,6.2,0,corps,32.4348259348771,3.2389
3862,11,120,10.91,6.2,0,corps,32.42061207567058,1.4646
3863,10,111,11.10,5.8,0,corps,32.406405321617235,1.5029
3864,14,146,10.43,7.6,0,corps,32.39220566916538,4.1212
3865,18,179,9.94,9.3,0,corps,32.37801311476506,1.9864
3866,19,175,9.21,9.8,0,corps,32.36382765486819,1.7700
3867,3,28,9.33,2.7,0,corps,32.34964928592837,1.3681
3868,7,75,10.71,4.4,0,corps,32.335478004401025,1.3126
3869,11,91,8.27,6.2,0,corps,32.321313806743326,1.9898
3870,17,154,9.06,8.9,0,corps,32.30715668941422,7.7899
3871,21,218,10.38,10.7,0,corps,32.293006648874446,5.5369
3872,9,100,11.11,5.3,0,corps,32.27886368158648,8.3197
3873,13,147,11.31,7.1,0,corps,32.264727784014575,4.3687
3874,14,167,11.93,7.6,0,corps,32.25059895262476,6.7557
3875,10,118,11.80,5.8,0,corps,32.23647718388484,2.2296
3876,8,88,11.00,4.9,0,corps,32.222362474264365,1.6146
3877,9,83,9.22,5.3,0,corps,32.20825482023465,1.4700
3878,20,172,8.60,10.2,0,corps,32.194154218268785,5.9251
3879,3,68,22.67,2.7,0,corps,32.18006066484162,1.0417
3880,19,246,12.95,9.8,0,corps,32.16597415642977,4.8454
3881,17,190,11.18,8.9,0,corps,32.15189468951161,2.2040
3882,12,135,11.25,6.7,0,corps,32.13782226056726,4.5899
3883,18,171,9.50,9.3,0,corps,32.12375686607863,2.0884
3884,5,51,10.20,3.6,0,corps,32.10969850252936,2.1955
3885,27,312,11.56,13.3,0,corps,32.095647166404866,2.2425
3886,8,90,11.25,4.9,0,corps,32.0816028541923,2.1316
3887,14,150,10.71,7.6,0,corps,32.0675655623806,2.6033
3888,10,132,13.20,5.8,0,corps,32.05353528746044,1.8571
3889,9,97,10.78,5.3,0,corps,32.039512025924246,1.6029
3890,11,133,12.09,6.2,0,corps,32.025495774266204,1.7851
3891,20,184,9.20,10.2,0,corps,32.011486528982246,4.6186
3892,18,187,10.39,9.3,0,corps,31.997484286570078,5.1916
3893,18,152,8.44,9.3,0,corps,31.983489043529122,3.7991
3894,2,49,24.50,2.2,0,corps,31.969500796360567,1.5775
3895,18,177,9.83,9.3,0,corps,31.955519541567362,6.9135
3896,6,47,7.83,4.0,0,corps,31.94154527565419,3.1577
3897,26,266,10.23,12.9,0,corps,31.927577995127482,3.8371
3898,36,415,11.53,17.3,0,corps,31.91361769649541,3.2430
3899,24,228,9.50,12.0,0,corps,31.89966437626791,2.0332
3900,17,190,11.18,8.9,0,corps,31.88571803095666,1.7366
3901,14,117,8.36,7.6,0,corps,31.871778657075055,1.6645
3902,17,181,10.65,8.9,0,corps,31.857846251138255,1.7846
3903,12,131,10.92,6.7,0,corps,31.843920809663175,1.7074
3904,15,152,10.13,8.0,0,corps,31.830002329168433,2.0198
3905,6,59,9.83,4.0,0,corps,31.81609080617442,1.6535
3906,13,138,10.62,7.1,0,corps,31.80218623720325,1.5584
3907,4,43,10.75,3.1,0,corps,31.788288618778793,1.3758
3908,5,69,13.80,3.6,0,corps,31.774397947426632,1.3417
3909,4,51,12.75,3.1,0,corps,31.760514219674103,2.0147
3910,7,65,9.29,4.4,0,corps,31.746637432050267,1.7722
3911,19,191,10.05,9.8,0,corps,31.732767581085934,5.6380
3912,2,19,9.50,2.2,0,corps,31.71890466331365,1.5408
3913,10,126,12.60,5.8,0,corps,31.705048675267676,6.9807
3914,11,103,9.36,6.2,0,corps,31.691199613484006,2.2856
3915,2,27,13.50,2.2,0,corps,31.67735747450039,1.5619
3916,7,54,7.71,4.4,0,corps,31.66352225485628,2.9568
3917,17,162,9.53,8.9,0,corps,31.64969395109289,2.1451
3918,13,148,11.38,7.1,0,corps,31.635872559753114,2.0229
3919,14,124,8.86,7.6,0,corps,31.62205807738163,1.8064
3920,12,157,13.08,6.7,0,corps,31.60825050052482,1.6526
3921,17,185,10.88,8.9,0,corps,31.59444982573077,5.0583
3922,18,187,10.39,9.3,0,corps,31.580656049549315,6.6116
3923,11,157,14.27,6.2,0,corps,31.566869168532026,1.5689
3924,15,179,11.93,8.0,0,corps,31.55308917923217,1.9309
3925,17,191,11.24,8.9,0,corps,31.53931607820475,1.5656
3926,18,195,10.83,9.3,0,corps,31.525549862006486,2.1740
3927,8,83,10.38,4.9,0,corps,31.511790527195842,1.5515
3928,25,285,11.40,12.4,0,corps,31.498038070332967,4.2620
3929,23,257,11.17,11.6,0,corps,31.484292487979758,1.8522
3930,5,46,9.20,3.6,0,corps,31.470553776699806,1.8667
3931,14,128,9.14,7.6,0,corps,31.45682193305845,7.0160
3932,21,231,11.00,10.7,0,corps,31.443096953622717,2.2479
3933,5,54,10.80,3.6,0,corps,31.429378834961362,1.4153
3934,3,37,12.33,2.7,0,corps,31.41566757364486,1.5384
3935,10,111,11.10,5.8,0,corps,31.4019631662454,1.5750
3936,23,245,10.65,11.6,0,corps,31.38826560933687,2.4415
3937,14,158,11.29,7.6,0,corps,31.37457489949489,1.7045
3938,11,98,8.91,6.2,0,corps,31.360891033296767,1.9362
3939,8,106,13.25,4.9,0,corps,31.34721400732155,2.1498
3940,3,38,12.67,2.7,0,corps,31.333543818149984,1.5534
3941,3,32,10.67,2.7,0,corps,31.31988046236451,1.3838
3942,22,214,9.73,11.1,0,corps,31.306223936549287,1.9662
3943,10,102,10.20,5.8,0,corps,31.2925742372902,1.4522
3944,6,55,9.17,4.0,0,corps,31.278931361174813,2.1590
3945,6,70,11.67,4.0,0,corps,31.2652953047924,1.6901
3946,18,204,11.33,9.3,0,corps,31.251666064733957,2.6200
3947,2,13,6.50,2.2,0,corps,31.238043637592178,2.5136
3948,20,183,9.15,10.2,0,corps,31.224428019961454,6.0070
3949,4,46,11.50,3.1,0,corps,31.210819208437872,1.8208
3950,19,206,10.84,9.8,0,corps,31.197217199619224,5.5472
3951,9,114,12.67,5.3,0,corps,31.183621990105024,1.6314
3952,22,257,11.68,11.1,0,corps,31.17003357649647,3.2005
3953,14,138,9.86,7.6,0,corps,31.15645195539645,5.0891
3954,3,25,8.33,2.7,0,corps,31.14287712340956,3.4950
3955,6,54,9.00,4.0,0,corps,31.129309077142086,2.1300
3956,19,167,8.79,9.8,0,corps,31.115747813202027,2.3401
3957,14,145,10.36,7.6,0,corps,31.102193328199064,1.9238
3958,24,245,10.21,12.0,0,corps,31.08864561874457,2.0725
3959,20,237,11.85,10.2,0,corps,31.07510468145162,1.6813
3960,2,29,14.50,2.2,0,corps,31.06157051293499,1.5152
3961,12,137,11.42,6.7,0,corps,31.048043109811125,2.0262
3962,28,336,12.00,13.8,0,corps,31.03452246869817,4.8646
3963,17,181,10.65,8.9,0,corps,31.021008586215988,1.9842
3964,9,98,10.89,5.3,0,corps,31.007501458986088,1.5715
3965,18,188,10.44,9.3,0,corps,30.99400108363169,9.7508
3966,7,125,17.86,4.4,0,corps,30.9805074567777,1.3072
3967,8,95,11.88,4.9,0,corps,30.967020575050718,6.0603
3968,4,34,8.50,3.1,0,corps,30.953540435079024,2.7353
3969,25,233,9.32,12.4,0,corps,30.94006703349258,2.3715
3970,4,55,13.75,3.1,0,corps,30.92660036692303,2.0407
3971,26,255,9.81,12.9,0,corps,30.913140432003715,6.2344
3972,13,120,9.23,7.1,0,corps,30.89968722536965,5.5366
3973,4,52,13.00,3.1,0,corps,30.886240743657524,2.1092
3974,23,230,10.00,11.6,0,corps,30.872800983505726,2.5546
3975,4,51,12.75,3.1,0,corps,30.859367941554318,1.5672
3976,22,146,6.64,11.1,0,corps,30.84594161444503,2.9063
3977,22,186,8.45,11.1,0,corps,30.832521998821292,6.6330
3978,12,84,7.00,6.7,0,corps,30.81910909132819,2.4422
3979,18,267,14.83,9.3,0,corps,30.805702888612498,2.8950
3980,2,19,9.50,2.2,0,corps,30.792303387322672,1.4807
3981,16,205,12.81,8.4,0,corps,30.778910584108832,4.2548
3982,24,253,10.54,12.0,0,corps,30.765524475622776,1.8517
3983,2,14,7.00,2.2,0,corps,30.752145058517975,1.2186
3984,7,89,12.71,4.4,0,corps,30.73877232944959,1.1002
3985,16,178,11.12,8.4,0,corps,30.72540628507442,5.8501
3986,3,55,18.33,2.7,0,corps,30.712046922050952,1.3358
3987,10,101,10.10,5.8,0,corps,30.69869423703936,1.4449
3988,8,66,8.25,4.9,0,corps,30.68534822670147,1.8140
3989,6,65,10.83,4.0,0,corps,30.672008887700773,1.1569
3990,11,119,10.82,6.2,0,corps,30.65867621670243,4.8372
3991,9,95,10.56,5.3,0,corps,30.64535021037329,1.7636
3992,9,105,11.67,5.3,0,corps,30.632030865381836,1.4779
3993,7,63,9.00,4.4,0,corps,30.61871817839824,12.4681
3994,8,100,12.50,4.9,0,corps,30.605412146094324,2.0339
3995,6,95,15.83,4.0,0,corps,30.592112765143586,1.9534
3996,13,155,11.92,7.1,0,corps,30.578820032221177,3.7326
3997,4,44,11.00,3.1,0,corps,30.56553394400392,2.7869
3998,5,48,9.60,3.6,0,corps,30.552254497170274,1.5076
3999,16,158,9.88,8.4,0,corps,30.5389816884004,2.3833
4000,7,70,10.00,4.4,0,corps,30.52571551437609,1.8457
4001,24,229,9.54,12.0,0,corps,30.51245597178078,2.0523
4002,8,89,11.12,4.9,0,corps,30.499203057299624,1.9521
4003,10,113,11.30,5.8,0,corps,30.48595676761935,1.8808
4004,9,78,8.67,5.3,0,corps,30.472717099428426,1.9484
4005,16,194,12.12,8.4,0,corps,30.459484049416897,5.7372
4006,18,198,11.00,9.3,0,corps,30.44625761427652,2.5784
4007,23,197,8.57,11.6,0,corps,30.433037790700695,4.2577
4008,3,73,24.33,2.7,0,corps,30.419824575384446,1.1980
4009,19,265,13.95,9.8,0,corps,30.40661796502448,4.5740
4010,12,156,13.00,6.7,0,corps,30.393417956319148,2.0547
4011,21,229,10.90,10.7,0,corps,30.38022454596843,1.8862
4012,16,145,9.06,8.4,0,corps,30.367037730674006,5.7083
4013,6,63,10.50,4.0,0,corps,30.353857507139136,2.2927
4014,22,228,10.36,11.1,0,corps,30.34068387206878,3.3553
4015,11,82,7.45,6.2,0,corps,30.327516822169542,3.0014
4016,14,152,10.86,7.6,0,corps,30.314356354149634,2.4063
4017,30,317,10.57,14.7,0,corps,30.30120246471895,4.8656
4018,8,81,10.12,4.9,0,corps,30.288055150589038,2.1783
4019,15,168,11.20,8.0,0,corps,30.27491440847303,1.9421
4020,23,277,12.04,11.6,0,corps,30.261780235085773,6.4665
4021,11,181,16.45,6.2,0,corps,30.248652627143706,1.4179
4022,10,97,9.70,5.8,0,corps,30.23553158136493,1.2766
4023,19,159,8.37,9.8,0,corps,30.222417094469193,1.6360
4024,12,117,9.75,6.7,0,corps,30.20930916317786,0.8921
4025,5,62,12.40,3.6,0,corps,30.196207784213957,0.8728
4026,19,188,9.89,9.8,0,corps,30.183112954302143,1.4710
4027,5,44,8.80,3.6,0,corps,30.170024670168694,1.2439
4028,15,152,10.13,8.0,0,corps,30.156942928541557,1.5024
4029,17,173,10.18,8.9,0,corps,30.14386772615028,5.3790
4030,27,259,9.59,13.3,0,corps,30.130799059726073,3.1996
4031,17,200,11.76,8.9,0,corps,30.117736926001776,7.1032
4032,20,219,10.95,10.2,0,corps,30.104681321711833,1.7047
4033,2,17,8.50,2.2,0,corps,30.091632243592358,1.6649
4034,10,120,12.00,5.8,0,corps,30.07858968838109,1.6158
4035,8,70,8.75,4.9,0,corps,30.06555365281737,1.5839
4036,9,82,9.11,5.3,0,corps,30.052524133642216,1.3887
4037,15,163,10.87,8.0,0,corps,30.039501127598218,6.5838
4038,3,49,16.33,2.7,0,corps,30.02648463142963,1.6150
4039,10,85,8.50,5.8,0,corps,30.013474641882354,1.0650
4040,22,235,10.68,11.1,0,corps,30.000471155703856,3.0888
4041,8,96,12.00,4.9,0,corps,29.987474169643285,9.1174
4042,7,84,12.00,4.4,0,corps,29.974483680451403,1.9674
4043,3,56,18.67,2.7,0,corps,29.961499684880565,1.2921
4044,16,151,9.44,8.4,0,corps,29.948522179684794,3.7306
4045,19,225,11.84,9.8,0,corps,29.935551161619696,3.3115
4046,4,48,12.00,3.1,0,corps,29.92258662744252,1.7820
4047,5,50,10.00,3.6,0,corps,29.90962857391215,2.0956
4048,18,190,10.56,9.3,0,corps,29.89667699778904,2.2933
4049,18,179,9.94,9.3,0,corps,29.883731895835318,2.9076
4050,29,302,10.41,14.2,0,corps,29.870793264814722,2.6281
4051,19,254,13.37,9.8,0,corps,29.857861101492556,3.1397
4052,2,59,29.50,2.2,0,corps,29.84493540263582,1.1785
4053,15,177,11.80,8.0,0,corps,29.83201616501305,6.9335
4054,10,173,17.30,5.8,0,corps,29.819103385394463,1.7984
4055,10,139,13.90,5.8,0,corps,29.80619706055187,1.5105
4056,14,142,10.14,7.6,0,corps,29.79329718725866,2.1311
4057,6,81,13.50,4.0,0,corps,29.780403762289875,1.8571
4058,21,264,12.57,10.7,0,corps,29.767516782422188,4.6314
4059,6,54,9.00,4.0,0,corps,29.75463624443381,3.0877
4060,10,119,11.90,5.8,0,corps,29.74176214510465,1.4070
4061,24,253,10.54,12.0,0,corps,29.728894481216134,3.3413
4062,14,148,10.57,7.6,0,corps,29.716033249551383,1.7190
4063,23,264,11.48,11.6,0,corps,29.70317844689509,6.9883
4064,13,210,16.15,7.1,0,corps,29.69033007003353,1.7396
4065,13,147,11.31,7.1,0,corps,29.67748811575462,2.8529
4066,19,255,13.42,9.8,0,corps,29.66465258084788,3.5704
4067,21,218,10.38,10.7,0,corps,29.65182346210441,4.0148
4068,11,113,10.27,6.2,0,corps,29.639000756316953,2.4116
4069,5,46,9.20,3.6,0,corps,29.626184460279802,2.5468
4070,4,29,7.25,3.1,0,corps,29.613374570788903,2.4132
4071,14,147,10.50,7.6,0,corps,29.600571084641793,6.7333
4072,11,82,7.45,6.2,0,corps,29.587773998637573,3.8168
4073,20,189,9.45,10.2,0,corps,29.57498330957699,2.8011
4074,26,248,9.54,12.9,0,corps,29.56219901426238,4.4838
4075,35,351,10.03,16.9,0,corps,29.549421109497644,6.0164
4076,15,151,10.07,8.0,0,corps,29.536649592088327,3.2697
4077,23,226,9.83,11.6,0,corps,29.523884458841525,2.4898
4078,13,134,10.31,7.1,0,corps,29.511125706565977,6.3116
4079,17,221,13.00,8.9,0,corps,29.498373332072003,2.0802
4080,7,60,8.57,4.4,0,corps,29.485627332171475,2.0125
4081,17,205,12.06,8.9,0,corps,29.47288770367792,2.8647
4082,7,91,13.00,4.4,0,corps,29.460154443406434,1.6680
4083,17,135,7.94,8.9,0,corps,29.44742754817367,2.4929
4084,4,47,11.75,3.1,0,corps,29.43470701479795,3.8146
4085,24,248,10.33,12.0,0,corps,29.421992840099097,2.4279
4086,18,181,10.06,9.3,0,corps,29.409285020898597,5.5560
4087,20,235,11.75,10.2,0,corps,29.396583554019486,5.4753
4088,17,148,8.71,8.9,0,corps,29.383888436286387,2.4534
4089,12,114,9.50,6.7,0,corps,29.371199664525527,2.3123
4090,17,166,9.76,8.9,0,corps,29.35851723556473,1.6167
4091,14,148,10.57,7.6,0,corps,29.345841146233358,5.2625
4092,18,209,11.61,9.3,0,corps,29.333171393362417,1.9357
4093,5,67,13.40,3.6,0,corps,29.320507973784455,2.0722
4094,28,233,8.32,13.8,0,corps,29.307850884333607,1.8167
4095,5,39,7.80,3.6,0,corps,29.295200121845628,1.3278
4096,13,123,9.46,7.1,0,corps,29.282555683157803,2.0554
4097,10,104,10.40,5.8,0,corps,29.269917565109022,8.6708
4098,15,149,9.93,8.0,0,corps,29.25728576453978,2.0443
4099,8,70,8.75,4.9,0,corps,29.244660278292102,2.6860
4100,31,306,9.87,15.1,0,corps,29.232041103209628,2.4394
4101,5,50,10.00,3.6,0,corps,29.219428236137556,1.0847
4102,6,70,11.67,4.0,0,corps,29.206821673922672,1.5702
4103,30,343,11.43,14.7,0,corps,29.194221413413352,3.1347
4104,11,108,9.82,6.2,0,corps,29.1816274514595,1.5392
4105,4,43,10.75,3.1,0,corps,29.16903978491265,1.4278
4106,16,163,10.19,8.4,0,corps,29.156458410625884,10.7838
4107,17,221,13.00,8.9,0,corps,29.14388332545384,4.7327
4108,22,255,11.59,11.1,0,corps,29.131314526252773,2.8367
4109,12,119,9.92,6.7,0,corps,29.11875200988045,2.1572
4110,28,275,9.82,13.8,0,corps,29.106195773196262,2.9237
4111,17,180,10.59,8.9,0,corps,29.093645813061165,2.2280
4112,8,79,9.88,4.9,0,corps,29.081102126337637,1.5007
4113,20,180,9.00,10.2,0,corps,29.068564709889777,7.0962
4114,11,103,9.36,6.2,0,corps,29.056033560583234,11.6013
4115,27,316,11.70,13.3,0,corps,29.04350867528519,2.6582
4116,9,119,13.22,5.3,0,corps,29.030990050864467,1.5138
4117,13,137,10.54,7.1,0,corps,29.018477684191375,1.5137
4118,15,151,10.07,8.0,0,corps,29.005971572137828,1.7540
4119,6,73,12.17,4.0,0,corps,28.993471711577328,1.4897
4120,10,102,10.20,5.8,0,corps,28.980978099384863,1.5063
4121,12,103,8.58,6.7,0,corps,28.96849073243705,2.2757
4122,26,239,9.19,12.9,0,corps,28.956009607612078,2.1007
4123,4,47,11.75,3.1,0,corps,28.943534721789614,1.7131
4124,18,169,9.39,9.3,0,corps,28.93106607185097,4.7537
4125,6,59,9.83,4.0,0,corps,28.918603654678975,1.7722
4126,28,277,9.89,13.8,0,corps,28.90614746715801,1.8258
4127,16,143,8.94,8.4,0,corps,28.893697506174064,1.9831
4128,15,152,10.13,8.0,0,corps,28.881253768614602,1.7401
4129,3,37,12.33,2.7,0,corps,28.868816251368735,1.7204
4130,11,101,9.18,6.2,0,corps,28.856384951327037,1.8885
4131,19,190,10.00,9.8,0,corps,28.843959865381713,6.3106
4132,21,190,9.05,10.7,0,corps,28.831540990426497,4.5588
4133,8,79,9.88,4.9,0,corps,28.81912832335664,1.7942
4134,12,128,10.67,6.7,0,corps,28.806721861068997,8.0076
4135,32,293,9.16,15.6,0,corps,28.79432160046196,3.0969
4136,17,187,11.00,8.9,0,corps,28.781927538435443,2.5584
4137,29,279,9.62,14.2,0,corps,28.769539671890946,2.2851
4138,22,218,9.91,11.1,0,corps,28.757157997731486,4.9363
4139,14,102,7.29,7.6,0,corps,28.74478251286166,2.4101
4140,7,85,12.14,4.4,0,corps,28.732413214187595,1.5919
4141,25,213,8.52,12.4,0,corps,28.720050098616955,4.3622
4142,17,166,9.76,8.9,0,corps,28.707693163058966,2.8977
4143,9,101,11.22,5.3,0,corps,28.695342404424412,1.7589
4144,14,144,10.29,7.6,0,corps,28.682997819625577,1.9017
4145,15,141,9.40,8.0,0,corps,28.67065940557633,1.6050
4146,8,69,8.62,4.9,0,corps,28.65832715919206,2.2037
4147,24,286,11.92,12.0,0,corps,28.646001077389705,4.5941
4148,5,35,7.00,3.6,0,corps,28.633681157087754,2.8820
4149,14,149,10.64,7.6,0,corps,28.62136739520621,1.6358
4150,21,188,8.95,10.7,0,corps,28.609059788666652,2.0361
4151,25,233,9.32,12.4,0,corps,28.596758334392174,2.0738
4152,18,247,13.72,9.3,0,corps,28.584463029307393,4.7845
4153,11,116,10.55,6.2,0,corps,28.572173870338517,8.8001
4154,2,51,25.50,2.2,0,corps,28.559890854413222,0.6983
4155,10,117,11.70,5.8,0,corps,28.547613978460763,1.8546
4156,13,148,11.38,7.1,0,corps,28.535343239411944,6.0155
4157,16,182,11.38,8.4,0,corps,28.523078634199052,2.1542
4158,20,196,9.80,10.2,0,corps,28.51082015975594,2.3673
4159,6,69,11.50,4.0,0,corps,28.49856781301801,1.4399
4160,4,38,9.50,3.1,0,corps,28.486321590922152,1.8224
4161,12,151,12.58,6.7,0,corps,28.474081490406828,1.4111
4162,8,87,10.88,4.9,0,corps,28.461847508411996,1.6256
4163,8,75,9.38,4.9,0,corps,28.449619641879163,1.6580
4164,4,32,8.00,3.1,0,corps,28.43739788775138,1.2506
4165,14,139,9.93,7.6,0,corps,28.42518224297319,4.0467
4166,8,78,9.75,4.9,0,corps,28.412972704490684,2.7507
4167,5,63,12.60,3.6,0,corps,28.400769269251498,1.2088
4168,4,35,8.75,3.1,0,corps,28.388571934204737,1.4005
4169,26,273,10.50,12.9,0,corps,28.376380696301105,4.3191
4170,21,218,10.38,10.7,0,corps,28.36419555249276,5.5566
4171,14,127,9.07,7.6,0,corps,28.35201649973343,2.6194
4172,19,247,13.00,9.8,0,corps,28.33984353497836,1.5983
4173,19,191,10.05,9.8,0,corps,28.32767665518429,2.3238
4174,8,77,9.62,4.9,0,corps,28.315515857309514,8.2767
4175,37,407,11.00,17.8,0,corps,28.303361138313836,2.7737
4176,26,282,10.85,12.9,0,corps,28.291212495158565,1.9010
4177,24,320,13.33,12.0,0,corps,28.27906992480655,4.2690
4178,14,129,9.21,7.6,0,corps,28.26693342422213,8.4524
4179,13,134,10.31,7.1,0,corps,28.254802990371196,2.1682
4180,16,152,9.50,8.4,0,corps,28.242678620221145,2.4151
4181,11,114,10.36,6.2,0,corps,28.230560310740866,2.5162
4182,16,154,9.62,8.4,0,corps,28.21844805890079,1.8381
4183,23,214,9.30,11.6,0,corps,28.20634186167287,4.6678
4184,21,253,12.05,10.7,0,corps,28.194241716030522,2.0984
4185,12,137,11.42,6.7,0,corps,28.182147618948743,1.6609
4186,6,61,10.17,4.0,0,corps,28.17005956740399,1.4955
4187,11,111,10.09,6.2,0,corps,28.15797755837425,1.9863
4188,12,141,11.75,6.7,0,corps,28.145901588839035,1.9154
4189,23,195,8.48,11.6,0,corps,28.133831655779336,1.8921
4190,10,89,8.90,5.8,0,corps,28.121767756177668,2.6030
4191,10,117,11.70,5.8,0,corps,28.10970988701808,1.6238
4192,11,140,12.73,6.2,0,corps,28.097658045286085,1.9091
4193,16,198,12.38,8.4,0,corps,28.08561222796873,5.9350
4194,23,244,10.61,11.6,0,corps,28.07357243205455,3.9355
4195,14,158,11.29,7.6,0,corps,28.061538654533603,1.7960
4196,10,98,9.80,5.8,0,corps,28.049510892397457,2.0202
4197,10,116,11.60,5.8,0,corps,28.037489142639142,1.6477
4198,7,98,14.00,4.4,0,corps,28.025473402253244,1.4023
4199,2,28,14.00,2.2,0,corps,28.013463668235833,1.4488
4200,34,337,9.91,16.4,0,corps,28.00145993758445,4.0545
4201,12,117,9.75,6.7,0,corps,27.98946220729819,2.1821
4202,23,240,10.43,11.6,0,corps,27.977470474377597,1.9433
4203,14,132,9.43,7.6,0,corps,27.96548473582474,1.8878
4204,12,119,9.92,6.7,0,corps,27.953504988643214,1.9439
4205,19,176,9.26,9.8,0,corps,27.94153122983804,1.7826
4206,18,129,7.17,9.3,0,corps,27.929563456415803,1.8457
4207,17,146,8.59,8.9,0,corps,27.917601665384563,10.5095
4208,11,108,9.82,6.2,0,corps,27.905645853753853,2.1812
4209,4,54,13.50,3.1,0,corps,27.89369601853474,1.5438
4210,13,129,9.92,7.1,0,corps,27.881752156739747,9.9729
4211,8,64,8.00,4.9,0,corps,27.86981426538292,14.5896
4212,27,369,13.67,13.3,0,corps,27.857882341479794,4.1591
4213,17,170,10.00,8.9,0,corps,27.845956382047365,2.2162
4214,3,43,14.33,2.7,0,corps,27.834036384104156,1.4315
4215,18,212,11.78,9.3,0,corps,27.82212234467018,1.3863
4216,23,224,9.74,11.6,0,corps,27.8102142607669,1.7497
4217,15,143,9.53,8.0,0,corps,27.798312129417326,6.6737
4218,8,106,13.25,4.9,0,corps,27.786415947645892,1.6043
4219,3,20,6.67,2.7,0,corps,27.77452571247857,3.0818
4220,23,246,10.70,11.6,0,corps,27.762641420942806,2.3716
4221,12,127,10.58,6.7,0,corps,27.75076307006752,1.9847
4222,17,205,12.06,8.9,0,corps,27.738890656883118,1.3360
4223,12,146,12.17,6.7,0,corps,27.727024178421516,1.4318
4224,22,281,12.77,11.1,0,corps,27.715163631716074,3.9753
4225,22,227,10.32,11.1,0,corps,27.703309013801668,2.0054
4226,7,147,21.00,4.4,0,corps,27.691460321714633,0.8617
4227,27,347,12.85,13.3,0,corps,27.679617552492804,3.0503
4228,18,179,9.94,9.3,0,corps,27.66778070317549,3.9031
4229,14,180,12.86,7.6,0,corps,27.655949770803474,6.1780
4230,21,245,11.67,10.7,0,corps,27.644124752419017,2.0464
4231,10,111,11.10,5.8,0,corps,27.632305645065884,9.7602
4232,15,232,15.47,8.0,0,corps,27.620492445789274,1.9302
4233,5,65,13.00,3.6,0,corps,27.60868515163591,1.0867
4234,22,237,10.77,11.1,0,corps,27.596883759653945,2.0002
4235,17,177,10.41,8.9,0,corps,27.58508826689305,1.4673
4236,9,106,11.78,5.3,0,corps,27.573298670404345,1.7850
4237,6,58,9.67,4.0,0,corps,27.561514967240424,1.4577
4238,12,109,9.08,6.7,0,corps,27.549737154455368,1.7467
4239,4,47,11.75,3.1,0,corps,27.53796522910473,1.7729
4240,7,68,9.71,4.4,0,corps,27.526199188245513,1.4397
4241,18,176,9.78,9.3,0,corps,27.514439028936234,2.7701
4242,6,58,9.67,4.0,0,corps,27.502684748236817,1.2508
4243,25,287,11.48,12.4,0,corps,27.49093634320871,2.7247
4244,10,101,10.10,5.8,0,corps,27.479193810914822,1.6543
4245,23,225,9.78,11.6,0,corps,27.467457148419495,1.8963
4246,18,159,8.83,9.3,0,corps,27.455726352788577,3.2754
4247,12,134,11.17,6.7,0,corps,27.444001421089386,8.3235
4248,7,107,15.29,4.4,0,corps,27.432282350390665,1.6295
4249,7,95,13.57,4.4,0,corps,27.42056913776265,1.9040
4250,10,93,9.30,5.8,0,corps,27.408861780277043,1.5157
4251,9,81,9.00,5.3,0,corps,27.397160275007,1.8266
4252,8,61,7.62,4.9,0,corps,27.385464619027154,1.8175
4253,14,125,8.93,7.6,0,corps,27.373774809413582,1.9542
4254,7,81,11.57,4.4,0,corps,27.36209084324384,1.2250
4255,12,110,9.17,6.7,0,corps,27.35041271759692,1.8016
4256,14,142,10.14,7.6,0,corps,27.338740429553297,2.0052
4257,26,329,12.65,12.9,0,corps,27.32707397619492,1.8578
4258,13,114,8.77,7.1,0,corps,27.315413354605152,6.0172
4259,10,87,8.70,5.8,0,corps,27.303758561868836,11.0426
4260,25,221,8.84,12.4,0,corps,27.29210959507229,4.5382
4261,6,59,9.83,4.0,0,corps,27.28046645130326,1.6743
4262,11,123,11.18,6.2,0,corps,27.268829127650974,2.0257
4263,10,111,11.10,5.8,0,corps,27.257197621206075,1.2691
4264,27,263,9.74,13.3,0,corps,27.24557192906071,3.9313
4265,18,154,8.56,9.3,0,corps,27.233952048308453,1.6466
4266,11,121,11.00,6.2,0,corps,27.22233797604432,2.0749
4267,18,208,11.56,9.3,0,corps,27.2107297093648,6.3363
4268,31,308,9.94,15.1,0,corps,27.199127245367844,3.7052
4269,27,279,10.33,13.3,0,corps,27.187530581152807,3.5661
4270,2,33,16.50,2.2,0,corps,27.175939713820547,1.7664
4271,8,81,10.12,4.9,0,corps,27.164354640473327,1.5470
4272,5,63,12.60,3.6,0,corps,27.152775358214885,1.1691
4273,21,232,11.05,10.7,0,corps,27.141201864150418,3.4284
4274,21,206,9.81,10.7,0,corps,27.12963415538652,1.7898
4275,17,135,7.94,8.9,0,corps,27.118072229031288,2.0557
4276,14,143,10.21,7.6,0,corps,27.106516082194236,1.5026
4277,18,183,10.17,9.3,0,corps,27.094965711986323,2.0744
4278,5,61,12.20,3.6,0,corps,27.08342111551996,1.3563
4279,10,75,7.50,5.8,0,corps,27.071882289908995,1.5901
4280,5,43,8.60,3.6,0,corps,27.06034923226872,1.8538
4281,23,226,9.83,11.6,0,corps,27.04882193971588,2.2651
4282,14,124,8.86,7.6,0,corps,27.037300409368637,4.7362
4283,3,58,19.33,2.7,0,corps,27.025784638346618,1.8066
4284,22,207,9.41,11.1,0,corps,27.01427462377089,1.8981
4285,13,136,10.46,7.1,0,corps,27.00277036276392,1.6745
4286,13,142,10.92,7.1,0,corps,26.991271852449678,5.2248
4287,15,174,11.60,8.0,0,corps,26.979779089953503,1.5195
4288,22,210,9.55,11.1,0,corps,26.96829207240222,1.6620
4289,24,245,10.21,12.0,0,corps,26.956810796924092,4.8579
4290,13,112,8.62,7.1,0,corps,26.94533526064877,1.8858
4291,14,130,9.29,7.6,0,corps,26.93386546070738,6.5045
4292,22,212,9.64,11.1,0,corps,26.922401394232487,2.5642
4293,7,67,9.57,4.4,0,corps,26.91094305835805,1.5042
4294,25,231,9.24,12.4,0,corps,26.89949045021951,1.7749
4295,8,95,11.88,4.9,0,corps,26.888043566953684,2.0760
4296,22,183,8.32,11.1,0,corps,26.87660240569888,7.8335
4297,27,310,11.48,13.3,0,corps,26.8651669635948,1.7356
4298,16,179,11.19,8.4,0,corps,26.85373723778257,3.5752
4299,12,125,10.42,6.7,0,corps,26.84231322540477,1.4255
4300,8,72,9.00,4.9,0,corps,26.830894923605403,1.7117
4301,28,275,9.82,13.8,0,corps,26.819482329529876,3.7240
4302,10,125,12.50,5.8,0,corps,26.808075440325062,1.5326
4303,8,94,11.75,4.9,0,corps,26.79667425313922,1.6693
4304,15,141,9.40,8.0,0,corps,26.785278765122055,1.9010
4305,16,133,8.31,8.4,0,corps,26.773888973424715,2.8123
4306,18,182,10.11,9.3,0,corps,26.76250487519972,2.0393
4307,2,38,19.00,2.2,0,corps,26.751126467601072,1.0440
4308,18,144,8.00,9.3,0,corps,26.73975374778416,2.5258
4309,16,186,11.62,8.4,0,corps,26.7283867129058,3.5218
4310,8,93,11.62,4.9,0,corps,26.717025360124243,1.6422
4311,8,83,10.38,4.9,0,corps,26.705669686599137,9.4456
4312,24,258,10.75,12.0,0,corps,26.694319689491564,2.3416
4313,20,168,8.40,10.2,0,corps,26.682975365964047,3.0713
4314,23,229,9.96,11.6,0,corps,26.67163671318048,2.0316
4315,9,172,19.11,5.3,0,corps,26.660303728306207,1.9260
4316,24,275,11.46,12.0,0,corps,26.648976408507995,4.3431
4317,20,209,10.45,10.2,0,corps,26.637654750953992,5.9804
4318,24,336,14.00,12.0,0,corps,26.626338752813812,3.4293
4319,18,253,14.06,9.3,0,corps,26.615028411258418,3.0553
4320,5,52,10.40,3.6,0,corps,26.603723723460256,1.6389
4321,26,296,11.38,12.9,0,corps,26.59242468659314,1.7371
4322,21,215,10.24,10.7,0,corps,26.58113129783231,1.8117
4323,6,47,7.83,4.0,0,corps,26.56984355435442,16.5464
4324,13,178,13.69,7.1,0,corps,26.558561453337546,1.6226
4325,24,217,9.04,12.0,0,corps,26.547284991961146,6.1335
4326,19,206,10.84,9.8,0,corps,26.53601416740612,4.0806
4327,19,219,11.53,9.8,0,corps,26.524748976854738,4.8900
4328,9,122,13.56,5.3,0,corps,26.51348941749072,1.2330
4329,16,201,12.56,8.4,0,corps,26.502235486499192,4.3488
4330,18,169,9.39,9.3,0,corps,26.490987181066632,1.7379
4331,26,262,10.08,12.9,0,corps,26.47974449838099,2.7741
4332,2,27,13.50,2.2,0,corps,26.4685074356316,1.0488
4333,14,176,12.57,7.6,0,corps,26.457275990009176,1.8789
4334,2,29,14.50,2.2,0,corps,26.446050158705876,0.9478
4335,21,203,9.67,10.7,0,corps,26.434829938915215,6.2402
4336,25,279,11.16,12.4,0,corps,26.423615327832167,4.9182
4337,6,78,13.00,4.0,0,corps,26.41240632265307,1.6762
4338,10,93,9.30,5.8,0,corps,26.401202920575667,9.4769
4339,14,116,8.29,7.6,0,corps,26.390005118799102,5.3040
4340,9,121,13.44,5.3,0,corps,26.37881291452395,2.0654
4341,12,119,9.92,6.7,0,corps,26.367626304952136,2.1178
4342,15,136,9.07,8.0,0,corps,26.356445287287016,1.3301
4343,2,19,9.50,2.2,0,corps,26.345269858733328,1.0994
4344,18,170,9.44,9.3,0,corps,26.334100016497224,2.5057
4345,32,295,9.22,15.6,0,corps,26.322935757786247,3.5203
4346,27,249,9.22,13.3,0,corps,26.311777079809318,2.7814
4347,15,150,10.00,8.0,0,corps,26.300623979776777,2.7910
4348,17,178,10.47,8.9,0,corps,26.289476454900353,5.0360
4349,17,191,11.24,8.9,0,corps,26.278334502393147,5.0824
4350,11,143,13.00,6.2,0,corps,26.267198119469697,2.0056
4351,2,17,8.50,2.2,0,corps,26.25606730334588,2.3048
4352,11,155,14.09,6.2,0,corps,26.244942051239008,6.4505
4353,17,199,11.71,8.9,0,corps,26.23382236036777,5.6450
4354,5,81,16.20,3.6,0,corps,26.22270822795223,1.0475
4355,20,258,12.90,10.2,0,corps,26.211599651213863,5.7438
4356,25,277,11.08,12.4,0,corps,26.200496627375536,3.5231
4357,17,173,10.18,8.9,0,corps,26.18939915366147,2.0914
4358,21,208,9.90,10.7,0,corps,26.17830722729732,3.9254
4359,2,22,11.00,2.2,0,corps,26.16722084551008,1.7273
4360,17,182,10.71,8.9,0,corps,26.156140005528165,1.6799
4361,19,195,10.26,9.8,0,corps,26.145064704581383,5.7322
4362,13,111,8.54,7.1,0,corps,26.13399493990088,7.7412
4363,20,168,8.40,10.2,0,corps,26.12293070871922,2.0856
4364,2,13,6.50,2.2,0,corps,26.111872008270375,2.6194
4365,24,256,10.67,12.0,0,corps,26.10081883578963,2.9934
4366,20,197,9.85,10.2,0,corps,26.089771188513723,4.4937
4367,8,89,11.12,4.9,0,corps,26.07872906368071,1.6658
4368,21,217,10.33,10.7,0,corps,26.067692458530082,1.9474
4369,11,119,10.82,6.2,0,corps,26.0566613703027,8.6666
4370,23,232,10.09,11.6,0,corps,26.045635796240756,4.0682
4371,4,47,11.75,3.1,0,corps,26.03461573358788,2.3033
4372,20,175,8.75,10.2,0,corps,26.02360117958906,6.5328
4373,14,151,10.79,7.6,0,corps,26.012592131490642,1.7486
4374,17,194,11.41,8.9,0,corps,26.00158858654038,1.6922
4375,15,134,8.93,8.0,0,corps,25.99059054198737,2.3535
4376,11,112,10.18,6.2,0,corps,25.97959799508211,2.7823
4377,4,39,9.75,3.1,0,corps,25.968610943076477,1.5332
4378,3,34,11.33,2.7,0,corps,25.95762938322368,1.5122
4379,19,176,9.26,9.8,0,corps,25.946653312778356,2.5450
4380,14,178,12.71,7.6,0,corps,25.93568272899646,1.8947
4381,2,35,17.50,2.2,0,corps,25.924717629135362,1.0019
4382,7,74,10.57,4.4,0,corps,25.913758010453797,2.0966
4383,19,160,8.42,9.8,0,corps,25.902803870211837,4.0714
4384,17,156,9.18,8.9,0,corps,25.89185520567096,3.0209
4385,8,76,9.50,4.9,0,corps,25.880912014094008,2.1950
4386,31,355,11.45,15.1,0,corps,25.869974292745162,4.0020
4387,14,154,11.00,7.6,0,corps,25.859042038890017,6.6995
4388,20,178,8.90,10.2,0,corps,25.848115249795484,6.5760
4389,10,84,8.40,5.8,0,corps,25.837193922729877,9.2289
4390,42,469,11.17,20.0,0,corps,25.82627805496287,2.0947
4391,16,157,9.81,8.4,0,corps,25.815367643765484,5.8918
4392,26,277,10.65,12.9,0,corps,25.804462686410123,4.1389
4393,36,341,9.47,17.3,0,corps,25.79356318017056,3.0114
4394,22,208,9.45,11.1,0,corps,25.782669122321895,3.5455
4395,16,156,9.75,8.4,0,corps,25.77178051014063,4.7003
4396,4,46,11.50,3.1,0,corps,25.7608973409046,2.2742
4397,14,118,8.43,7.6,0,corps,25.750019611893016,7.5272
4398,8,86,10.75,4.9,0,corps,25.73914732038645,2.6535
4399,19,201,10.58,9.8,0,corps,25.72828046366683,2.2880
4400,17,162,9.53,8.9,0,corps,25.717419039017436,1.9408
4401,20,229,11.45,10.2,0,corps,25.706563043722923,2.1450
4402,14,163,11.64,7.6,0,corps,25.69571247506928,4.6671
4403,11,109,9.91,6.2,0,corps,25.68486733034387,1.8767
4404,3,32,10.67,2.7,0,corps,25.6740276068354,1.1749
4405,9,85,9.44,5.3,0,corps,25.663193301833942,1.8540
4406,13,162,12.46,7.1,0,corps,25.652364412630934,1.4802
4407,15,148,9.87,8.0,0,corps,25.64154093651913,1.6566
4408,24,240,10.00,12.0,0,corps,25.630722870792678,2.4823
4409,6,73,12.17,4.0,0,corps,25.61991021274706,1.2906
4410,16,141,8.81,8.4,0,corps,25.609102959679102,2.1543
4411,9,88,9.78,5.3,0,corps,25.598301108887007,10.4628
4412,17,190,11.18,8.9,0,corps,25.58750465767029,5.2010
4413,19,190,10.00,9.8,0,corps,25.57671360332985,2.1083
4414,10,93,9.30,5.8,0,corps,25.56592794316793,13.0291
4415,20,246,12.30,10.2,0,corps,25.555147674488104,2.0396
4416,2,22,11.00,2.2,0,corps,25.544372794595304,1.8035
4417,15,177,11.80,8.0,0,corps,25.533603300795825,4.0257
4418,13,123,9.46,7.1,0,corps,25.522839190397278,10.0103
4419,35,379,10.83,16.9,0,corps,25.512080460708646,4.2375
4420,16,222,13.88,8.4,0,corps,25.501327109040233,2.5600
4421,17,208,12.24,8.9,0,corps,25.49057913270371,1.9344
4422,15,151,10.07,8.0,0,corps,25.47983652901209,2.0628
4423,28,328,11.71,13.8,0,corps,25.469099295279708,4.5921
4424,13,162,12.46,7.1,0,corps,25.45836742882226,1.8036
4425,5,95,19.00,3.6,0,corps,25.447640926956787,1.0381
4426,23,278,12.09,11.6,0,corps,25.436919787001656,2.7561
4427,25,274,10.96,12.4,0,corps,25.42620400627659,4.9007
4428,6,73,12.17,4.0,0,corps,25.41549358210262,1.1901
4429,20,177,8.85,10.2,0,corps,25.404788511802163,3.4920
4430,37,369,9.97,17.8,0,corps,25.394088792698955,4.8611
4431,15,171,11.40,8.0,0,corps,25.383394422118045,2.6480
4432,35,413,11.80,16.9,0,corps,25.372705397385854,5.2474
4433,9,111,12.33,5.3,0,corps,25.362021715830135,1.4677
4434,12,156,13.00,6.7,0,corps,25.351343374779944,1.6370
4435,17,165,9.71,8.9,0,corps,25.340670371565714,2.0794
4436,28,267,9.54,13.8,0,corps,25.330002703519185,4.4042
4437,35,328,9.37,16.9,0,corps,25.319340367973442,1.6800
4438,16,173,10.81,8.4,0,corps,25.308683362262908,2.1554
4439,8,68,8.50,4.9,0,corps,25.298031683723316,1.9396
4440,33,353,10.70,16.0,0,corps,25.28738532969176,4.0183
4441,9,116,12.89,5.3,0,corps,25.276744297506653,1.1576
4442,16,162,10.12,8.4,0,corps,25.266108584507723,1.7456
4443,26,276,10.62,12.9,0,corps,25.25547818803606,3.6137
4444,26,233,8.96,12.9,0,corps,25.244853105434046,5.2690
4445,19,188,9.89,9.8,0,corps,25.23423333404542,5.4658
4446,16,165,10.31,8.4,0,corps,25.22361887121524,1.5944
4447,4,29,7.25,3.1,0,corps,25.213009714289885,1.7872
4448,39,406,10.41,18.7,0,corps,25.202405860617073,3.5022
4449,12,147,12.25,6.7,0,corps,25.191807307545837,1.5237
4450,31,286,9.23,15.1,0,corps,25.181214052426533,2.0699
4451,16,223,13.94,8.4,0,corps,25.170626092610863,2.6941
4452,12,213,17.75,6.7,0,corps,25.160043425451818,1.2258
4453,6,46,7.67,4.0,0,corps,25.149466048303736,2.7716
4454,2,22,11.00,2.2,0,corps,25.138893958522285,1.5595
4455,20,192,9.60,10.2,0,corps,25.12832715346443,3.4777
4456,13,134,10.31,7.1,0,corps,25.11776563048847,1.8512
4457,9,88,9.78,5.3,0,corps,25.10720938695404,1.7364
4458,5,70,14.00,3.6,0,corps,25.096658420222052,1.7913
4459,14,154,11.00,7.6,0,corps,25.086112727654786,1.6057
4460,18,177,9.83,9.3,0,corps,25.07557230661581,2.4474
4461,9,86,9.56,5.3,0,corps,25.065037154470016,10.4073
4462,6,77,12.83,4.0,0,corps,25.05450726858363,9.1761
4463,21,300,14.29,10.7,0,corps,25.043982646324164,1.4396
4464,5,51,10.20,3.6,0,corps,25.03346328506047,1.2832
4465,27,241,8.93,13.3,0,corps,25.022949182162712,3.6034
4466,19,205,10.79,9.8,0,corps,25.01244033500235,1.9287
4467,16,191,11.94,8.4,0,corps,25.00193674095219,5.0020
4468,15,166,11.07,8.0,0,corps,24.99143839738632,6.2278
4469,16,189,11.81,8.4,0,corps,24.980945301680162,5.5019
4470,10,98,9.80,5.8,0,corps,24.97045745121044,1.2957
4471,10,89,8.90,5.8,0,corps,24.95997484335518,7.3329
4472,33,430,13.03,16.0,0,corps,24.949497475493747,2.1812
4473,14,115,8.21,7.6,0,corps,24.939025345006794,9.7343
4474,20,228,11.40,10.2,0,corps,24.92855844927628,2.0335
4475,9,80,8.89,5.3,0,corps,24.9180967856855,12.0080
4476,17,159,9.35,8.9,0,corps,24.90764035161901,3.6944
4477,21,258,12.29,10.7,0,corps,24.89718914446272,4.0633
4478,6,73,12.17,4.0,0,corps,24.88674316160383,6.8166
4479,6,64,10.67,4.0,0,corps,24.876302400430834,2.0284
4480,20,156,7.80,10.2,0,corps,24.86586685833355,2.7080
4481,21,209,9.95,10.7,0,corps,24.855436532703095,2.7014
4482,9,98,10.89,5.3,0,corps,24.845011420931872,1.8326
4483,16,195,12.19,8.4,0,corps,24.834591520413625,4.6991
4484,17,170,10.00,8.9,0,corps,24.82417682854335,2.0236
4485,25,251,10.04,12.4,0,corps,24.813767342717398,5.1423
4486,12,153,12.75,6.7,0,corps,24.803363060333396,3.8144
4487,2,27,13.50,2.2,0,corps,24.79296397879026,2.4239
4488,9,74,8.22,5.3,0,corps,24.782570095488225,6.6611
4489,8,83,10.38,4.9,0,corps,24.772181407828832,8.6164
4490,29,321,11.07,14.2,0,corps,24.76179791321489,2.8376
4491,10,104,10.40,5.8,0,corps,24.751419609050547,3.1751
4492,20,238,11.90,10.2,0,corps,24.741046492741205,2.3760
4493,29,271,9.34,14.2,0,corps,24.730678561693587,3.2446
4494,30,311,10.37,14.7,0,corps,24.72031581331573,3.0560
4495,30,343,11.43,14.7,0,corps,24.709958245016928,2.4873
4496,26,258,9.92,12.9,0,corps,24.699605854207793,4.9613
4497,22,268,12.18,11.1,0,corps,24.68925863830024,4.9397
4498,23,250,10.87,11.6,0,corps,24.67891659470744,3.5199
4499,20,194,9.70,10.2,0,corps,24.668579720843912,2.2755
4500,23,278,12.09,11.6,0,corps,24.65824801412541,2.9255
4501,5,48,9.60,3.6,0,corps,24.64792147196902,1.5774
4502,15,165,11.00,8.0,0,corps,24.637600091793114,3.7093
4503,26,303,11.65,12.9,0,corps,24.62728387101733,2.8019
4504,31,328,10.58,15.1,0,corps,24.616972807062627,3.4741
4505,12,142,11.83,6.7,0,corps,24.60666689735123,6.1381
4506,6,89,14.83,4.0,0,corps,24.59636613930666,6.2284
4507,24,244,10.17,12.0,0,corps,24.586070530353744,2.1432
4508,31,329,10.61,15.1,0,corps,24.575780067918554,2.8219
4509,20,208,10.40,10.2,0,corps,24.565494749428492,5.1163
4510,22,212,9.64,11.1,0,corps,24.555214572312234,5.3506
4511,16,164,10.25,8.4,0,corps,24.544939533999717,1.5312
4512,20,189,9.45,10.2,0,corps,24.534669631922196,2.0295
4513,25,278,11.12,12.4,0,corps,24.524404863512185,1.9168
4514,18,192,10.67,9.3,0,corps,24.514145226203492,1.6122
4515,6,82,13.67,4.0,0,corps,24.503890717431226,1.0669
4516,7,70,10.00,4.4,0,corps,24.493641334631736,1.6123
4517,32,339,10.59,15.6,0,corps,24.48339707524269,3.5949
4518,11,89,8.09,6.2,0,corps,24.473157936703018,1.7552
4519,5,38,7.60,3.6,0,corps,24.462923916452937,1.4286
4520,25,230,9.20,12.4,0,corps,24.452695011933947,1.7323
4521,16,156,9.75,8.4,0,corps,24.44247122058881,3.2621
4522,20,198,9.90,10.2,0,corps,24.432252539861583,3.4766
4523,25,222,8.88,12.4,0,corps,24.422038967197608,1.9520
4524,19,182,9.58,9.8,0,corps,24.411830500043468,1.7562
4525,23,241,10.48,11.6,0,corps,24.40162713584706,5.2928
4526,23,222,9.65,11.6,0,corps,24.391428872057556,1.8475
4527,14,132,9.43,7.6,0,corps,24.381235706125366,1.8329
4528,16,155,9.69,8.4,0,corps,24.37104763550221,2.1446
4529,14,114,8.14,7.6,0,corps,24.36086465764107,4.9285
4530,12,108,9.00,6.7,0,corps,24.350686769996198,1.9951
4531,10,71,7.10,5.8,0,corps,24.340513970023135,3.5867
4532,13,132,10.15,7.1,0,corps,24.330346255178657,1.9080
4533,28,336,12.00,13.8,0,corps,24.320183622920847,4.1688
4534,30,292,9.73,14.7,0,corps,24.31002607070906,1.8958
4535,7,60,8.57,4.4,0,corps,24.29987359600389,1.5717
4536,17,172,10.12,8.9,0,corps,24.28972619626723,7.0754
4537,21,223,10.62,10.7,0,corps,24.27958386896222,4.7794
4538,14,195,13.93,7.6,0,corps,24.269446611553285,1.4457
4539,4,36,9.00,3.1,0,corps,24.259314421506108,1.6674
4540,20,194,9.70,10.2,0,corps,24.249187296287637,2.2182
4541,18,151,8.39,9.3,0,corps,24.2390652333661,7.6643
4542,35,337,9.63,16.9,0,corps,24.22894823021098,4.7817
4543,12,124,10.33,6.7,0,corps,24.218836284293015,2.0679
4544,11,90,8.18,6.2,0,corps,24.208729393084237,1.8812
4545,9,86,9.56,5.3,0,corps,24.198627554057907,2.2523
4546,18,145,8.06,9.3,0,corps,24.188530764688565,2.2687
4547,12,109,9.08,6.7,0,corps,24.178439022452032,2.7245
4548,10,115,11.50,5.8,0,corps,24.16835232482535,1.8038
4549,3,23,7.67,2.7,0,corps,24.15827066928685,2.8602
4550,4,61,15.25,3.1,0,corps,24.148194053316136,1.3278
4551,17,155,9.12,8.9,0,corps,24.138122474394027,1.7347
4552,13,118,9.08,7.1,0,corps,24.128055930002652,2.6167
4553,5,42,8.40,3.6,0,corps,24.117994417625358,1.6180
4554,4,53,13.25,3.1,0,corps,24.107937934746772,1.3517
4555,15,126,8.40,8.0,0,corps,24.097886478852786,1.8487
4556,31,348,11.23,15.1,0,corps,24.087840047430507,3.1871
4557,19,217,11.42,9.8,0,corps,24.077798637968353,4.3265
4558,14,113,8.07,7.6,0,corps,24.06776224795597,2.4317
4559,20,177,8.85,10.2,0,corps,24.057730874884243,5.7534
4560,19,238,12.53,9.8,0,corps,24.047704516245346,1.7675
4561,29,294,10.14,14.2,0,corps,24.037683169532677,2.1777
4562,6,57,9.50,4.0,0,corps,24.027666832240904,1.5692
4563,21,221,10.52,10.7,0,corps,24.017655501865953,2.9341
4564,20,234,11.70,10.2,0,corps,24.007649175904973,1.7069
4565,4,46,11.50,3.1,0,corps,23.99764785185639,1.0910
4566,15,134,8.93,8.0,0,corps,23.98765152721988,1.6365
4567,20,171,8.55,10.2,0,corps,23.977660199496352,4.5850
4568,17,172,10.12,8.9,0,corps,23.967673866187987,6.8028
4569,27,289,10.70,13.3,0,corps,23.95769252479818,3.6296
4570,19,225,11.84,9.8,0,corps,23.94771617283161,4.7790
4571,2,16,8.00,2.2,0,corps,23.937744807794196,1.4700
4572,6,60,10.00,4.0,0,corps,23.92777842719308,1.5281
4573,21,233,11.10,10.7,0,corps,23.91781702853667,6.3170
4574,20,187,9.35,10.2,0,corps,23.907860609334637,5.8330
4575,4,40,10.00,3.1,0,corps,23.897909167097843,1.1633
4576,31,292,9.42,15.1,0,corps,23.88796269933846,1.9265
4577,24,235,9.79,12.0,0,corps,23.878021203569844,1.9022
4578,20,213,10.65,10.2,0,corps,23.868084677306634,2.0442
4579,29,303,10.45,14.2,0,corps,23.858153118064703,1.8703
4580,13,114,8.77,7.1,0,corps,23.848226523361145,1.8344
4581,14,131,9.36,7.6,0,corps,23.838304890714323,7.6462
4582,13,126,9.69,7.1,0,corps,23.82838821764384,1.6450
4583,8,97,12.12,4.9,0,corps,23.8184765016705,1.2844
4584,19,168,8.84,9.8,0,corps,23.8085697403164,2.1304
4585,23,232,10.09,11.6,0,corps,23.79866793110483,2.3445
4586,9,81,9.00,5.3,0,corps,23.788771071560344,1.5000
4587,34,321,9.44,16.4,0,corps,23.77887915920874,2.7188
4588,7,65,9.29,4.4,0,corps,23.768992191577016,2.1856
4589,15,134,8.93,8.0,0,corps,23.759110166193448,2.0856
4590,12,91,7.58,6.7,0,corps,23.74923308058753,1.7289
4591,31,334,10.77,15.1,0,corps,23.739360932289976,2.1845
4592,2,27,13.50,2.2,0,corps,23.72949371883277,1.5981
4593,14,117,8.36,7.6,0,corps,23.719631437749086,2.1114
4594,7,75,10.71,4.4,0,corps,23.70977408657336,1.3921
4595,8,85,10.62,4.9,0,corps,23.699921662841273,1.7180
4596,6,69,11.50,4.0,0,corps,23.690074164089694,1.3610
4597,4,50,12.50,3.1,0,corps,23.680231587856756,1.3729
4598,25,265,10.60,12.4,0,corps,23.67039393168183,4.3688
4599,16,152,9.50,8.4,0,corps,23.66056119310548,1.4687
4600,10,94,9.40,5.8,0,corps,23.650733369669535,1.8833
4601,22,209,9.50,11.1,0,corps,23.64091045891703,3.1369
4602,15,121,8.07,8.0,0,corps,23.63109245839224,2.2320
4603,6,57,9.50,4.0,0,corps,23.621279365640678,2.4054
4604,22,189,8.59,11.1,0,corps,23.61147117820905,5.5099
4605,11,87,7.91,6.2,0,corps,23.601667893645317,5.1590
4606,16,184,11.50,8.4,0,corps,23.591869509498668,1.9292
4607,24,260,10.83,12.0,0,corps,23.58207602331949,4.2210
4608,14,190,13.57,7.6,0,corps,23.572287432659433,5.6921
4609,29,269,9.28,14.2,0,corps,23.562503735071324,3.8073
4610,27,230,8.52,13.3,0,corps,23.55272492810925,4.8991
4611,28,326,11.64,13.8,0,corps,23.54295100932852,3.3272
4612,12,107,8.92,6.7,0,corps,23.533181976285633,2.4966
4613,31,345,11.13,15.1,0,corps,23.523417826538342,2.2695
4614,25,207,8.28,12.4,0,corps,23.513658557645623,4.8436
4615,24,219,9.12,12.0,0,corps,23.503904167167633,5.7673
4616,9,120,13.33,5.3,0,corps,23.494154652665795,1.5356
4617,10,90,9.00,5.8,0,corps,23.484410011702714,1.9854
4618,18,188,10.44,9.3,0,corps,23.474670241842237,1.4075
4619,13,126,9.69,7.1,0,corps,23.464935340649426,2.3204
4620,13,107,8.23,7.1,0,corps,23.455205305690548,2.1520
4621,13,141,10.85,7.1,0,corps,23.445480134533096,3.8688
4622,20,166,8.30,10.2,0,corps,23.435759824745787,2.8986
4623,13,128,9.85,7.1,0,corps,23.42604437389853,7.5437
4624,17,156,9.18,8.9,0,corps,23.416333779562475,2.5403
4625,6,43,7.17,4.0,0,corps,23.406628039309954,2.3420
4626,12,114,9.50,6.7,0,corps,23.39692715071455,7.7163
4627,4,30,7.50,3.1,0,corps,23.38723111135104,1.8444
4628,24,252,10.50,12.0,0,corps,23.3775399187954,4.2918
4629,14,163,11.64,7.6,0,corps,23.367853570624845,6.3487
4630,8,105,13.12,4.9,0,corps,23.358172064417783,1.3005
4631,21,220,10.48,10.7,0,corps,23.348495397753833,4.7170
4632,10,124,12.40,5.8,0,corps,23.338823568213844,2.3066
4633,3,34,11.33,2.7,0,corps,23.329156573379837,1.8727
4634,36,362,10.06,17.3,0,corps,23.319494410835073,2.9710
4635,4,73,18.25,3.1,0,corps,23.309837078164026,0.9756
4636,20,177,8.85,10.2,0,corps,23.300184572952336,5.6201
4637,4,33,8.25,3.1,0,corps,23.2905368927869,1.9766
4638,9,106,11.78,5.3,0,corps,23.28089403525578,6.0757
4639,20,185,9.25,10.2,0,corps,23.271255997948266,2.2891
4640,33,326,9.88,16.0,0,corps,23.261622778454864,2.4599
4641,13,127,9.77,7.1,0,corps,23.251994374367246,11.2151
4642,33,291,8.82,16.0,0,corps,23.242370783278325,2.7104
4643,3,29,9.67,2.7,0,corps,23.232752002782203,1.9309
4644,20,205,10.25,10.2,0,corps,23.223138030474182,5.1338
4645,12,137,11.42,6.7,0,corps,23.21352886395077,9.2827
4646,17,181,10.65,8.9,0,corps,23.203924500809666,6.6579
4647,16,135,8.44,8.4,0,corps,23.194324938649793,2.8161
4648,29,328,11.31,14.2,0,corps,23.184730175071255,3.0517
4649,17,172,10.12,8.9,0,corps,23.17514020767536,7.0551
4650,10,130,13.00,5.8,0,corps,23.165555034064607,1.3662
4651,17,174,10.24,8.9,0,corps,23.15597465184273,7.3775
4652,16,171,10.69,8.4,0,corps,23.146399058614602,2.1938
4653,27,331,12.26,13.3,0,corps,23.13682825198635,5.6641
4654,12,127,10.58,6.7,0,corps,23.12726222956525,7.3932
4655,7,57,8.14,4.4,0,corps,23.117700988959808,2.3271
4656,10,96,9.60,5.8,0,corps,23.10814452777972,1.7608
4657,16,166,10.38,8.4,0,corps,23.09859284363586,4.4278
4658,21,240,11.43,10.7,0,corps,23.089045934140305,5.2080
4659,22,232,10.55,11.1,0,corps,23.079503796906344,2.0771
4660,13,110,8.46,7.1,0,corps,23.069966429548423,6.1027
4661,12,166,13.83,6.7,0,corps,23.060433829682218,5.5560
4662,15,197,13.13,8.0,0,corps,23.050905994924555,4.0931
4663,12,156,13.00,6.7,0,corps,23.041382922893497,7.3640
4664,25,335,13.40,12.4,0,corps,23.031864611208274,6.3837
4665,22,217,9.86,11.1,0,corps,23.022351057489296,1.6722
4666,14,116,8.29,7.6,0,corps,23.01284225935818,2.7907
4667,31,305,9.84,15.1,0,corps,23.003338214437736,2.2582
4668,10,123,12.30,5.8,0,corps,22.99383892035194,1.3241
4669,4,38,9.50,3.1,0,corps,22.98434437472598,1.3551
4670,8,57,7.12,4.9,0,corps,22.974854575186203,12.5119
4671,29,279,9.62,14.2,0,corps,22.965369519360166,1.9726
4672,7,83,11.86,4.4,0,corps,22.95588920487662,1.5229
4673,28,265,9.46,13.8,0,corps,22.946413629365463,3.3753
4674,16,126,7.88,8.4,0,corps,22.936942790457813,8.6232
4675,19,148,7.79,9.8,0,corps,22.92747668578597,8.6135
4676,10,114,11.40,5.8,0,corps,22.918015312983382,2.6726
4677,22,211,9.59,11.1,0,corps,22.908558669684737,2.0572
4678,14,148,10.57,7.6,0,corps,22.899106753525842,6.5443
4679,16,150,9.38,8.4,0,corps,22.88965956214374,3.7127
4680,10,92,9.20,5.8,0,corps,22.880217093176636,1.9739
4681,28,266,9.50,13.8,0,corps,22.870779344263887,7.3129
4682,29,281,9.69,14.2,0,corps,22.861346313046084,3.2333
4683,22,257,11.68,11.1,0,corps,22.851917997164957,3.9295
4684,14,165,11.79,7.6,0,corps,22.842494394263422,7.3989
4685,21,226,10.76,10.7,0,corps,22.833075501985594,3.8802
4686,17,172,10.12,8.9,0,corps,22.823661317976725,6.8712
4687,20,246,12.30,10.2,0,corps,22.81425183988329,4.0500
4688,20,179,8.95,10.2,0,corps,22.80484706535292,5.3632
4689,15,159,10.60,8.0,0,corps,22.795446992034403,8.5989
4690,7,49,7.00,4.4,0,corps,22.786051617577733,11.9223
4691,13,144,11.08,7.1,0,corps,22.776660939634073,4.4889
4692,38,404,10.63,18.2,0,corps,22.767274955855743,6.5014
4693,19,202,10.63,9.8,0,corps,22.757893663896255,6.1915
4694,15,132,8.80,8.0,0,corps,22.74851706141027,5.2885
4695,24,269,11.21,12.0,0,corps,22.739145146053648,3.8586
4696,27,317,11.74,13.3,0,corps,22.72977791548342,2.8928
4697,15,141,9.40,8.0,0,corps,22.720415367357756,5.9682
4698,18,200,11.11,9.3,0,corps,22.71105749933604,5.4249
4699,43,470,10.93,20.4,0,corps,22.7017043090788,3.5947
4700,11,96,8.73,6.2,0,corps,22.692355794247725,2.3830
4701,9,110,12.22,5.3,0,corps,22.683011952505705,1.6214
4702,15,128,8.53,8.0,0,corps,22.67367278151676,7.1910
4703,6,59,9.83,4.0,0,corps,22.66433827894611,2.8702
4704,16,142,8.88,8.4,0,corps,22.655008442460137,1.9222
4705,22,189,8.59,11.1,0,corps,22.645683269726362,2.6433
4706,29,295,10.17,14.2,0,corps,22.636362758413505,8.1709
4707,18,214,11.89,9.3,0,corps,22.627046906191435,1.7474
4708,11,102,9.27,6.2,0,corps,22.617735710731186,6.0082
4709,8,93,11.62,4.9,0,corps,22.608429169704966,2.1687
4710,26,229,8.81,12.9,0,corps,22.59912728078613,2.5098
4711,16,189,11.81,8.4,0,corps,22.58983004164921,5.1977
4712,35,316,9.03,16.9,0,corps,22.58053744996991,2.6340
4713,15,154,10.27,8.0,0,corps,22.571249503425054,5.9290
4714,10,84,8.40,5.8,0,corps,22.561966199692673,2.2795
4715,20,184,9.20,10.2,0,corps,22.55268753645195,6.3080
4716,19,280,14.74,9.8,0,corps,22.543413511383196,2.0160
4717,16,198,12.38,8.4,0,corps,22.534144122167927,1.7611
4718,23,237,10.30,11.6,0,corps,22.524879366488772,5.1612
4719,18,176,9.78,9.3,0,corps,22.51561924202956,5.7146
4720,3,34,11.33,2.7,0,corps,22.506363746475262,2.7614
4721,9,84,9.33,5.3,0,corps,22.497112877511988,2.7258
4722,15,147,9.80,8.0,0,corps,22.487866632827032,2.0103
4723,8,66,8.25,4.9,0,corps,22.478625010108836,2.4935
4724,20,217,10.85,10.2,0,corps,22.46938800704698,3.2942
4725,11,93,8.45,6.2,0,corps,22.46015562133223,2.0920
4726,24,243,10.12,12.0,0,corps,22.450927850656477,4.8298
4727,10,152,15.20,5.8,0,corps,22.441704692712783,1.7170
4728,21,208,9.90,10.7,0,corps,22.43248614519536,1.6358
4729,31,294,9.48,15.1,0,corps,22.42327220579957,4.2378
4730,30,318,10.60,14.7,0,corps,22.41406287222192,2.1377
4731,19,250,13.16,9.8,0,corps,22.404858142160094,1.7712
4732,40,389,9.72,19.1,0,corps,22.39565801331289,2.3308
4733,2,12,6.00,2.2,0,corps,22.3864624833803,2.4609
4734,21,183,8.71,10.7,0,corps,22.377271550063412,3.7214
4735,20,205,10.25,10.2,0,corps,22.36808521106451,6.1677
4736,16,173,10.81,8.4,0,corps,22.358903464087014,5.7439
4737,21,243,11.57,10.7,0,corps,22.349726306835468,2.3724
4738,20,217,10.85,10.2,0,corps,22.340553737015597,6.3886
4739,28,329,11.75,13.8,0,corps,22.331385752334263,4.2014
4740,18,169,9.39,9.3,0,corps,22.32222235049946,3.6828
4741,13,144,11.08,7.1,0,corps,22.313063529220344,1.7997
4742,29,309,10.66,14.2,0,corps,22.303909286207197,4.2817
4743,16,181,11.31,8.4,0,corps,22.294759619171465,5.8489
4744,22,254,11.55,11.1,0,corps,22.285614525825746,5.1332
4745,16,235,14.69,8.4,0,corps,22.276474003883745,4.5938
4746,22,277,12.59,11.1,0,corps,22.267338051060335,1.9876
4747,23,217,9.43,11.6,0,corps,22.258206665071544,4.5649
4748,23,299,13.00,11.6,0,corps,22.249079843634508,1.7858
4749,2,49,24.50,2.2,0,corps,22.239957584467536,1.1409
4750,34,353,10.38,16.4,0,corps,22.230839885290045,4.8652
4751,29,353,12.17,14.2,0,corps,22.22172674382262,2.7743
4752,25,326,13.04,12.4,0,corps,22.212618157786984,2.5840
4753,14,185,13.21,7.6,0,corps,22.203514124905976,4.7721
4754,31,371,11.97,15.1,0,corps,22.194414642903602,4.6208
4755,20,235,11.75,10.2,0,corps,22.185319709504974,4.1079
4756,11,90,8.18,6.2,0,corps,22.176229322436367,2.1892
4757,24,308,12.83,12.0,0,corps,22.167143479425196,4.8825
4758,21,189,9.00,10.7,0,corps,22.15806217819998,3.4585
4759,24,267,11.12,12.0,0,corps,22.148985416490405,3.5953
4760,24,240,10.00,12.0,0,corps,22.139913192027286,4.8527
4761,15,173,11.53,8.0,0,corps,22.130845502542552,7.2491
4762,28,339,12.11,13.8,0,corps,22.12178234576929,4.2761
4763,22,238,10.82,11.1,0,corps,22.112723719441707,3.4969
4764,37,653,17.65,17.8,0,corps,22.103669621295147,5.6993
4765,31,296,9.55,15.1,0,corps,22.094620049066098,2.4018
4766,8,91,11.38,4.9,0,corps,22.085575000492142,8.7143
4767,19,239,12.58,9.8,0,corps,22.07653447331203,3.7667
4768,15,194,12.93,8.0,0,corps,22.067498465265643,3.9703
4769,8,99,12.38,4.9,0,corps,22.058466974093953,1.6269
4770,11,111,10.09,6.2,0,corps,22.049439997539114,5.9493
4771,23,234,10.17,11.6,0,corps,22.04041753334436,4.9981
4772,19,307,16.16,9.8,0,corps,22.031399579254078,6.3367
4773,28,345,12.32,13.8,0,corps,22.022386133013796,2.5169
4774,19,224,11.79,9.8,0,corps,22.013377192370136,2.8851
4775,22,266,12.09,11.1,0,corps,22.004372755070865,3.0055
4776,26,234,9.00,12.9,0,corps,21.995372818864887,4.7364
4777,21,287,13.67,10.7,0,corps,21.986377381502194,2.0704
4778,26,276,10.62,12.9,0,corps,21.97738644073395,4.9583
4779,21,219,10.43,10.7,0,corps,21.968399994312403,2.2389
4780,9,77,8.56,5.3,0,corps,21.95941803999095,9.7700
4781,31,366,11.81,15.1,0,corps,21.95044057552411,3.6351
4782,17,182,10.71,8.9,0,corps,21.941467598667494,3.7779
4783,9,105,11.67,5.3,0,corps,21.932499107177872,7.3902
4784,17,215,12.65,8.9,0,corps,21.92353509881313,2.1559
4785,15,137,9.13,8.0,0,corps,21.914575571332247,5.5251
4786,19,214,11.26,9.8,0,corps,21.905620522495358,3.7863
4787,10,94,9.40,5.8,0,corps,21.896669950063686,1.9484
4788,24,235,9.79,12.0,0,corps,21.887723851799592,5.1398
4789,29,344,11.86,14.2,0,corps,21.878782225466566,3.4914
4790,18,182,10.11,9.3,0,corps,21.86984506882918,1.9656
4791,16,208,13.00,8.4,0,corps,21.860912379653154,1.3535
4792,13,115,8.85,7.1,0,corps,21.851984155705324,1.5921
4793,21,235,11.19,10.7,0,corps,21.843060394753618,1.2328
4794,11,115,10.45,6.2,0,corps,21.834141094567112,1.8422
4795,15,165,11.00,8.0,0,corps,21.825226252915964,1.3199
4796,18,169,9.39,9.3,0,corps,21.816315867571472,2.9191
4797,19,215,11.32,9.8,0,corps,21.807409936306048,3.8245
4798,23,245,10.65,11.6,0,corps,21.79850845689319,1.6414
4799,19,231,12.16,9.8,0,corps,21.789611427107545,2.3303
4800,32,395,12.34,15.6,0,corps,21.780718844724852,4.0864
4801,2,21,10.50,2.2,0,corps,21.771830707521957,3.5269
4802,21,251,11.95,10.7,0,corps,21.76294701327684,2.2904
4803,18,260,14.44,9.3,0,corps,21.75406775976856,1.8334
4804,13,130,10.00,7.1,0,corps,21.745192944777315,5.0228
4805,29,308,10.62,14.2,0,corps,21.7363225660844,3.9376
4806,38,401,10.55,18.2,0,corps,21.727456621472214,8.0181
4807,21,258,12.29,10.7,0,corps,21.71859510872428,1.5756
4808,6,54,9.00,4.0,0,corps,21.70973802562522,1.3347
4809,4,51,12.75,3.1,0,corps,21.700885369960748,1.3284
4810,19,219,11.53,9.8,0,corps,21.692037139517726,1.8643
4811,18,215,11.94,9.3,0,corps,21.683193332084066,1.3312
4812,14,152,10.86,7.6,0,corps,21.674353945448836,4.4300
4813,38,403,10.61,18.2,0,corps,21.66551897740219,3.5983
4814,20,206,10.30,10.2,0,corps,21.65668842573537,2.0795
4815,19,189,9.95,9.8,0,corps,21.647862288240752,6.5349
4816,23,205,8.91,11.6,0,corps,21.639040562711802,2.0421
4817,15,126,8.40,8.0,0,corps,21.630223246943082,7.4841
4818,13,135,10.38,7.1,0,corps,21.62141033873027,4.7646
4819,34,279,8.21,16.4,0,corps,21.612601835870127,3.2700
4820,16,183,11.44,8.4,0,corps,21.603797736160534,2.1980
4821,33,331,10.03,16.0,0,corps,21.594998037400476,5.5219
4822,14,166,11.86,7.6,0,corps,21.58620273739001,1.8684
4823,21,220,10.48,10.7,0,corps,21.57741183393032,3.8681
4824,19,185,9.74,9.8,0,corps,21.56862532482369,3.5161
4825,7,72,10.29,4.4,0,corps,21.559843207873474,2.1076
4826,15,131,8.73,8.0,0,corps,21.55106548088416,6.8530
4827,18,164,9.11,9.3,0,corps,21.5422921416613,4.4423
4828,10,113,11.30,5.8,0,corps,21.533523188011564,6.1377
4829,15,148,9.87,8.0,0,corps,21.524758617742727,2.8629
4830,24,228,9.50,12.0,0,corps,21.515998428663625,2.1001
4831,7,57,8.14,4.4,0,corps,21.507242618584225,1.7452
4832,15,158,10.53,8.0,0,corps,21.498491185315576,4.7447
4833,3,31,10.33,2.7,0,corps,21.489744126669805,1.2471
4834,17,185,10.88,8.9,0,corps,21.481001440460165,3.7890
4835,17,222,13.06,8.9,0,corps,21.47226312450097,3.9831
4836,8,62,7.75,4.9,0,corps,21.463529176607647,2.1183
4837,4,51,12.75,3.1,0,corps,21.45479959459672,2.9593
4838,15,183,12.20,8.0,0,corps,21.44607437628577,1.3240
4839,11,96,8.73,6.2,0,corps,21.43735351949351,2.6365
4840,34,383,11.26,16.4,0,corps,21.428637022039723,4.2944
4841,19,165,8.68,9.8,0,corps,21.419924881745278,2.8753
4842,7,66,9.43,4.4,0,corps,21.41121709643215,1.8279
4843,10,80,8.00,5.8,0,corps,21.40251366392338,8.6577
4844,13,134,10.31,7.1,0,corps,21.393814582043117,2.6838
4845,17,142,8.35,8.9,0,corps,21.385119848616593,1.7647
4846,7,58,8.29,4.4,0,corps,21.37642946147012,1.7297
4847,40,377,9.43,19.1,0,corps,21.367743418431104,4.1016
4848,6,67,11.17,4.0,0,corps,21.359061717328036,5.5928
4849,27,230,8.52,13.3,0,corps,21.35038435599048,2.8068
4850,20,208,10.40,10.2,0,corps,21.341711332249112,4.9840
4851,7,47,6.71,4.4,0,corps,21.333042643935663,2.3735
4852,20,224,11.20,10.2,0,corps,21.32437828888296,3.3292
4853,8,72,9.00,4.9,0,corps,21.315718264924932,1.9979
4854,13,132,10.15,7.1,0,corps,21.307062569896555,1.7238
4855,8,59,7.38,4.9,0,corps,21.298411201633904,2.0080
4856,7,56,8.00,4.4,0,corps,21.289764157974155,2.0913
4857,18,169,9.39,9.3,0,corps,21.281121436755523,2.3125
4858,32,311,9.72,15.6,0,corps,21.272483035817352,2.5665
4859,31,337,10.87,15.1,0,corps,21.26384895300002,1.5218
4860,24,248,10.33,12.0,0,corps,21.25521918614502,4.8415
4861,14,117,8.36,7.6,0,corps,21.246593733094908,1.9840
4862,29,298,10.28,14.2,0,corps,21.237972591693318,4.5893
4863,34,345,10.15,16.4,0,corps,21.229355759784962,3.4844
4864,2,15,7.50,2.2,0,corps,21.220743235215643,2.9950
4865,21,205,9.76,10.7,0,corps,21.212135015832217,5.7587
4866,14,213,15.21,7.6,0,corps,21.203531099482642,1.2952
4867,18,154,8.56,9.3,0,corps,21.194931484015925,2.5511
4868,16,176,11.00,8.4,0,corps,21.186336167282168,1.6850
4869,23,206,8.96,11.6,0,corps,21.177745147132544,1.9544
4870,13,124,9.54,7.1,0,corps,21.169158421419297,2.2361
4871,21,210,10.00,10.7,0,corps,21.16057598799574,1.3947
4872,9,101,11.22,5.3,0,corps,21.151997844716277,1.6922
4873,26,264,10.15,12.9,0,corps,21.143423989436357,4.4689
4874,18,207,11.50,9.3,0,corps,21.134854420012534,1.9049
4875,22,273,12.41,11.1,0,corps,21.126289134302397,1.3002
4876,34,466,13.71,16.4,0,corps,21.117728130164632,4.2963
4877,21,223,10.62,10.7,0,corps,21.109171405458994,1.9808
4878,7,50,7.14,4.4,0,corps,21.10061895804629,2.2357
4879,12,98,8.17,6.7,0,corps,21.092070785788422,5.3971
4880,23,245,10.65,11.6,0,corps,21.083526886548334,4.8683
4881,21,224,10.67,10.7,0,corps,21.074987258190056,4.2051
4882,4,47,11.75,3.1,0,corps,21.066451898578688,1.9092
4883,16,172,10.75,8.4,0,corps,21.057920805580377,2.3928
4884,18,193,10.72,9.3,0,corps,21.049393977062355,3.0549
4885,17,153,9.00,8.9,0,corps,21.040871410892926,4.1429
4886,45,510,11.33,21.3,0,corps,21.03235310494143,3.9927
4887,18,191,10.61,9.3,0,corps,21.023839057078305,5.4956
4888,6,72,12.00,4.0,0,corps,21.015329265175026,2.8908
4889,37,436,11.78,17.8,0,corps,21.006823727104155,3.4653
4890,9,72,8.00,5.3,0,corps,20.998322440739305,2.1555
4891,21,194,9.24,10.7,0,corps,20.98982540395515,1.7917
4892,11,86,7.82,6.2,0,corps,20.981332614627437,2.3273
4893,9,86,9.56,5.3,0,corps,20.972844070632966,1.9380
4894,19,190,10.00,9.8,0,corps,20.9643597698496,1.7737
4895,11,120,10.91,6.2,0,corps,20.955879710156275,4.3256
4896,14,184,13.14,7.6,0,corps,20.94740388943295,3.0398
4897,11,101,9.18,6.2,0,corps,20.93893230556069,2.1416
4898,22,234,10.64,11.1,0,corps,20.930464956421606,3.2369
4899,7,61,8.71,4.4,0,corps,20.922001839898837,2.7670
4900,10,103,10.30,5.8,0,corps,20.913542953876618,2.4520
4901,11,100,9.09,6.2,0,corps,20.905088296240233,5.9895
4902,20,181,9.05,10.2,0,corps,20.896637864876,3.6476
4903,13,108,8.31,7.1,0,corps,20.88819165767133,2.6798
4904,17,205,12.06,8.9,0,corps,20.879749672514656,3.7611
4905,2,36,18.00,2.2,0,corps,20.87131190729549,1.4333
4906,18,157,8.72,9.3,0,corps,20.862878359904393,3.2153
4907,17,166,9.76,8.9,0,corps,20.854449028232967,1.7276
4908,8,77,9.62,4.9,0,corps,20.846023910173884,1.6866
4909,6,83,13.83,4.0,0,corps,20.837603003620874,1.8316
4910,23,240,10.43,11.6,0,corps,20.8291863064687,3.9124
4911,17,174,10.24,8.9,0,corps,20.82077381661319,6.2322
4912,22,210,9.55,11.1,0,corps,20.812365531951222,1.9562
4913,20,214,10.70,10.2,0,corps,20.803961450380722,3.6386
4914,14,142,10.14,7.6,0,corps,20.79556156980068,4.7612
4915,11,118,10.73,6.2,0,corps,20.787165888111105,6.5143
4916,16,214,13.38,8.4,0,corps,20.778774403213095,5.2962
4917,42,417,9.93,20.0,0,corps,20.77038711300878,3.4744
4918,13,136,10.46,7.1,0,corps,20.762004015401324,1.9613
4919,25,283,11.32,12.4,0,corps,20.753625108294962,4.5536
4920,38,392,10.32,18.2,0,corps,20.745250389594965,2.1204
4921,18,187,10.39,9.3,0,corps,20.736879857207644,1.6565
4922,26,282,10.85,12.9,0,corps,20.728513509040386,2.4106
4923,19,185,9.74,9.8,0,corps,20.720151343001582,2.1997
4924,8,85,10.62,4.9,0,corps,20.71179335700071,2.5113
4925,12,101,8.42,6.7,0,corps,20.70343954894826,2.0379
4926,17,137,8.06,8.9,0,corps,20.695089916755784,1.9536
4927,9,68,7.56,5.3,0,corps,20.68674445833588,1.6896
4928,20,188,9.40,10.2,0,corps,20.678403171602167,7.1933
4929,15,117,7.80,8.0,0,corps,20.670066054469334,2.1162
4930,21,264,12.57,10.7,0,corps,20.661733104853113,1.7506
4931,16,173,10.81,8.4,0,corps,20.653404320670248,3.7775
4932,22,236,10.73,11.1,0,corps,20.645079699838544,4.0573
4933,11,134,12.18,6.2,0,corps,20.636759240276866,1.7601
4934,11,126,11.45,6.2,0,corps,20.628442939905074,1.3304
4935,26,264,10.15,12.9,0,corps,20.62013079664411,1.6183
4936,11,109,9.91,6.2,0,corps,20.611822808415926,6.8530
4937,24,259,10.79,12.0,0,corps,20.60351897314353,7.0111
4938,13,136,10.46,7.1,0,corps,20.59521928875097,1.9136
4939,18,236,13.11,9.3,0,corps,20.586923753163315,1.8988
4940,25,310,12.40,12.4,0,corps,20.578632364306678,1.9952
4941,15,133,8.87,8.0,0,corps,20.570345120108232,6.6749
4942,16,199,12.44,8.4,0,corps,20.562062018496142,2.4415
4943,4,51,12.75,3.1,0,corps,20.553783057399652,2.3824
4944,6,64,10.67,4.0,0,corps,20.545508234749,1.4941
4945,24,237,9.88,12.0,0,corps,20.537237548475503,2.6217
4946,26,258,9.92,12.9,0,corps,20.52897099651148,2.5356
4947,16,122,7.62,8.4,0,corps,20.520708576790284,9.3372
4948,11,122,11.09,6.2,0,corps,20.51245028724632,7.6179
4949,13,117,9.00,7.1,0,corps,20.504196125815017,7.3681
4950,15,173,11.53,8.0,0,corps,20.49594609043283,2.7310
4951,27,261,9.67,13.3,0,corps,20.48770017903726,3.7450
4952,28,221,7.89,13.8,0,corps,20.47945838956681,5.1754
4953,24,207,8.62,12.0,0,corps,20.471220719961043,2.1326
4954,4,41,10.25,3.1,0,corps,20.46298716816055,2.2755
4955,11,93,8.45,6.2,0,corps,20.454757732106927,2.1170
4956,16,189,11.81,8.4,0,corps,20.446532409742822,1.8280
4957,18,210,11.67,9.3,0,corps,20.438311199011913,5.4930
4958,12,168,14.00,6.7,0,corps,20.43009409785888,3.3511
4959,18,173,9.61,9.3,0,corps,20.421881104229467,5.3110
4960,16,163,10.19,8.4,0,corps,20.41367221607041,2.2703
4961,23,237,10.30,11.6,0,corps,20.40546743132949,1.7723
4962,25,217,8.68,12.4,0,corps,20.39726674795552,5.5282
4963,25,202,8.08,12.4,0,corps,20.389070163898314,1.9071
4964,10,96,9.60,5.8,0,corps,20.380877677108735,1.7762
4965,15,119,7.93,8.0,0,corps,20.372689285538673,1.9364
4966,11,82,7.45,6.2,0,corps,20.364504987141007,1.6901
4967,26,228,8.77,12.9,0,corps,20.356324779869677,5.4923
4968,42,581,13.83,20.0,0,corps,20.348148661679623,3.3853
4969,7,81,11.57,4.4,0,corps,20.33997663052682,1.1126
4970,25,266,10.64,12.4,0,corps,20.33180868436827,4.5994
4971,12,126,10.50,6.7,0,corps,20.323644821161963,1.8621
4972,28,293,10.46,13.8,0,corps,20.315485038866946,1.9689
4973,34,363,10.68,16.4,0,corps,20.307329335443285,5.7177
4974,27,267,9.89,13.3,0,corps,20.299177708852035,4.4958
4975,9,156,17.33,5.3,0,corps,20.291030157055303,1.2074
4976,17,211,12.41,8.9,0,corps,20.282886678016187,1.6298
4977,10,89,8.90,5.8,0,corps,20.274747269698825,6.5082
4978,8,66,8.25,4.9,0,corps,20.266611930068375,2.2024
4979,16,152,9.50,8.4,0,corps,20.25848065709098,2.5604
4980,19,193,10.16,9.8,0,corps,20.250353448733843,1.5911
4981,16,178,11.12,8.4,0,corps,20.242230302965154,1.9303
4982,9,80,8.89,5.3,0,corps,20.23411121775412,10.8856
4983,20,192,9.60,10.2,0,corps,20.22599619107098,2.3329
4984,22,274,12.45,11.1,0,corps,20.21788522088697,4.4658
4985,17,156,9.18,8.9,0,corps,20.209778305174343,7.7867
4986,17,254,14.94,8.9,0,corps,20.20167544190639,1.8007
4987,16,156,9.75,8.4,0,corps,20.193576629057368,2.8135
4988,34,316,9.29,16.4,0,corps,20.185481864602593,2.2927
4989,9,95,10.56,5.3,0,corps,20.17739114651837,2.0511
4990,28,328,11.71,13.8,0,corps,20.169304472782017,1.8262
4991,6,63,10.50,4.0,0,corps,20.16122184137187,1.4181
4992,8,74,9.25,4.9,0,corps,20.153143250267263,10.9821
4993,18,246,13.67,9.3,0,corps,20.14506869744855,3.6717
4994,11,164,14.91,6.2,0,corps,20.136998180897105,1.5657
4995,9,60,6.67,5.3,0,corps,20.12893169859528,8.7835
4996,10,137,13.70,5.8,0,corps,20.120869248526464,3.7812
4997,15,266,17.73,8.0,0,corps,20.112810828675055,4.0412
4998,28,280,10.00,13.8,0,corps,20.104756437026424,3.6303
4999,20,183,9.15,10.2,0,corps,20.096706071567,2.1445
5000,6,53,8.83,4.0,0,corps,20.088659730284164,2.0148
5001,17,151,8.88,8.9,0,corps,20.080617411166347,1.6472
5002,11,94,8.55,6.2,0,corps,20.072579112202973,5.8038
5003,3,29,9.67,2.7,0,corps,20.064544831384456,1.6107
5004,34,324,9.53,16.4,0,corps,20.056514566702237,4.5311
5005,18,150,8.33,9.3,0,corps,20.04848831614873,4.1127
5006,19,150,7.89,9.8,0,corps,20.040466077717394,4.0101
5007,13,127,9.77,7.1,0,corps,20.032447849402665,2.7467
5008,20,215,10.75,10.2,0,corps,20.024433629199976,1.6426
5009,14,132,9.43,7.6,0,corps,20.016423415105773,5.7197
5010,23,267,11.61,11.6,0,corps,20.008417205117517,4.1096
5011,25,234,9.36,12.4,0,corps,20.000414997233644,2.8771
5012,5,63,12.60,3.6,0,corps,19.992416789453603,1.2556
5013,27,319,11.81,13.3,0,corps,19.98442257977784,2.4633
5014,3,32,10.67,2.7,0,corps,19.976432366207803,1.8856
5015,27,254,9.41,13.3,0,corps,19.96844614674595,2.9223
5016,12,119,9.92,6.7,0,corps,19.960463919395707,3.3193
5017,7,90,12.86,4.4,0,corps,19.952485682161527,1.1545
5018,17,232,13.65,8.9,0,corps,19.944511433048863,2.3672
5019,27,223,8.26,13.3,0,corps,19.936541170064128,2.3097
5020,22,180,8.18,11.1,0,corps,19.928574891214772,2.0899
5021,10,107,10.70,5.8,0,corps,19.920612594509223,4.6096
5022,23,237,10.30,11.6,0,corps,19.9126542779569,1.9941
5023,22,203,9.23,11.1,0,corps,19.90469993956824,4.7479
5024,7,62,8.86,4.4,0,corps,19.89674957735464,1.9861
5025,33,335,10.15,16.0,0,corps,19.888803189328513,2.6018
5026,24,235,9.79,12.0,0,corps,19.88086077350328,5.2272
5027,10,122,12.20,5.8,0,corps,19.87292232789331,2.6370
5028,16,168,10.50,8.4,0,corps,19.864987850514016,6.6950
5029,11,100,9.09,6.2,0,corps,19.857057339381758,5.5987
5030,21,222,10.57,10.7,0,corps,19.849130792513918,2.7368
5031,18,165,9.17,9.3,0,corps,19.841208207928865,5.4746
5032,14,164,11.71,7.6,0,corps,19.833289583645943,1.6863
5033,23,192,8.35,11.6,0,corps,19.825374917685494,4.5632
5034,11,113,10.27,6.2,0,corps,19.817464208068866,5.7057
5035,15,142,9.47,8.0,0,corps,19.809557452818368,3.9165
5036,8,99,12.38,4.9,0,corps,19.801654649957317,1.6934
5037,5,56,11.20,3.6,0,corps,19.793755797510006,2.1375
5038,6,58,9.67,4.0,0,corps,19.78586089350173,3.7091
5039,25,200,8.00,12.4,0,corps,19.777969935958765,3.9724
5040,14,115,8.21,7.6,0,corps,19.770082922908358,6.2925
5041,12,110,9.17,6.7,0,corps,19.762199852378764,2.1117
5042,6,59,9.83,4.0,0,corps,19.75432072239922,1.7002
5043,19,144,7.58,9.8,0,corps,19.74644553099994,8.2882
5044,14,123,8.79,7.6,0,corps,19.73857427621212,1.8517
5045,25,246,9.84,12.4,0,corps,19.73070695606795,4.7712
5046,36,357,9.92,17.3,0,corps,19.722843568600602,7.8054
5047,22,302,13.73,11.1,0,corps,19.714984111844235,4.3079
5048,18,157,8.72,9.3,0,corps,19.70712858383397,3.9950
5049,14,119,8.50,7.6,0,corps,19.69927698260593,2.4881
5050,10,93,9.30,5.8,0,corps,19.69142930619723,1.6925
5051,31,330,10.65,15.1,0,corps,19.683585552645926,5.9926
5052,30,281,9.37,14.7,0,corps,19.6757457199911,5.0337
5053,11,99,9.00,6.2,0,corps,19.667909806272778,6.9556
5054,30,334,11.13,14.7,0,corps,19.66007780953199,7.1768
5055,13,93,7.15,7.1,0,corps,19.652249727810748,2.8521
5056,8,63,7.88,4.9,0,corps,19.64442555915201,2.4029
5057,10,99,9.90,5.8,0,corps,19.636605301599737,7.5968
5058,23,210,9.13,11.6,0,corps,19.628788953198885,5.2666
5059,24,284,11.83,12.0,0,corps,19.62097651199534,5.6217
5060,15,167,11.13,8.0,0,corps,19.613167976036017,6.1329
5061,24,249,10.38,12.0,0,corps,19.605363343368758,2.9723
5062,33,284,8.61,16.0,0,corps,19.597562612042417,3.1418
5063,14,145,10.36,7.6,0,corps,19.58976578010682,7.1079
5064,32,329,10.28,15.6,0,corps,19.581972845612743,6.2300
5065,30,331,11.03,14.7,0,corps,19.574183806611952,3.8326
5066,37,352,9.51,17.8,0,corps,19.566398661157205,5.6057
5067,12,115,9.58,6.7,0,corps,19.558617407302197,2.2931
5068,17,168,9.88,8.9,0,corps,19.55084004310163,5.1410
5069,3,65,21.67,2.7,0,corps,19.54306656661115,0.7575
5070,15,144,9.60,8.0,0,corps,19.535296975887384,2.0201
5071,10,83,8.30,5.8,0,corps,19.527531268987957,10.9592
5072,21,194,9.24,10.7,0,corps,19.51976944397142,3.9283
5073,9,84,9.33,5.3,0,corps,19.512011498897323,1.1989
5074,28,237,8.46,13.8,0,corps,19.50425743182619,3.1718
5075,16,183,11.44,8.4,0,corps,19.496507240819486,8.1967
5076,17,150,8.82,8.9,0,corps,19.488760923939683,2.1117
5077,18,171,9.50,9.3,0,corps,19.481018479250185,5.2778
5078,28,257,9.18,13.8,0,corps,19.473279904815385,4.8919
5079,13,120,9.23,7.1,0,corps,19.465545198700653,2.6327
5080,2,19,9.50,2.2,0,corps,19.45781435897229,1.7884
5081,10,89,8.90,5.8,0,corps,19.450087383697596,9.3766
5082,14,135,9.64,7.6,0,corps,19.44236427094484,1.7998
5083,28,232,8.29,13.8,0,corps,19.434645018783222,6.4378
5084,21,174,8.29,10.7,0,corps,19.426929625282945,2.7867
5085,14,131,9.36,7.6,0,corps,19.41921808851515,2.6414
5086,8,63,7.88,4.9,0,corps,19.41151040655196,6.4986
5087,18,173,9.61,9.3,0,corps,19.403806577466458,7.7847
5088,18,190,10.56,9.3,0,corps,19.396106599332672,1.6781
5089,6,44,7.33,4.0,0,corps,19.388410470225615,14.1759
5090,24,232,9.67,12.0,0,corps,19.380718188221262,5.7171
5091,25,265,10.60,12.4,0,corps,19.37302975139653,4.0916
5092,16,187,11.69,8.4,0,corps,19.365345157829324,3.1527
5093,17,161,9.47,8.9,0,corps,19.35766440559848,4.3752
5094,17,164,9.65,8.9,0,corps,19.349987492783818,2.8517
5095,8,64,8.00,4.9,0,corps,19.342314417466117,2.0282
5096,11,131,11.91,6.2,0,corps,19.33464517772709,2.1412
5097,18,170,9.44,9.3,0,corps,19.326979771649437,2.1138
5098,27,244,9.04,13.3,0,corps,19.31931819731682,2.0232
5099,6,48,8.00,4.0,0,corps,19.31166045281382,3.3279
5100,5,57,11.40,3.6,0,corps,19.30400653622602,1.4625
5101,9,82,9.11,5.3,0,corps,19.29635644563993,1.7355
5102,19,185,9.74,9.8,0,corps,19.288710179143028,1.6985
5103,6,76,12.67,4.0,0,corps,19.281067734823758,1.8034
5104,15,143,9.53,8.0,0,corps,19.273429110771495,1.7929
5105,11,90,8.18,6.2,0,corps,19.26579430507659,8.0259
5106,17,178,10.47,8.9,0,corps,19.258163315830345,5.4366
5107,19,190,10.00,9.8,0,corps,19.250536141125004,4.6374
5108,12,133,11.08,6.7,0,corps,19.242912779053782,2.2262
5109,22,198,9.00,11.1,0,corps,19.23529322771083,2.5642
5110,18,159,8.83,9.3,0,corps,19.227677485191265,1.9908
5111,21,220,10.48,10.7,0,corps,19.220065549591155,3.4548
5112,4,37,9.25,3.1,0,corps,19.212457419007503,1.9164
5113,13,119,9.15,7.1,0,corps,19.20485309153829,1.3079
5114,18,162,9.00,9.3,0,corps,19.197252565282433,5.8712
5115,27,268,9.93,13.3,0,corps,19.189655838339785,2.3518
5116,12,127,10.58,6.7,0,corps,19.18206290881119,1.8160
5117,16,137,8.56,8.4,0,corps,19.174473774798393,2.2979
5118,13,135,10.38,7.1,0,corps,19.166888434404118,1.7600
5119,12,98,8.17,6.7,0,corps,19.159306885732036,7.5747
5120,19,233,12.26,9.8,0,corps,19.15172912688675,1.7941
5121,20,171,8.55,10.2,0,corps,19.144155155973824,1.8484
5122,16,142,8.88,8.4,0,corps,19.136584971099772,3.5980
5123,17,140,8.24,8.9,0,corps,19.129018570372036,5.7555
5124,16,139,8.69,8.4,0,corps,19.121455951899023,2.5928
5125,14,130,9.29,7.6,0,corps,19.113897113790077,1.6912
5126,20,212,10.60,10.2,0,corps,19.106342054155483,2.7868
5127,17,154,9.06,8.9,0,corps,19.09879077110649,1.9506
5128,19,190,10.00,9.8,0,corps,19.091243262755263,5.8090
5129,24,221,9.21,12.0,0,corps,19.083699527214936,2.6982
5130,17,199,11.71,8.9,0,corps,19.076159562599564,4.1066
5131,20,238,11.90,10.2,0,corps,19.068623367024156,4.9961
5132,26,320,12.31,12.9,0,corps,19.06109093860468,4.2088
5133,18,198,11.00,9.3,0,corps,19.05356227545801,1.4805
5134,23,233,10.13,11.6,0,corps,19.046037375701985,4.4383
5135,15,161,10.73,8.0,0,corps,19.03851623745539,2.6602
5136,24,267,11.12,12.0,0,corps,19.03099885883793,3.9294
5137,14,142,10.14,7.6,0,corps,19.023485237970263,3.1013
5138,22,184,8.36,11.1,0,corps,19.01597537297398,2.6689
5139,24,267,11.12,12.0,0,corps,19.00846926197162,2.7905
5140,10,83,8.30,5.8,0,corps,19.000966903086656,2.5061
5141,21,229,10.90,10.7,0,corps,18.993468294443492,1.6668
5142,28,287,10.25,13.8,0,corps,18.98597343416748,2.1598
5143,28,300,10.71,13.8,0,corps,18.97848232038491,2.2362
5144,22,283,12.86,11.1,0,corps,18.970994951222995,1.2071
5145,30,330,11.00,14.7,0,corps,18.9635113248099,4.7218
5146,6,53,8.83,4.0,0,corps,18.956031439274707,1.6242
5147,31,258,8.32,15.1,0,corps,18.94855529274745,3.8748
5148,27,304,11.26,13.3,0,corps,18.941082883359105,5.8243
5149,15,226,15.07,8.0,0,corps,18.933614209241547,1.7218
5150,19,225,11.84,9.8,0,corps,18.926149268527624,5.2608
5151,25,293,11.72,12.4,0,corps,18.918688059351098,2.2958
5152,23,226,9.83,11.6,0,corps,18.91123057984666,4.8407
5153,13,158,12.15,7.1,0,corps,18.903776828149955,6.5084
5154,9,130,14.44,5.3,0,corps,18.896326802397525,1.5619
5155,20,248,12.40,10.2,0,corps,18.88888050072687,2.7908
5156,4,40,10.00,3.1,0,corps,18.88143792127643,1.7354
5157,29,314,10.83,14.2,0,corps,18.873999062185536,3.1975
5158,26,240,9.23,12.9,0,corps,18.866563921594487,1.7062
5159,18,132,7.33,9.3,0,corps,18.859132497644502,2.5946
5160,13,108,8.31,7.1,0,corps,18.851704788477715,4.8196
5161,32,301,9.41,15.6,0,corps,18.844280792237207,4.3425
5162,21,217,10.33,10.7,0,corps,18.836860507066966,4.2895
5163,4,47,11.75,3.1,0,corps,18.829443931111932,1.2097
5164,16,137,8.56,8.4,0,corps,18.822031062517965,5.0189
5165,34,420,12.35,16.4,0,corps,18.81462189943183,6.5110
5166,13,130,10.00,7.1,0,corps,18.807216440001252,1.5550
5167,31,302,9.74,15.1,0,corps,18.799814682374862,4.8723
5168,25,260,10.40,12.4,0,corps,18.79241662470222,2.1112
5169,19,189,9.95,9.8,0,corps,18.785022265133815,6.2416
5170,22,249,11.32,11.1,0,corps,18.777631601821042,4.1684
5171,20,180,9.00,10.2,0,corps,18.77024463291625,6.4656
5172,29,322,11.10,14.2,0,corps,18.762861356572703,4.1229
5173,12,107,8.92,6.7,0,corps,18.755481770944563,4.8847
5174,34,341,10.03,16.4,0,corps,18.74810587418694,3.5103
5175,16,146,9.12,8.4,0,corps,18.74073366445587,3.7051
5176,12,152,12.67,6.7,0,corps,18.73336513990829,1.6212
5177,10,112,11.20,5.8,0,corps,18.726000298702075,5.4888
5178,25,291,11.64,12.4,0,corps,18.718639138996004,3.1676
5179,32,321,10.03,15.6,0,corps,18.711281658949797,4.9736
5180,22,215,9.77,11.1,0,corps,18.703927856724086,4.3582
5181,28,276,9.86,13.8,0,corps,18.69657773048041,4.2322
5182,10,87,8.70,5.8,0,corps,18.689231278381243,2.3890
5183,10,104,10.40,5.8,0,corps,18.68188849858998,2.5704
5184,39,395,10.13,18.7,0,corps,18.67454938927091,2.9826
5185,15,172,11.47,8.0,0,corps,18.66721394858927,4.6295
5186,13,139,10.69,7.1,0,corps,18.65988217471119,4.8941
5187,23,202,8.78,11.6,0,corps,18.652554065803727,4.8863
5188,7,70,10.00,4.4,0,corps,18.645229620034865,11.3268
5189,8,79,9.88,4.9,0,corps,18.637908835573473,2.2983
5190,14,142,10.14,7.6,0,corps,18.63059171058937,5.2146
5191,21,222,10.57,10.7,0,corps,18.62327824325328,3.6435
5192,20,182,9.10,10.2,0,corps,18.615968431736817,3.7336
5193,15,153,10.20,8.0,0,corps,18.60866227421255,4.1254
5194,26,248,9.54,12.9,0,corps,18.60135976885391,6.5024
5195,24,248,10.33,12.0,0,corps,18.594060913835296,2.7750
5196,23,165,7.17,11.6,0,corps,18.586765707331992,3.7285
5197,14,103,7.36,7.6,0,corps,18.579474147520187,10.7383
5198,11,103,9.36,6.2,0,corps,18.57218623257699,2.2667
5199,3,34,11.33,2.7,0,corps,18.564901960680437,1.0844
5200,14,162,11.57,7.6,0,corps,18.55762133000944,4.7751
5201,18,195,10.83,9.3,0,corps,18.55034433874386,4.8375
5202,3,40,13.33,2.7,0,corps,18.543070985064432,1.4995
5203,5,51,10.20,3.6,0,corps,18.53580126715283,1.2665
5204,19,159,8.37,9.8,0,corps,18.52853518319162,1.7547
5205,11,123,11.18,6.2,0,corps,18.521272731364284,6.1910
5206,26,235,9.04,12.9,0,corps,18.5140139098552,4.3341
5207,15,155,10.33,8.0,0,corps,18.506758716849678,8.3921
5208,26,261,10.04,12.9,0,corps,18.499507150533905,2.5880
5209,25,261,10.44,12.4,0,corps,18.492259209095,3.2780
5210,22,207,9.41,11.1,0,corps,18.485014890720965,5.1907
5211,14,136,9.71,7.6,0,corps,18.477774193600734,5.7136
5212,29,331,11.41,14.2,0,corps,18.470537115924127,3.5089
5213,31,299,9.65,15.1,0,corps,18.463303655881873,3.1080
5214,19,263,13.84,9.8,0,corps,18.4560738116656,2.9762
5215,20,235,11.75,10.2,0,corps,18.44884758146787,2.3605
5216,24,286,11.92,12.0,0,corps,18.441624963482102,3.4465
5217,10,118,11.80,5.8,0,corps,18.43440595590266,3.2337
5218,6,62,10.33,4.0,0,corps,18.427190556924767,1.4388
5219,13,128,9.85,7.1,0,corps,18.41997876474459,2.6210
5220,20,184,9.20,10.2,0,corps,18.412770577559193,2.6101
5221,24,252,10.50,12.0,0,corps,18.4055659935665,3.7106
5222,29,289,9.97,14.2,0,corps,18.398365010965385,5.1417
5223,38,437,11.50,18.2,0,corps,18.391167627955607,6.0464
5224,16,162,10.12,8.4,0,corps,18.383973842737802,2.1062
5225,26,297,11.42,12.9,0,corps,18.37678365351354,2.8033
5226,26,267,10.27,12.9,0,corps,18.369597058485258,4.2797
5227,23,231,10.04,11.6,0,corps,18.362414055856316,5.6396
5228,30,302,10.07,14.7,0,corps,18.35523464383097,3.2490
5229,22,230,10.45,11.1,0,corps,18.34805882061435,4.4165
5230,11,155,14.09,6.2,0,corps,18.340886584412512,1.1788
5231,21,229,10.90,10.7,0,corps,18.333717933432403,3.1196
5232,14,118,8.43,7.6,0,corps,18.326552865881844,1.7556
5233,33,274,8.30,16.0,0,corps,18.31939137996958,3.5470
5234,32,397,12.41,15.6,0,corps,18.312233473905234,6.0759
5235,13,142,10.92,7.1,0,corps,18.30507914589933,6.0502
5236,19,314,16.53,9.8,0,corps,18.297928394163293,1.9426
5237,12,96,8.00,6.7,0,corps,18.290781216909423,2.7242
5238,15,198,13.20,8.0,0,corps,18.28363761235093,3.6285
5239,24,221,9.21,12.0,0,corps,18.27649757870192,5.5300
5240,14,176,12.57,7.6,0,corps,18.269361114177375,4.1632
5241,22,216,9.82,11.1,0,corps,18.26222821699319,4.6178
5242,23,224,9.74,11.6,0,corps,18.255098885366124,3.3391
5243,26,291,11.19,12.9,0,corps,18.247973117513855,5.2992
5244,19,205,10.79,9.8,0,corps,18.240850911654945,1.7128
5245,19,235,12.37,9.8,0,corps,18.233732266008833,3.8187
5246,13,135,10.38,7.1,0,corps,18.226617178795863,4.1462
5247,24,268,11.17,12.0,0,corps,18.219505648237263,2.5780
5248,28,295,10.54,13.8,0,corps,18.212397672555145,4.1294
5249,17,179,10.53,8.9,0,corps,18.205293249972527,3.0860
5250,20,188,9.40,10.2,0,corps,18.198192378713284,3.8514
5251,21,206,9.81,10.7,0,corps,18.191095057002215,4.2989
5252,12,87,7.25,6.7,0,corps,18.18400128306499,4.1009
5253,18,225,12.50,9.3,0,corps,18.17691105512815,3.6602
5254,20,204,10.20,10.2,0,corps,18.169824371419157,2.7508
5255,13,100,7.69,7.1,0,corps,18.162741230166326,1.8532
5256,27,281,10.41,13.3,0,corps,18.155661629598875,2.7726
5257,27,278,10.30,13.3,0,corps,18.14858556794691,3.0400
5258,12,133,11.08,6.7,0,corps,18.141513043441403,3.5851
5259,16,175,10.94,8.4,0,corps,18.134444054314233,1.3796
5260,12,132,11.00,6.7,0,corps,18.127378598798156,6.9391
5261,12,139,11.58,6.7,0,corps,18.120316675126798,4.5773
5262,16,200,12.50,8.4,0,corps,18.113258281534687,4.2127
5263,13,196,15.08,7.1,0,corps,18.10620341625721,1.7838
5264,9,117,13.00,5.3,0,corps,18.099152077530665,1.2693
5265,22,198,9.00,11.1,0,corps,18.09210426359222,3.6060
5266,17,163,9.59,8.9,0,corps,18.0850599726799,6.6701
5267,20,224,11.20,10.2,0,corps,18.078019203032657,4.9113
5268,18,147,8.17,9.3,0,corps,18.07098195289029,2.6864
5269,9,108,12.00,5.3,0,corps,18.063948220493476,9.6193
5270,23,228,9.91,11.6,0,corps,18.056918004083798,2.4433
5271,10,93,9.30,5.8,0,corps,18.049891301903685,7.1581
5272,27,292,10.81,13.3,0,corps,18.042868112196476,4.6195
5273,3,41,13.67,2.7,0,corps,18.035848433206375,1.4267
5274,26,248,9.54,12.9,0,corps,18.028832263178447,4.7495
5275,19,186,9.79,9.8,0,corps,18.021819600358654,2.5736
5276,20,185,9.25,10.2,0,corps,18.014810442993845,2.8794
5277,4,38,9.50,3.1,0,corps,18.007804789331715,1.5709
5278,29,315,10.86,14.2,0,corps,18.000802637620858,5.2539
5279,6,68,11.33,4.0,0,corps,17.993803986110727,1.3610
5280,17,201,11.82,8.9,0,corps,17.98680883305167,4.3583
5281,11,132,12.00,6.2,0,corps,17.979817176694894,4.4191
5282,33,299,9.06,16.0,0,corps,17.97282901529248,4.4126
5283,24,227,9.46,12.0,0,corps,17.965844347097395,4.1377
5284,4,71,17.75,3.1,0,corps,17.958863170363475,1.3869
5285,22,221,10.05,11.1,0,corps,17.95188548334541,1.9711
5286,11,101,9.18,6.2,0,corps,17.944911284298804,2.3677
5287,34,365,10.74,16.4,0,corps,17.93794057148008,3.1731
5288,21,187,8.90,10.7,0,corps,17.93097334314657,4.4548
5289,8,88,11.00,4.9,0,corps,17.924009597556477,1.8287
5290,27,319,11.81,13.3,0,corps,17.917049332968848,4.4632
5291,26,284,10.92,12.9,0,corps,17.910092547643625,2.0516
5292,32,375,11.72,15.6,0,corps,17.903139239841618,2.3462
5293,5,64,12.80,3.6,0,corps,17.896189407824487,1.3107
5294,20,288,14.40,10.2,0,corps,17.889243049854787,2.5826
5295,20,207,10.35,10.2,0,corps,17.882300164195915,3.0483
5296,22,217,9.86,11.1,0,corps,17.875360749112158,2.5375
5297,22,266,12.09,11.1,0,corps,17.868424802868667,1.9144
5298,23,192,8.35,11.6,0,corps,17.86149232373144,2.3683
5299,15,165,11.00,8.0,0,corps,17.854563309967368,4.2081
5300,20,199,9.95,10.2,0,corps,17.8476377598442,2.7107
5301,15,150,10.00,8.0,0,corps,17.840715671630537,1.7872
5302,18,165,9.17,9.3,0,corps,17.833797043595876,5.6026
5303,17,171,10.06,8.9,0,corps,17.826881874010535,3.1707
5304,25,240,9.60,12.4,0,corps,17.81997016114574,5.4101
5305,21,232,11.05,10.7,0,corps,17.81306190327356,1.9780
5306,6,38,6.33,4.0,0,corps,17.806157098666926,3.3453
5307,12,127,10.58,6.7,0,corps,17.799255745599634,5.4219
5308,28,333,11.89,13.8,0,corps,17.792357842346355,1.7165
5309,10,68,6.80,5.8,0,corps,17.785463387182606,6.8556
5310,37,378,10.22,17.8,0,corps,17.77857237838478,2.0655
5311,10,118,11.80,5.8,0,corps,17.771684814230117,7.5309
5312,16,204,12.75,8.4,0,corps,17.764800692996726,1.2421
5313,14,128,9.14,7.6,0,corps,17.757920012963584,1.6352
5314,15,129,8.60,8.0,0,corps,17.751042772410518,9.6141
5315,23,244,10.61,11.6,0,corps,17.74416896961821,3.1963
5316,21,178,8.48,10.7,0,corps,17.737298602868226,2.5737
5317,14,147,10.50,7.6,0,corps,17.730431670442957,2.2526
5318,28,300,10.71,13.8,0,corps,17.723568170625683,2.6618
5319,15,135,9.00,8.0,0,corps,17.71670810170052,5.9881
5320,28,324,11.57,13.8,0,corps,17.70985146195245,4.6361
5321,14,130,9.29,7.6,0,corps,17.702998249667324,6.3277
5322,34,324,9.53,16.4,0,corps,17.696148463131824,2.5294
5323,8,86,10.75,4.9,0,corps,17.689302100633515,6.9079
5324,24,218,9.08,12.0,0,corps,17.682459160460805,5.5137
5325,42,413,9.83,20.0,0,corps,17.675619640902955,3.0168
5326,23,215,9.35,11.6,0,corps,17.668783540250086,2.1640
5327,8,71,8.88,4.9,0,corps,17.661950856793172,1.9787
5328,11,90,8.18,6.2,0,corps,17.65512158882404,5.4369
5329,23,249,10.83,11.6,0,corps,17.648295734635386,8.0215
5330,32,336,10.50,15.6,0,corps,17.641473292520725,3.1943
5331,25,239,9.56,12.4,0,corps,17.634654260774465,3.3228
5332,16,130,8.12,8.4,0,corps,17.627838637691845,6.1556
5333,21,254,12.10,10.7,0,corps,17.62102642156895,2.3562
5334,8,68,8.50,4.9,0,corps,17.614217610702735,1.3516
5335,14,120,8.57,7.6,0,corps,17.607412203390986,3.3198
5336,20,183,9.15,10.2,0,corps,17.60061019793236,6.5841
5337,16,149,9.31,8.4,0,corps,17.593811592626366,2.0563
5338,21,232,11.05,10.7,0,corps,17.587016385773328,1.4938
5339,18,155,8.61,9.3,0,corps,17.580224575674464,3.9812
5340,23,199,8.65,11.6,0,corps,17.573436160631815,4.5184
5341,25,220,8.80,12.4,0,corps,17.566651138948274,5.3339
5342,23,210,9.13,11.6,0,corps,17.55986950892759,4.5068
5343,29,264,9.10,14.2,0,corps,17.55309126887435,3.3117
5344,31,300,9.68,15.1,0,corps,17.546316417093998,6.3081
5345,18,201,11.17,9.3,0,corps,17.53954495189283,4.0355
5346,25,251,10.04,12.4,0,corps,17.532776871577962,2.2248
5347,27,245,9.07,13.3,0,corps,17.526012174457378,5.1194
5348,10,71,7.10,5.8,0,corps,17.51925085883992,5.5123
5349,19,222,11.68,9.8,0,corps,17.51249292303524,3.4895
5350,33,335,10.15,16.0,0,corps,17.505738365353867,2.0161
5351,31,314,10.13,15.1,0,corps,17.498987184107147,4.3893
5352,17,176,10.35,8.9,0,corps,17.492239377607298,1.7084
5353,26,207,7.96,12.9,0,corps,17.485494944167364,4.0725
5354,10,97,9.70,5.8,0,corps,17.478753882101238,9.6767
5355,12,121,10.08,6.7,0,corps,17.472016189723647,3.6726
5356,36,402,11.17,17.3,0,corps,17.46528186535018,4.1431
5357,6,38,6.33,4.0,0,corps,17.458550907297244,4.1728
5358,25,236,9.44,12.4,0,corps,17.45182331388211,3.9139
5359,14,160,11.43,7.6,0,corps,17.44509908342287,2.3198
5360,24,234,9.75,12.0,0,corps,17.43837821423847,1.7771
5361,21,180,8.57,10.7,0,corps,17.431660704648703,2.2088
5362,11,103,9.36,6.2,0,corps,17.42494655297417,6.4391
5363,16,135,8.44,8.4,0,corps,17.418235757536348,2.2688
5364,24,228,9.50,12.0,0,corps,17.41152831665754,3.8608
5365,14,108,7.71,7.6,0,corps,17.40482422866088,7.1002
5366,6,74,12.33,4.0,0,corps,17.39812349187035,1.8691
5367,5,73,14.60,3.6,0,corps,17.39142610461076,1.4312
5368,14,144,10.29,7.6,0,corps,17.384732065207757,2.1818
5369,36,315,8.75,17.3,0,corps,17.378041371987855,3.0128
5370,13,140,10.77,7.1,0,corps,17.371354023278354,1.4534
5371,16,183,11.44,8.4,0,corps,17.36467001740743,1.3866
5372,17,152,8.94,8.9,0,corps,17.357989352704088,5.4602
5373,32,298,9.31,15.6,0,corps,17.351312027498142,2.6741
5374,28,260,9.29,13.8,0,corps,17.344638040120284,2.0964
5375,38,348,9.16,18.2,0,corps,17.337967388901998,6.5971
5376,15,141,9.40,8.0,0,corps,17.33130007217563,4.6526
5377,41,366,8.93,19.6,0,corps,17.324636088274353,5.2440
5378,15,124,8.27,8.0,0,corps,17.317975435532166,2.9308
5379,18,172,9.56,9.3,0,corps,17.311318112283907,2.7741
5380,17,178,10.47,8.9,0,corps,17.304664116865244,1.6463
5381,3,23,7.67,2.7,0,corps,17.29801344761268,2.7901
5382,9,69,7.67,5.3,0,corps,17.29136610286355,2.3971
5383,8,66,8.25,4.9,0,corps,17.28472208095601,1.8120
5384,13,145,11.15,7.1,0,corps,17.278081380229057,2.7134
5385,12,95,7.92,6.7,0,corps,17.271443999022527,8.1598
5386,18,184,10.22,9.3,0,corps,17.264809935677057,2.2184
5387,23,274,11.91,11.6,0,corps,17.258179188534147,1.6913
5388,27,233,8.63,13.3,0,corps,17.251551755936102,4.8479
5389,39,379,9.72,18.7,0,corps,17.244927636226063,2.4901
5390,17,159,9.35,8.9,0,corps,17.238306827748005,2.2574
5391,18,177,9.83,9.3,0,corps,17.23168932884672,4.7700
5392,10,107,10.70,5.8,0,corps,17.225075137867833,7.5104
5393,4,47,11.75,3.1,0,corps,17.21846425315781,1.8598
5394,8,72,9.00,4.9,0,corps,17.21185667306391,7.7242
5395,9,91,10.11,5.3,0,corps,17.205252395934252,1.6134
5396,21,199,9.48,10.7,0,corps,17.198651420117756,4.3881
5397,18,203,11.28,9.3,0,corps,17.192053743964188,2.3213
5398,15,156,10.40,8.0,0,corps,17.185459365824123,5.2982
5399,15,192,12.80,8.0,0,corps,17.178868284048967,2.9299
5400,46,468,10.17,21.8,0,corps,17.17228049699095,5.6062
5401,18,173,9.61,9.3,0,corps,17.165696003003134,3.5012
5402,41,417,10.17,19.6,0,corps,17.15911480043938,2.6837
5403,32,259,8.09,15.6,0,corps,17.1525368876544,3.0310
5404,14,159,11.36,7.6,0,corps,17.145962263003707,1.3704
5405,40,443,11.07,19.1,0,corps,17.139390924843642,3.2830
5406,33,342,10.36,16.0,0,corps,17.132822871531385,4.2726
5407,12,112,9.33,6.7,0,corps,17.12625810142491,7.9955
5408,33,355,10.76,16.0,0,corps,17.119696612883033,3.0641
5409,3,39,13.00,2.7,0,corps,17.113138404265378,1.4672
5410,9,91,10.11,5.3,0,corps,17.106583473932385,2.2401
5411,8,96,12.00,4.9,0,corps,17.100031820245338,5.8537
5412,27,299,11.07,13.3,0,corps,17.093483441566306,1.6062
5413,16,157,9.81,8.4,0,corps,17.086938336258203,4.9047
5414,30,385,12.83,14.7,0,corps,17.080396502684764,3.8804
5415,19,228,12.00,9.8,0,corps,17.073857939210505,1.7460
5416,32,311,9.72,15.6,0,corps,17.067322644200804,3.5265
5417,12,146,12.17,6.7,0,corps,17.060790616021833,3.2029
5418,25,238,9.52,12.4,0,corps,17.054261853040583,4.2520
5419,22,213,9.68,11.1,0,corps,17.047736353624867,1.8322
5420,25,230,9.20,12.4,0,corps,17.041214116143305,5.3626
5421,12,137,11.42,6.7,0,corps,17.034695138965336,4.9135
5422,23,231,10.04,11.6,0,corps,17.028179420461225,3.9182
5423,39,434,11.13,18.7,0,corps,17.021666959002037,5.2269
5424,24,308,12.83,12.0,0,corps,17.01515775295965,1.6408
5425,2,12,6.00,2.2,0,corps,17.00865180070678,1.7608
5426,10,97,9.70,5.8,0,corps,17.00214910061692,1.5312
5427,10,104,10.40,5.8,0,corps,16.995649651064408,1.6693
5428,10,76,7.60,5.8,0,corps,16.98915345042437,1.6179
5429,20,210,10.50,10.2,0,corps,16.982660497072764,1.9898
5430,23,209,9.09,11.6,0,corps,16.976170789386355,3.2764
5431,25,245,9.80,12.4,0,corps,16.969684325742705,1.6801
5432,31,294,9.48,15.1,0,corps,16.963201104520206,2.3019
5433,25,229,9.16,12.4,0,corps,16.956721124098053,4.9598
5434,14,126,9.00,7.6,0,corps,16.950244382856244,2.2395
5435,32,381,11.91,15.6,0,corps,16.943770879175606,2.2105
5436,12,146,12.17,6.7,0,corps,16.937300611437745,4.8374
5437,22,284,12.91,11.1,0,corps,16.93083357802511,1.8932
5438,4,48,12.00,3.1,0,corps,16.924369777320937,2.4631
5439,3,31,10.33,2.7,0,corps,16.917909207709272,2.0892
5440,3,43,14.33,2.7,0,corps,16.91145186757498,1.4101
5441,15,146,9.73,8.0,0,corps,16.904997755303725,1.4041
5442,32,317,9.91,15.6,0,corps,16.89854686928197,4.3538
5443,13,140,10.77,7.1,0,corps,16.892099207897,1.8215
5444,24,313,13.04,12.0,0,corps,16.885654769536902,3.7352
5445,18,167,9.28,9.3,0,corps,16.879213552590556,2.3570
5446,30,342,11.40,14.7,0,corps,16.872775555447678,3.6573
5447,12,154,12.83,6.7,0,corps,16.86634077649875,5.3816
5448,10,128,12.80,5.8,0,corps,16.859909214135076,2.0837
5449,15,161,10.73,8.0,0,corps,16.853480866748786,4.9808
5450,33,409,12.39,16.0,0,corps,16.84705573273277,2.1119
5451,11,129,11.73,6.2,0,corps,16.84063381048076,6.3314
5452,4,55,13.75,3.1,0,corps,16.83421509838726,1.8004
5453,7,95,13.57,4.4,0,corps,16.827799594847605,6.0801
5454,21,242,11.52,10.7,0,corps,16.82138729825792,2.4756
5455,31,450,14.52,15.1,0,corps,16.81497820701513,2.5677
5456,25,254,10.16,12.4,0,corps,16.808572319516948,3.8576
5457,18,199,11.06,9.3,0,corps,16.802169634161924,1.6700
5458,23,246,10.70,11.6,0,corps,16.795770149349366,2.0347
5459,23,347,15.09,11.6,0,corps,16.78937386347942,1.7116
5460,34,319,9.38,16.4,0,corps,16.782980774952996,4.2046
5461,13,144,11.08,7.1,0,corps,16.776590882171835,1.6894
5462,23,233,10.13,11.6,0,corps,16.770204183538468,2.4069
5463,12,102,8.50,6.7,0,corps,16.763820677456202,3.5335
5464,23,241,10.48,11.6,0,corps,16.757440362329177,2.4961
5465,28,311,11.11,13.8,0,corps,16.75106323656232,2.0677
5466,27,263,9.74,13.3,0,corps,16.744689298561326,4.8289
5467,14,187,13.36,7.6,0,corps,16.73831854673273,1.0823
5468,22,279,12.68,11.1,0,corps,16.73195097948383,1.5199
5469,16,141,8.81,8.4,0,corps,16.725586595222744,6.5450
5470,27,275,10.19,13.3,0,corps,16.719225392358375,2.1788
5471,41,440,10.73,19.6,0,corps,16.71286736930042,5.3295
5472,4,39,9.75,3.1,0,corps,16.70651252445937,1.8636
5473,17,174,10.24,8.9,0,corps,16.700160856246523,1.2811
5474,26,293,11.27,12.9,0,corps,16.693812363073953,1.8847
5475,21,191,9.10,10.7,0,corps,16.68746704335454,2.0819
5476,18,149,8.28,9.3,0,corps,16.681124895501952,2.1383
5477,28,283,10.11,13.8,0,corps,16.674785917930652,2.6634
5478,33,286,8.67,16.0,0,corps,16.66845010905591,2.2451
5479,18,163,9.06,9.3,0,corps,16.66211746729375,1.5946
5480,39,407,10.44,18.7,0,corps,16.655787991061022,4.6385
5481,26,250,9.62,12.9,0,corps,16.649461678775364,1.9000
5482,28,261,9.32,13.8,0,corps,16.643138528855186,3.1416
5483,19,207,10.89,9.8,0,corps,16.636818539719712,4.7016
5484,36,335,9.31,17.3,0,corps,16.630501709788938,3.0620
5485,20,166,8.30,10.2,0,corps,16.62418803748365,2.1885
5486,12,85,7.08,6.7,0,corps,16.617877521225445,10.6618
5487,38,419,11.03,18.2,0,corps,16.61157015943668,3.2835
5488,29,331,11.41,14.2,0,corps,16.60526595054052,3.8952
5489,36,382,10.61,17.3,0,corps,16.59896489296092,4.4632
5490,26,300,11.54,12.9,0,corps,16.5926669851226,2.1628
5491,33,310,9.39,16.0,0,corps,16.586372225451107,2.0876
5492,2,18,9.00,2.2,0,corps,16.580080612372722,1.5116
5493,23,215,9.35,11.6,0,corps,16.57379214431456,2.3700
5494,9,77,8.56,5.3,0,corps,16.5675068197045,2.1306
5495,15,140,9.33,8.0,0,corps,16.56122463697121,1.9461
5496,28,282,10.07,13.8,0,corps,16.55494559454414,4.4840
5497,13,163,12.54,7.1,0,corps,16.548669690853544,1.9714
5498,19,173,9.11,9.8,0,corps,16.54239692433043,6.4843
5499,24,316,13.17,12.0,0,corps,16.536127293406615,3.2102
5500,20,243,12.15,10.2,0,corps,16.529860796514683,3.2130
5501,17,155,9.12,8.9,0,corps,16.523597432088017,2.1317
5502,16,149,9.31,8.4,0,corps,16.51733719856078,2.6011
5503,15,150,10.00,8.0,0,corps,16.5110800943679,4.5481
5504,21,262,12.48,10.7,0,corps,16.504826117945118,2.2755
5505,6,54,9.00,4.0,0,corps,16.498575267728928,2.1287
5506,24,217,9.04,12.0,0,corps,16.492327542156612,2.1196
5507,21,191,9.10,10.7,0,corps,16.486082939666254,2.7097
5508,15,137,9.13,8.0,0,corps,16.479841458696693,2.0552
5509,20,182,9.10,10.2,0,corps,16.473603097687562,2.3357
5510,23,224,9.74,11.6,0,corps,16.467367855079274,1.9023
5511,15,131,8.73,8.0,0,corps,16.46113572931301,2.5061
5512,10,103,10.30,5.8,0,corps,16.45490671883075,2.5451
5513,18,140,7.78,9.3,0,corps,16.448680822075225,2.7298
5514,20,193,9.65,10.2,0,corps,16.442458037489974,5.0049
5515,26,245,9.42,12.9,0,corps,16.4362383635193,3.3119
5516,9,95,10.56,5.3,0,corps,16.43002179860828,1.8148
5517,4,47,11.75,3.1,0,corps,16.42380834120277,1.7498
5518,17,192,11.29,8.9,0,corps,16.417597989749417,5.4692
5519,28,362,12.93,13.8,0,corps,16.411390742695627,3.3312
5520,22,317,14.41,11.1,0,corps,16.405186598489582,2.9021
5521,9,115,12.78,5.3,0,corps,16.398985555580254,1.5511
5522,13,159,12.23,7.1,0,corps,16.392787612417376,1.3708
5523,25,229,9.16,12.4,0,corps,16.38659276745147,2.1365
5524,32,277,8.66,15.6,0,corps,16.380401019133817,3.4609
5525,19,165,8.68,9.8,0,corps,16.37421236591648,5.4002
5526,14,155,11.07,7.6,0,corps,16.36802680625231,3.4981
5527,20,248,12.40,10.2,0,corps,16.361844338594896,3.5821
5528,10,130,13.00,5.8,0,corps,16.355664961398638,3.8169
5529,9,101,11.22,5.3,0,corps,16.34948867311868,1.7609
5530,17,121,7.12,8.9,0,corps,16.343315472210953,7.0037
5531,16,160,10.00,8.4,0,corps,16.337145357132165,2.2449
5532,7,73,10.43,4.4,0,corps,16.330978326339775,1.6303
5533,16,140,8.75,8.4,0,corps,16.324814378292032,2.0315
5534,30,280,9.33,14.7,0,corps,16.318653511447952,3.9597
5535,16,151,9.44,8.4,0,corps,16.312495724267308,2.3207
5536,34,371,10.91,16.4,0,corps,16.306341015210666,3.6004
5537,13,159,12.23,7.1,0,corps,16.300189382739333,3.3240
5538,30,360,12.00,14.7,0,corps,16.294040825315413,4.1374
5539,13,235,18.08,7.1,0,corps,16.287895341401768,1.2619
5540,26,259,9.96,12.9,0,corps,16.28175292946202,4.0754
5541,17,174,10.24,8.9,0,corps,16.275613587960564,3.9708
5542,18,261,14.50,9.3,0,corps,16.269477315362575,1.4540
5543,20,211,10.55,10.2,0,corps,16.263344110133975,2.4714
5544,22,216,9.82,11.1,0,corps,16.25721397074147,3.7985
5545,28,278,9.93,13.8,0,corps,16.251086895652517,4.3462
5546,24,271,11.29,12.0,0,corps,16.24496288333535,2.6595
5547,32,394,12.31,15.6,0,corps,16.238841932258975,3.7892
5548,10,112,11.20,5.8,0,corps,16.23272404089314,4.0768
5549,30,293,9.77,14.7,0,corps,16.226609207708382,3.5068
5550,16,152,9.50,8.4,0,corps,16.220497431175993,5.1642
5551,8,64,8.00,4.9,0,corps,16.21438870976802,3.4868
5552,23,245,10.65,11.6,0,corps,16.20828304195729,2.4992
5553,21,207,9.86,10.7,0,corps,16.202180426217385,3.5504
5554,26,308,11.85,12.9,0,corps,16.196080861022647,1.6574
5555,11,109,9.91,6.2,0,corps,16.18998434484819,2.3601
5556,10,130,13.00,5.8,0,corps,16.183890876169883,1.2009
5557,22,225,10.23,11.1,0,corps,16.177800453464357,4.6669
5558,16,179,11.19,8.4,0,corps,16.171713075209013,3.2592
5559,19,204,10.74,9.8,0,corps,16.165628739881996,3.1166
5560,14,140,10.00,7.6,0,corps,16.15954744596223,1.4463
5561,29,235,8.10,14.2,0,corps,16.153469191929386,3.9552
5562,17,154,9.06,8.9,0,corps,16.147393976263906,4.5550
5563,28,278,9.93,13.8,0,corps,16.141321797446984,3.3534
5564,21,197,9.38,10.7,0,corps,16.13525265396057,2.1336
5565,23,288,12.52,11.6,0,corps,16.129186544287382,3.2751
5566,11,86,7.82,6.2,0,corps,16.1231234669109,2.3574
5567,26,249,9.58,12.9,0,corps,16.117063420315343,4.4204
5568,3,24,8.00,2.7,0,corps,16.11100640298571,2.1144
5569,8,91,11.38,4.9,0,corps,16.104952413407734,2.1220
5570,25,262,10.48,12.4,0,corps,16.098901450067924,2.6198
5571,23,223,9.70,11.6,0,corps,16.092853511453544,2.4280
5572,16,135,8.44,8.4,0,corps,16.086808596052602,2.2365
5573,19,180,9.47,9.8,0,corps,16.08076670235387,1.4090
5574,32,337,10.53,15.6,0,corps,16.074727828846886,2.0851
5575,10,100,10.00,5.8,0,corps,16.068691974021913,2.1196
5576,18,181,10.06,9.3,0,corps,16.06265913637,5.5002
5577,37,364,9.84,17.8,0,corps,16.056629314382935,1.7218
5578,29,238,8.21,14.2,0,corps,16.050602506553254,2.4451
5579,25,216,8.64,12.4,0,corps,16.04457871137427,2.1525
5580,36,400,11.11,17.3,0,corps,16.038557927340026,4.0946
5581,12,136,11.33,6.7,0,corps,16.03254015294532,5.9293
5582,38,386,10.16,18.2,0,corps,16.026525386685726,1.8006
5583,23,212,9.22,11.6,0,corps,16.020513627057532,1.6409
5584,21,196,9.33,10.7,0,corps,16.014504872557815,2.8068
5585,20,181,9.05,10.2,0,corps,16.008499121684373,6.9570
5586,30,320,10.67,14.7,0,corps,16.00249637293577,1.7210
5587,13,129,9.92,7.1,0,corps,15.996496624811332,1.3125
5588,26,225,8.65,12.9,0,corps,15.990499875811107,3.6322
5589,25,205,8.20,12.4,0,corps,15.984506124435912,1.6899
5590,9,100,11.11,5.3,0,corps,15.978515369187319,4.0451
5591,3,41,13.67,2.7,0,corps,15.972527608567624,1.1104
5592,27,252,9.33,13.3,0,corps,15.966542841079898,2.4872
5593,12,119,9.92,6.7,0,corps,15.960561065227937,1.7779
5594,22,221,10.05,11.1,0,corps,15.954582279516307,1.8198
5595,14,173,12.36,7.6,0,corps,15.948606482450314,3.8207
5596,36,379,10.53,17.3,0,corps,15.942633672536,2.6613
5597,31,315,10.16,15.1,0,corps,15.936663848280167,2.4838
5598,22,227,10.32,11.1,0,corps,15.93069700819036,3.7725
5599,12,117,9.75,6.7,0,corps,15.924733150774864,4.8672
5600,24,215,8.96,12.0,0,corps,15.918772274542722,3.0986
5601,15,109,7.27,8.0,0,corps,15.912814378003706,2.2241
5602,31,364,11.74,15.1,0,corps,15.906859459668349,1.8242
5603,21,214,10.19,10.7,0,corps,15.900907518047921,1.7176
5604,7,75,10.71,4.4,0,corps,15.894958551654431,1.9628
5605,16,144,9.00,8.4,0,corps,15.88901255900064,2.2492
5606,16,164,10.25,8.4,0,corps,15.883069538600056,2.8996
5607,31,281,9.06,15.1,0,corps,15.877129488966911,3.9302
5608,14,153,10.93,7.6,0,corps,15.871192408616208,1.6482
5609,32,286,8.94,15.6,0,corps,15.865258296063663,2.3334
5610,29,281,9.69,14.2,0,corps,15.859327149825756,2.4981
5611,18,146,8.11,9.3,0,corps,15.853398968419702,2.3844
5612,20,159,7.95,10.2,0,corps,15.847473750363447,2.1372
5613,10,81,8.10,5.8,0,corps,15.84155149417569,5.3372
5614,14,107,7.64,7.6,0,corps,15.835632198375874,2.7112
5615,22,248,11.27,11.1,0,corps,15.829715861484164,4.8631
5616,13,153,11.77,7.1,0,corps,15.823802482021488,4.4376
5617,32,362,11.31,15.6,0,corps,15.817892058509486,3.6672
5618,39,328,8.41,18.7,0,corps,15.81198458947056,3.4046
5619,30,319,10.63,14.7,0,corps,15.80608007342785,2.9844
5620,17,172,10.12,8.9,0,corps,15.800178508905214,3.7430
5621,32,323,10.09,15.6,0,corps,15.794279894427268,2.9158
5622,34,341,10.03,16.4,0,corps,15.788384228519359,4.1890
5623,6,60,10.00,4.0,0,corps,15.782491509707567,1.0967
5624,20,211,10.55,10.2,0,corps,15.776601736518717,5.0611
5625,26,235,9.04,12.9,0,corps,15.770714907480357,2.9806
5626,25,249,9.96,12.4,0,corps,15.764831021120784,3.6130
5627,27,274,10.15,13.3,0,corps,15.758950075969036,2.4879
5628,18,191,10.61,9.3,0,corps,15.753072070554861,1.4481
5629,16,173,10.81,8.4,0,corps,15.747197003408772,1.7670
5630,21,259,12.33,10.7,0,corps,15.741324873061988,1.5616
5631,19,164,8.63,9.8,0,corps,15.735455678046485,1.8727
5632,15,166,11.07,8.0,0,corps,15.729589416894965,2.5949
5633,25,244,9.76,12.4,0,corps,15.723726088140857,3.5454
5634,13,112,8.62,7.1,0,corps,15.71786569031833,5.9028
5635,24,231,9.62,12.0,0,corps,15.712008221962295,3.7158
5636,40,368,9.20,19.1,0,corps,15.70615368160837,4.6578
5637,8,78,9.75,4.9,0,corps,15.700302067792931,4.4616
5638,21,241,11.48,10.7,0,corps,15.694453379053067,2.7373
5639,20,210,10.50,10.2,0,corps,15.688607613926605,2.8666
5640,12,143,11.92,6.7,0,corps,15.682764770952115,1.9601
5641,8,73,9.12,4.9,0,corps,15.676924848668872,5.9110
5642,33,294,8.91,16.0,0,corps,15.671087845616904,1.9162
5643,9,93,10.33,5.3,0,corps,15.665253760336961,7.3176
5644,7,72,10.29,4.4,0,corps,15.659422591370515,3.2059
5645,13,112,8.62,7.1,0,corps,15.653594337259783,3.4489
5646,19,237,12.47,9.8,0,corps,15.647768996547692,1.9374
5647,10,100,10.00,5.8,0,corps,15.641946567777909,4.2234
5648,23,271,11.78,11.6,0,corps,15.636127049494833,2.4690
5649,14,142,10.14,7.6,0,corps,15.630310440243575,3.9329
5650,12,116,9.67,6.7,0,corps,15.62449673856999,5.8724
5651,30,322,10.73,14.7,0,corps,15.618685943020653,2.8238
5652,17,184,10.82,8.9,0,corps,15.61287805214286,2.0706
5653,13,133,10.23,7.1,0,corps,15.607073064484641,4.5806
5654,29,305,10.52,14.2,0,corps,15.601270978594748,2.1787
5655,13,137,10.54,7.1,0,corps,15.595471793022659,3.9026
5656,10,100,10.00,5.8,0,corps,15.589675506318581,3.8500
5657,24,215,8.96,12.0,0,corps,15.583882117033438,1.9037
5658,25,274,10.96,12.4,0,corps,15.578091623718882,2.9915
5659,23,230,10.00,11.6,0,corps,15.572304024927297,3.3558
5660,12,85,7.08,6.7,0,corps,15.566519319211777,2.3752
5661,15,145,9.67,8.0,0,corps,15.560737505126152,3.5907
5662,11,138,12.55,6.2,0,corps,15.554958581224954,3.9464
5663,4,37,9.25,3.1,0,corps,15.549182546063465,2.8205
5664,29,291,10.03,14.2,0,corps,15.543409398197678,2.5257
5665,21,212,10.10,10.7,0,corps,15.537639136184293,3.3493
5666,12,108,9.00,6.7,0,corps,15.531871758580754,4.5507
5667,8,87,10.88,4.9,0,corps,15.52610726394522,8.9359
5668,16,231,14.44,8.4,0,corps,15.520345650836557,3.6689
5669,33,354,10.73,16.0,0,corps,15.514586917814368,4.0569
5670,20,190,9.50,10.2,0,corps,15.508831063438969,4.1403
5671,14,129,9.21,7.6,0,corps,15.50307808627139,2.6458
5672,17,183,10.76,8.9,0,corps,15.497327984873403,3.0850
5673,28,285,10.18,13.8,0,corps,15.491580757807464,4.7740
5674,16,163,10.19,8.4,0,corps,15.485836403636775,2.1806
5675,31,325,10.48,15.1,0,corps,15.480094920925252,3.9910
5676,7,59,8.43,4.4,0,corps,15.474356308237514,1.7718
5677,10,118,11.80,5.8,0,corps,15.468620564138917,1.6743
5678,20,210,10.50,10.2,0,corps,15.462887687195517,5.0579
5679,21,279,13.29,10.7,0,corps,15.457157675974099,5.9217
5680,33,379,11.48,16.0,0,corps,15.451430529042161,4.5273
5681,9,94,10.44,5.3,0,corps,15.445706244967914,1.6136
5682,9,132,14.67,5.3,0,corps,15.439984822320287,1.2625
5683,15,146,9.73,8.0,0,corps,15.43426625966893,1.5261
5684,13,130,10.00,7.1,0,corps,15.428550555584192,6.1080
5685,10,107,10.70,5.8,0,corps,15.422837708637156,4.3647
5686,14,139,9.93,7.6,0,corps,15.417127717399604,3.2668
5687,19,162,8.53,9.8,0,corps,15.411420580444037,4.8900
5688,13,129,9.92,7.1,0,corps,15.405716296343686,4.4684
5689,16,169,10.56,8.4,0,corps,15.400014863672459,3.4046
5690,7,67,9.57,4.4,0,corps,15.394316281005008,1.9806
5691,20,267,13.35,10.2,0,corps,15.388620546916693,4.5965
5692,29,264,9.10,14.2,0,corps,15.382927659983567,2.0307
5693,11,98,8.91,6.2,0,corps,15.377237618782422,1.4945
5694,10,110,11.00,5.8,0,corps,15.371550421890735,2.2565
5695,19,197,10.37,9.8,0,corps,15.36586606788671,3.0875
5696,13,121,9.31,7.1,0,corps,15.36018455534927,1.4684
5697,7,63,9.00,4.4,0,corps,15.354505882858021,2.1823
5698,28,245,8.75,13.8,0,corps,15.348830048993303,5.1294
5699,17,219,12.88,8.9,0,corps,15.343157052336162,2.2250
5700,23,219,9.52,11.6,0,corps,15.337486891468338,5.0939
5701,8,81,10.12,4.9,0,corps,15.3318195649723,5.5146
5702,16,173,10.81,8.4,0,corps,15.326155071431208,3.1482
5703,54,604,11.19,25.3,0,corps,15.320493409428943,7.4004
5704,27,249,9.22,13.3,0,corps,15.314834577550092,3.5362
5705,14,126,9.00,7.6,0,corps,15.309178574379942,4.8251
5706,17,163,9.59,8.9,0,corps,15.303525398504492,2.4972
5707,35,342,9.77,16.9,0,corps,15.297875048510456,5.0229
5708,17,152,8.94,8.9,0,corps,15.292227522985238,7.2845
5709,24,233,9.71,12.0,0,corps,15.286582820516964,2.0389
5710,21,189,9.00,10.7,0,corps,15.280940939694448,4.1312
5711,18,164,9.11,9.3,0,corps,15.275301879107229,2.0739
5712,15,144,9.60,8.0,0,corps,15.26966563734554,5.1214
5713,28,249,8.89,13.8,0,corps,15.264032213000315,2.5196
5714,23,207,9.00,11.6,0,corps,15.258401604663199,3.9913
5715,23,226,9.83,11.6,0,corps,15.25277381092655,2.6232
5716,19,191,10.05,9.8,0,corps,15.24714883038341,5.0966
5717,14,143,10.21,7.6,0,corps,15.241526661627539,2.3819
5718,14,124,8.86,7.6,0,corps,15.235907303253384,1.8120
5719,15,148,9.87,8.0,0,corps,15.230290753856119,1.9810
5720,3,27,9.00,2.7,0,corps,15.2246770120316,1.8891
5721,24,244,10.17,12.0,0,corps,15.219066076376395,2.4415
5722,25,249,9.96,12.4,0,corps,15.21345794548776,2.1251
5723,19,175,9.21,9.8,0,corps,15.207852617963677,6.0391
5724,22,224,10.18,11.1,0,corps,15.202250092402805,6.4087
5725,36,402,11.17,17.3,0,corps,15.19665036740452,4.3709
5726,13,120,9.23,7.1,0,corps,15.191053441568874,4.8406
5727,24,270,11.25,12.0,0,corps,15.185459313496652,4.7840
5728,17,178,10.47,8.9,0,corps,15.179867981789318,5.6279
5729,22,191,8.68,11.1,0,corps,15.174279445049036,3.1622
5730,22,251,11.41,11.1,0,corps,15.168693701878672,3.1446
5731,5,55,11.00,3.6,0,corps,15.163110750881795,2.3479
5732,9,68,7.56,5.3,0,corps,15.15753059066266,2.4399
5733,27,263,9.74,13.3,0,corps,15.151953219826236,3.6301
5734,28,307,10.96,13.8,0,corps,15.14637863697817,2.0442
5735,36,449,12.47,17.3,0,corps,15.14080684072482,4.3944
5736,22,259,11.77,11.1,0,corps,15.135237829673246,2.4689
5737,24,325,13.54,12.0,0,corps,15.129671602431182,2.1453
5738,15,173,11.53,8.0,0,corps,15.124108157607075,2.2225
5739,14,146,10.43,7.6,0,corps,15.11854749381007,6.4038
5740,22,209,9.50,11.1,0,corps,15.112989609649993,4.9335
5741,23,301,13.09,11.6,0,corps,15.107434503737382,1.4727
5742,21,188,8.95,10.7,0,corps,15.101882174683448,1.7602
5743,21,245,11.67,10.7,0,corps,15.096332621100117,3.5723
5744,33,344,10.42,16.0,0,corps,15.090785841600002,2.0155
5745,25,298,11.92,12.4,0,corps,15.0852418347964,3.3805
5746,20,278,13.90,10.2,0,corps,15.079700599303317,2.8337
5747,20,196,9.80,10.2,0,corps,15.074162133735443,2.9097
5748,25,254,10.16,12.4,0,corps,15.068626436708158,2.2608
5749,13,127,9.77,7.1,0,corps,15.063093506837543,5.8659
5750,22,256,11.64,11.1,0,corps,15.05756334274036,2.6394
5751,4,58,14.50,3.1,0,corps,15.05203594303407,0.8915
5752,19,221,11.63,9.8,0,corps,15.046511306336827,1.2110
5753,19,194,10.21,9.8,0,corps,15.040989431267462,2.8759
5754,8,83,10.38,4.9,0,corps,15.035470316445517,1.3374
5755,13,130,10.00,7.1,0,corps,15.029953960491206,4.7042
5756,17,175,10.29,8.9,0,corps,15.024440362025443,2.1169
5757,13,129,9.92,7.1,0,corps,15.018929519669829,5.0462
5758,14,175,12.50,7.6,0,corps,15.01342143204665,2.7587
5759,4,38,9.50,3.1,0,corps,15.007916097778887,2.1966
5760,27,240,8.89,13.3,0,corps,15.00241351549021,4.3787
5761,19,194,10.21,9.8,0,corps,14.996913683804966,4.2192
5762,15,144,9.60,8.0,0,corps,14.9914166013482,2.1555
5763,13,127,9.77,7.1,0,corps,14.985922266745641,2.5126
5764,28,284,10.14,13.8,0,corps,14.980430678623705,4.2188
5765,17,244,14.35,8.9,0,corps,14.974941835609501,3.8934
5766,17,259,15.24,8.9,0,corps,14.969455736330808,1.4119
5767,25,244,9.76,12.4,0,corps,14.963972379416107,1.8779
5768,10,130,13.00,5.8,0,corps,14.95849176349456,1.3818
5769,16,180,11.25,8.4,0,corps,14.95301388719601,3.6973
5770,30,371,12.37,14.7,0,corps,14.94753874915099,3.6599
5771,17,178,10.47,8.9,0,corps,14.942066347990712,3.8903
5772,21,239,11.38,10.7,0,corps,14.936596682347078,2.7851
5773,16,166,10.38,8.4,0,corps,14.931129750852673,1.8550
5774,13,104,8.00,7.1,0,corps,14.92566555214076,3.4762
5775,15,142,9.47,8.0,0,corps,14.920204084845293,2.4856
5776,25,245,9.80,12.4,0,corps,14.91474534760091,1.9796
5777,6,57,9.50,4.0,0,corps,14.909289339042914,2.0030
5778,10,93,9.30,5.8,0,corps,14.903836057807313,5.7110
5779,27,271,10.04,13.3,0,corps,14.89838550253078,5.7439
5780,30,282,9.40,14.7,0,corps,14.892937671850678,6.4303
5781,20,218,10.90,10.2,0,corps,14.887492564405058,1.2151
5782,13,126,9.69,7.1,0,corps,14.882050178832632,3.0343
5783,27,267,9.89,13.3,0,corps,14.876610513772803,2.9634
5784,29,268,9.24,14.2,0,corps,14.871173567865666,1.5753
5785,6,36,6.00,4.0,0,corps,14.865739339751974,2.9771
5786,9,82,9.11,5.3,0,corps,14.860307828073177,1.4104
5787,10,93,9.30,5.8,0,corps,14.854879031471388,1.5049
5788,23,246,10.70,11.6,0,corps,14.849452948589414,2.1373
5789,18,153,8.50,9.3,0,corps,14.844029578070742,3.5272
5790,25,248,9.92,12.4,0,corps,14.83860891855951,2.9261
5791,17,147,8.65,8.9,0,corps,14.833190968700569,4.3551
5792,18,163,9.06,9.3,0,corps,14.827775727139429,4.2373
5793,31,329,10.61,15.1,0,corps,14.822363192522273,2.7674
5794,33,316,9.58,16.0,0,corps,14.816953363495976,5.3143
5795,20,206,10.30,10.2,0,corps,14.811546238708074,2.1004
5796,16,186,11.62,8.4,0,corps,14.806141816806784,2.3839
5797,21,234,11.14,10.7,0,corps,14.80074009644101,2.7909
5798,21,227,10.81,10.7,0,corps,14.795341076260312,3.5897
5799,16,158,9.88,8.4,0,corps,14.789944754914941,1.2252
5800,23,201,8.74,11.6,0,corps,14.784551131055817,3.6199
5801,30,282,9.40,14.7,0,corps,14.779160203334529,2.3325
5802,30,329,10.97,14.7,0,corps,14.773771970403352,3.6238
5803,12,134,11.17,6.7,0,corps,14.76838643091522,4.7222
5804,13,155,11.92,7.1,0,corps,14.763003583523751,1.1693
5805,11,127,11.55,6.2,0,corps,14.757623426883237,4.5129
5806,20,268,13.40,10.2,0,corps,14.752245959648636,2.5242
5807,18,187,10.39,9.3,0,corps,14.746871180475576,2.1917
5808,33,311,9.42,16.0,0,corps,14.741499088020374,3.4965
5809,26,261,10.04,12.9,0,corps,14.736129680939994,4.0052
5810,21,269,12.81,10.7,0,corps,14.730762957892097,2.2013
5811,27,227,8.41,13.3,0,corps,14.72539891753499,1.9415
5812,30,275,9.17,14.7,0,corps,14.720037558527665,4.7055
5813,24,205,8.54,12.0,0,corps,14.714678879529794,2.3567
5814,10,99,9.90,5.8,0,corps,14.709322879201691,5.4424
5815,9,73,8.11,5.3,0,corps,14.703969556204367,2.1972
5816,25,236,9.44,12.4,0,corps,14.69861890919949,4.4398
5817,19,209,11.00,9.8,0,corps,14.693270936849393,5.0702
5818,31,363,11.71,15.1,0,corps,14.68792563781709,3.9462
5819,28,297,10.61,13.8,0,corps,14.682583010766246,2.2862
5820,16,141,8.81,8.4,0,corps,14.677243054361213,4.5926
5821,29,324,11.17,14.2,0,corps,14.671905767267003,3.6097
5822,15,124,8.27,8.0,0,corps,14.666571148149282,4.5516
5823,9,83,9.22,5.3,0,corps,14.661239195674408,6.8323
5824,22,232,10.55,11.1,0,corps,14.655909908509393,3.3169
5825,28,272,9.71,13.8,0,corps,14.650583285321906,3.4620
5826,10,90,9.00,5.8,0,corps,14.645259324780296,1.6274
5827,20,194,9.70,10.2,0,corps,14.639938025553572,3.7509
5828,27,233,8.63,13.3,0,corps,14.63461938631141,4.3777
5829,24,225,9.38,12.0,0,corps,14.629303405724153,2.8895
5830,37,325,8.78,17.8,0,corps,14.623990082462798,4.5467
5831,14,167,11.93,7.6,0,corps,14.61867941519902,1.2920
5832,14,156,11.14,7.6,0,corps,14.613371402605157,1.9340
5833,5,40,8.00,3.6,0,corps,14.608066043354192,2.8603
5834,12,87,7.25,6.7,0,corps,14.6027633361198,6.1515
5835,16,174,10.88,8.4,0,corps,14.597463279576292,6.6881
5836,36,404,11.22,17.3,0,corps,14.59216587239866,6.9151
5837,9,101,11.22,5.3,0,corps,14.586871113262553,1.4781
5838,19,214,11.26,9.8,0,corps,14.581579000844277,1.2568
5839,11,95,8.64,6.2,0,corps,14.576289533820807,2.2102
5840,20,215,10.75,10.2,0,corps,14.571002710869779,2.6952
5841,14,141,10.07,7.6,0,corps,14.56571853066948,2.8689
5842,21,183,8.71,10.7,0,corps,14.560436991898873,4.2495
5843,29,226,7.79,14.2,0,corps,14.555158093237564,4.1081
5844,6,92,15.33,4.0,0,corps,14.549881833365832,1.4298
5845,23,247,10.74,11.6,0,corps,14.544608210964622,2.8715
5846,14,118,8.43,7.6,0,corps,14.539337224715512,3.3930
5847,2,20,10.00,2.2,0,corps,14.534068873300763,4.0297
5848,15,136,9.07,8.0,0,corps,14.528803155403292,3.3203
5849,4,48,12.00,3.1,0,corps,14.52354006970666,1.2020
5850,30,246,8.20,14.7,0,corps,14.518279614895107,4.3623
5851,17,152,8.94,8.9,0,corps,14.513021789653505,2.8090
5852,27,273,10.11,13.3,0,corps,14.507766592667407,3.2191
5853,24,236,9.83,12.0,0,corps,14.502514022623014,3.3127
5854,14,115,8.21,7.6,0,corps,14.49726407820718,2.9152
5855,10,86,8.60,5.8,0,corps,14.492016758107418,7.1064
5856,35,314,8.97,16.9,0,corps,14.486772061011907,3.9143
5857,11,124,11.27,6.2,0,corps,14.481529985609459,4.5685
5858,23,276,12.00,11.6,0,corps,14.476290530589567,2.3073
5859,26,225,8.65,12.9,0,corps,14.471053694642357,4.6370
5860,24,212,8.83,12.0,0,corps,14.465819476458627,3.2060
5861,33,310,9.39,16.0,0,corps,14.460587874729825,2.0494
5862,18,176,9.78,9.3,0,corps,14.455358888148043,3.9940
5863,9,73,8.11,5.3,0,corps,14.450132515406032,1.8118
5864,16,159,9.94,8.4,0,corps,14.444908755197213,4.1172
5865,22,201,9.14,11.1,0,corps,14.439687606215632,4.7084
5866,25,268,10.72,12.4,0,corps,14.434469067156014,3.0137
5867,28,254,9.07,13.8,0,corps,14.42925313671371,4.5174
5868,13,119,9.15,7.1,0,corps,14.424039813584743,1.5789
5869,13,113,8.69,7.1,0,corps,14.41882909646579,2.2277
5870,13,148,11.38,7.1,0,corps,14.413620984054162,4.2738
5871,11,139,12.64,6.2,0,corps,14.408415475047832,1.5326
5872,24,251,10.46,12.0,0,corps,14.40321256814543,3.4904
5873,8,82,10.25,4.9,0,corps,14.398012262046219,6.0310
5874,23,245,10.65,11.6,0,corps,14.392814555450133,4.2826
5875,11,104,9.45,6.2,0,corps,14.387619447057737,1.9362
5876,11,90,8.18,6.2,0,corps,14.382426935570255,2.6712
5877,19,179,9.42,9.8,0,corps,14.377237019689568,6.9897
5878,3,29,9.67,2.7,0,corps,14.372049698118182,1.6862
5879,15,140,9.33,8.0,0,corps,14.366864969559282,1.7698
5880,11,87,7.91,6.2,0,corps,14.36168283271667,2.4945
5881,30,329,10.97,14.7,0,corps,14.356503286294824,6.1313
5882,7,91,13.00,4.4,0,corps,14.351326328998857,1.5660
5883,13,136,10.46,7.1,0,corps,14.346151959534522,1.4787
5884,12,109,9.08,6.7,0,corps,14.340980176608229,1.6321
5885,22,203,9.23,11.1,0,corps,14.335810978927041,2.0214
5886,13,140,10.77,7.1,0,corps,14.330644365198644,4.6730
5887,21,202,9.62,10.7,0,corps,14.325480334131399,4.9337
5888,17,169,9.94,8.9,0,corps,14.320318884434286,4.6398
5889,34,310,9.12,16.4,0,corps,14.315160014816946,3.4877
5890,26,318,12.23,12.9,0,corps,14.310003723989674,4.3449
5891,33,311,9.42,16.0,0,corps,14.304850010663376,3.6076
5892,28,291,10.39,13.8,0,corps,14.299698873549637,2.3078
5893,15,141,9.40,8.0,0,corps,14.294550311360673,6.1793
5894,27,311,11.52,13.3,0,corps,14.289404322809338,6.2083
5895,41,382,9.32,19.6,0,corps,14.28426090660914,4.5981
5896,20,213,10.65,10.2,0,corps,14.279120061474218,3.1651
5897,3,19,6.33,2.7,0,corps,14.273981786119366,2.9497
5898,15,192,12.80,8.0,0,corps,14.268846079260017,2.0505
5899,11,89,8.09,6.2,0,corps,14.263712939612239,7.1852
5900,27,249,9.22,13.3,0,corps,14.258582365892746,2.3281
5901,20,178,8.90,10.2,0,corps,14.253454356818906,2.9083
5902,34,335,9.85,16.4,0,corps,14.248328911108702,4.5377
5903,39,407,10.44,18.7,0,corps,14.243206027480785,4.7532
5904,18,173,9.61,9.3,0,corps,14.238085704654422,4.1946
5905,17,151,8.88,8.9,0,corps,14.23296794134954,4.4006
5906,6,45,7.50,4.0,0,corps,14.2278527362867,2.9017
5907,39,362,9.28,18.7,0,corps,14.222740088187095,4.3459
5908,22,196,8.91,11.1,0,corps,14.217629995772562,5.7110
5909,10,92,9.20,5.8,0,corps,14.212522457765589,1.2393
5910,26,242,9.31,12.9,0,corps,14.207417472889276,3.9137
5911,6,55,9.17,4.0,0,corps,14.202315039867392,13.4462
5912,12,151,12.58,6.7,0,corps,14.197215157424312,2.1874
5913,13,104,8.00,7.1,0,corps,14.192117824285077,2.4665
5914,17,161,9.47,8.9,0,corps,14.187023039175358,3.0395
5915,23,206,8.96,11.6,0,corps,14.181930800821444,5.0776
5916,22,222,10.09,11.1,0,corps,14.176841107950287,2.0974
5917,18,187,10.39,9.3,0,corps,14.171753959289463,3.9510
5918,23,220,9.57,11.6,0,corps,14.166669353567174,2.0658
5919,20,220,11.00,10.2,0,corps,14.161587289512283,4.7699
5920,30,333,11.10,14.7,0,corps,14.156507765854261,2.8572
5921,25,262,10.48,12.4,0,corps,14.151430781323239,3.3897
5922,14,183,13.07,7.6,0,corps,14.146356334649965,1.7366
5923,8,50,6.25,4.9,0,corps,14.141284424565825,12.3342
5924,26,340,13.08,12.9,0,corps,14.136215049802841,4.0748
5925,23,220,9.57,11.6,0,corps,14.13114820909368,1.9228
5926,22,242,11.00,11.1,0,corps,14.126083901171619,2.1296
5927,4,45,11.25,3.1,0,corps,14.12102212477059,1.3397
5928,20,178,8.90,10.2,0,corps,14.11596287862514,3.2969
5929,7,70,10.00,4.4,0,corps,14.110906161470464,1.2239
5930,16,144,9.00,8.4,0,corps,14.105851972042382,4.4550
5931,23,227,9.87,11.6,0,corps,14.100800309077343,4.0334
5932,26,253,9.73,12.9,0,corps,14.095751171312434,4.3247
5933,22,211,9.59,11.1,0,corps,14.090704557485376,2.3316
5934,24,282,11.75,12.0,0,corps,14.085660466334504,3.0281
5935,15,121,8.07,8.0,0,corps,14.080618896598807,5.7530
5936,19,202,10.63,9.8,0,corps,14.075579847017883,3.1957
5937,21,171,8.14,10.7,0,corps,14.070543316331971,5.2744
5938,24,242,10.08,12.0,0,corps,14.065509303281946,3.3924
5939,19,171,9.00,9.8,0,corps,14.060477806609292,2.3059
5940,23,211,9.17,11.6,0,corps,14.055448825056144,4.4689
5941,25,221,8.84,12.4,0,corps,14.05042235736526,4.5867
5942,17,151,8.88,8.9,0,corps,14.045398402280012,2.6460
5943,18,178,9.89,9.3,0,corps,14.040376958544423,2.6486
5944,7,72,10.29,4.4,0,corps,14.035358024903122,1.9653
5945,32,295,9.22,15.6,0,corps,14.030341600101378,5.1640
5946,8,69,8.62,4.9,0,corps,14.025327682885091,1.5862
5947,19,161,8.47,9.8,0,corps,14.020316272000771,5.3452
5948,23,218,9.48,11.6,0,corps,14.015307366195573,4.8835
5949,30,361,12.03,14.7,0,corps,14.010300964217274,2.8679
5950,14,169,12.07,7.6,0,corps,14.005297064814263,5.3425
5951,32,363,11.34,15.6,0,corps,14.000295666735571,3.6895
5952,6,61,10.17,4.0,0,corps,13.995296768730848,1.7170
5953,2,19,9.50,2.2,0,corps,13.990300369550365,1.6238
5954,31,276,8.90,15.1,0,corps,13.985306467945035,2.2070
5955,30,272,9.07,14.7,0,corps,13.980315062666367,3.4122
5956,14,134,9.57,7.6,0,corps,13.975326152466518,4.3080
5957,14,110,7.86,7.6,0,corps,13.970339736098264,4.3664
5958,36,473,13.14,17.3,0,corps,13.965355812314991,3.4162
5959,14,145,10.36,7.6,0,corps,13.960374379870727,4.7211
5960,24,227,9.46,12.0,0,corps,13.955395437520107,2.5316
5961,36,388,10.78,17.3,0,corps,13.950418984018395,4.3616
5962,18,196,10.89,9.3,0,corps,13.945445018121488,2.3780
5963,17,149,8.76,8.9,0,corps,13.940473538585882,4.3104
5964,23,249,10.83,11.6,0,corps,13.935504544168712,3.4651
5965,11,156,14.18,6.2,0,corps,13.930538033627734,2.4278
5966,27,302,11.19,13.3,0,corps,13.925574005721314,2.8719
5967,19,276,14.53,9.8,0,corps,13.920612459208447,1.8480
5968,21,222,10.57,10.7,0,corps,13.915653392848748,1.6089
5969,16,156,9.75,8.4,0,corps,13.910696805402445,2.7160
5970,16,158,9.88,8.4,0,corps,13.9057426956304,4.0309
5971,23,211,9.17,11.6,0,corps,13.900791062294077,3.0358
5972,27,254,9.41,13.3,0,corps,13.89584190415557,4.4841
5973,25,282,11.28,12.4,0,corps,13.890895219977594,3.8004
5974,23,208,9.04,11.6,0,corps,13.885951008523472,5.9797
5975,22,230,10.45,11.1,0,corps,13.881009268557158,6.0255
5976,20,210,10.50,10.2,0,corps,13.876069998843207,1.6200
5977,20,244,12.20,10.2,0,corps,13.87113319814681,2.0936
5978,23,207,9.00,11.6,0,corps,13.866198865233764,2.2759
5979,29,306,10.55,14.2,0,corps,13.861266998870486,6.1261
5980,26,237,9.12,12.9,0,corps,13.856337597824005,4.9441
5981,11,120,10.91,6.2,0,corps,13.85141066086198,2.0101
5982,28,220,7.86,13.8,0,corps,13.846486186752669,5.4164
5983,19,180,9.47,9.8,0,corps,13.841564174264958,1.7417
5984,33,354,10.73,16.0,0,corps,13.83664462216834,2.2689
5985,45,490,10.89,21.3,0,corps,13.831727529232927,4.3246
5986,10,112,11.20,5.8,0,corps,13.826812894229453,2.1962
5987,20,174,8.70,10.2,0,corps,13.821900715929248,2.8065
5988,28,279,9.96,13.8,0,corps,13.816990993104275,3.4850
5989,11,124,11.27,6.2,0,corps,13.812083724527103,4.7816
5990,28,365,13.04,13.8,0,corps,13.80717890897091,2.1737
5991,14,152,10.86,7.6,0,corps,13.802276545209502,4.0560
5992,38,427,11.24,18.2,0,corps,13.797376632017274,4.4108
5993,22,188,8.55,11.1,0,corps,13.792479168169255,4.6515
5994,19,181,9.53,9.8,0,corps,13.787584152441088,3.9791
5995,29,337,11.62,14.2,0,corps,13.782691583609,4.5924
5996,13,111,8.54,7.1,0,corps,13.777801460449862,4.5937
5997,14,146,10.43,7.6,0,corps,13.772913781741144,7.5757
5998,26,300,11.54,12.9,0,corps,13.768028546260917,3.9985
5999,21,215,10.24,10.7,0,corps,13.763145752787883,1.9315
6000,15,132,8.80,8.0,0,corps,13.758265400101333,2.7211
6001,16,125,7.81,8.4,0,corps,13.753387486981183,4.3163
6002,40,420,10.50,19.1,0,corps,13.74851201220796,7.2887
6003,15,150,10.00,8.0,0,corps,13.743638974562788,1.6814
6004,31,314,10.13,15.1,0,corps,13.738768372827415,3.4442
6005,20,240,12.00,10.2,0,corps,13.733900205784181,3.8470
6006,24,244,10.17,12.0,0,corps,13.729034472216048,3.8331
6007,17,166,9.76,8.9,0,corps,13.72417117090659,2.2530
6008,9,103,11.44,5.3,0,corps,13.719310300639966,6.2267
6009,34,385,11.32,16.4,0,corps,13.714451860200974,3.1169
6010,20,178,8.90,10.2,0,corps,13.709595848375,2.1302
6011,20,172,8.60,10.2,0,corps,13.704742263948033,4.4203
6012,22,216,9.82,11.1,0,corps,13.699891105706689,4.4134
6013,2,26,13.00,2.2,0,corps,13.695042372438165,1.2585
6014,27,289,10.70,13.3,0,corps,13.690196062930287,3.4384
6015,13,176,13.54,7.1,0,corps,13.68535217597148,1.0689
6016,49,479,9.78,23.1,0,corps,13.68051071035076,3.3067
6017,27,284,10.52,13.3,0,corps,13.67567166485777,1.8316
6018,14,112,8.00,7.6,0,corps,13.67083503828275,7.9621
6019,36,448,12.44,17.3,0,corps,13.66600082941654,2.2941
6020,13,124,9.54,7.1,0,corps,13.661169037050586,2.3398
6021,17,220,12.94,8.9,0,corps,13.656339659976938,1.1776
6022,11,103,9.36,6.2,0,corps,13.651512696988258,1.5327
6023,21,200,9.52,10.7,0,corps,13.646688146877805,5.1609
6024,32,331,10.34,15.6,0,corps,13.641866008439434,2.7880
6025,31,357,11.52,15.1,0,corps,13.637046280467619,3.0231
6026,16,189,11.81,8.4,0,corps,13.632228961757425,2.5136
6027,22,206,9.36,11.1,0,corps,13.62741405110452,5.1712
6028,25,256,10.24,12.4,0,corps,13.62260154730518,4.7134
6029,20,185,9.25,10.2,0,corps,13.617791449156272,2.1556
6030,23,219,9.52,11.6,0,corps,13.61298375545528,1.5612
6031,34,320,9.41,16.4,0,corps,13.608178465000279,3.7018
6032,17,187,11.00,8.9,0,corps,13.60337557658994,4.7811
6033,27,318,11.78,13.3,0,corps,13.598575089023546,3.6419
6034,10,95,9.50,5.8,0,corps,13.593777001100976,7.0623
6035,28,297,10.61,13.8,0,corps,13.588981311622703,3.3229
6036,34,403,11.85,16.4,0,corps,13.584188019389815,3.0296
6037,15,135,9.00,8.0,0,corps,13.579397123203973,2.1416
6038,33,291,8.82,16.0,0,corps,13.574608621867466,2.3144
6039,29,267,9.21,14.2,0,corps,13.569822514183164,4.1314
6040,16,189,11.81,8.4,0,corps,13.56503879895454,3.9087
6041,9,92,10.22,5.3,0,corps,13.560257474985665,0.9749
6042,38,421,11.08,18.2,0,corps,13.55547854108121,4.8968
6043,12,128,10.67,6.7,0,corps,13.550701996046438,4.0936
6044,12,137,11.42,6.7,0,corps,13.545927838687218,2.2609
6045,34,283,8.32,16.4,0,corps,13.541156067810006,1.8731
6046,22,231,10.50,11.1,0,corps,13.53638668222186,2.3274
6047,16,156,9.75,8.4,0,corps,13.531619680730437,3.2660
6048,22,223,10.14,11.1,0,corps,13.526855062143978,4.8636
6049,23,244,10.61,11.6,0,corps,13.522092825271336,1.5303
6050,34,397,11.68,16.4,0,corps,13.517332968921956,3.0720
6051,22,243,11.05,11.1,0,corps,13.51257549190586,4.6097
6052,22,201,9.14,11.1,0,corps,13.507820393033693,1.3351
6053,27,213,7.89,13.3,0,corps,13.503067671116668,1.6530
6054,7,46,6.57,4.4,0,corps,13.49831732496661,2.4848
6055,23,195,8.48,11.6,0,corps,13.49356935339594,5.2266
6056,35,325,9.29,16.9,0,corps,13.488823755217652,4.5811
6057,21,195,9.29,10.7,0,corps,13.484080529245352,1.6815
6058,10,93,9.30,5.8,0,corps,13.479339674293236,6.9729
6059,5,62,12.40,3.6,0,corps,13.474601189176086,0.9525
6060,7,67,9.57,4.4,0,corps,13.469865072709286,1.0999
6061,14,118,8.43,7.6,0,corps,13.465131323708802,5.8779
6062,6,52,8.67,4.0,0,corps,13.460399940991193,10.5787
6063,41,351,8.56,19.6,0,corps,13.455670923373628,5.4656
6064,6,50,8.33,4.0,0,corps,13.450944269673833,13.5933
6065,21,201,9.57,10.7,0,corps,13.446219978710161,3.0747
6066,22,207,9.41,11.1,0,corps,13.441498049301535,3.4942
6067,13,92,7.08,7.1,0,corps,13.436778480267463,1.9152
6068,24,230,9.58,12.0,0,corps,13.43206127042807,3.0568
6069,31,278,8.97,15.1,0,corps,13.427346418604035,3.3532
6070,11,87,7.91,6.2,0,corps,13.422633923616656,1.6577
6071,11,109,9.91,6.2,0,corps,13.417923784287808,2.8974
6072,18,212,11.78,9.3,0,corps,13.413215999439954,2.8194
6073,21,169,8.05,10.7,0,corps,13.408510567896148,3.2637
6074,13,144,11.08,7.1,0,corps,13.403807488480037,5.5762
6075,31,305,9.84,15.1,0,corps,13.399106760015844,2.5567
6076,28,308,11.00,13.8,0,corps,13.394408381328393,3.5724
6077,28,299,10.68,13.8,0,corps,13.389712351243082,1.8886
6078,4,39,9.75,3.1,0,corps,13.38501866858591,1.4250
6079,13,141,10.85,7.1,0,corps,13.380327332183455,1.7823
6080,18,149,8.28,9.3,0,corps,13.37563834086288,5.8503
6081,24,238,9.92,12.0,0,corps,13.370951693451937,2.0587
6082,17,159,9.35,8.9,0,corps,13.366267388778974,6.6433
6083,25,285,11.40,12.4,0,corps,13.361585425672901,5.1177
6084,7,62,8.86,4.4,0,corps,13.356905802963235,2.8431
6085,18,215,11.94,9.3,0,corps,13.352228519480066,3.5953
6086,18,165,9.17,9.3,0,corps,13.347553574054075,4.5554
6087,13,149,11.46,7.1,0,corps,13.342880965516532,1.4487
6088,22,224,10.18,11.1,0,corps,13.338210692699274,3.4122
6089,11,82,7.45,6.2,0,corps,13.333542754434738,2.7905
6090,33,270,8.18,16.0,0,corps,13.328877149555943,4.1683
6091,22,196,8.91,11.1,0,corps,13.32421387689648,4.3609
6092,7,55,7.86,4.4,0,corps,13.319552935290538,2.0890
6093,14,109,7.79,7.6,0,corps,13.314894323572874,2.7835
6094,24,214,8.92,12.0,0,corps,13.31023804057884,3.2568
6095,19,177,9.32,9.8,0,corps,13.30558408514437,6.4897
6096,12,98,8.17,6.7,0,corps,13.300932456105965,6.1971
6097,11,97,8.82,6.2,0,corps,13.296283152300722,3.9210
6098,21,208,9.90,10.7,0,corps,13.29163617256632,5.8458
6099,19,201,10.58,9.8,0,corps,13.286991515741006,4.0557
6100,17,156,9.18,8.9,0,corps,13.282349180663623,2.0050
6101,7,53,7.57,4.4,0,corps,13.27770916617358,9.2387
6102,14,153,10.93,7.6,0,corps,13.273071471110873,1.7787
6103,39,287,7.36,18.7,0,corps,13.26843609431609,3.2583
6104,7,53,7.57,4.4,0,corps,13.263803034630376,3.2531
6105,32,335,10.47,15.6,0,corps,13.259172290895465,4.5238
6106,34,319,9.38,16.4,0,corps,13.25454386195368,4.3662
6107,22,213,9.68,11.1,0,corps,13.249917746647908,1.6114
6108,23,251,10.91,11.6,0,corps,13.24529394382162,5.7224
6109,9,101,11.22,5.3,0,corps,13.240672452318867,10.2158
6110,8,80,10.00,4.9,0,corps,13.236053270984272,1.4846
6111,20,196,9.80,10.2,0,corps,13.231436398663046,3.3434
6112,24,266,11.08,12.0,0,corps,13.226821834200967,5.5409
6113,15,121,8.07,8.0,0,corps,13.22220957644439,2.5570
6114,25,264,10.56,12.4,0,corps,13.217599624240265,3.9816
6115,4,46,11.50,3.1,0,corps,13.212991976436086,1.9670
6116,50,483,9.66,23.6,0,corps,13.208386631879954,8.4187
6117,20,209,10.45,10.2,0,corps,13.203783589420526,1.3580
6118,22,226,10.27,11.1,0,corps,13.19918284790704,1.3753
6119,16,152,9.50,8.4,0,corps,13.19458440618932,6.6680
6120,26,287,11.04,12.9,0,corps,13.189988263117744,4.9202
6121,25,218,8.72,12.4,0,corps,13.18539441754328,3.4647
6122,12,104,8.67,6.7,0,corps,13.180802868317476,3.9597
6123,12,127,10.58,6.7,0,corps,13.17621361429243,4.7144
6124,17,178,10.47,8.9,0,corps,13.171626654320843,2.6388
6125,16,185,11.56,8.4,0,corps,13.16704198725596,2.8423
6126,12,105,8.75,6.7,0,corps,13.162459611951624,4.8646
6127,32,332,10.38,15.6,0,corps,13.157879527262242,5.3249
6128,21,207,9.86,10.7,0,corps,13.153301732042783,2.1557
6129,19,180,9.47,9.8,0,corps,13.14872622514881,1.7018
6130,24,184,7.67,12.0,0,corps,13.14415300543644,3.1281
6131,13,140,10.77,7.1,0,corps,13.139582071762366,3.1881
6132,16,142,8.88,8.4,0,corps,13.135013422983862,1.4352
6133,18,162,9.00,9.3,0,corps,13.130447057958758,1.3514
6134,22,231,10.50,11.1,0,corps,13.125882975545466,3.8495
6135,2,22,11.00,2.2,0,corps,13.121321174602969,1.8347
6136,29,248,8.55,14.2,0,corps,13.116761653990809,4.3512
6137,29,247,8.52,14.2,0,corps,13.112204412569112,4.9318
6138,19,178,9.37,9.8,0,corps,13.107649449198563,2.5254
6139,17,155,9.12,8.9,0,corps,13.103096762740426,6.7751
6140,25,234,9.36,12.4,0,corps,13.098546352056529,2.3218
6141,26,221,8.50,12.9,0,corps,13.093998216009265,1.7131
6142,16,145,9.06,8.4,0,corps,13.089452353461601,5.0680
6143,9,93,10.33,5.3,0,corps,13.084908763277076,6.4240
6144,11,119,10.82,6.2,0,corps,13.080367444319785,5.8744
6145,18,190,10.56,9.3,0,corps,13.075828395454408,4.3058
6146,13,132,10.15,7.1,0,corps,13.071291615546174,1.7450
6147,10,81,8.10,5.8,0,corps,13.066757103460889,4.6854
6148,13,107,8.23,7.1,0,corps,13.062224858064933,2.6456
6149,11,104,9.45,6.2,0,corps,13.057694878225231,2.0609
6150,18,179,9.94,9.3,0,corps,13.0531671628093,5.0917
6151,18,153,8.50,9.3,0,corps,13.048641710685208,1.6643
6152,28,205,7.32,13.8,0,corps,13.04411852072159,2.5873
6153,16,164,10.25,8.4,0,corps,13.039597591787649,3.4399
6154,30,320,10.67,14.7,0,corps,13.03507892275315,3.5701
6155,22,224,10.18,11.1,0,corps,13.030562512488434,3.6296
6156,37,362,9.78,17.8,0,corps,13.026048359864392,4.6155
6157,13,191,14.69,7.1,0,corps,13.021536463752485,1.0135
6158,41,443,10.80,19.6,0,corps,13.017026823024738,3.3612
6159,21,298,14.19,10.7,0,corps,13.012519436553752,5.1959
6160,26,232,8.92,12.9,0,corps,13.008014303212665,4.3556
6161,25,214,8.56,12.4,0,corps,13.003511421875205,4.3363
6162,18,206,11.44,9.3,0,corps,12.999010791415644,4.5634
6163,36,332,9.22,17.3,0,corps,12.994512410708827,3.3723
6164,34,364,10.71,16.4,0,corps,12.990016278630165,3.3330
6165,12,119,9.92,6.7,0,corps,12.985522394055614,6.1334
6166,24,240,10.00,12.0,0,corps,12.981030755861712,1.6263
6167,28,335,11.96,13.8,0,corps,12.976541362925545,4.2576
6168,21,214,10.19,10.7,0,corps,12.972054214124762,3.4578
6169,11,93,8.45,6.2,0,corps,12.967569308337584,1.7933
6170,24,220,9.17,12.0,0,corps,12.963086644442779,3.8467
6171,24,177,7.38,12.0,0,corps,12.958606221319677,1.8025
6172,19,189,9.95,9.8,0,corps,12.954128037848184,4.0560
6173,18,164,9.11,9.3,0,corps,12.949652092908739,1.8616
6174,16,163,10.19,8.4,0,corps,12.94517838538237,3.1362
6175,27,294,10.89,13.3,0,corps,12.940706914150644,3.6414
6176,4,37,9.25,3.1,0,corps,12.936237678095692,4.9797
6177,25,334,13.36,12.4,0,corps,12.931770676100207,3.8376
6178,6,39,6.50,4.0,0,corps,12.927305907047435,11.4695
6179,28,290,10.36,13.8,0,corps,12.922843369821186,1.7273
6180,33,330,10.00,16.0,0,corps,12.918383063305827,3.0602
6181,18,192,10.67,9.3,0,corps,12.913924986386279,4.6037
6182,21,200,9.52,10.7,0,corps,12.909469137948024,4.6058
6183,11,115,10.45,6.2,0,corps,12.905015516877105,1.4779
6184,6,65,10.83,4.0,0,corps,12.900564122060107,5.8595
6185,24,294,12.25,12.0,0,corps,12.896114952384188,2.7549
6186,21,244,11.62,10.7,0,corps,12.891668006737051,5.1376
6187,22,192,8.73,11.1,0,corps,12.887223284006962,6.1634
6188,24,258,10.75,12.0,0,corps,12.882780783082746,3.3099
6189,22,300,13.64,11.1,0,corps,12.878340502853765,2.9702
6190,32,322,10.06,15.6,0,corps,12.873902442209959,1.8421
6191,12,126,10.50,6.7,0,corps,12.86946660004181,5.8331
6192,36,367,10.19,17.3,0,corps,12.865032975240357,2.7649
6193,23,227,9.87,11.6,0,corps,12.860601566697195,2.6107
6194,9,91,10.11,5.3,0,corps,12.856172373304467,1.1005
6195,17,157,9.24,8.9,0,corps,12.85174539395488,2.7321
6196,22,230,10.45,11.1,0,corps,12.847320627541691,2.0655
6197,23,218,9.48,11.6,0,corps,12.8428980729587,2.1004
6198,27,273,10.11,13.3,0,corps,12.838477729100276,1.7254
6199,31,319,10.29,15.1,0,corps,12.834059594861333,2.3485
6200,12,118,9.83,6.7,0,corps,12.829643669137328,1.5872
6201,3,40,13.33,2.7,0,corps,12.825229950824294,1.1828
6202,20,221,11.05,10.2,0,corps,12.820818438818787,2.8710
6203,11,132,12.00,6.2,0,corps,12.816409132017936,3.8841
6204,19,184,9.68,9.8,0,corps,12.812002029319421,1.7729
6205,15,145,9.67,8.0,0,corps,12.807597129621454,1.7758
6206,9,53,5.89,5.3,0,corps,12.803194431822812,8.4628
6207,27,334,12.37,13.3,0,corps,12.79879393482283,3.1424
6208,15,198,13.20,8.0,0,corps,12.794395637521374,1.3971
6209,27,275,10.19,13.3,0,corps,12.789999538818877,2.4179
6210,12,100,8.33,6.7,0,corps,12.785605637616307,4.3939
6211,22,184,8.36,11.1,0,corps,12.781213932815191,1.6510
6212,10,85,8.50,5.8,0,corps,12.77682442331761,1.9301
6213,6,57,9.50,4.0,0,corps,12.772437108026175,1.6176
6214,11,100,9.09,6.2,0,corps,12.768051985844062,2.7744
6215,37,334,9.03,17.8,0,corps,12.763669055674995,2.0906
6216,26,231,8.88,12.9,0,corps,12.759288316423234,1.7179
6217,51,586,11.49,24.0,0,corps,12.754909766993602,3.0200
6218,30,340,11.33,14.7,0,corps,12.750533406291453,2.8773
6219,20,208,10.40,10.2,0,corps,12.7461592332227,4.2407
6220,20,172,8.60,10.2,0,corps,12.741787246693809,2.0565
6221,22,217,9.86,11.1,0,corps,12.737417445611769,2.3244
6222,11,109,9.91,6.2,0,corps,12.733049828884136,4.5904
6223,26,233,8.96,12.9,0,corps,12.728684395419009,2.3586
6224,13,118,9.08,7.1,0,corps,12.724321144125023,2.0580
6225,16,145,9.06,8.4,0,corps,12.719960073911372,7.7473
6226,5,53,10.60,3.6,0,corps,12.715601183687781,1.5975
6227,36,377,10.47,17.3,0,corps,12.71124447236453,3.8821
6228,13,124,9.54,7.1,0,corps,12.706889938852447,1.3955
6229,10,74,7.40,5.8,0,corps,12.702537582062892,1.9891
6230,21,201,9.57,10.7,0,corps,12.698187400907775,1.5736
6231,16,141,8.81,8.4,0,corps,12.69383939429956,5.3472
6232,14,116,8.29,7.6,0,corps,12.689493561151233,3.5730
6233,19,190,10.00,9.8,0,corps,12.685149900376347,4.6329
6234,2,20,10.00,2.2,0,corps,12.680808410888977,1.5877
6235,28,312,11.14,13.8,0,corps,12.676469091603757,2.4293
6236,23,172,7.48,11.6,0,corps,12.672131941435854,5.1225
6237,20,172,8.60,10.2,0,corps,12.667796959300981,1.5366
6238,12,97,8.08,6.7,0,corps,12.663464144115395,1.8677
6239,22,189,8.59,11.1,0,corps,12.65913349479589,2.7187
6240,5,62,12.40,3.6,0,corps,12.654805010259802,1.8758
6241,2,13,6.50,2.2,0,corps,12.650478689425013,3.3558
6242,9,89,9.89,5.3,0,corps,12.646154531209941,7.3269
6243,22,214,9.73,11.1,0,corps,12.641832534533545,3.3766
6244,8,59,7.38,4.9,0,corps,12.637512698315332,2.3372
6245,17,136,8.00,8.9,0,corps,12.633195021475332,3.5583
6246,31,306,9.87,15.1,0,corps,12.628879502934137,2.8832
6247,16,139,8.69,8.4,0,corps,12.624566141612863,6.0861
6248,22,171,7.77,11.1,0,corps,12.620254936433167,5.2043
6249,9,97,10.78,5.3,0,corps,12.615945886317254,3.5900
6250,17,156,9.18,8.9,0,corps,12.611638990187855,6.0125
6251,19,175,9.21,9.8,0,corps,12.607334246968243,2.6435
6252,28,242,8.64,13.8,0,corps,12.603031655582248,2.5939
6253,19,212,11.16,9.8,0,corps,12.598731214954206,2.4401
6254,9,77,8.56,5.3,0,corps,12.594432924009013,1.6963
6255,23,184,8.00,11.6,0,corps,12.590136781672095,4.2142
6256,18,169,9.39,9.3,0,corps,12.585842786869417,1.4277
6257,31,329,10.61,15.1,0,corps,12.581550938527483,4.1008
6258,33,402,12.18,16.0,0,corps,12.577261235573326,3.5625
6259,18,228,12.67,9.3,0,corps,12.57297367693452,2.0581
6260,38,333,8.76,18.2,0,corps,12.568688261539185,3.3643
6261,22,182,8.27,11.1,0,corps,12.564404988315955,2.0712
6262,24,231,9.62,12.0,0,corps,12.56012385619402,1.6386
6263,17,171,10.06,8.9,0,corps,12.555844864103088,2.4177
6264,14,147,10.50,7.6,0,corps,12.551568010973421,1.9439
6265,33,304,9.21,16.0,0,corps,12.5472932957358,2.8614
6266,21,201,9.57,10.7,0,corps,12.543020717321548,3.3528
6267,4,50,12.50,3.1,0,corps,12.538750274662519,1.9360
6268,9,87,9.67,5.3,0,corps,12.534481966691105,5.2517
6269,18,156,8.67,9.3,0,corps,12.530215792340224,3.6747
6270,16,160,10.00,8.4,0,corps,12.52595175054334,1.8815
6271,13,143,11.00,7.1,0,corps,12.521689840234435,1.6810
6272,15,159,10.60,8.0,0,corps,12.517430060348033,3.9014
6273,18,178,9.89,9.3,0,corps,12.513172409819193,6.9021
6274,38,415,10.92,18.2,0,corps,12.5089168875835,2.8045
6275,18,193,10.72,9.3,0,corps,12.50466349257707,5.6581
6276,15,129,8.60,8.0,0,corps,12.500412223736562,1.7560
6277,25,233,9.32,12.4,0,corps,12.496163079999151,6.1244
6278,11,104,9.45,6.2,0,corps,12.491916060302554,1.9294
6279,33,311,9.42,16.0,0,corps,12.487671163585018,2.4473
6280,16,155,9.69,8.4,0,corps,12.483428388785315,4.3934
6281,13,96,7.38,7.1,0,corps,12.479187734842759,2.1211
6282,12,106,8.83,6.7,0,corps,12.474949200697175,2.3422
6283,8,119,14.88,4.9,0,corps,12.470712785288935,4.9261
6284,17,187,11.00,8.9,0,corps,12.466478487558938,1.6319
6285,48,499,10.40,22.7,0,corps,12.462246306448607,4.8248
6286,22,200,9.09,11.1,0,corps,12.458016240899896,3.9790
6287,21,193,9.19,10.7,0,corps,12.453788289855291,1.6594
6288,33,321,9.73,16.0,0,corps,12.449562452257801,5.0020
6289,12,128,10.67,6.7,0,corps,12.445338727050967,1.8412
6290,29,290,10.00,14.2,0,corps,12.44111711317886,2.6230
6291,19,178,9.37,9.8,0,corps,12.436897609586072,1.4993
6292,13,114,8.77,7.1,0,corps,12.432680215217736,2.0342
6293,15,177,11.80,8.0,0,corps,12.428464929019494,5.2610
6294,25,294,11.76,12.4,0,corps,12.424251749937534,3.2129
6295,49,477,9.73,23.1,0,corps,12.420040676918548,5.1143
6296,22,213,9.68,11.1,0,corps,12.415831708909774,2.8917
6297,33,466,14.12,16.0,0,corps,12.411624844858979,3.0123
6298,27,269,9.96,13.3,0,corps,12.407420083714435,3.9431
6299,7,83,11.86,4.4,0,corps,12.403217424424954,1.7898
6300,34,351,10.32,16.4,0,corps,12.399016865939878,3.3974
6301,22,218,9.91,11.1,0,corps,12.394818407209055,6.1408
6302,32,334,10.44,15.6,0,corps,12.390622047182884,2.2372
6303,33,325,9.85,16.0,0,corps,12.386427784812264,4.5691
6304,28,240,8.57,13.8,0,corps,12.382235619048634,2.2963
6305,12,107,8.92,6.7,0,corps,12.378045548843957,1.9530
6306,34,267,7.85,16.4,0,corps,12.373857573150707,4.1621
6307,17,182,10.71,8.9,0,corps,12.369671690921894,2.6174
6308,16,191,11.94,8.4,0,corps,12.365487901111049,1.6662
6309,31,322,10.39,15.1,0,corps,12.361306202672221,2.2632
6310,16,150,9.38,8.4,0,corps,12.35712659455999,1.6382
6311,35,307,8.77,16.9,0,corps,12.352949075729446,2.1553
6312,16,155,9.69,8.4,0,corps,12.348773645136218,1.2360
6313,17,141,8.29,8.9,0,corps,12.344600301736447,1.7348
6314,14,131,9.36,7.6,0,corps,12.340429044486791,3.9185
6315,14,110,7.86,7.6,0,corps,12.33625987234444,4.1043
6316,24,281,11.71,12.0,0,corps,12.332092784267104,3.6699
6317,27,312,11.56,13.3,0,corps,12.327927779213002,2.8793
6318,43,430,10.00,20.4,0,corps,12.323764856140896,3.1468
6319,23,194,8.43,11.6,0,corps,12.319604014010038,4.0515
6320,12,121,10.08,6.7,0,corps,12.315445251780233,6.0033
6321,28,252,9.00,13.8,0,corps,12.311288568411783,5.3052
6322,25,231,9.24,12.4,0,corps,12.307133962865516,2.9394
6323,20,198,9.90,10.2,0,corps,12.302981434102783,4.2403
6324,11,134,12.18,6.2,0,corps,12.298830981085457,3.1018
6325,36,402,11.17,17.3,0,corps,12.294682602775914,4.2180
6326,9,89,9.89,5.3,0,corps,12.29053629813707,1.7447
6327,23,208,9.04,11.6,0,corps,12.28639206613234,3.6990
6328,20,183,9.15,10.2,0,corps,12.28224990572567,3.4766
6329,29,285,9.83,14.2,0,corps,12.278109815881521,3.6755
6330,23,235,10.22,11.6,0,corps,12.273971795564867,3.4236
6331,27,338,12.52,13.3,0,corps,12.269835843741205,4.0651
6332,24,264,11.00,12.0,0,corps,12.265701959376548,1.7440
6333,16,182,11.38,8.4,0,corps,12.261570141437424,3.9736
6334,16,131,8.19,8.4,0,corps,12.257440388890881,4.9120
6335,20,259,12.95,10.2,0,corps,12.253312700704475,1.4437
6336,16,146,9.12,8.4,0,corps,12.249187075846288,1.3900
6337,21,235,11.19,10.7,0,corps,12.245063513284911,1.6645
6338,22,200,9.09,11.1,0,corps,12.240942011989459,3.6619
6339,14,116,8.29,7.6,0,corps,12.236822570929547,1.5382
6340,11,85,7.73,6.2,0,corps,12.232705189075327,6.6573
6341,23,210,9.13,11.6,0,corps,12.228589865397444,3.7545
6342,13,127,9.77,7.1,0,corps,12.224476598867074,2.3091
6343,27,271,10.04,13.3,0,corps,12.220365388455892,3.6621
6344,31,301,9.71,15.1,0,corps,12.2162562331361,3.5629
6345,26,249,9.58,12.9,0,corps,12.212149131880413,4.7964
6346,26,250,9.62,12.9,0,corps,12.208044083662047,2.3539
6347,14,125,8.93,7.6,0,corps,12.203941087454744,3.3602
6348,4,52,13.00,3.1,0,corps,12.199840142232762,1.9284
6349,23,206,8.96,11.6,0,corps,12.195741246970854,2.5926
6350,35,308,8.80,16.9,0,corps,12.191644400644302,3.0941
6351,21,270,12.86,10.7,0,corps,12.187549602228891,4.0930
6352,4,47,11.75,3.1,0,corps,12.183456850700924,2.3656
6353,25,213,8.52,12.4,0,corps,12.179366145037216,2.1794
6354,20,232,11.60,10.2,0,corps,12.17527748421508,2.3431
6355,22,225,10.23,11.1,0,corps,12.171190867212362,3.2172
6356,10,79,7.90,5.8,0,corps,12.167106293007404,2.2230
6357,19,187,9.84,9.8,0,corps,12.163023760579058,3.1142
6358,12,110,9.17,6.7,0,corps,12.1589432689067,6.3483
6359,16,174,10.88,8.4,0,corps,12.154864816970196,4.1601
6360,5,43,8.60,3.6,0,corps,12.15078840374994,1.9433
6361,27,283,10.48,13.3,0,corps,12.146714028226832,4.3421
6362,5,67,13.40,3.6,0,corps,12.142641689382266,0.9278
6363,35,397,11.34,16.9,0,corps,12.13857138619817,3.9395
6364,10,113,11.30,5.8,0,corps,12.134503117656964,2.9866
6365,16,190,11.88,8.4,0,corps,12.130436882741574,3.1972
6366,18,168,9.33,9.3,0,corps,12.126372680435454,1.4046
6367,8,106,13.25,4.9,0,corps,12.122310509722542,1.0029
6368,43,490,11.40,20.4,0,corps,12.1182503695873,4.3899
6369,35,429,12.26,16.9,0,corps,12.114192259014695,3.6523
6370,27,236,8.74,13.3,0,corps,12.110136176990194,1.5507
6371,37,388,10.49,17.8,0,corps,12.106082122499782,3.8563
6372,10,91,9.10,5.8,0,corps,12.102030094529942,1.7942
6373,30,323,10.77,14.7,0,corps,12.097980092067665,2.3815
6374,13,131,10.08,7.1,0,corps,12.093932114100458,1.5991
6375,26,253,9.73,12.9,0,corps,12.08988615961632,1.4402
6376,16,178,11.12,8.4,0,corps,12.08584222760376,3.6618
6377,20,158,7.90,10.2,0,corps,12.081800317051805,5.3918
6378,16,119,7.44,8.4,0,corps,12.077760426949968,1.6365
6379,14,120,8.57,7.6,0,corps,12.073722556288283,1.7193
6380,30,267,8.90,14.7,0,corps,12.069686704057277,2.6199
6381,23,188,8.17,11.6,0,corps,12.065652869247986,3.8887
6382,16,128,8.00,8.4,0,corps,12.061621050851961,2.2182
6383,11,66,6.00,6.2,0,corps,12.057591247861236,4.5329
6384,27,244,9.04,13.3,0,corps,12.053563459268362,2.7007
6385,13,119,9.15,7.1,0,corps,12.049537684066403,6.4319
6386,30,283,9.43,14.7,0,corps,12.0455139212489,3.8966
6387,21,176,8.38,10.7,0,corps,12.041492169809926,2.9250
6388,26,218,8.38,12.9,0,corps,12.037472428744028,2.9374
6389,38,358,9.42,18.2,0,corps,12.033454697046283,3.9476
6390,25,227,9.08,12.4,0,corps,12.029438973712258,4.6689
6391,22,265,12.05,11.1,0,corps,12.025425257738013,3.1892
6392,18,159,8.83,9.3,0,corps,12.021413548120124,4.3030
6393,27,283,10.48,13.3,0,corps,12.017403843855668,3.9942
6394,18,192,10.67,9.3,0,corps,12.01339614394221,3.4651
6395,35,347,9.91,16.9,0,corps,12.009390447377836,3.4120
6396,8,50,6.25,4.9,0,corps,12.00538675316111,2.6086
6397,18,164,9.11,9.3,0,corps,12.001385060291112,2.4407
6398,18,202,11.22,9.3,0,corps,11.997385367767427,4.0044
6399,37,330,8.92,17.8,0,corps,11.993387674590123,2.7304
6400,5,53,10.60,3.6,0,corps,11.989391979759779,1.6412
6401,21,191,9.10,10.7,0,corps,11.98539828227747,3.0447
6402,28,246,8.79,13.8,0,corps,11.981406581144775,3.1559
6403,3,34,11.33,2.7,0,corps,11.977416875363769,1.4446
6404,25,262,10.48,12.4,0,corps,11.973429163937018,2.3395
6405,23,260,11.30,11.6,0,corps,11.969443445867602,4.2480
6406,27,310,11.48,13.3,0,corps,11.965459720159094,3.3686
6407,31,288,9.29,15.1,0,corps,11.961477985815549,2.2251
6408,21,190,9.05,10.7,0,corps,11.957498241841547,6.0066
6409,23,247,10.74,11.6,0,corps,11.953520487242148,2.4096
6410,3,60,20.00,2.7,0,corps,11.949544721022908,1.1383
6411,24,237,9.88,12.0,0,corps,11.945570942189896,1.6606
6412,35,311,8.89,16.9,0,corps,11.941599149749655,2.2274
6413,30,353,11.77,14.7,0,corps,11.937629342709243,2.4027
6414,18,139,7.72,9.3,0,corps,11.93366152007621,2.4097
6415,32,281,8.78,15.6,0,corps,11.929695680858599,2.2529
6416,11,89,8.09,6.2,0,corps,11.925731824064945,1.7181
6417,9,85,9.44,5.3,0,corps,11.921769948704295,1.8009
6418,30,272,9.07,14.7,0,corps,11.917810053786168,2.8945
6419,30,285,9.50,14.7,0,corps,11.913852138320602,3.6154
6420,23,217,9.43,11.6,0,corps,11.909896201318105,2.3839
6421,22,227,10.32,11.1,0,corps,11.905942241789703,1.4538
6422,27,247,9.15,13.3,0,corps,11.901990258746903,2.8640
6423,16,138,8.62,8.4,0,corps,11.898040251201705,1.7112
6424,17,149,8.76,8.9,0,corps,11.894092218166612,1.5855
6425,20,217,10.85,10.2,0,corps,11.890146158654618,2.9244
6426,16,138,8.62,8.4,0,corps,11.886202071679202,3.6915
6427,25,219,8.76,12.4,0,corps,11.882259956254348,5.2591
6428,18,222,12.33,9.3,0,corps,11.878319811394523,4.5502
6429,14,117,8.36,7.6,0,corps,11.87438163611469,2.6208
6430,18,162,9.00,9.3,0,corps,11.87044542943031,3.3418
6431,16,164,10.25,8.4,0,corps,11.866511190357324,3.8748
6432,34,285,8.38,16.4,0,corps,11.862578917912177,3.2477
6433,13,134,10.31,7.1,0,corps,11.858648611111805,3.1866
6434,13,90,6.92,7.1,0,corps,11.854720268973622,1.6545
6435,20,184,9.20,10.2,0,corps,11.850793890515554,3.9735
6436,27,240,8.89,13.3,0,corps,11.84686947475599,1.6561
6437,6,53,8.83,4.0,0,corps,11.84294702071384,1.8718
6438,27,230,8.52,13.3,0,corps,11.839026527408489,3.8675
6439,12,78,6.50,6.7,0,corps,11.835107993859806,2.6699
6440,27,253,9.37,13.3,0,corps,11.831191419088164,2.3049
6441,9,87,9.67,5.3,0,corps,11.82727680211442,6.2861
6442,21,206,9.81,10.7,0,corps,11.823364141959914,3.5169
6443,18,171,9.50,9.3,0,corps,11.819453437646487,2.2463
6444,24,214,8.92,12.0,0,corps,11.815544688196459,2.4764
6445,32,330,10.31,15.6,0,corps,11.811637892632643,4.7364
6446,23,262,11.39,11.6,0,corps,11.807733049978342,2.2423
6447,18,213,11.83,9.3,0,corps,11.803830159257341,3.0626
6448,11,152,13.82,6.2,0,corps,11.79992921949392,3.1667
6449,24,262,10.92,12.0,0,corps,11.796030229712851,2.2576
6450,24,202,8.42,12.0,0,corps,11.792133188939374,3.4881
6451,22,252,11.45,11.1,0,corps,11.78823809619924,3.8349
6452,29,263,9.07,14.2,0,corps,11.784344950518665,2.6428
6453,31,301,9.71,15.1,0,corps,11.780453750924371,4.0869
6454,16,177,11.06,8.4,0,corps,11.776564496443557,3.6166
6455,21,267,12.71,10.7,0,corps,11.772677186103905,2.0859
6456,12,123,10.25,6.7,0,corps,11.768791818933588,2.9267
6457,30,245,8.17,14.7,0,corps,11.76490839396127,3.5876
6458,15,164,10.93,8.0,0,corps,11.76102691021609,1.2936
6459,25,247,9.88,12.4,0,corps,11.757147366727683,4.7457
6460,13,124,9.54,7.1,0,corps,11.75326976252615,5.1569
6461,20,230,11.50,10.2,0,corps,11.7493940966421,4.9174
6462,13,147,11.31,7.1,0,corps,11.745520368106618,1.4848
6463,31,346,11.16,15.1,0,corps,11.741648575951263,4.1362
6464,36,413,11.47,17.3,0,corps,11.737778719208094,4.6705
6465,24,259,10.79,12.0,0,corps,11.73391079690965,4.2132
6466,34,422,12.41,16.4,0,corps,11.730044808088941,3.7511
6467,25,307,12.28,12.4,0,corps,11.726180751779475,2.0450
6468,32,319,9.97,15.6,0,corps,11.722318627015236,3.4771
6469,11,109,9.91,6.2,0,corps,11.718458432830694,8.1164
6470,28,337,12.04,13.8,0,corps,11.714600168260805,2.0569
6471,20,195,9.75,10.2,0,corps,11.710743832340995,6.9873
6472,16,200,12.50,8.4,0,corps,11.706889424107182,3.5049
6473,15,154,10.27,8.0,0,corps,11.703036942595766,3.7708
6474,37,372,10.05,17.8,0,corps,11.699186386843625,4.8858
6475,7,63,9.00,4.4,0,corps,11.695337755888124,1.7606
6476,37,383,10.35,17.8,0,corps,11.691491048767096,3.7427
6477,22,194,8.82,11.1,0,corps,11.687646264518875,3.5990
6478,23,244,10.61,11.6,0,corps,11.683803402182264,3.6143
6479,11,92,8.36,6.2,0,corps,11.679962460796537,6.3331
6480,14,143,10.21,7.6,0,corps,11.676123439401465,3.2212
6481,22,274,12.45,11.1,0,corps,11.672286337037296,5.9700
6482,26,321,12.35,12.9,0,corps,11.66845115274475,1.8167
6483,25,359,14.36,12.4,0,corps,11.664617885565034,4.2021
6484,32,396,12.38,15.6,0,corps,11.660786534539827,2.4956
6485,27,313,11.59,13.3,0,corps,11.656957098711294,3.4122
6486,17,175,10.29,8.9,0,corps,11.653129577122076,4.5869
6487,28,356,12.71,13.8,0,corps,11.64930396881529,3.3302
6488,7,71,10.14,4.4,0,corps,11.645480272834538,1.5244
6489,26,274,10.54,12.9,0,corps,11.641658488223896,1.6554
6490,33,350,10.61,16.0,0,corps,11.637838614027912,3.4579
6491,31,365,11.77,15.1,0,corps,11.634020649291624,4.1556
6492,27,298,11.04,13.3,0,corps,11.630204593060537,2.5132
6493,30,367,12.23,14.7,0,corps,11.626390444380636,4.0864
6494,14,167,11.93,7.6,0,corps,11.622578202298389,5.1482
6495,13,141,10.85,7.1,0,corps,11.618767865860733,5.0248
6496,12,103,8.58,6.7,0,corps,11.614959434115079,2.6985
6497,18,174,9.67,9.3,0,corps,11.611152906109327,2.6459
6498,13,131,10.08,7.1,0,corps,11.607348280891838,1.3442
6499,24,195,8.12,12.0,0,corps,11.603545557511463,4.3286
6500,27,251,9.30,13.3,0,corps,11.599744735017515,6.2228
6501,15,164,10.93,8.0,0,corps,11.595945812459787,4.1402
6502,32,357,11.16,15.6,0,corps,11.592148788888556,4.6408
6503,35,286,8.17,16.9,0,corps,11.588353663354562,3.3554
6504,22,209,9.50,11.1,0,corps,11.584560434909022,3.1607
6505,18,140,7.78,9.3,0,corps,11.58076910260363,5.2307
6506,20,220,11.00,10.2,0,corps,11.57697966549055,4.2078
6507,31,263,8.48,15.1,0,corps,11.57319212262243,2.9865
6508,26,225,8.65,12.9,0,corps,11.569406473052378,2.0854
6509,31,252,8.13,15.1,0,corps,11.565622715833983,2.0254
6510,14,128,9.14,7.6,0,corps,11.561840850021312,5.1946
6511,10,99,9.90,5.8,0,corps,11.558060874668888,2.3878
6512,20,244,12.20,10.2,0,corps,11.554282788831724,3.2227
6513,23,208,9.04,11.6,0,corps,11.550506591565297,3.5076
6514,21,237,11.29,10.7,0,corps,11.54673228192555,3.0741
6515,18,152,8.44,9.3,0,corps,11.542959858968924,2.5322
6516,15,179,11.93,8.0,0,corps,11.539189321752295,2.3609
6517,25,252,10.08,12.4,0,corps,11.535420669333035,2.9639
6518,5,53,10.60,3.6,0,corps,11.531653900768987,1.1913
6519,26,234,9.00,12.9,0,corps,11.527889015118447,3.3097
6520,28,322,11.50,13.8,0,corps,11.524126011440206,4.6713
6521,21,208,9.90,10.7,0,corps,11.520364888793502,5.7668
6522,35,439,12.54,16.9,0,corps,11.516605646238062,2.7758
6523,17,163,9.59,8.9,0,corps,11.512848282834073,4.3177
6524,16,171,10.69,8.4,0,corps,11.509092797642193,4.6866
6525,19,163,8.58,9.8,0,corps,11.505339189723552,5.5709
6526,21,208,9.90,10.7,0,corps,11.501587458139747,3.7231
6527,10,74,7.40,5.8,0,corps,11.497837601952845,2.4285
6528,17,155,9.12,8.9,0,corps,11.494089620225386,4.2981
6529,15,171,11.40,8.0,0,corps,11.490343512020369,3.9800
6530,28,320,11.43,13.8,0,corps,11.486599276401266,4.9960
6531,16,161,10.06,8.4,0,corps,11.482856912432023,1.9027
6532,17,198,11.65,8.9,0,corps,11.47911641917705,1.3884
6533,24,241,10.04,12.0,0,corps,11.475377795701217,5.1683
6534,29,318,10.97,14.2,0,corps,11.471641041069875,4.4407
6535,34,336,9.88,16.4,0,corps,11.467906154348828,3.0791
6536,28,283,10.11,13.8,0,corps,11.464173134604364,4.3173
6537,19,186,9.79,9.8,0,corps,11.46044198090322,3.0491
6538,12,94,7.83,6.7,0,corps,11.456712692312607,3.0292
6539,21,163,7.76,10.7,0,corps,11.452985267900209,3.9399
6540,26,257,9.88,12.9,0,corps,11.449259706734166,4.9463
6541,31,324,10.45,15.1,0,corps,11.445536007883087,3.4211
6542,17,150,8.82,8.9,0,corps,11.441814170416054,4.6928
6543,27,336,12.44,13.3,0,corps,11.438094193402595,2.0796
6544,31,372,12.00,15.1,0,corps,11.43437607591273,3.2625
6545,16,222,13.88,8.4,0,corps,11.43065981701692,2.9666
6546,13,165,12.69,7.1,0,corps,11.426945415786099,1.2724
6547,23,239,10.39,11.6,0,corps,11.423232871291678,2.8494
6548,38,344,9.05,18.2,0,corps,11.419522182605506,4.9411
6549,18,194,10.78,9.3,0,corps,11.415813348799922,4.3819
6550,15,148,9.87,8.0,0,corps,11.412106368947716,2.8937
6551,30,310,10.33,14.7,0,corps,11.408401242122137,2.6729
6552,5,42,8.40,3.6,0,corps,11.404697967396912,3.7517
6553,14,106,7.57,7.6,0,corps,11.400996543846212,7.8648
6554,12,116,9.67,6.7,0,corps,11.397296970544687,6.5546
6555,21,197,9.38,10.7,0,corps,11.39359924656745,7.4170
6556,29,261,9.00,14.2,0,corps,11.389903370990057,2.2969
6557,35,343,9.80,16.9,0,corps,11.386209342888542,4.2145
6558,20,194,9.70,10.2,0,corps,11.38251716133941,2.8263
6559,25,235,9.40,12.4,0,corps,11.3788268254196,3.5132
6560,18,178,9.89,9.3,0,corps,11.37513833420654,5.0133
6561,25,238,9.52,12.4,0,corps,11.371451686778098,3.7291
6562,45,507,11.27,21.3,0,corps,11.367766882212615,6.8596
6563,27,295,10.93,13.3,0,corps,11.364083919588893,3.2024
6564,17,168,9.88,8.9,0,corps,11.360402797986191,3.1764
6565,34,399,11.74,16.4,0,corps,11.356723516484221,3.2647
6566,15,123,8.20,8.0,0,corps,11.353046074163176,2.2739
6567,17,155,9.12,8.9,0,corps,11.34937047010368,4.6164
6568,19,184,9.68,9.8,0,corps,11.345696703386848,4.7468
6569,23,198,8.61,11.6,0,corps,11.342024773094225,2.4614
6570,27,253,9.37,13.3,0,corps,11.338354678307835,4.0176
6571,25,270,10.80,12.4,0,corps,11.334686418110154,3.7812
6572,20,225,11.25,10.2,0,corps,11.331019991584112,3.2527
6573,6,44,7.33,4.0,0,corps,11.327355397813108,11.0992
6574,15,174,11.60,8.0,0,corps,11.323692635880994,2.0922
6575,22,261,11.86,11.1,0,corps,11.320031704872074,2.0287
6576,7,72,10.29,4.4,0,corps,11.316372603871121,1.6119
6577,8,94,11.75,4.9,0,corps,11.312715331963355,1.3349
6578,9,97,10.78,5.3,0,corps,11.30905988823446,4.6810
6579,21,267,12.71,10.7,0,corps,11.305406271770577,3.2574
6580,32,361,11.28,15.6,0,corps,11.3017544816583,3.7802
6581,11,175,15.91,6.2,0,corps,11.298104516984678,3.8118
6582,22,255,11.59,11.1,0,corps,11.294456376837225,4.1849
6583,43,436,10.14,20.4,0,corps,11.290810060303905,1.8128
6584,18,141,7.83,9.3,0,corps,11.28716556647314,4.8363
6585,14,131,9.36,7.6,0,corps,11.283522894433801,3.6576
6586,24,252,10.50,12.0,0,corps,11.279882043275224,5.9980
6587,9,83,9.22,5.3,0,corps,11.276243012087198,9.8399
6588,18,247,13.72,9.3,0,corps,11.272605799959958,2.0751
6589,54,591,10.94,25.3,0,corps,11.268970405984211,4.6329
6590,9,91,10.11,5.3,0,corps,11.265336829251101,4.9818
6591,10,102,10.20,5.8,0,corps,11.261705068852237,4.5458
6592,14,111,7.93,7.6,0,corps,11.25807512387968,3.8538
6593,30,299,9.97,14.7,0,corps,11.25444699342594,4.3789
6594,9,82,9.11,5.3,0,corps,11.250820676583984,2.1831
6595,16,111,6.94,8.4,0,corps,11.247196172447238,5.7089
6596,14,117,8.36,7.6,0,corps,11.24357348010957,6.1346
6597,16,133,8.31,8.4,0,corps,11.239952598665312,3.7905
6598,33,344,10.42,16.0,0,corps,11.236333527209242,4.7057
6599,20,185,9.25,10.2,0,corps,11.232716264836586,4.8049
6600,20,187,9.35,10.2,0,corps,11.229100810643041,3.3804
6601,31,298,9.61,15.1,0,corps,11.225487163724734,2.5588
6602,21,252,12.00,10.7,0,corps,11.221875323178255,1.6517
6603,11,99,9.00,6.2,0,corps,11.218265288100646,5.9587
6604,31,315,10.16,15.1,0,corps,11.214657057589392,2.7303
6605,19,182,9.58,9.8,0,corps,11.211050630742442,2.3360
6606,28,240,8.57,13.8,0,corps,11.20744600665819,3.8561
6607,9,96,10.67,5.3,0,corps,11.203843184435474,1.3191
6608,24,273,11.38,12.0,0,corps,11.200242163173597,3.6791
6609,24,276,11.50,12.0,0,corps,11.196642941972293,1.3219
6610,14,140,10.00,7.6,0,corps,11.19304551993176,4.8991
6611,33,375,11.36,16.0,0,corps,11.18944989615265,2.4951
6612,21,210,10.00,10.7,0,corps,11.185856069736047,3.2734
6613,15,160,10.67,8.0,0,corps,11.182264039783501,1.6746
6614,30,267,8.90,14.7,0,corps,11.178673805397004,4.7971
6615,8,79,9.88,4.9,0,corps,11.175085365678994,4.8652
6616,18,259,14.39,9.3,0,corps,11.171498719732364,2.3490
6617,11,131,11.91,6.2,0,corps,11.16791386666045,4.6248
6618,26,319,12.27,12.9,0,corps,11.164330805567038,3.1251
6619,10,108,10.80,5.8,0,corps,11.16074953555637,3.4286
6620,4,48,12.00,3.1,0,corps,11.157170055733118,1.1182
6621,24,255,10.62,12.0,0,corps,11.15359236520242,2.4106
6622,20,184,9.20,10.2,0,corps,11.15001646306985,5.5472
6623,26,231,8.88,12.9,0,corps,11.146442348441433,1.3977
6624,15,185,12.33,8.0,0,corps,11.142870020423642,3.9709
6625,11,159,14.45,6.2,0,corps,11.139299478123391,2.9718
6626,7,66,9.43,4.4,0,corps,11.135730720648047,0.9152
6627,33,343,10.39,16.0,0,corps,11.13216374710542,2.6081
6628,15,173,11.53,8.0,0,corps,11.128598556603766,2.6366
6629,21,204,9.71,10.7,0,corps,11.125035148251794,4.0769
6630,36,400,11.11,17.3,0,corps,11.12147352115864,3.3211
6631,14,156,11.14,7.6,0,corps,11.117913674433904,1.7052
6632,17,153,9.00,8.9,0,corps,11.114355607187626,2.3917
6633,18,146,8.11,9.3,0,corps,11.110799318530285,3.1380
6634,30,326,10.87,14.7,0,corps,11.10724480757281,3.2459
6635,8,80,10.00,4.9,0,corps,11.103692073426577,1.8153
6636,22,181,8.23,11.1,0,corps,11.1001411152034,1.1758
6637,9,84,9.33,5.3,0,corps,11.096591932015535,7.2345
6638,23,193,8.39,11.6,0,corps,11.09304452297569,4.2266
6639,13,125,9.62,7.1,0,corps,11.089498887197013,1.7455
6640,3,52,17.33,2.7,0,corps,11.085955023793097,1.1779
6641,35,347,9.91,16.9,0,corps,11.082412931877975,5.0245
6642,26,240,9.23,12.9,0,corps,11.078872610566117,6.8088
6643,24,260,10.83,12.0,0,corps,11.075334058972455,2.2590
6644,25,215,8.60,12.4,0,corps,11.071797276212342,2.0395
6645,21,184,8.76,10.7,0,corps,11.068262261401586,2.9775
6646,31,283,9.13,15.1,0,corps,11.06472901365643,3.6851
6647,7,70,10.00,4.4,0,corps,11.061197532093564,1.7151
6648,24,208,8.67,12.0,0,corps,11.057667815830118,3.1939
6649,18,165,9.17,9.3,0,corps,11.054139863983664,2.5674
6650,26,237,9.12,12.9,0,corps,11.050613675672214,2.3387
6651,24,222,9.25,12.0,0,corps,11.047089250014217,4.7034
6652,16,160,10.00,8.4,0,corps,11.04356658612857,5.7712
6653,17,207,12.18,8.9,0,corps,11.040045683134608,3.4542
6654,19,174,9.16,9.8,0,corps,11.0365265401521,5.1683
6655,37,367,9.92,17.8,0,corps,11.033009156301265,3.1006
6656,44,425,9.66,20.9,0,corps,11.029493530702759,4.7022
6657,36,312,8.67,17.3,0,corps,11.025979662477667,2.8374
6658,14,126,9.00,7.6,0,corps,11.022467550747528,2.2606
6659,31,277,8.94,15.1,0,corps,11.018957194634316,3.7036
6660,25,243,9.72,12.4,0,corps,11.015448593260437,1.7931
6661,41,409,9.98,19.6,0,corps,11.011941745748747,3.3189
6662,24,211,8.79,12.0,0,corps,11.008436651222524,2.8265
6663,9,83,9.22,5.3,0,corps,11.004933308805503,2.7651
6664,37,365,9.86,17.8,0,corps,11.001431717621848,2.9920
6665,17,168,9.88,8.9,0,corps,10.997931876796157,2.0130
6666,15,177,11.80,8.0,0,corps,10.99443378545347,3.7483
6667,39,365,9.36,18.7,0,corps,10.99093744271927,4.2046
6668,34,254,7.47,16.4,0,corps,10.98744284771946,1.9247
6669,19,176,9.26,9.8,0,corps,10.983949999580405,2.6001
6670,15,147,9.80,8.0,0,corps,10.980458897428885,4.0900
6671,19,186,9.79,9.8,0,corps,10.976969540392123,2.2493
6672,28,329,11.75,13.8,0,corps,10.973481927597787,4.0666
6673,13,163,12.54,7.1,0,corps,10.969996058173964,3.0636
6674,36,353,9.81,17.3,0,corps,10.966511931249192,4.7567
6675,27,251,9.30,13.3,0,corps,10.963029545952446,4.8328
6676,26,286,11.00,12.9,0,corps,10.959548901413116,3.8645
6677,17,168,9.88,8.9,0,corps,10.95606999676105,5.2742
6678,27,314,11.63,13.3,0,corps,10.95259283112652,3.4996
6679,15,164,10.93,8.0,0,corps,10.949117403640232,3.4335
6680,20,216,10.80,10.2,0,corps,10.945643713433334,3.4435
6681,6,58,9.67,4.0,0,corps,10.942171759637398,9.3199
6682,34,423,12.44,16.4,0,corps,10.938701541384438,3.5776
6683,22,228,10.36,11.1,0,corps,10.9352330578069,4.7453
6684,9,78,8.67,5.3,0,corps,10.931766308037663,1.3376
6685,17,151,8.88,8.9,0,corps,10.92830129121004,7.8453
6686,19,193,10.16,9.8,0,corps,10.924838006457774,3.4903
6687,16,170,10.62,8.4,0,corps,10.921376452915046,2.0719
6688,22,214,9.73,11.1,0,corps,10.917916629716467,2.5156
6689,30,343,11.43,14.7,0,corps,10.914458535997085,4.6063
6690,28,274,9.79,13.8,0,corps,10.911002170892367,3.0780
6691,18,153,8.50,9.3,0,corps,10.907547533538233,1.5887
6692,25,269,10.76,12.4,0,corps,10.904094623071014,1.4989
6693,35,328,9.37,16.9,0,corps,10.900643438627492,2.1751
6694,17,147,8.65,8.9,0,corps,10.897193979344861,6.2445
6695,20,225,11.25,10.2,0,corps,10.893746244360763,1.5188
6696,11,94,8.55,6.2,0,corps,10.890300232813264,7.3057
6697,20,152,7.60,10.2,0,corps,10.886855943840853,5.5967
6698,14,109,7.79,7.6,0,corps,10.883413376582466,1.9466
6699,14,124,8.86,7.6,0,corps,10.879972530177461,9.0731
6700,35,372,10.63,16.9,0,corps,10.876533403765626,4.7651
6701,16,151,9.44,8.4,0,corps,10.873095996487175,2.6725
6702,32,371,11.59,15.6,0,corps,10.869660307482759,5.0506
6703,13,134,10.31,7.1,0,corps,10.866226335893456,4.8307
6704,21,213,10.14,10.7,0,corps,10.862794080860775,2.6565
6705,13,119,9.15,7.1,0,corps,10.859363541526646,1.9650
6706,7,96,13.71,4.4,0,corps,10.855934717033438,4.9570
6707,20,183,9.15,10.2,0,corps,10.852507606523949,1.6853
6708,19,157,8.26,9.8,0,corps,10.849082209141391,4.8460
6709,9,64,7.11,5.3,0,corps,10.84565852402943,4.7121
6710,24,211,8.79,12.0,0,corps,10.84223655033213,3.7395
6711,13,106,8.15,7.1,0,corps,10.838816287194,2.0019
6712,29,274,9.45,14.2,0,corps,10.835397733759985,4.2502
6713,31,370,11.94,15.1,0,corps,10.831980889175435,2.9408
6714,18,184,10.22,9.3,0,corps,10.828565752586142,2.9270
6715,17,139,8.18,8.9,0,corps,10.825152323138326,4.7279
6716,22,218,9.91,11.1,0,corps,10.821740599978625,3.5674
6717,28,276,9.86,13.8,0,corps,10.81833058225411,1.9551
6718,23,169,7.35,11.6,0,corps,10.814922269112273,3.5745
6719,17,166,9.76,8.9,0,corps,10.811515659701037,4.9321
6720,37,332,8.97,17.8,0,corps,10.808110753168759,6.0903
6721,14,140,10.00,7.6,0,corps,10.804707548664199,4.6185
6722,23,246,10.70,11.6,0,corps,10.801306045336561,3.7648
6723,32,289,9.03,15.6,0,corps,10.797906242335475,2.6706
6724,22,221,10.05,11.1,0,corps,10.794508138810983,3.0805
6725,17,160,9.41,8.9,0,corps,10.79111173391356,3.2018
6726,20,195,9.75,10.2,0,corps,10.787717026794105,3.3675
6727,24,242,10.08,12.0,0,corps,10.784324016603945,3.2955
6728,13,142,10.92,7.1,0,corps,10.780932702494821,2.7861
6729,12,109,9.08,6.7,0,corps,10.777543083618909,3.6806
6730,13,117,9.00,7.1,0,corps,10.774155159128803,4.3489
6731,14,137,9.79,7.6,0,corps,10.770768928177526,3.3549
6732,35,290,8.29,16.9,0,corps,10.767384389918512,2.7093
6733,37,298,8.05,17.8,0,corps,10.764001543505634,2.7924
6734,14,117,8.36,7.6,0,corps,10.760620388093173,3.8258
6735,17,147,8.65,8.9,0,corps,10.757240922835845,1.8204
6736,40,375,9.38,19.1,0,corps,10.753863146888786,5.9033
6737,21,166,7.90,10.7,0,corps,10.750487059407545,3.0344
6738,8,70,8.75,4.9,0,corps,10.747112659548108,2.4513
6739,33,348,10.55,16.0,0,corps,10.74373994646687,5.2994
6740,20,140,7.00,10.2,0,corps,10.74036891932065,2.5538
6741,28,243,8.68,13.8,0,corps,10.736999577266701,3.0290
6742,17,136,8.00,8.9,0,corps,10.733631919462677,2.4455
6743,33,300,9.09,16.0,0,corps,10.73026594506667,3.4272
6744,40,361,9.03,19.1,0,corps,10.726901653237183,2.4715
6745,28,255,9.11,13.8,0,corps,10.723539043133142,1.8519
6746,25,246,9.84,12.4,0,corps,10.7201781139139,4.7162
6747,34,390,11.47,16.4,0,corps,10.716818864739222,1.9940
6748,14,115,8.21,7.6,0,corps,10.713461294769294,5.6662
6749,34,412,12.12,16.4,0,corps,10.710105403164727,3.3127
6750,11,103,9.36,6.2,0,corps,10.70675118908654,5.5305
6751,26,235,9.04,12.9,0,corps,10.703398651696192,1.7101
6752,32,342,10.69,15.6,0,corps,10.700047790155539,2.5762
6753,15,154,10.27,8.0,0,corps,10.696698603626867,2.9375
6754,25,229,9.16,12.4,0,corps,10.693351091272884,2.0016
6755,20,220,11.00,10.2,0,corps,10.690005252256704,2.7780
6756,26,284,10.92,12.9,0,corps,10.686661085741875,2.9703
6757,23,253,11.00,11.6,0,corps,10.683318590892355,2.7747
6758,24,192,8.00,12.0,0,corps,10.679977766872511,4.9187
6759,34,353,10.38,16.4,0,corps,10.676638612847148,4.2770
6760,24,213,8.88,12.0,0,corps,10.673301127981471,2.8116
6761,30,305,10.17,14.7,0,corps,10.66996531144111,2.4704
6762,33,297,9.00,16.0,0,corps,10.666631162392115,1.7644
6763,32,336,10.50,15.6,0,corps,10.663298680000944,2.1025
6764,27,317,11.74,13.3,0,corps,10.659967863434474,4.7133
6765,14,156,11.14,7.6,0,corps,10.656638711860012,2.9472
6766,18,206,11.44,9.3,0,corps,10.653311224445256,3.3678
6767,13,140,10.77,7.1,0,corps,10.649985400358341,1.1832
6768,12,148,12.33,6.7,0,corps,10.646661238767816,4.4833
6769,21,281,13.38,10.7,0,corps,10.643338738842631,3.1239
6770,35,350,10.00,16.9,0,corps,10.640017899752168,2.7632
6771,20,208,10.40,10.2,0,corps,10.636698720666212,3.0823
6772,20,208,10.40,10.2,0,corps,10.633381200754972,1.7069
6773,16,141,8.81,8.4,0,corps,10.630065339189068,3.4822
6774,14,153,10.93,7.6,0,corps,10.626751135139529,6.0974
6775,27,353,13.07,13.3,0,corps,10.623438587777812,1.8454
6776,14,184,13.14,7.6,0,corps,10.620127696275775,3.1912
6777,28,289,10.32,13.8,0,corps,10.616818459805696,4.1963
6778,37,487,13.16,17.8,0,corps,10.613510877540271,3.1734
6779,11,87,7.91,6.2,0,corps,10.610204948652594,1.5283
6780,15,157,10.47,8.0,0,corps,10.606900672316188,2.9591
6781,23,175,7.61,11.6,0,corps,10.60359804770499,3.1136
6782,23,192,8.35,11.6,0,corps,10.600297073993337,3.1307
6783,16,149,9.31,8.4,0,corps,10.596997750355985,2.8105
6784,32,335,10.47,15.6,0,corps,10.593700075968107,3.4010
6785,18,175,9.72,9.3,0,corps,10.590404050005278,2.0369
6786,14,126,9.00,7.6,0,corps,10.587109671643502,5.1450
6787,28,286,10.21,13.8,0,corps,10.583816940059174,5.5550
6788,19,189,9.95,9.8,0,corps,10.580525854429112,2.0708
6789,19,172,9.05,9.8,0,corps,10.577236413930557,2.4217
6790,12,111,9.25,6.7,0,corps,10.573948617741133,3.2304
6791,10,98,9.80,5.8,0,corps,10.570662465038899,5.9406
6792,42,438,10.43,20.0,0,corps,10.567377955002316,2.6971
6793,31,297,9.58,15.1,0,corps,10.564095086810255,4.0700
6794,33,296,8.97,16.0,0,corps,10.560813859642003,2.3267
6795,25,286,11.44,12.4,0,corps,10.557534272677247,1.4700
6796,10,78,7.80,5.8,0,corps,10.554256325096093,7.5890
6797,19,216,11.37,9.8,0,corps,10.550980016079055,4.4000
6798,26,220,8.46,12.9,0,corps,10.547705344807056,1.8190
6799,29,242,8.34,14.2,0,corps,10.544432310461428,4.1671
6800,25,198,7.92,12.4,0,corps,10.541160912223912,3.3612
6801,12,109,9.08,6.7,0,corps,10.537891149276657,3.8721
6802,31,317,10.23,15.1,0,corps,10.534623020802226,4.6358
6803,15,188,12.53,8.0,0,corps,10.531356525983579,2.3210
6804,18,175,9.72,9.3,0,corps,10.5280916640041,2.1949
6805,25,254,10.16,12.4,0,corps,10.524828434047572,3.9813
6806,10,74,7.40,5.8,0,corps,10.521566835298183,6.3654
6807,22,201,9.14,11.1,0,corps,10.518306866940538,2.6650
6808,7,47,6.71,4.4,0,corps,10.515048528159648,7.5581
6809,14,123,8.79,7.6,0,corps,10.51179181814092,4.3616
6810,34,296,8.71,16.4,0,corps,10.508536736070184,2.0496
6811,20,169,8.45,10.2,0,corps,10.505283281133662,3.5143
6812,18,170,9.44,9.3,0,corps,10.502031452517993,1.4738
6813,30,293,9.77,14.7,0,corps,10.498781249410225,4.3418
6814,20,220,11.00,10.2,0,corps,10.4955326709978,2.7951
6815,12,93,7.75,6.7,0,corps,10.492285716468578,3.9623
6816,16,142,8.88,8.4,0,corps,10.489040385010822,4.2119
6817,30,326,10.87,14.7,0,corps,10.48579667581319,2.5766
6818,28,260,9.29,13.8,0,corps,10.482554588064769,4.0875
6819,9,93,10.33,5.3,0,corps,10.479314120955022,4.1014
6820,15,144,9.60,8.0,0,corps,10.476075273673837,2.8271
6821,26,256,9.85,12.9,0,corps,10.472838045411512,3.5404
6822,23,231,10.04,11.6,0,corps,10.469602435358727,2.9530
6823,12,101,8.42,6.7,0,corps,10.466368442706584,6.0242
6824,34,328,9.65,16.4,0,corps,10.46313606664659,3.2650
6825,15,92,6.13,8.0,0,corps,10.45990530637064,5.8248
6826,20,162,8.10,10.2,0,corps,10.456676161071055,3.1409
6827,18,171,9.50,9.3,0,corps,10.453448629940542,5.8893
6828,19,175,9.21,9.8,0,corps,10.45022271217222,3.5582
6829,28,263,9.39,13.8,0,corps,10.446998406959612,3.7631
6830,19,175,9.21,9.8,0,corps,10.443775713496636,4.7028
6831,28,249,8.89,13.8,0,corps,10.440554630977623,4.0819
6832,20,170,8.50,10.2,0,corps,10.437335158597302,2.3997
6833,35,346,9.89,16.9,0,corps,10.434117295550802,3.2075
6834,9,70,7.78,5.3,0,corps,10.430901041033664,2.0709
6835,17,163,9.59,8.9,0,corps,10.427686394241817,3.2422
6836,18,201,11.17,9.3,0,corps,10.4244733543716,2.0225
6837,14,154,11.00,7.6,0,corps,10.42126192061976,2.9849
6838,20,195,9.75,10.2,0,corps,10.418052092183427,5.3085
6839,2,23,11.50,2.2,0,corps,10.414843868260155,2.1963
6840,19,179,9.42,9.8,0,corps,10.411637248047883,3.2580
6841,13,119,9.15,7.1,0,corps,10.408432230744955,4.3606
6842,29,288,9.93,14.2,0,corps,10.405228815550121,4.1322
6843,31,273,8.81,15.1,0,corps,10.40202700166252,4.6885
6844,10,94,9.40,5.8,0,corps,10.398826788281706,1.5230
6845,23,199,8.65,11.6,0,corps,10.395628174607621,3.6560
6846,30,356,11.87,14.7,0,corps,10.392431159840616,4.2459
6847,20,180,9.00,10.2,0,corps,10.38923574318143,2.5606
6848,22,185,8.41,11.1,0,corps,10.386041923831216,2.1155
6849,19,183,9.63,9.8,0,corps,10.382849700991514,2.9692
6850,15,141,9.40,8.0,0,corps,10.379659073864273,4.1990
6851,17,155,9.12,8.9,0,corps,10.376470041651832,3.3392
6852,15,160,10.67,8.0,0,corps,10.373282603556932,2.3626
6853,33,398,12.06,16.0,0,corps,10.37009675878272,3.5784
6854,21,202,9.62,10.7,0,corps,10.36691250653273,2.7898
6855,24,218,9.08,12.0,0,corps,10.363729846010896,2.4743
6856,19,206,10.84,9.8,0,corps,10.360548776421563,2.1571
6857,26,257,9.88,12.9,0,corps,10.357369296969454,2.7944
6858,44,450,10.23,20.9,0,corps,10.354191406859703,6.7107
6859,28,313,11.18,13.8,0,corps,10.351015105297837,6.7213
6860,16,239,14.94,8.4,0,corps,10.347840391489779,2.6962
6861,30,290,9.67,14.7,0,corps,10.344667264641854,2.0675
6862,19,144,7.58,9.8,0,corps,10.341495723960776,2.3093
6863,26,255,9.81,12.9,0,corps,10.338325768653664,2.7349
6864,31,364,11.74,15.1,0,corps,10.335157397928027,4.3429
6865,25,303,12.12,12.4,0,corps,10.33199061099177,3.0688
6866,14,139,9.93,7.6,0,corps,10.328825407053202,2.0613
6867,23,155,6.74,11.6,0,corps,10.325661785321017,3.6126
6868,14,121,8.64,7.6,0,corps,10.32249974500431,4.5544
6869,36,354,9.83,17.3,0,corps,10.319339285312576,2.6325
6870,13,118,9.08,7.1,0,corps,10.316180405455693,2.1505
6871,31,288,9.29,15.1,0,corps,10.313023104643944,4.4318
6872,37,523,14.14,17.8,0,corps,10.309867382088006,4.8737
6873,19,154,8.11,9.8,0,corps,10.306713236998947,3.1464
6874,14,106,7.57,7.6,0,corps,10.30356066858823,4.8638
6875,20,186,9.30,10.2,0,corps,10.300409676067709,3.3506
6876,19,221,11.63,9.8,0,corps,10.297260258649644,1.5159
6877,32,300,9.38,15.6,0,corps,10.294112415546675,4.8176
6878,15,140,9.33,8.0,0,corps,10.290966145971842,2.3159
6879,15,156,10.40,8.0,0,corps,10.287821449138582,3.6126
6880,13,112,8.62,7.1,0,corps,10.28467832426071,5.1779
6881,14,171,12.21,7.6,0,corps,10.281536770552455,1.1956
6882,12,105,8.75,6.7,0,corps,10.278396787228427,1.7626
6883,19,180,9.47,9.8,0,corps,10.275258373503629,2.7845
6884,15,148,9.87,8.0,0,corps,10.272121528593454,2.6741
6885,15,139,9.27,8.0,0,corps,10.268986251713697,3.8992
6886,19,183,9.63,9.8,0,corps,10.265852542080534,2.9539
6887,17,151,8.88,8.9,0,corps,10.262720398910542,4.2355
6888,34,323,9.50,16.4,0,corps,10.259589821420676,3.5311
6889,22,247,11.23,11.1,0,corps,10.256460808828303,1.9886
6890,8,61,7.62,4.9,0,corps,10.253333360351164,7.2108
6891,16,164,10.25,8.4,0,corps,10.250207475207397,2.3873
6892,13,113,8.69,7.1,0,corps,10.247083152615527,8.7863
6893,6,65,10.83,4.0,0,corps,10.243960391794484,0.9838
6894,20,245,12.25,10.2,0,corps,10.24083919196357,2.1769
6895,11,76,6.91,6.2,0,corps,10.237719552342488,5.6372
6896,31,291,9.39,15.1,0,corps,10.234601472151322,4.2654
6897,28,266,9.50,13.8,0,corps,10.23148495061056,3.9278
6898,25,270,10.80,12.4,0,corps,10.228369986941068,2.9860
6899,7,53,7.57,4.4,0,corps,10.225256580364103,3.2427
6900,60,781,13.02,28.0,0,corps,10.222144730101315,5.6713
6901,33,396,12.00,16.0,0,corps,10.219034435374747,3.0536
6902,14,139,9.93,7.6,0,corps,10.215925695406817,3.1149
6903,42,455,10.83,20.0,0,corps,10.212818509420343,2.8276
6904,34,356,10.47,16.4,0,corps,10.209712876638527,2.6632
6905,42,398,9.48,20.0,0,corps,10.206608796284964,2.4814
6906,22,199,9.05,11.1,0,corps,10.203506267583636,2.7281
6907,15,182,12.13,8.0,0,corps,10.200405289758903,2.8505
6908,25,242,9.68,12.4,0,corps,10.197305862035524,2.5853
6909,18,185,10.28,9.3,0,corps,10.194207983638648,1.7029
6910,28,301,10.75,13.8,0,corps,10.191111653793794,1.3928
6911,31,293,9.45,15.1,0,corps,10.18801687172689,1.7044
6912,15,137,9.13,8.0,0,corps,10.184923636664234,1.5603
6913,16,149,9.31,8.4,0,corps,10.181831947832519,3.7506
6914,8,71,8.88,4.9,0,corps,10.178741804458824,1.6304
6915,20,188,9.40,10.2,0,corps,10.175653205770613,2.0118
6916,26,264,10.15,12.9,0,corps,10.172566150995735,1.7082
6917,14,124,8.86,7.6,0,corps,10.169480639362426,2.9114
6918,28,297,10.61,13.8,0,corps,10.166396670099312,2.3148
6919,42,416,9.90,20.0,0,corps,10.163314242435396,3.1246
6920,20,211,10.55,10.2,0,corps,10.16023335560007,4.6249
6921,18,177,9.83,9.3,0,corps,10.157154008823117,1.7156
6922,15,136,9.07,8.0,0,corps,10.1540762013347,3.4485
6923,20,243,12.15,10.2,0,corps,10.150999932365364,3.2819
6924,33,355,10.76,16.0,0,corps,10.147925201146041,2.0159
6925,35,315,9.00,16.9,0,corps,10.144852006908053,3.1066
6926,17,161,9.47,8.9,0,corps,10.141780348883099,2.2452
6927,15,143,9.53,8.0,0,corps,10.138710226303266,3.5840
6928,30,264,8.80,14.7,0,corps,10.135641638401015,2.1917
6929,25,204,8.16,12.4,0,corps,10.132574584409209,2.9067
6930,20,187,9.35,10.2,0,corps,10.129509063561084,1.7971
6931,18,168,9.33,9.3,0,corps,10.126445075090254,2.2844
6932,17,158,9.29,8.9,0,corps,10.123382618230723,3.2231
6933,29,256,8.83,14.2,0,corps,10.120321692216883,5.4261
6934,27,251,9.30,13.3,0,corps,10.117262296283494,2.9779
6935,20,200,10.00,10.2,0,corps,10.114204429665714,3.8015
6936,22,181,8.23,11.1,0,corps,10.11114809159907,3.7458
6937,27,288,10.67,13.3,0,corps,10.10809328131948,3.0520
6938,44,484,11.00,20.9,0,corps,10.105039998063248,2.4900
6939,19,175,9.21,9.8,0,corps,10.101988241067042,5.1977
6940,33,270,8.18,16.0,0,corps,10.098938009567929,2.3490
6941,25,221,8.84,12.4,0,corps,10.095889302803352,4.2782
6942,12,128,10.67,6.7,0,corps,10.092842120011131,5.6013
6943,28,262,9.36,13.8,0,corps,10.089796460429474,2.6375
6944,45,463,10.29,21.3,0,corps,10.08675232329696,3.7190
6945,27,260,9.63,13.3,0,corps,10.08370970785256,3.7057
6946,32,275,8.59,15.6,0,corps,10.080668613335622,2.5818
6947,31,295,9.52,15.1,0,corps,10.077629038985863,2.2010
6948,24,228,9.50,12.0,0,corps,10.074590984043398,2.4871
6949,30,283,9.43,14.7,0,corps,10.071554447748712,2.5819
6950,24,235,9.79,12.0,0,corps,10.068519429342668,3.0599
6951,20,216,10.80,10.2,0,corps,10.065485928066515,1.7744
6952,18,136,7.56,9.3,0,corps,10.062453943161874,5.4022
6953,36,381,10.58,17.3,0,corps,10.05942347387075,2.5470
6954,16,157,9.81,8.4,0,corps,10.056394519435527,1.6601
6955,12,107,8.92,6.7,0,corps,10.053367079098965,6.7764
6956,19,190,10.00,9.8,0,corps,10.050341152104203,2.6543
6957,8,71,8.88,4.9,0,corps,10.047316737694764,1.4480
6958,14,129,9.21,7.6,0,corps,10.044293835114537,2.4604
6959,30,302,10.07,14.7,0,corps,10.041272443607804,1.7229
6960,32,360,11.25,15.6,0,corps,10.038252562419212,2.7604
6961,24,206,8.58,12.0,0,corps,10.03523419079379,1.9522
6962,25,206,8.24,12.4,0,corps,10.03221732797695,5.0466
6963,31,264,8.52,15.1,0,corps,10.029201973214471,3.2646
6964,26,238,9.15,12.9,0,corps,10.026188125752517,4.5059
6965,23,213,9.26,11.6,0,corps,10.023175784837628,2.7334
6966,16,119,7.44,8.4,0,corps,10.020164949716715,5.1199
6967,26,236,9.08,12.9,0,corps,10.017155619637071,4.4084
6968,24,215,8.96,12.0,0,corps,10.014147793846362,3.7559
6969,9,82,9.11,5.3,0,corps,10.011141471592634,1.8560
6970,21,212,10.10,10.7,0,corps,10.008136652124307,3.6707
6971,20,198,9.90,10.2,0,corps,10.005133334690171,3.3814
6972,28,292,10.43,13.8,0,corps,10.0021315185394,4.2706
6973,43,374,8.70,20.4,0,corps,9.999131202921543,2.8296
6974,18,201,11.17,9.3,0,corps,9.996132387086515,1.3024
6975,20,202,10.10,10.2,0,corps,9.993135070284618,3.4944
6976,16,188,11.75,8.4,0,corps,9.990139251766518,3.0373
6977,18,149,8.28,9.3,0,corps,9.987144930783261,2.9460
6978,21,204,9.71,10.7,0,corps,9.98415210658627,3.4159
6979,17,195,11.47,8.9,0,corps,9.981160778427336,2.2345
6980,22,206,9.36,11.1,0,corps,9.978170945558626,2.6478
6981,31,306,9.87,15.1,0,corps,9.975182607232687,3.7857
6982,20,178,8.90,10.2,0,corps,9.97219576270243,2.4331
6983,18,161,8.94,9.3,0,corps,9.969210411221145,3.8439
6984,7,73,10.43,4.4,0,corps,9.966226552042489,1.7987
6985,20,175,8.75,10.2,0,corps,9.963244184420507,2.4188
6986,15,116,7.73,8.0,0,corps,9.960263307609603,6.3180
6987,25,226,9.04,12.4,0,corps,9.957283920864555,3.4024
6988,34,301,8.85,16.4,0,corps,9.954306023440514,3.9316
6989,25,268,10.72,12.4,0,corps,9.951329614593018,2.4190
6990,11,92,8.36,6.2,0,corps,9.94835469357795,2.5542
6991,32,325,10.16,15.6,0,corps,9.945381259651592,4.2335
6992,27,295,10.93,13.3,0,corps,9.942409312070575,3.5890
6993,43,492,11.44,20.4,0,corps,9.93943885009192,4.4241
6994,21,250,11.90,10.7,0,corps,9.936469872973008,3.5002
6995,26,272,10.46,12.9,0,corps,9.933502379971594,3.2832
6996,15,142,9.47,8.0,0,corps,9.930536370345806,1.9544
6997,38,448,11.79,18.2,0,corps,9.927571843354144,4.6034
6998,24,308,12.83,12.0,0,corps,9.924608798255468,1.5628
6999,39,499,12.79,18.7,0,corps,9.92164723430903,2.0831
7000,32,411,12.84,15.6,0,corps,9.918687150774426,2.9577
7001,27,307,11.37,13.3,0,corps,9.915728546911643,3.3729
7002,23,235,10.22,11.6,0,corps,9.912771421981025,1.3822
7003,40,382,9.55,19.1,0,corps,9.909815775243295,2.2213
7004,24,234,9.75,12.0,0,corps,9.906861605959541,3.2189
7005,32,326,10.19,15.6,0,corps,9.903908913391216,3.7550
7006,33,331,10.03,16.0,0,corps,9.900957696800154,3.0328
7007,14,168,12.00,7.6,0,corps,9.898007955448545,4.1881
7008,22,237,10.77,11.1,0,corps,9.895059688598954,2.8638
7009,31,292,9.42,15.1,0,corps,9.892112895514316,2.1590
7010,22,259,11.77,11.1,0,corps,9.889167575457936,2.0003
7011,35,417,11.91,16.9,0,corps,9.886223727693476,4.3961
7012,25,244,9.76,12.4,0,corps,9.883281351484982,3.3179
7013,31,304,9.81,15.1,0,corps,9.880340446096856,3.1164
7014,15,118,7.87,8.0,0,corps,9.877401010793871,4.2023
7015,28,292,10.43,13.8,0,corps,9.874463044841171,3.2901
7016,14,138,9.86,7.6,0,corps,9.871526547504262,1.6113
7017,32,270,8.44,15.6,0,corps,9.868591518049017,2.7678
7018,19,176,9.26,9.8,0,corps,9.865657955741689,2.0697
7019,16,167,10.44,8.4,0,corps,9.862725859848874,3.7533
7020,44,459,10.43,20.9,0,corps,9.859795229637559,3.3830
7021,19,175,9.21,9.8,0,corps,9.85686606437508,1.4310
7022,18,144,8.00,9.3,0,corps,9.853938363329146,1.9656
7023,48,466,9.71,22.7,0,corps,9.851012125767838,2.2344
7024,21,155,7.38,10.7,0,corps,9.848087350959586,5.3425
7025,15,144,9.60,8.0,0,corps,9.845164038173204,3.4317
7026,11,118,10.73,6.2,0,corps,9.842242186677867,1.1970
7027,13,113,8.69,7.1,0,corps,9.8393217957431,5.5236
7028,25,270,10.80,12.4,0,corps,9.836402864638819,3.0167
7029,23,267,11.61,11.6,0,corps,9.833485392635279,2.8166
7030,13,121,9.31,7.1,0,corps,9.830569379003117,3.8126
7031,8,67,8.38,4.9,0,corps,9.827654823013336,1.5664
7032,44,465,10.57,20.9,0,corps,9.824741723937287,3.1104
7033,26,234,9.00,12.9,0,corps,9.821830081046699,1.8365
7034,12,103,8.58,6.7,0,corps,9.818919893613664,5.6484
7035,12,114,9.50,6.7,0,corps,9.816011160910632,5.1213
7036,33,342,10.36,16.0,0,corps,9.81310388221042,2.2682
7037,22,200,9.09,11.1,0,corps,9.81019805678621,3.6204
7038,17,167,9.82,8.9,0,corps,9.807293683911542,2.6304
7039,9,72,8.00,5.3,0,corps,9.804390762860326,6.1272
7040,30,334,11.13,14.7,0,corps,9.801489292906831,3.8192
7041,18,168,9.33,9.3,0,corps,9.798589273325689,4.1900
7042,10,85,8.50,5.8,0,corps,9.795690703391898,2.2382
7043,21,201,9.57,10.7,0,corps,9.792793582380813,4.7033
7044,16,149,9.31,8.4,0,corps,9.789897909568152,1.8690
7045,24,223,9.29,12.0,0,corps,9.78700368423,1.6569
7046,36,363,10.08,17.3,0,corps,9.784110905642795,3.5685
7047,19,221,11.63,9.8,0,corps,9.781219573083352,1.9382
7048,21,205,9.76,10.7,0,corps,9.778329685828828,2.1309
7049,7,51,7.29,4.4,0,corps,9.775441243156758,2.0014
7050,35,326,9.31,16.9,0,corps,9.772554244345029,2.7260
7051,16,124,7.75,8.4,0,corps,9.76966868867189,4.6938
7052,21,164,7.81,10.7,0,corps,9.766784575415954,3.8607
7053,23,209,9.09,11.6,0,corps,9.76390190385619,2.2638
7054,16,145,9.06,8.4,0,corps,9.761020673271933,6.5625
7055,15,131,8.73,8.0,0,corps,9.758140882942879,1.7226
7056,30,297,9.90,14.7,0,corps,9.75526253214907,4.1162
7057,17,136,8.00,8.9,0,corps,9.752385620170925,2.3367
7058,17,132,7.76,8.9,0,corps,9.749510146289216,1.9393
7059,31,277,8.94,15.1,0,corps,9.746636109785072,3.8007
7060,20,182,9.10,10.2,0,corps,9.743763509939988,1.6538
7061,33,297,9.00,16.0,0,corps,9.740892346035809,2.6737
7062,19,154,8.11,9.8,0,corps,9.738022617354748,3.4901
7063,13,136,10.46,7.1,0,corps,9.735154323179371,1.5526
7064,31,279,9.00,15.1,0,corps,9.732287462792605,4.4600
7065,26,248,9.54,12.9,0,corps,9.729422035477732,4.1808
7066,18,239,13.28,9.3,0,corps,9.726558040518402,1.5819
7067,35,376,10.74,16.9,0,corps,9.723695477198607,2.4446
7068,4,51,12.75,3.1,0,corps,9.720834344802716,1.6408
7069,25,238,9.52,12.4,0,corps,9.717974642615438,4.2012
7070,34,383,11.26,16.4,0,corps,9.71511636992185,2.2541
7071,31,326,10.52,15.1,0,corps,9.712259526007387,2.6320
7072,20,196,9.80,10.2,0,corps,9.709404110157832,2.0744
7073,27,218,8.07,13.3,0,corps,9.706550121659335,1.9935
7074,33,376,11.39,16.0,0,corps,9.7036975597984,1.8660
7075,4,37,9.25,3.1,0,corps,9.700846423861883,1.3810
7076,41,404,9.85,19.6,0,corps,9.697996713137002,2.6105
7077,24,196,8.17,12.0,0,corps,9.695148426911329,2.9198
7078,14,164,11.71,7.6,0,corps,9.692301564472793,3.4121
7079,32,272,8.50,15.6,0,corps,9.689456125109677,2.7880
7080,32,315,9.84,15.6,0,corps,9.686612108110623,3.1785
7081,7,79,11.29,4.4,0,corps,9.683769512764623,1.6689
7082,19,193,10.16,9.8,0,corps,9.680928338361035,3.0562
7083,20,187,9.35,10.2,0,corps,9.678088584189558,3.3778
7084,44,426,9.68,20.9,0,corps,9.675250249540259,2.1141
7085,17,142,8.35,8.9,0,corps,9.67241333370355,2.4347
7086,35,292,8.34,16.9,0,corps,9.669577835970204,2.8818
7087,15,139,9.27,8.0,0,corps,9.666743755631348,2.2206
7088,23,188,8.17,11.6,0,corps,9.663911091978457,5.1097
7089,22,188,8.55,11.1,0,corps,9.661079844303371,3.9386
7090,16,143,8.94,8.4,0,corps,9.658250011898277,3.7170
7091,31,266,8.58,15.1,0,corps,9.655421594055714,2.0795
7092,34,365,10.74,16.4,0,corps,9.65259459006858,2.7406
7093,13,116,8.92,7.1,0,corps,9.649768999230119,2.0762
7094,15,141,9.40,8.0,0,corps,9.64694482083394,4.7326
7095,26,240,9.23,12.9,0,corps,9.644122054173998,3.4519
7096,14,140,10.00,7.6,0,corps,9.641300698544594,2.8851
7097,22,190,8.64,11.1,0,corps,9.638480753240398,2.9608
7098,38,320,8.42,18.2,0,corps,9.635662217556417,3.8517
7099,29,257,8.86,14.2,0,corps,9.632845090788022,2.7402
7100,15,134,8.93,8.0,0,corps,9.63002937223093,5.4512
7101,13,116,8.92,7.1,0,corps,9.627215061181206,5.8927
7102,20,167,8.35,10.2,0,corps,9.624402156935279,4.3465
7103,26,260,10.00,12.9,0,corps,9.621590658789922,3.0709
7104,24,215,8.96,12.0,0,corps,9.618780566042256,2.4285
7105,32,344,10.75,15.6,0,corps,9.615971877989763,3.3046
7106,23,183,7.96,11.6,0,corps,9.613164593930268,4.3492
7107,25,267,10.68,12.4,0,corps,9.61035871316195,2.0383
7108,20,201,10.05,10.2,0,corps,9.607554234983343,4.3234
7109,15,198,13.20,8.0,0,corps,9.60475115869332,2.5393
7110,23,246,10.70,11.6,0,corps,9.601949483591115,3.3395
7111,25,261,10.44,12.4,0,corps,9.599149208976316,2.4368
7112,18,151,8.39,9.3,0,corps,9.596350334148843,4.0391
7113,16,130,8.12,8.4,0,corps,9.593552858408982,3.2068
7114,20,193,9.65,10.2,0,corps,9.590756781057369,2.9793
7115,22,203,9.23,11.1,0,corps,9.587962101394979,2.4818
7116,14,112,8.00,7.6,0,corps,9.585168818723142,2.4047
7117,36,380,10.56,17.3,0,corps,9.58237693234354,4.4633
7118,24,189,7.88,12.0,0,corps,9.579586441558199,2.9300
7119,18,180,10.00,9.3,0,corps,9.5767973456695,2.5657
7120,6,45,7.50,4.0,0,corps,9.574009643980164,1.7908
7121,17,153,9.00,8.9,0,corps,9.571223335793267,4.1368
7122,10,74,7.40,5.8,0,corps,9.568438420412235,7.7720
7123,24,246,10.25,12.0,0,corps,9.565654897140838,4.7759
7124,24,202,8.42,12.0,0,corps,9.562872765283194,3.5271
7125,28,251,8.96,13.8,0,corps,9.560092024143769,3.3716
7126,7,40,5.71,4.4,0,corps,9.557312673027377,2.3187
7127,17,146,8.59,8.9,0,corps,9.554534711239187,3.2192
7128,14,121,8.64,7.6,0,corps,9.5517581380847,3.3689
7129,34,344,10.12,16.4,0,corps,9.54898295286978,3.4530
7130,24,228,9.50,12.0,0,corps,9.546209154900623,3.4934
7131,20,186,9.30,10.2,0,corps,9.543436743483785,4.3522
7132,12,109,9.08,6.7,0,corps,9.540665717926164,2.9743
7133,16,146,9.12,8.4,0,corps,9.537896077534999,4.2160
7134,36,376,10.44,17.3,0,corps,9.53512782161788,3.5773
7135,26,263,10.12,12.9,0,corps,9.53236094948275,4.6467
7136,29,291,10.03,14.2,0,corps,9.529595460437884,2.8320
7137,11,144,13.09,6.2,0,corps,9.526831353791913,3.6162
7138,31,332,10.71,15.1,0,corps,9.524068628853808,3.6768
7139,19,232,12.21,9.8,0,corps,9.521307284932888,2.3382
7140,40,466,11.65,19.1,0,corps,9.518547321338822,3.1540
7141,10,109,10.90,5.8,0,corps,9.51578873738161,1.1533
7142,19,186,9.79,9.8,0,corps,9.513031532371613,3.7005
7143,10,92,9.20,5.8,0,corps,9.510275705619529,2.2728
7144,24,241,10.04,12.0,0,corps,9.5075212564364,2.9412
7145,24,203,8.46,12.0,0,corps,9.504768184133614,2.0857
7146,11,118,10.73,6.2,0,corps,9.502016488022901,1.8763
7147,16,146,9.12,8.4,0,corps,9.499266167416339,2.6614
7148,31,300,9.68,15.1,0,corps,9.49651722162635,3.0327
7149,14,127,9.07,7.6,0,corps,9.493769649965692,1.8578
7150,26,254,9.77,12.9,0,corps,9.491023451747473,2.3878
7151,43,425,9.88,20.4,0,corps,9.488278626285151,3.9924
7152,17,217,12.76,8.9,0,corps,9.485535172892511,2.7282
7153,23,223,9.70,11.6,0,corps,9.482793090883696,1.6084
7154,31,407,13.13,15.1,0,corps,9.480052379573179,2.7044
7155,31,380,12.26,15.1,0,corps,9.477313038275787,2.1911
7156,28,309,11.04,13.8,0,corps,9.47457506630668,1.5111
7157,15,132,8.80,8.0,0,corps,9.471838462981372,3.5838
7158,17,155,9.12,8.9,0,corps,9.469103227615705,1.9136
7159,19,204,10.74,9.8,0,corps,9.466369359525878,2.3367
7160,29,326,11.24,14.2,0,corps,9.463636858028416,1.9589
7161,24,207,8.62,12.0,0,corps,9.460905722440199,1.4054
7162,20,192,9.60,10.2,0,corps,9.458175952078438,3.3140
7163,13,132,10.15,7.1,0,corps,9.455447546260693,2.6751
7164,16,164,10.25,8.4,0,corps,9.452720504304867,2.7449
7165,7,98,14.00,4.4,0,corps,9.449994825529192,4.1955
7166,20,193,9.65,10.2,0,corps,9.447270509252254,4.5709
7167,13,115,8.85,7.1,0,corps,9.444547554792972,5.5001
7168,14,149,10.64,7.6,0,corps,9.441825961470604,5.0669
7169,16,147,9.19,8.4,0,corps,9.439105728604758,4.7934
7170,5,82,16.40,3.6,0,corps,9.436386855515371,1.2587
7171,15,135,9.00,8.0,0,corps,9.433669341522725,4.9935
7172,11,101,9.18,6.2,0,corps,9.430953185947446,5.1368
7173,23,210,9.13,11.6,0,corps,9.428238388110488,2.7750
7174,31,338,10.90,15.1,0,corps,9.425524947333159,4.3347
7175,19,168,8.84,9.8,0,corps,9.422812862937095,1.4782
7176,12,125,10.42,6.7,0,corps,9.42010213424427,3.1109
7177,18,145,8.06,9.3,0,corps,9.417392760577012,6.0444
7178,15,139,9.27,8.0,0,corps,9.41468474125797,3.2885
7179,17,126,7.41,8.9,0,corps,9.41197807561014,3.3977
7180,21,210,10.00,10.7,0,corps,9.40927276295686,1.7336
7181,16,168,10.50,8.4,0,corps,9.406568802621798,4.0870
7182,11,111,10.09,6.2,0,corps,9.403866193928964,1.3598
7183,11,90,8.18,6.2,0,corps,9.401164936202708,4.5265
7184,30,283,9.43,14.7,0,corps,9.398465028767713,5.3502
7185,25,225,9.00,12.4,0,corps,9.395766470949004,2.8039
7186,28,267,9.54,13.8,0,corps,9.39306926207194,2.2486
7187,22,208,9.45,11.1,0,corps,9.39037340146222,3.0755
7188,14,143,10.21,7.6,0,corps,9.38767888844588,3.4503
7189,18,233,12.94,9.3,0,corps,9.384985722349287,2.6689
7190,25,222,8.88,12.4,0,corps,9.382293902499155,3.7284
7191,15,174,11.60,8.0,0,corps,9.379603428222527,3.8053
7192,40,370,9.25,19.1,0,corps,9.376914298846781,5.1922
7193,18,175,9.72,9.3,0,corps,9.374226513699643,1.4988
7194,20,191,9.55,10.2,0,corps,9.371540072109157,1.0928
7195,43,401,9.33,20.4,0,corps,9.368854973403717,3.6965
7196,17,184,10.82,8.9,0,corps,9.366171216912052,4.0421
7197,19,193,10.16,9.8,0,corps,9.363488801963216,4.4698
7198,19,200,10.53,9.8,0,corps,9.360807727886607,4.0684
7199,8,68,8.50,4.9,0,corps,9.358127994011962,2.4238
7200,21,229,10.90,10.7,0,corps,9.355449599669342,2.0591
7201,15,146,9.73,8.0,0,corps,9.35277254418915,3.5677
7202,28,286,10.21,13.8,0,corps,9.35009682690212,4.2860
7203,22,144,6.55,11.1,0,corps,9.347422447139325,2.4025
7204,16,135,8.44,8.4,0,corps,9.344749404232171,5.0641
7205,17,143,8.41,8.9,0,corps,9.342077697512396,6.9223
7206,30,343,11.43,14.7,0,corps,9.339407326312072,7.6075
7207,28,320,11.43,13.8,0,corps,9.336738289963609,5.5324
7208,35,395,11.29,16.9,0,corps,9.334070587799745,3.6388
7209,35,358,10.23,16.9,0,corps,9.331404219153558,5.1990
7210,19,190,10.00,9.8,0,corps,9.32873918335845,6.3418
7211,25,221,8.84,12.4,0,corps,9.326075479748166,5.1382
7212,31,355,11.45,15.1,0,corps,9.323413107656783,3.4672
7213,30,299,9.97,14.7,0,corps,9.3207520664187,4.2439
7214,19,192,10.11,9.8,0,corps,9.318092355368664,3.3777
7215,8,95,11.88,4.9,0,corps,9.315433973841747,2.4656
7216,16,178,11.12,8.4,0,corps,9.312776921173347,1.2390
7217,17,153,9.00,8.9,0,corps,9.310121196699209,4.3159
7218,18,227,12.61,9.3,0,corps,9.307466799755392,2.8644
7219,14,122,8.71,7.6,0,corps,9.304813729678306,1.5836
7220,19,220,11.58,9.8,0,corps,9.302161985804682,4.9364
7221,17,146,8.59,8.9,0,corps,9.299511567471578,4.8801
7222,24,219,9.12,12.0,0,corps,9.296862474016395,3.4606
7223,27,271,10.04,13.3,0,corps,9.29421470477686,2.9968
7224,18,185,10.28,9.3,0,corps,9.291568259091026,3.0509
7225,21,175,8.33,10.7,0,corps,9.288923136297287,4.1459
7226,14,147,10.50,7.6,0,corps,9.286279335734356,2.2842
7227,40,368,9.20,19.1,0,corps,9.283636856741289,2.3962
7228,23,212,9.22,11.6,0,corps,9.280995698657465,2.0133
7229,23,285,12.39,11.6,0,corps,9.278355860822591,3.9234
7230,17,182,10.71,8.9,0,corps,9.27571734257671,4.3264
7231,18,166,9.22,9.3,0,corps,9.273080143260193,3.6687
7232,24,223,9.29,12.0,0,corps,9.27044426221374,3.5153
7233,8,74,9.25,4.9,0,corps,9.267809698778379,5.5689
7234,23,192,8.35,11.6,0,corps,9.265176452295467,3.3665
7235,26,249,9.58,12.9,0,corps,9.2625445221067,2.9306
7236,31,340,10.97,15.1,0,corps,9.25991390755409,3.3063
7237,28,292,10.43,13.8,0,corps,9.257284607979981,4.2712
7238,29,364,12.55,14.2,0,corps,9.254656622727055,3.4070
7239,25,200,8.00,12.4,0,corps,9.252029951138312,2.0299
7240,32,302,9.44,15.6,0,corps,9.249404592557083,2.5364
7241,19,144,7.58,9.8,0,corps,9.24678054632703,4.5736
7242,20,148,7.40,10.2,0,corps,9.244157811792139,5.0102
7243,29,290,10.00,14.2,0,corps,9.24153638829673,2.9503
7244,16,156,9.75,8.4,0,corps,9.238916275185446,2.7993
7245,32,320,10.00,15.6,0,corps,9.236297471803256,2.4107
7246,14,133,9.50,7.6,0,corps,9.233679977495463,2.6862
7247,27,280,10.37,13.3,0,corps,9.231063791607692,2.4721
7248,45,477,10.60,21.3,0,corps,9.228448913485893,4.0747
7249,27,258,9.56,13.3,0,corps,9.225835342476355,5.1257
7250,26,299,11.50,12.9,0,corps,9.223223077925674,1.9948
7251,23,204,8.87,11.6,0,corps,9.220612119180792,4.7794
7252,27,240,8.89,13.3,0,corps,9.21800246558897,5.0725
7253,18,186,10.33,9.3,0,corps,9.215394116497787,2.5343
7254,24,292,12.17,12.0,0,corps,9.212787071255164,1.6598
7255,29,245,8.45,14.2,0,corps,9.210181329209332,3.9309
7256,21,211,10.05,10.7,0,corps,9.207576889708863,4.1141
7257,41,385,9.39,19.6,0,corps,9.204973752102644,3.2702
7258,21,195,9.29,10.7,0,corps,9.202371915739887,3.0101
7259,10,95,9.50,5.8,0,corps,9.199771379970135,6.0661
7260,17,156,9.18,8.9,0,corps,9.19717214414326,3.0600
7261,24,226,9.42,12.0,0,corps,9.194574207609444,5.0672
7262,18,149,8.28,9.3,0,corps,9.19197756971921,4.0496
7263,12,107,8.92,6.7,0,corps,9.189382229823392,3.4282
7264,17,132,7.76,8.9,0,corps,9.18678818727316,1.7561
7265,24,219,9.12,12.0,0,corps,9.184195441420004,3.3924
7266,23,213,9.26,11.6,0,corps,9.181603991615733,2.8478
7267,5,46,9.20,3.6,0,corps,9.179013837212487,2.0420
7268,27,265,9.81,13.3,0,corps,9.176424977562728,4.4486
7269,34,301,8.85,16.4,0,corps,9.173837412019239,3.6783
7270,32,280,8.75,15.6,0,corps,9.171251139935134,1.6602
7271,37,389,10.51,17.8,0,corps,9.168666160663836,3.3169
7272,18,158,8.78,9.3,0,corps,9.166082473559106,2.3183
7273,21,215,10.24,10.7,0,corps,9.163500077975026,3.5026
7274,12,113,9.42,6.7,0,corps,9.160918973265987,3.0252
7275,14,131,9.36,7.6,0,corps,9.158339158786719,2.9552
7276,27,209,7.74,13.3,0,corps,9.155760633892271,2.5064
7277,34,246,7.24,16.4,0,corps,9.153183397938003,2.8949
7278,24,241,10.04,12.0,0,corps,9.150607450279615,4.7852
7279,24,283,11.79,12.0,0,corps,9.148032790273117,5.3700
7280,28,296,10.57,13.8,0,corps,9.14545941727484,2.3459
7281,12,124,10.33,6.7,0,corps,9.142887330641447,1.5926
7282,50,557,11.14,23.6,0,corps,9.140316529729912,4.4638
7283,19,163,8.58,9.8,0,corps,9.137747013897537,2.0856
7284,19,216,11.37,9.8,0,corps,9.135178782501944,4.7597
7285,21,197,9.38,10.7,0,corps,9.13261183490107,2.9349
7286,38,551,14.50,18.2,0,corps,9.130046170453184,4.5739
7287,18,168,9.33,9.3,0,corps,9.127481788516864,4.0801
7288,32,312,9.75,15.6,0,corps,9.12491868845102,4.3627
7289,20,201,10.05,10.2,0,corps,9.122356869614876,2.7116
7290,13,142,10.92,7.1,0,corps,9.119796331367974,2.8883
7291,21,235,11.19,10.7,0,corps,9.11723707307018,2.8700
7292,13,92,7.08,7.1,0,corps,9.114679094081685,4.4814
7293,14,148,10.57,7.6,0,corps,9.11212239376299,3.8012
7294,30,238,7.93,14.7,0,corps,9.10956697147492,3.6288
7295,16,176,11.00,8.4,0,corps,9.107012826578615,3.8588
7296,17,175,10.29,8.9,0,corps,9.104459958435546,4.5334
7297,14,127,9.07,7.6,0,corps,9.101908366407494,4.3990
7298,28,259,9.25,13.8,0,corps,9.09935804985656,2.6922
7299,11,110,10.00,6.2,0,corps,9.096809008145163,2.2407
7300,51,548,10.75,24.0,0,corps,9.094261240636047,4.0697
7301,30,271,9.03,14.7,0,corps,9.091714746692267,2.8083
7302,37,283,7.65,17.8,0,corps,9.089169525677201,4.3694
7303,26,224,8.62,12.9,0,corps,9.08662557695454,2.2082
7304,19,135,7.11,9.8,0,corps,9.084082899888301,2.0443
7305,17,135,7.94,8.9,0,corps,9.081541493842817,3.7319
7306,45,488,10.84,21.3,0,corps,9.079001358182728,3.6524
7307,11,101,9.18,6.2,0,corps,9.076462492273007,4.7237
7308,31,404,13.03,15.1,0,corps,9.073924895478939,3.4601
7309,24,266,11.08,12.0,0,corps,9.071388567166116,1.2288
7310,15,134,8.93,8.0,0,corps,9.068853506700464,3.8022
7311,24,234,9.75,12.0,0,corps,9.066319713448214,2.7371
7312,23,195,8.48,11.6,0,corps,9.063787186775919,2.5880
7313,29,241,8.31,14.2,0,corps,9.061255926050446,3.3364
7314,28,248,8.86,13.8,0,corps,9.058725930638982,2.4762
7315,29,201,6.93,14.2,0,corps,9.056197199909025,3.4594
7316,14,110,7.86,7.6,0,corps,9.0536697332284,5.6878
7317,36,357,9.92,17.3,0,corps,9.051143529965227,3.3798
7318,30,245,8.17,14.7,0,corps,9.048618589487969,3.1303
7319,9,56,6.22,5.3,0,corps,9.046094911165381,8.9544
7320,24,224,9.33,12.0,0,corps,9.043572494366547,3.1452
7321,30,311,10.37,14.7,0,corps,9.041051338460868,2.8845
7322,15,141,9.40,8.0,0,corps,9.038531442818044,1.5871
7323,22,187,8.50,11.1,0,corps,9.036012806808108,6.0023
7324,11,83,7.55,6.2,0,corps,9.033495429801402,6.5288
7325,11,93,8.45,6.2,0,corps,9.03097931116858,1.6119
7326,11,106,9.64,6.2,0,corps,9.02846445028061,4.7531
7327,11,119,10.82,6.2,0,corps,9.02595084650878,3.1530
7328,13,115,8.85,7.1,0,corps,9.023438499224687,4.2015
7329,10,98,9.80,5.8,0,corps,9.020927407800244,4.4249
7330,16,119,7.44,8.4,0,corps,9.018417571607682,3.1727
7331,17,142,8.35,8.9,0,corps,9.015908990019536,4.0206
7332,28,209,7.46,13.8,0,corps,9.013401662408665,4.2231
7333,20,211,10.55,10.2,0,corps,9.010895588148236,6.3649
7334,17,157,9.24,8.9,0,corps,9.00839076661173,2.2507
7335,23,216,9.39,11.6,0,corps,9.00588719717294,3.8918
7336,31,267,8.61,15.1,0,corps,9.003384879205978,2.9651
7337,28,256,9.14,13.8,0,corps,9.000883812085261,3.6491
7338,31,367,11.84,15.1,0,corps,8.998383995185524,4.5518
7339,14,134,9.57,7.6,0,corps,8.995885427881808,4.7150
7340,8,84,10.50,4.9,0,corps,8.99338810954948,1.6425
7341,23,236,10.26,11.6,0,corps,8.990892039564201,4.5691
7342,15,137,9.13,8.0,0,corps,8.988397217301962,3.6078
7343,32,316,9.88,15.6,0,corps,8.985903642139052,4.6297
7344,4,30,7.50,3.1,0,corps,8.983411313452075,2.8457
7345,28,258,9.21,13.8,0,corps,8.980920230617956,2.3449
7346,29,289,9.97,14.2,0,corps,8.97843039301392,4.1472
7347,22,199,9.05,11.1,0,corps,8.975941800017505,1.9342
7348,13,132,10.15,7.1,0,corps,8.973454451006571,4.7575
7349,32,343,10.72,15.6,0,corps,8.970968345359273,3.4498
7350,20,173,8.65,10.2,0,corps,8.96848348245409,3.3245
7351,25,206,8.24,12.4,0,corps,8.965999861669799,1.9477
7352,11,105,9.55,6.2,0,corps,8.963517482385502,1.3368
7353,8,63,7.88,4.9,0,corps,8.961036343980602,8.3688
7354,33,314,9.52,16.0,0,corps,8.958556445834812,3.3073
7355,25,207,8.28,12.4,0,corps,8.956077787328159,2.4831
7356,32,306,9.56,15.6,0,corps,8.95360036784098,4.0169
7357,12,135,11.25,6.7,0,corps,8.951124186753917,3.3943
7358,17,129,7.59,8.9,0,corps,8.94864924344793,3.0910
7359,23,260,11.30,11.6,0,corps,8.946175537304276,3.4752
7360,20,182,9.10,10.2,0,corps,8.943703067704533,2.4828
7361,21,201,9.57,10.7,0,corps,8.941231834030585,2.8927
7362,18,228,12.67,9.3,0,corps,8.938761835664618,2.3933
7363,8,97,12.12,4.9,0,corps,8.936293071989137,2.0624
7364,19,205,10.79,9.8,0,corps,8.93382554238695,3.9504
7365,17,159,9.35,8.9,0,corps,8.931359246241174,2.8762
7366,20,210,10.50,10.2,0,corps,8.928894182935238,5.4858
7367,27,257,9.52,13.3,0,corps,8.926430351852868,2.8425
7368,22,182,8.27,11.1,0,corps,8.923967752378115,3.0502
7369,11,94,8.55,6.2,0,corps,8.921506383895327,5.4349
7370,23,236,10.26,11.6,0,corps,8.919046245789158,3.2869
7371,26,249,9.58,12.9,0,corps,8.916587337444575,4.2006
7372,27,253,9.37,13.3,0,corps,8.914129658246855,3.6691
7373,25,250,10.00,12.4,0,corps,8.911673207581575,3.1200
7374,10,82,8.20,5.8,0,corps,8.909217984834623,7.4201
7375,21,174,8.29,10.7,0,corps,8.90676398939219,3.9498
7376,19,156,8.21,9.8,0,corps,8.904311220640778,2.0916
7377,10,93,9.30,5.8,0,corps,8.901859677967202,3.4132
7378,23,195,8.48,11.6,0,corps,8.899409360758568,3.0574
7379,22,179,8.14,11.1,0,corps,8.896960268402301,6.0722
7380,32,337,10.53,15.6,0,corps,8.894512400286125,4.7494
7381,14,161,11.50,7.6,0,corps,8.892065755798075,1.6499
7382,25,262,10.48,12.4,0,corps,8.889620334326493,2.8508
7383,18,217,12.06,9.3,0,corps,8.887176135260017,4.7045
7384,16,134,8.38,8.4,0,corps,8.884733157987599,1.9937
7385,8,69,8.62,4.9,0,corps,8.882291401898499,4.4998
7386,36,325,9.03,17.3,0,corps,8.879850866382272,4.8588
7387,29,283,9.76,14.2,0,corps,8.87741155082879,2.8797
7388,16,131,8.19,8.4,0,corps,8.874973454628218,2.6076
7389,23,192,8.35,11.6,0,corps,8.872536577171036,4.0066
7390,25,201,8.04,12.4,0,corps,8.870100917848026,4.9485
7391,18,186,10.33,9.3,0,corps,8.867666476050267,3.0296
7392,38,353,9.29,18.2,0,corps,8.865233251169153,4.5768
7393,32,277,8.66,15.6,0,corps,8.862801242596381,5.3560
7394,30,336,11.20,14.7,0,corps,8.860370449723941,5.3565
7395,13,72,5.54,7.1,0,corps,8.857940871944143,10.2907
7396,17,155,9.12,8.9,0,corps,8.855512508649584,6.1029
7397,23,213,9.26,11.6,0,corps,8.853085359233178,3.8707
7398,11,111,10.09,6.2,0,corps,8.850659423088139,1.7039
7399,21,213,10.14,10.7,0,corps,8.848234699607978,3.0837
7400,12,98,8.17,6.7,0,corps,8.84581118818652,5.8663
7401,30,257,8.57,14.7,0,corps,8.843388888217884,3.7743
7402,34,325,9.56,16.4,0,corps,8.840967799096495,3.6680
7403,6,57,9.50,4.0,0,corps,8.838547920217083,8.0930
7404,23,227,9.87,11.6,0,corps,8.836129250974672,2.0146
7405,21,176,8.38,10.7,0,corps,8.833711790764601,1.7364
7406,14,119,8.50,7.6,0,corps,8.831295538982504,1.4693
7407,20,166,8.30,10.2,0,corps,8.828880495024313,3.3216
7408,16,152,9.50,8.4,0,corps,8.826466658286275,2.8249
7409,12,102,8.50,6.7,0,corps,8.824054028164925,3.1650
7410,43,398,9.26,20.4,0,corps,8.821642604057107,3.3478
7411,18,130,7.22,9.3,0,corps,8.819232385359967,3.0562
7412,45,467,10.38,21.3,0,corps,8.816823371470948,5.9993
7413,18,171,9.50,9.3,0,corps,8.814415561787795,4.2894
7414,32,273,8.53,15.6,0,corps,8.812008955708558,3.0580
7415,10,96,9.60,5.8,0,corps,8.809603552631586,6.7349
7416,30,258,8.60,14.7,0,corps,8.807199351955525,1.8615
7417,8,81,10.12,4.9,0,corps,8.80479635307933,3.7980
7418,45,426,9.47,21.3,0,corps,8.802394555402246,3.2825
7419,17,153,9.00,8.9,0,corps,8.79999395832383,4.6550
7420,30,281,9.37,14.7,0,corps,8.797594561243924,2.9649
7421,24,208,8.67,12.0,0,corps,8.795196363562683,3.2786
7422,33,353,10.70,16.0,0,corps,8.792799364680562,3.2672
7423,17,165,9.71,8.9,0,corps,8.790403563998304,1.8395
7424,9,91,10.11,5.3,0,corps,8.788008960916963,1.2586
7425,17,108,6.35,8.9,0,corps,8.785615554837886,5.6170
7426,34,287,8.44,16.4,0,corps,8.783223345162725,3.1688
7427,16,161,10.06,8.4,0,corps,8.780832331293423,5.0192
7428,16,154,9.62,8.4,0,corps,8.778442512632228,2.6433
7429,18,169,9.39,9.3,0,corps,8.776053888581687,3.2346
7430,23,200,8.70,11.6,0,corps,8.773666458544646,3.9375
7431,31,296,9.55,15.1,0,corps,8.771280221924242,4.3219
7432,26,280,10.77,12.9,0,corps,8.768895178123918,2.9052
7433,19,137,7.21,9.8,0,corps,8.766511326547413,1.8500
7434,18,142,7.89,9.3,0,corps,8.764128666598765,2.2267
7435,21,177,8.43,10.7,0,corps,8.76174719768231,2.0070
7436,30,225,7.50,14.7,0,corps,8.759366919202677,1.8189
7437,28,247,8.82,13.8,0,corps,8.7569878305648,1.6777
7438,25,196,7.84,12.4,0,corps,8.754609931173905,3.5540
7439,19,184,9.68,9.8,0,corps,8.752233220435517,4.1240
7440,29,278,9.59,14.2,0,corps,8.74985769775546,4.7577
7441,24,213,8.88,12.0,0,corps,8.747483362539851,3.0303
7442,25,249,9.96,12.4,0,corps,8.745110214195106,2.5617
7443,20,204,10.20,10.2,0,corps,8.742738252127943,3.6570
7444,18,160,8.89,9.3,0,corps,8.740367475745366,4.8353
7445,18,170,9.44,9.3,0,corps,8.737997884454682,2.6443
7446,8,63,7.88,4.9,0,corps,8.735629477663496,1.9804
7447,36,306,8.50,17.3,0,corps,8.7332622547797,2.0256
7448,30,270,9.00,14.7,0,corps,8.730896215211494,2.5646
7449,30,335,11.17,14.7,0,corps,8.72853135836737,5.4749
7450,23,199,8.65,11.6,0,corps,8.726167683656104,2.8531
7451,25,211,8.44,12.4,0,corps,8.72380519048679,3.0111
7452,19,137,7.21,9.8,0,corps,8.721443878268795,2.3828
7453,27,228,8.44,13.3,0,corps,8.719083746411794,2.2461
7454,39,386,9.90,18.7,0,corps,8.716724794325753,4.0330
7455,31,333,10.74,15.1,0,corps,8.714367021420937,4.7496
7456,22,219,9.95,11.1,0,corps,8.7120104271079,2.8318
7457,25,239,9.56,12.4,0,corps,8.709655010797496,3.7447
7458,26,238,9.15,12.9,0,corps,8.707300771900867,2.7057
7459,22,206,9.36,11.1,0,corps,8.704947709829458,2.0435
7460,32,324,10.12,15.6,0,corps,8.702595823994999,4.3077
7461,9,87,9.67,5.3,0,corps,8.700245113809519,1.3820
7462,14,182,13.00,7.6,0,corps,8.697895578685348,2.3251
7463,17,177,10.41,8.9,0,corps,8.69554721803509,2.6202
7464,16,169,10.56,8.4,0,corps,8.693200031271662,3.3990
7465,29,264,9.10,14.2,0,corps,8.690854017808268,6.0936
7466,10,93,9.30,5.8,0,corps,8.688509177058402,1.2763
7467,35,326,9.31,16.9,0,corps,8.686165508435856,3.7366
7468,10,95,9.50,5.8,0,corps,8.68382301135471,6.8425
7469,12,105,8.75,6.7,0,corps,8.68148168522934,6.4938
7470,17,133,7.82,8.9,0,corps,8.679141529474418,4.2389
7471,25,223,8.92,12.4,0,corps,8.676802543504902,3.6909
7472,26,219,8.42,12.9,0,corps,8.674464726736044,1.7586
7473,9,90,10.00,5.3,0,corps,8.672128078583397,1.3207
7474,23,206,8.96,11.6,0,corps,8.66979259846279,3.5617
7475,33,330,10.00,16.0,0,corps,8.66745828579036,3.3867
7476,12,94,7.83,6.7,0,corps,8.665125139982525,4.0732
7477,21,213,10.14,10.7,0,corps,8.662793160455994,3.6352
7478,22,228,10.36,11.1,0,corps,8.660462346627785,3.1471
7479,8,70,8.75,4.9,0,corps,8.658132697915184,2.6545
7480,16,148,9.25,8.4,0,corps,8.65580421373578,3.8479
7481,37,399,10.78,17.8,0,corps,8.653476893507456,5.5254
7482,27,251,9.30,13.3,0,corps,8.651150736648377,2.7961
7483,19,169,8.89,9.8,0,corps,8.64882574257701,4.7770
7484,14,112,8.00,7.6,0,corps,8.6465019107121,5.7165
7485,27,295,10.93,13.3,0,corps,8.64417924047269,3.8101
7486,23,203,8.83,11.6,0,corps,8.64185773127812,4.6956
7487,9,68,7.56,5.3,0,corps,8.639537382548003,7.8592
7488,16,158,9.88,8.4,0,corps,8.637218193702257,1.8241
7489,40,370,9.25,19.1,0,corps,8.634900164161085,3.8953
7490,34,263,7.74,16.4,0,corps,8.632583293344975,4.2313
7491,12,123,10.25,6.7,0,corps,8.630267580674717,4.1496
7492,23,237,10.30,11.6,0,corps,8.627953025571372,4.6852
7493,14,120,8.57,7.6,0,corps,8.62563962745631,4.3055
7494,15,137,9.13,8.0,0,corps,8.623327385751182,4.6057
7495,23,200,8.70,11.6,0,corps,8.621016299877923,4.2573
7496,19,169,8.89,9.8,0,corps,8.61870636925876,3.3417
7497,8,79,9.88,4.9,0,corps,8.616397593316217,9.6491
7498,25,304,12.16,12.4,0,corps,8.614089971473096,3.7101
7499,21,208,9.90,10.7,0,corps,8.611783503152491,2.8575
7500,20,196,9.80,10.2,0,corps,8.609478187777786,4.0975
7501,17,161,9.47,8.9,0,corps,8.60717402477265,4.8273
7502,20,163,8.15,10.2,0,corps,8.604871013561047,2.9953
7503,28,252,9.00,13.8,0,corps,8.602569153567218,1.9822
7504,21,180,8.57,10.7,0,corps,8.600268444215708,3.3028
7505,13,130,10.00,7.1,0,corps,8.597968884931326,1.2436
7506,28,273,9.75,13.8,0,corps,8.595670475139192,1.8613
7507,12,113,9.42,6.7,0,corps,8.593373214264702,1.0392
7508,14,126,9.00,7.6,0,corps,8.591077101733537,1.0753
7509,32,259,8.09,15.6,0,corps,8.588782136971671,3.2855
7510,21,184,8.76,10.7,0,corps,8.586488319405367,6.5772
7511,17,176,10.35,8.9,0,corps,8.584195648461163,3.3991
7512,27,192,7.11,13.3,0,corps,8.581904123565899,2.9236
7513,14,93,6.64,7.6,0,corps,8.579613744146686,1.4791
7514,32,263,8.22,15.6,0,corps,8.577324509630932,3.2673
7515,20,182,9.10,10.2,0,corps,8.575036419446333,2.2755
7516,32,351,10.97,15.6,0,corps,8.57274947302086,5.6929
7517,30,287,9.57,14.7,0,corps,8.570463669782779,2.7992
7518,25,242,9.68,12.4,0,corps,8.568179009160643,1.9086
7519,9,61,6.78,5.3,0,corps,8.565895490583278,6.6782
7520,16,180,11.25,8.4,0,corps,8.563613113479814,5.7286
7521,14,166,11.86,7.6,0,corps,8.561331877279649,2.5961
7522,31,317,10.23,15.1,0,corps,8.559051781412478,3.5698
7523,33,333,10.09,16.0,0,corps,8.556772825308276,3.2445
7524,38,404,10.63,18.2,0,corps,8.554495008397303,6.5970
7525,19,149,7.84,9.8,0,corps,8.552218330110106,6.0643
7526,21,194,9.24,10.7,0,corps,8.549942789877518,3.2449
7527,20,182,9.10,10.2,0,corps,8.54766838713065,2.6227
7528,16,161,10.06,8.4,0,corps,8.545395121300903,2.6410
7529,17,163,9.59,8.9,0,corps,8.543122991819956,3.5204
7530,33,338,10.24,16.0,0,corps,8.540851998119784,4.7471
7531,14,120,8.57,7.6,0,corps,8.538582139632636,7.1768
7532,10,98,9.80,5.8,0,corps,8.536313415791044,1.6759
7533,17,135,7.94,8.9,0,corps,8.53404582602783,5.0086
7534,22,182,8.27,11.1,0,corps,8.531779369776098,3.8363
7535,3,29,9.67,2.7,0,corps,8.529514046469231,2.6232
7536,14,141,10.07,7.6,0,corps,8.5272498555409,4.7586
7537,12,123,10.25,6.7,0,corps,8.524986796425054,5.1993
7538,28,250,8.93,13.8,0,corps,8.522724868555931,3.7424
7539,17,145,8.53,8.9,0,corps,8.520464071368053,3.2294
7540,14,123,8.79,7.6,0,corps,8.518204404296212,2.6881
7541,19,203,10.68,9.8,0,corps,8.515945866775496,2.6012
7542,25,242,9.68,12.4,0,corps,8.513688458241273,5.1583
7543,13,105,8.08,7.1,0,corps,8.511432178129184,4.3454
7544,31,307,9.90,15.1,0,corps,8.509177025875166,2.7634
7545,13,119,9.15,7.1,0,corps,8.506923000915428,4.8838
7546,20,130,6.50,10.2,0,corps,8.504670102686463,3.3485
7547,20,147,7.35,10.2,0,corps,8.502418330625048,5.2141
7548,19,194,10.21,9.8,0,corps,8.500167684168236,2.7122
7549,31,348,11.23,15.1,0,corps,8.49791816275337,4.0262
7550,19,156,8.21,9.8,0,corps,8.49566976581807,5.0142
7551,38,328,8.63,18.2,0,corps,8.493422492800233,3.1257
7552,41,369,9.00,19.6,0,corps,8.491176343138045,6.9197
7553,16,196,12.25,8.4,0,corps,8.488931316269964,2.5680
7554,23,214,9.30,11.6,0,corps,8.486687411634735,2.9345
7555,22,197,8.95,11.1,0,corps,8.484444628671383,2.9639
7556,21,186,8.86,10.7,0,corps,8.48220296681921,6.0867
7557,38,381,10.03,18.2,0,corps,8.479962425517803,3.5993
7558,32,287,8.97,15.6,0,corps,8.47772300420703,3.8370
7559,29,286,9.86,14.2,0,corps,8.475484702327027,5.3968
7560,23,297,12.91,11.6,0,corps,8.473247519318225,5.0942
7561,18,179,9.94,9.3,0,corps,8.471011454621324,2.7325
7562,18,147,8.17,9.3,0,corps,8.468776507677308,5.3736
7563,30,252,8.40,14.7,0,corps,8.466542677927446,3.6891
7564,19,169,8.89,9.8,0,corps,8.464309964813276,4.4401
7565,15,165,11.00,8.0,0,corps,8.46207836777662,3.1445
7566,31,367,11.84,15.1,0,corps,8.459847886259581,2.6305
7567,11,115,10.45,6.2,0,corps,8.457618519704534,4.4255
7568,18,166,9.22,9.3,0,corps,8.455390267554142,2.5107
7569,24,198,8.25,12.0,0,corps,8.453163129251339,2.0466
7570,35,385,11.00,16.9,0,corps,8.45093710423934,4.7578
7571,29,318,10.97,14.2,0,corps,8.448712191961643,4.4133
7572,27,286,10.59,13.3,0,corps,8.446488391862017,2.9679
7573,24,209,8.71,12.0,0,corps,8.44426570338451,2.2770
7574,25,183,7.32,12.4,0,corps,8.442044125973455,2.7604
7575,13,150,11.54,7.1,0,corps,8.439823659073454,2.5520
7576,12,125,10.42,6.7,0,corps,8.43760430212939,2.1965
7577,22,232,10.55,11.1,0,corps,8.435386054586424,3.9145
7578,22,228,10.36,11.1,0,corps,8.433168915889993,3.9221
7579,24,255,10.62,12.0,0,corps,8.430952885485818,4.4801
7580,26,265,10.19,12.9,0,corps,8.428737962819884,2.2898
7581,20,191,9.55,10.2,0,corps,8.426524147338466,2.3887
7582,16,192,12.00,8.4,0,corps,8.424311438488107,1.2102
7583,9,88,9.78,5.3,0,corps,8.422099835715633,4.0547
7584,33,307,9.30,16.0,0,corps,8.41988933846814,3.3880
7585,13,92,7.08,7.1,0,corps,8.417679946193001,3.9622
7586,18,154,8.56,9.3,0,corps,8.415471658337875,4.7144
7587,10,97,9.70,5.8,0,corps,8.413264474350687,2.5618
7588,23,197,8.57,11.6,0,corps,8.411058393679639,2.4271
7589,14,157,11.21,7.6,0,corps,8.408853415773212,2.1605
7590,16,148,9.25,8.4,0,corps,8.406649540080164,2.6113
7591,12,117,9.75,6.7,0,corps,8.404446766049523,3.3410
7592,20,173,8.65,10.2,0,corps,8.402245093130595,3.0987
7593,24,228,9.50,12.0,0,corps,8.400044520772965,4.9541
7594,29,226,7.79,14.2,0,corps,8.397845048426486,3.4844
7595,24,207,8.62,12.0,0,corps,8.395646675541297,2.8526
7596,17,162,9.53,8.9,0,corps,8.393449401567793,2.8401
7597,13,134,10.31,7.1,0,corps,8.391253225956666,3.6373
7598,44,442,10.05,20.9,0,corps,8.389058148158869,3.6302
7599,18,172,9.56,9.3,0,corps,8.38686416762563,1.3308
7600,16,131,8.19,8.4,0,corps,8.384671283808458,4.0250
7601,16,115,7.19,8.4,0,corps,8.382479496159128,4.5559
7602,33,342,10.36,16.0,0,corps,8.380288804129693,4.6358
7603,29,293,10.10,14.2,0,corps,8.378099207172486,2.8690
7604,19,178,9.37,9.8,0,corps,8.3759107047401,2.7188
7605,24,192,8.00,12.0,0,corps,8.373723296285416,3.3689
7606,9,85,9.44,5.3,0,corps,8.371536981261576,5.1956
7607,21,184,8.76,10.7,0,corps,8.369351759122006,4.8043
7608,29,257,8.86,14.2,0,corps,8.367167629320399,2.5235
7609,19,177,9.32,9.8,0,corps,8.364984591310721,3.3890
7610,22,189,8.59,11.1,0,corps,8.362802644547212,3.1281
7611,15,138,9.20,8.0,0,corps,8.36062178848439,2.9107
7612,18,136,7.56,9.3,0,corps,8.358442022577037,4.4082
7613,44,400,9.09,20.9,0,corps,8.35626334628021,3.0375
7614,20,182,9.10,10.2,0,corps,8.354085759049246,3.4027
7615,21,177,8.43,10.7,0,corps,8.351909260339742,3.6108
7616,30,321,10.70,14.7,0,corps,8.349733849607578,3.5089
7617,31,266,8.58,15.1,0,corps,8.347559526308896,4.4566
7618,26,284,10.92,12.9,0,corps,8.345386289900118,4.5525
7619,37,387,10.46,17.8,0,corps,8.343214139837936,3.7805
7620,8,91,11.38,4.9,0,corps,8.341043075579313,7.0844
7621,19,179,9.42,9.8,0,corps,8.338873096581482,3.5172
7622,11,111,10.09,6.2,0,corps,8.336704202301947,6.2114
7623,11,87,7.91,6.2,0,corps,8.334536392198483,5.0141
7624,32,285,8.91,15.6,0,corps,8.332369665729141,3.6702
7625,40,395,9.88,19.1,0,corps,8.33020402235224,2.7667
7626,16,133,8.31,8.4,0,corps,8.328039461526364,2.4953
7627,18,142,7.89,9.3,0,corps,8.325875982710379,5.0363
7628,42,471,11.21,20.0,0,corps,8.323713585363409,3.3462
7629,33,313,9.48,16.0,0,corps,8.32155226894486,5.7183
7630,20,193,9.65,10.2,0,corps,8.319392032914399,4.5643
7631,17,166,9.76,8.9,0,corps,8.31723287673197,5.3869
7632,42,432,10.29,20.0,0,corps,8.315074799857785,6.5078
7633,25,237,9.48,12.4,0,corps,8.312917801752317,3.4790
7634,30,281,9.37,14.7,0,corps,8.310761881876324,4.2355
7635,31,312,10.06,15.1,0,corps,8.308607039690827,2.5716
7636,10,81,8.10,5.8,0,corps,8.306453274657109,1.5316
7637,33,350,10.61,16.0,0,corps,8.304300586236735,5.0272
7638,20,191,9.55,10.2,0,corps,8.302148973891526,4.8599
7639,10,83,8.30,5.8,0,corps,8.299998437083586,1.4576
7640,10,88,8.80,5.8,0,corps,8.297848975275278,2.9345
7641,12,118,9.83,6.7,0,corps,8.295700587929232,4.8156
7642,34,309,9.09,16.4,0,corps,8.293553274508358,2.7965
7643,38,448,11.79,18.2,0,corps,8.291407034475828,2.9895
7644,12,100,8.33,6.7,0,corps,8.289261867295075,6.6757
7645,27,258,9.56,13.3,0,corps,8.287117772429815,3.3722
7646,33,340,10.30,16.0,0,corps,8.284974749344014,3.8528
7647,8,90,11.25,4.9,0,corps,8.282832797501928,5.4171
7648,33,397,12.03,16.0,0,corps,8.280691916368063,2.6048
7649,20,175,8.75,10.2,0,corps,8.278552105407197,3.0249
7650,43,397,9.23,20.4,0,corps,8.276413364084382,3.3344
7651,21,203,9.67,10.7,0,corps,8.27427569186493,1.6421
7652,29,348,12.00,14.2,0,corps,8.272139088214422,2.0459
7653,29,276,9.52,14.2,0,corps,8.27000355259871,2.1592
7654,27,277,10.26,13.3,0,corps,8.267869084483907,2.8651
7655,35,319,9.11,16.9,0,corps,8.265735683336398,2.0067
7656,43,352,8.19,20.4,0,corps,8.263603348622832,2.3453
7657,29,210,7.24,14.2,0,corps,8.261472079810126,3.6059
7658,18,136,7.56,9.3,0,corps,8.25934187636546,3.6619
7659,37,333,9.00,17.8,0,corps,8.257212737756287,2.9519
7660,24,218,9.08,12.0,0,corps,8.25508466345032,1.6375
7661,21,168,8.00,10.7,0,corps,8.252957652915542,3.0880
7662,23,197,8.57,11.6,0,corps,8.250831705620199,3.6578
7663,18,194,10.78,9.3,0,corps,8.248706821032803,4.3237
7664,13,111,8.54,7.1,0,corps,8.246582998622138,1.9258
7665,34,335,9.85,16.4,0,corps,8.24446023785724,4.3509
7666,23,204,8.87,11.6,0,corps,8.242338538207425,3.2704
7667,23,242,10.52,11.6,0,corps,8.24021789914227,3.5492
7668,14,131,9.36,7.6,0,corps,8.238098320131607,3.0870
7669,13,147,11.31,7.1,0,corps,8.235979800645552,3.2950
7670,19,168,8.84,9.8,0,corps,8.233862340154463,1.6262
7671,28,277,9.89,13.8,0,corps,8.231745938128984,3.4591
7672,9,80,8.89,5.3,0,corps,8.229630594040014,6.5741
7673,12,126,10.50,6.7,0,corps,8.227516307358709,2.7985
7674,16,143,8.94,8.4,0,corps,8.225403077556507,1.8508
7675,20,181,9.05,10.2,0,corps,8.223290904105095,2.0877
7676,24,225,9.38,12.0,0,corps,8.22117978647643,3.9919
7677,11,88,8.00,6.2,0,corps,8.219069724142736,6.3017
7678,12,126,10.50,6.7,0,corps,8.216960716576494,3.2879
7679,25,236,9.44,12.4,0,corps,8.214852763250452,3.3861
7680,17,144,8.47,8.9,0,corps,8.212745863637624,1.8558
7681,39,364,9.33,18.7,0,corps,8.210640017211283,4.1865
7682,13,118,9.08,7.1,0,corps,8.208535223444969,1.5560
7683,17,191,11.24,8.9,0,corps,8.206431481812483,2.7930
7684,25,259,10.36,12.4,0,corps,8.204328791787887,2.2980
7685,20,186,9.30,10.2,0,corps,8.202227152845516,3.7370
7686,36,357,9.92,17.3,0,corps,8.20012656445995,4.8068
7687,12,113,9.42,6.7,0,corps,8.198027026106049,1.5015
7688,33,333,10.09,16.0,0,corps,8.195928537258927,3.6724
7689,22,232,10.55,11.1,0,corps,8.19383109739396,3.4034
7690,19,169,8.89,9.8,0,corps,8.19173470598679,1.8302
7691,32,361,11.28,15.6,0,corps,8.189639362513319,2.6736
7692,27,219,8.11,13.3,0,corps,8.187545066449708,2.2964
7693,25,254,10.16,12.4,0,corps,8.185451817272387,4.9593
7694,4,33,8.25,3.1,0,corps,8.183359614458043,3.6620
7695,38,372,9.79,18.2,0,corps,8.181268457483622,3.0503
7696,26,230,8.85,12.9,0,corps,8.17917834582634,4.1919
7697,30,404,13.47,14.7,0,corps,8.177089278963665,3.8294
7698,20,208,10.40,10.2,0,corps,8.17500125637333,3.6259
7699,7,89,12.71,4.4,0,corps,8.172914277533334,5.2795
7700,41,507,12.37,19.6,0,corps,8.170828341921926,4.0467
7701,16,174,10.88,8.4,0,corps,8.168743449017626,3.5660
7702,28,254,9.07,13.8,0,corps,8.16665959829921,2.7257
7703,9,76,8.44,5.3,0,corps,8.164576789245714,2.3190
7704,19,168,8.84,9.8,0,corps,8.162495021336442,2.8349
7705,18,163,9.06,9.3,0,corps,8.160414294050941,5.1586
7706,20,186,9.30,10.2,0,corps,8.158334606869039,4.6400
7707,24,247,10.29,12.0,0,corps,8.15625595927081,1.7028
7708,23,228,9.91,11.6,0,corps,8.15417835073659,2.4613
7709,29,337,11.62,14.2,0,corps,8.152101780746984,1.7810
7710,31,340,10.97,15.1,0,corps,8.15002624878284,3.9607
7711,21,224,10.67,10.7,0,corps,8.14795175432528,3.1971
7712,14,147,10.50,7.6,0,corps,8.145878296855683,1.4486
7713,18,182,10.11,9.3,0,corps,8.14380587585568,2.4955
7714,18,136,7.56,9.3,0,corps,8.141734490807167,4.5830
7715,32,369,11.53,15.6,0,corps,8.139664141192302,3.0099
7716,19,158,8.32,9.8,0,corps,8.13759482649349,1.5570
7717,21,184,8.76,10.7,0,corps,8.13552654619341,1.7725
7718,13,97,7.46,7.1,0,corps,8.133459299774984,4.5336
7719,38,366,9.63,18.2,0,corps,8.131393086721406,2.7108
7720,23,252,10.96,11.6,0,corps,8.12932790651612,2.1437
7721,39,422,10.82,18.7,0,corps,8.127263758642833,6.0252
7722,29,296,10.21,14.2,0,corps,8.125200642585508,5.2177
7723,25,224,8.96,12.4,0,corps,8.123138557828364,2.4038
7724,32,319,9.97,15.6,0,corps,8.121077503855883,4.4056
7725,28,254,9.07,13.8,0,corps,8.119017480152799,1.8550
7726,15,153,10.20,8.0,0,corps,8.116958486204103,3.0929
7727,31,278,8.97,15.1,0,corps,8.114900521495052,3.5800
7728,16,153,9.56,8.4,0,corps,8.112843585511156,3.6374
7729,26,220,8.46,12.9,0,corps,8.110787677738173,3.9350
7730,29,280,9.66,14.2,0,corps,8.108732797662132,3.1850
7731,2,36,18.00,2.2,0,corps,8.106678944769314,1.3877
7732,14,128,9.14,7.6,0,corps,8.104626118546252,7.0999
7733,26,228,8.77,12.9,0,corps,8.102574318479743,3.1692
7734,21,197,9.38,10.7,0,corps,8.10052354405683,3.8474
7735,17,148,8.71,8.9,0,corps,8.09847379476483,4.7770
7736,35,345,9.86,16.9,0,corps,8.096425070091298,4.1107
7737,18,146,8.11,9.3,0,corps,8.094377369524054,5.0759
7738,34,394,11.59,16.4,0,corps,8.092330692551174,5.1336
7739,35,375,10.71,16.9,0,corps,8.090285038660989,2.6420
7740,17,176,10.35,8.9,0,corps,8.088240407342084,4.1525
7741,9,94,10.44,5.3,0,corps,8.086196798083305,4.3386
7742,25,232,9.28,12.4,0,corps,8.084154210373743,2.1660
7743,26,285,10.96,12.9,0,corps,8.082112643702756,5.3490
7744,30,266,8.87,14.7,0,corps,8.080072097559954,3.7469
7745,16,160,10.00,8.4,0,corps,8.078032571435195,3.3417
7746,17,131,7.71,8.9,0,corps,8.075994064818598,5.4144
7747,11,99,9.00,6.2,0,corps,8.073956577200542,4.5278
7748,14,134,9.57,7.6,0,corps,8.071920108071652,2.2832
7749,19,145,7.63,9.8,0,corps,8.069884656922808,3.2885
7750,32,300,9.38,15.6,0,corps,8.067850223245149,4.7417
7751,36,408,11.33,17.3,0,corps,8.06581680653007,4.1707
7752,13,128,9.85,7.1,0,corps,8.063784406269212,3.9904
7753,12,115,9.58,6.7,0,corps,8.061753021954473,3.8558
7754,22,271,12.32,11.1,0,corps,8.059722653078015,2.9975
7755,25,218,8.72,12.4,0,corps,8.057693299132241,4.7627
7756,29,288,9.93,14.2,0,corps,8.055664959609812,4.0288
7757,8,72,9.00,4.9,0,corps,8.053637634003646,1.7763
7758,19,182,9.58,9.8,0,corps,8.05161132180691,1.6963
7759,20,211,10.55,10.2,0,corps,8.049586022513022,2.6256
7760,34,341,10.03,16.4,0,corps,8.047561735615663,3.4905
7761,8,81,10.12,4.9,0,corps,8.045538460608759,1.5919
7762,37,339,9.16,17.8,0,corps,8.043516196986491,2.5170
7763,13,132,10.15,7.1,0,corps,8.041494944243292,5.9902
7764,22,180,8.18,11.1,0,corps,8.03947470187385,3.0861
7765,27,271,10.04,13.3,0,corps,8.037455469373105,2.6021
7766,35,310,8.86,16.9,0,corps,8.03543724623625,2.2510
7767,24,265,11.04,12.0,0,corps,8.033420031958727,2.6942
7768,20,181,9.05,10.2,0,corps,8.031403826036234,3.3395
7769,17,156,9.18,8.9,0,corps,8.029388627964714,3.2462
7770,43,406,9.44,20.4,0,corps,8.027374437240377,3.3576
7771,7,65,9.29,4.4,0,corps,8.025361253359668,2.0695
7772,19,165,8.68,9.8,0,corps,8.023349075819294,3.4703
7773,36,293,8.14,17.3,0,corps,8.02133790411621,3.0691
7774,16,157,9.81,8.4,0,corps,8.019327737747622,1.4702
7775,21,204,9.71,10.7,0,corps,8.017318576210988,3.9886
7776,9,128,14.22,5.3,0,corps,8.015310419004022,4.0127
7777,25,229,9.16,12.4,0,corps,8.01330326562468,4.1371
7778,27,304,11.26,13.3,0,corps,8.011297115571178,2.5472
7779,34,320,9.41,16.4,0,corps,8.009291968341973,1.8691
7780,29,275,9.48,14.2,0,corps,8.00728782343578,3.7165
7781,21,185,8.81,10.7,0,corps,8.005284680351567,3.8733
7782,20,175,8.75,10.2,0,corps,8.003282538588543,4.2777
7783,24,220,9.17,12.0,0,corps,8.001281397646173,3.1378
7784,16,136,8.50,8.4,0,corps,7.999281257024177,3.2222
7785,28,267,9.54,13.8,0,corps,7.997282116222512,3.7866
7786,20,164,8.20,10.2,0,corps,7.995283974741402,2.9950
7787,26,211,8.12,12.9,0,corps,7.9932868320813,2.7532
7788,30,298,9.93,14.7,0,corps,7.991290687742931,2.7465
7789,40,368,9.20,19.1,0,corps,7.989295541227256,2.1411
7790,29,276,9.52,14.2,0,corps,7.987301392035484,5.0441
7791,30,281,9.37,14.7,0,corps,7.985308239669081,3.9987
7792,14,133,9.50,7.6,0,corps,7.98331608362976,2.8072
7793,18,151,8.39,9.3,0,corps,7.98132492341948,4.6332
7794,26,294,11.31,12.9,0,corps,7.979334758540453,3.6232
7795,21,173,8.24,10.7,0,corps,7.977345588495134,3.8769
7796,9,73,8.11,5.3,0,corps,7.975357412786234,6.0576
7797,17,136,8.00,8.9,0,corps,7.973370230916708,4.5778
7798,22,214,9.73,11.1,0,corps,7.971384042389761,5.2552
7799,48,544,11.33,22.7,0,corps,7.969398846708844,2.6683
7800,36,344,9.56,17.3,0,corps,7.96741464337766,4.7713
7801,3,33,11.00,2.7,0,corps,7.965431431900158,1.2412
7802,20,161,8.05,10.2,0,corps,7.963449211780535,5.2279
7803,10,79,7.90,5.8,0,corps,7.961467982523233,4.7134
7804,19,160,8.42,9.8,0,corps,7.959487743632948,2.9697
7805,26,253,9.73,12.9,0,corps,7.957508494614622,3.6158
7806,32,338,10.56,15.6,0,corps,7.955530234973438,2.4298
7807,20,223,11.15,10.2,0,corps,7.953552964214833,4.4234
7808,26,259,9.96,12.9,0,corps,7.951576681844494,3.7907
7809,27,287,10.63,13.3,0,corps,7.94960138736834,2.9957
7810,15,137,9.13,8.0,0,corps,7.947627080292557,3.4103
7811,36,414,11.50,17.3,0,corps,7.945653760123564,4.1392
7812,21,230,10.95,10.7,0,corps,7.94368142636803,3.0128
7813,31,332,10.71,15.1,0,corps,7.941710078532877,2.7513
7814,20,184,9.20,10.2,0,corps,7.93973971612526,4.3752
7815,25,248,9.92,12.4,0,corps,7.937770338652594,1.4914
7816,12,128,10.67,6.7,0,corps,7.935801945622534,3.3161
7817,23,222,9.65,11.6,0,corps,7.93383453654298,2.8386
7818,18,130,7.22,9.3,0,corps,7.931868110922083,3.8434
7819,26,218,8.38,12.9,0,corps,7.929902668268231,2.6206
7820,25,229,9.16,12.4,0,corps,7.927938208090067,2.2391
7821,32,308,9.62,15.6,0,corps,7.925974729896476,2.8721
7822,6,57,9.50,4.0,0,corps,7.9240122331965885,1.4099
7823,32,326,10.19,15.6,0,corps,7.922050717499779,3.4417
7824,30,333,11.10,14.7,0,corps,7.92009018231567,2.4870
7825,13,141,10.85,7.1,0,corps,7.9181306271541265,3.9195
7826,43,450,10.47,20.4,0,corps,7.916172051525261,4.9474
7827,28,297,10.61,13.8,0,corps,7.914214454939428,2.8063
7828,23,235,10.22,11.6,0,corps,7.912257836907227,2.3611
7829,19,173,9.11,9.8,0,corps,7.91030219693951,5.0502
7830,10,64,6.40,5.8,0,corps,7.908347534547361,6.5168
7831,27,224,8.30,13.3,0,corps,7.9063938492421135,3.7921
7832,21,190,9.05,10.7,0,corps,7.904441140535351,5.4836
7833,21,231,11.00,10.7,0,corps,7.902489407938893,1.5151
7834,21,236,11.24,10.7,0,corps,7.900538650964808,4.8378
7835,16,116,7.25,8.4,0,corps,7.898588869125406,2.4503
7836,24,237,9.88,12.0,0,corps,7.896640061933241,3.6503
7837,31,314,10.13,15.1,0,corps,7.894692228901115,2.4778
7838,19,182,9.58,9.8,0,corps,7.8927453695420615,3.8727
7839,21,240,11.43,10.7,0,corps,7.890799483369373,1.9951
7840,8,71,8.88,4.9,0,corps,7.888854569896576,7.5108
7841,22,214,9.73,11.1,0,corps,7.886910628637442,4.6131
7842,16,131,8.19,8.4,0,corps,7.8849676591059845,4.6529
7843,27,246,9.11,13.3,0,corps,7.883025660816462,3.0802
7844,25,254,10.16,12.4,0,corps,7.8810846332833755,2.2648
7845,42,444,10.57,20.0,0,corps,7.879144576021467,4.7472
7846,13,120,9.23,7.1,0,corps,7.877205488545721,4.8651
7847,9,92,10.22,5.3,0,corps,7.875267370371369,4.9483
7848,38,489,12.87,18.2,0,corps,7.873330221013881,5.2417
7849,20,198,9.90,10.2,0,corps,7.871394039988969,5.5587
7850,40,451,11.28,19.1,0,corps,7.869458826812585,2.6623
7851,21,207,9.86,10.7,0,corps,7.867524581000929,2.7255
7852,20,189,9.45,10.2,0,corps,7.865591302070436,2.8270
7853,14,190,13.57,7.6,0,corps,7.863658989537791,2.1218
7854,19,197,10.37,9.8,0,corps,7.861727642919913,4.8543
7855,30,299,9.97,14.7,0,corps,7.859797261733964,2.1745
7856,22,203,9.23,11.1,0,corps,7.8578678454973545,4.5294
7857,34,305,8.97,16.4,0,corps,7.8559393937277235,3.1699
7858,23,231,10.04,11.6,0,corps,7.854011905942963,3.9874
7859,21,141,6.71,10.7,0,corps,7.8520853816611975,2.1257
7860,12,76,6.33,6.7,0,corps,7.8501598204007985,3.6367
7861,43,403,9.37,20.4,0,corps,7.8482352216803735,4.0301
7862,29,249,8.59,14.2,0,corps,7.846311585018774,4.3414
7863,14,129,9.21,7.6,0,corps,7.84438890993509,2.6631
7864,27,256,9.48,13.3,0,corps,7.842467195948657,2.9520
7865,11,88,8.00,6.2,0,corps,7.84054644257904,7.7716
7866,14,104,7.43,7.6,0,corps,7.838626649346056,6.5610
7867,30,328,10.93,14.7,0,corps,7.836707815769752,3.8472
7868,32,346,10.81,15.6,0,corps,7.8347899413704205,4.7735
7869,29,304,10.48,14.2,0,corps,7.832873025668598,2.9848
7870,20,229,11.45,10.2,0,corps,7.83095706818505,3.7478
7871,32,437,13.66,15.6,0,corps,7.829042068440789,1.9313
7872,19,193,10.16,9.8,0,corps,7.827128025957067,3.1905
7873,2,30,15.00,2.2,0,corps,7.825214940255368,0.9830
7874,12,112,9.33,6.7,0,corps,7.823302810857427,1.3806
7875,33,347,10.52,16.0,0,corps,7.821391637285208,4.0325
7876,8,105,13.12,4.9,0,corps,7.819481419060917,3.2787
7877,33,359,10.88,16.0,0,corps,7.817572155707002,1.9469
7878,24,205,8.54,12.0,0,corps,7.815663846746144,2.7701
7879,12,95,7.92,6.7,0,corps,7.8137564917012705,7.8373
7880,32,282,8.81,15.6,0,corps,7.811850090095537,3.2381
7881,38,407,10.71,18.2,0,corps,7.809944641452346,2.6033
7882,17,131,7.71,8.9,0,corps,7.808040145295337,3.2695
7883,32,328,10.25,15.6,0,corps,7.806136601148383,4.5898
7884,14,123,8.79,7.6,0,corps,7.804234008535599,3.2618
7885,8,75,9.38,4.9,0,corps,7.802332366981338,1.4004
7886,23,238,10.35,11.6,0,corps,7.800431676010187,2.8601
7887,23,191,8.30,11.6,0,corps,7.798531935146976,4.5074
7888,14,116,8.29,7.6,0,corps,7.796633143916767,2.4462
7889,37,418,11.30,17.8,0,corps,7.794735301844866,4.7654
7890,16,166,10.38,8.4,0,corps,7.792838408456809,1.7312
7891,17,199,11.71,8.9,0,corps,7.790942463278375,2.9303
7892,28,283,10.11,13.8,0,corps,7.789047465835575,1.8928
7893,21,259,12.33,10.7,0,corps,7.787153415654663,1.3834
7894,18,237,13.17,9.3,0,corps,7.785260312262121,1.9528
7895,26,247,9.50,12.9,0,corps,7.7833681551846805,3.1185
7896,10,79,7.90,5.8,0,corps,7.781476943949298,2.2206
7897,24,260,10.83,12.0,0,corps,7.779586678083169,2.4865
7898,19,199,10.47,9.8,0,corps,7.777697357113731,2.6062
7899,19,204,10.74,9.8,0,corps,7.775808980568652,2.5218
7900,34,378,11.12,16.4,0,corps,7.773921547975837,2.0241
7901,17,183,10.76,8.9,0,corps,7.77203505886343,1.3945
7902,10,100,10.00,5.8,0,corps,7.770149512759805,4.5881
7903,21,177,8.43,10.7,0,corps,7.768264909193581,2.6133
7904,13,134,10.31,7.1,0,corps,7.766381247693602,1.6782
7905,19,182,9.58,9.8,0,corps,7.764498527788953,3.3226
7906,22,229,10.41,11.1,0,corps,7.7626167490089575,4.9975
7907,19,170,8.95,9.8,0,corps,7.760735910883168,4.2501
7908,19,205,10.79,9.8,0,corps,7.758856012941376,3.4598
7909,3,35,11.67,2.7,0,corps,7.75697705471361,1.2433
7910,30,272,9.07,14.7,0,corps,7.755099035730123,3.5276
7911,34,326,9.59,16.4,0,corps,7.753221955521417,3.4501
7912,8,61,7.62,4.9,0,corps,7.751345813618219,7.9161
7913,21,189,9.00,10.7,0,corps,7.7494706095514925,4.8761
7914,22,222,10.09,11.1,0,corps,7.7475963428524395,3.3998
7915,28,268,9.57,13.8,0,corps,7.745723013052489,3.8013
7916,27,309,11.44,13.3,0,corps,7.743850619683313,3.0781
7917,27,252,9.33,13.3,0,corps,7.741979162276813,3.1878
7918,10,103,10.30,5.8,0,corps,7.74010864036512,1.9393
7919,30,281,9.37,14.7,0,corps,7.738239053480611,1.7553
7920,28,285,10.18,13.8,0,corps,7.736370401155882,5.3290
7921,17,162,9.53,8.9,0,corps,7.734502682923772,3.6146
7922,21,183,8.71,10.7,0,corps,7.732635898317353,2.8866
7923,6,40,6.67,4.0,0,corps,7.730770046869928,1.6836
7924,10,100,10.00,5.8,0,corps,7.7289051281150325,5.4528
7925,25,221,8.84,12.4,0,corps,7.727041141586442,4.1987
7926,30,264,8.80,14.7,0,corps,7.725178086818155,5.6652
7927,23,236,10.26,11.6,0,corps,7.723315963344408,3.9158
7928,23,197,8.57,11.6,0,corps,7.721454770699672,3.2158
7929,15,108,7.20,8.0,0,corps,7.719594508418648,4.6182
7930,19,191,10.05,9.8,0,corps,7.717735176036269,2.8532
7931,31,248,8.00,15.1,0,corps,7.715876773087706,2.5561
7932,38,387,10.18,18.2,0,corps,7.714019299108353,3.1832
7933,37,308,8.32,17.8,0,corps,7.712162753633847,2.6763
7934,15,145,9.67,8.0,0,corps,7.710307136200045,3.3567
7935,26,261,10.04,12.9,0,corps,7.708452446343051,4.5690
7936,11,100,9.09,6.2,0,corps,7.706598683599185,3.5105
7937,7,55,7.86,4.4,0,corps,7.704745847505009,6.8645
7938,8,67,8.38,4.9,0,corps,7.702893937597316,5.0712
7939,29,234,8.07,14.2,0,corps,7.701042953413125,4.9557
7940,18,198,11.00,9.3,0,corps,7.699192894489691,2.8834
7941,13,107,8.23,7.1,0,corps,7.697343760364503,3.0746
7942,32,249,7.78,15.6,0,corps,7.695495550575271,2.3882
7943,16,123,7.69,8.4,0,corps,7.693648264659949,1.7733
7944,8,75,9.38,4.9,0,corps,7.691801902156708,1.3216
7945,4,39,9.75,3.1,0,corps,7.689956462603965,1.3240
7946,29,337,11.62,14.2,0,corps,7.688111945540357,5.0729
7947,23,315,13.70,11.6,0,corps,7.686268350504754,2.2158
7948,16,170,10.62,8.4,0,corps,7.684425677036258,1.4442
7949,24,283,11.79,12.0,0,corps,7.6825839246742005,3.4054
7950,12,151,12.58,6.7,0,corps,7.680743092958142,4.3802
7951,28,362,12.93,13.8,0,corps,7.678903181427879,4.3480
7952,18,166,9.22,9.3,0,corps,7.677064189623427,1.7796
7953,16,180,11.25,8.4,0,corps,7.675226117085043,2.6879
7954,25,286,11.44,12.4,0,corps,7.673388963353209,2.8337
7955,8,82,10.25,4.9,0,corps,7.671552727968632,1.4020
7956,29,252,8.69,14.2,0,corps,7.669717410472257,1.8122
7957,15,137,9.13,8.0,0,corps,7.667883010405255,2.4433
7958,38,386,10.16,18.2,0,corps,7.666049527309024,5.0048
7959,30,327,10.90,14.7,0,corps,7.664216960725195,2.4785
7960,24,216,9.00,12.0,0,corps,7.662385310195624,5.8851
7961,21,215,10.24,10.7,0,corps,7.660554575262399,4.0219
7962,27,248,9.19,13.3,0,corps,7.658724755467839,3.4602
7963,27,258,9.56,13.3,0,corps,7.656895850354484,1.3148
7964,24,250,10.42,12.0,0,corps,7.655067859465111,3.0799
7965,22,189,8.59,11.1,0,corps,7.653240782342725,2.1912
7966,12,108,9.00,6.7,0,corps,7.651414618530551,4.4574
7967,17,161,9.47,8.9,0,corps,7.649589367572052,2.2522
7968,36,375,10.42,17.3,0,corps,7.647765029010914,3.4548
7969,24,244,10.17,12.0,0,corps,7.6459416023910505,2.3560
7970,21,190,9.05,10.7,0,corps,7.644119087256608,2.2766
7971,26,283,10.88,12.9,0,corps,7.642297483151955,4.0041
7972,30,265,8.83,14.7,0,corps,7.640476789621692,2.8110
7973,38,304,8.00,18.2,0,corps,7.638657006210647,3.5498
7974,23,191,8.30,11.6,0,corps,7.636838132463872,1.7443
7975,25,259,10.36,12.4,0,corps,7.635020167926649,4.1707
7976,19,150,7.89,9.8,0,corps,7.6332031121444865,1.7856
7977,32,307,9.59,15.6,0,corps,7.63138696466312,2.5792
7978,15,132,8.80,8.0,0,corps,7.629571725028517,3.9581
7979,10,82,8.20,5.8,0,corps,7.62775739278686,4.7159
7980,17,174,10.24,8.9,0,corps,7.625943967484572,2.3545
7981,25,195,7.80,12.4,0,corps,7.624131448668295,4.3731
7982,38,381,10.03,18.2,0,corps,7.622319835884897,3.6444
7983,28,272,9.71,13.8,0,corps,7.62050912868148,3.2166
7984,21,230,10.95,10.7,0,corps,7.618699326605362,2.2215
7985,30,264,8.80,14.7,0,corps,7.616890429204096,1.9748
7986,17,158,9.29,8.9,0,corps,7.615082436025455,1.5200
7987,11,102,9.27,6.2,0,corps,7.61327534661744,1.5394
7988,22,204,9.27,11.1,0,corps,7.611469160528284,4.4026
7989,29,251,8.66,14.2,0,corps,7.609663877306436,2.0484
7990,22,193,8.77,11.1,0,corps,7.607859496500574,2.8301
7991,31,318,10.26,15.1,0,corps,7.606056017659607,3.3167
7992,25,240,9.60,12.4,0,corps,7.604253440332663,3.9603
7993,15,135,9.00,8.0,0,corps,7.602451764069096,2.1437
7994,20,193,9.65,10.2,0,corps,7.600650988418492,3.3115
7995,19,195,10.26,9.8,0,corps,7.598851112930652,3.9966
7996,12,176,14.67,6.7,0,corps,7.5970521371556075,3.6476
7997,28,298,10.64,13.8,0,corps,7.595254060643619,1.8214
7998,22,190,8.64,11.1,0,corps,7.593456882945163,2.7129
7999,15,161,10.73,8.0,0,corps,7.591660603610947,2.0145
8000,37,363,9.81,17.8,0,corps,7.589865222191899,3.8023
8001,18,165,9.17,9.3,0,corps,7.588070738239177,3.2754
8002,30,320,10.67,14.7,0,corps,7.586277151304155,3.6652
8003,12,91,7.58,6.7,0,corps,7.584484460938444,2.6389
8004,28,209,7.46,13.8,0,corps,7.582692666693866,4.9845
8005,26,258,9.92,12.9,0,corps,7.5809017681224695,4.3235
8006,8,79,9.88,4.9,0,corps,7.579111764776539,1.7637
8007,29,254,8.76,14.2,0,corps,7.577322656208565,2.0162
8008,27,299,11.07,13.3,0,corps,7.575534441971277,4.1946
8009,35,296,8.46,16.9,0,corps,7.573747121617613,2.8491
8010,50,581,11.62,23.6,0,corps,7.571960694700753,3.3043
8011,19,172,9.05,9.8,0,corps,7.570175160774083,2.1486
8012,32,310,9.69,15.6,0,corps,7.568390519391219,4.3273
8013,31,299,9.65,15.1,0,corps,7.566606770106008,3.2051
8014,11,88,8.00,6.2,0,corps,7.564823912472507,2.0461
8015,32,317,9.91,15.6,0,corps,7.563041946044999,5.2374
8016,36,399,11.08,17.3,0,corps,7.561260870378001,1.8698
8017,22,178,8.09,11.1,0,corps,7.559480685026237,3.9901
8018,16,136,8.50,8.4,0,corps,7.55770138954466,3.5942
8019,34,369,10.85,16.4,0,corps,7.555922983488453,3.5784
8020,8,73,9.12,4.9,0,corps,7.5541454664130105,6.2092
8021,33,315,9.55,16.0,0,corps,7.55236883787395,3.3798
8022,23,225,9.78,11.6,0,corps,7.550593097427121,3.8131
8023,13,109,8.38,7.1,0,corps,7.548818244628583,2.6447
8024,15,130,8.67,8.0,0,corps,7.547044279034626,3.2605
8025,16,181,11.31,8.4,0,corps,7.545271200201754,3.5860
8026,23,229,9.96,11.6,0,corps,7.5434990076867035,3.1585
8027,30,286,9.53,14.7,0,corps,7.541727701046424,2.1697
8028,16,149,9.31,8.4,0,corps,7.539957279838083,4.7810
8029,25,313,12.52,12.4,0,corps,7.538187743619086,2.9379
8030,11,97,8.82,6.2,0,corps,7.5364190919470415,1.8171
8031,26,258,9.92,12.9,0,corps,7.534651324379787,2.5782
8032,7,60,8.57,4.4,0,corps,7.532884440475385,8.4102
8033,45,482,10.71,21.3,0,corps,7.5311184397921105,2.9100
8034,17,179,10.53,8.9,0,corps,7.529353321888461,3.2031
8035,42,423,10.07,20.0,0,corps,7.527589086323164,4.0370
8036,38,404,10.63,18.2,0,corps,7.525825732655157,2.6990
8037,17,180,10.59,8.9,0,corps,7.524063260443597,1.4652
8038,17,153,9.00,8.9,0,corps,7.522301669247877,5.8830
8039,37,333,9.00,17.8,0,corps,7.520540958627589,4.2573
8040,39,461,11.82,18.7,0,corps,7.518781128142563,3.5071
8041,32,319,9.97,15.6,0,corps,7.517022177352831,5.9086
8042,31,354,11.42,15.1,0,corps,7.515264105818664,3.7187
8043,23,216,9.39,11.6,0,corps,7.513506913100544,4.2276
8044,29,374,12.90,14.2,0,corps,7.511750598759168,2.0529
8045,36,328,9.11,17.3,0,corps,7.509995162355461,3.8641
8046,31,283,9.13,15.1,0,corps,7.508240603450564,2.9221
8047,47,524,11.15,22.2,0,corps,7.506486921605833,3.6270
8048,20,200,10.00,10.2,0,corps,7.504734116382853,3.3074
8049,22,202,9.18,11.1,0,corps,7.502982187343421,2.2978
8050,18,188,10.44,9.3,0,corps,7.501231134049551,1.9129
8051,17,146,8.59,8.9,0,corps,7.499480956063485,3.9348
8052,26,257,9.88,12.9,0,corps,7.497731652947678,2.9090
8053,30,243,8.10,14.7,0,corps,7.495983224264799,3.8784
8054,13,128,9.85,7.1,0,corps,7.494235669577745,3.3808
8055,22,191,8.68,11.1,0,corps,7.492488988449629,3.1373
8056,25,225,9.00,12.4,0,corps,7.490743180443777,4.3816
8057,7,66,9.43,4.4,0,corps,7.488998245123738,2.2813
8058,20,169,8.45,10.2,0,corps,7.487254182053278,1.9977
8059,23,222,9.65,11.6,0,corps,7.485510990796383,2.9314
8060,17,203,11.94,8.9,0,corps,7.483768670917251,1.4561
8061,17,134,7.88,8.9,0,corps,7.482027221980308,3.7876
8062,35,421,12.03,16.9,0,corps,7.480286643550188,3.8266
8063,29,299,10.31,14.2,0,corps,7.478546935191743,2.2077
8064,15,169,11.27,8.0,0,corps,7.476808096470055,2.7567
8065,38,357,9.39,18.2,0,corps,7.475070126950409,2.7211
8066,14,124,8.86,7.6,0,corps,7.473333026198309,1.8210
8067,10,77,7.70,5.8,0,corps,7.471596793779487,1.9712
8068,41,384,9.37,19.6,0,corps,7.469861429259883,3.6105
8069,19,153,8.05,9.8,0,corps,7.4681269322056485,3.0331
8070,39,309,7.92,18.7,0,corps,7.466393302183169,3.3931
8071,25,219,8.76,12.4,0,corps,7.464660538759035,3.1735
8072,16,140,8.75,8.4,0,corps,7.462928641500052,4.2491
8073,12,103,8.58,6.7,0,corps,7.461197609973244,2.1691
8074,17,141,8.29,8.9,0,corps,7.4594674437458615,6.0287
8075,24,228,9.50,12.0,0,corps,7.457738142385356,3.2002
8076,35,313,8.94,16.9,0,corps,7.456009705459402,4.4449
8077,26,197,7.58,12.9,0,corps,7.454282132535896,2.3789
8078,19,196,10.32,9.8,0,corps,7.45255542318294,4.8600
8079,32,338,10.56,15.6,0,corps,7.450829576968854,4.2744
8080,23,216,9.39,11.6,0,corps,7.449104593462186,1.8597
8081,22,204,9.27,11.1,0,corps,7.447380472231682,2.3964
8082,15,133,8.87,8.0,0,corps,7.445657212846311,1.5439
8083,31,287,9.26,15.1,0,corps,7.4439348148752655,3.6334
8084,26,264,10.15,12.9,0,corps,7.442213277887941,2.1638
8085,15,133,8.87,8.0,0,corps,7.4404926014539505,3.8514
8086,20,185,9.25,10.2,0,corps,7.438772785143131,1.4866
8087,15,142,9.47,8.0,0,corps,7.437053828525528,1.2681
8088,12,105,8.75,6.7,0,corps,7.435335731171397,4.1042
8089,25,233,9.32,12.4,0,corps,7.433618492651214,2.3250
8090,16,144,9.00,8.4,0,corps,7.431902112535678,1.9753
8091,18,189,10.50,9.3,0,corps,7.430186590395686,3.2490
8092,5,65,13.00,3.6,0,corps,7.4284719258023575,1.1954
8093,14,121,8.64,7.6,0,corps,7.426758118327029,1.1797
8094,12,112,9.33,6.7,0,corps,7.42504516754125,2.9033
8095,3,32,10.67,2.7,0,corps,7.423333073016777,1.0326
8096,8,68,8.50,4.9,0,corps,7.421621834325593,4.8762
8097,24,191,7.96,12.0,0,corps,7.4199114510398845,2.2910
8098,19,179,9.42,9.8,0,corps,7.418201922732057,1.7073
8099,15,123,8.20,8.0,0,corps,7.416493248974727,1.0603
8100,2,10,5.00,2.2,0,corps,7.4147854293407285,2.1547
8101,23,193,8.39,11.6,0,corps,7.413078463403103,2.2947
8102,15,149,9.93,8.0,0,corps,7.411372350735112,3.0203
8103,23,201,8.74,11.6,0,corps,7.409667090910229,2.1436
8104,36,315,8.75,17.3,0,corps,7.407962683502135,2.7567
8105,14,181,12.93,7.6,0,corps,7.406259128084727,4.1355
8106,44,462,10.50,20.9,0,corps,7.404556424232121,2.4871
8107,19,177,9.32,9.8,0,corps,7.402854571518641,3.0129
8108,31,275,8.87,15.1,0,corps,7.401153569518818,1.6304
8109,6,45,7.50,4.0,0,corps,7.399453417807406,12.7258
8110,16,146,9.12,8.4,0,corps,7.397754115959368,3.3385
8111,22,197,8.95,11.1,0,corps,7.3960556635498715,2.3351
8112,15,133,8.87,8.0,0,corps,7.394358060154314,4.7714
8113,28,204,7.29,13.8,0,corps,7.392661305348288,4.4916
8114,22,227,10.32,11.1,0,corps,7.390965398707603,3.7899
8115,23,228,9.91,11.6,0,corps,7.389270339808289,2.1273
8116,18,180,10.00,9.3,0,corps,7.387576128226578,3.5229
8117,33,292,8.85,16.0,0,corps,7.385882763538912,4.5340
8118,19,146,7.68,9.8,0,corps,7.384190245321959,1.5354
8119,17,142,8.35,8.9,0,corps,7.382498573152585,4.9107
8120,13,140,10.77,7.1,0,corps,7.3808077466078705,3.7468
8121,28,281,10.04,13.8,0,corps,7.379117765265109,1.6534
8122,23,233,10.13,11.6,0,corps,7.377428628701807,6.0060
8123,10,96,9.60,5.8,0,corps,7.3757403364956815,4.6033
8124,13,143,11.00,7.1,0,corps,7.374052888224655,2.2322
8125,16,158,9.88,8.4,0,corps,7.372366283466872,2.3736
8126,16,188,11.75,8.4,0,corps,7.370680521800675,1.2549
8127,27,242,8.96,13.3,0,corps,7.368995602804623,2.7995
8128,31,261,8.42,15.1,0,corps,7.3673115260574935,3.0312
8129,11,106,9.64,6.2,0,corps,7.365628291138264,3.8482
8130,25,233,9.32,12.4,0,corps,7.36394589762612,3.4589
8131,19,169,8.89,9.8,0,corps,7.362264345100472,3.4301
8132,29,323,11.14,14.2,0,corps,7.3605836331409265,2.7975
8133,24,214,8.92,12.0,0,corps,7.358903761327309,2.3471
8134,14,108,7.71,7.6,0,corps,7.357224729239645,3.0897
8135,23,186,8.09,11.6,0,corps,7.355546536458182,3.0909
8136,14,126,9.00,7.6,0,corps,7.353869182563375,3.5246
8137,19,173,9.11,9.8,0,corps,7.352192667135873,3.1600
8138,2,27,13.50,2.2,0,corps,7.350516989756562,1.2898
8139,20,175,8.75,10.2,0,corps,7.348842150006515,1.9518
8140,46,450,9.78,21.8,0,corps,7.34716814746702,3.3287
8141,26,231,8.88,12.9,0,corps,7.345494981719582,2.9500
8142,7,68,9.71,4.4,0,corps,7.3438226523459065,2.0467
8143,17,147,8.65,8.9,0,corps,7.342151158927909,6.1493
8144,13,110,8.46,7.1,0,corps,7.340480501047722,2.3390
8145,32,286,8.94,15.6,0,corps,7.338810678287675,7.0238
8146,32,265,8.28,15.6,0,corps,7.3371416902303155,3.7999
8147,10,100,10.00,5.8,0,corps,7.335473536458398,1.2180
8148,16,140,8.75,8.4,0,corps,7.333806216554881,3.9207
8149,39,382,9.79,18.7,0,corps,7.332139730102935,5.1305
8150,41,389,9.49,19.6,0,corps,7.330474076685936,4.0607
8151,27,283,10.48,13.3,0,corps,7.328809255887478,2.6621
8152,23,265,11.52,11.6,0,corps,7.3271452672913515,3.2864
8153,8,85,10.62,4.9,0,corps,7.3254821104815555,1.6333
8154,12,90,7.50,6.7,0,corps,7.323819785042307,5.5592
8155,13,122,9.38,7.1,0,corps,7.322158290558023,2.4651
8156,28,314,11.21,13.8,0,corps,7.320497626613324,2.2489
8157,16,146,9.12,8.4,0,corps,7.318837792793054,4.7831
8158,5,38,7.60,3.6,0,corps,7.3171787886822495,2.1825
8159,16,188,11.75,8.4,0,corps,7.3155206138661555,2.5488
8160,44,465,10.57,20.9,0,corps,7.313863267930235,3.5530
8161,17,157,9.24,8.9,0,corps,7.312206750460149,4.6672
8162,30,273,9.10,14.7,0,corps,7.310551061041765,2.2513
8163,39,351,9.00,18.7,0,corps,7.308896199261166,3.6254
8164,22,268,12.18,11.1,0,corps,7.307242164704634,3.1426
8165,33,336,10.18,16.0,0,corps,7.305588956958661,2.3671
8166,30,234,7.80,14.7,0,corps,7.303936575609943,2.2235
8167,36,399,11.08,17.3,0,corps,7.302285020245386,3.4586
8168,30,316,10.53,14.7,0,corps,7.300634290452103,4.5866
8169,26,236,9.08,12.9,0,corps,7.2989843858174055,3.5571
8170,26,276,10.62,12.9,0,corps,7.297335305928826,2.8965
8171,13,168,12.92,7.1,0,corps,7.295687050374092,1.9969
8172,31,356,11.48,15.1,0,corps,7.294039618741133,2.9133
8173,23,230,10.00,11.6,0,corps,7.292393010618096,1.9257
8174,41,449,10.95,19.6,0,corps,7.290747225593332,4.7863
8175,40,404,10.10,19.1,0,corps,7.289102263255387,2.3512
8176,16,202,12.62,8.4,0,corps,7.28745812319303,1.9536
8177,12,79,6.58,6.7,0,corps,7.285814804995219,3.4611
8178,25,241,9.64,12.4,0,corps,7.284172308251124,3.1110
8179,18,191,10.61,9.3,0,corps,7.282530632550127,1.9864
8180,39,456,11.69,18.7,0,corps,7.280889777481804,2.3136
8181,31,342,11.03,15.1,0,corps,7.279249742635943,2.2256
8182,35,461,13.17,16.9,0,corps,7.2776105276025325,2.8225
8183,20,174,8.70,10.2,0,corps,7.2759721319717725,3.6058
8184,26,262,10.08,12.9,0,corps,7.274334555334064,4.2919
8185,33,392,11.88,16.0,0,corps,7.272697797280006,3.1140
8186,22,266,12.09,11.1,0,corps,7.2710618574004195,2.8783
8187,27,320,11.85,13.3,0,corps,7.269426735286314,1.7686
8188,25,280,11.20,12.4,0,corps,7.267792430528906,2.4467
8189,8,75,9.38,4.9,0,corps,7.266158942719625,3.9121
8190,15,164,10.93,8.0,0,corps,7.264526271450097,2.8670
8191,27,306,11.33,13.3,0,corps,7.262894416312152,2.8895
8192,18,184,10.22,9.3,0,corps,7.261263376897831,4.4210
8193,27,239,8.85,13.3,0,corps,7.2596331527993705,4.2710
8194,21,261,12.43,10.7,0,corps,7.258003743609212,1.6855
8195,15,139,9.27,8.0,0,corps,7.256375148920011,2.3017
8196,30,306,10.20,14.7,0,corps,7.254747368324613,3.2638
8197,6,68,11.33,4.0,0,corps,7.253120401416073,1.7519
8198,27,286,10.59,13.3,0,corps,7.251494247787649,2.1073
8199,13,100,7.69,7.1,0,corps,7.2498689070328055,1.6211
8200,23,235,10.22,11.6,0,corps,7.2482443787452056,2.4263
8201,38,379,9.97,18.2,0,corps,7.2466206625187155,3.5933
8202,28,237,8.46,13.8,0,corps,7.24499775794741,3.6177
8203,35,344,9.83,16.9,0,corps,7.243375664625562,3.9802
8204,19,159,8.37,9.8,0,corps,7.241754382147643,2.9589
8205,28,238,8.50,13.8,0,corps,7.24013391010834,1.5536
8206,22,188,8.55,11.1,0,corps,7.23851424810253,3.5589
8207,23,271,11.78,11.6,0,corps,7.236895395725298,3.0185
8208,27,216,8.00,13.3,0,corps,7.235277352571934,2.6485
8209,13,149,11.46,7.1,0,corps,7.233660118237925,4.4721
8210,20,236,11.80,10.2,0,corps,7.2320436923189595,2.6666
8211,41,422,10.29,19.6,0,corps,7.230428074410936,3.1497
8212,15,199,13.27,8.0,0,corps,7.228813264109949,2.3243
8213,31,373,12.03,15.1,0,corps,7.227199261012293,2.3695
8214,20,217,10.85,10.2,0,corps,7.225586064714467,2.0044
8215,23,190,8.26,11.6,0,corps,7.2239736748131795,2.6960
8216,15,151,10.07,8.0,0,corps,7.222362090905324,1.8321
8217,19,172,9.05,9.8,0,corps,7.220751312588007,3.3584
8218,21,185,8.81,10.7,0,corps,7.219141339458537,1.6134
8219,30,298,9.93,14.7,0,corps,7.217532171114419,1.7034
8220,41,348,8.49,19.6,0,corps,7.2159238071533585,3.3401
8221,31,326,10.52,15.1,0,corps,7.214316247173269,2.4987
8222,25,226,9.04,12.4,0,corps,7.212709490772257,3.0823
8223,6,43,7.17,4.0,0,corps,7.211103537548633,3.1439
8224,16,115,7.19,8.4,0,corps,7.209498387100911,3.0412
8225,14,185,13.21,7.6,0,corps,7.207894039027804,2.7983
8226,21,200,9.52,10.7,0,corps,7.20629049292822,1.9051
8227,28,309,11.04,13.8,0,corps,7.204687748401279,2.3500
8228,36,346,9.61,17.3,0,corps,7.203085805046292,3.3763
8229,22,208,9.45,11.1,0,corps,7.201484662462773,3.6471
8230,16,183,11.44,8.4,0,corps,7.199884320250432,2.5295
8231,27,255,9.44,13.3,0,corps,7.198284778009192,3.3401
8232,19,145,7.63,9.8,0,corps,7.196686035339164,2.8022
8233,17,161,9.47,8.9,0,corps,7.195088091840657,3.7980
8234,40,386,9.65,19.1,0,corps,7.193490947114194,2.4935
8235,20,162,8.10,10.2,0,corps,7.191894600760482,4.3200
8236,16,162,10.12,8.4,0,corps,7.190299052380436,3.0256
8237,23,196,8.52,11.6,0,corps,7.1887043015751715,2.0504
8238,12,130,10.83,6.7,0,corps,7.187110347945999,3.7135
8239,21,180,8.57,10.7,0,corps,7.185517191094429,2.5644
8240,23,191,8.30,11.6,0,corps,7.183924830622174,2.2794
8241,28,262,9.36,13.8,0,corps,7.182333266131144,1.7483
8242,10,92,9.20,5.8,0,corps,7.180742497223445,1.7680
8243,32,253,7.91,15.6,0,corps,7.179152523501389,3.5269
8244,32,292,9.12,15.6,0,corps,7.1775633445674805,3.1700
8245,25,201,8.04,12.4,0,corps,7.175974960024425,3.7483
8246,25,247,9.88,12.4,0,corps,7.174387369475125,5.8893
8247,24,327,13.62,12.0,0,corps,7.172800572522683,1.8357
8248,22,208,9.45,11.1,0,corps,7.171214568770402,3.0243
8249,35,368,10.51,16.9,0,corps,7.169629357821777,5.7941
8250,38,412,10.84,18.2,0,corps,7.168044939280511,5.0521
8251,29,307,10.59,14.2,0,corps,7.166461312750497,3.1194
8252,14,104,7.43,7.6,0,corps,7.164878477835823,5.1660
8253,24,242,10.08,12.0,0,corps,7.16329643414079,3.1354
8254,18,184,10.22,9.3,0,corps,7.161715181269882,2.8889
8255,29,268,9.24,14.2,0,corps,7.160134718827781,3.9102
8256,31,334,10.77,15.1,0,corps,7.158555046419379,3.0337
8257,25,229,9.16,12.4,0,corps,7.156976163649757,2.9856
8258,25,235,9.40,12.4,0,corps,7.155398070124192,3.4654
8259,14,150,10.71,7.6,0,corps,7.153820765448157,2.1291
8260,36,326,9.06,17.3,0,corps,7.152244249227333,1.5481
8261,26,268,10.31,12.9,0,corps,7.150668521067588,3.4939
8262,27,259,9.59,13.3,0,corps,7.149093580574986,3.0080
8263,17,147,8.65,8.9,0,corps,7.1475194273558005,4.0000
8264,41,400,9.76,19.6,0,corps,7.145946061016486,2.9498
8265,31,285,9.19,15.1,0,corps,7.144373481163702,2.0165
8266,22,234,10.64,11.1,0,corps,7.142801687404305,2.8469
8267,28,238,8.50,13.8,0,corps,7.141230679345348,1.9753
8268,12,108,9.00,6.7,0,corps,7.139660456594074,4.3664
8269,10,85,8.50,5.8,0,corps,7.138091018757933,3.1675
8270,28,241,8.61,13.8,0,corps,7.136522365444565,3.7687
8271,13,97,7.46,7.1,0,corps,7.1349544962618,3.1410
8272,27,251,9.30,13.3,0,corps,7.133387410817679,2.0379
8273,16,117,7.31,8.4,0,corps,7.131821108720427,1.5559
8274,19,132,6.95,9.8,0,corps,7.130255589578467,3.6115
8275,18,171,9.50,9.3,0,corps,7.128690853000419,3.1486
8276,20,177,8.85,10.2,0,corps,7.127126898595105,2.2954
8277,14,140,10.00,7.6,0,corps,7.125563725971529,3.0841
8278,16,152,9.50,8.4,0,corps,7.1240013347388995,1.5131
8279,24,216,9.00,12.0,0,corps,7.122439724506621,1.7251
8280,29,282,9.72,14.2,0,corps,7.120878894884293,3.8030
8281,33,279,8.45,16.0,0,corps,7.1193188454817,4.4550
8282,23,191,8.30,11.6,0,corps,7.117759575908838,1.7887
8283,32,306,9.56,15.6,0,corps,7.116201085775886,3.1632
8284,31,259,8.35,15.1,0,corps,7.11464337469322,4.5923
8285,16,138,8.62,8.4,0,corps,7.113086442271416,3.8708
8286,15,128,8.53,8.0,0,corps,7.111530288121237,2.7736
8287,38,377,9.92,18.2,0,corps,7.109974911853646,3.7626
8288,30,250,8.33,14.7,0,corps,7.108420313079801,4.5251
8289,47,419,8.91,22.2,0,corps,7.10686649141105,3.3470
8290,18,169,9.39,9.3,0,corps,7.105313446458938,3.6865
8291,18,159,8.83,9.3,0,corps,7.103761177835202,2.4143
8292,41,357,8.71,19.6,0,corps,7.102209685151779,4.5272
8293,35,357,10.20,16.9,0,corps,7.100658968020794,2.8664
8294,17,163,9.59,8.9,0,corps,7.099109026054563,4.2690
8295,24,269,11.21,12.0,0,corps,7.097559858865608,3.1857
8296,19,163,8.58,9.8,0,corps,7.096011466066635,4.9856
8297,13,120,9.23,7.1,0,corps,7.094463847270541,4.0487
8298,17,150,8.82,8.9,0,corps,7.092917002090426,4.6533
8299,16,127,7.94,8.4,0,corps,7.09137093013958,4.8440
8300,4,49,12.25,3.1,0,corps,7.08982563103148,2.2824
8301,21,161,7.67,10.7,0,corps,7.088281104379804,2.8894
8302,13,107,8.23,7.1,0,corps,7.0867373497984225,1.7469
8303,13,116,8.92,7.1,0,corps,7.0851943669013915,4.2307
8304,19,157,8.26,9.8,0,corps,7.08365215530297,5.5237
8305,10,91,9.10,5.8,0,corps,7.082110714617603,2.7215
8306,36,348,9.67,17.3,0,corps,7.080570044459932,3.2062
8307,42,451,10.74,20.0,0,corps,7.079030144444786,3.6930
8308,12,95,7.92,6.7,0,corps,7.077491014187194,3.6844
8309,21,194,9.24,10.7,0,corps,7.075952653302372,3.7094
8310,11,95,8.64,6.2,0,corps,7.074415061405727,3.7021
8311,16,159,9.94,8.4,0,corps,7.072878238112865,3.4900
8312,19,142,7.47,9.8,0,corps,7.071342183039578,4.4991
8313,21,203,9.67,10.7,0,corps,7.069806895801851,3.4542
8314,18,168,9.33,9.3,0,corps,7.068272376015868,1.6414
8315,19,190,10.00,9.8,0,corps,7.066738623297993,3.7137
8316,26,238,9.15,12.9,0,corps,7.065205637264787,4.7747
8317,27,268,9.93,13.3,0,corps,7.0636734175330105,2.0127
8318,21,180,8.57,10.7,0,corps,7.062141963719604,5.1937
8319,19,183,9.63,9.8,0,corps,7.0606112754417,2.2426
8320,35,350,10.00,16.9,0,corps,7.0590813523166345,2.6840
8321,22,223,10.14,11.1,0,corps,7.057552193961923,1.4375
8322,27,257,9.52,13.3,0,corps,7.056023799995276,3.8515
8323,31,284,9.16,15.1,0,corps,7.054496170034594,1.9854
8324,27,274,10.15,13.3,0,corps,7.05296930369797,5.0717
8325,14,146,10.43,7.6,0,corps,7.051443200603689,3.1023
8326,30,328,10.93,14.7,0,corps,7.049917860370222,2.2428
8327,32,272,8.50,15.6,0,corps,7.048393282616239,4.2721
8328,39,405,10.38,18.7,0,corps,7.046869466960591,4.1797
8329,15,125,8.33,8.0,0,corps,7.045346413022324,4.2299
8330,13,118,9.08,7.1,0,corps,7.043824120420679,3.9310
8331,21,214,10.19,10.7,0,corps,7.042302588775079,1.9986
8332,35,312,8.91,16.9,0,corps,7.04078181770514,3.1854
8333,19,167,8.79,9.8,0,corps,7.039261806830674,2.5078
8334,12,131,10.92,6.7,0,corps,7.0377425557716755,1.2701
8335,28,252,9.00,13.8,0,corps,7.036224064148327,2.5987
8336,28,260,9.29,13.8,0,corps,7.034706331581017,3.6667
8337,8,78,9.75,4.9,0,corps,7.033189357690303,1.7710
8338,25,212,8.48,12.4,0,corps,7.0316731420969445,1.6748
8339,15,128,8.53,8.0,0,corps,7.030157684421885,3.5292
8340,15,159,10.60,8.0,0,corps,7.028642984286265,4.6500
8341,15,153,10.20,8.0,0,corps,7.027129041311407,1.6843
8342,13,151,11.62,7.1,0,corps,7.025615855118822,3.8750
8343,12,108,9.00,6.7,0,corps,7.024103425330219,1.3339
8344,19,185,9.74,9.8,0,corps,7.022591751567489,2.4578
8345,21,199,9.48,10.7,0,corps,7.02108083345271,2.2932
8346,30,290,9.67,14.7,0,corps,7.019570670608158,4.4126
8347,20,188,9.40,10.2,0,corps,7.018061262656289,4.0698
8348,20,205,10.25,10.2,0,corps,7.016552609219747,3.4608
8349,34,307,9.03,16.4,0,corps,7.015044709921378,2.4161
8350,31,253,8.16,15.1,0,corps,7.013537564384201,3.4983
8351,16,127,7.94,8.4,0,corps,7.012031172231429,4.7914
8352,23,212,9.22,11.6,0,corps,7.010525533086468,2.5773
8353,18,143,7.94,9.3,0,corps,7.009020646572905,1.5979
8354,16,148,9.25,8.4,0,corps,7.007516512314521,3.1355
8355,52,508,9.77,24.4,0,corps,7.006013129935276,3.7546
8356,40,377,9.43,19.1,0,corps,7.004510499059332,3.9293
8357,9,80,8.89,5.3,0,corps,7.003008619311031,4.6918
8358,34,324,9.53,16.4,0,corps,7.0015074903148955,2.8608
8359,31,301,9.71,15.1,0,corps,7.000007111695653,2.7501
8360,29,271,9.34,14.2,0,corps,6.998507483078202,1.7690
8361,31,292,9.42,15.1,0,corps,6.997008604087634,4.8697
8362,12,127,10.58,6.7,0,corps,6.995510474349237,3.4260
8363,31,246,7.94,15.1,0,corps,6.9940130934884746,4.0516
8364,24,221,9.21,12.0,0,corps,6.992516461130998,1.5670
8365,21,197,9.38,10.7,0,corps,6.991020576902654,3.5131
8366,39,394,10.10,18.7,0,corps,6.989525440429471,2.7423
8367,20,177,8.85,10.2,0,corps,6.988031051337661,3.6661
8368,23,210,9.13,11.6,0,corps,6.98653740925363,2.5580
8369,11,78,7.09,6.2,0,corps,6.98504451380397,6.8865
8370,32,299,9.34,15.6,0,corps,6.983552364615451,3.6909
8371,24,230,9.58,12.0,0,corps,6.982060961315038,3.2306
8372,35,360,10.29,16.9,0,corps,6.980570303529883,3.8389
8373,16,166,10.38,8.4,0,corps,6.97908039088732,4.0451
8374,15,128,8.53,8.0,0,corps,6.977591223014866,4.7941
8375,27,287,10.63,13.3,0,corps,6.976102799540238,1.8929
8376,13,109,8.38,7.1,0,corps,6.974615120091324,5.8093
8377,29,260,8.97,14.2,0,corps,6.973128184296202,3.4853
8378,16,135,8.44,8.4,0,corps,6.971641991783146,4.3059
8379,28,271,9.68,13.8,0,corps,6.970156542180603,1.8299
8380,21,178,8.48,10.7,0,corps,6.968671835117207,5.0526
8381,16,159,9.94,8.4,0,corps,6.96718787022179,5.3513
8382,37,355,9.59,17.8,0,corps,6.9657046471233555,1.9105
8383,7,52,7.43,4.4,0,corps,6.964222165451098,1.7880
8384,39,390,10.00,18.7,0,corps,6.962740424834394,5.6345
8385,29,395,13.62,14.2,0,corps,6.961259424902814,3.0115
8386,19,184,9.68,9.8,0,corps,6.959779165286106,3.1768
8387,34,313,9.21,16.4,0,corps,6.958299645614202,4.3114
8388,17,152,8.94,8.9,0,corps,6.956820865517228,3.5810
8389,49,523,10.67,23.1,0,corps,6.955342824625486,3.8873
8390,31,317,10.23,15.1,0,corps,6.953865522569464,3.1832
8391,16,195,12.19,8.4,0,corps,6.952388958979839,3.2432
8392,16,142,8.88,8.4,0,corps,6.950913133487468,3.9858
8393,20,160,8.00,10.2,0,corps,6.9494380457233955,3.9032
8394,19,200,10.53,9.8,0,corps,6.947963695318851,2.7602
8395,22,184,8.36,11.1,0,corps,6.946490081905246,4.8161
8396,10,109,10.90,5.8,0,corps,6.9450172051141745,4.8240
8397,22,167,7.59,11.1,0,corps,6.943545064577422,2.8147
8398,11,91,8.27,6.2,0,corps,6.942073659926951,6.8965
8399,23,204,8.87,11.6,0,corps,6.94060299079491,2.7340
8400,18,136,7.56,9.3,0,corps,6.93913305681363,2.1081
8401,2,21,10.50,2.2,0,corps,6.937663857615632,1.2690
8402,14,118,8.43,7.6,0,corps,6.936195392833613,7.6444
8403,18,165,9.17,9.3,0,corps,6.934727662100455,5.0744
8404,35,330,9.43,16.9,0,corps,6.933260665049231,3.8086
8405,6,44,7.33,4.0,0,corps,6.931794401313189,10.0486
8406,24,230,9.58,12.0,0,corps,6.930328870525759,5.8524
8407,20,166,8.30,10.2,0,corps,6.928864072320565,3.4186
8408,34,347,10.21,16.4,0,corps,6.927400006331405,2.6621
8409,34,337,9.91,16.4,0,corps,6.925936672192258,4.2915
8410,23,263,11.43,11.6,0,corps,6.924474069537297,4.2639
8411,19,178,9.37,9.8,0,corps,6.923012198000869,4.5226
8412,32,276,8.62,15.6,0,corps,6.921551057217504,4.7652
8413,29,301,10.38,14.2,0,corps,6.920090646821919,2.5677
8414,36,316,8.78,17.3,0,corps,6.9186309664490135,5.0209
8415,13,111,8.54,7.1,0,corps,6.917172015733862,5.0778
8416,14,130,9.29,7.6,0,corps,6.915713794311729,3.6068
8417,17,139,8.18,8.9,0,corps,6.914256301818061,5.3367
8418,22,195,8.86,11.1,0,corps,6.9127995378884854,2.9885
8419,25,216,8.64,12.4,0,corps,6.911343502158805,3.8008
8420,22,216,9.82,11.1,0,corps,6.90988819426502,2.4517
8421,13,119,9.15,7.1,0,corps,6.908433613843297,1.4512
8422,38,364,9.58,18.2,0,corps,6.906979760529991,6.5940
8423,28,233,8.32,13.8,0,corps,6.905526633961641,2.4788
8424,19,180,9.47,9.8,0,corps,6.904074233774966,3.4785
8425,37,325,8.78,17.8,0,corps,6.902622559606862,3.7170
8426,18,149,8.28,9.3,0,corps,6.901171611094416,3.9587
8427,19,202,10.63,9.8,0,corps,6.899721387874888,3.2890
8428,32,310,9.69,15.6,0,corps,6.898271889585718,4.1253
8429,28,265,9.46,13.8,0,corps,6.89682311586454,2.0253
8430,15,144,9.60,8.0,0,corps,6.895375066349155,5.4886
8431,17,156,9.18,8.9,0,corps,6.893927740677551,4.2959
8432,17,151,8.88,8.9,0,corps,6.892481138487895,4.7292
8433,9,79,8.78,5.3,0,corps,6.891035259418543,2.0349
8434,23,229,9.96,11.6,0,corps,6.889590103108019,3.9948
8435,39,406,10.41,18.7,0,corps,6.888145669195033,4.1004
8436,18,211,11.72,9.3,0,corps,6.886701957318484,2.0131
8437,21,225,10.71,10.7,0,corps,6.885258967117437,4.6412
8438,25,202,8.08,12.4,0,corps,6.883816698231146,3.5212
8439,28,208,7.43,13.8,0,corps,6.882375150299048,2.7292
8440,17,127,7.47,8.9,0,corps,6.88093432296075,2.5121
8441,26,255,9.81,12.9,0,corps,6.879494215856045,2.7517
8442,12,102,8.50,6.7,0,corps,6.878054828624913,4.9761
8443,25,242,9.68,12.4,0,corps,6.876616160907504,2.5032
8444,28,254,9.07,13.8,0,corps,6.875178212344146,1.6667
8445,19,179,9.42,9.8,0,corps,6.87374098257536,3.5429
8446,27,211,7.81,13.3,0,corps,6.872304471241833,4.2631
8447,9,80,8.89,5.3,0,corps,6.87086867798444,1.7376
8448,23,217,9.43,11.6,0,corps,6.869433602444228,2.9743
8449,12,100,8.33,6.7,0,corps,6.867999244262435,3.4872
8450,18,171,9.50,9.3,0,corps,6.866565603080469,2.7863
8451,34,313,9.21,16.4,0,corps,6.865132678539913,2.9711
8452,11,86,7.82,6.2,0,corps,6.863700470282547,2.6088
8453,21,157,7.48,10.7,0,corps,6.862268977950311,1.8288
8454,5,42,8.40,3.6,0,corps,6.8608382011853335,1.5454
8455,20,194,9.70,10.2,0,corps,6.859408139629923,3.4457
8456,25,262,10.48,12.4,0,corps,6.857978792926563,4.8281
8457,26,242,9.31,12.9,0,corps,6.856550160717914,3.1044
8458,34,300,8.82,16.4,0,corps,6.8551222426468215,3.9821
8459,34,297,8.74,16.4,0,corps,6.853695038356306,5.7520
8460,26,243,9.35,12.9,0,corps,6.85226854748956,3.2981
8461,26,224,8.62,12.9,0,corps,6.8508427696899705,5.5046
8462,21,199,9.48,10.7,0,corps,6.849417704601087,3.7005
8463,20,195,9.75,10.2,0,corps,6.847993351866645,4.1258
8464,22,214,9.73,11.1,0,corps,6.846569711130552,3.6202
8465,39,388,9.95,18.7,0,corps,6.845146782036907,4.0128
8466,12,93,7.75,6.7,0,corps,6.843724564229969,3.6799
8467,28,272,9.71,13.8,0,corps,6.8423030573541865,4.1230
8468,11,107,9.73,6.2,0,corps,6.840882261054185,2.7591
8469,15,151,10.07,8.0,0,corps,6.839462174974765,3.1994
8470,23,228,9.91,11.6,0,corps,6.838042798760899,2.8368
8471,13,122,9.38,7.1,0,corps,6.83662413205775,2.3903
8472,17,161,9.47,8.9,0,corps,6.83520617451065,2.3718
8473,30,324,10.80,14.7,0,corps,6.833788925765106,3.2350
8474,23,237,10.30,11.6,0,corps,6.832372385466809,2.7731
8475,19,155,8.16,9.8,0,corps,6.8309565532616245,2.7479
8476,19,178,9.37,9.8,0,corps,6.829541428795589,5.2085
8477,24,281,11.71,12.0,0,corps,6.82812701171493,5.4424
8478,15,155,10.33,8.0,0,corps,6.826713301666038,1.4738
8479,22,202,9.18,11.1,0,corps,6.8253002982954865,4.4186
8480,12,116,9.67,6.7,0,corps,6.823888001250021,4.4401
8481,33,352,10.67,16.0,0,corps,6.822476410176573,5.1536
8482,18,169,9.39,9.3,0,corps,6.821065524722242,1.4693
8483,22,205,9.32,11.1,0,corps,6.819655344534306,2.0528
8484,23,233,10.13,11.6,0,corps,6.818245869260221,2.5877
8485,20,199,9.95,10.2,0,corps,6.81683709854762,3.6473
8486,20,191,9.55,10.2,0,corps,6.815429032044305,4.4357
8487,24,250,10.42,12.0,0,corps,6.814021669398265,2.6051
8488,27,231,8.56,13.3,0,corps,6.812615010257657,3.6250
8489,27,249,9.22,13.3,0,corps,6.811209054270814,5.1752
8490,25,279,11.16,12.4,0,corps,6.809803801086252,3.0026
8491,30,314,10.47,14.7,0,corps,6.808399250352654,4.9045
8492,17,149,8.76,8.9,0,corps,6.806995401718882,4.2925
8493,17,162,9.53,8.9,0,corps,6.805592254833977,1.0875
8494,45,445,9.89,21.3,0,corps,6.80418980934715,3.8151
8495,16,141,8.81,8.4,0,corps,6.80278806490779,5.5175
8496,23,212,9.22,11.6,0,corps,6.801387021165459,1.5754
8497,34,351,10.32,16.4,0,corps,6.799986677769898,2.3180
8498,24,228,9.50,12.0,0,corps,6.798587034371023,2.7177
8499,16,137,8.56,8.4,0,corps,6.797188090618919,5.5316
8500,39,416,10.67,18.7,0,corps,6.795789846163855,2.7616
8501,21,187,8.90,10.7,0,corps,6.794392300656265,2.5012
8502,8,68,8.50,4.9,0,corps,6.792995453746764,10.5879
8503,25,226,9.04,12.4,0,corps,6.791599305086144,2.7167
8504,28,245,8.75,13.8,0,corps,6.790203854325363,2.8804
8505,15,134,8.93,8.0,0,corps,6.788809101115559,4.3468
8506,30,303,10.10,14.7,0,corps,6.7874150451080455,3.5323
8507,12,122,10.17,6.7,0,corps,6.786021685954309,4.2520
8508,19,189,9.95,9.8,0,corps,6.7846290233060085,2.6910
8509,7,59,8.43,4.4,0,corps,6.7832370568149765,8.5587
8510,28,249,8.89,13.8,0,corps,6.781845786133226,3.2458
8511,34,375,11.03,16.4,0,corps,6.780455210912933,4.1763
8512,29,307,10.59,14.2,0,corps,6.779065330806458,3.1159
8513,28,286,10.21,13.8,0,corps,6.777676145466333,3.8538
8514,32,239,7.47,15.6,0,corps,6.776287654545257,2.1401
8515,46,495,10.76,21.8,0,corps,6.774899857696108,4.1208
8516,24,238,9.92,12.0,0,corps,6.773512754571939,3.2861
8517,44,466,10.59,20.9,0,corps,6.772126344825974,3.1007
8518,24,208,8.67,12.0,0,corps,6.770740628111607,3.8758
8519,22,207,9.41,11.1,0,corps,6.769355604082413,3.3964
8520,27,255,9.44,13.3,0,corps,6.767971272392137,4.8062
8521,43,473,11.00,20.4,0,corps,6.766587632694689,4.2439
8522,38,424,11.16,18.2,0,corps,6.765204684644166,2.8548
8523,26,257,9.88,12.9,0,corps,6.763822427894829,3.1733
8524,23,251,10.91,11.6,0,corps,6.762440862101114,3.8158
8525,14,109,7.79,7.6,0,corps,6.761059986917625,1.8109
8526,32,371,11.59,15.6,0,corps,6.759679801999151,1.9900
8527,13,114,8.77,7.1,0,corps,6.758300307000642,1.9724
8528,21,170,8.10,10.7,0,corps,6.756921501577221,4.2389
8529,31,294,9.48,15.1,0,corps,6.7555433853841915,3.4723
8530,28,299,10.68,13.8,0,corps,6.754165958077023,2.3220
8531,13,109,8.38,7.1,0,corps,6.752789219311356,1.5003
8532,38,446,11.74,18.2,0,corps,6.751413168743012,4.2007
8533,23,238,10.35,11.6,0,corps,6.750037806027972,4.5351
8534,10,104,10.40,5.8,0,corps,6.748663130822398,4.7728
8535,11,96,8.73,6.2,0,corps,6.7472891427826225,1.8782
8536,41,421,10.27,19.6,0,corps,6.745915841565147,4.0433
8537,16,202,12.62,8.4,0,corps,6.744543226826644,2.7309
8538,26,243,9.35,12.9,0,corps,6.743171298223963,2.1236
8539,16,150,9.38,8.4,0,corps,6.741800055414121,4.0272
8540,26,276,10.62,12.9,0,corps,6.740429498054308,1.7885
8541,35,313,8.94,16.9,0,corps,6.739059625801882,3.9276
8542,12,121,10.08,6.7,0,corps,6.737690438314378,4.8952
8543,14,118,8.43,7.6,0,corps,6.736321935249498,4.9983
8544,28,261,9.32,13.8,0,corps,6.734954116265114,3.3505
8545,15,196,13.07,8.0,0,corps,6.733586981019276,3.0634
8546,40,474,11.85,19.1,0,corps,6.732220529170196,3.1776
8547,7,63,9.00,4.4,0,corps,6.730854760376262,6.8298
8548,26,282,10.85,12.9,0,corps,6.729489674296034,1.7755
8549,17,152,8.94,8.9,0,corps,6.728125270588239,4.5461
8550,24,245,10.21,12.0,0,corps,6.726761548911774,2.4167
8551,15,126,8.40,8.0,0,corps,6.725398508925712,1.6836
8552,34,273,8.03,16.4,0,corps,6.72403615028929,3.7513
8553,21,170,8.10,10.7,0,corps,6.722674472661919,2.6997
8554,14,122,8.71,7.6,0,corps,6.721313475703184,3.3693
8555,33,316,9.58,16.0,0,corps,6.719953159072831,3.3594
8556,25,245,9.80,12.4,0,corps,6.718593522430781,3.5943
8557,10,105,10.50,5.8,0,corps,6.717234565437123,4.1579
8558,44,412,9.36,20.9,0,corps,6.715876287752125,3.8922
8559,33,297,9.00,16.0,0,corps,6.714518689036211,4.5853
8560,31,322,10.39,15.1,0,corps,6.713161768949982,3.1168
8561,33,335,10.15,16.0,0,corps,6.711805527154212,3.2783
8562,16,141,8.81,8.4,0,corps,6.710449963309838,5.0493
8563,31,270,8.71,15.1,0,corps,6.709095077077966,2.8879
8564,23,211,9.17,11.6,0,corps,6.707740868119879,4.3663
8565,34,309,9.09,16.4,0,corps,6.706387336097025,2.8339
8566,35,351,10.03,16.9,0,corps,6.705034480671015,3.6271
8567,14,131,9.36,7.6,0,corps,6.703682301503644,3.8714
8568,30,317,10.57,14.7,0,corps,6.70233079825686,2.6657
8569,14,139,9.93,7.6,0,corps,6.700979970592788,2.2600
8570,28,243,8.68,13.8,0,corps,6.699629818173726,4.2521
8571,24,236,9.83,12.0,0,corps,6.698280340662131,2.3034
8572,23,218,9.48,11.6,0,corps,6.696931537720636,2.7668
8573,17,174,10.24,8.9,0,corps,6.695583409012038,2.9419
8574,26,231,8.88,12.9,0,corps,6.694235954199308,2.9880
8575,25,234,9.36,12.4,0,corps,6.692889172945581,2.7205
8576,20,185,9.25,10.2,0,corps,6.691543064914157,2.9441
8577,26,302,11.62,12.9,0,corps,6.690197629768519,3.3728
8578,13,118,9.08,7.1,0,corps,6.688852867172298,5.6609
8579,31,285,9.19,15.1,0,corps,6.687508776789308,2.5229
8580,18,160,8.89,9.3,0,corps,6.68616535828353,3.0006
8581,23,180,7.83,11.6,0,corps,6.684822611319103,3.6903
8582,15,118,7.87,8.0,0,corps,6.683480535560342,4.0522
8583,19,165,8.68,9.8,0,corps,6.68213913067173,4.3710
8584,2,23,11.50,2.2,0,corps,6.6807983963179165,1.8988
8585,15,153,10.20,8.0,0,corps,6.679458332163712,4.0168
8586,15,154,10.27,8.0,0,corps,6.678118937874107,3.2198
8587,23,219,9.52,11.6,0,corps,6.67678021311425,3.2197
8588,14,119,8.50,7.6,0,corps,6.675442157549462,3.3980
8589,15,142,9.47,8.0,0,corps,6.674104770845224,2.5278
8590,18,169,9.39,9.3,0,corps,6.672768052667194,3.2392
8591,26,237,9.12,12.9,0,corps,6.671432002681192,5.5363
8592,31,275,8.87,15.1,0,corps,6.670096620553203,2.6050
8593,29,278,9.59,14.2,0,corps,6.668761905949385,4.0044
8594,31,290,9.35,15.1,0,corps,6.6674278585360565,5.2827
8595,37,406,10.97,17.8,0,corps,6.666094477979705,2.7195
8596,13,135,10.38,7.1,0,corps,6.664761763946989,3.4942
8597,25,212,8.48,12.4,0,corps,6.6634297161047265,4.3350
8598,29,272,9.38,14.2,0,corps,6.662098334119906,2.6812
8599,15,129,8.60,8.0,0,corps,6.660767617659685,1.5578
8600,30,275,9.17,14.7,0,corps,6.659437566391382,5.0580
8601,25,207,8.28,12.4,0,corps,6.6581081799824835,2.6248
8602,12,134,11.17,6.7,0,corps,6.656779458100645,2.9408
8603,21,196,9.33,10.7,0,corps,6.6554514004136855,2.8088
8604,26,248,9.54,12.9,0,corps,6.654124006589591,4.0471
8605,19,228,12.00,9.8,0,corps,6.652797276296507,2.3402
8606,16,113,7.06,8.4,0,corps,6.651471209202758,6.2705
8607,34,370,10.88,16.4,0,corps,6.650145804976828,5.7251
8608,13,149,11.46,7.1,0,corps,6.6488210632873574,4.2639
8609,36,395,10.97,17.3,0,corps,6.647496983803171,3.2235
8610,14,133,9.50,7.6,0,corps,6.646173566193244,4.3861
8611,21,208,9.90,10.7,0,corps,6.64485081012672,1.9926
8612,24,192,8.00,12.0,0,corps,6.6435287152729146,3.2281
8613,26,236,9.08,12.9,0,corps,6.642207281301301,4.6809
8614,25,225,9.00,12.4,0,corps,6.64088650788152,4.3447
8615,21,202,9.62,10.7,0,corps,6.639566394683383,3.5093
8616,32,346,10.81,15.6,0,corps,6.638246941376856,3.6797
8617,12,91,7.58,6.7,0,corps,6.636928147632077,5.4472
8618,28,318,11.36,13.8,0,corps,6.635610013119352,5.3443
8619,16,174,10.88,8.4,0,corps,6.634292537509142,3.7213
8620,40,494,12.35,19.1,0,corps,6.632975720472081,4.6453
8621,13,130,10.00,7.1,0,corps,6.631659561678963,1.2022
8622,24,299,12.46,12.0,0,corps,6.630344060800749,2.2766
8623,15,142,9.47,8.0,0,corps,6.629029217508566,4.4869
8624,26,207,7.96,12.9,0,corps,6.627715031473697,3.0932
8625,28,295,10.54,13.8,0,corps,6.626401502367601,3.0978
8626,21,235,11.19,10.7,0,corps,6.625088629861898,2.3950
8627,10,83,8.30,5.8,0,corps,6.623776413628361,4.8788
8628,45,456,10.13,21.3,0,corps,6.622464853338944,4.2288
8629,24,192,8.00,12.0,0,corps,6.621153948665754,1.5143
8630,16,162,10.12,8.4,0,corps,6.619843699281063,3.5510
8631,11,75,6.82,6.2,0,corps,6.6185341048573125,4.1457
8632,33,309,9.36,16.0,0,corps,6.617225165067101,2.6252
8633,31,270,8.71,15.1,0,corps,6.615916879583194,4.2805
8634,24,209,8.71,12.0,0,corps,6.614609248078521,3.2373
8635,17,141,8.29,8.9,0,corps,6.613302270226173,3.6429
8636,30,289,9.63,14.7,0,corps,6.611995945699409,4.9376
8637,19,160,8.42,9.8,0,corps,6.610690274171641,3.3182
8638,15,140,9.33,8.0,0,corps,6.609385255316457,4.0761
8639,34,341,10.03,16.4,0,corps,6.608080888807601,4.8918
8640,15,137,9.13,8.0,0,corps,6.606777174318978,2.7897
8641,24,196,8.17,12.0,0,corps,6.605474111524666,2.7921
8642,39,429,11.00,18.7,0,corps,6.6041717000988935,2.8912
8643,34,294,8.65,16.4,0,corps,6.602869939716058,2.4372
8644,22,189,8.59,11.1,0,corps,6.6015688300507245,2.8580
8645,19,147,7.74,9.8,0,corps,6.600268370777611,3.1106
8646,18,182,10.11,9.3,0,corps,6.598968561571601,2.7085
8647,21,194,9.24,10.7,0,corps,6.597669402107748,3.4622
8648,19,149,7.84,9.8,0,corps,6.596370892061258,8.5170
8649,24,191,7.96,12.0,0,corps,6.595073031107507,2.5935
8650,23,201,8.74,11.6,0,corps,6.593775818922023,2.6470
8651,14,111,7.93,7.6,0,corps,6.592479255180509,2.4917
8652,24,215,8.96,12.0,0,corps,6.591183339558823,4.9190
8653,8,60,7.50,4.9,0,corps,6.589888071732982,2.9123
8654,2,17,8.50,2.2,0,corps,6.588593451379177,2.5801
8655,29,260,8.97,14.2,0,corps,6.5872994781737475,2.0245
8656,37,370,10.00,17.8,0,corps,6.586006151793199,4.8628
8657,18,177,9.83,9.3,0,corps,6.584713471914203,2.2095
8658,11,117,10.64,6.2,0,corps,6.583421438213589,3.2920
8659,14,166,11.86,7.6,0,corps,6.582130050368345,2.5576
8660,19,170,8.95,9.8,0,corps,6.58083930805563,2.8493
8661,20,176,8.80,10.2,0,corps,6.579549210952757,6.4677
8662,21,177,8.43,10.7,0,corps,6.578259758737197,3.2572
8663,23,227,9.87,11.6,0,corps,6.576970951086592,2.3768
8664,14,117,8.36,7.6,0,corps,6.575682787678739,3.6212
8665,17,153,9.00,8.9,0,corps,6.574395268191593,3.7769
8666,34,318,9.35,16.4,0,corps,6.573108392303278,4.4152
8667,20,176,8.80,10.2,0,corps,6.571822159692077,1.8938
8668,27,243,9.00,13.3,0,corps,6.570536570036428,3.4230
8669,15,125,8.33,8.0,0,corps,6.569251623014933,4.3796
8670,11,81,7.36,6.2,0,corps,6.567967318306361,4.0451
8671,22,210,9.55,11.1,0,corps,6.566683655589631,3.2975
8672,3,24,8.00,2.7,0,corps,6.565400634543825,1.8506
8673,17,156,9.18,8.9,0,corps,6.564118254848195,3.7394
8674,16,140,8.75,8.4,0,corps,6.56283651618214,2.5723
8675,11,103,9.36,6.2,0,corps,6.561555418225226,5.6291
8676,17,151,8.88,8.9,0,corps,6.560274960657182,3.4800
8677,16,142,8.88,8.4,0,corps,6.558995143157892,4.0321
8678,15,136,9.07,8.0,0,corps,6.557715965407398,2.5958
8679,16,135,8.44,8.4,0,corps,6.556437427085912,3.8286
