n_game,score,steps,pas_pomme,fill_pct,victoire,cause,eps,loss
1,2,508,254.00,2.2,0,corps,199.90202449591717,0.2004
2,2,420,210.00,2.2,0,corps,199.8040979673415,0.2502
3,2,383,191.50,2.2,0,corps,199.70622038979133,0.2536
4,2,274,137.00,2.2,0,corps,199.60839173879728,0.3527
5,2,471,235.50,2.2,0,corps,199.51061198990217,0.2153
6,2,278,139.00,2.2,0,corps,199.41288111866112,0.3334
7,2,251,125.50,2.2,0,corps,199.3151991006413,0.3821
8,2,220,110.00,2.2,0,corps,199.21756591142233,0.4139
9,2,318,159.00,2.2,0,corps,199.11998152659584,0.2990
10,2,460,230.00,2.2,0,corps,199.02244592176575,0.2105
11,0,445,445.00,1.3,0,famine_truncated,198.92495907254815,0.0102
12,2,158,79.00,2.2,0,corps,198.82752095457133,0.5389
13,2,402,201.00,2.2,0,corps,198.73013154347575,0.2270
14,0,445,445.00,1.3,0,famine_truncated,198.63279081491407,0.0082
15,2,488,244.00,2.2,0,corps,198.53549874455112,0.1973
16,4,445,111.25,3.1,0,corps,198.4382553080639,0.3405
17,0,445,445.00,1.3,0,famine_truncated,198.34106048114148,0.0110
18,2,335,167.50,2.2,0,corps,198.2439142394852,0.2753
19,1,788,788.00,1.8,0,famine_truncated,198.14681655880847,0.0412
20,2,262,131.00,2.2,0,corps,198.04976741483696,0.3360
21,2,306,153.00,2.2,0,corps,197.95276678330828,0.3027
22,2,49,24.50,2.2,0,corps,197.85581463997227,1.7938
23,2,296,148.00,2.2,0,corps,197.75891096059095,0.2849
24,2,424,212.00,2.2,0,corps,197.66205572093838,0.1998
25,2,462,231.00,2.2,0,corps,197.56524889680077,0.1656
26,0,445,445.00,1.3,0,famine_truncated,197.46849046397637,0.0137
27,2,201,100.50,2.2,0,corps,197.3717803982756,0.4360
28,0,445,445.00,1.3,0,famine_truncated,197.27511867552093,0.0126
29,2,116,58.00,2.2,0,corps,197.17850527154695,0.7325
30,2,658,329.00,2.2,0,corps,197.08194016220028,0.1265
31,2,345,172.50,2.2,0,corps,196.98542332333966,0.2318
32,1,736,736.00,1.8,0,famine_truncated,196.8889547308359,0.0586
33,2,461,230.50,2.2,0,corps,196.79253436057178,0.1630
34,0,445,445.00,1.3,0,famine_truncated,196.6961621884423,0.0142
35,2,288,144.00,2.2,0,corps,196.59983819035435,0.2555
36,2,107,53.50,2.2,0,corps,196.50356234222696,0.6936
37,2,117,58.50,2.2,0,corps,196.4073346199911,0.5585
38,2,393,196.50,2.2,0,corps,196.31115499958997,0.1794
39,2,293,146.50,2.2,0,corps,196.21502345697857,0.2252
40,0,445,445.00,1.3,0,famine_truncated,196.11893996812404,0.0202
41,2,360,180.00,2.2,0,corps,196.0229045090055,0.2073
42,0,445,445.00,1.3,0,famine_truncated,195.92691705561407,0.0179
43,2,344,172.00,2.2,0,corps,195.83097758395294,0.1658
44,1,750,750.00,1.8,0,famine_truncated,195.73508607003717,0.0625
45,1,457,457.00,1.8,0,famine_truncated,195.63924248989392,0.0868
46,1,491,491.00,1.8,0,famine_truncated,195.5434468195623,0.0771
47,2,506,253.00,2.2,0,corps,195.4476990350934,0.1330
48,0,445,445.00,1.3,0,famine_truncated,195.3519991125502,0.0214
49,2,585,292.50,2.2,0,corps,195.25634702800784,0.1144
50,2,285,142.50,2.2,0,corps,195.1607427575532,0.2218
51,1,709,709.00,1.8,0,famine_truncated,195.06518627728525,0.0632
52,2,409,204.50,2.2,0,corps,194.96967756331486,0.1718
53,2,318,159.00,2.2,0,corps,194.87421659176488,0.2081
54,0,445,445.00,1.3,0,famine_truncated,194.77880333877,0.0268
55,0,445,445.00,1.3,0,famine_truncated,194.683437780477,0.0189
56,2,88,44.00,2.2,0,corps,194.5881198930444,0.7604
57,0,445,445.00,1.3,0,famine_truncated,194.49284965264278,0.0225
58,2,363,181.50,2.2,0,corps,194.39762703545455,0.1818
59,2,364,182.00,2.2,0,corps,194.30245201767406,0.1804
60,2,312,156.00,2.2,0,corps,194.2073245755076,0.2044
61,2,455,227.50,2.2,0,corps,194.11224468517327,0.1424
62,2,382,191.00,2.2,0,corps,194.0172123229011,0.1539
63,1,577,577.00,1.8,0,famine_truncated,193.92222746493297,0.0587
64,1,630,630.00,1.8,0,famine_truncated,193.82729008752273,0.0635
65,2,454,227.00,2.2,0,corps,193.73240016693597,0.1202
66,0,445,445.00,1.3,0,famine_truncated,193.63755767945028,0.0132
67,0,445,445.00,1.3,0,famine_truncated,193.54276260135498,0.0225
68,2,257,128.50,2.2,0,corps,193.44801490895128,0.2283
69,2,543,271.50,2.2,0,corps,193.35331457855233,0.1097
70,2,127,63.50,2.2,0,corps,193.25866158648302,0.4457
71,2,366,183.00,2.2,0,corps,193.1640559090801,0.2013
72,2,396,198.00,2.2,0,corps,193.0694975226921,0.1559
73,2,117,58.50,2.2,0,corps,192.9749864036795,0.5183
74,1,526,526.00,1.8,0,famine_truncated,192.88052252841447,0.0680
75,2,68,34.00,2.2,0,corps,192.78610587328106,0.7131
76,3,52,17.33,2.7,0,corps,192.6917364146751,1.3233
77,1,569,569.00,1.8,0,famine_truncated,192.59741412900425,0.0648
78,2,91,45.50,2.2,0,corps,192.50313899268787,0.5189
79,1,562,562.00,1.8,0,famine_truncated,192.40891098215724,0.0550
80,0,445,445.00,1.3,0,famine_truncated,192.31473007385534,0.0199
81,0,445,445.00,1.3,0,famine_truncated,192.22059624423696,0.0342
82,2,490,245.00,2.2,0,corps,192.1265094697686,0.1533
83,2,134,67.00,2.2,0,corps,192.03246972692855,0.4206
84,2,91,45.50,2.2,0,corps,191.93847699220697,0.5926
85,2,88,44.00,2.2,0,corps,191.8445312421056,0.7698
86,2,285,142.50,2.2,0,corps,191.75063245313802,0.2074
87,1,858,858.00,1.8,0,famine_truncated,191.65678060182952,0.0806
88,2,568,284.00,2.2,0,corps,191.56297566471713,0.1456
89,2,217,108.50,2.2,0,corps,191.46921761834966,0.2583
90,3,168,56.00,2.7,0,corps,191.3755064392876,0.3939
91,2,407,203.50,2.2,0,corps,191.28184210410308,0.1795
92,2,78,39.00,2.2,0,corps,191.18822458938007,0.7907
93,2,453,226.50,2.2,0,corps,191.09465387171417,0.1637
94,2,719,359.50,2.2,0,corps,191.00112992771275,0.1288
95,2,381,190.50,2.2,0,corps,190.90765273399478,0.1695
96,2,93,46.50,2.2,0,corps,190.81422226719093,0.5505
97,2,213,106.50,2.2,0,corps,190.72083850394364,0.2634
98,1,482,482.00,1.8,0,famine_truncated,190.62750142090695,0.0928
99,2,117,58.50,2.2,0,corps,190.5342109947466,0.4425
100,1,818,818.00,1.8,0,famine_truncated,190.44096720213994,0.0855
101,2,214,107.00,2.2,0,corps,190.34777001977608,0.2297
102,3,471,157.00,2.7,0,corps,190.2546194243557,0.2288
103,2,263,131.50,2.2,0,corps,190.16151539259113,0.2336
104,2,207,103.50,2.2,0,corps,190.06845790120636,0.3071
105,1,580,580.00,1.8,0,famine_truncated,189.97544692693705,0.1091
106,0,445,445.00,1.3,0,famine_truncated,189.88248244653045,0.1217
107,2,76,38.00,2.2,0,corps,189.78956443674542,0.6806
108,1,701,701.00,1.8,0,famine_truncated,189.69669287435246,0.1108
109,2,152,76.00,2.2,0,corps,189.6038677361337,0.3182
110,2,540,270.00,2.2,0,corps,189.51108899888283,0.1980
111,2,227,113.50,2.2,0,corps,189.4183566394052,0.3301
112,2,454,227.00,2.2,0,corps,189.32567063451765,0.1498
113,2,264,132.00,2.2,0,corps,189.23303096104874,0.2146
114,2,433,216.50,2.2,0,corps,189.1404375958386,0.2204
115,2,186,93.00,2.2,0,corps,189.04789051573874,0.2085
116,2,169,84.50,2.2,0,corps,188.95538969761253,0.3466
117,2,192,96.00,2.2,0,corps,188.86293511833466,0.2737
118,2,482,241.00,2.2,0,corps,188.77052675479155,0.1876
119,0,445,445.00,1.3,0,famine_truncated,188.6781645838811,0.0724
120,2,351,175.50,2.2,0,corps,188.58584858251274,0.1925
121,2,323,161.50,2.2,0,corps,188.4935787276075,0.2526
122,1,672,672.00,1.8,0,famine_truncated,188.4013549960979,0.1585
123,2,315,157.50,2.2,0,corps,188.30917736492802,0.1381
124,2,277,138.50,2.2,0,corps,188.21704581105342,0.2080
125,0,445,445.00,1.3,0,famine_truncated,188.12496031144127,0.1680
126,3,430,143.33,2.7,0,corps,188.03292084307012,0.2774
127,2,151,75.50,2.2,0,corps,187.94092738293017,0.3132
128,2,371,185.50,2.2,0,corps,187.84897990802298,0.2468
129,2,422,211.00,2.2,0,corps,187.75707839536176,0.2150
130,3,169,56.33,2.7,0,corps,187.66522282197107,0.4352
131,2,306,153.00,2.2,0,corps,187.57341316488706,0.2747
132,2,364,182.00,2.2,0,corps,187.4816494011573,0.2722
133,2,240,120.00,2.2,0,corps,187.38993150784083,0.3027
134,2,354,177.00,2.2,0,corps,187.29825946200822,0.1891
135,2,443,221.50,2.2,0,corps,187.20663324074138,0.2440
136,2,189,94.50,2.2,0,corps,187.11505282113384,0.2728
137,0,445,445.00,1.3,0,famine_truncated,187.0235181802905,0.1658
138,2,117,58.50,2.2,0,corps,186.9320292953276,0.3794
139,2,356,178.00,2.2,0,corps,186.84058614337297,0.2331
140,2,151,75.50,2.2,0,corps,186.74918870156588,0.3360
141,5,430,86.00,3.6,0,corps,186.65783694705686,0.5135
142,2,150,75.00,2.2,0,corps,186.56653085700805,0.5183
143,3,343,114.33,2.7,0,corps,186.4752704085929,0.3185
144,2,306,153.00,2.2,0,corps,186.38405557899634,0.1878
145,2,229,114.50,2.2,0,corps,186.2928863454146,0.3006
146,2,561,280.50,2.2,0,corps,186.20176268505537,0.2748
147,0,445,445.00,1.3,0,famine_truncated,186.11068457513778,0.2335
148,2,464,232.00,2.2,0,corps,186.0196519928923,0.2294
149,0,445,445.00,1.3,0,famine_truncated,185.92866491556074,0.1694
150,2,236,118.00,2.2,0,corps,185.83772332039638,0.2945
151,2,73,36.50,2.2,0,corps,185.74682718466377,1.1691
152,3,144,48.00,2.7,0,corps,185.65597648563892,0.7220
153,2,157,78.50,2.2,0,corps,185.56517120060914,0.4858
154,2,263,131.50,2.2,0,corps,185.47441130687307,0.3102
155,2,192,96.00,2.2,0,corps,185.38369678174084,0.4489
156,2,159,79.50,2.2,0,corps,185.2930276025337,0.4830
157,4,339,84.75,3.1,0,corps,185.20240374658442,0.4932
158,3,304,101.33,2.7,0,corps,185.11182519123702,0.2983
159,2,41,20.50,2.2,0,corps,185.02129191384685,1.4934
160,3,181,60.33,2.7,0,corps,184.9308038917806,0.5571
161,2,258,129.00,2.2,0,corps,184.8403611024163,0.3643
162,2,57,28.50,2.2,0,corps,184.74996352314318,0.9026
163,2,336,168.00,2.2,0,corps,184.65961113136188,0.3110
164,1,831,831.00,1.8,0,famine_truncated,184.56930390448434,0.2044
165,2,197,98.50,2.2,0,corps,184.47904181993368,0.4402
166,2,279,139.50,2.2,0,corps,184.38882485514443,0.3102
167,1,795,795.00,1.8,0,famine_truncated,184.29865298756235,0.2156
168,2,370,185.00,2.2,0,corps,184.20852619464443,0.4207
169,2,662,331.00,2.2,0,corps,184.118444453859,0.2575
170,2,108,54.00,2.2,0,corps,184.02840774268566,0.9296
171,3,223,74.33,2.7,0,corps,183.93841603861514,0.3880
172,4,292,73.00,3.1,0,corps,183.8484693191496,0.4741
173,2,160,80.00,2.2,0,corps,183.75856756180232,0.4212
174,2,182,91.00,2.2,0,corps,183.66871074409787,0.3164
175,2,308,154.00,2.2,0,corps,183.578898843572,0.3688
176,2,170,85.00,2.2,0,corps,183.48913183777182,0.4492
177,2,38,19.00,2.2,0,corps,183.39940970425553,0.7703
178,2,165,82.50,2.2,0,corps,183.30973242059258,0.4639
179,2,601,300.50,2.2,0,corps,183.2200999643637,0.3580
180,2,720,360.00,2.2,0,corps,183.13051231316072,0.2528
181,2,102,51.00,2.2,0,corps,183.04096944458678,0.6488
182,2,60,30.00,2.2,0,corps,182.95147133625608,0.6241
183,2,223,111.50,2.2,0,corps,182.8620179657942,0.4399
184,2,57,28.50,2.2,0,corps,182.7726093108377,0.9180
185,3,215,71.67,2.7,0,corps,182.6832453490345,0.6123
186,2,363,181.50,2.2,0,corps,182.59392605804354,0.3843
187,2,372,186.00,2.2,0,corps,182.50465141553505,0.3887
188,2,534,267.00,2.2,0,corps,182.41542139919034,0.3844
189,3,259,86.33,2.7,0,corps,182.32623598670187,0.4728
190,2,473,236.50,2.2,0,corps,182.23709515577335,0.4189
191,2,290,145.00,2.2,0,corps,182.14799888411957,0.4565
192,2,494,247.00,2.2,0,corps,182.05894714946643,0.3574
193,2,71,35.50,2.2,0,corps,181.96993992955097,0.5822
194,2,431,215.50,2.2,0,corps,181.88097720212144,0.3430
195,2,342,171.00,2.2,0,corps,181.79205894493714,0.3486
196,2,233,116.50,2.2,0,corps,181.7031851357685,0.3467
197,0,445,445.00,1.3,0,famine_truncated,181.61435575239707,0.1865
198,2,130,65.00,2.2,0,corps,181.5255707726155,0.5606
199,2,57,28.50,2.2,0,corps,181.43683017422757,1.0561
200,4,154,38.50,3.1,0,corps,181.34813393504808,1.1154
201,2,299,149.50,2.2,0,corps,181.259482032903,0.3874
202,2,38,19.00,2.2,0,corps,181.17087444562935,0.9380
203,2,188,94.00,2.2,0,corps,181.08231115107526,0.2922
204,2,113,56.50,2.2,0,corps,180.99379212709985,0.3984
205,2,217,108.50,2.2,0,corps,180.90531735157342,0.4132
206,2,181,90.50,2.2,0,corps,180.81688680237724,0.4319
207,2,229,114.50,2.2,0,corps,180.72850045740367,0.2752
208,2,388,194.00,2.2,0,corps,180.64015829455616,0.2559
209,2,165,82.50,2.2,0,corps,180.5518602917491,0.2689
210,2,364,182.00,2.2,0,corps,180.46360642690806,0.3512
211,2,60,30.00,2.2,0,corps,180.37539667796955,1.2558
212,2,357,178.50,2.2,0,corps,180.28723102288112,0.2197
213,2,257,128.50,2.2,0,corps,180.19910943960136,0.3227
214,2,92,46.00,2.2,0,corps,180.11103190609987,0.5473
215,2,143,71.50,2.2,0,corps,180.02299840035732,0.3981
216,2,124,62.00,2.2,0,corps,179.93500890036523,0.6175
217,2,180,90.00,2.2,0,corps,179.8470633841263,0.3334
218,2,52,26.00,2.2,0,corps,179.75916182965415,0.7242
219,2,281,140.50,2.2,0,corps,179.67130421497336,0.3424
220,2,347,173.50,2.2,0,corps,179.58349051811953,0.1822
221,2,327,163.50,2.2,0,corps,179.49572071713925,0.4229
222,2,103,51.50,2.2,0,corps,179.40799479009007,0.7277
223,2,64,32.00,2.2,0,corps,179.3203127150405,0.9150
224,2,215,107.50,2.2,0,corps,179.23267447007,0.5309
225,2,84,42.00,2.2,0,corps,179.14508003326907,0.8897
226,1,491,491.00,1.8,0,famine_truncated,179.05752938273903,0.3543
227,2,716,358.00,2.2,0,corps,178.97002249659226,0.3559
228,2,49,24.50,2.2,0,corps,178.88255935295203,0.9532
229,2,245,122.50,2.2,0,corps,178.79513992995254,0.5193
230,2,59,29.50,2.2,0,corps,178.70776420573895,0.7059
231,2,316,158.00,2.2,0,corps,178.6204321584673,0.5179
232,2,575,287.50,2.2,0,corps,178.53314376630465,0.3129
233,2,234,117.00,2.2,0,corps,178.4458990074288,0.4154
234,2,294,147.00,2.2,0,corps,178.35869786002863,0.3649
235,2,71,35.50,2.2,0,corps,178.2715403023038,0.7642
236,2,485,242.50,2.2,0,corps,178.184426312465,0.3203
237,1,479,479.00,1.8,0,famine_truncated,178.09735586873367,0.2652
238,2,243,121.50,2.2,0,corps,178.0103289493422,0.4712
239,3,306,102.00,2.7,0,corps,177.92334553253392,0.5441
240,3,178,59.33,2.7,0,corps,177.83640559656286,0.7281
241,2,268,134.00,2.2,0,corps,177.74950911969415,0.5750
242,2,259,129.50,2.2,0,corps,177.66265608020362,0.3900
243,2,105,52.50,2.2,0,corps,177.575846456378,0.6330
244,2,225,112.50,2.2,0,corps,177.48908022651491,0.4647
245,2,154,77.00,2.2,0,corps,177.4023573689228,0.3937
246,2,279,139.50,2.2,0,corps,177.3156778619209,0.3670
247,2,160,80.00,2.2,0,corps,177.22904168383937,0.4205
248,2,186,93.00,2.2,0,corps,177.14244881301917,0.5415
249,2,197,98.50,2.2,0,corps,177.0558992278121,0.3531
250,2,144,72.00,2.2,0,corps,176.9693929065807,0.4092
251,2,429,214.50,2.2,0,corps,176.88292982769846,0.4205
252,3,345,115.00,2.7,0,corps,176.79650996954953,0.3087
253,3,171,57.00,2.7,0,corps,176.71013331052902,0.5939
254,2,393,196.50,2.2,0,corps,176.62379982904278,0.3596
255,2,175,87.50,2.2,0,corps,176.53750950350735,0.3805
256,2,102,51.00,2.2,0,corps,176.45126231235017,0.9580
257,2,113,56.50,2.2,0,corps,176.36505823400952,0.7193
258,2,446,223.00,2.2,0,corps,176.27889724693432,0.3236
259,2,370,185.00,2.2,0,corps,176.1927793295843,0.3619
260,2,371,185.50,2.2,0,corps,176.10670446043002,0.2773
261,3,212,70.67,2.7,0,corps,176.02067261795273,0.6648
262,2,238,119.00,2.2,0,corps,175.93468378064455,0.4887
263,2,91,45.50,2.2,0,corps,175.84873792700816,0.7429
264,2,458,229.00,2.2,0,corps,175.76283503555717,0.4938
265,0,445,445.00,1.3,0,famine_truncated,175.6769750848158,0.3012
266,2,73,36.50,2.2,0,corps,175.59115805331913,0.8860
267,3,289,96.33,2.7,0,corps,175.50538391961285,0.6315
268,2,628,314.00,2.2,0,corps,175.41965266225347,0.5381
269,2,303,151.50,2.2,0,corps,175.33396425980814,0.4070
270,2,402,201.00,2.2,0,corps,175.24831869085475,0.4152
271,2,283,141.50,2.2,0,corps,175.16271593398193,0.4531
272,2,251,125.50,2.2,0,corps,175.077155967789,0.6297
273,2,64,32.00,2.2,0,corps,174.9916387708859,0.8892
274,2,64,32.00,2.2,0,corps,174.90616432189344,0.8870
275,2,126,63.00,2.2,0,corps,174.82073259944292,0.8547
276,2,206,103.00,2.2,0,corps,174.73534358217648,0.5386
277,3,272,90.67,2.7,0,corps,174.64999724874679,0.6104
278,3,73,24.33,2.7,0,corps,174.5646935778173,1.1166
279,2,312,156.00,2.2,0,corps,174.4794325480621,0.7984
280,2,501,250.50,2.2,0,corps,174.39421413816595,0.3255
281,2,354,177.00,2.2,0,corps,174.3090383268242,0.4751
282,2,510,255.00,2.2,0,corps,174.2239050927429,0.3616
283,2,192,96.00,2.2,0,corps,174.13881441463877,0.4796
284,2,241,120.50,2.2,0,corps,174.05376627123917,0.4506
285,2,303,151.50,2.2,0,corps,173.96876064128196,0.5116
286,0,445,445.00,1.3,0,famine_truncated,173.88379750351584,0.2937
287,2,424,212.00,2.2,0,corps,173.79887683669995,0.4069
288,2,321,160.50,2.2,0,corps,173.71399861960418,0.5312
289,2,328,164.00,2.2,0,corps,173.62916283100895,0.4499
290,3,93,31.00,2.7,0,corps,173.5443694497053,0.9294
291,2,284,142.00,2.2,0,corps,173.4596184544949,0.6286
292,3,154,51.33,2.7,0,corps,173.37490982418998,0.5683
293,2,96,48.00,2.2,0,corps,173.2902435376134,0.5947
294,2,143,71.50,2.2,0,corps,173.20561957359863,0.6384
295,3,459,153.00,2.7,0,corps,173.12103791098957,0.4642
296,2,122,61.00,2.2,0,corps,173.03649852864092,0.6053
297,2,183,91.50,2.2,0,corps,172.95200140541775,0.6399
298,2,68,34.00,2.2,0,corps,172.86754652019582,0.6705
299,2,181,90.50,2.2,0,corps,172.78313385186138,0.5886
300,2,127,63.50,2.2,0,corps,172.69876337931134,0.5259
301,2,193,96.50,2.2,0,corps,172.61443508145297,0.5306
302,2,354,177.00,2.2,0,corps,172.53014893720427,0.4637
303,1,682,682.00,1.8,0,famine_truncated,172.44590492549366,0.3212
304,2,409,204.50,2.2,0,corps,172.3617030252602,0.3906
305,2,120,60.00,2.2,0,corps,172.27754321545333,0.5140
306,2,46,23.00,2.2,0,corps,172.19342547503317,0.9863
307,2,112,56.00,2.2,0,corps,172.10934978297027,0.7878
308,2,241,120.50,2.2,0,corps,172.02531611824568,0.2970
309,2,245,122.50,2.2,0,corps,171.941324459851,0.2742
310,2,259,129.50,2.2,0,corps,171.85737478678823,0.4606
311,2,348,174.00,2.2,0,corps,171.7734670780701,0.3935
312,3,223,74.33,2.7,0,corps,171.68960131271962,0.6144
313,2,271,135.50,2.2,0,corps,171.60577746977032,0.4544
314,2,142,71.00,2.2,0,corps,171.52199552826627,0.6617
315,2,251,125.50,2.2,0,corps,171.438255467262,0.3738
316,2,107,53.50,2.2,0,corps,171.35455726582242,0.7654
317,2,320,160.00,2.2,0,corps,171.27090090302306,0.3318
318,2,72,36.00,2.2,0,corps,171.18728635794977,1.2300
319,2,104,52.00,2.2,0,corps,171.10371360969899,0.4750
320,2,598,299.00,2.2,0,corps,171.02018263737742,0.2832
321,2,104,52.00,2.2,0,corps,170.93669342010242,0.6540
322,2,150,75.00,2.2,0,corps,170.85324593700162,0.5873
323,2,93,46.50,2.2,0,corps,170.7698401672132,0.7523
324,2,65,32.50,2.2,0,corps,170.68647608988567,1.0125
325,2,169,84.50,2.2,0,corps,170.60315368417804,0.5112
326,2,133,66.50,2.2,0,corps,170.5198729292597,0.6531
327,2,216,108.00,2.2,0,corps,170.43663380431045,0.4752
328,2,82,41.00,2.2,0,corps,170.35343628852053,0.4796
329,2,172,86.00,2.2,0,corps,170.27028036109053,0.5712
330,2,400,200.00,2.2,0,corps,170.1871660012315,0.3801
331,2,280,140.00,2.2,0,corps,170.10409318816485,0.3636
332,2,86,43.00,2.2,0,corps,170.02106190112232,0.8288
333,2,388,194.00,2.2,0,corps,169.93807211934617,0.3630
334,2,80,40.00,2.2,0,corps,169.8551238220889,0.9364
335,2,231,115.50,2.2,0,corps,169.77221698861345,0.4129
336,2,120,60.00,2.2,0,corps,169.68935159819313,0.4899
337,2,168,84.00,2.2,0,corps,169.60652763011154,0.6818
338,2,121,60.50,2.2,0,corps,169.52374506366272,0.6612
339,2,137,68.50,2.2,0,corps,169.44100387815107,0.7857
340,2,321,160.50,2.2,0,corps,169.3583040528912,0.3345
341,3,193,64.33,2.7,0,corps,169.27564556720822,0.4741
342,2,243,121.50,2.2,0,corps,169.1930284004375,0.3069
343,2,284,142.00,2.2,0,corps,169.11045253192475,0.3049
344,2,141,70.50,2.2,0,corps,169.02791794102598,0.5132
345,3,210,70.00,2.7,0,corps,168.94542460710758,0.4366
346,2,275,137.50,2.2,0,corps,168.86297250954615,0.3919
347,2,137,68.50,2.2,0,corps,168.78056162772873,0.5691
348,2,126,63.00,2.2,0,corps,168.69819194105256,0.4503
349,2,192,96.00,2.2,0,corps,168.61586342892525,0.3665
350,2,208,104.00,2.2,0,corps,168.53357607076464,0.2365
351,2,390,195.00,2.2,0,corps,168.4513298459989,0.3345
352,2,192,96.00,2.2,0,corps,168.3691247340665,0.4478
353,2,98,49.00,2.2,0,corps,168.28696071441613,0.5397
354,2,70,35.00,2.2,0,corps,168.20483776650678,0.4554
355,2,272,136.00,2.2,0,corps,168.12275586980775,0.2805
356,2,70,35.00,2.2,0,corps,168.04071500379857,0.7341
357,2,154,77.00,2.2,0,corps,167.95871514796895,0.4503
358,2,158,79.00,2.2,0,corps,167.87675628181896,0.4117
359,2,215,107.50,2.2,0,corps,167.7948383848589,0.3295
360,2,89,44.50,2.2,0,corps,167.71296143660933,0.7747
361,2,80,40.00,2.2,0,corps,167.63112541660092,0.7594
362,2,407,203.50,2.2,0,corps,167.54933030437476,0.2762
363,2,133,66.50,2.2,0,corps,167.467576079482,0.3735
364,3,109,36.33,2.7,0,corps,167.38586272148413,0.7859
365,2,137,68.50,2.2,0,corps,167.30419020995276,0.6409
366,2,104,52.00,2.2,0,corps,167.22255852446983,0.8899
367,4,233,58.25,3.1,0,corps,167.14096764462735,0.5360
368,2,76,38.00,2.2,0,corps,167.05941755002766,0.8145
369,2,115,57.50,2.2,0,corps,166.9779082202832,0.7714
370,2,86,43.00,2.2,0,corps,166.89643963501663,0.7976
371,3,182,60.67,2.7,0,corps,166.81501177386082,0.6161
372,2,69,34.50,2.2,0,corps,166.7336246164588,1.0358
373,2,156,78.00,2.2,0,corps,166.65227814246379,0.6500
374,3,80,26.67,2.7,0,corps,166.57097233153917,0.9766
375,3,285,95.00,2.7,0,corps,166.48970716335847,0.4018
376,2,209,104.50,2.2,0,corps,166.4084826176054,0.3935
377,2,205,102.50,2.2,0,corps,166.32729867397384,0.4129
378,3,75,25.00,2.7,0,corps,166.2461553121678,0.8054
379,2,136,68.00,2.2,0,corps,166.16505251190142,0.6241
380,2,47,23.50,2.2,0,corps,166.083990252899,0.9796
381,2,357,178.50,2.2,0,corps,166.00296851489503,0.3837
382,2,89,44.50,2.2,0,corps,165.92198727763397,0.4449
383,2,141,70.50,2.2,0,corps,165.8410465208706,0.7348
384,2,92,46.00,2.2,0,corps,165.76014622436975,0.6017
385,2,198,99.00,2.2,0,corps,165.67928636790626,0.3823
386,2,165,82.50,2.2,0,corps,165.59846693126522,0.5869
387,3,169,56.33,2.7,0,corps,165.51768789424173,0.5584
388,2,152,76.00,2.2,0,corps,165.43694923664108,0.4146
389,2,94,47.00,2.2,0,corps,165.35625093827852,0.6151
390,2,51,25.50,2.2,0,corps,165.2755929789796,0.6203
391,2,149,74.50,2.2,0,corps,165.19497533857975,0.6005
392,3,201,67.00,2.7,0,corps,165.11439799692457,0.4985
393,2,102,51.00,2.2,0,corps,165.03386093386973,0.8118
394,2,92,46.00,2.2,0,corps,164.95336412928097,0.6751
395,3,76,25.33,2.7,0,corps,164.87290756303406,1.2900
396,2,44,22.00,2.2,0,corps,164.79249121501488,1.1589
397,2,132,66.00,2.2,0,corps,164.71211506511935,0.5410
398,2,120,60.00,2.2,0,corps,164.6317790932534,0.5260
399,2,518,259.00,2.2,0,corps,164.5514832793331,0.3067
400,2,92,46.00,2.2,0,corps,164.47122760328443,0.4440
401,2,182,91.00,2.2,0,corps,164.39101204504354,0.5078
402,2,41,20.50,2.2,0,corps,164.31083658455645,0.7884
403,2,177,88.50,2.2,0,corps,164.23070120177937,0.6442
404,3,122,40.67,2.7,0,corps,164.15060587667838,0.6677
405,4,220,55.00,3.1,0,corps,164.07055058922973,0.7718
406,2,145,72.50,2.2,0,corps,163.99053531941954,0.6055
407,4,74,18.50,3.1,0,corps,163.91056004724405,1.0129
408,2,460,230.00,2.2,0,corps,163.83062475270938,0.3933
409,2,296,148.00,2.2,0,corps,163.7507294158317,0.5173
410,2,119,59.50,2.2,0,corps,163.67087401663724,0.5788
411,2,68,34.00,2.2,0,corps,163.59105853516215,0.8947
412,2,124,62.00,2.2,0,corps,163.51128295145244,0.5458
413,2,92,46.00,2.2,0,corps,163.43154724556436,0.8170
414,3,343,114.33,2.7,0,corps,163.3518513975639,0.5553
415,3,115,38.33,2.7,0,corps,163.27219538752715,0.6102
416,2,256,128.00,2.2,0,corps,163.19257919554008,0.4975
417,2,300,150.00,2.2,0,corps,163.11300280169857,0.4067
418,2,179,89.50,2.2,0,corps,163.03346618610863,0.4024
419,2,140,70.00,2.2,0,corps,162.95396932888607,0.5607
420,3,355,118.33,2.7,0,corps,162.87451221015667,0.5280
421,2,347,173.50,2.2,0,corps,162.79509481005613,0.4405
422,2,509,254.50,2.2,0,corps,162.71571710873016,0.4027
423,2,73,36.50,2.2,0,corps,162.63637908633427,0.6883
424,2,42,21.00,2.2,0,corps,162.55708072303398,0.9658
425,2,508,254.00,2.2,0,corps,162.47782199900468,0.4096
426,3,314,104.67,2.7,0,corps,162.39860289443172,0.4789
427,2,367,183.50,2.2,0,corps,162.31942338951032,0.3930
428,2,393,196.50,2.2,0,corps,162.24028346444555,0.4493
429,4,162,40.50,3.1,0,corps,162.1611830994525,0.8284
430,2,70,35.00,2.2,0,corps,162.08212227475607,1.0664
431,4,50,12.50,3.1,0,corps,162.00310097059102,1.3786
432,2,78,39.00,2.2,0,corps,161.924119167202,0.7117
433,2,157,78.50,2.2,0,corps,161.84517684484365,0.5196
434,2,235,117.50,2.2,0,corps,161.7662739837803,0.4095
435,2,196,98.00,2.2,0,corps,161.68741056428627,0.4623
436,2,106,53.00,2.2,0,corps,161.6085865666457,0.5686
437,3,92,30.67,2.7,0,corps,161.52980197115258,1.0695
438,2,227,113.50,2.2,0,corps,161.4510567581108,0.4434
439,3,244,81.33,2.7,0,corps,161.372350907834,0.6034
440,2,198,99.00,2.2,0,corps,161.2936844006458,0.4234
441,2,505,252.50,2.2,0,corps,161.21505721687944,0.4373
442,2,104,52.00,2.2,0,corps,161.13646933687826,0.5740
443,2,107,53.50,2.2,0,corps,161.05792074099523,0.8707
444,2,212,106.00,2.2,0,corps,160.9794114095932,0.5151
445,2,187,93.50,2.2,0,corps,160.90094132304483,0.4981
446,2,58,29.00,2.2,0,corps,160.8225104617326,1.0268
447,2,109,54.50,2.2,0,corps,160.74411880604882,0.7082
448,2,207,103.50,2.2,0,corps,160.66576633639556,0.6138
449,2,126,63.00,2.2,0,corps,160.5874530331847,0.9173
450,2,295,147.50,2.2,0,corps,160.50917887683792,0.5178
451,3,198,66.00,2.7,0,corps,160.43094384778664,0.5451
452,2,223,111.50,2.2,0,corps,160.35274792647215,0.4250
453,3,265,88.33,2.7,0,corps,160.27459109334546,0.5010
454,3,166,55.33,2.7,0,corps,160.19647332886737,0.7172
455,2,351,175.50,2.2,0,corps,160.1183946135084,0.4914
456,2,84,42.00,2.2,0,corps,160.04035492774892,0.8267
457,2,95,47.50,2.2,0,corps,159.962354252079,0.7434
458,2,134,67.00,2.2,0,corps,159.8843925669984,0.8132
459,2,51,25.50,2.2,0,corps,159.8064698530168,1.3213
460,2,153,76.50,2.2,0,corps,159.7285860906535,0.5637
461,2,96,48.00,2.2,0,corps,159.65074126043746,0.8536
462,2,240,120.00,2.2,0,corps,159.57293534290758,0.5200
463,2,109,54.50,2.2,0,corps,159.49516831861234,0.7390
464,2,159,79.50,2.2,0,corps,159.41744016811,0.7123
465,2,126,63.00,2.2,0,corps,159.33975087196853,0.8076
466,2,162,81.00,2.2,0,corps,159.26210041076556,0.5370
467,2,129,64.50,2.2,0,corps,159.18448876508847,0.6947
468,2,478,239.00,2.2,0,corps,159.10691591553444,0.2307
469,2,232,116.00,2.2,0,corps,159.0293818427102,0.7370
470,2,160,80.00,2.2,0,corps,158.95188652723218,0.4310
471,2,251,125.50,2.2,0,corps,158.87442994972662,0.4506
472,5,245,49.00,3.6,0,corps,158.79701209082933,0.7172
473,2,110,55.00,2.2,0,corps,158.7196329311859,0.7268
474,2,250,125.00,2.2,0,corps,158.6422924514515,0.5409
475,3,200,66.67,2.7,0,corps,158.56499063229103,0.5248
476,2,265,132.50,2.2,0,corps,158.487727454379,0.4161
477,3,87,29.00,2.7,0,corps,158.41050289839967,0.8683
478,2,338,169.00,2.2,0,corps,158.33331694504685,0.4272
479,2,412,206.00,2.2,0,corps,158.25616957502407,0.3972
480,2,40,20.00,2.2,0,corps,158.1790607690445,1.6942
481,2,184,92.00,2.2,0,corps,158.10199050783086,0.6444
482,2,102,51.00,2.2,0,corps,158.02495877211572,0.5776
483,2,178,89.00,2.2,0,corps,157.94796554264104,0.3552
484,3,152,50.67,2.7,0,corps,157.8710108001586,0.6581
485,2,290,145.00,2.2,0,corps,157.7940945254296,0.3746
486,3,238,79.33,2.7,0,corps,157.71721669922508,0.4468
487,2,136,68.00,2.2,0,corps,157.6403773023255,0.5175
488,2,81,40.50,2.2,0,corps,157.56357631552106,0.4566
489,2,306,153.00,2.2,0,corps,157.4868137196115,0.3203
490,2,207,103.50,2.2,0,corps,157.41008949540617,0.4505
491,2,229,114.50,2.2,0,corps,157.33340362372402,0.3493
492,2,83,41.50,2.2,0,corps,157.25675608539353,0.7512
493,2,9,4.50,2.2,0,corps,157.1801468612529,3.1771
494,2,206,103.00,2.2,0,corps,157.1035759321498,0.5181
495,2,108,54.00,2.2,0,corps,157.02704327894145,0.5386
496,3,529,176.33,2.7,0,corps,156.9505488824947,0.3230
497,2,94,47.00,2.2,0,corps,156.874092723686,0.3903
498,2,167,83.50,2.2,0,corps,156.79767478340128,0.4303
499,3,168,56.00,2.7,0,corps,156.721295042536,0.6051
500,2,155,77.50,2.2,0,corps,156.64495348199537,0.3713
501,3,120,40.00,2.7,0,corps,156.56865008269384,0.8517
502,4,278,69.50,3.1,0,corps,156.49238482555563,0.4151
503,2,136,68.00,2.2,0,corps,156.41615769151446,0.4254
504,3,214,71.33,2.7,0,corps,156.33996866151344,0.5810
505,2,349,174.50,2.2,0,corps,156.26381771650543,0.2981
506,3,40,13.33,2.7,0,corps,156.1877048374526,1.2948
507,2,206,103.00,2.2,0,corps,156.1116300053268,0.5497
508,2,135,67.50,2.2,0,corps,156.03559320110932,0.5296
509,2,98,49.00,2.2,0,corps,155.95959440579088,0.5100
510,2,179,89.50,2.2,0,corps,155.88363360037187,0.3201
511,2,227,113.50,2.2,0,corps,155.80771076586203,0.3973
512,4,124,31.00,3.1,0,corps,155.7318258832807,0.7770
513,3,324,108.00,2.7,0,corps,155.6559789336566,0.3144
514,2,94,47.00,2.2,0,corps,155.580169898028,0.5366
515,3,210,70.00,2.7,0,corps,155.50439875744271,0.4476
516,2,107,53.50,2.2,0,corps,155.42866549295792,0.6536
517,2,196,98.00,2.2,0,corps,155.3529700856402,0.5112
518,2,36,18.00,2.2,0,corps,155.27731251656587,1.4820
519,2,81,40.50,2.2,0,corps,155.20169276682046,0.7246
520,2,71,35.50,2.2,0,corps,155.12611081749898,0.7389
521,2,182,91.00,2.2,0,corps,155.050566649706,0.6503
522,2,176,88.00,2.2,0,corps,154.97506024455552,0.6523
523,2,97,48.50,2.2,0,corps,154.89959158317083,0.5625
524,2,70,35.00,2.2,0,corps,154.82416064668487,0.9098
525,2,176,88.00,2.2,0,corps,154.74876741623982,0.5946
526,3,102,34.00,2.7,0,corps,154.67341187298743,0.9225
527,2,65,32.50,2.2,0,corps,154.59809399808876,0.9148
528,2,48,24.00,2.2,0,corps,154.5228137727144,1.2342
529,3,189,63.00,2.7,0,corps,154.44757117804429,0.5870
530,2,50,25.00,2.2,0,corps,154.37236619526772,1.5233
531,2,111,55.50,2.2,0,corps,154.2971988055835,0.8540
532,2,120,60.00,2.2,0,corps,154.22206899019977,0.5966
533,3,104,34.67,2.7,0,corps,154.14697673033405,0.6326
534,3,108,36.00,2.7,0,corps,154.0719220072133,1.0372
535,2,150,75.00,2.2,0,corps,153.99690480207383,0.6766
536,2,234,117.00,2.2,0,corps,153.92192509616135,0.5939
537,2,187,93.50,2.2,0,corps,153.8469828707309,0.4553
538,2,59,29.50,2.2,0,corps,153.772078107047,1.0606
539,2,110,55.00,2.2,0,corps,153.69721078638338,0.7657
540,3,202,67.33,2.7,0,corps,153.62238089002324,0.5288
541,3,39,13.00,2.7,0,corps,153.54758839925907,1.5192
542,2,204,102.00,2.2,0,corps,153.4728332953928,0.6334
543,2,52,26.00,2.2,0,corps,153.39811555973566,1.2404
544,4,118,29.50,3.1,0,corps,153.32343517360815,2.6379
545,2,141,70.50,2.2,0,corps,153.24879211834022,0.7601
546,2,52,26.00,2.2,0,corps,153.17418637527112,1.0550
547,2,168,84.00,2.2,0,corps,153.09961792574938,0.5003
548,4,334,83.50,3.1,0,corps,153.02508675113287,0.5587
549,2,114,57.00,2.2,0,corps,152.95059283278886,0.4857
550,2,92,46.00,2.2,0,corps,152.8761361520938,0.8277
551,3,65,21.67,2.7,0,corps,152.80171669043358,0.9411
552,2,53,26.50,2.2,0,corps,152.7273344292033,1.0297
553,2,25,12.50,2.2,0,corps,152.65298934980743,1.2942
554,3,119,39.67,2.7,0,corps,152.57868143365963,0.8219
555,2,78,39.00,2.2,0,corps,152.50441066218298,0.6194
556,2,15,7.50,2.2,0,corps,152.43017701680975,1.3534
557,4,149,37.25,3.1,0,corps,152.35598047898156,0.7147
558,2,65,32.50,2.2,0,corps,152.2818210301493,0.7492
559,2,244,122.00,2.2,0,corps,152.20769865177303,0.4447
560,2,68,34.00,2.2,0,corps,152.1336133253222,0.7046
561,2,70,35.00,2.2,0,corps,152.05956503227546,0.6154
562,2,101,50.50,2.2,0,corps,151.98555375412076,0.5850
563,4,160,40.00,3.1,0,corps,151.9115794723553,0.6309
564,3,118,39.33,2.7,0,corps,151.83764216848544,0.6382
565,2,79,39.50,2.2,0,corps,151.7637418240269,0.6749
566,3,89,29.67,2.7,0,corps,151.68987842050458,0.7720
567,2,111,55.50,2.2,0,corps,151.61605193945263,0.7517
568,2,32,16.00,2.2,0,corps,151.54226236241445,1.7867
569,2,60,30.00,2.2,0,corps,151.46850967094264,0.7274
570,2,106,53.00,2.2,0,corps,151.394793846599,0.5364
571,4,98,24.50,3.1,0,corps,151.32111487095457,0.6223
572,2,90,45.00,2.2,0,corps,151.24747272558966,0.5912
573,2,86,43.00,2.2,0,corps,151.17386739209368,0.7692
574,3,164,54.67,2.7,0,corps,151.10029885206532,0.4426
575,2,194,97.00,2.2,0,corps,151.02676708711243,0.3949
576,2,66,33.00,2.2,0,corps,150.9532720788521,0.6697
577,2,177,88.50,2.2,0,corps,150.87981380891054,0.4608
578,2,53,26.50,2.2,0,corps,150.80639225892318,0.4754
579,5,304,60.80,3.6,0,corps,150.73300741053467,0.4297
580,2,52,26.00,2.2,0,corps,150.65965924539879,0.7797
581,2,70,35.00,2.2,0,corps,150.58634774517847,0.6757
582,4,111,27.75,3.1,0,corps,150.51307289154585,0.7508
583,3,59,19.67,2.7,0,corps,150.4398346661822,1.3468
584,2,118,59.00,2.2,0,corps,150.366633050778,0.7097
585,4,93,23.25,3.1,0,corps,150.29346802703282,0.8363
586,3,54,18.00,2.7,0,corps,150.22033957665542,0.9140
587,2,110,55.00,2.2,0,corps,150.14724768136364,0.5594
588,3,139,46.33,2.7,0,corps,150.07419232288456,0.9020
589,2,146,73.00,2.2,0,corps,150.00117348295433,0.8295
590,2,230,115.00,2.2,0,corps,149.92819114331826,0.5812
591,3,42,14.00,2.7,0,corps,149.8552452857307,1.5608
592,2,63,31.50,2.2,0,corps,149.7823358919552,0.9354
593,3,153,51.00,2.7,0,corps,149.70946294376446,0.6564
594,2,170,85.00,2.2,0,corps,149.6366264229402,0.7559
595,2,121,60.50,2.2,0,corps,149.56382631127335,0.7862
596,2,68,34.00,2.2,0,corps,149.49106259056379,0.8342
597,2,170,85.00,2.2,0,corps,149.41833524262063,0.5028
598,2,85,42.50,2.2,0,corps,149.34564424926208,0.6573
599,2,181,90.50,2.2,0,corps,149.2729895923153,0.5003
600,3,241,80.33,2.7,0,corps,149.2003712536167,0.7091
601,2,168,84.00,2.2,0,corps,149.12778921501166,0.5198
602,5,192,38.40,3.6,0,corps,149.0552434583547,0.6328
603,2,85,42.50,2.2,0,corps,148.98273396550934,0.9218
604,3,104,34.67,2.7,0,corps,148.91026071834824,0.5620
605,3,84,28.00,2.7,0,corps,148.83782369875306,0.9259
606,2,107,53.50,2.2,0,corps,148.76542288861458,0.7442
607,2,27,13.50,2.2,0,corps,148.69305826983256,1.3535
608,2,47,23.50,2.2,0,corps,148.62072982431587,0.7015
609,4,150,37.50,3.1,0,corps,148.5484375339824,0.6201
610,2,102,51.00,2.2,0,corps,148.47618138075904,0.5711
611,2,55,27.50,2.2,0,corps,148.40396134658178,0.8940
612,2,218,109.00,2.2,0,corps,148.3317774133956,0.6474
613,2,80,40.00,2.2,0,corps,148.25962956315456,0.7120
614,2,183,91.50,2.2,0,corps,148.18751777782165,0.5875
615,2,218,109.00,2.2,0,corps,148.11544203936893,0.6695
616,2,203,101.50,2.2,0,corps,148.04340232977745,0.6639
617,2,153,76.50,2.2,0,corps,147.97139863103735,0.7049
618,2,98,49.00,2.2,0,corps,147.8994309251476,0.8817
619,2,184,92.00,2.2,0,corps,147.82749919411637,0.5507
620,2,23,11.50,2.2,0,corps,147.7556034199607,1.4272
621,2,125,62.50,2.2,0,corps,147.6837435847066,0.6675
622,2,118,59.00,2.2,0,corps,147.61191967038917,0.4988
623,2,142,71.00,2.2,0,corps,147.5401316590524,0.8497
624,2,141,70.50,2.2,0,corps,147.46837953274928,0.7977
625,2,30,15.00,2.2,0,corps,147.3966632735418,1.8221
626,2,54,27.00,2.2,0,corps,147.32498286350088,0.9218
627,2,59,29.50,2.2,0,corps,147.25333828470642,0.6305
628,3,100,33.33,2.7,0,corps,147.18172951924728,0.9464
629,2,53,26.50,2.2,0,corps,147.11015654922127,0.7965
630,2,78,39.00,2.2,0,corps,147.03861935673515,0.7512
631,2,37,18.50,2.2,0,corps,146.96711792390457,1.5527
632,3,144,48.00,2.7,0,corps,146.89565223285425,0.6723
633,2,159,79.50,2.2,0,corps,146.82422226571776,0.7193
634,2,29,14.50,2.2,0,corps,146.75282800463754,1.1417
635,2,201,100.50,2.2,0,corps,146.68146943176507,0.3970
636,2,61,30.50,2.2,0,corps,146.61014652926073,0.6865
637,2,105,52.50,2.2,0,corps,146.53885927929372,0.7705
638,2,143,71.50,2.2,0,corps,146.4676076640423,0.5665
639,2,42,21.00,2.2,0,corps,146.39639166569353,1.0776
640,3,107,35.67,2.7,0,corps,146.32521126644343,0.5912
641,3,94,31.33,2.7,0,corps,146.25406644849687,0.9399
642,2,68,34.00,2.2,0,corps,146.18295719406765,0.5446
643,4,123,30.75,3.1,0,corps,146.1118834853785,0.6748
644,3,158,52.67,2.7,0,corps,146.04084530466096,0.5964
645,2,125,62.50,2.2,0,corps,145.96984263415547,0.4781
646,2,173,86.50,2.2,0,corps,145.8988754561114,0.6379
647,2,44,22.00,2.2,0,corps,145.82794375278692,0.6132
648,2,27,13.50,2.2,0,corps,145.7570475064491,0.8382
649,2,88,44.00,2.2,0,corps,145.68618669937393,0.5748
650,2,104,52.00,2.2,0,corps,145.61536131384617,0.5837
651,2,19,9.50,2.2,0,corps,145.54457133215942,1.4398
652,3,127,42.33,2.7,0,corps,145.4738167366163,0.6720
653,2,91,45.50,2.2,0,corps,145.4030975095281,0.4358
654,3,64,21.33,2.7,0,corps,145.332413633215,1.0181
655,2,86,43.00,2.2,0,corps,145.261765090006,0.8143
656,2,83,41.50,2.2,0,corps,145.19115186223908,1.0079
657,2,99,49.50,2.2,0,corps,145.1205739322608,0.7361
658,2,56,28.00,2.2,0,corps,145.0500312824268,0.6230
659,5,128,25.60,3.6,0,corps,144.9795238951013,0.7687
660,3,73,24.33,2.7,0,corps,144.90905175265755,0.9582
661,2,34,17.00,2.2,0,corps,144.83861483747742,1.3064
662,2,80,40.00,2.2,0,corps,144.7682131319518,1.1893
663,2,117,58.50,2.2,0,corps,144.69784661848016,1.0444
664,2,84,42.00,2.2,0,corps,144.62751527947088,0.9362
665,5,99,19.80,3.6,0,corps,144.55721909734118,3.6904
666,2,114,57.00,2.2,0,corps,144.486958054517,0.9597
667,4,139,34.75,3.1,0,corps,144.41673213343304,1.1393
668,2,52,26.00,2.2,0,corps,144.34654131653286,1.3359
669,2,85,42.50,2.2,0,corps,144.27638558626873,0.9187
670,3,185,61.67,2.7,0,corps,144.20626492510172,0.7559
671,2,50,25.00,2.2,0,corps,144.13617931550172,1.2261
672,2,87,43.50,2.2,0,corps,144.06612873994723,1.2065
673,4,113,28.25,3.1,0,corps,143.99611318092568,1.1619
674,2,82,41.00,2.2,0,corps,143.92613262093312,0.8167
675,3,145,48.33,2.7,0,corps,143.85618704247446,0.8564
676,3,65,21.67,2.7,0,corps,143.78627642806333,0.8151
677,6,78,13.00,4.0,0,corps,143.716400760222,1.9020
678,2,51,25.50,2.2,0,corps,143.6465600214816,1.2386
679,2,133,66.50,2.2,0,corps,143.5767541943819,0.9547
680,2,74,37.00,2.2,0,corps,143.50698326147148,0.7008
681,2,35,17.50,2.2,0,corps,143.43724720530764,1.2865
682,2,28,14.00,2.2,0,corps,143.36754600845632,1.3442
683,3,136,45.33,2.7,0,corps,143.2978796534922,0.8586
684,5,195,39.00,3.6,0,corps,143.22824812299874,1.7804
685,3,231,77.00,2.7,0,corps,143.15865139956804,0.6383
686,3,58,19.33,2.7,0,corps,143.0890894658009,1.3627
687,2,140,70.00,2.2,0,corps,143.01956230430685,0.6821
688,2,114,57.00,2.2,0,corps,142.9500698977041,0.7161
689,2,37,18.50,2.2,0,corps,142.88061222861955,1.1317
690,4,98,24.50,3.1,0,corps,142.8111892796888,1.0300
691,2,91,45.50,2.2,0,corps,142.74180103355607,0.8730
692,3,134,44.67,2.7,0,corps,142.67244747287432,0.7843
693,3,138,46.00,2.7,0,corps,142.60312858030517,0.7592
694,2,110,55.00,2.2,0,corps,142.5338443385189,0.8924
695,3,33,11.00,2.7,0,corps,142.46459473019442,1.6707
696,3,109,36.33,2.7,0,corps,142.39537973801936,0.9939
697,2,123,61.50,2.2,0,corps,142.32619934468994,0.6545
698,2,56,28.00,2.2,0,corps,142.25705353291107,0.7311
699,2,131,65.50,2.2,0,corps,142.1879422853963,0.6692
700,3,64,21.33,2.7,0,corps,142.11886558486785,0.9615
701,2,126,63.00,2.2,0,corps,142.0498234140565,0.7078
702,2,63,31.50,2.2,0,corps,141.9808157557017,0.9385
703,2,37,18.50,2.2,0,corps,141.91184259255158,0.9784
704,4,132,33.00,3.1,0,corps,141.84290390736282,0.9789
705,2,105,52.50,2.2,0,corps,141.77399968290075,0.6234
706,5,130,26.00,3.6,0,corps,141.70512990193936,0.8082
707,3,81,27.00,2.7,0,corps,141.6362945472611,0.7362
708,4,133,33.25,3.1,0,corps,141.56749360165725,0.9054
709,3,47,15.67,2.7,0,corps,141.49872704792747,1.2408
710,2,57,28.50,2.2,0,corps,141.4299948688802,0.7501
711,3,139,46.33,2.7,0,corps,141.36129704733233,0.8172
712,2,124,62.00,2.2,0,corps,141.29263356610946,0.4090
713,3,116,38.67,2.7,0,corps,141.2240044080457,0.6901
714,2,170,85.00,2.2,0,corps,141.15540955598377,0.3493
715,2,61,30.50,2.2,0,corps,141.08684899277492,0.6702
716,2,39,19.50,2.2,0,corps,141.01832270127903,0.7406
717,2,51,25.50,2.2,0,corps,140.94983066436455,1.1110
718,2,196,98.00,2.2,0,corps,140.88137286490843,0.6460
719,2,160,80.00,2.2,0,corps,140.81294928579624,0.8394
720,2,127,63.50,2.2,0,corps,140.74455990992206,0.6159
721,2,79,39.50,2.2,0,corps,140.67620472018865,1.3977
722,2,42,21.00,2.2,0,corps,140.60788369950706,1.4017
723,2,111,55.50,2.2,0,corps,140.5395968307971,0.5744
724,2,98,49.00,2.2,0,corps,140.4713440969871,0.8011
725,2,39,19.50,2.2,0,corps,140.40312548101383,1.1232
726,2,132,66.00,2.2,0,corps,140.33494096582265,0.6703
727,2,85,42.50,2.2,0,corps,140.26679053436737,1.1101
728,2,65,32.50,2.2,0,corps,140.19867416961048,0.5328
729,2,58,29.00,2.2,0,corps,140.13059185452283,1.1562
730,2,61,30.50,2.2,0,corps,140.06254357208385,0.7486
731,7,131,18.71,4.4,0,corps,139.9945293052815,3.4929
732,4,206,51.50,3.1,0,corps,139.92654903711215,0.7961
733,2,99,49.50,2.2,0,corps,139.8586027505808,0.5727
734,2,48,24.00,2.2,0,corps,139.79069042870077,0.7564
735,2,111,55.50,2.2,0,corps,139.7228120544941,0.6701
736,2,67,33.50,2.2,0,corps,139.65496761099118,0.7080
737,2,48,24.00,2.2,0,corps,139.58715708123083,0.9019
738,2,108,54.00,2.2,0,corps,139.51938044826048,0.6848
739,5,122,24.40,3.6,0,corps,139.4516376951359,1.0109
740,2,73,36.50,2.2,0,corps,139.3839288049215,1.0296
741,3,216,72.00,2.7,0,corps,139.31625376069002,0.7371
742,2,138,69.00,2.2,0,corps,139.24861254552266,0.9640
743,2,53,26.50,2.2,0,corps,139.18100514250912,1.1594
744,2,72,36.00,2.2,0,corps,139.1134315347476,0.8574
745,3,52,17.33,2.7,0,corps,139.04589170534464,1.2136
746,2,100,50.00,2.2,0,corps,138.97838563741533,0.6675
747,2,97,48.50,2.2,0,corps,138.91091331408313,0.7702
748,5,136,27.20,3.6,0,corps,138.84347471847997,1.0516
749,2,119,59.50,2.2,0,corps,138.77606983374616,0.8643
750,2,80,40.00,2.2,0,corps,138.70869864303057,0.8139
751,2,85,42.50,2.2,0,corps,138.6413611294903,0.9679
752,2,57,28.50,2.2,0,corps,138.574057276291,0.8894
753,2,53,26.50,2.2,0,corps,138.50678706660673,0.8601
754,2,46,23.00,2.2,0,corps,138.43955048361997,1.0729
755,2,103,51.50,2.2,0,corps,138.37234751052148,0.7428
756,3,75,25.00,2.7,0,corps,138.30517813051057,1.0895
757,2,145,72.50,2.2,0,corps,138.2380423267949,0.6803
758,3,79,26.33,2.7,0,corps,138.17094008259053,1.2155
759,2,70,35.00,2.2,0,corps,138.10387138112188,0.9755
760,2,169,84.50,2.2,0,corps,138.03683620562174,0.7783
761,2,210,105.00,2.2,0,corps,137.96983453933137,0.6129
762,3,97,32.33,2.7,0,corps,137.90286636550033,0.8531
763,5,47,9.40,3.6,0,corps,137.8359316673866,2.1172
764,2,79,39.50,2.2,0,corps,137.76903042825646,0.8073
765,4,160,40.00,3.1,0,corps,137.70216263138465,0.8859
766,6,139,23.17,4.0,0,corps,137.63532826005417,1.4873
767,6,179,29.83,4.0,0,corps,137.56852729755644,2.7583
768,2,97,48.50,2.2,0,corps,137.50175972719123,1.0784
769,2,106,53.00,2.2,0,corps,137.43502553226668,0.6262
770,2,100,50.00,2.2,0,corps,137.3683246960992,1.2201
771,4,151,37.75,3.1,0,corps,137.30165720201356,2.2996
772,3,54,18.00,2.7,0,corps,137.2350230333429,1.8934
773,3,68,22.67,2.7,0,corps,137.16842217342875,1.6303
774,2,51,25.50,2.2,0,corps,137.10185460562082,1.5576
775,2,182,91.00,2.2,0,corps,137.0353203132772,0.7389
776,2,31,15.50,2.2,0,corps,136.96881927976438,2.3200
777,4,99,24.75,3.1,0,corps,136.9023514884571,1.3508
778,2,63,31.50,2.2,0,corps,136.83591692273833,0.8505
779,3,120,40.00,2.7,0,corps,136.7695155659995,0.8218
780,3,129,43.00,2.7,0,corps,136.70314740164028,0.9173
781,2,86,43.00,2.2,0,corps,136.63681241306858,0.6790
782,2,39,19.50,2.2,0,corps,136.57051058370067,1.2343
783,3,141,47.00,2.7,0,corps,136.5042418969611,0.5753
784,2,76,38.00,2.2,0,corps,136.43800633628268,0.9696
785,3,101,33.67,2.7,0,corps,136.37180388510657,0.4813
786,3,94,31.33,2.7,0,corps,136.3056345268821,0.8576
787,2,43,21.50,2.2,0,corps,136.23949824506695,0.9476
788,2,85,42.50,2.2,0,corps,136.17339502312706,0.7427
789,2,98,49.00,2.2,0,corps,136.1073248445366,0.6344
790,2,120,60.00,2.2,0,corps,136.04128769277807,0.6708
791,2,89,44.50,2.2,0,corps,135.97528355134213,0.6817
792,3,120,40.00,2.7,0,corps,135.9093124037277,0.6328
793,4,94,23.50,3.1,0,corps,135.84337423344215,0.9616
794,2,51,25.50,2.2,0,corps,135.7774690240008,0.7279
795,2,47,23.50,2.2,0,corps,135.71159675892744,0.8652
796,6,118,19.67,4.0,0,corps,135.6457574217539,1.0179
797,4,139,34.75,3.1,0,corps,135.57995099602041,0.8679
798,3,111,37.00,2.7,0,corps,135.5141774652754,0.7392
799,2,125,62.50,2.2,0,corps,135.4484368130754,0.4966
800,3,107,35.67,2.7,0,corps,135.3827290229853,0.8503
801,2,99,49.50,2.2,0,corps,135.31705407857814,1.1348
802,3,160,53.33,2.7,0,corps,135.25141196343517,0.7257
803,2,82,41.00,2.2,0,corps,135.18580266114589,0.6732
804,2,74,37.00,2.2,0,corps,135.12022615530796,0.4962
805,3,123,41.00,2.7,0,corps,135.05468242952725,0.7569
806,2,55,27.50,2.2,0,corps,134.98917146741783,0.8439
807,3,139,46.33,2.7,0,corps,134.92369325260196,0.5759
808,2,51,25.50,2.2,0,corps,134.85824776871007,1.0717
809,2,104,52.00,2.2,0,corps,134.7928349993808,0.6378
810,2,140,70.00,2.2,0,corps,134.72745492826098,0.6275
811,2,45,22.50,2.2,0,corps,134.66210753900558,0.9687
812,2,64,32.00,2.2,0,corps,134.59679281527772,0.9693
813,3,88,29.33,2.7,0,corps,134.53151074074876,0.6684
814,2,42,21.00,2.2,0,corps,134.46626129909816,0.9631
815,2,135,67.50,2.2,0,corps,134.4010444740136,0.5852
816,2,63,31.50,2.2,0,corps,134.33586024919077,0.7129
817,4,124,31.00,3.1,0,corps,134.27070860833373,0.8825
818,2,67,33.50,2.2,0,corps,134.2055895351545,0.7728
819,2,41,20.50,2.2,0,corps,134.14050301337332,0.7886
820,4,142,35.50,3.1,0,corps,134.0754490267186,0.8571
821,2,76,38.00,2.2,0,corps,134.0104275589268,0.7988
822,2,73,36.50,2.2,0,corps,133.94543859374258,0.8914
823,2,92,46.00,2.2,0,corps,133.88048211491866,0.7168
824,2,34,17.00,2.2,0,corps,133.81555810621597,0.8787
825,3,64,21.33,2.7,0,corps,133.75066655140347,1.1593
826,2,19,9.50,2.2,0,corps,133.6858074342583,0.9556
827,3,98,32.67,2.7,0,corps,133.62098073856563,0.7953
828,2,13,6.50,2.2,0,corps,133.55618644811886,2.7852
829,5,105,21.00,3.6,0,corps,133.49142454671934,1.2776
830,2,42,21.00,2.2,0,corps,133.42669501817664,1.1421
831,2,68,34.00,2.2,0,corps,133.36199784630838,0.9228
832,3,120,40.00,2.7,0,corps,133.29733301494025,0.8746
833,2,60,30.00,2.2,0,corps,133.23270050790606,0.9976
834,2,45,22.50,2.2,0,corps,133.16810030904767,1.2677
835,2,68,34.00,2.2,0,corps,133.10353240221502,0.8222
836,5,54,10.80,3.6,0,corps,133.0389967712661,1.8219
837,3,91,30.33,2.7,0,corps,132.97449340006713,0.7868
838,6,125,20.83,4.0,0,corps,132.91002227249214,1.2105
839,2,49,24.50,2.2,0,corps,132.8455833724234,0.8548
840,2,102,51.00,2.2,0,corps,132.78117668375114,0.6923
841,2,100,50.00,2.2,0,corps,132.71680219037373,0.6671
842,2,76,38.00,2.2,0,corps,132.65245987619755,0.8380
843,4,59,14.75,3.1,0,corps,132.58814972513701,1.2322
844,2,121,60.50,2.2,0,corps,132.5238717211146,0.8825
845,2,33,16.50,2.2,0,corps,132.45962584806074,1.5956
846,2,85,42.50,2.2,0,corps,132.39541208991403,1.2565
847,2,57,28.50,2.2,0,corps,132.33123043062102,0.7261
848,5,88,17.60,3.6,0,corps,132.26708085413628,1.1709
849,2,73,36.50,2.2,0,corps,132.20296334442241,1.0292
850,2,120,60.00,2.2,0,corps,132.13887788545006,0.7463
851,3,100,33.33,2.7,0,corps,132.07482446119786,1.2489
852,2,65,32.50,2.2,0,corps,132.01080305565242,0.9177
853,3,81,27.00,2.7,0,corps,131.94681365280843,0.8578
854,2,41,20.50,2.2,0,corps,131.8828562366685,1.1281
855,2,78,39.00,2.2,0,corps,131.8189307912433,0.7974
856,2,69,34.50,2.2,0,corps,131.75503730055146,0.6833
857,3,93,31.00,2.7,0,corps,131.69117574861963,1.0700
858,2,48,24.00,2.2,0,corps,131.62734611948238,1.4218
859,2,31,15.50,2.2,0,corps,131.56354839718233,1.5268
860,2,114,57.00,2.2,0,corps,131.49978256577003,1.0520
861,2,102,51.00,2.2,0,corps,131.43604860930407,0.8789
862,2,35,17.50,2.2,0,corps,131.37234651185094,1.5797
863,3,76,25.33,2.7,0,corps,131.30867625748505,0.9383
864,2,108,54.00,2.2,0,corps,131.24503783028888,0.6906
865,3,136,45.33,2.7,0,corps,131.18143121435287,0.9143
866,3,219,73.00,2.7,0,corps,131.1178563937753,0.6956
867,3,116,38.67,2.7,0,corps,131.05431335266252,0.8002
868,2,71,35.50,2.2,0,corps,130.99080207512873,1.3450
869,2,88,44.00,2.2,0,corps,130.9273225452961,0.8587
870,2,65,32.50,2.2,0,corps,130.8638747472948,0.7616
871,4,74,18.50,3.1,0,corps,130.8004586652628,1.1114
872,7,109,15.57,4.4,0,corps,130.73707428334617,4.7585
873,2,53,26.50,2.2,0,corps,130.67372158569876,0.9607
874,2,114,57.00,2.2,0,corps,130.6104005564824,1.2113
875,2,66,33.00,2.2,0,corps,130.54711117986685,0.7601
876,2,101,50.50,2.2,0,corps,130.48385344002972,0.8059
877,2,133,66.50,2.2,0,corps,130.42062732115664,0.7162
878,2,87,43.50,2.2,0,corps,130.35743280744106,0.9946
879,4,93,23.25,3.1,0,corps,130.29426988308433,1.1722
880,3,69,23.00,2.7,0,corps,130.23113853229572,0.8032
881,2,68,34.00,2.2,0,corps,130.1680387392924,0.9333
882,2,66,33.00,2.2,0,corps,130.10497048829941,0.8540
883,2,63,31.50,2.2,0,corps,130.04193376354974,1.1673
884,3,115,38.33,2.7,0,corps,129.97892854928412,0.7394
885,3,74,24.67,2.7,0,corps,129.9159548297513,0.8643
886,4,148,37.00,3.1,0,corps,129.85301258920788,0.8509
887,2,84,42.00,2.2,0,corps,129.79010181191825,0.7782
888,2,41,20.50,2.2,0,corps,129.7272224821547,1.1177
889,3,129,43.00,2.7,0,corps,129.66437458419745,1.0847
890,3,72,24.00,2.7,0,corps,129.60155810233448,1.7106
891,4,127,31.75,3.1,0,corps,129.5387730208617,0.9380
892,3,46,15.33,2.7,0,corps,129.47601932408284,1.3381
893,2,33,16.50,2.2,0,corps,129.41329699630944,1.0699
894,4,91,22.75,3.1,0,corps,129.35060602186098,0.8752
895,5,87,17.40,3.6,0,corps,129.28794638506466,5.3232
896,3,120,40.00,2.7,0,corps,129.22531807025558,0.8327
897,2,112,56.00,2.2,0,corps,129.16272106177667,0.8160
898,2,61,30.50,2.2,0,corps,129.10015534397868,0.8080
899,3,81,27.00,2.7,0,corps,129.0376209012202,0.8096
900,3,87,29.00,2.7,0,corps,128.9751177178676,1.0071
901,2,47,23.50,2.2,0,corps,128.91264577829503,1.4179
902,2,44,22.00,2.2,0,corps,128.85020506688457,1.1039
903,4,80,20.00,3.1,0,corps,128.78779556802604,1.2129
904,2,52,26.00,2.2,0,corps,128.72541726611706,0.9140
905,2,143,71.50,2.2,0,corps,128.66307014556304,0.7644
906,2,74,37.00,2.2,0,corps,128.6007541907772,1.0036
907,2,42,21.00,2.2,0,corps,128.53846938618054,0.6565
908,2,84,42.00,2.2,0,corps,128.47621571620192,0.9543
909,4,89,22.25,3.1,0,corps,128.41399316527784,1.4820
910,4,65,16.25,3.1,0,corps,128.35180171785274,1.5778
911,4,164,41.00,3.1,0,corps,128.28964135837867,0.8470
912,5,86,17.20,3.6,0,corps,128.2275120713156,1.6706
913,2,49,24.50,2.2,0,corps,128.1654138411312,1.1067
914,2,63,31.50,2.2,0,corps,128.10334665230093,0.8760
915,3,106,35.33,2.7,0,corps,128.04131048930793,0.9141
916,2,102,51.00,2.2,0,corps,127.97930533664324,0.7261
917,2,48,24.00,2.2,0,corps,127.91733117880548,1.0309
918,2,49,24.50,2.2,0,corps,127.8553880003012,1.6803
919,4,139,34.75,3.1,0,corps,127.79347578564455,0.9193
920,2,51,25.50,2.2,0,corps,127.7315945193575,1.5817
921,2,52,26.00,2.2,0,corps,127.6697441859697,1.2285
922,2,39,19.50,2.2,0,corps,127.60792477001863,0.6166
923,3,45,15.00,2.7,0,corps,127.54613625604935,2.5430
924,3,50,16.67,2.7,0,corps,127.48437862861482,1.0690
925,4,110,27.50,3.1,0,corps,127.42265187227557,0.8364
926,2,40,20.00,2.2,0,corps,127.36095597159994,0.8365
927,2,44,22.00,2.2,0,corps,127.29929091116392,1.0945
928,3,107,35.67,2.7,0,corps,127.23765667555129,1.0981
929,4,193,48.25,3.1,0,corps,127.17605324935346,0.8529
930,2,67,33.50,2.2,0,corps,127.11448061716959,1.0289
931,5,109,21.80,3.6,0,corps,127.05293876360653,1.1426
932,2,28,14.00,2.2,0,corps,126.99142767327878,1.5996
933,4,73,18.25,3.1,0,corps,126.9299473308086,1.1038
934,3,60,20.00,2.7,0,corps,126.86849772082589,1.3563
935,3,40,13.33,2.7,0,corps,126.80707882796827,1.1378
936,3,71,23.67,2.7,0,corps,126.74569063688097,0.6246
937,2,88,44.00,2.2,0,corps,126.68433313221699,0.8259
938,2,56,28.00,2.2,0,corps,126.6230062986369,0.8401
939,2,66,33.00,2.2,0,corps,126.56171012080905,0.8950
940,3,87,29.00,2.7,0,corps,126.50044458340935,1.0263
941,2,106,53.00,2.2,0,corps,126.43920967112146,1.0950
942,3,47,15.67,2.7,0,corps,126.37800536863662,1.2400
943,2,23,11.50,2.2,0,corps,126.31683166065373,1.2221
944,4,158,39.50,3.1,0,corps,126.25568853187943,0.8719
945,2,63,31.50,2.2,0,corps,126.19457596702787,0.7883
946,3,55,18.33,2.7,0,corps,126.13349395082093,1.6832
947,2,41,20.50,2.2,0,corps,126.07244246798817,1.2158
948,2,60,30.00,2.2,0,corps,126.0114215032666,0.8485
949,2,97,48.50,2.2,0,corps,125.95043104140106,0.6201
950,5,75,15.00,3.6,0,corps,125.88947106714394,6.5195
951,2,59,29.50,2.2,0,corps,125.82854156525521,0.7216
952,3,76,25.33,2.7,0,corps,125.7676425205025,1.4732
953,2,53,26.50,2.2,0,corps,125.70677391766105,1.1247
954,2,45,22.50,2.2,0,corps,125.64593574151372,1.1361
955,3,64,21.33,2.7,0,corps,125.58512797685096,1.2013
956,2,40,20.00,2.2,0,corps,125.52435060847083,0.9141
957,4,47,11.75,3.1,0,corps,125.46360362117896,0.9942
958,2,67,33.50,2.2,0,corps,125.40288699978865,1.2923
959,2,66,33.00,2.2,0,corps,125.34220072912072,0.8288
960,3,101,33.67,2.7,0,corps,125.2815447940036,0.9742
961,2,21,10.50,2.2,0,corps,125.22091917927331,2.4588
962,5,109,21.80,3.6,0,corps,125.16032386977346,1.2106
963,2,100,50.00,2.2,0,corps,125.0997588503552,1.1820
964,3,131,43.67,2.7,0,corps,125.0392241058773,0.9789
965,2,18,9.00,2.2,0,corps,124.97871962120601,1.3167
966,2,21,10.50,2.2,0,corps,124.9182453812153,1.4925
967,2,90,45.00,2.2,0,corps,124.85780137078655,0.9396
968,4,155,38.75,3.1,0,corps,124.79738757480878,1.1442
969,2,46,23.00,2.2,0,corps,124.7370039781785,1.0864
970,2,64,32.00,2.2,0,corps,124.67665056579989,1.2329
971,2,46,23.00,2.2,0,corps,124.61632732258454,1.1717
972,2,28,14.00,2.2,0,corps,124.55603423345163,1.4632
973,2,81,40.50,2.2,0,corps,124.4957712833279,1.2811
974,2,13,6.50,2.2,0,corps,124.43553845714763,2.4163
975,3,58,19.33,2.7,0,corps,124.3753357398526,1.3772
976,2,73,36.50,2.2,0,corps,124.31516311639214,0.9763
977,3,147,49.00,2.7,0,corps,124.25502057172308,1.1235
978,2,41,20.50,2.2,0,corps,124.19490809080978,0.9313
979,4,83,20.75,3.1,0,corps,124.13482565862415,1.1266
980,2,64,32.00,2.2,0,corps,124.07477326014555,1.0811
981,4,105,26.25,3.1,0,corps,124.01475088036089,1.1376
982,2,28,14.00,2.2,0,corps,123.95475850426459,1.3051
983,4,63,15.75,3.1,0,corps,123.89479611685852,1.2935
984,3,48,16.00,2.7,0,corps,123.83486370315211,1.1908
985,4,165,41.25,3.1,0,corps,123.77496124816226,0.8837
986,4,114,28.50,3.1,0,corps,123.7150887369133,1.0336
987,2,156,78.00,2.2,0,corps,123.6552461544372,0.8475
988,2,66,33.00,2.2,0,corps,123.59543348577324,0.9010
989,2,60,30.00,2.2,0,corps,123.53565071596829,0.9272
990,4,93,23.25,3.1,0,corps,123.47589783007662,1.1463
991,2,57,28.50,2.2,0,corps,123.41617481316005,1.3731
992,2,91,45.50,2.2,0,corps,123.35648165028779,0.9375
993,3,66,22.00,2.7,0,corps,123.29681832653657,1.1664
994,3,59,19.67,2.7,0,corps,123.23718482699056,1.1923
995,3,81,27.00,2.7,0,corps,123.17758113674138,0.9073
996,3,115,38.33,2.7,0,corps,123.11800724088806,0.9010
997,2,55,27.50,2.2,0,corps,123.05846312453723,0.8582
998,2,50,25.00,2.2,0,corps,122.99894877280278,1.0536
999,5,72,14.40,3.6,0,corps,122.93946417080615,1.2408
1000,2,53,26.50,2.2,0,corps,122.88000930367615,1.4165
1001,3,73,24.33,2.7,0,corps,122.82058415654913,1.2846
1002,3,73,24.33,2.7,0,corps,122.76118871456876,1.0804
1003,3,123,41.00,2.7,0,corps,122.70182296288617,1.2113
1004,4,82,20.50,3.1,0,corps,122.64248688665995,1.1723
1005,4,65,16.25,3.1,0,corps,122.58318047105607,1.3658
1006,3,62,20.67,2.7,0,corps,122.52390370124793,1.3901
1007,3,67,22.33,2.7,0,corps,122.46465656241632,1.0496
1008,3,151,50.33,2.7,0,corps,122.40543903974948,0.8082
1009,2,134,67.00,2.2,0,corps,122.34625111844304,1.1122
1010,3,56,18.67,2.7,0,corps,122.28709278369993,1.3477
1011,2,59,29.50,2.2,0,corps,122.22796402073071,1.6918
1012,2,59,29.50,2.2,0,corps,122.16886481475304,1.0721
1013,7,107,15.29,4.4,0,corps,122.10979515099223,1.2787
1014,3,90,30.00,2.7,0,corps,122.05075501468082,0.9923
1015,2,57,28.50,2.2,0,corps,121.99174439105877,1.4681
1016,3,90,30.00,2.7,0,corps,121.93276326537344,0.9869
1017,2,60,30.00,2.2,0,corps,121.87381162287953,1.3500
1018,3,81,27.00,2.7,0,corps,121.81488944883915,0.9802
1019,2,137,68.50,2.2,0,corps,121.75599672852175,0.7727
1020,2,114,57.00,2.2,0,corps,121.69713344720412,1.1027
1021,2,69,34.50,2.2,0,corps,121.63829959017048,0.9131
1022,2,61,30.50,2.2,0,corps,121.57949514271236,0.8811
1023,2,23,11.50,2.2,0,corps,121.52072009012865,1.2537
1024,3,81,27.00,2.7,0,corps,121.46197441772553,0.8491
1025,3,113,37.67,2.7,0,corps,121.40325811081667,0.8585
1026,3,98,32.67,2.7,0,corps,121.34457115472293,1.1330
1027,2,45,22.50,2.2,0,corps,121.28591353477259,0.6856
1028,4,99,24.75,3.1,0,corps,121.22728523630121,1.0740
1029,2,42,21.00,2.2,0,corps,121.16868624465182,0.9518
1030,2,49,24.50,2.2,0,corps,121.11011654517453,0.7754
1031,3,59,19.67,2.7,0,corps,121.05157612322705,0.9380
1032,5,97,19.40,3.6,0,corps,120.99306496417417,1.0669
1033,3,120,40.00,2.7,0,corps,120.93458305338815,0.7309
1034,4,81,20.25,3.1,0,corps,120.87613037624851,0.8159
1035,7,85,12.14,4.4,0,corps,120.81770691814206,1.1785
1036,2,43,21.50,2.2,0,corps,120.75931266446295,0.5994
1037,4,70,17.50,3.1,0,corps,120.70094760061265,1.3865
1038,4,55,13.75,3.1,0,corps,120.64261171199982,1.2216
1039,3,49,16.33,2.7,0,corps,120.58430498404053,1.1766
1040,2,41,20.50,2.2,0,corps,120.52602740215809,1.6996
1041,2,53,26.50,2.2,0,corps,120.46777895178313,1.6413
1042,3,89,29.67,2.7,0,corps,120.40955961835347,1.4922
1043,3,114,38.00,2.7,0,corps,120.35136938731436,1.1541
1044,6,113,18.83,4.0,0,corps,120.2932082441182,1.4038
1045,5,89,17.80,3.6,0,corps,120.2350761742247,1.6425
1046,3,60,20.00,2.7,0,corps,120.17697316310085,1.6556
1047,3,94,31.33,2.7,0,corps,120.1188991962209,1.3527
1048,2,38,19.00,2.2,0,corps,120.06085425906635,1.2160
1049,3,54,18.00,2.7,0,corps,120.00283833712595,1.0385
1050,4,71,17.75,3.1,0,corps,119.94485141589577,7.4020
1051,2,68,34.00,2.2,0,corps,119.88689348087904,1.2188
1052,4,78,19.50,3.1,0,corps,119.82896451758627,1.4249
1053,4,43,10.75,3.1,0,corps,119.77106451153523,1.7843
1054,3,81,27.00,2.7,0,corps,119.71319344825093,1.0198
1055,2,65,32.50,2.2,0,corps,119.65535131326558,1.3337
1056,2,77,38.50,2.2,0,corps,119.59753809211868,0.8304
1057,2,98,49.00,2.2,0,corps,119.53975377035692,0.6523
1058,4,126,31.50,3.1,0,corps,119.48199833353416,0.9154
1059,4,93,23.25,3.1,0,corps,119.42427176721162,1.0501
1060,2,60,30.00,2.2,0,corps,119.3665740569576,1.0993
1061,2,72,36.00,2.2,0,corps,119.30890518834774,1.1552
1062,4,33,8.25,3.1,0,corps,119.25126514696474,1.9615
1063,4,63,15.75,3.1,0,corps,119.19365391839862,1.5396
1064,2,86,43.00,2.2,0,corps,119.13607148824659,0.8025
1065,4,104,26.00,3.1,0,corps,119.07851784211306,1.0569
1066,3,83,27.67,2.7,0,corps,119.02099296560955,1.2978
1067,3,63,21.00,2.7,0,corps,118.96349684435489,1.1736
1068,2,58,29.00,2.2,0,corps,118.90602946397506,0.8555
1069,4,110,27.50,3.1,0,corps,118.84859081010318,1.4427
1070,3,117,39.00,2.7,0,corps,118.79118086837957,1.1578
1071,2,49,24.50,2.2,0,corps,118.7337996244518,1.3428
1072,2,75,37.50,2.2,0,corps,118.67644706397455,1.0865
1073,2,50,25.00,2.2,0,corps,118.61912317260965,1.1193
1074,5,103,20.60,3.6,0,corps,118.56182793602615,1.0652
1075,4,107,26.75,3.1,0,corps,118.50456133990022,1.3442
1076,2,31,15.50,2.2,0,corps,118.44732336991524,1.2727
1077,2,43,21.50,2.2,0,corps,118.39011401176167,1.0127
1078,3,22,7.33,2.7,0,corps,118.3329332511372,2.6784
1079,3,51,17.00,2.7,0,corps,118.27578107374666,1.8945
1080,2,63,31.50,2.2,0,corps,118.21865746530197,0.9401
1081,4,87,21.75,3.1,0,corps,118.16156241152225,1.0524
1082,6,124,20.67,4.0,0,corps,118.10449589813372,1.2403
1083,2,133,66.50,2.2,0,corps,118.04745791086977,0.9558
1084,2,85,42.50,2.2,0,corps,117.99044843547088,0.8976
1085,3,85,28.33,2.7,0,corps,117.9334674576847,1.0281
1086,3,90,30.00,2.7,0,corps,117.87651496326596,1.0442
1087,2,35,17.50,2.2,0,corps,117.81959093797656,2.2131
1088,4,68,17.00,3.1,0,corps,117.76269536758551,1.0947
1089,2,50,25.00,2.2,0,corps,117.70582823786889,1.0252
1090,6,93,15.50,4.0,0,corps,117.6489895346099,1.2429
1091,2,27,13.50,2.2,0,corps,117.59217924359888,1.7307
1092,2,44,22.00,2.2,0,corps,117.53539735063327,1.0563
1093,8,100,12.50,4.9,0,corps,117.47864384151761,1.5400
1094,5,158,31.60,3.6,0,corps,117.4219187020635,1.1308
1095,4,38,9.50,3.1,0,corps,117.36522191808965,1.9486
1096,4,119,29.75,3.1,0,corps,117.30855347542185,0.9811
1097,2,48,24.00,2.2,0,corps,117.25191335989302,1.1802
1098,2,49,24.50,2.2,0,corps,117.19530155734313,1.1833
1099,2,70,35.00,2.2,0,corps,117.1387180536192,1.1812
1100,2,48,24.00,2.2,0,corps,117.08216283457537,1.2971
1101,2,43,21.50,2.2,0,corps,117.02563588607286,0.9701
1102,2,62,31.00,2.2,0,corps,116.96913719397992,1.0587
1103,2,51,25.50,2.2,0,corps,116.91266674417184,1.2656
1104,4,117,29.25,3.1,0,corps,116.85622452253104,4.8026
1105,2,62,31.00,2.2,0,corps,116.79981051494697,1.3012
1106,2,43,21.50,2.2,0,corps,116.74342470731611,0.9887
1107,4,49,12.25,3.1,0,corps,116.68706708554201,1.3490
1108,2,49,24.50,2.2,0,corps,116.63073763553528,1.0059
1109,2,13,6.50,2.2,0,corps,116.57443634321353,1.9317
1110,2,40,20.00,2.2,0,corps,116.51816319450145,1.1141
1111,3,100,33.33,2.7,0,corps,116.46191817533078,0.9909
1112,2,55,27.50,2.2,0,corps,116.40570127164021,1.0498
1113,2,94,47.00,2.2,0,corps,116.34951246937557,0.6896
1114,2,80,40.00,2.2,0,corps,116.2933517544896,0.9202
1115,6,176,29.33,4.0,0,corps,116.23721911294219,1.0405
1116,2,148,74.00,2.2,0,corps,116.1811145307001,0.7183
1117,3,137,45.67,2.7,0,corps,116.12503799373725,0.7177
1118,2,55,27.50,2.2,0,corps,116.0689894880345,1.1177
1119,2,67,33.50,2.2,0,corps,116.0129689995797,1.0324
1120,2,173,86.50,2.2,0,corps,115.95697651436771,0.7211
1121,3,52,17.33,2.7,0,corps,115.90101201840046,1.7325
1122,7,111,15.86,4.4,0,corps,115.84507549768676,4.7951
1123,2,66,33.00,2.2,0,corps,115.78916693824257,0.4893
1124,5,137,27.40,3.6,0,corps,115.73328632609064,0.8443
1125,4,135,33.75,3.1,0,corps,115.67743364726091,0.7478
1126,3,62,20.67,2.7,0,corps,115.62160888779019,0.9998
1127,3,41,13.67,2.7,0,corps,115.56581203372221,1.2351
1128,4,49,12.25,3.1,0,corps,115.51004307110786,1.5127
1129,2,107,53.50,2.2,0,corps,115.45430198600486,0.7459
1130,2,31,15.50,2.2,0,corps,115.39858876447795,0.8689
1131,2,87,43.50,2.2,0,corps,115.34290339259879,0.4623
1132,3,50,16.67,2.7,0,corps,115.28724585644605,0.9409
1133,3,74,24.67,2.7,0,corps,115.23161614210535,0.8689
1134,2,85,42.50,2.2,0,corps,115.1760142356693,0.5583
1135,2,40,20.00,2.2,0,corps,115.12044012323734,1.3118
1136,4,38,9.50,3.1,0,corps,115.06489379091602,2.5418
1137,3,80,26.67,2.7,0,corps,115.00937522481875,0.6424
1138,3,45,15.00,2.7,0,corps,114.95388441106584,1.1421
1139,2,71,35.50,2.2,0,corps,114.8984213357846,0.7768
1140,4,62,15.50,3.1,0,corps,114.84298598510927,0.8640
1141,2,53,26.50,2.2,0,corps,114.787578345181,0.6902
1142,2,62,31.00,2.2,0,corps,114.73219840214794,0.8167
1143,6,103,17.17,4.0,0,corps,114.67684614216505,0.9767
1144,2,65,32.50,2.2,0,corps,114.62152155139424,0.8852
1145,2,65,32.50,2.2,0,corps,114.5662246160044,0.6760
1146,2,67,33.50,2.2,0,corps,114.51095532217133,0.8426
1147,3,72,24.00,2.7,0,corps,114.45571365607763,0.9512
1148,4,97,24.25,3.1,0,corps,114.40049960391292,0.7173
1149,2,46,23.00,2.2,0,corps,114.34531315187368,0.6556
1150,5,77,15.40,3.6,0,corps,114.29015428616331,1.0929
1151,2,63,31.50,2.2,0,corps,114.23502299299209,1.2711
1152,3,83,27.67,2.7,0,corps,114.1799192585772,1.2740
1153,3,100,33.33,2.7,0,corps,114.12484306914268,0.9054
1154,2,48,24.00,2.2,0,corps,114.06979441091953,0.9495
1155,2,39,19.50,2.2,0,corps,114.01477327014553,0.9258
1156,2,119,59.50,2.2,0,corps,113.95977963306542,0.8155
1157,2,66,33.00,2.2,0,corps,113.90481348593082,0.4949
1158,2,61,30.50,2.2,0,corps,113.84987481500013,0.8338
1159,2,85,42.50,2.2,0,corps,113.79496360653873,0.7665
1160,5,83,16.60,3.6,0,corps,113.7400798468188,1.4111
1161,5,83,16.60,3.6,0,corps,113.6852235221194,1.7808
1162,4,116,29.00,3.1,0,corps,113.63039461872646,1.2999
1163,9,154,17.11,5.3,0,corps,113.57559312293273,1.5643
1164,3,82,27.33,2.7,0,corps,113.52081902103788,1.2988
1165,3,107,35.67,2.7,0,corps,113.46607229934833,1.2017
1166,3,73,24.33,2.7,0,corps,113.41135294417744,1.5860
1167,2,79,39.50,2.2,0,corps,113.35666094184535,1.2111
1168,2,63,31.50,2.2,0,corps,113.3019962786791,1.2726
1169,4,33,8.25,3.1,0,corps,113.24735894101244,2.0542
1170,2,36,18.00,2.2,0,corps,113.19274891518609,1.9108
1171,5,96,19.20,3.6,0,corps,113.13816618754755,1.9103
1172,4,96,24.00,3.1,0,corps,113.08361074445112,1.0567
1173,2,36,18.00,2.2,0,corps,113.02908257225795,1.2582
1174,4,80,20.00,3.1,0,corps,112.97458165733599,1.5702
1175,2,39,19.50,2.2,0,corps,112.92010798605997,1.0683
1176,4,99,24.75,3.1,0,corps,112.86566154481157,1.5848
1177,2,60,30.00,2.2,0,corps,112.81124231997912,1.1787
1178,3,84,28.00,2.7,0,corps,112.75685029795781,1.3576
1179,3,97,32.33,2.7,0,corps,112.70248546514962,0.8617
1180,2,32,16.00,2.2,0,corps,112.6481478079634,1.1832
1181,4,43,10.75,3.1,0,corps,112.59383731281464,1.8227
1182,4,78,19.50,3.1,0,corps,112.53955396612582,0.8573
1183,2,26,13.00,2.2,0,corps,112.48529775432606,1.0514
1184,2,84,42.00,2.2,0,corps,112.43106866385129,0.7061
1185,7,127,18.14,4.4,0,corps,112.37686668114422,1.5513
1186,4,53,13.25,3.1,0,corps,112.32269179265441,1.2559
1187,5,93,18.60,3.6,0,corps,112.26854398483812,1.0816
1188,3,58,19.33,2.7,0,corps,112.2144232441584,1.2775
1189,4,78,19.50,3.1,0,corps,112.16032955708503,1.0773
1190,5,98,19.60,3.6,0,corps,112.10626291009464,1.0434
1191,3,90,30.00,2.7,0,corps,112.05222328967051,0.9613
1192,2,68,34.00,2.2,0,corps,111.99821068230278,0.8626
1193,3,50,16.67,2.7,0,corps,111.94422507448829,1.0245
1194,3,54,18.00,2.7,0,corps,111.89026645273063,0.8807
1195,2,15,7.50,2.2,0,corps,111.83633480354014,1.3912
1196,3,75,25.00,2.7,0,corps,111.78243011343392,0.7763
1197,2,71,35.50,2.2,0,corps,111.72855236893575,1.0216
1198,3,43,14.33,2.7,0,corps,111.67470155657628,1.5985
1199,4,67,16.75,3.1,0,corps,111.62087766289272,7.6336
1200,2,31,15.50,2.2,0,corps,111.56708067442918,1.6256
1201,2,40,20.00,2.2,0,corps,111.51331057773635,1.5636
1202,3,47,15.67,2.7,0,corps,111.45956735937173,1.5528
1203,3,57,19.00,2.7,0,corps,111.4058510058995,1.4511
1204,3,75,25.00,2.7,0,corps,111.3521615038906,1.0360
1205,2,42,21.00,2.2,0,corps,111.2984988399226,1.8614
1206,2,34,17.00,2.2,0,corps,111.24486300057987,1.0803
1207,2,47,23.50,2.2,0,corps,111.19125397245348,1.2920
1208,5,69,13.80,3.6,0,corps,111.13767174214114,1.6000
1209,8,195,24.38,4.9,0,corps,111.08411629624729,1.5027
1210,3,53,17.67,2.7,0,corps,111.03058762138305,1.3528
1211,2,108,54.00,2.2,0,corps,110.97708570416629,1.0851
1212,2,37,18.50,2.2,0,corps,110.9236105312215,1.9567
1213,5,119,23.80,3.6,0,corps,110.8701620891799,1.1831
1214,2,71,35.50,2.2,0,corps,110.81674036467942,1.1803
1215,4,65,16.25,3.1,0,corps,110.76334534436454,1.3771
1216,2,57,28.50,2.2,0,corps,110.70997701488656,1.5230
1217,3,76,25.33,2.7,0,corps,110.65663536290337,1.4940
1218,4,48,12.00,3.1,0,corps,110.60332037507963,14.6910
1219,4,98,24.50,3.1,0,corps,110.55003203808651,1.9591
1220,7,109,15.57,4.4,0,corps,110.49677033860196,4.8253
1221,3,44,14.67,2.7,0,corps,110.44353526331054,2.6089
1222,2,46,23.00,2.2,0,corps,110.3903267989035,1.4524
1223,4,99,24.75,3.1,0,corps,110.33714493207869,1.5745
1224,4,96,24.00,3.1,0,corps,110.28398964954071,1.1345
1225,4,101,25.25,3.1,0,corps,110.23086093800067,1.4083
1226,2,78,39.00,2.2,0,corps,110.17775878417642,1.1002
1227,7,104,14.86,4.4,0,corps,110.12468317479242,1.7965
1228,2,65,32.50,2.2,0,corps,110.07163409657976,1.4731
1229,2,55,27.50,2.2,0,corps,110.01861153627618,1.1395
1230,2,48,24.00,2.2,0,corps,109.96561548062604,1.4077
1231,3,68,22.67,2.7,0,corps,109.91264591638033,1.3706
1232,4,52,13.00,3.1,0,corps,109.85970283029664,1.9887
1233,3,66,22.00,2.7,0,corps,109.80678620913922,1.2359
1234,3,38,12.67,2.7,0,corps,109.75389603967889,1.7589
1235,3,76,25.33,2.7,0,corps,109.70103230869313,0.8291
1236,2,41,20.50,2.2,0,corps,109.64819500296599,1.0381
1237,2,34,17.00,2.2,0,corps,109.59538410928813,1.4195
1238,6,113,18.83,4.0,0,corps,109.54259961445689,1.3713
1239,2,42,21.00,2.2,0,corps,109.48984150527608,1.8642
1240,6,77,12.83,4.0,0,corps,109.43710976855621,1.8594
1241,4,70,17.50,3.1,0,corps,109.3844043911143,1.4580
1242,2,49,24.50,2.2,0,corps,109.33172535977407,0.8052
1243,3,40,13.33,2.7,0,corps,109.27907266136572,1.1485
1244,3,96,32.00,2.7,0,corps,109.22644628272606,0.7620
1245,4,79,19.75,3.1,0,corps,109.17384621069854,1.3019
1246,3,45,15.00,2.7,0,corps,109.12127243213314,1.7279
1247,5,135,27.00,3.6,0,corps,109.06872493388637,1.0605
1248,3,59,19.67,2.7,0,corps,109.01620370282139,1.3822
1249,5,94,18.80,3.6,0,corps,108.96370872580788,1.2252
1250,2,50,25.00,2.2,0,corps,108.91123998972209,0.7701
1251,2,15,7.50,2.2,0,corps,108.85879748144684,1.5470
1252,6,120,20.00,4.0,0,corps,108.80638118787151,0.9268
1253,3,31,10.33,2.7,0,corps,108.75399109589206,1.2703
1254,2,54,27.00,2.2,0,corps,108.7016271924109,0.7001
1255,3,88,29.33,2.7,0,corps,108.64928946433707,0.7890
1256,7,151,21.57,4.4,0,corps,108.59697789858618,1.0833
1257,3,84,28.00,2.7,0,corps,108.54469248208028,0.9179
1258,3,113,37.67,2.7,0,corps,108.49243320174806,0.6687
1259,2,58,29.00,2.2,0,corps,108.44020004452469,0.7178
1260,5,83,16.60,3.6,0,corps,108.38799299735184,1.4321
1261,2,17,8.50,2.2,0,corps,108.33581204717784,2.2118
1262,2,43,21.50,2.2,0,corps,108.28365718095733,1.1451
1263,4,108,27.00,3.1,0,corps,108.23152838565173,1.1284
1264,2,60,30.00,2.2,0,corps,108.17942564822872,0.7382
1265,7,123,17.57,4.4,0,corps,108.12734895566267,1.2995
1266,2,81,40.50,2.2,0,corps,108.07529829493441,0.9758
1267,3,99,33.00,2.7,0,corps,108.02327365303128,0.8678
1268,4,63,15.75,3.1,0,corps,107.97127501694708,0.9964
1269,9,132,14.67,5.3,0,corps,107.91930237368219,5.1094
1270,2,37,18.50,2.2,0,corps,107.86735571024344,0.9105
1271,2,67,33.50,2.2,0,corps,107.81543501364412,1.1230
1272,4,83,20.75,3.1,0,corps,107.76354027090413,1.5926
1273,5,55,11.00,3.6,0,corps,107.71167146904976,1.6046
1274,6,156,26.00,4.0,0,corps,107.65982859511377,1.0360
1275,2,107,53.50,2.2,0,corps,107.60801163613549,0.9103
1276,3,67,22.33,2.7,0,corps,107.55622057916064,0.8563
1277,2,63,31.50,2.2,0,corps,107.50445541124148,0.8972
1278,2,95,47.50,2.2,0,corps,107.4527161194367,0.7991
1279,7,134,19.14,4.4,0,corps,107.40100269081152,1.3383
1280,3,89,29.67,2.7,0,corps,107.34931511243752,1.1291
1281,4,81,20.25,3.1,0,corps,107.29765337139285,1.5473
1282,4,62,15.50,3.1,0,corps,107.24601745476205,9.0415
1283,4,30,7.50,3.1,0,corps,107.19440734963617,2.8803
1284,12,151,12.58,6.7,0,corps,107.14282304311264,1.5109
1285,2,43,21.50,2.2,0,corps,107.09126452229545,0.9453
1286,3,45,15.00,2.7,0,corps,107.03973177429489,1.5216
1287,3,51,17.00,2.7,0,corps,106.98822478622783,1.0743
1288,7,139,19.86,4.4,0,corps,106.9367435452175,1.3273
1289,2,27,13.50,2.2,0,corps,106.88528803839358,0.8935
1290,4,54,13.50,3.1,0,corps,106.83385825289223,1.4200
1291,2,55,27.50,2.2,0,corps,106.78245417585595,0.9330
1292,9,158,17.56,5.3,0,corps,106.73107579443375,1.1569
1293,2,47,23.50,2.2,0,corps,106.67972309578104,1.2873
1294,5,72,14.40,3.6,0,corps,106.62839606705965,1.7776
1295,2,41,20.50,2.2,0,corps,106.5770946954378,1.0203
1296,2,55,27.50,2.2,0,corps,106.52581896809015,1.0625
1297,3,70,23.33,2.7,0,corps,106.47456887219782,0.9510
1298,2,84,42.00,2.2,0,corps,106.42334439494819,0.9779
1299,2,130,65.00,2.2,0,corps,106.37214552353522,0.9115
1300,2,118,59.00,2.2,0,corps,106.32097224515915,1.0512
1301,3,100,33.33,2.7,0,corps,106.26982454702669,1.1649
1302,2,26,13.00,2.2,0,corps,106.21870241635088,1.1270
1303,3,108,36.00,2.7,0,corps,106.16760584035121,1.0479
1304,3,49,16.33,2.7,0,corps,106.11653480625354,1.0705
1305,2,35,17.50,2.2,0,corps,106.06548930129011,2.0262
1306,3,53,17.67,2.7,0,corps,106.0144693126995,1.0789
1307,2,27,13.50,2.2,0,corps,105.96347482772681,1.2712
1308,3,72,24.00,2.7,0,corps,105.91250583362333,1.3551
1309,2,53,26.50,2.2,0,corps,105.86156231764683,1.2705
1310,5,78,15.60,3.6,0,corps,105.81064426706143,6.6566
1311,4,54,13.50,3.1,0,corps,105.75975166913764,2.2539
1312,3,29,9.67,2.7,0,corps,105.70888451115232,2.4911
1313,2,31,15.50,2.2,0,corps,105.65804278038864,1.4448
1314,3,56,18.67,2.7,0,corps,105.60722646413616,1.8708
1315,3,48,16.00,2.7,0,corps,105.55643554969085,1.6866
1316,3,79,26.33,2.7,0,corps,105.50567002435496,0.9584
1317,2,72,36.00,2.2,0,corps,105.4549298754371,1.1363
1318,3,80,26.67,2.7,0,corps,105.40421509025224,1.4563
1319,5,109,21.80,3.6,0,corps,105.35352565612169,1.0677
1320,3,76,25.33,2.7,0,corps,105.30286156037305,0.9803
1321,4,113,28.25,3.1,0,corps,105.25222279034034,0.9976
1322,2,37,18.50,2.2,0,corps,105.20160933336386,1.0783
1323,2,17,8.50,2.2,0,corps,105.15102117679025,1.3159
1324,2,78,39.00,2.2,0,corps,105.10045830797246,0.9971
1325,2,45,22.50,2.2,0,corps,105.04992071426975,1.7680
1326,2,71,35.50,2.2,0,corps,104.99940838304778,0.8193
1327,6,99,16.50,4.0,0,corps,104.94892130167841,1.7772
1328,3,54,18.00,2.7,0,corps,104.89845945753989,1.2537
1329,3,35,11.67,2.7,0,corps,104.84802283801675,1.5141
1330,4,64,16.00,3.1,0,corps,104.79761143049986,1.4250
1331,2,43,21.50,2.2,0,corps,104.74722522238635,1.0645
1332,2,37,18.50,2.2,0,corps,104.69686420107966,1.4282
1333,4,120,30.00,3.1,0,corps,104.64652835398958,1.0918
1334,2,64,32.00,2.2,0,corps,104.59621766853209,1.0090
1335,3,46,15.33,2.7,0,corps,104.54593213212955,1.5042
1336,2,31,15.50,2.2,0,corps,104.49567173221055,0.9334
1337,2,58,29.00,2.2,0,corps,104.44543645621,0.9168
1338,2,53,26.50,2.2,0,corps,104.3952262915691,0.8869
1339,2,14,7.00,2.2,0,corps,104.34504122573529,1.5332
1340,2,90,45.00,2.2,0,corps,104.29488124616233,0.9654
1341,3,65,21.67,2.7,0,corps,104.2447463403102,1.2046
1342,2,21,10.50,2.2,0,corps,104.19463649564516,1.5198
1343,4,89,22.25,3.1,0,corps,104.14455169963976,1.0884
1344,2,26,13.00,2.2,0,corps,104.09449193977282,1.2241
1345,3,42,14.00,2.7,0,corps,104.04445720352939,1.3535
1346,8,141,17.62,4.9,0,corps,103.99444747840076,1.5538
1347,3,82,27.33,2.7,0,corps,103.94446275188456,1.1936
1348,2,27,13.50,2.2,0,corps,103.89450301148453,1.6909
1349,3,65,21.67,2.7,0,corps,103.8445682447108,1.4308
1350,3,38,12.67,2.7,0,corps,103.79465843907964,2.1261
1351,2,45,22.50,2.2,0,corps,103.74477358211361,2.1443
1352,5,113,22.60,3.6,0,corps,103.69491366134147,1.5347
1353,10,193,19.30,5.8,0,corps,103.64507866429831,1.7208
1354,2,46,23.00,2.2,0,corps,103.5952685785253,1.1180
1355,5,86,17.20,3.6,0,corps,103.54548339156997,1.3558
1356,3,38,12.67,2.7,0,corps,103.495723090986,1.8128
1357,6,100,16.67,4.0,0,corps,103.44598766433334,1.3950
1358,4,32,8.00,3.1,0,corps,103.39627709917809,2.4060
1359,2,22,11.00,2.2,0,corps,103.34659138309266,1.3830
1360,5,87,17.40,3.6,0,corps,103.29693050365553,1.4152
1361,2,33,16.50,2.2,0,corps,103.24729444845163,1.2134
1362,7,138,19.71,4.4,0,corps,103.19768320507181,1.3642
1363,2,59,29.50,2.2,0,corps,103.14809676111332,1.2544
1364,9,137,15.22,5.3,0,corps,103.09853510417952,0.9462
1365,2,56,28.00,2.2,0,corps,103.04899822188003,0.9210
1366,3,59,19.67,2.7,0,corps,102.99948610183058,0.6698
1367,6,99,16.50,4.0,0,corps,102.94999873165322,1.2006
1368,2,60,30.00,2.2,0,corps,102.90053609897602,1.3827
1369,2,23,11.50,2.2,0,corps,102.8510981914334,2.7304
1370,2,58,29.00,2.2,0,corps,102.8016849966658,0.9786
1371,3,69,23.00,2.7,0,corps,102.75229650231998,1.1808
1372,5,105,21.00,3.6,0,corps,102.7029326960488,0.7693
1373,6,130,21.67,4.0,0,corps,102.65359356551131,1.0627
1374,4,110,27.50,3.1,0,corps,102.60427909837271,0.7494
1375,2,39,19.50,2.2,0,corps,102.55498928230442,0.9011
1376,2,25,12.50,2.2,0,corps,102.50572410498397,1.0443
1377,2,69,34.50,2.2,0,corps,102.45648355409503,0.6192
1378,4,97,24.25,3.1,0,corps,102.40726761732752,0.8882
1379,6,98,16.33,4.0,0,corps,102.35807628237741,6.1105
1380,3,50,16.67,2.7,0,corps,102.30890953694689,1.7103
1381,3,43,14.33,2.7,0,corps,102.25976736874425,1.5913
1382,2,38,19.00,2.2,0,corps,102.21064976548398,0.9765
1383,4,74,18.50,3.1,0,corps,102.16155671488667,1.5723
1384,3,44,14.67,2.7,0,corps,102.11248820467904,1.6442
1385,7,109,15.57,4.4,0,corps,102.06344422259394,1.6262
1386,3,129,43.00,2.7,0,corps,102.01442475637046,1.0819
1387,6,113,18.83,4.0,0,corps,101.96542979375364,1.2587
1388,2,38,19.00,2.2,0,corps,101.9164593224948,1.4950
1389,2,62,31.00,2.2,0,corps,101.86751333035131,1.4020
1390,2,45,22.50,2.2,0,corps,101.81859180508665,1.2017
1391,3,30,10.00,2.7,0,corps,101.76969473447043,1.9465
1392,4,61,15.25,3.1,0,corps,101.72082210627845,1.5952
1393,4,63,15.75,3.1,0,corps,101.67197390829246,1.4083
1394,2,49,24.50,2.2,0,corps,101.62315012830048,1.1128
1395,4,93,23.25,3.1,0,corps,101.57435075409653,1.4924
1396,4,66,16.50,3.1,0,corps,101.52557577348078,1.6672
1397,4,54,13.50,3.1,0,corps,101.47682517425949,1.1507
1398,4,123,30.75,3.1,0,corps,101.42809894424498,1.1602
1399,7,126,18.00,4.4,0,corps,101.37939707125574,1.5486
1400,3,37,12.33,2.7,0,corps,101.33071954311626,1.6112
1401,4,92,23.00,3.1,0,corps,101.28206634765718,1.3719
1402,3,63,21.00,2.7,0,corps,101.23343747271518,0.8488
1403,3,47,15.67,2.7,0,corps,101.18483290613307,1.2614
1404,3,47,15.67,2.7,0,corps,101.13625263575967,1.8109
1405,2,46,23.00,2.2,0,corps,101.08769664944997,1.3662
1406,3,95,31.67,2.7,0,corps,101.03916493506493,1.0806
1407,2,38,19.00,2.2,0,corps,100.9906574804716,0.9093
1408,6,81,13.50,4.0,0,corps,100.94217427354317,1.4529
1409,4,93,23.25,3.1,0,corps,100.89371530215881,0.9462
1410,4,59,14.75,3.1,0,corps,100.84528055420377,1.2460
1411,2,13,6.50,2.2,0,corps,100.79687001756936,1.4515
1412,2,57,28.50,2.2,0,corps,100.74848368015299,0.8858
1413,4,76,19.00,3.1,0,corps,100.70012152985804,1.3364
1414,5,86,17.20,3.6,0,corps,100.65178355459396,1.1693
1415,3,70,23.33,2.7,0,corps,100.60346974227627,1.4427
1416,2,67,33.50,2.2,0,corps,100.55518008082656,1.1246
1417,4,72,18.00,3.1,0,corps,100.50691455817233,7.0852
1418,4,141,35.25,3.1,0,corps,100.45867316224727,0.9146
1419,4,113,28.25,3.1,0,corps,100.41045588099095,1.3164
1420,2,61,30.50,2.2,0,corps,100.36226270234916,0.8202
1421,2,41,20.50,2.2,0,corps,100.31409361427353,1.9905
1422,5,50,10.00,3.6,0,corps,100.2659486047218,1.6744
1423,7,154,22.00,4.4,0,corps,100.21782766165772,4.9990
1424,3,36,12.00,2.7,0,corps,100.16973077305107,1.3877
1425,2,56,28.00,2.2,0,corps,100.12165792687759,1.1128
1426,2,22,11.00,2.2,0,corps,100.07360911111911,1.4731
1427,6,72,12.00,4.0,0,corps,100.0255843137634,1.2903
1428,6,132,22.00,4.0,0,corps,99.97758352280431,1.3708
1429,2,41,20.50,2.2,0,corps,99.92960672624154,1.2707
1430,3,56,18.67,2.7,0,corps,99.88165391208098,1.0351
1431,3,67,22.33,2.7,0,corps,99.8337250683344,1.2298
1432,2,50,25.00,2.2,0,corps,99.78582018301958,0.6761
1433,2,28,14.00,2.2,0,corps,99.73793924416029,0.7281
1434,3,31,10.33,2.7,0,corps,99.69008223978634,1.7825
1435,4,88,22.00,3.1,0,corps,99.64224915793342,1.3995
1436,3,90,30.00,2.7,0,corps,99.59443998664331,1.0308
1437,6,67,11.17,4.0,0,corps,99.54665471396368,1.7542
1438,2,39,19.50,2.2,0,corps,99.49889332794824,1.1147
1439,4,49,12.25,3.1,0,corps,99.45115581665661,1.2078
1440,6,142,23.67,4.0,0,corps,99.40344216815446,1.5989
1441,3,71,23.67,2.7,0,corps,99.35575237051331,1.1155
1442,5,88,17.60,3.6,0,corps,99.30808641181078,1.6996
1443,3,98,32.67,2.7,0,corps,99.26044428013032,0.9184
1444,2,62,31.00,2.2,0,corps,99.21282596356146,1.0642
1445,3,98,32.67,2.7,0,corps,99.16523145019957,0.9683
1446,4,97,24.25,3.1,0,corps,99.11766072814603,1.2406
1447,4,139,34.75,3.1,0,corps,99.07011378550818,1.3582
1448,2,51,25.50,2.2,0,corps,99.02259061039928,1.2652
1449,2,46,23.00,2.2,0,corps,98.97509119093851,0.7434
1450,4,80,20.00,3.1,0,corps,98.92761551525105,1.0349
1451,2,53,26.50,2.2,0,corps,98.88016357146793,1.7151
1452,3,49,16.33,2.7,0,corps,98.83273534772624,1.4194
1453,6,78,13.00,4.0,0,corps,98.78533083216885,1.3834
1454,5,92,18.40,3.6,0,corps,98.73795001294468,1.4496
1455,3,72,24.00,2.7,0,corps,98.69059287820849,1.5348
1456,2,107,53.50,2.2,0,corps,98.64325941612103,1.3389
1457,7,108,15.43,4.4,0,corps,98.5959496148489,6.7267
1458,2,39,19.50,2.2,0,corps,98.54866346256468,1.0279
1459,4,40,10.00,3.1,0,corps,98.50140094744681,2.3938
1460,2,33,16.50,2.2,0,corps,98.45416205767968,1.4390
1461,2,63,31.50,2.2,0,corps,98.40694678145354,1.3540
1462,3,73,24.33,2.7,0,corps,98.35975510696461,0.9321
1463,2,60,30.00,2.2,0,corps,98.31258702241492,1.2587
1464,4,63,15.75,3.1,0,corps,98.26544251601248,1.8449
1465,2,57,28.50,2.2,0,corps,98.21832157597119,1.4540
1466,2,47,23.50,2.2,0,corps,98.17122419051077,1.5164
1467,8,120,15.00,4.9,0,corps,98.12415034785687,1.6784
1468,3,68,22.67,2.7,0,corps,98.07710003624106,0.8719
1469,2,47,23.50,2.2,0,corps,98.03007324390074,1.5211
1470,2,52,26.00,2.2,0,corps,97.98306995907924,1.0070
1471,5,125,25.00,3.6,0,corps,97.93609017002571,1.2735
1472,5,107,21.40,3.6,0,corps,97.88913386499523,4.0170
1473,4,67,16.75,3.1,0,corps,97.84220103224867,1.5300
1474,3,28,9.33,2.7,0,corps,97.79529166005287,1.2292
1475,3,37,12.33,2.7,0,corps,97.74840573668048,1.9311
1476,3,69,23.00,2.7,0,corps,97.70154325041001,1.0074
1477,2,19,9.50,2.2,0,corps,97.65470418952583,1.7171
1478,2,40,20.00,2.2,0,corps,97.60788854231821,1.1410
1479,4,62,15.50,3.1,0,corps,97.5610962970832,1.3105
1480,2,35,17.50,2.2,0,corps,97.51432744212273,1.3327
1481,2,23,11.50,2.2,0,corps,97.46758196574464,2.0519
1482,2,63,31.50,2.2,0,corps,97.42085985626252,1.4547
1483,2,68,34.00,2.2,0,corps,97.37416110199584,1.1799
1484,4,95,23.75,3.1,0,corps,97.32748569126993,1.1669
1485,4,76,19.00,3.1,0,corps,97.28083361241592,1.2716
1486,5,106,21.20,3.6,0,corps,97.2342048537708,1.4857
1487,6,113,18.83,4.0,0,corps,97.1875994036774,1.4643
1488,4,94,23.50,3.1,0,corps,97.14101725048432,1.5311
1489,6,100,16.67,4.0,0,corps,97.09445838254604,1.5112
1490,2,25,12.50,2.2,0,corps,97.04792278822283,1.2363
1491,4,32,8.00,3.1,0,corps,97.00141045588082,13.6719
1492,5,82,16.40,3.6,0,corps,96.9549213738919,1.4277
1493,6,85,14.17,4.0,0,corps,96.9084555306338,2.0375
1494,2,26,13.00,2.2,0,corps,96.86201291449008,1.2470
1495,2,54,27.00,2.2,0,corps,96.81559351385005,1.1443
1496,6,70,11.67,4.0,0,corps,96.7691973171089,2.2519
1497,3,34,11.33,2.7,0,corps,96.72282431266757,2.1922
1498,2,39,19.50,2.2,0,corps,96.6764744889328,1.6261
1499,2,44,22.00,2.2,0,corps,96.63014783431711,1.1711
1500,2,46,23.00,2.2,0,corps,96.58384433723887,1.5195
1501,2,54,27.00,2.2,0,corps,96.53756398612222,1.1296
1502,3,56,18.67,2.7,0,corps,96.49130676939703,1.4930
1503,3,78,26.00,2.7,0,corps,96.44507267549902,1.1698
1504,7,102,14.57,4.4,0,corps,96.39886169286966,1.5161
1505,5,108,21.60,3.6,0,corps,96.3526738099562,1.3631
1506,2,11,5.50,2.2,0,corps,96.30650901521167,3.9435
1507,3,44,14.67,2.7,0,corps,96.26036729709489,1.4975
1508,6,94,15.67,4.0,0,corps,96.2142486440704,1.4551
1509,2,76,38.00,2.2,0,corps,96.16815304460854,1.0853
1510,6,70,11.67,4.0,0,corps,96.12208048718544,1.3676
1511,2,66,33.00,2.2,0,corps,96.07603096028295,0.6745
1512,2,74,37.00,2.2,0,corps,96.03000445238865,1.2471
1513,3,61,20.33,2.7,0,corps,95.98400095199597,1.1627
1514,3,72,24.00,2.7,0,corps,95.93802044760399,1.0427
1515,3,123,41.00,2.7,0,corps,95.89206292771762,1.0014
1516,4,80,20.00,3.1,0,corps,95.84612838084745,1.1283
1517,7,143,20.43,4.4,0,corps,95.80021679550985,1.0945
1518,4,107,26.75,3.1,0,corps,95.75432816022692,1.2478
1519,5,82,16.40,3.6,0,corps,95.70846246352653,1.2175
1520,3,50,16.67,2.7,0,corps,95.6626196939422,1.1746
1521,3,55,18.33,2.7,0,corps,95.6167998400133,1.7614
1522,2,44,22.00,2.2,0,corps,95.57100289028483,1.1212
1523,4,56,14.00,3.1,0,corps,95.52522883330757,1.5511
1524,2,21,10.50,2.2,0,corps,95.47947765763797,2.3808
1525,3,73,24.33,2.7,0,corps,95.43374935183829,1.4286
1526,2,43,21.50,2.2,0,corps,95.38804390447639,1.0354
1527,6,104,17.33,4.0,0,corps,95.34236130412597,1.0532
1528,2,56,28.00,2.2,0,corps,95.29670153936634,1.2616
1529,5,114,22.80,3.6,0,corps,95.25106459878258,1.4001
1530,5,95,19.00,3.6,0,corps,95.20545047096543,1.5484
1531,4,61,15.25,3.1,0,corps,95.15985914451139,1.8744
1532,4,98,24.50,3.1,0,corps,95.11429060802257,1.4319
1533,3,67,22.33,2.7,0,corps,95.06874485010694,1.4489
1534,3,82,27.33,2.7,0,corps,95.02322185937795,1.0772
1535,3,72,24.00,2.7,0,corps,94.97772162445493,1.7356
1536,2,44,22.00,2.2,0,corps,94.93224413396277,1.0425
1537,2,39,19.50,2.2,0,corps,94.8867893765321,1.1835
1538,5,46,9.20,3.6,0,corps,94.84135734079928,2.3942
1539,6,91,15.17,4.0,0,corps,94.79594801540625,1.3741
1540,2,30,15.00,2.2,0,corps,94.75056138900071,1.7203
1541,10,192,19.20,5.8,0,corps,94.70519745023597,2.0751
1542,2,47,23.50,2.2,0,corps,94.65985618777107,1.6995
1543,2,27,13.50,2.2,0,corps,94.61453759027071,1.8347
1544,3,92,30.67,2.7,0,corps,94.56924164640522,1.2581
1545,3,24,8.00,2.7,0,corps,94.52396834485059,1.8423
1546,3,71,23.67,2.7,0,corps,94.47871767428853,1.1571
1547,6,90,15.00,4.0,0,corps,94.43348962340636,1.5077
1548,3,54,18.00,2.7,0,corps,94.38828418089706,1.2192
1549,5,82,16.40,3.6,0,corps,94.3431013354593,1.4373
1550,7,135,19.29,4.4,0,corps,94.2979410757973,1.3595
1551,4,64,16.00,3.1,0,corps,94.25280339062107,1.7530
1552,4,80,20.00,3.1,0,corps,94.20768826864614,1.1274
1553,2,64,32.00,2.2,0,corps,94.16259569859378,1.3021
1554,2,45,22.50,2.2,0,corps,94.11752566919078,1.1378
1555,2,22,11.00,2.2,0,corps,94.07247816916968,1.4667
1556,2,41,20.50,2.2,0,corps,94.02745318726858,1.1105
1557,4,101,25.25,3.1,0,corps,93.98245071223127,0.8804
1558,5,49,9.80,3.6,0,corps,93.93747073280709,1.5431
1559,3,54,18.00,2.7,0,corps,93.89251323775106,1.3617
1560,5,95,19.00,3.6,0,corps,93.84757821582382,1.4316
1561,2,47,23.50,2.2,0,corps,93.8026656557916,1.2508
1562,7,102,14.57,4.4,0,corps,93.75777554642625,1.0837
1563,3,63,21.00,2.7,0,corps,93.71290787650527,1.2512
1564,10,133,13.30,5.8,0,corps,93.6680626348117,1.1320
1565,2,41,20.50,2.2,0,corps,93.62323981013428,1.0798
1566,6,80,13.33,4.0,0,corps,93.57843939126727,1.2242
1567,8,138,17.25,4.9,0,corps,93.53366136701058,3.9216
1568,4,73,18.25,3.1,0,corps,93.48890572616969,1.4877
1569,3,70,23.33,2.7,0,corps,93.44417245755571,1.2232
1570,2,27,13.50,2.2,0,corps,93.39946154998529,1.3214
1571,2,62,31.00,2.2,0,corps,93.35477299228074,1.1093
1572,3,38,12.67,2.7,0,corps,93.31010677326988,1.0405
1573,7,107,15.29,4.4,0,corps,93.26546288178622,1.2254
1574,4,41,10.25,3.1,0,corps,93.22084130666872,1.3821
1575,6,129,21.50,4.0,0,corps,93.17624203676202,0.9194
1576,5,94,18.80,3.6,0,corps,93.13166506091628,0.8937
1577,4,105,26.25,3.1,0,corps,93.08711036798728,1.0531
1578,3,44,14.67,2.7,0,corps,93.04257794683633,1.8855
1579,3,36,12.00,2.7,0,corps,92.99806778633032,1.1816
1580,9,162,18.00,5.3,0,corps,92.95357987534175,1.0013
1581,2,54,27.00,2.2,0,corps,92.9091142027486,0.9268
1582,3,68,22.67,2.7,0,corps,92.86467075743444,0.9244
1583,2,47,23.50,2.2,0,corps,92.82024952828846,1.2313
1584,3,74,24.67,2.7,0,corps,92.77585050420531,1.2363
1585,2,74,37.00,2.2,0,corps,92.73147367408527,0.7679
1586,4,67,16.75,3.1,0,corps,92.68711902683407,1.5925
1587,3,31,10.33,2.7,0,corps,92.64278655136313,2.1958
1588,7,148,21.14,4.4,0,corps,92.59847623658928,1.4697
1589,3,74,24.67,2.7,0,corps,92.55418807143492,0.9466
1590,2,30,15.00,2.2,0,corps,92.50992204482807,1.2615
1591,4,62,15.50,3.1,0,corps,92.4656781457022,1.1442
1592,2,19,9.50,2.2,0,corps,92.4214563629963,1.5974
1593,3,85,28.33,2.7,0,corps,92.37725668565497,1.1978
1594,3,70,23.33,2.7,0,corps,92.33307910262826,1.3377
1595,6,123,20.50,4.0,0,corps,92.28892360287179,1.4198
1596,2,38,19.00,2.2,0,corps,92.2447901753467,1.4439
1597,2,25,12.50,2.2,0,corps,92.20067880901959,1.9174
1598,6,109,18.17,4.0,0,corps,92.15658949286264,5.6888
1599,3,28,9.33,2.7,0,corps,92.11252221585353,3.0452
1600,4,72,18.00,3.1,0,corps,92.06847696697544,1.7386
1601,7,95,13.57,4.4,0,corps,92.02445373521704,1.9450
1602,2,56,28.00,2.2,0,corps,91.98045250957253,0.9550
1603,2,35,17.50,2.2,0,corps,91.9364732790416,2.2159
1604,7,93,13.29,4.4,0,corps,91.89251603262947,1.8896
1605,5,171,34.20,3.6,0,corps,91.84858075934679,1.5358
1606,2,39,19.50,2.2,0,corps,91.80466744820976,1.2439
1607,2,57,28.50,2.2,0,corps,91.76077608824006,0.8415
1608,4,82,20.50,3.1,0,corps,91.71690666846483,1.4082
1609,3,46,15.33,2.7,0,corps,91.67305917791671,1.1865
1610,2,26,13.00,2.2,0,corps,91.62923360563386,0.6659
1611,4,59,14.75,3.1,0,corps,91.58542994065986,2.3171
1612,4,57,14.25,3.1,0,corps,91.54164817204381,1.5690
1613,4,71,17.75,3.1,0,corps,91.49788828884026,1.7191
1614,3,31,10.33,2.7,0,corps,91.45415028010923,2.1913
1615,5,116,23.20,3.6,0,corps,91.41043413491623,0.8878
1616,4,86,21.50,3.1,0,corps,91.3667398423322,1.5543
1617,3,47,15.67,2.7,0,corps,91.32306739143361,1.4336
1618,3,18,6.00,2.7,0,corps,91.27941677130231,3.2654
1619,10,186,18.60,5.8,0,corps,91.23578797102566,1.4645
1620,2,51,25.50,2.2,0,corps,91.19218097969646,0.8437
1621,2,25,12.50,2.2,0,corps,91.14859578641297,1.3642
1622,2,76,38.00,2.2,0,corps,91.10503238027886,1.2100
1623,5,78,15.60,3.6,0,corps,91.06149075040331,1.3350
1624,4,46,11.50,3.1,0,corps,91.0179708859009,2.0643
1625,2,31,15.50,2.2,0,corps,90.97447277589166,1.4880
1626,4,44,11.00,3.1,0,corps,90.93099640950106,9.6401
1627,4,34,8.50,3.1,0,corps,90.88754177586004,2.4851
1628,3,35,11.67,2.7,0,corps,90.84410886410488,1.0707
1629,3,55,18.33,2.7,0,corps,90.80069766337743,1.6173
1630,5,71,14.20,3.6,0,corps,90.75730816282483,1.7018
1631,6,100,16.67,4.0,0,corps,90.7139403515997,2.1329
1632,2,40,20.00,2.2,0,corps,90.67059421886015,0.9470
1633,4,103,25.75,3.1,0,corps,90.62726975376958,1.8074
1634,3,31,10.33,2.7,0,corps,90.5839669454969,1.2779
1635,3,69,23.00,2.7,0,corps,90.5406857832164,1.3657
1636,4,106,26.50,3.1,0,corps,90.49742625610781,1.3503
1637,5,111,22.20,3.6,0,corps,90.45418835335623,1.3878
1638,3,39,13.00,2.7,0,corps,90.4109720641522,1.7087
1639,4,64,16.00,3.1,0,corps,90.36777737769162,1.3785
1640,7,118,16.86,4.4,0,corps,90.32460428317587,1.7753
1641,4,77,19.25,3.1,0,corps,90.2814527698116,1.4363
1642,2,43,21.50,2.2,0,corps,90.23832282681099,1.1781
1643,3,41,13.67,2.7,0,corps,90.19521444339152,1.6607
1644,5,143,28.60,3.6,0,corps,90.15212760877614,1.1760
1645,3,75,25.00,2.7,0,corps,90.10906231219307,1.3066
1646,2,25,12.50,2.2,0,corps,90.06601854287607,1.6803
1647,5,86,17.20,3.6,0,corps,90.02299629006411,1.7073
1648,5,98,19.60,3.6,0,corps,89.9799955430017,1.6763
1649,5,155,31.00,3.6,0,corps,89.93701629093862,3.6674
1650,2,20,10.00,2.2,0,corps,89.89405852313006,1.7077
1651,9,132,14.67,5.3,0,corps,89.85112222883657,3.2673
1652,2,47,23.50,2.2,0,corps,89.8082073973241,1.6084
1653,6,100,16.67,4.0,0,corps,89.7653140178639,1.4831
1654,4,68,17.00,3.1,0,corps,89.72244207973267,1.4830
1655,3,68,22.67,2.7,0,corps,89.67959157221239,1.6105
1656,3,79,26.33,2.7,0,corps,89.63676248459048,1.4323
1657,6,80,13.33,4.0,0,corps,89.59395480615962,4.4993
1658,4,80,20.00,3.1,0,corps,89.55116852621791,1.2881
1659,10,138,13.80,5.8,0,corps,89.50840363406877,2.0526
1660,4,47,11.75,3.1,0,corps,89.46566011902098,1.8372
1661,3,41,13.67,2.7,0,corps,89.42293797038867,1.3137
1662,3,30,10.00,2.7,0,corps,89.3802371774913,1.2348
1663,5,87,17.40,3.6,0,corps,89.33755772965367,1.5580
1664,2,18,9.00,2.2,0,corps,89.29489961620591,2.8408
1665,3,74,24.67,2.7,0,corps,89.2522628264835,1.4729
1666,3,82,27.33,2.7,0,corps,89.20964734982726,1.2061
1667,3,56,18.67,2.7,0,corps,89.16705317558328,1.7970
1668,4,69,17.25,3.1,0,corps,89.12448029310305,1.6759
1669,5,105,21.00,3.6,0,corps,89.08192869174331,1.0755
1670,3,52,17.33,2.7,0,corps,89.03939836086622,1.3719
1671,6,76,12.67,4.0,0,corps,88.99688928983915,1.6725
1672,2,46,23.00,2.2,0,corps,88.95440146803483,1.3903
1673,13,153,11.77,7.1,0,corps,88.91193488483134,2.1435
1674,6,105,17.50,4.0,0,corps,88.86948952961203,1.1793
1675,8,117,14.62,4.9,0,corps,88.8270653917655,1.6936
1676,8,157,19.62,4.9,0,corps,88.78466246068578,1.2157
1677,2,38,19.00,2.2,0,corps,88.74228072577212,1.3649
1678,4,61,15.25,3.1,0,corps,88.69992017642909,5.4155
1679,2,40,20.00,2.2,0,corps,88.65758080206653,1.6591
1680,2,47,23.50,2.2,0,corps,88.61526259209963,1.4675
1681,3,39,13.00,2.7,0,corps,88.57296553594878,1.5224
1682,3,37,12.33,2.7,0,corps,88.53068962303979,1.5816
1683,3,50,16.67,2.7,0,corps,88.48843484280364,1.7549
1684,2,37,18.50,2.2,0,corps,88.44620118467664,1.8032
1685,4,99,24.75,3.1,0,corps,88.40398863810039,1.3916
1686,3,38,12.67,2.7,0,corps,88.3617971925217,1.5356
1687,5,60,12.00,3.6,0,corps,88.31962683739278,1.4135
1688,2,22,11.00,2.2,0,corps,88.277477562171,1.7652
1689,2,28,14.00,2.2,0,corps,88.23534935631905,1.5199
1690,4,42,10.50,3.1,0,corps,88.19324220930488,1.9334
1691,7,111,15.86,4.4,0,corps,88.15115611060169,1.4907
1692,4,59,14.75,3.1,0,corps,88.10909104968798,1.5815
1693,5,78,15.60,3.6,0,corps,88.06704701604745,1.2370
1694,6,118,19.67,4.0,0,corps,88.02502399916914,1.6254
1695,3,63,21.00,2.7,0,corps,87.98302198854725,1.5473
1696,4,57,14.25,3.1,0,corps,87.94104097368131,2.6645
1697,5,80,16.00,3.6,0,corps,87.89908094407602,1.4903
1698,6,66,11.00,4.0,0,corps,87.85714188924143,1.9814
1699,2,46,23.00,2.2,0,corps,87.81522379869273,1.8608
1700,4,87,21.75,3.1,0,corps,87.77332666195043,1.7041
1701,2,22,11.00,2.2,0,corps,87.73145046854023,1.3144
1702,4,55,13.75,3.1,0,corps,87.6895952079931,1.3554
1703,8,106,13.25,4.9,0,corps,87.64776086984517,1.6111
1704,2,14,7.00,2.2,0,corps,87.60594744363792,4.1571
1705,8,128,16.00,4.9,0,corps,87.56415491891795,3.7138
1706,4,67,16.75,3.1,0,corps,87.52238328523715,1.9268
1707,4,79,19.75,3.1,0,corps,87.48063253215261,1.7109
1708,7,106,15.14,4.4,0,corps,87.43890264922663,1.9081
1709,2,45,22.50,2.2,0,corps,87.39719362602676,1.2321
1710,2,36,18.00,2.2,0,corps,87.35550545212574,1.3157
1711,2,38,19.00,2.2,0,corps,87.3138381171015,1.8307
1712,2,40,20.00,2.2,0,corps,87.27219161053722,1.1997
1713,2,34,17.00,2.2,0,corps,87.23056592202127,1.3274
1714,5,91,18.20,3.6,0,corps,87.18896104114727,1.4046
1715,6,88,14.67,4.0,0,corps,87.14737695751393,1.6760
1716,3,89,29.67,2.7,0,corps,87.10581366072527,1.4383
1717,2,18,9.00,2.2,0,corps,87.06427114039046,1.5866
1718,7,93,13.29,4.4,0,corps,87.02274938612386,1.8636
1719,9,149,16.56,5.3,0,corps,86.98124838754505,1.7581
1720,2,46,23.00,2.2,0,corps,86.93976813427878,1.2311
1721,2,25,12.50,2.2,0,corps,86.89830861595496,1.2678
1722,8,104,13.00,4.9,0,corps,86.85686982220872,1.1940
1723,2,52,26.00,2.2,0,corps,86.81545174268037,1.0331
1724,5,75,15.00,3.6,0,corps,86.7740543670154,1.8920
1725,2,12,6.00,2.2,0,corps,86.73267768486443,4.3478
1726,6,97,16.17,4.0,0,corps,86.69132168588332,1.5499
1727,2,62,31.00,2.2,0,corps,86.64998635973309,0.8660
1728,2,29,14.50,2.2,0,corps,86.60867169607987,2.5435
1729,2,25,12.50,2.2,0,corps,86.56737768459497,1.1443
1730,4,44,11.00,3.1,0,corps,86.52610431495495,7.0414
1731,5,81,16.20,3.6,0,corps,86.48485157684144,1.4829
1732,3,58,19.33,2.7,0,corps,86.44361945994125,1.2517
1733,2,13,6.50,2.2,0,corps,86.40240795394634,0.9668
1734,3,49,16.33,2.7,0,corps,86.36121704855387,1.2907
1735,2,35,17.50,2.2,0,corps,86.32004673346606,1.3997
1736,4,44,11.00,3.1,0,corps,86.2788969983904,1.3596
1737,3,67,22.33,2.7,0,corps,86.23776783303938,0.9563
1738,3,40,13.33,2.7,0,corps,86.19665922713078,1.4138
1739,6,64,10.67,4.0,0,corps,86.1555711703874,6.7181
1740,6,98,16.33,4.0,0,corps,86.11450365253724,1.3810
1741,7,82,11.71,4.4,0,corps,86.07345666331342,4.3115
1742,11,138,12.55,6.2,0,corps,86.0324301924542,2.1295
1743,7,136,19.43,4.4,0,corps,85.99142422970296,1.5742
1744,2,32,16.00,2.2,0,corps,85.95043876480818,0.8100
1745,3,47,15.67,2.7,0,corps,85.90947378752354,1.4226
1746,5,55,11.00,3.6,0,corps,85.86852928760777,1.3304
1747,7,105,15.00,4.4,0,corps,85.82760525482475,2.0075
1748,3,66,22.00,2.7,0,corps,85.78670167894347,1.2705
1749,6,73,12.17,4.0,0,corps,85.74581854973802,2.0879
1750,6,94,15.67,4.0,0,corps,85.70495585698764,1.3318
1751,2,31,15.50,2.2,0,corps,85.66411359047666,0.9620
1752,6,132,22.00,4.0,0,corps,85.6232917399945,1.3919
1753,4,61,15.25,3.1,0,corps,85.5824902953357,1.2027
1754,3,88,29.33,2.7,0,corps,85.5417092462999,0.9212
1755,4,81,20.25,3.1,0,corps,85.50094858269183,1.3554
1756,12,186,15.50,6.7,0,corps,85.46020829432133,1.4414
1757,2,93,46.50,2.2,0,corps,85.41948837100333,1.1769
1758,2,48,24.00,2.2,0,corps,85.37878880255785,1.2155
1759,12,229,19.08,6.7,0,corps,85.33810957880999,1.4098
1760,2,32,16.00,2.2,0,corps,85.29745068958995,1.0779
1761,2,28,14.00,2.2,0,corps,85.256812124733,1.1142
1762,10,161,16.10,5.8,0,corps,85.21619387407952,1.2584
1763,2,53,26.50,2.2,0,corps,85.17559592747492,1.1857
1764,4,66,16.50,3.1,0,corps,85.13501827476972,1.1688
1765,3,56,18.67,2.7,0,corps,85.09446090581953,1.6503
1766,12,160,13.33,6.7,0,corps,85.05392381048496,1.5090
1767,3,61,20.33,2.7,0,corps,85.01340697863179,1.4024
1768,5,157,31.40,3.6,0,corps,84.97291040013077,0.9022
1769,7,102,14.57,4.4,0,corps,84.93243406485779,1.8142
1770,7,169,24.14,4.4,0,corps,84.89197796269373,3.8144
1771,4,67,16.75,3.1,0,corps,84.8515420835246,1.0418
1772,4,62,15.50,3.1,0,corps,84.8111264172414,0.9279
1773,6,104,17.33,4.0,0,corps,84.77073095374023,1.5607
1774,3,56,18.67,2.7,0,corps,84.73035568292221,0.7690
1775,7,97,13.86,4.4,0,corps,84.69000059469354,1.5671
1776,2,34,17.00,2.2,0,corps,84.64966567896543,0.7724
1777,3,36,12.00,2.7,0,corps,84.60935092565417,1.1621
1778,2,30,15.00,2.2,0,corps,84.56905632468106,1.4819
1779,6,90,15.00,4.0,0,corps,84.52878186597245,0.9950
1780,7,115,16.43,4.4,0,corps,84.48852753945972,1.1432
1781,4,70,17.50,3.1,0,corps,84.4482933350793,1.3065
1782,7,93,13.29,4.4,0,corps,84.40807924277263,2.1523
1783,3,57,19.00,2.7,0,corps,84.36788525248619,1.3329
1784,4,86,21.50,3.1,0,corps,84.32771135417147,1.3772
1785,6,107,17.83,4.0,0,corps,84.28755753778503,1.6124
1786,4,71,17.75,3.1,0,corps,84.24742379328838,1.4525
1787,3,46,15.33,2.7,0,corps,84.2073101106481,1.2262
1788,4,53,13.25,3.1,0,corps,84.16721647983576,1.2871
1789,5,54,10.80,3.6,0,corps,84.12714289082797,1.4001
1790,7,124,17.71,4.4,0,corps,84.0870893336063,1.1557
1791,2,52,26.00,2.2,0,corps,84.04705579815739,0.8274
1792,10,173,17.30,5.8,0,corps,84.00704227447285,1.4129
1793,2,17,8.50,2.2,0,corps,83.9670487525493,2.8238
1794,3,34,11.33,2.7,0,corps,83.92707522238834,2.6888
1795,7,185,26.43,4.4,0,corps,83.88712167399662,1.2731
1796,8,119,14.88,4.9,0,corps,83.84718809738571,1.6841
1797,3,88,29.33,2.7,0,corps,83.80727448257225,0.7787
1798,3,81,27.00,2.7,0,corps,83.76738081957784,0.9432
1799,5,82,16.40,3.6,0,corps,83.72750709842904,0.9127
1800,3,42,14.00,2.7,0,corps,83.68765330915743,1.2499
1801,3,50,16.67,2.7,0,corps,83.64781944179957,1.6562
1802,6,112,18.67,4.0,0,corps,83.60800548639696,1.5095
1803,9,99,11.00,5.3,0,corps,83.56821143299616,3.3916
1804,7,90,12.86,4.4,0,corps,83.52843727164863,2.5079
1805,7,113,16.14,4.4,0,corps,83.48868299241083,2.1918
1806,7,80,11.43,4.4,0,corps,83.44894858534418,1.4635
1807,5,51,10.20,3.6,0,corps,83.40923404051512,2.2756
1808,5,182,36.40,3.6,0,corps,83.36953934799496,1.2778
1809,7,96,13.71,4.4,0,corps,83.32986449786006,1.4126
1810,2,50,25.00,2.2,0,corps,83.29020948019169,1.3899
1811,4,68,17.00,3.1,0,corps,83.25057428507611,1.8365
1812,4,85,21.25,3.1,0,corps,83.2109589026045,1.4256
1813,3,68,22.67,2.7,0,corps,83.17136332287305,1.6810
1814,3,55,18.33,2.7,0,corps,83.13178753598282,1.4862
1815,3,75,25.00,2.7,0,corps,83.09223153203989,1.4021
1816,3,54,18.00,2.7,0,corps,83.05269530115528,1.5174
1817,4,49,12.25,3.1,0,corps,83.01317883344488,1.7295
1818,9,175,19.44,5.3,0,corps,82.97368211902962,3.9233
1819,4,62,15.50,3.1,0,corps,82.93420514803529,1.9967
1820,6,78,13.00,4.0,0,corps,82.89474791059264,1.4333
1821,2,66,33.00,2.2,0,corps,82.85531039683742,1.4444
1822,4,101,25.25,3.1,0,corps,82.81589259691017,1.4190
1823,8,98,12.25,4.9,0,corps,82.77649450095652,1.7796
1824,2,58,29.00,2.2,0,corps,82.73711609912687,1.2489
1825,9,61,6.78,5.3,0,corps,82.69775738157668,2.3297
1826,3,61,20.33,2.7,0,corps,82.6584183384662,1.7468
1827,5,95,19.00,3.6,0,corps,82.61909895996077,1.2483
1828,3,65,21.67,2.7,0,corps,82.57979923623046,1.4558
1829,6,68,11.33,4.0,0,corps,82.54051915745038,3.0567
1830,2,22,11.00,2.2,0,corps,82.50125871380048,1.1685
1831,13,199,15.31,7.1,0,corps,82.46201789546569,1.6081
1832,4,67,16.75,3.1,0,corps,82.42279669263577,2.0937
1833,5,110,22.00,3.6,0,corps,82.38359509550544,0.9834
1834,3,43,14.33,2.7,0,corps,82.34441309427429,1.1819
1835,5,70,14.00,3.6,0,corps,82.30525067914681,1.4933
1836,8,125,15.62,4.9,0,corps,82.26610784033241,1.5966
1837,4,67,16.75,3.1,0,corps,82.2269845680454,1.3475
1838,3,59,19.67,2.7,0,corps,82.18788085250492,1.8108
1839,3,52,17.33,2.7,0,corps,82.14879668393506,1.0471
1840,6,99,16.50,4.0,0,corps,82.10973205256478,1.3610
1841,2,35,17.50,2.2,0,corps,82.07068694862792,1.1956
1842,2,25,12.50,2.2,0,corps,82.03166136236321,1.9300
1843,5,68,13.60,3.6,0,corps,81.99265528401423,1.3972
1844,11,179,16.27,6.2,0,corps,81.95366870382949,1.3262
1845,3,49,16.33,2.7,0,corps,81.91470161206234,0.9620
1846,2,19,9.50,2.2,0,corps,81.87575399897099,0.8944
1847,3,37,12.33,2.7,0,corps,81.83682585481854,1.0216
1848,2,55,27.50,2.2,0,corps,81.79791716987296,0.6496
1849,3,44,14.67,2.7,0,corps,81.7590279344071,0.9100
1850,4,53,13.25,3.1,0,corps,81.7201581386986,1.4968
1851,8,109,13.62,4.9,0,corps,81.68130777303006,1.4386
1852,4,68,17.00,3.1,0,corps,81.64247682768885,1.4548
1853,2,49,24.50,2.2,0,corps,81.60366529296726,0.7903
1854,2,44,22.00,2.2,0,corps,81.5648731591624,0.7191
1855,6,96,16.00,4.0,0,corps,81.52610041657623,0.9165
1856,2,36,18.00,2.2,0,corps,81.48734705551557,0.6532
1857,2,39,19.50,2.2,0,corps,81.44861306629207,0.7297
1858,13,192,14.77,7.1,0,corps,81.40989843922225,1.2110
1859,2,50,25.00,2.2,0,corps,81.37120316462743,1.3726
1860,2,36,18.00,2.2,0,corps,81.33252723283381,0.5892
1861,2,35,17.50,2.2,0,corps,81.29387063417242,1.1048
1862,2,38,19.00,2.2,0,corps,81.25523335897907,1.3053
1863,7,64,9.14,4.4,0,corps,81.21661539759447,1.5473
1864,2,54,27.00,2.2,0,corps,81.17801674036413,1.5860
1865,2,18,9.00,2.2,0,corps,81.13943737763836,1.8747
1866,6,91,15.17,4.0,0,corps,81.10087729977234,1.7378
1867,7,93,13.29,4.4,0,corps,81.06233649712605,1.2010
1868,6,97,16.17,4.0,0,corps,81.02381496006427,1.3865
1869,2,28,14.00,2.2,0,corps,80.98531267895666,1.8078
1870,3,31,10.33,2.7,0,corps,80.9468296441776,1.7996
1871,8,153,19.12,4.9,0,corps,80.90836584610636,1.3718
1872,8,171,21.38,4.9,0,corps,80.86992127512698,1.3470
1873,4,61,15.25,3.1,0,corps,80.83149592162833,1.0515
1874,5,50,10.00,3.6,0,corps,80.79308977600404,2.2887
1875,9,74,8.22,5.3,0,corps,80.7547028286526,2.3133
1876,3,41,13.67,2.7,0,corps,80.71633506997729,1.6556
1877,3,43,14.33,2.7,0,corps,80.6779864903861,1.1270
1878,6,70,11.67,4.0,0,corps,80.63965708029197,1.7924
1879,5,78,15.60,3.6,0,corps,80.6013468301125,1.8348
1880,3,44,14.67,2.7,0,corps,80.56305573027015,0.9946
1881,2,46,23.00,2.2,0,corps,80.5247837711921,1.7029
1882,3,29,9.67,2.7,0,corps,80.48653094331041,2.2013
1883,6,79,13.17,4.0,0,corps,80.44829723706187,1.7064
1884,2,20,10.00,2.2,0,corps,80.410082642888,1.5400
1885,4,88,22.00,3.1,0,corps,80.37188715123521,1.1325
1886,8,94,11.75,4.9,0,corps,80.33371075255461,3.5369
1887,4,61,15.25,3.1,0,corps,80.29555343730209,1.5412
1888,9,180,20.00,5.3,0,corps,80.25741519593834,2.8741
1889,3,36,12.00,2.7,0,corps,80.21929601892876,1.8238
1890,12,137,11.42,6.7,0,corps,80.18119589674359,1.9743
1891,2,51,25.50,2.2,0,corps,80.1431148198578,1.4282
1892,3,47,15.67,2.7,0,corps,80.1050527787511,1.4857
1893,2,34,17.00,2.2,0,corps,80.06700976390799,1.9918
1894,5,61,12.20,3.6,0,corps,80.02898576581774,2.0813
1895,2,44,22.00,2.2,0,corps,79.9909807749743,1.1492
1896,10,145,14.50,5.8,0,corps,79.95299478187647,1.9963
1897,3,27,9.00,2.7,0,corps,79.91502777702773,1.9500
1898,4,74,18.50,3.1,0,corps,79.87707975093632,2.0282
1899,6,95,15.83,4.0,0,corps,79.83915069411525,1.8229
1900,2,45,22.50,2.2,0,corps,79.80124059708224,1.3953
1901,2,46,23.00,2.2,0,corps,79.76334945035978,1.4361
1902,7,114,16.29,4.4,0,corps,79.72547724447507,1.9173
1903,4,44,11.00,3.1,0,corps,79.68762396996007,1.8404
1904,2,16,8.00,2.2,0,corps,79.64978961735146,1.8103
1905,9,142,15.78,5.3,0,corps,79.61197417719065,1.4599
1906,9,156,17.33,5.3,0,corps,79.57417764002376,1.7605
1907,2,10,5.00,2.2,0,corps,79.5363999964017,2.5091
1908,2,35,17.50,2.2,0,corps,79.49864123688002,1.8975
1909,3,21,7.00,2.7,0,corps,79.46090135201904,3.7577
1910,3,46,15.33,2.7,0,corps,79.42318033238381,1.1844
1911,5,59,11.80,3.6,0,corps,79.38547816854403,1.4993
1912,9,134,14.89,5.3,0,corps,79.3477948510742,1.2357
1913,2,44,22.00,2.2,0,corps,79.31013037055347,2.3206
1914,2,52,26.00,2.2,0,corps,79.27248471756572,1.0546
1915,9,120,13.33,5.3,0,corps,79.23485788269954,1.8801
1916,2,41,20.50,2.2,0,corps,79.19724985654824,1.5556
1917,2,84,42.00,2.2,0,corps,79.15966062970978,1.2907
1918,4,112,28.00,3.1,0,corps,79.12209019278687,1.1920
1919,2,41,20.50,2.2,0,corps,79.0845385363869,1.3682
1920,2,33,16.50,2.2,0,corps,79.04700565112196,2.4980
1921,2,53,26.50,2.2,0,corps,79.00949152760882,1.0247
1922,6,100,16.67,4.0,0,corps,78.97199615646895,1.3692
1923,6,64,10.67,4.0,0,corps,78.93451952832852,1.9391
1924,3,78,26.00,2.7,0,corps,78.89706163381835,1.2046
1925,3,56,18.67,2.7,0,corps,78.85962246357398,1.2593
1926,2,71,35.50,2.2,0,corps,78.82220200823564,1.1002
1927,2,33,16.50,2.2,0,corps,78.78480025844816,1.3591
1928,5,121,24.20,3.6,0,corps,78.74741720486116,1.2220
1929,2,27,13.50,2.2,0,corps,78.71005283812883,1.3352
1930,2,32,16.00,2.2,0,corps,78.6727071489101,1.5311
1931,10,163,16.30,5.8,0,corps,78.63538012786856,1.7330
1932,6,93,15.50,4.0,0,corps,78.59807176567243,1.7546
1933,4,88,22.00,3.1,0,corps,78.56078205299463,1.4954
1934,7,95,13.57,4.4,0,corps,78.52351098051274,1.0854
1935,6,72,12.00,4.0,0,corps,78.48625853890896,1.6250
1936,4,57,14.25,3.1,0,corps,78.44902471887023,1.1092
1937,5,54,10.80,3.6,0,corps,78.41180951108805,2.1307
1938,3,83,27.67,2.7,0,corps,78.37461290625865,0.9587
1939,10,165,16.50,5.8,0,corps,78.33743489508286,1.4510
1940,8,104,13.00,4.9,0,corps,78.30027546826616,7.2092
1941,9,123,13.67,5.3,0,corps,78.26313461651874,1.9009
1942,2,46,23.00,2.2,0,corps,78.22601233055535,1.6075
1943,8,118,14.75,4.9,0,corps,78.18890860109543,1.6174
1944,2,17,8.50,2.2,0,corps,78.15182341886306,1.6714
1945,10,129,12.90,5.8,0,corps,78.11475677458691,1.7128
1946,4,60,15.00,3.1,0,corps,78.07770865900035,2.3532
1947,8,124,15.50,4.9,0,corps,78.04067906284135,1.7141
1948,3,39,13.00,2.7,0,corps,78.00366797685248,1.5998
1949,4,76,19.00,3.1,0,corps,77.96667539178101,1.3901
1950,5,90,18.00,3.6,0,corps,77.92970129837876,1.3951
1951,2,24,12.00,2.2,0,corps,77.89274568740223,1.0541
1952,3,55,18.33,2.7,0,corps,77.85580854961249,1.3811
1953,3,48,16.00,2.7,0,corps,77.81888987577528,1.2831
1954,6,75,12.50,4.0,0,corps,77.78198965666093,2.4823
1955,2,53,26.50,2.2,0,corps,77.74510788304437,1.3067
1956,6,86,14.33,4.0,0,corps,77.70824454570517,1.8578
1957,13,214,16.46,7.1,0,corps,77.67139963542749,1.4140
1958,4,114,28.50,3.1,0,corps,77.63457314300011,1.2802
1959,2,15,7.50,2.2,0,corps,77.59776505921639,1.6784
1960,2,61,30.50,2.2,0,corps,77.56097537487432,1.6715
1961,4,84,21.00,3.1,0,corps,77.52420408077647,1.1613
1962,3,48,16.00,2.7,0,corps,77.48745116773003,1.0266
1963,3,49,16.33,2.7,0,corps,77.45071662654675,1.5750
1964,5,68,13.60,3.6,0,corps,77.41400044804304,1.5872
1965,2,63,31.50,2.2,0,corps,77.3773026230398,1.0705
1966,4,60,15.00,3.1,0,corps,77.3406231423626,1.6878
1967,17,211,12.41,8.9,0,corps,77.30396199684158,1.4988
1968,2,24,12.00,2.2,0,corps,77.26731917731144,1.2246
1969,3,33,11.00,2.7,0,corps,77.23069467461146,1.2950
1970,7,135,19.29,4.4,0,corps,77.19408847958555,1.1597
1971,4,48,12.00,3.1,0,corps,77.15750058308211,1.7357
1972,12,177,14.75,6.7,0,corps,77.12093097595422,1.4620
1973,6,71,11.83,4.0,0,corps,77.08437964905946,1.6469
1974,6,106,17.67,4.0,0,corps,77.04784659325999,1.0952
1975,9,110,12.22,5.3,0,corps,77.01133179942254,1.7794
1976,6,67,11.17,4.0,0,corps,76.97483525841842,1.3053
1977,2,35,17.50,2.2,0,corps,76.9383569611235,1.6873
1978,8,97,12.12,4.9,0,corps,76.90189689841822,2.0180
1979,2,22,11.00,2.2,0,corps,76.8654550611875,1.2904
1980,3,34,11.33,2.7,0,corps,76.82903144032096,1.2022
1981,2,51,25.50,2.2,0,corps,76.79262602671264,1.1450
1982,4,60,15.00,3.1,0,corps,76.75623881126121,1.0676
1983,4,48,12.00,3.1,0,corps,76.71986978486987,1.2896
1984,4,109,27.25,3.1,0,corps,76.68351893844635,1.1135
1985,2,54,27.00,2.2,0,corps,76.64718626290295,0.7375
1986,2,26,13.00,2.2,0,corps,76.61087174915649,1.5050
1987,5,76,15.20,3.6,0,corps,76.57457538812834,1.3163
1988,5,70,14.00,3.6,0,corps,76.53829717074441,1.1887
1989,7,108,15.43,4.4,0,corps,76.50203708793516,1.1663
1990,6,76,12.67,4.0,0,corps,76.46579513063556,1.3567
1991,5,97,19.40,3.6,0,corps,76.42957128978512,1.0355
1992,6,83,13.83,4.0,0,corps,76.39336555632788,1.2424
1993,3,46,15.33,2.7,0,corps,76.3571779212124,1.1821
1994,2,39,19.50,2.2,0,corps,76.32100837539178,1.2350
1995,8,73,9.12,4.9,0,corps,76.28485690982363,13.1531
1996,4,45,11.25,3.1,0,corps,76.24872351547009,1.4167
1997,8,170,21.25,4.9,0,corps,76.21260818329779,1.2903
1998,3,61,20.33,2.7,0,corps,76.17651090427793,1.4794
1999,2,38,19.00,2.2,0,corps,76.14043166938616,1.0769
2000,2,26,13.00,2.2,0,corps,76.1043704696027,1.1189
2001,4,78,19.50,3.1,0,corps,76.06832729591221,1.5001
2002,9,91,10.11,5.3,0,corps,76.03230213930394,2.1120
2003,8,156,19.50,4.9,0,corps,75.99629499077156,1.5021
2004,6,81,13.50,4.0,0,corps,75.96030584131333,2.1310
2005,3,38,12.67,2.7,0,corps,75.92433468193191,1.7269
2006,7,89,12.71,4.4,0,corps,75.88838150363455,1.7391
2007,3,46,15.33,2.7,0,corps,75.85244629743292,1.4741
2008,9,132,14.67,5.3,0,corps,75.81652905434326,2.3081
2009,8,132,16.50,4.9,0,corps,75.78062976538622,1.6586
2010,6,65,10.83,4.0,0,corps,75.74474842158702,1.8497
2011,3,61,20.33,2.7,0,corps,75.70888501397526,1.2860
2012,3,55,18.33,2.7,0,corps,75.67303953358517,1.3721
2013,9,167,18.56,5.3,0,corps,75.63721197145532,5.2845
2014,3,37,12.33,2.7,0,corps,75.60140231862883,2.7622
2015,2,44,22.00,2.2,0,corps,75.5656105661533,1.1430
2016,3,65,21.67,2.7,0,corps,75.52983670508078,1.3653
2017,6,100,16.67,4.0,0,corps,75.4940807264678,1.5522
2018,2,38,19.00,2.2,0,corps,75.4583426213754,1.0864
2019,7,146,20.86,4.4,0,corps,75.42262238086899,1.2866
2020,6,53,8.83,4.0,0,corps,75.38691999601858,14.8071
2021,4,78,19.50,3.1,0,corps,75.35123545789853,0.9802
2022,4,68,17.00,3.1,0,corps,75.31556875758771,1.0836
2023,9,142,15.78,5.3,0,corps,75.27991988616945,1.0577
2024,6,56,9.33,4.0,0,corps,75.24428883473153,1.0549
2025,5,131,26.20,3.6,0,corps,75.20867559436621,1.1774
2026,4,65,16.25,3.1,0,corps,75.17308015617014,1.0129
2027,3,45,15.00,2.7,0,corps,75.13750251124448,1.2690
2028,2,38,19.00,2.2,0,corps,75.10194265069484,1.1270
2029,3,51,17.00,2.7,0,corps,75.06640056563123,0.8939
2030,4,63,15.75,3.1,0,corps,75.03087624716812,1.1879
2031,11,136,12.36,6.2,0,corps,74.99536968642443,3.1668
2032,3,39,13.00,2.7,0,corps,74.95988087452355,1.8353
2033,6,88,14.67,4.0,0,corps,74.92440980259325,1.1332
2034,5,69,13.80,3.6,0,corps,74.88895646176577,1.2206
2035,2,39,19.50,2.2,0,corps,74.85352084317776,1.5116
2036,5,68,13.60,3.6,0,corps,74.81810293797035,1.2440
2037,4,74,18.50,3.1,0,corps,74.78270273728906,1.2395
2038,5,86,17.20,3.6,0,corps,74.74732023228378,1.0294
2039,2,40,20.00,2.2,0,corps,74.71195541410896,1.2424
2040,2,34,17.00,2.2,0,corps,74.67660827392335,1.4438
2041,12,150,12.50,6.7,0,corps,74.64127880289018,1.5949
2042,8,122,15.25,4.9,0,corps,74.60596699217709,1.1889
2043,3,72,24.00,2.7,0,corps,74.57067283295608,1.1599
2044,8,93,11.62,4.9,0,corps,74.53539631640368,1.4579
2045,3,31,10.33,2.7,0,corps,74.50013743370071,1.2236
2046,3,41,13.67,2.7,0,corps,74.46489617603247,1.1184
2047,3,34,11.33,2.7,0,corps,74.42967253458863,1.0521
2048,3,53,17.67,2.7,0,corps,74.3944665005633,1.5057
2049,2,42,21.00,2.2,0,corps,74.35927806515497,1.3738
2050,2,33,16.50,2.2,0,corps,74.32410721956651,1.5071
2051,5,68,13.60,3.6,0,corps,74.28895395500523,1.2417
2052,8,91,11.38,4.9,0,corps,74.2538182626828,1.6891
2053,8,96,12.00,4.9,0,corps,74.2187001338153,1.6304
2054,2,16,8.00,2.2,0,corps,74.18359955962322,1.5791
2055,13,156,12.00,7.1,0,corps,74.14851653133137,6.7923
2056,4,90,22.50,3.1,0,corps,74.11345104016902,1.7823
2057,15,175,11.67,8.0,0,corps,74.0784030773698,1.7998
2058,3,41,13.67,2.7,0,corps,74.04337263417173,1.6452
2059,3,34,11.33,2.7,0,corps,74.00835970181716,2.1117
2060,4,56,14.00,3.1,0,corps,73.97336427155288,1.9304
2061,7,130,18.57,4.4,0,corps,73.93838633463005,1.5064
2062,8,114,14.25,4.9,0,corps,73.90342588230416,1.5983
2063,13,157,12.08,7.1,0,corps,73.8684829058351,1.9216
2064,3,47,15.67,2.7,0,corps,73.83355739648712,1.5307
2065,5,48,9.60,3.6,0,corps,73.79864934552887,3.2524
2066,2,18,9.00,2.2,0,corps,73.76375874423333,2.0047
2067,3,57,19.00,2.7,0,corps,73.72888558387783,1.2712
2068,6,74,12.33,4.0,0,corps,73.69402985574408,1.3802
2069,6,107,17.83,4.0,0,corps,73.65919155111817,1.1236
2070,2,34,17.00,2.2,0,corps,73.6243706612905,1.5076
2071,6,99,16.50,4.0,0,corps,73.58956717755585,7.7885
2072,5,124,24.80,3.6,0,corps,73.55478109121337,1.6683
2073,4,62,15.50,3.1,0,corps,73.52001239356653,1.7151
2074,2,37,18.50,2.2,0,corps,73.48526107592315,2.1867
2075,4,66,16.50,3.1,0,corps,73.45052712959537,1.4753
2076,2,18,9.00,2.2,0,corps,73.41581054589977,1.3925
2077,8,112,14.00,4.9,0,corps,73.38111131615716,2.0564
2078,3,32,10.67,2.7,0,corps,73.34642943169274,1.8596
2079,4,60,15.00,3.1,0,corps,73.31176488383603,1.5078
2080,2,32,16.00,2.2,0,corps,73.2771176639209,1.4305
2081,3,48,16.00,2.7,0,corps,73.24248776328557,2.0742
2082,5,45,9.00,3.6,0,corps,73.20787517327253,1.4938
2083,7,75,10.71,4.4,0,corps,73.17327988522862,1.4463
2084,2,25,12.50,2.2,0,corps,73.13870189050508,1.2891
2085,2,36,18.00,2.2,0,corps,73.10414118045735,1.0148
2086,3,57,19.00,2.7,0,corps,73.06959774644528,1.1415
2087,5,71,14.20,3.6,0,corps,73.03507157983299,1.4862
2088,3,35,11.67,2.7,0,corps,73.00056267198897,1.7265
2089,7,95,13.57,4.4,0,corps,72.96607101428599,1.7528
2090,3,42,14.00,2.7,0,corps,72.93159659810112,1.2953
2091,3,68,22.67,2.7,0,corps,72.89713941481574,1.1101
2092,7,120,17.14,4.4,0,corps,72.86269945581557,1.4876
2093,6,92,15.33,4.0,0,corps,72.82827671249063,1.3667
2094,7,122,17.43,4.4,0,corps,72.79387117623524,6.0051
2095,7,134,19.14,4.4,0,corps,72.759482838448,1.4117
2096,8,114,14.25,4.9,0,corps,72.72511169053182,1.8251
2097,2,29,14.50,2.2,0,corps,72.69075772389392,1.4062
2098,2,38,19.00,2.2,0,corps,72.65642092994581,1.0609
2099,6,68,11.33,4.0,0,corps,72.62210130010328,1.3989
2100,4,65,16.25,3.1,0,corps,72.58779882578644,1.6117
2101,5,72,14.40,3.6,0,corps,72.55351349841968,1.7313
2102,7,104,14.86,4.4,0,corps,72.51924530943164,1.8608
2103,8,115,14.38,4.9,0,corps,72.48499425025527,1.4985
2104,6,75,12.50,4.0,0,corps,72.45076031232783,2.0614
2105,2,59,29.50,2.2,0,corps,72.41654348709083,1.7967
2106,2,35,17.50,2.2,0,corps,72.38234376599007,1.1179
2107,5,61,12.20,3.6,0,corps,72.34816114047557,1.7707
2108,10,151,15.10,5.8,0,corps,72.31399560200174,1.9654
2109,2,74,37.00,2.2,0,corps,72.27984714202717,1.3654
2110,9,137,15.22,5.3,0,corps,72.24571575201473,1.7106
2111,2,24,12.00,2.2,0,corps,72.21160142343156,1.7195
2112,5,45,9.00,3.6,0,corps,72.17750414774913,1.9094
2113,2,37,18.50,2.2,0,corps,72.1434239164431,1.6158
2114,12,187,15.58,6.7,0,corps,72.1093607209934,1.4657
2115,7,93,13.29,4.4,0,corps,72.07531455288421,2.0840
2116,4,46,11.50,3.1,0,corps,72.04128540360402,1.9135
2117,3,64,21.33,2.7,0,corps,72.00727326464556,1.5184
2118,10,138,13.80,5.8,0,corps,71.97327812750575,1.5463
2119,3,62,20.67,2.7,0,corps,71.93929998368583,1.5757
2120,2,29,14.50,2.2,0,corps,71.90533882469126,2.2960
2121,9,133,14.78,5.3,0,corps,71.87139464203175,1.1850
2122,6,93,15.50,4.0,0,corps,71.83746742722126,0.9657
2123,9,142,15.78,5.3,0,corps,71.80355717177797,1.3077
2124,6,77,12.83,4.0,0,corps,71.76966386722432,0.9876
2125,3,36,12.00,2.7,0,corps,71.73578750508702,1.4791
2126,10,141,14.10,5.8,0,corps,71.70192807689692,1.7290
2127,5,71,14.20,3.6,0,corps,71.6680855741892,1.1252
2128,8,105,13.12,4.9,0,corps,71.63425998850322,1.1080
2129,2,32,16.00,2.2,0,corps,71.6004513113826,1.4485
2130,6,62,10.33,4.0,0,corps,71.56665953437515,1.2314
2131,3,42,14.00,2.7,0,corps,71.53288464903295,1.2983
2132,16,283,17.69,8.4,0,corps,71.49912664691225,5.1215
2133,2,49,24.50,2.2,0,corps,71.46538551957357,2.0855
2134,5,80,16.00,3.6,0,corps,71.43166125858163,1.1375
2135,3,35,11.67,2.7,0,corps,71.39795385550534,1.2918
2136,2,28,14.00,2.2,0,corps,71.36426330191786,1.3223
2137,8,132,16.50,4.9,0,corps,71.33058958939658,1.4562
2138,9,148,16.44,5.3,0,corps,71.29693270952303,1.4463
2139,5,90,18.00,3.6,0,corps,71.26329265388303,1.5887
2140,5,90,18.00,3.6,0,corps,71.22966941406649,1.1651
2141,2,66,33.00,2.2,0,corps,71.19606298166772,1.3403
2142,16,182,11.38,8.4,0,corps,71.16247334828502,1.2653
2143,4,68,17.00,3.1,0,corps,71.128900505521,1.0947
2144,5,47,9.40,3.6,0,corps,71.09534444498244,1.4200
2145,3,39,13.00,2.7,0,corps,71.06180515828036,1.3191
2146,2,28,14.00,2.2,0,corps,71.02828263702993,1.4942
2147,2,30,15.00,2.2,0,corps,70.9947768728505,1.1692
2148,8,79,9.88,4.9,0,corps,70.96128785736562,3.9648
2149,9,119,13.22,5.3,0,corps,70.92781558220307,1.4277
2150,5,57,11.40,3.6,0,corps,70.89436003899478,2.3304
2151,5,91,18.20,3.6,0,corps,70.86092121937682,1.2189
2152,7,90,12.86,4.4,0,corps,70.82749911498951,1.2391
2153,2,64,32.00,2.2,0,corps,70.79409371747734,1.1241
2154,12,140,11.67,6.7,0,corps,70.76070501848896,1.3659
2155,7,55,7.86,4.4,0,corps,70.72733300967717,2.3183
2156,2,40,20.00,2.2,0,corps,70.69397768269896,1.6178
2157,2,32,16.00,2.2,0,corps,70.66063902921555,1.6716
2158,5,60,12.00,3.6,0,corps,70.62731704089222,1.5971
2159,7,99,14.14,4.4,0,corps,70.59401170939852,2.1740
2160,3,36,12.00,2.7,0,corps,70.56072302640807,1.6816
2161,6,93,15.50,4.0,0,corps,70.52745098359874,1.0421
2162,5,78,15.60,3.6,0,corps,70.4941955726525,1.1395
2163,4,45,11.25,3.1,0,corps,70.4609567852555,1.9005
2164,4,58,14.50,3.1,0,corps,70.42773461309804,2.0659
2165,2,30,15.00,2.2,0,corps,70.39452904787457,1.1203
2166,3,46,15.33,2.7,0,corps,70.36134008128373,1.0508
2167,3,30,10.00,2.7,0,corps,70.32816770502825,1.5969
2168,7,96,13.71,4.4,0,corps,70.295011910815,1.4519
2169,2,53,26.50,2.2,0,corps,70.26187269035513,1.4904
2170,2,47,23.50,2.2,0,corps,70.22875003536376,1.0793
2171,5,67,13.40,3.6,0,corps,70.19564393756025,1.4010
2172,6,78,13.00,4.0,0,corps,70.16255438866804,1.5187
2173,2,65,32.50,2.2,0,corps,70.12948138041479,1.1038
2174,8,100,12.50,4.9,0,corps,70.09642490453224,1.6559
2175,4,65,16.25,3.1,0,corps,70.06338495275625,1.4976
2176,3,55,18.33,2.7,0,corps,70.03036151682683,1.1857
2177,6,97,16.17,4.0,0,corps,69.99735458848816,1.3922
2178,3,66,22.00,2.7,0,corps,69.96436415948845,1.2478
2179,8,82,10.25,4.9,0,corps,69.93139022158016,9.4199
2180,3,62,20.67,2.7,0,corps,69.89843276651973,1.4202
2181,6,73,12.17,4.0,0,corps,69.86549178606786,1.3307
2182,3,59,19.67,2.7,0,corps,69.83256727198928,1.2017
2183,2,30,15.00,2.2,0,corps,69.79965921605286,1.6365
2184,4,65,16.25,3.1,0,corps,69.76676761003156,1.1845
2185,6,65,10.83,4.0,0,corps,69.73389244570252,2.0525
2186,7,94,13.43,4.4,0,corps,69.70103371484694,1.4151
2187,11,123,11.18,6.2,0,corps,69.66819140925016,1.3895
2188,2,53,26.50,2.2,0,corps,69.63536552070153,1.3791
2189,5,74,14.80,3.6,0,corps,69.60255604099463,1.2899
2190,6,84,14.00,4.0,0,corps,69.5697629619271,1.5868
2191,15,159,10.60,8.0,0,corps,69.53698627530063,2.2883
2192,3,46,15.33,2.7,0,corps,69.50422597292108,1.6254
2193,2,40,20.00,2.2,0,corps,69.47148204659837,1.3530
2194,12,164,13.67,6.7,0,corps,69.43875448814651,1.6770
2195,2,109,54.50,2.2,0,corps,69.40604328938362,1.1312
2196,7,81,11.57,4.4,0,corps,69.37334844213187,1.5507
2197,4,115,28.75,3.1,0,corps,69.34066993821759,1.1819
2198,6,65,10.83,4.0,0,corps,69.30800776947112,1.7901
2199,4,36,9.00,3.1,0,corps,69.27536192772695,1.2674
2200,6,116,19.33,4.0,0,corps,69.2427324048236,1.3838
2201,6,82,13.67,4.0,0,corps,69.21011919260368,1.5050
2202,6,102,17.00,4.0,0,corps,69.17752228291391,1.2053
2203,3,42,14.00,2.7,0,corps,69.14494166760504,1.2911
2204,6,89,14.83,4.0,0,corps,69.11237733853191,1.7922
2205,2,19,9.50,2.2,0,corps,69.07982928755348,1.5747
2206,2,47,23.50,2.2,0,corps,69.04729750653271,1.1452
2207,5,102,20.40,3.6,0,corps,69.01478198733666,1.0271
2208,5,107,21.40,3.6,0,corps,68.98228272183641,1.1771
2209,8,126,15.75,4.9,0,corps,68.94979970190722,1.5748
2210,3,32,10.67,2.7,0,corps,68.91733291942828,1.2685
2211,3,60,20.00,2.7,0,corps,68.88488236628291,1.0618
2212,4,71,17.75,3.1,0,corps,68.85244803435845,1.3195
2213,8,76,9.50,4.9,0,corps,68.82002991554636,1.5654
2214,7,84,12.00,4.4,0,corps,68.78762800174208,1.8371
2215,5,67,13.40,3.6,0,corps,68.75524228484514,1.5906
2216,8,131,16.38,4.9,0,corps,68.72287275675909,1.6864
2217,2,37,18.50,2.2,0,corps,68.69051940939158,0.9690
2218,9,166,18.44,5.3,0,corps,68.65818223465426,1.4703
2219,2,56,28.00,2.2,0,corps,68.62586122446285,0.8805
2220,3,32,10.67,2.7,0,corps,68.59355637073706,1.4664
2221,9,124,13.78,5.3,0,corps,68.5612676654007,1.4640
2222,6,104,17.33,4.0,0,corps,68.52899510038161,1.2729
2223,5,64,12.80,3.6,0,corps,68.49673866761162,1.0325
2224,2,47,23.50,2.2,0,corps,68.46449835902662,1.3689
2225,2,26,13.00,2.2,0,corps,68.43227416656657,1.5191
2226,4,51,12.75,3.1,0,corps,68.40006608217539,2.0389
2227,4,59,14.75,3.1,0,corps,68.36787409780106,1.1497
2228,12,134,11.17,6.7,0,corps,68.33569820539557,1.4114
2229,13,137,10.54,7.1,0,corps,68.303538396915,1.8492
2230,5,63,12.60,3.6,0,corps,68.27139466431936,1.0702
2231,6,59,9.83,4.0,0,corps,68.23926699957272,1.6287
2232,8,104,13.00,4.9,0,corps,68.20715539464315,1.5062
2233,9,132,14.67,5.3,0,corps,68.17505984150276,1.3202
2234,3,35,11.67,2.7,0,corps,68.14298033212768,1.8927
2235,2,44,22.00,2.2,0,corps,68.11091685849803,1.4293
2236,3,39,13.00,2.7,0,corps,68.07886941259788,1.2883
2237,6,107,17.83,4.0,0,corps,68.04683798641547,1.2085
2238,4,77,19.25,3.1,0,corps,68.01482257194287,1.3827
2239,5,96,19.20,3.6,0,corps,67.98282316117624,1.4044
2240,9,110,12.22,5.3,0,corps,67.95083974611573,1.1600
2241,2,17,8.50,2.2,0,corps,67.91887231876551,1.4689
2242,3,43,14.33,2.7,0,corps,67.88692087113368,1.5227
2243,3,57,19.00,2.7,0,corps,67.85498539523243,1.2939
2244,3,49,16.33,2.7,0,corps,67.82306588307783,1.5844
2245,5,89,17.80,3.6,0,corps,67.79116232669004,1.5312
2246,3,33,11.00,2.7,0,corps,67.75927471809318,2.5977
2247,3,58,19.33,2.7,0,corps,67.72740304931531,1.4395
2248,2,33,16.50,2.2,0,corps,67.69554731238854,1.5676
2249,7,73,10.43,4.4,0,corps,67.66370749934894,1.7709
2250,4,73,18.25,3.1,0,corps,67.63188360223656,1.4151
2251,2,18,9.00,2.2,0,corps,67.60007561309538,1.8644
2252,9,135,15.00,5.3,0,corps,67.56828352397346,1.4883
2253,2,30,15.00,2.2,0,corps,67.53650732692272,1.3267
2254,4,73,18.25,3.1,0,corps,67.50474701399918,1.6244
2255,10,112,11.20,5.8,0,corps,67.4730025772627,8.6281
2256,2,28,14.00,2.2,0,corps,67.44127400877721,2.9269
2257,4,83,20.75,3.1,0,corps,67.40956130061053,2.2508
2258,15,182,12.13,8.0,0,corps,67.37786444483453,1.9723
2259,7,186,26.57,4.4,0,corps,67.34618343352496,1.0874
2260,3,50,16.67,2.7,0,corps,67.31451825876158,1.7695
2261,6,73,12.17,4.0,0,corps,67.28286891262809,1.4221
2262,2,78,39.00,2.2,0,corps,67.25123538721218,0.9516
2263,5,80,16.00,3.6,0,corps,67.21961767460542,0.9267
2264,10,109,10.90,5.8,0,corps,67.1880157669034,3.0749
2265,5,57,11.40,3.6,0,corps,67.15642965620567,1.7743
2266,11,119,10.82,6.2,0,corps,67.12485933461568,1.9214
2267,2,43,21.50,2.2,0,corps,67.09330479424086,1.2737
2268,5,51,10.20,3.6,0,corps,67.06176602719256,1.7961
2269,6,79,13.17,4.0,0,corps,67.03024302558609,1.8626
2270,2,38,19.00,2.2,0,corps,66.9987357815407,1.0108
2271,6,74,12.33,4.0,0,corps,66.96724428717961,1.3859
2272,6,80,13.33,4.0,0,corps,66.9357685346299,2.2638
2273,6,65,10.83,4.0,0,corps,66.90430851602265,1.6901
2274,6,55,9.17,4.0,0,corps,66.87286422349285,1.6987
2275,6,92,15.33,4.0,0,corps,66.84143564917945,1.5527
2276,11,121,11.00,6.2,0,corps,66.81002278522529,1.7238
2277,6,70,11.67,4.0,0,corps,66.77862562377713,1.5784
2278,7,79,11.29,4.4,0,corps,66.74724415698573,1.7265
2279,7,68,9.71,4.4,0,corps,66.7158783770057,2.2006
2280,7,64,9.14,4.4,0,corps,66.68452827599558,1.7551
2281,13,195,15.00,7.1,0,corps,66.65319384611783,1.6245
2282,6,93,15.50,4.0,0,corps,66.6218750795389,1.4176
2283,4,72,18.00,3.1,0,corps,66.59057196842905,1.2141
2284,3,43,14.33,2.7,0,corps,66.55928450496253,1.5384
2285,8,103,12.88,4.9,0,corps,66.52801268131745,3.7223
2286,2,37,18.50,2.2,0,corps,66.49675648967587,1.6921
2287,5,54,10.80,3.6,0,corps,66.46551592222374,1.8866
2288,10,119,11.90,5.8,0,corps,66.43429097115092,1.3007
2289,7,72,10.29,4.4,0,corps,66.40308162865117,1.7506
2290,2,31,15.50,2.2,0,corps,66.37188788692214,2.0514
2291,11,117,10.64,6.2,0,corps,66.34070973816542,1.5177
2292,17,189,11.12,8.9,0,corps,66.30954717458646,1.6789
2293,5,54,10.80,3.6,0,corps,66.2784001883946,1.7921
2294,4,101,25.25,3.1,0,corps,66.2472687718031,1.2760
2295,2,54,27.00,2.2,0,corps,66.21615291702916,1.6449
2296,3,73,24.33,2.7,0,corps,66.18505261629376,1.2343
2297,5,54,10.80,3.6,0,corps,66.15396786182181,1.9164
2298,10,144,14.40,5.8,0,corps,66.12289864584217,1.4622
2299,3,46,15.33,2.7,0,corps,66.09184496058754,1.0126
2300,5,47,9.40,3.6,0,corps,66.06080679829445,1.7761
2301,4,85,21.25,3.1,0,corps,66.02978415120336,1.2561
2302,8,100,12.50,4.9,0,corps,65.99877701155864,1.8249
2303,3,38,12.67,2.7,0,corps,65.96778537160853,1.7933
2304,2,39,19.50,2.2,0,corps,65.93680922360507,1.2375
2305,5,49,9.80,3.6,0,corps,65.90584855980421,1.8569
2306,3,43,14.33,2.7,0,corps,65.87490337246584,1.9188
2307,9,85,9.44,5.3,0,corps,65.84397365385362,1.8470
2308,5,74,14.80,3.6,0,corps,65.81305939623516,1.4367
2309,20,291,14.55,10.2,0,corps,65.78216059188185,1.6948
2310,9,99,11.00,5.3,0,corps,65.75127723306902,11.6113
2311,5,111,22.20,3.6,0,corps,65.72040931207582,1.4368
2312,11,135,12.27,6.2,0,corps,65.68955682118526,1.6518
2313,6,72,12.00,4.0,0,corps,65.65871975268422,1.3579
2314,3,40,13.33,2.7,0,corps,65.62789809886345,1.4084
2315,17,229,13.47,8.9,0,corps,65.59709185201754,6.1933
2316,2,36,18.00,2.2,0,corps,65.56630100444491,1.3159
2317,4,55,13.75,3.1,0,corps,65.53552554844782,1.4050
2318,5,46,9.20,3.6,0,corps,65.50476547633247,2.1770
2319,3,41,13.67,2.7,0,corps,65.47402078040881,1.9465
2320,4,54,13.50,3.1,0,corps,65.44329145299065,1.5923
2321,5,78,15.60,3.6,0,corps,65.41257748639566,1.6385
2322,3,32,10.67,2.7,0,corps,65.38187887294539,1.7735
2323,5,83,16.60,3.6,0,corps,65.35119560496514,0.9622
2324,10,135,13.50,5.8,0,corps,65.32052767478412,1.3231
2325,10,109,10.90,5.8,0,corps,65.28987507473532,3.4567
2326,8,105,13.12,4.9,0,corps,65.25923779715565,1.2304
2327,2,19,9.50,2.2,0,corps,65.22861583438572,1.0787
2328,4,73,18.25,3.1,0,corps,65.19800917877006,1.2361
2329,3,59,19.67,2.7,0,corps,65.16741782265703,1.6232
2330,3,52,17.33,2.7,0,corps,65.13684175839877,1.1345
2331,11,147,13.36,6.2,0,corps,65.10628097835126,1.1612
2332,4,85,21.25,3.1,0,corps,65.07573547487434,1.4248
2333,2,31,15.50,2.2,0,corps,65.04520524033155,1.4407
2334,7,86,12.29,4.4,0,corps,65.01469026709043,1.4535
2335,2,28,14.00,2.2,0,corps,64.9841905475222,0.9981
2336,13,191,14.69,7.1,0,corps,64.95370607400191,1.7463
2337,6,99,16.50,4.0,0,corps,64.92323683890847,1.2997
2338,8,180,22.50,4.9,0,corps,64.89278283462451,1.3679
2339,4,77,19.25,3.1,0,corps,64.86234405353663,1.0237
2340,3,41,13.67,2.7,0,corps,64.83192048803507,1.2761
2341,6,76,12.67,4.0,0,corps,64.80151213051393,1.3555
2342,2,29,14.50,2.2,0,corps,64.77111897337114,1.0994
2343,6,87,14.50,4.0,0,corps,64.74074100900843,1.1949
2344,10,91,9.10,5.8,0,corps,64.71037822983128,2.1510
2345,3,47,15.67,2.7,0,corps,64.680030628249,1.5763
2346,2,22,11.00,2.2,0,corps,64.64969819667469,1.1856
2347,2,37,18.50,2.2,0,corps,64.61938092752526,0.9196
2348,6,71,11.83,4.0,0,corps,64.58907881322136,1.6434
2349,12,111,9.25,6.7,0,corps,64.55879184618748,1.5869
2350,4,83,20.75,3.1,0,corps,64.52852001885189,0.8372
2351,10,113,11.30,5.8,0,corps,64.49826332364663,1.5529
2352,7,115,16.43,4.4,0,corps,64.46802175300749,1.4264
2353,3,37,12.33,2.7,0,corps,64.4377952993741,1.8606
2354,8,147,18.38,4.9,0,corps,64.40758395518986,1.2549
2355,4,56,14.00,3.1,0,corps,64.37738771290194,1.5580
2356,2,52,26.00,2.2,0,corps,64.34720656496124,1.4383
2357,3,49,16.33,2.7,0,corps,64.31704050382251,1.2460
2358,3,39,13.00,2.7,0,corps,64.28688952194422,1.3012
2359,8,130,16.25,4.9,0,corps,64.25675361178861,1.1319
2360,5,76,15.20,3.6,0,corps,64.22663276582172,1.0278
2361,2,21,10.50,2.2,0,corps,64.19652697651334,1.2056
2362,8,90,11.25,4.9,0,corps,64.16643623633702,2.0474
2363,3,25,8.33,2.7,0,corps,64.13636053777007,1.6787
2364,7,98,14.00,4.4,0,corps,64.10629987329357,1.5084
2365,2,38,19.00,2.2,0,corps,64.07625423539234,1.0294
2366,4,56,14.00,3.1,0,corps,64.046223616555,1.5169
2367,7,102,14.57,4.4,0,corps,64.01620800927387,0.9938
2368,3,44,14.67,2.7,0,corps,63.98620740604506,1.1896
2369,2,66,33.00,2.2,0,corps,63.956221799368386,1.0898
2370,13,191,14.69,7.1,0,corps,63.9262511817475,1.7746
2371,2,41,20.50,2.2,0,corps,63.89629554568972,1.4900
2372,13,177,13.62,7.1,0,corps,63.866354883706144,1.3862
2373,3,38,12.67,2.7,0,corps,63.836429188311584,0.9072
2374,8,112,14.00,4.9,0,corps,63.80651845202464,1.5195
2375,4,60,15.00,3.1,0,corps,63.77662266736762,1.1216
2376,2,25,12.50,2.2,0,corps,63.74674182686658,2.1268
2377,4,54,13.50,3.1,0,corps,63.716875923051305,1.2658
2378,5,42,8.40,3.6,0,corps,63.68702494845532,1.6944
2379,5,66,13.20,3.6,0,corps,63.6571888956159,1.2682
2380,6,82,13.67,4.0,0,corps,63.627367757074005,1.1652
2381,2,35,17.50,2.2,0,corps,63.59756152537436,1.2597
2382,15,192,12.80,8.0,0,corps,63.567770193065385,1.2706
2383,13,139,10.69,7.1,0,corps,63.53799375269929,8.3169
2384,11,132,12.00,6.2,0,corps,63.50823219683195,1.8190
2385,13,201,15.46,7.1,0,corps,63.47848551802295,1.4598
2386,10,146,14.60,5.8,0,corps,63.44875370883564,1.3185
2387,6,62,10.33,4.0,0,corps,63.41903676183708,1.5377
2388,13,132,10.15,7.1,0,corps,63.38933466959802,1.2452
2389,2,25,12.50,2.2,0,corps,63.35964742469293,0.9458
2390,8,90,11.25,4.9,0,corps,63.3299750197,1.2462
2391,3,80,26.67,2.7,0,corps,63.30031744720115,1.0523
2392,5,101,20.20,3.6,0,corps,63.27067469978196,1.5162
2393,9,116,12.89,5.3,0,corps,63.24104677003176,1.2625
2394,14,157,11.21,7.6,0,corps,63.21143365054355,1.4514
2395,9,96,10.67,5.3,0,corps,63.18183533391406,1.2215
2396,10,109,10.90,5.8,0,corps,63.15225181274372,1.8356
2397,3,34,11.33,2.7,0,corps,63.12268307963665,1.0252
2398,5,78,15.60,3.6,0,corps,63.09312912720063,1.1966
2399,2,26,13.00,2.2,0,corps,63.06358994804724,1.2533
2400,8,95,11.88,4.9,0,corps,63.034065534791615,1.3955
2401,9,105,11.67,5.3,0,corps,63.00455588005269,1.4897
2402,4,38,9.50,3.1,0,corps,62.97506097645304,1.4950
2403,10,153,15.30,5.8,0,corps,62.94558081661894,1.7921
2404,18,225,12.50,9.3,0,corps,62.91611539318036,1.8559
2405,7,135,19.29,4.4,0,corps,62.88666469877092,1.6283
2406,6,95,15.83,4.0,0,corps,62.85722872602797,1.1387
2407,2,23,11.50,2.2,0,corps,62.827807467592514,1.1277
2408,11,150,13.64,6.2,0,corps,62.79840091610922,1.8507
2409,3,55,18.33,2.7,0,corps,62.769009064226466,1.9269
2410,8,127,15.88,4.9,0,corps,62.73963190459628,1.6189
2411,8,100,12.50,4.9,0,corps,62.71026942987439,1.6983
2412,8,130,16.25,4.9,0,corps,62.68092163272016,8.0076
2413,6,91,15.17,4.0,0,corps,62.65158850579663,1.5264
2414,4,45,11.25,3.1,0,corps,62.622270041770534,1.9475
2415,6,100,16.67,4.0,0,corps,62.59296623331226,10.2033
2416,4,74,18.50,3.1,0,corps,62.563677073095846,1.5224
2417,4,118,29.50,3.1,0,corps,62.53440255379902,1.1559
2418,3,47,15.67,2.7,0,corps,62.50514266810311,1.2528
2419,2,29,14.50,2.2,0,corps,62.47589740869319,1.5358
2420,6,73,12.17,4.0,0,corps,62.44666676825793,1.6644
2421,8,95,11.88,4.9,0,corps,62.41745073948967,1.9646
2422,4,90,22.50,3.1,0,corps,62.38824931508438,1.4404
2423,4,45,11.25,3.1,0,corps,62.359062487741724,1.5774
2424,11,124,11.27,6.2,0,corps,62.32989025016501,2.3903
2425,10,125,12.50,5.8,0,corps,62.300732595061156,1.8086
2426,5,69,13.80,3.6,0,corps,62.27158951514075,1.8787
2427,3,45,15.00,2.7,0,corps,62.24246100311803,2.2766
2428,14,187,13.36,7.6,0,corps,62.21334705171087,1.8794
2429,4,76,19.00,3.1,0,corps,62.18424765364077,1.2997
2430,9,138,15.33,5.3,0,corps,62.15516280163287,1.7432
2431,4,89,22.25,3.1,0,corps,62.126092488416006,1.5167
2432,12,143,11.92,6.7,0,corps,62.09703670672254,8.0423
2433,2,49,24.50,2.2,0,corps,62.067995449288574,1.5182
2434,3,50,16.67,2.7,0,corps,62.038968708853744,1.5868
2435,3,54,18.00,2.7,0,corps,62.00995647816142,1.6169
2436,11,170,15.45,6.2,0,corps,61.98095874995852,1.7262
2437,5,74,14.80,3.6,0,corps,61.951975516995596,1.6724
2438,2,44,22.00,2.2,0,corps,61.923006772026845,1.1509
2439,2,26,13.00,2.2,0,corps,61.894052507810095,1.3448
2440,6,126,21.00,4.0,0,corps,61.86511271710678,1.3202
2441,13,176,13.54,7.1,0,corps,61.83618739268195,1.2823
2442,10,97,9.70,5.8,0,corps,61.80727652730425,1.2965
2443,18,209,11.61,9.3,0,corps,61.778380113746,1.5537
2444,10,108,10.80,5.8,0,corps,61.74949814478309,1.6234
2445,2,34,17.00,2.2,0,corps,61.720630613195006,0.9369
2446,5,100,20.00,3.6,0,corps,61.691777511764855,1.0684
2447,5,60,12.00,3.6,0,corps,61.66293883327941,1.1538
2448,6,72,12.00,4.0,0,corps,61.634114570528965,1.8097
2449,5,75,15.00,3.6,0,corps,61.605304716307465,1.1191
2450,6,121,20.17,4.0,0,corps,61.576509263412426,1.3863
2451,7,69,9.86,4.4,0,corps,61.547728204645026,1.5532
2452,18,167,9.28,9.3,0,corps,61.51896153280997,1.7642
2453,5,73,14.60,3.6,0,corps,61.490209240715586,1.3424
2454,2,28,14.00,2.2,0,corps,61.461471321173825,1.5100
2455,9,123,13.67,5.3,0,corps,61.43274776700019,1.1326
2456,4,76,19.00,3.1,0,corps,61.4040385710138,1.3753
2457,2,46,23.00,2.2,0,corps,61.37534372603734,1.1047
2458,7,70,10.00,4.4,0,corps,61.346663224897114,2.0683
2459,6,85,14.17,4.0,0,corps,61.317997060423004,1.5811
2460,9,148,16.44,5.3,0,corps,61.28934522544844,1.4117
2461,3,20,6.67,2.7,0,corps,61.2607077128105,2.7158
2462,2,25,12.50,2.2,0,corps,61.23208451534976,1.5936
2463,10,119,11.90,5.8,0,corps,61.20347562591048,1.8605
2464,8,93,11.62,4.9,0,corps,61.17488103734038,1.5159
2465,4,56,14.00,3.1,0,corps,61.14630074249086,1.7330
2466,2,49,24.50,2.2,0,corps,61.117734734216796,1.2112
2467,10,170,17.00,5.8,0,corps,61.089183005376725,1.8525
2468,2,38,19.00,2.2,0,corps,61.0606455488327,1.4464
2469,2,44,22.00,2.2,0,corps,61.03212235745037,1.2142
2470,2,16,8.00,2.2,0,corps,61.0036134240989,1.2555
2471,17,225,13.24,8.9,0,corps,60.975118741651116,5.5976
2472,7,92,13.14,4.4,0,corps,60.9466383029833,1.8982
2473,16,209,13.06,8.4,0,corps,60.918172100975355,1.7691
2474,13,164,12.62,7.1,0,corps,60.889720128510724,1.8581
2475,2,41,20.50,2.2,0,corps,60.86128237847643,1.4223
2476,2,43,21.50,2.2,0,corps,60.832858843763034,1.0005
2477,2,24,12.00,2.2,0,corps,60.80444951726464,1.4392
2478,2,32,16.00,2.2,0,corps,60.77605439187891,1.6328
2479,6,67,11.17,4.0,0,corps,60.74767346050709,2.2546
2480,6,86,14.33,4.0,0,corps,60.71930671605392,1.9252
2481,6,123,20.50,4.0,0,corps,60.69095415142773,0.9694
2482,6,63,10.50,4.0,0,corps,60.66261575954037,1.7486
2483,7,87,12.43,4.4,0,corps,60.63429153330725,1.5120
2484,16,225,14.06,8.4,0,corps,60.605981465647304,1.4365
2485,7,115,16.43,4.4,0,corps,60.57768554948303,1.2555
2486,8,130,16.25,4.9,0,corps,60.549403777740416,1.4949
2487,3,37,12.33,2.7,0,corps,60.521136143349054,1.0906
2488,6,89,14.83,4.0,0,corps,60.492882639242026,1.4309
2489,11,156,14.18,6.2,0,corps,60.46464325835594,1.1864
2490,5,52,10.40,3.6,0,corps,60.43641799363096,2.4680
2491,7,67,9.57,4.4,0,corps,60.40820683801079,2.3454
2492,3,51,17.00,2.7,0,corps,60.38000978444261,1.5846
2493,5,56,11.20,3.6,0,corps,60.35182682587718,1.1938
2494,4,49,12.25,3.1,0,corps,60.32365795526875,1.5247
2495,3,27,9.00,2.7,0,corps,60.295503165575106,1.2490
2496,6,121,20.17,4.0,0,corps,60.267362449757535,1.4578
2497,5,86,17.20,3.6,0,corps,60.23923580078087,1.0116
2498,7,85,12.14,4.4,0,corps,60.21112321161344,13.2879
2499,6,105,17.50,4.0,0,corps,60.183024675227124,1.2469
2500,18,245,13.61,9.3,0,corps,60.15494018459726,1.9785
2501,6,79,13.17,4.0,0,corps,60.12686973270274,1.7001
2502,13,169,13.00,7.1,0,corps,60.09881331252595,1.8132
2503,10,94,9.40,5.8,0,corps,60.07077091705276,2.0254
2504,11,100,9.09,6.2,0,corps,60.04274253927261,1.9072
2505,8,74,9.25,4.9,0,corps,60.01472817217838,2.0246
2506,3,38,12.67,2.7,0,corps,59.98672780876648,2.8348
2507,6,71,11.83,4.0,0,corps,59.958741442036825,2.7198
2508,5,63,12.60,3.6,0,corps,59.93076906499283,2.2698
2509,4,40,10.00,3.1,0,corps,59.90281067064138,2.7078
2510,6,96,16.00,4.0,0,corps,59.874866251992906,1.4729
2511,11,113,10.27,6.2,0,corps,59.846935802061275,2.3168
2512,6,93,15.50,4.0,0,corps,59.81901931386388,1.4917
2513,14,189,13.50,7.6,0,corps,59.791116780421625,1.6987
2514,6,59,9.83,4.0,0,corps,59.76322819475883,2.0483
2515,12,110,9.17,6.7,0,corps,59.73535354990338,7.9890
2516,2,45,22.50,2.2,0,corps,59.70749283888662,1.9270
2517,17,198,11.65,8.9,0,corps,59.679646054743365,2.1985
2518,2,23,11.50,2.2,0,corps,59.6518131905119,1.6521
2519,4,38,9.50,3.1,0,corps,59.623994239234015,2.5395
2520,7,126,18.00,4.4,0,corps,59.596189193955,6.2661
2521,5,73,14.60,3.6,0,corps,59.56839804772356,1.7481
2522,10,123,12.30,5.8,0,corps,59.54062079359193,1.7100
2523,9,132,14.67,5.3,0,corps,59.512857424615774,1.3970
2524,6,58,9.67,4.0,0,corps,59.48510793385427,1.9355
2525,6,111,18.50,4.0,0,corps,59.45737231437005,0.9816
2526,6,55,9.17,4.0,0,corps,59.429650559229174,1.3311
2527,5,48,9.60,3.6,0,corps,59.40194266150124,1.6358
2528,16,194,12.12,8.4,0,corps,59.37424861425926,1.3495
2529,3,44,14.67,2.7,0,corps,59.34656841057973,1.3595
2530,8,84,10.50,4.9,0,corps,59.31890204354258,1.6710
2531,3,26,8.67,2.7,0,corps,59.291249506231225,2.1474
2532,8,98,12.25,4.9,0,corps,59.26361079173253,1.6965
2533,7,85,12.14,4.4,0,corps,59.23598589313684,8.5955
2534,5,38,7.60,3.6,0,corps,59.20837480353791,2.7897
2535,3,38,12.67,2.7,0,corps,59.180777516032954,2.0181
2536,11,139,12.64,6.2,0,corps,59.15319402372267,1.4246
2537,3,35,11.67,2.7,0,corps,59.12562431971118,1.7889
2538,2,31,15.50,2.2,0,corps,59.09806839710606,0.9978
2539,4,51,12.75,3.1,0,corps,59.070526249018315,1.4465
2540,6,83,13.83,4.0,0,corps,59.04299786856244,1.1986
2541,6,102,17.00,4.0,0,corps,59.015483248856306,1.3514
2542,5,79,15.80,3.6,0,corps,58.987982383021276,1.9583
2543,8,110,13.75,4.9,0,corps,58.960495264182114,1.6339
2544,8,87,10.88,4.9,0,corps,58.93302188546707,2.2548
2545,7,62,8.86,4.4,0,corps,58.90556224000778,1.7800
2546,8,100,12.50,4.9,0,corps,58.878116320939334,1.9354
2547,11,121,11.00,6.2,0,corps,58.85068412140024,2.1581
2548,5,53,10.60,3.6,0,corps,58.82326563453248,1.7082
2549,6,69,11.50,4.0,0,corps,58.79586085348141,1.8149
2550,8,109,13.62,4.9,0,corps,58.768469771395836,1.6255
2551,20,207,10.35,10.2,0,corps,58.741092381428,2.0143
2552,4,44,11.00,3.1,0,corps,58.71372867673353,1.6112
2553,2,18,9.00,2.2,0,corps,58.686378650471525,2.5526
2554,19,216,11.37,9.8,0,corps,58.65904229580446,7.1928
2555,4,66,16.50,3.1,0,corps,58.631719605898255,1.5055
2556,8,93,11.62,4.9,0,corps,58.60441057392224,2.4792
2557,4,37,9.25,3.1,0,corps,58.57711519304915,2.4151
2558,16,186,11.62,8.4,0,corps,58.54983345645515,2.0541
2559,3,37,12.33,2.7,0,corps,58.52256535731979,1.7575
2560,4,80,20.00,3.1,0,corps,58.495310888826054,1.4592
2561,3,37,12.33,2.7,0,corps,58.46807004416033,1.2811
2562,4,68,17.00,3.1,0,corps,58.440842816512394,1.1519
2563,9,112,12.44,5.3,0,corps,58.413629199075444,1.2439
2564,4,48,12.00,3.1,0,corps,58.386429185046076,1.0799
2565,6,56,9.33,4.0,0,corps,58.359242767624295,1.8217
2566,8,127,15.88,4.9,0,corps,58.3320699400135,1.3262
2567,5,73,14.60,3.6,0,corps,58.30491069542044,0.9668
2568,3,43,14.33,2.7,0,corps,58.27776502705535,1.3538
2569,2,32,16.00,2.2,0,corps,58.25063292813182,0.9082
2570,5,67,13.40,3.6,0,corps,58.22351439186679,1.3408
2571,15,179,11.93,8.0,0,corps,58.19640941148063,1.4100
2572,18,221,12.28,9.3,0,corps,58.16931798019712,6.6633
2573,5,58,11.60,3.6,0,corps,58.142240091243394,1.5937
2574,3,31,10.33,2.7,0,corps,58.11517573784995,2.4548
2575,5,61,12.20,3.6,0,corps,58.088124913250724,1.8856
2576,13,149,11.46,7.1,0,corps,58.061087610683025,1.4540
2577,3,37,12.33,2.7,0,corps,58.034063823387505,0.7968
2578,5,78,15.60,3.6,0,corps,58.007053544608226,0.9283
2579,3,43,14.33,2.7,0,corps,57.9800567675926,1.2610
2580,8,97,12.12,4.9,0,corps,57.95307348559145,1.1444
2581,12,150,12.50,6.7,0,corps,57.92610369185896,1.6723
2582,9,123,13.67,5.3,0,corps,57.89914737965268,2.4547
2583,13,129,9.92,7.1,0,corps,57.87220454223352,1.8829
2584,12,160,13.33,6.7,0,corps,57.84527517286576,2.1424
2585,5,65,13.00,3.6,0,corps,57.81835926481711,1.6328
2586,3,36,12.00,2.7,0,corps,57.79145681135852,1.1872
2587,6,42,7.00,4.0,0,corps,57.76456780576442,2.2874
2588,2,27,13.50,2.2,0,corps,57.737692241312565,1.7252
2589,3,48,16.00,2.7,0,corps,57.710830111284054,1.2526
2590,12,129,10.75,6.7,0,corps,57.683981408963334,2.2818
2591,2,29,14.50,2.2,0,corps,57.65714612763825,1.3335
2592,3,61,20.33,2.7,0,corps,57.63032426059998,1.9762
2593,3,58,19.33,2.7,0,corps,57.603515801143054,1.0344
2594,6,71,11.83,4.0,0,corps,57.57672074256537,2.1669
2595,8,109,13.62,4.9,0,corps,57.54993907816811,2.0396
2596,7,80,11.43,4.4,0,corps,57.523170801255944,1.9744
2597,3,35,11.67,2.7,0,corps,57.496415905136736,2.0999
2598,4,52,13.00,3.1,0,corps,57.46967438312179,1.7978
2599,3,50,16.67,2.7,0,corps,57.44294622852571,1.1850
2600,2,46,23.00,2.2,0,corps,57.41623143466648,1.3376
2601,5,76,15.20,3.6,0,corps,57.38952999486536,1.2052
2602,13,143,11.00,7.1,0,corps,57.362841902447045,1.6580
2603,8,110,13.75,4.9,0,corps,57.33616715073947,1.6456
2604,15,123,8.20,8.0,0,corps,57.30950573307396,2.3771
2605,12,147,12.25,6.7,0,corps,57.28285764278517,2.1542
2606,8,95,11.88,4.9,0,corps,57.25622287321107,1.8972
2607,12,147,12.25,6.7,0,corps,57.22960141769294,1.6472
2608,2,34,17.00,2.2,0,corps,57.202993269575465,1.6402
2609,6,64,10.67,4.0,0,corps,57.176398422206574,1.4962
2610,13,135,10.38,7.1,0,corps,57.149816868937585,1.8516
2611,9,89,9.89,5.3,0,corps,57.12324860312306,2.5970
2612,22,255,11.59,11.1,0,corps,57.09669361812099,1.9881
2613,3,37,12.33,2.7,0,corps,57.070151907292576,1.7529
2614,8,98,12.25,4.9,0,corps,57.043623464002444,2.0471
2615,6,83,13.83,4.0,0,corps,57.01710828161842,1.8069
2616,2,35,17.50,2.2,0,corps,56.990606353511765,1.3184
2617,6,62,10.33,4.0,0,corps,56.96411767305698,1.7168
2618,7,101,14.43,4.4,0,corps,56.93764223363188,1.5715
2619,5,76,15.20,3.6,0,corps,56.9111800286176,1.2540
2620,7,103,14.71,4.4,0,corps,56.88473105139862,1.2926
2621,2,22,11.00,2.2,0,corps,56.85829529536268,1.7371
2622,13,153,11.77,7.1,0,corps,56.83187275390084,1.5873
2623,11,108,9.82,6.2,0,corps,56.80546342040744,8.5111
2624,4,42,10.50,3.1,0,corps,56.779067288280196,2.0738
2625,12,154,12.83,6.7,0,corps,56.752684350920035,1.7094
2626,13,148,11.38,7.1,0,corps,56.726314601731254,2.0201
2627,2,37,18.50,2.2,0,corps,56.69995803412139,0.7516
2628,2,39,19.50,2.2,0,corps,56.67361464150129,0.9596
2629,8,80,10.00,4.9,0,corps,56.64728441728515,1.5655
2630,8,72,9.00,4.9,0,corps,56.620967354890375,1.7314
2631,6,91,15.17,4.0,0,corps,56.594663447737716,1.3245
2632,8,107,13.38,4.9,0,corps,56.56837268925119,1.3644
2633,11,126,11.45,6.2,0,corps,56.542095072858125,1.6354
2634,15,255,17.00,8.0,0,corps,56.51583059198908,4.6126
2635,2,20,10.00,2.2,0,corps,56.48957924007797,1.7202
2636,22,224,10.18,11.1,0,corps,56.46334101056194,1.9384
2637,8,77,9.62,4.9,0,corps,56.43711589688144,14.2431
2638,6,106,17.67,4.0,0,corps,56.41090389248018,0.9556
2639,9,112,12.44,5.3,0,corps,56.384704990805176,1.5931
2640,5,70,14.00,3.6,0,corps,56.35851918530667,1.3265
2641,5,115,23.00,3.6,0,corps,56.33234646943826,1.4677
2642,11,108,9.82,6.2,0,corps,56.306186836656735,2.2774
2643,14,147,10.50,7.6,0,corps,56.280040280422185,1.6116
2644,12,149,12.42,6.7,0,corps,56.25390679419796,6.4603
2645,9,113,12.56,5.3,0,corps,56.227786371450726,1.7924
2646,4,43,10.75,3.1,0,corps,56.20167900565036,2.2481
2647,3,46,15.33,2.7,0,corps,56.17558469027002,1.4458
2648,7,104,14.86,4.4,0,corps,56.149503418786104,1.3345
2649,10,125,12.50,5.8,0,corps,56.12343518467833,1.8962
2650,2,27,13.50,2.2,0,corps,56.09737998142962,1.6102
2651,6,69,11.50,4.0,0,corps,56.07133780252618,1.6350
2652,11,127,11.55,6.2,0,corps,56.045308641457446,1.7246
2653,10,148,14.80,5.8,0,corps,56.019292491716165,1.7443
2654,3,38,12.67,2.7,0,corps,55.99328934679826,2.1872
2655,3,60,20.00,2.7,0,corps,55.96729920020298,1.3714
2656,3,37,12.33,2.7,0,corps,55.94132204543275,1.3366
2657,9,85,9.44,5.3,0,corps,55.91535787599332,1.6721
2658,9,119,13.22,5.3,0,corps,55.88940668539363,1.5354
2659,4,50,12.50,3.1,0,corps,55.86346846714587,1.5098
2660,28,281,10.04,13.8,0,corps,55.837543214765496,4.2658
2661,14,133,9.50,7.6,0,corps,55.811630921771204,5.3962
2662,3,61,20.33,2.7,0,corps,55.785731581684914,2.1617
2663,5,78,15.60,3.6,0,corps,55.75984518803179,1.0771
2664,5,65,13.00,3.6,0,corps,55.733971734340216,1.3262
2665,5,78,15.60,3.6,0,corps,55.708111214141866,1.5372
2666,7,132,18.86,4.4,0,corps,55.68226362097158,1.4030
2667,6,83,13.83,4.0,0,corps,55.65642894836746,7.3378
2668,4,61,15.25,3.1,0,corps,55.63060718987085,1.6375
2669,3,36,12.00,2.7,0,corps,55.60479833902631,1.2712
2670,4,58,14.50,3.1,0,corps,55.57900238938163,1.3617
2671,7,68,9.71,4.4,0,corps,55.553219334487814,3.0924
2672,10,139,13.90,5.8,0,corps,55.52744916789909,5.0754
2673,8,119,14.88,4.9,0,corps,55.50169188317293,1.4786
2674,9,104,11.56,5.3,0,corps,55.475947473870015,2.2244
2675,21,248,11.81,10.7,0,corps,55.45021593355423,1.9361
2676,5,66,13.20,3.6,0,corps,55.424497255792694,2.2216
2677,15,183,12.20,8.0,0,corps,55.39879143415575,2.3400
2678,4,51,12.75,3.1,0,corps,55.37309846221693,1.6868
2679,4,60,15.00,3.1,0,corps,55.34741833355299,1.7839
2680,3,36,12.00,2.7,0,corps,55.321751041743894,1.8960
2681,9,110,12.22,5.3,0,corps,55.29609658037285,2.2085
2682,10,169,16.90,5.8,0,corps,55.270454943026195,1.9826
2683,4,55,13.75,3.1,0,corps,55.24482612329354,1.5023
2684,4,35,8.75,3.1,0,corps,55.219210114767684,1.6412
2685,2,14,7.00,2.2,0,corps,55.19360691104463,1.9404
2686,11,136,12.36,6.2,0,corps,55.168016505723585,1.3897
2687,4,42,10.50,3.1,0,corps,55.14243889240692,1.2632
2688,4,61,15.25,3.1,0,corps,55.11687406470024,1.3306
2689,9,147,16.33,5.3,0,corps,55.09132201621234,1.4934
2690,2,26,13.00,2.2,0,corps,55.06578274055522,1.0047
2691,4,55,13.75,3.1,0,corps,55.04025623134405,1.4386
2692,5,63,12.60,3.6,0,corps,55.0147424821972,1.4597
2693,5,50,10.00,3.6,0,corps,54.989241486736226,2.2211
2694,11,104,9.45,6.2,0,corps,54.96375323858591,2.2020
2695,5,54,10.80,3.6,0,corps,54.938277731374164,1.7130
2696,2,23,11.50,2.2,0,corps,54.912814958732106,1.7444
2697,12,136,11.33,6.7,0,corps,54.88736491429407,2.0560
2698,12,160,13.33,6.7,0,corps,54.861927591697516,1.5534
2699,9,77,8.56,5.3,0,corps,54.83650298458313,1.8484
2700,8,145,18.12,4.9,0,corps,54.81109108659474,1.1048
2701,9,107,11.89,5.3,0,corps,54.78569189137939,1.4685
2702,5,123,24.60,3.6,0,corps,54.760305392587284,0.9718
2703,14,146,10.43,7.6,0,corps,54.734931583871806,1.9532
2704,6,119,19.83,4.0,0,corps,54.70957045888946,1.7935
2705,7,80,11.43,4.4,0,corps,54.6842220113,1.9057
2706,4,48,12.00,3.1,0,corps,54.658886234766314,1.6264
2707,16,183,11.44,8.4,0,corps,54.633563122954456,1.9612
2708,5,93,18.60,3.6,0,corps,54.60825266953363,1.3419
2709,23,213,9.26,11.6,0,corps,54.582954868176245,7.3359
2710,5,72,14.40,3.6,0,corps,54.55766971255783,1.8363
2711,4,51,12.75,3.1,0,corps,54.53239719635712,2.4124
2712,4,55,13.75,3.1,0,corps,54.507137313255946,1.3492
2713,5,84,16.80,3.6,0,corps,54.481890056939385,1.4220
2714,6,62,10.33,4.0,0,corps,54.45665542109561,16.7346
2715,9,95,10.56,5.3,0,corps,54.43143339941594,2.2415
2716,3,29,9.67,2.7,0,corps,54.406223985594885,2.0305
2717,8,108,13.50,4.9,0,corps,54.38102717333009,1.3865
2718,8,117,14.62,4.9,0,corps,54.355842956322356,1.4690
2719,4,40,10.00,3.1,0,corps,54.330671328275606,2.6988
2720,6,65,10.83,4.0,0,corps,54.30551228289695,2.0821
2721,12,144,12.00,6.7,0,corps,54.28036581389664,1.6580
2722,12,140,11.67,6.7,0,corps,54.255231914988045,1.3247
2723,6,68,11.33,4.0,0,corps,54.23011057988769,1.7921
2724,10,99,9.90,5.8,0,corps,54.20500180231523,1.7756
2725,13,154,11.85,7.1,0,corps,54.179905575993494,1.9341
2726,8,104,13.00,4.9,0,corps,54.15482189464842,1.7510
2727,16,180,11.25,8.4,0,corps,54.129750752009066,1.7035
2728,14,152,10.86,7.6,0,corps,54.104692141807654,1.9114
2729,3,49,16.33,2.7,0,corps,54.07964605777955,1.5227
2730,5,75,15.00,3.6,0,corps,54.05461249366322,1.2424
2731,2,31,15.50,2.2,0,corps,54.029591443200296,1.0839
2732,5,67,13.40,3.6,0,corps,54.00458290013545,2.0887
2733,7,86,12.29,4.4,0,corps,53.97958685821662,1.5020
2734,4,66,16.50,3.1,0,corps,53.954603311194774,1.2861
2735,6,87,14.50,4.0,0,corps,53.929632252824,1.6135
2736,5,57,11.40,3.6,0,corps,53.90467367686153,1.2661
2737,3,57,19.00,2.7,0,corps,53.87972757706776,1.1888
2738,7,70,10.00,4.4,0,corps,53.85479394720615,1.8535
2739,8,94,11.75,4.9,0,corps,53.829872781043285,1.6135
2740,6,86,14.33,4.0,0,corps,53.80496407234885,1.7974
2741,6,63,10.50,4.0,0,corps,53.78006781489573,1.7352
2742,2,30,15.00,2.2,0,corps,53.755184002459785,1.1913
2743,2,24,12.00,2.2,0,corps,53.73031262882013,0.9382
2744,6,68,11.33,4.0,0,corps,53.705453687758876,0.8879
2745,16,209,13.06,8.4,0,corps,53.680607173061304,0.9953
2746,6,61,10.17,4.0,0,corps,53.65577307851579,1.3719
2747,7,57,8.14,4.4,0,corps,53.6309513979138,1.0322
2748,13,149,11.46,7.1,0,corps,53.606142125049914,0.9003
2749,4,49,12.25,3.1,0,corps,53.58134525372182,1.2803
2750,9,97,10.78,5.3,0,corps,53.55656077773031,0.9455
2751,19,190,10.00,9.8,0,corps,53.531788690879246,1.1954
2752,3,48,16.00,2.7,0,corps,53.50702898697561,0.8048
2753,3,33,11.00,2.7,0,corps,53.482281659829475,0.8889
2754,4,35,8.75,3.1,0,corps,53.457546703254025,1.2757
2755,5,47,9.40,3.6,0,corps,53.43282411106549,1.2426
2756,9,95,10.56,5.3,0,corps,53.40811387708325,1.1332
2757,9,99,11.00,5.3,0,corps,53.383415995129724,1.7561
2758,3,20,6.67,2.7,0,corps,53.35873045903048,2.9084
2759,11,119,10.82,6.2,0,corps,53.33405726261409,7.7467
2760,6,72,12.00,4.0,0,corps,53.30939639971227,1.2142
2761,3,55,18.33,2.7,0,corps,53.28474786415981,1.3147
2762,2,38,19.00,2.2,0,corps,53.26011164979458,0.8243
2763,6,72,12.00,4.0,0,corps,53.23548775045752,11.3693
2764,6,88,14.67,4.0,0,corps,53.21087615999265,1.7110
2765,2,33,16.50,2.2,0,corps,53.18627687224707,1.0641
2766,7,118,16.86,4.4,0,corps,53.16168988107097,1.2065
2767,8,64,8.00,4.9,0,corps,53.13711518031759,1.4719
2768,7,102,14.57,4.4,0,corps,53.11255276384329,1.4858
2769,4,64,16.00,3.1,0,corps,53.08800262550739,1.4686
2770,9,138,15.33,5.3,0,corps,53.06346475917244,1.2859
2771,8,127,15.88,4.9,0,corps,53.03893915870391,1.3474
2772,7,99,14.14,4.4,0,corps,53.014425817970455,1.3062
2773,19,203,10.68,9.8,0,corps,52.989924730843676,1.5281
2774,19,212,11.16,9.8,0,corps,52.965435891198354,1.2903
2775,6,58,9.67,4.0,0,corps,52.94095929291226,1.4984
2776,6,55,9.17,4.0,0,corps,52.91649492986624,1.1416
2777,26,314,12.08,12.9,0,corps,52.89204279594419,1.4362
2778,4,45,11.25,3.1,0,corps,52.867602885033115,0.8364
2779,2,26,13.00,2.2,0,corps,52.843175191023015,1.4184
2780,10,118,11.80,5.8,0,corps,52.818759707806976,1.3043
2781,12,115,9.58,6.7,0,corps,52.79435642928109,9.6515
2782,8,93,11.62,4.9,0,corps,52.76996534934458,8.2095
2783,10,134,13.40,5.8,0,corps,52.74558646189968,2.0541
2784,7,76,10.86,4.4,0,corps,52.721219760851625,2.0198
2785,14,158,11.29,7.6,0,corps,52.69686524010876,2.5527
2786,2,31,15.50,2.2,0,corps,52.672522893582475,1.5318
2787,2,22,11.00,2.2,0,corps,52.64819271518716,1.2018
2788,4,27,6.75,3.1,0,corps,52.62387469884029,2.1262
2789,10,143,14.30,5.8,0,corps,52.59956883846232,1.4496
2790,3,43,14.33,2.7,0,corps,52.57527512797684,1.3949
2791,4,50,12.50,3.1,0,corps,52.55099356131038,1.7318
2792,2,35,17.50,2.2,0,corps,52.52672413239258,1.0963
2793,13,133,10.23,7.1,0,corps,52.502466835156035,1.6227
2794,10,123,12.30,5.8,0,corps,52.47822166353647,1.2885
2795,6,63,10.50,4.0,0,corps,52.45398861147258,1.4603
2796,7,94,13.43,4.4,0,corps,52.42976767290609,1.6324
2797,3,71,23.67,2.7,0,corps,52.40555884178176,1.5077
2798,13,144,11.08,7.1,0,corps,52.381362112047405,1.9456
2799,2,24,12.00,2.2,0,corps,52.35717747765383,1.2403
2800,4,35,8.75,3.1,0,corps,52.33300493255487,2.4185
2801,7,81,11.57,4.4,0,corps,52.30884447070739,1.7527
2802,11,135,12.27,6.2,0,corps,52.28469608607129,1.5790
2803,8,100,12.50,4.9,0,corps,52.26055977260946,1.3566
2804,3,31,10.33,2.7,0,corps,52.23643552428783,1.5509
2805,3,61,20.33,2.7,0,corps,52.21232333507532,1.3096
2806,11,157,14.27,6.2,0,corps,52.18822319894391,1.7495
2807,2,21,10.50,2.2,0,corps,52.16413510986854,1.1344
2808,8,124,15.50,4.9,0,corps,52.1400590618272,2.3053
2809,3,54,18.00,2.7,0,corps,52.11599504880087,1.5211
2810,2,33,16.50,2.2,0,corps,52.09194306477356,1.4382
2811,12,146,12.17,6.7,0,corps,52.06790310373227,6.6893
2812,27,280,10.37,13.3,0,corps,52.04387515966701,5.4119
2813,4,63,15.75,3.1,0,corps,52.01985922657077,1.7983
2814,3,53,17.67,2.7,0,corps,51.995855298439594,1.4118
2815,3,46,15.33,2.7,0,corps,51.97186336927251,1.4745
2816,7,83,11.86,4.4,0,corps,51.94788343307151,1.3703
2817,3,55,18.33,2.7,0,corps,51.92391548384161,1.1744
2818,4,39,9.75,3.1,0,corps,51.89995951559083,2.1570
2819,13,135,10.38,7.1,0,corps,51.876015522330185,2.0066
2820,4,95,23.75,3.1,0,corps,51.852083498073675,1.4194
2821,2,13,6.50,2.2,0,corps,51.82816343683827,1.5236
2822,7,105,15.00,4.4,0,corps,51.80425533264399,1.3913
2823,13,147,11.31,7.1,0,corps,51.78035917951379,1.6112
2824,3,44,14.67,2.7,0,corps,51.75647497147363,1.5841
2825,4,57,14.25,3.1,0,corps,51.732602702552455,2.1175
2826,2,21,10.50,2.2,0,corps,51.70874236678221,1.9706
2827,3,20,6.67,2.7,0,corps,51.68489395819781,1.6099
2828,3,32,10.67,2.7,0,corps,51.66105747083714,2.0386
2829,6,52,8.67,4.0,0,corps,51.63723289874109,1.7487
2830,9,140,15.56,5.3,0,corps,51.61342023595352,1.6075
2831,16,209,13.06,8.4,0,corps,51.58961947652125,1.5246
2832,10,89,8.90,5.8,0,corps,51.565830614494104,2.3184
2833,12,96,8.00,6.7,0,corps,51.542053643924845,1.6970
2834,3,48,16.00,2.7,0,corps,51.51828855886925,1.8552
2835,7,71,10.14,4.4,0,corps,51.49453535338605,2.2033
2836,9,122,13.56,5.3,0,corps,51.47079402153694,9.2110
2837,6,73,12.17,4.0,0,corps,51.447064557386554,1.9086
2838,19,223,11.74,9.8,0,corps,51.42334695500258,2.1230
2839,12,131,10.92,6.7,0,corps,51.399641208455584,2.1980
2840,12,168,14.00,6.7,0,corps,51.37594731181915,1.8981
2841,6,75,12.50,4.0,0,corps,51.35226525916977,1.5224
2842,5,39,7.80,3.6,0,corps,51.328595044586955,1.5751
2843,15,145,9.67,8.0,0,corps,51.30493666215315,1.5864
2844,4,56,14.00,3.1,0,corps,51.28129010595378,1.3231
2845,9,97,10.78,5.3,0,corps,51.257655370077146,1.7785
2846,8,109,13.62,4.9,0,corps,51.23403244861462,2.3932
2847,18,219,12.17,9.3,0,corps,51.21042133566045,7.1045
2848,5,67,13.40,3.6,0,corps,51.186822025311876,2.5029
2849,4,40,10.00,3.1,0,corps,51.16323451166902,1.3857
2850,6,72,12.00,4.0,0,corps,51.13965878883505,1.3427
2851,2,30,15.00,2.2,0,corps,51.11609485091604,1.3343
2852,2,21,10.50,2.2,0,corps,51.092542692020984,1.4144
2853,8,74,9.25,4.9,0,corps,51.06900230626182,1.9077
2854,2,53,26.50,2.2,0,corps,51.04547368775351,0.9901
2855,3,75,25.00,2.7,0,corps,51.021956830613846,1.4035
2856,4,39,9.75,3.1,0,corps,50.998451728963644,2.0347
2857,20,188,9.40,10.2,0,corps,50.97495837692661,1.8422
2858,11,139,12.64,6.2,0,corps,50.95147676862942,1.8196
2859,9,101,11.22,5.3,0,corps,50.92800689820167,1.6041
2860,20,231,11.55,10.2,0,corps,50.90454875977589,1.6419
2861,3,58,19.33,2.7,0,corps,50.88110234748754,1.3005
2862,12,174,14.50,6.7,0,corps,50.857667655475026,2.0650
2863,7,102,14.57,4.4,0,corps,50.83424467787966,1.2165
2864,2,24,12.00,2.2,0,corps,50.810833408845724,1.6583
2865,5,68,13.60,3.6,0,corps,50.78743384252036,1.8555
2866,9,88,9.78,5.3,0,corps,50.76404597305372,10.1924
2867,4,73,18.25,3.1,0,corps,50.7406697945988,1.6546
2868,6,94,15.67,4.0,0,corps,50.7173053013116,8.9535
2869,4,96,24.00,3.1,0,corps,50.693952487350934,1.3285
2870,5,103,20.60,3.6,0,corps,50.67061134687866,1.4246
2871,6,76,12.67,4.0,0,corps,50.64728187405946,1.8242
2872,4,44,11.00,3.1,0,corps,50.62396406306097,1.8163
2873,8,101,12.62,4.9,0,corps,50.600657908053726,1.9719
2874,3,34,11.33,2.7,0,corps,50.57736340321121,1.3452
2875,7,84,12.00,4.4,0,corps,50.55408054270979,2.0788
2876,7,84,12.00,4.4,0,corps,50.53080932072875,1.5529
2877,10,112,11.20,5.8,0,corps,50.50754973145028,11.2854
2878,4,49,12.25,3.1,0,corps,50.48430176905948,1.7171
2879,8,108,13.50,4.9,0,corps,50.46106542774438,1.7812
2880,7,60,8.57,4.4,0,corps,50.43784070169587,2.1449
2881,4,44,11.00,3.1,0,corps,50.41462758510777,3.1790
2882,4,87,21.75,3.1,0,corps,50.39142607217681,1.0416
2883,20,241,12.05,10.2,0,corps,50.36823615710262,1.9942
2884,2,29,14.50,2.2,0,corps,50.345057834087704,1.9000
2885,4,44,11.00,3.1,0,corps,50.32189109733749,1.6033
2886,6,68,11.33,4.0,0,corps,50.29873594106028,1.4894
2887,4,81,20.25,3.1,0,corps,50.27559235946731,1.3217
2888,3,51,17.00,2.7,0,corps,50.252460346772665,1.5092
2889,4,47,11.75,3.1,0,corps,50.229339897193356,1.4304
2890,14,180,12.86,7.6,0,corps,50.20623100494925,1.8142
2891,3,33,11.00,2.7,0,corps,50.183133664263146,1.7653
2892,2,28,14.00,2.2,0,corps,50.16004786936069,1.4707
2893,14,129,9.21,7.6,0,corps,50.13697361447045,3.8223
2894,12,159,13.25,6.7,0,corps,50.11391089382384,1.5312
2895,6,101,16.83,4.0,0,corps,50.09085970165521,2.0434
2896,20,234,11.70,10.2,0,corps,50.06782003220174,1.7277
2897,11,139,12.64,6.2,0,corps,50.044791879703524,8.9267
2898,5,77,15.40,3.6,0,corps,50.0217752384035,1.8609
2899,5,76,15.20,3.6,0,corps,49.99877010254753,1.4899
2900,15,248,16.53,8.0,0,corps,49.97577646638434,2.1373
2901,11,130,11.82,6.2,0,corps,49.9527943241655,1.4303
2902,13,151,11.62,7.1,0,corps,49.92982367014547,1.7241
2903,3,42,14.00,2.7,0,corps,49.90686449858161,1.7693
2904,24,278,11.58,12.0,0,corps,49.88391680373411,1.5539
2905,8,135,16.88,4.9,0,corps,49.86098057986605,1.7911
2906,7,73,10.43,4.4,0,corps,49.83805582124336,1.3397
2907,7,97,13.86,4.4,0,corps,49.81514252213488,1.1399
2908,9,137,15.22,5.3,0,corps,49.79224067681226,1.6196
2909,6,84,14.00,4.0,0,corps,49.76935027955006,1.2450
2910,10,104,10.40,5.8,0,corps,49.74647132462566,2.0185
2911,6,79,13.17,4.0,0,corps,49.723603806319325,1.4031
2912,12,133,11.08,6.7,0,corps,49.70074771891419,1.6029
2913,14,185,13.21,7.6,0,corps,49.67790305669622,6.5616
2914,6,83,13.83,4.0,0,corps,49.65506981395424,1.6272
2915,14,202,14.43,7.6,0,corps,49.63224798497997,1.4145
2916,6,74,12.33,4.0,0,corps,49.609437564067925,2.0486
2917,13,198,15.23,7.1,0,corps,49.58663854551551,1.2775
2918,16,183,11.44,8.4,0,corps,49.56385092362296,1.8999
2919,8,84,10.50,4.9,0,corps,49.54107469269339,1.8008
2920,2,16,8.00,2.2,0,corps,49.518309847032725,2.1271
2921,3,35,11.67,2.7,0,corps,49.495556380949765,1.4960
2922,10,100,10.00,5.8,0,corps,49.472814288756126,1.8173
2923,9,108,12.00,5.3,0,corps,49.4500835647663,10.0892
2924,6,85,14.17,4.0,0,corps,49.42736420329761,1.6333
2925,7,51,7.29,4.4,0,corps,49.4046561986702,2.1834
2926,3,39,13.00,2.7,0,corps,49.381959545207074,2.3706
2927,4,53,13.25,3.1,0,corps,49.359274237234075,1.7620
2928,3,28,9.33,2.7,0,corps,49.33660026907988,2.0901
2929,14,197,14.07,7.6,0,corps,49.31393763507598,1.4660
2930,9,117,13.00,5.3,0,corps,49.29128632955672,1.3575
2931,7,93,13.29,4.4,0,corps,49.26864634685928,1.2291
2932,9,103,11.44,5.3,0,corps,49.246017681323664,7.9399
2933,4,119,29.75,3.1,0,corps,49.2234003272927,0.9316
2934,10,116,11.60,5.8,0,corps,49.20079427911206,9.3215
2935,4,67,16.75,3.1,0,corps,49.17819953113023,1.6019
2936,12,201,16.75,6.7,0,corps,49.15561607769851,1.3972
2937,6,67,11.17,4.0,0,corps,49.13304391317105,1.7551
2938,2,32,16.00,2.2,0,corps,49.11048303190479,0.9715
2939,8,104,13.00,4.9,0,corps,49.08793342825953,1.2436
2940,8,106,13.25,4.9,0,corps,49.06539509659787,1.3708
2941,10,109,10.90,5.8,0,corps,49.04286803128522,12.5020
2942,5,48,9.60,3.6,0,corps,49.020352226689795,1.7703
2943,12,141,11.75,6.7,0,corps,48.997847677182676,1.5397
2944,7,86,12.29,4.4,0,corps,48.975354377137705,1.0863
2945,9,91,10.11,5.3,0,corps,48.95287232093157,2.2830
2946,9,116,12.89,5.3,0,corps,48.93040150294373,2.4777
2947,11,130,11.82,6.2,0,corps,48.90794191755652,1.7335
2948,10,130,13.00,5.8,0,corps,48.885493559155016,1.6345
2949,11,110,10.00,6.2,0,corps,48.86305642212714,2.1117
2950,17,201,11.82,8.9,0,corps,48.84063050086359,1.7472
2951,7,94,13.43,4.4,0,corps,48.818215789757915,1.3258
2952,8,75,9.38,4.9,0,corps,48.795812283206416,1.7548
2953,8,78,9.75,4.9,0,corps,48.77341997560822,2.3525
2954,4,62,15.50,3.1,0,corps,48.751038861365245,1.3339
2955,8,85,10.62,4.9,0,corps,48.72866893488222,1.7536
2956,11,117,10.64,6.2,0,corps,48.70631019056667,1.7968
2957,11,139,12.64,6.2,0,corps,48.68396262282889,7.2712
2958,6,75,12.50,4.0,0,corps,48.66162622608201,1.8415
2959,6,83,13.83,4.0,0,corps,48.63930099474191,1.5436
2960,6,76,12.67,4.0,0,corps,48.616986923227294,2.0521
2961,9,131,14.56,5.3,0,corps,48.59468400595964,1.1442
2962,9,98,10.89,5.3,0,corps,48.57239223736322,10.2584
2963,11,196,17.82,6.2,0,corps,48.55011161186509,1.8191
2964,23,269,11.70,11.6,0,corps,48.5278421238951,1.7427
2965,8,86,10.75,4.9,0,corps,48.50558376788588,1.8969
2966,12,124,10.33,6.7,0,corps,48.483336538272816,2.0455
2967,7,62,8.86,4.4,0,corps,48.461100429494124,1.9525
2968,2,22,11.00,2.2,0,corps,48.43887543599078,2.8655
2969,8,91,11.38,4.9,0,corps,48.41666155220652,1.4306
2970,2,19,9.50,2.2,0,corps,48.39445877258787,1.6231
2971,4,45,11.25,3.1,0,corps,48.372267091584156,1.9086
2972,5,70,14.00,3.6,0,corps,48.35008650364745,1.4229
2973,4,50,12.50,3.1,0,corps,48.32791700323259,0.9947
2974,6,61,10.17,4.0,0,corps,48.30575858479722,1.6944
2975,6,75,12.50,4.0,0,corps,48.28361124280172,1.2846
2976,2,23,11.50,2.2,0,corps,48.26147497170927,1.6078
2977,27,328,12.15,13.3,0,corps,48.239349765985786,1.4993
2978,16,129,8.06,8.4,0,corps,48.21723562009998,1.8696
2979,22,228,10.36,11.1,0,corps,48.1951325285233,1.8657
2980,6,79,13.17,4.0,0,corps,48.173040485729985,1.2265
2981,6,101,16.83,4.0,0,corps,48.15095948619703,1.1912
2982,6,50,8.33,4.0,0,corps,48.12888952440416,2.4067
2983,3,21,7.00,2.7,0,corps,48.106830594833916,2.4899
2984,10,123,12.30,5.8,0,corps,48.08478269197155,1.5122
2985,2,25,12.50,2.2,0,corps,48.06274581030509,1.5099
2986,10,109,10.90,5.8,0,corps,48.04071994432529,1.9912
2987,4,42,10.50,3.1,0,corps,48.01870508852572,2.5011
2988,13,157,12.08,7.1,0,corps,47.996701237402654,2.0801
2989,5,49,9.80,3.6,0,corps,47.97470838545513,2.1701
2990,4,44,11.00,3.1,0,corps,47.95272652718492,2.0810
2991,11,136,12.36,6.2,0,corps,47.93075565709658,1.7228
2992,3,37,12.33,2.7,0,corps,47.90879576969738,1.6053
2993,3,49,16.33,2.7,0,corps,47.88684685949735,1.3358
2994,7,101,14.43,4.4,0,corps,47.86490892100926,1.8933
2995,7,99,14.14,4.4,0,corps,47.84298194874863,11.9888
2996,10,147,14.70,5.8,0,corps,47.82106593723372,1.4163
2997,12,133,11.08,6.7,0,corps,47.799160880985525,1.4655
2998,7,78,11.14,4.4,0,corps,47.777266774527774,2.1776
2999,19,194,10.21,9.8,0,corps,47.75538361238694,6.2838
3000,7,86,12.29,4.4,0,corps,47.73351138909224,1.7782
3001,4,58,14.50,3.1,0,corps,47.71165009917562,2.5351
3002,10,135,13.50,5.8,0,corps,47.689799737171754,1.4700
3003,8,71,8.88,4.9,0,corps,47.66796029761804,14.8926
3004,8,97,12.12,4.9,0,corps,47.646131775054634,1.3663
3005,10,114,11.40,5.8,0,corps,47.6243141640244,1.8701
3006,9,91,10.11,5.3,0,corps,47.60250745907293,1.2945
3007,3,63,21.00,2.7,0,corps,47.58071165474855,0.9051
3008,10,106,10.60,5.8,0,corps,47.55892674560232,1.4134
3009,5,65,13.00,3.6,0,corps,47.537152726188,1.1799
3010,15,161,10.73,8.0,0,corps,47.51538959106208,6.5958
3011,14,161,11.50,7.6,0,corps,47.49363733478379,2.5867
3012,9,92,10.22,5.3,0,corps,47.47189595191506,1.3489
3013,14,183,13.07,7.6,0,corps,47.450165437020544,1.9322
3014,10,116,11.60,5.8,0,corps,47.42844578466762,1.6946
3015,24,242,10.08,12.0,0,corps,47.406736989426356,1.4822
3016,9,107,11.89,5.3,0,corps,47.385039045869576,1.7021
3017,6,55,9.17,4.0,0,corps,47.36335194857278,1.7983
3018,16,174,10.88,8.4,0,corps,47.34167569211421,7.7695
3019,5,56,11.20,3.6,0,corps,47.320010271074764,2.0118
3020,7,73,10.43,4.4,0,corps,47.29835568003812,1.7900
3021,3,30,10.00,2.7,0,corps,47.27671191359063,1.7859
3022,12,117,9.75,6.7,0,corps,47.25507896632134,2.1087
3023,16,197,12.31,8.4,0,corps,47.23345683282201,1.4632
3024,5,40,8.00,3.6,0,corps,47.211845507687116,1.5249
3025,13,138,10.62,7.1,0,corps,47.190244985513836,1.7863
3026,4,70,17.50,3.1,0,corps,47.16865526090202,1.3608
3027,9,101,11.22,5.3,0,corps,47.14707632845423,1.4815
3028,15,158,10.53,8.0,0,corps,47.12550818277576,2.3129
3029,7,52,7.43,4.4,0,corps,47.103950818474566,1.6824
3030,2,30,15.00,2.2,0,corps,47.082404230161295,1.5544
3031,6,74,12.33,4.0,0,corps,47.0608684124493,1.4614
3032,2,24,12.00,2.2,0,corps,47.039343359954636,1.4449
3033,6,83,13.83,4.0,0,corps,47.01782906729605,1.4446
3034,8,90,11.25,4.9,0,corps,46.99632552909494,1.5283
3035,3,55,18.33,2.7,0,corps,46.97483273997543,1.3977
3036,12,166,13.83,6.7,0,corps,46.953350694564335,1.4169
3037,7,86,12.29,4.4,0,corps,46.93187938749114,1.3275
3038,7,66,9.43,4.4,0,corps,46.91041881338803,1.6930
3039,19,217,11.42,9.8,0,corps,46.88896896688982,6.6857
3040,13,137,10.54,7.1,0,corps,46.867529842634085,1.8894
3041,2,28,14.00,2.2,0,corps,46.84610143526105,0.8564
3042,5,69,13.80,3.6,0,corps,46.82468373941358,1.7879
3043,3,41,13.67,2.7,0,corps,46.80327674973726,1.5246
3044,12,116,9.67,6.7,0,corps,46.78188046088037,1.6997
3045,3,41,13.67,2.7,0,corps,46.760494867493804,2.3963
3046,11,115,10.45,6.2,0,corps,46.73911996423119,1.8340
3047,7,79,11.29,4.4,0,corps,46.71775574574878,1.5992
3048,4,48,12.00,3.1,0,corps,46.69640220670553,1.4888
3049,8,90,11.25,4.9,0,corps,46.67505934176306,2.1023
3050,14,159,11.36,7.6,0,corps,46.65372714558564,1.7180
3051,4,32,8.00,3.1,0,corps,46.63240561284023,2.7813
3052,8,93,11.62,4.9,0,corps,46.61109473819645,1.6482
3053,14,166,11.86,7.6,0,corps,46.58979451632658,2.5664
3054,16,173,10.81,8.4,0,corps,46.568504941905545,1.8503
3055,18,232,12.89,9.3,0,corps,46.547226009610974,1.5258
3056,25,277,11.08,12.4,0,corps,46.52595771412314,1.6907
3057,3,26,8.67,2.7,0,corps,46.50470005012494,1.9165
3058,4,49,12.25,3.1,0,corps,46.48345301230199,1.4800
3059,6,50,8.33,4.0,0,corps,46.46221659534249,16.8331
3060,3,75,25.00,2.7,0,corps,46.44099079393738,1.5452
3061,11,106,9.64,6.2,0,corps,46.419775602780184,1.5644
3062,6,89,14.83,4.0,0,corps,46.39857101656711,1.2228
3063,6,72,12.00,4.0,0,corps,46.37737702999701,1.3391
3064,17,196,11.53,8.9,0,corps,46.35619363777138,1.7289
3065,16,131,8.19,8.4,0,corps,46.335020834594395,7.5930
3066,12,247,20.58,6.7,0,corps,46.31385861517284,1.3257
3067,9,131,14.56,5.3,0,corps,46.292706974216145,1.5891
3068,18,216,12.00,9.3,0,corps,46.27156590643642,1.5932
3069,8,102,12.75,4.9,0,corps,46.2504354065484,11.4489
3070,27,287,10.63,13.3,0,corps,46.229315469269444,2.3555
3071,2,23,11.50,2.2,0,corps,46.20820608931957,1.3775
3072,4,52,13.00,3.1,0,corps,46.18710726142144,1.4181
3073,11,165,15.00,6.2,0,corps,46.16601898030036,1.3352
3074,3,32,10.67,2.7,0,corps,46.14494124068423,1.5119
3075,6,61,10.17,4.0,0,corps,46.12387403730362,2.0698
3076,10,133,13.30,5.8,0,corps,46.10281736489176,8.3394
3077,21,285,13.57,10.7,0,corps,46.08177121818445,1.8409
3078,12,146,12.17,6.7,0,corps,46.06073559192018,1.6582
3079,10,160,16.00,5.8,0,corps,46.03971048084,1.4692
3080,18,201,11.17,9.3,0,corps,46.01869587968768,1.5023
3081,4,55,13.75,3.1,0,corps,45.99769178320954,1.8395
3082,4,77,19.25,3.1,0,corps,45.97669818615457,1.1960
3083,12,125,10.42,6.7,0,corps,45.95571508327435,1.6802
3084,19,263,13.84,9.8,0,corps,45.93474246932313,1.3870
3085,17,222,13.06,8.9,0,corps,45.91378033905775,1.4639
3086,10,127,12.70,5.8,0,corps,45.892828687237675,1.0180
3087,11,119,10.82,6.2,0,corps,45.87188750862497,1.6394
3088,14,166,11.86,7.6,0,corps,45.850956797984374,6.3929
3089,11,205,18.64,6.2,0,corps,45.8300365500832,1.3203
3090,8,92,11.50,4.9,0,corps,45.80912675969138,1.8410
3091,21,196,9.33,10.7,0,corps,45.78822742158146,1.7046
3092,4,45,11.25,3.1,0,corps,45.767338530528626,1.4662
3093,3,30,10.00,2.7,0,corps,45.74646008131063,2.0738
3094,22,234,10.64,11.1,0,corps,45.725592068707876,1.7217
3095,7,75,10.71,4.4,0,corps,45.70473448750335,1.5475
3096,12,145,12.08,6.7,0,corps,45.683887332482676,1.5269
3097,13,130,10.00,7.1,0,corps,45.66305059843404,7.5282
3098,5,53,10.60,3.6,0,corps,45.642224280148284,1.6577
3099,11,116,10.55,6.2,0,corps,45.6214083724188,1.6445
3100,4,32,8.00,3.1,0,corps,45.600602870041634,2.3237
3101,2,18,9.00,2.2,0,corps,45.5798077678154,2.4815
3102,2,31,15.50,2.2,0,corps,45.55902306054133,1.3402
3103,3,19,6.33,2.7,0,corps,45.53824874302323,1.6792
3104,13,128,9.85,7.1,0,corps,45.51748481006754,2.0055
3105,20,185,9.25,10.2,0,corps,45.49673125648327,7.3909
3106,13,145,11.15,7.1,0,corps,45.475988077082036,2.1093
3107,13,166,12.77,7.1,0,corps,45.455255266678016,2.4246
3108,6,65,10.83,4.0,0,corps,45.43453282008805,1.8780
3109,22,240,10.91,11.1,0,corps,45.4138207321315,2.3841
3110,15,205,13.67,8.0,0,corps,45.39311899763035,1.4230
3111,8,63,7.88,4.9,0,corps,45.37242761140915,2.3698
3112,20,189,9.45,10.2,0,corps,45.351746568295084,7.5753
3113,7,85,12.14,4.4,0,corps,45.33107586311787,10.0498
3114,9,139,15.44,5.3,0,corps,45.310415490709836,1.8449
3115,2,40,20.00,2.2,0,corps,45.289765445905886,0.7303
3116,6,79,13.17,4.0,0,corps,45.269125723543524,1.5053
3117,14,150,10.71,7.6,0,corps,45.2484963184628,1.6713
3118,14,123,8.79,7.6,0,corps,45.227877225506376,1.8726
3119,4,34,8.50,3.1,0,corps,45.20726843951946,2.5141
3120,18,197,10.94,9.3,0,corps,45.186669955349885,1.5470
3121,9,106,11.78,5.3,0,corps,45.16608176784801,1.8603
3122,10,119,11.90,5.8,0,corps,45.14550387186678,2.3351
3123,9,110,12.22,5.3,0,corps,45.12493626226174,1.8771
3124,6,94,15.67,4.0,0,corps,45.104378933890985,2.2860
3125,19,188,9.89,9.8,0,corps,45.08383188161517,2.4370
3126,27,335,12.41,13.3,0,corps,45.063295100297545,4.6637
3127,9,91,10.11,5.3,0,corps,45.0427685848039,3.6350
3128,3,68,22.67,2.7,0,corps,45.02225233000262,1.4110
3129,3,39,13.00,2.7,0,corps,45.00174633076464,1.7450
3130,5,67,13.40,3.6,0,corps,44.98125058196345,1.8287
3131,9,92,10.22,5.3,0,corps,44.96076507847513,2.0015
3132,5,88,17.60,3.6,0,corps,44.940289815178275,1.7669
3133,13,107,8.23,7.1,0,corps,44.9198247869541,2.6170
3134,12,186,15.50,6.7,0,corps,44.89936998868633,1.6946
3135,8,166,20.75,4.9,0,corps,44.87892541526128,1.4017
3136,7,51,7.29,4.4,0,corps,44.858491061567776,2.2614
3137,5,96,19.20,3.6,0,corps,44.83806692249727,1.4770
3138,15,187,12.47,8.0,0,corps,44.8176529929437,2.2778
3139,5,76,15.20,3.6,0,corps,44.79724926780359,1.8547
3140,5,64,12.80,3.6,0,corps,44.77685574197601,1.7440
3141,2,29,14.50,2.2,0,corps,44.756472410362576,1.7762
3142,2,28,14.00,2.2,0,corps,44.736099267867466,1.2286
3143,3,51,17.00,2.7,0,corps,44.71573630939738,1.3647
3144,9,80,8.89,5.3,0,corps,44.69538352986157,1.8198
3145,7,74,10.57,4.4,0,corps,44.675040924171874,2.1642
3146,16,167,10.44,8.4,0,corps,44.65470848724261,1.8117
3147,26,296,11.38,12.9,0,corps,44.63438621399069,1.7853
3148,6,64,10.67,4.0,0,corps,44.61407409933552,1.6625
3149,14,174,12.43,7.6,0,corps,44.59377213819909,1.4369
3150,6,68,11.33,4.0,0,corps,44.57348032550591,1.7473
3151,8,112,14.00,4.9,0,corps,44.55319865618303,1.5783
3152,16,151,9.44,8.4,0,corps,44.53292712516001,2.0380
3153,15,189,12.60,8.0,0,corps,44.51266572736899,1.9022
3154,12,159,13.25,6.7,0,corps,44.492414457744616,1.9162
3155,17,160,9.41,8.9,0,corps,44.472173311224076,2.4092
3156,8,107,13.38,4.9,0,corps,44.45194228274705,1.7451
3157,11,133,12.09,6.2,0,corps,44.43172136725582,1.6952
3158,21,265,12.62,10.7,0,corps,44.411510559695145,1.6247
3159,6,53,8.83,4.0,0,corps,44.39130985501232,2.1533
3160,3,47,15.67,2.7,0,corps,44.37111924815716,1.2919
3161,4,30,7.50,3.1,0,corps,44.35093873408202,2.4312
3162,6,78,13.00,4.0,0,corps,44.330768307741785,14.1501
3163,5,63,12.60,3.6,0,corps,44.31060796409384,1.5138
3164,7,110,15.71,4.4,0,corps,44.29045769809808,1.1234
3165,8,130,16.25,4.9,0,corps,44.270317504716964,8.6959
3166,11,107,9.73,6.2,0,corps,44.25018737891544,2.0816
3167,3,43,14.33,2.7,0,corps,44.23006731566097,1.2330
3168,4,74,18.50,3.1,0,corps,44.20995730992352,1.4974
3169,10,124,12.40,5.8,0,corps,44.189857356675624,1.7359
3170,8,80,10.00,4.9,0,corps,44.16976745089227,1.4564
3171,18,204,11.33,9.3,0,corps,44.14968758755099,6.3619
3172,2,19,9.50,2.2,0,corps,44.12961776163181,1.6070
3173,2,31,15.50,2.2,0,corps,44.109557968117294,2.0462
3174,11,105,9.55,6.2,0,corps,44.089508201992466,9.0452
3175,15,222,14.80,8.0,0,corps,44.069468458244906,1.7555
3176,7,67,9.57,4.4,0,corps,44.04943873186466,1.7626
3177,7,81,11.57,4.4,0,corps,44.029419017844305,1.7826
3178,14,145,10.36,7.6,0,corps,44.00940931117893,1.8424
3179,8,110,13.75,4.9,0,corps,43.989409606866076,1.3334
3180,3,46,15.33,2.7,0,corps,43.96941989990582,1.6049
3181,22,275,12.50,11.1,0,corps,43.94944018530077,1.6660
3182,7,108,15.43,4.4,0,corps,43.929470458055974,1.4933
3183,4,38,9.50,3.1,0,corps,43.909510713178996,2.1481
3184,25,284,11.36,12.4,0,corps,43.88956094567989,1.9781
3185,8,94,11.75,4.9,0,corps,43.86962115057124,10.6485
3186,8,111,13.88,4.9,0,corps,43.84969132286809,1.9723
3187,12,143,11.92,6.7,0,corps,43.82977145758798,1.9221
3188,5,49,9.80,3.6,0,corps,43.80986154975092,2.1083
3189,6,69,11.50,4.0,0,corps,43.78996159437948,1.5880
3190,11,143,13.00,6.2,0,corps,43.77007158649863,1.7866
3191,13,132,10.15,7.1,0,corps,43.750191521135896,1.8056
3192,9,87,9.67,5.3,0,corps,43.73032139332123,12.9571
3193,10,117,11.70,5.8,0,corps,43.71046119808714,2.3402
3194,3,55,18.33,2.7,0,corps,43.69061093046855,1.4119
3195,15,171,11.40,8.0,0,corps,43.6707705855029,6.2906
3196,2,22,11.00,2.2,0,corps,43.65094015823009,2.0256
3197,10,228,22.80,5.8,0,corps,43.63111964369254,1.2570
3198,12,140,11.67,6.7,0,corps,43.61130903693511,1.7873
3199,3,31,10.33,2.7,0,corps,43.591508333005144,1.6726
3200,6,83,13.83,4.0,0,corps,43.571717526952455,1.7019
3201,3,40,13.33,2.7,0,corps,43.55193661382936,1.1890
3202,5,61,12.20,3.6,0,corps,43.53216558869063,1.6139
3203,4,40,10.00,3.1,0,corps,43.51240444659351,1.9559
3204,6,53,8.83,4.0,0,corps,43.492653182597685,2.2482
3205,14,151,10.79,7.6,0,corps,43.47291179176537,1.5795
3206,10,124,12.40,5.8,0,corps,43.453180269161216,1.7537
3207,4,50,12.50,3.1,0,corps,43.43345860985233,1.2578
3208,20,201,10.05,10.2,0,corps,43.41374680890831,1.4727
3209,15,172,11.47,8.0,0,corps,43.394044861401184,7.7703
3210,18,221,12.28,9.3,0,corps,43.374352762405486,1.5602
3211,11,138,12.55,6.2,0,corps,43.35467050699818,1.8631
3212,12,120,10.00,6.7,0,corps,43.3349980902587,1.9934
3213,11,137,12.45,6.2,0,corps,43.31533550726896,1.6635
3214,2,28,14.00,2.2,0,corps,43.295682753113304,1.4547
3215,2,59,29.50,2.2,0,corps,43.27603982287853,1.0663
3216,8,140,17.50,4.9,0,corps,43.256406711653916,1.1433
3217,14,156,11.14,7.6,0,corps,43.236783414531196,1.4733
3218,10,110,11.00,5.8,0,corps,43.21716992660452,1.3745
3219,5,79,15.80,3.6,0,corps,43.197566242970545,1.6550
3220,13,147,11.31,7.1,0,corps,43.17797235872832,1.6213
3221,6,93,15.50,4.0,0,corps,43.158388268979394,1.0508
3222,12,144,12.00,6.7,0,corps,43.13881396882774,1.6182
3223,15,200,13.33,8.0,0,corps,43.11924945337978,1.9458
3224,19,210,11.05,9.8,0,corps,43.09969471774439,1.8719
3225,8,88,11.00,4.9,0,corps,43.080149757032885,1.9710
3226,15,150,10.00,8.0,0,corps,43.06061456635902,1.9111
3227,5,75,15.00,3.6,0,corps,43.041089140839,1.6860
3228,14,142,10.14,7.6,0,corps,43.02157347559146,2.0634
3229,7,59,8.43,4.4,0,corps,43.002067565737505,2.2494
3230,27,303,11.22,13.3,0,corps,42.982571406400645,1.7790
3231,2,23,11.50,2.2,0,corps,42.96308499270683,2.1320
3232,8,104,13.00,4.9,0,corps,42.943608319784474,1.4561
3233,12,139,11.58,6.7,0,corps,42.9241413827644,1.4471
3234,3,28,9.33,2.7,0,corps,42.90468417677988,1.4054
3235,10,123,12.30,5.8,0,corps,42.885236696966594,1.4808
3236,11,142,12.91,6.2,0,corps,42.86579893846268,1.4855
3237,10,108,10.80,5.8,0,corps,42.84637089640872,1.4945
3238,4,53,13.25,3.1,0,corps,42.826952565947686,1.0781
3239,7,67,9.57,4.4,0,corps,42.80754394222498,2.0010
3240,3,39,13.00,2.7,0,corps,42.78814502038847,1.2787
3241,3,31,10.33,2.7,0,corps,42.768755795588426,1.5666
3242,7,81,11.57,4.4,0,corps,42.74937626297752,1.4130
3243,4,49,12.25,3.1,0,corps,42.73000641771089,1.2611
3244,2,47,23.50,2.2,0,corps,42.71064625494606,1.3750
3245,7,77,11.00,4.4,0,corps,42.691295769842995,1.7899
3246,6,70,11.67,4.0,0,corps,42.67195495756408,1.5875
3247,16,154,9.62,8.4,0,corps,42.652623813274104,1.8929
3248,5,46,9.20,3.6,0,corps,42.633302332140275,1.9501
3249,5,80,16.00,3.6,0,corps,42.61399050933224,1.3729
3250,4,62,15.50,3.1,0,corps,42.59468834002204,1.0701
3251,18,235,13.06,9.3,0,corps,42.57539581938411,1.7554
3252,2,18,9.00,2.2,0,corps,42.55611294259534,2.2644
3253,10,117,11.70,5.8,0,corps,42.536839704835,1.6696
3254,8,99,12.38,4.9,0,corps,42.517576101284796,1.6078
3255,12,138,11.50,6.7,0,corps,42.49832212712883,2.3626
3256,4,54,13.50,3.1,0,corps,42.479077777553584,1.7421
3257,13,170,13.08,7.1,0,corps,42.459843047747974,1.6733
3258,10,97,9.70,5.8,0,corps,42.440617932903336,1.6901
3259,4,34,8.50,3.1,0,corps,42.421402428213376,1.8580
3260,15,184,12.27,8.0,0,corps,42.40219652887423,2.0451
3261,10,92,9.20,5.8,0,corps,42.38300023008441,1.9627
3262,16,197,12.31,8.4,0,corps,42.363813527044854,1.7015
3263,5,65,13.00,3.6,0,corps,42.34463641495888,1.5893
3264,24,223,9.29,12.0,0,corps,42.3254688890322,2.0573
3265,10,75,7.50,5.8,0,corps,42.30631094447295,11.1199
3266,6,68,11.33,4.0,0,corps,42.28716257649163,2.0624
3267,13,133,10.23,7.1,0,corps,42.268023780301164,1.9740
3268,4,38,9.50,3.1,0,corps,42.248894551116834,1.9534
3269,15,146,9.73,8.0,0,corps,42.229774884156335,8.5172
3270,2,27,13.50,2.2,0,corps,42.21066477463977,2.0381
3271,9,111,12.33,5.3,0,corps,42.19156421778959,1.9862
3272,12,150,12.50,6.7,0,corps,42.17247320883067,6.9131
3273,6,67,11.17,4.0,0,corps,42.15339174299024,2.3856
3274,6,77,12.83,4.0,0,corps,42.134319815497946,1.6798
3275,5,34,6.80,3.6,0,corps,42.11525742158581,3.2933
3276,11,136,12.36,6.2,0,corps,42.096204556488225,1.7734
3277,13,195,15.00,7.1,0,corps,42.077161215441976,1.4916
3278,4,48,12.00,3.1,0,corps,42.058127393686235,1.9853
3279,6,61,10.17,4.0,0,corps,42.03910308646254,2.0870
3280,4,49,12.25,3.1,0,corps,42.020088289014815,1.7788
3281,17,193,11.35,8.9,0,corps,42.00108299658935,2.8885
3282,9,97,10.78,5.3,0,corps,41.98208720443483,1.9052
3283,3,39,13.00,2.7,0,corps,41.96310090780233,1.7639
3284,12,142,11.83,6.7,0,corps,41.94412410194525,1.8557
3285,12,121,10.08,6.7,0,corps,41.92515678211938,2.8898
3286,5,67,13.40,3.6,0,corps,41.90619894358291,1.6724
3287,16,208,13.00,8.4,0,corps,41.887250581596376,1.8056
3288,4,54,13.50,3.1,0,corps,41.86831169142268,1.5944
3289,7,82,11.71,4.4,0,corps,41.8493822683271,1.7056
3290,22,243,11.05,11.1,0,corps,41.83046230757729,2.1186
3291,11,102,9.27,6.2,0,corps,41.811551804443255,2.4245
3292,17,164,9.65,8.9,0,corps,41.79265075419737,2.9931
3293,2,27,13.50,2.2,0,corps,41.773759152114366,1.7509
3294,23,274,11.91,11.6,0,corps,41.75487699347135,2.6279
3295,2,30,15.00,2.2,0,corps,41.73600427354777,1.5173
3296,4,43,10.75,3.1,0,corps,41.71714098762547,2.0643
3297,3,28,9.33,2.7,0,corps,41.6982871309886,2.4418
3298,10,137,13.70,5.8,0,corps,41.679442698923715,1.6254
3299,8,148,18.50,4.9,0,corps,41.6606076867197,1.5845
3300,14,174,12.43,7.6,0,corps,41.64178208966781,1.7887
3301,7,62,8.86,4.4,0,corps,41.62296590306162,14.5872
3302,7,95,13.57,4.4,0,corps,41.60415912219712,1.4427
3303,12,138,11.50,6.7,0,corps,41.58536174237259,10.0931
3304,23,275,11.96,11.6,0,corps,41.566573758888694,1.9765
3305,2,16,8.00,2.2,0,corps,41.54779516704842,1.4111
3306,12,125,10.42,6.7,0,corps,41.52902596215715,1.6038
3307,6,60,10.00,4.0,0,corps,41.51026613952256,1.3637
3308,24,257,10.71,12.0,0,corps,41.4915156944547,1.5808
3309,2,34,17.00,2.2,0,corps,41.47277462226595,1.1589
3310,5,48,9.60,3.6,0,corps,41.454042918271064,1.2952
3311,11,103,9.36,6.2,0,corps,41.4353205777871,1.7120
3312,17,145,8.53,8.9,0,corps,41.41660759613348,2.1836
3313,31,323,10.42,15.1,0,corps,41.39790396863194,2.0916
3314,15,161,10.73,8.0,0,corps,41.379209690606594,1.5569
3315,2,30,15.00,2.2,0,corps,41.36052475738387,0.9109
3316,10,132,13.20,5.8,0,corps,41.341849164292526,1.6156
3317,2,36,18.00,2.2,0,corps,41.32318290666366,1.1775
3318,10,85,8.50,5.8,0,corps,41.30452597983073,1.9297
3319,3,51,17.00,2.7,0,corps,41.28587837912948,1.1031
3320,3,64,21.33,2.7,0,corps,41.267240099898025,1.1829
3321,9,121,13.44,5.3,0,corps,41.24861113747678,1.8361
3322,7,97,13.86,4.4,0,corps,41.229991487208515,1.7773
3323,17,232,13.65,8.9,0,corps,41.21138114443833,1.6292
3324,4,34,8.50,3.1,0,corps,41.19278010451361,2.4574
3325,10,100,10.00,5.8,0,corps,41.1741883627841,2.2472
3326,11,110,10.00,6.2,0,corps,41.15560591460189,1.7120
3327,2,17,8.50,2.2,0,corps,41.13703275532136,1.5230
3328,20,209,10.45,10.2,0,corps,41.118468880299204,1.8878
3329,6,113,18.83,4.0,0,corps,41.09991428489445,1.6451
3330,6,77,12.83,4.0,0,corps,41.08136896446848,1.6511
3331,5,52,10.40,3.6,0,corps,41.06283291438493,1.5057
3332,8,70,8.75,4.9,0,corps,41.04430613000981,3.0970
3333,6,72,12.00,4.0,0,corps,41.02578860671141,1.5587
3334,13,132,10.15,7.1,0,corps,41.00728033986035,7.9821
3335,9,85,9.44,5.3,0,corps,40.988781324829574,2.1627
3336,16,159,9.94,8.4,0,corps,40.97029155699433,1.9392
3337,15,209,13.93,8.0,0,corps,40.95181103173215,1.6160
3338,4,36,9.00,3.1,0,corps,40.93333974442293,1.6875
3339,6,57,9.50,4.0,0,corps,40.91487769044884,16.3574
3340,12,146,12.17,6.7,0,corps,40.89642486519437,1.3755
3341,3,55,18.33,2.7,0,corps,40.87798126404629,0.8305
3342,16,140,8.75,8.4,0,corps,40.85954688239373,1.9429
3343,19,253,13.32,9.8,0,corps,40.841121715628084,1.9380
3344,4,49,12.25,3.1,0,corps,40.82270575914306,1.6020
3345,15,252,16.80,8.0,0,corps,40.80429900833466,1.3298
3346,3,37,12.33,2.7,0,corps,40.78590145860121,2.0294
3347,3,30,10.00,2.7,0,corps,40.76751310534332,1.9542
3348,20,214,10.70,10.2,0,corps,40.7491339439639,1.8480
3349,2,15,7.50,2.2,0,corps,40.730763969868136,1.0934
3350,9,105,11.67,5.3,0,corps,40.712403178463575,1.7139
3351,10,108,10.80,5.8,0,corps,40.694051565159995,1.3741
3352,6,65,10.83,4.0,0,corps,40.675709125369494,1.5029
3353,4,44,11.00,3.1,0,corps,40.65737585450647,1.3912
3354,2,27,13.50,2.2,0,corps,40.639051747987594,1.0097
3355,6,72,12.00,4.0,0,corps,40.62073680123186,1.4288
3356,9,91,10.11,5.3,0,corps,40.6024310096605,1.6442
3357,19,187,9.84,9.8,0,corps,40.584134368697086,2.7890
3358,5,62,12.40,3.6,0,corps,40.56584687376746,1.3690
3359,4,33,8.25,3.1,0,corps,40.54756852029975,1.3123
3360,9,111,12.33,5.3,0,corps,40.52929930372435,1.7915
3361,13,127,9.77,7.1,0,corps,40.511039219473965,1.6525
3362,5,34,6.80,3.6,0,corps,40.49278826298358,3.4123
3363,7,87,12.43,4.4,0,corps,40.474546429690456,1.1828
3364,6,56,9.33,4.0,0,corps,40.45631371503412,1.5172
3365,28,307,10.96,13.8,0,corps,40.4380901144564,1.5830
3366,11,114,10.36,6.2,0,corps,40.41987562340141,1.4371
3367,16,177,11.06,8.4,0,corps,40.401670237315514,1.6136
3368,16,173,10.81,8.4,0,corps,40.38347395164736,1.8389
3369,21,240,11.43,10.7,0,corps,40.36528676184788,6.3361
3370,11,98,8.91,6.2,0,corps,40.34710866337029,2.4553
3371,2,4,2.00,2.2,0,corps,40.32893965167005,12.0967
3372,2,16,8.00,2.2,0,corps,40.31077972220491,3.3769
3373,5,41,8.20,3.6,0,corps,40.292628870434896,2.7082
3374,19,238,12.53,9.8,0,corps,40.27448709182229,6.8190
3375,14,225,16.07,7.6,0,corps,40.25635438183164,6.0157
3376,13,179,13.77,7.1,0,corps,40.238230735929776,1.7369
3377,5,58,11.60,3.6,0,corps,40.220116149585785,1.2852
3378,7,72,10.29,4.4,0,corps,40.20201061827102,1.5181
3379,4,40,10.00,3.1,0,corps,40.18391413745909,1.5468
3380,9,82,9.11,5.3,0,corps,40.16582670262589,1.5492
3381,7,101,14.43,4.4,0,corps,40.147748309249565,1.4652
3382,12,109,9.08,6.7,0,corps,40.12967895281049,3.1784
3383,8,106,13.25,4.9,0,corps,40.11161862879134,1.5660
3384,14,142,10.14,7.6,0,corps,40.09356733267705,7.7739
3385,11,152,13.82,6.2,0,corps,40.07552505995477,8.1706
3386,15,235,15.67,8.0,0,corps,40.057491806113944,1.5268
3387,14,152,10.86,7.6,0,corps,40.03946756664626,1.7091
3388,13,169,13.00,7.1,0,corps,40.02145233704565,7.2949
3389,3,35,11.67,2.7,0,corps,40.00344611280833,1.4503
3390,5,43,8.60,3.6,0,corps,39.985448889432696,2.6801
3391,8,92,11.50,4.9,0,corps,39.9674606624195,14.1808
3392,8,82,10.25,4.9,0,corps,39.949481427271635,2.3104
3393,9,119,13.22,5.3,0,corps,39.93151117949433,1.6036
3394,16,196,12.25,8.4,0,corps,39.913549914594995,5.7084
3395,6,75,12.50,4.0,0,corps,39.89559762808333,1.8380
3396,2,25,12.50,2.2,0,corps,39.87765431547127,1.7675
3397,12,121,10.08,6.7,0,corps,39.85971997227297,1.9199
3398,4,65,16.25,3.1,0,corps,39.84179459400484,1.6731
3399,15,196,13.07,8.0,0,corps,39.823878176185545,1.5829
3400,26,287,11.04,12.9,0,corps,39.80597071433599,1.9486
3401,3,29,9.67,2.7,0,corps,39.7880722039793,1.7497
3402,4,48,12.00,3.1,0,corps,39.77018264064084,1.6037
3403,16,250,15.62,8.4,0,corps,39.75230201984823,2.0932
3404,13,161,12.38,7.1,0,corps,39.734430337131315,2.1759
3405,10,98,9.80,5.8,0,corps,39.716567588022166,2.0781
3406,20,245,12.25,10.2,0,corps,39.6987137680551,6.5194
3407,3,59,19.67,2.7,0,corps,39.680868872766666,1.8330
3408,13,145,11.15,7.1,0,corps,39.66303289769563,2.3565
3409,16,210,13.12,8.4,0,corps,39.64520583838301,1.9623
3410,6,50,8.33,4.0,0,corps,39.62738769037203,2.0471
3411,15,160,10.67,8.0,0,corps,39.60957844920816,8.5685
3412,12,168,14.00,6.7,0,corps,39.591778110439094,2.0506
3413,8,74,9.25,4.9,0,corps,39.57398666961473,2.0390
3414,5,48,9.60,3.6,0,corps,39.55620412228722,2.6712
3415,4,28,7.00,3.1,0,corps,39.538430464010936,4.8457
3416,6,67,11.17,4.0,0,corps,39.52066569034245,1.5593
3417,9,98,10.89,5.3,0,corps,39.50290979684057,9.6021
3418,8,145,18.12,4.9,0,corps,39.48516277906632,1.7006
3419,9,163,18.11,5.3,0,corps,39.46742463258295,1.4514
3420,5,56,11.20,3.6,0,corps,39.44969535295593,2.1373
3421,15,148,9.87,8.0,0,corps,39.431974935752926,2.0633
3422,10,119,11.90,5.8,0,corps,39.414263376543836,2.0506
3423,13,136,10.46,7.1,0,corps,39.39656067090079,2.4261
3424,6,68,11.33,4.0,0,corps,39.37886681439808,1.7171
3425,10,126,12.60,5.8,0,corps,39.36118180261227,1.4894
3426,10,119,11.90,5.8,0,corps,39.34350563112209,8.7722
3427,8,111,13.88,4.9,0,corps,39.3258382955085,7.3650
3428,6,37,6.17,4.0,0,corps,39.30817979135467,27.4515
3429,11,161,14.64,6.2,0,corps,39.290530114245975,6.0853
3430,7,83,11.86,4.4,0,corps,39.27288925976998,1.7749
3431,16,215,13.44,8.4,0,corps,39.2552572235165,1.6506
3432,16,166,10.38,8.4,0,corps,39.237634001077495,2.4746
3433,6,92,15.33,4.0,0,corps,39.22001958804719,1.4937
3434,17,223,13.12,8.9,0,corps,39.202413980021944,6.1662
3435,21,236,11.24,10.7,0,corps,39.1848171726004,1.9786
3436,14,138,9.86,7.6,0,corps,39.16722916138332,1.8810
3437,17,178,10.47,8.9,0,corps,39.14964994197372,1.9904
3438,20,177,8.85,10.2,0,corps,39.132079509976776,1.8137
3439,6,110,18.33,4.0,0,corps,39.1145178609999,1.6043
3440,7,102,14.57,4.4,0,corps,39.09696499065267,1.1857
3441,8,78,9.75,4.9,0,corps,39.07942089454687,1.8210
3442,36,342,9.50,17.3,0,corps,39.061885568296475,2.1363
3443,3,38,12.67,2.7,0,corps,39.04435900751766,1.3582
3444,6,53,8.83,4.0,0,corps,39.02684120782878,15.4276
3445,7,81,11.57,4.4,0,corps,39.009332164850385,2.2930
3446,18,206,11.44,9.3,0,corps,38.991831874205204,5.8453
3447,12,132,11.00,6.7,0,corps,38.97434033151818,2.3889
3448,10,122,12.20,5.8,0,corps,38.95685753241643,1.7770
3449,22,216,9.82,11.1,0,corps,38.93938347252924,2.0990
3450,18,148,8.22,9.3,0,corps,38.921918147488086,2.1912
3451,3,38,12.67,2.7,0,corps,38.90446155292666,1.3532
3452,9,118,13.11,5.3,0,corps,38.887013684480806,1.4866
3453,22,201,9.14,11.1,0,corps,38.86957453778856,2.1225
3454,16,162,10.12,8.4,0,corps,38.852144108490116,2.1498
3455,3,28,9.33,2.7,0,corps,38.834722392227896,2.2387
3456,8,67,8.38,4.9,0,corps,38.81730938464645,2.0979
3457,4,55,13.75,3.1,0,corps,38.799905081392524,1.3229
3458,8,91,11.38,4.9,0,corps,38.78250947811506,1.8173
3459,7,81,11.57,4.4,0,corps,38.76512257046514,1.6857
3460,14,143,10.21,7.6,0,corps,38.74774435409605,8.5620
3461,4,40,10.00,3.1,0,corps,38.73037482466323,2.7948
3462,5,56,11.20,3.6,0,corps,38.71301397782428,1.5000
3463,8,73,9.12,4.9,0,corps,38.69566180923903,1.9908
3464,10,97,9.70,5.8,0,corps,38.678318314569395,1.8361
3465,19,183,9.63,9.8,0,corps,38.66098348947953,1.7579
3466,26,274,10.54,12.9,0,corps,38.64365732963571,3.2645
3467,3,20,6.67,2.7,0,corps,38.6263398307064,1.9534
3468,9,105,11.67,5.3,0,corps,38.609030988362235,1.8716
3469,13,164,12.62,7.1,0,corps,38.591730798276,1.9468
3470,19,257,13.53,9.8,0,corps,38.57443925612263,1.9759
3471,27,272,10.07,13.3,0,corps,38.55715635757927,2.2955
3472,12,114,9.50,6.7,0,corps,38.53988209832517,1.6834
3473,9,113,12.56,5.3,0,corps,38.52261647404179,7.2293
3474,3,43,14.33,2.7,0,corps,38.50535948041269,2.3464
3475,4,64,16.00,3.1,0,corps,38.488111113123644,1.2204
3476,2,45,22.50,2.2,0,corps,38.47087136786257,1.4522
3477,20,252,12.60,10.2,0,corps,38.4536402403195,1.8296
3478,4,42,10.50,3.1,0,corps,38.436417726186676,1.5653
3479,13,143,11.00,7.1,0,corps,38.41920382115846,1.8524
3480,19,246,12.95,9.8,0,corps,38.401998520931386,1.7781
3481,14,187,13.36,7.6,0,corps,38.38480182120412,1.3529
3482,17,180,10.59,8.9,0,corps,38.36761371767748,1.7711
3483,21,208,9.90,10.7,0,corps,38.35043420605445,6.5453
3484,16,199,12.44,8.4,0,corps,38.33326328204016,6.2011
3485,3,42,14.00,2.7,0,corps,38.316100941341865,2.1125
3486,6,76,12.67,4.0,0,corps,38.29894717966897,12.6955
3487,17,219,12.88,8.9,0,corps,38.281801992733065,1.4730
3488,11,142,12.91,6.2,0,corps,38.264665376247834,1.1946
3489,10,143,14.30,5.8,0,corps,38.24753732592912,1.2778
3490,18,248,13.78,9.3,0,corps,38.230417837494926,3.7950
3491,13,128,9.85,7.1,0,corps,38.21330690666536,1.4692
3492,6,77,12.83,4.0,0,corps,38.196204529162706,1.4524
3493,8,91,11.38,4.9,0,corps,38.17911070071136,2.0937
3494,8,74,9.25,4.9,0,corps,38.16202541703787,1.3763
3495,9,110,12.22,5.3,0,corps,38.1449486738709,1.6800
3496,2,32,16.00,2.2,0,corps,38.12788046694129,1.8931
3497,23,286,12.43,11.6,0,corps,38.11082079198197,1.5320
3498,4,48,12.00,3.1,0,corps,38.09376964472801,1.7606
3499,9,79,8.78,5.3,0,corps,38.076727020916664,2.4253
3500,14,146,10.43,7.6,0,corps,38.05969291628725,2.3599
3501,4,46,11.50,3.1,0,corps,38.042667326581224,1.1942
3502,4,34,8.50,3.1,0,corps,38.02565024754222,2.1382
3503,24,324,13.50,12.0,0,corps,38.00864167491594,5.1068
3504,8,100,12.50,4.9,0,corps,37.99164160445028,1.9282
3505,15,180,12.00,8.0,0,corps,37.97465003189518,1.8392
3506,18,184,10.22,9.3,0,corps,37.95766695300277,1.9212
3507,5,45,9.00,3.6,0,corps,37.940692363527276,1.5244
3508,14,109,7.79,7.6,0,corps,37.92372625922505,1.7561
3509,10,112,11.20,5.8,0,corps,37.90676863585456,1.2888
3510,4,60,15.00,3.1,0,corps,37.88981948917641,0.8679
3511,18,196,10.89,9.3,0,corps,37.8728788149533,2.4191
3512,7,72,10.29,4.4,0,corps,37.855946608950084,10.6421
3513,19,256,13.47,9.8,0,corps,37.83902286693369,1.9284
3514,20,270,13.50,10.2,0,corps,37.82210758467319,3.3434
3515,8,177,22.12,4.9,0,corps,37.80520075793976,4.8251
3516,12,172,14.33,6.7,0,corps,37.78830238250671,1.4810
3517,5,48,9.60,3.6,0,corps,37.77141245414942,1.8649
3518,16,190,11.88,8.4,0,corps,37.75453096864542,1.8727
3519,21,270,12.86,10.7,0,corps,37.73765792177433,3.6852
3520,16,146,9.12,8.4,0,corps,37.7207933093179,2.1946
3521,7,65,9.29,4.4,0,corps,37.70393712705998,1.1561
3522,3,44,14.67,2.7,0,corps,37.687089370786516,0.8258
3523,6,88,14.67,4.0,0,corps,37.670250036285566,1.6406
3524,18,222,12.33,9.3,0,corps,37.6534191193473,5.6110
3525,19,170,8.95,9.8,0,corps,37.63659661576399,2.6410
3526,12,176,14.67,6.7,0,corps,37.619782521330016,1.4470
3527,12,109,9.08,6.7,0,corps,37.602976831841836,1.8796
3528,3,67,22.33,2.7,0,corps,37.58617954309804,1.2238
3529,11,96,8.73,6.2,0,corps,37.569390650899315,2.1215
3530,7,91,13.00,4.4,0,corps,37.55261015104843,1.6722
3531,2,39,19.50,2.2,0,corps,37.53583803935023,1.1441
3532,10,121,12.10,5.8,0,corps,37.51907431161174,1.2747
3533,19,247,13.00,9.8,0,corps,37.502318963642,3.8793
3534,6,67,11.17,4.0,0,corps,37.48557199125217,1.9098
3535,14,174,12.43,7.6,0,corps,37.46883339025551,1.8724
3536,3,53,17.67,2.7,0,corps,37.45210315646738,1.0170
3537,13,104,8.00,7.1,0,corps,37.43538128570521,1.5635
3538,6,75,12.50,4.0,0,corps,37.418667773788535,1.5612
3539,5,85,17.00,3.6,0,corps,37.401962616538974,1.1145
3540,11,102,9.27,6.2,0,corps,37.38526580978024,12.5718
3541,3,57,19.00,2.7,0,corps,37.36857734933814,1.2423
3542,10,111,11.10,5.8,0,corps,37.35189723104055,1.2506
3543,8,85,10.62,4.9,0,corps,37.33522545071744,1.2621
3544,2,24,12.00,2.2,0,corps,37.318562004200864,1.3858
3545,6,82,13.67,4.0,0,corps,37.30190688732497,1.3048
3546,9,108,12.00,5.3,0,corps,37.28526009592596,1.4537
3547,13,136,10.46,7.1,0,corps,37.26862162584215,1.3947
3548,13,168,12.92,7.1,0,corps,37.25199147291393,1.1897
3549,2,32,16.00,2.2,0,corps,37.23536963298375,1.1668
3550,13,122,9.38,7.1,0,corps,37.21875610189614,1.3766
3551,9,97,10.78,5.3,0,corps,37.20215087549772,1.6470
3552,11,126,11.45,6.2,0,corps,37.18555394963721,1.2847
3553,3,31,10.33,2.7,0,corps,37.16896532016536,1.2196
3554,10,129,12.90,5.8,0,corps,37.15238498293502,1.4662
3555,10,109,10.90,5.8,0,corps,37.13581293380108,1.3568
3556,7,72,10.29,4.4,0,corps,37.11924916862055,1.2067
3557,15,193,12.87,8.0,0,corps,37.10269368325248,1.1549
3558,23,277,12.04,11.6,0,corps,37.086146473558024,1.2679
3559,12,135,11.25,6.7,0,corps,37.06960753540034,1.0081
3560,4,41,10.25,3.1,0,corps,37.053076864644716,1.1540
3561,15,156,10.40,8.0,0,corps,37.03655445715849,1.3610
3562,4,40,10.00,3.1,0,corps,37.02004030881103,2.3965
3563,18,156,8.67,9.3,0,corps,37.00353441547383,1.6448
3564,9,101,11.22,5.3,0,corps,36.987036773020414,1.2583
3565,7,103,14.71,4.4,0,corps,36.970547377326355,1.0470
3566,6,59,9.83,4.0,0,corps,36.95406622426932,14.6151
3567,9,137,15.22,5.3,0,corps,36.937593309729,1.3964
3568,7,72,10.29,4.4,0,corps,36.92112862958719,1.0994
3569,12,125,10.42,6.7,0,corps,36.9046721797277,1.8297
3570,12,149,12.42,6.7,0,corps,36.888223956036434,4.8181
3571,12,126,10.50,6.7,0,corps,36.871783954401316,2.0145
3572,12,122,10.17,6.7,0,corps,36.85535217071237,1.7711
3573,6,58,9.67,4.0,0,corps,36.838928600861635,13.0806
3574,11,171,15.55,6.2,0,corps,36.82251324074322,1.1198
3575,27,255,9.44,13.3,0,corps,36.80610608625328,3.4301
3576,17,168,9.88,8.9,0,corps,36.789707133290044,2.0517
3577,18,219,12.17,9.3,0,corps,36.77331637775376,3.8658
3578,4,42,10.50,3.1,0,corps,36.75693381554674,1.8976
3579,11,123,11.18,6.2,0,corps,36.740559442573336,1.7376
3580,4,49,12.25,3.1,0,corps,36.72419325473997,0.9942
3581,9,117,13.00,5.3,0,corps,36.707835247955096,7.7600
3582,15,207,13.80,8.0,0,corps,36.6914854181292,1.3905
3583,6,55,9.17,4.0,0,corps,36.675143761174816,1.3249
3584,14,159,11.36,7.6,0,corps,36.65881027300655,1.7193
3585,4,30,7.50,3.1,0,corps,36.64248494954103,2.3635
3586,4,52,13.00,3.1,0,corps,36.62616778669691,1.9292
3587,10,134,13.40,5.8,0,corps,36.6098587803949,4.8932
3588,9,142,15.78,5.3,0,corps,36.59355792655777,1.7346
3589,13,178,13.69,7.1,0,corps,36.57726522111028,3.6125
3590,3,59,19.67,2.7,0,corps,36.56098065997928,0.8792
3591,18,186,10.33,9.3,0,corps,36.5447042390936,1.4990
3592,19,192,10.11,9.8,0,corps,36.52843595438415,1.6507
3593,10,118,11.80,5.8,0,corps,36.51217580178386,1.5394
3594,13,147,11.31,7.1,0,corps,36.495923777227695,3.8010
3595,11,115,10.45,6.2,0,corps,36.47967987665264,2.8556
3596,2,29,14.50,2.2,0,corps,36.46344409599772,0.8593
3597,17,166,9.76,8.9,0,corps,36.447216431204,1.8815
3598,4,51,12.75,3.1,0,corps,36.43099687821455,2.0121
3599,21,222,10.57,10.7,0,corps,36.41478543297449,1.7433
3600,17,173,10.18,8.9,0,corps,36.39858209143096,8.2124
3601,10,111,11.10,5.8,0,corps,36.38238684953312,2.7262
3602,11,125,11.36,6.2,0,corps,36.36619970323217,3.1198
3603,11,136,12.36,6.2,0,corps,36.35002064848129,1.9680
3604,3,31,10.33,2.7,0,corps,36.333849681235755,1.8709
3605,15,143,9.53,8.0,0,corps,36.317686797452815,2.6688
3606,12,137,11.42,6.7,0,corps,36.30153199309174,2.0069
3607,4,47,11.75,3.1,0,corps,36.28538526411382,2.2782
3608,2,11,5.50,2.2,0,corps,36.2692466064824,3.9368
3609,10,108,10.80,5.8,0,corps,36.25311601616279,2.2936
3610,12,114,9.50,6.7,0,corps,36.23699348912236,2.4679
3611,7,81,11.57,4.4,0,corps,36.22087902133046,2.3612
3612,2,23,11.50,2.2,0,corps,36.20477260875849,1.4640
3613,41,476,11.61,19.6,0,corps,36.188674247379836,3.2663
3614,5,76,15.20,3.6,0,corps,36.17258393316992,1.8505
3615,12,107,8.92,6.7,0,corps,36.156501662106145,2.2332
3616,33,344,10.42,16.0,0,corps,36.140427430167954,3.7182
3617,6,83,13.83,4.0,0,corps,36.124361233336785,13.4474
3618,10,145,14.50,5.8,0,corps,36.108303067596104,2.4492
3619,7,94,13.43,4.4,0,corps,36.092252928931345,1.7356
3620,11,124,11.27,6.2,0,corps,36.07621081332999,2.3875
3621,9,105,11.67,5.3,0,corps,36.06017671678151,1.2426
3622,20,198,9.90,10.2,0,corps,36.044150635277376,2.3377
3623,3,45,15.00,2.7,0,corps,36.02813256481105,2.0001
3624,8,107,13.38,4.9,0,corps,36.01212250137805,1.2568
3625,3,26,8.67,2.7,0,corps,35.996120440975844,1.9775
3626,11,115,10.45,6.2,0,corps,35.98012637960391,2.0945
3627,5,78,15.60,3.6,0,corps,35.96414031326374,1.1262
3628,2,26,13.00,2.2,0,corps,35.948162237958805,1.2234
3629,12,154,12.83,6.7,0,corps,35.9321921496946,6.2149
3630,9,130,14.44,5.3,0,corps,35.9162300444786,1.4972
3631,15,136,9.07,8.0,0,corps,35.90027591832028,2.0587
3632,16,179,11.19,8.4,0,corps,35.8843297672311,1.8975
3633,27,277,10.26,13.3,0,corps,35.86839158722454,4.6447
3634,4,44,11.00,3.1,0,corps,35.85246137431603,1.3437
3635,7,50,7.14,4.4,0,corps,35.836539124523036,2.5967
3636,22,206,9.36,11.1,0,corps,35.820624833864976,2.5006
3637,8,92,11.50,4.9,0,corps,35.80471849836331,1.8982
3638,8,81,10.12,4.9,0,corps,35.78882011404143,1.9794
3639,10,113,11.30,5.8,0,corps,35.77292967692474,1.5888
3640,4,51,12.75,3.1,0,corps,35.757047183040626,1.8711
3641,17,164,9.65,8.9,0,corps,35.74117262841848,2.5707
3642,6,75,12.50,4.0,0,corps,35.725306009089664,1.7817
3643,14,143,10.21,7.6,0,corps,35.70944732108751,2.2598
3644,4,36,9.00,3.1,0,corps,35.69359656044735,2.6118
3645,3,39,13.00,2.7,0,corps,35.67775372320649,1.3809
3646,10,114,11.40,5.8,0,corps,35.661918805404234,2.0221
3647,12,117,9.75,6.7,0,corps,35.646091803081845,1.9222
3648,13,139,10.69,7.1,0,corps,35.63027271228256,4.5247
3649,5,61,12.20,3.6,0,corps,35.61446152905163,1.6560
3650,11,108,9.82,6.2,0,corps,35.59865824943624,1.7333
3651,10,125,12.50,5.8,0,corps,35.58286286948559,1.7044
3652,11,105,9.55,6.2,0,corps,35.56707538525081,2.1810
3653,26,268,10.31,12.9,0,corps,35.551295792785034,5.2929
3654,18,230,12.78,9.3,0,corps,35.53552408814338,2.7749
3655,20,265,13.25,10.2,0,corps,35.519760267382914,4.7814
3656,10,105,10.50,5.8,0,corps,35.50400432656267,1.9013
3657,17,182,10.71,8.9,0,corps,35.488256261743686,4.1557
3658,9,109,12.11,5.3,0,corps,35.472516068988924,1.7077
3659,14,134,9.57,7.6,0,corps,35.45678374436335,1.9269
3660,4,44,11.00,3.1,0,corps,35.44105928393385,1.7467
3661,32,300,9.38,15.6,0,corps,35.425342683769365,3.8410
3662,19,196,10.32,9.8,0,corps,35.4096339399407,2.2364
3663,6,80,13.33,4.0,0,corps,35.39393304852069,1.7532
3664,4,59,14.75,3.1,0,corps,35.3782400055841,1.3127
3665,2,18,9.00,2.2,0,corps,35.36255480720767,2.1936
3666,2,11,5.50,2.2,0,corps,35.346877449470114,2.6456
3667,12,157,13.08,6.7,0,corps,35.33120792845209,2.0421
3668,5,60,12.00,3.6,0,corps,35.315546240236195,2.0640
3669,11,120,10.91,6.2,0,corps,35.29989238090703,2.0314
3670,8,89,11.12,4.9,0,corps,35.28424634655113,12.0680
3671,22,233,10.59,11.1,0,corps,35.268608133256976,5.8898
3672,13,205,15.77,7.1,0,corps,35.25297773711501,1.4519
3673,27,252,9.33,13.3,0,corps,35.23735515421765,2.0561
3674,16,135,8.44,8.4,0,corps,35.22174038065924,7.5419
3675,16,237,14.81,8.4,0,corps,35.20613341253609,1.5948
3676,10,94,9.40,5.8,0,corps,35.190534245946445,2.4521
3677,18,174,9.67,9.3,0,corps,35.174942876990535,2.2161
3678,12,129,10.75,6.7,0,corps,35.15935930177051,1.6117
3679,24,217,9.04,12.0,0,corps,35.14378351639046,2.0808
3680,21,212,10.10,10.7,0,corps,35.12821551695645,7.4201
3681,20,260,13.00,10.2,0,corps,35.11265529957649,1.3976
3682,4,59,14.75,3.1,0,corps,35.09710286036052,1.5919
3683,4,55,13.75,3.1,0,corps,35.08155819542042,2.0907
3684,10,110,11.00,5.8,0,corps,35.06602130087003,1.4266
3685,3,32,10.67,2.7,0,corps,35.05049217282513,1.9598
3686,6,91,15.17,4.0,0,corps,35.03497080740344,1.2312
3687,16,138,8.62,8.4,0,corps,35.01945720072461,2.1665
3688,10,129,12.90,5.8,0,corps,35.003951348910235,1.1552
3689,17,156,9.18,8.9,0,corps,34.988453248083864,1.6806
3690,17,190,11.18,8.9,0,corps,34.972962894370966,7.1151
3691,12,167,13.92,6.7,0,corps,34.95748028389896,8.4067
3692,12,112,9.33,6.7,0,corps,34.942005412797165,8.9207
3693,18,187,10.39,9.3,0,corps,34.9265382771969,1.5600
3694,12,141,11.75,6.7,0,corps,34.911078873231375,1.2660
3695,6,75,12.50,4.0,0,corps,34.89562719703571,13.8443
3696,4,34,8.50,3.1,0,corps,34.880183244747016,2.1874
3697,4,60,15.00,3.1,0,corps,34.86474701250429,0.8699
3698,15,261,17.40,8.0,0,corps,34.849318496448475,1.2214
3699,5,46,9.20,3.6,0,corps,34.83389769272245,1.8911
3700,2,29,14.50,2.2,0,corps,34.81848459747101,1.3349
3701,25,261,10.44,12.4,0,corps,34.80307920684088,2.2088
3702,12,109,9.08,6.7,0,corps,34.787681516980705,1.7681
3703,9,124,13.78,5.3,0,corps,34.77229152404108,1.5668
3704,23,239,10.39,11.6,0,corps,34.756909224174485,5.3791
3705,6,58,9.67,4.0,0,corps,34.741534613535364,2.0086
3706,8,85,10.62,4.9,0,corps,34.72616768828006,1.8296
3707,21,264,12.57,10.7,0,corps,34.71080844456683,3.1036
3708,4,52,13.00,3.1,0,corps,34.695456878555866,1.4695
3709,7,70,10.00,4.4,0,corps,34.6801129864093,1.8622
3710,21,209,9.95,10.7,0,corps,34.664776764291126,1.6900
3711,6,78,13.00,4.0,0,corps,34.64944820836731,1.0159
3712,20,199,9.95,10.2,0,corps,34.634127314805696,2.3905
3713,4,41,10.25,3.1,0,corps,34.61881407977607,1.1937
3714,3,24,8.00,2.7,0,corps,34.603508499450136,2.3358
3715,6,74,12.33,4.0,0,corps,34.58821057000148,1.9227
3716,9,102,11.33,5.3,0,corps,34.572920287605626,2.0575
3717,16,177,11.06,8.4,0,corps,34.55763764844001,1.4424
3718,5,52,10.40,3.6,0,corps,34.54236264868395,1.6364
3719,18,219,12.17,9.3,0,corps,34.52709528451872,6.2401
3720,11,125,11.36,6.2,0,corps,34.511835552127465,1.7364
3721,8,84,10.50,4.9,0,corps,34.49658344769526,11.1131
3722,23,226,9.83,11.6,0,corps,34.48133896740909,2.4602
3723,8,93,11.62,4.9,0,corps,34.46610210745781,1.4894
3724,11,126,11.45,6.2,0,corps,34.4508728640322,1.3636
3725,8,88,11.00,4.9,0,corps,34.43565123332498,1.5449
3726,5,54,10.80,3.6,0,corps,34.42043721153073,1.3942
3727,13,159,12.23,7.1,0,corps,34.405230794845934,1.7033
3728,18,195,10.83,9.3,0,corps,34.39003197946899,5.1387
3729,11,105,9.55,6.2,0,corps,34.37484076160021,1.7091
3730,10,94,9.40,5.8,0,corps,34.35965713744178,2.1009
3731,18,189,10.50,9.3,0,corps,34.344481103197786,2.1697
3732,2,30,15.00,2.2,0,corps,34.329312655074226,1.4349
3733,8,79,9.88,4.9,0,corps,34.31415178927899,1.9680
3734,3,30,10.00,2.7,0,corps,34.29899850202186,1.8403
3735,15,185,12.33,8.0,0,corps,34.28385278951451,1.4006
3736,17,175,10.29,8.9,0,corps,34.26871464797052,1.8283
3737,6,51,8.50,4.0,0,corps,34.25358407360534,2.1440
3738,13,177,13.62,7.1,0,corps,34.23846106263635,1.5254
3739,2,27,13.50,2.2,0,corps,34.223345611282774,1.7160
3740,21,215,10.24,10.7,0,corps,34.208237715765755,2.1491
3741,9,115,12.78,5.3,0,corps,34.19313737230832,1.6444
3742,7,76,10.86,4.4,0,corps,34.178044577135395,1.4206
3743,7,70,10.00,4.4,0,corps,34.162959326473775,1.6029
3744,14,146,10.43,7.6,0,corps,34.147881616552134,1.5614
3745,9,126,14.00,5.3,0,corps,34.132811443601064,1.6007
3746,10,94,9.40,5.8,0,corps,34.117748803853004,1.5933
3747,14,118,8.43,7.6,0,corps,34.10269369354231,2.7805
3748,31,319,10.29,15.1,0,corps,34.087646108905176,2.0989
3749,19,180,9.47,9.8,0,corps,34.07260604617974,1.9170
3750,3,31,10.33,2.7,0,corps,34.05757350160597,2.1782
3751,5,49,9.80,3.6,0,corps,34.04254847142575,1.9365
3752,4,38,9.50,3.1,0,corps,34.02753095188278,2.3740
3753,13,191,14.69,7.1,0,corps,34.0125209392227,1.5835
3754,9,107,11.89,5.3,0,corps,33.99751842969304,1.5480
3755,20,165,8.25,10.2,0,corps,33.98252341954313,2.0122
3756,6,52,8.67,4.0,0,corps,33.96753590502422,1.6807
3757,6,63,10.50,4.0,0,corps,33.952555882389454,1.3724
3758,13,127,9.77,7.1,0,corps,33.937583347893806,1.6402
3759,21,244,11.62,10.7,0,corps,33.92261829779416,1.7393
3760,4,62,15.50,3.1,0,corps,33.90766072834924,1.3425
3761,4,49,12.25,3.1,0,corps,33.892710635819654,1.3110
3762,15,160,10.67,8.0,0,corps,33.87776801646788,2.4179
3763,4,77,19.25,3.1,0,corps,33.862832866558286,1.4264
3764,12,109,9.08,6.7,0,corps,33.847905182357046,2.5232
3765,6,85,14.17,4.0,0,corps,33.83298496013226,1.8782
3766,5,59,11.80,3.6,0,corps,33.81807219615387,1.4509
3767,19,175,9.21,9.8,0,corps,33.80316688669369,7.3038
3768,10,104,10.40,5.8,0,corps,33.78826902802538,12.2228
3769,21,247,11.76,10.7,0,corps,33.77337861642447,5.4927
3770,2,45,22.50,2.2,0,corps,33.75849564816839,1.4723
3771,6,79,13.17,4.0,0,corps,33.743620119536374,1.4699
3772,8,81,10.12,4.9,0,corps,33.72875202680955,1.5590
3773,12,125,10.42,6.7,0,corps,33.713891366270865,1.6856
3774,4,37,9.25,3.1,0,corps,33.69903813420519,1.9610
3775,9,103,11.44,5.3,0,corps,33.6841923268992,1.4328
3776,11,107,9.73,6.2,0,corps,33.66935394064146,2.3701
3777,5,49,9.80,3.6,0,corps,33.654522971722336,1.6993
3778,3,34,11.33,2.7,0,corps,33.63969941643412,2.3037
3779,23,276,12.00,11.6,0,corps,33.62488327107092,1.6934
3780,14,149,10.64,7.6,0,corps,33.61007453192869,1.7199
3781,2,20,10.00,2.2,0,corps,33.59527319530524,2.0065
3782,25,227,9.08,12.4,0,corps,33.580479257500244,2.1602
3783,13,147,11.31,7.1,0,corps,33.56569271481521,2.0414
3784,15,168,11.20,8.0,0,corps,33.55091356355352,7.5081
3785,11,189,17.18,6.2,0,corps,33.53614180002037,1.8584
3786,5,55,11.00,3.6,0,corps,33.52137742052283,1.6494
3787,5,57,11.40,3.6,0,corps,33.506620421369796,2.0955
3788,4,61,15.25,3.1,0,corps,33.49187079887202,1.6523
3789,20,250,12.50,10.2,0,corps,33.47712854934209,1.8772
3790,23,275,11.96,11.6,0,corps,33.46239366909446,2.6304
3791,10,104,10.40,5.8,0,corps,33.4476661544454,2.2620
3792,3,26,8.67,2.7,0,corps,33.432946001713034,1.7461
3793,11,143,13.00,6.2,0,corps,33.41823320721731,5.5800
3794,11,121,11.00,6.2,0,corps,33.40352776728005,1.8109
3795,16,176,11.00,8.4,0,corps,33.38882967822489,5.1394
3796,6,92,15.33,4.0,0,corps,33.37413893637729,1.4270
3797,11,139,12.64,6.2,0,corps,33.35945553806458,1.7616
3798,12,125,10.42,6.7,0,corps,33.344779479615916,1.9122
3799,24,250,10.42,12.0,0,corps,33.33011075736227,2.0650
3800,10,106,10.60,5.8,0,corps,33.31544936763647,14.3306
3801,22,260,11.82,11.1,0,corps,33.30079530677315,1.2845
3802,8,110,13.75,4.9,0,corps,33.28614857110883,5.6011
3803,3,49,16.33,2.7,0,corps,33.27150915698179,1.8010
3804,12,145,12.08,6.7,0,corps,33.2568770607322,8.2683
3805,17,184,10.82,8.9,0,corps,33.242252278702026,1.8904
3806,21,218,10.38,10.7,0,corps,33.22763480723507,2.1038
3807,27,360,13.33,13.3,0,corps,33.21302464267697,1.7148
3808,8,76,9.50,4.9,0,corps,33.19842178137519,1.9954
3809,2,34,17.00,2.2,0,corps,33.183826219679,0.9941
3810,23,191,8.30,11.6,0,corps,33.169237953939515,2.0036
3811,12,124,10.33,6.7,0,corps,33.15465698050967,1.3742
3812,5,47,9.40,3.6,0,corps,33.14008329574423,1.6177
3813,3,24,8.00,2.7,0,corps,33.12551689599976,1.0463
3814,6,80,13.33,4.0,0,corps,33.11095777763466,1.3042
3815,3,39,13.00,2.7,0,corps,33.096405937009166,1.0610
3816,2,18,9.00,2.2,0,corps,33.081861370485306,1.1749
3817,20,213,10.65,10.2,0,corps,33.067324074426935,1.4699
3818,18,215,11.94,9.3,0,corps,33.05279404519973,5.7216
3819,16,215,13.44,8.4,0,corps,33.0382712791712,1.4702
3820,6,91,15.17,4.0,0,corps,33.023755772710636,1.5005
3821,24,246,10.25,12.0,0,corps,33.00924752218917,5.8737
3822,19,199,10.47,9.8,0,corps,32.994746523979735,2.4239
3823,11,120,10.91,6.2,0,corps,32.98025277445708,7.7282
3824,10,93,9.30,5.8,0,corps,32.965766269997765,1.9275
3825,4,53,13.25,3.1,0,corps,32.951287006980166,1.6946
3826,10,137,13.70,5.8,0,corps,32.93681498178448,1.6260
3827,15,161,10.73,8.0,0,corps,32.922350190792685,2.0192
3828,11,95,8.64,6.2,0,corps,32.90789263038859,11.5522
3829,21,241,11.48,10.7,0,corps,32.8934422969578,4.2421
3830,14,115,8.21,7.6,0,corps,32.87899918688774,2.0914
3831,4,56,14.00,3.1,0,corps,32.864563296567624,1.5407
3832,12,125,10.42,6.7,0,corps,32.85013462238848,1.3474
3833,11,77,7.00,6.2,0,corps,32.83571316074314,2.1415
3834,29,300,10.34,14.2,0,corps,32.82129890802625,1.7443
3835,14,166,11.86,7.6,0,corps,32.80689186063423,1.3969
3836,13,113,8.69,7.1,0,corps,32.79249201496533,2.4019
3837,19,200,10.53,9.8,0,corps,32.77809936741957,5.4935
3838,31,372,12.00,15.1,0,corps,32.76371391439882,4.1963
3839,14,161,11.50,7.6,0,corps,32.74933565230669,4.0217
3840,13,183,14.08,7.1,0,corps,32.734964577548624,1.5732
3841,13,133,10.23,7.1,0,corps,32.720600686531846,1.8388
3842,2,20,10.00,2.2,0,corps,32.7062439756654,2.1075
3843,6,59,9.83,4.0,0,corps,32.6918944413601,1.6114
3844,14,133,9.50,7.6,0,corps,32.67755208002855,1.8997
3845,13,132,10.15,7.1,0,corps,32.66321688808517,1.4917
3846,9,69,7.67,5.3,0,corps,32.648888861946155,14.9229
3847,10,97,9.70,5.8,0,corps,32.63456799802952,9.6197
3848,8,152,19.00,4.9,0,corps,32.62025429275502,1.1850
3849,12,111,9.25,6.7,0,corps,32.60594774254425,2.3900
3850,15,178,11.87,8.0,0,corps,32.59164834382056,2.0916
3851,11,138,12.55,6.2,0,corps,32.577356093009115,1.5875
3852,10,95,9.50,5.8,0,corps,32.56307098653683,1.7799
3853,15,175,11.67,8.0,0,corps,32.54879302083245,1.9342
3854,11,161,14.64,6.2,0,corps,32.53452219232646,7.0373
3855,11,125,11.36,6.2,0,corps,32.52025849745119,7.0342
3856,15,172,11.47,8.0,0,corps,32.50600193264067,4.6898
3857,4,80,20.00,3.1,0,corps,32.49175249433079,1.1945
3858,11,136,12.36,6.2,0,corps,32.477510178959186,1.8898
3859,24,316,13.17,12.0,0,corps,32.46327498296527,1.7811
3860,12,145,12.08,6.7,0,corps,32.44904690279024,2.0689
3861,13,134,10.31,7.1,0,corps,32.4348259348771,1.8074
3862,18,218,12.11,9.3,0,corps,32.42061207567058,1.5864
3863,13,122,9.38,7.1,0,corps,32.406405321617235,7.7178
3864,19,291,15.32,9.8,0,corps,32.39220566916538,4.2349
3865,12,124,10.33,6.7,0,corps,32.37801311476506,2.2984
3866,14,149,10.64,7.6,0,corps,32.36382765486819,1.3391
3867,10,112,11.20,5.8,0,corps,32.34964928592837,2.4003
3868,9,106,11.78,5.3,0,corps,32.335478004401025,1.0207
3869,15,142,9.47,8.0,0,corps,32.321313806743326,1.7653
3870,26,240,9.23,12.9,0,corps,32.30715668941422,2.8745
3871,4,47,11.75,3.1,0,corps,32.293006648874446,1.4038
3872,9,125,13.89,5.3,0,corps,32.27886368158648,6.7422
3873,8,96,12.00,4.9,0,corps,32.264727784014575,11.3721
3874,14,200,14.29,7.6,0,corps,32.25059895262476,1.9230
3875,6,52,8.67,4.0,0,corps,32.23647718388484,2.4171
3876,15,196,13.07,8.0,0,corps,32.222362474264365,1.8370
3877,10,80,8.00,5.8,0,corps,32.20825482023465,1.6747
3878,6,79,13.17,4.0,0,corps,32.194154218268785,1.2441
3879,20,213,10.65,10.2,0,corps,32.18006066484162,2.3269
3880,25,274,10.96,12.4,0,corps,32.16597415642977,1.3476
3881,2,28,14.00,2.2,0,corps,32.15189468951161,1.8210
3882,3,30,10.00,2.7,0,corps,32.13782226056726,2.1673
3883,17,160,9.41,8.9,0,corps,32.12375686607863,1.6586
3884,32,326,10.19,15.6,0,corps,32.10969850252936,2.6292
3885,9,102,11.33,5.3,0,corps,32.095647166404866,1.8207
3886,10,112,11.20,5.8,0,corps,32.0816028541923,1.4053
3887,5,65,13.00,3.6,0,corps,32.0675655623806,2.3156
3888,4,53,13.25,3.1,0,corps,32.05353528746044,1.2102
3889,15,146,9.73,8.0,0,corps,32.039512025924246,1.9761
3890,17,132,7.76,8.9,0,corps,32.025495774266204,2.5021
3891,7,64,9.14,4.4,0,corps,32.011486528982246,2.6420
3892,15,167,11.13,8.0,0,corps,31.997484286570078,5.2773
3893,10,85,8.50,5.8,0,corps,31.983489043529122,1.9255
3894,11,116,10.55,6.2,0,corps,31.969500796360567,1.4842
3895,9,104,11.56,5.3,0,corps,31.955519541567362,1.7038
3896,8,66,8.25,4.9,0,corps,31.94154527565419,2.1731
3897,2,27,13.50,2.2,0,corps,31.927577995127482,1.6770
3898,9,82,9.11,5.3,0,corps,31.91361769649541,1.7510
3899,3,32,10.67,2.7,0,corps,31.89966437626791,2.0492
3900,27,283,10.48,13.3,0,corps,31.88571803095666,5.9617
3901,11,124,11.27,6.2,0,corps,31.871778657075055,2.2177
3902,8,143,17.88,4.9,0,corps,31.857846251138255,1.5709
3903,12,101,8.42,6.7,0,corps,31.843920809663175,2.9807
3904,25,259,10.36,12.4,0,corps,31.830002329168433,2.3959
3905,6,60,10.00,4.0,0,corps,31.81609080617442,2.0386
3906,13,174,13.38,7.1,0,corps,31.80218623720325,2.2738
3907,19,224,11.79,9.8,0,corps,31.788288618778793,1.9137
3908,5,71,14.20,3.6,0,corps,31.774397947426632,1.8364
3909,18,193,10.72,9.3,0,corps,31.760514219674103,4.3586
3910,11,140,12.73,6.2,0,corps,31.746637432050267,1.8723
3911,14,180,12.86,7.6,0,corps,31.732767581085934,2.0054
3912,23,236,10.26,11.6,0,corps,31.71890466331365,2.3175
3913,10,132,13.20,5.8,0,corps,31.705048675267676,1.9227
3914,11,133,12.09,6.2,0,corps,31.691199613484006,2.1858
3915,4,48,12.00,3.1,0,corps,31.67735747450039,1.9716
3916,3,27,9.00,2.7,0,corps,31.66352225485628,2.3390
3917,18,208,11.56,9.3,0,corps,31.64969395109289,6.2514
3918,11,141,12.82,6.2,0,corps,31.635872559753114,1.6577
3919,14,158,11.29,7.6,0,corps,31.62205807738163,2.2318
3920,4,44,11.00,3.1,0,corps,31.60825050052482,1.7222
3921,5,62,12.40,3.6,0,corps,31.59444982573077,2.1278
3922,16,139,8.69,8.4,0,corps,31.580656049549315,3.7607
3923,5,31,6.20,3.6,0,corps,31.566869168532026,2.7206
3924,22,214,9.73,11.1,0,corps,31.55308917923217,2.2357
3925,19,244,12.84,9.8,0,corps,31.53931607820475,2.7340
3926,14,153,10.93,7.6,0,corps,31.525549862006486,1.6675
3927,2,19,9.50,2.2,0,corps,31.511790527195842,1.1136
3928,15,122,8.13,8.0,0,corps,31.498038070332967,2.2331
3929,9,79,8.78,5.3,0,corps,31.484292487979758,2.5690
3930,6,56,9.33,4.0,0,corps,31.470553776699806,1.6777
3931,5,59,11.80,3.6,0,corps,31.45682193305845,1.4511
3932,6,57,9.50,4.0,0,corps,31.443096953622717,1.7050
3933,3,46,15.33,2.7,0,corps,31.429378834961362,1.0858
3934,20,180,9.00,10.2,0,corps,31.41566757364486,1.7461
3935,9,141,15.67,5.3,0,corps,31.4019631662454,1.5219
3936,11,196,17.82,6.2,0,corps,31.38826560933687,1.2126
3937,6,51,8.50,4.0,0,corps,31.37457489949489,2.9164
3938,15,151,10.07,8.0,0,corps,31.360891033296767,2.2350
3939,7,57,8.14,4.4,0,corps,31.34721400732155,1.9495
3940,6,52,8.67,4.0,0,corps,31.333543818149984,1.9211
3941,29,287,9.90,14.2,0,corps,31.31988046236451,5.2292
3942,30,331,11.03,14.7,0,corps,31.306223936549287,5.5309
3943,14,159,11.36,7.6,0,corps,31.2925742372902,2.0310
3944,16,212,13.25,8.4,0,corps,31.278931361174813,4.5131
3945,21,288,13.71,10.7,0,corps,31.2652953047924,6.6684
3946,5,81,16.20,3.6,0,corps,31.251666064733957,1.4204
3947,27,330,12.22,13.3,0,corps,31.238043637592178,2.0127
3948,14,139,9.93,7.6,0,corps,31.224428019961454,1.8288
3949,8,87,10.88,4.9,0,corps,31.210819208437872,1.3714
3950,2,17,8.50,2.2,0,corps,31.197217199619224,2.0295
3951,10,105,10.50,5.8,0,corps,31.183621990105024,2.1237
3952,12,164,13.67,6.7,0,corps,31.17003357649647,1.8049
3953,14,114,8.14,7.6,0,corps,31.15645195539645,5.2081
3954,2,35,17.50,2.2,0,corps,31.14287712340956,1.9294
3955,15,156,10.40,8.0,0,corps,31.129309077142086,4.5518
3956,6,85,14.17,4.0,0,corps,31.115747813202027,1.8090
3957,6,78,13.00,4.0,0,corps,31.102193328199064,1.2151
3958,20,223,11.15,10.2,0,corps,31.08864561874457,1.7533
3959,20,227,11.35,10.2,0,corps,31.07510468145162,5.4848
3960,11,150,13.64,6.2,0,corps,31.06157051293499,1.8061
3961,21,217,10.33,10.7,0,corps,31.048043109811125,3.1935
3962,9,98,10.89,5.3,0,corps,31.03452246869817,2.6042
3963,14,174,12.43,7.6,0,corps,31.021008586215988,1.6074
3964,11,130,11.82,6.2,0,corps,31.007501458986088,3.7970
3965,10,119,11.90,5.8,0,corps,30.99400108363169,5.0675
3966,10,131,13.10,5.8,0,corps,30.9805074567777,3.0850
3967,17,187,11.00,8.9,0,corps,30.967020575050718,1.8506
3968,15,143,9.53,8.0,0,corps,30.953540435079024,1.9191
3969,12,113,9.42,6.7,0,corps,30.94006703349258,5.7727
3970,6,57,9.50,4.0,0,corps,30.92660036692303,11.2649
3971,14,193,13.79,7.6,0,corps,30.913140432003715,1.5244
3972,22,230,10.45,11.1,0,corps,30.89968722536965,1.8814
3973,15,149,9.93,8.0,0,corps,30.886240743657524,1.5552
3974,4,49,12.25,3.1,0,corps,30.872800983505726,1.3820
3975,4,40,10.00,3.1,0,corps,30.859367941554318,1.4719
3976,7,78,11.14,4.4,0,corps,30.84594161444503,1.3459
3977,13,144,11.08,7.1,0,corps,30.832521998821292,1.2831
3978,11,93,8.45,6.2,0,corps,30.81910909132819,1.9450
3979,4,77,19.25,3.1,0,corps,30.805702888612498,1.4759
3980,18,157,8.72,9.3,0,corps,30.792303387322672,2.7519
3981,14,139,9.93,7.6,0,corps,30.778910584108832,1.9100
3982,30,257,8.57,14.7,0,corps,30.765524475622776,3.2897
3983,20,191,9.55,10.2,0,corps,30.752145058517975,4.8733
3984,12,119,9.92,6.7,0,corps,30.73877232944959,6.3792
3985,16,248,15.50,8.4,0,corps,30.72540628507442,1.9913
3986,6,86,14.33,4.0,0,corps,30.712046922050952,1.8941
3987,11,150,13.64,6.2,0,corps,30.69869423703936,1.7696
3988,6,73,12.17,4.0,0,corps,30.68534822670147,1.6956
3989,8,88,11.00,4.9,0,corps,30.672008887700773,2.1987
3990,9,101,11.22,5.3,0,corps,30.65867621670243,1.9372
3991,11,139,12.64,6.2,0,corps,30.64535021037329,1.9210
3992,22,197,8.95,11.1,0,corps,30.632030865381836,3.5066
3993,15,167,11.13,8.0,0,corps,30.61871817839824,4.2838
3994,18,181,10.06,9.3,0,corps,30.605412146094324,2.5096
3995,18,218,12.11,9.3,0,corps,30.592112765143586,6.7344
3996,21,262,12.48,10.7,0,corps,30.578820032221177,1.6703
3997,16,195,12.19,8.4,0,corps,30.56553394400392,2.3895
3998,4,78,19.50,3.1,0,corps,30.552254497170274,1.5591
3999,18,170,9.44,9.3,0,corps,30.5389816884004,4.5842
4000,33,405,12.27,16.0,0,corps,30.52571551437609,4.8479
4001,9,86,9.56,5.3,0,corps,30.51245597178078,2.1918
4002,7,87,12.43,4.4,0,corps,30.499203057299624,1.6405
4003,11,107,9.73,6.2,0,corps,30.48595676761935,9.1301
4004,21,219,10.43,10.7,0,corps,30.472717099428426,2.1184
4005,15,122,8.13,8.0,0,corps,30.459484049416897,2.5018
4006,11,107,9.73,6.2,0,corps,30.44625761427652,9.5174
4007,18,142,7.89,9.3,0,corps,30.433037790700695,7.5817
4008,3,56,18.67,2.7,0,corps,30.419824575384446,1.4118
4009,24,272,11.33,12.0,0,corps,30.40661796502448,1.8610
4010,20,194,9.70,10.2,0,corps,30.393417956319148,4.8028
4011,15,229,15.27,8.0,0,corps,30.38022454596843,4.6667
4012,5,43,8.60,3.6,0,corps,30.367037730674006,2.2461
4013,19,192,10.11,9.8,0,corps,30.353857507139136,8.2694
4014,4,53,13.25,3.1,0,corps,30.34068387206878,1.9304
4015,5,61,12.20,3.6,0,corps,30.327516822169542,1.4251
4016,2,20,10.00,2.2,0,corps,30.314356354149634,1.2803
4017,22,204,9.27,11.1,0,corps,30.30120246471895,6.4007
4018,15,211,14.07,8.0,0,corps,30.288055150589038,3.6956
4019,25,235,9.40,12.4,0,corps,30.27491440847303,2.3713
4020,20,238,11.90,10.2,0,corps,30.261780235085773,4.1414
4021,9,123,13.67,5.3,0,corps,30.248652627143706,1.4171
4022,8,89,11.12,4.9,0,corps,30.23553158136493,2.4071
4023,6,70,11.67,4.0,0,corps,30.222417094469193,1.7495
4024,5,68,13.60,3.6,0,corps,30.20930916317786,1.8208
4025,3,33,11.00,2.7,0,corps,30.196207784213957,1.8845
4026,15,144,9.60,8.0,0,corps,30.183112954302143,2.8014
4027,2,32,16.00,2.2,0,corps,30.170024670168694,1.6938
4028,25,324,12.96,12.4,0,corps,30.156942928541557,2.5061
4029,13,152,11.69,7.1,0,corps,30.14386772615028,6.7929
4030,13,175,13.46,7.1,0,corps,30.130799059726073,1.7062
4031,10,140,14.00,5.8,0,corps,30.117736926001776,7.6160
4032,5,63,12.60,3.6,0,corps,30.104681321711833,2.2428
4033,6,73,12.17,4.0,0,corps,30.091632243592358,12.3264
4034,20,273,13.65,10.2,0,corps,30.07858968838109,4.3827
4035,14,149,10.64,7.6,0,corps,30.06555365281737,1.7196
4036,20,289,14.45,10.2,0,corps,30.052524133642216,5.8168
4037,26,324,12.46,12.9,0,corps,30.039501127598218,4.5551
4038,11,178,16.18,6.2,0,corps,30.02648463142963,2.0166
4039,18,181,10.06,9.3,0,corps,30.013474641882354,2.4792
4040,15,141,9.40,8.0,0,corps,30.000471155703856,1.6158
4041,19,221,11.63,9.8,0,corps,29.987474169643285,4.0261
4042,5,56,11.20,3.6,0,corps,29.974483680451403,2.3658
4043,17,168,9.88,8.9,0,corps,29.961499684880565,1.7560
4044,22,244,11.09,11.1,0,corps,29.948522179684794,4.5422
4045,7,65,9.29,4.4,0,corps,29.935551161619696,2.0045
4046,6,78,13.00,4.0,0,corps,29.92258662744252,1.5048
4047,14,127,9.07,7.6,0,corps,29.90962857391215,2.4409
4048,5,42,8.40,3.6,0,corps,29.89667699778904,2.4127
4049,22,229,10.41,11.1,0,corps,29.883731895835318,4.8922
4050,15,168,11.20,8.0,0,corps,29.870793264814722,1.9980
4051,18,199,11.06,9.3,0,corps,29.857861101492556,1.5905
4052,11,110,10.00,6.2,0,corps,29.84493540263582,1.7000
4053,11,134,12.18,6.2,0,corps,29.83201616501305,7.9602
4054,22,204,9.27,11.1,0,corps,29.819103385394463,5.4455
4055,5,67,13.40,3.6,0,corps,29.80619706055187,1.7997
4056,20,206,10.30,10.2,0,corps,29.79329718725866,1.7408
4057,8,62,7.75,4.9,0,corps,29.780403762289875,2.7956
4058,14,152,10.86,7.6,0,corps,29.767516782422188,1.7774
4059,12,116,9.67,6.7,0,corps,29.75463624443381,5.2574
4060,10,111,11.10,5.8,0,corps,29.74176214510465,5.8474
4061,9,108,12.00,5.3,0,corps,29.728894481216134,8.7386
4062,28,311,11.11,13.8,0,corps,29.716033249551383,5.4068
4063,25,212,8.48,12.4,0,corps,29.70317844689509,7.9942
4064,24,274,11.42,12.0,0,corps,29.69033007003353,2.7703
4065,6,77,12.83,4.0,0,corps,29.67748811575462,1.5695
4066,29,289,9.97,14.2,0,corps,29.66465258084788,4.1768
4067,31,384,12.39,15.1,0,corps,29.65182346210441,4.5934
4068,4,50,12.50,3.1,0,corps,29.639000756316953,1.9349
4069,3,33,11.00,2.7,0,corps,29.626184460279802,1.6030
4070,17,149,8.76,8.9,0,corps,29.613374570788903,3.7791
4071,12,148,12.33,6.7,0,corps,29.600571084641793,1.6896
4072,20,214,10.70,10.2,0,corps,29.587773998637573,6.5633
4073,11,170,15.45,6.2,0,corps,29.57498330957699,1.6942
4074,7,123,17.57,4.4,0,corps,29.56219901426238,1.0712
4075,7,85,12.14,4.4,0,corps,29.549421109497644,1.4364
4076,2,27,13.50,2.2,0,corps,29.536649592088327,2.0393
4077,29,352,12.14,14.2,0,corps,29.523884458841525,3.7728
4078,28,254,9.07,13.8,0,corps,29.511125706565977,6.8254
4079,17,173,10.18,8.9,0,corps,29.498373332072003,8.8777
4080,22,292,13.27,11.1,0,corps,29.485627332171475,3.2198
4081,7,73,10.43,4.4,0,corps,29.47288770367792,2.6255
4082,25,308,12.32,12.4,0,corps,29.460154443406434,2.9410
4083,4,44,11.00,3.1,0,corps,29.44742754817367,1.1763
4084,11,145,13.18,6.2,0,corps,29.43470701479795,1.2326
4085,5,56,11.20,3.6,0,corps,29.421992840099097,1.5056
4086,29,328,11.31,14.2,0,corps,29.409285020898597,3.8718
4087,14,143,10.21,7.6,0,corps,29.396583554019486,1.5513
4088,15,149,9.93,8.0,0,corps,29.383888436286387,1.6757
4089,21,236,11.24,10.7,0,corps,29.371199664525527,2.7919
4090,24,258,10.75,12.0,0,corps,29.35851723556473,1.9561
4091,13,134,10.31,7.1,0,corps,29.345841146233358,1.3312
4092,14,130,9.29,7.6,0,corps,29.333171393362417,2.8258
4093,15,181,12.07,8.0,0,corps,29.320507973784455,2.7029
4094,11,129,11.73,6.2,0,corps,29.307850884333607,1.9312
4095,21,238,11.33,10.7,0,corps,29.295200121845628,1.8139
4096,18,164,9.11,9.3,0,corps,29.282555683157803,1.5007
4097,6,58,9.67,4.0,0,corps,29.269917565109022,1.4860
4098,14,128,9.14,7.6,0,corps,29.25728576453978,8.3367
4099,11,118,10.73,6.2,0,corps,29.244660278292102,1.4846
4100,8,112,14.00,4.9,0,corps,29.232041103209628,1.3658
4101,17,225,13.24,8.9,0,corps,29.219428236137556,3.6739
4102,9,78,8.67,5.3,0,corps,29.206821673922672,6.1586
4103,13,108,8.31,7.1,0,corps,29.194221413413352,5.2164
4104,12,110,9.17,6.7,0,corps,29.1816274514595,1.5783
4105,14,148,10.57,7.6,0,corps,29.16903978491265,5.7878
4106,30,371,12.37,14.7,0,corps,29.156458410625884,4.6718
4107,13,111,8.54,7.1,0,corps,29.14388332545384,2.7633
4108,7,57,8.14,4.4,0,corps,29.131314526252773,2.3958
4109,14,182,13.00,7.6,0,corps,29.11875200988045,7.6057
4110,3,38,12.67,2.7,0,corps,29.106195773196262,1.5506
4111,30,309,10.30,14.7,0,corps,29.093645813061165,4.1764
4112,8,80,10.00,4.9,0,corps,29.081102126337637,1.8366
4113,34,371,10.91,16.4,0,corps,29.068564709889777,1.9595
4114,8,100,12.50,4.9,0,corps,29.056033560583234,1.3779
4115,16,235,14.69,8.4,0,corps,29.04350867528519,4.8797
4116,17,159,9.35,8.9,0,corps,29.030990050864467,1.7473
4117,3,34,11.33,2.7,0,corps,29.018477684191375,1.4199
4118,17,171,10.06,8.9,0,corps,29.005971572137828,1.6170
4119,21,204,9.71,10.7,0,corps,28.993471711577328,2.1745
4120,17,164,9.65,8.9,0,corps,28.980978099384863,6.6606
4121,13,144,11.08,7.1,0,corps,28.96849073243705,1.7821
4122,18,163,9.06,9.3,0,corps,28.956009607612078,1.7214
4123,24,266,11.08,12.0,0,corps,28.943534721789614,1.4751
4124,12,98,8.17,6.7,0,corps,28.93106607185097,2.6383
4125,13,135,10.38,7.1,0,corps,28.918603654678975,1.8814
4126,19,211,11.11,9.8,0,corps,28.90614746715801,1.5987
4127,20,192,9.60,10.2,0,corps,28.893697506174064,1.7970
4128,21,215,10.24,10.7,0,corps,28.881253768614602,1.4364
4129,17,190,11.18,8.9,0,corps,28.868816251368735,1.2892
4130,3,35,11.67,2.7,0,corps,28.856384951327037,1.3133
4131,13,161,12.38,7.1,0,corps,28.843959865381713,1.5787
4132,20,203,10.15,10.2,0,corps,28.831540990426497,2.8403
4133,10,102,10.20,5.8,0,corps,28.81912832335664,1.7038
4134,2,16,8.00,2.2,0,corps,28.806721861068997,3.4063
4135,25,232,9.28,12.4,0,corps,28.79432160046196,3.5163
4136,28,252,9.00,13.8,0,corps,28.781927538435443,2.4893
4137,14,130,9.29,7.6,0,corps,28.769539671890946,4.8035
4138,6,70,11.67,4.0,0,corps,28.757157997731486,1.6078
4139,28,304,10.86,13.8,0,corps,28.74478251286166,4.9142
4140,20,225,11.25,10.2,0,corps,28.732413214187595,2.6395
4141,24,252,10.50,12.0,0,corps,28.720050098616955,4.1762
4142,11,100,9.09,6.2,0,corps,28.707693163058966,2.2183
4143,17,160,9.41,8.9,0,corps,28.695342404424412,2.1406
4144,12,114,9.50,6.7,0,corps,28.682997819625577,2.7803
4145,3,45,15.00,2.7,0,corps,28.67065940557633,1.5603
4146,31,329,10.61,15.1,0,corps,28.65832715919206,2.3080
4147,14,138,9.86,7.6,0,corps,28.646001077389705,5.3425
4148,20,222,11.10,10.2,0,corps,28.633681157087754,2.6682
4149,7,77,11.00,4.4,0,corps,28.62136739520621,1.6327
4150,18,203,11.28,9.3,0,corps,28.609059788666652,2.0588
4151,34,346,10.18,16.4,0,corps,28.596758334392174,4.0763
4152,18,196,10.89,9.3,0,corps,28.584463029307393,2.0441
4153,23,234,10.17,11.6,0,corps,28.572173870338517,3.1326
4154,24,221,9.21,12.0,0,corps,28.559890854413222,3.9168
4155,2,31,15.50,2.2,0,corps,28.547613978460763,1.9511
4156,14,111,7.93,7.6,0,corps,28.535343239411944,2.2311
4157,8,90,11.25,4.9,0,corps,28.523078634199052,1.9267
4158,19,223,11.74,9.8,0,corps,28.51082015975594,5.0788
4159,5,45,9.00,3.6,0,corps,28.49856781301801,1.9554
4160,17,159,9.35,8.9,0,corps,28.486321590922152,2.2599
4161,16,168,10.50,8.4,0,corps,28.474081490406828,2.6995
4162,5,49,9.80,3.6,0,corps,28.461847508411996,1.9753
4163,29,322,11.10,14.2,0,corps,28.449619641879163,5.7834
4164,12,116,9.67,6.7,0,corps,28.43739788775138,1.7816
4165,22,237,10.77,11.1,0,corps,28.42518224297319,2.3334
4166,14,140,10.00,7.6,0,corps,28.412972704490684,10.6286
4167,16,197,12.31,8.4,0,corps,28.400769269251498,1.3348
4168,2,38,19.00,2.2,0,corps,28.388571934204737,0.8824
4169,16,164,10.25,8.4,0,corps,28.376380696301105,7.1702
4170,11,140,12.73,6.2,0,corps,28.36419555249276,1.3101
4171,10,96,9.60,5.8,0,corps,28.35201649973343,1.7252
4172,24,230,9.58,12.0,0,corps,28.33984353497836,4.4243
4173,21,190,9.05,10.7,0,corps,28.32767665518429,1.6252
4174,10,80,8.00,5.8,0,corps,28.315515857309514,1.8792
4175,9,85,9.44,5.3,0,corps,28.303361138313836,1.7430
4176,18,174,9.67,9.3,0,corps,28.291212495158565,2.0440
4177,27,322,11.93,13.3,0,corps,28.27906992480655,2.5979
4178,21,219,10.43,10.7,0,corps,28.26693342422213,2.0102
4179,7,73,10.43,4.4,0,corps,28.254802990371196,1.7000
4180,20,205,10.25,10.2,0,corps,28.242678620221145,5.0637
4181,17,213,12.53,8.9,0,corps,28.230560310740866,1.3314
4182,23,260,11.30,11.6,0,corps,28.21844805890079,1.7506
4183,16,137,8.56,8.4,0,corps,28.20634186167287,3.2595
4184,15,122,8.13,8.0,0,corps,28.194241716030522,2.1417
4185,17,182,10.71,8.9,0,corps,28.182147618948743,2.0638
4186,8,91,11.38,4.9,0,corps,28.17005956740399,1.6168
4187,3,39,13.00,2.7,0,corps,28.15797755837425,1.4837
4188,14,125,8.93,7.6,0,corps,28.145901588839035,2.0685
4189,14,167,11.93,7.6,0,corps,28.133831655779336,3.3252
4190,4,31,7.75,3.1,0,corps,28.121767756177668,1.9715
4191,13,142,10.92,7.1,0,corps,28.10970988701808,5.4112
4192,10,125,12.50,5.8,0,corps,28.097658045286085,1.5304
4193,17,194,11.41,8.9,0,corps,28.08561222796873,1.6490
4194,11,144,13.09,6.2,0,corps,28.07357243205455,1.8133
4195,25,263,10.52,12.4,0,corps,28.061538654533603,3.9634
4196,2,26,13.00,2.2,0,corps,28.049510892397457,1.4319
4197,14,174,12.43,7.6,0,corps,28.037489142639142,1.4265
4198,20,188,9.40,10.2,0,corps,28.025473402253244,2.1268
4199,18,175,9.72,9.3,0,corps,28.013463668235833,5.5368
4200,23,269,11.70,11.6,0,corps,28.00145993758445,4.0009
4201,6,60,10.00,4.0,0,corps,27.98946220729819,2.2701
4202,22,203,9.23,11.1,0,corps,27.977470474377597,3.5592
4203,10,89,8.90,5.8,0,corps,27.96548473582474,2.1284
4204,22,219,9.95,11.1,0,corps,27.953504988643214,4.5273
4205,23,297,12.91,11.6,0,corps,27.94153122983804,2.0753
4206,10,99,9.90,5.8,0,corps,27.929563456415803,1.3952
4207,21,219,10.43,10.7,0,corps,27.917601665384563,5.5315
4208,8,146,18.25,4.9,0,corps,27.905645853753853,5.7072
4209,15,158,10.53,8.0,0,corps,27.89369601853474,1.9893
4210,2,11,5.50,2.2,0,corps,27.881752156739747,2.6703
4211,22,221,10.05,11.1,0,corps,27.86981426538292,4.6738
4212,5,42,8.40,3.6,0,corps,27.857882341479794,2.0094
4213,11,128,11.64,6.2,0,corps,27.845956382047365,6.6363
4214,2,22,11.00,2.2,0,corps,27.834036384104156,1.2947
4215,16,161,10.06,8.4,0,corps,27.82212234467018,2.2084
4216,5,38,7.60,3.6,0,corps,27.8102142607669,2.5949
4217,14,138,9.86,7.6,0,corps,27.798312129417326,2.0417
4218,12,113,9.42,6.7,0,corps,27.786415947645892,1.9357
4219,19,160,8.42,9.8,0,corps,27.77452571247857,2.9276
4220,19,160,8.42,9.8,0,corps,27.762641420942806,2.5926
4221,30,304,10.13,14.7,0,corps,27.75076307006752,2.2294
4222,19,176,9.26,9.8,0,corps,27.738890656883118,2.3256
4223,19,269,14.16,9.8,0,corps,27.727024178421516,1.1397
4224,22,227,10.32,11.1,0,corps,27.715163631716074,2.7047
4225,21,227,10.81,10.7,0,corps,27.703309013801668,1.3630
4226,10,132,13.20,5.8,0,corps,27.691460321714633,1.8197
4227,18,189,10.50,9.3,0,corps,27.679617552492804,4.7078
4228,17,156,9.18,8.9,0,corps,27.66778070317549,2.6103
4229,19,228,12.00,9.8,0,corps,27.655949770803474,1.8016
4230,23,258,11.22,11.6,0,corps,27.644124752419017,2.3683
4231,21,212,10.10,10.7,0,corps,27.632305645065884,6.0707
4232,11,156,14.18,6.2,0,corps,27.620492445789274,5.9478
4233,20,265,13.25,10.2,0,corps,27.60868515163591,2.3130
4234,2,32,16.00,2.2,0,corps,27.596883759653945,1.5167
4235,16,189,11.81,8.4,0,corps,27.58508826689305,2.9232
4236,8,74,9.25,4.9,0,corps,27.573298670404345,1.8202
4237,16,132,8.25,8.4,0,corps,27.561514967240424,5.5461
4238,4,68,17.00,3.1,0,corps,27.549737154455368,1.7550
4239,24,274,11.42,12.0,0,corps,27.53796522910473,2.3881
4240,16,161,10.06,8.4,0,corps,27.526199188245513,1.5674
4241,31,335,10.81,15.1,0,corps,27.514439028936234,2.4844
4242,11,142,12.91,6.2,0,corps,27.502684748236817,1.3728
4243,12,122,10.17,6.7,0,corps,27.49093634320871,1.7084
4244,14,118,8.43,7.6,0,corps,27.479193810914822,8.8558
4245,29,315,10.86,14.2,0,corps,27.467457148419495,2.0349
4246,13,142,10.92,7.1,0,corps,27.455726352788577,1.8882
4247,12,140,11.67,6.7,0,corps,27.444001421089386,1.5721
4248,14,155,11.07,7.6,0,corps,27.432282350390665,1.4595
4249,5,56,11.20,3.6,0,corps,27.42056913776265,1.4492
4250,22,219,9.95,11.1,0,corps,27.408861780277043,2.1355
4251,5,38,7.60,3.6,0,corps,27.397160275007,2.8858
4252,17,169,9.94,8.9,0,corps,27.385464619027154,2.0296
4253,26,284,10.92,12.9,0,corps,27.373774809413582,1.8212
4254,14,122,8.71,7.6,0,corps,27.36209084324384,4.8405
4255,18,156,8.67,9.3,0,corps,27.35041271759692,1.7758
4256,9,96,10.67,5.3,0,corps,27.338740429553297,1.7865
4257,4,43,10.75,3.1,0,corps,27.32707397619492,2.2620
4258,16,135,8.44,8.4,0,corps,27.315413354605152,11.5818
4259,24,246,10.25,12.0,0,corps,27.303758561868836,1.8143
4260,30,250,8.33,14.7,0,corps,27.29210959507229,9.8493
4261,6,66,11.00,4.0,0,corps,27.28046645130326,2.0207
4262,23,297,12.91,11.6,0,corps,27.268829127650974,2.0096
4263,33,298,9.03,16.0,0,corps,27.257197621206075,2.4924
4264,41,396,9.66,19.6,0,corps,27.24557192906071,5.8020
4265,4,57,14.25,3.1,0,corps,27.233952048308453,1.5551
4266,22,196,8.91,11.1,0,corps,27.22233797604432,4.1362
4267,23,287,12.48,11.6,0,corps,27.2107297093648,3.1814
4268,12,151,12.58,6.7,0,corps,27.199127245367844,3.3124
4269,17,186,10.94,8.9,0,corps,27.187530581152807,1.8421
4270,37,375,10.14,17.8,0,corps,27.175939713820547,3.9049
4271,28,317,11.32,13.8,0,corps,27.164354640473327,2.0348
4272,21,215,10.24,10.7,0,corps,27.152775358214885,3.1757
4273,8,93,11.62,4.9,0,corps,27.141201864150418,1.2261
4274,25,230,9.20,12.4,0,corps,27.12963415538652,2.2800
4275,10,91,9.10,5.8,0,corps,27.118072229031288,1.1821
4276,18,167,9.28,9.3,0,corps,27.106516082194236,5.7686
4277,8,82,10.25,4.9,0,corps,27.094965711986323,1.2411
4278,11,111,10.09,6.2,0,corps,27.08342111551996,6.9553
4279,20,271,13.55,10.2,0,corps,27.071882289908995,1.8073
4280,6,83,13.83,4.0,0,corps,27.06034923226872,1.2527
4281,14,130,9.29,7.6,0,corps,27.04882193971588,2.1212
4282,27,286,10.59,13.3,0,corps,27.037300409368637,2.3391
4283,19,241,12.68,9.8,0,corps,27.025784638346618,4.2036
4284,6,103,17.17,4.0,0,corps,27.01427462377089,1.7303
4285,31,348,11.23,15.1,0,corps,27.00277036276392,3.9097
4286,12,101,8.42,6.7,0,corps,26.991271852449678,10.3015
4287,3,34,11.33,2.7,0,corps,26.979779089953503,2.1055
4288,11,103,9.36,6.2,0,corps,26.96829207240222,5.2476
4289,13,183,14.08,7.1,0,corps,26.956810796924092,5.3915
4290,20,255,12.75,10.2,0,corps,26.94533526064877,2.0336
4291,6,65,10.83,4.0,0,corps,26.93386546070738,1.5841
4292,5,30,6.00,3.6,0,corps,26.922401394232487,6.8815
4293,38,334,8.79,18.2,0,corps,26.91094305835805,4.2394
4294,21,191,9.10,10.7,0,corps,26.89949045021951,5.1928
4295,15,156,10.40,8.0,0,corps,26.888043566953684,3.6957
4296,24,242,10.08,12.0,0,corps,26.87660240569888,2.9066
4297,10,96,9.60,5.8,0,corps,26.8651669635948,1.6293
4298,8,89,11.12,4.9,0,corps,26.85373723778257,2.1355
4299,15,157,10.47,8.0,0,corps,26.84231322540477,7.3012
4300,9,97,10.78,5.3,0,corps,26.830894923605403,1.8416
4301,27,275,10.19,13.3,0,corps,26.819482329529876,3.3369
4302,10,87,8.70,5.8,0,corps,26.808075440325062,1.8699
4303,3,37,12.33,2.7,0,corps,26.79667425313922,1.2874
4304,32,446,13.94,15.6,0,corps,26.785278765122055,4.4835
4305,2,18,9.00,2.2,0,corps,26.773888973424715,1.8833
4306,12,159,13.25,6.7,0,corps,26.76250487519972,6.7395
4307,29,335,11.55,14.2,0,corps,26.751126467601072,4.8051
4308,25,282,11.28,12.4,0,corps,26.73975374778416,4.8290
4309,10,118,11.80,5.8,0,corps,26.7283867129058,1.4312
4310,4,72,18.00,3.1,0,corps,26.717025360124243,1.3082
4311,16,154,9.62,8.4,0,corps,26.705669686599137,5.6485
4312,13,143,11.00,7.1,0,corps,26.694319689491564,2.2806
4313,7,78,11.14,4.4,0,corps,26.682975365964047,1.3710
4314,10,101,10.10,5.8,0,corps,26.67163671318048,1.5142
4315,7,118,16.86,4.4,0,corps,26.660303728306207,1.3828
4316,8,83,10.38,4.9,0,corps,26.648976408507995,1.4680
4317,28,313,11.18,13.8,0,corps,26.637654750953992,6.0304
4318,15,144,9.60,8.0,0,corps,26.626338752813812,3.2717
4319,18,145,8.06,9.3,0,corps,26.615028411258418,1.9248
4320,6,86,14.33,4.0,0,corps,26.603723723460256,1.2528
4321,17,213,12.53,8.9,0,corps,26.59242468659314,3.8721
4322,14,129,9.21,7.6,0,corps,26.58113129783231,2.0242
4323,30,336,11.20,14.7,0,corps,26.56984355435442,4.4526
4324,21,239,11.38,10.7,0,corps,26.558561453337546,6.3852
4325,21,257,12.24,10.7,0,corps,26.547284991961146,2.2758
4326,19,235,12.37,9.8,0,corps,26.53601416740612,3.3971
4327,19,252,13.26,9.8,0,corps,26.524748976854738,5.4305
4328,11,124,11.27,6.2,0,corps,26.51348941749072,5.5420
4329,22,321,14.59,11.1,0,corps,26.502235486499192,1.6421
4330,17,208,12.24,8.9,0,corps,26.490987181066632,2.0519
4331,21,205,9.76,10.7,0,corps,26.47974449838099,1.7214
4332,21,230,10.95,10.7,0,corps,26.4685074356316,2.3713
4333,26,292,11.23,12.9,0,corps,26.457275990009176,3.7108
4334,9,93,10.33,5.3,0,corps,26.446050158705876,9.0043
4335,21,212,10.10,10.7,0,corps,26.434829938915215,2.0238
4336,19,225,11.84,9.8,0,corps,26.423615327832167,7.1617
4337,26,283,10.88,12.9,0,corps,26.41240632265307,3.0572
4338,16,162,10.12,8.4,0,corps,26.401202920575667,5.6858
4339,15,159,10.60,8.0,0,corps,26.390005118799102,4.1856
4340,13,138,10.62,7.1,0,corps,26.37881291452395,5.2489
4341,15,141,9.40,8.0,0,corps,26.367626304952136,5.8663
4342,10,96,9.60,5.8,0,corps,26.356445287287016,5.8882
4343,20,202,10.10,10.2,0,corps,26.345269858733328,2.8807
4344,18,166,9.22,9.3,0,corps,26.334100016497224,2.4432
4345,20,213,10.65,10.2,0,corps,26.322935757786247,6.0545
4346,26,226,8.69,12.9,0,corps,26.311777079809318,4.9548
4347,11,111,10.09,6.2,0,corps,26.300623979776777,8.0430
4348,10,88,8.80,5.8,0,corps,26.289476454900353,4.1403
4349,9,103,11.44,5.3,0,corps,26.278334502393147,6.7160
4350,16,178,11.12,8.4,0,corps,26.267198119469697,2.6734
4351,16,164,10.25,8.4,0,corps,26.25606730334588,7.8205
4352,9,93,10.33,5.3,0,corps,26.244942051239008,5.5164
4353,11,101,9.18,6.2,0,corps,26.23382236036777,1.9111
4354,8,104,13.00,4.9,0,corps,26.22270822795223,2.7589
4355,18,182,10.11,9.3,0,corps,26.211599651213863,3.1503
4356,24,242,10.08,12.0,0,corps,26.200496627375536,6.1309
4357,21,245,11.67,10.7,0,corps,26.18939915366147,3.1482
4358,17,197,11.59,8.9,0,corps,26.17830722729732,7.0816
4359,17,198,11.65,8.9,0,corps,26.16722084551008,2.1404
4360,22,172,7.82,11.1,0,corps,26.156140005528165,7.0236
4361,21,224,10.67,10.7,0,corps,26.145064704581383,5.9312
4362,13,118,9.08,7.1,0,corps,26.13399493990088,9.3220
4363,19,221,11.63,9.8,0,corps,26.12293070871922,6.1418
4364,16,208,13.00,8.4,0,corps,26.111872008270375,3.0952
4365,17,167,9.82,8.9,0,corps,26.10081883578963,4.2120
4366,25,327,13.08,12.4,0,corps,26.089771188513723,2.4713
4367,16,139,8.69,8.4,0,corps,26.07872906368071,1.7407
4368,7,51,7.29,4.4,0,corps,26.067692458530082,1.7822
4369,21,271,12.90,10.7,0,corps,26.0566613703027,2.4232
4370,21,181,8.62,10.7,0,corps,26.045635796240756,2.1666
4371,16,146,9.12,8.4,0,corps,26.03461573358788,4.2146
4372,8,88,11.00,4.9,0,corps,26.02360117958906,2.1937
4373,14,209,14.93,7.6,0,corps,26.012592131490642,2.4577
4374,12,143,11.92,6.7,0,corps,26.00158858654038,4.5641
4375,13,118,9.08,7.1,0,corps,25.99059054198737,7.1577
4376,33,338,10.24,16.0,0,corps,25.97959799508211,4.3256
4377,32,305,9.53,15.6,0,corps,25.968610943076477,2.3197
4378,24,229,9.54,12.0,0,corps,25.95762938322368,3.5579
4379,32,336,10.50,15.6,0,corps,25.946653312778356,6.7882
4380,4,46,11.50,3.1,0,corps,25.93568272899646,1.6719
4381,11,106,9.64,6.2,0,corps,25.924717629135362,1.5398
4382,9,101,11.22,5.3,0,corps,25.913758010453797,1.1664
4383,12,137,11.42,6.7,0,corps,25.902803870211837,1.3422
4384,9,84,9.33,5.3,0,corps,25.89185520567096,2.0980
4385,12,129,10.75,6.7,0,corps,25.880912014094008,4.8258
4386,7,68,9.71,4.4,0,corps,25.869974292745162,8.5466
4387,18,201,11.17,9.3,0,corps,25.859042038890017,1.7320
4388,6,74,12.33,4.0,0,corps,25.848115249795484,1.4117
4389,27,263,9.74,13.3,0,corps,25.837193922729877,2.9213
4390,11,114,10.36,6.2,0,corps,25.82627805496287,6.8100
4391,13,139,10.69,7.1,0,corps,25.815367643765484,1.3813
4392,14,149,10.64,7.6,0,corps,25.804462686410123,1.3252
4393,21,218,10.38,10.7,0,corps,25.79356318017056,1.0995
4394,5,59,11.80,3.6,0,corps,25.782669122321895,1.2931
4395,11,116,10.55,6.2,0,corps,25.77178051014063,3.0415
4396,24,235,9.79,12.0,0,corps,25.7608973409046,1.7497
4397,11,104,9.45,6.2,0,corps,25.750019611893016,1.3457
4398,9,94,10.44,5.3,0,corps,25.73914732038645,1.1976
4399,6,81,13.50,4.0,0,corps,25.72828046366683,1.3820
4400,14,142,10.14,7.6,0,corps,25.717419039017436,1.7020
4401,22,195,8.86,11.1,0,corps,25.706563043722923,4.0798
4402,2,55,27.50,2.2,0,corps,25.69571247506928,1.1189
4403,10,87,8.70,5.8,0,corps,25.68486733034387,1.8574
4404,15,141,9.40,8.0,0,corps,25.6740276068354,6.6921
4405,24,216,9.00,12.0,0,corps,25.663193301833942,6.4078
4406,3,28,9.33,2.7,0,corps,25.652364412630934,2.0183
4407,14,130,9.29,7.6,0,corps,25.64154093651913,5.1678
4408,22,222,10.09,11.1,0,corps,25.630722870792678,2.0832
4409,23,240,10.43,11.6,0,corps,25.61991021274706,2.1113
4410,17,117,6.88,8.9,0,corps,25.609102959679102,1.7255
4411,13,133,10.23,7.1,0,corps,25.598301108887007,3.0444
4412,11,110,10.00,6.2,0,corps,25.58750465767029,8.6854
4413,12,93,7.75,6.7,0,corps,25.57671360332985,2.2553
4414,10,94,9.40,5.8,0,corps,25.56592794316793,7.2416
4415,13,128,9.85,7.1,0,corps,25.555147674488104,1.7598
4416,19,193,10.16,9.8,0,corps,25.544372794595304,4.2633
4417,24,242,10.08,12.0,0,corps,25.533603300795825,2.6343
4418,10,137,13.70,5.8,0,corps,25.522839190397278,1.7429
4419,25,241,9.64,12.4,0,corps,25.512080460708646,4.8341
4420,21,208,9.90,10.7,0,corps,25.501327109040233,5.0863
4421,4,50,12.50,3.1,0,corps,25.49057913270371,1.8493
4422,4,49,12.25,3.1,0,corps,25.47983652901209,2.2565
4423,20,204,10.20,10.2,0,corps,25.469099295279708,4.5614
4424,24,234,9.75,12.0,0,corps,25.45836742882226,3.8188
4425,12,110,9.17,6.7,0,corps,25.447640926956787,5.7317
4426,13,116,8.92,7.1,0,corps,25.436919787001656,2.3593
4427,6,84,14.00,4.0,0,corps,25.42620400627659,2.1214
4428,16,136,8.50,8.4,0,corps,25.41549358210262,2.6475
4429,31,308,9.94,15.1,0,corps,25.404788511802163,4.0323
4430,23,251,10.91,11.6,0,corps,25.394088792698955,2.4338
4431,23,227,9.87,11.6,0,corps,25.383394422118045,4.1704
4432,40,432,10.80,19.1,0,corps,25.372705397385854,2.5707
4433,20,199,9.95,10.2,0,corps,25.362021715830135,4.5094
4434,11,90,8.18,6.2,0,corps,25.351343374779944,5.6398
4435,12,137,11.42,6.7,0,corps,25.340670371565714,1.6036
4436,40,454,11.35,19.1,0,corps,25.330002703519185,4.8826
4437,21,197,9.38,10.7,0,corps,25.319340367973442,1.9104
4438,16,156,9.75,8.4,0,corps,25.308683362262908,1.8678
4439,15,169,11.27,8.0,0,corps,25.298031683723316,2.2398
4440,22,216,9.82,11.1,0,corps,25.28738532969176,4.8603
4441,20,222,11.10,10.2,0,corps,25.276744297506653,4.2146
4442,14,115,8.21,7.6,0,corps,25.266108584507723,2.4074
4443,13,109,8.38,7.1,0,corps,25.25547818803606,7.2957
4444,16,131,8.19,8.4,0,corps,25.244853105434046,2.2481
4445,5,51,10.20,3.6,0,corps,25.23423333404542,2.0129
4446,24,209,8.71,12.0,0,corps,25.22361887121524,5.1755
4447,13,179,13.77,7.1,0,corps,25.213009714289885,3.4954
4448,9,118,13.11,5.3,0,corps,25.202405860617073,1.9493
4449,11,150,13.64,6.2,0,corps,25.191807307545837,1.9628
4450,17,204,12.00,8.9,0,corps,25.181214052426533,5.9060
4451,3,75,25.00,2.7,0,corps,25.170626092610863,1.4037
4452,16,137,8.56,8.4,0,corps,25.160043425451818,6.1012
4453,15,116,7.73,8.0,0,corps,25.149466048303736,4.7726
4454,28,241,8.61,13.8,0,corps,25.138893958522285,3.3308
4455,11,115,10.45,6.2,0,corps,25.12832715346443,1.7817
4456,24,276,11.50,12.0,0,corps,25.11776563048847,1.5602
4457,16,173,10.81,8.4,0,corps,25.10720938695404,4.7134
4458,14,189,13.50,7.6,0,corps,25.096658420222052,4.6009
4459,7,50,7.14,4.4,0,corps,25.086112727654786,2.2595
4460,21,211,10.05,10.7,0,corps,25.07557230661581,2.9004
4461,9,83,9.22,5.3,0,corps,25.065037154470016,2.1382
4462,16,171,10.69,8.4,0,corps,25.05450726858363,2.2873
4463,7,78,11.14,4.4,0,corps,25.043982646324164,1.6116
4464,13,111,8.54,7.1,0,corps,25.03346328506047,4.1368
4465,27,348,12.89,13.3,0,corps,25.022949182162712,2.7362
4466,19,180,9.47,9.8,0,corps,25.01244033500235,5.7232
4467,17,255,15.00,8.9,0,corps,25.00193674095219,2.3235
4468,18,243,13.50,9.3,0,corps,24.99143839738632,6.4471
4469,8,107,13.38,4.9,0,corps,24.980945301680162,2.0739
4470,16,140,8.75,8.4,0,corps,24.97045745121044,5.9064
4471,11,105,9.55,6.2,0,corps,24.95997484335518,7.1556
4472,20,233,11.65,10.2,0,corps,24.949497475493747,3.1919
4473,8,81,10.12,4.9,0,corps,24.939025345006794,1.9645
4474,16,184,11.50,8.4,0,corps,24.92855844927628,5.9794
4475,8,102,12.75,4.9,0,corps,24.9180967856855,2.1821
4476,15,146,9.73,8.0,0,corps,24.90764035161901,6.3629
4477,17,228,13.41,8.9,0,corps,24.89718914446272,1.9941
4478,23,247,10.74,11.6,0,corps,24.88674316160383,4.9992
4479,28,335,11.96,13.8,0,corps,24.876302400430834,5.1406
4480,13,270,20.77,7.1,0,corps,24.86586685833355,1.1493
4481,32,410,12.81,15.6,0,corps,24.855436532703095,1.7409
4482,5,57,11.40,3.6,0,corps,24.845011420931872,1.2926
4483,12,113,9.42,6.7,0,corps,24.834591520413625,9.0815
4484,13,136,10.46,7.1,0,corps,24.82417682854335,3.5782
4485,26,274,10.54,12.9,0,corps,24.813767342717398,4.1525
4486,24,245,10.21,12.0,0,corps,24.803363060333396,4.3120
4487,24,251,10.46,12.0,0,corps,24.79296397879026,3.4656
4488,15,132,8.80,8.0,0,corps,24.782570095488225,2.3603
4489,10,97,9.70,5.8,0,corps,24.772181407828832,4.3641
4490,23,268,11.65,11.6,0,corps,24.76179791321489,5.0846
4491,9,92,10.22,5.3,0,corps,24.751419609050547,3.1948
4492,26,318,12.23,12.9,0,corps,24.741046492741205,1.1560
4493,14,149,10.64,7.6,0,corps,24.730678561693587,3.4156
4494,4,43,10.75,3.1,0,corps,24.72031581331573,1.5617
4495,5,58,11.60,3.6,0,corps,24.709958245016928,1.4714
4496,24,271,11.29,12.0,0,corps,24.699605854207793,1.4389
4497,18,153,8.50,9.3,0,corps,24.68925863830024,2.3596
4498,12,119,9.92,6.7,0,corps,24.67891659470744,2.0267
4499,6,64,10.67,4.0,0,corps,24.668579720843912,1.3059
4500,3,31,10.33,2.7,0,corps,24.65824801412541,1.1684
4501,11,107,9.73,6.2,0,corps,24.64792147196902,1.4333
4502,30,338,11.27,14.7,0,corps,24.637600091793114,4.0935
4503,26,272,10.46,12.9,0,corps,24.62728387101733,6.2373
4504,31,331,10.68,15.1,0,corps,24.616972807062627,3.2495
4505,7,103,14.71,4.4,0,corps,24.60666689735123,1.6011
4506,31,322,10.39,15.1,0,corps,24.59636613930666,1.8848
4507,14,149,10.64,7.6,0,corps,24.586070530353744,1.6920
4508,17,156,9.18,8.9,0,corps,24.575780067918554,2.3081
4509,27,257,9.52,13.3,0,corps,24.565494749428492,6.1132
4510,26,231,8.88,12.9,0,corps,24.555214572312234,2.3575
4511,8,67,8.38,4.9,0,corps,24.544939533999717,2.2832
4512,8,83,10.38,4.9,0,corps,24.534669631922196,2.1072
4513,2,26,13.00,2.2,0,corps,24.524404863512185,1.3059
4514,20,209,10.45,10.2,0,corps,24.514145226203492,5.9245
4515,12,137,11.42,6.7,0,corps,24.503890717431226,2.3159
4516,18,186,10.33,9.3,0,corps,24.493641334631736,5.1771
4517,13,152,11.69,7.1,0,corps,24.48339707524269,1.4868
4518,16,160,10.00,8.4,0,corps,24.473157936703018,9.5754
4519,22,203,9.23,11.1,0,corps,24.462923916452937,5.9041
4520,6,108,18.00,4.0,0,corps,24.452695011933947,1.3975
4521,7,60,8.57,4.4,0,corps,24.44247122058881,1.9601
4522,24,230,9.58,12.0,0,corps,24.432252539861583,1.7699
4523,14,116,8.29,7.6,0,corps,24.422038967197608,2.1357
4524,10,90,9.00,5.8,0,corps,24.411830500043468,1.7312
4525,16,142,8.88,8.4,0,corps,24.40162713584706,1.4716
4526,7,82,11.71,4.4,0,corps,24.391428872057556,1.0844
4527,8,65,8.12,4.9,0,corps,24.381235706125366,1.9413
4528,11,124,11.27,6.2,0,corps,24.37104763550221,1.5939
4529,4,58,14.50,3.1,0,corps,24.36086465764107,1.2687
4530,9,125,13.89,5.3,0,corps,24.350686769996198,1.1300
4531,7,64,9.14,4.4,0,corps,24.340513970023135,1.0057
4532,19,231,12.16,9.8,0,corps,24.330346255178657,2.9322
4533,18,186,10.33,9.3,0,corps,24.320183622920847,4.0260
4534,16,185,11.56,8.4,0,corps,24.31002607070906,2.1629
4535,15,157,10.47,8.0,0,corps,24.29987359600389,1.3421
4536,17,203,11.94,8.9,0,corps,24.28972619626723,1.6137
4537,16,112,7.00,8.4,0,corps,24.27958386896222,3.3876
4538,13,136,10.46,7.1,0,corps,24.269446611553285,1.3075
4539,11,108,9.82,6.2,0,corps,24.259314421506108,1.9783
4540,23,215,9.35,11.6,0,corps,24.249187296287637,4.6704
4541,7,70,10.00,4.4,0,corps,24.2390652333661,1.4577
4542,17,173,10.18,8.9,0,corps,24.22894823021098,5.9049
4543,5,62,12.40,3.6,0,corps,24.218836284293015,1.4221
4544,3,38,12.67,2.7,0,corps,24.208729393084237,1.9590
4545,8,84,10.50,4.9,0,corps,24.198627554057907,1.3012
4546,16,157,9.81,8.4,0,corps,24.188530764688565,2.1547
4547,33,365,11.06,16.0,0,corps,24.178439022452032,4.4010
4548,14,121,8.64,7.6,0,corps,24.16835232482535,2.5300
4549,12,135,11.25,6.7,0,corps,24.15827066928685,1.2115
4550,11,120,10.91,6.2,0,corps,24.148194053316136,2.3060
4551,8,90,11.25,4.9,0,corps,24.138122474394027,1.3971
4552,26,267,10.27,12.9,0,corps,24.128055930002652,2.3783
4553,19,176,9.26,9.8,0,corps,24.117994417625358,2.9978
4554,10,118,11.80,5.8,0,corps,24.107937934746772,7.8109
4555,26,251,9.65,12.9,0,corps,24.097886478852786,1.8953
4556,21,211,10.05,10.7,0,corps,24.087840047430507,2.3618
4557,12,151,12.58,6.7,0,corps,24.077798637968353,3.3233
4558,4,53,13.25,3.1,0,corps,24.06776224795597,1.0318
4559,8,82,10.25,4.9,0,corps,24.057730874884243,1.1878
4560,15,119,7.93,8.0,0,corps,24.047704516245346,1.5305
4561,20,215,10.75,10.2,0,corps,24.037683169532677,4.3000
4562,13,159,12.23,7.1,0,corps,24.027666832240904,1.8193
4563,14,144,10.29,7.6,0,corps,24.017655501865953,4.1524
4564,22,208,9.45,11.1,0,corps,24.007649175904973,2.5442
4565,18,171,9.50,9.3,0,corps,23.99764785185639,2.4831
4566,4,67,16.75,3.1,0,corps,23.98765152721988,1.4575
4567,22,200,9.09,11.1,0,corps,23.977660199496352,6.8565
4568,31,270,8.71,15.1,0,corps,23.967673866187987,5.1868
4569,11,81,7.36,6.2,0,corps,23.95769252479818,2.9012
4570,8,79,9.88,4.9,0,corps,23.94771617283161,8.3025
4571,19,179,9.42,9.8,0,corps,23.937744807794196,2.3900
4572,22,221,10.05,11.1,0,corps,23.92777842719308,1.6655
4573,28,285,10.18,13.8,0,corps,23.91781702853667,2.5437
4574,6,47,7.83,4.0,0,corps,23.907860609334637,2.0270
4575,13,132,10.15,7.1,0,corps,23.897909167097843,1.6042
4576,13,116,8.92,7.1,0,corps,23.88796269933846,1.8533
4577,12,108,9.00,6.7,0,corps,23.878021203569844,7.6392
4578,23,232,10.09,11.6,0,corps,23.868084677306634,2.2651
4579,18,188,10.44,9.3,0,corps,23.858153118064703,1.8518
4580,12,105,8.75,6.7,0,corps,23.848226523361145,2.6042
4581,18,185,10.28,9.3,0,corps,23.838304890714323,5.0444
4582,43,457,10.63,20.4,0,corps,23.82838821764384,2.8528
4583,19,203,10.68,9.8,0,corps,23.8184765016705,1.4572
4584,15,187,12.47,8.0,0,corps,23.8085697403164,1.4180
4585,14,125,8.93,7.6,0,corps,23.79866793110483,4.5418
4586,12,108,9.00,6.7,0,corps,23.788771071560344,1.4188
4587,9,73,8.11,5.3,0,corps,23.77887915920874,1.4336
4588,6,53,8.83,4.0,0,corps,23.768992191577016,1.5555
4589,23,213,9.26,11.6,0,corps,23.759110166193448,1.7419
4590,13,151,11.62,7.1,0,corps,23.74923308058753,1.5461
4591,23,233,10.13,11.6,0,corps,23.739360932289976,1.7115
4592,11,132,12.00,6.2,0,corps,23.72949371883277,5.6307
4593,28,316,11.29,13.8,0,corps,23.719631437749086,3.1706
4594,7,95,13.57,4.4,0,corps,23.70977408657336,1.7609
4595,2,18,9.00,2.2,0,corps,23.699921662841273,1.7582
4596,9,68,7.56,5.3,0,corps,23.690074164089694,1.5439
4597,17,155,9.12,8.9,0,corps,23.680231587856756,1.6476
4598,33,338,10.24,16.0,0,corps,23.67039393168183,1.7186
4599,21,190,9.05,10.7,0,corps,23.66056119310548,3.5013
4600,13,120,9.23,7.1,0,corps,23.650733369669535,1.3363
4601,12,81,6.75,6.7,0,corps,23.64091045891703,2.1486
4602,6,55,9.17,4.0,0,corps,23.63109245839224,1.5928
4603,7,80,11.43,4.4,0,corps,23.621279365640678,1.9719
4604,25,224,8.96,12.4,0,corps,23.61147117820905,1.7576
4605,16,142,8.88,8.4,0,corps,23.601667893645317,1.8665
4606,5,58,11.60,3.6,0,corps,23.591869509498668,1.6680
4607,14,151,10.79,7.6,0,corps,23.58207602331949,4.0082
4608,33,315,9.55,16.0,0,corps,23.572287432659433,1.8334
4609,6,91,15.17,4.0,0,corps,23.562503735071324,1.3088
4610,9,86,9.56,5.3,0,corps,23.55272492810925,1.7988
4611,11,97,8.82,6.2,0,corps,23.54295100932852,1.7635
4612,16,176,11.00,8.4,0,corps,23.533181976285633,1.5738
4613,27,323,11.96,13.3,0,corps,23.523417826538342,2.5501
4614,5,32,6.40,3.6,0,corps,23.513658557645623,1.8046
4615,4,49,12.25,3.1,0,corps,23.503904167167633,1.8276
4616,9,90,10.00,5.3,0,corps,23.494154652665795,6.0518
4617,18,169,9.39,9.3,0,corps,23.484410011702714,1.6939
4618,14,140,10.00,7.6,0,corps,23.474670241842237,1.7949
4619,12,104,8.67,6.7,0,corps,23.464935340649426,1.8465
4620,4,44,11.00,3.1,0,corps,23.455205305690548,1.6604
4621,31,289,9.32,15.1,0,corps,23.445480134533096,2.3072
4622,17,167,9.82,8.9,0,corps,23.435759824745787,1.6446
4623,26,244,9.38,12.9,0,corps,23.42604437389853,2.3935
4624,9,123,13.67,5.3,0,corps,23.416333779562475,1.7976
4625,6,51,8.50,4.0,0,corps,23.406628039309954,1.6930
4626,8,70,8.75,4.9,0,corps,23.39692715071455,1.8927
4627,14,143,10.21,7.6,0,corps,23.38723111135104,4.8260
4628,12,123,10.25,6.7,0,corps,23.3775399187954,1.4028
4629,13,119,9.15,7.1,0,corps,23.367853570624845,2.4700
4630,37,397,10.73,17.8,0,corps,23.358172064417783,4.4741
4631,33,361,10.94,16.0,0,corps,23.348495397753833,3.0470
4632,8,82,10.25,4.9,0,corps,23.338823568213844,1.7451
4633,8,64,8.00,4.9,0,corps,23.329156573379837,2.0568
4634,20,254,12.70,10.2,0,corps,23.319494410835073,6.5994
4635,13,316,24.31,7.1,0,corps,23.309837078164026,1.1073
4636,33,289,8.76,16.0,0,corps,23.300184572952336,3.3118
4637,18,192,10.67,9.3,0,corps,23.2905368927869,1.9895
4638,20,137,6.85,10.2,0,corps,23.28089403525578,2.3850
4639,14,150,10.71,7.6,0,corps,23.271255997948266,5.4760
4640,19,189,9.95,9.8,0,corps,23.261622778454864,1.7202
4641,26,247,9.50,12.9,0,corps,23.251994374367246,3.2384
4642,11,161,14.64,6.2,0,corps,23.242370783278325,1.5140
4643,15,116,7.73,8.0,0,corps,23.232752002782203,1.9151
4644,17,178,10.47,8.9,0,corps,23.223138030474182,1.8197
4645,8,76,9.50,4.9,0,corps,23.21352886395077,9.2173
4646,8,110,13.75,4.9,0,corps,23.203924500809666,1.4202
4647,13,161,12.38,7.1,0,corps,23.194324938649793,4.2136
4648,3,104,34.67,2.7,0,corps,23.184730175071255,1.0397
4649,31,294,9.48,15.1,0,corps,23.17514020767536,3.2657
4650,23,239,10.39,11.6,0,corps,23.165555034064607,2.2105
4651,9,90,10.00,5.3,0,corps,23.15597465184273,2.2350
4652,27,259,9.59,13.3,0,corps,23.146399058614602,5.4153
4653,14,170,12.14,7.6,0,corps,23.13682825198635,3.3066
4654,21,178,8.48,10.7,0,corps,23.12726222956525,6.4199
4655,13,146,11.23,7.1,0,corps,23.117700988959808,1.6371
4656,11,105,9.55,6.2,0,corps,23.10814452777972,1.7666
4657,2,22,11.00,2.2,0,corps,23.09859284363586,1.8954
4658,12,132,11.00,6.7,0,corps,23.089045934140305,2.9478
4659,22,224,10.18,11.1,0,corps,23.079503796906344,2.9572
4660,14,140,10.00,7.6,0,corps,23.069966429548423,6.4550
4661,7,78,11.14,4.4,0,corps,23.060433829682218,7.7936
4662,9,141,15.67,5.3,0,corps,23.050905994924555,1.7323
4663,12,131,10.92,6.7,0,corps,23.041382922893497,5.4653
4664,13,141,10.85,7.1,0,corps,23.031864611208274,5.6801
4665,17,208,12.24,8.9,0,corps,23.022351057489296,4.7785
4666,25,271,10.84,12.4,0,corps,23.01284225935818,2.1205
4667,9,87,9.67,5.3,0,corps,23.003338214437736,1.9486
4668,17,196,11.53,8.9,0,corps,22.99383892035194,4.2276
4669,7,63,9.00,4.4,0,corps,22.98434437472598,1.4653
4670,16,168,10.50,8.4,0,corps,22.974854575186203,4.4297
4671,17,154,9.06,8.9,0,corps,22.965369519360166,1.9173
4672,20,173,8.65,10.2,0,corps,22.95588920487662,3.8082
4673,10,108,10.80,5.8,0,corps,22.946413629365463,6.2869
4674,15,166,11.07,8.0,0,corps,22.936942790457813,9.3269
4675,19,196,10.32,9.8,0,corps,22.92747668578597,2.3855
4676,22,258,11.73,11.1,0,corps,22.918015312983382,6.0589
4677,34,317,9.32,16.4,0,corps,22.908558669684737,4.1364
4678,20,179,8.95,10.2,0,corps,22.899106753525842,4.6714
4679,16,149,9.31,8.4,0,corps,22.88965956214374,7.2505
4680,14,166,11.86,7.6,0,corps,22.880217093176636,3.6724
4681,16,159,9.94,8.4,0,corps,22.870779344263887,2.8725
4682,25,275,11.00,12.4,0,corps,22.861346313046084,5.8689
4683,25,228,9.12,12.4,0,corps,22.851917997164957,5.9949
4684,5,45,9.00,3.6,0,corps,22.842494394263422,1.5514
4685,18,182,10.11,9.3,0,corps,22.833075501985594,5.0893
4686,2,22,11.00,2.2,0,corps,22.823661317976725,1.3889
4687,29,318,10.97,14.2,0,corps,22.81425183988329,2.7217
4688,12,153,12.75,6.7,0,corps,22.80484706535292,1.5118
4689,23,230,10.00,11.6,0,corps,22.795446992034403,4.8284
4690,14,123,8.79,7.6,0,corps,22.786051617577733,7.4300
4691,18,158,8.78,9.3,0,corps,22.776660939634073,3.3410
4692,11,118,10.73,6.2,0,corps,22.767274955855743,1.3883
4693,31,308,9.94,15.1,0,corps,22.757893663896255,2.4272
4694,13,136,10.46,7.1,0,corps,22.74851706141027,1.7026
4695,34,343,10.09,16.4,0,corps,22.739145146053648,4.3008
4696,9,91,10.11,5.3,0,corps,22.72977791548342,1.2236
4697,15,167,11.13,8.0,0,corps,22.720415367357756,1.7727
4698,7,63,9.00,4.4,0,corps,22.71105749933604,16.9813
4699,18,165,9.17,9.3,0,corps,22.7017043090788,5.8678
4700,21,178,8.48,10.7,0,corps,22.692355794247725,3.1271
4701,24,227,9.46,12.0,0,corps,22.683011952505705,6.9422
4702,5,61,12.20,3.6,0,corps,22.67367278151676,1.9623
4703,16,157,9.81,8.4,0,corps,22.66433827894611,4.0526
4704,13,110,8.46,7.1,0,corps,22.655008442460137,8.9963
4705,4,56,14.00,3.1,0,corps,22.645683269726362,1.4760
4706,2,37,18.50,2.2,0,corps,22.636362758413505,1.5024
4707,21,199,9.48,10.7,0,corps,22.627046906191435,2.5646
4708,3,42,14.00,2.7,0,corps,22.617735710731186,1.8030
4709,28,305,10.89,13.8,0,corps,22.608429169704966,4.3280
4710,33,351,10.64,16.0,0,corps,22.59912728078613,4.2134
4711,30,346,11.53,14.7,0,corps,22.58983004164921,3.2450
4712,23,234,10.17,11.6,0,corps,22.58053744996991,3.6947
4713,8,77,9.62,4.9,0,corps,22.571249503425054,7.7125
4714,37,377,10.19,17.8,0,corps,22.561966199692673,3.9382
4715,8,91,11.38,4.9,0,corps,22.55268753645195,1.7359
4716,9,88,9.78,5.3,0,corps,22.543413511383196,1.4591
4717,17,157,9.24,8.9,0,corps,22.534144122167927,2.5830
4718,23,228,9.91,11.6,0,corps,22.524879366488772,6.7813
4719,22,223,10.14,11.1,0,corps,22.51561924202956,1.8472
4720,22,181,8.23,11.1,0,corps,22.506363746475262,4.4850
4721,28,287,10.25,13.8,0,corps,22.497112877511988,3.8114
4722,24,211,8.79,12.0,0,corps,22.487866632827032,5.0997
4723,14,117,8.36,7.6,0,corps,22.478625010108836,10.4635
4724,25,257,10.28,12.4,0,corps,22.46938800704698,3.5770
4725,22,211,9.59,11.1,0,corps,22.46015562133223,5.9275
4726,15,137,9.13,8.0,0,corps,22.450927850656477,1.0564
4727,36,386,10.72,17.3,0,corps,22.441704692712783,6.8716
4728,4,38,9.50,3.1,0,corps,22.43248614519536,0.9982
4729,16,195,12.19,8.4,0,corps,22.42327220579957,4.3792
4730,14,125,8.93,7.6,0,corps,22.41406287222192,2.2418
4731,8,88,11.00,4.9,0,corps,22.404858142160094,9.5451
4732,14,115,8.21,7.6,0,corps,22.39565801331289,1.2370
4733,15,143,9.53,8.0,0,corps,22.3864624833803,1.2578
4734,19,212,11.16,9.8,0,corps,22.377271550063412,3.4826
4735,10,117,11.70,5.8,0,corps,22.36808521106451,6.6157
4736,10,93,9.30,5.8,0,corps,22.358903464087014,1.1683
4737,6,102,17.00,4.0,0,corps,22.349726306835468,0.7320
4738,34,333,9.79,16.4,0,corps,22.340553737015597,3.9739
4739,32,403,12.59,15.6,0,corps,22.331385752334263,2.1036
4740,35,355,10.14,16.9,0,corps,22.32222235049946,4.7472
4741,4,36,9.00,3.1,0,corps,22.313063529220344,1.3433
4742,2,22,11.00,2.2,0,corps,22.303909286207197,1.8069
4743,21,221,10.52,10.7,0,corps,22.294759619171465,3.4103
4744,14,118,8.43,7.6,0,corps,22.285614525825746,3.2704
4745,18,162,9.00,9.3,0,corps,22.276474003883745,5.3566
4746,8,101,12.62,4.9,0,corps,22.267338051060335,2.2593
4747,22,242,11.00,11.1,0,corps,22.258206665071544,2.4215
4748,25,238,9.52,12.4,0,corps,22.249079843634508,4.5179
4749,2,22,11.00,2.2,0,corps,22.239957584467536,1.3460
4750,27,263,9.74,13.3,0,corps,22.230839885290045,2.2820
4751,23,195,8.48,11.6,0,corps,22.22172674382262,4.0188
4752,32,319,9.97,15.6,0,corps,22.212618157786984,4.7052
4753,18,189,10.50,9.3,0,corps,22.203514124905976,2.0408
4754,24,227,9.46,12.0,0,corps,22.194414642903602,2.1880
4755,36,376,10.44,17.3,0,corps,22.185319709504974,2.7264
4756,21,235,11.19,10.7,0,corps,22.176229322436367,1.9361
4757,24,239,9.96,12.0,0,corps,22.167143479425196,5.1090
4758,9,98,10.89,5.3,0,corps,22.15806217819998,2.1322
4759,12,121,10.08,6.7,0,corps,22.148985416490405,2.2918
4760,18,155,8.61,9.3,0,corps,22.139913192027286,6.2222
4761,11,115,10.45,6.2,0,corps,22.130845502542552,2.0836
4762,16,142,8.88,8.4,0,corps,22.12178234576929,1.9353
4763,33,312,9.45,16.0,0,corps,22.112723719441707,1.9635
4764,23,253,11.00,11.6,0,corps,22.103669621295147,4.0665
4765,7,54,7.71,4.4,0,corps,22.094620049066098,2.6526
4766,22,203,9.23,11.1,0,corps,22.085575000492142,5.2749
4767,29,277,9.55,14.2,0,corps,22.07653447331203,1.7613
4768,8,59,7.38,4.9,0,corps,22.067498465265643,2.0668
4769,26,255,9.81,12.9,0,corps,22.058466974093953,1.9711
4770,15,136,9.07,8.0,0,corps,22.049439997539114,7.3122
4771,15,153,10.20,8.0,0,corps,22.04041753334436,2.7166
4772,9,85,9.44,5.3,0,corps,22.031399579254078,1.8300
4773,21,217,10.33,10.7,0,corps,22.022386133013796,4.9610
4774,18,173,9.61,9.3,0,corps,22.013377192370136,2.5377
4775,15,153,10.20,8.0,0,corps,22.004372755070865,1.9743
4776,5,75,15.00,3.6,0,corps,21.995372818864887,1.5051
4777,15,191,12.73,8.0,0,corps,21.986377381502194,1.3925
4778,9,122,13.56,5.3,0,corps,21.97738644073395,1.1683
4779,2,33,16.50,2.2,0,corps,21.968399994312403,1.3219
4780,32,328,10.25,15.6,0,corps,21.95941803999095,1.8715
4781,5,47,9.40,3.6,0,corps,21.95044057552411,1.7184
4782,23,209,9.09,11.6,0,corps,21.941467598667494,1.6431
4783,15,172,11.47,8.0,0,corps,21.932499107177872,3.7155
4784,21,198,9.43,10.7,0,corps,21.92353509881313,2.1299
4785,13,103,7.92,7.1,0,corps,21.914575571332247,1.6633
4786,14,142,10.14,7.6,0,corps,21.905620522495358,2.0003
4787,30,274,9.13,14.7,0,corps,21.896669950063686,2.1562
4788,9,74,8.22,5.3,0,corps,21.887723851799592,10.0770
4789,13,134,10.31,7.1,0,corps,21.878782225466566,2.4940
4790,19,190,10.00,9.8,0,corps,21.86984506882918,1.9411
4791,30,304,10.13,14.7,0,corps,21.860912379653154,1.8194
4792,5,39,7.80,3.6,0,corps,21.851984155705324,3.1455
4793,6,55,9.17,4.0,0,corps,21.843060394753618,1.8200
4794,30,280,9.33,14.7,0,corps,21.834141094567112,2.2643
4795,30,257,8.57,14.7,0,corps,21.825226252915964,5.2083
4796,4,35,8.75,3.1,0,corps,21.816315867571472,1.5203
4797,16,180,11.25,8.4,0,corps,21.807409936306048,1.6609
4798,25,246,9.84,12.4,0,corps,21.79850845689319,5.2830
4799,25,336,13.44,12.4,0,corps,21.789611427107545,2.2315
4800,20,196,9.80,10.2,0,corps,21.780718844724852,1.8804
4801,42,478,11.38,20.0,0,corps,21.771830707521957,2.6494
4802,14,138,9.86,7.6,0,corps,21.76294701327684,4.5476
4803,22,222,10.09,11.1,0,corps,21.75406775976856,1.4971
4804,35,301,8.60,16.9,0,corps,21.745192944777315,5.6115
4805,7,85,12.14,4.4,0,corps,21.7363225660844,8.5823
4806,16,191,11.94,8.4,0,corps,21.727456621472214,1.4335
4807,28,284,10.14,13.8,0,corps,21.71859510872428,3.5851
4808,9,82,9.11,5.3,0,corps,21.70973802562522,2.3083
4809,23,274,11.91,11.6,0,corps,21.700885369960748,3.3580
4810,16,182,11.38,8.4,0,corps,21.692037139517726,1.7755
4811,8,74,9.25,4.9,0,corps,21.683193332084066,1.7546
4812,6,54,9.00,4.0,0,corps,21.674353945448836,1.7365
4813,20,216,10.80,10.2,0,corps,21.66551897740219,5.1649
4814,14,151,10.79,7.6,0,corps,21.65668842573537,2.0844
4815,23,184,8.00,11.6,0,corps,21.647862288240752,4.8323
4816,10,104,10.40,5.8,0,corps,21.639040562711802,2.1516
4817,17,173,10.18,8.9,0,corps,21.630223246943082,2.0595
4818,11,117,10.64,6.2,0,corps,21.62141033873027,1.7947
4819,21,260,12.38,10.7,0,corps,21.612601835870127,1.8277
4820,19,177,9.32,9.8,0,corps,21.603797736160534,1.7576
4821,27,224,8.30,13.3,0,corps,21.594998037400476,3.4338
4822,20,167,8.35,10.2,0,corps,21.58620273739001,1.8663
4823,8,70,8.75,4.9,0,corps,21.57741183393032,10.5768
4824,29,306,10.55,14.2,0,corps,21.56862532482369,2.4516
4825,13,111,8.54,7.1,0,corps,21.559843207873474,2.0935
4826,21,195,9.29,10.7,0,corps,21.55106548088416,1.4543
4827,15,128,8.53,8.0,0,corps,21.5422921416613,8.1363
4828,25,339,13.56,12.4,0,corps,21.533523188011564,2.3084
4829,26,285,10.96,12.9,0,corps,21.524758617742727,3.1738
4830,20,187,9.35,10.2,0,corps,21.515998428663625,1.8904
4831,14,110,7.86,7.6,0,corps,21.507242618584225,8.5696
4832,20,198,9.90,10.2,0,corps,21.498491185315576,2.0940
4833,5,58,11.60,3.6,0,corps,21.489744126669805,1.2164
4834,15,112,7.47,8.0,0,corps,21.481001440460165,2.6687
4835,7,84,12.00,4.4,0,corps,21.47226312450097,1.0949
4836,24,259,10.79,12.0,0,corps,21.463529176607647,4.4113
4837,9,97,10.78,5.3,0,corps,21.45479959459672,2.0653
4838,6,50,8.33,4.0,0,corps,21.44607437628577,2.7158
4839,17,142,8.35,8.9,0,corps,21.43735351949351,1.4700
4840,15,143,9.53,8.0,0,corps,21.428637022039723,2.1799
4841,14,132,9.43,7.6,0,corps,21.419924881745278,1.4118
4842,9,80,8.89,5.3,0,corps,21.41121709643215,1.6742
4843,10,117,11.70,5.8,0,corps,21.40251366392338,1.5149
4844,26,256,9.85,12.9,0,corps,21.393814582043117,1.8051
4845,13,112,8.62,7.1,0,corps,21.385119848616593,2.0546
4846,13,111,8.54,7.1,0,corps,21.37642946147012,8.7114
4847,17,222,13.06,8.9,0,corps,21.367743418431104,2.3752
4848,7,80,11.43,4.4,0,corps,21.359061717328036,1.3738
4849,12,116,9.67,6.7,0,corps,21.35038435599048,1.8908
4850,4,38,9.50,3.1,0,corps,21.341711332249112,1.9651
4851,21,227,10.81,10.7,0,corps,21.333042643935663,4.6246
4852,25,278,11.12,12.4,0,corps,21.32437828888296,4.7090
4853,24,263,10.96,12.0,0,corps,21.315718264924932,5.3572
4854,36,360,10.00,17.3,0,corps,21.307062569896555,3.6946
4855,11,141,12.82,6.2,0,corps,21.298411201633904,1.8972
4856,14,165,11.79,7.6,0,corps,21.289764157974155,5.5455
4857,11,173,15.73,6.2,0,corps,21.281121436755523,3.4569
4858,15,232,15.47,8.0,0,corps,21.272483035817352,4.2060
4859,9,95,10.56,5.3,0,corps,21.26384895300002,2.0145
4860,16,156,9.75,8.4,0,corps,21.25521918614502,1.5947
4861,19,201,10.58,9.8,0,corps,21.246593733094908,1.7508
4862,18,179,9.94,9.3,0,corps,21.237972591693318,1.4135
4863,21,237,11.29,10.7,0,corps,21.229355759784962,2.3703
4864,2,29,14.50,2.2,0,corps,21.220743235215643,1.8539
4865,16,198,12.38,8.4,0,corps,21.212135015832217,3.7470
4866,21,204,9.71,10.7,0,corps,21.203531099482642,1.6843
4867,30,308,10.27,14.7,0,corps,21.194931484015925,2.7122
4868,15,160,10.67,8.0,0,corps,21.186336167282168,3.5653
4869,10,105,10.50,5.8,0,corps,21.177745147132544,1.8444
4870,15,144,9.60,8.0,0,corps,21.169158421419297,7.0862
4871,8,85,10.62,4.9,0,corps,21.16057598799574,1.7066
4872,13,140,10.77,7.1,0,corps,21.151997844716277,2.4452
4873,6,66,11.00,4.0,0,corps,21.143423989436357,1.8720
4874,25,255,10.20,12.4,0,corps,21.134854420012534,2.8459
4875,14,136,9.71,7.6,0,corps,21.126289134302397,2.3611
4876,17,124,7.29,8.9,0,corps,21.117728130164632,6.8428
4877,12,111,9.25,6.7,0,corps,21.109171405458994,5.0291
4878,25,214,8.56,12.4,0,corps,21.10061895804629,3.0552
4879,18,200,11.11,9.3,0,corps,21.092070785788422,6.0054
4880,4,47,11.75,3.1,0,corps,21.083526886548334,1.7625
4881,20,191,9.55,10.2,0,corps,21.074987258190056,4.2860
4882,10,139,13.90,5.8,0,corps,21.066451898578688,1.4976
4883,32,426,13.31,15.6,0,corps,21.057920805580377,2.5789
4884,21,222,10.57,10.7,0,corps,21.049393977062355,4.8423
4885,26,255,9.81,12.9,0,corps,21.040871410892926,4.1289
4886,27,335,12.41,13.3,0,corps,21.03235310494143,3.8418
4887,22,304,13.82,11.1,0,corps,21.023839057078305,2.3913
4888,10,95,9.50,5.8,0,corps,21.015329265175026,2.6575
4889,16,157,9.81,8.4,0,corps,21.006823727104155,2.0073
4890,24,304,12.67,12.0,0,corps,20.998322440739305,4.0669
4891,11,122,11.09,6.2,0,corps,20.98982540395515,9.3683
4892,15,138,9.20,8.0,0,corps,20.981332614627437,2.5641
4893,8,97,12.12,4.9,0,corps,20.972844070632966,1.0512
4894,26,213,8.19,12.9,0,corps,20.9643597698496,3.8929
4895,31,327,10.55,15.1,0,corps,20.955879710156275,2.9299
4896,17,187,11.00,8.9,0,corps,20.94740388943295,2.4948
4897,18,176,9.78,9.3,0,corps,20.93893230556069,2.6528
4898,19,202,10.63,9.8,0,corps,20.930464956421606,2.2604
4899,28,297,10.61,13.8,0,corps,20.922001839898837,4.2555
4900,3,72,24.00,2.7,0,corps,20.913542953876618,0.8769
4901,20,216,10.80,10.2,0,corps,20.905088296240233,1.6562
4902,25,266,10.64,12.4,0,corps,20.896637864876,3.3050
4903,13,140,10.77,7.1,0,corps,20.88819165767133,2.3375
4904,18,197,10.94,9.3,0,corps,20.879749672514656,3.3058
4905,19,193,10.16,9.8,0,corps,20.87131190729549,1.2928
4906,18,148,8.22,9.3,0,corps,20.862878359904393,5.5650
4907,24,287,11.96,12.0,0,corps,20.854449028232967,2.0242
4908,2,30,15.00,2.2,0,corps,20.846023910173884,0.8295
4909,20,183,9.15,10.2,0,corps,20.837603003620874,4.1948
4910,14,130,9.29,7.6,0,corps,20.8291863064687,6.6703
4911,10,102,10.20,5.8,0,corps,20.82077381661319,8.7276
4912,17,158,9.29,8.9,0,corps,20.812365531951222,1.5125
4913,30,304,10.13,14.7,0,corps,20.803961450380722,4.3902
4914,17,165,9.71,8.9,0,corps,20.79556156980068,5.0847
4915,19,197,10.37,9.8,0,corps,20.787165888111105,5.7066
4916,20,305,15.25,10.2,0,corps,20.778774403213095,2.5633
4917,13,120,9.23,7.1,0,corps,20.77038711300878,6.7836
4918,17,172,10.12,8.9,0,corps,20.762004015401324,1.8772
4919,31,303,9.77,15.1,0,corps,20.753625108294962,2.4920
4920,13,153,11.77,7.1,0,corps,20.745250389594965,2.6821
4921,17,152,8.94,8.9,0,corps,20.736879857207644,6.0040
4922,21,199,9.48,10.7,0,corps,20.728513509040386,1.9945
4923,14,122,8.71,7.6,0,corps,20.720151343001582,1.3713
4924,5,45,9.00,3.6,0,corps,20.71179335700071,1.4715
4925,12,125,10.42,6.7,0,corps,20.70343954894826,1.2597
4926,12,121,10.08,6.7,0,corps,20.695089916755784,1.3722
4927,12,101,8.42,6.7,0,corps,20.68674445833588,5.0672
4928,8,103,12.88,4.9,0,corps,20.678403171602167,2.3086
4929,31,282,9.10,15.1,0,corps,20.670066054469334,6.4858
4930,21,264,12.57,10.7,0,corps,20.661733104853113,1.7060
4931,24,217,9.04,12.0,0,corps,20.653404320670248,4.1539
4932,15,139,9.27,8.0,0,corps,20.645079699838544,3.3443
4933,17,165,9.71,8.9,0,corps,20.636759240276866,4.0887
4934,17,161,9.47,8.9,0,corps,20.628442939905074,2.6528
4935,13,141,10.85,7.1,0,corps,20.62013079664411,2.0265
4936,13,115,8.85,7.1,0,corps,20.611822808415926,1.8236
4937,14,146,10.43,7.6,0,corps,20.60351897314353,4.1450
4938,21,237,11.29,10.7,0,corps,20.59521928875097,2.6172
4939,27,279,10.33,13.3,0,corps,20.586923753163315,2.7370
4940,22,202,9.18,11.1,0,corps,20.578632364306678,1.4741
4941,28,314,11.21,13.8,0,corps,20.570345120108232,4.0244
4942,13,188,14.46,7.1,0,corps,20.562062018496142,1.8366
4943,5,54,10.80,3.6,0,corps,20.553783057399652,3.1117
4944,24,231,9.62,12.0,0,corps,20.545508234749,2.1455
4945,26,262,10.08,12.9,0,corps,20.537237548475503,4.6169
4946,7,77,11.00,4.4,0,corps,20.52897099651148,1.8087
4947,33,336,10.18,16.0,0,corps,20.520708576790284,5.9301
4948,12,115,9.58,6.7,0,corps,20.51245028724632,7.8957
4949,19,229,12.05,9.8,0,corps,20.504196125815017,1.7041
4950,28,292,10.43,13.8,0,corps,20.49594609043283,5.3832
4951,17,173,10.18,8.9,0,corps,20.48770017903726,3.0241
4952,10,109,10.90,5.8,0,corps,20.47945838956681,4.1210
4953,15,131,8.73,8.0,0,corps,20.471220719961043,2.3254
4954,13,147,11.31,7.1,0,corps,20.46298716816055,4.5749
4955,14,134,9.57,7.6,0,corps,20.454757732106927,2.6470
4956,12,90,7.50,6.7,0,corps,20.446532409742822,7.4664
4957,3,34,11.33,2.7,0,corps,20.438311199011913,1.8203
4958,13,129,9.92,7.1,0,corps,20.43009409785888,2.2762
4959,11,83,7.55,6.2,0,corps,20.421881104229467,2.0945
4960,26,206,7.92,12.9,0,corps,20.41367221607041,5.1773
4961,22,210,9.55,11.1,0,corps,20.40546743132949,6.4672
4962,18,212,11.78,9.3,0,corps,20.39726674795552,3.9828
4963,23,231,10.04,11.6,0,corps,20.389070163898314,5.4495
4964,9,85,9.44,5.3,0,corps,20.380877677108735,2.0111
4965,32,312,9.75,15.6,0,corps,20.372689285538673,2.7458
4966,26,301,11.58,12.9,0,corps,20.364504987141007,4.9123
4967,29,349,12.03,14.2,0,corps,20.356324779869677,4.6332
4968,27,297,11.00,13.3,0,corps,20.348148661679623,4.4180
4969,9,113,12.56,5.3,0,corps,20.33997663052682,1.8622
4970,11,129,11.73,6.2,0,corps,20.33180868436827,3.8258
4971,14,192,13.71,7.6,0,corps,20.323644821161963,2.5436
4972,18,270,15.00,9.3,0,corps,20.315485038866946,3.5427
4973,15,249,16.60,8.0,0,corps,20.307329335443285,4.9164
4974,16,129,8.06,8.4,0,corps,20.299177708852035,2.5149
4975,18,192,10.67,9.3,0,corps,20.291030157055303,6.6133
4976,18,229,12.72,9.3,0,corps,20.282886678016187,1.9130
4977,23,236,10.26,11.6,0,corps,20.274747269698825,4.1933
4978,26,288,11.08,12.9,0,corps,20.266611930068375,4.9180
4979,16,190,11.88,8.4,0,corps,20.25848065709098,1.8831
4980,41,372,9.07,19.6,0,corps,20.250353448733843,8.4923
4981,16,154,9.62,8.4,0,corps,20.242230302965154,2.7195
4982,4,19,4.75,3.1,0,corps,20.23411121775412,4.0242
4983,10,99,9.90,5.8,0,corps,20.22599619107098,6.5987
4984,4,45,11.25,3.1,0,corps,20.21788522088697,1.5706
4985,11,106,9.64,6.2,0,corps,20.209778305174343,1.9462
4986,15,141,9.40,8.0,0,corps,20.20167544190639,2.1187
4987,15,120,8.00,8.0,0,corps,20.193576629057368,1.9490
4988,18,146,8.11,9.3,0,corps,20.185481864602593,6.4680
4989,8,80,10.00,4.9,0,corps,20.17739114651837,6.4803
4990,15,128,8.53,8.0,0,corps,20.169304472782017,4.6632
4991,29,315,10.86,14.2,0,corps,20.16122184137187,4.5333
4992,18,240,13.33,9.3,0,corps,20.153143250267263,1.8692
4993,23,264,11.48,11.6,0,corps,20.14506869744855,1.8758
4994,10,87,8.70,5.8,0,corps,20.136998180897105,2.6408
4995,18,175,9.72,9.3,0,corps,20.12893169859528,2.0135
4996,25,235,9.40,12.4,0,corps,20.120869248526464,3.4677
4997,6,58,9.67,4.0,0,corps,20.112810828675055,1.9119
4998,33,333,10.09,16.0,0,corps,20.104756437026424,3.2054
4999,15,162,10.80,8.0,0,corps,20.096706071567,2.4053
5000,5,40,8.00,3.6,0,corps,20.088659730284164,1.6173
5001,27,305,11.30,13.3,0,corps,20.080617411166347,5.5652
5002,9,120,13.33,5.3,0,corps,20.072579112202973,1.5100
5003,11,107,9.73,6.2,0,corps,20.064544831384456,1.9613
5004,11,119,10.82,6.2,0,corps,20.056514566702237,1.2924
5005,17,185,10.88,8.9,0,corps,20.04848831614873,1.7572
5006,33,320,9.70,16.0,0,corps,20.040466077717394,3.5442
5007,11,132,12.00,6.2,0,corps,20.032447849402665,1.2485
5008,18,205,11.39,9.3,0,corps,20.024433629199976,1.5608
5009,19,186,9.79,9.8,0,corps,20.016423415105773,6.6111
5010,11,107,9.73,6.2,0,corps,20.008417205117517,6.5458
5011,9,74,8.22,5.3,0,corps,20.000414997233644,1.7650
5012,18,208,11.56,9.3,0,corps,19.992416789453603,2.6481
5013,17,157,9.24,8.9,0,corps,19.98442257977784,2.8799
5014,12,135,11.25,6.7,0,corps,19.976432366207803,1.4756
5015,26,336,12.92,12.9,0,corps,19.96844614674595,4.5395
5016,17,161,9.47,8.9,0,corps,19.960463919395707,3.0792
5017,21,209,9.95,10.7,0,corps,19.952485682161527,1.9506
5018,8,70,8.75,4.9,0,corps,19.944511433048863,1.7191
5019,8,71,8.88,4.9,0,corps,19.936541170064128,8.4467
5020,12,133,11.08,6.7,0,corps,19.928574891214772,2.0440
5021,6,53,8.83,4.0,0,corps,19.920612594509223,1.5120
5022,24,214,8.92,12.0,0,corps,19.9126542779569,3.8234
5023,23,245,10.65,11.6,0,corps,19.90469993956824,2.0368
5024,17,113,6.65,8.9,0,corps,19.89674957735464,3.0629
5025,27,251,9.30,13.3,0,corps,19.888803189328513,5.3079
5026,12,106,8.83,6.7,0,corps,19.88086077350328,3.0275
5027,7,71,10.14,4.4,0,corps,19.87292232789331,1.2789
5028,9,72,8.00,5.3,0,corps,19.864987850514016,1.6371
5029,26,276,10.62,12.9,0,corps,19.857057339381758,4.5089
5030,22,226,10.27,11.1,0,corps,19.849130792513918,6.1956
5031,20,197,9.85,10.2,0,corps,19.841208207928865,3.8298
5032,26,239,9.19,12.9,0,corps,19.833289583645943,4.9545
5033,9,77,8.56,5.3,0,corps,19.825374917685494,2.1336
5034,29,314,10.83,14.2,0,corps,19.817464208068866,2.9945
5035,22,198,9.00,11.1,0,corps,19.809557452818368,4.5326
5036,18,220,12.22,9.3,0,corps,19.801654649957317,3.0085
5037,22,179,8.14,11.1,0,corps,19.793755797510006,2.9021
5038,22,163,7.41,11.1,0,corps,19.78586089350173,3.6078
5039,20,173,8.65,10.2,0,corps,19.777969935958765,3.4945
5040,20,207,10.35,10.2,0,corps,19.770082922908358,2.2543
5041,17,155,9.12,8.9,0,corps,19.762199852378764,3.2714
5042,14,112,8.00,7.6,0,corps,19.75432072239922,7.2673
5043,5,51,10.20,3.6,0,corps,19.74644553099994,1.3084
5044,24,269,11.21,12.0,0,corps,19.73857427621212,4.4199
5045,28,293,10.46,13.8,0,corps,19.73070695606795,2.5909
5046,21,197,9.38,10.7,0,corps,19.722843568600602,4.7991
5047,26,254,9.77,12.9,0,corps,19.714984111844235,4.2093
5048,17,176,10.35,8.9,0,corps,19.70712858383397,2.2946
5049,33,341,10.33,16.0,0,corps,19.69927698260593,5.8487
5050,21,202,9.62,10.7,0,corps,19.69142930619723,2.1063
5051,15,180,12.00,8.0,0,corps,19.683585552645926,4.4587
5052,12,121,10.08,6.7,0,corps,19.6757457199911,4.3643
5053,24,241,10.04,12.0,0,corps,19.667909806272778,2.6630
5054,2,13,6.50,2.2,0,corps,19.66007780953199,3.4007
5055,17,231,13.59,8.9,0,corps,19.652249727810748,4.5400
5056,11,117,10.64,6.2,0,corps,19.64442555915201,2.9142
5057,29,263,9.07,14.2,0,corps,19.636605301599737,5.5518
5058,9,76,8.44,5.3,0,corps,19.628788953198885,2.0676
5059,22,220,10.00,11.1,0,corps,19.62097651199534,2.2336
5060,34,342,10.06,16.4,0,corps,19.613167976036017,5.1879
5061,33,355,10.76,16.0,0,corps,19.605363343368758,4.5085
5062,25,271,10.84,12.4,0,corps,19.597562612042417,4.0874
5063,14,137,9.79,7.6,0,corps,19.58976578010682,2.6491
5064,16,191,11.94,8.4,0,corps,19.581972845612743,3.7899
5065,26,222,8.54,12.9,0,corps,19.574183806611952,2.6066
5066,20,216,10.80,10.2,0,corps,19.566398661157205,3.0546
5067,16,237,14.81,8.4,0,corps,19.558617407302197,4.1356
5068,15,281,18.73,8.0,0,corps,19.55084004310163,3.4357
5069,25,204,8.16,12.4,0,corps,19.54306656661115,3.5693
5070,22,260,11.82,11.1,0,corps,19.535296975887384,3.2831
5071,22,228,10.36,11.1,0,corps,19.527531268987957,8.2942
5072,16,241,15.06,8.4,0,corps,19.51976944397142,2.2165
5073,21,181,8.62,10.7,0,corps,19.512011498897323,3.0848
5074,23,269,11.70,11.6,0,corps,19.50425743182619,3.5474
5075,9,102,11.33,5.3,0,corps,19.496507240819486,5.7161
5076,29,358,12.34,14.2,0,corps,19.488760923939683,4.3254
5077,20,244,12.20,10.2,0,corps,19.481018479250185,4.2567
5078,12,157,13.08,6.7,0,corps,19.473279904815385,1.4309
5079,25,283,11.32,12.4,0,corps,19.465545198700653,3.5282
5080,18,251,13.94,9.3,0,corps,19.45781435897229,4.1501
5081,16,163,10.19,8.4,0,corps,19.450087383697596,5.2098
5082,25,259,10.36,12.4,0,corps,19.44236427094484,7.4131
5083,24,232,9.67,12.0,0,corps,19.434645018783222,2.5357
5084,25,283,11.32,12.4,0,corps,19.426929625282945,3.8462
5085,9,89,9.89,5.3,0,corps,19.41921808851515,7.8937
5086,23,246,10.70,11.6,0,corps,19.41151040655196,2.0154
5087,34,369,10.85,16.4,0,corps,19.403806577466458,1.9557
5088,18,205,11.39,9.3,0,corps,19.396106599332672,1.6492
5089,20,215,10.75,10.2,0,corps,19.388410470225615,1.9634
5090,25,226,9.04,12.4,0,corps,19.380718188221262,4.2941
5091,19,181,9.53,9.8,0,corps,19.37302975139653,2.5300
5092,22,210,9.55,11.1,0,corps,19.365345157829324,4.9123
5093,31,337,10.87,15.1,0,corps,19.35766440559848,2.0676
5094,19,155,8.16,9.8,0,corps,19.349987492783818,6.5312
5095,16,166,10.38,8.4,0,corps,19.342314417466117,1.9194
5096,4,40,10.00,3.1,0,corps,19.33464517772709,1.7399
5097,10,92,9.20,5.8,0,corps,19.326979771649437,5.4921
5098,3,26,8.67,2.7,0,corps,19.31931819731682,2.9331
5099,13,127,9.77,7.1,0,corps,19.31166045281382,2.3749
5100,21,179,8.52,10.7,0,corps,19.30400653622602,3.2171
5101,30,279,9.30,14.7,0,corps,19.29635644563993,2.3217
5102,29,278,9.59,14.2,0,corps,19.288710179143028,3.4989
5103,19,174,9.16,9.8,0,corps,19.281067734823758,1.7567
5104,22,233,10.59,11.1,0,corps,19.273429110771495,4.3891
5105,11,108,9.82,6.2,0,corps,19.26579430507659,2.9083
5106,32,291,9.09,15.6,0,corps,19.258163315830345,3.2929
5107,20,175,8.75,10.2,0,corps,19.250536141125004,2.1979
5108,18,181,10.06,9.3,0,corps,19.242912779053782,7.1262
5109,18,217,12.06,9.3,0,corps,19.23529322771083,3.7234
5110,10,92,9.20,5.8,0,corps,19.227677485191265,2.7315
5111,3,35,11.67,2.7,0,corps,19.220065549591155,1.3894
5112,10,108,10.80,5.8,0,corps,19.212457419007503,6.6966
5113,21,226,10.76,10.7,0,corps,19.20485309153829,5.0674
5114,18,205,11.39,9.3,0,corps,19.197252565282433,5.3370
5115,21,178,8.48,10.7,0,corps,19.189655838339785,2.3343
5116,2,31,15.50,2.2,0,corps,19.18206290881119,1.1454
5117,4,28,7.00,3.1,0,corps,19.174473774798393,2.3910
5118,25,292,11.68,12.4,0,corps,19.166888434404118,2.7134
5119,37,361,9.76,17.8,0,corps,19.159306885732036,3.3287
5120,10,84,8.40,5.8,0,corps,19.15172912688675,1.8730
5121,20,194,9.70,10.2,0,corps,19.144155155973824,2.8372
5122,25,221,8.84,12.4,0,corps,19.136584971099772,4.9284
5123,14,139,9.93,7.6,0,corps,19.129018570372036,6.3926
5124,27,234,8.67,13.3,0,corps,19.121455951899023,2.2627
5125,29,304,10.48,14.2,0,corps,19.113897113790077,3.1301
5126,14,149,10.64,7.6,0,corps,19.106342054155483,2.2203
5127,18,221,12.28,9.3,0,corps,19.09879077110649,2.0454
5128,15,132,8.80,8.0,0,corps,19.091243262755263,6.2004
5129,32,336,10.50,15.6,0,corps,19.083699527214936,3.4210
5130,19,220,11.58,9.8,0,corps,19.076159562599564,1.7169
5131,23,220,9.57,11.6,0,corps,19.068623367024156,1.6158
5132,17,168,9.88,8.9,0,corps,19.06109093860468,5.6991
5133,19,219,11.53,9.8,0,corps,19.05356227545801,4.7455
5134,20,264,13.20,10.2,0,corps,19.046037375701985,4.8909
5135,18,183,10.17,9.3,0,corps,19.03851623745539,4.0392
5136,17,201,11.82,8.9,0,corps,19.03099885883793,3.9752
5137,19,207,10.89,9.8,0,corps,19.023485237970263,1.7096
5138,9,111,12.33,5.3,0,corps,19.01597537297398,1.7286
5139,23,217,9.43,11.6,0,corps,19.00846926197162,2.5405
5140,31,313,10.10,15.1,0,corps,19.000966903086656,3.2299
5141,18,141,7.83,9.3,0,corps,18.993468294443492,3.7130
5142,7,96,13.71,4.4,0,corps,18.98597343416748,1.6614
5143,16,196,12.25,8.4,0,corps,18.97848232038491,4.6479
5144,19,203,10.68,9.8,0,corps,18.970994951222995,2.7385
5145,14,124,8.86,7.6,0,corps,18.9635113248099,1.7677
5146,11,160,14.55,6.2,0,corps,18.956031439274707,2.4103
5147,19,216,11.37,9.8,0,corps,18.94855529274745,2.0877
5148,16,181,11.31,8.4,0,corps,18.941082883359105,8.6312
5149,8,126,15.75,4.9,0,corps,18.933614209241547,4.7750
5150,27,313,11.59,13.3,0,corps,18.926149268527624,3.7662
5151,20,172,8.60,10.2,0,corps,18.918688059351098,2.0690
5152,5,53,10.60,3.6,0,corps,18.91123057984666,2.1119
5153,22,201,9.14,11.1,0,corps,18.903776828149955,4.6383
5154,34,373,10.97,16.4,0,corps,18.896326802397525,3.6360
5155,15,214,14.27,8.0,0,corps,18.88888050072687,1.3825
5156,21,212,10.10,10.7,0,corps,18.88143792127643,2.1409
5157,16,140,8.75,8.4,0,corps,18.873999062185536,3.1094
5158,8,60,7.50,4.9,0,corps,18.866563921594487,2.9434
5159,25,228,9.12,12.4,0,corps,18.859132497644502,4.7087
5160,10,82,8.20,5.8,0,corps,18.851704788477715,8.9002
5161,24,235,9.79,12.0,0,corps,18.844280792237207,2.8124
5162,26,272,10.46,12.9,0,corps,18.836860507066966,2.7905
5163,13,102,7.85,7.1,0,corps,18.829443931111932,2.8995
5164,29,280,9.66,14.2,0,corps,18.822031062517965,2.7192
5165,17,178,10.47,8.9,0,corps,18.81462189943183,5.3076
5166,51,628,12.31,24.0,0,corps,18.807216440001252,5.6829
5167,13,95,7.31,7.1,0,corps,18.799814682374862,2.6053
5168,16,145,9.06,8.4,0,corps,18.79241662470222,2.3719
5169,16,135,8.44,8.4,0,corps,18.785022265133815,6.3792
5170,40,473,11.82,19.1,0,corps,18.777631601821042,3.4194
5171,7,91,13.00,4.4,0,corps,18.77024463291625,1.2107
5172,30,265,8.83,14.7,0,corps,18.762861356572703,4.5692
5173,12,108,9.00,6.7,0,corps,18.755481770944563,2.5228
5174,23,217,9.43,11.6,0,corps,18.74810587418694,5.6578
5175,21,171,8.14,10.7,0,corps,18.74073366445587,6.3070
5176,12,122,10.17,6.7,0,corps,18.73336513990829,5.8636
5177,18,268,14.89,9.3,0,corps,18.726000298702075,1.5830
5178,21,218,10.38,10.7,0,corps,18.718639138996004,2.2446
5179,17,165,9.71,8.9,0,corps,18.711281658949797,2.2746
5180,25,257,10.28,12.4,0,corps,18.703927856724086,4.3733
5181,30,327,10.90,14.7,0,corps,18.69657773048041,4.4016
5182,26,267,10.27,12.9,0,corps,18.689231278381243,2.8735
5183,27,272,10.07,13.3,0,corps,18.68188849858998,4.3705
5184,23,238,10.35,11.6,0,corps,18.67454938927091,1.8079
5185,29,293,10.10,14.2,0,corps,18.66721394858927,2.4771
5186,25,261,10.44,12.4,0,corps,18.65988217471119,3.2929
5187,24,267,11.12,12.0,0,corps,18.652554065803727,5.4614
5188,6,85,14.17,4.0,0,corps,18.645229620034865,1.8474
5189,5,56,11.20,3.6,0,corps,18.637908835573473,2.3630
5190,14,124,8.86,7.6,0,corps,18.63059171058937,3.0034
5191,10,100,10.00,5.8,0,corps,18.62327824325328,8.8539
5192,22,245,11.14,11.1,0,corps,18.615968431736817,2.7384
5193,12,130,10.83,6.7,0,corps,18.60866227421255,3.7253
5194,28,299,10.68,13.8,0,corps,18.60135976885391,2.8599
5195,26,266,10.23,12.9,0,corps,18.594060913835296,3.9505
5196,34,356,10.47,16.4,0,corps,18.586765707331992,3.2827
5197,3,64,21.33,2.7,0,corps,18.579474147520187,1.1508
5198,9,90,10.00,5.3,0,corps,18.57218623257699,4.2935
5199,13,125,9.62,7.1,0,corps,18.564901960680437,2.0104
5200,13,128,9.85,7.1,0,corps,18.55762133000944,1.7085
5201,26,210,8.08,12.9,0,corps,18.55034433874386,2.1734
5202,21,191,9.10,10.7,0,corps,18.543070985064432,2.1127
5203,15,128,8.53,8.0,0,corps,18.53580126715283,2.9729
5204,23,178,7.74,11.6,0,corps,18.52853518319162,3.3568
5205,11,97,8.82,6.2,0,corps,18.521272731364284,7.8561
5206,13,112,8.62,7.1,0,corps,18.5140139098552,6.6471
5207,16,141,8.81,8.4,0,corps,18.506758716849678,6.5702
5208,33,333,10.09,16.0,0,corps,18.499507150533905,4.4246
5209,16,157,9.81,8.4,0,corps,18.492259209095,4.9175
5210,12,122,10.17,6.7,0,corps,18.485014890720965,2.1083
5211,35,308,8.80,16.9,0,corps,18.477774193600734,3.4560
5212,19,176,9.26,9.8,0,corps,18.470537115924127,2.3260
5213,16,164,10.25,8.4,0,corps,18.463303655881873,3.6412
5214,18,163,9.06,9.3,0,corps,18.4560738116656,3.3145
5215,5,60,12.00,3.6,0,corps,18.44884758146787,1.7662
5216,12,128,10.67,6.7,0,corps,18.441624963482102,2.0912
5217,16,168,10.50,8.4,0,corps,18.43440595590266,5.5206
5218,25,264,10.56,12.4,0,corps,18.427190556924767,2.9450
5219,14,172,12.29,7.6,0,corps,18.41997876474459,2.8037
5220,17,170,10.00,8.9,0,corps,18.412770577559193,1.9267
5221,21,197,9.38,10.7,0,corps,18.4055659935665,4.9562
5222,13,126,9.69,7.1,0,corps,18.398365010965385,5.3494
5223,28,245,8.75,13.8,0,corps,18.391167627955607,2.1777
5224,14,128,9.14,7.6,0,corps,18.383973842737802,1.8891
5225,27,239,8.85,13.3,0,corps,18.37678365351354,2.7456
5226,2,21,10.50,2.2,0,corps,18.369597058485258,1.4221
5227,12,132,11.00,6.7,0,corps,18.362414055856316,5.5948
5228,8,76,9.50,4.9,0,corps,18.35523464383097,1.8520
5229,36,321,8.92,17.3,0,corps,18.34805882061435,1.8879
5230,37,361,9.76,17.8,0,corps,18.340886584412512,3.9025
5231,35,322,9.20,16.9,0,corps,18.333717933432403,2.4328
5232,23,201,8.74,11.6,0,corps,18.326552865881844,4.5247
5233,18,148,8.22,9.3,0,corps,18.31939137996958,1.7835
5234,40,389,9.72,19.1,0,corps,18.312233473905234,2.3096
5235,16,153,9.56,8.4,0,corps,18.30507914589933,7.3326
5236,26,245,9.42,12.9,0,corps,18.297928394163293,2.2914
5237,14,143,10.21,7.6,0,corps,18.290781216909423,6.6178
5238,21,196,9.33,10.7,0,corps,18.28363761235093,5.1959
5239,34,311,9.15,16.4,0,corps,18.27649757870192,5.9683
5240,25,201,8.04,12.4,0,corps,18.269361114177375,2.1428
5241,25,237,9.48,12.4,0,corps,18.26222821699319,2.7805
5242,10,100,10.00,5.8,0,corps,18.255098885366124,1.7655
5243,24,218,9.08,12.0,0,corps,18.247973117513855,4.8569
5244,14,128,9.14,7.6,0,corps,18.240850911654945,2.7740
5245,18,186,10.33,9.3,0,corps,18.233732266008833,5.6390
5246,19,159,8.37,9.8,0,corps,18.226617178795863,4.0162
5247,15,136,9.07,8.0,0,corps,18.219505648237263,3.5032
5248,4,41,10.25,3.1,0,corps,18.212397672555145,1.9412
5249,23,230,10.00,11.6,0,corps,18.205293249972527,5.1965
5250,6,53,8.83,4.0,0,corps,18.198192378713284,2.9066
5251,8,76,9.50,4.9,0,corps,18.191095057002215,1.7859
5252,17,151,8.88,8.9,0,corps,18.18400128306499,3.5698
5253,9,103,11.44,5.3,0,corps,18.17691105512815,1.4657
5254,11,112,10.18,6.2,0,corps,18.169824371419157,1.5386
5255,15,129,8.60,8.0,0,corps,18.162741230166326,5.2667
5256,17,149,8.76,8.9,0,corps,18.155661629598875,1.6721
5257,16,143,8.94,8.4,0,corps,18.14858556794691,3.8928
5258,7,79,11.29,4.4,0,corps,18.141513043441403,1.2409
5259,13,110,8.46,7.1,0,corps,18.134444054314233,1.5959
5260,10,135,13.50,5.8,0,corps,18.127378598798156,2.0757
5261,25,238,9.52,12.4,0,corps,18.120316675126798,2.6587
5262,37,394,10.65,17.8,0,corps,18.113258281534687,5.6106
5263,22,195,8.86,11.1,0,corps,18.10620341625721,2.2196
5264,9,94,10.44,5.3,0,corps,18.099152077530665,1.6949
5265,21,183,8.71,10.7,0,corps,18.09210426359222,3.2205
5266,10,90,9.00,5.8,0,corps,18.0850599726799,1.9267
5267,13,108,8.31,7.1,0,corps,18.078019203032657,2.0498
5268,18,162,9.00,9.3,0,corps,18.07098195289029,6.4023
5269,19,263,13.84,9.8,0,corps,18.063948220493476,2.1666
5270,12,127,10.58,6.7,0,corps,18.056918004083798,1.3220
5271,22,231,10.50,11.1,0,corps,18.049891301903685,2.9090
5272,23,234,10.17,11.6,0,corps,18.042868112196476,3.7226
5273,3,50,16.67,2.7,0,corps,18.035848433206375,1.2169
5274,12,126,10.50,6.7,0,corps,18.028832263178447,2.4558
5275,8,58,7.25,4.9,0,corps,18.021819600358654,11.5886
5276,11,127,11.55,6.2,0,corps,18.014810442993845,2.3849
5277,27,279,10.33,13.3,0,corps,18.007804789331715,2.9626
5278,12,126,10.50,6.7,0,corps,18.000802637620858,2.2629
5279,37,429,11.59,17.8,0,corps,17.993803986110727,3.0454
5280,27,298,11.04,13.3,0,corps,17.98680883305167,1.9404
5281,13,119,9.15,7.1,0,corps,17.979817176694894,1.6638
5282,30,273,9.10,14.7,0,corps,17.97282901529248,5.2204
5283,31,349,11.26,15.1,0,corps,17.965844347097395,3.2337
5284,22,253,11.50,11.1,0,corps,17.958863170363475,2.6718
5285,23,187,8.13,11.6,0,corps,17.95188548334541,2.0919
5286,24,224,9.33,12.0,0,corps,17.944911284298804,2.0956
5287,23,212,9.22,11.6,0,corps,17.93794057148008,5.1260
5288,7,52,7.43,4.4,0,corps,17.93097334314657,11.9145
5289,21,219,10.43,10.7,0,corps,17.924009597556477,1.5265
5290,27,238,8.81,13.3,0,corps,17.917049332968848,2.6338
5291,23,286,12.43,11.6,0,corps,17.910092547643625,4.0453
5292,24,238,9.92,12.0,0,corps,17.903139239841618,3.4473
5293,30,278,9.27,14.7,0,corps,17.896189407824487,2.3489
5294,13,145,11.15,7.1,0,corps,17.889243049854787,4.7487
5295,9,77,8.56,5.3,0,corps,17.882300164195915,9.0741
5296,49,559,11.41,23.1,0,corps,17.875360749112158,3.6711
5297,17,189,11.12,8.9,0,corps,17.868424802868667,2.1853
5298,12,119,9.92,6.7,0,corps,17.86149232373144,1.5062
5299,27,265,9.81,13.3,0,corps,17.854563309967368,4.6036
5300,30,285,9.50,14.7,0,corps,17.8476377598442,3.7625
5301,25,210,8.40,12.4,0,corps,17.840715671630537,3.9218
5302,39,362,9.28,18.7,0,corps,17.833797043595876,3.0612
5303,16,157,9.81,8.4,0,corps,17.826881874010535,5.3299
5304,13,101,7.77,7.1,0,corps,17.81997016114574,7.7013
5305,12,94,7.83,6.7,0,corps,17.81306190327356,3.2372
5306,33,321,9.73,16.0,0,corps,17.806157098666926,3.9302
5307,25,261,10.44,12.4,0,corps,17.799255745599634,2.4655
5308,17,153,9.00,8.9,0,corps,17.792357842346355,2.3608
5309,19,182,9.58,9.8,0,corps,17.785463387182606,2.6159
5310,26,223,8.58,12.9,0,corps,17.77857237838478,5.3257
5311,12,95,7.92,6.7,0,corps,17.771684814230117,3.2717
5312,15,149,9.93,8.0,0,corps,17.764800692996726,4.2903
5313,33,288,8.73,16.0,0,corps,17.757920012963584,2.5992
5314,14,133,9.50,7.6,0,corps,17.751042772410518,2.4673
5315,23,215,9.35,11.6,0,corps,17.74416896961821,5.5339
5316,23,247,10.74,11.6,0,corps,17.737298602868226,3.0390
5317,21,197,9.38,10.7,0,corps,17.730431670442957,1.9940
5318,20,162,8.10,10.2,0,corps,17.723568170625683,7.2407
5319,13,109,8.38,7.1,0,corps,17.71670810170052,2.1164
5320,28,254,9.07,13.8,0,corps,17.70985146195245,4.1105
5321,10,86,8.60,5.8,0,corps,17.702998249667324,1.9446
5322,28,251,8.96,13.8,0,corps,17.696148463131824,1.6194
5323,26,234,9.00,12.9,0,corps,17.689302100633515,3.4900
5324,18,152,8.44,9.3,0,corps,17.682459160460805,3.3826
5325,8,80,10.00,4.9,0,corps,17.675619640902955,2.9349
5326,8,91,11.38,4.9,0,corps,17.668783540250086,1.8848
5327,14,133,9.50,7.6,0,corps,17.661950856793172,1.9217
5328,17,146,8.59,8.9,0,corps,17.65512158882404,5.2706
5329,21,223,10.62,10.7,0,corps,17.648295734635386,3.5046
5330,18,183,10.17,9.3,0,corps,17.641473292520725,1.9664
5331,10,97,9.70,5.8,0,corps,17.634654260774465,1.0027
5332,10,88,8.80,5.8,0,corps,17.627838637691845,5.7665
5333,33,371,11.24,16.0,0,corps,17.62102642156895,4.5928
5334,25,257,10.28,12.4,0,corps,17.614217610702735,2.4252
5335,24,265,11.04,12.0,0,corps,17.607412203390986,4.7220
5336,19,183,9.63,9.8,0,corps,17.60061019793236,5.0334
5337,6,62,10.33,4.0,0,corps,17.593811592626366,1.4807
5338,26,260,10.00,12.9,0,corps,17.587016385773328,3.6248
5339,9,151,16.78,5.3,0,corps,17.580224575674464,0.9805
5340,23,260,11.30,11.6,0,corps,17.573436160631815,3.2173
5341,27,291,10.78,13.3,0,corps,17.566651138948274,5.9501
5342,16,198,12.38,8.4,0,corps,17.55986950892759,1.4163
5343,21,220,10.48,10.7,0,corps,17.55309126887435,4.6654
5344,13,185,14.23,7.1,0,corps,17.546316417093998,1.5084
5345,11,113,10.27,6.2,0,corps,17.53954495189283,1.8417
5346,25,249,9.96,12.4,0,corps,17.532776871577962,5.0802
5347,15,198,13.20,8.0,0,corps,17.526012174457378,4.0350
5348,22,264,12.00,11.1,0,corps,17.51925085883992,2.1234
5349,31,270,8.71,15.1,0,corps,17.51249292303524,3.4088
5350,12,97,8.08,6.7,0,corps,17.505738365353867,6.2341
5351,6,58,9.67,4.0,0,corps,17.498987184107147,1.5392
5352,23,246,10.70,11.6,0,corps,17.492239377607298,4.3289
5353,20,192,9.60,10.2,0,corps,17.485494944167364,4.5966
5354,2,20,10.00,2.2,0,corps,17.478753882101238,2.2340
5355,19,196,10.32,9.8,0,corps,17.472016189723647,2.9734
5356,21,197,9.38,10.7,0,corps,17.46528186535018,1.7737
5357,17,155,9.12,8.9,0,corps,17.458550907297244,3.7016
5358,21,223,10.62,10.7,0,corps,17.45182331388211,2.2376
5359,11,88,8.00,6.2,0,corps,17.44509908342287,7.6040
5360,26,213,8.19,12.9,0,corps,17.43837821423847,5.8215
5361,30,283,9.43,14.7,0,corps,17.431660704648703,3.2225
5362,29,317,10.93,14.2,0,corps,17.42494655297417,1.6025
5363,20,197,9.85,10.2,0,corps,17.418235757536348,2.4292
5364,22,198,9.00,11.1,0,corps,17.41152831665754,2.2949
5365,9,80,8.89,5.3,0,corps,17.40482422866088,6.6957
5366,26,296,11.38,12.9,0,corps,17.39812349187035,3.1525
5367,16,166,10.38,8.4,0,corps,17.39142610461076,2.8926
5368,24,205,8.54,12.0,0,corps,17.384732065207757,4.3267
5369,11,142,12.91,6.2,0,corps,17.378041371987855,1.2107
5370,29,350,12.07,14.2,0,corps,17.371354023278354,6.0436
5371,37,409,11.05,17.8,0,corps,17.36467001740743,3.0753
5372,33,307,9.30,16.0,0,corps,17.357989352704088,2.6077
5373,30,302,10.07,14.7,0,corps,17.351312027498142,2.1412
5374,16,154,9.62,8.4,0,corps,17.344638040120284,1.3795
5375,23,222,9.65,11.6,0,corps,17.337967388901998,2.0167
5376,42,356,8.48,20.0,0,corps,17.33130007217563,2.8208
5377,12,139,11.58,6.7,0,corps,17.324636088274353,1.4535
5378,13,133,10.23,7.1,0,corps,17.317975435532166,3.6550
5379,19,179,9.42,9.8,0,corps,17.311318112283907,1.9988
5380,11,110,10.00,6.2,0,corps,17.304664116865244,1.2900
5381,13,110,8.46,7.1,0,corps,17.29801344761268,7.5209
5382,16,154,9.62,8.4,0,corps,17.29136610286355,3.3202
5383,21,243,11.57,10.7,0,corps,17.28472208095601,3.2275
5384,19,181,9.53,9.8,0,corps,17.278081380229057,4.2840
5385,24,212,8.83,12.0,0,corps,17.271443999022527,3.9730
5386,16,162,10.12,8.4,0,corps,17.264809935677057,2.1873
5387,18,165,9.17,9.3,0,corps,17.258179188534147,3.8273
5388,15,127,8.47,8.0,0,corps,17.251551755936102,2.6006
5389,24,203,8.46,12.0,0,corps,17.244927636226063,2.1683
5390,22,208,9.45,11.1,0,corps,17.238306827748005,2.1504
5391,17,152,8.94,8.9,0,corps,17.23168932884672,1.7029
5392,18,192,10.67,9.3,0,corps,17.225075137867833,1.8379
5393,25,246,9.84,12.4,0,corps,17.21846425315781,1.6294
5394,19,138,7.26,9.8,0,corps,17.21185667306391,2.1900
5395,22,239,10.86,11.1,0,corps,17.205252395934252,3.2778
5396,15,143,9.53,8.0,0,corps,17.198651420117756,5.2658
5397,33,346,10.48,16.0,0,corps,17.192053743964188,3.8760
5398,26,247,9.50,12.9,0,corps,17.185459365824123,1.7511
5399,20,191,9.55,10.2,0,corps,17.178868284048967,3.0365
5400,38,322,8.47,18.2,0,corps,17.17228049699095,2.0396
5401,14,143,10.21,7.6,0,corps,17.165696003003134,5.5246
5402,26,271,10.42,12.9,0,corps,17.15911480043938,2.1362
5403,40,395,9.88,19.1,0,corps,17.1525368876544,2.5789
5404,19,183,9.63,9.8,0,corps,17.145962263003707,1.4879
5405,2,18,9.00,2.2,0,corps,17.139390924843642,1.6345
5406,26,247,9.50,12.9,0,corps,17.132822871531385,2.3292
5407,22,292,13.27,11.1,0,corps,17.12625810142491,2.9387
5408,23,207,9.00,11.6,0,corps,17.119696612883033,5.7987
5409,15,175,11.67,8.0,0,corps,17.113138404265378,2.0977
5410,18,180,10.00,9.3,0,corps,17.106583473932385,1.9394
5411,19,200,10.53,9.8,0,corps,17.100031820245338,1.7659
5412,22,206,9.36,11.1,0,corps,17.093483441566306,1.6050
5413,4,35,8.75,3.1,0,corps,17.086938336258203,1.7086
5414,20,206,10.30,10.2,0,corps,17.080396502684764,3.4062
5415,11,93,8.45,6.2,0,corps,17.073857939210505,4.6577
5416,11,113,10.27,6.2,0,corps,17.067322644200804,7.1121
5417,40,404,10.10,19.1,0,corps,17.060790616021833,2.4831
5418,16,148,9.25,8.4,0,corps,17.054261853040583,2.3471
5419,15,158,10.53,8.0,0,corps,17.047736353624867,2.7771
5420,29,281,9.69,14.2,0,corps,17.041214116143305,3.8494
5421,19,156,8.21,9.8,0,corps,17.034695138965336,2.1306
5422,29,257,8.86,14.2,0,corps,17.028179420461225,4.8083
5423,12,128,10.67,6.7,0,corps,17.021666959002037,1.7441
5424,23,197,8.57,11.6,0,corps,17.01515775295965,3.0586
5425,27,266,9.85,13.3,0,corps,17.00865180070678,4.1831
5426,12,113,9.42,6.7,0,corps,17.00214910061692,5.9240
5427,20,318,15.90,10.2,0,corps,16.995649651064408,3.0607
5428,22,191,8.68,11.1,0,corps,16.98915345042437,6.2252
5429,23,228,9.91,11.6,0,corps,16.982660497072764,2.1149
5430,23,236,10.26,11.6,0,corps,16.976170789386355,6.9389
5431,18,180,10.00,9.3,0,corps,16.969684325742705,3.5547
5432,14,138,9.86,7.6,0,corps,16.963201104520206,2.4382
5433,18,163,9.06,9.3,0,corps,16.956721124098053,1.9705
5434,8,82,10.25,4.9,0,corps,16.950244382856244,1.6704
5435,25,252,10.08,12.4,0,corps,16.943770879175606,4.2181
5436,31,273,8.81,15.1,0,corps,16.937300611437745,4.7954
5437,34,338,9.94,16.4,0,corps,16.93083357802511,3.9473
5438,23,230,10.00,11.6,0,corps,16.924369777320937,4.9659
5439,19,218,11.47,9.8,0,corps,16.917909207709272,5.0812
5440,17,187,11.00,8.9,0,corps,16.91145186757498,1.7646
5441,9,90,10.00,5.3,0,corps,16.904997755303725,1.6407
5442,8,72,9.00,4.9,0,corps,16.89854686928197,1.5858
5443,6,53,8.83,4.0,0,corps,16.892099207897,1.7945
5444,17,133,7.82,8.9,0,corps,16.885654769536902,2.2030
5445,15,131,8.73,8.0,0,corps,16.879213552590556,2.9546
5446,29,295,10.17,14.2,0,corps,16.872775555447678,3.9741
5447,27,240,8.89,13.3,0,corps,16.86634077649875,2.1349
5448,14,125,8.93,7.6,0,corps,16.859909214135076,3.1557
5449,24,247,10.29,12.0,0,corps,16.853480866748786,3.3669
5450,9,66,7.33,5.3,0,corps,16.84705573273277,10.2767
5451,14,146,10.43,7.6,0,corps,16.84063381048076,1.9443
5452,11,111,10.09,6.2,0,corps,16.83421509838726,6.4693
5453,12,100,8.33,6.7,0,corps,16.827799594847605,5.4996
5454,29,278,9.59,14.2,0,corps,16.82138729825792,4.3267
5455,16,148,9.25,8.4,0,corps,16.81497820701513,5.0362
5456,38,290,7.63,18.2,0,corps,16.808572319516948,3.2692
5457,8,77,9.62,4.9,0,corps,16.802169634161924,1.2590
5458,12,172,14.33,6.7,0,corps,16.795770149349366,3.1153
5459,16,181,11.31,8.4,0,corps,16.78937386347942,4.2406
5460,19,230,12.11,9.8,0,corps,16.782980774952996,2.4499
5461,6,61,10.17,4.0,0,corps,16.776590882171835,1.6442
5462,10,77,7.70,5.8,0,corps,16.770204183538468,1.9440
5463,21,204,9.71,10.7,0,corps,16.763820677456202,2.7772
5464,23,259,11.26,11.6,0,corps,16.757440362329177,5.0747
5465,34,311,9.15,16.4,0,corps,16.75106323656232,5.4740
5466,14,120,8.57,7.6,0,corps,16.744689298561326,2.1535
5467,14,93,6.64,7.6,0,corps,16.73831854673273,5.6699
5468,5,47,9.40,3.6,0,corps,16.73195097948383,1.8050
5469,33,309,9.36,16.0,0,corps,16.725586595222744,6.0827
5470,8,99,12.38,4.9,0,corps,16.719225392358375,1.9998
5471,11,112,10.18,6.2,0,corps,16.71286736930042,1.7972
5472,13,125,9.62,7.1,0,corps,16.70651252445937,6.2812
5473,20,236,11.80,10.2,0,corps,16.700160856246523,2.6089
5474,15,164,10.93,8.0,0,corps,16.693812363073953,3.5860
5475,30,300,10.00,14.7,0,corps,16.68746704335454,6.7071
5476,24,228,9.50,12.0,0,corps,16.681124895501952,4.6041
5477,36,416,11.56,17.3,0,corps,16.674785917930652,4.3164
5478,18,176,9.78,9.3,0,corps,16.66845010905591,4.2004
5479,17,186,10.94,8.9,0,corps,16.66211746729375,2.7624
5480,21,202,9.62,10.7,0,corps,16.655787991061022,5.2809
5481,25,202,8.08,12.4,0,corps,16.649461678775364,3.3742
5482,3,55,18.33,2.7,0,corps,16.643138528855186,1.2126
5483,29,322,11.10,14.2,0,corps,16.636818539719712,4.0858
5484,9,115,12.78,5.3,0,corps,16.630501709788938,1.4538
5485,33,400,12.12,16.0,0,corps,16.62418803748365,3.3274
5486,30,322,10.73,14.7,0,corps,16.617877521225445,2.9853
5487,11,99,9.00,6.2,0,corps,16.61157015943668,7.6061
5488,6,41,6.83,4.0,0,corps,16.60526595054052,3.2673
5489,27,272,10.07,13.3,0,corps,16.59896489296092,4.0885
5490,13,139,10.69,7.1,0,corps,16.5926669851226,3.8099
5491,29,271,9.34,14.2,0,corps,16.586372225451107,2.5550
5492,14,122,8.71,7.6,0,corps,16.580080612372722,2.3158
5493,27,289,10.70,13.3,0,corps,16.57379214431456,2.5781
5494,18,175,9.72,9.3,0,corps,16.5675068197045,5.8687
5495,28,287,10.25,13.8,0,corps,16.56122463697121,2.8699
5496,16,159,9.94,8.4,0,corps,16.55494559454414,2.4657
5497,13,128,9.85,7.1,0,corps,16.548669690853544,6.6578
5498,42,498,11.86,20.0,0,corps,16.54239692433043,4.3005
5499,9,97,10.78,5.3,0,corps,16.536127293406615,1.7095
5500,31,325,10.48,15.1,0,corps,16.529860796514683,3.7864
5501,25,249,9.96,12.4,0,corps,16.523597432088017,2.4734
5502,18,156,8.67,9.3,0,corps,16.51733719856078,4.0092
5503,27,271,10.04,13.3,0,corps,16.5110800943679,2.1583
5504,6,48,8.00,4.0,0,corps,16.504826117945118,1.4389
5505,14,130,9.29,7.6,0,corps,16.498575267728928,2.5238
5506,12,134,11.17,6.7,0,corps,16.492327542156612,6.3018
5507,28,320,11.43,13.8,0,corps,16.486082939666254,4.0961
5508,20,198,9.90,10.2,0,corps,16.479841458696693,5.4704
5509,16,167,10.44,8.4,0,corps,16.473603097687562,4.1675
5510,20,162,8.10,10.2,0,corps,16.467367855079274,2.0667
5511,17,126,7.41,8.9,0,corps,16.46113572931301,1.9539
5512,5,49,9.80,3.6,0,corps,16.45490671883075,2.1481
5513,14,142,10.14,7.6,0,corps,16.448680822075225,3.7890
5514,18,136,7.56,9.3,0,corps,16.442458037489974,5.4743
5515,23,231,10.04,11.6,0,corps,16.4362383635193,2.6188
5516,17,171,10.06,8.9,0,corps,16.43002179860828,1.3698
5517,22,248,11.27,11.1,0,corps,16.42380834120277,3.5136
5518,25,249,9.96,12.4,0,corps,16.417597989749417,3.2456
5519,18,172,9.56,9.3,0,corps,16.411390742695627,1.7772
5520,14,179,12.79,7.6,0,corps,16.405186598489582,3.8272
5521,14,145,10.36,7.6,0,corps,16.398985555580254,1.6634
5522,6,35,5.83,4.0,0,corps,16.392787612417376,2.6718
5523,14,114,8.14,7.6,0,corps,16.38659276745147,3.9380
5524,20,199,9.95,10.2,0,corps,16.380401019133817,4.4837
5525,26,282,10.85,12.9,0,corps,16.37421236591648,4.8564
5526,12,148,12.33,6.7,0,corps,16.36802680625231,1.6974
5527,11,102,9.27,6.2,0,corps,16.361844338594896,6.3249
5528,31,312,10.06,15.1,0,corps,16.355664961398638,3.6276
5529,21,189,9.00,10.7,0,corps,16.34948867311868,1.7584
5530,38,419,11.03,18.2,0,corps,16.343315472210953,3.2897
5531,7,65,9.29,4.4,0,corps,16.337145357132165,2.0848
5532,30,275,9.17,14.7,0,corps,16.330978326339775,5.3046
5533,12,117,9.75,6.7,0,corps,16.324814378292032,2.0715
5534,15,139,9.27,8.0,0,corps,16.318653511447952,5.9534
5535,25,211,8.44,12.4,0,corps,16.312495724267308,3.3649
5536,6,67,11.17,4.0,0,corps,16.306341015210666,1.6632
5537,29,276,9.52,14.2,0,corps,16.300189382739333,2.5734
5538,25,250,10.00,12.4,0,corps,16.294040825315413,5.0563
5539,11,121,11.00,6.2,0,corps,16.287895341401768,2.1384
5540,19,186,9.79,9.8,0,corps,16.28175292946202,2.9195
5541,16,161,10.06,8.4,0,corps,16.275613587960564,2.9398
5542,17,197,11.59,8.9,0,corps,16.269477315362575,2.3128
5543,14,145,10.36,7.6,0,corps,16.263344110133975,2.9882
5544,19,193,10.16,9.8,0,corps,16.25721397074147,1.5165
5545,11,112,10.18,6.2,0,corps,16.251086895652517,4.6892
5546,14,133,9.50,7.6,0,corps,16.24496288333535,1.7869
5547,14,129,9.21,7.6,0,corps,16.238841932258975,3.5702
5548,29,314,10.83,14.2,0,corps,16.23272404089314,3.8295
5549,24,245,10.21,12.0,0,corps,16.226609207708382,3.2248
5550,8,62,7.75,4.9,0,corps,16.220497431175993,5.9243
5551,16,193,12.06,8.4,0,corps,16.21438870976802,5.8413
5552,19,177,9.32,9.8,0,corps,16.20828304195729,4.6445
5553,20,238,11.90,10.2,0,corps,16.202180426217385,1.3227
5554,46,428,9.30,21.8,0,corps,16.196080861022647,5.7488
5555,15,124,8.27,8.0,0,corps,16.18998434484819,3.0111
5556,31,338,10.90,15.1,0,corps,16.183890876169883,4.2340
5557,24,229,9.54,12.0,0,corps,16.177800453464357,4.5613
5558,23,251,10.91,11.6,0,corps,16.171713075209013,2.7252
5559,9,81,9.00,5.3,0,corps,16.165628739881996,8.7502
5560,16,179,11.19,8.4,0,corps,16.15954744596223,3.1065
5561,23,204,8.87,11.6,0,corps,16.153469191929386,1.9531
5562,21,199,9.48,10.7,0,corps,16.147393976263906,3.2808
5563,36,363,10.08,17.3,0,corps,16.141321797446984,4.4189
5564,20,285,14.25,10.2,0,corps,16.13525265396057,4.5738
5565,23,259,11.26,11.6,0,corps,16.129186544287382,1.7529
5566,2,34,17.00,2.2,0,corps,16.1231234669109,1.4870
5567,19,205,10.79,9.8,0,corps,16.117063420315343,3.6954
5568,36,344,9.56,17.3,0,corps,16.11100640298571,5.0204
5569,10,88,8.80,5.8,0,corps,16.104952413407734,2.7012
5570,27,262,9.70,13.3,0,corps,16.098901450067924,2.7716
5571,46,471,10.24,21.8,0,corps,16.092853511453544,3.5089
5572,15,129,8.60,8.0,0,corps,16.086808596052602,5.6716
5573,34,294,8.65,16.4,0,corps,16.08076670235387,4.5602
5574,38,430,11.32,18.2,0,corps,16.074727828846886,4.2670
5575,28,303,10.82,13.8,0,corps,16.068691974021913,3.5488
5576,11,101,9.18,6.2,0,corps,16.06265913637,8.2336
5577,24,257,10.71,12.0,0,corps,16.056629314382935,2.5326
5578,28,329,11.75,13.8,0,corps,16.050602506553254,2.8613
5579,28,321,11.46,13.8,0,corps,16.04457871137427,2.1232
5580,26,270,10.38,12.9,0,corps,16.038557927340026,4.6688
5581,20,198,9.90,10.2,0,corps,16.03254015294532,3.0869
5582,2,30,15.00,2.2,0,corps,16.026525386685726,1.1032
5583,9,75,8.33,5.3,0,corps,16.020513627057532,7.0891
5584,42,451,10.74,20.0,0,corps,16.014504872557815,2.5655
5585,19,188,9.89,9.8,0,corps,16.008499121684373,3.4742
5586,15,143,9.53,8.0,0,corps,16.00249637293577,6.6183
5587,15,173,11.53,8.0,0,corps,15.996496624811332,3.3467
5588,37,415,11.22,17.8,0,corps,15.990499875811107,5.4029
5589,20,227,11.35,10.2,0,corps,15.984506124435912,2.1897
5590,17,144,8.47,8.9,0,corps,15.978515369187319,1.9842
5591,8,76,9.50,4.9,0,corps,15.972527608567624,8.0506
5592,20,174,8.70,10.2,0,corps,15.966542841079898,4.7567
5593,9,89,9.89,5.3,0,corps,15.960561065227937,1.6193
5594,19,162,8.53,9.8,0,corps,15.954582279516307,1.7595
5595,39,390,10.00,18.7,0,corps,15.948606482450314,4.2169
5596,12,108,9.00,6.7,0,corps,15.942633672536,5.9021
5597,18,161,8.94,9.3,0,corps,15.936663848280167,4.4926
5598,10,94,9.40,5.8,0,corps,15.93069700819036,5.6381
5599,23,258,11.22,11.6,0,corps,15.924733150774864,2.7039
5600,14,171,12.21,7.6,0,corps,15.918772274542722,3.6462
5601,32,364,11.38,15.6,0,corps,15.912814378003706,3.6535
5602,25,257,10.28,12.4,0,corps,15.906859459668349,2.4859
5603,13,131,10.08,7.1,0,corps,15.900907518047921,2.7912
5604,37,385,10.41,17.8,0,corps,15.894958551654431,7.1896
5605,10,126,12.60,5.8,0,corps,15.88901255900064,2.4104
5606,17,225,13.24,8.9,0,corps,15.883069538600056,1.2955
5607,27,314,11.63,13.3,0,corps,15.877129488966911,3.2492
5608,21,261,12.43,10.7,0,corps,15.871192408616208,4.0305
5609,19,238,12.53,9.8,0,corps,15.865258296063663,3.0326
5610,18,188,10.44,9.3,0,corps,15.859327149825756,8.5960
5611,14,180,12.86,7.6,0,corps,15.853398968419702,2.0846
5612,18,176,9.78,9.3,0,corps,15.847473750363447,2.0287
5613,21,261,12.43,10.7,0,corps,15.84155149417569,4.0559
5614,35,347,9.91,16.9,0,corps,15.835632198375874,3.6730
5615,14,138,9.86,7.6,0,corps,15.829715861484164,4.9241
5616,28,330,11.79,13.8,0,corps,15.823802482021488,2.5967
5617,17,152,8.94,8.9,0,corps,15.817892058509486,4.6093
5618,31,381,12.29,15.1,0,corps,15.81198458947056,3.0246
5619,25,287,11.48,12.4,0,corps,15.80608007342785,4.4576
5620,6,44,7.33,4.0,0,corps,15.800178508905214,2.3081
5621,10,97,9.70,5.8,0,corps,15.794279894427268,1.5264
5622,22,291,13.23,11.1,0,corps,15.788384228519359,3.1815
5623,21,268,12.76,10.7,0,corps,15.782491509707567,1.6315
5624,22,217,9.86,11.1,0,corps,15.776601736518717,2.6844
5625,16,194,12.12,8.4,0,corps,15.770714907480357,2.1582
5626,27,326,12.07,13.3,0,corps,15.764831021120784,2.0988
5627,16,249,15.56,8.4,0,corps,15.758950075969036,3.3787
5628,21,245,11.67,10.7,0,corps,15.753072070554861,3.5780
5629,12,101,8.42,6.7,0,corps,15.747197003408772,1.7484
5630,31,328,10.58,15.1,0,corps,15.741324873061988,5.1783
5631,34,437,12.85,16.4,0,corps,15.735455678046485,3.5100
5632,23,261,11.35,11.6,0,corps,15.729589416894965,2.0135
5633,12,149,12.42,6.7,0,corps,15.723726088140857,2.0608
5634,16,186,11.62,8.4,0,corps,15.71786569031833,2.7547
5635,20,231,11.55,10.2,0,corps,15.712008221962295,3.2255
5636,15,178,11.87,8.0,0,corps,15.70615368160837,3.9857
5637,22,239,10.86,11.1,0,corps,15.700302067792931,2.5807
5638,14,115,8.21,7.6,0,corps,15.694453379053067,6.4748
5639,27,297,11.00,13.3,0,corps,15.688607613926605,2.0252
5640,9,87,9.67,5.3,0,corps,15.682764770952115,8.2855
5641,20,218,10.90,10.2,0,corps,15.676924848668872,2.4700
5642,25,285,11.40,12.4,0,corps,15.671087845616904,2.0959
5643,28,253,9.04,13.8,0,corps,15.665253760336961,3.3701
5644,25,239,9.56,12.4,0,corps,15.659422591370515,2.1738
5645,24,236,9.83,12.0,0,corps,15.653594337259783,8.6396
5646,17,223,13.12,8.9,0,corps,15.647768996547692,4.6533
5647,8,102,12.75,4.9,0,corps,15.641946567777909,8.2957
5648,27,263,9.74,13.3,0,corps,15.636127049494833,2.9757
5649,17,175,10.29,8.9,0,corps,15.630310440243575,1.6544
5650,22,200,9.09,11.1,0,corps,15.62449673856999,2.1188
5651,34,309,9.09,16.4,0,corps,15.618685943020653,2.4903
5652,24,249,10.38,12.0,0,corps,15.61287805214286,3.4708
5653,8,77,9.62,4.9,0,corps,15.607073064484641,1.9923
5654,27,298,11.04,13.3,0,corps,15.601270978594748,4.3849
5655,23,190,8.26,11.6,0,corps,15.595471793022659,4.0189
5656,14,153,10.93,7.6,0,corps,15.589675506318581,2.1695
5657,17,144,8.47,8.9,0,corps,15.583882117033438,2.6298
5658,15,152,10.13,8.0,0,corps,15.578091623718882,5.4650
5659,30,259,8.63,14.7,0,corps,15.572304024927297,2.6591
5660,18,191,10.61,9.3,0,corps,15.566519319211777,1.6414
5661,15,134,8.93,8.0,0,corps,15.560737505126152,2.5037
5662,16,148,9.25,8.4,0,corps,15.554958581224954,1.8963
5663,14,113,8.07,7.6,0,corps,15.549182546063465,1.8925
5664,10,97,9.70,5.8,0,corps,15.543409398197678,1.7287
5665,20,204,10.20,10.2,0,corps,15.537639136184293,2.0222
5666,26,279,10.73,12.9,0,corps,15.531871758580754,2.3137
5667,8,79,9.88,4.9,0,corps,15.52610726394522,10.7567
5668,10,93,9.30,5.8,0,corps,15.520345650836557,4.9217
5669,21,195,9.29,10.7,0,corps,15.514586917814368,4.1742
5670,26,251,9.65,12.9,0,corps,15.508831063438969,4.4869
5671,17,146,8.59,8.9,0,corps,15.50307808627139,5.7223
5672,25,267,10.68,12.4,0,corps,15.497327984873403,2.9995
5673,7,77,11.00,4.4,0,corps,15.491580757807464,1.4934
5674,16,191,11.94,8.4,0,corps,15.485836403636775,1.4917
5675,15,122,8.13,8.0,0,corps,15.480094920925252,1.7887
5676,2,12,6.00,2.2,0,corps,15.474356308237514,1.6708
5677,25,272,10.88,12.4,0,corps,15.468620564138917,3.2589
5678,19,220,11.58,9.8,0,corps,15.462887687195517,1.8542
5679,16,157,9.81,8.4,0,corps,15.457157675974099,4.2719
5680,14,132,9.43,7.6,0,corps,15.451430529042161,4.7486
5681,24,225,9.38,12.0,0,corps,15.445706244967914,4.4139
5682,21,247,11.76,10.7,0,corps,15.439984822320287,3.3979
5683,30,289,9.63,14.7,0,corps,15.43426625966893,4.1617
5684,29,296,10.21,14.2,0,corps,15.428550555584192,1.9321
5685,22,228,10.36,11.1,0,corps,15.422837708637156,3.3792
5686,13,129,9.92,7.1,0,corps,15.417127717399604,1.7998
5687,16,158,9.88,8.4,0,corps,15.411420580444037,2.9752
5688,20,145,7.25,10.2,0,corps,15.405716296343686,1.9461
5689,28,227,8.11,13.8,0,corps,15.400014863672459,2.1834
5690,27,272,10.07,13.3,0,corps,15.394316281005008,2.6573
5691,15,145,9.67,8.0,0,corps,15.388620546916693,1.1578
5692,12,109,9.08,6.7,0,corps,15.382927659983567,5.7393
5693,24,260,10.83,12.0,0,corps,15.377237618782422,4.9279
5694,22,175,7.95,11.1,0,corps,15.371550421890735,2.1521
5695,23,186,8.09,11.6,0,corps,15.36586606788671,1.9596
5696,15,129,8.60,8.0,0,corps,15.36018455534927,6.1343
5697,23,239,10.39,11.6,0,corps,15.354505882858021,1.4778
5698,19,160,8.42,9.8,0,corps,15.348830048993303,5.2772
5699,2,22,11.00,2.2,0,corps,15.343157052336162,1.7985
5700,19,185,9.74,9.8,0,corps,15.337486891468338,1.7187
5701,25,287,11.48,12.4,0,corps,15.3318195649723,6.5237
5702,21,239,11.38,10.7,0,corps,15.326155071431208,4.9811
5703,29,305,10.52,14.2,0,corps,15.320493409428943,1.7464
5704,33,315,9.55,16.0,0,corps,15.314834577550092,3.7587
5705,25,215,8.60,12.4,0,corps,15.309178574379942,3.1279
5706,19,192,10.11,9.8,0,corps,15.303525398504492,1.9579
5707,31,315,10.16,15.1,0,corps,15.297875048510456,2.1209
5708,31,277,8.94,15.1,0,corps,15.292227522985238,4.6917
5709,12,114,9.50,6.7,0,corps,15.286582820516964,4.3555
5710,19,238,12.53,9.8,0,corps,15.280940939694448,1.9386
5711,14,109,7.79,7.6,0,corps,15.275301879107229,7.5062
5712,22,217,9.86,11.1,0,corps,15.26966563734554,1.8880
5713,16,135,8.44,8.4,0,corps,15.264032213000315,5.8664
5714,21,164,7.81,10.7,0,corps,15.258401604663199,2.3653
5715,16,149,9.31,8.4,0,corps,15.25277381092655,6.7091
5716,24,231,9.62,12.0,0,corps,15.24714883038341,3.0367
5717,26,262,10.08,12.9,0,corps,15.241526661627539,4.8930
5718,24,223,9.29,12.0,0,corps,15.235907303253384,2.4113
5719,21,230,10.95,10.7,0,corps,15.230290753856119,1.8238
5720,14,133,9.50,7.6,0,corps,15.2246770120316,2.8860
5721,11,95,8.64,6.2,0,corps,15.219066076376395,6.4128
5722,15,134,8.93,8.0,0,corps,15.21345794548776,2.2511
5723,10,109,10.90,5.8,0,corps,15.207852617963677,4.5456
5724,20,192,9.60,10.2,0,corps,15.202250092402805,2.6845
5725,12,119,9.92,6.7,0,corps,15.19665036740452,4.3904
5726,15,120,8.00,8.0,0,corps,15.191053441568874,2.0232
5727,20,164,8.20,10.2,0,corps,15.185459313496652,6.3711
5728,12,156,13.00,6.7,0,corps,15.179867981789318,2.7067
5729,27,272,10.07,13.3,0,corps,15.174279445049036,4.2052
5730,22,215,9.77,11.1,0,corps,15.168693701878672,2.4254
5731,28,301,10.75,13.8,0,corps,15.163110750881795,6.1003
5732,19,150,7.89,9.8,0,corps,15.15753059066266,2.7493
5733,13,104,8.00,7.1,0,corps,15.151953219826236,2.4492
5734,9,105,11.67,5.3,0,corps,15.14637863697817,1.6443
5735,13,117,9.00,7.1,0,corps,15.14080684072482,1.8833
5736,36,369,10.25,17.3,0,corps,15.135237829673246,2.8914
5737,19,214,11.26,9.8,0,corps,15.129671602431182,2.8288
5738,19,188,9.89,9.8,0,corps,15.124108157607075,6.2429
5739,12,135,11.25,6.7,0,corps,15.11854749381007,1.2570
5740,10,109,10.90,5.8,0,corps,15.112989609649993,6.5998
5741,8,84,10.50,4.9,0,corps,15.107434503737382,7.8151
5742,24,264,11.00,12.0,0,corps,15.101882174683448,2.1565
5743,16,152,9.50,8.4,0,corps,15.096332621100117,4.6562
5744,19,219,11.53,9.8,0,corps,15.090785841600002,2.9028
5745,20,181,9.05,10.2,0,corps,15.0852418347964,4.0978
5746,21,189,9.00,10.7,0,corps,15.079700599303317,6.0303
5747,25,298,11.92,12.4,0,corps,15.074162133735443,3.9588
5748,29,322,11.10,14.2,0,corps,15.068626436708158,3.7074
5749,11,93,8.45,6.2,0,corps,15.063093506837543,3.9339
5750,26,277,10.65,12.9,0,corps,15.05756334274036,3.7073
5751,5,52,10.40,3.6,0,corps,15.05203594303407,2.0676
5752,11,90,8.18,6.2,0,corps,15.046511306336827,5.3557
5753,20,168,8.40,10.2,0,corps,15.040989431267462,1.8964
5754,21,200,9.52,10.7,0,corps,15.035470316445517,1.4498
5755,15,126,8.40,8.0,0,corps,15.029953960491206,1.9132
5756,17,151,8.88,8.9,0,corps,15.024440362025443,6.2157
5757,29,269,9.28,14.2,0,corps,15.018929519669829,2.8408
5758,15,154,10.27,8.0,0,corps,15.01342143204665,1.7546
5759,33,349,10.58,16.0,0,corps,15.007916097778887,3.2620
5760,27,224,8.30,13.3,0,corps,15.00241351549021,2.1455
5761,18,170,9.44,9.3,0,corps,14.996913683804966,5.5021
5762,17,152,8.94,8.9,0,corps,14.9914166013482,2.3010
5763,31,302,9.74,15.1,0,corps,14.985922266745641,3.6418
5764,31,242,7.81,15.1,0,corps,14.980430678623705,5.4631
5765,6,53,8.83,4.0,0,corps,14.974941835609501,2.3043
5766,22,232,10.55,11.1,0,corps,14.969455736330808,2.8159
5767,26,272,10.46,12.9,0,corps,14.963972379416107,4.2218
5768,25,246,9.84,12.4,0,corps,14.95849176349456,2.5362
5769,27,297,11.00,13.3,0,corps,14.95301388719601,3.1491
5770,13,117,9.00,7.1,0,corps,14.94753874915099,2.0280
5771,24,246,10.25,12.0,0,corps,14.942066347990712,3.7899
5772,20,155,7.75,10.2,0,corps,14.936596682347078,3.5934
5773,17,185,10.88,8.9,0,corps,14.931129750852673,1.7867
5774,31,293,9.45,15.1,0,corps,14.92566555214076,5.4264
5775,25,252,10.08,12.4,0,corps,14.920204084845293,3.4418
5776,13,120,9.23,7.1,0,corps,14.91474534760091,3.4037
5777,12,93,7.75,6.7,0,corps,14.909289339042914,6.7731
5778,16,126,7.88,8.4,0,corps,14.903836057807313,4.7936
5779,15,136,9.07,8.0,0,corps,14.89838550253078,4.2317
5780,27,279,10.33,13.3,0,corps,14.892937671850678,3.2854
5781,23,221,9.61,11.6,0,corps,14.887492564405058,2.7307
5782,16,174,10.88,8.4,0,corps,14.882050178832632,5.4817
5783,22,203,9.23,11.1,0,corps,14.876610513772803,3.0800
5784,27,286,10.59,13.3,0,corps,14.871173567865666,4.8060
5785,43,407,9.47,20.4,0,corps,14.865739339751974,4.2477
5786,25,304,12.16,12.4,0,corps,14.860307828073177,3.1589
5787,16,170,10.62,8.4,0,corps,14.854879031471388,1.9826
5788,26,247,9.50,12.9,0,corps,14.849452948589414,4.0490
5789,15,131,8.73,8.0,0,corps,14.844029578070742,1.8716
5790,15,133,8.87,8.0,0,corps,14.83860891855951,1.9591
5791,23,200,8.70,11.6,0,corps,14.833190968700569,2.4185
5792,16,132,8.25,8.4,0,corps,14.827775727139429,2.2756
5793,32,408,12.75,15.6,0,corps,14.822363192522273,4.8955
5794,17,177,10.41,8.9,0,corps,14.816953363495976,5.9139
5795,33,355,10.76,16.0,0,corps,14.811546238708074,4.2095
5796,19,219,11.53,9.8,0,corps,14.806141816806784,5.6645
5797,11,185,16.82,6.2,0,corps,14.80074009644101,3.4037
5798,10,104,10.40,5.8,0,corps,14.795341076260312,1.4299
5799,31,427,13.77,15.1,0,corps,14.789944754914941,4.3370
5800,11,115,10.45,6.2,0,corps,14.784551131055817,3.3604
5801,7,60,8.57,4.4,0,corps,14.779160203334529,1.9268
5802,13,87,6.69,7.1,0,corps,14.773771970403352,8.2587
5803,16,153,9.56,8.4,0,corps,14.76838643091522,3.9533
5804,24,250,10.42,12.0,0,corps,14.763003583523751,3.7428
5805,34,306,9.00,16.4,0,corps,14.757623426883237,2.4336
5806,21,174,8.29,10.7,0,corps,14.752245959648636,5.2340
5807,14,125,8.93,7.6,0,corps,14.746871180475576,4.1880
5808,10,107,10.70,5.8,0,corps,14.741499088020374,5.9277
5809,48,499,10.40,22.7,0,corps,14.736129680939994,3.8623
5810,26,258,9.92,12.9,0,corps,14.730762957892097,3.7517
5811,39,331,8.49,18.7,0,corps,14.72539891753499,4.5707
5812,23,210,9.13,11.6,0,corps,14.720037558527665,3.2386
5813,29,318,10.97,14.2,0,corps,14.714678879529794,3.3194
5814,25,216,8.64,12.4,0,corps,14.709322879201691,7.7602
5815,28,247,8.82,13.8,0,corps,14.703969556204367,4.0785
5816,24,210,8.75,12.0,0,corps,14.69861890919949,3.9715
5817,19,206,10.84,9.8,0,corps,14.693270936849393,1.8929
5818,8,79,9.88,4.9,0,corps,14.68792563781709,7.2144
5819,16,143,8.94,8.4,0,corps,14.682583010766246,4.6737
5820,19,152,8.00,9.8,0,corps,14.677243054361213,4.0532
5821,27,225,8.33,13.3,0,corps,14.671905767267003,3.9428
5822,21,193,9.19,10.7,0,corps,14.666571148149282,5.1670
5823,20,177,8.85,10.2,0,corps,14.661239195674408,3.2630
5824,19,181,9.53,9.8,0,corps,14.655909908509393,4.7250
5825,23,194,8.43,11.6,0,corps,14.650583285321906,4.4600
5826,22,225,10.23,11.1,0,corps,14.645259324780296,3.3015
5827,21,192,9.14,10.7,0,corps,14.639938025553572,3.5362
5828,39,406,10.41,18.7,0,corps,14.63461938631141,5.0562
5829,15,167,11.13,8.0,0,corps,14.629303405724153,4.8255
5830,10,128,12.80,5.8,0,corps,14.623990082462798,1.6686
5831,24,234,9.75,12.0,0,corps,14.61867941519902,2.4825
5832,10,101,10.10,5.8,0,corps,14.613371402605157,5.6817
5833,7,57,8.14,4.4,0,corps,14.608066043354192,1.5566
5834,24,210,8.75,12.0,0,corps,14.6027633361198,4.0791
5835,19,178,9.37,9.8,0,corps,14.597463279576292,1.6695
5836,8,65,8.12,4.9,0,corps,14.59216587239866,9.2372
5837,34,342,10.06,16.4,0,corps,14.586871113262553,3.2829
5838,21,187,8.90,10.7,0,corps,14.581579000844277,6.1331
5839,15,134,8.93,8.0,0,corps,14.576289533820807,7.8431
5840,21,207,9.86,10.7,0,corps,14.571002710869779,7.6896
5841,24,365,15.21,12.0,0,corps,14.56571853066948,3.9661
5842,16,200,12.50,8.4,0,corps,14.560436991898873,2.7418
5843,16,126,7.88,8.4,0,corps,14.555158093237564,7.2474
5844,31,367,11.84,15.1,0,corps,14.549881833365832,4.1659
5845,21,217,10.33,10.7,0,corps,14.544608210964622,2.1975
5846,8,84,10.50,4.9,0,corps,14.539337224715512,7.8215
5847,24,217,9.04,12.0,0,corps,14.534068873300763,2.1827
5848,21,178,8.48,10.7,0,corps,14.528803155403292,4.8427
5849,19,183,9.63,9.8,0,corps,14.52354006970666,1.7062
5850,24,202,8.42,12.0,0,corps,14.518279614895107,4.5902
5851,15,174,11.60,8.0,0,corps,14.513021789653505,4.1919
5852,19,225,11.84,9.8,0,corps,14.507766592667407,6.9251
5853,21,228,10.86,10.7,0,corps,14.502514022623014,2.5370
5854,21,197,9.38,10.7,0,corps,14.49726407820718,1.3396
5855,8,80,10.00,4.9,0,corps,14.492016758107418,3.0492
5856,19,177,9.32,9.8,0,corps,14.486772061011907,2.1437
5857,25,250,10.00,12.4,0,corps,14.481529985609459,1.8792
5858,27,271,10.04,13.3,0,corps,14.476290530589567,2.7037
5859,13,137,10.54,7.1,0,corps,14.471053694642357,3.6338
5860,30,317,10.57,14.7,0,corps,14.465819476458627,3.3512
5861,21,234,11.14,10.7,0,corps,14.460587874729825,1.8494
5862,25,234,9.36,12.4,0,corps,14.455358888148043,5.9280
5863,18,148,8.22,9.3,0,corps,14.450132515406032,4.7872
5864,14,152,10.86,7.6,0,corps,14.444908755197213,1.8921
5865,29,290,10.00,14.2,0,corps,14.439687606215632,4.1456
5866,14,154,11.00,7.6,0,corps,14.434469067156014,3.0760
5867,32,282,8.81,15.6,0,corps,14.42925313671371,3.4564
5868,18,174,9.67,9.3,0,corps,14.424039813584743,4.1396
5869,9,75,8.33,5.3,0,corps,14.41882909646579,2.0943
5870,17,128,7.53,8.9,0,corps,14.413620984054162,5.8799
5871,23,239,10.39,11.6,0,corps,14.408415475047832,2.5573
5872,13,130,10.00,7.1,0,corps,14.40321256814543,6.6550
5873,18,174,9.67,9.3,0,corps,14.398012262046219,3.0964
5874,9,85,9.44,5.3,0,corps,14.392814555450133,2.5299
5875,16,139,8.69,8.4,0,corps,14.387619447057737,1.5485
5876,22,227,10.32,11.1,0,corps,14.382426935570255,5.0793
5877,15,110,7.33,8.0,0,corps,14.377237019689568,3.3150
5878,38,389,10.24,18.2,0,corps,14.372049698118182,2.7278
5879,12,115,9.58,6.7,0,corps,14.366864969559282,5.3756
5880,18,169,9.39,9.3,0,corps,14.36168283271667,2.0269
5881,37,426,11.51,17.8,0,corps,14.356503286294824,4.6524
5882,19,198,10.42,9.8,0,corps,14.351326328998857,1.2318
5883,29,272,9.38,14.2,0,corps,14.346151959534522,2.6101
5884,8,82,10.25,4.9,0,corps,14.340980176608229,1.4856
5885,10,66,6.60,5.8,0,corps,14.335810978927041,2.3478
5886,24,241,10.04,12.0,0,corps,14.330644365198644,2.2414
5887,16,121,7.56,8.4,0,corps,14.325480334131399,5.5513
5888,23,265,11.52,11.6,0,corps,14.320318884434286,2.1191
5889,24,207,8.62,12.0,0,corps,14.315160014816946,2.8541
5890,26,266,10.23,12.9,0,corps,14.310003723989674,5.6927
5891,29,291,10.03,14.2,0,corps,14.304850010663376,3.2441
5892,31,335,10.81,15.1,0,corps,14.299698873549637,4.3657
5893,27,257,9.52,13.3,0,corps,14.294550311360673,4.6952
5894,23,228,9.91,11.6,0,corps,14.289404322809338,3.7995
5895,32,395,12.34,15.6,0,corps,14.28426090660914,4.3900
5896,23,171,7.43,11.6,0,corps,14.279120061474218,2.0385
5897,22,186,8.45,11.1,0,corps,14.273981786119366,4.6864
5898,5,54,10.80,3.6,0,corps,14.268846079260017,1.2816
5899,22,224,10.18,11.1,0,corps,14.263712939612239,2.8395
5900,43,416,9.67,20.4,0,corps,14.258582365892746,3.7070
5901,25,236,9.44,12.4,0,corps,14.253454356818906,2.6645
5902,29,282,9.72,14.2,0,corps,14.248328911108702,5.3364
5903,18,190,10.56,9.3,0,corps,14.243206027480785,2.7421
5904,21,201,9.57,10.7,0,corps,14.238085704654422,4.0720
5905,18,184,10.22,9.3,0,corps,14.23296794134954,3.6050
5906,22,206,9.36,11.1,0,corps,14.2278527362867,5.3234
5907,27,273,10.11,13.3,0,corps,14.222740088187095,2.2920
5908,33,324,9.82,16.0,0,corps,14.217629995772562,6.0373
5909,19,168,8.84,9.8,0,corps,14.212522457765589,2.9761
5910,29,274,9.45,14.2,0,corps,14.207417472889276,4.8497
5911,24,206,8.58,12.0,0,corps,14.202315039867392,5.0712
5912,14,158,11.29,7.6,0,corps,14.197215157424312,4.1320
5913,30,342,11.40,14.7,0,corps,14.192117824285077,2.9977
5914,10,100,10.00,5.8,0,corps,14.187023039175358,5.4878
5915,26,230,8.85,12.9,0,corps,14.181930800821444,4.7231
5916,19,222,11.68,9.8,0,corps,14.176841107950287,4.1682
5917,27,243,9.00,13.3,0,corps,14.171753959289463,2.6038
5918,32,341,10.66,15.6,0,corps,14.166669353567174,3.7802
5919,12,126,10.50,6.7,0,corps,14.161587289512283,1.9342
5920,22,187,8.50,11.1,0,corps,14.156507765854261,3.7072
5921,3,24,8.00,2.7,0,corps,14.151430781323239,1.7926
5922,30,292,9.73,14.7,0,corps,14.146356334649965,2.9211
5923,15,138,9.20,8.0,0,corps,14.141284424565825,4.3496
5924,12,153,12.75,6.7,0,corps,14.136215049802841,1.6618
5925,6,100,16.67,4.0,0,corps,14.13114820909368,1.8562
5926,37,363,9.81,17.8,0,corps,14.126083901171619,2.5988
5927,19,178,9.37,9.8,0,corps,14.12102212477059,4.7361
5928,13,122,9.38,7.1,0,corps,14.11596287862514,1.8848
5929,10,106,10.60,5.8,0,corps,14.110906161470464,6.5147
5930,29,237,8.17,14.2,0,corps,14.105851972042382,2.2795
5931,38,399,10.50,18.2,0,corps,14.100800309077343,4.6259
5932,10,83,8.30,5.8,0,corps,14.095751171312434,1.8388
5933,28,291,10.39,13.8,0,corps,14.090704557485376,1.8310
5934,23,191,8.30,11.6,0,corps,14.085660466334504,2.8856
5935,38,362,9.53,18.2,0,corps,14.080618896598807,3.9751
5936,20,209,10.45,10.2,0,corps,14.075579847017883,4.3622
5937,42,403,9.60,20.0,0,corps,14.070543316331971,2.9766
5938,21,220,10.48,10.7,0,corps,14.065509303281946,3.3702
5939,10,125,12.50,5.8,0,corps,14.060477806609292,1.4595
5940,18,156,8.67,9.3,0,corps,14.055448825056144,5.8430
5941,14,167,11.93,7.6,0,corps,14.05042235736526,1.7713
5942,13,125,9.62,7.1,0,corps,14.045398402280012,2.2734
5943,15,132,8.80,8.0,0,corps,14.040376958544423,3.8378
5944,23,202,8.78,11.6,0,corps,14.035358024903122,3.3154
5945,10,87,8.70,5.8,0,corps,14.030341600101378,4.6815
5946,32,308,9.62,15.6,0,corps,14.025327682885091,2.2027
5947,12,124,10.33,6.7,0,corps,14.020316272000771,5.7967
5948,24,257,10.71,12.0,0,corps,14.015307366195573,2.0781
5949,22,178,8.09,11.1,0,corps,14.010300964217274,6.8060
5950,33,261,7.91,16.0,0,corps,14.005297064814263,5.0165
5951,24,231,9.62,12.0,0,corps,14.000295666735571,1.7775
5952,23,228,9.91,11.6,0,corps,13.995296768730848,4.4836
5953,10,94,9.40,5.8,0,corps,13.990300369550365,1.8096
5954,11,114,10.36,6.2,0,corps,13.985306467945035,5.1081
5955,23,282,12.26,11.6,0,corps,13.980315062666367,3.4842
5956,26,295,11.35,12.9,0,corps,13.975326152466518,1.8613
5957,14,151,10.79,7.6,0,corps,13.970339736098264,1.4281
5958,11,99,9.00,6.2,0,corps,13.965355812314991,4.4077
5959,29,295,10.17,14.2,0,corps,13.960374379870727,4.2289
5960,20,159,7.95,10.2,0,corps,13.955395437520107,2.5352
5961,15,117,7.80,8.0,0,corps,13.950418984018395,4.4981
5962,17,161,9.47,8.9,0,corps,13.945445018121488,3.4952
5963,33,282,8.55,16.0,0,corps,13.940473538585882,2.4319
5964,22,245,11.14,11.1,0,corps,13.935504544168712,4.8391
5965,24,225,9.38,12.0,0,corps,13.930538033627734,5.4015
5966,31,328,10.58,15.1,0,corps,13.925574005721314,2.6043
5967,22,218,9.91,11.1,0,corps,13.920612459208447,2.8417
5968,31,282,9.10,15.1,0,corps,13.915653392848748,6.6089
5969,30,254,8.47,14.7,0,corps,13.910696805402445,3.2950
5970,10,111,11.10,5.8,0,corps,13.9057426956304,6.5956
5971,18,182,10.11,9.3,0,corps,13.900791062294077,2.8382
5972,14,111,7.93,7.6,0,corps,13.89584190415557,5.2057
5973,28,290,10.36,13.8,0,corps,13.890895219977594,3.2841
5974,29,307,10.59,14.2,0,corps,13.885951008523472,3.1949
5975,31,364,11.74,15.1,0,corps,13.881009268557158,3.0051
5976,17,141,8.29,8.9,0,corps,13.876069998843207,4.3404
5977,23,230,10.00,11.6,0,corps,13.87113319814681,2.8302
5978,28,347,12.39,13.8,0,corps,13.866198865233764,2.9003
5979,20,191,9.55,10.2,0,corps,13.861266998870486,4.0398
5980,14,122,8.71,7.6,0,corps,13.856337597824005,3.5236
5981,32,352,11.00,15.6,0,corps,13.85141066086198,3.4597
5982,25,296,11.84,12.4,0,corps,13.846486186752669,3.7756
5983,34,275,8.09,16.4,0,corps,13.841564174264958,2.2122
5984,21,195,9.29,10.7,0,corps,13.83664462216834,4.7045
5985,20,192,9.60,10.2,0,corps,13.831727529232927,4.0499
5986,23,248,10.78,11.6,0,corps,13.826812894229453,1.4790
5987,11,112,10.18,6.2,0,corps,13.821900715929248,6.4613
5988,20,257,12.85,10.2,0,corps,13.816990993104275,1.7133
5989,24,246,10.25,12.0,0,corps,13.812083724527103,4.3513
5990,16,172,10.75,8.4,0,corps,13.80717890897091,3.2447
5991,8,94,11.75,4.9,0,corps,13.802276545209502,6.3896
5992,18,191,10.61,9.3,0,corps,13.797376632017274,5.3451
5993,39,392,10.05,18.7,0,corps,13.792479168169255,3.2085
5994,16,147,9.19,8.4,0,corps,13.787584152441088,1.7232
5995,37,375,10.14,17.8,0,corps,13.782691583609,2.6037
5996,15,122,8.13,8.0,0,corps,13.777801460449862,4.6330
5997,26,255,9.81,12.9,0,corps,13.772913781741144,2.2988
5998,24,215,8.96,12.0,0,corps,13.768028546260917,4.7481
5999,15,136,9.07,8.0,0,corps,13.763145752787883,5.1841
6000,29,289,9.97,14.2,0,corps,13.758265400101333,2.6599
6001,12,106,8.83,6.7,0,corps,13.753387486981183,5.5180
6002,17,184,10.82,8.9,0,corps,13.74851201220796,2.8789
6003,20,177,8.85,10.2,0,corps,13.743638974562788,3.9848
6004,28,287,10.25,13.8,0,corps,13.738768372827415,3.6086
6005,35,292,8.34,16.9,0,corps,13.733900205784181,2.2503
6006,38,349,9.18,18.2,0,corps,13.729034472216048,3.3445
6007,21,239,11.38,10.7,0,corps,13.72417117090659,1.9698
6008,38,410,10.79,18.2,0,corps,13.719310300639966,2.4150
6009,21,214,10.19,10.7,0,corps,13.714451860200974,2.1815
6010,11,122,11.09,6.2,0,corps,13.709595848375,4.5121
6011,26,281,10.81,12.9,0,corps,13.704742263948033,1.9813
6012,25,305,12.20,12.4,0,corps,13.699891105706689,2.1118
6013,36,360,10.00,17.3,0,corps,13.695042372438165,3.0705
6014,18,156,8.67,9.3,0,corps,13.690196062930287,3.6267
6015,39,383,9.82,18.7,0,corps,13.68535217597148,3.0566
6016,33,358,10.85,16.0,0,corps,13.68051071035076,2.4738
6017,24,219,9.12,12.0,0,corps,13.67567166485777,2.8365
6018,30,363,12.10,14.7,0,corps,13.67083503828275,2.7486
6019,30,356,11.87,14.7,0,corps,13.66600082941654,3.2879
6020,20,238,11.90,10.2,0,corps,13.661169037050586,3.0303
6021,30,347,11.57,14.7,0,corps,13.656339659976938,1.8084
6022,12,137,11.42,6.7,0,corps,13.651512696988258,3.0622
6023,31,291,9.39,15.1,0,corps,13.646688146877805,4.1519
6024,14,132,9.43,7.6,0,corps,13.641866008439434,2.9151
6025,17,192,11.29,8.9,0,corps,13.637046280467619,3.5497
6026,17,171,10.06,8.9,0,corps,13.632228961757425,5.1364
6027,16,178,11.12,8.4,0,corps,13.62741405110452,1.8046
6028,19,262,13.79,9.8,0,corps,13.62260154730518,4.1804
6029,25,222,8.88,12.4,0,corps,13.617791449156272,2.8708
6030,15,147,9.80,8.0,0,corps,13.61298375545528,2.3024
6031,6,52,8.67,4.0,0,corps,13.608178465000279,2.1403
6032,23,223,9.70,11.6,0,corps,13.60337557658994,5.4224
6033,24,216,9.00,12.0,0,corps,13.598575089023546,3.4559
6034,15,125,8.33,8.0,0,corps,13.593777001100976,5.0416
6035,9,72,8.00,5.3,0,corps,13.588981311622703,2.0893
6036,15,156,10.40,8.0,0,corps,13.584188019389815,2.6205
6037,24,217,9.04,12.0,0,corps,13.579397123203973,3.4477
6038,17,174,10.24,8.9,0,corps,13.574608621867466,2.2156
6039,20,205,10.25,10.2,0,corps,13.569822514183164,2.4549
6040,21,220,10.48,10.7,0,corps,13.56503879895454,2.2649
6041,21,157,7.48,10.7,0,corps,13.560257474985665,3.1981
6042,12,144,12.00,6.7,0,corps,13.55547854108121,3.0915
6043,28,287,10.25,13.8,0,corps,13.550701996046438,4.0880
6044,21,182,8.67,10.7,0,corps,13.545927838687218,2.9742
6045,12,90,7.50,6.7,0,corps,13.541156067810006,1.6819
6046,20,185,9.25,10.2,0,corps,13.53638668222186,3.1059
6047,14,136,9.71,7.6,0,corps,13.531619680730437,4.7355
6048,13,107,8.23,7.1,0,corps,13.526855062143978,1.7887
6049,31,309,9.97,15.1,0,corps,13.522092825271336,2.1580
6050,36,356,9.89,17.3,0,corps,13.517332968921956,3.5237
6051,6,91,15.17,4.0,0,corps,13.51257549190586,1.2856
6052,10,134,13.40,5.8,0,corps,13.507820393033693,3.2957
6053,22,227,10.32,11.1,0,corps,13.503067671116668,2.2330
6054,30,316,10.53,14.7,0,corps,13.49831732496661,4.8468
6055,30,264,8.80,14.7,0,corps,13.49356935339594,5.2406
6056,2,21,10.50,2.2,0,corps,13.488823755217652,1.3349
6057,17,151,8.88,8.9,0,corps,13.484080529245352,5.2989
6058,5,61,12.20,3.6,0,corps,13.479339674293236,1.3482
6059,21,214,10.19,10.7,0,corps,13.474601189176086,4.9479
6060,9,100,11.11,5.3,0,corps,13.469865072709286,2.6359
6061,22,217,9.86,11.1,0,corps,13.465131323708802,1.6448
6062,22,209,9.50,11.1,0,corps,13.460399940991193,1.8883
6063,19,134,7.05,9.8,0,corps,13.455670923373628,3.8140
6064,36,429,11.92,17.3,0,corps,13.450944269673833,5.9961
6065,13,183,14.08,7.1,0,corps,13.446219978710161,3.0697
6066,14,166,11.86,7.6,0,corps,13.441498049301535,3.4154
6067,36,408,11.33,17.3,0,corps,13.436778480267463,4.6467
6068,13,123,9.46,7.1,0,corps,13.43206127042807,1.8404
6069,19,166,8.74,9.8,0,corps,13.427346418604035,2.3237
6070,37,392,10.59,17.8,0,corps,13.422633923616656,4.5212
6071,15,218,14.53,8.0,0,corps,13.417923784287808,2.4235
6072,15,149,9.93,8.0,0,corps,13.413215999439954,3.4695
6073,11,144,13.09,6.2,0,corps,13.408510567896148,2.3389
6074,29,279,9.62,14.2,0,corps,13.403807488480037,2.8925
6075,15,183,12.20,8.0,0,corps,13.399106760015844,2.1623
6076,14,149,10.64,7.6,0,corps,13.394408381328393,4.4736
6077,25,321,12.84,12.4,0,corps,13.389712351243082,3.4340
6078,22,261,11.86,11.1,0,corps,13.38501866858591,3.1912
6079,29,329,11.34,14.2,0,corps,13.380327332183455,3.1896
6080,18,188,10.44,9.3,0,corps,13.37563834086288,1.6892
6081,2,43,21.50,2.2,0,corps,13.370951693451937,1.7060
6082,14,126,9.00,7.6,0,corps,13.366267388778974,1.5448
6083,40,384,9.60,19.1,0,corps,13.361585425672901,5.8026
6084,19,179,9.42,9.8,0,corps,13.356905802963235,2.9341
6085,22,226,10.27,11.1,0,corps,13.352228519480066,3.0200
6086,14,132,9.43,7.6,0,corps,13.347553574054075,2.9938
6087,36,311,8.64,17.3,0,corps,13.342880965516532,3.6195
6088,12,124,10.33,6.7,0,corps,13.338210692699274,1.8937
6089,20,208,10.40,10.2,0,corps,13.333542754434738,3.2889
6090,13,122,9.38,7.1,0,corps,13.328877149555943,4.0142
6091,9,88,9.78,5.3,0,corps,13.32421387689648,2.6734
6092,28,246,8.79,13.8,0,corps,13.319552935290538,2.2264
6093,43,444,10.33,20.4,0,corps,13.314894323572874,4.1221
6094,30,491,16.37,14.7,0,corps,13.31023804057884,4.0820
6095,14,159,11.36,7.6,0,corps,13.30558408514437,6.9220
6096,22,345,15.68,11.1,0,corps,13.300932456105965,3.5044
6097,12,146,12.17,6.7,0,corps,13.296283152300722,5.0067
6098,13,192,14.77,7.1,0,corps,13.29163617256632,1.4925
6099,6,55,9.17,4.0,0,corps,13.286991515741006,2.1716
6100,22,215,9.77,11.1,0,corps,13.282349180663623,3.7049
6101,21,236,11.24,10.7,0,corps,13.27770916617358,1.4823
6102,21,234,11.14,10.7,0,corps,13.273071471110873,1.1655
6103,25,237,9.48,12.4,0,corps,13.26843609431609,3.4119
6104,19,138,7.26,9.8,0,corps,13.263803034630376,6.6618
6105,23,250,10.87,11.6,0,corps,13.259172290895465,3.0823
6106,15,146,9.73,8.0,0,corps,13.25454386195368,2.7197
6107,30,365,12.17,14.7,0,corps,13.249917746647908,2.2524
6108,20,214,10.70,10.2,0,corps,13.24529394382162,2.0456
6109,20,189,9.45,10.2,0,corps,13.240672452318867,4.2092
6110,15,174,11.60,8.0,0,corps,13.236053270984272,1.2702
6111,25,268,10.72,12.4,0,corps,13.231436398663046,2.9396
6112,4,27,6.75,3.1,0,corps,13.226821834200967,3.2654
6113,31,328,10.58,15.1,0,corps,13.22220957644439,1.9263
6114,39,537,13.77,18.7,0,corps,13.217599624240265,4.1691
6115,15,210,14.00,8.0,0,corps,13.212991976436086,3.0397
6116,14,110,7.86,7.6,0,corps,13.208386631879954,6.2881
6117,32,421,13.16,15.6,0,corps,13.203783589420526,4.0296
6118,10,118,11.80,5.8,0,corps,13.19918284790704,4.0017
6119,16,132,8.25,8.4,0,corps,13.19458440618932,1.6661
6120,31,295,9.52,15.1,0,corps,13.189988263117744,4.0265
6121,31,333,10.74,15.1,0,corps,13.18539441754328,3.6047
6122,7,47,6.71,4.4,0,corps,13.180802868317476,3.4724
6123,17,199,11.71,8.9,0,corps,13.17621361429243,3.0251
6124,24,198,8.25,12.0,0,corps,13.171626654320843,3.9627
6125,31,361,11.65,15.1,0,corps,13.16704198725596,3.0878
6126,22,218,9.91,11.1,0,corps,13.162459611951624,4.0590
6127,16,212,13.25,8.4,0,corps,13.157879527262242,1.7229
6128,25,279,11.16,12.4,0,corps,13.153301732042783,3.3733
6129,12,150,12.50,6.7,0,corps,13.14872622514881,1.4567
6130,14,158,11.29,7.6,0,corps,13.14415300543644,4.9428
6131,19,216,11.37,9.8,0,corps,13.139582071762366,3.1306
6132,27,301,11.15,13.3,0,corps,13.135013422983862,2.9742
6133,10,108,10.80,5.8,0,corps,13.130447057958758,3.6440
6134,22,260,11.82,11.1,0,corps,13.125882975545466,6.3994
6135,32,366,11.44,15.6,0,corps,13.121321174602969,3.2461
6136,36,401,11.14,17.3,0,corps,13.116761653990809,3.1305
6137,7,54,7.71,4.4,0,corps,13.112204412569112,1.6372
6138,17,174,10.24,8.9,0,corps,13.107649449198563,2.5744
6139,14,169,12.07,7.6,0,corps,13.103096762740426,1.1998
6140,27,223,8.26,13.3,0,corps,13.098546352056529,4.6168
6141,15,135,9.00,8.0,0,corps,13.093998216009265,6.2184
6142,14,128,9.14,7.6,0,corps,13.089452353461601,1.8541
6143,11,113,10.27,6.2,0,corps,13.084908763277076,1.3336
6144,16,147,9.19,8.4,0,corps,13.080367444319785,1.6402
6145,13,128,9.85,7.1,0,corps,13.075828395454408,3.5907
6146,10,74,7.40,5.8,0,corps,13.071291615546174,3.0486
6147,20,167,8.35,10.2,0,corps,13.066757103460889,2.4568
6148,10,82,8.20,5.8,0,corps,13.062224858064933,3.7643
6149,14,110,7.86,7.6,0,corps,13.057694878225231,8.3444
6150,8,83,10.38,4.9,0,corps,13.0531671628093,1.5940
6151,36,375,10.42,17.3,0,corps,13.048641710685208,1.9032
6152,27,271,10.04,13.3,0,corps,13.04411852072159,3.7114
6153,15,168,11.20,8.0,0,corps,13.039597591787649,2.8207
6154,26,299,11.50,12.9,0,corps,13.03507892275315,1.6706
6155,18,183,10.17,9.3,0,corps,13.030562512488434,4.4404
6156,26,306,11.77,12.9,0,corps,13.026048359864392,4.1380
6157,4,31,7.75,3.1,0,corps,13.021536463752485,2.9090
6158,23,253,11.00,11.6,0,corps,13.017026823024738,4.1564
6159,10,101,10.10,5.8,0,corps,13.012519436553752,6.2043
6160,23,251,10.91,11.6,0,corps,13.008014303212665,3.8172
6161,19,204,10.74,9.8,0,corps,13.003511421875205,2.8700
6162,20,186,9.30,10.2,0,corps,12.999010791415644,2.0606
6163,35,305,8.71,16.9,0,corps,12.994512410708827,3.3124
6164,22,206,9.36,11.1,0,corps,12.990016278630165,4.4234
6165,45,487,10.82,21.3,0,corps,12.985522394055614,5.8667
6166,25,289,11.56,12.4,0,corps,12.981030755861712,1.4294
6167,29,259,8.93,14.2,0,corps,12.976541362925545,1.7516
6168,20,203,10.15,10.2,0,corps,12.972054214124762,6.9113
6169,54,587,10.87,25.3,0,corps,12.967569308337584,4.1476
6170,20,224,11.20,10.2,0,corps,12.963086644442779,2.9801
6171,12,123,10.25,6.7,0,corps,12.958606221319677,1.5557
6172,23,233,10.13,11.6,0,corps,12.954128037848184,5.0275
6173,24,276,11.50,12.0,0,corps,12.949652092908739,3.1121
6174,35,257,7.34,16.9,0,corps,12.94517838538237,3.7092
6175,34,286,8.41,16.4,0,corps,12.940706914150644,5.1313
6176,18,176,9.78,9.3,0,corps,12.936237678095692,2.8950
6177,18,156,8.67,9.3,0,corps,12.931770676100207,1.7212
6178,22,181,8.23,11.1,0,corps,12.927305907047435,3.6173
6179,20,180,9.00,10.2,0,corps,12.922843369821186,4.3346
6180,18,143,7.94,9.3,0,corps,12.918383063305827,1.9333
6181,11,84,7.64,6.2,0,corps,12.913924986386279,1.6575
6182,14,112,8.00,7.6,0,corps,12.909469137948024,6.0250
6183,32,299,9.34,15.6,0,corps,12.905015516877105,4.3486
6184,16,154,9.62,8.4,0,corps,12.900564122060107,1.6828
6185,4,53,13.25,3.1,0,corps,12.896114952384188,1.5140
6186,10,82,8.20,5.8,0,corps,12.891668006737051,5.0090
6187,16,152,9.50,8.4,0,corps,12.887223284006962,2.2073
6188,34,332,9.76,16.4,0,corps,12.882780783082746,4.0490
6189,11,87,7.91,6.2,0,corps,12.878340502853765,7.8232
6190,33,433,13.12,16.0,0,corps,12.873902442209959,3.9670
6191,18,237,13.17,9.3,0,corps,12.86946660004181,2.9383
6192,33,416,12.61,16.0,0,corps,12.865032975240357,3.3886
6193,39,402,10.31,18.7,0,corps,12.860601566697195,2.8864
6194,22,224,10.18,11.1,0,corps,12.856172373304467,4.7211
6195,10,64,6.40,5.8,0,corps,12.85174539395488,2.8184
6196,24,259,10.79,12.0,0,corps,12.847320627541691,4.4149
6197,20,201,10.05,10.2,0,corps,12.8428980729587,1.5502
6198,25,261,10.44,12.4,0,corps,12.838477729100276,4.0272
6199,26,220,8.46,12.9,0,corps,12.834059594861333,3.5766
6200,10,127,12.70,5.8,0,corps,12.829643669137328,1.3897
6201,38,402,10.58,18.2,0,corps,12.825229950824294,5.7280
6202,22,231,10.50,11.1,0,corps,12.820818438818787,1.8228
6203,27,217,8.04,13.3,0,corps,12.816409132017936,4.3760
6204,18,202,11.22,9.3,0,corps,12.812002029319421,3.4533
6205,21,217,10.33,10.7,0,corps,12.807597129621454,4.0161
6206,25,316,12.64,12.4,0,corps,12.803194431822812,3.4557
6207,37,401,10.84,17.8,0,corps,12.79879393482283,2.8936
6208,7,83,11.86,4.4,0,corps,12.794395637521374,1.4087
6209,26,258,9.92,12.9,0,corps,12.789999538818877,2.8114
6210,20,229,11.45,10.2,0,corps,12.785605637616307,5.1924
6211,22,295,13.41,11.1,0,corps,12.781213932815191,2.7861
6212,5,61,12.20,3.6,0,corps,12.77682442331761,1.6731
6213,28,294,10.50,13.8,0,corps,12.772437108026175,1.6621
6214,17,149,8.76,8.9,0,corps,12.768051985844062,5.2806
6215,23,223,9.70,11.6,0,corps,12.763669055674995,2.2982
6216,21,179,8.52,10.7,0,corps,12.759288316423234,1.7862
6217,15,103,6.87,8.0,0,corps,12.754909766993602,7.5997
6218,23,232,10.09,11.6,0,corps,12.750533406291453,3.8797
6219,32,313,9.78,15.6,0,corps,12.7461592332227,2.8898
6220,12,108,9.00,6.7,0,corps,12.741787246693809,2.5879
6221,30,269,8.97,14.7,0,corps,12.737417445611769,2.8157
6222,18,173,9.61,9.3,0,corps,12.733049828884136,2.1166
6223,30,289,9.63,14.7,0,corps,12.728684395419009,4.3061
6224,17,160,9.41,8.9,0,corps,12.724321144125023,5.0501
6225,18,150,8.33,9.3,0,corps,12.719960073911372,4.4905
6226,12,137,11.42,6.7,0,corps,12.715601183687781,2.2418
6227,43,342,7.95,20.4,0,corps,12.71124447236453,2.3606
6228,30,376,12.53,14.7,0,corps,12.706889938852447,4.6959
6229,16,149,9.31,8.4,0,corps,12.702537582062892,4.9512
6230,16,151,9.44,8.4,0,corps,12.698187400907775,4.6314
6231,8,75,9.38,4.9,0,corps,12.69383939429956,1.5638
6232,23,216,9.39,11.6,0,corps,12.689493561151233,3.1242
6233,2,22,11.00,2.2,0,corps,12.685149900376347,1.2775
6234,19,184,9.68,9.8,0,corps,12.680808410888977,2.3665
6235,18,152,8.44,9.3,0,corps,12.676469091603757,4.5508
6236,14,115,8.21,7.6,0,corps,12.672131941435854,5.1261
6237,16,165,10.31,8.4,0,corps,12.667796959300981,5.3520
6238,26,236,9.08,12.9,0,corps,12.663464144115395,2.4671
6239,24,293,12.21,12.0,0,corps,12.65913349479589,4.8071
6240,5,46,9.20,3.6,0,corps,12.654805010259802,2.2931
6241,26,269,10.35,12.9,0,corps,12.650478689425013,2.3994
6242,17,125,7.35,8.9,0,corps,12.646154531209941,5.6765
6243,13,138,10.62,7.1,0,corps,12.641832534533545,3.8545
6244,8,54,6.75,4.9,0,corps,12.637512698315332,5.4623
6245,5,55,11.00,3.6,0,corps,12.633195021475332,1.2048
6246,10,84,8.40,5.8,0,corps,12.628879502934137,2.8016
6247,20,182,9.10,10.2,0,corps,12.624566141612863,1.2599
6248,22,207,9.41,11.1,0,corps,12.620254936433167,1.9940
6249,25,195,7.80,12.4,0,corps,12.615945886317254,2.9516
6250,26,279,10.73,12.9,0,corps,12.611638990187855,4.5487
6251,29,278,9.59,14.2,0,corps,12.607334246968243,2.3152
6252,12,92,7.67,6.7,0,corps,12.603031655582248,7.9975
6253,12,132,11.00,6.7,0,corps,12.598731214954206,5.5076
6254,20,208,10.40,10.2,0,corps,12.594432924009013,3.5635
6255,12,102,8.50,6.7,0,corps,12.590136781672095,5.6551
6256,21,212,10.10,10.7,0,corps,12.585842786869417,3.2404
6257,33,334,10.12,16.0,0,corps,12.581550938527483,2.8376
6258,31,304,9.81,15.1,0,corps,12.577261235573326,2.5263
6259,23,220,9.57,11.6,0,corps,12.57297367693452,2.8720
6260,13,111,8.54,7.1,0,corps,12.568688261539185,5.1492
6261,22,203,9.23,11.1,0,corps,12.564404988315955,3.5847
6262,16,153,9.56,8.4,0,corps,12.56012385619402,5.0620
6263,22,218,9.91,11.1,0,corps,12.555844864103088,4.0587
6264,20,159,7.95,10.2,0,corps,12.551568010973421,3.5282
6265,28,228,8.14,13.8,0,corps,12.5472932957358,3.5845
6266,16,137,8.56,8.4,0,corps,12.543020717321548,3.5178
6267,17,153,9.00,8.9,0,corps,12.538750274662519,3.3985
6268,33,368,11.15,16.0,0,corps,12.534481966691105,2.1627
6269,28,226,8.07,13.8,0,corps,12.530215792340224,3.2061
6270,10,83,8.30,5.8,0,corps,12.52595175054334,1.6546
6271,12,93,7.75,6.7,0,corps,12.521689840234435,4.9729
6272,16,143,8.94,8.4,0,corps,12.517430060348033,1.6691
6273,14,138,9.86,7.6,0,corps,12.513172409819193,2.6423
6274,18,139,7.72,9.3,0,corps,12.5089168875835,1.7598
6275,39,368,9.44,18.7,0,corps,12.50466349257707,3.8070
6276,31,319,10.29,15.1,0,corps,12.500412223736562,2.5082
6277,28,243,8.68,13.8,0,corps,12.496163079999151,4.0496
6278,29,280,9.66,14.2,0,corps,12.491916060302554,3.5340
6279,26,243,9.35,12.9,0,corps,12.487671163585018,3.9355
6280,19,203,10.68,9.8,0,corps,12.483428388785315,3.3343
6281,18,223,12.39,9.3,0,corps,12.479187734842759,2.5590
6282,13,153,11.77,7.1,0,corps,12.474949200697175,3.2102
6283,31,328,10.58,15.1,0,corps,12.470712785288935,2.1615
6284,25,231,9.24,12.4,0,corps,12.466478487558938,5.1115
6285,29,240,8.28,14.2,0,corps,12.462246306448607,6.9748
6286,11,152,13.82,6.2,0,corps,12.458016240899896,1.1222
6287,25,275,11.00,12.4,0,corps,12.453788289855291,3.1801
6288,6,57,9.50,4.0,0,corps,12.449562452257801,8.6051
6289,22,248,11.27,11.1,0,corps,12.445338727050967,3.3486
6290,15,154,10.27,8.0,0,corps,12.44111711317886,4.4890
6291,21,222,10.57,10.7,0,corps,12.436897609586072,2.9776
6292,29,326,11.24,14.2,0,corps,12.432680215217736,4.6718
6293,17,167,9.82,8.9,0,corps,12.428464929019494,4.2422
6294,40,404,10.10,19.1,0,corps,12.424251749937534,5.1505
6295,24,247,10.29,12.0,0,corps,12.420040676918548,3.2453
6296,20,239,11.95,10.2,0,corps,12.415831708909774,1.1160
6297,19,205,10.79,9.8,0,corps,12.411624844858979,3.3090
6298,9,83,9.22,5.3,0,corps,12.407420083714435,2.5788
6299,23,205,8.91,11.6,0,corps,12.403217424424954,1.6678
6300,18,172,9.56,9.3,0,corps,12.399016865939878,3.2599
6301,32,285,8.91,15.6,0,corps,12.394818407209055,3.5035
6302,16,158,9.88,8.4,0,corps,12.390622047182884,4.7603
6303,38,373,9.82,18.2,0,corps,12.386427784812264,3.7045
6304,9,62,6.89,5.3,0,corps,12.382235619048634,6.2404
6305,26,275,10.58,12.9,0,corps,12.378045548843957,3.9994
6306,18,157,8.72,9.3,0,corps,12.373857573150707,4.4287
6307,2,57,28.50,2.2,0,corps,12.369671690921894,1.3077
6308,16,144,9.00,8.4,0,corps,12.365487901111049,1.9689
6309,26,269,10.35,12.9,0,corps,12.361306202672221,2.9612
6310,25,240,9.60,12.4,0,corps,12.35712659455999,1.7971
6311,21,194,9.24,10.7,0,corps,12.352949075729446,3.8089
6312,22,205,9.32,11.1,0,corps,12.348773645136218,1.9868
6313,25,209,8.36,12.4,0,corps,12.344600301736447,2.1623
6314,10,103,10.30,5.8,0,corps,12.340429044486791,5.1148
6315,32,332,10.38,15.6,0,corps,12.33625987234444,5.1965
6316,17,138,8.12,8.9,0,corps,12.332092784267104,3.6171
6317,13,99,7.62,7.1,0,corps,12.327927779213002,2.8636
6318,21,277,13.19,10.7,0,corps,12.323764856140896,3.4553
6319,14,160,11.43,7.6,0,corps,12.319604014010038,3.6899
6320,25,232,9.28,12.4,0,corps,12.315445251780233,6.0665
6321,32,290,9.06,15.6,0,corps,12.311288568411783,4.0529
6322,31,346,11.16,15.1,0,corps,12.307133962865516,4.4716
6323,22,205,9.32,11.1,0,corps,12.302981434102783,6.9084
6324,23,271,11.78,11.6,0,corps,12.298830981085457,3.2466
6325,5,64,12.80,3.6,0,corps,12.294682602775914,1.5010
6326,33,386,11.70,16.0,0,corps,12.29053629813707,3.3086
6327,23,276,12.00,11.6,0,corps,12.28639206613234,2.6860
6328,19,177,9.32,9.8,0,corps,12.28224990572567,4.4795
6329,27,349,12.93,13.3,0,corps,12.278109815881521,2.3329
6330,9,68,7.56,5.3,0,corps,12.273971795564867,9.9500
6331,17,218,12.82,8.9,0,corps,12.269835843741205,1.4261
6332,18,176,9.78,9.3,0,corps,12.265701959376548,3.3939
6333,24,234,9.75,12.0,0,corps,12.261570141437424,4.3586
6334,39,497,12.74,18.7,0,corps,12.257440388890881,7.7356
6335,24,297,12.38,12.0,0,corps,12.253312700704475,3.6616
6336,17,189,11.12,8.9,0,corps,12.249187075846288,4.6574
6337,18,205,11.39,9.3,0,corps,12.245063513284911,2.7575
6338,11,94,8.55,6.2,0,corps,12.240942011989459,2.6292
6339,11,111,10.09,6.2,0,corps,12.236822570929547,1.4008
6340,19,171,9.00,9.8,0,corps,12.232705189075327,4.2301
6341,10,90,9.00,5.8,0,corps,12.228589865397444,1.4906
6342,24,238,9.92,12.0,0,corps,12.224476598867074,2.5877
6343,2,17,8.50,2.2,0,corps,12.220365388455892,1.5236
6344,18,163,9.06,9.3,0,corps,12.2162562331361,2.7081
6345,24,244,10.17,12.0,0,corps,12.212149131880413,2.9115
6346,13,128,9.85,7.1,0,corps,12.208044083662047,4.5090
6347,23,221,9.61,11.6,0,corps,12.203941087454744,1.9468
6348,27,270,10.00,13.3,0,corps,12.199840142232762,4.8170
6349,24,247,10.29,12.0,0,corps,12.195741246970854,3.6817
6350,14,153,10.93,7.6,0,corps,12.191644400644302,3.4110
6351,22,273,12.41,11.1,0,corps,12.187549602228891,1.5192
6352,32,313,9.78,15.6,0,corps,12.183456850700924,3.1141
6353,22,217,9.86,11.1,0,corps,12.179366145037216,3.9462
6354,15,191,12.73,8.0,0,corps,12.17527748421508,1.8988
6355,27,269,9.96,13.3,0,corps,12.171190867212362,6.4742
6356,17,170,10.00,8.9,0,corps,12.167106293007404,2.0000
6357,19,211,11.11,9.8,0,corps,12.163023760579058,2.0359
6358,20,195,9.75,10.2,0,corps,12.1589432689067,1.5430
6359,27,232,8.59,13.3,0,corps,12.154864816970196,2.7805
6360,17,156,9.18,8.9,0,corps,12.15078840374994,1.8321
6361,4,47,11.75,3.1,0,corps,12.146714028226832,1.0137
6362,17,169,9.94,8.9,0,corps,12.142641689382266,1.5953
6363,17,173,10.18,8.9,0,corps,12.13857138619817,2.9082
6364,27,281,10.41,13.3,0,corps,12.134503117656964,2.4302
6365,20,204,10.20,10.2,0,corps,12.130436882741574,1.5346
6366,17,187,11.00,8.9,0,corps,12.126372680435454,2.1304
6367,20,183,9.15,10.2,0,corps,12.122310509722542,2.4159
6368,24,201,8.38,12.0,0,corps,12.1182503695873,2.1659
6369,36,310,8.61,17.3,0,corps,12.114192259014695,4.2701
6370,27,229,8.48,13.3,0,corps,12.110136176990194,4.2181
6371,16,144,9.00,8.4,0,corps,12.106082122499782,3.8817
6372,31,302,9.74,15.1,0,corps,12.102030094529942,5.1703
6373,23,216,9.39,11.6,0,corps,12.097980092067665,4.6997
6374,21,202,9.62,10.7,0,corps,12.093932114100458,3.9890
6375,9,79,8.78,5.3,0,corps,12.08988615961632,7.9605
6376,18,165,9.17,9.3,0,corps,12.08584222760376,2.0003
6377,41,368,8.98,19.6,0,corps,12.081800317051805,3.7711
6378,30,272,9.07,14.7,0,corps,12.077760426949968,4.3852
6379,29,268,9.24,14.2,0,corps,12.073722556288283,1.9496
6380,15,140,9.33,8.0,0,corps,12.069686704057277,2.2492
6381,38,378,9.95,18.2,0,corps,12.065652869247986,3.4216
6382,29,267,9.21,14.2,0,corps,12.061621050851961,3.8205
6383,22,206,9.36,11.1,0,corps,12.057591247861236,3.4234
6384,34,335,9.85,16.4,0,corps,12.053563459268362,3.1797
6385,13,127,9.77,7.1,0,corps,12.049537684066403,1.6418
6386,26,229,8.81,12.9,0,corps,12.0455139212489,3.0032
6387,31,307,9.90,15.1,0,corps,12.041492169809926,1.8166
6388,22,229,10.41,11.1,0,corps,12.037472428744028,3.8307
6389,32,357,11.16,15.6,0,corps,12.033454697046283,2.2111
6390,39,426,10.92,18.7,0,corps,12.029438973712258,2.1306
6391,24,204,8.50,12.0,0,corps,12.025425257738013,4.8676
6392,8,55,6.88,4.9,0,corps,12.021413548120124,3.6256
6393,14,147,10.50,7.6,0,corps,12.017403843855668,1.3411
6394,14,127,9.07,7.6,0,corps,12.01339614394221,5.1940
6395,34,364,10.71,16.4,0,corps,12.009390447377836,1.5504
6396,23,228,9.91,11.6,0,corps,12.00538675316111,4.9804
6397,24,249,10.38,12.0,0,corps,12.001385060291112,1.7499
6398,20,218,10.90,10.2,0,corps,11.997385367767427,2.6693
6399,19,174,9.16,9.8,0,corps,11.993387674590123,2.7911
6400,15,185,12.33,8.0,0,corps,11.989391979759779,1.4032
6401,22,182,8.27,11.1,0,corps,11.98539828227747,2.6968
6402,18,177,9.83,9.3,0,corps,11.981406581144775,1.6980
6403,10,93,9.30,5.8,0,corps,11.977416875363769,7.9671
6404,25,269,10.76,12.4,0,corps,11.973429163937018,4.5330
6405,26,256,9.85,12.9,0,corps,11.969443445867602,1.8697
6406,23,220,9.57,11.6,0,corps,11.965459720159094,1.9741
6407,34,309,9.09,16.4,0,corps,11.961477985815549,1.9894
6408,19,185,9.74,9.8,0,corps,11.957498241841547,3.0542
6409,18,166,9.22,9.3,0,corps,11.953520487242148,1.6974
6410,15,171,11.40,8.0,0,corps,11.949544721022908,2.1671
6411,22,233,10.59,11.1,0,corps,11.945570942189896,2.8547
6412,11,135,12.27,6.2,0,corps,11.941599149749655,4.4403
6413,23,201,8.74,11.6,0,corps,11.937629342709243,4.2318
6414,18,182,10.11,9.3,0,corps,11.93366152007621,3.4631
6415,7,51,7.29,4.4,0,corps,11.929695680858599,10.4526
6416,18,187,10.39,9.3,0,corps,11.925731824064945,3.3507
6417,11,120,10.91,6.2,0,corps,11.921769948704295,3.0506
6418,21,200,9.52,10.7,0,corps,11.917810053786168,2.4411
6419,19,211,11.11,9.8,0,corps,11.913852138320602,2.5459
6420,19,181,9.53,9.8,0,corps,11.909896201318105,3.2456
6421,15,140,9.33,8.0,0,corps,11.905942241789703,3.4053
6422,23,204,8.87,11.6,0,corps,11.901990258746903,2.6175
6423,13,117,9.00,7.1,0,corps,11.898040251201705,6.4366
6424,40,389,9.72,19.1,0,corps,11.894092218166612,4.5448
6425,25,252,10.08,12.4,0,corps,11.890146158654618,2.1323
6426,30,310,10.33,14.7,0,corps,11.886202071679202,4.1466
6427,23,212,9.22,11.6,0,corps,11.882259956254348,2.8181
6428,17,135,7.94,8.9,0,corps,11.878319811394523,4.1060
6429,18,160,8.89,9.3,0,corps,11.87438163611469,3.0866
6430,32,335,10.47,15.6,0,corps,11.87044542943031,3.6658
6431,33,342,10.36,16.0,0,corps,11.866511190357324,4.6467
6432,14,189,13.50,7.6,0,corps,11.862578917912177,1.8571
6433,24,228,9.50,12.0,0,corps,11.858648611111805,4.3837
6434,32,348,10.88,15.6,0,corps,11.854720268973622,4.8334
6435,12,119,9.92,6.7,0,corps,11.850793890515554,5.6232
6436,15,190,12.67,8.0,0,corps,11.84686947475599,3.1059
6437,24,230,9.58,12.0,0,corps,11.84294702071384,3.6144
6438,27,232,8.59,13.3,0,corps,11.839026527408489,3.9129
6439,25,229,9.16,12.4,0,corps,11.835107993859806,3.8921
6440,31,333,10.74,15.1,0,corps,11.831191419088164,2.6735
6441,47,552,11.74,22.2,0,corps,11.82727680211442,4.3863
6442,8,80,10.00,4.9,0,corps,11.823364141959914,1.6547
6443,7,62,8.86,4.4,0,corps,11.819453437646487,1.6600
6444,22,226,10.27,11.1,0,corps,11.815544688196459,1.7413
6445,10,93,9.30,5.8,0,corps,11.811637892632643,2.2085
6446,9,71,7.89,5.3,0,corps,11.807733049978342,7.6112
6447,12,111,9.25,6.7,0,corps,11.803830159257341,2.3530
6448,25,224,8.96,12.4,0,corps,11.79992921949392,3.8801
6449,33,310,9.39,16.0,0,corps,11.796030229712851,2.7264
6450,41,393,9.59,19.6,0,corps,11.792133188939374,3.2281
6451,14,155,11.07,7.6,0,corps,11.78823809619924,5.4562
6452,41,461,11.24,19.6,0,corps,11.784344950518665,2.8315
6453,19,160,8.42,9.8,0,corps,11.780453750924371,2.0697
6454,21,166,7.90,10.7,0,corps,11.776564496443557,5.3098
6455,34,370,10.88,16.4,0,corps,11.772677186103905,3.4973
6456,25,168,6.72,12.4,0,corps,11.768791818933588,2.8359
6457,18,156,8.67,9.3,0,corps,11.76490839396127,3.7863
6458,14,132,9.43,7.6,0,corps,11.76102691021609,2.7730
6459,44,389,8.84,20.9,0,corps,11.757147366727683,4.3105
6460,31,281,9.06,15.1,0,corps,11.75326976252615,2.5228
6461,30,325,10.83,14.7,0,corps,11.7493940966421,4.0270
6462,21,179,8.52,10.7,0,corps,11.745520368106618,2.9866
6463,19,212,11.16,9.8,0,corps,11.741648575951263,2.1895
6464,28,268,9.57,13.8,0,corps,11.737778719208094,3.6569
6465,19,158,8.32,9.8,0,corps,11.73391079690965,1.7666
6466,33,283,8.58,16.0,0,corps,11.730044808088941,3.0972
6467,13,121,9.31,7.1,0,corps,11.726180751779475,3.1532
6468,32,291,9.09,15.6,0,corps,11.722318627015236,2.4464
6469,22,218,9.91,11.1,0,corps,11.718458432830694,2.1282
6470,15,137,9.13,8.0,0,corps,11.714600168260805,5.2047
6471,30,291,9.70,14.7,0,corps,11.710743832340995,3.9477
6472,39,343,8.79,18.7,0,corps,11.706889424107182,1.5348
6473,10,103,10.30,5.8,0,corps,11.703036942595766,6.0330
6474,26,258,9.92,12.9,0,corps,11.699186386843625,2.6769
6475,34,370,10.88,16.4,0,corps,11.695337755888124,2.6888
6476,36,343,9.53,17.3,0,corps,11.691491048767096,3.5044
6477,19,159,8.37,9.8,0,corps,11.687646264518875,2.1725
6478,20,180,9.00,10.2,0,corps,11.683803402182264,1.6474
6479,33,343,10.39,16.0,0,corps,11.679962460796537,3.8205
6480,4,53,13.25,3.1,0,corps,11.676123439401465,1.7084
6481,6,85,14.17,4.0,0,corps,11.672286337037296,0.9510
6482,10,91,9.10,5.8,0,corps,11.66845115274475,6.0459
6483,14,120,8.57,7.6,0,corps,11.664617885565034,1.5356
6484,16,189,11.81,8.4,0,corps,11.660786534539827,3.8651
6485,12,108,9.00,6.7,0,corps,11.656957098711294,5.0740
6486,23,250,10.87,11.6,0,corps,11.653129577122076,2.6519
6487,21,229,10.90,10.7,0,corps,11.64930396881529,3.1740
6488,11,105,9.55,6.2,0,corps,11.645480272834538,1.5511
6489,6,46,7.67,4.0,0,corps,11.641658488223896,9.1263
6490,15,139,9.27,8.0,0,corps,11.637838614027912,2.9843
6491,29,314,10.83,14.2,0,corps,11.634020649291624,2.9569
6492,10,81,8.10,5.8,0,corps,11.630204593060537,1.3551
6493,12,107,8.92,6.7,0,corps,11.626390444380636,1.1582
6494,30,329,10.97,14.7,0,corps,11.622578202298389,4.0721
6495,39,437,11.21,18.7,0,corps,11.618767865860733,3.8712
6496,26,212,8.15,12.9,0,corps,11.614959434115079,3.6571
6497,10,85,8.50,5.8,0,corps,11.611152906109327,5.8554
6498,13,108,8.31,7.1,0,corps,11.607348280891838,2.8693
6499,16,149,9.31,8.4,0,corps,11.603545557511463,3.7719
6500,34,332,9.76,16.4,0,corps,11.599744735017515,1.8513
6501,10,93,9.30,5.8,0,corps,11.595945812459787,1.8522
6502,24,198,8.25,12.0,0,corps,11.592148788888556,3.4057
6503,15,155,10.33,8.0,0,corps,11.588353663354562,2.6248
6504,16,133,8.31,8.4,0,corps,11.584560434909022,5.3638
6505,9,93,10.33,5.3,0,corps,11.58076910260363,6.1694
6506,14,154,11.00,7.6,0,corps,11.57697966549055,3.3428
6507,36,352,9.78,17.3,0,corps,11.57319212262243,3.9936
6508,14,141,10.07,7.6,0,corps,11.569406473052378,2.2761
6509,32,336,10.50,15.6,0,corps,11.565622715833983,2.5942
6510,42,449,10.69,20.0,0,corps,11.561840850021312,6.3304
6511,17,135,7.94,8.9,0,corps,11.558060874668888,2.1058
6512,40,442,11.05,19.1,0,corps,11.554282788831724,3.3745
6513,12,134,11.17,6.7,0,corps,11.550506591565297,2.1420
6514,6,57,9.50,4.0,0,corps,11.54673228192555,2.7209
6515,18,172,9.56,9.3,0,corps,11.542959858968924,5.2198
6516,7,49,7.00,4.4,0,corps,11.539189321752295,10.8012
6517,15,186,12.40,8.0,0,corps,11.535420669333035,3.2987
6518,25,201,8.04,12.4,0,corps,11.531653900768987,4.1253
6519,24,267,11.12,12.0,0,corps,11.527889015118447,3.2858
6520,35,328,9.37,16.9,0,corps,11.524126011440206,5.2661
6521,24,219,9.12,12.0,0,corps,11.520364888793502,3.9171
6522,20,166,8.30,10.2,0,corps,11.516605646238062,2.7603
6523,24,237,9.88,12.0,0,corps,11.512848282834073,4.0652
6524,27,264,9.78,13.3,0,corps,11.509092797642193,2.9020
6525,18,175,9.72,9.3,0,corps,11.505339189723552,2.7542
6526,13,102,7.85,7.1,0,corps,11.501587458139747,2.0174
6527,17,173,10.18,8.9,0,corps,11.497837601952845,2.7995
6528,19,181,9.53,9.8,0,corps,11.494089620225386,1.7943
6529,22,211,9.59,11.1,0,corps,11.490343512020369,4.5980
6530,18,153,8.50,9.3,0,corps,11.486599276401266,2.4092
6531,19,147,7.74,9.8,0,corps,11.482856912432023,3.6186
6532,18,174,9.67,9.3,0,corps,11.47911641917705,2.5845
6533,18,150,8.33,9.3,0,corps,11.475377795701217,3.0254
6534,40,410,10.25,19.1,0,corps,11.471641041069875,4.5162
6535,24,271,11.29,12.0,0,corps,11.467906154348828,3.7299
6536,31,276,8.90,15.1,0,corps,11.464173134604364,4.2859
6537,11,106,9.64,6.2,0,corps,11.46044198090322,7.4543
6538,18,168,9.33,9.3,0,corps,11.456712692312607,4.9887
6539,22,246,11.18,11.1,0,corps,11.452985267900209,2.9442
6540,20,235,11.75,10.2,0,corps,11.449259706734166,2.5191
6541,30,320,10.67,14.7,0,corps,11.445536007883087,4.2907
6542,25,241,9.64,12.4,0,corps,11.441814170416054,3.7122
6543,18,182,10.11,9.3,0,corps,11.438094193402595,4.5740
6544,26,257,9.88,12.9,0,corps,11.43437607591273,3.0774
6545,14,178,12.71,7.6,0,corps,11.43065981701692,4.9284
6546,8,70,8.75,4.9,0,corps,11.426945415786099,1.8236
6547,36,382,10.61,17.3,0,corps,11.423232871291678,2.1602
6548,18,205,11.39,9.3,0,corps,11.419522182605506,3.3575
6549,29,264,9.10,14.2,0,corps,11.415813348799922,2.1393
6550,27,280,10.37,13.3,0,corps,11.412106368947716,2.8530
6551,19,171,9.00,9.8,0,corps,11.408401242122137,4.6591
6552,15,149,9.93,8.0,0,corps,11.404697967396912,5.0917
6553,30,350,11.67,14.7,0,corps,11.400996543846212,3.9974
6554,14,138,9.86,7.6,0,corps,11.397296970544687,6.1918
6555,17,155,9.12,8.9,0,corps,11.39359924656745,5.1302
6556,10,100,10.00,5.8,0,corps,11.389903370990057,1.3098
6557,8,94,11.75,4.9,0,corps,11.386209342888542,1.8482
6558,17,154,9.06,8.9,0,corps,11.38251716133941,2.1547
6559,28,311,11.11,13.8,0,corps,11.3788268254196,3.6023
6560,18,223,12.39,9.3,0,corps,11.37513833420654,2.0749
6561,30,368,12.27,14.7,0,corps,11.371451686778098,5.2312
6562,14,174,12.43,7.6,0,corps,11.367766882212615,5.0473
6563,34,342,10.06,16.4,0,corps,11.364083919588893,4.2466
6564,16,139,8.69,8.4,0,corps,11.360402797986191,7.4846
6565,27,247,9.15,13.3,0,corps,11.356723516484221,3.9169
6566,21,165,7.86,10.7,0,corps,11.353046074163176,4.5304
6567,33,376,11.39,16.0,0,corps,11.34937047010368,2.8350
6568,25,240,9.60,12.4,0,corps,11.345696703386848,3.6772
6569,26,302,11.62,12.9,0,corps,11.342024773094225,4.5449
6570,13,149,11.46,7.1,0,corps,11.338354678307835,4.3306
6571,32,342,10.69,15.6,0,corps,11.334686418110154,3.0010
6572,15,150,10.00,8.0,0,corps,11.331019991584112,4.2040
6573,19,165,8.68,9.8,0,corps,11.327355397813108,4.5025
6574,12,128,10.67,6.7,0,corps,11.323692635880994,5.8900
6575,16,192,12.00,8.4,0,corps,11.320031704872074,1.5272
6576,14,133,9.50,7.6,0,corps,11.316372603871121,4.7085
6577,36,396,11.00,17.3,0,corps,11.312715331963355,4.7530
6578,25,256,10.24,12.4,0,corps,11.30905988823446,2.0387
6579,13,159,12.23,7.1,0,corps,11.305406271770577,4.0623
6580,26,258,9.92,12.9,0,corps,11.3017544816583,4.2195
6581,14,169,12.07,7.6,0,corps,11.298104516984678,3.5129
6582,13,145,11.15,7.1,0,corps,11.294456376837225,1.7442
6583,19,211,11.11,9.8,0,corps,11.290810060303905,3.4990
6584,21,268,12.76,10.7,0,corps,11.28716556647314,4.4043
6585,27,275,10.19,13.3,0,corps,11.283522894433801,2.7335
6586,22,204,9.27,11.1,0,corps,11.279882043275224,3.9977
6587,22,212,9.64,11.1,0,corps,11.276243012087198,4.1597
6588,17,177,10.41,8.9,0,corps,11.272605799959958,2.3401
6589,15,112,7.47,8.0,0,corps,11.268970405984211,5.1658
6590,33,393,11.91,16.0,0,corps,11.265336829251101,3.6158
6591,23,196,8.52,11.6,0,corps,11.261705068852237,4.0298
6592,19,156,8.21,9.8,0,corps,11.25807512387968,3.6066
6593,19,164,8.63,9.8,0,corps,11.25444699342594,1.6844
6594,23,216,9.39,11.6,0,corps,11.250820676583984,3.0559
6595,33,301,9.12,16.0,0,corps,11.247196172447238,5.1293
6596,14,157,11.21,7.6,0,corps,11.24357348010957,1.9051
6597,26,215,8.27,12.9,0,corps,11.239952598665312,2.9248
6598,14,147,10.50,7.6,0,corps,11.236333527209242,2.0478
6599,15,136,9.07,8.0,0,corps,11.232716264836586,3.4636
6600,34,361,10.62,16.4,0,corps,11.229100810643041,5.2648
6601,21,185,8.81,10.7,0,corps,11.225487163724734,3.8530
6602,19,177,9.32,9.8,0,corps,11.221875323178255,2.6118
6603,33,308,9.33,16.0,0,corps,11.218265288100646,3.3924
6604,23,174,7.57,11.6,0,corps,11.214657057589392,7.2849
6605,11,111,10.09,6.2,0,corps,11.211050630742442,4.0175
6606,9,69,7.67,5.3,0,corps,11.20744600665819,4.5030
6607,8,62,7.75,4.9,0,corps,11.203843184435474,10.0006
6608,22,247,11.23,11.1,0,corps,11.200242163173597,2.9998
6609,32,279,8.72,15.6,0,corps,11.196642941972293,5.2122
6610,18,130,7.22,9.3,0,corps,11.19304551993176,5.4699
6611,14,124,8.86,7.6,0,corps,11.18944989615265,1.7996
6612,19,166,8.74,9.8,0,corps,11.185856069736047,3.8974
6613,18,189,10.50,9.3,0,corps,11.182264039783501,2.8891
6614,24,235,9.79,12.0,0,corps,11.178673805397004,3.4401
6615,15,141,9.40,8.0,0,corps,11.175085365678994,3.9679
6616,17,165,9.71,8.9,0,corps,11.171498719732364,8.5431
6617,10,88,8.80,5.8,0,corps,11.16791386666045,4.8833
6618,39,386,9.90,18.7,0,corps,11.164330805567038,2.7989
6619,16,135,8.44,8.4,0,corps,11.16074953555637,4.1681
6620,29,262,9.03,14.2,0,corps,11.157170055733118,4.6061
6621,22,229,10.41,11.1,0,corps,11.15359236520242,4.0221
6622,24,200,8.33,12.0,0,corps,11.15001646306985,3.5739
6623,28,277,9.89,13.8,0,corps,11.146442348441433,5.4072
6624,6,50,8.33,4.0,0,corps,11.142870020423642,2.7107
6625,3,27,9.00,2.7,0,corps,11.139299478123391,2.8369
6626,27,309,11.44,13.3,0,corps,11.135730720648047,4.9107
6627,33,320,9.70,16.0,0,corps,11.13216374710542,3.1768
6628,46,429,9.33,21.8,0,corps,11.128598556603766,3.0213
6629,29,288,9.93,14.2,0,corps,11.125035148251794,2.5121
6630,42,467,11.12,20.0,0,corps,11.12147352115864,3.8045
6631,25,241,9.64,12.4,0,corps,11.117913674433904,2.8849
6632,34,330,9.71,16.4,0,corps,11.114355607187626,4.1107
6633,14,149,10.64,7.6,0,corps,11.110799318530285,3.2836
6634,36,401,11.14,17.3,0,corps,11.10724480757281,4.1663
6635,8,68,8.50,4.9,0,corps,11.103692073426577,7.1695
6636,17,120,7.06,8.9,0,corps,11.1001411152034,3.7054
6637,13,117,9.00,7.1,0,corps,11.096591932015535,3.6911
6638,23,201,8.74,11.6,0,corps,11.09304452297569,2.6528
6639,21,169,8.05,10.7,0,corps,11.089498887197013,7.6846
6640,17,154,9.06,8.9,0,corps,11.085955023793097,3.5497
6641,38,373,9.82,18.2,0,corps,11.082412931877975,4.5734
6642,28,238,8.50,13.8,0,corps,11.078872610566117,2.8107
6643,35,486,13.89,16.9,0,corps,11.075334058972455,4.2090
6644,15,173,11.53,8.0,0,corps,11.071797276212342,2.3418
6645,26,295,11.35,12.9,0,corps,11.068262261401586,4.5758
6646,24,281,11.71,12.0,0,corps,11.06472901365643,2.2651
6647,11,134,12.18,6.2,0,corps,11.061197532093564,1.1139
6648,10,98,9.80,5.8,0,corps,11.057667815830118,1.2262
6649,13,96,7.38,7.1,0,corps,11.054139863983664,1.6389
6650,10,111,11.10,5.8,0,corps,11.050613675672214,3.3096
6651,14,128,9.14,7.6,0,corps,11.047089250014217,4.6207
6652,4,23,5.75,3.1,0,corps,11.04356658612857,2.4910
6653,27,319,11.81,13.3,0,corps,11.040045683134608,2.4013
6654,22,199,9.05,11.1,0,corps,11.0365265401521,3.9748
6655,31,265,8.55,15.1,0,corps,11.033009156301265,2.1131
6656,7,62,8.86,4.4,0,corps,11.029493530702759,1.9274
6657,41,382,9.32,19.6,0,corps,11.025979662477667,6.2635
6658,18,173,9.61,9.3,0,corps,11.022467550747528,3.1169
6659,20,195,9.75,10.2,0,corps,11.018957194634316,4.3013
6660,10,114,11.40,5.8,0,corps,11.015448593260437,3.6225
6661,16,117,7.31,8.4,0,corps,11.011941745748747,3.2122
6662,32,342,10.69,15.6,0,corps,11.008436651222524,2.7162
6663,5,62,12.40,3.6,0,corps,11.004933308805503,1.3660
6664,25,233,9.32,12.4,0,corps,11.001431717621848,4.4282
6665,9,78,8.67,5.3,0,corps,10.997931876796157,1.3194
6666,21,218,10.38,10.7,0,corps,10.99443378545347,2.0520
6667,17,162,9.53,8.9,0,corps,10.99093744271927,3.7600
6668,18,169,9.39,9.3,0,corps,10.98744284771946,4.7827
6669,13,121,9.31,7.1,0,corps,10.983949999580405,1.8033
6670,14,129,9.21,7.6,0,corps,10.980458897428885,2.7134
6671,17,147,8.65,8.9,0,corps,10.976969540392123,3.4207
6672,21,228,10.86,10.7,0,corps,10.973481927597787,2.0675
6673,23,211,9.17,11.6,0,corps,10.969996058173964,2.5327
6674,11,101,9.18,6.2,0,corps,10.966511931249192,3.9068
6675,28,271,9.68,13.8,0,corps,10.963029545952446,4.4597
6676,14,139,9.93,7.6,0,corps,10.959548901413116,1.5948
6677,36,293,8.14,17.3,0,corps,10.95606999676105,2.4102
6678,13,96,7.38,7.1,0,corps,10.95259283112652,1.8709
6679,8,70,8.75,4.9,0,corps,10.949117403640232,6.1164
6680,19,142,7.47,9.8,0,corps,10.945643713433334,3.5465
6681,15,147,9.80,8.0,0,corps,10.942171759637398,5.3672
6682,26,266,10.23,12.9,0,corps,10.938701541384438,5.0688
6683,25,194,7.76,12.4,0,corps,10.9352330578069,4.7885
6684,32,309,9.66,15.6,0,corps,10.931766308037663,4.3684
6685,30,265,8.83,14.7,0,corps,10.92830129121004,4.4854
6686,32,281,8.78,15.6,0,corps,10.924838006457774,2.9212
6687,19,142,7.47,9.8,0,corps,10.921376452915046,1.9627
6688,23,231,10.04,11.6,0,corps,10.917916629716467,8.7350
6689,19,173,9.11,9.8,0,corps,10.914458535997085,4.1164
6690,27,248,9.19,13.3,0,corps,10.911002170892367,5.2986
6691,12,88,7.33,6.7,0,corps,10.907547533538233,2.7836
6692,30,278,9.27,14.7,0,corps,10.904094623071014,2.5120
6693,20,190,9.50,10.2,0,corps,10.900643438627492,3.7162
6694,39,372,9.54,18.7,0,corps,10.897193979344861,2.6009
6695,27,272,10.07,13.3,0,corps,10.893746244360763,2.2155
6696,36,341,9.47,17.3,0,corps,10.890300232813264,5.5317
6697,7,55,7.86,4.4,0,corps,10.886855943840853,2.0777
6698,14,105,7.50,7.6,0,corps,10.883413376582466,3.8945
6699,12,115,9.58,6.7,0,corps,10.879972530177461,7.0941
6700,21,162,7.71,10.7,0,corps,10.876533403765626,5.3542
6701,41,442,10.78,19.6,0,corps,10.873095996487175,3.9469
6702,7,74,10.57,4.4,0,corps,10.869660307482759,1.0485
6703,23,229,9.96,11.6,0,corps,10.866226335893456,3.6346
6704,20,159,7.95,10.2,0,corps,10.862794080860775,2.9866
6705,36,306,8.50,17.3,0,corps,10.859363541526646,2.9414
6706,10,96,9.60,5.8,0,corps,10.855934717033438,1.7453
6707,8,69,8.62,4.9,0,corps,10.852507606523949,8.2411
6708,6,65,10.83,4.0,0,corps,10.849082209141391,1.9330
6709,16,165,10.31,8.4,0,corps,10.84565852402943,2.4930
6710,9,101,11.22,5.3,0,corps,10.84223655033213,5.8687
6711,19,163,8.58,9.8,0,corps,10.838816287194,3.8082
6712,10,99,9.90,5.8,0,corps,10.835397733759985,1.6840
6713,33,363,11.00,16.0,0,corps,10.831980889175435,2.3619
6714,21,193,9.19,10.7,0,corps,10.828565752586142,4.5972
6715,31,311,10.03,15.1,0,corps,10.825152323138326,4.7969
6716,53,529,9.98,24.9,0,corps,10.821740599978625,3.8636
6717,9,86,9.56,5.3,0,corps,10.81833058225411,5.9861
6718,22,200,9.09,11.1,0,corps,10.814922269112273,3.1830
6719,18,170,9.44,9.3,0,corps,10.811515659701037,1.5548
6720,17,152,8.94,8.9,0,corps,10.808110753168759,2.4024
6721,15,127,8.47,8.0,0,corps,10.804707548664199,3.5795
6722,32,295,9.22,15.6,0,corps,10.801306045336561,4.2794
6723,21,197,9.38,10.7,0,corps,10.797906242335475,3.4332
6724,20,197,9.85,10.2,0,corps,10.794508138810983,3.6689
6725,26,219,8.42,12.9,0,corps,10.79111173391356,4.6304
6726,11,132,12.00,6.2,0,corps,10.787717026794105,4.2233
6727,10,82,8.20,5.8,0,corps,10.784324016603945,5.6212
6728,13,120,9.23,7.1,0,corps,10.780932702494821,2.7716
6729,17,174,10.24,8.9,0,corps,10.777543083618909,4.7166
6730,22,220,10.00,11.1,0,corps,10.774155159128803,3.2681
6731,28,244,8.71,13.8,0,corps,10.770768928177526,4.9987
6732,13,127,9.77,7.1,0,corps,10.767384389918512,4.2729
6733,21,236,11.24,10.7,0,corps,10.764001543505634,2.6832
6734,21,187,8.90,10.7,0,corps,10.760620388093173,4.9542
6735,21,219,10.43,10.7,0,corps,10.757240922835845,2.2241
6736,18,182,10.11,9.3,0,corps,10.753863146888786,2.7412
6737,30,259,8.63,14.7,0,corps,10.750487059407545,3.5367
6738,18,168,9.33,9.3,0,corps,10.747112659548108,2.5886
6739,4,28,7.00,3.1,0,corps,10.74373994646687,4.4611
6740,18,209,11.61,9.3,0,corps,10.74036891932065,1.8426
6741,14,125,8.93,7.6,0,corps,10.736999577266701,5.9306
6742,21,231,11.00,10.7,0,corps,10.733631919462677,3.9299
6743,19,225,11.84,9.8,0,corps,10.73026594506667,2.0207
6744,6,51,8.50,4.0,0,corps,10.726901653237183,8.5974
6745,17,215,12.65,8.9,0,corps,10.723539043133142,2.6491
6746,35,296,8.46,16.9,0,corps,10.7201781139139,4.9561
6747,24,193,8.04,12.0,0,corps,10.716818864739222,4.4790
6748,13,116,8.92,7.1,0,corps,10.713461294769294,3.2415
6749,22,216,9.82,11.1,0,corps,10.710105403164727,4.0572
6750,15,156,10.40,8.0,0,corps,10.70675118908654,6.8720
6751,10,83,8.30,5.8,0,corps,10.703398651696192,3.6228
6752,29,273,9.41,14.2,0,corps,10.700047790155539,4.7407
6753,12,131,10.92,6.7,0,corps,10.696698603626867,4.5761
6754,20,213,10.65,10.2,0,corps,10.693351091272884,1.7916
6755,22,167,7.59,11.1,0,corps,10.690005252256704,6.3069
6756,20,160,8.00,10.2,0,corps,10.686661085741875,5.0661
6757,15,129,8.60,8.0,0,corps,10.683318590892355,5.5051
6758,20,250,12.50,10.2,0,corps,10.679977766872511,3.2818
6759,12,110,9.17,6.7,0,corps,10.676638612847148,5.4852
6760,20,221,11.05,10.2,0,corps,10.673301127981471,4.1150
6761,16,165,10.31,8.4,0,corps,10.66996531144111,2.5838
6762,13,141,10.85,7.1,0,corps,10.666631162392115,2.0993
6763,26,246,9.46,12.9,0,corps,10.663298680000944,7.2406
6764,21,183,8.71,10.7,0,corps,10.659967863434474,4.8639
6765,16,146,9.12,8.4,0,corps,10.656638711860012,1.5829
6766,20,202,10.10,10.2,0,corps,10.653311224445256,1.9013
6767,29,262,9.03,14.2,0,corps,10.649985400358341,2.7720
6768,21,155,7.38,10.7,0,corps,10.646661238767816,3.8440
6769,25,227,9.08,12.4,0,corps,10.643338738842631,4.8249
6770,16,159,9.94,8.4,0,corps,10.640017899752168,4.0223
6771,16,172,10.75,8.4,0,corps,10.636698720666212,3.3128
6772,28,249,8.89,13.8,0,corps,10.633381200754972,4.8129
6773,25,191,7.64,12.4,0,corps,10.630065339189068,5.6959
6774,13,122,9.38,7.1,0,corps,10.626751135139529,5.2987
6775,22,185,8.41,11.1,0,corps,10.623438587777812,1.9240
6776,19,205,10.79,9.8,0,corps,10.620127696275775,5.3243
6777,20,216,10.80,10.2,0,corps,10.616818459805696,5.2482
6778,14,119,8.50,7.6,0,corps,10.613510877540271,4.2473
6779,21,243,11.57,10.7,0,corps,10.610204948652594,2.6042
6780,23,200,8.70,11.6,0,corps,10.606900672316188,7.3785
6781,40,374,9.35,19.1,0,corps,10.60359804770499,4.3250
6782,43,410,9.53,20.4,0,corps,10.600297073993337,3.2789
6783,27,258,9.56,13.3,0,corps,10.596997750355985,5.2459
6784,25,249,9.96,12.4,0,corps,10.593700075968107,2.4340
6785,23,266,11.57,11.6,0,corps,10.590404050005278,2.6439
6786,21,162,7.71,10.7,0,corps,10.587109671643502,3.4899
6787,11,79,7.18,6.2,0,corps,10.583816940059174,2.8808
6788,15,129,8.60,8.0,0,corps,10.580525854429112,4.2884
6789,22,231,10.50,11.1,0,corps,10.577236413930557,3.0290
6790,14,129,9.21,7.6,0,corps,10.573948617741133,2.0828
6791,21,171,8.14,10.7,0,corps,10.570662465038899,6.1601
6792,39,403,10.33,18.7,0,corps,10.567377955002316,3.7107
6793,31,318,10.26,15.1,0,corps,10.564095086810255,2.8840
6794,20,174,8.70,10.2,0,corps,10.560813859642003,2.3825
6795,22,202,9.18,11.1,0,corps,10.557534272677247,1.7846
6796,14,121,8.64,7.6,0,corps,10.554256325096093,10.2750
6797,17,252,14.82,8.9,0,corps,10.550980016079055,1.4425
6798,28,291,10.39,13.8,0,corps,10.547705344807056,5.6544
6799,40,359,8.97,19.1,0,corps,10.544432310461428,3.8131
6800,39,404,10.36,18.7,0,corps,10.541160912223912,4.2774
6801,31,297,9.58,15.1,0,corps,10.537891149276657,2.9205
6802,19,212,11.16,9.8,0,corps,10.534623020802226,2.1751
6803,23,222,9.65,11.6,0,corps,10.531356525983579,1.9530
6804,22,205,9.32,11.1,0,corps,10.5280916640041,3.9056
6805,14,109,7.79,7.6,0,corps,10.524828434047572,7.3173
6806,29,252,8.69,14.2,0,corps,10.521566835298183,5.3793
6807,12,158,13.17,6.7,0,corps,10.518306866940538,2.2557
6808,20,272,13.60,10.2,0,corps,10.515048528159648,1.5943
6809,41,422,10.29,19.6,0,corps,10.51179181814092,2.5630
6810,20,193,9.65,10.2,0,corps,10.508536736070184,3.0111
6811,31,294,9.48,15.1,0,corps,10.505283281133662,4.7028
6812,45,532,11.82,21.3,0,corps,10.502031452517993,3.7767
6813,18,158,8.78,9.3,0,corps,10.498781249410225,5.5373
6814,24,349,14.54,12.0,0,corps,10.4955326709978,2.3072
6815,10,93,9.30,5.8,0,corps,10.492285716468578,4.8802
6816,28,320,11.43,13.8,0,corps,10.489040385010822,2.7912
6817,20,185,9.25,10.2,0,corps,10.48579667581319,3.2412
6818,25,258,10.32,12.4,0,corps,10.482554588064769,2.7584
6819,26,308,11.85,12.9,0,corps,10.479314120955022,4.2705
6820,13,183,14.08,7.1,0,corps,10.476075273673837,1.9588
6821,21,192,9.14,10.7,0,corps,10.472838045411512,1.9856
6822,21,182,8.67,10.7,0,corps,10.469602435358727,3.9463
6823,36,346,9.61,17.3,0,corps,10.466368442706584,2.5444
6824,33,360,10.91,16.0,0,corps,10.46313606664659,3.9025
6825,27,215,7.96,13.3,0,corps,10.45990530637064,3.4848
6826,15,154,10.27,8.0,0,corps,10.456676161071055,3.2434
6827,28,269,9.61,13.8,0,corps,10.453448629940542,2.9772
6828,7,55,7.86,4.4,0,corps,10.45022271217222,10.7079
6829,9,95,10.56,5.3,0,corps,10.446998406959612,5.2840
6830,33,346,10.48,16.0,0,corps,10.443775713496636,2.2629
6831,19,168,8.84,9.8,0,corps,10.440554630977623,1.5157
6832,5,46,9.20,3.6,0,corps,10.437335158597302,2.0615
6833,14,122,8.71,7.6,0,corps,10.434117295550802,1.7696
6834,23,203,8.83,11.6,0,corps,10.430901041033664,4.3766
6835,13,125,9.62,7.1,0,corps,10.427686394241817,3.2074
6836,32,315,9.84,15.6,0,corps,10.4244733543716,1.9723
6837,11,94,8.55,6.2,0,corps,10.42126192061976,3.6661
6838,18,166,9.22,9.3,0,corps,10.418052092183427,1.8938
6839,22,179,8.14,11.1,0,corps,10.414843868260155,2.5165
6840,18,186,10.33,9.3,0,corps,10.411637248047883,2.4935
6841,12,108,9.00,6.7,0,corps,10.408432230744955,2.8489
6842,39,380,9.74,18.7,0,corps,10.405228815550121,3.1617
6843,16,116,7.25,8.4,0,corps,10.40202700166252,2.1939
6844,3,19,6.33,2.7,0,corps,10.398826788281706,1.9767
6845,20,172,8.60,10.2,0,corps,10.395628174607621,2.0254
6846,20,197,9.85,10.2,0,corps,10.392431159840616,3.5793
6847,37,372,10.05,17.8,0,corps,10.38923574318143,2.6688
6848,37,368,9.95,17.8,0,corps,10.386041923831216,1.7082
6849,30,251,8.37,14.7,0,corps,10.382849700991514,4.8075
6850,17,161,9.47,8.9,0,corps,10.379659073864273,1.5639
6851,31,292,9.42,15.1,0,corps,10.376470041651832,1.7097
6852,28,239,8.54,13.8,0,corps,10.373282603556932,2.6931
6853,35,314,8.97,16.9,0,corps,10.37009675878272,5.1918
6854,21,233,11.10,10.7,0,corps,10.36691250653273,2.0000
6855,27,275,10.19,13.3,0,corps,10.363729846010896,4.3070
6856,32,304,9.50,15.6,0,corps,10.360548776421563,3.5772
6857,28,245,8.75,13.8,0,corps,10.357369296969454,1.8842
6858,16,154,9.62,8.4,0,corps,10.354191406859703,4.1241
6859,22,224,10.18,11.1,0,corps,10.351015105297837,3.6321
6860,30,307,10.23,14.7,0,corps,10.347840391489779,3.0529
6861,17,138,8.12,8.9,0,corps,10.344667264641854,2.5902
6862,21,200,9.52,10.7,0,corps,10.341495723960776,4.2822
6863,14,146,10.43,7.6,0,corps,10.338325768653664,2.8570
6864,17,203,11.94,8.9,0,corps,10.335157397928027,1.3484
6865,32,410,12.81,15.6,0,corps,10.33199061099177,4.4974
6866,23,217,9.43,11.6,0,corps,10.328825407053202,2.1747
6867,19,143,7.53,9.8,0,corps,10.325661785321017,4.8634
6868,8,88,11.00,4.9,0,corps,10.32249974500431,1.6084
6869,20,167,8.35,10.2,0,corps,10.319339285312576,2.3062
6870,23,293,12.74,11.6,0,corps,10.316180405455693,2.5707
6871,28,245,8.75,13.8,0,corps,10.313023104643944,3.0887
6872,22,218,9.91,11.1,0,corps,10.309867382088006,2.0228
6873,30,318,10.60,14.7,0,corps,10.306713236998947,2.7017
6874,15,138,9.20,8.0,0,corps,10.30356066858823,3.0576
6875,15,169,11.27,8.0,0,corps,10.300409676067709,1.8994
6876,30,318,10.60,14.7,0,corps,10.297260258649644,3.0973
6877,20,177,8.85,10.2,0,corps,10.294112415546675,4.4599
6878,21,247,11.76,10.7,0,corps,10.290966145971842,3.3191
6879,24,308,12.83,12.0,0,corps,10.287821449138582,1.9275
6880,24,261,10.88,12.0,0,corps,10.28467832426071,3.1291
6881,20,291,14.55,10.2,0,corps,10.281536770552455,2.7146
6882,28,386,13.79,13.8,0,corps,10.278396787228427,3.6757
6883,10,95,9.50,5.8,0,corps,10.275258373503629,2.6581
6884,28,322,11.50,13.8,0,corps,10.272121528593454,3.8180
6885,26,294,11.31,12.9,0,corps,10.268986251713697,2.6927
6886,8,92,11.50,4.9,0,corps,10.265852542080534,5.9338
6887,13,144,11.08,7.1,0,corps,10.262720398910542,2.7464
6888,30,321,10.70,14.7,0,corps,10.259589821420676,2.7255
6889,12,109,9.08,6.7,0,corps,10.256460808828303,4.1575
6890,33,274,8.30,16.0,0,corps,10.253333360351164,2.9590
6891,35,337,9.63,16.9,0,corps,10.250207475207397,3.1395
6892,27,298,11.04,13.3,0,corps,10.247083152615527,4.4839
6893,18,201,11.17,9.3,0,corps,10.243960391794484,3.9489
6894,16,146,9.12,8.4,0,corps,10.24083919196357,3.6864
6895,3,37,12.33,2.7,0,corps,10.237719552342488,1.1807
6896,19,206,10.84,9.8,0,corps,10.234601472151322,1.9521
6897,19,187,9.84,9.8,0,corps,10.23148495061056,6.3118
6898,17,143,8.41,8.9,0,corps,10.228369986941068,5.7594
6899,16,223,13.94,8.4,0,corps,10.225256580364103,2.3041
6900,22,208,9.45,11.1,0,corps,10.222144730101315,1.7267
6901,22,220,10.00,11.1,0,corps,10.219034435374747,5.3429
6902,20,229,11.45,10.2,0,corps,10.215925695406817,3.2500
6903,26,231,8.88,12.9,0,corps,10.212818509420343,3.2322
6904,26,310,11.92,12.9,0,corps,10.209712876638527,2.9997
6905,26,261,10.04,12.9,0,corps,10.206608796284964,3.4465
6906,25,257,10.28,12.4,0,corps,10.203506267583636,2.9434
6907,44,428,9.73,20.9,0,corps,10.200405289758903,4.6289
6908,19,181,9.53,9.8,0,corps,10.197305862035524,2.1140
6909,28,268,9.57,13.8,0,corps,10.194207983638648,2.8679
6910,29,258,8.90,14.2,0,corps,10.191111653793794,5.7973
6911,15,204,13.60,8.0,0,corps,10.18801687172689,1.7109
6912,8,103,12.88,4.9,0,corps,10.184923636664234,1.3295
6913,26,275,10.58,12.9,0,corps,10.181831947832519,4.6541
6914,13,138,10.62,7.1,0,corps,10.178741804458824,3.7977
6915,13,120,9.23,7.1,0,corps,10.175653205770613,4.8638
6916,17,182,10.71,8.9,0,corps,10.172566150995735,1.6533
6917,24,280,11.67,12.0,0,corps,10.169480639362426,3.5079
6918,16,132,8.25,8.4,0,corps,10.166396670099312,5.1478
6919,14,127,9.07,7.6,0,corps,10.163314242435396,5.0760
6920,15,141,9.40,8.0,0,corps,10.16023335560007,2.7529
6921,12,89,7.42,6.7,0,corps,10.157154008823117,2.6294
6922,25,250,10.00,12.4,0,corps,10.1540762013347,3.0433
6923,31,351,11.32,15.1,0,corps,10.150999932365364,3.9127
6924,15,109,7.27,8.0,0,corps,10.147925201146041,5.5428
6925,13,150,11.54,7.1,0,corps,10.144852006908053,1.3686
6926,24,210,8.75,12.0,0,corps,10.141780348883099,3.5344
6927,15,159,10.60,8.0,0,corps,10.138710226303266,4.3162
6928,19,160,8.42,9.8,0,corps,10.135641638401015,4.2327
6929,17,153,9.00,8.9,0,corps,10.132574584409209,3.8346
6930,30,291,9.70,14.7,0,corps,10.129509063561084,6.0536
6931,19,187,9.84,9.8,0,corps,10.126445075090254,3.1693
6932,12,89,7.42,6.7,0,corps,10.123382618230723,8.5870
6933,22,231,10.50,11.1,0,corps,10.120321692216883,4.2605
6934,13,142,10.92,7.1,0,corps,10.117262296283494,4.3686
6935,15,133,8.87,8.0,0,corps,10.114204429665714,1.4603
6936,19,180,9.47,9.8,0,corps,10.11114809159907,3.4101
6937,10,86,8.60,5.8,0,corps,10.10809328131948,6.4415
6938,22,179,8.14,11.1,0,corps,10.105039998063248,3.1018
6939,25,229,9.16,12.4,0,corps,10.101988241067042,2.0489
6940,14,105,7.50,7.6,0,corps,10.098938009567929,1.8965
6941,8,79,9.88,4.9,0,corps,10.095889302803352,4.9594
6942,19,160,8.42,9.8,0,corps,10.092842120011131,3.8229
6943,12,94,7.83,6.7,0,corps,10.089796460429474,2.4750
6944,4,42,10.50,3.1,0,corps,10.08675232329696,1.5176
6945,22,179,8.14,11.1,0,corps,10.08370970785256,2.5741
6946,21,211,10.05,10.7,0,corps,10.080668613335622,7.5835
6947,14,196,14.00,7.6,0,corps,10.077629038985863,1.1142
6948,19,152,8.00,9.8,0,corps,10.074590984043398,2.7287
6949,22,246,11.18,11.1,0,corps,10.071554447748712,5.5993
6950,3,34,11.33,2.7,0,corps,10.068519429342668,3.4776
6951,31,291,9.39,15.1,0,corps,10.065485928066515,3.2875
6952,14,129,9.21,7.6,0,corps,10.062453943161874,4.7406
6953,21,194,9.24,10.7,0,corps,10.05942347387075,2.1479
6954,23,216,9.39,11.6,0,corps,10.056394519435527,3.4293
6955,21,217,10.33,10.7,0,corps,10.053367079098965,4.4537
6956,20,189,9.45,10.2,0,corps,10.050341152104203,3.1656
6957,27,256,9.48,13.3,0,corps,10.047316737694764,5.0142
6958,13,100,7.69,7.1,0,corps,10.044293835114537,4.5320
6959,22,222,10.09,11.1,0,corps,10.041272443607804,3.7415
6960,18,168,9.33,9.3,0,corps,10.038252562419212,5.3502
6961,21,187,8.90,10.7,0,corps,10.03523419079379,2.3834
6962,23,262,11.39,11.6,0,corps,10.03221732797695,1.6736
6963,10,83,8.30,5.8,0,corps,10.029201973214471,4.5502
6964,18,250,13.89,9.3,0,corps,10.026188125752517,1.3214
6965,18,171,9.50,9.3,0,corps,10.023175784837628,2.0223
6966,35,307,8.77,16.9,0,corps,10.020164949716715,4.6687
6967,19,219,11.53,9.8,0,corps,10.017155619637071,2.8842
6968,23,253,11.00,11.6,0,corps,10.014147793846362,4.1404
6969,25,292,11.68,12.4,0,corps,10.011141471592634,4.0027
6970,31,338,10.90,15.1,0,corps,10.008136652124307,3.2433
6971,16,150,9.38,8.4,0,corps,10.005133334690171,2.0770
6972,28,228,8.14,13.8,0,corps,10.0021315185394,4.3151
6973,13,117,9.00,7.1,0,corps,9.999131202921543,3.2500
6974,10,82,8.20,5.8,0,corps,9.996132387086515,4.7959
6975,23,206,8.96,11.6,0,corps,9.993135070284618,2.9324
6976,30,311,10.37,14.7,0,corps,9.990139251766518,3.0489
6977,15,129,8.60,8.0,0,corps,9.987144930783261,4.9692
6978,21,215,10.24,10.7,0,corps,9.98415210658627,3.5859
6979,22,165,7.50,11.1,0,corps,9.981160778427336,3.8698
6980,24,191,7.96,12.0,0,corps,9.978170945558626,2.9170
6981,21,186,8.86,10.7,0,corps,9.975182607232687,3.4842
6982,11,91,8.27,6.2,0,corps,9.97219576270243,7.6869
6983,23,221,9.61,11.6,0,corps,9.969210411221145,5.4693
6984,11,91,8.27,6.2,0,corps,9.966226552042489,9.2073
6985,24,269,11.21,12.0,0,corps,9.963244184420507,3.8542
6986,27,237,8.78,13.3,0,corps,9.960263307609603,3.7818
6987,29,296,10.21,14.2,0,corps,9.957283920864555,4.3313
6988,34,341,10.03,16.4,0,corps,9.954306023440514,4.5767
6989,24,222,9.25,12.0,0,corps,9.951329614593018,6.0541
6990,7,68,9.71,4.4,0,corps,9.94835469357795,6.7893
6991,24,223,9.29,12.0,0,corps,9.945381259651592,2.5106
6992,17,163,9.59,8.9,0,corps,9.942409312070575,7.0505
6993,20,203,10.15,10.2,0,corps,9.93943885009192,4.5448
6994,14,147,10.50,7.6,0,corps,9.936469872973008,5.1024
6995,41,479,11.68,19.6,0,corps,9.933502379971594,5.3984
6996,21,218,10.38,10.7,0,corps,9.930536370345806,2.8352
6997,35,314,8.97,16.9,0,corps,9.927571843354144,4.0326
6998,9,82,9.11,5.3,0,corps,9.924608798255468,2.0055
6999,25,209,8.36,12.4,0,corps,9.92164723430903,4.9720
7000,26,393,15.12,12.9,0,corps,9.918687150774426,3.8917
7001,38,417,10.97,18.2,0,corps,9.915728546911643,3.2277
7002,26,305,11.73,12.9,0,corps,9.912771421981025,4.5066
7003,25,271,10.84,12.4,0,corps,9.909815775243295,1.3397
7004,13,200,15.38,7.1,0,corps,9.906861605959541,2.9147
7005,25,323,12.92,12.4,0,corps,9.903908913391216,2.1546
7006,23,185,8.04,11.6,0,corps,9.900957696800154,4.5027
7007,35,434,12.40,16.9,0,corps,9.898007955448545,3.5114
7008,17,163,9.59,8.9,0,corps,9.895059688598954,1.7615
7009,24,270,11.25,12.0,0,corps,9.892112895514316,4.3755
7010,19,224,11.79,9.8,0,corps,9.889167575457936,4.0419
7011,23,270,11.74,11.6,0,corps,9.886223727693476,2.1623
7012,13,121,9.31,7.1,0,corps,9.883281351484982,6.2585
7013,19,208,10.95,9.8,0,corps,9.880340446096856,2.5571
7014,34,387,11.38,16.4,0,corps,9.877401010793871,3.2622
7015,36,378,10.50,17.3,0,corps,9.874463044841171,5.6141
7016,32,424,13.25,15.6,0,corps,9.871526547504262,2.2806
7017,25,239,9.56,12.4,0,corps,9.868591518049017,4.5923
7018,9,92,10.22,5.3,0,corps,9.865657955741689,5.1753
7019,22,233,10.59,11.1,0,corps,9.862725859848874,3.6515
7020,30,322,10.73,14.7,0,corps,9.859795229637559,2.7047
7021,15,122,8.13,8.0,0,corps,9.85686606437508,2.8210
7022,32,316,9.88,15.6,0,corps,9.853938363329146,5.5009
7023,27,268,9.93,13.3,0,corps,9.851012125767838,6.9822
7024,12,83,6.92,6.7,0,corps,9.848087350959586,3.2080
7025,20,176,8.80,10.2,0,corps,9.845164038173204,1.5108
7026,17,122,7.18,8.9,0,corps,9.842242186677867,2.1020
7027,24,252,10.50,12.0,0,corps,9.8393217957431,3.9774
7028,24,199,8.29,12.0,0,corps,9.836402864638819,1.9705
7029,28,227,8.11,13.8,0,corps,9.833485392635279,5.6308
7030,18,169,9.39,9.3,0,corps,9.830569379003117,8.2372
7031,26,301,11.58,12.9,0,corps,9.827654823013336,2.3382
7032,2,11,5.50,2.2,0,corps,9.824741723937287,1.5406
7033,21,179,8.52,10.7,0,corps,9.821830081046699,2.1235
7034,15,128,8.53,8.0,0,corps,9.818919893613664,3.1982
7035,21,183,8.71,10.7,0,corps,9.816011160910632,3.0843
7036,11,102,9.27,6.2,0,corps,9.81310388221042,2.5582
7037,14,148,10.57,7.6,0,corps,9.81019805678621,2.7247
7038,25,218,8.72,12.4,0,corps,9.807293683911542,5.3475
7039,30,277,9.23,14.7,0,corps,9.804390762860326,2.9858
7040,20,190,9.50,10.2,0,corps,9.801489292906831,3.5717
7041,44,458,10.41,20.9,0,corps,9.798589273325689,2.6751
7042,15,165,11.00,8.0,0,corps,9.795690703391898,4.3104
7043,10,93,9.30,5.8,0,corps,9.792793582380813,5.1236
7044,25,230,9.20,12.4,0,corps,9.789897909568152,5.2194
7045,21,189,9.00,10.7,0,corps,9.78700368423,3.5092
7046,16,204,12.75,8.4,0,corps,9.784110905642795,1.7877
7047,21,190,9.05,10.7,0,corps,9.781219573083352,3.3743
7048,23,227,9.87,11.6,0,corps,9.778329685828828,2.3847
7049,4,49,12.25,3.1,0,corps,9.775441243156758,1.3869
7050,11,108,9.82,6.2,0,corps,9.772554244345029,4.5476
7051,20,221,11.05,10.2,0,corps,9.76966868867189,4.9452
7052,18,153,8.50,9.3,0,corps,9.766784575415954,3.4987
7053,21,217,10.33,10.7,0,corps,9.76390190385619,3.2846
7054,16,135,8.44,8.4,0,corps,9.761020673271933,6.7387
7055,22,196,8.91,11.1,0,corps,9.758140882942879,5.2080
7056,24,202,8.42,12.0,0,corps,9.75526253214907,2.6379
7057,35,367,10.49,16.9,0,corps,9.752385620170925,3.5624
7058,3,56,18.67,2.7,0,corps,9.749510146289216,0.8885
7059,6,73,12.17,4.0,0,corps,9.746636109785072,1.2727
7060,21,213,10.14,10.7,0,corps,9.743763509939988,3.6268
7061,25,246,9.84,12.4,0,corps,9.740892346035809,5.1570
7062,39,340,8.72,18.7,0,corps,9.738022617354748,3.2965
7063,20,192,9.60,10.2,0,corps,9.735154323179371,3.5142
7064,28,280,10.00,13.8,0,corps,9.732287462792605,3.0983
7065,24,204,8.50,12.0,0,corps,9.729422035477732,3.5638
7066,38,335,8.82,18.2,0,corps,9.726558040518402,5.4292
7067,22,231,10.50,11.1,0,corps,9.723695477198607,3.3014
7068,21,257,12.24,10.7,0,corps,9.720834344802716,4.8648
7069,24,280,11.67,12.0,0,corps,9.717974642615438,3.1351
7070,29,270,9.31,14.2,0,corps,9.71511636992185,3.3007
7071,45,544,12.09,21.3,0,corps,9.712259526007387,4.2485
7072,30,347,11.57,14.7,0,corps,9.709404110157832,3.7841
7073,19,160,8.42,9.8,0,corps,9.706550121659335,2.0838
7074,22,208,9.45,11.1,0,corps,9.7036975597984,4.4561
7075,6,79,13.17,4.0,0,corps,9.700846423861883,1.4277
7076,14,160,11.43,7.6,0,corps,9.697996713137002,4.7838
7077,28,286,10.21,13.8,0,corps,9.695148426911329,4.4895
7078,12,169,14.08,6.7,0,corps,9.692301564472793,1.0199
7079,22,284,12.91,11.1,0,corps,9.689456125109677,2.7941
7080,25,244,9.76,12.4,0,corps,9.686612108110623,5.6744
7081,39,383,9.82,18.7,0,corps,9.683769512764623,5.2051
7082,24,247,10.29,12.0,0,corps,9.680928338361035,3.1465
7083,18,169,9.39,9.3,0,corps,9.678088584189558,3.1453
7084,17,187,11.00,8.9,0,corps,9.675250249540259,2.9361
7085,25,217,8.68,12.4,0,corps,9.67241333370355,1.9361
7086,20,209,10.45,10.2,0,corps,9.669577835970204,2.8382
7087,35,405,11.57,16.9,0,corps,9.666743755631348,3.0917
7088,10,106,10.60,5.8,0,corps,9.663911091978457,4.0058
7089,19,210,11.05,9.8,0,corps,9.661079844303371,3.5587
7090,37,405,10.95,17.8,0,corps,9.658250011898277,4.3230
7091,26,244,9.38,12.9,0,corps,9.655421594055714,3.0269
7092,24,249,10.38,12.0,0,corps,9.65259459006858,4.4574
7093,30,309,10.30,14.7,0,corps,9.649768999230119,3.0506
7094,18,137,7.61,9.3,0,corps,9.64694482083394,2.8052
7095,34,371,10.91,16.4,0,corps,9.644122054173998,4.2846
7096,37,442,11.95,17.8,0,corps,9.641300698544594,3.0184
7097,15,116,7.73,8.0,0,corps,9.638480753240398,4.1694
7098,26,221,8.50,12.9,0,corps,9.635662217556417,3.0437
7099,23,225,9.78,11.6,0,corps,9.632845090788022,2.8515
7100,30,340,11.33,14.7,0,corps,9.63002937223093,2.3777
7101,16,151,9.44,8.4,0,corps,9.627215061181206,3.1457
7102,22,220,10.00,11.1,0,corps,9.624402156935279,2.7523
7103,47,450,9.57,22.2,0,corps,9.621590658789922,4.7289
7104,19,189,9.95,9.8,0,corps,9.618780566042256,4.7204
7105,14,177,12.64,7.6,0,corps,9.615971877989763,1.6453
7106,28,276,9.86,13.8,0,corps,9.613164593930268,5.4358
7107,16,220,13.75,8.4,0,corps,9.61035871316195,2.4643
7108,27,296,10.96,13.3,0,corps,9.607554234983343,2.3572
7109,19,189,9.95,9.8,0,corps,9.60475115869332,1.8154
7110,19,154,8.11,9.8,0,corps,9.601949483591115,5.4139
7111,6,59,9.83,4.0,0,corps,9.599149208976316,8.1795
7112,18,161,8.94,9.3,0,corps,9.596350334148843,4.6070
7113,7,70,10.00,4.4,0,corps,9.593552858408982,3.3255
7114,19,215,11.32,9.8,0,corps,9.590756781057369,2.9421
7115,35,377,10.77,16.9,0,corps,9.587962101394979,4.3191
7116,6,52,8.67,4.0,0,corps,9.585168818723142,8.3607
7117,17,178,10.47,8.9,0,corps,9.58237693234354,4.1660
7118,39,343,8.79,18.7,0,corps,9.579586441558199,4.9605
7119,19,230,12.11,9.8,0,corps,9.5767973456695,2.6207
7120,26,238,9.15,12.9,0,corps,9.574009643980164,3.1115
7121,20,185,9.25,10.2,0,corps,9.571223335793267,2.9987
7122,24,212,8.83,12.0,0,corps,9.568438420412235,4.2266
7123,16,146,9.12,8.4,0,corps,9.565654897140838,1.9742
7124,11,88,8.00,6.2,0,corps,9.562872765283194,6.2641
7125,36,386,10.72,17.3,0,corps,9.560092024143769,4.4340
7126,22,187,8.50,11.1,0,corps,9.557312673027377,3.5384
7127,27,261,9.67,13.3,0,corps,9.554534711239187,4.6839
7128,21,193,9.19,10.7,0,corps,9.5517581380847,4.3820
7129,31,301,9.71,15.1,0,corps,9.54898295286978,2.7403
7130,22,159,7.23,11.1,0,corps,9.546209154900623,3.0313
7131,19,177,9.32,9.8,0,corps,9.543436743483785,1.9688
7132,9,90,10.00,5.3,0,corps,9.540665717926164,5.3274
7133,9,91,10.11,5.3,0,corps,9.537896077534999,4.5105
7134,23,240,10.43,11.6,0,corps,9.53512782161788,2.9652
7135,29,300,10.34,14.2,0,corps,9.53236094948275,3.3174
7136,17,132,7.76,8.9,0,corps,9.529595460437884,3.6328
7137,30,273,9.10,14.7,0,corps,9.526831353791913,5.4305
7138,24,232,9.67,12.0,0,corps,9.524068628853808,2.7166
7139,20,174,8.70,10.2,0,corps,9.521307284932888,3.9462
7140,49,512,10.45,23.1,0,corps,9.518547321338822,4.9433
7141,24,248,10.33,12.0,0,corps,9.51578873738161,2.4008
7142,18,134,7.44,9.3,0,corps,9.513031532371613,3.3051
7143,25,230,9.20,12.4,0,corps,9.510275705619529,3.5594
7144,3,29,9.67,2.7,0,corps,9.5075212564364,1.1514
7145,21,220,10.48,10.7,0,corps,9.504768184133614,4.9274
7146,19,157,8.26,9.8,0,corps,9.502016488022901,3.7812
7147,25,237,9.48,12.4,0,corps,9.499266167416339,4.2393
7148,18,166,9.22,9.3,0,corps,9.49651722162635,4.0220
7149,25,213,8.52,12.4,0,corps,9.493769649965692,2.9506
7150,19,169,8.89,9.8,0,corps,9.491023451747473,4.9081
7151,21,238,11.33,10.7,0,corps,9.488278626285151,2.5494
7152,18,148,8.22,9.3,0,corps,9.485535172892511,3.0663
7153,9,76,8.44,5.3,0,corps,9.482793090883696,1.5915
7154,5,53,10.60,3.6,0,corps,9.480052379573179,1.3266
7155,12,97,8.08,6.7,0,corps,9.477313038275787,1.3991
7156,20,178,8.90,10.2,0,corps,9.47457506630668,2.1479
7157,20,173,8.65,10.2,0,corps,9.471838462981372,3.4994
7158,21,182,8.67,10.7,0,corps,9.469103227615705,2.3236
7159,23,217,9.43,11.6,0,corps,9.466369359525878,1.5501
7160,27,259,9.59,13.3,0,corps,9.463636858028416,2.4560
7161,14,125,8.93,7.6,0,corps,9.460905722440199,1.7108
7162,18,144,8.00,9.3,0,corps,9.458175952078438,5.8139
7163,15,122,8.13,8.0,0,corps,9.455447546260693,2.8656
7164,41,438,10.68,19.6,0,corps,9.452720504304867,3.4664
7165,23,228,9.91,11.6,0,corps,9.449994825529192,1.9137
7166,2,26,13.00,2.2,0,corps,9.447270509252254,0.9925
7167,11,139,12.64,6.2,0,corps,9.444547554792972,1.3183
7168,35,358,10.23,16.9,0,corps,9.441825961470604,3.0731
7169,22,252,11.45,11.1,0,corps,9.439105728604758,1.4770
7170,22,197,8.95,11.1,0,corps,9.436386855515371,2.0550
7171,18,165,9.17,9.3,0,corps,9.433669341522725,2.4544
7172,12,95,7.92,6.7,0,corps,9.430953185947446,7.4823
7173,27,266,9.85,13.3,0,corps,9.428238388110488,2.0199
7174,24,197,8.21,12.0,0,corps,9.425524947333159,4.9649
7175,19,163,8.58,9.8,0,corps,9.422812862937095,4.4308
7176,40,345,8.62,19.1,0,corps,9.42010213424427,2.6156
7177,17,150,8.82,8.9,0,corps,9.417392760577012,2.9017
7178,24,241,10.04,12.0,0,corps,9.41468474125797,5.3608
7179,22,173,7.86,11.1,0,corps,9.41197807561014,2.9474
7180,27,261,9.67,13.3,0,corps,9.40927276295686,2.4962
7181,21,168,8.00,10.7,0,corps,9.406568802621798,3.7755
7182,13,119,9.15,7.1,0,corps,9.403866193928964,1.3068
7183,33,340,10.30,16.0,0,corps,9.401164936202708,3.5954
7184,26,227,8.73,12.9,0,corps,9.398465028767713,5.5876
7185,21,171,8.14,10.7,0,corps,9.395766470949004,2.3581
7186,7,64,9.14,4.4,0,corps,9.39306926207194,10.3262
7187,15,145,9.67,8.0,0,corps,9.39037340146222,4.7705
7188,14,123,8.79,7.6,0,corps,9.38767888844588,4.3843
7189,29,260,8.97,14.2,0,corps,9.384985722349287,1.9278
7190,20,170,8.50,10.2,0,corps,9.382293902499155,4.6145
7191,32,308,9.62,15.6,0,corps,9.379603428222527,3.3938
7192,38,381,10.03,18.2,0,corps,9.376914298846781,2.1006
7193,19,203,10.68,9.8,0,corps,9.374226513699643,2.0548
7194,31,237,7.65,15.1,0,corps,9.371540072109157,3.8066
7195,25,248,9.92,12.4,0,corps,9.368854973403717,5.2757
7196,4,42,10.50,3.1,0,corps,9.366171216912052,1.7377
7197,30,300,10.00,14.7,0,corps,9.363488801963216,2.7302
7198,23,208,9.04,11.6,0,corps,9.360807727886607,3.6813
7199,18,163,9.06,9.3,0,corps,9.358127994011962,4.2846
7200,11,116,10.55,6.2,0,corps,9.355449599669342,3.3876
7201,44,419,9.52,20.9,0,corps,9.35277254418915,4.4242
7202,22,171,7.77,11.1,0,corps,9.35009682690212,5.5409
7203,12,84,7.00,6.7,0,corps,9.347422447139325,3.1422
7204,26,258,9.92,12.9,0,corps,9.344749404232171,1.6783
7205,34,259,7.62,16.4,0,corps,9.342077697512396,5.2494
7206,6,77,12.83,4.0,0,corps,9.339407326312072,1.5444
7207,12,120,10.00,6.7,0,corps,9.336738289963609,4.0438
7208,20,159,7.95,10.2,0,corps,9.334070587799745,2.6150
7209,20,200,10.00,10.2,0,corps,9.331404219153558,3.5056
7210,12,104,8.67,6.7,0,corps,9.32873918335845,2.9123
7211,28,246,8.79,13.8,0,corps,9.326075479748166,3.1352
7212,18,180,10.00,9.3,0,corps,9.323413107656783,2.5600
7213,17,158,9.29,8.9,0,corps,9.3207520664187,2.9600
7214,8,66,8.25,4.9,0,corps,9.318092355368664,13.7948
7215,31,309,9.97,15.1,0,corps,9.315433973841747,4.1580
7216,16,174,10.88,8.4,0,corps,9.312776921173347,3.5509
7217,33,277,8.39,16.0,0,corps,9.310121196699209,3.9462
7218,22,198,9.00,11.1,0,corps,9.307466799755392,5.8358
7219,12,117,9.75,6.7,0,corps,9.304813729678306,3.9469
7220,20,183,9.15,10.2,0,corps,9.302161985804682,5.1341
7221,24,205,8.54,12.0,0,corps,9.299511567471578,2.8463
7222,16,156,9.75,8.4,0,corps,9.296862474016395,3.7073
7223,18,133,7.39,9.3,0,corps,9.29421470477686,5.2895
7224,11,108,9.82,6.2,0,corps,9.291568259091026,2.0595
7225,32,250,7.81,15.6,0,corps,9.288923136297287,3.0826
7226,26,259,9.96,12.9,0,corps,9.286279335734356,4.3544
7227,36,300,8.33,17.3,0,corps,9.283636856741289,3.7368
7228,21,207,9.86,10.7,0,corps,9.280995698657465,3.4238
7229,24,175,7.29,12.0,0,corps,9.278355860822591,2.1862
7230,37,359,9.70,17.8,0,corps,9.27571734257671,4.2298
7231,11,108,9.82,6.2,0,corps,9.273080143260193,5.9281
7232,23,317,13.78,11.6,0,corps,9.27044426221374,1.1021
7233,9,86,9.56,5.3,0,corps,9.267809698778379,5.1630
7234,33,260,7.88,16.0,0,corps,9.265176452295467,2.5663
7235,16,123,7.69,8.4,0,corps,9.2625445221067,1.9795
7236,22,234,10.64,11.1,0,corps,9.25991390755409,2.1219
7237,12,97,8.08,6.7,0,corps,9.257284607979981,4.9551
7238,14,122,8.71,7.6,0,corps,9.254656622727055,3.8478
7239,18,171,9.50,9.3,0,corps,9.252029951138312,1.9077
7240,34,297,8.74,16.4,0,corps,9.249404592557083,3.0811
7241,19,173,9.11,9.8,0,corps,9.24678054632703,4.2916
7242,15,184,12.27,8.0,0,corps,9.244157811792139,1.7689
7243,18,165,9.17,9.3,0,corps,9.24153638829673,3.1698
7244,45,437,9.71,21.3,0,corps,9.238916275185446,5.8118
7245,18,150,8.33,9.3,0,corps,9.236297471803256,2.2493
7246,29,275,9.48,14.2,0,corps,9.233679977495463,3.4473
7247,37,333,9.00,17.8,0,corps,9.231063791607692,3.8466
7248,27,237,8.78,13.3,0,corps,9.228448913485893,2.0563
7249,16,113,7.06,8.4,0,corps,9.225835342476355,2.8701
7250,22,184,8.36,11.1,0,corps,9.223223077925674,2.3371
7251,25,235,9.40,12.4,0,corps,9.220612119180792,5.0022
7252,16,152,9.50,8.4,0,corps,9.21800246558897,3.7815
7253,7,50,7.14,4.4,0,corps,9.215394116497787,5.5892
7254,22,191,8.68,11.1,0,corps,9.212787071255164,6.2765
7255,38,415,10.92,18.2,0,corps,9.210181329209332,8.3119
7256,20,201,10.05,10.2,0,corps,9.207576889708863,2.9016
7257,27,240,8.89,13.3,0,corps,9.204973752102644,4.1456
7258,21,191,9.10,10.7,0,corps,9.202371915739887,2.0771
7259,11,106,9.64,6.2,0,corps,9.199771379970135,4.3877
7260,14,103,7.36,7.6,0,corps,9.19717214414326,3.4395
7261,10,83,8.30,5.8,0,corps,9.194574207609444,5.2229
7262,7,81,11.57,4.4,0,corps,9.19197756971921,1.2588
7263,27,251,9.30,13.3,0,corps,9.189382229823392,2.5461
7264,22,205,9.32,11.1,0,corps,9.18678818727316,5.6197
7265,17,192,11.29,8.9,0,corps,9.184195441420004,3.0108
7266,16,128,8.00,8.4,0,corps,9.181603991615733,1.8113
7267,11,117,10.64,6.2,0,corps,9.179013837212487,5.0187
7268,25,191,7.64,12.4,0,corps,9.176424977562728,3.6454
7269,17,150,8.82,8.9,0,corps,9.173837412019239,3.7420
7270,21,205,9.76,10.7,0,corps,9.171251139935134,2.6318
7271,22,201,9.14,11.1,0,corps,9.168666160663836,1.7737
7272,37,342,9.24,17.8,0,corps,9.166082473559106,5.1873
7273,40,371,9.28,19.1,0,corps,9.163500077975026,4.5705
7274,37,298,8.05,17.8,0,corps,9.160918973265987,3.1885
7275,43,371,8.63,20.4,0,corps,9.158339158786719,4.5183
7276,12,103,8.58,6.7,0,corps,9.155760633892271,5.5976
7277,17,141,8.29,8.9,0,corps,9.153183397938003,5.4983
7278,20,179,8.95,10.2,0,corps,9.150607450279615,3.6523
7279,23,236,10.26,11.6,0,corps,9.148032790273117,3.2234
7280,26,273,10.50,12.9,0,corps,9.14545941727484,3.9865
7281,29,243,8.38,14.2,0,corps,9.142887330641447,4.4024
7282,48,561,11.69,22.7,0,corps,9.140316529729912,4.4339
7283,27,230,8.52,13.3,0,corps,9.137747013897537,2.0150
7284,16,131,8.19,8.4,0,corps,9.135178782501944,2.5702
7285,10,103,10.30,5.8,0,corps,9.13261183490107,4.2201
7286,20,193,9.65,10.2,0,corps,9.130046170453184,4.4131
7287,9,76,8.44,5.3,0,corps,9.127481788516864,6.2089
7288,7,64,9.14,4.4,0,corps,9.12491868845102,1.9679
7289,25,257,10.28,12.4,0,corps,9.122356869614876,3.0596
7290,30,276,9.20,14.7,0,corps,9.119796331367974,2.2277
7291,42,391,9.31,20.0,0,corps,9.11723707307018,4.4377
7292,15,124,8.27,8.0,0,corps,9.114679094081685,4.0767
7293,22,232,10.55,11.1,0,corps,9.11212239376299,3.4074
7294,15,151,10.07,8.0,0,corps,9.10956697147492,2.7164
7295,32,282,8.81,15.6,0,corps,9.107012826578615,6.6084
7296,14,107,7.64,7.6,0,corps,9.104459958435546,5.2587
7297,16,120,7.50,8.4,0,corps,9.101908366407494,5.0920
7298,21,181,8.62,10.7,0,corps,9.09935804985656,3.3724
7299,15,125,8.33,8.0,0,corps,9.096809008145163,4.3181
7300,28,247,8.82,13.8,0,corps,9.094261240636047,3.0804
7301,27,196,7.26,13.3,0,corps,9.091714746692267,2.9395
7302,26,236,9.08,12.9,0,corps,9.089169525677201,4.2810
7303,31,282,9.10,15.1,0,corps,9.08662557695454,2.7423
7304,13,117,9.00,7.1,0,corps,9.084082899888301,3.9324
7305,21,163,7.76,10.7,0,corps,9.081541493842817,2.9524
7306,18,164,9.11,9.3,0,corps,9.079001358182728,1.7633
7307,24,219,9.12,12.0,0,corps,9.076462492273007,4.7108
7308,17,153,9.00,8.9,0,corps,9.073924895478939,1.8729
7309,30,281,9.37,14.7,0,corps,9.071388567166116,4.7832
7310,11,76,6.91,6.2,0,corps,9.068853506700464,4.7392
7311,18,158,8.78,9.3,0,corps,9.066319713448214,2.4789
7312,13,134,10.31,7.1,0,corps,9.063787186775919,4.4007
7313,18,142,7.89,9.3,0,corps,9.061255926050446,5.8039
7314,17,130,7.65,8.9,0,corps,9.058725930638982,3.3991
7315,17,154,9.06,8.9,0,corps,9.056197199909025,3.9427
7316,26,231,8.88,12.9,0,corps,9.0536697332284,3.5661
7317,42,462,11.00,20.0,0,corps,9.051143529965227,4.0943
7318,15,120,8.00,8.0,0,corps,9.048618589487969,8.4687
7319,24,238,9.92,12.0,0,corps,9.046094911165381,2.4805
7320,12,101,8.42,6.7,0,corps,9.043572494366547,5.5099
7321,29,285,9.83,14.2,0,corps,9.041051338460868,4.8257
7322,20,185,9.25,10.2,0,corps,9.038531442818044,3.9035
7323,22,305,13.86,11.1,0,corps,9.036012806808108,2.1765
7324,23,243,10.57,11.6,0,corps,9.033495429801402,3.8635
7325,15,156,10.40,8.0,0,corps,9.03097931116858,1.4594
7326,16,153,9.56,8.4,0,corps,9.02846445028061,2.8896
7327,14,135,9.64,7.6,0,corps,9.02595084650878,4.7039
7328,10,69,6.90,5.8,0,corps,9.023438499224687,5.6402
7329,27,222,8.22,13.3,0,corps,9.020927407800244,3.9197
7330,17,145,8.53,8.9,0,corps,9.018417571607682,3.0373
7331,13,126,9.69,7.1,0,corps,9.015908990019536,4.9710
7332,33,324,9.82,16.0,0,corps,9.013401662408665,2.8348
7333,13,143,11.00,7.1,0,corps,9.010895588148236,4.8401
7334,22,201,9.14,11.1,0,corps,9.00839076661173,3.8229
7335,29,255,8.79,14.2,0,corps,9.00588719717294,3.5070
7336,24,188,7.83,12.0,0,corps,9.003384879205978,3.1415
7337,13,115,8.85,7.1,0,corps,9.000883812085261,2.8668
7338,19,182,9.58,9.8,0,corps,8.998383995185524,3.6051
7339,21,247,11.76,10.7,0,corps,8.995885427881808,3.7155
7340,31,285,9.19,15.1,0,corps,8.99338810954948,5.2961
7341,16,123,7.69,8.4,0,corps,8.990892039564201,3.9356
7342,12,94,7.83,6.7,0,corps,8.988397217301962,5.6345
7343,31,298,9.61,15.1,0,corps,8.985903642139052,5.3645
7344,23,198,8.61,11.6,0,corps,8.983411313452075,4.3082
7345,12,116,9.67,6.7,0,corps,8.980920230617956,3.2554
7346,25,237,9.48,12.4,0,corps,8.97843039301392,3.6670
7347,25,236,9.44,12.4,0,corps,8.975941800017505,5.3864
7348,34,343,10.09,16.4,0,corps,8.973454451006571,4.4035
7349,42,470,11.19,20.0,0,corps,8.970968345359273,6.4426
7350,16,151,9.44,8.4,0,corps,8.96848348245409,1.8811
7351,27,250,9.26,13.3,0,corps,8.965999861669799,3.0806
7352,20,187,9.35,10.2,0,corps,8.963517482385502,3.3687
7353,21,207,9.86,10.7,0,corps,8.961036343980602,3.6782
7354,22,216,9.82,11.1,0,corps,8.958556445834812,2.3420
7355,32,341,10.66,15.6,0,corps,8.956077787328159,3.1032
7356,15,127,8.47,8.0,0,corps,8.95360036784098,5.5445
7357,23,177,7.70,11.6,0,corps,8.951124186753917,6.7233
7358,26,299,11.50,12.9,0,corps,8.94864924344793,3.3854
7359,10,122,12.20,5.8,0,corps,8.946175537304276,3.1377
7360,29,304,10.48,14.2,0,corps,8.943703067704533,4.6133
7361,6,50,8.33,4.0,0,corps,8.941231834030585,1.9716
7362,41,372,9.07,19.6,0,corps,8.938761835664618,3.2312
7363,38,429,11.29,18.2,0,corps,8.936293071989137,5.3403
7364,30,344,11.47,14.7,0,corps,8.93382554238695,4.1549
7365,30,304,10.13,14.7,0,corps,8.931359246241174,3.0350
7366,36,361,10.03,17.3,0,corps,8.928894182935238,3.3541
7367,14,153,10.93,7.6,0,corps,8.926430351852868,4.0028
7368,22,263,11.95,11.1,0,corps,8.923967752378115,3.3267
7369,40,403,10.07,19.1,0,corps,8.921506383895327,3.4559
7370,21,186,8.86,10.7,0,corps,8.919046245789158,2.1702
7371,30,293,9.77,14.7,0,corps,8.916587337444575,4.3418
7372,27,249,9.22,13.3,0,corps,8.914129658246855,3.6329
7373,31,372,12.00,15.1,0,corps,8.911673207581575,3.1073
7374,10,119,11.90,5.8,0,corps,8.909217984834623,5.6790
7375,17,184,10.82,8.9,0,corps,8.90676398939219,1.4938
7376,23,261,11.35,11.6,0,corps,8.904311220640778,2.6810
7377,26,327,12.58,12.9,0,corps,8.901859677967202,3.5161
7378,12,122,10.17,6.7,0,corps,8.899409360758568,3.2574
7379,32,389,12.16,15.6,0,corps,8.896960268402301,4.1871
7380,24,297,12.38,12.0,0,corps,8.894512400286125,3.3890
7381,30,360,12.00,14.7,0,corps,8.892065755798075,3.5183
7382,24,276,11.50,12.0,0,corps,8.889620334326493,1.6212
7383,19,205,10.79,9.8,0,corps,8.887176135260017,1.4676
7384,17,172,10.12,8.9,0,corps,8.884733157987599,4.5168
7385,16,139,8.69,8.4,0,corps,8.882291401898499,2.6166
7386,22,220,10.00,11.1,0,corps,8.879850866382272,3.9941
7387,14,120,8.57,7.6,0,corps,8.87741155082879,2.0867
7388,22,197,8.95,11.1,0,corps,8.874973454628218,5.6090
7389,20,166,8.30,10.2,0,corps,8.872536577171036,4.4481
7390,17,162,9.53,8.9,0,corps,8.870100917848026,5.0019
7391,36,346,9.61,17.3,0,corps,8.867666476050267,3.2132
7392,17,164,9.65,8.9,0,corps,8.865233251169153,2.1741
7393,42,456,10.86,20.0,0,corps,8.862801242596381,3.4452
7394,31,393,12.68,15.1,0,corps,8.860370449723941,4.8023
7395,29,241,8.31,14.2,0,corps,8.857940871944143,2.5192
7396,34,354,10.41,16.4,0,corps,8.855512508649584,3.7735
7397,19,252,13.26,9.8,0,corps,8.853085359233178,3.4417
7398,37,486,13.14,17.8,0,corps,8.850659423088139,3.3847
7399,42,328,7.81,20.0,0,corps,8.848234699607978,2.4620
7400,28,278,9.93,13.8,0,corps,8.84581118818652,3.5339
7401,18,177,9.83,9.3,0,corps,8.843388888217884,1.8670
7402,20,250,12.50,10.2,0,corps,8.840967799096495,2.9855
7403,11,105,9.55,6.2,0,corps,8.838547920217083,5.1941
7404,30,270,9.00,14.7,0,corps,8.836129250974672,4.1751
7405,37,342,9.24,17.8,0,corps,8.833711790764601,3.3596
7406,27,237,8.78,13.3,0,corps,8.831295538982504,3.6935
7407,15,130,8.67,8.0,0,corps,8.828880495024313,3.2153
7408,29,300,10.34,14.2,0,corps,8.826466658286275,3.7749
7409,10,68,6.80,5.8,0,corps,8.824054028164925,7.8118
7410,21,241,11.48,10.7,0,corps,8.821642604057107,3.6003
7411,18,170,9.44,9.3,0,corps,8.819232385359967,3.3109
7412,33,333,10.09,16.0,0,corps,8.816823371470948,2.4339
7413,27,307,11.37,13.3,0,corps,8.814415561787795,1.8262
7414,20,178,8.90,10.2,0,corps,8.812008955708558,2.6409
7415,35,355,10.14,16.9,0,corps,8.809603552631586,2.9353
7416,9,76,8.44,5.3,0,corps,8.807199351955525,5.4933
7417,18,174,9.67,9.3,0,corps,8.80479635307933,2.7330
7418,21,183,8.71,10.7,0,corps,8.802394555402246,3.9539
7419,31,349,11.26,15.1,0,corps,8.79999395832383,4.8025
7420,21,164,7.81,10.7,0,corps,8.797594561243924,3.8379
7421,6,64,10.67,4.0,0,corps,8.795196363562683,1.2041
7422,18,152,8.44,9.3,0,corps,8.792799364680562,4.0547
7423,23,298,12.96,11.6,0,corps,8.790403563998304,3.6557
7424,20,168,8.40,10.2,0,corps,8.788008960916963,2.0615
7425,19,187,9.84,9.8,0,corps,8.785615554837886,3.8121
7426,26,252,9.69,12.9,0,corps,8.783223345162725,3.7393
7427,21,241,11.48,10.7,0,corps,8.780832331293423,1.8068
7428,4,35,8.75,3.1,0,corps,8.778442512632228,2.1994
7429,33,300,9.09,16.0,0,corps,8.776053888581687,3.8342
7430,4,31,7.75,3.1,0,corps,8.773666458544646,1.8062
7431,26,243,9.35,12.9,0,corps,8.771280221924242,1.9274
7432,17,148,8.71,8.9,0,corps,8.768895178123918,4.7492
7433,18,149,8.28,9.3,0,corps,8.766511326547413,2.8262
7434,14,135,9.64,7.6,0,corps,8.764128666598765,3.6599
7435,21,158,7.52,10.7,0,corps,8.76174719768231,4.0492
7436,3,31,10.33,2.7,0,corps,8.759366919202677,1.1204
7437,25,213,8.52,12.4,0,corps,8.7569878305648,2.8303
7438,27,256,9.48,13.3,0,corps,8.754609931173905,3.3001
7439,23,245,10.65,11.6,0,corps,8.752233220435517,3.0602
7440,14,137,9.79,7.6,0,corps,8.74985769775546,5.6569
7441,29,325,11.21,14.2,0,corps,8.747483362539851,4.5133
7442,28,353,12.61,13.8,0,corps,8.745110214195106,2.9976
7443,30,296,9.87,14.7,0,corps,8.742738252127943,2.4522
7444,17,146,8.59,8.9,0,corps,8.740367475745366,4.5035
7445,30,338,11.27,14.7,0,corps,8.737997884454682,2.2880
7446,19,155,8.16,9.8,0,corps,8.735629477663496,2.0224
7447,36,346,9.61,17.3,0,corps,8.7332622547797,3.7242
7448,15,115,7.67,8.0,0,corps,8.730896215211494,2.2976
7449,16,147,9.19,8.4,0,corps,8.72853135836737,3.2866
7450,10,91,9.10,5.8,0,corps,8.726167683656104,6.2633
7451,28,284,10.14,13.8,0,corps,8.72380519048679,4.0033
7452,28,273,9.75,13.8,0,corps,8.721443878268795,4.2289
7453,26,273,10.50,12.9,0,corps,8.719083746411794,1.7953
7454,12,112,9.33,6.7,0,corps,8.716724794325753,4.7570
7455,31,304,9.81,15.1,0,corps,8.714367021420937,3.6822
7456,29,287,9.90,14.2,0,corps,8.7120104271079,3.7979
7457,9,95,10.56,5.3,0,corps,8.709655010797496,5.8187
7458,19,207,10.89,9.8,0,corps,8.707300771900867,1.9356
7459,21,194,9.24,10.7,0,corps,8.704947709829458,4.7187
7460,15,149,9.93,8.0,0,corps,8.702595823994999,3.8525
7461,22,279,12.68,11.1,0,corps,8.700245113809519,3.5474
7462,27,236,8.74,13.3,0,corps,8.697895578685348,2.9975
7463,23,240,10.43,11.6,0,corps,8.69554721803509,2.9159
7464,3,23,7.67,2.7,0,corps,8.693200031271662,2.2438
7465,15,154,10.27,8.0,0,corps,8.690854017808268,3.0415
7466,18,167,9.28,9.3,0,corps,8.688509177058402,2.2504
7467,20,188,9.40,10.2,0,corps,8.686165508435856,2.9931
7468,21,165,7.86,10.7,0,corps,8.68382301135471,3.7498
7469,14,189,13.50,7.6,0,corps,8.68148168522934,2.4056
7470,15,138,9.20,8.0,0,corps,8.679141529474418,2.4324
7471,20,175,8.75,10.2,0,corps,8.676802543504902,2.3418
7472,18,164,9.11,9.3,0,corps,8.674464726736044,5.7785
7473,19,169,8.89,9.8,0,corps,8.672128078583397,3.0268
7474,32,336,10.50,15.6,0,corps,8.66979259846279,3.2595
7475,19,200,10.53,9.8,0,corps,8.66745828579036,2.7716
7476,20,181,9.05,10.2,0,corps,8.665125139982525,2.0980
7477,14,134,9.57,7.6,0,corps,8.662793160455994,3.6893
7478,28,283,10.11,13.8,0,corps,8.660462346627785,3.6029
7479,18,218,12.11,9.3,0,corps,8.658132697915184,2.2596
7480,23,202,8.78,11.6,0,corps,8.65580421373578,1.7467
7481,34,292,8.59,16.4,0,corps,8.653476893507456,3.3936
7482,15,128,8.53,8.0,0,corps,8.651150736648377,3.5511
7483,21,196,9.33,10.7,0,corps,8.64882574257701,2.2641
7484,21,191,9.10,10.7,0,corps,8.6465019107121,4.4581
7485,30,325,10.83,14.7,0,corps,8.64417924047269,4.6972
7486,31,284,9.16,15.1,0,corps,8.64185773127812,1.6732
7487,18,177,9.83,9.3,0,corps,8.639537382548003,2.4474
7488,18,132,7.33,9.3,0,corps,8.637218193702257,2.7671
7489,19,129,6.79,9.8,0,corps,8.634900164161085,1.9929
7490,15,122,8.13,8.0,0,corps,8.632583293344975,3.5087
7491,34,332,9.76,16.4,0,corps,8.630267580674717,4.2625
7492,16,150,9.38,8.4,0,corps,8.627953025571372,3.5900
7493,12,97,8.08,6.7,0,corps,8.62563962745631,3.0492
7494,15,138,9.20,8.0,0,corps,8.623327385751182,6.9410
7495,26,234,9.00,12.9,0,corps,8.621016299877923,3.9727
7496,27,282,10.44,13.3,0,corps,8.61870636925876,5.6887
7497,23,269,11.70,11.6,0,corps,8.616397593316217,3.5072
7498,15,172,11.47,8.0,0,corps,8.614089971473096,2.4780
7499,29,297,10.24,14.2,0,corps,8.611783503152491,3.3545
7500,22,252,11.45,11.1,0,corps,8.609478187777786,3.7247
7501,37,430,11.62,17.8,0,corps,8.60717402477265,3.2877
7502,18,220,12.22,9.3,0,corps,8.604871013561047,1.6175
7503,31,371,11.97,15.1,0,corps,8.602569153567218,3.9127
7504,29,286,9.86,14.2,0,corps,8.600268444215708,2.4714
7505,20,219,10.95,10.2,0,corps,8.597968884931326,1.8623
7506,23,260,11.30,11.6,0,corps,8.595670475139192,2.6745
7507,32,329,10.28,15.6,0,corps,8.593373214264702,3.9838
7508,15,124,8.27,8.0,0,corps,8.591077101733537,2.4024
7509,26,215,8.27,12.9,0,corps,8.588782136971671,3.5979
7510,14,115,8.21,7.6,0,corps,8.586488319405367,4.6462
7511,12,99,8.25,6.7,0,corps,8.584195648461163,4.1319
7512,23,258,11.22,11.6,0,corps,8.581904123565899,5.4570
7513,26,298,11.46,12.9,0,corps,8.579613744146686,3.9271
7514,21,245,11.67,10.7,0,corps,8.577324509630932,3.2445
7515,30,345,11.50,14.7,0,corps,8.575036419446333,2.5590
7516,23,239,10.39,11.6,0,corps,8.57274947302086,3.1141
7517,27,278,10.30,13.3,0,corps,8.570463669782779,3.2230
7518,20,198,9.90,10.2,0,corps,8.568179009160643,2.3635
7519,23,248,10.78,11.6,0,corps,8.565895490583278,4.8549
7520,18,183,10.17,9.3,0,corps,8.563613113479814,4.3506
7521,25,234,9.36,12.4,0,corps,8.561331877279649,2.0678
7522,31,249,8.03,15.1,0,corps,8.559051781412478,3.1560
7523,18,174,9.67,9.3,0,corps,8.556772825308276,1.4572
7524,17,147,8.65,8.9,0,corps,8.554495008397303,1.4821
7525,34,345,10.15,16.4,0,corps,8.552218330110106,3.3174
7526,19,167,8.79,9.8,0,corps,8.549942789877518,1.6951
7527,19,158,8.32,9.8,0,corps,8.54766838713065,4.1948
7528,23,207,9.00,11.6,0,corps,8.545395121300903,7.0495
7529,21,208,9.90,10.7,0,corps,8.543122991819956,2.9652
7530,12,142,11.83,6.7,0,corps,8.540851998119784,2.4709
7531,26,295,11.35,12.9,0,corps,8.538582139632636,3.8542
7532,29,315,10.86,14.2,0,corps,8.536313415791044,2.6472
7533,26,250,9.62,12.9,0,corps,8.53404582602783,2.5506
7534,16,146,9.12,8.4,0,corps,8.531779369776098,4.1839
7535,20,186,9.30,10.2,0,corps,8.529514046469231,3.8311
7536,50,443,8.86,23.6,0,corps,8.5272498555409,4.6199
7537,26,259,9.96,12.9,0,corps,8.524986796425054,4.4807
7538,17,147,8.65,8.9,0,corps,8.522724868555931,2.3847
7539,8,66,8.25,4.9,0,corps,8.520464071368053,6.0511
7540,36,355,9.86,17.3,0,corps,8.518204404296212,2.6535
7541,10,90,9.00,5.8,0,corps,8.515945866775496,5.8625
7542,34,346,10.18,16.4,0,corps,8.513688458241273,3.4945
7543,28,277,9.89,13.8,0,corps,8.511432178129184,3.0492
7544,19,186,9.79,9.8,0,corps,8.509177025875166,1.6269
7545,16,142,8.88,8.4,0,corps,8.506923000915428,1.8312
7546,22,223,10.14,11.1,0,corps,8.504670102686463,1.5420
7547,12,100,8.33,6.7,0,corps,8.502418330625048,2.5981
7548,30,383,12.77,14.7,0,corps,8.500167684168236,2.7657
7549,32,264,8.25,15.6,0,corps,8.49791816275337,2.4526
7550,27,268,9.93,13.3,0,corps,8.49566976581807,1.9064
7551,26,226,8.69,12.9,0,corps,8.493422492800233,3.8058
7552,34,318,9.35,16.4,0,corps,8.491176343138045,3.7939
7553,31,381,12.29,15.1,0,corps,8.488931316269964,3.7788
7554,5,40,8.00,3.6,0,corps,8.486687411634735,1.6997
7555,24,260,10.83,12.0,0,corps,8.484444628671383,2.5115
7556,40,417,10.43,19.1,0,corps,8.48220296681921,2.6791
7557,18,165,9.17,9.3,0,corps,8.479962425517803,3.0099
7558,25,236,9.44,12.4,0,corps,8.47772300420703,3.1053
7559,14,149,10.64,7.6,0,corps,8.475484702327027,3.6639
7560,25,254,10.16,12.4,0,corps,8.473247519318225,3.4572
7561,19,181,9.53,9.8,0,corps,8.471011454621324,2.9423
7562,29,290,10.00,14.2,0,corps,8.468776507677308,2.3840
7563,27,275,10.19,13.3,0,corps,8.466542677927446,2.9417
7564,42,439,10.45,20.0,0,corps,8.464309964813276,1.8602
7565,8,69,8.62,4.9,0,corps,8.46207836777662,7.9446
7566,33,309,9.36,16.0,0,corps,8.459847886259581,2.1432
7567,14,149,10.64,7.6,0,corps,8.457618519704534,3.6997
7568,20,160,8.00,10.2,0,corps,8.455390267554142,5.1873
7569,37,412,11.14,17.8,0,corps,8.453163129251339,3.6348
7570,31,259,8.35,15.1,0,corps,8.45093710423934,3.9767
7571,19,220,11.58,9.8,0,corps,8.448712191961643,3.8033
7572,18,133,7.39,9.3,0,corps,8.446488391862017,3.4922
7573,23,266,11.57,11.6,0,corps,8.44426570338451,3.0396
7574,12,138,11.50,6.7,0,corps,8.442044125973455,2.4550
7575,20,160,8.00,10.2,0,corps,8.439823659073454,4.3349
7576,8,66,8.25,4.9,0,corps,8.43760430212939,2.0253
7577,19,261,13.74,9.8,0,corps,8.435386054586424,4.1214
7578,24,206,8.58,12.0,0,corps,8.433168915889993,4.2002
7579,27,250,9.26,13.3,0,corps,8.430952885485818,1.7938
7580,16,180,11.25,8.4,0,corps,8.428737962819884,4.4937
7581,34,290,8.53,16.4,0,corps,8.426524147338466,3.8319
7582,14,144,10.29,7.6,0,corps,8.424311438488107,4.0083
7583,27,269,9.96,13.3,0,corps,8.422099835715633,3.2776
7584,17,162,9.53,8.9,0,corps,8.41988933846814,4.4320
7585,21,182,8.67,10.7,0,corps,8.417679946193001,2.7180
7586,29,221,7.62,14.2,0,corps,8.415471658337875,2.5842
7587,37,348,9.41,17.8,0,corps,8.413264474350687,4.7284
7588,28,263,9.39,13.8,0,corps,8.411058393679639,5.3438
7589,33,286,8.67,16.0,0,corps,8.408853415773212,1.8852
7590,20,197,9.85,10.2,0,corps,8.406649540080164,2.8877
7591,13,110,8.46,7.1,0,corps,8.404446766049523,2.7254
7592,35,339,9.69,16.9,0,corps,8.402245093130595,2.8551
7593,33,349,10.58,16.0,0,corps,8.400044520772965,1.5074
7594,16,143,8.94,8.4,0,corps,8.397845048426486,1.7903
7595,37,279,7.54,17.8,0,corps,8.395646675541297,1.8879
7596,10,103,10.30,5.8,0,corps,8.393449401567793,7.5974
7597,28,233,8.32,13.8,0,corps,8.391253225956666,2.5477
7598,17,159,9.35,8.9,0,corps,8.389058148158869,1.5503
7599,25,212,8.48,12.4,0,corps,8.38686416762563,1.4604
7600,6,50,8.33,4.0,0,corps,8.384671283808458,7.2857
7601,38,432,11.37,18.2,0,corps,8.382479496159128,4.1584
7602,22,265,12.05,11.1,0,corps,8.380288804129693,2.8689
7603,14,116,8.29,7.6,0,corps,8.378099207172486,6.1827
7604,20,156,7.80,10.2,0,corps,8.3759107047401,3.1510
7605,22,186,8.45,11.1,0,corps,8.373723296285416,3.0570
7606,19,188,9.89,9.8,0,corps,8.371536981261576,4.1375
7607,26,272,10.46,12.9,0,corps,8.369351759122006,5.1559
7608,4,34,8.50,3.1,0,corps,8.367167629320399,1.5693
7609,35,341,9.74,16.9,0,corps,8.364984591310721,3.4434
7610,29,279,9.62,14.2,0,corps,8.362802644547212,3.2420
7611,18,134,7.44,9.3,0,corps,8.36062178848439,4.0679
7612,24,223,9.29,12.0,0,corps,8.358442022577037,3.8094
7613,40,373,9.32,19.1,0,corps,8.35626334628021,3.8990
7614,5,47,9.40,3.6,0,corps,8.354085759049246,1.9271
7615,24,234,9.75,12.0,0,corps,8.351909260339742,1.8797
7616,6,56,9.33,4.0,0,corps,8.349733849607578,1.3726
7617,13,107,8.23,7.1,0,corps,8.347559526308896,5.8988
7618,25,251,10.04,12.4,0,corps,8.345386289900118,2.0410
7619,19,196,10.32,9.8,0,corps,8.343214139837936,3.9785
7620,41,373,9.10,19.6,0,corps,8.341043075579313,3.9160
7621,16,134,8.38,8.4,0,corps,8.338873096581482,1.5577
7622,26,243,9.35,12.9,0,corps,8.336704202301947,2.8903
7623,29,236,8.14,14.2,0,corps,8.334536392198483,3.4932
7624,18,163,9.06,9.3,0,corps,8.332369665729141,1.9582
7625,17,126,7.41,8.9,0,corps,8.33020402235224,1.7691
7626,31,295,9.52,15.1,0,corps,8.328039461526364,2.6090
7627,8,80,10.00,4.9,0,corps,8.325875982710379,1.4441
7628,19,172,9.05,9.8,0,corps,8.323713585363409,1.9297
7629,16,146,9.12,8.4,0,corps,8.32155226894486,4.9466
7630,18,177,9.83,9.3,0,corps,8.319392032914399,2.4216
7631,36,306,8.50,17.3,0,corps,8.31723287673197,3.1297
7632,13,97,7.46,7.1,0,corps,8.315074799857785,2.1120
7633,16,197,12.31,8.4,0,corps,8.312917801752317,1.7944
7634,18,135,7.50,9.3,0,corps,8.310761881876324,1.8371
7635,18,165,9.17,9.3,0,corps,8.308607039690827,3.8952
7636,8,69,8.62,4.9,0,corps,8.306453274657109,7.8632
7637,32,322,10.06,15.6,0,corps,8.304300586236735,3.3253
7638,18,185,10.28,9.3,0,corps,8.302148973891526,3.3276
7639,23,189,8.22,11.6,0,corps,8.299998437083586,2.9333
7640,36,341,9.47,17.3,0,corps,8.297848975275278,1.7733
7641,12,112,9.33,6.7,0,corps,8.295700587929232,7.7545
7642,18,184,10.22,9.3,0,corps,8.293553274508358,2.8893
7643,25,218,8.72,12.4,0,corps,8.291407034475828,2.8693
7644,38,359,9.45,18.2,0,corps,8.289261867295075,4.6164
7645,22,188,8.55,11.1,0,corps,8.287117772429815,2.5960
7646,28,231,8.25,13.8,0,corps,8.284974749344014,1.7981
7647,27,202,7.48,13.3,0,corps,8.282832797501928,1.9310
7648,31,298,9.61,15.1,0,corps,8.280691916368063,3.7458
7649,25,243,9.72,12.4,0,corps,8.278552105407197,4.1233
7650,30,307,10.23,14.7,0,corps,8.276413364084382,3.3608
7651,8,73,9.12,4.9,0,corps,8.27427569186493,1.5747
7652,14,135,9.64,7.6,0,corps,8.272139088214422,2.1501
7653,10,117,11.70,5.8,0,corps,8.27000355259871,1.4418
7654,33,285,8.64,16.0,0,corps,8.267869084483907,2.2695
7655,4,42,10.50,3.1,0,corps,8.265735683336398,2.0795
7656,9,67,7.44,5.3,0,corps,8.263603348622832,2.5462
7657,27,242,8.96,13.3,0,corps,8.261472079810126,2.0469
7658,14,130,9.29,7.6,0,corps,8.25934187636546,2.8251
7659,13,104,8.00,7.1,0,corps,8.257212737756287,4.5329
7660,26,228,8.77,12.9,0,corps,8.25508466345032,3.5761
7661,20,248,12.40,10.2,0,corps,8.252957652915542,2.7011
7662,17,147,8.65,8.9,0,corps,8.250831705620199,5.4571
7663,25,231,9.24,12.4,0,corps,8.248706821032803,3.6701
7664,6,59,9.83,4.0,0,corps,8.246582998622138,8.2307
7665,27,282,10.44,13.3,0,corps,8.24446023785724,2.1452
7666,21,214,10.19,10.7,0,corps,8.242338538207425,3.0190
7667,23,234,10.17,11.6,0,corps,8.24021789914227,3.6538
7668,38,381,10.03,18.2,0,corps,8.238098320131607,2.7399
7669,40,374,9.35,19.1,0,corps,8.235979800645552,2.7551
7670,23,198,8.61,11.6,0,corps,8.233862340154463,2.9139
7671,13,114,8.77,7.1,0,corps,8.231745938128984,5.3908
7672,26,275,10.58,12.9,0,corps,8.229630594040014,1.9452
7673,20,197,9.85,10.2,0,corps,8.227516307358709,1.1081
7674,19,203,10.68,9.8,0,corps,8.225403077556507,1.6382
7675,21,193,9.19,10.7,0,corps,8.223290904105095,3.2544
7676,22,211,9.59,11.1,0,corps,8.22117978647643,3.2225
7677,13,91,7.00,7.1,0,corps,8.219069724142736,2.6919
7678,30,293,9.77,14.7,0,corps,8.216960716576494,4.0196
7679,21,212,10.10,10.7,0,corps,8.214852763250452,1.5035
7680,32,323,10.09,15.6,0,corps,8.212745863637624,4.2825
7681,18,197,10.94,9.3,0,corps,8.210640017211283,3.2803
7682,20,178,8.90,10.2,0,corps,8.208535223444969,3.9582
7683,8,63,7.88,4.9,0,corps,8.206431481812483,10.8178
7684,10,91,9.10,5.8,0,corps,8.204328791787887,3.8604
7685,30,251,8.37,14.7,0,corps,8.202227152845516,3.3957
7686,12,105,8.75,6.7,0,corps,8.20012656445995,1.7416
7687,23,216,9.39,11.6,0,corps,8.198027026106049,2.7037
7688,30,251,8.37,14.7,0,corps,8.195928537258927,2.7900
7689,26,227,8.73,12.9,0,corps,8.19383109739396,3.3549
7690,24,253,10.54,12.0,0,corps,8.19173470598679,3.5559
7691,13,118,9.08,7.1,0,corps,8.189639362513319,5.4938
7692,22,203,9.23,11.1,0,corps,8.187545066449708,3.7987
7693,21,194,9.24,10.7,0,corps,8.185451817272387,2.3835
7694,8,56,7.00,4.9,0,corps,8.183359614458043,4.7885
7695,17,218,12.82,8.9,0,corps,8.181268457483622,4.3905
7696,22,183,8.32,11.1,0,corps,8.17917834582634,2.7648
7697,8,52,6.50,4.9,0,corps,8.177089278963665,3.5260
7698,23,229,9.96,11.6,0,corps,8.17500125637333,2.5296
7699,32,266,8.31,15.6,0,corps,8.172914277533334,2.2314
7700,33,368,11.15,16.0,0,corps,8.170828341921926,3.2785
7701,38,434,11.42,18.2,0,corps,8.168743449017626,3.7649
7702,21,248,11.81,10.7,0,corps,8.16665959829921,1.6742
7703,24,224,9.33,12.0,0,corps,8.164576789245714,3.5968
7704,26,289,11.12,12.9,0,corps,8.162495021336442,1.6954
7705,32,257,8.03,15.6,0,corps,8.160414294050941,4.3572
7706,19,187,9.84,9.8,0,corps,8.158334606869039,3.1700
7707,11,115,10.45,6.2,0,corps,8.15625595927081,6.4343
7708,41,412,10.05,19.6,0,corps,8.15417835073659,2.9540
7709,26,235,9.04,12.9,0,corps,8.152101780746984,2.5752
7710,45,386,8.58,21.3,0,corps,8.15002624878284,2.2082
7711,18,161,8.94,9.3,0,corps,8.14795175432528,2.9271
7712,32,315,9.84,15.6,0,corps,8.145878296855683,2.7921
7713,33,349,10.58,16.0,0,corps,8.14380587585568,1.9581
7714,18,233,12.94,9.3,0,corps,8.141734490807167,2.8540
7715,51,580,11.37,24.0,0,corps,8.139664141192302,2.4190
7716,21,218,10.38,10.7,0,corps,8.13759482649349,4.0437
7717,13,155,11.92,7.1,0,corps,8.13552654619341,2.0140
7718,20,194,9.70,10.2,0,corps,8.133459299774984,3.6155
7719,49,529,10.80,23.1,0,corps,8.131393086721406,3.8465
7720,27,272,10.07,13.3,0,corps,8.12932790651612,3.3735
7721,22,220,10.00,11.1,0,corps,8.127263758642833,4.4409
7722,32,301,9.41,15.6,0,corps,8.125200642585508,3.1358
7723,31,242,7.81,15.1,0,corps,8.123138557828364,3.2134
7724,13,119,9.15,7.1,0,corps,8.121077503855883,2.7384
7725,16,145,9.06,8.4,0,corps,8.119017480152799,2.8691
7726,24,231,9.62,12.0,0,corps,8.116958486204103,3.6021
7727,20,187,9.35,10.2,0,corps,8.114900521495052,3.7524
7728,10,131,13.10,5.8,0,corps,8.112843585511156,1.8879
7729,16,163,10.19,8.4,0,corps,8.110787677738173,2.1822
7730,13,106,8.15,7.1,0,corps,8.108732797662132,5.2688
7731,32,328,10.25,15.6,0,corps,8.106678944769314,1.5505
7732,7,65,9.29,4.4,0,corps,8.104626118546252,1.5903
7733,29,365,12.59,14.2,0,corps,8.102574318479743,3.7294
7734,22,187,8.50,11.1,0,corps,8.10052354405683,4.3327
7735,18,164,9.11,9.3,0,corps,8.09847379476483,3.3930
7736,14,105,7.50,7.6,0,corps,8.096425070091298,1.7861
7737,19,211,11.11,9.8,0,corps,8.094377369524054,2.1284
7738,16,130,8.12,8.4,0,corps,8.092330692551174,2.4809
7739,32,299,9.34,15.6,0,corps,8.090285038660989,3.6515
7740,31,334,10.77,15.1,0,corps,8.088240407342084,2.4513
7741,31,332,10.71,15.1,0,corps,8.086196798083305,3.1779
7742,8,71,8.88,4.9,0,corps,8.084154210373743,6.6964
7743,47,434,9.23,22.2,0,corps,8.082112643702756,2.5703
7744,17,136,8.00,8.9,0,corps,8.080072097559954,1.8482
7745,24,185,7.71,12.0,0,corps,8.078032571435195,4.3355
7746,49,474,9.67,23.1,0,corps,8.075994064818598,3.2709
7747,49,467,9.53,23.1,0,corps,8.073956577200542,2.4228
7748,5,57,11.40,3.6,0,corps,8.071920108071652,1.4697
7749,13,125,9.62,7.1,0,corps,8.069884656922808,3.8557
7750,28,378,13.50,13.8,0,corps,8.067850223245149,2.3626
7751,30,289,9.63,14.7,0,corps,8.06581680653007,2.0487
7752,32,284,8.88,15.6,0,corps,8.063784406269212,5.1804
7753,28,262,9.36,13.8,0,corps,8.061753021954473,2.9145
7754,48,476,9.92,22.7,0,corps,8.059722653078015,3.7390
7755,32,269,8.41,15.6,0,corps,8.057693299132241,2.7167
7756,17,140,8.24,8.9,0,corps,8.055664959609812,1.9809
7757,22,214,9.73,11.1,0,corps,8.053637634003646,2.8298
7758,17,142,8.35,8.9,0,corps,8.05161132180691,4.5501
7759,32,282,8.81,15.6,0,corps,8.049586022513022,3.6913
7760,17,148,8.71,8.9,0,corps,8.047561735615663,2.0022
7761,17,141,8.29,8.9,0,corps,8.045538460608759,2.2287
7762,23,196,8.52,11.6,0,corps,8.043516196986491,1.7682
7763,41,387,9.44,19.6,0,corps,8.041494944243292,5.0997
7764,21,171,8.14,10.7,0,corps,8.03947470187385,3.8491
7765,28,202,7.21,13.8,0,corps,8.037455469373105,5.0301
7766,28,280,10.00,13.8,0,corps,8.03543724623625,3.1679
7767,35,381,10.89,16.9,0,corps,8.033420031958727,4.7576
7768,36,332,9.22,17.3,0,corps,8.031403826036234,4.1405
7769,28,266,9.50,13.8,0,corps,8.029388627964714,3.4410
7770,30,275,9.17,14.7,0,corps,8.027374437240377,3.6263
7771,23,262,11.39,11.6,0,corps,8.025361253359668,2.3373
7772,29,278,9.59,14.2,0,corps,8.023349075819294,2.7359
7773,19,164,8.63,9.8,0,corps,8.02133790411621,3.0329
7774,26,225,8.65,12.9,0,corps,8.019327737747622,3.4987
7775,3,29,9.67,2.7,0,corps,8.017318576210988,1.2251
7776,19,204,10.74,9.8,0,corps,8.015310419004022,2.1696
7777,18,201,11.17,9.3,0,corps,8.01330326562468,2.0255
7778,41,488,11.90,19.6,0,corps,8.011297115571178,2.8325
7779,20,215,10.75,10.2,0,corps,8.009291968341973,3.3501
7780,24,258,10.75,12.0,0,corps,8.00728782343578,2.8213
7781,8,67,8.38,4.9,0,corps,8.005284680351567,1.9143
7782,22,220,10.00,11.1,0,corps,8.003282538588543,1.4505
7783,20,182,9.10,10.2,0,corps,8.001281397646173,1.3945
7784,16,151,9.44,8.4,0,corps,7.999281257024177,2.5648
7785,14,138,9.86,7.6,0,corps,7.997282116222512,4.9444
7786,20,184,9.20,10.2,0,corps,7.995283974741402,3.5420
7787,40,362,9.05,19.1,0,corps,7.9932868320813,2.4718
7788,31,301,9.71,15.1,0,corps,7.991290687742931,3.3908
7789,14,136,9.71,7.6,0,corps,7.989295541227256,3.2238
7790,25,214,8.56,12.4,0,corps,7.987301392035484,2.0151
7791,19,148,7.79,9.8,0,corps,7.985308239669081,4.9835
7792,19,181,9.53,9.8,0,corps,7.98331608362976,1.3761
7793,19,175,9.21,9.8,0,corps,7.98132492341948,2.7231
7794,27,233,8.63,13.3,0,corps,7.979334758540453,4.5385
7795,23,195,8.48,11.6,0,corps,7.977345588495134,3.4140
7796,15,129,8.60,8.0,0,corps,7.975357412786234,2.1792
7797,23,184,8.00,11.6,0,corps,7.973370230916708,2.6761
7798,21,186,8.86,10.7,0,corps,7.971384042389761,3.3561
7799,25,204,8.16,12.4,0,corps,7.969398846708844,5.1847
7800,22,208,9.45,11.1,0,corps,7.96741464337766,1.8257
7801,26,237,9.12,12.9,0,corps,7.965431431900158,4.0402
7802,6,66,11.00,4.0,0,corps,7.963449211780535,9.2125
7803,26,248,9.54,12.9,0,corps,7.961467982523233,3.0155
7804,16,148,9.25,8.4,0,corps,7.959487743632948,4.3046
7805,34,318,9.35,16.4,0,corps,7.957508494614622,3.4413
7806,35,311,8.89,16.9,0,corps,7.955530234973438,2.4943
7807,21,200,9.52,10.7,0,corps,7.953552964214833,2.3716
7808,15,139,9.27,8.0,0,corps,7.951576681844494,3.0886
7809,4,40,10.00,3.1,0,corps,7.94960138736834,1.5141
7810,21,210,10.00,10.7,0,corps,7.947627080292557,5.4481
7811,30,269,8.97,14.7,0,corps,7.945653760123564,4.0613
7812,12,105,8.75,6.7,0,corps,7.94368142636803,1.5189
7813,11,120,10.91,6.2,0,corps,7.941710078532877,5.4566
7814,23,204,8.87,11.6,0,corps,7.93973971612526,4.4218
7815,20,169,8.45,10.2,0,corps,7.937770338652594,3.3357
7816,18,161,8.94,9.3,0,corps,7.935801945622534,2.9944
7817,16,130,8.12,8.4,0,corps,7.93383453654298,3.2159
7818,7,62,8.86,4.4,0,corps,7.931868110922083,6.0289
7819,22,183,8.32,11.1,0,corps,7.929902668268231,3.2851
7820,22,180,8.18,11.1,0,corps,7.927938208090067,5.0833
7821,22,187,8.50,11.1,0,corps,7.925974729896476,5.4675
7822,10,116,11.60,5.8,0,corps,7.9240122331965885,3.8110
7823,37,385,10.41,17.8,0,corps,7.922050717499779,6.4447
7824,29,266,9.17,14.2,0,corps,7.92009018231567,4.8820
7825,34,413,12.15,16.4,0,corps,7.9181306271541265,5.4889
7826,30,381,12.70,14.7,0,corps,7.916172051525261,4.5380
7827,15,135,9.00,8.0,0,corps,7.914214454939428,2.4067
7828,21,183,8.71,10.7,0,corps,7.912257836907227,5.0823
7829,10,100,10.00,5.8,0,corps,7.91030219693951,4.5521
7830,31,316,10.19,15.1,0,corps,7.908347534547361,4.2846
7831,25,260,10.40,12.4,0,corps,7.9063938492421135,2.8350
7832,29,290,10.00,14.2,0,corps,7.904441140535351,5.1599
7833,38,468,12.32,18.2,0,corps,7.902489407938893,5.4537
7834,32,424,13.25,15.6,0,corps,7.900538650964808,5.6913
7835,30,304,10.13,14.7,0,corps,7.898588869125406,2.6535
7836,13,129,9.92,7.1,0,corps,7.896640061933241,5.8469
7837,40,451,11.28,19.1,0,corps,7.894692228901115,4.6714
7838,31,311,10.03,15.1,0,corps,7.8927453695420615,6.3739
7839,15,189,12.60,8.0,0,corps,7.890799483369373,1.6597
7840,28,373,13.32,13.8,0,corps,7.888854569896576,3.8248
7841,34,349,10.26,16.4,0,corps,7.886910628637442,4.4246
7842,34,348,10.24,16.4,0,corps,7.8849676591059845,2.9056
7843,16,184,11.50,8.4,0,corps,7.883025660816462,3.2846
7844,37,474,12.81,17.8,0,corps,7.8810846332833755,3.1821
7845,48,454,9.46,22.7,0,corps,7.879144576021467,5.5047
7846,17,178,10.47,8.9,0,corps,7.877205488545721,2.5139
7847,16,145,9.06,8.4,0,corps,7.875267370371369,4.6921
7848,27,248,9.19,13.3,0,corps,7.873330221013881,3.3840
7849,15,121,8.07,8.0,0,corps,7.871394039988969,1.8923
7850,20,167,8.35,10.2,0,corps,7.869458826812585,2.4230
7851,9,74,8.22,5.3,0,corps,7.867524581000929,3.9119
7852,29,267,9.21,14.2,0,corps,7.865591302070436,4.2180
7853,24,234,9.75,12.0,0,corps,7.863658989537791,2.3956
7854,33,310,9.39,16.0,0,corps,7.861727642919913,2.9107
7855,43,390,9.07,20.4,0,corps,7.859797261733964,3.6359
7856,15,129,8.60,8.0,0,corps,7.8578678454973545,3.3125
7857,30,268,8.93,14.7,0,corps,7.8559393937277235,2.6835
7858,17,152,8.94,8.9,0,corps,7.854011905942963,4.9127
7859,11,96,8.73,6.2,0,corps,7.8520853816611975,8.5175
7860,22,171,7.77,11.1,0,corps,7.8501598204007985,2.0844
7861,33,336,10.18,16.0,0,corps,7.8482352216803735,2.8544
7862,33,345,10.45,16.0,0,corps,7.846311585018774,3.5644
7863,21,209,9.95,10.7,0,corps,7.84438890993509,4.5742
7864,35,411,11.74,16.9,0,corps,7.842467195948657,2.5850
7865,23,275,11.96,11.6,0,corps,7.84054644257904,2.9146
7866,17,179,10.53,8.9,0,corps,7.838626649346056,1.5751
7867,22,182,8.27,11.1,0,corps,7.836707815769752,2.2503
7868,34,314,9.24,16.4,0,corps,7.8347899413704205,1.8225
7869,21,189,9.00,10.7,0,corps,7.832873025668598,3.2807
7870,17,194,11.41,8.9,0,corps,7.83095706818505,3.1315
7871,21,199,9.48,10.7,0,corps,7.829042068440789,4.3188
7872,15,146,9.73,8.0,0,corps,7.827128025957067,4.7976
7873,12,162,13.50,6.7,0,corps,7.825214940255368,3.1920
7874,22,213,9.68,11.1,0,corps,7.823302810857427,3.2869
7875,34,328,9.65,16.4,0,corps,7.821391637285208,4.0081
7876,28,265,9.46,13.8,0,corps,7.819481419060917,3.2352
7877,30,254,8.47,14.7,0,corps,7.817572155707002,4.3494
7878,10,82,8.20,5.8,0,corps,7.815663846746144,4.8819
7879,42,472,11.24,20.0,0,corps,7.8137564917012705,3.4102
7880,20,193,9.65,10.2,0,corps,7.811850090095537,3.7187
7881,15,146,9.73,8.0,0,corps,7.809944641452346,5.3726
7882,31,334,10.77,15.1,0,corps,7.808040145295337,3.7620
7883,18,183,10.17,9.3,0,corps,7.806136601148383,4.3600
7884,37,462,12.49,17.8,0,corps,7.804234008535599,3.5652
7885,14,152,10.86,7.6,0,corps,7.802332366981338,2.8833
7886,19,194,10.21,9.8,0,corps,7.800431676010187,2.7184
7887,20,185,9.25,10.2,0,corps,7.798531935146976,3.5477
7888,23,222,9.65,11.6,0,corps,7.796633143916767,2.3267
7889,12,134,11.17,6.7,0,corps,7.794735301844866,3.1356
7890,20,183,9.15,10.2,0,corps,7.792838408456809,4.5267
7891,21,161,7.67,10.7,0,corps,7.790942463278375,4.5937
7892,27,296,10.96,13.3,0,corps,7.789047465835575,2.7997
7893,36,431,11.97,17.3,0,corps,7.787153415654663,2.5839
7894,26,233,8.96,12.9,0,corps,7.785260312262121,2.5462
7895,10,107,10.70,5.8,0,corps,7.7833681551846805,2.1800
7896,30,427,14.23,14.7,0,corps,7.781476943949298,4.0260
7897,22,226,10.27,11.1,0,corps,7.779586678083169,2.4458
7898,29,240,8.28,14.2,0,corps,7.777697357113731,3.0097
7899,15,159,10.60,8.0,0,corps,7.775808980568652,4.4939
7900,36,459,12.75,17.3,0,corps,7.773921547975837,2.7535
7901,25,233,9.32,12.4,0,corps,7.77203505886343,3.3483
7902,27,265,9.81,13.3,0,corps,7.770149512759805,3.8121
7903,34,319,9.38,16.4,0,corps,7.768264909193581,4.9380
7904,10,117,11.70,5.8,0,corps,7.766381247693602,4.0592
7905,28,462,16.50,13.8,0,corps,7.764498527788953,3.0220
7906,24,321,13.38,12.0,0,corps,7.7626167490089575,2.6107
7907,35,368,10.51,16.9,0,corps,7.760735910883168,4.3832
7908,32,349,10.91,15.6,0,corps,7.758856012941376,3.9168
7909,8,82,10.25,4.9,0,corps,7.75697705471361,5.3270
7910,31,344,11.10,15.1,0,corps,7.755099035730123,3.0656
7911,26,259,9.96,12.9,0,corps,7.753221955521417,1.9220
7912,38,480,12.63,18.2,0,corps,7.751345813618219,4.1407
7913,32,374,11.69,15.6,0,corps,7.7494706095514925,2.1090
7914,25,238,9.52,12.4,0,corps,7.7475963428524395,3.6402
7915,26,289,11.12,12.9,0,corps,7.745723013052489,2.8967
7916,20,226,11.30,10.2,0,corps,7.743850619683313,1.6444
7917,12,116,9.67,6.7,0,corps,7.741979162276813,2.1454
7918,21,229,10.90,10.7,0,corps,7.74010864036512,3.4551
7919,7,68,9.71,4.4,0,corps,7.738239053480611,1.9119
7920,36,366,10.17,17.3,0,corps,7.736370401155882,4.2758
7921,30,279,9.30,14.7,0,corps,7.734502682923772,2.9003
7922,22,203,9.23,11.1,0,corps,7.732635898317353,1.2761
7923,36,371,10.31,17.3,0,corps,7.730770046869928,3.1492
7924,24,236,9.83,12.0,0,corps,7.7289051281150325,1.9603
7925,17,180,10.59,8.9,0,corps,7.727041141586442,2.0901
7926,24,247,10.29,12.0,0,corps,7.725178086818155,1.4733
7927,12,103,8.58,6.7,0,corps,7.723315963344408,4.7526
7928,23,199,8.65,11.6,0,corps,7.721454770699672,2.1535
7929,40,431,10.78,19.1,0,corps,7.719594508418648,4.7369
7930,28,278,9.93,13.8,0,corps,7.717735176036269,3.0505
7931,16,170,10.62,8.4,0,corps,7.715876773087706,2.7471
7932,16,116,7.25,8.4,0,corps,7.714019299108353,4.1922
7933,26,217,8.35,12.9,0,corps,7.712162753633847,3.6544
7934,35,335,9.57,16.9,0,corps,7.710307136200045,2.1641
7935,24,196,8.17,12.0,0,corps,7.708452446343051,3.6379
7936,28,285,10.18,13.8,0,corps,7.706598683599185,1.6540
7937,17,133,7.82,8.9,0,corps,7.704745847505009,3.9935
7938,18,170,9.44,9.3,0,corps,7.702893937597316,4.6913
7939,19,148,7.79,9.8,0,corps,7.701042953413125,2.6343
7940,26,236,9.08,12.9,0,corps,7.699192894489691,4.3935
7941,25,210,8.40,12.4,0,corps,7.697343760364503,2.1054
7942,18,185,10.28,9.3,0,corps,7.695495550575271,3.3468
7943,35,366,10.46,16.9,0,corps,7.693648264659949,4.2882
7944,18,193,10.72,9.3,0,corps,7.691801902156708,1.7846
7945,22,211,9.59,11.1,0,corps,7.689956462603965,3.7411
7946,31,321,10.35,15.1,0,corps,7.688111945540357,3.7366
7947,40,332,8.30,19.1,0,corps,7.686268350504754,3.3515
7948,41,419,10.22,19.6,0,corps,7.684425677036258,3.0958
7949,31,264,8.52,15.1,0,corps,7.6825839246742005,3.2903
7950,19,169,8.89,9.8,0,corps,7.680743092958142,3.5449
7951,38,372,9.79,18.2,0,corps,7.678903181427879,3.6891
7952,29,301,10.38,14.2,0,corps,7.677064189623427,4.1287
7953,27,238,8.81,13.3,0,corps,7.675226117085043,4.1239
7954,35,376,10.74,16.9,0,corps,7.673388963353209,3.8090
7955,40,403,10.07,19.1,0,corps,7.671552727968632,5.5600
7956,38,371,9.76,18.2,0,corps,7.669717410472257,3.6172
7957,16,172,10.75,8.4,0,corps,7.667883010405255,2.2486
7958,10,74,7.40,5.8,0,corps,7.666049527309024,2.4129
7959,19,190,10.00,9.8,0,corps,7.664216960725195,4.1052
7960,14,111,7.93,7.6,0,corps,7.662385310195624,5.7173
7961,26,252,9.69,12.9,0,corps,7.660554575262399,3.8000
7962,29,265,9.14,14.2,0,corps,7.658724755467839,2.2084
7963,21,200,9.52,10.7,0,corps,7.656895850354484,1.4977
7964,27,253,9.37,13.3,0,corps,7.655067859465111,4.4278
7965,24,226,9.42,12.0,0,corps,7.653240782342725,2.8981
7966,29,276,9.52,14.2,0,corps,7.651414618530551,3.8788
7967,14,150,10.71,7.6,0,corps,7.649589367572052,1.4863
7968,17,150,8.82,8.9,0,corps,7.647765029010914,3.6071
7969,39,423,10.85,18.7,0,corps,7.6459416023910505,3.6484
7970,35,313,8.94,16.9,0,corps,7.644119087256608,1.7368
7971,20,206,10.30,10.2,0,corps,7.642297483151955,2.1181
7972,21,193,9.19,10.7,0,corps,7.640476789621692,4.4630
7973,10,92,9.20,5.8,0,corps,7.638657006210647,1.1538
7974,20,161,8.05,10.2,0,corps,7.636838132463872,2.0637
7975,12,99,8.25,6.7,0,corps,7.635020167926649,3.3575
7976,29,334,11.52,14.2,0,corps,7.6332031121444865,2.5938
7977,9,93,10.33,5.3,0,corps,7.63138696466312,5.5058
7978,26,299,11.50,12.9,0,corps,7.629571725028517,3.2943
7979,31,307,9.90,15.1,0,corps,7.62775739278686,3.2388
7980,18,207,11.50,9.3,0,corps,7.625943967484572,2.4367
7981,18,176,9.78,9.3,0,corps,7.624131448668295,3.9991
7982,17,147,8.65,8.9,0,corps,7.622319835884897,4.8312
7983,25,241,9.64,12.4,0,corps,7.62050912868148,5.4734
7984,16,149,9.31,8.4,0,corps,7.618699326605362,3.2347
7985,25,243,9.72,12.4,0,corps,7.616890429204096,3.1700
7986,18,153,8.50,9.3,0,corps,7.615082436025455,4.1436
7987,23,273,11.87,11.6,0,corps,7.61327534661744,2.1109
7988,21,204,9.71,10.7,0,corps,7.611469160528284,2.8587
7989,19,181,9.53,9.8,0,corps,7.609663877306436,3.4927
7990,29,311,10.72,14.2,0,corps,7.607859496500574,2.4706
7991,29,290,10.00,14.2,0,corps,7.606056017659607,3.4020
7992,22,162,7.36,11.1,0,corps,7.604253440332663,3.7916
7993,28,286,10.21,13.8,0,corps,7.602451764069096,3.0497
7994,50,432,8.64,23.6,0,corps,7.600650988418492,3.4838
7995,31,256,8.26,15.1,0,corps,7.598851112930652,2.6987
7996,16,137,8.56,8.4,0,corps,7.5970521371556075,3.2685
7997,21,145,6.90,10.7,0,corps,7.595254060643619,4.6102
7998,21,170,8.10,10.7,0,corps,7.593456882945163,3.1357
7999,18,165,9.17,9.3,0,corps,7.591660603610947,4.5314
8000,17,161,9.47,8.9,0,corps,7.589865222191899,1.8321
8001,25,212,8.48,12.4,0,corps,7.588070738239177,2.6035
8002,18,192,10.67,9.3,0,corps,7.586277151304155,2.2130
8003,12,91,7.58,6.7,0,corps,7.584484460938444,2.1177
8004,26,202,7.77,12.9,0,corps,7.582692666693866,2.4324
8005,39,367,9.41,18.7,0,corps,7.5809017681224695,3.6208
8006,17,183,10.76,8.9,0,corps,7.579111764776539,2.9544
8007,15,125,8.33,8.0,0,corps,7.577322656208565,5.7034
8008,18,169,9.39,9.3,0,corps,7.575534441971277,3.5691
8009,20,203,10.15,10.2,0,corps,7.573747121617613,4.5243
8010,35,293,8.37,16.9,0,corps,7.571960694700753,4.9773
8011,28,257,9.18,13.8,0,corps,7.570175160774083,2.2533
8012,37,367,9.92,17.8,0,corps,7.568390519391219,4.2312
8013,21,187,8.90,10.7,0,corps,7.566606770106008,1.8819
8014,23,191,8.30,11.6,0,corps,7.564823912472507,2.0370
8015,23,171,7.43,11.6,0,corps,7.563041946044999,6.0625
8016,24,252,10.50,12.0,0,corps,7.561260870378001,4.4538
8017,31,288,9.29,15.1,0,corps,7.559480685026237,3.8785
8018,26,214,8.23,12.9,0,corps,7.55770138954466,1.8381
8019,28,276,9.86,13.8,0,corps,7.555922983488453,4.5931
8020,22,201,9.14,11.1,0,corps,7.5541454664130105,5.0084
8021,29,307,10.59,14.2,0,corps,7.55236883787395,4.1737
8022,26,276,10.62,12.9,0,corps,7.550593097427121,2.3621
8023,14,134,9.57,7.6,0,corps,7.548818244628583,3.8993
8024,16,176,11.00,8.4,0,corps,7.547044279034626,1.9565
8025,27,351,13.00,13.3,0,corps,7.545271200201754,2.9300
8026,22,197,8.95,11.1,0,corps,7.5434990076867035,2.3955
8027,23,264,11.48,11.6,0,corps,7.541727701046424,3.4535
8028,25,313,12.52,12.4,0,corps,7.539957279838083,4.0321
8029,38,345,9.08,18.2,0,corps,7.538187743619086,4.4055
8030,28,291,10.39,13.8,0,corps,7.5364190919470415,3.8079
8031,31,342,11.03,15.1,0,corps,7.534651324379787,2.5835
8032,38,403,10.61,18.2,0,corps,7.532884440475385,2.6110
8033,21,263,12.52,10.7,0,corps,7.5311184397921105,3.2544
8034,36,373,10.36,17.3,0,corps,7.529353321888461,3.4897
8035,21,206,9.81,10.7,0,corps,7.527589086323164,4.6523
8036,9,117,13.00,5.3,0,corps,7.525825732655157,4.2915
8037,28,376,13.43,13.8,0,corps,7.524063260443597,2.3407
8038,9,91,10.11,5.3,0,corps,7.522301669247877,1.5022
8039,7,58,8.29,4.4,0,corps,7.520540958627589,1.6874
8040,21,211,10.05,10.7,0,corps,7.518781128142563,2.5375
8041,15,156,10.40,8.0,0,corps,7.517022177352831,2.3518
8042,18,159,8.83,9.3,0,corps,7.515264105818664,3.8678
8043,21,202,9.62,10.7,0,corps,7.513506913100544,1.5186
8044,27,243,9.00,13.3,0,corps,7.511750598759168,4.5884
8045,28,274,9.79,13.8,0,corps,7.509995162355461,3.6760
8046,16,170,10.62,8.4,0,corps,7.508240603450564,1.2883
8047,25,254,10.16,12.4,0,corps,7.506486921605833,3.4130
8048,24,241,10.04,12.0,0,corps,7.504734116382853,3.4595
8049,23,263,11.43,11.6,0,corps,7.502982187343421,1.7622
8050,18,167,9.28,9.3,0,corps,7.501231134049551,4.7731
8051,29,240,8.28,14.2,0,corps,7.499480956063485,3.1879
8052,30,356,11.87,14.7,0,corps,7.497731652947678,3.2003
8053,29,311,10.72,14.2,0,corps,7.495983224264799,3.7163
8054,32,284,8.88,15.6,0,corps,7.494235669577745,3.4349
8055,15,149,9.93,8.0,0,corps,7.492488988449629,1.7514
8056,7,61,8.71,4.4,0,corps,7.490743180443777,1.2058
8057,35,360,10.29,16.9,0,corps,7.488998245123738,3.0093
8058,23,311,13.52,11.6,0,corps,7.487254182053278,4.7840
8059,20,170,8.50,10.2,0,corps,7.485510990796383,2.8712
8060,16,135,8.44,8.4,0,corps,7.483768670917251,4.3265
8061,36,377,10.47,17.3,0,corps,7.482027221980308,3.7602
8062,30,267,8.90,14.7,0,corps,7.480286643550188,3.3577
8063,21,187,8.90,10.7,0,corps,7.478546935191743,1.8780
8064,18,142,7.89,9.3,0,corps,7.476808096470055,4.7945
8065,30,310,10.33,14.7,0,corps,7.475070126950409,3.6880
8066,24,260,10.83,12.0,0,corps,7.473333026198309,2.5757
8067,21,203,9.67,10.7,0,corps,7.471596793779487,1.9429
8068,38,357,9.39,18.2,0,corps,7.469861429259883,3.5030
8069,25,217,8.68,12.4,0,corps,7.4681269322056485,3.4038
8070,22,202,9.18,11.1,0,corps,7.466393302183169,3.3769
8071,9,70,7.78,5.3,0,corps,7.464660538759035,6.9291
8072,16,156,9.75,8.4,0,corps,7.462928641500052,2.4438
8073,18,154,8.56,9.3,0,corps,7.461197609973244,3.6163
8074,29,310,10.69,14.2,0,corps,7.4594674437458615,2.7817
8075,20,181,9.05,10.2,0,corps,7.457738142385356,2.7645
8076,9,69,7.67,5.3,0,corps,7.456009705459402,2.2881
8077,31,277,8.94,15.1,0,corps,7.454282132535896,2.7372
8078,16,141,8.81,8.4,0,corps,7.45255542318294,2.3273
8079,15,127,8.47,8.0,0,corps,7.450829576968854,3.4510
8080,15,136,9.07,8.0,0,corps,7.449104593462186,3.8968
8081,24,227,9.46,12.0,0,corps,7.447380472231682,3.4609
8082,6,63,10.50,4.0,0,corps,7.445657212846311,1.2111
8083,31,342,11.03,15.1,0,corps,7.4439348148752655,5.3367
8084,34,411,12.09,16.4,0,corps,7.442213277887941,4.1702
8085,29,315,10.86,14.2,0,corps,7.4404926014539505,3.6776
8086,37,333,9.00,17.8,0,corps,7.438772785143131,2.5218
8087,26,225,8.65,12.9,0,corps,7.437053828525528,2.5957
8088,16,167,10.44,8.4,0,corps,7.435335731171397,3.8811
8089,29,263,9.07,14.2,0,corps,7.433618492651214,3.6709
8090,19,188,9.89,9.8,0,corps,7.431902112535678,3.4653
8091,23,192,8.35,11.6,0,corps,7.430186590395686,3.1692
8092,22,198,9.00,11.1,0,corps,7.4284719258023575,5.1764
8093,40,351,8.78,19.1,0,corps,7.426758118327029,4.2443
8094,31,309,9.97,15.1,0,corps,7.42504516754125,3.4511
8095,25,255,10.20,12.4,0,corps,7.423333073016777,3.3225
8096,13,121,9.31,7.1,0,corps,7.421621834325593,1.7073
8097,13,134,10.31,7.1,0,corps,7.4199114510398845,5.1395
8098,29,307,10.59,14.2,0,corps,7.418201922732057,2.6080
8099,19,212,11.16,9.8,0,corps,7.416493248974727,2.7299
8100,18,182,10.11,9.3,0,corps,7.4147854293407285,4.3878
8101,34,288,8.47,16.4,0,corps,7.413078463403103,3.6783
8102,16,151,9.44,8.4,0,corps,7.411372350735112,3.0442
8103,12,108,9.00,6.7,0,corps,7.409667090910229,4.2551
8104,20,171,8.55,10.2,0,corps,7.407962683502135,3.0197
8105,33,360,10.91,16.0,0,corps,7.406259128084727,4.4981
8106,14,123,8.79,7.6,0,corps,7.404556424232121,1.8253
8107,31,305,9.84,15.1,0,corps,7.402854571518641,2.3755
8108,31,240,7.74,15.1,0,corps,7.401153569518818,4.2899
8109,24,227,9.46,12.0,0,corps,7.399453417807406,1.7899
8110,24,224,9.33,12.0,0,corps,7.397754115959368,3.0992
8111,20,163,8.15,10.2,0,corps,7.3960556635498715,4.7646
8112,7,49,7.00,4.4,0,corps,7.394358060154314,1.6763
8113,31,272,8.77,15.1,0,corps,7.392661305348288,3.2366
8114,16,143,8.94,8.4,0,corps,7.390965398707603,1.7340
8115,37,334,9.03,17.8,0,corps,7.389270339808289,4.6641
8116,18,135,7.50,9.3,0,corps,7.387576128226578,4.3596
8117,4,35,8.75,3.1,0,corps,7.385882763538912,1.7299
8118,15,161,10.73,8.0,0,corps,7.384190245321959,3.2930
8119,36,337,9.36,17.3,0,corps,7.382498573152585,3.9361
8120,20,169,8.45,10.2,0,corps,7.3808077466078705,4.2628
8121,14,136,9.71,7.6,0,corps,7.379117765265109,4.9191
8122,29,349,12.03,14.2,0,corps,7.377428628701807,3.2053
8123,34,307,9.03,16.4,0,corps,7.3757403364956815,4.8932
8124,13,138,10.62,7.1,0,corps,7.374052888224655,2.6149
8125,25,241,9.64,12.4,0,corps,7.372366283466872,3.1740
8126,7,77,11.00,4.4,0,corps,7.370680521800675,2.1872
8127,32,300,9.38,15.6,0,corps,7.368995602804623,3.6233
8128,17,166,9.76,8.9,0,corps,7.3673115260574935,3.8467
8129,25,225,9.00,12.4,0,corps,7.365628291138264,4.4552
8130,27,278,10.30,13.3,0,corps,7.36394589762612,2.0132
8131,26,262,10.08,12.9,0,corps,7.362264345100472,1.9058
8132,47,607,12.91,22.2,0,corps,7.3605836331409265,3.8289
8133,26,281,10.81,12.9,0,corps,7.358903761327309,3.6557
8134,10,95,9.50,5.8,0,corps,7.357224729239645,5.9171
8135,11,100,9.09,6.2,0,corps,7.355546536458182,1.9239
8136,24,258,10.75,12.0,0,corps,7.353869182563375,3.1728
8137,33,330,10.00,16.0,0,corps,7.352192667135873,3.0049
8138,34,278,8.18,16.4,0,corps,7.350516989756562,3.8214
8139,19,172,9.05,9.8,0,corps,7.348842150006515,5.8347
8140,38,363,9.55,18.2,0,corps,7.34716814746702,3.0549
8141,6,43,7.17,4.0,0,corps,7.345494981719582,1.5239
8142,54,637,11.80,25.3,0,corps,7.3438226523459065,2.7219
8143,14,136,9.71,7.6,0,corps,7.342151158927909,2.3227
8144,22,219,9.95,11.1,0,corps,7.340480501047722,2.6510
8145,22,245,11.14,11.1,0,corps,7.338810678287675,4.1675
8146,17,164,9.65,8.9,0,corps,7.3371416902303155,1.6742
8147,34,400,11.76,16.4,0,corps,7.335473536458398,2.2082
8148,31,417,13.45,15.1,0,corps,7.333806216554881,2.9549
8149,12,100,8.33,6.7,0,corps,7.332139730102935,5.7139
8150,27,259,9.59,13.3,0,corps,7.330474076685936,1.9708
8151,28,282,10.07,13.8,0,corps,7.328809255887478,1.5713
8152,31,284,9.16,15.1,0,corps,7.3271452672913515,3.3916
8153,12,125,10.42,6.7,0,corps,7.3254821104815555,1.1802
8154,25,238,9.52,12.4,0,corps,7.323819785042307,2.2568
8155,20,185,9.25,10.2,0,corps,7.322158290558023,5.3600
8156,19,161,8.47,9.8,0,corps,7.320497626613324,3.8733
8157,41,417,10.17,19.6,0,corps,7.318837792793054,2.4379
8158,29,271,9.34,14.2,0,corps,7.3171787886822495,2.7600
8159,28,252,9.00,13.8,0,corps,7.3155206138661555,2.4704
8160,14,137,9.79,7.6,0,corps,7.313863267930235,1.6188
8161,14,115,8.21,7.6,0,corps,7.312206750460149,3.7467
8162,28,241,8.61,13.8,0,corps,7.310551061041765,3.6155
8163,15,121,8.07,8.0,0,corps,7.308896199261166,3.8299
8164,20,191,9.55,10.2,0,corps,7.307242164704634,2.9127
8165,18,130,7.22,9.3,0,corps,7.305588956958661,4.7224
8166,26,257,9.88,12.9,0,corps,7.303936575609943,2.1350
8167,19,170,8.95,9.8,0,corps,7.302285020245386,1.6600
8168,34,335,9.85,16.4,0,corps,7.300634290452103,2.5108
8169,20,162,8.10,10.2,0,corps,7.2989843858174055,1.9200
8170,30,298,9.93,14.7,0,corps,7.297335305928826,3.2424
8171,17,190,11.18,8.9,0,corps,7.295687050374092,1.7264
8172,26,200,7.69,12.9,0,corps,7.294039618741133,2.5418
8173,20,160,8.00,10.2,0,corps,7.292393010618096,5.0828
8174,36,309,8.58,17.3,0,corps,7.290747225593332,3.1337
8175,26,227,8.73,12.9,0,corps,7.289102263255387,3.9620
8176,25,213,8.52,12.4,0,corps,7.28745812319303,1.8654
8177,16,141,8.81,8.4,0,corps,7.285814804995219,4.3647
8178,4,30,7.50,3.1,0,corps,7.284172308251124,1.6526
8179,22,198,9.00,11.1,0,corps,7.282530632550127,3.4741
8180,15,118,7.87,8.0,0,corps,7.280889777481804,4.8614
8181,25,218,8.72,12.4,0,corps,7.279249742635943,4.2319
8182,31,289,9.32,15.1,0,corps,7.2776105276025325,4.7924
8183,11,66,6.00,6.2,0,corps,7.2759721319717725,3.5356
8184,29,222,7.66,14.2,0,corps,7.274334555334064,4.2231
8185,32,346,10.81,15.6,0,corps,7.272697797280006,4.1055
8186,14,129,9.21,7.6,0,corps,7.2710618574004195,1.8033
8187,26,262,10.08,12.9,0,corps,7.269426735286314,2.3681
8188,26,262,10.08,12.9,0,corps,7.267792430528906,3.6317
8189,45,447,9.93,21.3,0,corps,7.266158942719625,3.8218
8190,11,91,8.27,6.2,0,corps,7.264526271450097,5.4747
8191,10,79,7.90,5.8,0,corps,7.262894416312152,2.3322
8192,25,231,9.24,12.4,0,corps,7.261263376897831,4.0494
8193,19,211,11.11,9.8,0,corps,7.2596331527993705,4.0581
8194,27,275,10.19,13.3,0,corps,7.258003743609212,3.9881
8195,15,135,9.00,8.0,0,corps,7.256375148920011,4.5262
8196,21,190,9.05,10.7,0,corps,7.254747368324613,4.3401
8197,31,326,10.52,15.1,0,corps,7.253120401416073,4.3679
8198,24,251,10.46,12.0,0,corps,7.251494247787649,3.9976
8199,20,186,9.30,10.2,0,corps,7.2498689070328055,3.3427
8200,11,116,10.55,6.2,0,corps,7.2482443787452056,2.4087
8201,11,90,8.18,6.2,0,corps,7.2466206625187155,1.7054
8202,10,100,10.00,5.8,0,corps,7.24499775794741,3.7198
8203,23,216,9.39,11.6,0,corps,7.243375664625562,2.2469
8204,21,215,10.24,10.7,0,corps,7.241754382147643,2.9533
8205,33,334,10.12,16.0,0,corps,7.24013391010834,3.5427
8206,18,141,7.83,9.3,0,corps,7.23851424810253,3.8436
8207,11,105,9.55,6.2,0,corps,7.236895395725298,4.0157
8208,23,236,10.26,11.6,0,corps,7.235277352571934,2.7415
8209,12,105,8.75,6.7,0,corps,7.233660118237925,4.1314
8210,16,150,9.38,8.4,0,corps,7.2320436923189595,2.9245
8211,22,247,11.23,11.1,0,corps,7.230428074410936,4.0061
8212,25,196,7.84,12.4,0,corps,7.228813264109949,2.6324
8213,22,197,8.95,11.1,0,corps,7.227199261012293,3.3001
8214,17,146,8.59,8.9,0,corps,7.225586064714467,3.2859
8215,23,241,10.48,11.6,0,corps,7.2239736748131795,2.9303
8216,14,160,11.43,7.6,0,corps,7.222362090905324,2.6548
8217,49,510,10.41,23.1,0,corps,7.220751312588007,4.4125
8218,16,143,8.94,8.4,0,corps,7.219141339458537,2.7663
8219,38,326,8.58,18.2,0,corps,7.217532171114419,3.0867
8220,4,51,12.75,3.1,0,corps,7.2159238071533585,1.2799
8221,25,221,8.84,12.4,0,corps,7.214316247173269,2.6810
8222,22,235,10.68,11.1,0,corps,7.212709490772257,4.3586
8223,18,146,8.11,9.3,0,corps,7.211103537548633,4.9420
8224,21,248,11.81,10.7,0,corps,7.209498387100911,3.4640
8225,21,174,8.29,10.7,0,corps,7.207894039027804,2.4954
8226,38,352,9.26,18.2,0,corps,7.20629049292822,4.7736
8227,21,199,9.48,10.7,0,corps,7.204687748401279,3.2150
8228,18,166,9.22,9.3,0,corps,7.203085805046292,2.5006
8229,36,311,8.64,17.3,0,corps,7.201484662462773,2.9906
8230,32,282,8.81,15.6,0,corps,7.199884320250432,3.6210
8231,27,234,8.67,13.3,0,corps,7.198284778009192,4.2609
8232,11,102,9.27,6.2,0,corps,7.196686035339164,1.8421
8233,27,242,8.96,13.3,0,corps,7.195088091840657,4.1026
8234,21,170,8.10,10.7,0,corps,7.193490947114194,2.4103
8235,7,71,10.14,4.4,0,corps,7.191894600760482,1.3673
8236,13,117,9.00,7.1,0,corps,7.190299052380436,3.0058
8237,17,123,7.24,8.9,0,corps,7.1887043015751715,4.3749
8238,22,191,8.68,11.1,0,corps,7.187110347945999,3.2199
8239,28,265,9.46,13.8,0,corps,7.185517191094429,2.8866
8240,14,109,7.79,7.6,0,corps,7.183924830622174,5.1938
8241,32,265,8.28,15.6,0,corps,7.182333266131144,2.2941
8242,35,297,8.49,16.9,0,corps,7.180742497223445,2.5007
8243,15,123,8.20,8.0,0,corps,7.179152523501389,4.6063
8244,21,196,9.33,10.7,0,corps,7.1775633445674805,2.7523
8245,32,287,8.97,15.6,0,corps,7.175974960024425,4.1866
8246,22,194,8.82,11.1,0,corps,7.174387369475125,4.1662
8247,31,315,10.16,15.1,0,corps,7.172800572522683,3.8089
8248,33,335,10.15,16.0,0,corps,7.171214568770402,1.9108
8249,10,94,9.40,5.8,0,corps,7.169629357821777,1.1174
8250,37,359,9.70,17.8,0,corps,7.168044939280511,3.9652
8251,30,294,9.80,14.7,0,corps,7.166461312750497,3.9750
8252,24,194,8.08,12.0,0,corps,7.164878477835823,2.4547
8253,20,195,9.75,10.2,0,corps,7.16329643414079,3.1758
8254,18,174,9.67,9.3,0,corps,7.161715181269882,4.6497
8255,22,170,7.73,11.1,0,corps,7.160134718827781,3.6643
8256,20,194,9.70,10.2,0,corps,7.158555046419379,1.9985
8257,30,243,8.10,14.7,0,corps,7.156976163649757,4.2665
8258,21,185,8.81,10.7,0,corps,7.155398070124192,3.7652
8259,26,236,9.08,12.9,0,corps,7.153820765448157,3.5842
8260,21,202,9.62,10.7,0,corps,7.152244249227333,3.4566
8261,10,82,8.20,5.8,0,corps,7.150668521067588,5.6855
8262,35,330,9.43,16.9,0,corps,7.149093580574986,4.4311
8263,14,116,8.29,7.6,0,corps,7.1475194273558005,3.4847
8264,14,136,9.71,7.6,0,corps,7.145946061016486,4.2131
8265,13,158,12.15,7.1,0,corps,7.144373481163702,1.1487
8266,14,113,8.07,7.6,0,corps,7.142801687404305,3.0462
8267,14,137,9.79,7.6,0,corps,7.141230679345348,2.1898
8268,12,109,9.08,6.7,0,corps,7.139660456594074,2.2996
8269,35,312,8.91,16.9,0,corps,7.138091018757933,2.9817
8270,35,324,9.26,16.9,0,corps,7.136522365444565,2.6734
8271,29,245,8.45,14.2,0,corps,7.1349544962618,2.7745
8272,38,363,9.55,18.2,0,corps,7.133387410817679,3.4125
8273,21,169,8.05,10.7,0,corps,7.131821108720427,2.6017
8274,41,383,9.34,19.6,0,corps,7.130255589578467,2.5552
8275,14,108,7.71,7.6,0,corps,7.128690853000419,5.4315
8276,13,91,7.00,7.1,0,corps,7.127126898595105,3.7258
8277,20,163,8.15,10.2,0,corps,7.125563725971529,3.3674
8278,13,111,8.54,7.1,0,corps,7.1240013347388995,2.5242
8279,47,459,9.77,22.2,0,corps,7.122439724506621,4.3584
8280,14,119,8.50,7.6,0,corps,7.120878894884293,1.7082
8281,13,120,9.23,7.1,0,corps,7.1193188454817,4.8463
8282,22,187,8.50,11.1,0,corps,7.117759575908838,3.9998
8283,17,164,9.65,8.9,0,corps,7.116201085775886,1.9111
8284,28,241,8.61,13.8,0,corps,7.11464337469322,4.8717
8285,28,247,8.82,13.8,0,corps,7.113086442271416,3.7847
8286,20,193,9.65,10.2,0,corps,7.111530288121237,3.3299
8287,22,177,8.05,11.1,0,corps,7.109974911853646,3.3980
8288,24,225,9.38,12.0,0,corps,7.108420313079801,2.0761
8289,28,251,8.96,13.8,0,corps,7.10686649141105,5.8466
8290,27,273,10.11,13.3,0,corps,7.105313446458938,3.0473
8291,20,185,9.25,10.2,0,corps,7.103761177835202,3.8468
8292,24,223,9.29,12.0,0,corps,7.102209685151779,2.6025
8293,21,191,9.10,10.7,0,corps,7.100658968020794,4.7293
8294,36,322,8.94,17.3,0,corps,7.099109026054563,1.9365
8295,21,191,9.10,10.7,0,corps,7.097559858865608,3.8040
8296,27,252,9.33,13.3,0,corps,7.096011466066635,2.7289
8297,14,138,9.86,7.6,0,corps,7.094463847270541,6.3353
8298,30,283,9.43,14.7,0,corps,7.092917002090426,3.2456
8299,20,169,8.45,10.2,0,corps,7.09137093013958,2.3060
8300,14,173,12.36,7.6,0,corps,7.08982563103148,3.2273
8301,13,114,8.77,7.1,0,corps,7.088281104379804,4.3623
8302,32,273,8.53,15.6,0,corps,7.0867373497984225,2.5660
8303,37,395,10.68,17.8,0,corps,7.0851943669013915,3.6128
8304,22,180,8.18,11.1,0,corps,7.08365215530297,2.3918
8305,13,107,8.23,7.1,0,corps,7.082110714617603,6.4518
8306,34,238,7.00,16.4,0,corps,7.080570044459932,3.9191
8307,29,252,8.69,14.2,0,corps,7.079030144444786,1.9950
8308,35,342,9.77,16.9,0,corps,7.077491014187194,2.7396
8309,23,215,9.35,11.6,0,corps,7.075952653302372,2.7330
8310,35,345,9.86,16.9,0,corps,7.074415061405727,3.5511
8311,21,206,9.81,10.7,0,corps,7.072878238112865,4.4254
8312,18,163,9.06,9.3,0,corps,7.071342183039578,1.6256
8313,15,155,10.33,8.0,0,corps,7.069806895801851,2.6395
8314,19,181,9.53,9.8,0,corps,7.068272376015868,5.1443
8315,14,127,9.07,7.6,0,corps,7.066738623297993,3.1082
8316,20,176,8.80,10.2,0,corps,7.065205637264787,2.0766
8317,16,136,8.50,8.4,0,corps,7.0636734175330105,5.1227
8318,35,320,9.14,16.9,0,corps,7.062141963719604,2.4332
8319,25,221,8.84,12.4,0,corps,7.0606112754417,1.5437
8320,8,67,8.38,4.9,0,corps,7.0590813523166345,2.4905
8321,21,220,10.48,10.7,0,corps,7.057552193961923,1.9308
8322,20,207,10.35,10.2,0,corps,7.056023799995276,4.2886
8323,19,210,11.05,9.8,0,corps,7.054496170034594,2.9110
8324,27,274,10.15,13.3,0,corps,7.05296930369797,4.3358
8325,33,310,9.39,16.0,0,corps,7.051443200603689,5.5456
8326,26,263,10.12,12.9,0,corps,7.049917860370222,3.9330
8327,24,259,10.79,12.0,0,corps,7.048393282616239,3.4547
8328,8,66,8.25,4.9,0,corps,7.046869466960591,1.7431
8329,27,268,9.93,13.3,0,corps,7.045346413022324,5.1596
8330,15,188,12.53,8.0,0,corps,7.043824120420679,4.0430
8331,19,177,9.32,9.8,0,corps,7.042302588775079,2.4350
8332,19,166,8.74,9.8,0,corps,7.04078181770514,2.0263
8333,28,244,8.71,13.8,0,corps,7.039261806830674,3.6187
8334,12,113,9.42,6.7,0,corps,7.0377425557716755,4.4939
8335,27,234,8.67,13.3,0,corps,7.036224064148327,3.0316
8336,26,253,9.73,12.9,0,corps,7.034706331581017,3.1248
8337,11,110,10.00,6.2,0,corps,7.033189357690303,3.1855
8338,28,248,8.86,13.8,0,corps,7.0316731420969445,4.1654
8339,14,137,9.79,7.6,0,corps,7.030157684421885,2.3406
8340,17,149,8.76,8.9,0,corps,7.028642984286265,1.5764
8341,25,191,7.64,12.4,0,corps,7.027129041311407,1.9787
8342,33,304,9.21,16.0,0,corps,7.025615855118822,5.9190
8343,22,229,10.41,11.1,0,corps,7.024103425330219,4.1313
8344,43,381,8.86,20.4,0,corps,7.022591751567489,2.0112
8345,20,193,9.65,10.2,0,corps,7.02108083345271,3.0887
8346,23,229,9.96,11.6,0,corps,7.019570670608158,4.5662
8347,31,346,11.16,15.1,0,corps,7.018061262656289,3.3541
8348,16,153,9.56,8.4,0,corps,7.016552609219747,1.7492
8349,31,380,12.26,15.1,0,corps,7.015044709921378,3.7939
8350,36,368,10.22,17.3,0,corps,7.013537564384201,3.6722
8351,12,129,10.75,6.7,0,corps,7.012031172231429,4.8919
8352,13,142,10.92,7.1,0,corps,7.010525533086468,1.5309
8353,41,429,10.46,19.6,0,corps,7.009020646572905,3.8763
8354,24,232,9.67,12.0,0,corps,7.007516512314521,4.1959
8355,34,372,10.94,16.4,0,corps,7.006013129935276,4.7553
8356,28,247,8.82,13.8,0,corps,7.004510499059332,2.1701
8357,33,340,10.30,16.0,0,corps,7.003008619311031,1.9425
8358,27,294,10.89,13.3,0,corps,7.0015074903148955,2.1261
8359,42,433,10.31,20.0,0,corps,7.000007111695653,3.3482
8360,20,167,8.35,10.2,0,corps,6.998507483078202,1.5134
8361,10,97,9.70,5.8,0,corps,6.997008604087634,6.0856
8362,22,217,9.86,11.1,0,corps,6.995510474349237,2.3306
8363,3,30,10.00,2.7,0,corps,6.9940130934884746,1.0536
8364,30,293,9.77,14.7,0,corps,6.992516461130998,1.7313
8365,37,356,9.62,17.8,0,corps,6.991020576902654,3.3610
8366,29,330,11.38,14.2,0,corps,6.989525440429471,4.2153
8367,51,564,11.06,24.0,0,corps,6.988031051337661,3.0489
8368,37,442,11.95,17.8,0,corps,6.98653740925363,2.8107
8369,18,152,8.44,9.3,0,corps,6.98504451380397,3.5019
8370,35,343,9.80,16.9,0,corps,6.983552364615451,4.3705
8371,34,369,10.85,16.4,0,corps,6.982060961315038,1.8317
8372,27,248,9.19,13.3,0,corps,6.980570303529883,4.7028
8373,12,90,7.50,6.7,0,corps,6.97908039088732,5.6983
8374,22,200,9.09,11.1,0,corps,6.977591223014866,2.3593
8375,34,302,8.88,16.4,0,corps,6.976102799540238,2.1198
8376,27,255,9.44,13.3,0,corps,6.974615120091324,2.5028
8377,17,206,12.12,8.9,0,corps,6.973128184296202,2.0211
8378,31,319,10.29,15.1,0,corps,6.971641991783146,2.4849
8379,31,275,8.87,15.1,0,corps,6.970156542180603,3.4840
8380,22,188,8.55,11.1,0,corps,6.968671835117207,3.0954
8381,21,197,9.38,10.7,0,corps,6.96718787022179,3.7192
8382,17,158,9.29,8.9,0,corps,6.9657046471233555,1.6713
8383,32,318,9.94,15.6,0,corps,6.964222165451098,2.9327
8384,14,152,10.86,7.6,0,corps,6.962740424834394,2.7227
8385,27,252,9.33,13.3,0,corps,6.961259424902814,1.7545
8386,26,205,7.88,12.9,0,corps,6.959779165286106,2.4846
8387,33,369,11.18,16.0,0,corps,6.958299645614202,5.7356
8388,28,215,7.68,13.8,0,corps,6.956820865517228,2.1389
8389,30,282,9.40,14.7,0,corps,6.955342824625486,3.5163
8390,29,291,10.03,14.2,0,corps,6.953865522569464,2.5363
8391,35,367,10.49,16.9,0,corps,6.952388958979839,2.3908
8392,35,432,12.34,16.9,0,corps,6.950913133487468,3.0731
8393,33,338,10.24,16.0,0,corps,6.9494380457233955,2.5765
8394,32,285,8.91,15.6,0,corps,6.947963695318851,2.7297
8395,34,394,11.59,16.4,0,corps,6.946490081905246,3.9886
8396,27,239,8.85,13.3,0,corps,6.9450172051141745,3.5734
8397,20,220,11.00,10.2,0,corps,6.943545064577422,2.6982
8398,35,331,9.46,16.9,0,corps,6.942073659926951,4.9847
8399,18,157,8.72,9.3,0,corps,6.94060299079491,3.2002
8400,26,250,9.62,12.9,0,corps,6.93913305681363,5.0646
8401,13,115,8.85,7.1,0,corps,6.937663857615632,4.8401
8402,25,210,8.40,12.4,0,corps,6.936195392833613,3.3880
8403,36,355,9.86,17.3,0,corps,6.934727662100455,3.5707
8404,36,262,7.28,17.3,0,corps,6.933260665049231,4.6264
8405,30,339,11.30,14.7,0,corps,6.931794401313189,4.5699
8406,30,290,9.67,14.7,0,corps,6.930328870525759,3.9136
8407,34,312,9.18,16.4,0,corps,6.928864072320565,4.3514
8408,37,314,8.49,17.8,0,corps,6.927400006331405,2.6349
8409,19,148,7.79,9.8,0,corps,6.925936672192258,3.5943
8410,19,169,8.89,9.8,0,corps,6.924474069537297,1.8110
8411,13,122,9.38,7.1,0,corps,6.923012198000869,3.2866
8412,22,172,7.82,11.1,0,corps,6.921551057217504,3.4959
8413,19,175,9.21,9.8,0,corps,6.920090646821919,1.9824
8414,28,248,8.86,13.8,0,corps,6.9186309664490135,3.0401
8415,36,341,9.47,17.3,0,corps,6.917172015733862,3.7378
8416,29,245,8.45,14.2,0,corps,6.915713794311729,3.8865
8417,13,112,8.62,7.1,0,corps,6.914256301818061,4.8869
8418,39,339,8.69,18.7,0,corps,6.9127995378884854,1.9778
8419,15,136,9.07,8.0,0,corps,6.911343502158805,2.8709
8420,33,305,9.24,16.0,0,corps,6.90988819426502,4.3023
8421,21,162,7.71,10.7,0,corps,6.908433613843297,2.6568
8422,42,367,8.74,20.0,0,corps,6.906979760529991,3.9833
8423,21,197,9.38,10.7,0,corps,6.905526633961641,3.8680
8424,28,252,9.00,13.8,0,corps,6.904074233774966,4.4364
8425,47,473,10.06,22.2,0,corps,6.902622559606862,2.7297
8426,29,234,8.07,14.2,0,corps,6.901171611094416,2.4750
8427,27,251,9.30,13.3,0,corps,6.899721387874888,2.6452
8428,23,232,10.09,11.6,0,corps,6.898271889585718,3.8330
8429,16,153,9.56,8.4,0,corps,6.89682311586454,2.8692
8430,3,22,7.33,2.7,0,corps,6.895375066349155,3.2755
8431,10,73,7.30,5.8,0,corps,6.893927740677551,2.7623
8432,17,150,8.82,8.9,0,corps,6.892481138487895,2.4949
8433,8,75,9.38,4.9,0,corps,6.891035259418543,4.4447
8434,26,225,8.65,12.9,0,corps,6.889590103108019,3.3039
8435,24,230,9.58,12.0,0,corps,6.888145669195033,2.1770
8436,28,268,9.57,13.8,0,corps,6.886701957318484,4.5212
8437,8,70,8.75,4.9,0,corps,6.885258967117437,3.2255
8438,4,44,11.00,3.1,0,corps,6.883816698231146,1.5777
8439,25,217,8.68,12.4,0,corps,6.882375150299048,2.7169
8440,8,69,8.62,4.9,0,corps,6.88093432296075,3.5240
8441,25,220,8.80,12.4,0,corps,6.879494215856045,4.1898
8442,14,137,9.79,7.6,0,corps,6.878054828624913,3.9867
8443,18,202,11.22,9.3,0,corps,6.876616160907504,2.0553
8444,34,347,10.21,16.4,0,corps,6.875178212344146,2.8868
8445,14,107,7.64,7.6,0,corps,6.87374098257536,5.3216
8446,9,89,9.89,5.3,0,corps,6.872304471241833,2.1940
8447,35,347,9.91,16.9,0,corps,6.87086867798444,4.5716
8448,9,92,10.22,5.3,0,corps,6.869433602444228,6.4877
8449,22,224,10.18,11.1,0,corps,6.867999244262435,2.1929
8450,15,126,8.40,8.0,0,corps,6.866565603080469,4.0439
8451,21,177,8.43,10.7,0,corps,6.865132678539913,3.5371
8452,28,275,9.82,13.8,0,corps,6.863700470282547,3.1277
8453,24,211,8.79,12.0,0,corps,6.862268977950311,2.9139
8454,47,418,8.89,22.2,0,corps,6.8608382011853335,5.6019
8455,19,143,7.53,9.8,0,corps,6.859408139629923,2.1341
8456,20,189,9.45,10.2,0,corps,6.857978792926563,2.3012
8457,31,328,10.58,15.1,0,corps,6.856550160717914,6.0450
8458,28,216,7.71,13.8,0,corps,6.8551222426468215,4.3746
8459,19,196,10.32,9.8,0,corps,6.853695038356306,4.8536
8460,28,296,10.57,13.8,0,corps,6.85226854748956,3.7702
8461,12,116,9.67,6.7,0,corps,6.8508427696899705,1.5205
8462,16,153,9.56,8.4,0,corps,6.849417704601087,2.9860
8463,19,156,8.21,9.8,0,corps,6.847993351866645,3.5155
8464,20,175,8.75,10.2,0,corps,6.846569711130552,3.0251
8465,17,143,8.41,8.9,0,corps,6.845146782036907,3.3606
8466,21,174,8.29,10.7,0,corps,6.843724564229969,6.7177
8467,29,282,9.72,14.2,0,corps,6.8423030573541865,2.5759
8468,10,80,8.00,5.8,0,corps,6.840882261054185,6.7547
8469,32,274,8.56,15.6,0,corps,6.839462174974765,4.1284
8470,23,236,10.26,11.6,0,corps,6.838042798760899,2.9038
8471,9,73,8.11,5.3,0,corps,6.83662413205775,6.6928
8472,42,395,9.40,20.0,0,corps,6.83520617451065,2.6767
8473,23,242,10.52,11.6,0,corps,6.833788925765106,3.7913
8474,19,188,9.89,9.8,0,corps,6.832372385466809,3.9793
8475,27,296,10.96,13.3,0,corps,6.8309565532616245,3.7275
8476,38,408,10.74,18.2,0,corps,6.829541428795589,4.2952
8477,43,463,10.77,20.4,0,corps,6.82812701171493,3.0062
8478,26,226,8.69,12.9,0,corps,6.826713301666038,2.2924
8479,23,237,10.30,11.6,0,corps,6.8253002982954865,3.3874
8480,29,268,9.24,14.2,0,corps,6.823888001250021,4.2689
8481,6,70,11.67,4.0,0,corps,6.822476410176573,1.5461
8482,12,105,8.75,6.7,0,corps,6.821065524722242,2.9334
8483,27,261,9.67,13.3,0,corps,6.819655344534306,3.9335
8484,30,262,8.73,14.7,0,corps,6.818245869260221,2.7404
8485,37,359,9.70,17.8,0,corps,6.81683709854762,3.7844
8486,23,195,8.48,11.6,0,corps,6.815429032044305,3.8028
8487,34,289,8.50,16.4,0,corps,6.814021669398265,3.6254
8488,35,302,8.63,16.9,0,corps,6.812615010257657,2.6892
8489,13,107,8.23,7.1,0,corps,6.811209054270814,3.5562
8490,13,113,8.69,7.1,0,corps,6.809803801086252,2.5500
8491,22,194,8.82,11.1,0,corps,6.808399250352654,2.7642
8492,20,186,9.30,10.2,0,corps,6.806995401718882,2.7958
8493,20,198,9.90,10.2,0,corps,6.805592254833977,2.8803
8494,18,155,8.61,9.3,0,corps,6.80418980934715,2.8042
8495,38,316,8.32,18.2,0,corps,6.80278806490779,3.7733
8496,18,170,9.44,9.3,0,corps,6.801387021165459,2.6207
8497,19,188,9.89,9.8,0,corps,6.799986677769898,4.9363
8498,22,210,9.55,11.1,0,corps,6.798587034371023,1.7110
8499,24,217,9.04,12.0,0,corps,6.797188090618919,4.2792
8500,39,448,11.49,18.7,0,corps,6.795789846163855,4.3533
8501,32,290,9.06,15.6,0,corps,6.794392300656265,1.6290
8502,16,152,9.50,8.4,0,corps,6.792995453746764,2.4634
8503,30,311,10.37,14.7,0,corps,6.791599305086144,1.5520
8504,24,242,10.08,12.0,0,corps,6.790203854325363,1.4516
8505,17,161,9.47,8.9,0,corps,6.788809101115559,4.5870
8506,30,282,9.40,14.7,0,corps,6.7874150451080455,3.1130
8507,20,170,8.50,10.2,0,corps,6.786021685954309,5.1765
8508,18,210,11.67,9.3,0,corps,6.7846290233060085,1.5829
8509,24,246,10.25,12.0,0,corps,6.7832370568149765,3.0061
8510,8,74,9.25,4.9,0,corps,6.781845786133226,1.8635
8511,34,329,9.68,16.4,0,corps,6.780455210912933,2.8882
8512,28,238,8.50,13.8,0,corps,6.779065330806458,2.0530
8513,11,106,9.64,6.2,0,corps,6.777676145466333,3.2276
8514,27,230,8.52,13.3,0,corps,6.776287654545257,1.6961
8515,31,250,8.06,15.1,0,corps,6.774899857696108,2.8573
8516,22,185,8.41,11.1,0,corps,6.773512754571939,3.1361
8517,18,180,10.00,9.3,0,corps,6.772126344825974,4.6944
8518,14,156,11.14,7.6,0,corps,6.770740628111607,4.4590
8519,38,342,9.00,18.2,0,corps,6.769355604082413,2.7330
8520,22,181,8.23,11.1,0,corps,6.767971272392137,4.0387
8521,33,341,10.33,16.0,0,corps,6.766587632694689,2.2486
8522,28,246,8.79,13.8,0,corps,6.765204684644166,1.5811
8523,5,55,11.00,3.6,0,corps,6.763822427894829,1.4680
8524,17,146,8.59,8.9,0,corps,6.762440862101114,1.9835
8525,22,220,10.00,11.1,0,corps,6.761059986917625,1.3663
8526,20,163,8.15,10.2,0,corps,6.759679801999151,4.6896
8527,12,111,9.25,6.7,0,corps,6.758300307000642,4.9398
8528,30,265,8.83,14.7,0,corps,6.756921501577221,2.9027
8529,29,276,9.52,14.2,0,corps,6.7555433853841915,2.9134
8530,36,375,10.42,17.3,0,corps,6.754165958077023,4.2313
8531,14,121,8.64,7.6,0,corps,6.752789219311356,1.3555
8532,49,393,8.02,23.1,0,corps,6.751413168743012,2.6526
8533,35,304,8.69,16.9,0,corps,6.750037806027972,3.8075
8534,19,157,8.26,9.8,0,corps,6.748663130822398,1.7371
8535,28,251,8.96,13.8,0,corps,6.7472891427826225,1.7384
8536,25,229,9.16,12.4,0,corps,6.745915841565147,2.5793
8537,37,277,7.49,17.8,0,corps,6.744543226826644,1.9962
8538,24,226,9.42,12.0,0,corps,6.743171298223963,2.3445
8539,20,186,9.30,10.2,0,corps,6.741800055414121,5.3213
8540,44,465,10.57,20.9,0,corps,6.740429498054308,3.2458
8541,35,332,9.49,16.9,0,corps,6.739059625801882,2.5527
8542,14,122,8.71,7.6,0,corps,6.737690438314378,3.7897
8543,27,246,9.11,13.3,0,corps,6.736321935249498,2.2683
8544,19,185,9.74,9.8,0,corps,6.734954116265114,3.0764
8545,25,223,8.92,12.4,0,corps,6.733586981019276,2.2550
8546,27,239,8.85,13.3,0,corps,6.732220529170196,2.1867
8547,13,84,6.46,7.1,0,corps,6.730854760376262,2.6509
8548,27,238,8.81,13.3,0,corps,6.729489674296034,2.3672
8549,22,218,9.91,11.1,0,corps,6.728125270588239,2.3297
8550,31,286,9.23,15.1,0,corps,6.726761548911774,3.7277
8551,16,179,11.19,8.4,0,corps,6.725398508925712,5.3356
8552,47,446,9.49,22.2,0,corps,6.72403615028929,4.2490
8553,18,186,10.33,9.3,0,corps,6.722674472661919,3.4214
8554,18,169,9.39,9.3,0,corps,6.721313475703184,3.6256
8555,32,334,10.44,15.6,0,corps,6.719953159072831,2.8737
8556,20,174,8.70,10.2,0,corps,6.718593522430781,1.3248
8557,22,213,9.68,11.1,0,corps,6.717234565437123,3.6964
8558,27,235,8.70,13.3,0,corps,6.715876287752125,3.4106
8559,21,193,9.19,10.7,0,corps,6.714518689036211,2.7246
8560,19,156,8.21,9.8,0,corps,6.713161768949982,1.6417
8561,28,235,8.39,13.8,0,corps,6.711805527154212,1.8515
8562,19,169,8.89,9.8,0,corps,6.710449963309838,2.4268
8563,32,274,8.56,15.6,0,corps,6.709095077077966,3.5253
8564,20,191,9.55,10.2,0,corps,6.707740868119879,2.6839
8565,24,233,9.71,12.0,0,corps,6.706387336097025,3.6245
8566,39,385,9.87,18.7,0,corps,6.705034480671015,3.6271
8567,19,180,9.47,9.8,0,corps,6.703682301503644,1.6318
8568,34,362,10.65,16.4,0,corps,6.70233079825686,3.6198
8569,17,156,9.18,8.9,0,corps,6.700979970592788,2.5435
8570,15,121,8.07,8.0,0,corps,6.699629818173726,1.4411
8571,20,155,7.75,10.2,0,corps,6.698280340662131,2.7987
8572,6,56,9.33,4.0,0,corps,6.696931537720636,1.6426
8573,18,172,9.56,9.3,0,corps,6.695583409012038,4.3229
8574,36,333,9.25,17.3,0,corps,6.694235954199308,2.3139
8575,32,305,9.53,15.6,0,corps,6.692889172945581,2.8735
8576,35,289,8.26,16.9,0,corps,6.691543064914157,2.2693
8577,26,225,8.65,12.9,0,corps,6.690197629768519,3.4345
8578,19,182,9.58,9.8,0,corps,6.688852867172298,2.9861
8579,26,214,8.23,12.9,0,corps,6.687508776789308,3.2548
8580,19,173,9.11,9.8,0,corps,6.68616535828353,3.8196
8581,7,60,8.57,4.4,0,corps,6.684822611319103,6.1716
8582,43,388,9.02,20.4,0,corps,6.683480535560342,3.3740
8583,16,134,8.38,8.4,0,corps,6.68213913067173,3.8699
8584,33,266,8.06,16.0,0,corps,6.6807983963179165,5.5138
8585,28,236,8.43,13.8,0,corps,6.679458332163712,2.8496
8586,37,365,9.86,17.8,0,corps,6.678118937874107,4.2076
8587,14,114,8.14,7.6,0,corps,6.67678021311425,1.4129
8588,25,192,7.68,12.4,0,corps,6.675442157549462,2.8559
8589,9,100,11.11,5.3,0,corps,6.674104770845224,2.7804
8590,38,352,9.26,18.2,0,corps,6.672768052667194,2.4264
8591,30,297,9.90,14.7,0,corps,6.671432002681192,2.2052
8592,19,174,9.16,9.8,0,corps,6.670096620553203,3.4408
8593,13,153,11.77,7.1,0,corps,6.668761905949385,3.1311
8594,20,196,9.80,10.2,0,corps,6.6674278585360565,1.4091
8595,29,276,9.52,14.2,0,corps,6.666094477979705,2.9285
8596,45,415,9.22,21.3,0,corps,6.664761763946989,3.2992
8597,30,283,9.43,14.7,0,corps,6.6634297161047265,2.3752
8598,22,162,7.36,11.1,0,corps,6.662098334119906,2.1052
8599,32,281,8.78,15.6,0,corps,6.660767617659685,4.0924
8600,43,365,8.49,20.4,0,corps,6.659437566391382,3.8767
8601,38,388,10.21,18.2,0,corps,6.6581081799824835,3.1737
8602,19,195,10.26,9.8,0,corps,6.656779458100645,3.0638
8603,29,286,9.86,14.2,0,corps,6.6554514004136855,2.3695
8604,34,349,10.26,16.4,0,corps,6.654124006589591,3.0153
8605,9,91,10.11,5.3,0,corps,6.652797276296507,3.2871
8606,13,108,8.31,7.1,0,corps,6.651471209202758,4.6902
8607,15,156,10.40,8.0,0,corps,6.650145804976828,1.0139
8608,8,79,9.88,4.9,0,corps,6.6488210632873574,5.9913
8609,14,164,11.71,7.6,0,corps,6.647496983803171,3.6247
8610,21,193,9.19,10.7,0,corps,6.646173566193244,1.8041
8611,22,234,10.64,11.1,0,corps,6.64485081012672,3.3602
8612,36,343,9.53,17.3,0,corps,6.6435287152729146,1.6583
8613,33,277,8.39,16.0,0,corps,6.642207281301301,2.4918
8614,32,350,10.94,15.6,0,corps,6.64088650788152,1.8889
8615,19,174,9.16,9.8,0,corps,6.639566394683383,1.8739
8616,8,80,10.00,4.9,0,corps,6.638246941376856,3.2793
8617,17,131,7.71,8.9,0,corps,6.636928147632077,2.0618
8618,33,352,10.67,16.0,0,corps,6.635610013119352,2.6038
8619,8,59,7.38,4.9,0,corps,6.634292537509142,8.0848
8620,31,289,9.32,15.1,0,corps,6.632975720472081,1.9549
8621,29,245,8.45,14.2,0,corps,6.631659561678963,6.0609
8622,39,398,10.21,18.7,0,corps,6.630344060800749,5.1981
8623,20,174,8.70,10.2,0,corps,6.629029217508566,1.6907
8624,8,73,9.12,4.9,0,corps,6.627715031473697,4.7187
8625,40,418,10.45,19.1,0,corps,6.626401502367601,4.4682
8626,40,345,8.62,19.1,0,corps,6.625088629861898,1.8612
8627,19,169,8.89,9.8,0,corps,6.623776413628361,1.8280
8628,23,218,9.48,11.6,0,corps,6.622464853338944,2.0073
8629,35,272,7.77,16.9,0,corps,6.621153948665754,3.1582
8630,11,97,8.82,6.2,0,corps,6.619843699281063,1.6097
8631,30,342,11.40,14.7,0,corps,6.6185341048573125,2.4921
8632,17,163,9.59,8.9,0,corps,6.617225165067101,3.9015
8633,14,132,9.43,7.6,0,corps,6.615916879583194,4.2126
8634,41,426,10.39,19.6,0,corps,6.614609248078521,3.7025
8635,18,156,8.67,9.3,0,corps,6.613302270226173,3.4133
8636,9,107,11.89,5.3,0,corps,6.611995945699409,4.1410
8637,27,287,10.63,13.3,0,corps,6.610690274171641,3.5653
8638,30,280,9.33,14.7,0,corps,6.609385255316457,4.3528
8639,15,106,7.07,8.0,0,corps,6.608080888807601,2.5064
8640,31,293,9.45,15.1,0,corps,6.606777174318978,3.0635
8641,17,128,7.53,8.9,0,corps,6.605474111524666,5.4908
8642,17,143,8.41,8.9,0,corps,6.6041717000988935,3.0221
8643,4,26,6.50,3.1,0,corps,6.602869939716058,3.3291
8644,13,98,7.54,7.1,0,corps,6.6015688300507245,3.0039
8645,20,172,8.60,10.2,0,corps,6.600268370777611,3.7460
8646,36,356,9.89,17.3,0,corps,6.598968561571601,2.6205
8647,28,273,9.75,13.8,0,corps,6.597669402107748,3.7937
8648,20,180,9.00,10.2,0,corps,6.596370892061258,4.7222
8649,27,218,8.07,13.3,0,corps,6.595073031107507,3.4180
8650,9,87,9.67,5.3,0,corps,6.593775818922023,1.7058
8651,30,328,10.93,14.7,0,corps,6.592479255180509,3.6410
8652,11,106,9.64,6.2,0,corps,6.591183339558823,4.4797
8653,15,153,10.20,8.0,0,corps,6.589888071732982,2.9963
8654,34,294,8.65,16.4,0,corps,6.588593451379177,2.2597
8655,24,249,10.38,12.0,0,corps,6.5872994781737475,3.5942
8656,29,314,10.83,14.2,0,corps,6.586006151793199,2.4664
8657,21,169,8.05,10.7,0,corps,6.584713471914203,3.2992
8658,26,244,9.38,12.9,0,corps,6.583421438213589,2.7384
8659,28,311,11.11,13.8,0,corps,6.582130050368345,3.2492
8660,16,144,9.00,8.4,0,corps,6.58083930805563,4.4015
8661,33,373,11.30,16.0,0,corps,6.579549210952757,2.7035
8662,33,309,9.36,16.0,0,corps,6.578259758737197,2.8339
8663,29,268,9.24,14.2,0,corps,6.576970951086592,2.5701
8664,28,250,8.93,13.8,0,corps,6.575682787678739,2.6888
8665,30,276,9.20,14.7,0,corps,6.574395268191593,1.7481
8666,27,253,9.37,13.3,0,corps,6.573108392303278,4.2650
8667,12,114,9.50,6.7,0,corps,6.571822159692077,5.0310
8668,30,295,9.83,14.7,0,corps,6.570536570036428,3.6083
8669,32,263,8.22,15.6,0,corps,6.569251623014933,1.9679
8670,42,383,9.12,20.0,0,corps,6.567967318306361,3.8423
8671,32,323,10.09,15.6,0,corps,6.566683655589631,2.9568
