n_game,score,steps,pas_pomme,fill_pct,victoire,cause,eps,loss
1,3,356,118.67,2.7,0,corps,199.62037974679328,0.3792
2,2,223,111.50,2.2,0,corps,199.2415179753584,0.4608
3,0,445,445.00,1.3,0,famine_truncated,198.8634131702477,0.0019
4,2,166,83.00,2.2,0,corps,198.48606381904153,0.5678
5,3,181,60.33,2.7,0,corps,198.10946841234193,0.7234
6,0,445,445.00,1.3,0,famine_truncated,197.7336254437668,0.0055
7,2,419,209.50,2.2,0,corps,197.35853340994376,0.2327
8,2,151,75.50,2.2,0,corps,196.98419081050417,0.6511
9,1,469,469.00,1.8,0,famine_truncated,196.61059614807715,0.0709
10,0,445,445.00,1.3,0,famine_truncated,196.2377479282835,0.0043
11,2,149,74.50,2.2,0,corps,195.86564465972992,0.6319
12,0,445,445.00,1.3,0,famine_truncated,195.49428485400279,0.0084
13,2,607,303.50,2.2,0,corps,195.12366702566237,0.1575
14,2,572,286.00,2.2,0,corps,194.75378969223692,0.1583
15,2,102,51.00,2.2,0,corps,194.38465137421653,0.8607
16,2,291,145.50,2.2,0,corps,194.01625059504755,0.2828
17,2,523,261.50,2.2,0,corps,193.64858588112625,0.1870
18,0,445,445.00,1.3,0,famine_truncated,193.2816557617934,0.0066
19,2,200,100.00,2.2,0,corps,192.91545876932793,0.4678
20,2,217,108.50,2.2,0,corps,192.5499934389414,0.4050
21,0,445,445.00,1.3,0,famine_truncated,192.18525830877206,0.0106
22,2,226,113.00,2.2,0,corps,191.82125191987888,0.3717
23,2,506,253.00,2.2,0,corps,191.4579728162358,0.1661
24,0,445,445.00,1.3,0,famine_truncated,191.0954195447259,0.0117
25,2,377,188.50,2.2,0,corps,190.73359065513566,0.2059
26,2,341,170.50,2.2,0,corps,190.37248470014902,0.2323
27,2,506,253.00,2.2,0,corps,190.01210023534168,0.1416
28,0,445,445.00,1.3,0,famine_truncated,189.6524358191753,0.0097
29,1,594,594.00,1.8,0,famine_truncated,189.29349001299173,0.0561
30,0,445,445.00,1.3,0,famine_truncated,188.93526138100725,0.0082
31,2,274,137.00,2.2,0,corps,188.57774849030687,0.2690
32,2,34,17.00,2.2,0,corps,188.22094991083858,2.0997
33,2,124,62.00,2.2,0,corps,187.86486421540758,0.6720
34,2,367,183.50,2.2,0,corps,187.50948997967058,0.2323
35,2,365,182.50,2.2,0,corps,187.15482578213016,0.2196
36,2,188,94.00,2.2,0,corps,186.8008702041291,0.3340
37,2,426,213.00,2.2,0,corps,186.4476218298446,0.1866
38,2,220,110.00,2.2,0,corps,186.09507924628264,0.3002
39,2,217,108.50,2.2,0,corps,185.74324104327246,0.3376
40,2,626,313.00,2.2,0,corps,185.3921058134608,0.1294
41,0,445,445.00,1.3,0,famine_truncated,185.04167215230623,0.0313
42,0,445,445.00,1.3,0,famine_truncated,184.6919386580737,0.0115
43,0,445,445.00,1.3,0,famine_truncated,184.3429039318287,0.0167
44,1,487,487.00,1.8,0,famine_truncated,183.99456657743187,0.0710
45,2,201,100.50,2.2,0,corps,183.64692520153335,0.3363
46,2,87,43.50,2.2,0,corps,183.29997841356717,0.7845
47,2,487,243.50,2.2,0,corps,182.95372482574572,0.1548
48,2,473,236.50,2.2,0,corps,182.60816305305417,0.1520
49,0,445,445.00,1.3,0,famine_truncated,182.26329171324497,0.0223
50,2,182,91.00,2.2,0,corps,181.9191094268323,0.3405
51,2,367,183.50,2.2,0,corps,181.5756148170866,0.1804
52,1,641,641.00,1.8,0,famine_truncated,181.23280651002892,0.0761
53,2,517,258.50,2.2,0,corps,180.8906831344256,0.1162
54,2,136,68.00,2.2,0,corps,180.54924332178263,0.4611
55,2,550,275.00,2.2,0,corps,180.20848570634035,0.1302
56,2,523,261.50,2.2,0,corps,179.86840892506788,0.1358
57,2,294,147.00,2.2,0,corps,179.52901161765757,0.2069
58,2,354,177.00,2.2,0,corps,179.19029242651982,0.1800
59,0,445,445.00,1.3,0,famine_truncated,178.8522499967773,0.0203
60,2,145,72.50,2.2,0,corps,178.5148829762599,0.4390
61,2,213,106.50,2.2,0,corps,178.17819001549915,0.3324
62,2,183,91.50,2.2,0,corps,177.84216976772268,0.3399
63,2,91,45.50,2.2,0,corps,177.50682088884906,0.6781
64,3,228,76.00,2.7,0,corps,177.17214203748233,0.3756
65,2,238,119.00,2.2,0,corps,176.83813187490665,0.2335
66,2,439,219.50,2.2,0,corps,176.5047890650809,0.1429
67,3,144,48.00,2.7,0,corps,176.17211227463346,0.6161
68,2,113,56.50,2.2,0,corps,175.84010017285667,0.4110
69,2,252,126.00,2.2,0,corps,175.50875143170168,0.2703
70,2,161,80.50,2.2,0,corps,175.1780647257731,0.3289
71,2,270,135.00,2.2,0,corps,174.84803873232366,0.2728
72,2,258,129.00,2.2,0,corps,174.51867213124893,0.2595
73,1,796,796.00,1.8,0,famine_truncated,174.18996360508214,0.0609
74,0,445,445.00,1.3,0,famine_truncated,173.86191183898865,0.0083
75,2,420,210.00,2.2,0,corps,173.53451552076098,0.1596
76,3,561,187.00,2.7,0,corps,173.20777334081345,0.1826
77,2,165,82.50,2.2,0,corps,172.8816839921769,0.3592
78,2,144,72.00,2.2,0,corps,172.5562461704935,0.3515
79,2,205,102.50,2.2,0,corps,172.23145857401153,0.2790
80,1,658,658.00,1.8,0,famine_truncated,171.90731990358015,0.0868
81,2,341,170.50,2.2,0,corps,171.58382886264428,0.2128
82,2,290,145.00,2.2,0,corps,171.2609841572393,0.2760
83,2,328,164.00,2.2,0,corps,170.9387844959859,0.2374
84,2,429,214.50,2.2,0,corps,170.61722859008518,0.2050
85,2,274,137.00,2.2,0,corps,170.29631515331292,0.2249
86,2,405,202.50,2.2,0,corps,169.97604290201497,0.1883
87,2,140,70.00,2.2,0,corps,169.65641055510196,0.3726
88,0,445,445.00,1.3,0,famine_truncated,169.33741683404406,0.0504
89,2,201,100.50,2.2,0,corps,169.01906046286595,0.2882
90,2,117,58.50,2.2,0,corps,168.70134016814168,0.4818
91,2,122,61.00,2.2,0,corps,168.38425467898972,0.5841
92,1,609,609.00,1.8,0,famine_truncated,168.06780272706763,0.0847
93,2,84,42.00,2.2,0,corps,167.7519830465672,0.6204
94,5,409,81.80,3.6,0,corps,167.4367943742093,0.4843
95,2,185,92.50,2.2,0,corps,167.12223544923884,0.3169
96,2,202,101.00,2.2,0,corps,166.80830501341967,0.3477
97,3,164,54.67,2.7,0,corps,166.4950018110296,0.4599
98,3,294,98.00,2.7,0,corps,166.18232458885544,0.3275
99,2,278,139.00,2.2,0,corps,165.8702720961879,0.2231
100,2,77,38.50,2.2,0,corps,165.55884308481654,0.8396
101,2,138,69.00,2.2,0,corps,165.24803630902497,0.4307
102,2,262,131.00,2.2,0,corps,164.93785052558562,0.3140
103,2,249,124.50,2.2,0,corps,164.62828449375493,0.2721
104,2,470,235.00,2.2,0,corps,164.3193369752684,0.2497
105,2,151,75.50,2.2,0,corps,164.01100673433555,0.3776
106,2,178,89.00,2.2,0,corps,163.70329253763495,0.4001
107,3,198,66.00,2.7,0,corps,163.3961931543095,0.4998
108,2,200,100.00,2.2,0,corps,163.08970735596114,0.3186
109,2,474,237.00,2.2,0,corps,162.78383391664633,0.2151
110,3,167,55.67,2.7,0,corps,162.47857161287092,0.4755
111,2,282,141.00,2.2,0,corps,162.17391922358524,0.2834
112,2,384,192.00,2.2,0,corps,161.86987553017937,0.2040
113,2,122,61.00,2.2,0,corps,161.56643931647812,0.5853
114,0,445,445.00,1.3,0,famine_truncated,161.26360936873624,0.0789
115,2,165,82.50,2.2,0,corps,160.96138447563345,0.3554
116,2,182,91.00,2.2,0,corps,160.6597634282699,0.4024
117,2,28,14.00,2.2,0,corps,160.35874502016094,1.2161
118,2,123,61.50,2.2,0,corps,160.05832804723252,0.4912
119,1,566,566.00,1.8,0,famine_truncated,159.75851130781638,0.0958
120,2,294,147.00,2.2,0,corps,159.45929360264518,0.1887
121,2,126,63.00,2.2,0,corps,159.16067373484762,0.3748
122,2,161,80.50,2.2,0,corps,158.86265050994388,0.4608
123,2,696,348.00,2.2,0,corps,158.56522273584068,0.1710
124,2,379,189.50,2.2,0,corps,158.2683892228265,0.2138
125,2,179,89.50,2.2,0,corps,157.97214878356692,0.4255
126,2,348,174.00,2.2,0,corps,157.67650023309977,0.2741
127,2,362,181.00,2.2,0,corps,157.38144238883046,0.2341
128,3,147,49.00,2.7,0,corps,157.0869740705272,0.5908
129,2,224,112.00,2.2,0,corps,156.79309410031632,0.2986
130,2,489,244.50,2.2,0,corps,156.4998013026776,0.1886
131,3,352,117.33,2.7,0,corps,156.20709450443943,0.2853
132,2,209,104.50,2.2,0,corps,155.91497253477417,0.3684
133,2,192,96.00,2.2,0,corps,155.62343422519365,0.3990
134,2,120,60.00,2.2,0,corps,155.33247840954417,0.4815
135,2,350,175.00,2.2,0,corps,155.0421039240021,0.3126
136,2,225,112.50,2.2,0,corps,154.75230960706915,0.3074
137,2,103,51.50,2.2,0,corps,154.4630942995676,0.5904
138,2,32,16.00,2.2,0,corps,154.17445684463587,1.8469
139,2,425,212.50,2.2,0,corps,153.88639608772374,0.2016
140,3,144,48.00,2.7,0,corps,153.59891087658784,0.6194
141,2,165,82.50,2.2,0,corps,153.3120000612869,0.4575
142,0,445,445.00,1.3,0,famine_truncated,153.02566249417728,0.1298
143,2,73,36.50,2.2,0,corps,152.73989702990835,0.8687
144,2,308,154.00,2.2,0,corps,152.45470252541784,0.2934
145,2,89,44.50,2.2,0,corps,152.1700778399274,0.5084
146,2,183,91.50,2.2,0,corps,151.88602183493788,0.2661
147,2,338,169.00,2.2,0,corps,151.60253337422483,0.3137
148,2,52,26.00,2.2,0,corps,151.31961132383412,1.1709
149,2,522,261.00,2.2,0,corps,151.03725455207712,0.2605
150,2,223,111.50,2.2,0,corps,150.7554619295264,0.3195
151,3,359,119.67,2.7,0,corps,150.47423232901107,0.3880
152,2,326,163.00,2.2,0,corps,150.1935646256123,0.2594
153,3,228,76.00,2.7,0,corps,149.91345769665904,0.4858
154,2,48,24.00,2.2,0,corps,149.63391042172307,1.0063
155,2,159,79.50,2.2,0,corps,149.35492168261496,0.5004
156,3,417,139.00,2.7,0,corps,149.0764903633794,0.2880
157,3,77,25.67,2.7,0,corps,148.79861535029073,0.9554
158,2,629,314.50,2.2,0,corps,148.52129553184852,0.2347
159,2,234,117.00,2.2,0,corps,148.24452979877313,0.2915
160,2,230,115.00,2.2,0,corps,147.96831704400128,0.3628
161,3,99,33.00,2.7,0,corps,147.69265616268154,0.7857
162,3,202,67.33,2.7,0,corps,147.41754605217005,0.4109
163,2,51,25.50,2.2,0,corps,147.14298561202602,0.9869
164,2,404,202.00,2.2,0,corps,146.86897374400726,0.2039
165,3,149,49.67,2.7,0,corps,146.595509352066,0.4951
166,2,158,79.00,2.2,0,corps,146.32259134234423,0.4366
167,2,492,246.00,2.2,0,corps,146.05021862316963,0.1657
168,2,35,17.50,2.2,0,corps,145.7783901050509,1.4699
169,2,113,56.50,2.2,0,corps,145.50710470067364,0.6464
170,2,152,76.00,2.2,0,corps,145.23636132489582,0.2830
171,2,159,79.50,2.2,0,corps,144.9661588947437,0.4415
172,2,140,70.00,2.2,0,corps,144.69649632940707,0.4538
173,4,431,107.75,3.1,0,corps,144.42737255023533,0.2922
174,2,28,14.00,2.2,0,corps,144.15878648073303,1.4804
175,2,96,48.00,2.2,0,corps,143.89073704655556,0.4918
176,2,144,72.00,2.2,0,corps,143.6232231755048,0.3014
177,2,456,228.00,2.2,0,corps,143.35624379752488,0.1870
178,2,237,118.50,2.2,0,corps,143.08979784469796,0.2422
179,2,24,12.00,2.2,0,corps,142.8238842512399,1.8303
180,2,121,60.50,2.2,0,corps,142.55850195349592,0.5394
181,2,107,53.50,2.2,0,corps,142.2936498899365,0.5305
182,4,104,26.00,3.1,0,corps,142.02932700115304,1.2897
183,2,153,76.50,2.2,0,corps,141.76553222985362,0.4184
184,2,183,91.50,2.2,0,corps,141.50226452085877,0.3568
185,2,97,48.50,2.2,0,corps,141.2395228210974,0.6222
186,3,150,50.00,2.7,0,corps,140.97730607960227,0.5403
187,2,373,186.50,2.2,0,corps,140.7156132475061,0.3158
188,2,203,101.50,2.2,0,corps,140.4544432780372,0.3236
189,3,135,45.00,2.7,0,corps,140.19379512651537,0.5053
190,2,266,133.00,2.2,0,corps,139.9336677503476,0.4264
191,2,249,124.50,2.2,0,corps,139.6740601090241,0.3383
192,2,177,88.50,2.2,0,corps,139.41497116411395,0.2954
193,2,173,86.50,2.2,0,corps,139.15639987926102,0.3693
194,2,90,45.00,2.2,0,corps,138.89834522017978,0.5961
195,3,262,87.33,2.7,0,corps,138.64080615465127,0.3751
196,4,137,34.25,3.1,0,corps,138.38378165251893,0.7920
197,2,256,128.00,2.2,0,corps,138.1272706856844,0.2911
198,2,111,55.50,2.2,0,corps,137.87127222810344,0.4490
199,4,104,26.00,3.1,0,corps,137.61578525578187,0.8106
200,2,111,55.50,2.2,0,corps,137.36080874677148,0.6151
201,2,57,28.50,2.2,0,corps,137.1063416811659,1.1979
202,2,54,27.00,2.2,0,corps,136.85238304109652,0.6014
203,3,179,59.67,2.7,0,corps,136.59893181072843,0.3213
204,2,300,150.00,2.2,0,corps,136.34598697625637,0.2203
205,2,173,86.50,2.2,0,corps,136.09354752590068,0.4296
206,3,176,58.67,2.7,0,corps,135.84161244990324,0.6320
207,2,104,52.00,2.2,0,corps,135.59018074052338,0.4941
208,2,109,54.50,2.2,0,corps,135.3392513920339,0.4997
209,2,132,66.00,2.2,0,corps,135.08882340071716,0.4380
210,2,49,24.50,2.2,0,corps,134.83889576486078,0.7164
211,3,87,29.00,2.7,0,corps,134.58946748475392,0.9252
212,2,178,89.00,2.2,0,corps,134.34053756268312,0.3336
213,2,309,154.50,2.2,0,corps,134.09210500292835,0.3079
214,2,49,24.50,2.2,0,corps,133.84416881175906,0.9102
215,2,191,95.50,2.2,0,corps,133.59672799743015,0.3189
216,3,175,58.33,2.7,0,corps,133.34978157017804,0.5616
217,2,86,43.00,2.2,0,corps,133.10332854221662,0.4185
218,2,221,110.50,2.2,0,corps,132.85736792773352,0.4157
219,2,33,16.50,2.2,0,corps,132.61189874288596,0.8138
220,3,190,63.33,2.7,0,corps,132.36692000579686,0.4225
221,3,181,60.33,2.7,0,corps,132.1224307365509,0.5022
222,4,142,35.50,3.1,0,corps,131.87842995719078,0.8805
223,2,155,77.50,2.2,0,corps,131.63491669171293,0.6106
224,3,196,65.33,2.7,0,corps,131.39188996606407,0.6701
225,3,207,69.00,2.7,0,corps,131.14934880813692,0.5871
226,2,134,67.00,2.2,0,corps,130.90729224776655,0.7593
227,2,160,80.00,2.2,0,corps,130.66571931672635,0.7192
228,2,151,75.50,2.2,0,corps,130.4246290487243,0.7213
229,2,148,74.00,2.2,0,corps,130.18402047939907,0.8210
230,5,116,23.20,3.6,0,corps,129.94389264631593,1.1314
231,2,117,58.50,2.2,0,corps,129.70424458896332,0.3276
232,2,294,147.00,2.2,0,corps,129.46507534874868,0.4499
233,2,51,25.50,2.2,0,corps,129.22638396899472,0.9600
234,2,92,46.00,2.2,0,corps,128.98816949493565,0.7667
235,3,243,81.00,2.7,0,corps,128.75043097371315,0.5913
236,2,159,79.50,2.2,0,corps,128.5131674543729,0.4713
237,4,252,63.00,3.1,0,corps,128.27637798786049,0.7640
238,3,179,59.67,2.7,0,corps,128.04006162701774,0.4401
239,3,315,105.00,2.7,0,corps,127.80421742657886,0.4955
240,2,86,43.00,2.2,0,corps,127.56884444316677,0.5555
241,2,77,38.50,2.2,0,corps,127.3339417352892,0.6091
242,3,250,83.33,2.7,0,corps,127.09950836333503,0.4773
243,2,190,95.00,2.2,0,corps,126.86554338957046,0.4139
244,3,152,50.67,2.7,0,corps,126.63204587813526,0.7262
245,3,88,29.33,2.7,0,corps,126.39901489503906,0.7149
246,2,178,89.00,2.2,0,corps,126.16644950815765,0.3917
247,2,192,96.00,2.2,0,corps,125.93434878722915,0.3976
248,4,122,30.50,3.1,0,corps,125.70271180385039,0.7200
249,2,351,175.50,2.2,0,corps,125.47153763147314,0.2676
250,5,264,52.80,3.6,0,corps,125.24082534540035,0.6867
251,2,139,69.50,2.2,0,corps,125.01057402278262,0.3794
252,2,43,21.50,2.2,0,corps,124.7807827426143,1.0024
253,2,111,55.50,2.2,0,corps,124.55145058573001,0.7007
254,2,165,82.50,2.2,0,corps,124.32257663480077,0.4418
255,2,76,38.00,2.2,0,corps,124.09415997433054,0.6069
256,2,42,21.00,2.2,0,corps,123.8661996906523,0.7509
257,2,132,66.00,2.2,0,corps,123.63869487192464,0.4217
258,2,151,75.50,2.2,0,corps,123.41164460812801,0.5060
259,2,129,64.50,2.2,0,corps,123.18504799106103,0.5141
260,2,130,65.00,2.2,0,corps,122.95890411433695,0.5209
261,2,100,50.00,2.2,0,corps,122.73321207337989,1.2101
262,2,279,139.50,2.2,0,corps,122.50797096542145,0.4939
263,3,465,155.00,2.7,0,corps,122.28317988949688,0.3622
264,2,238,119.00,2.2,0,corps,122.05883794644157,0.4452
265,3,139,46.33,2.7,0,corps,121.8349442388875,0.6866
266,2,222,111.00,2.2,0,corps,121.61149787125944,0.4643
267,2,116,58.00,2.2,0,corps,121.38849794977173,0.4963
268,3,107,35.67,2.7,0,corps,121.16594358242432,0.8308
269,2,89,44.50,2.2,0,corps,120.94383387899946,0.6642
270,2,37,18.50,2.2,0,corps,120.72216795105804,1.0590
271,3,304,101.33,2.7,0,corps,120.50094491193606,0.5089
272,5,207,41.40,3.6,0,corps,120.28016387674106,0.6957
273,3,345,115.00,2.7,0,corps,120.0598239623486,0.3616
274,3,353,117.67,2.7,0,corps,119.83992428739872,0.3201
275,2,180,90.00,2.2,0,corps,119.62046397229247,0.5076
276,2,300,150.00,2.2,0,corps,119.40144213918826,0.4277
277,3,52,17.33,2.7,0,corps,119.1828579119985,1.0176
278,2,180,90.00,2.2,0,corps,118.96471041638593,0.3644
279,2,25,12.50,2.2,0,corps,118.74699877976032,1.9505
280,3,82,27.33,2.7,0,corps,118.52972213127484,1.0013
281,2,147,73.50,2.2,0,corps,118.31287960182254,0.3975
282,3,61,20.33,2.7,0,corps,118.09647032403315,1.0246
283,2,128,64.00,2.2,0,corps,117.88049343226913,0.5603
284,2,194,97.00,2.2,0,corps,117.66494806262268,0.3794
285,2,45,22.50,2.2,0,corps,117.44983335291207,0.8393
286,6,271,45.17,4.0,0,corps,117.23514844267811,0.5306
287,4,104,26.00,3.1,0,corps,117.02089247318091,0.7204
288,2,46,23.00,2.2,0,corps,116.80706458739627,0.8452
289,2,86,43.00,2.2,0,corps,116.59366393001243,0.5809
290,2,69,34.50,2.2,0,corps,116.38068964742638,0.5227
291,3,103,34.33,2.7,0,corps,116.1681408877408,0.5792
292,5,149,29.80,3.6,0,corps,115.95601680076032,0.6036
293,4,152,38.00,3.1,0,corps,115.74431653798834,0.6359
294,7,192,27.43,4.4,0,corps,115.53303925262345,0.9056
295,3,71,23.67,2.7,0,corps,115.32218409955635,0.7714
296,3,65,21.67,2.7,0,corps,115.11175023536605,0.6836
297,6,134,22.33,4.0,0,corps,114.9017368183168,0.7239
298,3,80,26.67,2.7,0,corps,114.69214300835475,0.8197
299,3,131,43.67,2.7,0,corps,114.48296796710432,0.5713
300,3,62,20.67,2.7,0,corps,114.27421085786503,0.9761
301,2,55,27.50,2.2,0,corps,114.06587084560822,0.9883
302,2,92,46.00,2.2,0,corps,113.85794709697356,0.7932
303,3,65,21.67,2.7,0,corps,113.65043878026574,1.0983
304,2,51,25.50,2.2,0,corps,113.44334506545127,0.9571
305,3,75,25.00,2.7,0,corps,113.23666512415498,1.3194
306,2,27,13.50,2.2,0,corps,113.03039812965683,1.4912
307,2,192,96.00,2.2,0,corps,112.82454325688856,0.5547
308,2,213,106.50,2.2,0,corps,112.61909968243043,0.3404
309,2,39,19.50,2.2,0,corps,112.41406658450784,1.1174
310,3,126,42.00,2.7,0,corps,112.20944314298815,0.7444
311,2,63,31.50,2.2,0,corps,112.00522853937731,0.9947
312,2,92,46.00,2.2,0,corps,111.80142195681665,0.4805
313,3,75,25.00,2.7,0,corps,111.59802258007954,0.7687
314,2,133,66.50,2.2,0,corps,111.39502959556822,0.5530
315,3,168,56.00,2.7,0,corps,111.19244219131046,0.5277
316,2,107,53.50,2.2,0,corps,110.9902595569564,0.4659
317,2,220,110.00,2.2,0,corps,110.78848088377522,0.3879
318,2,76,38.00,2.2,0,corps,110.58710536465198,0.3374
319,6,182,30.33,4.0,0,corps,110.38613219408428,0.8634
320,2,105,52.50,2.2,0,corps,110.18556056817923,0.5963
321,2,46,23.00,2.2,0,corps,109.98538968465002,1.4450
322,4,130,32.50,3.1,0,corps,109.78561874281287,0.9046
323,2,156,78.00,2.2,0,corps,109.58624694358372,0.6139
324,2,95,47.50,2.2,0,corps,109.38727348947515,1.3316
325,4,103,25.75,3.1,0,corps,109.18869758459304,1.1741
326,2,157,78.50,2.2,0,corps,108.99051843463354,0.6701
327,4,100,25.00,3.1,0,corps,108.79273524687976,0.9300
328,3,121,40.33,2.7,0,corps,108.59534723019868,1.0026
329,2,62,31.00,2.2,0,corps,108.39835359503796,0.8654
330,4,519,129.75,3.1,0,corps,108.20175355342285,0.4525
331,4,124,31.00,3.1,0,corps,108.00554631895287,1.4359
332,4,200,50.00,3.1,0,corps,107.80973110679888,0.7346
333,2,213,106.50,2.2,0,corps,107.61430713369968,0.6293
334,3,83,27.67,2.7,0,corps,107.41927361795919,1.0936
335,2,101,50.50,2.2,0,corps,107.22462977944306,0.8026
336,2,102,51.00,2.2,0,corps,107.0303748395757,0.8483
337,2,61,30.50,2.2,0,corps,106.83650802133704,0.7400
338,2,23,11.50,2.2,0,corps,106.6430285492596,1.1380
339,3,114,38.00,2.7,0,corps,106.44993564942521,0.8220
340,2,75,37.50,2.2,0,corps,106.257228549462,1.1136
341,3,74,24.67,2.7,0,corps,106.06490647854139,1.0281
342,2,93,46.50,2.2,0,corps,105.87296866737472,0.7810
343,2,125,62.50,2.2,0,corps,105.68141434821057,0.8445
344,2,84,42.00,2.2,0,corps,105.49024275483141,0.8950
345,2,94,47.00,2.2,0,corps,105.29945312255056,0.8362
346,3,104,34.67,2.7,0,corps,105.10904468820928,0.7362
347,3,116,38.67,2.7,0,corps,104.91901669017354,0.8430
348,2,100,50.00,2.2,0,corps,104.72936836833114,0.9312
349,4,121,30.25,3.1,0,corps,104.54009896408851,0.7921
350,4,166,41.50,3.1,0,corps,104.35120772036781,0.9362
351,4,64,16.00,3.1,0,corps,104.16269388160377,1.0841
352,2,93,46.50,2.2,0,corps,103.97455669374082,0.6107
353,4,76,19.00,3.1,0,corps,103.78679540422995,1.2317
354,2,22,11.00,2.2,0,corps,103.59940926202573,1.4634
355,3,42,14.00,2.7,0,corps,103.41239751758337,2.1353
356,2,24,12.00,2.2,0,corps,103.22575942285563,1.3655
357,4,92,23.00,3.1,0,corps,103.03949423128988,0.8228
358,2,34,17.00,2.2,0,corps,102.8536011978251,1.1727
359,2,110,55.00,2.2,0,corps,102.66807957888892,0.4411
360,3,111,37.00,2.7,0,corps,102.4829286323946,0.8660
361,2,59,29.50,2.2,0,corps,102.29814761773814,0.9062
362,5,121,24.20,3.6,0,corps,102.11373579579521,0.8582
363,2,41,20.50,2.2,0,corps,101.9296924289183,0.9749
364,2,70,35.00,2.2,0,corps,101.74601678093364,0.8378
365,2,128,64.00,2.2,0,corps,101.56270811713846,0.6413
366,4,95,23.75,3.1,0,corps,101.37976570429782,2.2572
367,2,48,24.00,2.2,0,corps,101.19718881064183,1.1110
368,3,135,45.00,2.7,0,corps,101.01497670586271,0.7388
369,2,43,21.50,2.2,0,corps,100.83312866111174,0.9803
370,2,198,99.00,2.2,0,corps,100.65164394899652,0.4468
371,3,116,38.67,2.7,0,corps,100.47052184357798,0.6382
372,2,60,30.00,2.2,0,corps,100.28976162036744,1.0606
373,3,117,39.00,2.7,0,corps,100.10936255632379,0.9672
374,5,164,32.80,3.6,0,corps,99.92932392985047,1.5467
375,4,166,41.50,3.1,0,corps,99.74964502079278,0.7052
376,2,52,26.00,2.2,0,corps,99.57032511043487,1.0480
377,2,106,53.00,2.2,0,corps,99.3913634814968,0.6945
378,2,54,27.00,2.2,0,corps,99.21275941813185,1.0510
379,6,293,48.83,4.0,0,corps,99.03451220592355,0.7595
380,3,80,26.67,2.7,0,corps,98.85662113188275,1.1149
381,4,97,24.25,3.1,0,corps,98.67908548444497,0.9736
382,3,243,81.00,2.7,0,corps,98.50190455346736,0.4658
383,3,62,20.67,2.7,0,corps,98.32507763022596,1.2042
384,2,96,48.00,2.2,0,corps,98.14860400741287,0.7326
385,2,73,36.50,2.2,0,corps,97.97248297913332,0.8964
386,8,228,28.50,4.9,0,corps,97.796713840903,0.8676
387,5,93,18.60,3.6,0,corps,97.6212958896451,1.1929
388,2,64,32.00,2.2,0,corps,97.44622842368757,0.8243
389,2,88,44.00,2.2,0,corps,97.27151074276036,0.6368
390,2,35,17.50,2.2,0,corps,97.09714214799247,1.0488
391,3,86,28.67,2.7,0,corps,96.92312194190929,0.9287
392,5,87,17.40,3.6,0,corps,96.74944942842978,1.2813
393,2,72,36.00,2.2,0,corps,96.57612391286366,0.9832
394,2,44,22.00,2.2,0,corps,96.40314470190863,1.3708
395,6,142,23.67,4.0,0,corps,96.2305111036476,0.8779
396,2,55,27.50,2.2,0,corps,96.05822242754596,0.7762
397,2,39,19.50,2.2,0,corps,95.88627798444878,1.4220
398,2,92,46.00,2.2,0,corps,95.71467708657804,0.6561
399,3,133,44.33,2.7,0,corps,95.54341904752994,0.6140
400,2,77,38.50,2.2,0,corps,95.3725031822721,0.8308
401,4,87,21.75,3.1,0,corps,95.2019288071408,1.0599
402,2,146,73.00,2.2,0,corps,95.03169523983834,0.5816
403,4,112,28.00,3.1,0,corps,94.86180179943022,1.0025
404,2,62,31.00,2.2,0,corps,94.69224780634244,0.9748
405,4,66,16.50,3.1,0,corps,94.5230325823588,1.2645
406,3,98,32.67,2.7,0,corps,94.35415545061821,1.1547
407,3,87,29.00,2.7,0,corps,94.18561573561189,0.8242
408,2,104,52.00,2.2,0,corps,94.01741276318074,0.6043
409,2,23,11.50,2.2,0,corps,93.84954586051268,1.5852
410,3,86,28.67,2.7,0,corps,93.68201435613986,0.8159
411,2,72,36.00,2.2,0,corps,93.51481757993604,0.7317
412,2,65,32.50,2.2,0,corps,93.3479548631139,1.3079
413,2,70,35.00,2.2,0,corps,93.18142553822233,0.7790
414,3,93,31.00,2.7,0,corps,93.01522893914382,1.0114
415,3,77,25.67,2.7,0,corps,92.84936440109176,0.9606
416,5,99,19.80,3.6,0,corps,92.68383126060777,0.9986
417,4,37,9.25,3.1,0,corps,92.51862885555906,6.2901
418,2,85,42.50,2.2,0,corps,92.35375652513581,0.7510
419,4,90,22.50,3.1,0,corps,92.18921360984845,1.0351
420,2,26,13.00,2.2,0,corps,92.02499945152515,1.0992
421,8,127,15.88,4.9,0,corps,91.86111339330898,1.9767
422,5,130,26.00,3.6,0,corps,91.69755477965555,1.0287
423,3,96,32.00,2.7,0,corps,91.53432295633017,0.8332
424,3,119,39.67,2.7,0,corps,91.37141727040533,0.8283
425,4,130,32.50,3.1,0,corps,91.20883707025807,0.9354
426,4,118,29.50,3.1,0,corps,91.04658170556735,1.9295
427,5,144,28.80,3.6,0,corps,90.88465052731152,0.9685
428,3,49,16.33,2.7,0,corps,90.72304288776566,1.2060
429,4,79,19.75,3.1,0,corps,90.56175814049898,1.3794
430,2,67,33.50,2.2,0,corps,90.40079564037227,0.7098
431,2,195,97.50,2.2,0,corps,90.24015474353533,0.4508
432,4,65,16.25,3.1,0,corps,90.07983480742435,1.2433
433,7,115,16.43,4.4,0,corps,89.91983519075936,1.1933
434,2,58,29.00,2.2,0,corps,89.76015525354171,0.8220
435,5,108,21.60,3.6,0,corps,89.6007943570514,0.9183
436,2,61,30.50,2.2,0,corps,89.44175186384467,0.9720
437,2,32,16.00,2.2,0,corps,89.28302713775132,1.2179
438,5,112,22.40,3.6,0,corps,89.12461954387221,1.2967
439,5,87,17.40,3.6,0,corps,88.96652844857678,1.2638
440,2,39,19.50,2.2,0,corps,88.80875321950046,1.6827
441,2,79,39.50,2.2,0,corps,88.65129322554208,0.9242
442,2,49,24.50,2.2,0,corps,88.49414783686146,0.7740
443,5,142,28.40,3.6,0,corps,88.33731642487686,0.9836
444,3,100,33.33,2.7,0,corps,88.18079836226241,0.7136
445,2,109,54.50,2.2,0,corps,88.02459302294564,0.4836
446,4,113,28.25,3.1,0,corps,87.868699782105,0.6895
447,2,25,12.50,2.2,0,corps,87.71311801616731,0.8437
448,3,45,15.00,2.7,0,corps,87.55784710280531,1.2094
449,4,35,8.75,3.1,0,corps,87.40288642093512,1.2706
450,3,57,19.00,2.7,0,corps,87.24823535071383,0.9747
451,3,62,20.67,2.7,0,corps,87.09389327353692,1.0294
452,5,88,17.60,3.6,0,corps,86.93985957203593,0.9941
453,2,32,16.00,2.2,0,corps,86.78613363007578,0.7461
454,4,143,35.75,3.1,0,corps,86.63271483275255,0.7305
455,2,61,30.50,2.2,0,corps,86.47960256639082,0.8096
456,3,38,12.67,2.7,0,corps,86.32679621854133,1.3539
457,2,40,20.00,2.2,0,corps,86.1742951779785,0.9640
458,6,81,13.50,4.0,0,corps,86.02209883469794,1.0457
459,6,130,21.67,4.0,0,corps,85.87020657991408,0.8203
460,9,183,20.33,5.3,0,corps,85.71861780605768,0.9582
461,3,108,36.00,2.7,0,corps,85.56733190677348,1.1540
462,2,55,27.50,2.2,0,corps,85.41634827691766,1.1996
463,3,56,18.67,2.7,0,corps,85.26566631255551,1.6341
464,2,74,37.00,2.2,0,corps,85.11528541095896,0.9217
465,3,66,22.00,2.7,0,corps,84.9652049706042,1.1989
466,10,140,14.00,5.8,0,corps,84.81542439116929,2.0720
467,2,37,18.50,2.2,0,corps,84.6659430735317,1.1884
468,2,123,61.50,2.2,0,corps,84.51676041976593,1.0432
469,3,52,17.33,2.7,0,corps,84.36787583314124,1.9573
470,4,77,19.25,3.1,0,corps,84.21928871811902,1.4500
471,6,89,14.83,4.0,0,corps,84.07099848035061,2.0626
472,4,92,23.00,3.1,0,corps,83.9230045266749,1.1610
473,4,84,21.00,3.1,0,corps,83.77530626511587,1.0922
474,2,56,28.00,2.2,0,corps,83.62790310488025,1.5694
475,10,279,27.90,5.8,0,corps,83.48079445635523,1.3045
476,2,65,32.50,2.2,0,corps,83.33397973110601,0.8314
477,4,93,23.25,3.1,0,corps,83.1874583418735,1.2993
478,5,88,17.60,3.6,0,corps,83.04122970257191,1.5846
479,2,42,21.00,2.2,0,corps,82.89529322828653,1.0058
480,2,73,36.50,2.2,0,corps,82.74964833527129,1.1730
481,3,76,25.33,2.7,0,corps,82.60429444094636,1.2796
482,2,116,58.00,2.2,0,corps,82.45923096389602,0.7347
483,7,113,16.14,4.4,0,corps,82.31445732386612,1.5594
484,2,29,14.50,2.2,0,corps,82.16997294176196,1.1039
485,4,148,37.00,3.1,0,corps,82.02577723964578,0.7124
486,3,89,29.67,2.7,0,corps,81.88186964073458,0.7523
487,2,153,76.50,2.2,0,corps,81.73824956939781,0.7278
488,6,120,20.00,4.0,0,corps,81.59491645115496,2.5581
489,2,35,17.50,2.2,0,corps,81.45186971267337,1.2426
490,3,91,30.33,2.7,0,corps,81.30910878176591,0.9182
491,5,64,12.80,3.6,0,corps,81.16663308738865,1.8946
492,5,126,25.20,3.6,0,corps,81.02444205963863,1.0549
493,4,120,30.00,3.1,0,corps,80.88253512975155,0.8889
494,6,171,28.50,4.0,0,corps,80.74091173009948,1.1875
495,2,40,20.00,2.2,0,corps,80.59957129418868,0.9323
496,4,86,21.50,3.1,0,corps,80.45851325665717,1.3815
497,2,47,23.50,2.2,0,corps,80.31773705327264,0.8230
498,4,153,38.25,3.1,0,corps,80.17724212093007,0.7597
499,8,187,23.38,4.9,0,corps,80.03702789764957,1.0030
500,5,162,32.40,3.6,0,corps,79.89709382257404,0.7784
501,2,31,15.50,2.2,0,corps,79.75743933596699,1.1715
502,8,142,17.75,4.9,0,corps,79.6180638792103,1.0031
503,6,99,16.50,4.0,0,corps,79.47896689480194,2.0203
504,3,43,14.33,2.7,0,corps,79.3401478263538,1.3283
505,2,70,35.00,2.2,0,corps,79.20160611858942,0.8758
506,2,18,9.00,2.2,0,corps,79.06334121734179,1.5592
507,5,37,7.40,3.6,0,corps,78.92535256955111,1.9904
508,6,64,10.67,4.0,0,corps,78.7876396232626,1.5015
509,4,62,15.50,3.1,0,corps,78.65020182762431,1.1579
510,5,170,34.00,3.6,0,corps,78.51303863288487,0.9249
511,2,69,34.50,2.2,0,corps,78.37614949039131,0.6704
512,2,25,12.50,2.2,0,corps,78.23953385258686,0.7878
513,3,63,21.00,2.7,0,corps,78.10319117300884,0.9973
514,3,77,25.67,2.7,0,corps,77.9671209062863,0.6103
515,7,191,27.29,4.4,0,corps,77.831322508138,0.8559
516,2,42,21.00,2.2,0,corps,77.69579543537017,0.7305
517,8,151,18.88,4.9,0,corps,77.56053914587436,0.9885
518,4,64,16.00,3.1,0,corps,77.4255530986252,1.2229
519,2,95,47.50,2.2,0,corps,77.29083675367833,0.6907
520,2,22,11.00,2.2,0,corps,77.15638957216822,1.9244
521,2,27,13.50,2.2,0,corps,77.02221101630593,1.3423
522,3,100,33.33,2.7,0,corps,76.88830054937706,1.2485
523,2,44,22.00,2.2,0,corps,76.75465763573958,1.2512
524,9,173,19.22,5.3,0,corps,76.62128174082166,1.3650
525,2,43,21.50,2.2,0,corps,76.48817233111951,1.3628
526,2,35,17.50,2.2,0,corps,76.35532887419534,0.8386
527,3,77,25.67,2.7,0,corps,76.22275083867515,1.2598
528,3,31,10.33,2.7,0,corps,76.0904376942466,1.4555
529,6,135,22.50,4.0,0,corps,75.95838891165695,1.1718
530,2,54,27.00,2.2,0,corps,75.8266039627109,1.0769
531,2,87,43.50,2.2,0,corps,75.69508232026847,0.9422
532,2,98,49.00,2.2,0,corps,75.56382345824291,0.8632
533,8,175,21.88,4.9,0,corps,75.4328268515986,1.8479
534,8,125,15.62,4.9,0,corps,75.30209197634893,1.5553
535,2,42,21.00,2.2,0,corps,75.17161830955426,1.3960
536,7,165,23.57,4.4,0,corps,75.04140532931972,1.1085
537,4,77,19.25,3.1,0,corps,74.91145251479318,1.1429
538,3,51,17.00,2.7,0,corps,74.78175934616328,1.5470
539,2,26,13.00,2.2,0,corps,74.65232530465714,1.0842
540,2,28,14.00,2.2,0,corps,74.52314987253843,1.2038
541,5,103,20.60,3.6,0,corps,74.39423253310522,1.0830
542,2,48,24.00,2.2,0,corps,74.26557277068801,1.1392
543,7,129,18.43,4.4,0,corps,74.13717007064758,1.2177
544,2,20,10.00,2.2,0,corps,74.00902391937294,1.7081
545,3,45,15.00,2.7,0,corps,73.88113380427933,1.6296
546,3,84,28.00,2.7,0,corps,73.75349921380611,0.9378
547,2,34,17.00,2.2,0,corps,73.62611963741473,1.3308
548,6,155,25.83,4.0,0,corps,73.49899456558676,1.1023
549,2,31,15.50,2.2,0,corps,73.3721234898217,1.2970
550,7,155,22.14,4.4,0,corps,73.24550590263512,0.8786
551,4,96,24.00,3.1,0,corps,73.11914129755644,0.8981
552,4,53,13.25,3.1,0,corps,72.99302916912713,1.6144
553,5,69,13.80,3.6,0,corps,72.86716901289849,1.2091
554,2,69,34.50,2.2,0,corps,72.74156032542972,1.0879
555,5,80,16.00,3.6,0,corps,72.61620260428592,1.1392
556,2,34,17.00,2.2,0,corps,72.49109534803601,1.1382
557,3,45,15.00,2.7,0,corps,72.36623805625081,1.6281
558,6,87,14.50,4.0,0,corps,72.24163022950101,3.1789
559,13,277,21.31,7.1,0,corps,72.1172713693551,1.1476
560,2,65,32.50,2.2,0,corps,71.99316097837749,0.6778
561,3,54,18.00,2.7,0,corps,71.86929856012647,1.5864
562,2,100,50.00,2.2,0,corps,71.74568361915215,0.6406
563,4,90,22.50,3.1,0,corps,71.62231566099467,1.3333
564,4,147,36.75,3.1,0,corps,71.49919419218197,0.7543
565,8,95,11.88,4.9,0,corps,71.37631872022806,1.3088
566,2,58,29.00,2.2,0,corps,71.25368875363085,0.8076
567,7,108,15.43,4.4,0,corps,71.13130380187033,1.2897
568,14,181,12.93,7.6,0,corps,71.00916337540653,1.4199
569,3,95,31.67,2.7,0,corps,70.88726698567757,0.7769
570,3,83,27.67,2.7,0,corps,70.76561414509774,1.4815
571,2,19,9.50,2.2,0,corps,70.64420436705551,1.1956
572,5,74,14.80,3.6,0,corps,70.5230371659116,1.3141
573,9,133,14.78,5.3,0,corps,70.40211205699707,1.4798
574,9,169,18.78,5.3,0,corps,70.28142855661129,0.9859
575,3,101,33.67,2.7,0,corps,70.16098618202011,1.0536
576,9,137,15.22,5.3,0,corps,70.04078445145389,1.2501
577,3,69,23.00,2.7,0,corps,69.9208228841055,0.9261
578,8,160,20.00,4.9,0,corps,69.80110100012857,1.8512
579,7,95,13.57,4.4,0,corps,69.68161832063535,1.5845
580,7,127,18.14,4.4,0,corps,69.562374367695,2.0077
581,2,30,15.00,2.2,0,corps,69.44336866433154,1.9353
582,2,37,18.50,2.2,0,corps,69.32460073452201,1.3345
583,4,87,21.75,3.1,0,corps,69.20607010319449,1.5560
584,6,142,23.67,4.0,0,corps,69.08777629622634,1.1009
585,2,64,32.00,2.2,0,corps,68.96971884044216,0.9552
586,2,62,31.00,2.2,0,corps,68.85189726361195,1.0198
587,2,32,16.00,2.2,0,corps,68.73431109444927,1.2393
588,8,234,29.25,4.9,0,corps,68.61695986260929,1.7869
589,5,100,20.00,3.6,0,corps,68.49984309868691,1.2204
590,5,85,17.00,3.6,0,corps,68.38296033421494,1.6467
591,5,114,22.80,3.6,0,corps,68.26631110166214,1.6067
592,5,58,11.60,3.6,0,corps,68.14989493443142,2.5277
593,5,84,16.80,3.6,0,corps,68.033711366858,1.4927
594,3,38,12.67,2.7,0,corps,67.9177599342074,1.5875
595,3,44,14.67,2.7,0,corps,67.80204017267377,1.2470
596,4,143,35.75,3.1,0,corps,67.6865516193779,1.1201
597,4,78,19.50,3.1,0,corps,67.57129381236541,1.2499
598,6,124,20.67,4.0,0,corps,67.45626629060496,1.0325
599,7,181,25.86,4.4,0,corps,67.34146859398625,0.9911
600,5,55,11.00,3.6,0,corps,67.2269002633184,3.8120
601,5,70,14.00,3.6,0,corps,67.1125608403279,1.3278
602,2,53,26.50,2.2,0,corps,66.99844986765689,1.2000
603,9,257,28.56,5.3,0,corps,66.88456688886136,1.1271
604,3,77,25.67,2.7,0,corps,66.77091144840924,0.9084
605,6,70,11.67,4.0,0,corps,66.6574830916786,1.5937
606,3,30,10.00,2.7,0,corps,66.54428136495586,1.1724
607,8,207,25.88,4.9,0,corps,66.431305815434,1.9846
608,2,142,71.00,2.2,0,corps,66.31855599121063,0.6510
609,9,104,11.56,5.3,0,corps,66.2060314412863,1.5761
610,4,61,15.25,3.1,0,corps,66.0937317155627,1.8467
611,4,88,22.00,3.1,0,corps,65.98165636484073,0.7030
612,3,67,22.33,2.7,0,corps,65.86980494081888,1.0269
613,2,39,19.50,2.2,0,corps,65.7581769960913,1.6718
614,2,34,17.00,2.2,0,corps,65.64677208414602,1.4147
615,4,113,28.25,3.1,0,corps,65.53558975936329,0.9504
616,5,55,11.00,3.6,0,corps,65.42462957701363,1.4243
617,2,64,32.00,2.2,0,corps,65.31389109325619,1.3246
618,3,40,13.33,2.7,0,corps,65.20337386513687,1.5948
619,4,60,15.00,3.1,0,corps,65.0930774505866,1.4868
620,11,120,10.91,6.2,0,corps,64.98300140841961,2.3665
621,3,74,24.67,2.7,0,corps,64.87314529833156,0.6747
622,10,153,15.30,5.8,0,corps,64.76350868089787,1.0258
623,2,22,11.00,2.2,0,corps,64.65409111757192,1.2624
624,9,137,15.22,5.3,0,corps,64.54489217068331,1.3310
625,4,60,15.00,3.1,0,corps,64.43591140343611,1.0589
626,5,97,19.40,3.6,0,corps,64.3271483799071,0.8979
627,6,228,38.00,4.0,0,corps,64.21860266504406,0.9605
628,7,112,16.00,4.4,0,corps,64.11027382466396,1.3066
629,6,169,28.17,4.0,0,corps,64.0021614254513,0.9801
630,3,49,16.33,2.7,0,corps,63.89426503495636,0.8573
631,4,74,18.50,3.1,0,corps,63.78658422159342,2.3709
632,3,55,18.33,2.7,0,corps,63.67911855463908,0.7598
633,9,139,15.44,5.3,0,corps,63.57186760423051,1.7341
634,2,37,18.50,2.2,0,corps,63.4648309413638,0.8887
635,10,158,15.80,5.8,0,corps,63.35800813789215,1.5116
636,4,146,36.50,3.1,0,corps,63.25139876652419,0.9567
637,2,36,18.00,2.2,0,corps,63.14500240082231,1.2269
638,2,47,23.50,2.2,0,corps,63.03881861520087,0.7698
639,10,87,8.70,5.8,0,corps,62.932846984924616,1.6202
640,2,58,29.00,2.2,0,corps,62.82708708610688,0.9175
641,3,62,20.67,2.7,0,corps,62.72153849570792,1.4346
642,5,74,14.80,3.6,0,corps,62.61620079153325,1.2850
643,5,132,26.40,3.6,0,corps,62.5110735522319,1.2678
644,6,124,20.67,4.0,0,corps,62.406156357294776,1.1548
645,4,70,17.50,3.1,0,corps,62.30144878705294,1.3312
646,16,210,13.12,8.4,0,corps,62.19695042267599,1.8757
647,2,48,24.00,2.2,0,corps,62.09266084617033,0.8298
648,6,98,16.33,4.0,0,corps,61.98857964037753,0.9664
649,11,219,19.91,6.2,0,corps,61.88470638897259,1.2058
650,4,63,15.75,3.1,0,corps,61.78104067646238,1.8774
651,15,244,16.27,8.0,0,corps,61.67758208818393,1.2427
652,10,185,18.50,5.8,0,corps,61.57433021030274,1.0647
653,3,126,42.00,2.7,0,corps,61.47128462981115,0.8440
654,3,32,10.67,2.7,0,corps,61.368444934526714,1.1811
655,4,66,16.50,3.1,0,corps,61.26581071309049,1.1654
656,2,31,15.50,2.2,0,corps,61.16338155496549,0.9539
657,2,25,12.50,2.2,0,corps,61.06115705043492,1.4346
658,6,84,14.00,4.0,0,corps,60.95913679060063,1.2942
659,7,93,13.29,4.4,0,corps,60.85732036738146,2.3138
660,7,84,12.00,4.4,0,corps,60.755707373511555,1.8732
661,4,59,14.75,3.1,0,corps,60.65429740253882,1.2169
662,3,81,27.00,2.7,0,corps,60.55309004882326,1.4962
663,8,129,16.12,4.9,0,corps,60.45208490753527,1.3701
664,7,93,13.29,4.4,0,corps,60.351281574654195,1.5968
665,2,28,14.00,2.2,0,corps,60.250679646966546,1.4650
666,5,47,9.40,3.6,0,corps,60.150278722064485,1.9209
667,13,189,14.54,7.1,0,corps,60.05007839834418,1.5139
668,2,67,33.50,2.2,0,corps,59.950078275004216,1.1030
669,5,104,20.80,3.6,0,corps,59.85027795204394,1.0836
670,3,109,36.33,2.7,0,corps,59.75067703026193,1.0898
671,3,63,21.00,2.7,0,corps,59.651275111254385,1.1083
672,3,59,19.67,2.7,0,corps,59.55207179741349,1.1905
673,3,57,19.00,2.7,0,corps,59.45306669192585,1.0945
674,4,60,15.00,3.1,0,corps,59.354259398770914,1.2488
675,2,35,17.50,2.2,0,corps,59.25564952271939,1.2732
676,9,165,18.33,5.3,0,corps,59.1572366693316,1.3248
677,2,23,11.50,2.2,0,corps,59.05902044495607,1.2906
678,11,218,19.82,6.2,0,corps,58.961000456727696,1.3425
679,8,136,17.00,4.9,0,corps,58.86317631256646,1.4605
680,5,88,17.60,3.6,0,corps,58.76554762117562,1.1319
681,9,195,21.67,5.3,0,corps,58.66811399204027,1.0641
682,8,143,17.88,4.9,0,corps,58.570875035425786,1.1114
683,8,97,12.12,4.9,0,corps,58.47383036237621,1.7162
684,5,106,21.20,3.6,0,corps,58.37697958471271,1.1091
685,4,62,15.50,3.1,0,corps,58.28032231503205,1.2510
686,8,204,25.50,4.9,0,corps,58.18385816670503,1.0875
687,3,83,27.67,2.7,0,corps,58.08758675387492,0.8664
688,4,57,14.25,3.1,0,corps,57.99150769145594,1.3520
689,16,324,20.25,8.4,0,corps,57.895620595131724,1.7422
690,3,61,20.33,2.7,0,corps,57.799925081353734,0.9018
691,8,188,23.50,4.9,0,corps,57.70442076733981,1.0089
692,8,219,27.38,4.9,0,corps,57.60910727107257,1.0030
693,2,63,31.50,2.2,0,corps,57.51398421129789,0.9775
694,6,69,11.50,4.0,0,corps,57.419051207523395,1.4882
695,4,127,31.75,3.1,0,corps,57.32430788001695,0.8340
696,14,239,17.07,7.6,0,corps,57.22975384980514,1.1494
697,6,63,10.50,4.0,0,corps,57.1353887386717,1.9840
698,3,31,10.33,2.7,0,corps,57.04121216915606,1.2523
699,3,19,6.33,2.7,0,corps,56.94722376455182,2.1331
700,8,141,17.62,4.9,0,corps,56.853423148905236,1.0049
701,2,52,26.00,2.2,0,corps,56.75980994701371,1.6154
702,3,40,13.33,2.7,0,corps,56.666383784424326,1.6724
703,9,136,15.11,5.3,0,corps,56.5731442874323,1.6888
704,8,116,14.50,4.9,0,corps,56.48009108307952,1.8355
705,6,86,14.33,4.0,0,corps,56.387223799153055,1.7734
706,4,83,20.75,3.1,0,corps,56.29454206418362,1.4378
707,3,92,30.67,2.7,0,corps,56.202045507444176,1.0631
708,4,56,14.00,3.1,0,corps,56.109733758948366,1.6482
709,9,165,18.33,5.3,0,corps,56.017606449449076,1.5413
710,2,35,17.50,2.2,0,corps,55.92566321043692,0.9960
711,14,302,21.57,7.6,0,corps,55.83390367413886,1.3407
712,5,113,22.60,3.6,0,corps,55.7423274735166,1.8119
713,7,201,28.71,4.4,0,corps,55.65093424226523,1.1695
714,11,234,21.27,6.2,0,corps,55.559723614811695,1.4389
715,8,114,14.25,4.9,0,corps,55.46869522631336,1.4932
716,4,171,42.75,3.1,0,corps,55.377848712656565,0.8665
717,3,76,25.33,2.7,0,corps,55.28718371045511,1.3422
718,7,142,20.29,4.4,0,corps,55.19669985704889,1.0184
719,2,42,21.00,2.2,0,corps,55.106396790502366,1.1545
720,12,223,18.58,6.7,0,corps,55.01627414960313,2.4936
721,6,94,15.67,4.0,0,corps,54.92633157386053,1.1301
722,8,111,13.88,4.9,0,corps,54.83656870350412,1.6092
723,4,110,27.50,3.1,0,corps,54.7469851794823,0.8688
724,13,225,17.31,7.1,0,corps,54.65758064346087,1.7827
725,7,131,18.71,4.4,0,corps,54.56835473782156,1.3673
726,10,141,14.10,5.8,0,corps,54.47930710566061,1.3373
727,4,60,15.00,3.1,0,corps,54.390437390787405,1.4339
728,12,239,19.92,6.7,0,corps,54.30174523772294,1.1002
729,10,132,13.20,5.8,0,corps,54.2132302916985,1.7009
730,8,154,19.25,4.9,0,corps,54.12489219865417,1.3627
731,6,153,25.50,4.0,0,corps,54.03673060523748,0.8679
732,3,68,22.67,2.7,0,corps,53.94874515880193,1.1094
733,6,87,14.50,4.0,0,corps,53.86093550740559,1.2164
734,13,227,17.46,7.1,0,corps,53.77330129980978,1.4009
735,2,130,65.00,2.2,0,corps,53.685842185477526,0.8026
736,8,209,26.12,4.9,0,corps,53.59855781457227,0.9674
737,2,46,23.00,2.2,0,corps,53.511447837956396,1.2726
738,6,154,25.67,4.0,0,corps,53.42451190718989,1.4049
739,4,61,15.25,3.1,0,corps,53.33774967452891,1.3723
740,3,57,19.00,2.7,0,corps,53.25116079292442,1.6681
741,4,73,18.25,3.1,0,corps,53.164744916020766,1.4630
742,7,73,10.43,4.4,0,corps,53.078501698154334,2.0334
743,7,141,20.14,4.4,0,corps,52.99243079435212,1.1795
744,7,127,18.14,4.4,0,corps,52.90653186033041,1.3405
745,7,177,25.29,4.4,0,corps,52.82080455249335,1.2031
746,7,73,10.43,4.4,0,corps,52.7352485279316,2.2672
747,4,52,13.00,3.1,0,corps,52.649863444420944,1.6405
748,4,86,21.50,3.1,0,corps,52.56464896042093,1.2179
749,8,152,19.00,4.9,0,corps,52.4796047350735,2.7212
750,5,158,31.60,3.6,0,corps,52.39473042820166,0.8146
751,12,219,18.25,6.7,0,corps,52.31002570030806,1.2282
752,6,107,17.83,4.0,0,corps,52.225490212573675,1.2271
753,4,99,24.75,3.1,0,corps,52.141123626856434,0.8993
754,8,217,27.12,4.9,0,corps,52.0569256056899,2.1973
755,6,117,19.50,4.0,0,corps,51.97289581228186,1.5126
756,11,220,20.00,6.2,0,corps,51.88903391051303,1.2042
757,4,87,21.75,3.1,0,corps,51.80533956493569,0.8650
758,9,254,28.22,5.3,0,corps,51.721812440772354,0.8027
759,8,99,12.38,4.9,0,corps,51.63845220391441,1.8281
760,9,98,10.89,5.3,0,corps,51.5552585209208,1.9486
761,10,136,13.60,5.8,0,corps,51.47223105901668,2.9629
762,2,31,15.50,2.2,0,corps,51.38936948609209,1.1595
763,3,36,12.00,2.7,0,corps,51.306673470700645,2.2075
764,5,67,13.40,3.6,0,corps,51.22414268205815,1.4339
765,9,193,21.44,5.3,0,corps,51.14177679004134,1.0850
766,17,491,28.88,8.9,0,corps,51.059575465186555,0.8473
767,11,208,18.91,6.2,0,corps,50.97753837868837,1.1287
768,3,61,20.33,2.7,0,corps,50.895665202398334,1.0264
769,2,40,20.00,2.2,0,corps,50.81395560882365,0.8308
770,6,160,26.67,4.0,0,corps,50.73240927112581,0.7456
771,11,226,20.55,6.2,0,corps,50.65102586311936,1.1179
772,6,107,17.83,4.0,0,corps,50.569805059270564,1.4171
773,2,23,11.50,2.2,0,corps,50.48874653469612,1.1549
774,2,65,32.50,2.2,0,corps,50.40784996516178,0.7687
775,3,38,12.67,2.7,0,corps,50.327115027081184,1.2098
776,5,114,22.80,3.6,0,corps,50.246541397514456,0.8800
777,6,107,17.83,4.0,0,corps,50.16612875416699,1.1180
778,2,45,22.50,2.2,0,corps,50.085876775388094,1.0228
779,3,81,27.00,2.7,0,corps,50.00578514016974,0.9156
780,5,57,11.40,3.6,0,corps,49.92585352814529,1.2543
781,10,198,19.80,5.8,0,corps,49.8460816195882,1.4224
782,10,203,20.30,5.8,0,corps,49.766469095410706,1.1085
783,8,118,14.75,4.9,0,corps,49.68701563716261,1.2080
784,18,236,13.11,9.3,0,corps,49.60772092702999,2.0699
785,7,131,18.71,4.4,0,corps,49.52858464783388,1.1826
786,3,37,12.33,2.7,0,corps,49.44960648302907,1.0698
787,3,67,22.33,2.7,0,corps,49.3707861167028,0.9303
788,3,43,14.33,2.7,0,corps,49.292123233573484,1.4600
789,12,209,17.42,6.7,0,corps,49.21361751898948,1.1608
790,3,51,17.00,2.7,0,corps,49.135268658927856,1.3422
791,2,51,25.50,2.2,0,corps,49.05707633999303,0.8423
792,2,28,14.00,2.2,0,corps,48.97904024941566,1.1194
793,18,260,14.44,9.3,0,corps,48.90116007505125,1.2991
794,8,103,12.88,4.9,0,corps,48.82343550537901,1.6072
795,4,45,11.25,3.1,0,corps,48.74586622950054,1.8827
796,7,128,18.29,4.4,0,corps,48.66845193713867,0.9596
797,13,193,14.85,7.1,0,corps,48.591192318636104,1.7834
798,8,190,23.75,4.9,0,corps,48.51408706495426,0.9996
799,9,211,23.44,5.3,0,corps,48.43713586767203,1.9125
800,6,101,16.83,4.0,0,corps,48.36033841898452,1.0618
801,15,190,12.67,8.0,0,corps,48.28369441170184,1.5382
802,11,225,20.45,6.2,0,corps,48.20720353924784,1.4216
803,7,153,21.86,4.4,0,corps,48.130865495658945,1.5593
804,8,155,19.38,4.9,0,corps,48.05467997558288,1.1492
805,4,38,9.50,3.1,0,corps,47.97864667427745,1.9930
806,4,36,9.00,3.1,0,corps,47.90276528760936,1.9774
807,4,96,24.00,3.1,0,corps,47.82703551205295,1.1581
808,2,40,20.00,2.2,0,corps,47.751457044689026,1.3054
809,2,59,29.50,2.2,0,corps,47.67602958320363,1.0976
810,2,39,19.50,2.2,0,corps,47.60075282588679,1.7809
811,11,285,25.91,6.2,0,corps,47.52562647163139,1.2781
812,9,127,14.11,5.3,0,corps,47.4506502199319,1.6124
813,4,119,29.75,3.1,0,corps,47.375823770883244,1.3918
814,6,121,20.17,4.0,0,corps,47.301146825179494,1.4090
815,6,76,12.67,4.0,0,corps,47.22661908411278,2.2130
816,5,45,9.00,3.6,0,corps,47.15224024957203,1.5273
817,7,160,22.86,4.4,0,corps,47.07801002404183,1.0381
818,8,96,12.00,4.9,0,corps,47.00392811060116,1.5864
819,3,58,19.33,2.7,0,corps,46.92999421292227,0.9879
820,13,252,19.38,7.1,0,corps,46.85620803526946,2.2503
821,9,157,17.44,5.3,0,corps,46.782569282497946,3.2072
822,4,46,11.50,3.1,0,corps,46.7090776600526,1.8646
823,16,165,10.31,8.4,0,corps,46.63573287396684,2.0853
824,15,186,12.40,8.0,0,corps,46.56253463086143,1.3821
825,11,174,15.82,6.2,0,corps,46.48948263794328,1.3640
826,2,35,17.50,2.2,0,corps,46.416576603004344,1.2640
827,4,37,9.25,3.1,0,corps,46.34381623442037,1.2326
828,2,44,22.00,2.2,0,corps,46.271201241149804,0.9405
829,4,41,10.25,3.1,0,corps,46.19873133273256,1.3408
830,8,141,17.62,4.9,0,corps,46.12640621928891,0.9023
831,7,109,15.57,4.4,0,corps,46.0542256115183,1.6375
832,10,155,15.50,5.8,0,corps,45.98218922069821,1.2327
833,8,136,17.00,4.9,0,corps,45.910296758682975,1.4113
834,6,99,16.50,4.0,0,corps,45.83854793790266,0.9530
835,6,117,19.50,4.0,0,corps,45.766942471361894,0.7614
836,7,110,15.71,4.4,0,corps,45.69548007263868,1.1341
837,13,250,19.23,7.1,0,corps,45.62416045588337,1.3394
838,6,102,17.00,4.0,0,corps,45.55298333581737,3.3383
839,17,311,18.29,8.9,0,corps,45.48194842773212,1.0043
840,8,110,13.75,4.9,0,corps,45.41105544748789,1.3780
841,6,99,16.50,4.0,0,corps,45.340304111512665,1.6723
842,6,83,13.83,4.0,0,corps,45.26969413680102,1.4604
843,2,49,24.50,2.2,0,corps,45.19922524091293,0.7824
844,6,108,18.00,4.0,0,corps,45.12889714197274,3.2265
845,19,339,17.84,9.8,0,corps,45.058709558667964,1.5379
846,2,49,24.50,2.2,0,corps,44.988662210248165,1.3440
847,13,156,12.00,7.1,0,corps,44.91875481652385,1.6625
848,2,36,18.00,2.2,0,corps,44.84898709786537,1.0061
849,2,44,22.00,2.2,0,corps,44.779358775201736,1.0798
850,5,69,13.80,3.6,0,corps,44.70986957001959,0.9323
851,2,34,17.00,2.2,0,corps,44.640519204361986,0.5963
852,12,183,15.25,6.7,0,corps,44.5713074008274,2.5354
853,3,56,18.67,2.7,0,corps,44.50223388256851,1.6891
854,2,32,16.00,2.2,0,corps,44.43329837329115,0.9641
855,4,86,21.50,3.1,0,corps,44.3645005972532,0.8337
856,15,208,13.87,8.0,0,corps,44.29584027926345,1.4559
857,7,152,21.71,4.4,0,corps,44.22731714468055,0.9760
858,2,79,39.50,2.2,0,corps,44.158930919411866,0.7322
859,8,183,22.88,4.9,0,corps,44.09068132991241,1.0290
860,11,196,17.82,6.2,0,corps,44.022568103183715,1.1141
861,5,98,19.60,3.6,0,corps,43.9545909667728,1.0906
862,13,129,9.92,7.1,0,corps,43.88674964877103,1.7237
863,14,311,22.21,7.6,0,corps,43.81904387781304,2.1464
864,10,120,12.00,5.8,0,corps,43.75147338307565,3.9666
865,4,49,12.25,3.1,0,corps,43.684037894276784,1.2750
866,4,64,16.00,3.1,0,corps,43.61673714167441,1.0283
867,11,179,16.27,6.2,0,corps,43.549570856065436,1.1893
868,2,23,11.50,2.2,0,corps,43.48253876878461,1.1262
869,5,99,19.80,3.6,0,corps,43.41564061170351,1.1279
870,8,152,19.00,4.9,0,corps,43.34887611722941,1.1195
871,14,293,20.93,7.6,0,corps,43.28224501830423,1.0821
872,7,99,14.14,4.4,0,corps,43.21574704840352,1.3015
873,3,39,13.00,2.7,0,corps,43.14938194153528,1.0138
874,3,52,17.33,2.7,0,corps,43.08314943223901,1.5697
875,3,48,16.00,2.7,0,corps,43.017049255584574,1.2278
876,5,83,16.60,3.6,0,corps,42.95108114717119,1.2172
877,12,223,18.58,6.7,0,corps,42.88524484312632,1.0371
878,3,53,17.67,2.7,0,corps,42.81954008010468,1.0990
879,6,90,15.00,4.0,0,corps,42.75396659528712,1.0531
880,5,106,21.20,3.6,0,corps,42.688524126379605,1.0380
881,2,41,20.50,2.2,0,corps,42.62321241161218,1.0060
882,4,43,10.75,3.1,0,corps,42.558031189737896,1.7928
883,3,72,24.00,2.7,0,corps,42.492980200031795,1.1649
884,3,58,19.33,2.7,0,corps,42.428059182289815,1.0811
885,5,99,19.80,3.6,0,corps,42.36326787682779,1.3028
886,6,113,18.83,4.0,0,corps,42.298606024480435,0.8921
887,11,148,13.45,6.2,0,corps,42.234073366600235,1.3817
888,4,88,22.00,3.1,0,corps,42.16966964505649,0.7190
889,6,74,12.33,4.0,0,corps,42.10539460223421,1.6148
890,5,124,24.80,3.6,0,corps,42.041247981033145,1.3310
891,6,103,17.17,4.0,0,corps,41.97722952486673,0.8673
892,5,65,13.00,3.6,0,corps,41.913338977661056,1.0643
893,13,152,11.69,7.1,0,corps,41.849576083853826,1.3209
894,7,100,14.29,4.4,0,corps,41.78594058839341,1.2255
895,9,133,14.78,5.3,0,corps,41.72243223673773,1.9735
896,8,92,11.50,4.9,0,corps,41.65905077485329,1.3837
897,10,167,16.70,5.8,0,corps,41.595795949214164,2.6585
898,3,88,29.33,2.7,0,corps,41.532667506800955,1.2368
899,5,110,22.00,3.6,0,corps,41.469665195099836,1.2029
900,12,243,20.25,6.7,0,corps,41.40678876210144,0.8687
901,8,144,18.00,4.9,0,corps,41.34403795629997,1.6207
902,6,162,27.00,4.0,0,corps,41.281412526692115,1.0875
903,8,134,16.75,4.9,0,corps,41.21891222277608,1.2119
904,6,119,19.83,4.0,0,corps,41.15653679455057,1.1258
905,9,152,16.89,5.3,0,corps,41.09428599251377,1.3983
906,6,88,14.67,4.0,0,corps,41.0321595676624,1.4045
907,6,79,13.17,4.0,0,corps,40.97015727149067,1.7524
908,2,51,25.50,2.2,0,corps,40.90827885598933,0.9722
909,3,75,25.00,2.7,0,corps,40.84652407364463,1.4596
910,4,60,15.00,3.1,0,corps,40.78489267743735,1.4455
911,6,55,9.17,4.0,0,corps,40.72338442084181,1.7578
912,13,225,17.31,7.1,0,corps,40.661999057824936,1.5515
913,4,65,16.25,3.1,0,corps,40.60073634284517,1.2012
914,3,32,10.67,2.7,0,corps,40.53959603085156,1.7189
915,8,144,18.00,4.9,0,corps,40.47857787728282,1.2794
916,9,137,15.22,5.3,0,corps,40.41768163806621,1.2448
917,10,157,15.70,5.8,0,corps,40.356907069616724,1.6805
918,14,256,18.29,7.6,0,corps,40.29625392883598,1.4723
919,7,177,25.29,4.4,0,corps,40.235721973111346,1.0753
920,10,135,13.50,5.8,0,corps,40.175310960314924,1.5397
921,2,23,11.50,2.2,0,corps,40.11502064880258,1.7454
922,10,130,13.00,5.8,0,corps,40.054850797412975,1.4573
923,5,141,28.20,3.6,0,corps,39.99480116546664,0.7940
924,15,218,14.53,8.0,0,corps,39.93487151276496,1.2479
925,8,117,14.62,4.9,0,corps,39.875061599589245,1.4704
926,18,206,11.44,9.3,0,corps,39.81537118669976,3.3435
927,13,174,13.38,7.1,0,corps,39.755800035334765,1.9129
928,17,252,14.82,8.9,0,corps,39.696347907209606,2.5996
929,8,104,13.00,4.9,0,corps,39.63701456451566,1.5187
930,7,143,20.43,4.4,0,corps,39.57779976991949,1.1450
931,4,89,22.25,3.1,0,corps,39.51870328656183,0.8476
932,15,196,13.07,8.0,0,corps,39.459724878056676,2.9852
933,9,167,18.56,5.3,0,corps,39.40086430849033,1.2104
934,17,205,12.06,8.9,0,corps,39.3421213424204,1.5785
935,14,198,14.14,7.6,0,corps,39.28349574487496,1.3947
936,4,88,22.00,3.1,0,corps,39.22498728135157,0.9102
937,6,114,19.00,4.0,0,corps,39.16659571781624,1.1519
938,6,128,21.33,4.0,0,corps,39.1083208207027,1.1687
939,4,78,19.50,3.1,0,corps,39.05016235691123,0.8898
940,2,34,17.00,2.2,0,corps,38.992120093807934,0.9965
941,4,60,15.00,3.1,0,corps,38.93419379922367,1.5786
942,4,44,11.00,3.1,0,corps,38.87638324145317,1.1342
943,7,101,14.43,4.4,0,corps,38.81868818925416,1.8033
944,5,84,16.80,3.6,0,corps,38.761108411846315,1.2515
945,12,223,18.58,6.7,0,corps,38.70364367891046,1.5677
946,4,52,13.00,3.1,0,corps,38.646293760587604,1.8644
947,12,255,21.25,6.7,0,corps,38.58905842747799,1.1921
948,3,35,11.67,2.7,0,corps,38.531937450640186,1.9348
949,3,54,18.00,2.7,0,corps,38.47493060159024,1.2755
950,4,64,16.00,3.1,0,corps,38.41803765230066,1.4323
951,3,36,12.00,2.7,0,corps,38.36125837519958,1.1994
952,4,82,20.50,3.1,0,corps,38.304592543169825,1.6142
953,3,61,20.33,2.7,0,corps,38.248039929547986,0.7161
954,12,158,13.17,6.7,0,corps,38.191600308123505,1.3527
955,8,109,13.62,4.9,0,corps,38.13527345313786,1.3604
956,10,229,22.90,5.8,0,corps,38.079059139283544,1.1850
957,11,147,13.36,6.2,0,corps,38.02295714170323,1.4140
958,5,49,9.80,3.6,0,corps,37.96696723598883,2.2567
959,10,159,15.90,5.8,0,corps,37.91108919818068,1.2015
960,5,90,18.00,3.6,0,corps,37.85532280476653,1.2560
961,12,184,15.33,6.7,0,corps,37.79966783268074,1.4894
962,12,175,14.58,6.7,0,corps,37.74412405930334,2.3224
963,3,51,17.00,2.7,0,corps,37.68869126245917,1.8674
964,4,90,22.50,3.1,0,corps,37.63336922041698,1.4441
965,14,244,17.43,7.6,0,corps,37.57815771188851,1.3155
966,2,38,19.00,2.2,0,corps,37.523056516027665,1.4682
967,6,109,18.17,4.0,0,corps,37.468065412429574,1.3253
968,2,62,31.00,2.2,0,corps,37.41318418112976,1.0212
969,19,275,14.47,9.8,0,corps,37.35841260260321,2.5583
970,12,237,19.75,6.7,0,corps,37.30375045776355,1.6201
971,12,176,14.67,6.7,0,corps,37.24919752796214,1.7990
972,13,181,13.92,7.1,0,corps,37.19475359498716,1.6476
973,26,373,14.35,12.9,0,corps,37.14041844106283,1.7367
974,6,86,14.33,4.0,0,corps,37.08619184884845,1.6022
975,7,136,19.43,4.4,0,corps,37.032073601437574,1.3592
976,11,125,11.36,6.2,0,corps,36.97806348235716,2.0741
977,13,172,13.23,7.1,0,corps,36.92416127556663,2.3922
978,7,125,17.86,4.4,0,corps,36.870366765457106,1.7700
979,8,101,12.62,4.9,0,corps,36.816679736850475,1.8495
980,4,69,17.25,3.1,0,corps,36.763099974998546,1.2792
981,12,158,13.17,6.7,0,corps,36.7096272655822,1.5227
982,5,51,10.20,3.6,0,corps,36.65626139471053,2.5714
983,7,84,12.00,4.4,0,corps,36.603002148919984,1.7562
984,10,226,22.60,5.8,0,corps,36.549849315173496,0.8380
985,27,350,12.96,13.3,0,corps,36.49680268085967,2.4418
986,7,95,13.57,4.4,0,corps,36.44386203379191,1.2746
987,12,177,14.75,6.7,0,corps,36.391027162207536,1.9290
988,3,88,29.33,2.7,0,corps,36.338297854766985,0.7862
989,14,165,11.79,7.6,0,corps,36.285673900552986,3.6649
990,9,184,20.44,5.3,0,corps,36.23315508906963,0.9272
991,13,216,16.62,7.1,0,corps,36.18074121024162,1.2555
992,3,40,13.33,2.7,0,corps,36.12843205441334,1.0622
993,14,182,13.00,7.6,0,corps,36.076227412348125,1.2995
994,13,156,12.00,7.1,0,corps,36.02412707522733,1.5027
995,12,143,11.92,6.7,0,corps,35.972130834649526,3.8497
996,6,100,16.67,4.0,0,corps,35.920238482629706,1.0515
997,6,57,9.50,4.0,0,corps,35.86844981159837,1.6822
998,7,111,15.86,4.4,0,corps,35.81676461440077,1.0865
999,7,74,10.57,4.4,0,corps,35.765182684296036,1.9757
1000,22,296,13.45,11.1,0,corps,35.71370381495641,1.3054
1001,6,103,17.17,4.0,0,corps,35.66232780046633,1.0038
1002,10,199,19.90,5.8,0,corps,35.611054435321655,1.0224
1003,9,141,15.67,5.3,0,corps,35.55988351442888,3.5350
1004,8,161,20.12,4.9,0,corps,35.50881483310424,0.8728
1005,2,91,45.50,2.2,0,corps,35.45784818707295,0.8170
1006,8,84,10.50,4.9,0,corps,35.40698337246834,1.4473
1007,6,119,19.83,4.0,0,corps,35.3562201858311,0.7900
1008,9,151,16.78,5.3,0,corps,35.305558424108405,1.1962
1009,4,37,9.25,3.1,0,corps,35.25499788465317,1.4064
1010,8,86,10.75,4.9,0,corps,35.20453836522313,1.6731
1011,9,183,20.33,5.3,0,corps,35.15417966398016,1.0144
1012,6,153,25.50,4.0,0,corps,35.10392157948937,0.9006
1013,4,60,15.00,3.1,0,corps,35.0537639107184,1.1242
1014,2,34,17.00,2.2,0,corps,35.00370645703646,0.8402
1015,18,215,11.94,9.3,0,corps,34.95374901821369,1.2641
1016,15,242,16.13,8.0,0,corps,34.90389139442026,1.0159
1017,8,117,14.62,4.9,0,corps,34.85413338622562,1.2610
1018,12,250,20.83,6.7,0,corps,34.80447479459765,2.4899
1019,7,110,15.71,4.4,0,corps,34.75491542090195,1.2030
1020,15,191,12.73,8.0,0,corps,34.705455066900925,1.3978
1021,6,62,10.33,4.0,0,corps,34.65609353475312,7.1513
1022,7,116,16.57,4.4,0,corps,34.606830627012314,0.9691
1023,15,216,14.40,8.0,0,corps,34.557666146626836,1.7708
1024,6,88,14.67,4.0,0,corps,34.508599896938684,1.4330
1025,3,65,21.67,2.7,0,corps,34.4596316816828,1.0911
1026,26,336,12.92,12.9,0,corps,34.41076130498625,1.5477
1027,6,73,12.17,4.0,0,corps,34.36198857136748,1.3132
1028,13,210,16.15,7.1,0,corps,34.31331328573547,3.1189
1029,3,41,13.67,2.7,0,corps,34.26473525338902,1.1157
1030,16,190,11.88,8.4,0,corps,34.21625428001594,4.3008
1031,8,109,13.62,4.9,0,corps,34.16787017169227,1.7542
1032,17,291,17.12,8.9,0,corps,34.119582734881504,3.1385
1033,11,114,10.36,6.2,0,corps,34.07139177643385,1.9358
1034,11,160,14.55,6.2,0,corps,34.02329710358538,1.4024
1035,4,87,21.75,3.1,0,corps,33.97529852395736,1.0025
1036,5,98,19.60,3.6,0,corps,33.92739584555541,1.1217
1037,6,80,13.33,4.0,0,corps,33.87958887676874,1.0647
1038,8,124,15.50,4.9,0,corps,33.83187742636942,1.1456
1039,16,289,18.06,8.4,0,corps,33.78426130351158,1.3233
1040,8,133,16.62,4.9,0,corps,33.73674031773066,1.0755
1041,8,116,14.50,4.9,0,corps,33.68931427894267,1.1655
1042,5,100,20.00,3.6,0,corps,33.64198299744337,0.9766
1043,19,274,14.42,9.8,0,corps,33.5947462839076,2.5402
1044,12,162,13.50,6.7,0,corps,33.5476039493884,1.8776
1045,5,108,21.60,3.6,0,corps,33.50055580531642,0.9924
1046,4,122,30.50,3.1,0,corps,33.45360166349898,0.7521
1047,8,135,16.88,4.9,0,corps,33.406741336119474,1.4994
1048,3,50,16.67,2.7,0,corps,33.35997463573651,1.4633
1049,29,435,15.00,14.2,0,corps,33.313301375283245,1.7498
1050,12,229,19.08,6.7,0,corps,33.26672136806656,3.2666
1051,2,39,19.50,2.2,0,corps,33.220234427766385,1.5130
1052,13,186,14.31,7.1,0,corps,33.17384036843486,1.1572
1053,19,275,14.47,9.8,0,corps,33.12753900449572,2.4491
1054,20,362,18.10,10.2,0,corps,33.081330150743426,1.3216
1055,10,135,13.50,5.8,0,corps,33.03521362234252,1.3934
1056,14,284,20.29,7.6,0,corps,32.9891892348268,0.9947
1057,14,147,10.50,7.6,0,corps,32.943256804098695,4.3975
1058,9,164,18.22,5.3,0,corps,32.897416146428384,1.5942
1059,8,81,10.12,4.9,0,corps,32.8516670784532,1.3626
1060,3,43,14.33,2.7,0,corps,32.806009417176774,1.4407
1061,13,303,23.31,7.1,0,corps,32.76044297996845,0.9687
1062,19,254,13.37,9.8,0,corps,32.71496758456237,1.5144
1063,9,123,13.67,5.3,0,corps,32.66958304905694,1.2946
1064,14,162,11.57,7.6,0,corps,32.62428919191392,1.7345
1065,16,338,21.12,8.4,0,corps,32.57908583195783,1.1364
1066,3,43,14.33,2.7,0,corps,32.53397278837517,1.1209
1067,10,174,17.40,5.8,0,corps,32.488949880713726,1.4305
1068,10,127,12.70,5.8,0,corps,32.44401692888177,1.6000
1069,6,55,9.17,4.0,0,corps,32.39917375314747,2.1634
1070,2,18,9.00,2.2,0,corps,32.35442017413804,1.2278
1071,7,134,19.14,4.4,0,corps,32.309756012839124,1.0157
1072,3,39,13.00,2.7,0,corps,32.26518109059399,1.7549
1073,16,211,13.19,8.4,0,corps,32.22069522910292,1.6518
1074,8,98,12.25,4.9,0,corps,32.17629825042238,1.7293
1075,18,283,15.72,9.3,0,corps,32.13198997696443,1.2308
1076,21,344,16.38,10.7,0,corps,32.087770231495874,1.2014
1077,10,194,19.40,5.8,0,corps,32.04363883713771,2.5869
1078,8,123,15.38,4.9,0,corps,31.999595617364275,1.3562
1079,16,213,13.31,8.4,0,corps,31.95564039600265,1.4333
1080,5,66,13.20,3.6,0,corps,31.91177299723188,1.3156
1081,3,58,19.33,2.7,0,corps,31.867993245582316,0.9380
1082,9,125,13.89,5.3,0,corps,31.82430096593488,1.2857
1083,2,40,20.00,2.2,0,corps,31.78069598352043,1.6233
1084,5,79,15.80,3.6,0,corps,31.737178123918934,1.2777
1085,2,49,24.50,2.2,0,corps,31.69374721305893,1.5850
1086,14,219,15.64,7.6,0,corps,31.650403077216694,1.3447
1087,4,40,10.00,3.1,0,corps,31.607145543015648,1.6270
1088,9,139,15.44,5.3,0,corps,31.563974437425568,1.2822
1089,15,219,14.60,8.0,0,corps,31.520889587762003,1.7290
1090,12,128,10.67,6.7,0,corps,31.477890821685474,5.7336
1091,6,120,20.00,4.0,0,corps,31.434977967200872,1.3164
1092,7,123,17.57,4.4,0,corps,31.392150852656712,1.4148
1093,10,87,8.70,5.8,0,corps,31.3494093067445,1.8368
1094,25,313,12.52,12.4,0,corps,31.30675315849797,1.8916
1095,8,85,10.62,4.9,0,corps,31.264182237292488,6.0603
1096,11,187,17.00,6.2,0,corps,31.2216963728443,1.3388
1097,2,37,18.50,2.2,0,corps,31.179295395209905,1.2620
1098,8,146,18.25,4.9,0,corps,31.136979134785324,1.3975
1099,4,44,11.00,3.1,0,corps,31.09474742230548,1.3301
1100,13,179,13.77,7.1,0,corps,31.052600088843434,1.8785
1101,10,185,18.50,5.8,0,corps,31.01053696580982,1.0520
1102,15,249,16.60,8.0,0,corps,30.968557884952087,1.3633
1103,7,67,9.57,4.4,0,corps,30.92666267835385,1.4715
1104,11,167,15.18,6.2,0,corps,30.884851178434225,1.3307
1105,10,135,13.50,5.8,0,corps,30.843123217947166,4.0808
1106,25,317,12.68,12.4,0,corps,30.80147862998076,2.9665
1107,8,131,16.38,4.9,0,corps,30.759917247956626,1.3876
1108,2,71,35.50,2.2,0,corps,30.718438905629146,1.2926
1109,3,49,16.33,2.7,0,corps,30.677043437084926,1.2116
1110,8,102,12.75,4.9,0,corps,30.635730676742014,3.9579
1111,4,78,19.50,3.1,0,corps,30.594500459349327,1.1990
1112,5,77,15.40,3.6,0,corps,30.553352619985937,1.8827
1113,14,281,20.07,7.6,0,corps,30.51228699406043,2.5886
1114,10,129,12.90,5.8,0,corps,30.471303417310253,1.3401
1115,8,99,12.38,4.9,0,corps,30.430401725801037,1.4005
1116,3,53,17.67,2.7,0,corps,30.389581755925967,1.1427
1117,4,34,8.50,3.1,0,corps,30.348843344405108,1.6134
1118,2,31,15.50,2.2,0,corps,30.30818632828475,0.9166
1119,5,106,21.20,3.6,0,corps,30.267610544936797,0.9784
1120,9,111,12.33,5.3,0,corps,30.227115832058033,1.2863
1121,16,210,13.12,8.4,0,corps,30.186702027669575,1.5543
1122,14,216,15.43,7.6,0,corps,30.14636897011614,4.2030
1123,23,309,13.43,11.6,0,corps,30.10611649806545,1.3981
1124,12,189,15.75,6.7,0,corps,30.065944450507555,1.3795
1125,8,97,12.12,4.9,0,corps,30.025852666754226,5.6704
1126,10,152,15.20,5.8,0,corps,29.985840986438262,4.4909
1127,17,358,21.06,8.9,0,corps,29.94590924951288,1.1010
1128,9,182,20.22,5.3,0,corps,29.90605729625111,1.3361
1129,9,183,20.33,5.3,0,corps,29.86628496724505,1.2624
1130,18,320,17.78,9.3,0,corps,29.826592103405357,1.5246
1131,14,191,13.64,7.6,0,corps,29.78697854596051,1.7323
1132,8,107,13.38,4.9,0,corps,29.747444136456224,1.1472
1133,18,313,17.39,9.3,0,corps,29.70798871675482,1.2303
1134,14,253,18.07,7.6,0,corps,29.66861212903456,1.1231
1135,16,222,13.88,8.4,0,corps,29.629314215789037,4.2401
1136,17,270,15.88,8.9,0,corps,29.590094819826557,1.1870
1137,23,377,16.39,11.6,0,corps,29.550953784269467,2.5065
1138,14,251,17.93,7.6,0,corps,29.511890952553593,1.3286
1139,10,174,17.40,5.8,0,corps,29.47290616842754,1.2491
1140,15,179,11.93,8.0,0,corps,29.43399927595212,2.0265
1141,3,77,25.67,2.7,0,corps,29.395170119499713,1.3341
1142,18,232,12.89,9.3,0,corps,29.35641854375366,1.8270
1143,7,70,10.00,4.4,0,corps,29.317744393707578,2.5453
1144,8,94,11.75,4.9,0,corps,29.27914751466483,1.7722
1145,13,151,11.62,7.1,0,corps,29.240627752237845,1.7208
1146,11,112,10.18,6.2,0,corps,29.202184952347533,2.0830
1147,5,89,17.80,3.6,0,corps,29.16381896122262,1.3374
1148,16,194,12.12,8.4,0,corps,29.125529625399118,3.4185
1149,9,144,16.00,5.3,0,corps,29.087316791719598,1.4019
1150,11,141,12.82,6.2,0,corps,29.049180307332712,1.9345
1151,6,70,11.67,4.0,0,corps,29.01112001969245,2.0993
1152,13,250,19.23,7.1,0,corps,28.973135776557612,1.3574
1153,3,28,9.33,2.7,0,corps,28.935227425991172,2.9967
1154,15,203,13.53,8.0,0,corps,28.8973948163597,1.3513
1155,10,241,24.10,5.8,0,corps,28.85963779633267,1.1727
1156,15,230,15.33,8.0,0,corps,28.82195621488199,2.0753
1157,20,229,11.45,10.2,0,corps,28.784349921281255,1.9123
1158,8,127,15.88,4.9,0,corps,28.746818765105253,1.7836
1159,20,276,13.80,10.2,0,corps,28.709362596229305,2.6655
1160,9,144,16.00,5.3,0,corps,28.671981264828695,1.6498
1161,10,150,15.00,5.8,0,corps,28.634674621378032,1.1587
1162,15,206,13.73,8.0,0,corps,28.597442516650705,1.6152
1163,7,121,17.29,4.4,0,corps,28.56028480171824,1.1207
1164,10,96,9.60,5.8,0,corps,28.52320132794973,2.0871
1165,8,104,13.00,4.9,0,corps,28.486191947011225,1.0809
1166,17,229,13.47,8.9,0,corps,28.449256510865162,3.1465
1167,16,330,20.62,8.4,0,corps,28.41239487176974,2.3744
1168,15,195,13.00,8.0,0,corps,28.37560688227836,1.8403
1169,13,221,17.00,7.1,0,corps,28.338892395238997,1.1744
1170,19,338,17.79,9.8,0,corps,28.302251263793675,2.3148
1171,2,31,15.50,2.2,0,corps,28.265683341377805,1.8141
1172,10,145,14.50,5.8,0,corps,28.229188481719667,1.4414
1173,9,135,15.00,5.3,0,corps,28.192766538839752,1.0816
1174,27,389,14.41,13.3,0,corps,28.156417367050256,1.3541
1175,7,63,9.00,4.4,0,corps,28.120140820954425,2.0113
1176,13,232,17.85,7.1,0,corps,28.083936755446047,1.2364
1177,7,113,16.14,4.4,0,corps,28.0478050257088,1.2528
1178,2,56,28.00,2.2,0,corps,28.011745487215723,0.6630
1179,9,205,22.78,5.3,0,corps,27.975757995728607,0.8745
1180,14,260,18.57,7.6,0,corps,27.939842407297444,2.5599
1181,8,124,15.50,4.9,0,corps,27.903998578259824,3.7399
1182,7,105,15.00,4.4,0,corps,27.8682263652404,1.2417
1183,6,103,17.17,4.0,0,corps,27.83252562515025,3.6330
1184,21,317,15.10,10.7,0,corps,27.79689621518639,2.0265
1185,23,234,10.17,11.6,0,corps,27.76133799283111,1.6840
1186,21,288,13.71,10.7,0,corps,27.725850815851487,1.4465
1187,5,83,16.60,3.6,0,corps,27.69043454229876,1.1541
1188,4,63,15.75,3.1,0,corps,27.65508903050779,1.3466
1189,11,206,18.73,6.2,0,corps,27.619814139096476,1.1792
1190,15,291,19.40,8.0,0,corps,27.584609726965226,1.0899
1191,11,227,20.64,6.2,0,corps,27.54947565329632,0.9552
1192,9,107,11.89,5.3,0,corps,27.514411777553427,4.8806
1193,7,112,16.00,4.4,0,corps,27.479417959480994,4.9416
1194,20,319,15.95,10.2,0,corps,27.444494059103715,1.4635
1195,2,25,12.50,2.2,0,corps,27.409639936725917,1.4244
1196,9,128,14.22,5.3,0,corps,27.37485545293109,3.5804
1197,8,142,17.75,4.9,0,corps,27.340140468581243,1.1750
1198,14,144,10.29,7.6,0,corps,27.305494844816387,1.4287
1199,6,91,15.17,4.0,0,corps,27.270918443053976,1.1762
1200,21,318,15.14,10.7,0,corps,27.23641112498838,1.5927
1201,4,94,23.50,3.1,0,corps,27.201972752590255,0.9801
1202,17,224,13.18,8.9,0,corps,27.16760318810608,3.1084
1203,17,243,14.29,8.9,0,corps,27.133302294057543,1.4032
1204,9,101,11.22,5.3,0,corps,27.099069933241033,5.0445
1205,20,284,14.20,10.2,0,corps,27.06490596872705,1.8802
1206,8,86,10.75,4.9,0,corps,27.0308102638597,1.7591
1207,15,274,18.27,8.0,0,corps,26.996782682256104,1.2170
1208,13,163,12.54,7.1,0,corps,26.96282308780591,3.3965
1209,24,352,14.67,12.0,0,corps,26.92893134467068,2.5158
1210,15,233,15.53,8.0,0,corps,26.895107317283408,1.4495
1211,10,118,11.80,5.8,0,corps,26.861350870347916,6.2404
1212,6,78,13.00,4.0,0,corps,26.827661868838405,1.9002
1213,6,65,10.83,4.0,0,corps,26.79404017799879,1.3733
1214,7,121,17.29,4.4,0,corps,26.760485663342294,1.1802
1215,14,228,16.29,7.6,0,corps,26.726998190650786,1.0790
1216,23,267,11.61,11.6,0,corps,26.693577625974353,2.4292
1217,10,102,10.20,5.8,0,corps,26.66022383563067,5.5824
1218,10,164,16.40,5.8,0,corps,26.62693668620455,1.5526
1219,10,138,13.80,5.8,0,corps,26.593716044547342,1.3462
1220,7,63,9.00,4.4,0,corps,26.56056177777645,1.6055
1221,18,266,14.78,9.3,0,corps,26.527473753274734,3.0026
1222,22,318,14.45,11.1,0,corps,26.494451838690075,1.7566
1223,17,410,24.12,8.9,0,corps,26.46149590193476,1.7148
1224,4,65,16.25,3.1,0,corps,26.428605811185,1.5596
1225,18,229,12.72,9.3,0,corps,26.395781434880394,3.5688
1226,23,344,14.96,11.6,0,corps,26.36302264172339,1.5646
1227,5,82,16.40,3.6,0,corps,26.330329300678766,0.9382
1228,14,205,14.64,7.6,0,corps,26.297701280973122,1.3492
1229,13,204,15.69,7.1,0,corps,26.265138452094327,1.5474
1230,10,147,14.70,5.8,0,corps,26.232640683791033,4.2500
1231,12,184,15.33,6.7,0,corps,26.20020784607211,2.3721
1232,22,436,19.82,11.1,0,corps,26.167839809206185,1.3669
1233,6,90,15.00,4.0,0,corps,26.13553644372104,1.1742
1234,4,32,8.00,3.1,0,corps,26.103297620403193,2.4011
1235,36,556,15.44,17.3,0,corps,26.07112321029729,2.9075
1236,38,502,13.21,18.2,0,corps,26.039013084705665,2.9300
1237,22,299,13.59,11.1,0,corps,26.006967115187763,1.7728
1238,17,174,10.24,8.9,0,corps,25.974985173559663,2.0354
1239,7,82,11.71,4.4,0,corps,25.94306713189355,1.1070
1240,4,67,16.75,3.1,0,corps,25.91121286251723,0.8938
1241,5,72,14.40,3.6,0,corps,25.87942223801357,1.7852
1242,11,177,16.09,6.2,0,corps,25.847695131220043,1.1021
1243,11,147,13.36,6.2,0,corps,25.816031415228156,1.3167
1244,16,268,16.75,8.4,0,corps,25.784430963383038,1.1492
1245,11,166,15.09,6.2,0,corps,25.752893649282804,1.3582
1246,9,78,8.67,5.3,0,corps,25.721419346778184,8.8050
1247,19,271,14.26,9.8,0,corps,25.6900079299719,1.4167
1248,11,125,11.36,6.2,0,corps,25.658659273218266,4.7365
1249,14,217,15.50,7.6,0,corps,25.6273732511226,1.3303
1250,5,56,11.20,3.6,0,corps,25.596149738540774,1.3550
1251,7,109,15.57,4.4,0,corps,25.5649886105787,1.6179
1252,8,117,14.62,4.9,0,corps,25.53388974259181,1.2423
1253,15,312,20.80,8.0,0,corps,25.502853010184612,1.0798
1254,7,79,11.29,4.4,0,corps,25.471878289210125,1.6224
1255,14,179,12.79,7.6,0,corps,25.440965455769426,1.2263
1256,20,238,11.90,10.2,0,corps,25.41011438621113,1.4160
1257,17,243,14.29,8.9,0,corps,25.379324957130933,2.5368
1258,9,123,13.67,5.3,0,corps,25.34859704537106,1.6811
1259,15,222,14.80,8.0,0,corps,25.31793052801985,2.7902
1260,15,203,13.53,8.0,0,corps,25.287325282411167,1.5886
1261,15,205,13.67,8.0,0,corps,25.256781186123995,2.9327
1262,10,202,20.20,5.8,0,corps,25.22629811698191,1.1020
1263,14,206,14.71,7.6,0,corps,25.195875953052592,3.4452
1264,14,255,18.21,7.6,0,corps,25.165514572647353,2.2013
1265,3,57,19.00,2.7,0,corps,25.135213854320625,1.5013
1266,19,311,16.37,9.8,0,corps,25.10497367686949,1.5713
1267,20,289,14.45,10.2,0,corps,25.074793919333217,1.5691
1268,22,213,9.68,11.1,0,corps,25.0446744609927,1.7886
1269,23,264,11.48,11.6,0,corps,25.014615181370104,1.8354
1270,8,154,19.25,4.9,0,corps,24.98461596022824,1.1226
1271,17,198,11.65,8.9,0,corps,24.954676677570202,2.0243
1272,10,113,11.30,5.8,0,corps,24.924797213638815,1.8109
1273,11,159,14.45,6.2,0,corps,24.89497744891618,1.7884
1274,13,186,14.31,7.1,0,corps,24.8652172641232,1.2229
1275,13,151,11.62,7.1,0,corps,24.835516540219103,1.6170
1276,12,143,11.92,6.7,0,corps,24.80587515840094,1.5678
1277,11,155,14.09,6.2,0,corps,24.776293000103156,1.4972
1278,23,369,16.04,11.6,0,corps,24.74676994699707,1.3659
1279,19,361,19.00,9.8,0,corps,24.71730588099044,2.1733
1280,10,209,20.90,5.8,0,corps,24.687900684226953,0.9772
1281,5,91,18.20,3.6,0,corps,24.658554239085788,1.1098
1282,27,469,17.37,13.3,0,corps,24.629266428181122,1.6568
1283,21,285,13.57,10.7,0,corps,24.60003713436168,2.1516
1284,20,229,11.45,10.2,0,corps,24.570866240710235,2.0481
1285,8,71,8.88,4.9,0,corps,24.541753630543187,2.6569
1286,9,145,16.11,5.3,0,corps,24.512699187410046,3.7285
1287,14,272,19.43,7.6,0,corps,24.483702795093006,2.5640
1288,5,76,15.20,3.6,0,corps,24.45476433760646,1.0579
1289,23,337,14.65,11.6,0,corps,24.42588369919654,1.7509
1290,9,112,12.44,5.3,0,corps,24.39706076434064,4.1087
1291,23,350,15.22,11.6,0,corps,24.368295417747003,3.0766
1292,19,280,14.74,9.8,0,corps,24.339587544354192,1.9417
1293,9,113,12.56,5.3,0,corps,24.310937029330677,1.6284
1294,9,84,9.33,5.3,0,corps,24.28234375807436,2.2591
1295,10,106,10.60,5.8,0,corps,24.253807616212125,1.8996
1296,12,111,9.25,6.7,0,corps,24.225328489599352,5.2109
1297,2,9,4.50,2.2,0,corps,24.196906264319512,4.4603
1298,6,111,18.50,4.0,0,corps,24.16854082668365,1.5500
1299,17,201,11.82,8.9,0,corps,24.14023206322999,1.5094
1300,20,353,17.65,10.2,0,corps,24.111979860723437,2.9466
1301,25,297,11.88,12.4,0,corps,24.083784106155143,1.6966
1302,9,148,16.44,5.3,0,corps,24.05564468674205,1.2526
1303,5,68,13.60,3.6,0,corps,24.02756148992645,1.8194
1304,6,102,17.00,4.0,0,corps,23.99953440337551,1.1990
1305,10,116,11.60,5.8,0,corps,23.97156331498085,1.3098
1306,21,204,9.71,10.7,0,corps,23.943648112858074,1.7398
1307,5,63,12.60,3.6,0,corps,23.915788685346346,1.8542
1308,5,55,11.00,3.6,0,corps,23.887984921007913,1.5715
1309,3,19,6.33,2.7,0,corps,23.86023670862768,1.9507
1310,15,162,10.80,8.0,0,corps,23.832543937212762,4.9340
1311,18,214,11.89,9.3,0,corps,23.80490649599204,1.6389
1312,14,168,12.00,7.6,0,corps,23.7773242744157,1.6502
1313,15,206,13.73,8.0,0,corps,23.749797162154838,1.1679
1314,27,444,16.44,13.3,0,corps,23.72232504910095,2.4509
1315,11,186,16.91,6.2,0,corps,23.694907825365558,1.2057
1316,13,146,11.23,7.1,0,corps,23.667545381279727,4.6729
1317,12,234,19.50,6.7,0,corps,23.640237607393647,1.1105
1318,10,93,9.30,5.8,0,corps,23.61298439447618,1.5434
1319,25,268,10.72,12.4,0,corps,23.58578563351444,1.9911
1320,3,44,14.67,2.7,0,corps,23.55864121571335,1.2204
1321,6,82,13.67,4.0,0,corps,23.531551032495205,1.8894
1322,23,318,13.83,11.6,0,corps,23.504514975499223,3.0155
1323,2,32,16.00,2.2,0,corps,23.47753293658116,1.9286
1324,9,140,15.56,5.3,0,corps,23.450604807812805,1.5517
1325,13,160,12.31,7.1,0,corps,23.423730481481623,1.8422
1326,3,42,14.00,2.7,0,corps,23.396909850090257,2.1374
1327,20,358,17.90,10.2,0,corps,23.37014280635616,2.1491
1328,15,291,19.40,8.0,0,corps,23.343429243211112,1.6341
1329,10,148,14.80,5.8,0,corps,23.316769053800833,1.6119
1330,8,79,9.88,4.9,0,corps,23.290162131484518,2.0876
1331,8,118,14.75,4.9,0,corps,23.263608369834454,1.6028
1332,14,210,15.00,7.6,0,corps,23.23710766263555,3.2180
1333,19,323,17.00,9.8,0,corps,23.21065990388495,2.1679
1334,6,132,22.00,4.0,0,corps,23.184264987791575,1.2971
1335,26,332,12.77,12.9,0,corps,23.157922808775737,2.1940
1336,18,292,16.22,9.3,0,corps,23.13163326146867,1.6641
1337,15,219,14.60,8.0,0,corps,23.105396240712167,1.8318
1338,12,217,18.08,6.7,0,corps,23.079211641558093,4.2639
1339,17,216,12.71,8.9,0,corps,23.05307935926803,2.2888
1340,6,117,19.50,4.0,0,corps,23.0269992893128,1.7946
1341,9,175,19.44,5.3,0,corps,23.000971327372106,1.1280
1342,9,101,11.22,5.3,0,corps,22.97499536933405,1.6651
1343,20,321,16.05,10.2,0,corps,22.949071311294777,1.6235
1344,19,323,17.00,9.8,0,corps,22.923199049558008,1.6646
1345,14,250,17.86,7.6,0,corps,22.897378480634675,1.4517
1346,5,49,9.80,3.6,0,corps,22.871609501242453,2.0619
1347,22,348,15.82,11.1,0,corps,22.845892008305405,1.5473
1348,3,30,10.00,2.7,0,corps,22.82022589895351,2.2501
1349,8,127,15.88,4.9,0,corps,22.794611070522315,1.3409
1350,10,178,17.80,5.8,0,corps,22.769047420552454,1.2830
1351,12,205,17.08,6.7,0,corps,22.743534846789306,3.8817
1352,7,156,22.29,4.4,0,corps,22.71807324718253,1.6488
1353,17,146,8.59,8.9,0,corps,22.692662519885705,5.1383
1354,6,67,11.17,4.0,0,corps,22.66730256325588,6.8591
1355,4,79,19.75,3.1,0,corps,22.641993275853203,0.9693
1356,16,295,18.44,8.4,0,corps,22.61673455644048,1.3141
1357,3,27,9.00,2.7,0,corps,22.591526303982807,2.7081
1358,19,222,11.68,9.8,0,corps,22.566368417647137,1.7977
1359,9,127,14.11,5.3,0,corps,22.541260796801897,1.6009
1360,2,33,16.50,2.2,0,corps,22.51620334101656,1.4558
1361,11,119,10.82,6.2,0,corps,22.491195950061282,5.7112
1362,10,125,12.50,5.8,0,corps,22.46623852390645,1.7147
1363,5,106,21.20,3.6,0,corps,22.441330962722343,1.0865
1364,3,60,20.00,2.7,0,corps,22.416473166878674,1.0488
1365,6,83,13.83,4.0,0,corps,22.391665036944232,1.4128
1366,12,174,14.50,6.7,0,corps,22.36690647368645,3.4060
1367,10,144,14.40,5.8,0,corps,22.34219737807106,1.7753
1368,24,340,14.17,12.0,0,corps,22.31753765126163,1.5211
1369,19,208,10.95,9.8,0,corps,22.29292719461924,2.1211
1370,20,269,13.45,10.2,0,corps,22.26836590970201,1.6609
1371,14,207,14.79,7.6,0,corps,22.243853698264786,1.5158
1372,6,84,14.00,4.0,0,corps,22.219390462258666,1.4476
1373,7,78,11.14,4.4,0,corps,22.194976103830697,1.8619
1374,4,54,13.50,3.1,0,corps,22.170610525323404,1.2375
1375,7,132,18.86,4.4,0,corps,22.14629362927444,0.9686
1376,4,60,15.00,3.1,0,corps,22.122025318416185,1.0863
1377,11,179,16.27,6.2,0,corps,22.097805495675367,1.5754
1378,14,241,17.21,7.6,0,corps,22.073634064172666,1.4012
1379,11,133,12.09,6.2,0,corps,22.04951092722231,1.4986
1380,22,260,11.82,11.1,0,corps,22.025435988331736,3.1353
1381,20,285,14.25,10.2,0,corps,22.001409151201152,2.6932
1382,6,138,23.00,4.0,0,corps,21.977430319723172,1.1620
1383,18,219,12.17,9.3,0,corps,21.953499397982434,1.4827
1384,8,131,16.38,4.9,0,corps,21.92961629025524,0.8536
1385,2,37,18.50,2.2,0,corps,21.9057809010091,1.0727
1386,8,82,10.25,4.9,0,corps,21.881993134902444,5.1745
1387,10,200,20.00,5.8,0,corps,21.85825289678417,0.8510
1388,14,177,12.64,7.6,0,corps,21.834560091693294,3.3280
1389,18,233,12.94,9.3,0,corps,21.81091462485856,2.4635
1390,13,212,16.31,7.1,0,corps,21.78731640169808,1.0928
1391,16,233,14.56,8.4,0,corps,21.763765327818916,1.2117
1392,21,263,12.52,10.7,0,corps,21.74026130901676,1.5358
1393,12,151,12.58,6.7,0,corps,21.71680425127548,3.9203
1394,14,135,9.64,7.6,0,corps,21.693394060766842,1.6642
1395,21,202,9.62,10.7,0,corps,21.670030643850026,1.3042
1396,9,78,8.67,5.3,0,corps,21.64671390707135,1.6080
1397,7,86,12.29,4.4,0,corps,21.62344375716383,0.9939
1398,19,273,14.37,9.8,0,corps,21.60022010104684,2.0634
1399,24,309,12.88,12.0,0,corps,21.577042845825716,1.3330
1400,10,126,12.60,5.8,0,corps,21.553911898791416,2.6677
1401,8,120,15.00,4.9,0,corps,21.530827167420114,1.4084
1402,18,256,14.22,9.3,0,corps,21.507788559372855,2.2342
1403,4,32,8.00,3.1,0,corps,21.48479598249518,1.9317
1404,23,315,13.70,11.6,0,corps,21.46184934481675,2.0285
1405,12,145,12.08,6.7,0,corps,21.438948554550976,1.7196
1406,18,270,15.00,9.3,0,corps,21.416093520094677,1.2586
1407,11,166,15.09,6.2,0,corps,21.393284150027668,1.0605
1408,5,61,12.20,3.6,0,corps,21.370520353112465,1.2379
1409,16,297,18.56,8.4,0,corps,21.34780203829383,1.1178
1410,15,208,13.87,8.0,0,corps,21.32512911469848,1.2761
1411,26,355,13.65,12.9,0,corps,21.302501491634686,3.0971
1412,13,157,12.08,7.1,0,corps,21.27991907859193,1.8584
1413,16,321,20.06,8.4,0,corps,21.257381785240526,1.0157
1414,8,98,12.25,4.9,0,corps,21.234889521431278,1.4173
1415,11,208,18.91,6.2,0,corps,21.21244219719509,1.3059
1416,18,257,14.28,9.3,0,corps,21.190039722742647,3.1652
1417,20,318,15.90,10.2,0,corps,21.167682008464006,2.0033
1418,7,95,13.57,4.4,0,corps,21.1453689649283,1.2375
1419,37,579,15.65,17.8,0,corps,21.1231005028833,2.3217
1420,18,299,16.61,9.3,0,corps,21.100876533255157,1.4296
1421,5,108,21.60,3.6,0,corps,21.07869696714794,1.3020
1422,6,59,9.83,4.0,0,corps,21.05656171584337,1.7772
1423,29,397,13.69,14.2,0,corps,21.034470690800394,1.9781
1424,8,134,16.75,4.9,0,corps,21.012423803654904,1.4603
1425,16,314,19.62,8.4,0,corps,20.990420966219308,1.3486
1426,15,194,12.93,8.0,0,corps,20.96846209048223,3.6321
1427,21,343,16.33,10.7,0,corps,20.94654708860814,2.4284
1428,13,231,17.77,7.1,0,corps,20.924675872937,3.2346
1429,7,135,19.29,4.4,0,corps,20.902848355983917,1.1723
1430,16,233,14.56,8.4,0,corps,20.881064450438796,1.5384
1431,12,227,18.92,6.7,0,corps,20.859324069165986,1.2139
1432,7,95,13.57,4.4,0,corps,20.83762712520393,2.0474
1433,16,155,9.69,8.4,0,corps,20.815973531764826,2.1233
1434,7,80,11.43,4.4,0,corps,20.79436320223427,2.5023
1435,8,89,11.12,4.9,0,corps,20.77279605017091,1.9419
1436,5,46,9.20,3.6,0,corps,20.751271989306126,2.4186
1437,14,166,11.86,7.6,0,corps,20.729790933543622,1.6803
1438,13,200,15.38,7.1,0,corps,20.70835279695917,3.5923
1439,21,333,15.86,10.7,0,corps,20.686957493800172,1.6828
1440,20,334,16.70,10.2,0,corps,20.66560493848541,1.5375
1441,23,300,13.04,11.6,0,corps,20.644295045604615,1.5054
1442,4,68,17.00,3.1,0,corps,20.6230277299182,1.1071
1443,10,181,18.10,5.8,0,corps,20.601802906356863,3.6999
1444,15,223,14.87,8.0,0,corps,20.58062049002129,1.3002
1445,8,104,13.00,4.9,0,corps,20.55948039618178,1.2429
1446,11,107,9.73,6.2,0,corps,20.538382540277944,1.5693
1447,22,320,14.55,11.1,0,corps,20.517326837918308,1.2491
1448,22,417,18.95,11.1,0,corps,20.496313204880057,1.3489
1449,24,332,13.83,12.0,0,corps,20.475341557108617,1.2728
1450,8,127,15.88,4.9,0,corps,20.454411810717374,1.0842
1451,4,55,13.75,3.1,0,corps,20.43352388198731,0.9435
1452,5,78,15.60,3.6,0,corps,20.41267768736669,1.1387
1453,9,124,13.78,5.3,0,corps,20.391873143470697,1.2512
1454,22,263,11.95,11.1,0,corps,20.371110167081138,1.4673
1455,17,200,11.76,8.9,0,corps,20.350388675146075,1.4600
1456,20,367,18.35,10.2,0,corps,20.329708584779514,1.8169
1457,10,122,12.20,5.8,0,corps,20.30906981326106,1.6478
1458,9,139,15.44,5.3,0,corps,20.28847227803561,1.2118
1459,21,242,11.52,10.7,0,corps,20.267915896712985,3.8598
1460,31,467,15.06,15.1,0,corps,20.247400587067645,1.6325
1461,22,354,16.09,11.1,0,corps,20.22692626703831,1.4347
1462,12,150,12.50,6.7,0,corps,20.20649285472768,1.3153
1463,20,237,11.85,10.2,0,corps,20.18610026840208,1.3288
1464,16,203,12.69,8.4,0,corps,20.165748426491135,1.3747
1465,32,436,13.62,15.6,0,corps,20.145437247587445,1.2886
1466,14,219,15.64,7.6,0,corps,20.125166650446282,3.3694
1467,7,128,18.29,4.4,0,corps,20.10493655398521,4.8594
1468,19,271,14.26,9.8,0,corps,20.084746877283834,2.7411
1469,28,450,16.07,13.8,0,corps,20.064597539583414,2.0788
1470,8,113,14.12,4.9,0,corps,20.04448846028657,3.8681
1471,7,70,10.00,4.4,0,corps,20.024419558956957,1.5349
1472,7,118,16.86,4.4,0,corps,20.00439075531895,1.0875
1473,18,319,17.72,9.3,0,corps,19.984401969257302,1.2638
1474,8,149,18.62,4.9,0,corps,19.964453120816845,0.8975
1475,3,50,16.67,2.7,0,corps,19.944544130202154,0.8676
1476,12,142,11.83,6.7,0,corps,19.924674917777246,1.3662
1477,4,56,14.00,3.1,0,corps,19.90484540406524,1.5014
1478,12,159,13.25,6.7,0,corps,19.88505550974806,3.4534
1479,18,269,14.94,9.3,0,corps,19.865305155666093,1.0650
1480,5,75,15.00,3.6,0,corps,19.845594262817908,0.9080
1481,5,74,14.80,3.6,0,corps,19.825922752359897,1.1835
1482,16,178,11.12,8.4,0,corps,19.806290545606004,3.6921
1483,8,121,15.12,4.9,0,corps,19.78669756402736,1.7002
1484,26,398,15.31,12.9,0,corps,19.76714372925203,1.3368
1485,16,188,11.75,8.4,0,corps,19.74762896306463,1.7527
1486,35,426,12.17,16.9,0,corps,19.72815318740609,1.7279
1487,26,367,14.12,12.9,0,corps,19.70871632437326,1.9367
1488,25,402,16.08,12.4,0,corps,19.689318296218676,1.4736
1489,29,393,13.55,14.2,0,corps,19.6699590253502,2.1231
1490,9,110,12.22,5.3,0,corps,19.650638434330713,1.5573
1491,13,153,11.77,7.1,0,corps,19.631356445877834,4.8858
1492,12,235,19.58,6.7,0,corps,19.612112982863582,2.4981
1493,10,130,13.00,5.8,0,corps,19.592907968314073,2.7633
1494,20,303,15.15,10.2,0,corps,19.573741325409234,1.2920
1495,23,409,17.78,11.6,0,corps,19.554612977482456,2.2221
1496,7,110,15.71,4.4,0,corps,19.53552284802033,1.3952
1497,16,188,11.75,8.4,0,corps,19.516470860662306,2.2682
1498,19,225,11.84,9.8,0,corps,19.49745693920042,3.5231
1499,24,378,15.75,12.0,0,corps,19.47848100757895,1.5930
1500,21,268,12.76,10.7,0,corps,19.45954298989415,2.5802
1501,12,149,12.42,6.7,0,corps,19.44064281039392,1.1859
1502,16,219,13.69,8.4,0,corps,19.421780393477523,2.7486
1503,6,58,9.67,4.0,0,corps,19.40295566369526,2.0987
1504,10,94,9.40,5.8,0,corps,19.38416854574819,1.5233
1505,26,361,13.88,12.9,0,corps,19.365418964487812,2.8454
1506,9,99,11.00,5.3,0,corps,19.34670684491578,2.0247
1507,24,359,14.96,12.0,0,corps,19.328032112183593,2.6780
1508,15,182,12.13,8.0,0,corps,19.30939469159229,1.7961
1509,17,179,10.53,8.9,0,corps,19.290794508592167,1.7856
1510,2,40,20.00,2.2,0,corps,19.272231488782463,0.7099
1511,14,170,12.14,7.6,0,corps,19.25370555791108,4.0613
1512,23,361,15.70,11.6,0,corps,19.235216641874263,1.7853
1513,10,143,14.30,5.8,0,corps,19.216764666716337,3.1243
1514,15,222,14.80,8.0,0,corps,19.198349558629356,1.5555
1515,11,252,22.91,6.2,0,corps,19.17997124395288,1.0041
1516,9,105,11.67,5.3,0,corps,19.161629649173616,2.2629
1517,18,216,12.00,9.3,0,corps,19.14332470092517,1.3554
1518,10,127,12.70,5.8,0,corps,19.12505632598771,1.6123
1519,12,162,13.50,6.7,0,corps,19.10682445128773,1.1141
1520,15,156,10.40,8.0,0,corps,19.08862900389769,2.2809
1521,13,169,13.00,7.1,0,corps,19.07046991103579,1.5250
1522,18,236,13.11,9.3,0,corps,19.05234710006562,1.3935
1523,10,167,16.70,5.8,0,corps,19.034260498495932,1.3067
1524,3,22,7.33,2.7,0,corps,19.016210033980276,3.0264
1525,12,143,11.92,6.7,0,corps,18.99819563431678,4.1907
1526,13,208,16.00,7.1,0,corps,18.98021722744781,1.2302
1527,15,194,12.93,8.0,0,corps,18.962274741459733,2.1528
1528,27,316,11.70,13.3,0,corps,18.94436810458257,1.6108
1529,8,104,13.00,4.9,0,corps,18.92649724518975,1.3967
1530,14,148,10.57,7.6,0,corps,18.90866209179781,1.5970
1531,17,219,12.88,8.9,0,corps,18.890862573066126,1.2329
1532,4,78,19.50,3.1,0,corps,18.873098617796575,1.1201
1533,25,280,11.20,12.4,0,corps,18.855370154933336,1.9873
1534,18,149,8.28,9.3,0,corps,18.837677113562517,2.4201
1535,10,126,12.60,5.8,0,corps,18.820019422911944,1.5529
1536,26,314,12.08,12.9,0,corps,18.802397012350813,3.3857
1537,13,169,13.00,7.1,0,corps,18.784809811389476,1.3125
1538,18,214,11.89,9.3,0,corps,18.76725774967909,1.5912
1539,16,196,12.25,8.4,0,corps,18.749740757011402,3.6880
1540,21,245,11.67,10.7,0,corps,18.7322587633184,2.0433
1541,15,203,13.53,8.0,0,corps,18.714811698672097,1.4183
1542,33,445,13.48,16.0,0,corps,18.69739949328421,1.7982
1543,21,312,14.86,10.7,0,corps,18.680022077505892,1.0986
1544,6,67,11.17,4.0,0,corps,18.662679381827456,1.4228
1545,7,84,12.00,4.4,0,corps,18.645371336878096,1.4531
1546,15,227,15.13,8.0,0,corps,18.628097873425613,1.0321
1547,8,78,9.75,4.9,0,corps,18.61085892237613,8.7399
1548,13,214,16.46,7.1,0,corps,18.593654414773813,1.0265
1549,29,424,14.62,14.2,0,corps,18.57648428180062,1.4071
1550,42,461,10.98,20.0,0,corps,18.559348454775982,1.4793
1551,23,352,15.30,11.6,0,corps,18.54224686515658,1.3207
1552,9,127,14.11,5.3,0,corps,18.52517944453603,1.6336
1553,16,231,14.44,8.4,0,corps,18.508146124644618,1.4538
1554,21,248,11.81,10.7,0,corps,18.491146837349053,3.6431
1555,21,275,13.10,10.7,0,corps,18.47418151465216,1.4456
1556,5,76,15.20,3.6,0,corps,18.45725008869262,1.1783
1557,3,65,21.67,2.7,0,corps,18.440352491744722,0.6367
1558,6,71,11.83,4.0,0,corps,18.423488656218034,1.4938
1559,22,300,13.64,11.1,0,corps,18.406658514657206,1.6493
1560,19,317,16.68,9.8,0,corps,18.389861999741644,1.1544
1561,12,139,11.58,6.7,0,corps,18.37309904428527,4.8379
1562,13,187,14.38,7.1,0,corps,18.356369581236233,1.1862
1563,12,198,16.50,6.7,0,corps,18.33967354367667,1.4196
1564,28,429,15.32,13.8,0,corps,18.323010864822393,2.0132
1565,29,408,14.07,14.2,0,corps,18.30638147802268,2.0290
1566,25,464,18.56,12.4,0,corps,18.28978531675995,1.5321
1567,17,274,16.12,8.9,0,corps,18.27322231464954,1.1089
1568,7,127,18.14,4.4,0,corps,18.256692405439416,1.5496
1569,10,134,13.40,5.8,0,corps,18.240195523009934,1.6180
1570,10,105,10.50,5.8,0,corps,18.223731601373522,1.5913
1571,16,199,12.44,8.4,0,corps,18.20730057467448,2.7425
1572,23,321,13.96,11.6,0,corps,18.190902377188685,2.6904
1573,16,170,10.62,8.4,0,corps,18.174536943323318,3.3249
1574,12,158,13.17,6.7,0,corps,18.158204207616617,1.7966
1575,2,25,12.50,2.2,0,corps,18.141904104737634,1.5584
1576,6,91,15.17,4.0,0,corps,18.12563656948592,1.4534
1577,14,211,15.07,7.6,0,corps,18.109401536791324,3.3163
1578,16,206,12.88,8.4,0,corps,18.09319894171368,4.1043
1579,14,144,10.29,7.6,0,corps,18.077028719442602,1.7681
1580,24,343,14.29,12.0,0,corps,18.060890805297163,2.9862
1581,23,370,16.09,11.6,0,corps,18.0447851347257,1.3655
1582,14,235,16.79,7.6,0,corps,18.028711643305495,2.9974
1583,26,344,13.23,12.9,0,corps,18.012670266742575,2.7985
1584,24,381,15.88,12.0,0,corps,17.9966609408714,1.3649
1585,12,121,10.08,6.7,0,corps,17.980683601654658,5.1721
1586,4,40,10.00,3.1,0,corps,17.964738185182956,1.7834
1587,13,186,14.31,7.1,0,corps,17.948824627674618,3.0677
1588,26,351,13.50,12.9,0,corps,17.932942865475386,1.4735
1589,34,427,12.56,16.4,0,corps,17.917092835058195,3.6401
1590,17,236,13.88,8.9,0,corps,17.901274473022898,1.3306
1591,30,345,11.50,14.7,0,corps,17.885487716096037,2.6039
1592,7,93,13.29,4.4,0,corps,17.869732501130546,1.2701
1593,7,93,13.29,4.4,0,corps,17.854008765105554,1.1265
1594,30,398,13.27,14.7,0,corps,17.838316445126097,3.1065
1595,21,340,16.19,10.7,0,corps,17.82265547842287,1.3769
1596,39,651,16.69,18.7,0,corps,17.807025802351983,2.6201
1597,18,240,13.33,9.3,0,corps,17.791427354394724,4.0970
1598,25,359,14.36,12.4,0,corps,17.77586007215726,2.5183
1599,15,227,15.13,8.0,0,corps,17.76032389337046,3.6201
1600,20,290,14.50,10.2,0,corps,17.74481875588958,2.0794
1601,13,217,16.69,7.1,0,corps,17.72934459769405,2.9327
1602,9,211,23.44,5.3,0,corps,17.713901356887213,0.8620
1603,20,330,16.50,10.2,0,corps,17.69848897169609,1.0451
1604,21,324,15.43,10.7,0,corps,17.68310738047112,1.3445
1605,13,204,15.69,7.1,0,corps,17.667756521685916,1.1138
1606,14,163,11.64,7.6,0,corps,17.652436333937022,3.6960
1607,9,155,17.22,5.3,0,corps,17.637146755943668,1.3739
1608,25,358,14.32,12.4,0,corps,17.62188772654752,3.1017
1609,4,58,14.50,3.1,0,corps,17.60665918471244,1.6594
1610,13,167,12.85,7.1,0,corps,17.59146106952424,2.5327
1611,17,201,11.82,8.9,0,corps,17.576293320190445,1.2799
1612,22,340,15.45,11.1,0,corps,17.561155876040026,1.3340
1613,24,373,15.54,12.0,0,corps,17.546048676523196,1.7441
1614,11,174,15.82,6.2,0,corps,17.53097166121113,2.5270
1615,8,98,12.25,4.9,0,corps,17.51592476979576,6.4838
1616,15,173,11.53,8.0,0,corps,17.50090794208948,1.3786
1617,10,139,13.90,5.8,0,corps,17.485921118024976,1.0397
1618,10,147,14.70,5.8,0,corps,17.470964237654922,0.9241
1619,13,144,11.08,7.1,0,corps,17.45603724115178,4.4710
1620,14,231,16.50,7.6,0,corps,17.44114006880754,1.1195
1621,21,319,15.19,10.7,0,corps,17.426272661033504,1.3981
1622,11,114,10.36,6.2,0,corps,17.41143495836001,3.8128
1623,6,70,11.67,4.0,0,corps,17.396626901436235,1.4703
1624,20,249,12.45,10.2,0,corps,17.381848431029923,1.8250
1625,27,360,13.33,13.3,0,corps,17.367099488027183,1.4818
1626,3,54,18.00,2.7,0,corps,17.352380013432217,0.6716
1627,26,290,11.15,12.9,0,corps,17.337689948367103,2.4605
1628,11,136,12.36,6.2,0,corps,17.32302923407157,4.4940
1629,14,184,13.14,7.6,0,corps,17.308397811902733,3.5237
1630,9,145,16.11,5.3,0,corps,17.293795623334894,4.9147
1631,2,50,25.00,2.2,0,corps,17.27922260995927,0.7460
1632,19,255,13.42,9.8,0,corps,17.264678713483793,3.5157
1633,18,264,14.67,9.3,0,corps,17.250163875732856,1.1194
1634,25,358,14.32,12.4,0,corps,17.23567803864709,3.0833
1635,15,224,14.93,8.0,0,corps,17.22122114428312,1.2189
1636,9,102,11.33,5.3,0,corps,17.20679313481336,1.0549
1637,8,116,14.50,4.9,0,corps,17.192393952525748,5.5484
1638,31,484,15.61,15.1,0,corps,17.178023539823535,2.6320
1639,6,61,10.17,4.0,0,corps,17.163681839225053,10.2881
1640,9,180,20.00,5.3,0,corps,17.149368793363486,0.8392
1641,23,321,13.96,11.6,0,corps,17.135084344986613,1.5379
1642,11,109,9.91,6.2,0,corps,17.12082843695664,1.5827
1643,10,132,13.20,5.8,0,corps,17.106601012249907,1.2420
1644,20,223,11.15,10.2,0,corps,17.092402013956697,3.7772
1645,29,431,14.86,14.2,0,corps,17.078231385281004,2.7133
1646,23,382,16.61,11.6,0,corps,17.064089069540287,1.3179
1647,18,211,11.72,9.3,0,corps,17.04997501016527,1.9898
1648,7,88,12.57,4.4,0,corps,17.03588915069969,1.6673
1649,8,102,12.75,4.9,0,corps,17.021831434800095,1.3408
1650,25,312,12.48,12.4,0,corps,17.007801806235605,2.2620
1651,8,120,15.00,4.9,0,corps,16.993800208887677,1.3182
1652,28,460,16.43,13.8,0,corps,16.979826586749912,2.2248
1653,24,285,11.88,12.0,0,corps,16.965880883927802,1.1958
1654,16,225,14.06,8.4,0,corps,16.951963044638518,2.4456
1655,25,365,14.60,12.4,0,corps,16.938073013210676,2.4018
1656,16,186,11.62,8.4,0,corps,16.924210734084145,2.0926
1657,9,122,13.56,5.3,0,corps,16.910376151809775,1.6444
1658,5,41,8.20,3.6,0,corps,16.89656921104923,1.5731
1659,12,154,12.83,6.7,0,corps,16.882789856574725,0.7971
1660,17,189,11.12,8.9,0,corps,16.869038033268822,3.2934
1661,21,283,13.48,10.7,0,corps,16.855313686124205,1.9382
1662,18,210,11.67,9.3,0,corps,16.841616760243483,3.8643
1663,8,124,15.50,4.9,0,corps,16.82794720083892,4.4922
1664,7,95,13.57,4.4,0,corps,16.814304953232266,1.5000
1665,23,312,13.57,11.6,0,corps,16.800689962854506,1.3346
1666,19,257,13.53,9.8,0,corps,16.78710217524567,2.0769
1667,18,220,12.22,9.3,0,corps,16.77354153605458,1.3772
1668,7,156,22.29,4.4,0,corps,16.760007991038673,1.2474
1669,2,29,14.50,2.2,0,corps,16.746501486063735,1.1450
1670,15,167,11.13,8.0,0,corps,16.733021967103742,1.7261
1671,18,175,9.72,9.3,0,corps,16.71956938024059,1.9305
1672,32,439,13.72,15.6,0,corps,16.706143671663927,2.1588
1673,13,153,11.77,7.1,0,corps,16.692744787670883,2.7961
1674,26,425,16.35,12.9,0,corps,16.679372674665917,2.3658
1675,9,140,15.56,5.3,0,corps,16.666027279160556,4.5322
1676,15,168,11.20,8.0,0,corps,16.652708547773198,1.6796
1677,6,91,15.17,4.0,0,corps,16.639416427228902,0.9739
1678,13,174,13.38,7.1,0,corps,16.62615086435917,3.2684
1679,18,239,13.28,9.3,0,corps,16.612911806101728,1.5768
1680,5,49,9.80,3.6,0,corps,16.59969919950033,1.7777
1681,22,238,10.82,11.1,0,corps,16.58651299170452,4.9402
1682,8,135,16.88,4.9,0,corps,16.57335312996947,1.4577
1683,7,90,12.86,4.4,0,corps,16.5602195616557,1.4306
1684,22,295,13.41,11.1,0,corps,16.547112234228926,3.4875
1685,9,111,12.33,5.3,0,corps,16.534031095259817,1.7931
1686,8,88,11.00,4.9,0,corps,16.5209760924238,2.4166
1687,2,11,5.50,2.2,0,corps,16.50794717350085,1.7372
1688,16,226,14.12,8.4,0,corps,16.49494428637527,1.7416
1689,9,117,13.00,5.3,0,corps,16.48196737903549,1.8709
1690,16,201,12.56,8.4,0,corps,16.469016399573878,4.2521
1691,10,94,9.40,5.8,0,corps,16.456091296186482,7.8940
1692,13,139,10.69,7.1,0,corps,16.443192017172883,2.0425
1693,6,67,11.17,4.0,0,corps,16.43031851093594,2.1368
1694,30,391,13.03,14.7,0,corps,16.41747072598162,3.3147
1695,24,331,13.79,12.0,0,corps,16.404648610918755,2.3810
1696,12,150,12.50,6.7,0,corps,16.391852114458878,4.4636
1697,11,108,9.82,6.2,0,corps,16.379081185415977,2.5118
1698,31,490,15.81,15.1,0,corps,16.366335772706325,4.0202
1699,39,511,13.10,18.7,0,corps,16.353615825348257,4.2429
1700,12,222,18.50,6.7,0,corps,16.340921292461957,1.7228
1701,5,46,9.20,3.6,0,corps,16.32825212326928,2.5381
1702,9,115,12.78,5.3,0,corps,16.315608267093538,4.7541
1703,9,99,11.00,5.3,0,corps,16.30298967335928,6.8305
1704,13,180,13.85,7.1,0,corps,16.290396291592124,1.3234
1705,26,311,11.96,12.9,0,corps,16.27782807141852,3.6943
1706,20,323,16.15,10.2,0,corps,16.26528496256557,1.3732
1707,17,188,11.06,8.9,0,corps,16.252766914860825,3.9444
1708,8,114,14.25,4.9,0,corps,16.24027387823208,4.0407
1709,33,453,13.73,16.0,0,corps,16.227805802707163,2.3261
1710,22,319,14.50,11.1,0,corps,16.215362638413765,2.4338
1711,14,189,13.50,7.6,0,corps,16.202944335579204,1.4462
1712,14,239,17.07,7.6,0,corps,16.19055084453026,1.1887
1713,22,312,14.18,11.1,0,corps,16.178182115692945,2.3511
1714,23,311,13.52,11.6,0,corps,16.165838099592335,2.4353
1715,14,172,12.29,7.6,0,corps,16.15351874685234,1.6723
1716,16,185,11.56,8.4,0,corps,16.141224008195536,1.3103
1717,15,283,18.87,8.0,0,corps,16.128953834442957,0.9798
1718,20,289,14.45,10.2,0,corps,16.11670817651388,2.2336
1719,11,143,13.00,6.2,0,corps,16.104486985425673,4.6356
1720,13,212,16.31,7.1,0,corps,16.09229021229355,2.4182
1721,8,113,14.12,4.9,0,corps,16.08011780833039,1.4070
1722,30,383,12.77,14.7,0,corps,16.067969724846577,2.3348
1723,9,112,12.44,5.3,0,corps,16.055845913249748,1.6646
1724,27,441,16.33,13.3,0,corps,16.04374632504465,3.0496
1725,15,198,13.20,8.0,0,corps,16.031670911832908,2.0256
1726,19,340,17.89,9.8,0,corps,16.01961962531286,1.2921
1727,16,189,11.81,8.4,0,corps,16.007592417279334,2.4849
1728,16,217,13.56,8.4,0,corps,15.995589239623492,1.9417
1729,5,64,12.80,3.6,0,corps,15.9836100443326,1.7772
1730,14,192,13.71,7.6,0,corps,15.971654783489864,3.2554
1731,21,294,14.00,10.7,0,corps,15.959723409274224,3.1933
1732,25,293,11.72,12.4,0,corps,15.94781587396017,3.1408
1733,8,71,8.88,4.9,0,corps,15.935932129917537,1.9679
1734,20,208,10.40,10.2,0,corps,15.924072129611345,4.2429
1735,24,347,14.46,12.0,0,corps,15.912235825601565,3.5129
1736,30,422,14.07,14.7,0,corps,15.900423170542972,1.9108
1737,17,230,13.53,8.9,0,corps,15.888634117184926,2.9860
1738,20,268,13.40,10.2,0,corps,15.876868618371203,1.7537
1739,15,139,9.27,8.0,0,corps,15.865126627039789,1.5395
1740,10,149,14.90,5.8,0,corps,15.853408096222704,2.0353
1741,10,114,11.40,5.8,0,corps,15.841712979045807,1.6354
1742,16,204,12.75,8.4,0,corps,15.830041228728616,2.2892
1743,27,386,14.30,13.3,0,corps,15.818392798584114,4.2665
1744,22,346,15.73,11.1,0,corps,15.806767642018563,1.6487
1745,8,140,17.50,4.9,0,corps,15.795165712531322,1.4713
1746,7,112,16.00,4.4,0,corps,15.78358696371466,1.1502
1747,30,360,12.00,14.7,0,corps,15.772031349253563,2.3839
1748,15,194,12.93,8.0,0,corps,15.760498822925559,4.0722
1749,8,136,17.00,4.9,0,corps,15.748989338600527,1.4990
1750,17,231,13.59,8.9,0,corps,15.737502850240514,2.6538
1751,3,54,18.00,2.7,0,corps,15.726039311899557,1.5989
1752,23,245,10.65,11.6,0,corps,15.714598677723476,3.5784
1753,16,184,11.50,8.4,0,corps,15.703180901949729,1.9921
1754,14,227,16.21,7.6,0,corps,15.691785938907191,2.5235
1755,22,315,14.32,11.1,0,corps,15.680413743016002,1.6421
1756,22,307,13.95,11.1,0,corps,15.669064268787352,3.4147
1757,18,265,14.72,9.3,0,corps,15.657737470823344,2.2688
1758,22,253,11.50,11.1,0,corps,15.646433303816758,3.2403
1759,16,219,13.69,8.4,0,corps,15.63515172255092,2.2300
1760,6,98,16.33,4.0,0,corps,15.623892681899482,1.3820
1761,18,314,17.44,9.3,0,corps,15.612656136826269,1.7941
1762,11,137,12.45,6.2,0,corps,15.601442042385088,1.1849
1763,6,86,14.33,4.0,0,corps,15.590250353719547,0.8869
1764,13,179,13.77,7.1,0,corps,15.579081026062875,1.4472
1765,11,130,11.82,6.2,0,corps,15.567934014737745,5.7781
1766,6,91,15.17,4.0,0,corps,15.556809275156096,1.3875
1767,6,85,14.17,4.0,0,corps,15.54570676281896,1.1187
1768,12,142,11.83,6.7,0,corps,15.534626433316264,1.3237
1769,8,107,13.38,4.9,0,corps,15.523568242326688,1.2461
1770,11,140,12.73,6.2,0,corps,15.512532145617442,1.6330
1771,28,522,18.64,13.8,0,corps,15.501518099044128,2.3277
1772,13,198,15.23,7.1,0,corps,15.490526058550547,2.8189
1773,19,323,17.00,9.8,0,corps,15.479555980168518,1.3605
1774,26,340,13.08,12.9,0,corps,15.468607820017718,1.1997
1775,21,240,11.43,10.7,0,corps,15.457681534305493,3.9139
1776,6,131,21.83,4.0,0,corps,15.44677707932668,0.9301
1777,36,513,14.25,17.3,0,corps,15.435894411463444,3.0695
1778,21,369,17.57,10.7,0,corps,15.425033487185102,1.9287
1779,13,192,14.77,7.1,0,corps,15.414194263047944,1.1273
1780,19,254,13.37,9.8,0,corps,15.403376695695057,1.3430
1781,6,154,25.67,4.0,0,corps,15.392580741856158,0.7417
1782,2,13,6.50,2.2,0,corps,15.381806358347413,2.8398
1783,4,49,12.25,3.1,0,corps,15.37105350207128,1.7988
1784,10,124,12.40,5.8,0,corps,15.360322130016316,1.1335
1785,13,151,11.62,7.1,0,corps,15.34961219925702,2.6289
1786,3,23,7.67,2.7,0,corps,15.338923666953653,2.6755
1787,16,158,9.88,8.4,0,corps,15.328256490352073,1.3005
1788,6,70,11.67,4.0,0,corps,15.317610626783557,1.3240
1789,10,142,14.20,5.8,0,corps,15.306986033664641,0.9013
1790,24,321,13.38,12.0,0,corps,15.296382668496932,1.2177
1791,15,199,13.27,8.0,0,corps,15.285800488866963,1.1675
1792,12,171,14.25,6.7,0,corps,15.275239452445993,5.3129
1793,11,122,11.09,6.2,0,corps,15.264699516989872,1.4513
1794,12,130,10.83,6.7,0,corps,15.254180640338832,1.2102
1795,20,257,12.85,10.2,0,corps,15.243682780417364,1.1653
1796,40,478,11.95,19.1,0,corps,15.23320589523401,2.6104
1797,25,300,12.00,12.4,0,corps,15.222749942881212,1.7304
1798,18,255,14.17,9.3,0,corps,15.212314881535146,1.1808
1799,4,62,15.50,3.1,0,corps,15.20190066945556,0.9074
1800,6,68,11.33,4.0,0,corps,15.191507264985587,1.1507
1801,8,78,9.75,4.9,0,corps,15.181134626551597,1.9925
1802,11,153,13.91,6.2,0,corps,15.170782712663017,1.5364
1803,15,180,12.00,8.0,0,corps,15.160451481912188,1.8068
1804,16,178,11.12,8.4,0,corps,15.150140892974163,1.6310
1805,24,271,11.29,12.0,0,corps,15.139850904606577,4.2190
1806,27,395,14.63,13.3,0,corps,15.129581475649465,1.4260
1807,25,331,13.24,12.4,0,corps,15.119332565025095,1.4170
1808,3,26,8.67,2.7,0,corps,15.109104131737809,1.6130
1809,19,233,12.26,9.8,0,corps,15.098896134873863,1.5392
1810,17,231,13.59,8.9,0,corps,15.088708533601253,1.4117
1811,22,243,11.05,11.1,0,corps,15.078541287169568,1.7585
1812,25,287,11.48,12.4,0,corps,15.068394354909795,1.7603
1813,8,75,9.38,4.9,0,corps,15.058267696234207,1.9442
1814,13,246,18.92,7.1,0,corps,15.048161270636143,1.3567
1815,12,125,10.42,6.7,0,corps,15.038075037689893,1.6327
1816,11,119,10.82,6.2,0,corps,15.028008957050515,5.6758
1817,33,478,14.48,16.0,0,corps,15.017962988453665,1.8107
1818,19,189,9.95,9.8,0,corps,15.007937091715462,2.2049
1819,22,277,12.59,11.1,0,corps,14.997931226732304,1.3456
1820,9,150,16.67,5.3,0,corps,14.987945353480715,1.1555
1821,17,232,13.65,8.9,0,corps,14.977979432017188,1.6718
1822,12,162,13.50,6.7,0,corps,14.96803342247803,1.7336
1823,32,355,11.09,15.6,0,corps,14.958107285079187,3.3806
1824,19,308,16.21,9.8,0,corps,14.948200980116091,1.2224
1825,18,217,12.06,9.3,0,corps,14.938314467963515,3.5470
1826,5,136,27.20,3.6,0,corps,14.928447709075396,1.0054
1827,9,93,10.33,5.3,0,corps,14.918600663984686,5.1559
1828,17,169,9.94,8.9,0,corps,14.908773293303184,4.3884
1829,27,349,12.93,13.3,0,corps,14.898965557721407,1.5527
1830,26,359,13.81,12.9,0,corps,14.889177418008389,2.2517
1831,10,58,5.80,5.8,0,corps,14.879408835011565,9.5808
1832,16,203,12.69,8.4,0,corps,14.869659769656584,1.8807
1833,31,480,15.48,15.1,0,corps,14.859930182947176,2.4024
1834,30,391,13.03,14.7,0,corps,14.850220035964979,1.7613
1835,4,47,11.75,3.1,0,corps,14.840529289869393,1.6149
1836,14,161,11.50,7.6,0,corps,14.830857905897421,3.7499
1837,22,285,12.95,11.1,0,corps,14.821205845363513,2.3860
1838,12,153,12.75,6.7,0,corps,14.811573069659415,4.1767
1839,19,260,13.68,9.8,0,corps,14.801959540254012,3.1585
1840,23,276,12.00,11.6,0,corps,14.79236521869317,1.7368
1841,5,61,12.20,3.6,0,corps,14.782790066599597,1.6448
1842,13,187,14.38,7.1,0,corps,14.773234045672663,2.3599
1843,21,258,12.29,10.7,0,corps,14.76369711768828,1.8344
1844,18,298,16.56,9.3,0,corps,14.754179244498713,1.5639
1845,15,208,13.87,8.0,0,corps,14.744680388032469,1.3467
1846,17,198,11.65,8.9,0,corps,14.7352005102941,1.3659
1847,23,319,13.87,11.6,0,corps,14.725739573364088,2.5597
1848,25,329,13.16,12.4,0,corps,14.71629753939867,2.2592
1849,21,339,16.14,10.7,0,corps,14.7068743706297,1.2908
1850,12,143,11.92,6.7,0,corps,14.697470029364485,3.7522
1851,21,356,16.95,10.7,0,corps,14.688084477985653,1.8928
1852,18,301,16.72,9.3,0,corps,14.678717678950981,1.7365
1853,17,166,9.76,8.9,0,corps,14.669369594793263,1.6094
1854,17,170,10.00,8.9,0,corps,14.660040188120153,1.6090
1855,2,29,14.50,2.2,0,corps,14.650729421614006,1.2782
1856,18,222,12.33,9.3,0,corps,14.641437258031747,3.4084
1857,24,393,16.38,12.0,0,corps,14.63216366020471,2.0408
1858,7,76,10.86,4.4,0,corps,14.622908591038492,6.3920
1859,28,355,12.68,13.8,0,corps,14.613672013512799,2.0516
1860,30,416,13.87,14.7,0,corps,14.604453890681313,1.5866
1861,12,162,13.50,6.7,0,corps,14.595254185671527,1.4086
1862,15,205,13.67,8.0,0,corps,14.586072861684613,1.3821
1863,10,154,15.40,5.8,0,corps,14.57690988199526,1.1889
1864,22,330,15.00,11.1,0,corps,14.567765209951537,2.4196
1865,20,229,11.45,10.2,0,corps,14.558638808974745,3.4909
1866,13,186,14.31,7.1,0,corps,14.549530642559263,1.5224
1867,22,284,12.91,11.1,0,corps,14.540440674272423,2.8087
1868,14,133,9.50,7.6,0,corps,14.53136886775433,5.0805
1869,19,308,16.21,9.8,0,corps,14.522315186717751,1.9261
1870,26,301,11.58,12.9,0,corps,14.513279594947951,1.5393
1871,26,318,12.23,12.9,0,corps,14.504262056302547,1.6827
1872,23,279,12.13,11.6,0,corps,14.495262534711372,3.8440
1873,35,468,13.37,16.9,0,corps,14.486280994176331,1.8369
1874,16,205,12.81,8.4,0,corps,14.477317398771246,1.3053
1875,22,256,11.64,11.1,0,corps,14.468371712641732,3.4426
1876,28,394,14.07,13.8,0,corps,14.459443900005024,1.7925
1877,22,321,14.59,11.1,0,corps,14.450533925149859,1.5803
1878,30,403,13.43,14.7,0,corps,14.441641752436329,3.1539
1879,12,241,20.08,6.7,0,corps,14.432767346295734,1.0402
1880,22,294,13.36,11.1,0,corps,14.423910671230434,1.6739
1881,25,334,13.36,12.4,0,corps,14.415071691813713,2.5667
1882,28,365,13.04,13.8,0,corps,14.40625037268965,2.5477
1883,25,393,15.72,12.4,0,corps,14.397446678572951,1.3372
1884,15,208,13.87,8.0,0,corps,14.388660574248831,1.2424
1885,27,395,14.63,13.3,0,corps,14.379892024572861,2.4155
1886,23,396,17.22,11.6,0,corps,14.371140994470826,1.2872
1887,19,263,13.84,9.8,0,corps,14.362407448938598,1.3124
1888,15,197,13.13,8.0,0,corps,14.353691353041983,1.2835
1889,13,197,15.15,7.1,0,corps,14.344992671916584,0.9888
1890,12,127,10.58,6.7,0,corps,14.336311370767667,4.8880
1891,11,211,19.18,6.2,0,corps,14.327647414870013,1.0415
1892,24,318,13.25,12.0,0,corps,14.319000769567792,1.5005
1893,20,231,11.55,10.2,0,corps,14.310371400274406,3.4391
1894,31,469,15.13,15.1,0,corps,14.301759272472367,2.2953
1895,21,289,13.76,10.7,0,corps,14.293164351713155,1.4801
1896,13,127,9.77,7.1,0,corps,14.284586603617075,2.3702
1897,22,321,14.59,11.1,0,corps,14.27602599387312,2.4150
1898,19,191,10.05,9.8,0,corps,14.267482488238844,2.2968
1899,18,268,14.89,9.3,0,corps,14.258956052540208,1.6633
1900,17,228,13.41,8.9,0,corps,14.250446652671464,4.0849
1901,10,132,13.20,5.8,0,corps,14.241954254594996,1.2668
1902,18,224,12.44,9.3,0,corps,14.233478824341203,3.0883
1903,8,68,8.50,4.9,0,corps,14.225020328008354,2.2902
1904,19,292,15.37,9.8,0,corps,14.216578731762446,2.4018
1905,16,259,16.19,8.4,0,corps,14.208154001837089,1.3404
1906,36,495,13.75,17.3,0,corps,14.199746104533354,2.7188
1907,11,156,14.18,6.2,0,corps,14.19135500621963,1.2274
1908,13,188,14.46,7.1,0,corps,14.182980673331524,1.0391
1909,13,150,11.54,7.1,0,corps,14.17462307237169,1.1341
1910,22,278,12.64,11.1,0,corps,14.166282169909708,1.9114
1911,9,80,8.89,5.3,0,corps,14.15795793258196,1.8789
1912,16,212,13.25,8.4,0,corps,14.14965032709149,2.4755
1913,8,123,15.38,4.9,0,corps,14.141359320207858,1.6895
1914,25,318,12.72,12.4,0,corps,14.133084878767033,1.4479
1915,13,153,11.77,7.1,0,corps,14.124826969671227,2.8861
1916,19,271,14.26,9.8,0,corps,14.116585559888806,2.0502
1917,9,126,14.00,5.3,0,corps,14.10836061645411,1.5802
1918,13,182,14.00,7.1,0,corps,14.100152106467359,1.3786
1919,20,299,14.95,10.2,0,corps,14.0919599970945,2.4664
1920,27,376,13.93,13.3,0,corps,14.083784255567085,2.5672
1921,30,397,13.23,14.7,0,corps,14.075624849182136,2.2738
1922,20,199,9.95,10.2,0,corps,14.067481745302022,1.7111
1923,15,177,11.80,8.0,0,corps,14.05935491135431,1.4935
1924,22,237,10.77,11.1,0,corps,14.051244314831656,1.8712
1925,10,121,12.10,5.8,0,corps,14.043149923291661,4.9370
1926,13,208,16.00,7.1,0,corps,14.035071704356755,1.3200
1927,21,257,12.24,10.7,0,corps,14.027009625714044,1.5438
1928,14,181,12.93,7.6,0,corps,14.018963655115202,3.4650
1929,5,69,13.80,3.6,0,corps,14.010933760376343,1.6755
1930,13,175,13.46,7.1,0,corps,14.002919909377873,1.5169
1931,14,160,11.43,7.6,0,corps,13.994922070064375,1.6017
1932,30,424,14.13,14.7,0,corps,13.986940210444487,2.5695
1933,26,403,15.50,12.9,0,corps,13.978974298590755,1.8020
1934,16,190,11.88,8.4,0,corps,13.971024302639524,1.4497
1935,26,376,14.46,12.9,0,corps,13.963090190790798,3.3168
1936,9,119,13.22,5.3,0,corps,13.955171931308119,5.5967
1937,27,371,13.74,13.3,0,corps,13.947269492518439,2.5916
1938,22,422,19.18,11.1,0,corps,13.93938284281199,2.2640
1939,21,326,15.52,10.7,0,corps,13.931511950642166,3.3662
1940,32,580,18.12,15.6,0,corps,13.923656784525388,2.0635
1941,9,171,19.00,5.3,0,corps,13.915817313040979,3.6424
1942,24,299,12.46,12.0,0,corps,13.907993504831042,1.3611
1943,4,45,11.25,3.1,0,corps,13.900185328600333,1.6368
1944,10,87,8.70,5.8,0,corps,13.892392753116145,6.8101
1945,27,337,12.48,13.3,0,corps,13.884615747208153,2.9092
1946,9,164,18.22,5.3,0,corps,13.876854279768336,2.5659
1947,13,226,17.38,7.1,0,corps,13.8691083197508,2.0016
1948,17,184,10.82,8.9,0,corps,13.861377836171707,2.5275
1949,12,162,13.50,6.7,0,corps,13.853662798109104,3.3756
1950,20,242,12.10,10.2,0,corps,13.845963174702835,2.2467
1951,12,130,10.83,6.7,0,corps,13.838278935154388,4.1416
1952,20,270,13.50,10.2,0,corps,13.830610048726804,1.5862
1953,13,126,9.69,7.1,0,corps,13.82295648474452,1.8303
1954,15,158,10.53,8.0,0,corps,13.815318212593276,1.8770
1955,20,284,14.20,10.2,0,corps,13.807695201719964,1.1630
1956,10,173,17.30,5.8,0,corps,13.800087421632536,0.8056
1957,16,232,14.50,8.4,0,corps,13.792494841899867,2.9398
1958,21,252,12.00,10.7,0,corps,13.784917432151616,2.3679
1959,13,176,13.54,7.1,0,corps,13.777355162078141,3.0471
1960,11,211,19.18,6.2,0,corps,13.769808001430356,2.3307
1961,15,210,14.00,8.0,0,corps,13.762275920019599,1.1890
1962,12,106,8.83,6.7,0,corps,13.75475888771754,2.4505
1963,31,428,13.81,15.1,0,corps,13.747256874456035,2.0272
1964,7,87,12.43,4.4,0,corps,13.739769850227027,1.8985
1965,22,290,13.18,11.1,0,corps,13.732297785082407,2.9834
1966,2,18,9.00,2.2,0,corps,13.7248406491339,1.6274
1967,31,416,13.42,15.1,0,corps,13.717398412552962,2.7602
1968,19,188,9.89,9.8,0,corps,13.709971045570626,3.7036
1969,18,266,14.78,9.3,0,corps,13.70255851847742,2.6226
1970,18,225,12.50,9.3,0,corps,13.695160801623224,1.9514
1971,9,108,12.00,5.3,0,corps,13.68777786541716,1.6004
1972,22,206,9.36,11.1,0,corps,13.680409680327479,3.5291
1973,10,103,10.30,5.8,0,corps,13.673056216881424,1.4204
1974,24,302,12.58,12.0,0,corps,13.665717445665134,1.6446
1975,34,525,15.44,16.4,0,corps,13.658393337323515,2.4970
1976,11,110,10.00,6.2,0,corps,13.651083862560123,1.9352
1977,36,441,12.25,17.3,0,corps,13.643788992137049,3.2336
1978,10,122,12.20,5.8,0,corps,13.636508696874806,2.0450
1979,21,222,10.57,10.7,0,corps,13.629242947652193,2.1193
1980,5,42,8.40,3.6,0,corps,13.621991715406212,2.4472
1981,3,28,9.33,2.7,0,corps,13.614754971131921,1.9778
1982,23,287,12.48,11.6,0,corps,13.607532685882335,2.1997
1983,16,252,15.75,8.4,0,corps,13.600324830768301,2.0965
1984,17,244,14.35,8.9,0,corps,13.593131376958395,1.5777
1985,24,306,12.75,12.0,0,corps,13.585952295678783,1.7424
1986,8,102,12.75,4.9,0,corps,13.578787558213138,1.2273
1987,2,22,11.00,2.2,0,corps,13.571637135902495,2.0538
1988,31,428,13.81,15.1,0,corps,13.56450100014516,1.7536
1989,27,315,11.67,13.3,0,corps,13.557379122396576,2.9159
1990,10,122,12.20,5.8,0,corps,13.550271474169229,1.9647
1991,16,157,9.81,8.4,0,corps,13.543178027032507,2.1047
1992,17,247,14.53,8.9,0,corps,13.536098752612622,1.6143
1993,23,319,13.87,11.6,0,corps,13.529033622592458,1.4344
1994,24,364,15.17,12.0,0,corps,13.521982608711491,2.2832
1995,23,287,12.48,11.6,0,corps,13.514945682765656,3.0589
1996,23,287,12.48,11.6,0,corps,13.50792281660724,3.5581
1997,21,324,15.43,10.7,0,corps,13.500913982144763,2.1352
1998,2,37,18.50,2.2,0,corps,13.493919151342887,1.2510
1999,2,30,15.00,2.2,0,corps,13.486938296222274,0.8900
2000,22,305,13.86,11.1,0,corps,13.479971388859493,4.2238
