n_game,score,steps,pas_pomme,fill_pct,victoire,cause,eps,loss
1,2,275,137.50,2.2,0,corps,199.90202449591717,0.3753
2,1,823,823.00,1.8,0,famine_truncated,199.8040979673415,0.0421
3,2,305,152.50,2.2,0,corps,199.70622038979133,0.3413
4,2,433,216.50,2.2,0,corps,199.60839173879728,0.2332
5,0,445,445.00,1.3,0,famine_truncated,199.51061198990217,0.0053
6,1,629,629.00,1.8,0,famine_truncated,199.41288111866112,0.0513
7,2,403,201.50,2.2,0,corps,199.3151991006413,0.2487
8,0,445,445.00,1.3,0,famine_truncated,199.21756591142233,0.0037
9,2,119,59.50,2.2,0,corps,199.11998152659584,0.8250
10,2,524,262.00,2.2,0,corps,199.02244592176575,0.1777
11,1,591,591.00,1.8,0,famine_truncated,198.92495907254815,0.0647
12,2,493,246.50,2.2,0,corps,198.82752095457133,0.1876
13,0,445,445.00,1.3,0,famine_truncated,198.73013154347575,0.0024
14,2,258,129.00,2.2,0,corps,198.63279081491407,0.3979
15,1,712,712.00,1.8,0,famine_truncated,198.53549874455112,0.0527
16,1,587,587.00,1.8,0,famine_truncated,198.4382553080639,0.0590
17,2,344,172.00,2.2,0,corps,198.34106048114148,0.2852
18,1,577,577.00,1.8,0,famine_truncated,198.2439142394852,0.0625
19,2,405,202.50,2.2,0,corps,198.14681655880847,0.2431
20,1,674,674.00,1.8,0,famine_truncated,198.04976741483696,0.0561
21,2,308,154.00,2.2,0,corps,197.95276678330828,0.3049
22,2,166,83.00,2.2,0,corps,197.85581463997227,0.5120
23,2,295,147.50,2.2,0,corps,197.75891096059095,0.2971
24,2,487,243.50,2.2,0,corps,197.66205572093838,0.2191
25,2,539,269.50,2.2,0,corps,197.56524889680077,0.1808
26,0,445,445.00,1.3,0,famine_truncated,197.46849046397637,0.0049
27,2,137,68.50,2.2,0,corps,197.3717803982756,0.6283
28,2,229,114.50,2.2,0,corps,197.27511867552093,0.4176
29,2,172,86.00,2.2,0,corps,197.17850527154695,0.5301
30,2,355,177.50,2.2,0,corps,197.08194016220028,0.2343
31,0,445,445.00,1.3,0,famine_truncated,196.98542332333966,0.0064
32,1,507,507.00,1.8,0,famine_truncated,196.8889547308359,0.0701
33,0,445,445.00,1.3,0,famine_truncated,196.79253436057178,0.0024
34,2,154,77.00,2.2,0,corps,196.6961621884423,0.5259
35,0,445,445.00,1.3,0,famine_truncated,196.59983819035435,0.0082
36,2,104,52.00,2.2,0,corps,196.50356234222696,0.7686
37,2,287,143.50,2.2,0,corps,196.4073346199911,0.2873
38,1,753,753.00,1.8,0,famine_truncated,196.31115499958997,0.0527
39,2,229,114.50,2.2,0,corps,196.21502345697857,0.3768
40,2,237,118.50,2.2,0,corps,196.11893996812404,0.3674
41,2,498,249.00,2.2,0,corps,196.0229045090055,0.1775
42,2,130,65.00,2.2,0,corps,195.92691705561407,0.6213
43,0,445,445.00,1.3,0,famine_truncated,195.83097758395294,0.0140
44,1,572,572.00,1.8,0,famine_truncated,195.73508607003717,0.0655
45,2,227,113.50,2.2,0,corps,195.63924248989392,0.3623
46,2,177,88.50,2.2,0,corps,195.5434468195623,0.3894
47,0,445,445.00,1.3,0,famine_truncated,195.4476990350934,0.0182
48,2,278,139.00,2.2,0,corps,195.3519991125502,0.2479
49,2,78,39.00,2.2,0,corps,195.25634702800784,0.7494
50,1,540,540.00,1.8,0,famine_truncated,195.1607427575532,0.0868
51,0,445,445.00,1.3,0,famine_truncated,195.06518627728525,0.0133
52,2,701,350.50,2.2,0,corps,194.96967756331486,0.1087
53,2,441,220.50,2.2,0,corps,194.87421659176488,0.1456
54,0,445,445.00,1.3,0,famine_truncated,194.77880333877,0.0089
55,2,244,122.00,2.2,0,corps,194.683437780477,0.2502
56,1,465,465.00,1.8,0,famine_truncated,194.5881198930444,0.0873
57,2,405,202.50,2.2,0,corps,194.49284965264278,0.2181
58,2,270,135.00,2.2,0,corps,194.39762703545455,0.2871
59,1,794,794.00,1.8,0,famine_truncated,194.30245201767406,0.0541
60,0,445,445.00,1.3,0,famine_truncated,194.2073245755076,0.0123
61,3,175,58.33,2.7,0,corps,194.11224468517327,0.5893
62,2,476,238.00,2.2,0,corps,194.0172123229011,0.1724
63,2,503,251.50,2.2,0,corps,193.92222746493297,0.1613
64,2,364,182.00,2.2,0,corps,193.82729008752273,0.1868
65,0,445,445.00,1.3,0,famine_truncated,193.73240016693597,0.0103
66,2,184,92.00,2.2,0,corps,193.63755767945028,0.3450
67,0,445,445.00,1.3,0,famine_truncated,193.54276260135498,0.0177
68,0,445,445.00,1.3,0,famine_truncated,193.44801490895128,0.0093
69,2,146,73.00,2.2,0,corps,193.35331457855233,0.3667
70,2,140,70.00,2.2,0,corps,193.25866158648302,0.4948
71,2,226,113.00,2.2,0,corps,193.1640559090801,0.2842
72,1,485,485.00,1.8,0,famine_truncated,193.0694975226921,0.0811
73,0,445,445.00,1.3,0,famine_truncated,192.9749864036795,0.0131
74,2,224,112.00,2.2,0,corps,192.88052252841447,0.2587
75,2,333,166.50,2.2,0,corps,192.78610587328106,0.2145
76,2,474,237.00,2.2,0,corps,192.6917364146751,0.1390
77,2,149,74.50,2.2,0,corps,192.59741412900425,0.4513
78,2,144,72.00,2.2,0,corps,192.50313899268787,0.3898
79,0,445,445.00,1.3,0,famine_truncated,192.40891098215724,0.0418
80,2,389,194.50,2.2,0,corps,192.31473007385534,0.1635
81,2,163,81.50,2.2,0,corps,192.22059624423696,0.4732
82,2,803,401.50,2.2,0,corps,192.1265094697686,0.1361
83,2,82,41.00,2.2,0,corps,192.03246972692855,0.7501
84,2,475,237.50,2.2,0,corps,191.93847699220697,0.1855
85,2,382,191.00,2.2,0,corps,191.8445312421056,0.2346
86,2,125,62.50,2.2,0,corps,191.75063245313802,0.5871
87,2,431,215.50,2.2,0,corps,191.65678060182952,0.2204
88,2,234,117.00,2.2,0,corps,191.56297566471713,0.3016
89,2,241,120.50,2.2,0,corps,191.46921761834966,0.3157
90,2,132,66.00,2.2,0,corps,191.3755064392876,0.5422
91,2,218,109.00,2.2,0,corps,191.28184210410308,0.3969
92,2,299,149.50,2.2,0,corps,191.18822458938007,0.2528
93,0,445,445.00,1.3,0,famine_truncated,191.09465387171417,0.0758
94,0,445,445.00,1.3,0,famine_truncated,191.00112992771275,0.0444
95,2,32,16.00,2.2,0,corps,190.90765273399478,1.7337
96,2,618,309.00,2.2,0,corps,190.81422226719093,0.1503
97,2,374,187.00,2.2,0,corps,190.72083850394364,0.2175
98,0,445,445.00,1.3,0,famine_truncated,190.62750142090695,0.0334
99,2,216,108.00,2.2,0,corps,190.5342109947466,0.3466
100,2,397,198.50,2.2,0,corps,190.44096720213994,0.2407
101,1,745,745.00,1.8,0,famine_truncated,190.34777001977608,0.0682
102,0,445,445.00,1.3,0,famine_truncated,190.2546194243557,0.0175
103,2,181,90.50,2.2,0,corps,190.16151539259113,0.4040
104,2,393,196.50,2.2,0,corps,190.06845790120636,0.1831
105,2,435,217.50,2.2,0,corps,189.97544692693705,0.1556
106,3,323,107.67,2.7,0,corps,189.88248244653045,0.3356
107,2,493,246.50,2.2,0,corps,189.78956443674542,0.1385
108,2,323,161.50,2.2,0,corps,189.69669287435246,0.1996
109,1,474,474.00,1.8,0,famine_truncated,189.6038677361337,0.0905
110,0,445,445.00,1.3,0,famine_truncated,189.51108899888283,0.0278
111,2,244,122.00,2.2,0,corps,189.4183566394052,0.2635
112,2,80,40.00,2.2,0,corps,189.32567063451765,0.7108
113,0,445,445.00,1.3,0,famine_truncated,189.23303096104874,0.0303
114,2,82,41.00,2.2,0,corps,189.1404375958386,0.5620
115,2,391,195.50,2.2,0,corps,189.04789051573874,0.1796
116,2,533,266.50,2.2,0,corps,188.95538969761253,0.1504
117,1,468,468.00,1.8,0,famine_truncated,188.86293511833466,0.1021
118,2,230,115.00,2.2,0,corps,188.77052675479155,0.2030
119,2,506,253.00,2.2,0,corps,188.6781645838811,0.1370
120,2,135,67.50,2.2,0,corps,188.58584858251274,0.5182
121,2,105,52.50,2.2,0,corps,188.4935787276075,0.6312
122,2,242,121.00,2.2,0,corps,188.4013549960979,0.2918
123,2,107,53.50,2.2,0,corps,188.30917736492802,0.5591
124,2,433,216.50,2.2,0,corps,188.21704581105342,0.1650
125,2,439,219.50,2.2,0,corps,188.12496031144127,0.1728
126,4,245,61.25,3.1,0,corps,188.03292084307012,0.4903
127,1,494,494.00,1.8,0,famine_truncated,187.94092738293017,0.0908
128,2,324,162.00,2.2,0,corps,187.84897990802298,0.1899
129,2,83,41.50,2.2,0,corps,187.75707839536176,0.8182
130,2,138,69.00,2.2,0,corps,187.66522282197107,0.3843
131,2,420,210.00,2.2,0,corps,187.57341316488706,0.1622
132,2,88,44.00,2.2,0,corps,187.4816494011573,0.6360
133,2,275,137.50,2.2,0,corps,187.38993150784083,0.2786
134,3,90,30.00,2.7,0,corps,187.29825946200822,0.8616
135,2,356,178.00,2.2,0,corps,187.20663324074138,0.1940
136,2,512,256.00,2.2,0,corps,187.11505282113384,0.1736
137,2,393,196.50,2.2,0,corps,187.0235181802905,0.1730
138,2,313,156.50,2.2,0,corps,186.9320292953276,0.2154
139,2,251,125.50,2.2,0,corps,186.84058614337297,0.2706
140,2,164,82.00,2.2,0,corps,186.74918870156588,0.4012
141,3,139,46.33,2.7,0,corps,186.65783694705686,0.5751
142,2,159,79.50,2.2,0,corps,186.56653085700805,0.3597
143,2,267,133.50,2.2,0,corps,186.4752704085929,0.2695
144,3,109,36.33,2.7,0,corps,186.38405557899634,0.7043
145,0,445,445.00,1.3,0,famine_truncated,186.2928863454146,0.0688
146,0,445,445.00,1.3,0,famine_truncated,186.20176268505537,0.0392
147,3,406,135.33,2.7,0,corps,186.11068457513778,0.2190
148,2,162,81.00,2.2,0,corps,186.0196519928923,0.3849
149,2,198,99.00,2.2,0,corps,185.92866491556074,0.3148
150,2,372,186.00,2.2,0,corps,185.83772332039638,0.1865
151,2,138,69.00,2.2,0,corps,185.74682718466377,0.4269
152,2,717,358.50,2.2,0,corps,185.65597648563892,0.1446
153,2,77,38.50,2.2,0,corps,185.56517120060914,0.7027
154,2,441,220.50,2.2,0,corps,185.47441130687307,0.1649
155,2,466,233.00,2.2,0,corps,185.38369678174084,0.1456
156,3,262,87.33,2.7,0,corps,185.2930276025337,0.3838
157,0,445,445.00,1.3,0,famine_truncated,185.20240374658442,0.0545
158,2,239,119.50,2.2,0,corps,185.11182519123702,0.2288
159,2,129,64.50,2.2,0,corps,185.02129191384685,0.5315
160,2,354,177.00,2.2,0,corps,184.9308038917806,0.1713
161,2,195,97.50,2.2,0,corps,184.8403611024163,0.4138
162,4,473,118.25,3.1,0,corps,184.74996352314318,0.3696
163,0,445,445.00,1.3,0,famine_truncated,184.65961113136188,0.0789
164,2,219,109.50,2.2,0,corps,184.56930390448434,0.2669
165,2,278,139.00,2.2,0,corps,184.47904181993368,0.2865
166,0,445,445.00,1.3,0,famine_truncated,184.38882485514443,0.1136
167,2,445,222.50,2.2,0,corps,184.29865298756235,0.2103
168,2,262,131.00,2.2,0,corps,184.20852619464443,0.3373
169,2,518,259.00,2.2,0,corps,184.118444453859,0.1687
170,2,167,83.50,2.2,0,corps,184.02840774268566,0.3858
171,2,203,101.50,2.2,0,corps,183.93841603861514,0.3432
172,2,221,110.50,2.2,0,corps,183.8484693191496,0.2354
173,1,576,576.00,1.8,0,famine_truncated,183.75856756180232,0.1861
174,2,93,46.50,2.2,0,corps,183.66871074409787,0.7711
175,1,508,508.00,1.8,0,famine_truncated,183.578898843572,0.1638
176,2,348,174.00,2.2,0,corps,183.48913183777182,0.2300
177,0,445,445.00,1.3,0,famine_truncated,183.39940970425553,0.0872
178,2,158,79.00,2.2,0,corps,183.30973242059258,0.3068
179,2,97,48.50,2.2,0,corps,183.2200999643637,0.7353
180,2,94,47.00,2.2,0,corps,183.13051231316072,0.6220
181,2,309,154.50,2.2,0,corps,183.04096944458678,0.2834
182,2,233,116.50,2.2,0,corps,182.95147133625608,0.2777
183,2,46,23.00,2.2,0,corps,182.8620179657942,1.1395
184,2,564,282.00,2.2,0,corps,182.7726093108377,0.1956
185,2,454,227.00,2.2,0,corps,182.6832453490345,0.2350
186,2,437,218.50,2.2,0,corps,182.59392605804354,0.2317
187,2,60,30.00,2.2,0,corps,182.50465141553505,1.1089
188,2,55,27.50,2.2,0,corps,182.41542139919034,1.0644
189,3,411,137.00,2.7,0,corps,182.32623598670187,0.2320
190,2,332,166.00,2.2,0,corps,182.23709515577335,0.1785
191,2,518,259.00,2.2,0,corps,182.14799888411957,0.1479
192,2,511,255.50,2.2,0,corps,182.05894714946643,0.1957
193,2,322,161.00,2.2,0,corps,181.96993992955097,0.2086
194,1,536,536.00,1.8,0,famine_truncated,181.88097720212144,0.1245
195,2,70,35.00,2.2,0,corps,181.79205894493714,0.7897
196,2,60,30.00,2.2,0,corps,181.7031851357685,0.7772
197,2,196,98.00,2.2,0,corps,181.61435575239707,0.3628
198,2,297,148.50,2.2,0,corps,181.5255707726155,0.2219
199,2,264,132.00,2.2,0,corps,181.43683017422757,0.2772
200,2,144,72.00,2.2,0,corps,181.34813393504808,0.4815
201,1,449,449.00,1.8,0,famine_truncated,181.259482032903,0.1717
202,2,408,204.00,2.2,0,corps,181.17087444562935,0.2280
203,2,333,166.50,2.2,0,corps,181.08231115107526,0.2851
204,1,503,503.00,1.8,0,famine_truncated,180.99379212709985,0.2159
205,2,503,251.50,2.2,0,corps,180.90531735157342,0.2154
206,2,315,157.50,2.2,0,corps,180.81688680237724,0.2998
207,2,332,166.00,2.2,0,corps,180.72850045740367,0.2794
208,1,456,456.00,1.8,0,famine_truncated,180.64015829455616,0.1660
209,3,150,50.00,2.7,0,corps,180.5518602917491,0.6218
210,2,303,151.50,2.2,0,corps,180.46360642690806,0.3932
211,2,107,53.50,2.2,0,corps,180.37539667796955,0.5964
212,2,69,34.50,2.2,0,corps,180.28723102288112,0.9165
213,2,493,246.50,2.2,0,corps,180.19910943960136,0.2080
214,2,268,134.00,2.2,0,corps,180.11103190609987,0.3268
215,2,373,186.50,2.2,0,corps,180.02299840035732,0.2715
216,2,481,240.50,2.2,0,corps,179.93500890036523,0.2307
217,3,158,52.67,2.7,0,corps,179.8470633841263,0.6061
218,2,120,60.00,2.2,0,corps,179.75916182965415,0.5360
219,2,263,131.50,2.2,0,corps,179.67130421497336,0.3613
220,2,367,183.50,2.2,0,corps,179.58349051811953,0.2759
221,2,836,418.00,2.2,0,corps,179.49572071713925,0.2102
222,2,137,68.50,2.2,0,corps,179.40799479009007,0.4397
223,2,235,117.50,2.2,0,corps,179.3203127150405,0.2954
224,2,292,146.00,2.2,0,corps,179.23267447007,0.3463
225,2,432,216.00,2.2,0,corps,179.14508003326907,0.2490
226,2,429,214.50,2.2,0,corps,179.05752938273903,0.2147
227,1,544,544.00,1.8,0,famine_truncated,178.97002249659226,0.1392
228,2,479,239.50,2.2,0,corps,178.88255935295203,0.2054
229,1,707,707.00,1.8,0,famine_truncated,178.79513992995254,0.1793
230,2,414,207.00,2.2,0,corps,178.70776420573895,0.2656
231,2,149,74.50,2.2,0,corps,178.6204321584673,0.4817
232,2,156,78.00,2.2,0,corps,178.53314376630465,0.4394
233,2,240,120.00,2.2,0,corps,178.4458990074288,0.3522
234,2,241,120.50,2.2,0,corps,178.35869786002863,0.2915
235,2,148,74.00,2.2,0,corps,178.2715403023038,0.4862
236,2,425,212.50,2.2,0,corps,178.184426312465,0.2469
237,2,248,124.00,2.2,0,corps,178.09735586873367,0.2079
238,2,356,178.00,2.2,0,corps,178.0103289493422,0.2667
239,2,513,256.50,2.2,0,corps,177.92334553253392,0.2096
240,2,194,97.00,2.2,0,corps,177.83640559656286,0.4411
241,2,136,68.00,2.2,0,corps,177.74950911969415,0.3473
242,2,145,72.50,2.2,0,corps,177.66265608020362,0.3868
243,2,247,123.50,2.2,0,corps,177.575846456378,0.2777
244,2,307,153.50,2.2,0,corps,177.48908022651491,0.1822
245,2,246,123.00,2.2,0,corps,177.4023573689228,0.1718
246,1,639,639.00,1.8,0,famine_truncated,177.3156778619209,0.1143
247,3,118,39.33,2.7,0,corps,177.22904168383937,0.6191
248,2,89,44.50,2.2,0,corps,177.14244881301917,0.5364
249,2,103,51.50,2.2,0,corps,177.0558992278121,0.4885
250,2,378,189.00,2.2,0,corps,176.9693929065807,0.1828
251,2,83,41.50,2.2,0,corps,176.88292982769846,0.4954
252,2,65,32.50,2.2,0,corps,176.79650996954953,0.5295
253,2,213,106.50,2.2,0,corps,176.71013331052902,0.2268
254,3,364,121.33,2.7,0,corps,176.62379982904278,0.2975
255,2,304,152.00,2.2,0,corps,176.53750950350735,0.1706
256,2,371,185.50,2.2,0,corps,176.45126231235017,0.2059
257,2,182,91.00,2.2,0,corps,176.36505823400952,0.2356
258,2,143,71.50,2.2,0,corps,176.27889724693432,0.4389
259,2,128,64.00,2.2,0,corps,176.1927793295843,0.4177
260,2,447,223.50,2.2,0,corps,176.10670446043002,0.1493
261,2,151,75.50,2.2,0,corps,176.02067261795273,0.6711
262,1,785,785.00,1.8,0,famine_truncated,175.93468378064455,0.2147
263,2,194,97.00,2.2,0,corps,175.84873792700816,0.2929
264,2,212,106.00,2.2,0,corps,175.76283503555717,0.4015
265,2,151,75.50,2.2,0,corps,175.6769750848158,0.4167
266,2,179,89.50,2.2,0,corps,175.59115805331913,0.4547
267,2,82,41.00,2.2,0,corps,175.50538391961285,0.7898
268,0,445,445.00,1.3,0,famine_truncated,175.41965266225347,0.1697
269,2,157,78.50,2.2,0,corps,175.33396425980814,0.4676
270,3,176,58.67,2.7,0,corps,175.24831869085475,0.5282
271,2,104,52.00,2.2,0,corps,175.16271593398193,0.4142
272,2,314,157.00,2.2,0,corps,175.077155967789,0.3483
273,2,361,180.50,2.2,0,corps,174.9916387708859,0.2877
274,2,285,142.50,2.2,0,corps,174.90616432189344,0.3337
275,2,233,116.50,2.2,0,corps,174.82073259944292,0.4721
276,2,215,107.50,2.2,0,corps,174.73534358217648,0.4043
277,2,123,61.50,2.2,0,corps,174.64999724874679,0.5214
278,2,190,95.00,2.2,0,corps,174.5646935778173,0.5280
279,2,76,38.00,2.2,0,corps,174.4794325480621,0.7467
280,2,37,18.50,2.2,0,corps,174.39421413816595,1.3430
281,3,149,49.67,2.7,0,corps,174.3090383268242,0.6044
282,2,533,266.50,2.2,0,corps,174.2239050927429,0.2822
283,2,87,43.50,2.2,0,corps,174.13881441463877,0.6436
284,3,214,71.33,2.7,0,corps,174.05376627123917,0.4711
285,2,378,189.00,2.2,0,corps,173.96876064128196,0.2274
286,2,174,87.00,2.2,0,corps,173.88379750351584,0.4133
287,2,334,167.00,2.2,0,corps,173.79887683669995,0.3207
288,2,122,61.00,2.2,0,corps,173.71399861960418,0.4564
289,4,206,51.50,3.1,0,corps,173.62916283100895,0.5112
290,3,156,52.00,2.7,0,corps,173.5443694497053,0.7097
291,2,78,39.00,2.2,0,corps,173.4596184544949,0.5808
292,2,66,33.00,2.2,0,corps,173.37490982418998,0.9833
293,2,90,45.00,2.2,0,corps,173.2902435376134,0.4605
294,2,204,102.00,2.2,0,corps,173.20561957359863,0.4095
295,3,149,49.67,2.7,0,corps,173.12103791098957,0.5088
296,2,134,67.00,2.2,0,corps,173.03649852864092,0.4367
297,2,189,94.50,2.2,0,corps,172.95200140541775,0.3023
298,2,71,35.50,2.2,0,corps,172.86754652019582,0.6940
299,2,285,142.50,2.2,0,corps,172.78313385186138,0.2393
300,2,203,101.50,2.2,0,corps,172.69876337931134,0.3507
301,2,104,52.00,2.2,0,corps,172.61443508145297,0.6507
302,2,120,60.00,2.2,0,corps,172.53014893720427,0.6772
303,2,216,108.00,2.2,0,corps,172.44590492549366,0.3787
304,2,87,43.50,2.2,0,corps,172.3617030252602,0.8851
305,2,475,237.50,2.2,0,corps,172.27754321545333,0.3680
306,2,41,20.50,2.2,0,corps,172.19342547503317,1.0782
307,2,371,185.50,2.2,0,corps,172.10934978297027,0.4719
308,3,293,97.67,2.7,0,corps,172.02531611824568,0.3548
309,2,194,97.00,2.2,0,corps,171.941324459851,0.6285
310,2,115,57.50,2.2,0,corps,171.85737478678823,0.8130
311,0,445,445.00,1.3,0,famine_truncated,171.7734670780701,0.2425
312,2,144,72.00,2.2,0,corps,171.68960131271962,0.6342
313,2,108,54.00,2.2,0,corps,171.60577746977032,0.6566
314,3,51,17.00,2.7,0,corps,171.52199552826627,1.9999
315,2,181,90.50,2.2,0,corps,171.438255467262,0.4760
316,0,445,445.00,1.3,0,famine_truncated,171.35455726582242,0.3066
317,3,191,63.67,2.7,0,corps,171.27090090302306,0.8651
318,4,299,74.75,3.1,0,corps,171.18728635794977,0.6069
319,2,165,82.50,2.2,0,corps,171.10371360969899,0.5072
320,2,33,16.50,2.2,0,corps,171.02018263737742,2.3134
321,3,171,57.00,2.7,0,corps,170.93669342010242,0.5591
322,2,414,207.00,2.2,0,corps,170.85324593700162,0.3091
323,2,123,61.50,2.2,0,corps,170.7698401672132,0.5605
324,2,72,36.00,2.2,0,corps,170.68647608988567,0.6811
325,3,166,55.33,2.7,0,corps,170.60315368417804,0.5607
326,1,472,472.00,1.8,0,famine_truncated,170.5198729292597,0.2365
327,2,160,80.00,2.2,0,corps,170.43663380431045,0.4407
328,2,168,84.00,2.2,0,corps,170.35343628852053,0.4768
329,2,203,101.50,2.2,0,corps,170.27028036109053,0.3785
330,2,296,148.00,2.2,0,corps,170.1871660012315,0.3233
331,2,206,103.00,2.2,0,corps,170.10409318816485,0.3562
332,2,56,28.00,2.2,0,corps,170.02106190112232,0.9282
333,2,72,36.00,2.2,0,corps,169.93807211934617,0.8550
334,2,251,125.50,2.2,0,corps,169.8551238220889,0.3179
335,2,227,113.50,2.2,0,corps,169.77221698861345,0.2442
336,2,68,34.00,2.2,0,corps,169.68935159819313,0.5272
337,2,18,9.00,2.2,0,corps,169.60652763011154,2.4821
338,2,45,22.50,2.2,0,corps,169.52374506366272,1.1530
339,3,113,37.67,2.7,0,corps,169.44100387815107,0.9780
340,2,244,122.00,2.2,0,corps,169.3583040528912,0.3156
341,2,176,88.00,2.2,0,corps,169.27564556720822,0.3674
342,4,261,65.25,3.1,0,corps,169.1930284004375,0.7768
343,3,136,45.33,2.7,0,corps,169.11045253192475,0.7168
344,2,262,131.00,2.2,0,corps,169.02791794102598,0.3624
345,2,51,25.50,2.2,0,corps,168.94542460710758,0.8087
346,2,236,118.00,2.2,0,corps,168.86297250954615,0.2745
347,2,129,64.50,2.2,0,corps,168.78056162772873,0.5531
348,2,267,133.50,2.2,0,corps,168.69819194105256,0.2959
349,2,348,174.00,2.2,0,corps,168.61586342892525,0.2853
350,2,89,44.50,2.2,0,corps,168.53357607076464,0.4032
351,2,292,146.00,2.2,0,corps,168.4513298459989,0.3347
352,3,184,61.33,2.7,0,corps,168.3691247340665,0.4464
353,2,351,175.50,2.2,0,corps,168.28696071441613,0.2812
354,2,120,60.00,2.2,0,corps,168.20483776650678,0.4408
355,3,45,15.00,2.7,0,corps,168.12275586980775,1.1909
356,2,221,110.50,2.2,0,corps,168.04071500379857,0.3405
357,2,400,200.00,2.2,0,corps,167.95871514796895,0.2514
358,3,372,124.00,2.7,0,corps,167.87675628181896,0.3305
359,2,162,81.00,2.2,0,corps,167.7948383848589,0.4451
360,2,207,103.50,2.2,0,corps,167.71296143660933,0.2855
361,2,126,63.00,2.2,0,corps,167.63112541660092,0.6232
362,2,243,121.50,2.2,0,corps,167.54933030437476,0.3527
363,2,391,195.50,2.2,0,corps,167.467576079482,0.3804
364,2,320,160.00,2.2,0,corps,167.38586272148413,0.3300
365,2,184,92.00,2.2,0,corps,167.30419020995276,0.4842
366,2,154,77.00,2.2,0,corps,167.22255852446983,0.5687
367,2,96,48.00,2.2,0,corps,167.14096764462735,0.5354
368,2,38,19.00,2.2,0,corps,167.05941755002766,1.3282
369,2,97,48.50,2.2,0,corps,166.9779082202832,0.5547
370,2,339,169.50,2.2,0,corps,166.89643963501663,0.3464
371,2,118,59.00,2.2,0,corps,166.81501177386082,0.5134
372,3,96,32.00,2.7,0,corps,166.7336246164588,0.8599
373,2,91,45.50,2.2,0,corps,166.65227814246379,0.5366
374,2,133,66.50,2.2,0,corps,166.57097233153917,0.7000
375,2,261,130.50,2.2,0,corps,166.48970716335847,0.3689
376,2,116,58.00,2.2,0,corps,166.4084826176054,0.5813
377,2,105,52.50,2.2,0,corps,166.32729867397384,0.5516
378,2,439,219.50,2.2,0,corps,166.2461553121678,0.3644
379,2,212,106.00,2.2,0,corps,166.16505251190142,0.3911
380,4,290,72.50,3.1,0,corps,166.083990252899,0.5363
381,2,175,87.50,2.2,0,corps,166.00296851489503,0.3113
382,2,235,117.50,2.2,0,corps,165.92198727763397,0.3829
383,2,240,120.00,2.2,0,corps,165.8410465208706,0.3653
384,2,175,87.50,2.2,0,corps,165.76014622436975,0.4308
385,2,125,62.50,2.2,0,corps,165.67928636790626,0.4419
386,2,411,205.50,2.2,0,corps,165.59846693126522,0.2771
387,2,211,105.50,2.2,0,corps,165.51768789424173,0.3160
388,3,435,145.00,2.7,0,corps,165.43694923664108,0.3227
389,2,88,44.00,2.2,0,corps,165.35625093827852,0.7088
390,2,201,100.50,2.2,0,corps,165.2755929789796,0.2991
391,2,221,110.50,2.2,0,corps,165.19497533857975,0.3876
392,2,93,46.50,2.2,0,corps,165.11439799692457,0.5175
393,2,86,43.00,2.2,0,corps,165.03386093386973,0.3744
394,2,218,109.00,2.2,0,corps,164.95336412928097,0.3651
395,2,120,60.00,2.2,0,corps,164.87290756303406,0.5477
396,2,162,81.00,2.2,0,corps,164.79249121501488,0.4316
397,2,139,69.50,2.2,0,corps,164.71211506511935,0.4035
398,2,24,12.00,2.2,0,corps,164.6317790932534,1.3531
399,2,596,298.00,2.2,0,corps,164.5514832793331,0.2650
400,2,224,112.00,2.2,0,corps,164.47122760328443,0.3187
401,2,137,68.50,2.2,0,corps,164.39101204504354,0.5939
402,2,98,49.00,2.2,0,corps,164.31083658455645,0.4839
403,2,63,31.50,2.2,0,corps,164.23070120177937,0.7597
404,3,98,32.67,2.7,0,corps,164.15060587667838,0.9447
405,2,63,31.50,2.2,0,corps,164.07055058922973,0.7554
406,2,162,81.00,2.2,0,corps,163.99053531941954,0.3429
407,3,102,34.00,2.7,0,corps,163.91056004724405,0.6968
408,2,108,54.00,2.2,0,corps,163.83062475270938,0.5841
409,2,307,153.50,2.2,0,corps,163.7507294158317,0.3640
410,2,199,99.50,2.2,0,corps,163.67087401663724,0.2601
411,2,94,47.00,2.2,0,corps,163.59105853516215,0.7538
412,3,306,102.00,2.7,0,corps,163.51128295145244,0.4400
413,2,138,69.00,2.2,0,corps,163.43154724556436,0.5281
414,2,322,161.00,2.2,0,corps,163.3518513975639,0.3104
415,2,147,73.50,2.2,0,corps,163.27219538752715,0.2944
416,2,152,76.00,2.2,0,corps,163.19257919554008,0.5700
417,3,132,44.00,2.7,0,corps,163.11300280169857,0.6037
418,2,185,92.50,2.2,0,corps,163.03346618610863,0.3742
419,2,167,83.50,2.2,0,corps,162.95396932888607,0.4371
420,3,169,56.33,2.7,0,corps,162.87451221015667,0.3888
421,2,98,49.00,2.2,0,corps,162.79509481005613,0.8647
422,2,167,83.50,2.2,0,corps,162.71571710873016,0.5397
423,2,81,40.50,2.2,0,corps,162.63637908633427,0.6818
424,2,357,178.50,2.2,0,corps,162.55708072303398,0.4763
425,2,59,29.50,2.2,0,corps,162.47782199900468,0.9918
426,2,215,107.50,2.2,0,corps,162.39860289443172,0.4341
427,3,188,62.67,2.7,0,corps,162.31942338951032,0.6942
428,2,184,92.00,2.2,0,corps,162.24028346444555,0.4311
429,3,128,42.67,2.7,0,corps,162.1611830994525,0.8229
430,3,191,63.67,2.7,0,corps,162.08212227475607,0.7232
431,2,101,50.50,2.2,0,corps,162.00310097059102,0.6018
432,2,143,71.50,2.2,0,corps,161.924119167202,0.6207
433,2,71,35.50,2.2,0,corps,161.84517684484365,0.7005
434,2,269,134.50,2.2,0,corps,161.7662739837803,0.5652
435,2,193,96.50,2.2,0,corps,161.68741056428627,0.5875
436,2,110,55.00,2.2,0,corps,161.6085865666457,0.5852
437,2,95,47.50,2.2,0,corps,161.52980197115258,0.7565
438,3,136,45.33,2.7,0,corps,161.4510567581108,0.6895
439,2,156,78.00,2.2,0,corps,161.372350907834,0.6710
440,2,191,95.50,2.2,0,corps,161.2936844006458,0.5559
441,3,190,63.33,2.7,0,corps,161.21505721687944,0.6892
442,2,86,43.00,2.2,0,corps,161.13646933687826,0.6740
443,2,223,111.50,2.2,0,corps,161.05792074099523,0.6140
444,2,281,140.50,2.2,0,corps,160.9794114095932,0.7067
445,2,278,139.00,2.2,0,corps,160.90094132304483,0.4739
446,2,263,131.50,2.2,0,corps,160.8225104617326,0.6122
447,2,248,124.00,2.2,0,corps,160.74411880604882,0.5446
448,3,53,17.67,2.7,0,corps,160.66576633639556,1.0316
449,2,98,49.00,2.2,0,corps,160.5874530331847,0.8122
450,2,69,34.50,2.2,0,corps,160.50917887683792,0.9653
451,2,186,93.00,2.2,0,corps,160.43094384778664,0.6479
452,5,75,15.00,3.6,0,corps,160.35274792647215,1.7041
453,2,21,10.50,2.2,0,corps,160.27459109334546,2.1491
454,2,128,64.00,2.2,0,corps,160.19647332886737,0.8138
455,3,386,128.67,2.7,0,corps,160.1183946135084,0.5531
456,2,50,25.00,2.2,0,corps,160.04035492774892,0.7641
457,2,256,128.00,2.2,0,corps,159.962354252079,0.4638
458,4,88,22.00,3.1,0,corps,159.8843925669984,2.8315
459,2,41,20.50,2.2,0,corps,159.8064698530168,1.2785
460,3,287,95.67,2.7,0,corps,159.7285860906535,0.6314
461,2,86,43.00,2.2,0,corps,159.65074126043746,0.8155
462,5,201,40.20,3.6,0,corps,159.57293534290758,0.7699
463,3,107,35.67,2.7,0,corps,159.49516831861234,0.6171
464,2,63,31.50,2.2,0,corps,159.41744016811,0.6115
465,4,140,35.00,3.1,0,corps,159.33975087196853,1.1381
466,2,130,65.00,2.2,0,corps,159.26210041076556,0.5588
467,2,411,205.50,2.2,0,corps,159.18448876508847,0.6069
468,2,148,74.00,2.2,0,corps,159.10691591553444,0.6890
469,2,140,70.00,2.2,0,corps,159.0293818427102,0.4488
470,2,124,62.00,2.2,0,corps,158.95188652723218,0.4520
471,2,227,113.50,2.2,0,corps,158.87442994972662,0.4738
472,4,42,10.50,3.1,0,corps,158.79701209082933,1.7441
473,3,68,22.67,2.7,0,corps,158.7196329311859,0.8759
474,2,68,34.00,2.2,0,corps,158.6422924514515,0.7866
475,2,265,132.50,2.2,0,corps,158.56499063229103,0.4578
476,2,165,82.50,2.2,0,corps,158.487727454379,0.5258
477,2,144,72.00,2.2,0,corps,158.41050289839967,0.4547
478,3,200,66.67,2.7,0,corps,158.33331694504685,0.7304
479,2,271,135.50,2.2,0,corps,158.25616957502407,0.6912
480,2,66,33.00,2.2,0,corps,158.1790607690445,0.8837
481,2,41,20.50,2.2,0,corps,158.10199050783086,1.4367
482,2,246,123.00,2.2,0,corps,158.02495877211572,0.5541
483,2,134,67.00,2.2,0,corps,157.94796554264104,0.5874
484,2,184,92.00,2.2,0,corps,157.8710108001586,0.4817
485,2,128,64.00,2.2,0,corps,157.7940945254296,0.7242
486,2,130,65.00,2.2,0,corps,157.71721669922508,0.4698
487,3,44,14.67,2.7,0,corps,157.6403773023255,1.0310
488,2,93,46.50,2.2,0,corps,157.56357631552106,0.5721
489,2,119,59.50,2.2,0,corps,157.4868137196115,0.7589
490,2,142,71.00,2.2,0,corps,157.41008949540617,0.5055
491,2,133,66.50,2.2,0,corps,157.33340362372402,0.6948
492,2,67,33.50,2.2,0,corps,157.25675608539353,0.6037
493,2,65,32.50,2.2,0,corps,157.1801468612529,0.8861
494,3,237,79.00,2.7,0,corps,157.1035759321498,0.6280
495,2,118,59.00,2.2,0,corps,157.02704327894145,0.8375
496,3,144,48.00,2.7,0,corps,156.9505488824947,0.8924
497,2,182,91.00,2.2,0,corps,156.874092723686,0.3282
498,2,205,102.50,2.2,0,corps,156.79767478340128,0.5150
499,3,257,85.67,2.7,0,corps,156.721295042536,0.6081
500,2,159,79.50,2.2,0,corps,156.64495348199537,0.5258
501,2,105,52.50,2.2,0,corps,156.56865008269384,0.7281
502,2,57,28.50,2.2,0,corps,156.49238482555563,0.7128
503,2,94,47.00,2.2,0,corps,156.41615769151446,0.7400
504,3,99,33.00,2.7,0,corps,156.33996866151344,0.6912
505,2,163,81.50,2.2,0,corps,156.26381771650543,0.5428
506,2,290,145.00,2.2,0,corps,156.1877048374526,0.4740
507,2,74,37.00,2.2,0,corps,156.1116300053268,0.6149
508,3,107,35.67,2.7,0,corps,156.03559320110932,0.6284
509,2,99,49.50,2.2,0,corps,155.95959440579088,0.9192
510,2,37,18.50,2.2,0,corps,155.88363360037187,0.9839
511,3,202,67.33,2.7,0,corps,155.80771076586203,0.4683
512,2,67,33.50,2.2,0,corps,155.7318258832807,1.2402
513,3,127,42.33,2.7,0,corps,155.6559789336566,0.8038
514,2,52,26.00,2.2,0,corps,155.580169898028,0.5782
515,2,143,71.50,2.2,0,corps,155.50439875744271,0.6011
516,5,193,38.60,3.6,0,corps,155.42866549295792,0.7615
517,2,32,16.00,2.2,0,corps,155.3529700856402,1.4512
518,2,73,36.50,2.2,0,corps,155.27731251656587,1.0978
519,2,72,36.00,2.2,0,corps,155.20169276682046,0.6124
520,2,55,27.50,2.2,0,corps,155.12611081749898,1.2755
521,3,114,38.00,2.7,0,corps,155.050566649706,0.8090
522,2,109,54.50,2.2,0,corps,154.97506024455552,0.7551
523,3,59,19.67,2.7,0,corps,154.89959158317083,1.0097
524,2,55,27.50,2.2,0,corps,154.82416064668487,0.8982
525,2,106,53.00,2.2,0,corps,154.74876741623982,0.7032
526,3,75,25.00,2.7,0,corps,154.67341187298743,0.8866
527,2,109,54.50,2.2,0,corps,154.59809399808876,0.6613
528,2,295,147.50,2.2,0,corps,154.5228137727144,0.5522
529,2,72,36.00,2.2,0,corps,154.44757117804429,0.8039
530,2,53,26.50,2.2,0,corps,154.37236619526772,1.3467
531,2,242,121.00,2.2,0,corps,154.2971988055835,0.5598
532,2,60,30.00,2.2,0,corps,154.22206899019977,0.9505
533,2,128,64.00,2.2,0,corps,154.14697673033405,0.5211
534,3,182,60.67,2.7,0,corps,154.0719220072133,0.5981
535,2,143,71.50,2.2,0,corps,153.99690480207383,0.6229
536,2,149,74.50,2.2,0,corps,153.92192509616135,0.5725
537,2,226,113.00,2.2,0,corps,153.8469828707309,0.4364
538,2,93,46.50,2.2,0,corps,153.772078107047,0.7866
539,3,155,51.67,2.7,0,corps,153.69721078638338,0.9280
540,3,69,23.00,2.7,0,corps,153.62238089002324,0.9596
541,2,95,47.50,2.2,0,corps,153.54758839925907,0.8515
542,2,109,54.50,2.2,0,corps,153.4728332953928,0.8920
543,2,93,46.50,2.2,0,corps,153.39811555973566,0.7267
544,5,138,27.60,3.6,0,corps,153.32343517360815,1.4063
545,2,212,106.00,2.2,0,corps,153.24879211834022,0.4806
546,2,271,135.50,2.2,0,corps,153.17418637527112,0.6847
547,2,171,85.50,2.2,0,corps,153.09961792574938,0.6213
548,2,69,34.50,2.2,0,corps,153.02508675113287,1.0399
549,2,136,68.00,2.2,0,corps,152.95059283278886,0.8691
550,2,92,46.00,2.2,0,corps,152.8761361520938,1.1666
551,2,191,95.50,2.2,0,corps,152.80171669043358,0.6039
552,4,114,28.50,3.1,0,corps,152.7273344292033,2.2861
553,3,121,40.33,2.7,0,corps,152.65298934980743,0.8802
554,2,119,59.50,2.2,0,corps,152.57868143365963,0.9413
555,5,222,44.40,3.6,0,corps,152.50441066218298,1.1141
556,2,292,146.00,2.2,0,corps,152.43017701680975,0.6857
557,3,62,20.67,2.7,0,corps,152.35598047898156,1.3306
558,2,101,50.50,2.2,0,corps,152.2818210301493,1.0747
559,2,135,67.50,2.2,0,corps,152.20769865177303,0.5566
560,2,73,36.50,2.2,0,corps,152.1336133253222,0.7978
561,3,94,31.33,2.7,0,corps,152.05956503227546,0.5385
562,2,52,26.00,2.2,0,corps,151.98555375412076,0.9643
563,2,196,98.00,2.2,0,corps,151.9115794723553,0.4458
564,2,83,41.50,2.2,0,corps,151.83764216848544,0.9646
565,2,86,43.00,2.2,0,corps,151.7637418240269,0.6771
566,2,140,70.00,2.2,0,corps,151.68987842050458,0.5123
567,2,220,110.00,2.2,0,corps,151.61605193945263,0.4698
568,2,72,36.00,2.2,0,corps,151.54226236241445,0.6873
569,2,359,179.50,2.2,0,corps,151.46850967094264,0.5643
570,2,122,61.00,2.2,0,corps,151.394793846599,0.5574
571,2,45,22.50,2.2,0,corps,151.32111487095457,0.9617
572,2,119,59.50,2.2,0,corps,151.24747272558966,0.6435
573,4,251,62.75,3.1,0,corps,151.17386739209368,0.9342
574,3,138,46.00,2.7,0,corps,151.10029885206532,0.9733
575,2,219,109.50,2.2,0,corps,151.02676708711243,0.3969
576,3,227,75.67,2.7,0,corps,150.9532720788521,0.8432
577,2,167,83.50,2.2,0,corps,150.87981380891054,0.4374
578,2,138,69.00,2.2,0,corps,150.80639225892318,0.6719
579,2,99,49.50,2.2,0,corps,150.73300741053467,0.7538
580,2,81,40.50,2.2,0,corps,150.65965924539879,0.7587
581,2,44,22.00,2.2,0,corps,150.58634774517847,1.1473
582,2,149,74.50,2.2,0,corps,150.51307289154585,0.3767
583,2,103,51.50,2.2,0,corps,150.4398346661822,0.6253
584,2,183,91.50,2.2,0,corps,150.366633050778,0.4739
585,3,177,59.00,2.7,0,corps,150.29346802703282,0.6916
586,2,157,78.50,2.2,0,corps,150.22033957665542,0.5805
587,2,98,49.00,2.2,0,corps,150.14724768136364,0.7680
588,3,356,118.67,2.7,0,corps,150.07419232288456,0.5542
589,3,158,52.67,2.7,0,corps,150.00117348295433,1.0237
590,4,122,30.50,3.1,0,corps,149.92819114331826,0.8626
591,2,83,41.50,2.2,0,corps,149.8552452857307,0.6019
592,2,147,73.50,2.2,0,corps,149.7823358919552,0.4683
593,2,210,105.00,2.2,0,corps,149.70946294376446,0.4355
594,2,106,53.00,2.2,0,corps,149.6366264229402,0.4313
595,3,82,27.33,2.7,0,corps,149.56382631127335,1.4624
596,2,142,71.00,2.2,0,corps,149.49106259056379,0.6768
597,3,221,73.67,2.7,0,corps,149.41833524262063,0.5472
598,2,195,97.50,2.2,0,corps,149.34564424926208,0.5649
599,2,128,64.00,2.2,0,corps,149.2729895923153,0.5053
600,2,66,33.00,2.2,0,corps,149.2003712536167,0.7540
601,2,39,19.50,2.2,0,corps,149.12778921501166,1.2679
602,5,201,40.20,3.6,0,corps,149.0552434583547,1.0681
603,2,102,51.00,2.2,0,corps,148.98273396550934,0.7807
604,2,137,68.50,2.2,0,corps,148.91026071834824,0.6834
605,4,72,18.00,3.1,0,corps,148.83782369875306,2.2770
606,2,82,41.00,2.2,0,corps,148.76542288861458,1.0015
607,2,142,71.00,2.2,0,corps,148.69305826983256,0.6803
608,4,149,37.25,3.1,0,corps,148.62072982431587,0.9519
609,2,80,40.00,2.2,0,corps,148.5484375339824,0.8705
610,2,94,47.00,2.2,0,corps,148.47618138075904,0.5596
611,2,116,58.00,2.2,0,corps,148.40396134658178,0.6625
612,2,30,15.00,2.2,0,corps,148.3317774133956,2.0117
613,3,227,75.67,2.7,0,corps,148.25962956315456,0.7187
614,3,72,24.00,2.7,0,corps,148.18751777782165,0.9738
615,3,207,69.00,2.7,0,corps,148.11544203936893,0.8388
616,4,135,33.75,3.1,0,corps,148.04340232977745,0.9314
617,2,25,12.50,2.2,0,corps,147.97139863103735,1.1130
618,3,179,59.67,2.7,0,corps,147.8994309251476,0.8022
619,2,105,52.50,2.2,0,corps,147.82749919411637,0.6893
620,2,105,52.50,2.2,0,corps,147.7556034199607,0.8204
621,2,111,55.50,2.2,0,corps,147.6837435847066,0.5922
622,2,60,30.00,2.2,0,corps,147.61191967038917,0.9642
623,3,103,34.33,2.7,0,corps,147.5401316590524,0.7624
624,2,66,33.00,2.2,0,corps,147.46837953274928,0.9705
625,3,64,21.33,2.7,0,corps,147.3966632735418,1.1169
626,4,130,32.50,3.1,0,corps,147.32498286350088,2.2816
627,2,134,67.00,2.2,0,corps,147.25333828470642,0.7906
628,3,62,20.67,2.7,0,corps,147.18172951924728,0.8635
629,2,63,31.50,2.2,0,corps,147.11015654922127,0.9929
630,2,29,14.50,2.2,0,corps,147.03861935673515,1.0931
631,4,139,34.75,3.1,0,corps,146.96711792390457,0.7707
632,2,57,28.50,2.2,0,corps,146.89565223285425,1.0962
633,2,138,69.00,2.2,0,corps,146.82422226571776,0.5899
634,3,120,40.00,2.7,0,corps,146.75282800463754,1.0013
635,2,182,91.00,2.2,0,corps,146.68146943176507,0.6560
636,4,264,66.00,3.1,0,corps,146.61014652926073,1.1699
637,2,89,44.50,2.2,0,corps,146.53885927929372,0.5184
638,2,47,23.50,2.2,0,corps,146.4676076640423,0.9496
639,2,69,34.50,2.2,0,corps,146.39639166569353,0.7992
640,2,113,56.50,2.2,0,corps,146.32521126644343,0.7355
641,2,82,41.00,2.2,0,corps,146.25406644849687,1.0091
642,2,91,45.50,2.2,0,corps,146.18295719406765,0.6850
643,2,116,58.00,2.2,0,corps,146.1118834853785,0.6653
644,2,26,13.00,2.2,0,corps,146.04084530466096,1.5127
645,3,57,19.00,2.7,0,corps,145.96984263415547,1.5338
646,2,94,47.00,2.2,0,corps,145.8988754561114,0.6854
647,2,118,59.00,2.2,0,corps,145.82794375278692,0.6737
648,3,82,27.33,2.7,0,corps,145.7570475064491,1.0014
649,2,135,67.50,2.2,0,corps,145.68618669937393,0.5649
650,4,91,22.75,3.1,0,corps,145.61536131384617,2.6367
651,3,185,61.67,2.7,0,corps,145.54457133215942,0.5275
652,2,88,44.00,2.2,0,corps,145.4738167366163,0.6765
653,3,52,17.33,2.7,0,corps,145.4030975095281,0.8779
654,2,88,44.00,2.2,0,corps,145.332413633215,0.7714
655,2,40,20.00,2.2,0,corps,145.261765090006,1.3681
656,3,49,16.33,2.7,0,corps,145.19115186223908,0.9584
657,2,58,29.00,2.2,0,corps,145.1205739322608,0.6510
658,2,104,52.00,2.2,0,corps,145.0500312824268,0.6170
659,3,64,21.33,2.7,0,corps,144.9795238951013,1.4467
660,2,55,27.50,2.2,0,corps,144.90905175265755,0.7345
661,4,279,69.75,3.1,0,corps,144.83861483747742,0.9109
662,3,77,25.67,2.7,0,corps,144.7682131319518,1.2672
663,4,188,47.00,3.1,0,corps,144.69784661848016,1.1185
664,2,48,24.00,2.2,0,corps,144.62751527947088,0.6458
665,2,127,63.50,2.2,0,corps,144.55721909734118,1.1402
666,3,223,74.33,2.7,0,corps,144.486958054517,0.6679
667,2,139,69.50,2.2,0,corps,144.41673213343304,0.7865
668,2,86,43.00,2.2,0,corps,144.34654131653286,0.9038
669,2,45,22.50,2.2,0,corps,144.27638558626873,0.9023
670,2,151,75.50,2.2,0,corps,144.20626492510172,0.5457
671,2,79,39.50,2.2,0,corps,144.13617931550172,0.7571
672,2,56,28.00,2.2,0,corps,144.06612873994723,0.9488
673,2,80,40.00,2.2,0,corps,143.99611318092568,0.9033
674,2,58,29.00,2.2,0,corps,143.92613262093312,1.1901
675,2,79,39.50,2.2,0,corps,143.85618704247446,1.0339
676,2,62,31.00,2.2,0,corps,143.78627642806333,0.9739
677,2,59,29.50,2.2,0,corps,143.716400760222,1.1864
678,3,112,37.33,2.7,0,corps,143.6465600214816,0.7438
679,2,70,35.00,2.2,0,corps,143.5767541943819,0.7799
680,2,48,24.00,2.2,0,corps,143.50698326147148,1.3725
681,2,94,47.00,2.2,0,corps,143.43724720530764,1.0025
682,4,85,21.25,3.1,0,corps,143.36754600845632,1.5119
683,3,168,56.00,2.7,0,corps,143.2978796534922,1.0203
684,2,37,18.50,2.2,0,corps,143.22824812299874,1.2839
685,2,79,39.50,2.2,0,corps,143.15865139956804,0.8368
686,2,239,119.50,2.2,0,corps,143.0890894658009,0.7436
687,2,125,62.50,2.2,0,corps,143.01956230430685,0.6894
688,2,56,28.00,2.2,0,corps,142.9500698977041,1.2627
689,2,47,23.50,2.2,0,corps,142.88061222861955,1.7686
690,2,106,53.00,2.2,0,corps,142.8111892796888,0.8071
691,4,138,34.50,3.1,0,corps,142.74180103355607,1.3163
692,2,87,43.50,2.2,0,corps,142.67244747287432,0.7161
693,2,104,52.00,2.2,0,corps,142.60312858030517,0.8061
694,2,178,89.00,2.2,0,corps,142.5338443385189,0.7374
695,2,72,36.00,2.2,0,corps,142.46459473019442,0.6109
696,2,107,53.50,2.2,0,corps,142.39537973801936,0.7470
697,4,234,58.50,3.1,0,corps,142.32619934468994,1.5486
698,2,105,52.50,2.2,0,corps,142.25705353291107,0.9015
699,2,168,84.00,2.2,0,corps,142.1879422853963,0.6319
700,2,68,34.00,2.2,0,corps,142.11886558486785,0.8580
701,2,111,55.50,2.2,0,corps,142.0498234140565,0.9942
702,5,58,11.60,3.6,0,corps,141.9808157557017,2.1968
703,2,81,40.50,2.2,0,corps,141.91184259255158,0.9148
704,2,79,39.50,2.2,0,corps,141.84290390736282,0.7511
705,2,121,60.50,2.2,0,corps,141.77399968290075,0.6439
706,2,132,66.00,2.2,0,corps,141.70512990193936,0.8903
707,2,109,54.50,2.2,0,corps,141.6362945472611,0.8988
708,2,179,89.50,2.2,0,corps,141.56749360165725,0.7229
709,2,40,20.00,2.2,0,corps,141.49872704792747,1.2711
710,2,78,39.00,2.2,0,corps,141.4299948688802,0.9550
711,3,116,38.67,2.7,0,corps,141.36129704733233,0.9339
712,3,137,45.67,2.7,0,corps,141.29263356610946,1.1359
713,3,178,59.33,2.7,0,corps,141.2240044080457,0.9202
714,3,40,13.33,2.7,0,corps,141.15540955598377,1.4538
715,3,129,43.00,2.7,0,corps,141.08684899277492,0.8423
716,2,54,27.00,2.2,0,corps,141.01832270127903,0.9485
717,3,61,20.33,2.7,0,corps,140.94983066436455,1.4472
718,4,164,41.00,3.1,0,corps,140.88137286490843,0.9665
719,2,91,45.50,2.2,0,corps,140.81294928579624,1.0739
720,2,57,28.50,2.2,0,corps,140.74455990992206,0.8424
721,2,152,76.00,2.2,0,corps,140.67620472018865,0.5123
722,2,55,27.50,2.2,0,corps,140.60788369950706,0.7883
723,3,154,51.33,2.7,0,corps,140.5395968307971,0.4391
724,2,86,43.00,2.2,0,corps,140.4713440969871,0.5840
725,6,182,30.33,4.0,0,corps,140.40312548101383,0.9184
726,2,203,101.50,2.2,0,corps,140.33494096582265,0.4405
727,2,65,32.50,2.2,0,corps,140.26679053436737,1.1332
728,2,119,59.50,2.2,0,corps,140.19867416961048,0.5159
729,3,127,42.33,2.7,0,corps,140.13059185452283,0.7798
730,4,106,26.50,3.1,0,corps,140.06254357208385,1.1685
731,3,82,27.33,2.7,0,corps,139.9945293052815,0.5041
732,3,184,61.33,2.7,0,corps,139.92654903711215,0.6988
733,4,122,30.50,3.1,0,corps,139.8586027505808,0.8345
734,2,97,48.50,2.2,0,corps,139.79069042870077,0.8224
735,3,70,23.33,2.7,0,corps,139.7228120544941,0.8404
736,2,154,77.00,2.2,0,corps,139.65496761099118,0.5235
737,3,124,41.33,2.7,0,corps,139.58715708123083,1.0359
738,2,144,72.00,2.2,0,corps,139.51938044826048,0.6472
739,2,146,73.00,2.2,0,corps,139.4516376951359,0.6924
740,3,116,38.67,2.7,0,corps,139.3839288049215,0.6832
741,3,98,32.67,2.7,0,corps,139.31625376069002,1.0247
742,2,105,52.50,2.2,0,corps,139.24861254552266,0.8821
743,2,44,22.00,2.2,0,corps,139.18100514250912,1.1102
744,2,76,38.00,2.2,0,corps,139.1134315347476,1.2145
745,3,75,25.00,2.7,0,corps,139.04589170534464,1.1973
746,2,34,17.00,2.2,0,corps,138.97838563741533,1.5970
747,2,157,78.50,2.2,0,corps,138.91091331408313,0.6230
748,2,125,62.50,2.2,0,corps,138.84347471847997,0.6252
749,2,169,84.50,2.2,0,corps,138.77606983374616,0.6687
750,2,98,49.00,2.2,0,corps,138.70869864303057,0.8552
751,2,36,18.00,2.2,0,corps,138.6413611294903,1.9792
752,2,56,28.00,2.2,0,corps,138.574057276291,1.3314
753,4,277,69.25,3.1,0,corps,138.50678706660673,0.6882
754,3,66,22.00,2.7,0,corps,138.43955048361997,1.4580
755,2,30,15.00,2.2,0,corps,138.37234751052148,1.4671
756,2,105,52.50,2.2,0,corps,138.30517813051057,0.7818
757,2,111,55.50,2.2,0,corps,138.2380423267949,0.7510
758,2,231,115.50,2.2,0,corps,138.17094008259053,0.5089
759,2,36,18.00,2.2,0,corps,138.10387138112188,1.1121
760,4,100,25.00,3.1,0,corps,138.03683620562174,0.9975
761,2,77,38.50,2.2,0,corps,137.96983453933137,1.3610
762,3,50,16.67,2.7,0,corps,137.90286636550033,1.5110
763,2,21,10.50,2.2,0,corps,137.8359316673866,2.6136
764,4,121,30.25,3.1,0,corps,137.76903042825646,1.5176
765,2,118,59.00,2.2,0,corps,137.70216263138465,0.9395
766,2,31,15.50,2.2,0,corps,137.63532826005417,1.5333
767,2,114,57.00,2.2,0,corps,137.56852729755644,0.8771
768,2,91,45.50,2.2,0,corps,137.50175972719123,0.9285
769,2,50,25.00,2.2,0,corps,137.43502553226668,1.3090
770,2,144,72.00,2.2,0,corps,137.3683246960992,0.7080
771,2,62,31.00,2.2,0,corps,137.30165720201356,1.0603
772,2,76,38.00,2.2,0,corps,137.2350230333429,0.8862
773,3,126,42.00,2.7,0,corps,137.16842217342875,1.2824
774,2,40,20.00,2.2,0,corps,137.10185460562082,1.7454
775,2,106,53.00,2.2,0,corps,137.0353203132772,0.9138
776,2,67,33.50,2.2,0,corps,136.96881927976438,0.8504
777,2,60,30.00,2.2,0,corps,136.9023514884571,1.0519
778,2,10,5.00,2.2,0,corps,136.83591692273833,1.9767
779,2,54,27.00,2.2,0,corps,136.7695155659995,0.8881
780,3,58,19.33,2.7,0,corps,136.70314740164028,1.1672
781,2,62,31.00,2.2,0,corps,136.63681241306858,1.5003
782,3,89,29.67,2.7,0,corps,136.57051058370067,1.1078
783,3,95,31.67,2.7,0,corps,136.5042418969611,1.1302
784,2,126,63.00,2.2,0,corps,136.43800633628268,0.7904
785,2,109,54.50,2.2,0,corps,136.37180388510657,0.6791
786,5,209,41.80,3.6,0,corps,136.3056345268821,1.1619
787,4,265,66.25,3.1,0,corps,136.23949824506695,0.9298
788,3,83,27.67,2.7,0,corps,136.17339502312706,1.0825
789,2,122,61.00,2.2,0,corps,136.1073248445366,0.8851
790,3,138,46.00,2.7,0,corps,136.04128769277807,0.9030
791,2,37,18.50,2.2,0,corps,135.97528355134213,1.6199
792,2,84,42.00,2.2,0,corps,135.9093124037277,0.6991
793,4,65,16.25,3.1,0,corps,135.84337423344215,1.3982
794,2,60,30.00,2.2,0,corps,135.7774690240008,0.8433
795,2,93,46.50,2.2,0,corps,135.71159675892744,0.6677
796,5,96,19.20,3.6,0,corps,135.6457574217539,1.1169
797,3,104,34.67,2.7,0,corps,135.57995099602041,0.8326
798,3,62,20.67,2.7,0,corps,135.5141774652754,0.8460
799,4,161,40.25,3.1,0,corps,135.4484368130754,1.0394
800,2,70,35.00,2.2,0,corps,135.3827290229853,0.8633
801,4,64,16.00,3.1,0,corps,135.31705407857814,1.7343
802,3,81,27.00,2.7,0,corps,135.25141196343517,0.6751
803,2,61,30.50,2.2,0,corps,135.18580266114589,0.7036
804,3,42,14.00,2.7,0,corps,135.12022615530796,1.2035
805,2,135,67.50,2.2,0,corps,135.05468242952725,0.4882
806,2,114,57.00,2.2,0,corps,134.98917146741783,0.6161
807,4,84,21.00,3.1,0,corps,134.92369325260196,1.0550
808,2,82,41.00,2.2,0,corps,134.85824776871007,0.7144
809,2,69,34.50,2.2,0,corps,134.7928349993808,0.7894
810,2,29,14.50,2.2,0,corps,134.72745492826098,1.3339
811,3,62,20.67,2.7,0,corps,134.66210753900558,0.9367
812,4,121,30.25,3.1,0,corps,134.59679281527772,2.7361
813,2,134,67.00,2.2,0,corps,134.53151074074876,0.5180
814,2,78,39.00,2.2,0,corps,134.46626129909816,0.6355
815,2,99,49.50,2.2,0,corps,134.4010444740136,0.6058
816,3,136,45.33,2.7,0,corps,134.33586024919077,0.9506
817,3,56,18.67,2.7,0,corps,134.27070860833373,1.4056
818,2,33,16.50,2.2,0,corps,134.2055895351545,1.3399
819,3,44,14.67,2.7,0,corps,134.14050301337332,1.4549
820,3,147,49.00,2.7,0,corps,134.0754490267186,0.5527
821,3,115,38.33,2.7,0,corps,134.0104275589268,0.8452
822,2,49,24.50,2.2,0,corps,133.94543859374258,1.0578
823,2,72,36.00,2.2,0,corps,133.88048211491866,0.6143
824,3,85,28.33,2.7,0,corps,133.81555810621597,1.0700
825,2,67,33.50,2.2,0,corps,133.75066655140347,0.6744
826,2,35,17.50,2.2,0,corps,133.6858074342583,1.0860
827,4,106,26.50,3.1,0,corps,133.62098073856563,1.3626
828,3,79,26.33,2.7,0,corps,133.55618644811886,0.9083
829,2,160,80.00,2.2,0,corps,133.49142454671934,0.6273
830,3,59,19.67,2.7,0,corps,133.42669501817664,0.9474
831,3,149,49.67,2.7,0,corps,133.36199784630838,0.7659
832,2,52,26.00,2.2,0,corps,133.29733301494025,1.0582
833,2,91,45.50,2.2,0,corps,133.23270050790606,0.6133
834,2,140,70.00,2.2,0,corps,133.16810030904767,0.6181
835,2,126,63.00,2.2,0,corps,133.10353240221502,0.7228
836,7,241,34.43,4.4,0,corps,133.0389967712661,0.7061
837,2,57,28.50,2.2,0,corps,132.97449340006713,1.1592
838,3,70,23.33,2.7,0,corps,132.91002227249214,0.7279
839,4,144,36.00,3.1,0,corps,132.8455833724234,0.7017
840,2,56,28.00,2.2,0,corps,132.78117668375114,1.0915
841,3,71,23.67,2.7,0,corps,132.71680219037373,1.0099
842,2,59,29.50,2.2,0,corps,132.65245987619755,0.9446
843,2,86,43.00,2.2,0,corps,132.58814972513701,0.8993
844,3,87,29.00,2.7,0,corps,132.5238717211146,0.9117
845,2,26,13.00,2.2,0,corps,132.45962584806074,1.2514
846,3,127,42.33,2.7,0,corps,132.39541208991403,0.8427
847,5,126,25.20,3.6,0,corps,132.33123043062102,1.0072
848,3,69,23.00,2.7,0,corps,132.26708085413628,1.2987
849,2,104,52.00,2.2,0,corps,132.20296334442241,0.6312
850,2,55,27.50,2.2,0,corps,132.13887788545006,0.6190
851,2,107,53.50,2.2,0,corps,132.07482446119786,0.8173
852,2,84,42.00,2.2,0,corps,132.01080305565242,0.7840
853,2,54,27.00,2.2,0,corps,131.94681365280843,0.6469
854,2,65,32.50,2.2,0,corps,131.8828562366685,1.1465
855,2,125,62.50,2.2,0,corps,131.8189307912433,0.5644
856,3,102,34.00,2.7,0,corps,131.75503730055146,0.7194
857,3,45,15.00,2.7,0,corps,131.69117574861963,1.3302
858,3,65,21.67,2.7,0,corps,131.62734611948238,0.9983
859,2,71,35.50,2.2,0,corps,131.56354839718233,0.7603
860,6,103,17.17,4.0,0,corps,131.49978256577003,4.7436
861,2,164,82.00,2.2,0,corps,131.43604860930407,0.9530
862,4,128,32.00,3.1,0,corps,131.37234651185094,1.0564
863,4,95,23.75,3.1,0,corps,131.30867625748505,1.1673
864,2,80,40.00,2.2,0,corps,131.24503783028888,0.9528
865,2,64,32.00,2.2,0,corps,131.18143121435287,0.8448
866,4,56,14.00,3.1,0,corps,131.1178563937753,1.6459
867,2,31,15.50,2.2,0,corps,131.05431335266252,1.3437
868,3,102,34.00,2.7,0,corps,130.99080207512873,0.8928
869,2,42,21.00,2.2,0,corps,130.9273225452961,1.2134
870,4,89,22.25,3.1,0,corps,130.8638747472948,1.1635
871,2,78,39.00,2.2,0,corps,130.8004586652628,0.9088
872,2,44,22.00,2.2,0,corps,130.73707428334617,1.5190
873,2,50,25.00,2.2,0,corps,130.67372158569876,0.9995
874,3,108,36.00,2.7,0,corps,130.6104005564824,1.1433
875,2,98,49.00,2.2,0,corps,130.54711117986685,0.7968
876,4,86,21.50,3.1,0,corps,130.48385344002972,1.1054
877,2,35,17.50,2.2,0,corps,130.42062732115664,1.4249
878,2,34,17.00,2.2,0,corps,130.35743280744106,1.0817
879,4,134,33.50,3.1,0,corps,130.29426988308433,1.0951
880,2,90,45.00,2.2,0,corps,130.23113853229572,0.8224
881,3,42,14.00,2.7,0,corps,130.1680387392924,1.6110
882,2,15,7.50,2.2,0,corps,130.10497048829941,1.5521
883,3,44,14.67,2.7,0,corps,130.04193376354974,1.9149
884,2,155,77.50,2.2,0,corps,129.97892854928412,0.7778
885,2,102,51.00,2.2,0,corps,129.9159548297513,1.0782
886,2,27,13.50,2.2,0,corps,129.85301258920788,1.7928
887,2,28,14.00,2.2,0,corps,129.79010181191825,1.1481
888,2,99,49.50,2.2,0,corps,129.7272224821547,0.8396
889,3,176,58.67,2.7,0,corps,129.66437458419745,1.5783
890,2,68,34.00,2.2,0,corps,129.60155810233448,1.1512
891,4,82,20.50,3.1,0,corps,129.5387730208617,1.0894
892,4,91,22.75,3.1,0,corps,129.47601932408284,1.5055
893,3,87,29.00,2.7,0,corps,129.41329699630944,1.0179
894,2,72,36.00,2.2,0,corps,129.35060602186098,0.8319
895,3,197,65.67,2.7,0,corps,129.28794638506466,0.8110
896,4,130,32.50,3.1,0,corps,129.22531807025558,0.9017
897,2,50,25.00,2.2,0,corps,129.16272106177667,1.3125
898,3,90,30.00,2.7,0,corps,129.10015534397868,1.1925
899,2,56,28.00,2.2,0,corps,129.0376209012202,1.4731
900,3,55,18.33,2.7,0,corps,128.9751177178676,1.3016
901,3,97,32.33,2.7,0,corps,128.91264577829503,0.9437
902,4,108,27.00,3.1,0,corps,128.85020506688457,0.9229
903,3,119,39.67,2.7,0,corps,128.78779556802604,0.9203
904,2,28,14.00,2.2,0,corps,128.72541726611706,1.0786
905,2,41,20.50,2.2,0,corps,128.66307014556304,0.6284
906,3,183,61.00,2.7,0,corps,128.6007541907772,0.9141
907,2,87,43.50,2.2,0,corps,128.53846938618054,0.9151
908,3,107,35.67,2.7,0,corps,128.47621571620192,1.1394
909,2,40,20.00,2.2,0,corps,128.41399316527784,0.9019
910,2,50,25.00,2.2,0,corps,128.35180171785274,0.8442
911,2,128,64.00,2.2,0,corps,128.28964135837867,1.0480
912,3,106,35.33,2.7,0,corps,128.2275120713156,0.9647
913,2,85,42.50,2.2,0,corps,128.1654138411312,0.7417
914,3,95,31.67,2.7,0,corps,128.10334665230093,0.9159
915,2,86,43.00,2.2,0,corps,128.04131048930793,1.0027
916,2,87,43.50,2.2,0,corps,127.97930533664324,1.0385
917,6,159,26.50,4.0,0,corps,127.91733117880548,1.4328
918,2,33,16.50,2.2,0,corps,127.8553880003012,1.9777
919,2,57,28.50,2.2,0,corps,127.79347578564455,0.7961
920,4,53,13.25,3.1,0,corps,127.7315945193575,1.4491
921,3,78,26.00,2.7,0,corps,127.6697441859697,1.0571
922,4,139,34.75,3.1,0,corps,127.60792477001863,0.7822
923,3,34,11.33,2.7,0,corps,127.54613625604935,1.6084
924,6,172,28.67,4.0,0,corps,127.48437862861482,0.9830
925,3,114,38.00,2.7,0,corps,127.42265187227557,0.9283
926,3,118,39.33,2.7,0,corps,127.36095597159994,0.8359
927,2,66,33.00,2.2,0,corps,127.29929091116392,0.8187
928,2,82,41.00,2.2,0,corps,127.23765667555129,0.7867
929,4,118,29.50,3.1,0,corps,127.17605324935346,0.9635
930,2,43,21.50,2.2,0,corps,127.11448061716959,0.6162
931,2,55,27.50,2.2,0,corps,127.05293876360653,1.3439
932,2,75,37.50,2.2,0,corps,126.99142767327878,0.8840
933,4,138,34.50,3.1,0,corps,126.9299473308086,0.6630
934,3,85,28.33,2.7,0,corps,126.86849772082589,1.8064
935,2,97,48.50,2.2,0,corps,126.80707882796827,0.6813
936,2,29,14.50,2.2,0,corps,126.74569063688097,0.8208
937,4,113,28.25,3.1,0,corps,126.68433313221699,0.8835
938,3,87,29.00,2.7,0,corps,126.6230062986369,1.0377
939,2,35,17.50,2.2,0,corps,126.56171012080905,0.8703
940,2,51,25.50,2.2,0,corps,126.50044458340935,0.9003
941,3,94,31.33,2.7,0,corps,126.43920967112146,1.0147
942,3,45,15.00,2.7,0,corps,126.37800536863662,1.4830
943,2,102,51.00,2.2,0,corps,126.31683166065373,0.7347
944,3,101,33.67,2.7,0,corps,126.25568853187943,0.8559
945,3,52,17.33,2.7,0,corps,126.19457596702787,1.1797
946,2,70,35.00,2.2,0,corps,126.13349395082093,1.4398
947,3,84,28.00,2.7,0,corps,126.07244246798817,1.3712
948,3,60,20.00,2.7,0,corps,126.0114215032666,1.0772
949,5,86,17.20,3.6,0,corps,125.95043104140106,1.2302
950,3,79,26.33,2.7,0,corps,125.88947106714394,1.3180
951,4,108,27.00,3.1,0,corps,125.82854156525521,1.0940
952,4,127,31.75,3.1,0,corps,125.7676425205025,1.3895
953,2,70,35.00,2.2,0,corps,125.70677391766105,1.0250
954,2,175,87.50,2.2,0,corps,125.64593574151372,0.8333
955,2,31,15.50,2.2,0,corps,125.58512797685096,2.3132
956,2,137,68.50,2.2,0,corps,125.52435060847083,1.0142
957,5,178,35.60,3.6,0,corps,125.46360362117896,1.0382
958,3,73,24.33,2.7,0,corps,125.40288699978865,0.8597
959,2,55,27.50,2.2,0,corps,125.34220072912072,1.4276
960,3,81,27.00,2.7,0,corps,125.2815447940036,0.9872
961,2,51,25.50,2.2,0,corps,125.22091917927331,1.4596
962,3,89,29.67,2.7,0,corps,125.16032386977346,1.2098
963,2,39,19.50,2.2,0,corps,125.0997588503552,1.5263
964,4,42,10.50,3.1,0,corps,125.0392241058773,7.6388
965,2,81,40.50,2.2,0,corps,124.97871962120601,0.8907
966,3,57,19.00,2.7,0,corps,124.9182453812153,1.7493
967,2,63,31.50,2.2,0,corps,124.85780137078655,1.2275
968,10,133,13.30,5.8,0,corps,124.79738757480878,1.4848
969,2,80,40.00,2.2,0,corps,124.7370039781785,0.6591
970,2,61,30.50,2.2,0,corps,124.67665056579989,1.0102
971,2,61,30.50,2.2,0,corps,124.61632732258454,1.2281
972,2,26,13.00,2.2,0,corps,124.55603423345163,1.3345
973,2,84,42.00,2.2,0,corps,124.4957712833279,1.1153
974,3,103,34.33,2.7,0,corps,124.43553845714763,1.1393
975,3,87,29.00,2.7,0,corps,124.3753357398526,1.1335
976,4,212,53.00,3.1,0,corps,124.31516311639214,0.8513
977,2,47,23.50,2.2,0,corps,124.25502057172308,1.1285
978,2,97,48.50,2.2,0,corps,124.19490809080978,0.8246
979,2,96,48.00,2.2,0,corps,124.13482565862415,0.8713
980,2,55,27.50,2.2,0,corps,124.07477326014555,0.8678
981,2,63,31.50,2.2,0,corps,124.01475088036089,1.4069
982,2,45,22.50,2.2,0,corps,123.95475850426459,1.0154
983,2,57,28.50,2.2,0,corps,123.89479611685852,1.2464
984,2,48,24.00,2.2,0,corps,123.83486370315211,0.8926
985,4,60,15.00,3.1,0,corps,123.77496124816226,1.1307
986,2,27,13.50,2.2,0,corps,123.7150887369133,1.4507
987,3,110,36.67,2.7,0,corps,123.6552461544372,0.9442
988,2,63,31.50,2.2,0,corps,123.59543348577324,1.1080
989,3,43,14.33,2.7,0,corps,123.53565071596829,1.2112
990,2,29,14.50,2.2,0,corps,123.47589783007662,2.0304
991,3,56,18.67,2.7,0,corps,123.41617481316005,1.3326
992,4,90,22.50,3.1,0,corps,123.35648165028779,1.3073
993,4,150,37.50,3.1,0,corps,123.29681832653657,0.9355
994,2,54,27.00,2.2,0,corps,123.23718482699056,0.8686
995,2,107,53.50,2.2,0,corps,123.17758113674138,0.8228
996,3,87,29.00,2.7,0,corps,123.11800724088806,1.2896
997,2,70,35.00,2.2,0,corps,123.05846312453723,1.1668
998,4,57,14.25,3.1,0,corps,122.99894877280278,6.3823
999,4,68,17.00,3.1,0,corps,122.93946417080615,1.2945
1000,2,77,38.50,2.2,0,corps,122.88000930367615,0.8551
1001,2,77,38.50,2.2,0,corps,122.82058415654913,1.0161
1002,3,111,37.00,2.7,0,corps,122.76118871456876,1.1890
1003,2,106,53.00,2.2,0,corps,122.70182296288617,1.1547
1004,2,100,50.00,2.2,0,corps,122.64248688665995,1.1078
1005,2,66,33.00,2.2,0,corps,122.58318047105607,1.1092
1006,2,96,48.00,2.2,0,corps,122.52390370124793,1.2054
1007,8,122,15.25,4.9,0,corps,122.46465656241632,1.9795
1008,5,92,18.40,3.6,0,corps,122.40543903974948,1.6574
1009,3,33,11.00,2.7,0,corps,122.34625111844304,2.5824
1010,2,138,69.00,2.2,0,corps,122.28709278369993,0.8741
1011,2,36,18.00,2.2,0,corps,122.22796402073071,1.2898
1012,2,80,40.00,2.2,0,corps,122.16886481475304,0.8132
1013,3,65,21.67,2.7,0,corps,122.10979515099223,1.3706
1014,3,48,16.00,2.7,0,corps,122.05075501468082,1.7859
1015,4,62,15.50,3.1,0,corps,121.99174439105877,1.6680
1016,4,73,18.25,3.1,0,corps,121.93276326537344,1.2891
1017,2,31,15.50,2.2,0,corps,121.87381162287953,1.3313
1018,2,66,33.00,2.2,0,corps,121.81488944883915,1.1256
1019,3,92,30.67,2.7,0,corps,121.75599672852175,1.6806
1020,2,99,49.50,2.2,0,corps,121.69713344720412,1.2507
1021,3,86,28.67,2.7,0,corps,121.63829959017048,1.0101
1022,2,161,80.50,2.2,0,corps,121.57949514271236,0.7671
1023,3,82,27.33,2.7,0,corps,121.52072009012865,1.2765
1024,2,61,30.50,2.2,0,corps,121.46197441772553,0.6979
1025,5,196,39.20,3.6,0,corps,121.40325811081667,0.8200
1026,8,159,19.88,4.9,0,corps,121.34457115472293,1.6116
1027,4,134,33.50,3.1,0,corps,121.28591353477259,0.8091
1028,2,39,19.50,2.2,0,corps,121.22728523630121,0.9791
1029,4,72,18.00,3.1,0,corps,121.16868624465182,1.3938
1030,4,78,19.50,3.1,0,corps,121.11011654517453,4.7195
1031,2,79,39.50,2.2,0,corps,121.05157612322705,0.9348
1032,2,18,9.00,2.2,0,corps,120.99306496417417,2.3672
1033,2,52,26.00,2.2,0,corps,120.93458305338815,0.6922
1034,3,55,18.33,2.7,0,corps,120.87613037624851,1.1496
1035,2,17,8.50,2.2,0,corps,120.81770691814206,2.0066
1036,2,116,58.00,2.2,0,corps,120.75931266446295,1.0074
1037,2,53,26.50,2.2,0,corps,120.70094760061265,0.8180
1038,3,35,11.67,2.7,0,corps,120.64261171199982,0.9735
1039,4,117,29.25,3.1,0,corps,120.58430498404053,0.9125
1040,2,42,21.00,2.2,0,corps,120.52602740215809,1.2365
1041,2,29,14.50,2.2,0,corps,120.46777895178313,1.2469
1042,2,75,37.50,2.2,0,corps,120.40955961835347,0.8632
1043,3,67,22.33,2.7,0,corps,120.35136938731436,1.5535
1044,3,60,20.00,2.7,0,corps,120.2932082441182,1.3594
1045,2,71,35.50,2.2,0,corps,120.2350761742247,1.0035
1046,4,83,20.75,3.1,0,corps,120.17697316310085,1.8401
1047,3,59,19.67,2.7,0,corps,120.1188991962209,2.7384
1048,3,107,35.67,2.7,0,corps,120.06085425906635,1.5418
1049,2,38,19.00,2.2,0,corps,120.00283833712595,1.2579
1050,3,98,32.67,2.7,0,corps,119.94485141589577,1.1165
1051,2,40,20.00,2.2,0,corps,119.88689348087904,1.0765
1052,2,65,32.50,2.2,0,corps,119.82896451758627,1.0266
1053,2,62,31.00,2.2,0,corps,119.77106451153523,1.0202
1054,5,140,28.00,3.6,0,corps,119.71319344825093,3.2177
1055,3,91,30.33,2.7,0,corps,119.65535131326558,1.1185
1056,4,83,20.75,3.1,0,corps,119.59753809211868,1.0574
1057,3,105,35.00,2.7,0,corps,119.53975377035692,0.8474
1058,2,24,12.00,2.2,0,corps,119.48199833353416,1.5714
1059,7,142,20.29,4.4,0,corps,119.42427176721162,1.2240
1060,2,63,31.50,2.2,0,corps,119.3665740569576,1.1909
1061,5,114,22.80,3.6,0,corps,119.30890518834774,1.0677
1062,2,79,39.50,2.2,0,corps,119.25126514696474,0.7343
1063,5,106,21.20,3.6,0,corps,119.19365391839862,1.1755
1064,4,96,24.00,3.1,0,corps,119.13607148824659,1.2866
1065,2,63,31.50,2.2,0,corps,119.07851784211306,1.0455
1066,4,87,21.75,3.1,0,corps,119.02099296560955,0.9355
1067,4,50,12.50,3.1,0,corps,118.96349684435489,2.2645
1068,4,156,39.00,3.1,0,corps,118.90602946397506,1.0628
1069,3,88,29.33,2.7,0,corps,118.84859081010318,1.1981
1070,4,84,21.00,3.1,0,corps,118.79118086837957,1.0432
1071,2,22,11.00,2.2,0,corps,118.7337996244518,1.4138
1072,2,30,15.00,2.2,0,corps,118.67644706397455,1.5579
1073,4,130,32.50,3.1,0,corps,118.61912317260965,2.6955
1074,2,54,27.00,2.2,0,corps,118.56182793602615,1.3251
1075,3,75,25.00,2.7,0,corps,118.50456133990022,1.2215
1076,2,76,38.00,2.2,0,corps,118.44732336991524,1.0516
1077,3,74,24.67,2.7,0,corps,118.39011401176167,1.9643
1078,2,35,17.50,2.2,0,corps,118.3329332511372,1.0640
1079,5,104,20.80,3.6,0,corps,118.27578107374666,1.5063
1080,2,117,58.50,2.2,0,corps,118.21865746530197,0.6931
1081,2,76,38.00,2.2,0,corps,118.16156241152225,1.0312
1082,2,46,23.00,2.2,0,corps,118.10449589813372,1.0146
1083,5,66,13.20,3.6,0,corps,118.04745791086977,1.1171
1084,2,114,57.00,2.2,0,corps,117.99044843547088,0.9575
1085,2,30,15.00,2.2,0,corps,117.9334674576847,0.9950
1086,2,57,28.50,2.2,0,corps,117.87651496326596,1.3950
1087,4,127,31.75,3.1,0,corps,117.81959093797656,1.1453
1088,2,33,16.50,2.2,0,corps,117.76269536758551,1.2240
1089,4,74,18.50,3.1,0,corps,117.70582823786889,0.9346
1090,3,109,36.33,2.7,0,corps,117.6489895346099,1.1902
1091,4,82,20.50,3.1,0,corps,117.59217924359888,1.1153
1092,4,114,28.50,3.1,0,corps,117.53539735063327,0.8415
1093,5,75,15.00,3.6,0,corps,117.47864384151761,1.3507
1094,2,36,18.00,2.2,0,corps,117.4219187020635,1.8984
1095,4,92,23.00,3.1,0,corps,117.36522191808965,1.0700
1096,4,161,40.25,3.1,0,corps,117.30855347542185,1.0329
1097,3,92,30.67,2.7,0,corps,117.25191335989302,0.9449
1098,2,44,22.00,2.2,0,corps,117.19530155734313,1.1007
1099,2,79,39.50,2.2,0,corps,117.1387180536192,1.2186
1100,3,53,17.67,2.7,0,corps,117.08216283457537,1.6124
1101,2,40,20.00,2.2,0,corps,117.02563588607286,1.0651
1102,3,55,18.33,2.7,0,corps,116.96913719397992,1.2840
1103,2,61,30.50,2.2,0,corps,116.91266674417184,1.0467
1104,5,126,25.20,3.6,0,corps,116.85622452253104,1.3529
1105,4,179,44.75,3.1,0,corps,116.79981051494697,0.9888
1106,3,61,20.33,2.7,0,corps,116.74342470731611,1.0413
1107,2,75,37.50,2.2,0,corps,116.68706708554201,1.2454
1108,2,58,29.00,2.2,0,corps,116.63073763553528,1.0662
1109,4,122,30.50,3.1,0,corps,116.57443634321353,0.9131
1110,3,43,14.33,2.7,0,corps,116.51816319450145,1.7372
1111,4,93,23.25,3.1,0,corps,116.46191817533078,1.4969
1112,2,49,24.50,2.2,0,corps,116.40570127164021,1.1237
1113,2,81,40.50,2.2,0,corps,116.34951246937557,0.8858
1114,2,73,36.50,2.2,0,corps,116.2933517544896,1.0848
1115,4,38,9.50,3.1,0,corps,116.23721911294219,1.9668
1116,2,44,22.00,2.2,0,corps,116.1811145307001,1.2114
1117,3,94,31.33,2.7,0,corps,116.12503799373725,1.1596
1118,4,106,26.50,3.1,0,corps,116.0689894880345,1.2739
1119,3,50,16.67,2.7,0,corps,116.0129689995797,1.2957
1120,2,43,21.50,2.2,0,corps,115.95697651436771,1.6571
1121,2,63,31.50,2.2,0,corps,115.90101201840046,1.8220
1122,3,76,25.33,2.7,0,corps,115.84507549768676,1.1700
1123,3,183,61.00,2.7,0,corps,115.78916693824257,1.0305
1124,3,78,26.00,2.7,0,corps,115.73328632609064,1.6507
1125,2,63,31.50,2.2,0,corps,115.67743364726091,0.9568
1126,4,116,29.00,3.1,0,corps,115.62160888779019,1.0967
1127,2,51,25.50,2.2,0,corps,115.56581203372221,1.0572
1128,4,104,26.00,3.1,0,corps,115.51004307110786,1.0892
1129,2,69,34.50,2.2,0,corps,115.45430198600486,1.0876
1130,3,179,59.67,2.7,0,corps,115.39858876447795,0.9019
1131,4,116,29.00,3.1,0,corps,115.34290339259879,1.2661
1132,3,68,22.67,2.7,0,corps,115.28724585644605,1.2111
1133,2,68,34.00,2.2,0,corps,115.23161614210535,1.0654
1134,2,64,32.00,2.2,0,corps,115.1760142356693,0.8517
1135,3,60,20.00,2.7,0,corps,115.12044012323734,1.2726
1136,3,81,27.00,2.7,0,corps,115.06489379091602,0.9685
1137,4,98,24.50,3.1,0,corps,115.00937522481875,1.0449
1138,2,80,40.00,2.2,0,corps,114.95388441106584,0.7541
1139,2,65,32.50,2.2,0,corps,114.8984213357846,0.8654
1140,2,120,60.00,2.2,0,corps,114.84298598510927,0.7824
1141,4,55,13.75,3.1,0,corps,114.787578345181,1.0532
1142,5,142,28.40,3.6,0,corps,114.73219840214794,0.7598
1143,2,49,24.50,2.2,0,corps,114.67684614216505,1.1183
1144,6,104,17.33,4.0,0,corps,114.62152155139424,1.8298
1145,2,73,36.50,2.2,0,corps,114.5662246160044,1.2940
1146,2,44,22.00,2.2,0,corps,114.51095532217133,0.7167
1147,2,60,30.00,2.2,0,corps,114.45571365607763,0.9080
1148,2,52,26.00,2.2,0,corps,114.40049960391292,0.8652
1149,2,38,19.00,2.2,0,corps,114.34531315187368,0.5485
1150,2,35,17.50,2.2,0,corps,114.29015428616331,0.7446
1151,2,69,34.50,2.2,0,corps,114.23502299299209,0.9215
1152,2,76,38.00,2.2,0,corps,114.1799192585772,0.6342
1153,6,155,25.83,4.0,0,corps,114.12484306914268,0.8657
1154,5,127,25.40,3.6,0,corps,114.06979441091953,0.8459
1155,2,73,36.50,2.2,0,corps,114.01477327014553,0.6116
1156,3,62,20.67,2.7,0,corps,113.95977963306542,0.7411
1157,3,71,23.67,2.7,0,corps,113.90481348593082,1.2493
1158,4,40,10.00,3.1,0,corps,113.84987481500013,1.6993
1159,3,103,34.33,2.7,0,corps,113.79496360653873,0.5361
1160,3,62,20.67,2.7,0,corps,113.7400798468188,0.4795
1161,4,56,14.00,3.1,0,corps,113.6852235221194,1.3932
1162,2,52,26.00,2.2,0,corps,113.63039461872646,1.1220
1163,2,45,22.50,2.2,0,corps,113.57559312293273,1.3402
1164,3,95,31.67,2.7,0,corps,113.52081902103788,1.3211
1165,2,38,19.00,2.2,0,corps,113.46607229934833,1.7462
1166,2,41,20.50,2.2,0,corps,113.41135294417744,0.8975
1167,5,113,22.60,3.6,0,corps,113.35666094184535,1.4199
1168,5,94,18.80,3.6,0,corps,113.3019962786791,1.2303
1169,2,30,15.00,2.2,0,corps,113.24735894101244,2.1828
1170,6,162,27.00,4.0,0,corps,113.19274891518609,3.2961
1171,2,36,18.00,2.2,0,corps,113.13816618754755,1.6135
1172,4,102,25.50,3.1,0,corps,113.08361074445112,1.4505
1173,4,107,26.75,3.1,0,corps,113.02908257225795,1.4418
1174,6,88,14.67,4.0,0,corps,112.97458165733599,2.1238
1175,3,53,17.67,2.7,0,corps,112.92010798605997,1.7309
1176,2,33,16.50,2.2,0,corps,112.86566154481157,1.5380
1177,6,144,24.00,4.0,0,corps,112.81124231997912,3.7603
1178,2,31,15.50,2.2,0,corps,112.75685029795781,1.0671
1179,2,61,30.50,2.2,0,corps,112.70248546514962,1.0696
1180,2,64,32.00,2.2,0,corps,112.6481478079634,1.1735
1181,2,33,16.50,2.2,0,corps,112.59383731281464,1.5192
1182,2,57,28.50,2.2,0,corps,112.53955396612582,1.0509
1183,2,61,30.50,2.2,0,corps,112.48529775432606,1.3120
1184,2,96,48.00,2.2,0,corps,112.43106866385129,0.9568
1185,3,59,19.67,2.7,0,corps,112.37686668114422,1.2445
1186,4,99,24.75,3.1,0,corps,112.32269179265441,1.0191
1187,2,21,10.50,2.2,0,corps,112.26854398483812,1.6903
1188,6,105,17.50,4.0,0,corps,112.2144232441584,1.3939
1189,6,143,23.83,4.0,0,corps,112.16032955708503,1.2360
1190,4,90,22.50,3.1,0,corps,112.10626291009464,1.2281
1191,4,66,16.50,3.1,0,corps,112.05222328967051,1.2315
1192,3,85,28.33,2.7,0,corps,111.99821068230278,0.9153
1193,4,52,13.00,3.1,0,corps,111.94422507448829,1.4967
1194,2,46,23.00,2.2,0,corps,111.89026645273063,1.1483
1195,2,57,28.50,2.2,0,corps,111.83633480354014,1.3542
1196,4,61,15.25,3.1,0,corps,111.78243011343392,1.4172
1197,4,56,14.00,3.1,0,corps,111.72855236893575,1.5629
1198,2,47,23.50,2.2,0,corps,111.67470155657628,0.8913
1199,2,59,29.50,2.2,0,corps,111.62087766289272,1.0614
1200,3,44,14.67,2.7,0,corps,111.56708067442918,1.3190
1201,2,104,52.00,2.2,0,corps,111.51331057773635,1.0426
1202,2,48,24.00,2.2,0,corps,111.45956735937173,1.4726
1203,2,52,26.00,2.2,0,corps,111.4058510058995,1.1427
1204,2,46,23.00,2.2,0,corps,111.3521615038906,1.4021
1205,2,63,31.50,2.2,0,corps,111.2984988399226,1.0734
1206,3,87,29.00,2.7,0,corps,111.24486300057987,1.1652
1207,5,114,22.80,3.6,0,corps,111.19125397245348,1.0448
1208,2,31,15.50,2.2,0,corps,111.13767174214114,1.2027
1209,4,97,24.25,3.1,0,corps,111.08411629624729,1.1917
1210,2,44,22.00,2.2,0,corps,111.03058762138305,1.2079
1211,2,49,24.50,2.2,0,corps,110.97708570416629,1.5856
1212,2,53,26.50,2.2,0,corps,110.9236105312215,1.2441
1213,2,33,16.50,2.2,0,corps,110.8701620891799,1.2256
1214,3,69,23.00,2.7,0,corps,110.81674036467942,1.2103
1215,5,110,22.00,3.6,0,corps,110.76334534436454,1.4087
1216,4,87,21.75,3.1,0,corps,110.70997701488656,1.0546
1217,2,161,80.50,2.2,0,corps,110.65663536290337,1.0197
1218,2,78,39.00,2.2,0,corps,110.60332037507963,0.6127
1219,3,78,26.00,2.7,0,corps,110.55003203808651,1.1089
1220,9,126,14.00,5.3,0,corps,110.49677033860196,2.0887
1221,2,56,28.00,2.2,0,corps,110.44353526331054,1.1636
1222,3,67,22.33,2.7,0,corps,110.3903267989035,0.8798
1223,4,79,19.75,3.1,0,corps,110.33714493207869,1.0515
1224,9,138,15.33,5.3,0,corps,110.28398964954071,1.2052
1225,4,74,18.50,3.1,0,corps,110.23086093800067,1.0573
1226,3,76,25.33,2.7,0,corps,110.17775878417642,1.1688
1227,3,124,41.33,2.7,0,corps,110.12468317479242,0.6618
1228,3,115,38.33,2.7,0,corps,110.07163409657976,0.6607
1229,4,56,14.00,3.1,0,corps,110.01861153627618,1.0784
1230,4,49,12.25,3.1,0,corps,109.96561548062604,1.0478
1231,2,40,20.00,2.2,0,corps,109.91264591638033,1.0433
1232,3,59,19.67,2.7,0,corps,109.85970283029664,1.3828
1233,4,70,17.50,3.1,0,corps,109.80678620913922,0.9587
1234,2,34,17.00,2.2,0,corps,109.75389603967889,1.8604
1235,4,99,24.75,3.1,0,corps,109.70103230869313,1.3277
1236,4,70,17.50,3.1,0,corps,109.64819500296599,1.3855
1237,3,75,25.00,2.7,0,corps,109.59538410928813,0.8365
1238,3,62,20.67,2.7,0,corps,109.54259961445689,1.5159
1239,2,65,32.50,2.2,0,corps,109.48984150527608,0.7186
1240,3,75,25.00,2.7,0,corps,109.43710976855621,1.1412
1241,2,53,26.50,2.2,0,corps,109.3844043911143,1.0697
1242,2,69,34.50,2.2,0,corps,109.33172535977407,0.8791
1243,6,141,23.50,4.0,0,corps,109.27907266136572,1.2763
1244,3,76,25.33,2.7,0,corps,109.22644628272606,1.6462
1245,4,81,20.25,3.1,0,corps,109.17384621069854,1.3791
1246,2,51,25.50,2.2,0,corps,109.12127243213314,1.6149
1247,3,34,11.33,2.7,0,corps,109.06872493388637,1.6291
1248,4,27,6.75,3.1,0,corps,109.01620370282139,3.0247
1249,3,84,28.00,2.7,0,corps,108.96370872580788,1.1743
1250,2,39,19.50,2.2,0,corps,108.91123998972209,1.4292
1251,2,68,34.00,2.2,0,corps,108.85879748144684,1.2599
1252,2,37,18.50,2.2,0,corps,108.80638118787151,2.0175
1253,2,22,11.00,2.2,0,corps,108.75399109589206,2.0781
1254,5,63,12.60,3.6,0,corps,108.7016271924109,1.4341
1255,2,50,25.00,2.2,0,corps,108.64928946433707,1.5767
1256,2,33,16.50,2.2,0,corps,108.59697789858618,1.3248
1257,6,120,20.00,4.0,0,corps,108.54469248208028,1.7133
1258,3,86,28.67,2.7,0,corps,108.49243320174806,1.2481
1259,2,38,19.00,2.2,0,corps,108.44020004452469,0.9175
1260,3,91,30.33,2.7,0,corps,108.38799299735184,1.2300
1261,2,39,19.50,2.2,0,corps,108.33581204717784,1.0647
1262,3,70,23.33,2.7,0,corps,108.28365718095733,0.8624
1263,2,61,30.50,2.2,0,corps,108.23152838565173,1.0988
1264,8,99,12.38,4.9,0,corps,108.17942564822872,1.6861
1265,4,66,16.50,3.1,0,corps,108.12734895566267,1.1362
1266,2,45,22.50,2.2,0,corps,108.07529829493441,0.6964
1267,5,71,14.20,3.6,0,corps,108.02327365303128,1.7991
1268,2,19,9.50,2.2,0,corps,107.97127501694708,1.6252
1269,5,113,22.60,3.6,0,corps,107.91930237368219,1.8653
1270,2,62,31.00,2.2,0,corps,107.86735571024344,1.2264
1271,2,22,11.00,2.2,0,corps,107.81543501364412,1.3625
1272,3,42,14.00,2.7,0,corps,107.76354027090413,2.2427
1273,4,104,26.00,3.1,0,corps,107.71167146904976,1.0658
1274,2,37,18.50,2.2,0,corps,107.65982859511377,1.0800
1275,2,49,24.50,2.2,0,corps,107.60801163613549,1.6253
1276,3,60,20.00,2.7,0,corps,107.55622057916064,0.7986
1277,4,110,27.50,3.1,0,corps,107.50445541124148,1.0517
1278,4,40,10.00,3.1,0,corps,107.4527161194367,1.4022
1279,2,18,9.00,2.2,0,corps,107.40100269081152,1.1847
1280,2,39,19.50,2.2,0,corps,107.34931511243752,1.1633
1281,3,75,25.00,2.7,0,corps,107.29765337139285,1.2828
1282,2,43,21.50,2.2,0,corps,107.24601745476205,1.4119
1283,6,91,15.17,4.0,0,corps,107.19440734963617,1.9125
1284,4,102,25.50,3.1,0,corps,107.14282304311264,1.3139
1285,5,119,23.80,3.6,0,corps,107.09126452229545,1.8670
1286,4,71,17.75,3.1,0,corps,107.03973177429489,1.8832
1287,4,89,22.25,3.1,0,corps,106.98822478622783,1.8388
1288,6,118,19.67,4.0,0,corps,106.9367435452175,1.8440
1289,4,104,26.00,3.1,0,corps,106.88528803839358,1.5240
1290,2,113,56.50,2.2,0,corps,106.83385825289223,1.1008
1291,2,33,16.50,2.2,0,corps,106.78245417585595,1.8743
1292,5,84,16.80,3.6,0,corps,106.73107579443375,1.7394
1293,2,56,28.00,2.2,0,corps,106.67972309578104,1.3786
1294,3,57,19.00,2.7,0,corps,106.62839606705965,1.6412
1295,7,183,26.14,4.4,0,corps,106.5770946954378,1.9822
1296,3,98,32.67,2.7,0,corps,106.52581896809015,1.8168
1297,2,87,43.50,2.2,0,corps,106.47456887219782,1.1572
1298,2,49,24.50,2.2,0,corps,106.42334439494819,1.8052
1299,2,46,23.00,2.2,0,corps,106.37214552353522,1.0571
1300,4,70,17.50,3.1,0,corps,106.32097224515915,1.6383
1301,10,192,19.20,5.8,0,corps,106.26982454702669,1.7383
1302,4,71,17.75,3.1,0,corps,106.21870241635088,1.2959
1303,4,75,18.75,3.1,0,corps,106.16760584035121,1.4569
1304,2,62,31.00,2.2,0,corps,106.11653480625354,1.1842
1305,4,67,16.75,3.1,0,corps,106.06548930129011,1.8677
1306,2,33,16.50,2.2,0,corps,106.0144693126995,1.6120
1307,4,123,30.75,3.1,0,corps,105.96347482772681,1.0441
1308,2,53,26.50,2.2,0,corps,105.91250583362333,1.1585
1309,3,65,21.67,2.7,0,corps,105.86156231764683,1.6555
1310,2,76,38.00,2.2,0,corps,105.81064426706143,1.1395
1311,2,40,20.00,2.2,0,corps,105.75975166913764,1.0984
1312,2,36,18.00,2.2,0,corps,105.70888451115232,1.3120
1313,6,139,23.17,4.0,0,corps,105.65804278038864,1.5857
1314,3,67,22.33,2.7,0,corps,105.60722646413616,1.1944
1315,2,88,44.00,2.2,0,corps,105.55643554969085,0.8541
1316,7,96,13.71,4.4,0,corps,105.50567002435496,4.6419
1317,2,45,22.50,2.2,0,corps,105.4549298754371,1.1322
1318,2,45,22.50,2.2,0,corps,105.40421509025224,1.2026
1319,2,36,18.00,2.2,0,corps,105.35352565612169,1.6575
1320,2,50,25.00,2.2,0,corps,105.30286156037305,1.7155
1321,3,51,17.00,2.7,0,corps,105.25222279034034,1.3659
1322,3,59,19.67,2.7,0,corps,105.20160933336386,2.0614
1323,4,109,27.25,3.1,0,corps,105.15102117679025,1.3416
1324,4,63,15.75,3.1,0,corps,105.10045830797246,1.6605
1325,2,46,23.00,2.2,0,corps,105.04992071426975,1.3254
1326,2,18,9.00,2.2,0,corps,104.99940838304778,1.5217
1327,2,122,61.00,2.2,0,corps,104.94892130167841,1.3762
1328,4,121,30.25,3.1,0,corps,104.89845945753989,3.8357
1329,5,101,20.20,3.6,0,corps,104.84802283801675,1.6061
1330,3,69,23.00,2.7,0,corps,104.79761143049986,1.7704
1331,2,30,15.00,2.2,0,corps,104.74722522238635,1.7196
1332,3,48,16.00,2.7,0,corps,104.69686420107966,1.7244
1333,6,162,27.00,4.0,0,corps,104.64652835398958,1.3267
1334,4,63,15.75,3.1,0,corps,104.59621766853209,1.9627
1335,4,110,27.50,3.1,0,corps,104.54593213212955,1.5444
1336,5,73,14.60,3.6,0,corps,104.49567173221055,2.0832
1337,5,130,26.00,3.6,0,corps,104.44543645621,1.4219
1338,2,24,12.00,2.2,0,corps,104.3952262915691,1.7690
1339,5,87,17.40,3.6,0,corps,104.34504122573529,1.4762
1340,2,41,20.50,2.2,0,corps,104.29488124616233,1.5812
1341,4,66,16.50,3.1,0,corps,104.2447463403102,1.8870
1342,2,49,24.50,2.2,0,corps,104.19463649564516,1.4118
1343,2,32,16.00,2.2,0,corps,104.14455169963976,1.4202
1344,2,112,56.00,2.2,0,corps,104.09449193977282,1.0351
1345,2,32,16.00,2.2,0,corps,104.04445720352939,1.1568
1346,2,28,14.00,2.2,0,corps,103.99444747840076,2.1321
1347,4,67,16.75,3.1,0,corps,103.94446275188456,1.6164
1348,3,41,13.67,2.7,0,corps,103.89450301148453,1.4155
1349,4,45,11.25,3.1,0,corps,103.8445682447108,1.0701
1350,2,31,15.50,2.2,0,corps,103.79465843907964,1.2387
1351,2,95,47.50,2.2,0,corps,103.74477358211361,1.0827
1352,3,85,28.33,2.7,0,corps,103.69491366134147,1.2548
1353,6,90,15.00,4.0,0,corps,103.64507866429831,1.6245
1354,4,73,18.25,3.1,0,corps,103.5952685785253,1.6916
1355,6,111,18.50,4.0,0,corps,103.54548339156997,1.6024
1356,3,66,22.00,2.7,0,corps,103.495723090986,1.2602
1357,5,73,14.60,3.6,0,corps,103.44598766433334,1.3886
1358,2,37,18.50,2.2,0,corps,103.39627709917809,1.1121
1359,2,42,21.00,2.2,0,corps,103.34659138309266,1.7130
1360,3,108,36.00,2.7,0,corps,103.29693050365553,1.2245
1361,3,25,8.33,2.7,0,corps,103.24729444845163,2.1859
1362,2,78,39.00,2.2,0,corps,103.19768320507181,0.6324
1363,3,52,17.33,2.7,0,corps,103.14809676111332,1.2476
1364,3,42,14.00,2.7,0,corps,103.09853510417952,1.1847
1365,4,104,26.00,3.1,0,corps,103.04899822188003,1.0027
1366,4,82,20.50,3.1,0,corps,102.99948610183058,1.3209
1367,4,82,20.50,3.1,0,corps,102.94999873165322,1.2584
1368,2,39,19.50,2.2,0,corps,102.90053609897602,1.0924
1369,4,104,26.00,3.1,0,corps,102.8510981914334,1.0589
1370,6,88,14.67,4.0,0,corps,102.8016849966658,1.4625
1371,2,37,18.50,2.2,0,corps,102.75229650231998,1.2354
1372,6,63,10.50,4.0,0,corps,102.7029326960488,1.7048
1373,2,24,12.00,2.2,0,corps,102.65359356551131,1.2307
1374,2,37,18.50,2.2,0,corps,102.60427909837271,1.0406
1375,2,13,6.50,2.2,0,corps,102.55498928230442,3.4569
1376,7,117,16.71,4.4,0,corps,102.50572410498397,4.1003
1377,3,47,15.67,2.7,0,corps,102.45648355409503,1.3789
1378,4,54,13.50,3.1,0,corps,102.40726761732752,1.6641
1379,2,62,31.00,2.2,0,corps,102.35807628237741,1.1322
1380,3,43,14.33,2.7,0,corps,102.30890953694689,1.7569
1381,3,62,20.67,2.7,0,corps,102.25976736874425,1.7512
1382,2,95,47.50,2.2,0,corps,102.21064976548398,1.4600
1383,4,107,26.75,3.1,0,corps,102.16155671488667,1.3623
1384,3,55,18.33,2.7,0,corps,102.11248820467904,1.1094
1385,2,60,30.00,2.2,0,corps,102.06344422259394,1.3538
1386,2,72,36.00,2.2,0,corps,102.01442475637046,0.8342
1387,2,146,73.00,2.2,0,corps,101.96542979375364,1.0462
1388,4,75,18.75,3.1,0,corps,101.9164593224948,1.3266
1389,3,56,18.67,2.7,0,corps,101.86751333035131,1.9965
1390,2,37,18.50,2.2,0,corps,101.81859180508665,1.2860
1391,3,49,16.33,2.7,0,corps,101.76969473447043,1.8595
1392,2,39,19.50,2.2,0,corps,101.72082210627845,1.3227
1393,2,40,20.00,2.2,0,corps,101.67197390829246,1.4973
1394,4,108,27.00,3.1,0,corps,101.62315012830048,1.3819
1395,4,82,20.50,3.1,0,corps,101.57435075409653,1.3246
1396,6,223,37.17,4.0,0,corps,101.52557577348078,1.2875
1397,3,73,24.33,2.7,0,corps,101.47682517425949,1.7693
1398,4,72,18.00,3.1,0,corps,101.42809894424498,1.4164
1399,2,47,23.50,2.2,0,corps,101.37939707125574,2.2551
1400,2,65,32.50,2.2,0,corps,101.33071954311626,1.1942
1401,2,17,8.50,2.2,0,corps,101.28206634765718,1.6289
1402,3,56,18.67,2.7,0,corps,101.23343747271518,0.9639
1403,3,92,30.67,2.7,0,corps,101.18483290613307,0.8233
1404,2,29,14.50,2.2,0,corps,101.13625263575967,1.7077
1405,2,35,17.50,2.2,0,corps,101.08769664944997,1.3161
1406,4,72,18.00,3.1,0,corps,101.03916493506493,1.0602
1407,2,64,32.00,2.2,0,corps,100.9906574804716,0.6284
1408,7,136,19.43,4.4,0,corps,100.94217427354317,1.0332
1409,6,119,19.83,4.0,0,corps,100.89371530215881,1.1601
1410,4,143,35.75,3.1,0,corps,100.84528055420377,0.9557
1411,4,88,22.00,3.1,0,corps,100.79687001756936,0.9799
1412,5,150,30.00,3.6,0,corps,100.74848368015299,0.9765
1413,2,32,16.00,2.2,0,corps,100.70012152985804,1.1590
1414,3,36,12.00,2.7,0,corps,100.65178355459396,1.0028
1415,2,80,40.00,2.2,0,corps,100.60346974227627,0.7667
1416,2,31,15.50,2.2,0,corps,100.55518008082656,0.9047
1417,8,136,17.00,4.9,0,corps,100.50691455817233,1.9013
1418,2,120,60.00,2.2,0,corps,100.45867316224727,0.7756
1419,8,174,21.75,4.9,0,corps,100.41045588099095,1.0648
1420,2,47,23.50,2.2,0,corps,100.36226270234916,1.2420
1421,2,29,14.50,2.2,0,corps,100.31409361427353,1.3358
1422,3,24,8.00,2.7,0,corps,100.2659486047218,2.4399
1423,2,40,20.00,2.2,0,corps,100.21782766165772,1.0032
1424,2,29,14.50,2.2,0,corps,100.16973077305107,1.8248
1425,2,18,9.00,2.2,0,corps,100.12165792687759,1.7521
1426,3,57,19.00,2.7,0,corps,100.07360911111911,1.4012
1427,6,136,22.67,4.0,0,corps,100.0255843137634,1.6543
1428,4,77,19.25,3.1,0,corps,99.97758352280431,1.2891
1429,5,103,20.60,3.6,0,corps,99.92960672624154,1.5555
1430,2,28,14.00,2.2,0,corps,99.88165391208098,1.4874
1431,2,60,30.00,2.2,0,corps,99.8337250683344,1.6666
1432,4,100,25.00,3.1,0,corps,99.78582018301958,1.0680
1433,4,47,11.75,3.1,0,corps,99.73793924416029,1.4244
1434,3,40,13.33,2.7,0,corps,99.69008223978634,1.4232
1435,3,82,27.33,2.7,0,corps,99.64224915793342,1.3151
1436,2,45,22.50,2.2,0,corps,99.59443998664331,1.6519
1437,2,59,29.50,2.2,0,corps,99.54665471396368,1.3231
1438,2,27,13.50,2.2,0,corps,99.49889332794824,1.2452
1439,6,93,15.50,4.0,0,corps,99.45115581665661,1.7500
1440,2,36,18.00,2.2,0,corps,99.40344216815446,1.3335
1441,2,43,21.50,2.2,0,corps,99.35575237051331,1.4106
1442,3,94,31.33,2.7,0,corps,99.30808641181078,1.1332
1443,5,84,16.80,3.6,0,corps,99.26044428013032,1.4008
1444,2,38,19.00,2.2,0,corps,99.21282596356146,1.4124
1445,4,89,22.25,3.1,0,corps,99.16523145019957,1.0806
1446,8,133,16.62,4.9,0,corps,99.11766072814603,1.4765
1447,2,5,2.50,2.2,0,corps,99.07011378550818,4.9489
1448,5,73,14.60,3.6,0,corps,99.02259061039928,1.4478
1449,5,91,18.20,3.6,0,corps,98.97509119093851,1.2479
1450,3,69,23.00,2.7,0,corps,98.92761551525105,1.0689
1451,3,47,15.67,2.7,0,corps,98.88016357146793,1.1598
1452,3,49,16.33,2.7,0,corps,98.83273534772624,1.5831
1453,2,71,35.50,2.2,0,corps,98.78533083216885,0.7425
1454,2,39,19.50,2.2,0,corps,98.73795001294468,0.9282
1455,4,55,13.75,3.1,0,corps,98.69059287820849,1.0679
1456,2,93,46.50,2.2,0,corps,98.64325941612103,0.9974
1457,3,27,9.00,2.7,0,corps,98.5959496148489,2.2649
1458,2,33,16.50,2.2,0,corps,98.54866346256468,1.2264
1459,2,29,14.50,2.2,0,corps,98.50140094744681,0.9514
1460,2,39,19.50,2.2,0,corps,98.45416205767968,0.9092
1461,8,205,25.62,4.9,0,corps,98.40694678145354,1.4532
1462,4,95,23.75,3.1,0,corps,98.35975510696461,4.2289
1463,2,58,29.00,2.2,0,corps,98.31258702241492,1.0892
1464,2,39,19.50,2.2,0,corps,98.26544251601248,1.1510
1465,2,20,10.00,2.2,0,corps,98.21832157597119,2.8378
1466,5,122,24.40,3.6,0,corps,98.17122419051077,1.1470
1467,3,74,24.67,2.7,0,corps,98.12415034785687,1.8869
1468,4,125,31.25,3.1,0,corps,98.07710003624106,2.5105
1469,3,71,23.67,2.7,0,corps,98.03007324390074,1.3777
1470,4,100,25.00,3.1,0,corps,97.98306995907924,3.3741
1471,2,38,19.00,2.2,0,corps,97.93609017002571,1.6719
1472,2,56,28.00,2.2,0,corps,97.88913386499523,1.0388
1473,2,80,40.00,2.2,0,corps,97.84220103224867,1.0084
1474,4,58,14.50,3.1,0,corps,97.79529166005287,1.4744
1475,2,25,12.50,2.2,0,corps,97.74840573668048,1.5896
1476,2,77,38.50,2.2,0,corps,97.70154325041001,1.1979
1477,2,60,30.00,2.2,0,corps,97.65470418952583,1.1368
1478,4,81,20.25,3.1,0,corps,97.60788854231821,1.4398
1479,2,71,35.50,2.2,0,corps,97.5610962970832,1.2750
1480,6,98,16.33,4.0,0,corps,97.51432744212273,1.9808
1481,2,39,19.50,2.2,0,corps,97.46758196574464,1.0987
1482,2,42,21.00,2.2,0,corps,97.42085985626252,1.1413
1483,5,67,13.40,3.6,0,corps,97.37416110199584,1.7852
1484,3,39,13.00,2.7,0,corps,97.32748569126993,2.3729
1485,4,82,20.50,3.1,0,corps,97.28083361241592,1.2084
1486,2,34,17.00,2.2,0,corps,97.2342048537708,1.4386
1487,2,52,26.00,2.2,0,corps,97.1875994036774,1.0364
1488,2,41,20.50,2.2,0,corps,97.14101725048432,1.4896
1489,6,123,20.50,4.0,0,corps,97.09445838254604,1.6944
1490,3,100,33.33,2.7,0,corps,97.04792278822283,1.3785
1491,4,61,15.25,3.1,0,corps,97.00141045588082,2.0545
1492,3,67,22.33,2.7,0,corps,96.9549213738919,1.2245
1493,3,46,15.33,2.7,0,corps,96.9084555306338,1.1778
1494,3,36,12.00,2.7,0,corps,96.86201291449008,1.7160
1495,3,88,29.33,2.7,0,corps,96.81559351385005,1.1616
1496,2,50,25.00,2.2,0,corps,96.7691973171089,0.9159
1497,2,66,33.00,2.2,0,corps,96.72282431266757,1.3256
1498,2,38,19.00,2.2,0,corps,96.6764744889328,0.9524
1499,3,69,23.00,2.7,0,corps,96.63014783431711,1.4654
1500,4,69,17.25,3.1,0,corps,96.58384433723887,1.1966
1501,5,100,20.00,3.6,0,corps,96.53756398612222,1.3435
1502,2,49,24.50,2.2,0,corps,96.49130676939703,0.9003
1503,3,37,12.33,2.7,0,corps,96.44507267549902,2.6539
1504,4,80,20.00,3.1,0,corps,96.39886169286966,1.4901
1505,2,42,21.00,2.2,0,corps,96.3526738099562,1.4947
1506,2,70,35.00,2.2,0,corps,96.30650901521167,1.0265
1507,3,51,17.00,2.7,0,corps,96.26036729709489,1.5980
1508,5,83,16.60,3.6,0,corps,96.2142486440704,1.9180
1509,4,49,12.25,3.1,0,corps,96.16815304460854,1.8282
1510,3,56,18.67,2.7,0,corps,96.12208048718544,1.1922
1511,3,77,25.67,2.7,0,corps,96.07603096028295,1.2850
1512,2,42,21.00,2.2,0,corps,96.03000445238865,1.5378
1513,4,46,11.50,3.1,0,corps,95.98400095199597,2.3443
1514,2,52,26.00,2.2,0,corps,95.93802044760399,1.1099
1515,2,41,20.50,2.2,0,corps,95.89206292771762,1.2613
1516,3,71,23.67,2.7,0,corps,95.84612838084745,1.2304
1517,4,51,12.75,3.1,0,corps,95.80021679550985,2.2400
1518,2,77,38.50,2.2,0,corps,95.75432816022692,1.1049
1519,2,36,18.00,2.2,0,corps,95.70846246352653,0.9726
1520,6,72,12.00,4.0,0,corps,95.6626196939422,1.7639
1521,3,67,22.33,2.7,0,corps,95.6167998400133,1.4164
1522,2,38,19.00,2.2,0,corps,95.57100289028483,1.2276
1523,2,15,7.50,2.2,0,corps,95.52522883330757,3.2206
1524,2,63,31.50,2.2,0,corps,95.47947765763797,0.9118
1525,3,45,15.00,2.7,0,corps,95.43374935183829,1.9917
1526,2,69,34.50,2.2,0,corps,95.38804390447639,1.4721
1527,2,64,32.00,2.2,0,corps,95.34236130412597,1.0880
1528,6,96,16.00,4.0,0,corps,95.29670153936634,1.5692
1529,2,27,13.50,2.2,0,corps,95.25106459878258,1.1830
1530,2,50,25.00,2.2,0,corps,95.20545047096543,1.0040
1531,2,79,39.50,2.2,0,corps,95.15985914451139,1.0245
1532,2,28,14.00,2.2,0,corps,95.11429060802257,1.7143
1533,4,91,22.75,3.1,0,corps,95.06874485010694,1.5275
1534,2,44,22.00,2.2,0,corps,95.02322185937795,1.2672
1535,2,34,17.00,2.2,0,corps,94.97772162445493,1.3742
1536,3,53,17.67,2.7,0,corps,94.93224413396277,1.4530
1537,6,84,14.00,4.0,0,corps,94.8867893765321,2.4094
1538,5,96,19.20,3.6,0,corps,94.84135734079928,3.1657
1539,7,147,21.00,4.4,0,corps,94.79594801540625,1.5387
1540,7,106,15.14,4.4,0,corps,94.75056138900071,1.4049
1541,7,91,13.00,4.4,0,corps,94.70519745023597,2.1497
1542,3,59,19.67,2.7,0,corps,94.65985618777107,1.2870
1543,5,79,15.80,3.6,0,corps,94.61453759027071,1.2146
1544,7,109,15.57,4.4,0,corps,94.56924164640522,3.3484
1545,2,26,13.00,2.2,0,corps,94.52396834485059,1.7685
1546,4,124,31.00,3.1,0,corps,94.47871767428853,1.2309
1547,2,58,29.00,2.2,0,corps,94.43348962340636,1.2316
1548,3,93,31.00,2.7,0,corps,94.38828418089706,1.3157
1549,2,50,25.00,2.2,0,corps,94.3431013354593,1.0636
1550,2,42,21.00,2.2,0,corps,94.2979410757973,1.1348
1551,3,37,12.33,2.7,0,corps,94.25280339062107,2.1210
1552,3,61,20.33,2.7,0,corps,94.20768826864614,1.5283
1553,6,77,12.83,4.0,0,corps,94.16259569859378,3.5319
1554,2,65,32.50,2.2,0,corps,94.11752566919078,1.3875
1555,4,62,15.50,3.1,0,corps,94.07247816916968,1.4539
1556,3,34,11.33,2.7,0,corps,94.02745318726858,1.8061
1557,3,56,18.67,2.7,0,corps,93.98245071223127,1.2527
1558,2,50,25.00,2.2,0,corps,93.93747073280709,1.2875
1559,2,50,25.00,2.2,0,corps,93.89251323775106,1.3255
1560,2,33,16.50,2.2,0,corps,93.84757821582382,1.8874
1561,7,80,11.43,4.4,0,corps,93.8026656557916,3.0827
1562,4,62,15.50,3.1,0,corps,93.75777554642625,1.1130
1563,4,96,24.00,3.1,0,corps,93.71290787650527,1.3713
1564,3,53,17.67,2.7,0,corps,93.6680626348117,1.0865
1565,4,95,23.75,3.1,0,corps,93.62323981013428,1.6560
1566,3,33,11.00,2.7,0,corps,93.57843939126727,2.5744
1567,4,56,14.00,3.1,0,corps,93.53366136701058,5.5023
1568,8,111,13.88,4.9,0,corps,93.48890572616969,1.6975
1569,7,146,20.86,4.4,0,corps,93.44417245755571,1.9482
1570,5,71,14.20,3.6,0,corps,93.39946154998529,1.7229
1571,2,44,22.00,2.2,0,corps,93.35477299228074,1.0187
1572,7,123,17.57,4.4,0,corps,93.31010677326988,1.5270
1573,3,44,14.67,2.7,0,corps,93.26546288178622,1.3431
1574,6,143,23.83,4.0,0,corps,93.22084130666872,1.2741
1575,2,37,18.50,2.2,0,corps,93.17624203676202,1.0847
1576,3,64,21.33,2.7,0,corps,93.13166506091628,1.5404
1577,2,35,17.50,2.2,0,corps,93.08711036798728,1.1025
1578,8,140,17.50,4.9,0,corps,93.04257794683633,4.1661
1579,4,81,20.25,3.1,0,corps,92.99806778633032,1.4877
1580,4,81,20.25,3.1,0,corps,92.95357987534175,1.6070
1581,3,108,36.00,2.7,0,corps,92.9091142027486,1.6005
1582,4,70,17.50,3.1,0,corps,92.86467075743444,2.3633
1583,2,45,22.50,2.2,0,corps,92.82024952828846,1.3753
1584,3,69,23.00,2.7,0,corps,92.77585050420531,1.6567
1585,2,50,25.00,2.2,0,corps,92.73147367408527,0.9269
1586,2,50,25.00,2.2,0,corps,92.68711902683407,0.9664
1587,3,72,24.00,2.7,0,corps,92.64278655136313,1.6391
1588,2,25,12.50,2.2,0,corps,92.59847623658928,1.6076
1589,12,224,18.67,6.7,0,corps,92.55418807143492,1.7298
1590,2,49,24.50,2.2,0,corps,92.50992204482807,1.5776
1591,5,105,21.00,3.6,0,corps,92.4656781457022,1.3121
1592,4,69,17.25,3.1,0,corps,92.4214563629963,1.9384
1593,5,93,18.60,3.6,0,corps,92.37725668565497,1.6976
1594,2,33,16.50,2.2,0,corps,92.33307910262826,1.4771
1595,2,21,10.50,2.2,0,corps,92.28892360287179,1.7704
1596,5,53,10.60,3.6,0,corps,92.2447901753467,1.9884
1597,2,47,23.50,2.2,0,corps,92.20067880901959,1.1370
1598,3,73,24.33,2.7,0,corps,92.15658949286264,2.6703
1599,4,141,35.25,3.1,0,corps,92.11252221585353,1.1661
1600,3,61,20.33,2.7,0,corps,92.06847696697544,1.6345
1601,6,116,19.33,4.0,0,corps,92.02445373521704,1.7954
1602,6,75,12.50,4.0,0,corps,91.98045250957253,3.2368
1603,2,21,10.50,2.2,0,corps,91.9364732790416,1.7754
1604,3,88,29.33,2.7,0,corps,91.89251603262947,0.9520
1605,2,24,12.00,2.2,0,corps,91.84858075934679,1.4149
1606,2,15,7.50,2.2,0,corps,91.80466744820976,3.6606
1607,2,49,24.50,2.2,0,corps,91.76077608824006,0.9742
1608,2,36,18.00,2.2,0,corps,91.71690666846483,1.2150
1609,2,42,21.00,2.2,0,corps,91.67305917791671,1.1295
1610,3,57,19.00,2.7,0,corps,91.62923360563386,1.1539
1611,2,32,16.00,2.2,0,corps,91.58542994065986,1.8275
1612,3,43,14.33,2.7,0,corps,91.54164817204381,1.3201
1613,4,98,24.50,3.1,0,corps,91.49788828884026,1.1771
1614,8,129,16.12,4.9,0,corps,91.45415028010923,1.7611
1615,2,33,16.50,2.2,0,corps,91.41043413491623,1.6344
1616,2,45,22.50,2.2,0,corps,91.3667398423322,1.0566
1617,9,99,11.00,5.3,0,corps,91.32306739143361,2.0712
1618,4,73,18.25,3.1,0,corps,91.27941677130231,1.1664
1619,7,70,10.00,4.4,0,corps,91.23578797102566,1.5868
1620,2,31,15.50,2.2,0,corps,91.19218097969646,1.3435
1621,2,54,27.00,2.2,0,corps,91.14859578641297,1.0283
1622,5,78,15.60,3.6,0,corps,91.10503238027886,2.7881
1623,4,68,17.00,3.1,0,corps,91.06149075040331,1.3831
1624,3,69,23.00,2.7,0,corps,91.0179708859009,1.2249
1625,3,55,18.33,2.7,0,corps,90.97447277589166,1.1682
1626,5,57,11.40,3.6,0,corps,90.93099640950106,1.3181
1627,2,22,11.00,2.2,0,corps,90.88754177586004,2.5698
1628,4,61,15.25,3.1,0,corps,90.84410886410488,1.3310
1629,6,107,17.83,4.0,0,corps,90.80069766337743,1.3406
1630,3,44,14.67,2.7,0,corps,90.75730816282483,1.6339
1631,2,50,25.00,2.2,0,corps,90.7139403515997,1.2208
1632,2,22,11.00,2.2,0,corps,90.67059421886015,1.1225
1633,4,57,14.25,3.1,0,corps,90.62726975376958,1.4607
1634,2,72,36.00,2.2,0,corps,90.5839669454969,0.9647
1635,3,45,15.00,2.7,0,corps,90.5406857832164,1.3420
1636,2,41,20.50,2.2,0,corps,90.49742625610781,1.2092
1637,4,57,14.25,3.1,0,corps,90.45418835335623,1.5566
1638,2,39,19.50,2.2,0,corps,90.4109720641522,1.6568
1639,3,57,19.00,2.7,0,corps,90.36777737769162,1.5747
1640,5,64,12.80,3.6,0,corps,90.32460428317587,3.3784
1641,3,35,11.67,2.7,0,corps,90.2814527698116,2.0693
1642,4,96,24.00,3.1,0,corps,90.23832282681099,0.9549
1643,4,66,16.50,3.1,0,corps,90.19521444339152,3.9107
1644,2,45,22.50,2.2,0,corps,90.15212760877614,1.1249
1645,6,134,22.33,4.0,0,corps,90.10906231219307,1.6585
1646,2,38,19.00,2.2,0,corps,90.06601854287607,1.4609
1647,4,71,17.75,3.1,0,corps,90.02299629006411,1.0097
1648,2,68,34.00,2.2,0,corps,89.9799955430017,1.0444
1649,6,53,8.83,4.0,0,corps,89.93701629093862,2.3077
1650,8,107,13.38,4.9,0,corps,89.89405852313006,6.4703
1651,3,82,27.33,2.7,0,corps,89.85112222883657,1.0798
1652,2,42,21.00,2.2,0,corps,89.8082073973241,1.0570
1653,3,82,27.33,2.7,0,corps,89.7653140178639,1.4145
1654,6,83,13.83,4.0,0,corps,89.72244207973267,2.6751
1655,3,72,24.00,2.7,0,corps,89.67959157221239,1.3998
1656,3,53,17.67,2.7,0,corps,89.63676248459048,1.1280
1657,5,91,18.20,3.6,0,corps,89.59395480615962,1.4025
1658,3,145,48.33,2.7,0,corps,89.55116852621791,1.0772
1659,3,62,20.67,2.7,0,corps,89.50840363406877,2.0011
1660,5,104,20.80,3.6,0,corps,89.46566011902098,1.6660
1661,12,182,15.17,6.7,0,corps,89.42293797038867,1.3302
1662,8,128,16.00,4.9,0,corps,89.3802371774913,2.0407
1663,4,58,14.50,3.1,0,corps,89.33755772965367,1.5804
1664,2,46,23.00,2.2,0,corps,89.29489961620591,1.0672
1665,4,71,17.75,3.1,0,corps,89.2522628264835,1.1482
1666,2,53,26.50,2.2,0,corps,89.20964734982726,1.1199
1667,3,59,19.67,2.7,0,corps,89.16705317558328,1.1673
1668,9,106,11.78,5.3,0,corps,89.12448029310305,2.5730
1669,4,82,20.50,3.1,0,corps,89.08192869174331,1.1618
1670,6,80,13.33,4.0,0,corps,89.03939836086622,1.7458
1671,3,42,14.00,2.7,0,corps,88.99688928983915,0.8936
1672,7,133,19.00,4.4,0,corps,88.95440146803483,2.3199
1673,3,64,21.33,2.7,0,corps,88.91193488483134,1.5490
1674,3,44,14.67,2.7,0,corps,88.86948952961203,1.4913
1675,5,66,13.20,3.6,0,corps,88.8270653917655,1.4925
1676,2,30,15.00,2.2,0,corps,88.78466246068578,1.1065
1677,2,24,12.00,2.2,0,corps,88.74228072577212,1.4458
1678,4,64,16.00,3.1,0,corps,88.69992017642909,0.9886
1679,8,73,9.12,4.9,0,corps,88.65758080206653,4.2019
1680,2,34,17.00,2.2,0,corps,88.61526259209963,1.3439
1681,2,41,20.50,2.2,0,corps,88.57296553594878,1.8529
1682,8,100,12.50,4.9,0,corps,88.53068962303979,1.5967
1683,4,73,18.25,3.1,0,corps,88.48843484280364,1.2337
1684,5,80,16.00,3.6,0,corps,88.44620118467664,1.1105
1685,4,51,12.75,3.1,0,corps,88.40398863810039,1.1754
1686,3,49,16.33,2.7,0,corps,88.3617971925217,1.2615
1687,3,38,12.67,2.7,0,corps,88.31962683739278,2.2174
1688,4,57,14.25,3.1,0,corps,88.277477562171,1.4772
1689,4,52,13.00,3.1,0,corps,88.23534935631905,1.5520
1690,3,86,28.67,2.7,0,corps,88.19324220930488,1.2752
1691,3,76,25.33,2.7,0,corps,88.15115611060169,1.1302
1692,10,156,15.60,5.8,0,corps,88.10909104968798,2.4285
1693,2,74,37.00,2.2,0,corps,88.06704701604745,0.9242
1694,7,124,17.71,4.4,0,corps,88.02502399916914,2.6361
1695,2,39,19.50,2.2,0,corps,87.98302198854725,2.0518
1696,2,65,32.50,2.2,0,corps,87.94104097368131,1.3896
1697,3,36,12.00,2.7,0,corps,87.89908094407602,2.1276
1698,2,33,16.50,2.2,0,corps,87.85714188924143,1.6609
1699,7,96,13.71,4.4,0,corps,87.81522379869273,2.8283
1700,3,28,9.33,2.7,0,corps,87.77332666195043,1.2118
1701,2,16,8.00,2.2,0,corps,87.73145046854023,2.6163
1702,5,96,19.20,3.6,0,corps,87.6895952079931,1.9456
1703,6,96,16.00,4.0,0,corps,87.64776086984517,1.7533
1704,3,54,18.00,2.7,0,corps,87.60594744363792,1.3850
1705,4,51,12.75,3.1,0,corps,87.56415491891795,2.4315
1706,6,84,14.00,4.0,0,corps,87.52238328523715,1.8412
1707,3,46,15.33,2.7,0,corps,87.48063253215261,2.1600
1708,2,43,21.50,2.2,0,corps,87.43890264922663,1.6670
1709,4,53,13.25,3.1,0,corps,87.39719362602676,1.4675
1710,13,209,16.08,7.1,0,corps,87.35550545212574,1.9452
1711,4,73,18.25,3.1,0,corps,87.3138381171015,2.2784
1712,2,39,19.50,2.2,0,corps,87.27219161053722,1.5482
1713,7,118,16.86,4.4,0,corps,87.23056592202127,2.5083
1714,3,51,17.00,2.7,0,corps,87.18896104114727,1.8134
1715,6,80,13.33,4.0,0,corps,87.14737695751393,1.7379
1716,5,113,22.60,3.6,0,corps,87.10581366072527,1.5609
1717,7,105,15.00,4.4,0,corps,87.06427114039046,2.2319
1718,12,194,16.17,6.7,0,corps,87.02274938612386,2.3545
1719,2,69,34.50,2.2,0,corps,86.98124838754505,0.8978
1720,4,64,16.00,3.1,0,corps,86.93976813427878,1.4587
1721,4,73,18.25,3.1,0,corps,86.89830861595496,1.1960
1722,3,50,16.67,2.7,0,corps,86.85686982220872,1.6307
1723,3,33,11.00,2.7,0,corps,86.81545174268037,1.1495
1724,4,66,16.50,3.1,0,corps,86.7740543670154,1.0007
1725,2,39,19.50,2.2,0,corps,86.73267768486443,0.8630
1726,3,41,13.67,2.7,0,corps,86.69132168588332,1.5820
1727,2,47,23.50,2.2,0,corps,86.64998635973309,1.3882
1728,2,14,7.00,2.2,0,corps,86.60867169607987,1.8472
1729,3,46,15.33,2.7,0,corps,86.56737768459497,0.8656
1730,2,82,41.00,2.2,0,corps,86.52610431495495,1.0534
1731,3,62,20.67,2.7,0,corps,86.48485157684144,1.0935
1732,2,49,24.50,2.2,0,corps,86.44361945994125,0.8593
1733,2,53,26.50,2.2,0,corps,86.40240795394634,1.3002
1734,5,72,14.40,3.6,0,corps,86.36121704855387,2.3769
1735,4,43,10.75,3.1,0,corps,86.32004673346606,1.2219
1736,3,76,25.33,2.7,0,corps,86.2788969983904,0.9555
1737,3,60,20.00,2.7,0,corps,86.23776783303938,0.7243
1738,6,73,12.17,4.0,0,corps,86.19665922713078,1.5717
1739,2,17,8.50,2.2,0,corps,86.1555711703874,2.2463
1740,5,91,18.20,3.6,0,corps,86.11450365253724,1.5374
1741,3,59,19.67,2.7,0,corps,86.07345666331342,1.2447
1742,2,29,14.50,2.2,0,corps,86.0324301924542,2.8101
1743,6,73,12.17,4.0,0,corps,85.99142422970296,1.8034
1744,2,18,9.00,2.2,0,corps,85.95043876480818,1.9412
1745,2,27,13.50,2.2,0,corps,85.90947378752354,1.4756
1746,13,191,14.69,7.1,0,corps,85.86852928760777,2.1308
1747,8,100,12.50,4.9,0,corps,85.82760525482475,2.2645
1748,3,96,32.00,2.7,0,corps,85.78670167894347,1.1162
1749,5,99,19.80,3.6,0,corps,85.74581854973802,1.5492
1750,4,52,13.00,3.1,0,corps,85.70495585698764,2.8271
1751,2,41,20.50,2.2,0,corps,85.66411359047666,1.6983
1752,3,36,12.00,2.7,0,corps,85.6232917399945,1.6558
1753,2,22,11.00,2.2,0,corps,85.5824902953357,3.1325
1754,7,143,20.43,4.4,0,corps,85.5417092462999,1.3936
1755,3,110,36.67,2.7,0,corps,85.50094858269183,2.2338
1756,5,159,31.80,3.6,0,corps,85.46020829432133,1.2462
1757,7,111,15.86,4.4,0,corps,85.41948837100333,1.7287
1758,12,123,10.25,6.7,0,corps,85.37878880255785,3.4490
1759,3,42,14.00,2.7,0,corps,85.33810957880999,2.0838
1760,2,35,17.50,2.2,0,corps,85.29745068958995,1.8105
1761,3,114,38.00,2.7,0,corps,85.256812124733,0.8743
1762,2,22,11.00,2.2,0,corps,85.21619387407952,1.1326
1763,2,73,36.50,2.2,0,corps,85.17559592747492,0.8191
1764,3,52,17.33,2.7,0,corps,85.13501827476972,1.1159
1765,3,37,12.33,2.7,0,corps,85.09446090581953,1.1071
1766,4,84,21.00,3.1,0,corps,85.05392381048496,1.2818
1767,2,26,13.00,2.2,0,corps,85.01340697863179,2.4374
1768,5,82,16.40,3.6,0,corps,84.97291040013077,1.1348
1769,2,30,15.00,2.2,0,corps,84.93243406485779,1.4663
1770,7,99,14.14,4.4,0,corps,84.89197796269373,1.0842
1771,9,105,11.67,5.3,0,corps,84.8515420835246,1.5834
1772,5,68,13.60,3.6,0,corps,84.8111264172414,1.1202
1773,2,39,19.50,2.2,0,corps,84.77073095374023,0.8935
1774,5,71,14.20,3.6,0,corps,84.73035568292221,1.0856
1775,4,100,25.00,3.1,0,corps,84.69000059469354,0.8869
1776,2,25,12.50,2.2,0,corps,84.64966567896543,0.6984
1777,2,45,22.50,2.2,0,corps,84.60935092565417,0.9508
1778,4,40,10.00,3.1,0,corps,84.56905632468106,1.0743
1779,4,51,12.75,3.1,0,corps,84.52878186597245,1.4256
1780,4,71,17.75,3.1,0,corps,84.48852753945972,1.1188
1781,3,47,15.67,2.7,0,corps,84.4482933350793,1.5297
1782,4,78,19.50,3.1,0,corps,84.40807924277263,1.2046
1783,5,55,11.00,3.6,0,corps,84.36788525248619,1.5558
1784,6,84,14.00,4.0,0,corps,84.32771135417147,1.8043
1785,3,57,19.00,2.7,0,corps,84.28755753778503,1.2986
1786,2,29,14.50,2.2,0,corps,84.24742379328838,1.3147
1787,5,73,14.60,3.6,0,corps,84.2073101106481,1.7804
1788,4,41,10.25,3.1,0,corps,84.16721647983576,2.0729
1789,2,34,17.00,2.2,0,corps,84.12714289082797,0.9717
1790,6,78,13.00,4.0,0,corps,84.0870893336063,1.6494
1791,7,98,14.00,4.4,0,corps,84.04705579815739,1.3032
1792,4,42,10.50,3.1,0,corps,84.00704227447285,1.5395
1793,4,41,10.25,3.1,0,corps,83.9670487525493,1.9088
1794,2,71,35.50,2.2,0,corps,83.92707522238834,1.3727
1795,5,82,16.40,3.6,0,corps,83.88712167399662,1.3554
1796,2,54,27.00,2.2,0,corps,83.84718809738571,0.9847
1797,7,143,20.43,4.4,0,corps,83.80727448257225,1.3261
1798,2,35,17.50,2.2,0,corps,83.76738081957784,1.3856
1799,2,30,15.00,2.2,0,corps,83.72750709842904,1.2892
1800,4,53,13.25,3.1,0,corps,83.68765330915743,1.8711
1801,3,43,14.33,2.7,0,corps,83.64781944179957,1.0344
1802,2,50,25.00,2.2,0,corps,83.60800548639696,1.3730
1803,5,72,14.40,3.6,0,corps,83.56821143299616,2.0070
1804,3,74,24.67,2.7,0,corps,83.52843727164863,1.2445
1805,3,74,24.67,2.7,0,corps,83.48868299241083,1.4341
1806,2,46,23.00,2.2,0,corps,83.44894858534418,1.3146
1807,8,107,13.38,4.9,0,corps,83.40923404051512,2.4869
1808,6,118,19.67,4.0,0,corps,83.36953934799496,1.1608
1809,2,44,22.00,2.2,0,corps,83.32986449786006,1.3305
1810,2,52,26.00,2.2,0,corps,83.29020948019169,1.1776
1811,4,69,17.25,3.1,0,corps,83.25057428507611,1.2235
1812,4,70,17.50,3.1,0,corps,83.2109589026045,1.8667
1813,5,64,12.80,3.6,0,corps,83.17136332287305,1.7771
1814,2,41,20.50,2.2,0,corps,83.13178753598282,1.2634
1815,5,60,12.00,3.6,0,corps,83.09223153203989,1.6199
1816,11,154,14.00,6.2,0,corps,83.05269530115528,1.5953
1817,3,92,30.67,2.7,0,corps,83.01317883344488,1.7438
1818,3,22,7.33,2.7,0,corps,82.97368211902962,2.4528
1819,4,76,19.00,3.1,0,corps,82.93420514803529,1.2714
1820,6,96,16.00,4.0,0,corps,82.89474791059264,1.6454
1821,3,46,15.33,2.7,0,corps,82.85531039683742,1.7046
1822,2,24,12.00,2.2,0,corps,82.81589259691017,1.2438
1823,2,37,18.50,2.2,0,corps,82.77649450095652,0.7505
1824,3,65,21.67,2.7,0,corps,82.73711609912687,0.6388
1825,5,96,19.20,3.6,0,corps,82.69775738157668,1.0619
1826,7,85,12.14,4.4,0,corps,82.6584183384662,3.0436
1827,2,19,9.50,2.2,0,corps,82.61909895996077,1.8400
1828,5,84,16.80,3.6,0,corps,82.57979923623046,1.2861
1829,3,31,10.33,2.7,0,corps,82.54051915745038,1.7844
1830,2,22,11.00,2.2,0,corps,82.50125871380048,1.0603
1831,4,55,13.75,3.1,0,corps,82.46201789546569,1.7490
1832,3,70,23.33,2.7,0,corps,82.42279669263577,1.1313
1833,3,41,13.67,2.7,0,corps,82.38359509550544,1.0788
1834,3,58,19.33,2.7,0,corps,82.34441309427429,1.1374
1835,5,81,16.20,3.6,0,corps,82.30525067914681,0.9965
1836,7,102,14.57,4.4,0,corps,82.26610784033241,2.7229
1837,6,87,14.50,4.0,0,corps,82.2269845680454,1.6941
1838,3,28,9.33,2.7,0,corps,82.18788085250492,1.9973
1839,3,33,11.00,2.7,0,corps,82.14879668393506,1.4577
1840,2,44,22.00,2.2,0,corps,82.10973205256478,1.3531
1841,2,50,25.00,2.2,0,corps,82.07068694862792,1.6646
1842,3,40,13.33,2.7,0,corps,82.03166136236321,2.9511
1843,8,113,14.12,4.9,0,corps,81.99265528401423,2.5081
1844,5,59,11.80,3.6,0,corps,81.95366870382949,2.2235
1845,4,57,14.25,3.1,0,corps,81.91470161206234,1.9090
1846,3,66,22.00,2.7,0,corps,81.87575399897099,1.0912
1847,5,77,15.40,3.6,0,corps,81.83682585481854,1.7732
1848,6,146,24.33,4.0,0,corps,81.79791716987296,1.7022
1849,2,59,29.50,2.2,0,corps,81.7590279344071,1.7759
1850,3,33,11.00,2.7,0,corps,81.7201581386986,1.7547
1851,2,41,20.50,2.2,0,corps,81.68130777303006,2.2700
1852,2,65,32.50,2.2,0,corps,81.64247682768885,1.8493
1853,9,80,8.89,5.3,0,corps,81.60366529296726,2.4323
1854,3,53,17.67,2.7,0,corps,81.5648731591624,1.4004
1855,2,32,16.00,2.2,0,corps,81.52610041657623,1.1678
1856,3,39,13.00,2.7,0,corps,81.48734705551557,2.2940
1857,3,21,7.00,2.7,0,corps,81.44861306629207,1.8152
1858,4,49,12.25,3.1,0,corps,81.40989843922225,2.1825
1859,4,52,13.00,3.1,0,corps,81.37120316462743,1.4775
1860,5,35,7.00,3.6,0,corps,81.33252723283381,2.5228
1861,9,156,17.33,5.3,0,corps,81.29387063417242,1.8624
1862,5,58,11.60,3.6,0,corps,81.25523335897907,1.3821
1863,2,27,13.50,2.2,0,corps,81.21661539759447,1.3452
1864,12,166,13.83,6.7,0,corps,81.17801674036413,1.8374
1865,3,54,18.00,2.7,0,corps,81.13943737763836,2.2580
1866,2,71,35.50,2.2,0,corps,81.10087729977234,1.2389
1867,2,33,16.50,2.2,0,corps,81.06233649712605,1.3014
1868,2,33,16.50,2.2,0,corps,81.02381496006427,1.0285
1869,4,73,18.25,3.1,0,corps,80.98531267895666,1.1588
1870,3,18,6.00,2.7,0,corps,80.9468296441776,1.5705
1871,5,90,18.00,3.6,0,corps,80.90836584610636,1.6655
1872,2,16,8.00,2.2,0,corps,80.86992127512698,1.3372
1873,2,31,15.50,2.2,0,corps,80.83149592162833,1.2905
1874,4,100,25.00,3.1,0,corps,80.79308977600404,1.0165
1875,4,69,17.25,3.1,0,corps,80.7547028286526,1.4875
1876,2,18,9.00,2.2,0,corps,80.71633506997729,1.6773
1877,3,85,28.33,2.7,0,corps,80.6779864903861,1.0832
1878,4,67,16.75,3.1,0,corps,80.63965708029197,1.3475
1879,11,167,15.18,6.2,0,corps,80.6013468301125,1.4664
1880,4,62,15.50,3.1,0,corps,80.56305573027015,1.3109
1881,5,77,15.40,3.6,0,corps,80.5247837711921,1.9565
1882,8,96,12.00,4.9,0,corps,80.48653094331041,1.7505
1883,7,75,10.71,4.4,0,corps,80.44829723706187,5.7771
1884,2,22,11.00,2.2,0,corps,80.410082642888,1.5120
1885,2,31,15.50,2.2,0,corps,80.37188715123521,0.9577
1886,3,33,11.00,2.7,0,corps,80.33371075255461,1.6772
1887,3,47,15.67,2.7,0,corps,80.29555343730209,1.5400
1888,3,59,19.67,2.7,0,corps,80.25741519593834,1.1445
1889,3,57,19.00,2.7,0,corps,80.21929601892876,1.2260
1890,7,106,15.14,4.4,0,corps,80.18119589674359,1.7862
1891,7,136,19.43,4.4,0,corps,80.1431148198578,1.3986
1892,5,61,12.20,3.6,0,corps,80.1050527787511,1.3758
1893,2,39,19.50,2.2,0,corps,80.06700976390799,1.1295
1894,2,46,23.00,2.2,0,corps,80.02898576581774,1.3156
1895,6,103,17.17,4.0,0,corps,79.9909807749743,1.2672
1896,11,155,14.09,6.2,0,corps,79.95299478187647,1.3227
1897,5,90,18.00,3.6,0,corps,79.91502777702773,1.3806
1898,3,35,11.67,2.7,0,corps,79.87707975093632,1.3921
1899,6,56,9.33,4.0,0,corps,79.83915069411525,2.2923
1900,2,65,32.50,2.2,0,corps,79.80124059708224,1.1746
1901,6,78,13.00,4.0,0,corps,79.76334945035978,1.1181
1902,3,82,27.33,2.7,0,corps,79.72547724447507,1.3526
1903,3,48,16.00,2.7,0,corps,79.68762396996007,1.2709
1904,7,156,22.29,4.4,0,corps,79.64978961735146,1.2981
1905,3,99,33.00,2.7,0,corps,79.61197417719065,1.1682
1906,10,94,9.40,5.8,0,corps,79.57417764002376,1.8413
1907,10,120,12.00,5.8,0,corps,79.5363999964017,1.6031
1908,2,53,26.50,2.2,0,corps,79.49864123688002,1.1196
1909,2,21,10.50,2.2,0,corps,79.46090135201904,1.2200
1910,3,39,13.00,2.7,0,corps,79.42318033238381,1.1208
1911,2,25,12.50,2.2,0,corps,79.38547816854403,1.3063
1912,6,101,16.83,4.0,0,corps,79.3477948510742,1.1911
1913,2,26,13.00,2.2,0,corps,79.31013037055347,1.5094
1914,6,74,12.33,4.0,0,corps,79.27248471756572,1.4068
1915,2,48,24.00,2.2,0,corps,79.23485788269954,1.3307
1916,2,25,12.50,2.2,0,corps,79.19724985654824,0.9662
1917,7,120,17.14,4.4,0,corps,79.15966062970978,1.3046
1918,6,92,15.33,4.0,0,corps,79.12209019278687,1.7883
1919,2,45,22.50,2.2,0,corps,79.0845385363869,0.9412
1920,7,97,13.86,4.4,0,corps,79.04700565112196,1.3979
1921,7,99,14.14,4.4,0,corps,79.00949152760882,1.7012
1922,3,45,15.00,2.7,0,corps,78.97199615646895,1.9916
1923,2,35,17.50,2.2,0,corps,78.93451952832852,0.9476
1924,2,34,17.00,2.2,0,corps,78.89706163381835,1.4877
1925,2,38,19.00,2.2,0,corps,78.85962246357398,1.3933
1926,4,55,13.75,3.1,0,corps,78.82220200823564,1.2893
1927,4,46,11.50,3.1,0,corps,78.78480025844816,1.7625
1928,2,28,14.00,2.2,0,corps,78.74741720486116,1.5577
1929,5,76,15.20,3.6,0,corps,78.71005283812883,1.3838
1930,4,40,10.00,3.1,0,corps,78.6727071489101,1.6395
1931,3,46,15.33,2.7,0,corps,78.63538012786856,1.7725
1932,2,27,13.50,2.2,0,corps,78.59807176567243,1.5019
1933,3,42,14.00,2.7,0,corps,78.56078205299463,1.6770
1934,5,63,12.60,3.6,0,corps,78.52351098051274,1.7185
1935,2,50,25.00,2.2,0,corps,78.48625853890896,1.4236
1936,7,97,13.86,4.4,0,corps,78.44902471887023,1.7309
1937,6,104,17.33,4.0,0,corps,78.41180951108805,2.8265
1938,4,62,15.50,3.1,0,corps,78.37461290625865,1.7693
1939,4,40,10.00,3.1,0,corps,78.33743489508286,1.9271
1940,4,46,11.50,3.1,0,corps,78.30027546826616,1.8167
1941,7,111,15.86,4.4,0,corps,78.26313461651874,1.2235
1942,6,80,13.33,4.0,0,corps,78.22601233055535,1.3530
1943,10,121,12.10,5.8,0,corps,78.18890860109543,1.3869
1944,4,82,20.50,3.1,0,corps,78.15182341886306,1.4756
1945,2,28,14.00,2.2,0,corps,78.11475677458691,1.1083
1946,4,64,16.00,3.1,0,corps,78.07770865900035,1.2490
1947,7,103,14.71,4.4,0,corps,78.04067906284135,1.5380
1948,4,73,18.25,3.1,0,corps,78.00366797685248,1.4675
1949,8,94,11.75,4.9,0,corps,77.96667539178101,1.3097
1950,3,48,16.00,2.7,0,corps,77.92970129837876,1.1767
1951,2,61,30.50,2.2,0,corps,77.89274568740223,1.2002
1952,11,134,12.18,6.2,0,corps,77.85580854961249,1.6499
1953,2,28,14.00,2.2,0,corps,77.81888987577528,1.9647
1954,5,50,10.00,3.6,0,corps,77.78198965666093,2.0245
1955,5,63,12.60,3.6,0,corps,77.74510788304437,1.4382
1956,2,31,15.50,2.2,0,corps,77.70824454570517,1.4068
1957,2,35,17.50,2.2,0,corps,77.67139963542749,1.2116
1958,4,71,17.75,3.1,0,corps,77.63457314300011,1.6102
1959,2,52,26.00,2.2,0,corps,77.59776505921639,1.6048
1960,4,59,14.75,3.1,0,corps,77.56097537487432,0.8192
1961,5,97,19.40,3.6,0,corps,77.52420408077647,1.5102
1962,10,155,15.50,5.8,0,corps,77.48745116773003,1.6525
1963,3,90,30.00,2.7,0,corps,77.45071662654675,1.5565
1964,9,144,16.00,5.3,0,corps,77.41400044804304,1.5492
1965,2,22,11.00,2.2,0,corps,77.3773026230398,1.6816
1966,4,55,13.75,3.1,0,corps,77.3406231423626,1.9857
1967,6,119,19.83,4.0,0,corps,77.30396199684158,1.5630
1968,2,31,15.50,2.2,0,corps,77.26731917731144,1.4541
1969,9,165,18.33,5.3,0,corps,77.23069467461146,1.3811
1970,4,50,12.50,3.1,0,corps,77.19408847958555,1.6405
1971,6,68,11.33,4.0,0,corps,77.15750058308211,1.8875
1972,4,68,17.00,3.1,0,corps,77.12093097595422,2.1216
1973,4,108,27.00,3.1,0,corps,77.08437964905946,1.2260
1974,5,138,27.60,3.6,0,corps,77.04784659325999,1.2550
1975,8,117,14.62,4.9,0,corps,77.01133179942254,1.7626
1976,3,47,15.67,2.7,0,corps,76.97483525841842,1.9370
1977,4,88,22.00,3.1,0,corps,76.9383569611235,1.7202
1978,4,114,28.50,3.1,0,corps,76.90189689841822,1.2364
1979,4,49,12.25,3.1,0,corps,76.8654550611875,2.1095
1980,5,55,11.00,3.6,0,corps,76.82903144032096,2.7335
1981,12,153,12.75,6.7,0,corps,76.79262602671264,1.3914
1982,2,32,16.00,2.2,0,corps,76.75623881126121,1.5147
1983,3,23,7.67,2.7,0,corps,76.71986978486987,2.0988
1984,2,26,13.00,2.2,0,corps,76.68351893844635,1.2595
1985,7,112,16.00,4.4,0,corps,76.64718626290295,1.4708
1986,4,81,20.25,3.1,0,corps,76.61087174915649,1.1023
1987,6,86,14.33,4.0,0,corps,76.57457538812834,1.5946
1988,2,57,28.50,2.2,0,corps,76.53829717074441,0.6925
1989,4,68,17.00,3.1,0,corps,76.50203708793516,1.4812
1990,2,18,9.00,2.2,0,corps,76.46579513063556,2.2197
1991,5,86,17.20,3.6,0,corps,76.42957128978512,1.1121
1992,6,63,10.50,4.0,0,corps,76.39336555632788,1.1965
1993,4,86,21.50,3.1,0,corps,76.3571779212124,0.9777
1994,2,35,17.50,2.2,0,corps,76.32100837539178,0.8607
1995,4,64,16.00,3.1,0,corps,76.28485690982363,1.3424
1996,9,130,14.44,5.3,0,corps,76.24872351547009,1.2132
1997,10,133,13.30,5.8,0,corps,76.21260818329779,1.1734
1998,3,39,13.00,2.7,0,corps,76.17651090427793,1.9385
1999,4,57,14.25,3.1,0,corps,76.14043166938616,1.5508
2000,2,27,13.50,2.2,0,corps,76.1043704696027,1.6821
2001,3,41,13.67,2.7,0,corps,76.06832729591221,1.1261
2002,8,107,13.38,4.9,0,corps,76.03230213930394,1.6138
2003,5,112,22.40,3.6,0,corps,75.99629499077156,1.2908
2004,4,42,10.50,3.1,0,corps,75.96030584131333,1.3567
2005,8,136,17.00,4.9,0,corps,75.92433468193191,1.6959
2006,9,98,10.89,5.3,0,corps,75.88838150363455,1.4736
2007,4,32,8.00,3.1,0,corps,75.85244629743292,1.7094
2008,6,86,14.33,4.0,0,corps,75.81652905434326,1.6453
2009,5,64,12.80,3.6,0,corps,75.78062976538622,1.6782
2010,2,36,18.00,2.2,0,corps,75.74474842158702,1.2849
2011,2,38,19.00,2.2,0,corps,75.70888501397526,1.8763
2012,2,34,17.00,2.2,0,corps,75.67303953358517,1.5270
2013,2,43,21.50,2.2,0,corps,75.63721197145532,1.6968
2014,3,26,8.67,2.7,0,corps,75.60140231862883,1.3510
2015,3,51,17.00,2.7,0,corps,75.5656105661533,1.3598
2016,16,148,9.25,8.4,0,corps,75.52983670508078,3.0603
2017,3,55,18.33,2.7,0,corps,75.4940807264678,1.7468
2018,5,104,20.80,3.6,0,corps,75.4583426213754,0.9686
2019,8,134,16.75,4.9,0,corps,75.42262238086899,1.3802
2020,6,70,11.67,4.0,0,corps,75.38691999601858,1.8491
2021,3,41,13.67,2.7,0,corps,75.35123545789853,2.0266
2022,5,93,18.60,3.6,0,corps,75.31556875758771,1.6901
2023,4,75,18.75,3.1,0,corps,75.27991988616945,1.8695
2024,2,10,5.00,2.2,0,corps,75.24428883473153,4.5473
2025,3,44,14.67,2.7,0,corps,75.20867559436621,2.9497
2026,3,70,23.33,2.7,0,corps,75.17308015617014,1.5206
2027,4,41,10.25,3.1,0,corps,75.13750251124448,1.3951
2028,2,70,35.00,2.2,0,corps,75.10194265069484,1.4588
2029,3,50,16.67,2.7,0,corps,75.06640056563123,1.7051
2030,9,144,16.00,5.3,0,corps,75.03087624716812,1.7423
2031,7,136,19.43,4.4,0,corps,74.99536968642443,1.6829
2032,4,68,17.00,3.1,0,corps,74.95988087452355,2.0030
2033,2,42,21.00,2.2,0,corps,74.92440980259325,1.9897
2034,3,26,8.67,2.7,0,corps,74.88895646176577,2.1749
2035,6,75,12.50,4.0,0,corps,74.85352084317776,3.5248
2036,3,52,17.33,2.7,0,corps,74.81810293797035,1.5975
2037,6,74,12.33,4.0,0,corps,74.78270273728906,2.5675
2038,2,34,17.00,2.2,0,corps,74.74732023228378,2.1556
2039,14,185,13.21,7.6,0,corps,74.71195541410896,2.0702
2040,5,70,14.00,3.6,0,corps,74.67660827392335,1.6963
2041,8,91,11.38,4.9,0,corps,74.64127880289018,2.2856
2042,5,67,13.40,3.6,0,corps,74.60596699217709,1.5053
2043,8,136,17.00,4.9,0,corps,74.57067283295608,2.7930
2044,5,103,20.60,3.6,0,corps,74.53539631640368,1.3079
2045,3,55,18.33,2.7,0,corps,74.50013743370071,1.5497
2046,9,131,14.56,5.3,0,corps,74.46489617603247,1.3260
2047,7,145,20.71,4.4,0,corps,74.42967253458863,1.3927
2048,3,52,17.33,2.7,0,corps,74.3944665005633,1.6241
2049,3,49,16.33,2.7,0,corps,74.35927806515497,1.0586
2050,4,55,13.75,3.1,0,corps,74.32410721956651,1.8909
2051,4,64,16.00,3.1,0,corps,74.28895395500523,1.7892
2052,4,79,19.75,3.1,0,corps,74.2538182626828,1.1174
2053,5,76,15.20,3.6,0,corps,74.2187001338153,1.6707
2054,2,43,21.50,2.2,0,corps,74.18359955962322,1.2398
2055,3,40,13.33,2.7,0,corps,74.14851653133137,1.4450
2056,2,56,28.00,2.2,0,corps,74.11345104016902,1.2105
2057,4,76,19.00,3.1,0,corps,74.0784030773698,1.1448
2058,2,44,22.00,2.2,0,corps,74.04337263417173,1.3365
2059,3,68,22.67,2.7,0,corps,74.00835970181716,1.1652
2060,5,95,19.00,3.6,0,corps,73.97336427155288,1.1660
2061,8,100,12.50,4.9,0,corps,73.93838633463005,1.9522
2062,6,103,17.17,4.0,0,corps,73.90342588230416,1.4829
2063,2,45,22.50,2.2,0,corps,73.8684829058351,1.1235
2064,4,42,10.50,3.1,0,corps,73.83355739648712,1.7973
2065,8,77,9.62,4.9,0,corps,73.79864934552887,1.3984
2066,2,33,16.50,2.2,0,corps,73.76375874423333,1.5142
2067,3,38,12.67,2.7,0,corps,73.72888558387783,1.2758
2068,5,53,10.60,3.6,0,corps,73.69402985574408,1.6445
2069,2,26,13.00,2.2,0,corps,73.65919155111817,1.0856
2070,2,21,10.50,2.2,0,corps,73.6243706612905,4.1165
2071,4,50,12.50,3.1,0,corps,73.58956717755585,1.6356
2072,2,27,13.50,2.2,0,corps,73.55478109121337,1.3406
2073,7,78,11.14,4.4,0,corps,73.52001239356653,1.7175
2074,7,127,18.14,4.4,0,corps,73.48526107592315,1.5226
2075,4,76,19.00,3.1,0,corps,73.45052712959537,1.1301
2076,2,46,23.00,2.2,0,corps,73.41581054589977,1.4186
2077,3,56,18.67,2.7,0,corps,73.38111131615716,1.2714
2078,4,74,18.50,3.1,0,corps,73.34642943169274,1.3206
2079,6,84,14.00,4.0,0,corps,73.31176488383603,1.4403
2080,6,52,8.67,4.0,0,corps,73.2771176639209,2.0172
2081,3,48,16.00,2.7,0,corps,73.24248776328557,2.5147
2082,6,80,13.33,4.0,0,corps,73.20787517327253,2.2723
2083,2,26,13.00,2.2,0,corps,73.17327988522862,2.0272
2084,7,109,15.57,4.4,0,corps,73.13870189050508,1.3858
2085,4,47,11.75,3.1,0,corps,73.10414118045735,1.7237
2086,3,46,15.33,2.7,0,corps,73.06959774644528,1.6871
2087,3,77,25.67,2.7,0,corps,73.03507157983299,1.5954
2088,6,85,14.17,4.0,0,corps,73.00056267198897,1.9641
2089,8,112,14.00,4.9,0,corps,72.96607101428599,1.7643
2090,4,67,16.75,3.1,0,corps,72.93159659810112,1.7514
2091,2,20,10.00,2.2,0,corps,72.89713941481574,2.7368
2092,3,56,18.67,2.7,0,corps,72.86269945581557,1.7113
2093,5,69,13.80,3.6,0,corps,72.82827671249063,2.2116
2094,17,208,12.24,8.9,0,corps,72.79387117623524,3.0888
2095,7,109,15.57,4.4,0,corps,72.759482838448,1.9362
2096,3,86,28.67,2.7,0,corps,72.72511169053182,1.6714
2097,4,51,12.75,3.1,0,corps,72.69075772389392,2.1935
2098,5,83,16.60,3.6,0,corps,72.65642092994581,1.4934
2099,8,96,12.00,4.9,0,corps,72.62210130010328,1.9188
2100,8,168,21.00,4.9,0,corps,72.58779882578644,1.5367
2101,6,89,14.83,4.0,0,corps,72.55351349841968,1.9038
2102,4,49,12.25,3.1,0,corps,72.51924530943164,1.6739
2103,5,52,10.40,3.6,0,corps,72.48499425025527,2.6291
2104,20,254,12.70,10.2,0,corps,72.45076031232783,2.1553
2105,2,22,11.00,2.2,0,corps,72.41654348709083,1.4693
2106,7,101,14.43,4.4,0,corps,72.38234376599007,1.5242
2107,2,40,20.00,2.2,0,corps,72.34816114047557,1.0874
2108,11,136,12.36,6.2,0,corps,72.31399560200174,1.8633
2109,8,101,12.62,4.9,0,corps,72.27984714202717,1.7111
2110,2,21,10.50,2.2,0,corps,72.24571575201473,1.9493
2111,11,122,11.09,6.2,0,corps,72.21160142343156,1.8342
2112,3,107,35.67,2.7,0,corps,72.17750414774913,1.0693
2113,7,89,12.71,4.4,0,corps,72.1434239164431,1.3860
2114,2,32,16.00,2.2,0,corps,72.1093607209934,1.8375
2115,3,45,15.00,2.7,0,corps,72.07531455288421,1.5817
2116,4,82,20.50,3.1,0,corps,72.04128540360402,1.6416
2117,7,76,10.86,4.4,0,corps,72.00727326464556,1.6604
2118,6,94,15.67,4.0,0,corps,71.97327812750575,1.3222
2119,7,79,11.29,4.4,0,corps,71.93929998368583,1.7705
2120,3,49,16.33,2.7,0,corps,71.90533882469126,1.5442
2121,6,84,14.00,4.0,0,corps,71.87139464203175,6.6574
2122,8,123,15.38,4.9,0,corps,71.83746742722126,1.8041
2123,6,128,21.33,4.0,0,corps,71.80355717177797,2.1362
2124,2,27,13.50,2.2,0,corps,71.76966386722432,1.5566
2125,3,91,30.33,2.7,0,corps,71.73578750508702,1.2843
2126,3,77,25.67,2.7,0,corps,71.70192807689692,1.2811
2127,6,104,17.33,4.0,0,corps,71.6680855741892,1.5879
2128,6,94,15.67,4.0,0,corps,71.63425998850322,1.4881
2129,3,60,20.00,2.7,0,corps,71.6004513113826,1.5619
2130,4,49,12.25,3.1,0,corps,71.56665953437515,1.2696
2131,4,71,17.75,3.1,0,corps,71.53288464903295,1.3166
2132,7,102,14.57,4.4,0,corps,71.49912664691225,1.4326
2133,6,122,20.33,4.0,0,corps,71.46538551957357,1.3615
2134,2,63,31.50,2.2,0,corps,71.43166125858163,1.0942
2135,8,114,14.25,4.9,0,corps,71.39795385550534,2.0696
2136,6,83,13.83,4.0,0,corps,71.36426330191786,1.7558
2137,6,83,13.83,4.0,0,corps,71.33058958939658,1.6483
2138,4,78,19.50,3.1,0,corps,71.29693270952303,1.0733
2139,5,67,13.40,3.6,0,corps,71.26329265388303,1.5763
2140,4,67,16.75,3.1,0,corps,71.22966941406649,1.9809
2141,4,72,18.00,3.1,0,corps,71.19606298166772,1.1409
2142,5,50,10.00,3.6,0,corps,71.16247334828502,0.9931
2143,3,36,12.00,2.7,0,corps,71.128900505521,1.9071
2144,6,87,14.50,4.0,0,corps,71.09534444498244,1.4214
2145,7,71,10.14,4.4,0,corps,71.06180515828036,1.5630
2146,13,157,12.08,7.1,0,corps,71.02828263702993,2.6316
2147,12,123,10.25,6.7,0,corps,70.9947768728505,7.5080
2148,2,19,9.50,2.2,0,corps,70.96128785736562,1.2110
2149,2,64,32.00,2.2,0,corps,70.92781558220307,1.0744
2150,5,90,18.00,3.6,0,corps,70.89436003899478,1.2821
2151,8,104,13.00,4.9,0,corps,70.86092121937682,1.2486
2152,8,148,18.50,4.9,0,corps,70.82749911498951,2.0582
2153,3,42,14.00,2.7,0,corps,70.79409371747734,1.4757
2154,6,122,20.33,4.0,0,corps,70.76070501848896,1.3615
2155,2,66,33.00,2.2,0,corps,70.72733300967717,0.8731
2156,8,120,15.00,4.9,0,corps,70.69397768269896,1.3792
2157,2,35,17.50,2.2,0,corps,70.66063902921555,0.9053
2158,3,54,18.00,2.7,0,corps,70.62731704089222,1.1429
2159,2,36,18.00,2.2,0,corps,70.59401170939852,0.8987
2160,11,135,12.27,6.2,0,corps,70.56072302640807,1.7466
2161,4,88,22.00,3.1,0,corps,70.52745098359874,1.0691
2162,5,67,13.40,3.6,0,corps,70.4941955726525,1.7144
2163,2,34,17.00,2.2,0,corps,70.4609567852555,1.3166
2164,9,130,14.44,5.3,0,corps,70.42773461309804,1.4397
2165,7,123,17.57,4.4,0,corps,70.39452904787457,1.6142
2166,2,24,12.00,2.2,0,corps,70.36134008128373,1.1202
2167,4,69,17.25,3.1,0,corps,70.32816770502825,1.2116
2168,2,20,10.00,2.2,0,corps,70.295011910815,1.6177
2169,8,129,16.12,4.9,0,corps,70.26187269035513,1.6205
2170,2,63,31.50,2.2,0,corps,70.22875003536376,1.1373
2171,3,34,11.33,2.7,0,corps,70.19564393756025,0.9008
2172,3,40,13.33,2.7,0,corps,70.16255438866804,1.2447
2173,31,390,12.58,15.1,0,corps,70.12948138041479,2.8662
2174,5,60,12.00,3.6,0,corps,70.09642490453224,1.6606
2175,12,123,10.25,6.7,0,corps,70.06338495275625,2.7513
2176,5,81,16.20,3.6,0,corps,70.03036151682683,1.3241
2177,3,48,16.00,2.7,0,corps,69.99735458848816,1.6946
2178,3,44,14.67,2.7,0,corps,69.96436415948845,1.1292
2179,8,102,12.75,4.9,0,corps,69.93139022158016,1.3725
2180,4,60,15.00,3.1,0,corps,69.89843276651973,1.8547
2181,4,77,19.25,3.1,0,corps,69.86549178606786,1.4075
2182,3,40,13.33,2.7,0,corps,69.83256727198928,1.5510
2183,13,151,11.62,7.1,0,corps,69.79965921605286,2.0271
2184,2,22,11.00,2.2,0,corps,69.76676761003156,1.7507
2185,8,93,11.62,4.9,0,corps,69.73389244570252,1.7780
2186,7,72,10.29,4.4,0,corps,69.70103371484694,1.5837
2187,10,123,12.30,5.8,0,corps,69.66819140925016,1.8759
2188,6,77,12.83,4.0,0,corps,69.63536552070153,1.7913
2189,9,157,17.44,5.3,0,corps,69.60255604099463,1.9228
2190,19,274,14.42,9.8,0,corps,69.5697629619271,2.1651
2191,3,40,13.33,2.7,0,corps,69.53698627530063,1.7956
2192,13,155,11.92,7.1,0,corps,69.50422597292108,1.6120
2193,4,97,24.25,3.1,0,corps,69.47148204659837,1.3417
2194,3,47,15.67,2.7,0,corps,69.43875448814651,1.7613
2195,6,80,13.33,4.0,0,corps,69.40604328938362,1.7647
2196,5,75,15.00,3.6,0,corps,69.37334844213187,1.6445
2197,4,52,13.00,3.1,0,corps,69.34066993821759,1.4189
2198,4,82,20.50,3.1,0,corps,69.30800776947112,1.2032
2199,2,24,12.00,2.2,0,corps,69.27536192772695,1.6301
2200,4,61,15.25,3.1,0,corps,69.2427324048236,1.5170
2201,22,271,12.32,11.1,0,corps,69.21011919260368,2.7735
2202,6,64,10.67,4.0,0,corps,69.17752228291391,1.8094
2203,2,25,12.50,2.2,0,corps,69.14494166760504,1.7427
2204,20,235,11.75,10.2,0,corps,69.11237733853191,2.3835
2205,6,82,13.67,4.0,0,corps,69.07982928755348,2.0390
2206,8,95,11.88,4.9,0,corps,69.04729750653271,1.7967
2207,8,135,16.88,4.9,0,corps,69.01478198733666,1.6095
2208,3,44,14.67,2.7,0,corps,68.98228272183641,1.3423
2209,2,38,19.00,2.2,0,corps,68.94979970190722,1.4039
2210,2,26,13.00,2.2,0,corps,68.91733291942828,1.8819
2211,9,129,14.33,5.3,0,corps,68.88488236628291,1.7337
2212,4,42,10.50,3.1,0,corps,68.85244803435845,2.5545
2213,4,46,11.50,3.1,0,corps,68.82002991554636,1.5044
2214,9,118,13.11,5.3,0,corps,68.78762800174208,1.6156
2215,7,99,14.14,4.4,0,corps,68.75524228484514,8.4170
2216,4,96,24.00,3.1,0,corps,68.72287275675909,1.6005
2217,4,34,8.50,3.1,0,corps,68.69051940939158,2.4185
2218,4,94,23.50,3.1,0,corps,68.65818223465426,1.6203
2219,2,36,18.00,2.2,0,corps,68.62586122446285,1.3509
2220,14,231,16.50,7.6,0,corps,68.59355637073706,1.7724
2221,5,105,21.00,3.6,0,corps,68.5612676654007,1.0040
2222,3,46,15.33,2.7,0,corps,68.52899510038161,1.1985
2223,4,49,12.25,3.1,0,corps,68.49673866761162,1.1534
2224,8,99,12.38,4.9,0,corps,68.46449835902662,1.6290
2225,3,49,16.33,2.7,0,corps,68.43227416656657,2.9010
2226,8,98,12.25,4.9,0,corps,68.40006608217539,1.0461
2227,8,108,13.50,4.9,0,corps,68.36787409780106,1.6371
2228,4,61,15.25,3.1,0,corps,68.33569820539557,1.3546
2229,3,31,10.33,2.7,0,corps,68.303538396915,2.1243
2230,6,69,11.50,4.0,0,corps,68.27139466431936,1.9222
2231,2,26,13.00,2.2,0,corps,68.23926699957272,1.0563
2232,2,22,11.00,2.2,0,corps,68.20715539464315,1.9202
2233,15,193,12.87,8.0,0,corps,68.17505984150276,1.4574
2234,2,48,24.00,2.2,0,corps,68.14298033212768,1.0839
2235,2,31,15.50,2.2,0,corps,68.11091685849803,1.7503
2236,3,20,6.67,2.7,0,corps,68.07886941259788,1.7543
2237,2,20,10.00,2.2,0,corps,68.04683798641547,1.1068
2238,2,42,21.00,2.2,0,corps,68.01482257194287,1.5530
2239,2,37,18.50,2.2,0,corps,67.98282316117624,1.0525
2240,3,38,12.67,2.7,0,corps,67.95083974611573,1.8712
2241,3,82,27.33,2.7,0,corps,67.91887231876551,1.2263
2242,2,33,16.50,2.2,0,corps,67.88692087113368,1.6978
2243,5,62,12.40,3.6,0,corps,67.85498539523243,1.6514
2244,5,83,16.60,3.6,0,corps,67.82306588307783,1.3542
2245,5,75,15.00,3.6,0,corps,67.79116232669004,1.7557
2246,6,95,15.83,4.0,0,corps,67.75927471809318,1.6997
2247,6,70,11.67,4.0,0,corps,67.72740304931531,2.5033
2248,5,66,13.20,3.6,0,corps,67.69554731238854,1.9671
2249,4,58,14.50,3.1,0,corps,67.66370749934894,1.6607
2250,3,42,14.00,2.7,0,corps,67.63188360223656,1.4998
2251,2,29,14.50,2.2,0,corps,67.60007561309538,1.7161
2252,4,49,12.25,3.1,0,corps,67.56828352397346,1.5156
2253,6,95,15.83,4.0,0,corps,67.53650732692272,1.8092
2254,5,57,11.40,3.6,0,corps,67.50474701399918,1.7630
2255,7,83,11.86,4.4,0,corps,67.4730025772627,1.5993
2256,8,152,19.00,4.9,0,corps,67.44127400877721,1.4963
2257,7,83,11.86,4.4,0,corps,67.40956130061053,1.4903
2258,4,62,15.50,3.1,0,corps,67.37786444483453,1.4786
2259,6,97,16.17,4.0,0,corps,67.34618343352496,1.4071
2260,6,74,12.33,4.0,0,corps,67.31451825876158,1.6831
2261,11,170,15.45,6.2,0,corps,67.28286891262809,1.7967
2262,6,94,15.67,4.0,0,corps,67.25123538721218,1.3428
2263,4,71,17.75,3.1,0,corps,67.21961767460542,1.3724
2264,4,84,21.00,3.1,0,corps,67.1880157669034,1.4364
2265,2,30,15.00,2.2,0,corps,67.15642965620567,1.2488
2266,9,108,12.00,5.3,0,corps,67.12485933461568,1.2300
2267,3,47,15.67,2.7,0,corps,67.09330479424086,1.7179
2268,12,145,12.08,6.7,0,corps,67.06176602719256,2.0889
2269,8,92,11.50,4.9,0,corps,67.03024302558609,1.3878
2270,3,42,14.00,2.7,0,corps,66.9987357815407,1.6673
2271,2,59,29.50,2.2,0,corps,66.96724428717961,1.0170
2272,11,164,14.91,6.2,0,corps,66.9357685346299,6.4198
2273,9,160,17.78,5.3,0,corps,66.90430851602265,1.4891
2274,3,56,18.67,2.7,0,corps,66.87286422349285,1.2945
2275,5,68,13.60,3.6,0,corps,66.84143564917945,1.5504
2276,7,68,9.71,4.4,0,corps,66.81002278522529,1.6803
2277,6,90,15.00,4.0,0,corps,66.77862562377713,1.2213
2278,2,27,13.50,2.2,0,corps,66.74724415698573,1.1263
2279,11,151,13.73,6.2,0,corps,66.7158783770057,1.3504
2280,5,73,14.60,3.6,0,corps,66.68452827599558,1.3388
2281,4,54,13.50,3.1,0,corps,66.65319384611783,1.5176
2282,2,40,20.00,2.2,0,corps,66.6218750795389,1.5823
2283,11,140,12.73,6.2,0,corps,66.59057196842905,1.5702
2284,4,52,13.00,3.1,0,corps,66.55928450496253,1.4762
2285,7,90,12.86,4.4,0,corps,66.52801268131745,1.3810
2286,8,108,13.50,4.9,0,corps,66.49675648967587,1.7656
2287,7,90,12.86,4.4,0,corps,66.46551592222374,1.3988
2288,6,77,12.83,4.0,0,corps,66.43429097115092,1.8852
2289,9,99,11.00,5.3,0,corps,66.40308162865117,1.5738
2290,7,71,10.14,4.4,0,corps,66.37188788692214,1.6303
2291,9,114,12.67,5.3,0,corps,66.34070973816542,1.6543
2292,4,59,14.75,3.1,0,corps,66.30954717458646,1.0630
2293,2,29,14.50,2.2,0,corps,66.2784001883946,1.5691
2294,3,41,13.67,2.7,0,corps,66.2472687718031,1.5490
2295,6,111,18.50,4.0,0,corps,66.21615291702916,1.9707
2296,2,23,11.50,2.2,0,corps,66.18505261629376,1.3535
2297,15,190,12.67,8.0,0,corps,66.15396786182181,4.1793
2298,7,136,19.43,4.4,0,corps,66.12289864584217,1.6106
2299,9,88,9.78,5.3,0,corps,66.09184496058754,12.1442
2300,2,72,36.00,2.2,0,corps,66.06080679829445,1.1073
2301,2,36,18.00,2.2,0,corps,66.02978415120336,1.6776
2302,2,18,9.00,2.2,0,corps,65.99877701155864,0.9863
2303,2,26,13.00,2.2,0,corps,65.96778537160853,0.8796
2304,4,40,10.00,3.1,0,corps,65.93680922360507,1.0250
2305,2,44,22.00,2.2,0,corps,65.90584855980421,0.7066
2306,2,30,15.00,2.2,0,corps,65.87490337246584,1.1792
2307,3,34,11.33,2.7,0,corps,65.84397365385362,1.0388
2308,2,41,20.50,2.2,0,corps,65.81305939623516,1.5067
2309,3,62,20.67,2.7,0,corps,65.78216059188185,1.0247
2310,18,188,10.44,9.3,0,corps,65.75127723306902,1.3646
2311,6,88,14.67,4.0,0,corps,65.72040931207582,1.3332
2312,3,59,19.67,2.7,0,corps,65.68955682118526,1.1167
2313,7,98,14.00,4.4,0,corps,65.65871975268422,1.2026
2314,8,104,13.00,4.9,0,corps,65.62789809886345,1.2372
2315,2,41,20.50,2.2,0,corps,65.59709185201754,0.6803
2316,14,171,12.21,7.6,0,corps,65.56630100444491,1.6912
2317,8,109,13.62,4.9,0,corps,65.53552554844782,1.6890
2318,9,141,15.67,5.3,0,corps,65.50476547633247,0.9890
2319,4,50,12.50,3.1,0,corps,65.47402078040881,1.0090
2320,10,95,9.50,5.8,0,corps,65.44329145299065,1.5297
2321,2,40,20.00,2.2,0,corps,65.41257748639566,1.1836
2322,2,29,14.50,2.2,0,corps,65.38187887294539,1.7891
2323,4,65,16.25,3.1,0,corps,65.35119560496514,1.8076
2324,2,40,20.00,2.2,0,corps,65.32052767478412,2.1571
2325,8,101,12.62,4.9,0,corps,65.28987507473532,1.7946
2326,3,36,12.00,2.7,0,corps,65.25923779715565,2.3529
2327,5,66,13.20,3.6,0,corps,65.22861583438572,1.7650
2328,11,128,11.64,6.2,0,corps,65.19800917877006,3.1051
2329,2,60,30.00,2.2,0,corps,65.16741782265703,1.5461
2330,3,45,15.00,2.7,0,corps,65.13684175839877,2.4988
2331,3,41,13.67,2.7,0,corps,65.10628097835126,1.8889
2332,3,41,13.67,2.7,0,corps,65.07573547487434,2.5615
2333,2,9,4.50,2.2,0,corps,65.04520524033155,2.5542
2334,5,48,9.60,3.6,0,corps,65.01469026709043,2.0459
2335,21,245,11.67,10.7,0,corps,64.9841905475222,1.9109
2336,8,110,13.75,4.9,0,corps,64.95370607400191,1.6717
2337,6,50,8.33,4.0,0,corps,64.92323683890847,17.2165
2338,3,71,23.67,2.7,0,corps,64.89278283462451,1.3731
2339,10,142,14.20,5.8,0,corps,64.86234405353663,1.6117
2340,3,39,13.00,2.7,0,corps,64.83192048803507,1.6015
2341,2,45,22.50,2.2,0,corps,64.80151213051393,1.2631
2342,9,107,11.89,5.3,0,corps,64.77111897337114,1.7695
2343,3,43,14.33,2.7,0,corps,64.74074100900843,1.9511
2344,3,38,12.67,2.7,0,corps,64.71037822983128,1.6283
2345,4,57,14.25,3.1,0,corps,64.680030628249,1.7878
2346,5,89,17.80,3.6,0,corps,64.64969819667469,1.9085
2347,4,54,13.50,3.1,0,corps,64.61938092752526,3.8097
2348,6,58,9.67,4.0,0,corps,64.58907881322136,3.1196
2349,9,92,10.22,5.3,0,corps,64.55879184618748,2.0825
2350,2,29,14.50,2.2,0,corps,64.52852001885189,1.9939
2351,2,24,12.00,2.2,0,corps,64.49826332364663,1.5287
2352,3,45,15.00,2.7,0,corps,64.46802175300749,1.3819
2353,2,39,19.50,2.2,0,corps,64.4377952993741,1.5059
2354,4,53,13.25,3.1,0,corps,64.40758395518986,1.9202
2355,8,102,12.75,4.9,0,corps,64.37738771290194,2.5709
2356,13,119,9.15,7.1,0,corps,64.34720656496124,2.0953
2357,11,133,12.09,6.2,0,corps,64.31704050382251,1.9354
2358,7,117,16.71,4.4,0,corps,64.28688952194422,1.7057
2359,7,95,13.57,4.4,0,corps,64.25675361178861,1.8986
2360,6,108,18.00,4.0,0,corps,64.22663276582172,2.0473
2361,9,97,10.78,5.3,0,corps,64.19652697651334,1.4594
2362,11,114,10.36,6.2,0,corps,64.16643623633702,1.6035
2363,3,57,19.00,2.7,0,corps,64.13636053777007,1.4574
2364,5,89,17.80,3.6,0,corps,64.10629987329357,1.5167
2365,5,33,6.60,3.6,0,corps,64.07625423539234,2.7585
2366,3,48,16.00,2.7,0,corps,64.046223616555,1.2459
2367,7,144,20.57,4.4,0,corps,64.01620800927387,1.3143
2368,12,143,11.92,6.7,0,corps,63.98620740604506,2.1017
2369,8,67,8.38,4.9,0,corps,63.956221799368386,1.9639
2370,4,49,12.25,3.1,0,corps,63.9262511817475,1.6370
2371,3,57,19.00,2.7,0,corps,63.89629554568972,1.6201
2372,2,33,16.50,2.2,0,corps,63.866354883706144,1.6584
2373,5,58,11.60,3.6,0,corps,63.836429188311584,1.6400
2374,13,178,13.69,7.1,0,corps,63.80651845202464,1.9986
2375,3,24,8.00,2.7,0,corps,63.77662266736762,1.6383
2376,3,53,17.67,2.7,0,corps,63.74674182686658,1.4995
2377,2,54,27.00,2.2,0,corps,63.716875923051305,1.3140
2378,5,73,14.60,3.6,0,corps,63.68702494845532,1.9484
2379,8,87,10.88,4.9,0,corps,63.6571888956159,1.6978
2380,5,113,22.60,3.6,0,corps,63.627367757074005,1.1993
2381,3,42,14.00,2.7,0,corps,63.59756152537436,1.3932
2382,3,30,10.00,2.7,0,corps,63.567770193065385,1.6241
2383,8,108,13.50,4.9,0,corps,63.53799375269929,1.5508
2384,13,152,11.69,7.1,0,corps,63.50823219683195,1.6836
2385,2,52,26.00,2.2,0,corps,63.47848551802295,1.2949
2386,10,103,10.30,5.8,0,corps,63.44875370883564,1.4794
2387,9,89,9.89,5.3,0,corps,63.41903676183708,2.1280
2388,8,120,15.00,4.9,0,corps,63.38933466959802,1.3790
2389,4,43,10.75,3.1,0,corps,63.35964742469293,1.9834
2390,3,46,15.33,2.7,0,corps,63.3299750197,1.5731
2391,9,92,10.22,5.3,0,corps,63.30031744720115,2.1857
2392,4,69,17.25,3.1,0,corps,63.27067469978196,1.3298
2393,2,21,10.50,2.2,0,corps,63.24104677003176,2.4826
2394,12,109,9.08,6.7,0,corps,63.21143365054355,2.3638
2395,7,76,10.86,4.4,0,corps,63.18183533391406,2.1195
2396,2,42,21.00,2.2,0,corps,63.15225181274372,2.1074
2397,3,41,13.67,2.7,0,corps,63.12268307963665,1.6324
2398,2,21,10.50,2.2,0,corps,63.09312912720063,1.5746
2399,6,98,16.33,4.0,0,corps,63.06358994804724,1.3317
2400,13,219,16.85,7.1,0,corps,63.034065534791615,1.5255
2401,5,116,23.20,3.6,0,corps,63.00455588005269,1.2122
2402,9,119,13.22,5.3,0,corps,62.97506097645304,1.4926
2403,2,25,12.50,2.2,0,corps,62.94558081661894,1.2420
2404,6,86,14.33,4.0,0,corps,62.91611539318036,1.5052
2405,2,54,27.00,2.2,0,corps,62.88666469877092,1.2988
2406,5,67,13.40,3.6,0,corps,62.85722872602797,1.2548
2407,2,38,19.00,2.2,0,corps,62.827807467592514,1.3980
2408,2,40,20.00,2.2,0,corps,62.79840091610922,1.6134
2409,4,47,11.75,3.1,0,corps,62.769009064226466,1.6054
2410,3,37,12.33,2.7,0,corps,62.73963190459628,1.3457
2411,8,123,15.38,4.9,0,corps,62.71026942987439,1.6631
2412,10,138,13.80,5.8,0,corps,62.68092163272016,1.4126
2413,2,26,13.00,2.2,0,corps,62.65158850579663,1.0038
2414,4,32,8.00,3.1,0,corps,62.622270041770534,1.4524
2415,8,93,11.62,4.9,0,corps,62.59296623331226,1.9316
2416,9,123,13.67,5.3,0,corps,62.563677073095846,1.4437
2417,5,54,10.80,3.6,0,corps,62.53440255379902,1.3098
2418,10,126,12.60,5.8,0,corps,62.50514266810311,1.7073
2419,5,87,17.40,3.6,0,corps,62.47589740869319,1.4976
2420,2,30,15.00,2.2,0,corps,62.44666676825793,1.3261
2421,3,50,16.67,2.7,0,corps,62.41745073948967,1.4963
2422,4,60,15.00,3.1,0,corps,62.38824931508438,1.7713
2423,5,51,10.20,3.6,0,corps,62.359062487741724,2.0497
2424,11,144,13.09,6.2,0,corps,62.32989025016501,1.4022
2425,9,92,10.22,5.3,0,corps,62.300732595061156,1.6508
2426,5,77,15.40,3.6,0,corps,62.27158951514075,1.4054
2427,7,102,14.57,4.4,0,corps,62.24246100311803,1.7902
2428,4,54,13.50,3.1,0,corps,62.21334705171087,1.2315
2429,4,60,15.00,3.1,0,corps,62.18424765364077,1.1188
2430,6,89,14.83,4.0,0,corps,62.15516280163287,1.2812
2431,3,47,15.67,2.7,0,corps,62.126092488416006,2.1470
2432,3,78,26.00,2.7,0,corps,62.09703670672254,1.0388
2433,7,87,12.43,4.4,0,corps,62.067995449288574,1.9530
2434,7,68,9.71,4.4,0,corps,62.038968708853744,1.4754
2435,5,79,15.80,3.6,0,corps,62.00995647816142,1.6752
2436,5,49,9.80,3.6,0,corps,61.98095874995852,2.1134
2437,10,116,11.60,5.8,0,corps,61.951975516995596,7.8046
2438,4,56,14.00,3.1,0,corps,61.923006772026845,1.3987
2439,4,44,11.00,3.1,0,corps,61.894052507810095,1.9649
2440,4,49,12.25,3.1,0,corps,61.86511271710678,1.3208
2441,3,66,22.00,2.7,0,corps,61.83618739268195,1.5473
2442,6,88,14.67,4.0,0,corps,61.80727652730425,1.6137
2443,3,95,31.67,2.7,0,corps,61.778380113746,2.6928
2444,2,95,47.50,2.2,0,corps,61.74949814478309,1.2526
2445,3,29,9.67,2.7,0,corps,61.720630613195006,3.4874
2446,6,69,11.50,4.0,0,corps,61.691777511764855,1.6376
2447,5,102,20.40,3.6,0,corps,61.66293883327941,1.9923
2448,10,152,15.20,5.8,0,corps,61.634114570528965,1.5893
2449,6,81,13.50,4.0,0,corps,61.605304716307465,1.5622
2450,3,38,12.67,2.7,0,corps,61.576509263412426,1.1925
2451,9,100,11.11,5.3,0,corps,61.547728204645026,1.9184
2452,5,80,16.00,3.6,0,corps,61.51896153280997,1.8193
2453,9,116,12.89,5.3,0,corps,61.490209240715586,2.1163
2454,14,141,10.07,7.6,0,corps,61.461471321173825,2.5074
2455,3,39,13.00,2.7,0,corps,61.43274776700019,1.8531
2456,6,49,8.17,4.0,0,corps,61.4040385710138,2.7789
2457,7,68,9.71,4.4,0,corps,61.37534372603734,2.1506
2458,4,42,10.50,3.1,0,corps,61.346663224897114,1.4327
2459,5,87,17.40,3.6,0,corps,61.317997060423004,1.5944
2460,8,101,12.62,4.9,0,corps,61.28934522544844,2.1554
2461,10,139,13.90,5.8,0,corps,61.2607077128105,1.4201
2462,8,103,12.88,4.9,0,corps,61.23208451534976,1.6662
2463,10,140,14.00,5.8,0,corps,61.20347562591048,1.5129
2464,4,37,9.25,3.1,0,corps,61.17488103734038,1.6504
2465,8,141,17.62,4.9,0,corps,61.14630074249086,1.2360
2466,4,66,16.50,3.1,0,corps,61.117734734216796,1.3933
2467,9,139,15.44,5.3,0,corps,61.089183005376725,1.2668
2468,10,92,9.20,5.8,0,corps,61.0606455488327,2.2266
2469,4,63,15.75,3.1,0,corps,61.03212235745037,1.5861
2470,4,78,19.50,3.1,0,corps,61.0036134240989,1.6034
2471,9,126,14.00,5.3,0,corps,60.975118741651116,1.5352
2472,11,159,14.45,6.2,0,corps,60.9466383029833,1.6326
2473,7,86,12.29,4.4,0,corps,60.918172100975355,1.9921
2474,5,50,10.00,3.6,0,corps,60.889720128510724,1.3581
2475,4,50,12.50,3.1,0,corps,60.86128237847643,1.7439
2476,8,116,14.50,4.9,0,corps,60.832858843763034,1.6403
2477,7,104,14.86,4.4,0,corps,60.80444951726464,1.7009
2478,10,169,16.90,5.8,0,corps,60.77605439187891,1.8251
2479,5,68,13.60,3.6,0,corps,60.74767346050709,1.9102
2480,2,37,18.50,2.2,0,corps,60.71930671605392,1.2177
2481,6,93,15.50,4.0,0,corps,60.69095415142773,8.8609
2482,6,59,9.83,4.0,0,corps,60.66261575954037,1.6991
2483,2,37,18.50,2.2,0,corps,60.63429153330725,1.3954
2484,3,41,13.67,2.7,0,corps,60.605981465647304,1.4902
2485,4,63,15.75,3.1,0,corps,60.57768554948303,1.5754
2486,10,109,10.90,5.8,0,corps,60.549403777740416,1.8452
2487,4,61,15.25,3.1,0,corps,60.521136143349054,1.9377
2488,2,67,33.50,2.2,0,corps,60.492882639242026,1.0723
2489,3,39,13.00,2.7,0,corps,60.46464325835594,1.9592
2490,4,76,19.00,3.1,0,corps,60.43641799363096,1.7717
2491,2,11,5.50,2.2,0,corps,60.40820683801079,3.0300
2492,12,139,11.58,6.7,0,corps,60.38000978444261,1.7414
2493,4,52,13.00,3.1,0,corps,60.35182682587718,1.6743
2494,5,50,10.00,3.6,0,corps,60.32365795526875,1.7175
2495,2,33,16.50,2.2,0,corps,60.295503165575106,1.3414
2496,6,51,8.50,4.0,0,corps,60.267362449757535,2.1382
2497,18,209,11.61,9.3,0,corps,60.23923580078087,1.9715
2498,5,73,14.60,3.6,0,corps,60.21112321161344,1.4316
2499,3,40,13.33,2.7,0,corps,60.183024675227124,1.7447
2500,4,59,14.75,3.1,0,corps,60.15494018459726,1.8856
2501,3,26,8.67,2.7,0,corps,60.12686973270274,2.2465
2502,4,37,9.25,3.1,0,corps,60.09881331252595,2.0687
2503,2,28,14.00,2.2,0,corps,60.07077091705276,1.5983
2504,5,42,8.40,3.6,0,corps,60.04274253927261,2.1649
2505,10,134,13.40,5.8,0,corps,60.01472817217838,1.8152
2506,5,61,12.20,3.6,0,corps,59.98672780876648,1.2679
2507,10,126,12.60,5.8,0,corps,59.958741442036825,1.7013
2508,2,37,18.50,2.2,0,corps,59.93076906499283,1.6776
2509,9,100,11.11,5.3,0,corps,59.90281067064138,1.6009
2510,2,24,12.00,2.2,0,corps,59.874866251992906,1.4343
2511,20,295,14.75,10.2,0,corps,59.846935802061275,2.9095
2512,6,65,10.83,4.0,0,corps,59.81901931386388,1.5838
2513,3,42,14.00,2.7,0,corps,59.791116780421625,1.5101
2514,6,116,19.33,4.0,0,corps,59.76322819475883,1.5703
2515,3,43,14.33,2.7,0,corps,59.73535354990338,2.1820
2516,10,107,10.70,5.8,0,corps,59.70749283888662,1.5400
2517,10,133,13.30,5.8,0,corps,59.679646054743365,1.7398
2518,10,116,11.60,5.8,0,corps,59.6518131905119,2.0802
2519,6,87,14.50,4.0,0,corps,59.623994239234015,1.5127
2520,3,31,10.33,2.7,0,corps,59.596189193955,1.2961
2521,4,53,13.25,3.1,0,corps,59.56839804772356,1.0252
2522,8,122,15.25,4.9,0,corps,59.54062079359193,1.6971
2523,4,61,15.25,3.1,0,corps,59.512857424615774,1.5772
2524,4,47,11.75,3.1,0,corps,59.48510793385427,1.2710
2525,9,130,14.44,5.3,0,corps,59.45737231437005,1.6013
2526,6,74,12.33,4.0,0,corps,59.429650559229174,2.3395
2527,8,106,13.25,4.9,0,corps,59.40194266150124,4.2156
2528,9,107,11.89,5.3,0,corps,59.37424861425926,2.1649
2529,2,20,10.00,2.2,0,corps,59.34656841057973,1.5952
2530,4,40,10.00,3.1,0,corps,59.31890204354258,1.4985
2531,3,30,10.00,2.7,0,corps,59.291249506231225,2.3238
2532,2,32,16.00,2.2,0,corps,59.26361079173253,1.3415
2533,9,70,7.78,5.3,0,corps,59.23598589313684,2.2677
2534,5,56,11.20,3.6,0,corps,59.20837480353791,1.5215
2535,8,80,10.00,4.9,0,corps,59.180777516032954,1.7125
2536,12,136,11.33,6.7,0,corps,59.15319402372267,1.6754
2537,2,28,14.00,2.2,0,corps,59.12562431971118,1.1466
2538,8,97,12.12,4.9,0,corps,59.09806839710606,1.5832
2539,2,28,14.00,2.2,0,corps,59.070526249018315,1.3349
2540,3,63,21.00,2.7,0,corps,59.04299786856244,1.3397
2541,5,77,15.40,3.6,0,corps,59.015483248856306,1.0142
2542,4,40,10.00,3.1,0,corps,58.987982383021276,1.5742
2543,6,89,14.83,4.0,0,corps,58.960495264182114,1.2269
2544,6,60,10.00,4.0,0,corps,58.93302188546707,1.2236
2545,17,227,13.35,8.9,0,corps,58.90556224000778,1.4204
2546,4,53,13.25,3.1,0,corps,58.878116320939334,1.2674
2547,3,43,14.33,2.7,0,corps,58.85068412140024,1.8158
2548,4,55,13.75,3.1,0,corps,58.82326563453248,1.0607
2549,6,109,18.17,4.0,0,corps,58.79586085348141,1.3307
2550,2,27,13.50,2.2,0,corps,58.768469771395836,1.1873
2551,7,100,14.29,4.4,0,corps,58.741092381428,1.6547
2552,4,71,17.75,3.1,0,corps,58.71372867673353,1.3118
2553,6,91,15.17,4.0,0,corps,58.686378650471525,1.6751
2554,9,80,8.89,5.3,0,corps,58.65904229580446,1.9795
2555,2,42,21.00,2.2,0,corps,58.631719605898255,0.8076
2556,5,68,13.60,3.6,0,corps,58.60441057392224,2.0241
2557,2,36,18.00,2.2,0,corps,58.57711519304915,1.0412
2558,4,34,8.50,3.1,0,corps,58.54983345645515,1.7585
2559,3,44,14.67,2.7,0,corps,58.52256535731979,1.3926
2560,5,70,14.00,3.6,0,corps,58.495310888826054,1.2858
2561,6,71,11.83,4.0,0,corps,58.46807004416033,1.4985
2562,6,51,8.50,4.0,0,corps,58.440842816512394,2.1227
2563,6,69,11.50,4.0,0,corps,58.413629199075444,1.8531
2564,7,80,11.43,4.4,0,corps,58.386429185046076,1.8931
2565,14,166,11.86,7.6,0,corps,58.359242767624295,2.0065
2566,11,117,10.64,6.2,0,corps,58.3320699400135,1.7886
2567,9,120,13.33,5.3,0,corps,58.30491069542044,1.6281
2568,6,99,16.50,4.0,0,corps,58.27776502705535,1.9825
2569,6,72,12.00,4.0,0,corps,58.25063292813182,1.6258
2570,8,90,11.25,4.9,0,corps,58.22351439186679,1.9286
2571,2,33,16.50,2.2,0,corps,58.19640941148063,1.7513
2572,2,34,17.00,2.2,0,corps,58.16931798019712,0.9508
2573,6,81,13.50,4.0,0,corps,58.142240091243394,1.4575
2574,7,102,14.57,4.4,0,corps,58.11517573784995,1.3457
2575,5,77,15.40,3.6,0,corps,58.088124913250724,1.3351
2576,3,26,8.67,2.7,0,corps,58.061087610683025,1.6770
2577,3,26,8.67,2.7,0,corps,58.034063823387505,1.5022
2578,12,161,13.42,6.7,0,corps,58.007053544608226,1.7712
2579,4,94,23.50,3.1,0,corps,57.9800567675926,1.5400
2580,7,69,9.86,4.4,0,corps,57.95307348559145,1.6886
2581,2,30,15.00,2.2,0,corps,57.92610369185896,1.6793
2582,4,57,14.25,3.1,0,corps,57.89914737965268,1.5500
2583,7,70,10.00,4.4,0,corps,57.87220454223352,1.3895
2584,4,57,14.25,3.1,0,corps,57.84527517286576,1.2229
2585,5,87,17.40,3.6,0,corps,57.81835926481711,1.5661
2586,4,46,11.50,3.1,0,corps,57.79145681135852,2.5413
2587,4,57,14.25,3.1,0,corps,57.76456780576442,1.5752
2588,7,115,16.43,4.4,0,corps,57.737692241312565,1.6851
2589,5,68,13.60,3.6,0,corps,57.710830111284054,1.5064
2590,9,119,13.22,5.3,0,corps,57.683981408963334,1.6696
2591,7,77,11.00,4.4,0,corps,57.65714612763825,2.0666
2592,3,36,12.00,2.7,0,corps,57.63032426059998,1.4658
2593,3,27,9.00,2.7,0,corps,57.603515801143054,2.6572
2594,2,26,13.00,2.2,0,corps,57.57672074256537,2.1372
2595,8,120,15.00,4.9,0,corps,57.54993907816811,2.0802
2596,6,87,14.50,4.0,0,corps,57.523170801255944,1.3098
2597,4,54,13.50,3.1,0,corps,57.496415905136736,1.9179
2598,5,73,14.60,3.6,0,corps,57.46967438312179,1.4665
2599,2,52,26.00,2.2,0,corps,57.44294622852571,1.5799
2600,4,44,11.00,3.1,0,corps,57.41623143466648,1.9954
2601,9,162,18.00,5.3,0,corps,57.38952999486536,1.4269
2602,9,152,16.89,5.3,0,corps,57.362841902447045,1.3677
2603,2,12,6.00,2.2,0,corps,57.33616715073947,1.6662
2604,5,48,9.60,3.6,0,corps,57.30950573307396,1.7588
2605,4,90,22.50,3.1,0,corps,57.28285764278517,1.0481
2606,3,36,12.00,2.7,0,corps,57.25622287321107,1.4075
2607,19,220,11.58,9.8,0,corps,57.22960141769294,1.8109
2608,4,72,18.00,3.1,0,corps,57.202993269575465,0.9757
2609,17,187,11.00,8.9,0,corps,57.176398422206574,1.5005
2610,4,52,13.00,3.1,0,corps,57.149816868937585,1.1757
2611,9,153,17.00,5.3,0,corps,57.12324860312306,1.0821
2612,9,144,16.00,5.3,0,corps,57.09669361812099,1.4179
2613,26,216,8.31,12.9,0,corps,57.070151907292576,2.3971
2614,15,148,9.87,8.0,0,corps,57.043623464002444,2.2632
2615,6,93,15.50,4.0,0,corps,57.01710828161842,1.8593
2616,18,230,12.78,9.3,0,corps,56.990606353511765,1.4516
2617,4,68,17.00,3.1,0,corps,56.96411767305698,1.2177
2618,11,154,14.00,6.2,0,corps,56.93764223363188,2.4962
2619,4,100,25.00,3.1,0,corps,56.9111800286176,1.3009
2620,6,71,11.83,4.0,0,corps,56.88473105139862,1.2328
2621,6,72,12.00,4.0,0,corps,56.85829529536268,2.6692
2622,4,55,13.75,3.1,0,corps,56.83187275390084,1.4927
2623,13,157,12.08,7.1,0,corps,56.80546342040744,1.6584
2624,4,55,13.75,3.1,0,corps,56.779067288280196,1.5651
2625,10,128,12.80,5.8,0,corps,56.752684350920035,1.8068
2626,3,43,14.33,2.7,0,corps,56.726314601731254,1.4224
2627,2,26,13.00,2.2,0,corps,56.69995803412139,1.5106
2628,5,50,10.00,3.6,0,corps,56.67361464150129,2.7681
2629,4,44,11.00,3.1,0,corps,56.64728441728515,2.0709
2630,3,43,14.33,2.7,0,corps,56.620967354890375,1.4909
2631,6,84,14.00,4.0,0,corps,56.594663447737716,1.5861
2632,4,58,14.50,3.1,0,corps,56.56837268925119,1.4183
2633,2,34,17.00,2.2,0,corps,56.542095072858125,1.7260
2634,5,60,12.00,3.6,0,corps,56.51583059198908,1.5055
2635,5,54,10.80,3.6,0,corps,56.48957924007797,1.6983
2636,4,71,17.75,3.1,0,corps,56.46334101056194,1.1807
2637,6,127,21.17,4.0,0,corps,56.43711589688144,1.4109
2638,4,45,11.25,3.1,0,corps,56.41090389248018,2.0943
2639,7,85,12.14,4.4,0,corps,56.384704990805176,1.4037
2640,4,20,5.00,3.1,0,corps,56.35851918530667,4.1451
2641,5,67,13.40,3.6,0,corps,56.33234646943826,1.2081
2642,2,33,16.50,2.2,0,corps,56.306186836656735,1.3471
2643,3,61,20.33,2.7,0,corps,56.280040280422185,1.6404
2644,10,119,11.90,5.8,0,corps,56.25390679419796,1.6810
2645,2,27,13.50,2.2,0,corps,56.227786371450726,1.8422
2646,3,44,14.67,2.7,0,corps,56.20167900565036,2.0368
2647,2,23,11.50,2.2,0,corps,56.17558469027002,2.0806
2648,7,77,11.00,4.4,0,corps,56.149503418786104,1.4593
2649,3,48,16.00,2.7,0,corps,56.12343518467833,1.1580
2650,3,32,10.67,2.7,0,corps,56.09737998142962,1.3521
2651,2,26,13.00,2.2,0,corps,56.07133780252618,0.9078
2652,2,26,13.00,2.2,0,corps,56.045308641457446,1.6689
2653,5,81,16.20,3.6,0,corps,56.019292491716165,1.4996
2654,6,61,10.17,4.0,0,corps,55.99328934679826,1.6207
2655,7,97,13.86,4.4,0,corps,55.96729920020298,1.9181
2656,13,167,12.85,7.1,0,corps,55.94132204543275,1.4445
2657,5,64,12.80,3.6,0,corps,55.91535787599332,1.3261
2658,9,131,14.56,5.3,0,corps,55.88940668539363,1.5021
2659,2,43,21.50,2.2,0,corps,55.86346846714587,1.1285
2660,5,44,8.80,3.6,0,corps,55.837543214765496,2.5719
2661,4,56,14.00,3.1,0,corps,55.811630921771204,1.2367
2662,14,148,10.57,7.6,0,corps,55.785731581684914,1.9420
2663,19,215,11.32,9.8,0,corps,55.75984518803179,2.0553
2664,7,113,16.14,4.4,0,corps,55.733971734340216,1.6455
2665,12,149,12.42,6.7,0,corps,55.708111214141866,1.8402
2666,7,92,13.14,4.4,0,corps,55.68226362097158,1.7643
2667,12,174,14.50,6.7,0,corps,55.65642894836746,2.4714
2668,3,71,23.67,2.7,0,corps,55.63060718987085,1.4200
2669,9,140,15.56,5.3,0,corps,55.60479833902631,1.3746
2670,7,79,11.29,4.4,0,corps,55.57900238938163,10.1332
2671,4,82,20.50,3.1,0,corps,55.553219334487814,1.5702
2672,13,122,9.38,7.1,0,corps,55.52744916789909,2.4125
2673,7,74,10.57,4.4,0,corps,55.50169188317293,1.7231
2674,6,59,9.83,4.0,0,corps,55.475947473870015,1.5814
2675,9,112,12.44,5.3,0,corps,55.45021593355423,1.6203
2676,13,130,10.00,7.1,0,corps,55.424497255792694,2.0805
2677,7,97,13.86,4.4,0,corps,55.39879143415575,1.1889
2678,9,114,12.67,5.3,0,corps,55.37309846221693,1.8753
2679,8,79,9.88,4.9,0,corps,55.34741833355299,2.0681
2680,9,128,14.22,5.3,0,corps,55.321751041743894,5.7676
2681,13,111,8.54,7.1,0,corps,55.29609658037285,2.3200
2682,2,32,16.00,2.2,0,corps,55.270454943026195,1.7223
2683,5,80,16.00,3.6,0,corps,55.24482612329354,1.4868
2684,5,73,14.60,3.6,0,corps,55.219210114767684,1.6365
2685,3,37,12.33,2.7,0,corps,55.19360691104463,1.3927
2686,10,115,11.50,5.8,0,corps,55.168016505723585,1.5623
2687,4,50,12.50,3.1,0,corps,55.14243889240692,2.9017
2688,10,127,12.70,5.8,0,corps,55.11687406470024,1.8563
2689,6,53,8.83,4.0,0,corps,55.09132201621234,1.8109
2690,4,55,13.75,3.1,0,corps,55.06578274055522,1.5451
2691,8,129,16.12,4.9,0,corps,55.04025623134405,2.3618
2692,12,154,12.83,6.7,0,corps,55.0147424821972,1.3841
2693,6,70,11.67,4.0,0,corps,54.989241486736226,1.5661
2694,2,31,15.50,2.2,0,corps,54.96375323858591,0.9054
2695,7,59,8.43,4.4,0,corps,54.938277731374164,2.0742
2696,7,105,15.00,4.4,0,corps,54.912814958732106,1.4301
2697,7,116,16.57,4.4,0,corps,54.88736491429407,1.4351
2698,10,136,13.60,5.8,0,corps,54.861927591697516,1.7151
2699,10,149,14.90,5.8,0,corps,54.83650298458313,2.1300
2700,6,68,11.33,4.0,0,corps,54.81109108659474,1.8250
2701,9,134,14.89,5.3,0,corps,54.78569189137939,1.3522
2702,5,87,17.40,3.6,0,corps,54.760305392587284,1.2454
2703,8,85,10.62,4.9,0,corps,54.734931583871806,1.7265
2704,7,107,15.29,4.4,0,corps,54.70957045888946,1.4281
2705,10,106,10.60,5.8,0,corps,54.6842220113,2.1518
2706,8,109,13.62,4.9,0,corps,54.658886234766314,1.5066
2707,7,151,21.57,4.4,0,corps,54.633563122954456,1.5338
2708,12,121,10.08,6.7,0,corps,54.60825266953363,1.5266
2709,13,114,8.77,7.1,0,corps,54.582954868176245,1.9093
2710,6,79,13.17,4.0,0,corps,54.55766971255783,1.6421
2711,8,72,9.00,4.9,0,corps,54.53239719635712,1.6386
2712,11,123,11.18,6.2,0,corps,54.507137313255946,1.8833
2713,5,43,8.60,3.6,0,corps,54.481890056939385,1.6077
2714,4,56,14.00,3.1,0,corps,54.45665542109561,1.4835
2715,9,87,9.67,5.3,0,corps,54.43143339941594,2.1543
2716,13,143,11.00,7.1,0,corps,54.406223985594885,1.6051
2717,12,120,10.00,6.7,0,corps,54.38102717333009,1.5334
2718,9,127,14.11,5.3,0,corps,54.355842956322356,1.4192
2719,7,86,12.29,4.4,0,corps,54.330671328275606,1.7196
2720,4,51,12.75,3.1,0,corps,54.30551228289695,1.1349
2721,3,33,11.00,2.7,0,corps,54.28036581389664,1.2721
2722,2,40,20.00,2.2,0,corps,54.255231914988045,1.1949
2723,2,25,12.50,2.2,0,corps,54.23011057988769,1.6349
2724,9,114,12.67,5.3,0,corps,54.20500180231523,1.4174
2725,7,126,18.00,4.4,0,corps,54.179905575993494,1.4790
2726,2,45,22.50,2.2,0,corps,54.15482189464842,1.5665
2727,7,79,11.29,4.4,0,corps,54.129750752009066,2.2002
2728,6,62,10.33,4.0,0,corps,54.104692141807654,1.4754
2729,7,79,11.29,4.4,0,corps,54.07964605777955,1.8672
2730,7,82,11.71,4.4,0,corps,54.05461249366322,2.1949
2731,7,85,12.14,4.4,0,corps,54.029591443200296,1.4146
2732,4,59,14.75,3.1,0,corps,54.00458290013545,1.6320
2733,7,98,14.00,4.4,0,corps,53.97958685821662,1.5293
2734,28,312,11.14,13.8,0,corps,53.954603311194774,2.0471
2735,5,54,10.80,3.6,0,corps,53.929632252824,2.4806
2736,11,139,12.64,6.2,0,corps,53.90467367686153,5.6267
2737,12,141,11.75,6.7,0,corps,53.87972757706776,1.8733
2738,13,165,12.69,7.1,0,corps,53.85479394720615,1.7554
2739,4,43,10.75,3.1,0,corps,53.829872781043285,2.2898
2740,4,131,32.75,3.1,0,corps,53.80496407234885,1.0653
2741,8,106,13.25,4.9,0,corps,53.78006781489573,1.5792
2742,2,33,16.50,2.2,0,corps,53.755184002459785,2.1577
2743,3,74,24.67,2.7,0,corps,53.73031262882013,1.5303
2744,4,59,14.75,3.1,0,corps,53.705453687758876,1.9956
2745,5,63,12.60,3.6,0,corps,53.680607173061304,2.5590
2746,8,90,11.25,4.9,0,corps,53.65577307851579,1.9293
2747,11,127,11.55,6.2,0,corps,53.6309513979138,1.5122
2748,11,186,16.91,6.2,0,corps,53.606142125049914,1.6340
2749,2,23,11.50,2.2,0,corps,53.58134525372182,1.3507
2750,2,49,24.50,2.2,0,corps,53.55656077773031,1.3994
2751,6,97,16.17,4.0,0,corps,53.531788690879246,1.4284
2752,4,55,13.75,3.1,0,corps,53.50702898697561,1.7809
2753,9,108,12.00,5.3,0,corps,53.482281659829475,1.5605
2754,26,357,13.73,12.9,0,corps,53.457546703254025,1.8305
2755,17,216,12.71,8.9,0,corps,53.43282411106549,1.9892
2756,15,242,16.13,8.0,0,corps,53.40811387708325,1.7748
2757,13,173,13.31,7.1,0,corps,53.383415995129724,5.0036
2758,2,25,12.50,2.2,0,corps,53.35873045903048,1.8482
2759,2,25,12.50,2.2,0,corps,53.33405726261409,4.2363
2760,7,68,9.71,4.4,0,corps,53.30939639971227,2.0906
2761,15,153,10.20,8.0,0,corps,53.28474786415981,1.6951
2762,4,50,12.50,3.1,0,corps,53.26011164979458,1.0019
2763,13,184,14.15,7.1,0,corps,53.23548775045752,1.5121
2764,3,32,10.67,2.7,0,corps,53.21087615999265,1.1331
2765,6,73,12.17,4.0,0,corps,53.18627687224707,1.4628
2766,3,42,14.00,2.7,0,corps,53.16168988107097,0.9422
2767,10,91,9.10,5.8,0,corps,53.13711518031759,1.4334
2768,14,157,11.21,7.6,0,corps,53.11255276384329,1.5836
2769,3,27,9.00,2.7,0,corps,53.08800262550739,1.5897
2770,4,47,11.75,3.1,0,corps,53.06346475917244,1.6091
2771,23,285,12.39,11.6,0,corps,53.03893915870391,1.8005
2772,6,103,17.17,4.0,0,corps,53.014425817970455,2.0651
2773,3,46,15.33,2.7,0,corps,52.989924730843676,1.4813
2774,3,50,16.67,2.7,0,corps,52.965435891198354,1.3970
2775,9,130,14.44,5.3,0,corps,52.94095929291226,1.3268
2776,14,176,12.57,7.6,0,corps,52.91649492986624,1.4103
2777,6,61,10.17,4.0,0,corps,52.89204279594419,1.9723
2778,6,55,9.17,4.0,0,corps,52.867602885033115,2.2080
2779,7,75,10.71,4.4,0,corps,52.843175191023015,1.8786
2780,5,56,11.20,3.6,0,corps,52.818759707806976,1.4609
2781,2,27,13.50,2.2,0,corps,52.79435642928109,1.7417
2782,6,71,11.83,4.0,0,corps,52.76996534934458,1.7516
2783,9,109,12.11,5.3,0,corps,52.74558646189968,1.7523
2784,6,73,12.17,4.0,0,corps,52.721219760851625,1.2596
2785,2,31,15.50,2.2,0,corps,52.69686524010876,1.0446
2786,7,54,7.71,4.4,0,corps,52.672522893582475,2.5954
2787,8,93,11.62,4.9,0,corps,52.64819271518716,1.5821
2788,15,121,8.07,8.0,0,corps,52.62387469884029,2.2773
2789,9,100,11.11,5.3,0,corps,52.59956883846232,2.0181
2790,6,72,12.00,4.0,0,corps,52.57527512797684,1.5479
2791,5,36,7.20,3.6,0,corps,52.55099356131038,2.4311
2792,8,100,12.50,4.9,0,corps,52.52672413239258,1.5823
2793,9,95,10.56,5.3,0,corps,52.502466835156035,1.7077
2794,4,54,13.50,3.1,0,corps,52.47822166353647,1.3375
2795,3,40,13.33,2.7,0,corps,52.45398861147258,1.7877
2796,13,144,11.08,7.1,0,corps,52.42976767290609,1.7872
2797,7,108,15.43,4.4,0,corps,52.40555884178176,1.5704
2798,13,157,12.08,7.1,0,corps,52.381362112047405,1.8808
2799,6,84,14.00,4.0,0,corps,52.35717747765383,1.2451
2800,3,50,16.67,2.7,0,corps,52.33300493255487,1.2591
2801,5,63,12.60,3.6,0,corps,52.30884447070739,1.5575
2802,6,72,12.00,4.0,0,corps,52.28469608607129,1.5421
2803,5,89,17.80,3.6,0,corps,52.26055977260946,1.4319
2804,8,118,14.75,4.9,0,corps,52.23643552428783,1.5310
2805,9,77,8.56,5.3,0,corps,52.21232333507532,2.0503
2806,3,54,18.00,2.7,0,corps,52.18822319894391,2.0867
2807,3,24,8.00,2.7,0,corps,52.16413510986854,1.9316
2808,5,68,13.60,3.6,0,corps,52.1400590618272,1.3508
2809,22,314,14.27,11.1,0,corps,52.11599504880087,1.6259
2810,6,79,13.17,4.0,0,corps,52.09194306477356,1.6470
2811,20,239,11.95,10.2,0,corps,52.06790310373227,5.1001
2812,6,119,19.83,4.0,0,corps,52.04387515966701,1.0889
2813,5,126,25.20,3.6,0,corps,52.01985922657077,1.3039
2814,6,101,16.83,4.0,0,corps,51.995855298439594,1.7133
2815,10,112,11.20,5.8,0,corps,51.97186336927251,2.1509
2816,19,228,12.00,9.8,0,corps,51.94788343307151,1.6896
2817,8,95,11.88,4.9,0,corps,51.92391548384161,1.4278
2818,4,50,12.50,3.1,0,corps,51.89995951559083,1.9190
2819,4,55,13.75,3.1,0,corps,51.876015522330185,1.3450
2820,2,36,18.00,2.2,0,corps,51.852083498073675,1.3578
2821,10,86,8.60,5.8,0,corps,51.82816343683827,2.6875
2822,11,124,11.27,6.2,0,corps,51.80425533264399,10.0533
2823,3,30,10.00,2.7,0,corps,51.78035917951379,1.9525
2824,2,37,18.50,2.2,0,corps,51.75647497147363,2.0219
2825,7,100,14.29,4.4,0,corps,51.732602702552455,2.0592
2826,4,56,14.00,3.1,0,corps,51.70874236678221,1.5014
2827,8,98,12.25,4.9,0,corps,51.68489395819781,2.0466
2828,7,145,20.71,4.4,0,corps,51.66105747083714,1.8043
2829,16,184,11.50,8.4,0,corps,51.63723289874109,1.7268
2830,6,88,14.67,4.0,0,corps,51.61342023595352,1.6311
2831,18,207,11.50,9.3,0,corps,51.58961947652125,2.3879
2832,12,178,14.83,6.7,0,corps,51.565830614494104,1.6584
2833,11,173,15.73,6.2,0,corps,51.542053643924845,1.4843
2834,5,65,13.00,3.6,0,corps,51.51828855886925,1.4979
2835,6,65,10.83,4.0,0,corps,51.49453535338605,2.3629
2836,6,50,8.33,4.0,0,corps,51.47079402153694,1.7920
2837,8,99,12.38,4.9,0,corps,51.447064557386554,2.3854
2838,4,59,14.75,3.1,0,corps,51.42334695500258,2.3397
2839,5,63,12.60,3.6,0,corps,51.399641208455584,1.8299
2840,10,164,16.40,5.8,0,corps,51.37594731181915,1.5958
2841,5,62,12.40,3.6,0,corps,51.35226525916977,1.5778
2842,2,38,19.00,2.2,0,corps,51.328595044586955,1.6093
2843,5,70,14.00,3.6,0,corps,51.30493666215315,2.2329
2844,5,48,9.60,3.6,0,corps,51.28129010595378,1.7472
2845,4,62,15.50,3.1,0,corps,51.257655370077146,1.9004
2846,3,57,19.00,2.7,0,corps,51.23403244861462,2.0931
2847,8,82,10.25,4.9,0,corps,51.21042133566045,1.7191
2848,3,32,10.67,2.7,0,corps,51.186822025311876,2.2354
2849,8,113,14.12,4.9,0,corps,51.16323451166902,2.1573
2850,8,119,14.88,4.9,0,corps,51.13965878883505,1.6391
2851,3,43,14.33,2.7,0,corps,51.11609485091604,1.4573
2852,6,110,18.33,4.0,0,corps,51.092542692020984,1.4889
2853,4,66,16.50,3.1,0,corps,51.06900230626182,2.1092
2854,8,79,9.88,4.9,0,corps,51.04547368775351,2.2105
2855,4,63,15.75,3.1,0,corps,51.021956830613846,1.5065
2856,4,48,12.00,3.1,0,corps,50.998451728963644,1.4858
2857,4,50,12.50,3.1,0,corps,50.97495837692661,1.7293
2858,22,262,11.91,11.1,0,corps,50.95147676862942,1.8517
2859,20,230,11.50,10.2,0,corps,50.92800689820167,1.9023
2860,8,66,8.25,4.9,0,corps,50.90454875977589,2.8713
2861,11,145,13.18,6.2,0,corps,50.88110234748754,1.7622
2862,5,43,8.60,3.6,0,corps,50.857667655475026,2.1988
2863,7,74,10.57,4.4,0,corps,50.83424467787966,2.1814
2864,26,268,10.31,12.9,0,corps,50.810833408845724,1.8829
2865,2,19,9.50,2.2,0,corps,50.78743384252036,1.8359
2866,3,37,12.33,2.7,0,corps,50.76404597305372,1.5983
2867,3,30,10.00,2.7,0,corps,50.7406697945988,1.5654
2868,9,112,12.44,5.3,0,corps,50.7173053013116,2.1079
2869,6,122,20.33,4.0,0,corps,50.693952487350934,1.4464
2870,3,33,11.00,2.7,0,corps,50.67061134687866,1.6672
2871,9,100,11.11,5.3,0,corps,50.64728187405946,1.9359
2872,13,160,12.31,7.1,0,corps,50.62396406306097,1.9760
2873,5,61,12.20,3.6,0,corps,50.600657908053726,1.8970
2874,8,119,14.88,4.9,0,corps,50.57736340321121,1.4989
2875,4,62,15.50,3.1,0,corps,50.55408054270979,1.7699
2876,4,43,10.75,3.1,0,corps,50.53080932072875,2.1056
2877,18,205,11.39,9.3,0,corps,50.50754973145028,1.7557
2878,6,68,11.33,4.0,0,corps,50.48430176905948,9.7003
2879,14,197,14.07,7.6,0,corps,50.46106542774438,1.7104
2880,10,137,13.70,5.8,0,corps,50.43784070169587,1.6599
2881,12,157,13.08,6.7,0,corps,50.41462758510777,1.7300
2882,2,40,20.00,2.2,0,corps,50.39142607217681,1.3391
2883,6,96,16.00,4.0,0,corps,50.36823615710262,1.3861
2884,18,214,11.89,9.3,0,corps,50.345057834087704,1.8838
2885,2,44,22.00,2.2,0,corps,50.32189109733749,1.2864
2886,8,80,10.00,4.9,0,corps,50.29873594106028,1.9266
2887,18,268,14.89,9.3,0,corps,50.27559235946731,1.4025
2888,11,152,13.82,6.2,0,corps,50.252460346772665,1.7836
2889,4,55,13.75,3.1,0,corps,50.229339897193356,1.6672
2890,8,110,13.75,4.9,0,corps,50.20623100494925,1.5188
2891,21,248,11.81,10.7,0,corps,50.183133664263146,1.7357
2892,5,41,8.20,3.6,0,corps,50.16004786936069,1.9594
2893,2,36,18.00,2.2,0,corps,50.13697361447045,1.8720
2894,9,98,10.89,5.3,0,corps,50.11391089382384,1.9059
2895,6,78,13.00,4.0,0,corps,50.09085970165521,1.5226
2896,2,34,17.00,2.2,0,corps,50.06782003220174,0.8844
2897,5,58,11.60,3.6,0,corps,50.044791879703524,1.6663
2898,7,73,10.43,4.4,0,corps,50.0217752384035,1.7415
2899,17,140,8.24,8.9,0,corps,49.99877010254753,2.1903
2900,15,244,16.27,8.0,0,corps,49.97577646638434,1.9387
2901,5,51,10.20,3.6,0,corps,49.9527943241655,1.9703
2902,2,24,12.00,2.2,0,corps,49.92982367014547,2.0976
2903,4,66,16.50,3.1,0,corps,49.90686449858161,1.8499
2904,8,73,9.12,4.9,0,corps,49.88391680373411,2.2854
2905,4,41,10.25,3.1,0,corps,49.86098057986605,1.9728
2906,15,179,11.93,8.0,0,corps,49.83805582124336,1.5086
2907,8,92,11.50,4.9,0,corps,49.81514252213488,1.7249
2908,2,24,12.00,2.2,0,corps,49.79224067681226,1.3669
2909,20,234,11.70,10.2,0,corps,49.76935027955006,1.5323
2910,28,270,9.64,13.8,0,corps,49.74647132462566,2.3675
2911,11,141,12.82,6.2,0,corps,49.723603806319325,1.8333
2912,7,116,16.57,4.4,0,corps,49.70074771891419,1.4471
2913,7,93,13.29,4.4,0,corps,49.67790305669622,1.7146
2914,7,81,11.57,4.4,0,corps,49.65506981395424,1.8607
2915,6,119,19.83,4.0,0,corps,49.63224798497997,1.3294
2916,7,105,15.00,4.4,0,corps,49.609437564067925,1.5306
2917,16,125,7.81,8.4,0,corps,49.58663854551551,2.1697
2918,3,84,28.00,2.7,0,corps,49.56385092362296,1.2963
2919,4,98,24.50,3.1,0,corps,49.54107469269339,1.0880
2920,4,35,8.75,3.1,0,corps,49.518309847032725,1.9906
2921,4,35,8.75,3.1,0,corps,49.495556380949765,1.6191
2922,11,147,13.36,6.2,0,corps,49.472814288756126,1.7016
2923,4,49,12.25,3.1,0,corps,49.4500835647663,1.5619
2924,12,140,11.67,6.7,0,corps,49.42736420329761,1.8875
2925,10,130,13.00,5.8,0,corps,49.4046561986702,1.3675
2926,17,208,12.24,8.9,0,corps,49.381959545207074,1.8660
2927,2,8,4.00,2.2,0,corps,49.359274237234075,4.3071
2928,13,141,10.85,7.1,0,corps,49.33660026907988,1.8353
2929,2,24,12.00,2.2,0,corps,49.31393763507598,1.6005
2930,4,55,13.75,3.1,0,corps,49.29128632955672,1.6277
2931,12,163,13.58,6.7,0,corps,49.26864634685928,8.0264
2932,7,117,16.71,4.4,0,corps,49.246017681323664,1.4558
2933,16,195,12.19,8.4,0,corps,49.2234003272927,4.9414
2934,3,59,19.67,2.7,0,corps,49.20079427911206,1.7157
2935,13,170,13.08,7.1,0,corps,49.17819953113023,1.6688
2936,22,277,12.59,11.1,0,corps,49.15561607769851,1.8067
2937,2,20,10.00,2.2,0,corps,49.13304391317105,1.7976
2938,6,59,9.83,4.0,0,corps,49.11048303190479,2.5308
2939,7,67,9.57,4.4,0,corps,49.08793342825953,1.6938
2940,14,219,15.64,7.6,0,corps,49.06539509659787,1.4691
2941,4,44,11.00,3.1,0,corps,49.04286803128522,1.2010
2942,3,40,13.33,2.7,0,corps,49.020352226689795,1.0784
2943,11,137,12.45,6.2,0,corps,48.997847677182676,1.5757
2944,5,76,15.20,3.6,0,corps,48.975354377137705,1.7872
2945,7,64,9.14,4.4,0,corps,48.95287232093157,1.6412
2946,6,61,10.17,4.0,0,corps,48.93040150294373,1.9532
2947,10,80,8.00,5.8,0,corps,48.90794191755652,2.5039
2948,7,100,14.29,4.4,0,corps,48.885493559155016,1.3429
2949,13,149,11.46,7.1,0,corps,48.86305642212714,1.8293
2950,11,107,9.73,6.2,0,corps,48.84063050086359,1.7276
2951,4,58,14.50,3.1,0,corps,48.818215789757915,1.3444
2952,14,244,17.43,7.6,0,corps,48.795812283206416,1.5107
2953,4,83,20.75,3.1,0,corps,48.77341997560822,0.9532
2954,12,132,11.00,6.7,0,corps,48.751038861365245,1.7540
2955,6,73,12.17,4.0,0,corps,48.72866893488222,1.5700
2956,6,53,8.83,4.0,0,corps,48.70631019056667,1.8221
2957,7,72,10.29,4.4,0,corps,48.68396262282889,2.4406
2958,2,36,18.00,2.2,0,corps,48.66162622608201,1.3640
2959,11,118,10.73,6.2,0,corps,48.63930099474191,7.8505
2960,4,69,17.25,3.1,0,corps,48.616986923227294,1.4839
2961,4,41,10.25,3.1,0,corps,48.59468400595964,1.4368
2962,3,64,21.33,2.7,0,corps,48.57239223736322,1.5183
2963,16,218,13.62,8.4,0,corps,48.55011161186509,4.5287
2964,10,113,11.30,5.8,0,corps,48.5278421238951,2.3529
2965,20,251,12.55,10.2,0,corps,48.50558376788588,1.6645
2966,3,44,14.67,2.7,0,corps,48.483336538272816,1.4130
2967,16,152,9.50,8.4,0,corps,48.461100429494124,2.2211
2968,6,57,9.50,4.0,0,corps,48.43887543599078,1.9455
2969,10,116,11.60,5.8,0,corps,48.41666155220652,1.9269
2970,11,120,10.91,6.2,0,corps,48.39445877258787,1.7521
2971,9,98,10.89,5.3,0,corps,48.372267091584156,1.4622
2972,8,84,10.50,4.9,0,corps,48.35008650364745,1.8946
2973,12,127,10.58,6.7,0,corps,48.32791700323259,1.7819
2974,3,58,19.33,2.7,0,corps,48.30575858479722,1.2742
2975,7,82,11.71,4.4,0,corps,48.28361124280172,2.3003
2976,11,126,11.45,6.2,0,corps,48.26147497170927,1.9318
2977,15,228,15.20,8.0,0,corps,48.239349765985786,1.6316
2978,5,60,12.00,3.6,0,corps,48.21723562009998,1.9865
2979,13,163,12.54,7.1,0,corps,48.1951325285233,1.9115
2980,4,101,25.25,3.1,0,corps,48.173040485729985,1.0501
2981,9,104,11.56,5.3,0,corps,48.15095948619703,1.0967
2982,6,65,10.83,4.0,0,corps,48.12888952440416,1.7385
2983,17,217,12.76,8.9,0,corps,48.106830594833916,1.2576
2984,11,145,13.18,6.2,0,corps,48.08478269197155,1.3454
2985,12,176,14.67,6.7,0,corps,48.06274581030509,1.3880
2986,4,46,11.50,3.1,0,corps,48.04071994432529,1.3422
2987,7,68,9.71,4.4,0,corps,48.01870508852572,2.1563
2988,3,61,20.33,2.7,0,corps,47.996701237402654,1.0834
2989,12,161,13.42,6.7,0,corps,47.97470838545513,1.4260
2990,16,213,13.31,8.4,0,corps,47.95272652718492,1.4315
2991,8,91,11.38,4.9,0,corps,47.93075565709658,1.1232
2992,5,64,12.80,3.6,0,corps,47.90879576969738,1.7567
2993,13,147,11.31,7.1,0,corps,47.88684685949735,1.6288
2994,2,31,15.50,2.2,0,corps,47.86490892100926,1.5222
2995,22,260,11.82,11.1,0,corps,47.84298194874863,1.3642
2996,15,174,11.60,8.0,0,corps,47.82106593723372,1.4338
2997,2,23,11.50,2.2,0,corps,47.799160880985525,2.0880
2998,4,57,14.25,3.1,0,corps,47.777266774527774,1.4263
2999,20,207,10.35,10.2,0,corps,47.75538361238694,1.5632
3000,4,90,22.50,3.1,0,corps,47.73351138909224,1.0508
3001,4,49,12.25,3.1,0,corps,47.71165009917562,2.0963
3002,4,50,12.50,3.1,0,corps,47.689799737171754,1.4257
3003,7,79,11.29,4.4,0,corps,47.66796029761804,2.0548
3004,4,47,11.75,3.1,0,corps,47.646131775054634,1.5716
3005,12,115,9.58,6.7,0,corps,47.6243141640244,2.4092
3006,41,456,11.12,19.6,0,corps,47.60250745907293,2.3053
3007,21,248,11.81,10.7,0,corps,47.58071165474855,4.1174
3008,6,74,12.33,4.0,0,corps,47.55892674560232,2.0316
3009,10,112,11.20,5.8,0,corps,47.537152726188,1.7436
3010,11,111,10.09,6.2,0,corps,47.51538959106208,1.6927
3011,6,86,14.33,4.0,0,corps,47.49363733478379,1.7020
3012,19,244,12.84,9.8,0,corps,47.47189595191506,2.0762
3013,4,49,12.25,3.1,0,corps,47.450165437020544,1.8948
3014,6,56,9.33,4.0,0,corps,47.42844578466762,2.2270
3015,13,164,12.62,7.1,0,corps,47.406736989426356,1.9763
3016,4,58,14.50,3.1,0,corps,47.385039045869576,2.1697
3017,9,121,13.44,5.3,0,corps,47.36335194857278,1.5415
3018,3,48,16.00,2.7,0,corps,47.34167569211421,2.2950
3019,16,156,9.75,8.4,0,corps,47.320010271074764,1.9282
3020,20,280,14.00,10.2,0,corps,47.29835568003812,1.5696
3021,19,303,15.95,9.8,0,corps,47.27671191359063,1.5569
3022,14,185,13.21,7.6,0,corps,47.25507896632134,1.6672
3023,8,65,8.12,4.9,0,corps,47.23345683282201,2.1896
3024,13,126,9.69,7.1,0,corps,47.211845507687116,1.9811
3025,13,142,10.92,7.1,0,corps,47.190244985513836,2.0501
3026,6,55,9.17,4.0,0,corps,47.16865526090202,1.9864
3027,2,28,14.00,2.2,0,corps,47.14707632845423,2.2085
3028,16,164,10.25,8.4,0,corps,47.12550818277576,1.8682
3029,3,52,17.33,2.7,0,corps,47.103950818474566,1.5162
3030,3,31,10.33,2.7,0,corps,47.082404230161295,1.8217
3031,24,240,10.00,12.0,0,corps,47.0608684124493,2.0160
3032,8,61,7.62,4.9,0,corps,47.039343359954636,3.0089
3033,10,105,10.50,5.8,0,corps,47.01782906729605,1.5167
3034,18,156,8.67,9.3,0,corps,46.99632552909494,1.9373
3035,3,36,12.00,2.7,0,corps,46.97483273997543,1.7846
3036,3,49,16.33,2.7,0,corps,46.953350694564335,2.1102
3037,12,92,7.67,6.7,0,corps,46.93187938749114,2.4953
3038,2,21,10.50,2.2,0,corps,46.91041881338803,2.2295
3039,4,47,11.75,3.1,0,corps,46.88896896688982,1.8527
3040,9,106,11.78,5.3,0,corps,46.867529842634085,1.8732
3041,2,43,21.50,2.2,0,corps,46.84610143526105,1.1910
3042,4,59,14.75,3.1,0,corps,46.82468373941358,1.3924
3043,6,66,11.00,4.0,0,corps,46.80327674973726,1.5255
3044,3,50,16.67,2.7,0,corps,46.78188046088037,2.2894
3045,26,276,10.62,12.9,0,corps,46.760494867493804,1.8957
3046,5,72,14.40,3.6,0,corps,46.73911996423119,1.6838
3047,8,107,13.38,4.9,0,corps,46.71775574574878,1.7691
3048,6,49,8.17,4.0,0,corps,46.69640220670553,1.9623
3049,6,72,12.00,4.0,0,corps,46.67505934176306,1.6002
3050,10,135,13.50,5.8,0,corps,46.65372714558564,1.6513
3051,33,319,9.67,16.0,0,corps,46.63240561284023,3.9354
3052,2,33,16.50,2.2,0,corps,46.61109473819645,1.9991
3053,9,122,13.56,5.3,0,corps,46.58979451632658,1.6513
3054,17,220,12.94,8.9,0,corps,46.568504941905545,1.8770
3055,9,99,11.00,5.3,0,corps,46.547226009610974,1.8025
3056,9,90,10.00,5.3,0,corps,46.52595771412314,1.9016
3057,26,292,11.23,12.9,0,corps,46.50470005012494,2.1339
3058,6,80,13.33,4.0,0,corps,46.48345301230199,2.1047
3059,16,176,11.00,8.4,0,corps,46.46221659534249,2.0691
3060,14,161,11.50,7.6,0,corps,46.44099079393738,2.1272
3061,3,28,9.33,2.7,0,corps,46.419775602780184,1.3751
3062,9,103,11.44,5.3,0,corps,46.39857101656711,2.0345
3063,9,122,13.56,5.3,0,corps,46.37737702999701,1.6006
3064,19,193,10.16,9.8,0,corps,46.35619363777138,1.8134
3065,8,106,13.25,4.9,0,corps,46.335020834594395,1.2507
3066,15,165,11.00,8.0,0,corps,46.31385861517284,1.6274
3067,6,95,15.83,4.0,0,corps,46.292706974216145,1.4667
3068,8,138,17.25,4.9,0,corps,46.27156590643642,1.4739
3069,2,31,15.50,2.2,0,corps,46.2504354065484,1.2189
3070,17,195,11.47,8.9,0,corps,46.229315469269444,1.5935
3071,20,215,10.75,10.2,0,corps,46.20820608931957,1.7974
3072,4,56,14.00,3.1,0,corps,46.18710726142144,1.5588
3073,8,75,9.38,4.9,0,corps,46.16601898030036,1.8437
3074,12,229,19.08,6.7,0,corps,46.14494124068423,0.9864
3075,4,78,19.50,3.1,0,corps,46.12387403730362,1.0748
3076,14,132,9.43,7.6,0,corps,46.10281736489176,1.7844
3077,12,143,11.92,6.7,0,corps,46.08177121818445,1.4331
3078,17,241,14.18,8.9,0,corps,46.06073559192018,2.1538
3079,17,195,11.47,8.9,0,corps,46.03971048084,1.7649
3080,11,125,11.36,6.2,0,corps,46.01869587968768,1.4917
3081,20,211,10.55,10.2,0,corps,45.99769178320954,1.8274
3082,4,45,11.25,3.1,0,corps,45.97669818615457,1.9491
3083,21,243,11.57,10.7,0,corps,45.95571508327435,1.7898
3084,6,64,10.67,4.0,0,corps,45.93474246932313,1.8662
3085,17,190,11.18,8.9,0,corps,45.91378033905775,1.6471
3086,13,166,12.77,7.1,0,corps,45.892828687237675,1.8638
3087,3,29,9.67,2.7,0,corps,45.87188750862497,2.0341
3088,6,62,10.33,4.0,0,corps,45.850956797984374,1.7249
3089,14,154,11.00,7.6,0,corps,45.8300365500832,1.6026
3090,8,86,10.75,4.9,0,corps,45.80912675969138,12.1424
3091,14,197,14.07,7.6,0,corps,45.78822742158146,1.6261
3092,7,79,11.29,4.4,0,corps,45.767338530528626,1.9126
3093,13,124,9.54,7.1,0,corps,45.74646008131063,2.5213
3094,10,129,12.90,5.8,0,corps,45.725592068707876,1.8302
3095,13,140,10.77,7.1,0,corps,45.70473448750335,2.2498
3096,4,55,13.75,3.1,0,corps,45.683887332482676,1.9566
3097,11,99,9.00,6.2,0,corps,45.66305059843404,2.1643
3098,11,98,8.91,6.2,0,corps,45.642224280148284,1.9480
3099,6,82,13.67,4.0,0,corps,45.6214083724188,1.5653
3100,3,43,14.33,2.7,0,corps,45.600602870041634,1.6782
3101,5,43,8.60,3.6,0,corps,45.5798077678154,2.5061
3102,9,135,15.00,5.3,0,corps,45.55902306054133,1.8441
3103,2,27,13.50,2.2,0,corps,45.53824874302323,1.3868
3104,8,68,8.50,4.9,0,corps,45.51748481006754,2.1815
3105,17,230,13.53,8.9,0,corps,45.49673125648327,1.6773
3106,2,27,13.50,2.2,0,corps,45.475988077082036,2.1840
3107,7,84,12.00,4.4,0,corps,45.455255266678016,1.7826
3108,2,31,15.50,2.2,0,corps,45.43453282008805,1.6861
3109,12,124,10.33,6.7,0,corps,45.4138207321315,1.7781
3110,4,50,12.50,3.1,0,corps,45.39311899763035,1.8211
3111,9,121,13.44,5.3,0,corps,45.37242761140915,2.0993
3112,8,75,9.38,4.9,0,corps,45.351746568295084,2.1204
3113,16,189,11.81,8.4,0,corps,45.33107586311787,1.9093
3114,13,175,13.46,7.1,0,corps,45.310415490709836,1.8356
3115,3,45,15.00,2.7,0,corps,45.289765445905886,1.7624
3116,13,173,13.31,7.1,0,corps,45.269125723543524,2.2528
3117,15,167,11.13,8.0,0,corps,45.2484963184628,2.0354
3118,8,85,10.62,4.9,0,corps,45.227877225506376,1.4854
3119,12,169,14.08,6.7,0,corps,45.20726843951946,1.7363
3120,16,156,9.75,8.4,0,corps,45.186669955349885,1.6955
3121,13,164,12.62,7.1,0,corps,45.16608176784801,4.5015
3122,3,25,8.33,2.7,0,corps,45.14550387186678,2.8608
3123,3,22,7.33,2.7,0,corps,45.12493626226174,1.7491
3124,21,262,12.48,10.7,0,corps,45.104378933890985,1.3547
3125,6,54,9.00,4.0,0,corps,45.08383188161517,1.3193
3126,22,178,8.09,11.1,0,corps,45.063295100297545,1.8425
3127,10,87,8.70,5.8,0,corps,45.0427685848039,1.4906
3128,5,82,16.40,3.6,0,corps,45.02225233000262,1.2768
3129,23,269,11.70,11.6,0,corps,45.00174633076464,4.3421
3130,4,49,12.25,3.1,0,corps,44.98125058196345,2.1206
3131,4,42,10.50,3.1,0,corps,44.96076507847513,2.0262
3132,15,200,13.33,8.0,0,corps,44.940289815178275,1.4475
3133,7,82,11.71,4.4,0,corps,44.9198247869541,1.2129
3134,5,38,7.60,3.6,0,corps,44.89936998868633,1.7083
3135,13,174,13.38,7.1,0,corps,44.87892541526128,1.3322
3136,12,160,13.33,6.7,0,corps,44.858491061567776,4.5526
3137,21,273,13.00,10.7,0,corps,44.83806692249727,1.0854
3138,19,187,9.84,9.8,0,corps,44.8176529929437,1.5682
3139,2,57,28.50,2.2,0,corps,44.79724926780359,0.8693
3140,3,49,16.33,2.7,0,corps,44.77685574197601,1.7960
3141,13,164,12.62,7.1,0,corps,44.756472410362576,1.6651
3142,3,39,13.00,2.7,0,corps,44.736099267867466,1.6677
3143,9,86,9.56,5.3,0,corps,44.71573630939738,1.9876
3144,2,18,9.00,2.2,0,corps,44.69538352986157,3.1313
3145,8,178,22.25,4.9,0,corps,44.675040924171874,1.0335
3146,20,224,11.20,10.2,0,corps,44.65470848724261,1.8842
3147,16,181,11.31,8.4,0,corps,44.63438621399069,2.1447
3148,13,139,10.69,7.1,0,corps,44.61407409933552,6.7832
3149,8,74,9.25,4.9,0,corps,44.59377213819909,18.0940
3150,9,98,10.89,5.3,0,corps,44.57348032550591,1.8664
3151,14,133,9.50,7.6,0,corps,44.55319865618303,2.1065
3152,16,145,9.06,8.4,0,corps,44.53292712516001,1.6800
3153,15,222,14.80,8.0,0,corps,44.51266572736899,1.8260
3154,12,105,8.75,6.7,0,corps,44.492414457744616,2.4505
3155,18,257,14.28,9.3,0,corps,44.472173311224076,1.7925
3156,11,141,12.82,6.2,0,corps,44.45194228274705,1.8786
3157,20,235,11.75,10.2,0,corps,44.43172136725582,1.8632
3158,4,37,9.25,3.1,0,corps,44.411510559695145,2.3238
3159,8,89,11.12,4.9,0,corps,44.39130985501232,1.8286
3160,13,153,11.77,7.1,0,corps,44.37111924815716,1.5177
3161,8,67,8.38,4.9,0,corps,44.35093873408202,1.8357
3162,13,158,12.15,7.1,0,corps,44.330768307741785,1.7169
3163,9,119,13.22,5.3,0,corps,44.31060796409384,1.7560
3164,6,56,9.33,4.0,0,corps,44.29045769809808,1.6868
3165,10,97,9.70,5.8,0,corps,44.270317504716964,3.0713
3166,6,67,11.17,4.0,0,corps,44.25018737891544,2.4175
3167,15,158,10.53,8.0,0,corps,44.23006731566097,2.2486
3168,7,78,11.14,4.4,0,corps,44.20995730992352,2.0378
3169,10,108,10.80,5.8,0,corps,44.189857356675624,1.9646
3170,13,121,9.31,7.1,0,corps,44.16976745089227,2.2905
3171,11,141,12.82,6.2,0,corps,44.14968758755099,1.9852
3172,20,235,11.75,10.2,0,corps,44.12961776163181,2.0030
3173,7,108,15.43,4.4,0,corps,44.109557968117294,1.8189
3174,6,82,13.67,4.0,0,corps,44.089508201992466,1.8009
3175,8,112,14.00,4.9,0,corps,44.069468458244906,12.1331
3176,10,168,16.80,5.8,0,corps,44.04943873186466,1.5130
3177,22,277,12.59,11.1,0,corps,44.029419017844305,1.8634
3178,3,38,12.67,2.7,0,corps,44.00940931117893,2.1352
3179,9,110,12.22,5.3,0,corps,43.989409606866076,1.7788
3180,25,301,12.04,12.4,0,corps,43.96941989990582,1.8604
3181,18,223,12.39,9.3,0,corps,43.94944018530077,1.8652
3182,5,67,13.40,3.6,0,corps,43.929470458055974,1.3703
3183,13,125,9.62,7.1,0,corps,43.909510713178996,7.0023
3184,18,249,13.83,9.3,0,corps,43.88956094567989,1.7223
3185,16,149,9.31,8.4,0,corps,43.86962115057124,2.0026
3186,3,30,10.00,2.7,0,corps,43.84969132286809,1.5444
3187,10,115,11.50,5.8,0,corps,43.82977145758798,1.5623
3188,28,322,11.50,13.8,0,corps,43.80986154975092,1.8382
3189,5,58,11.60,3.6,0,corps,43.78996159437948,1.7095
3190,25,236,9.44,12.4,0,corps,43.77007158649863,2.0204
3191,17,212,12.47,8.9,0,corps,43.750191521135896,1.9701
3192,8,96,12.00,4.9,0,corps,43.73032139332123,11.6508
3193,8,136,17.00,4.9,0,corps,43.71046119808714,1.5901
3194,3,72,24.00,2.7,0,corps,43.69061093046855,1.2343
3195,7,93,13.29,4.4,0,corps,43.6707705855029,1.5866
3196,10,148,14.80,5.8,0,corps,43.65094015823009,1.5223
3197,14,195,13.93,7.6,0,corps,43.63111964369254,1.6774
3198,8,92,11.50,4.9,0,corps,43.61130903693511,1.7189
3199,11,141,12.82,6.2,0,corps,43.591508333005144,1.5910
3200,16,174,10.88,8.4,0,corps,43.571717526952455,4.9719
3201,20,234,11.70,10.2,0,corps,43.55193661382936,1.5861
3202,20,291,14.55,10.2,0,corps,43.53216558869063,1.1028
3203,3,36,12.00,2.7,0,corps,43.51240444659351,1.3074
3204,4,70,17.50,3.1,0,corps,43.492653182597685,1.1270
3205,11,121,11.00,6.2,0,corps,43.47291179176537,1.5412
3206,3,33,11.00,2.7,0,corps,43.453180269161216,1.0949
3207,10,108,10.80,5.8,0,corps,43.43345860985233,1.4201
3208,11,112,10.18,6.2,0,corps,43.41374680890831,1.3825
3209,2,13,6.50,2.2,0,corps,43.394044861401184,4.6818
3210,2,75,37.50,2.2,0,corps,43.374352762405486,0.9577
3211,14,179,12.79,7.6,0,corps,43.35467050699818,1.2439
3212,12,131,10.92,6.7,0,corps,43.3349980902587,1.8179
3213,3,35,11.67,2.7,0,corps,43.31533550726896,1.0709
3214,6,68,11.33,4.0,0,corps,43.295682753113304,0.8921
3215,5,63,12.60,3.6,0,corps,43.27603982287853,1.0669
3216,23,209,9.09,11.6,0,corps,43.256406711653916,1.8396
3217,4,56,14.00,3.1,0,corps,43.236783414531196,0.8671
3218,18,199,11.06,9.3,0,corps,43.21716992660452,1.3387
3219,21,227,10.81,10.7,0,corps,43.197566242970545,1.5093
3220,7,105,15.00,4.4,0,corps,43.17797235872832,1.4053
3221,13,134,10.31,7.1,0,corps,43.158388268979394,1.8044
3222,10,88,8.80,5.8,0,corps,43.13881396882774,1.8910
3223,3,33,11.00,2.7,0,corps,43.11924945337978,1.9617
3224,3,45,15.00,2.7,0,corps,43.09969471774439,1.4318
3225,4,37,9.25,3.1,0,corps,43.080149757032885,1.6493
3226,22,295,13.41,11.1,0,corps,43.06061456635902,1.5962
3227,3,33,11.00,2.7,0,corps,43.041089140839,1.6335
3228,9,98,10.89,5.3,0,corps,43.02157347559146,1.6894
3229,21,246,11.71,10.7,0,corps,43.002067565737505,1.7707
3230,13,134,10.31,7.1,0,corps,42.982571406400645,2.3201
3231,16,188,11.75,8.4,0,corps,42.96308499270683,1.5643
3232,4,52,13.00,3.1,0,corps,42.943608319784474,1.3391
3233,9,81,9.00,5.3,0,corps,42.9241413827644,1.6334
3234,9,124,13.78,5.3,0,corps,42.90468417677988,1.2717
3235,13,167,12.85,7.1,0,corps,42.885236696966594,2.1678
3236,7,76,10.86,4.4,0,corps,42.86579893846268,1.7768
3237,12,105,8.75,6.7,0,corps,42.84637089640872,2.0498
3238,10,138,13.80,5.8,0,corps,42.826952565947686,1.7508
3239,6,68,11.33,4.0,0,corps,42.80754394222498,1.3859
3240,15,162,10.80,8.0,0,corps,42.78814502038847,1.6296
3241,6,71,11.83,4.0,0,corps,42.768755795588426,1.4140
3242,25,334,13.36,12.4,0,corps,42.74937626297752,1.7119
3243,9,103,11.44,5.3,0,corps,42.73000641771089,1.4358
3244,2,43,21.50,2.2,0,corps,42.71064625494606,0.7837
3245,9,96,10.67,5.3,0,corps,42.691295769842995,1.5306
3246,3,30,10.00,2.7,0,corps,42.67195495756408,1.7220
3247,14,173,12.36,7.6,0,corps,42.652623813274104,1.3053
3248,11,121,11.00,6.2,0,corps,42.633302332140275,1.9718
3249,13,153,11.77,7.1,0,corps,42.61399050933224,7.2862
3250,7,106,15.14,4.4,0,corps,42.59468834002204,1.3755
3251,11,110,10.00,6.2,0,corps,42.57539581938411,1.7997
3252,15,125,8.33,8.0,0,corps,42.55611294259534,2.4320
3253,5,50,10.00,3.6,0,corps,42.536839704835,1.4734
3254,8,98,12.25,4.9,0,corps,42.517576101284796,1.7566
3255,21,241,11.48,10.7,0,corps,42.49832212712883,1.4402
3256,2,39,19.50,2.2,0,corps,42.479077777553584,1.2567
3257,11,129,11.73,6.2,0,corps,42.459843047747974,2.2518
3258,9,101,11.22,5.3,0,corps,42.440617932903336,1.6164
3259,8,77,9.62,4.9,0,corps,42.421402428213376,2.4907
3260,5,57,11.40,3.6,0,corps,42.40219652887423,2.1207
3261,8,95,11.88,4.9,0,corps,42.38300023008441,1.6705
3262,14,161,11.50,7.6,0,corps,42.363813527044854,1.4519
3263,18,205,11.39,9.3,0,corps,42.34463641495888,1.4091
3264,12,111,9.25,6.7,0,corps,42.3254688890322,1.2870
3265,12,143,11.92,6.7,0,corps,42.30631094447295,1.9216
3266,16,192,12.00,8.4,0,corps,42.28716257649163,1.5043
3267,4,54,13.50,3.1,0,corps,42.268023780301164,1.7095
3268,2,34,17.00,2.2,0,corps,42.248894551116834,1.0104
3269,25,324,12.96,12.4,0,corps,42.229774884156335,1.9423
3270,4,66,16.50,3.1,0,corps,42.21066477463977,0.9567
3271,7,99,14.14,4.4,0,corps,42.19156421778959,1.5770
3272,21,223,10.62,10.7,0,corps,42.17247320883067,1.6840
3273,10,81,8.10,5.8,0,corps,42.15339174299024,1.3409
3274,20,279,13.95,10.2,0,corps,42.134319815497946,1.5355
3275,24,329,13.71,12.0,0,corps,42.11525742158581,1.7372
3276,4,57,14.25,3.1,0,corps,42.096204556488225,0.9586
3277,15,176,11.73,8.0,0,corps,42.077161215441976,1.5910
3278,12,103,8.58,6.7,0,corps,42.058127393686235,1.5142
3279,9,105,11.67,5.3,0,corps,42.03910308646254,1.4865
3280,11,110,10.00,6.2,0,corps,42.020088289014815,1.5790
3281,5,101,20.20,3.6,0,corps,42.00108299658935,0.9814
3282,12,139,11.58,6.7,0,corps,41.98208720443483,1.1335
3283,5,62,12.40,3.6,0,corps,41.96310090780233,1.6119
3284,25,256,10.24,12.4,0,corps,41.94412410194525,1.8248
3285,19,194,10.21,9.8,0,corps,41.92515678211938,2.5482
3286,6,70,11.67,4.0,0,corps,41.90619894358291,1.4223
3287,25,287,11.48,12.4,0,corps,41.887250581596376,1.8952
3288,15,162,10.80,8.0,0,corps,41.86831169142268,1.4288
3289,3,45,15.00,2.7,0,corps,41.8493822683271,1.9169
3290,14,146,10.43,7.6,0,corps,41.83046230757729,2.0057
3291,10,139,13.90,5.8,0,corps,41.811551804443255,1.4030
3292,6,80,13.33,4.0,0,corps,41.79265075419737,1.8162
3293,3,58,19.33,2.7,0,corps,41.773759152114366,1.3436
3294,14,144,10.29,7.6,0,corps,41.75487699347135,1.7053
3295,12,172,14.33,6.7,0,corps,41.73600427354777,1.3871
3296,10,115,11.50,5.8,0,corps,41.71714098762547,1.4998
3297,13,157,12.08,7.1,0,corps,41.6982871309886,1.3297
3298,6,89,14.83,4.0,0,corps,41.679442698923715,1.4405
3299,18,207,11.50,9.3,0,corps,41.6606076867197,1.5320
3300,14,151,10.79,7.6,0,corps,41.64178208966781,1.4893
3301,10,119,11.90,5.8,0,corps,41.62296590306162,2.0680
3302,22,192,8.73,11.1,0,corps,41.60415912219712,2.0931
3303,12,114,9.50,6.7,0,corps,41.58536174237259,3.0226
3304,9,105,11.67,5.3,0,corps,41.566573758888694,1.7298
3305,18,205,11.39,9.3,0,corps,41.54779516704842,1.9486
3306,28,302,10.79,13.8,0,corps,41.52902596215715,2.0315
3307,6,83,13.83,4.0,0,corps,41.51026613952256,1.3982
3308,12,111,9.25,6.7,0,corps,41.4915156944547,2.4731
3309,8,73,9.12,4.9,0,corps,41.47277462226595,2.3332
3310,13,168,12.92,7.1,0,corps,41.454042918271064,1.7598
3311,7,98,14.00,4.4,0,corps,41.4353205777871,1.3460
3312,14,173,12.36,7.6,0,corps,41.41660759613348,1.4979
3313,4,53,13.25,3.1,0,corps,41.39790396863194,2.4597
3314,10,101,10.10,5.8,0,corps,41.379209690606594,2.1772
3315,31,361,11.65,15.1,0,corps,41.36052475738387,2.2501
3316,2,40,20.00,2.2,0,corps,41.341849164292526,1.5480
3317,14,176,12.57,7.6,0,corps,41.32318290666366,1.5427
3318,11,124,11.27,6.2,0,corps,41.30452597983073,1.9458
3319,11,117,10.64,6.2,0,corps,41.28587837912948,2.1148
3320,15,182,12.13,8.0,0,corps,41.267240099898025,2.2084
3321,7,89,12.71,4.4,0,corps,41.24861113747678,1.2205
3322,14,134,9.57,7.6,0,corps,41.229991487208515,1.6391
3323,15,147,9.80,8.0,0,corps,41.21138114443833,1.5993
3324,24,275,11.46,12.0,0,corps,41.19278010451361,1.3804
3325,16,175,10.94,8.4,0,corps,41.1741883627841,1.0799
3326,2,27,13.50,2.2,0,corps,41.15560591460189,1.1978
3327,10,109,10.90,5.8,0,corps,41.13703275532136,1.1984
3328,23,225,9.78,11.6,0,corps,41.118468880299204,6.1085
3329,18,231,12.83,9.3,0,corps,41.09991428489445,1.3766
3330,9,76,8.44,5.3,0,corps,41.08136896446848,1.4500
3331,7,115,16.43,4.4,0,corps,41.06283291438493,0.8662
3332,21,299,14.24,10.7,0,corps,41.04430613000981,1.0566
3333,5,84,16.80,3.6,0,corps,41.02578860671141,0.7098
3334,20,242,12.10,10.2,0,corps,41.00728033986035,1.3933
3335,28,273,9.75,13.8,0,corps,40.988781324829574,1.5994
3336,7,80,11.43,4.4,0,corps,40.97029155699433,1.1864
3337,6,53,8.83,4.0,0,corps,40.95181103173215,1.2555
3338,20,233,11.65,10.2,0,corps,40.93333974442293,1.3491
3339,14,207,14.79,7.6,0,corps,40.91487769044884,0.9351
3340,13,162,12.46,7.1,0,corps,40.89642486519437,1.3655
3341,18,190,10.56,9.3,0,corps,40.87798126404629,2.0367
3342,8,90,11.25,4.9,0,corps,40.85954688239373,1.6199
3343,6,99,16.50,4.0,0,corps,40.841121715628084,1.3758
3344,21,206,9.81,10.7,0,corps,40.82270575914306,2.0675
3345,9,116,12.89,5.3,0,corps,40.80429900833466,1.8912
3346,2,25,12.50,2.2,0,corps,40.78590145860121,1.6210
3347,11,110,10.00,6.2,0,corps,40.76751310534332,2.4063
3348,12,146,12.17,6.7,0,corps,40.7491339439639,1.8285
3349,13,131,10.08,7.1,0,corps,40.730763969868136,1.4625
3350,19,207,10.89,9.8,0,corps,40.712403178463575,1.9813
3351,36,379,10.53,17.3,0,corps,40.694051565159995,1.6963
3352,2,37,18.50,2.2,0,corps,40.675709125369494,1.5368
3353,5,54,10.80,3.6,0,corps,40.65737585450647,1.7521
3354,20,261,13.05,10.2,0,corps,40.639051747987594,2.0980
3355,4,54,13.50,3.1,0,corps,40.62073680123186,1.4232
3356,2,17,8.50,2.2,0,corps,40.6024310096605,2.2291
3357,4,61,15.25,3.1,0,corps,40.584134368697086,1.6878
3358,3,27,9.00,2.7,0,corps,40.56584687376746,1.4840
3359,14,152,10.86,7.6,0,corps,40.54756852029975,1.9676
3360,2,33,16.50,2.2,0,corps,40.52929930372435,1.4518
3361,5,57,11.40,3.6,0,corps,40.511039219473965,1.4177
3362,5,53,10.60,3.6,0,corps,40.49278826298358,1.9659
3363,24,238,9.92,12.0,0,corps,40.474546429690456,1.6339
3364,18,213,11.83,9.3,0,corps,40.45631371503412,1.6690
3365,14,145,10.36,7.6,0,corps,40.4380901144564,1.7000
3366,5,73,14.60,3.6,0,corps,40.41987562340141,1.6899
3367,9,124,13.78,5.3,0,corps,40.401670237315514,5.9957
3368,13,137,10.54,7.1,0,corps,40.38347395164736,1.8703
3369,6,73,12.17,4.0,0,corps,40.36528676184788,1.6681
3370,15,179,11.93,8.0,0,corps,40.34710866337029,1.8314
3371,11,133,12.09,6.2,0,corps,40.32893965167005,1.5577
3372,8,101,12.62,4.9,0,corps,40.31077972220491,1.6512
3373,7,89,12.71,4.4,0,corps,40.292628870434896,1.8144
3374,2,27,13.50,2.2,0,corps,40.27448709182229,1.3919
3375,2,23,11.50,2.2,0,corps,40.25635438183164,1.5818
3376,4,29,7.25,3.1,0,corps,40.238230735929776,1.6844
3377,7,92,13.14,4.4,0,corps,40.220116149585785,1.5755
3378,21,262,12.48,10.7,0,corps,40.20201061827102,1.4848
3379,7,80,11.43,4.4,0,corps,40.18391413745909,1.3993
3380,4,55,13.75,3.1,0,corps,40.16582670262589,1.6254
3381,16,132,8.25,8.4,0,corps,40.147748309249565,3.1428
3382,7,92,13.14,4.4,0,corps,40.12967895281049,1.8437
3383,6,81,13.50,4.0,0,corps,40.11161862879134,1.7875
3384,6,97,16.17,4.0,0,corps,40.09356733267705,1.4907
3385,4,49,12.25,3.1,0,corps,40.07552505995477,2.0524
3386,8,107,13.38,4.9,0,corps,40.057491806113944,1.8577
3387,3,31,10.33,2.7,0,corps,40.03946756664626,2.0352
3388,2,26,13.00,2.2,0,corps,40.02145233704565,1.8886
3389,18,198,11.00,9.3,0,corps,40.00344611280833,2.0762
3390,3,41,13.67,2.7,0,corps,39.985448889432696,1.4459
3391,5,74,14.80,3.6,0,corps,39.9674606624195,1.4904
3392,3,39,13.00,2.7,0,corps,39.949481427271635,1.4658
3393,4,57,14.25,3.1,0,corps,39.93151117949433,1.5207
3394,9,123,13.67,5.3,0,corps,39.913549914594995,1.7642
3395,6,82,13.67,4.0,0,corps,39.89559762808333,1.5228
3396,6,75,12.50,4.0,0,corps,39.87765431547127,1.7182
3397,3,37,12.33,2.7,0,corps,39.85971997227297,1.4749
3398,12,127,10.58,6.7,0,corps,39.84179459400484,1.9502
3399,9,114,12.67,5.3,0,corps,39.823878176185545,2.4404
3400,6,63,10.50,4.0,0,corps,39.80597071433599,1.6498
3401,10,108,10.80,5.8,0,corps,39.7880722039793,1.1828
3402,11,116,10.55,6.2,0,corps,39.77018264064084,2.2415
3403,24,222,9.25,12.0,0,corps,39.75230201984823,2.0603
3404,14,125,8.93,7.6,0,corps,39.734430337131315,1.7025
3405,4,42,10.50,3.1,0,corps,39.716567588022166,1.5197
3406,10,138,13.80,5.8,0,corps,39.6987137680551,1.1159
3407,5,81,16.20,3.6,0,corps,39.680868872766666,1.0352
3408,2,27,13.50,2.2,0,corps,39.66303289769563,1.0044
3409,7,78,11.14,4.4,0,corps,39.64520583838301,1.5212
3410,10,91,9.10,5.8,0,corps,39.62738769037203,2.2012
3411,5,69,13.80,3.6,0,corps,39.60957844920816,1.1506
3412,9,80,8.89,5.3,0,corps,39.591778110439094,1.7297
3413,14,170,12.14,7.6,0,corps,39.57398666961473,1.3937
3414,6,42,7.00,4.0,0,corps,39.55620412228722,1.9225
3415,5,39,7.80,3.6,0,corps,39.538430464010936,2.3368
3416,6,69,11.50,4.0,0,corps,39.52066569034245,1.4887
3417,10,127,12.70,5.8,0,corps,39.50290979684057,1.2541
3418,6,96,16.00,4.0,0,corps,39.48516277906632,1.1715
3419,11,123,11.18,6.2,0,corps,39.46742463258295,1.7364
3420,9,105,11.67,5.3,0,corps,39.44969535295593,1.3800
3421,8,110,13.75,4.9,0,corps,39.431974935752926,1.2785
3422,12,94,7.83,6.7,0,corps,39.414263376543836,2.1257
3423,4,63,15.75,3.1,0,corps,39.39656067090079,1.4227
3424,18,206,11.44,9.3,0,corps,39.37886681439808,1.7457
3425,8,91,11.38,4.9,0,corps,39.36118180261227,1.2942
3426,7,64,9.14,4.4,0,corps,39.34350563112209,1.4930
3427,6,57,9.50,4.0,0,corps,39.3258382955085,1.2166
3428,4,29,7.25,3.1,0,corps,39.30817979135467,1.9800
3429,4,29,7.25,3.1,0,corps,39.290530114245975,1.8836
3430,9,121,13.44,5.3,0,corps,39.27288925976998,1.4034
3431,7,85,12.14,4.4,0,corps,39.2552572235165,1.5298
3432,24,318,13.25,12.0,0,corps,39.237634001077495,1.6160
3433,2,22,11.00,2.2,0,corps,39.22001958804719,1.6210
3434,6,80,13.33,4.0,0,corps,39.202413980021944,1.3591
3435,7,51,7.29,4.4,0,corps,39.1848171726004,2.1783
3436,27,376,13.93,13.3,0,corps,39.16722916138332,1.5438
3437,3,33,11.00,2.7,0,corps,39.14964994197372,1.8593
3438,3,38,12.67,2.7,0,corps,39.132079509976776,1.4745
3439,3,45,15.00,2.7,0,corps,39.1145178609999,2.0561
3440,8,91,11.38,4.9,0,corps,39.09696499065267,1.5991
3441,13,169,13.00,7.1,0,corps,39.07942089454687,1.8909
3442,6,67,11.17,4.0,0,corps,39.061885568296475,1.4431
3443,5,60,12.00,3.6,0,corps,39.04435900751766,1.4170
3444,7,71,10.14,4.4,0,corps,39.02684120782878,1.7319
3445,14,181,12.93,7.6,0,corps,39.009332164850385,1.7342
3446,19,202,10.63,9.8,0,corps,38.991831874205204,1.9687
3447,17,191,11.24,8.9,0,corps,38.97434033151818,2.2952
3448,19,259,13.63,9.8,0,corps,38.95685753241643,1.6647
3449,16,211,13.19,8.4,0,corps,38.93938347252924,1.7123
3450,6,66,11.00,4.0,0,corps,38.921918147488086,2.1761
3451,17,165,9.71,8.9,0,corps,38.90446155292666,1.9044
3452,16,161,10.06,8.4,0,corps,38.887013684480806,1.9224
3453,17,214,12.59,8.9,0,corps,38.86957453778856,1.8858
3454,21,214,10.19,10.7,0,corps,38.852144108490116,2.2557
3455,14,115,8.21,7.6,0,corps,38.834722392227896,2.7469
3456,6,107,17.83,4.0,0,corps,38.81730938464645,1.5346
3457,8,82,10.25,4.9,0,corps,38.799905081392524,2.2031
3458,3,43,14.33,2.7,0,corps,38.78250947811506,1.2981
3459,17,177,10.41,8.9,0,corps,38.76512257046514,1.9725
3460,9,95,10.56,5.3,0,corps,38.74774435409605,1.9296
3461,27,318,11.78,13.3,0,corps,38.73037482466323,1.4299
3462,3,52,17.33,2.7,0,corps,38.71301397782428,1.1385
3463,14,161,11.50,7.6,0,corps,38.69566180923903,1.4834
3464,7,45,6.43,4.4,0,corps,38.678318314569395,2.8160
3465,9,68,7.56,5.3,0,corps,38.66098348947953,2.6540
3466,14,176,12.57,7.6,0,corps,38.64365732963571,1.6702
3467,21,259,12.33,10.7,0,corps,38.6263398307064,1.5015
3468,7,74,10.57,4.4,0,corps,38.609030988362235,1.2427
3469,10,71,7.10,5.8,0,corps,38.591730798276,1.9303
3470,11,114,10.36,6.2,0,corps,38.57443925612263,1.8514
3471,5,65,13.00,3.6,0,corps,38.55715635757927,1.4550
3472,9,76,8.44,5.3,0,corps,38.53988209832517,9.4481
3473,4,45,11.25,3.1,0,corps,38.52261647404179,1.8512
3474,8,77,9.62,4.9,0,corps,38.50535948041269,1.5032
3475,14,163,11.64,7.6,0,corps,38.488111113123644,4.2492
3476,6,75,12.50,4.0,0,corps,38.47087136786257,1.6778
3477,21,238,11.33,10.7,0,corps,38.4536402403195,1.7714
3478,28,278,9.93,13.8,0,corps,38.436417726186676,2.0966
3479,16,188,11.75,8.4,0,corps,38.41920382115846,1.5245
3480,27,270,10.00,13.3,0,corps,38.401998520931386,1.8197
3481,2,29,14.50,2.2,0,corps,38.38480182120412,1.5877
3482,7,87,12.43,4.4,0,corps,38.36761371767748,1.2946
3483,13,146,11.23,7.1,0,corps,38.35043420605445,1.6645
3484,6,81,13.50,4.0,0,corps,38.33326328204016,1.6139
3485,10,107,10.70,5.8,0,corps,38.316100941341865,1.7568
3486,27,278,10.30,13.3,0,corps,38.29894717966897,1.7449
3487,19,232,12.21,9.8,0,corps,38.281801992733065,1.5646
3488,10,125,12.50,5.8,0,corps,38.264665376247834,1.6223
3489,7,108,15.43,4.4,0,corps,38.24753732592912,1.5597
3490,9,94,10.44,5.3,0,corps,38.230417837494926,1.7099
3491,29,328,11.31,14.2,0,corps,38.21330690666536,1.8293
3492,7,64,9.14,4.4,0,corps,38.196204529162706,1.5901
3493,8,53,6.62,4.9,0,corps,38.17911070071136,2.2798
3494,25,253,10.12,12.4,0,corps,38.16202541703787,1.8127
3495,6,65,10.83,4.0,0,corps,38.1449486738709,2.2456
3496,26,234,9.00,12.9,0,corps,38.12788046694129,2.0174
3497,22,203,9.23,11.1,0,corps,38.11082079198197,1.7674
3498,2,32,16.00,2.2,0,corps,38.09376964472801,1.4451
3499,2,19,9.50,2.2,0,corps,38.076727020916664,1.7037
3500,2,29,14.50,2.2,0,corps,38.05969291628725,1.5545
3501,7,71,10.14,4.4,0,corps,38.042667326581224,2.1391
3502,11,127,11.55,6.2,0,corps,38.02565024754222,1.7590
3503,18,174,9.67,9.3,0,corps,38.00864167491594,2.1882
3504,10,117,11.70,5.8,0,corps,37.99164160445028,2.4387
3505,32,344,10.75,15.6,0,corps,37.97465003189518,2.0298
3506,17,163,9.59,8.9,0,corps,37.95766695300277,2.3822
3507,21,241,11.48,10.7,0,corps,37.940692363527276,2.1080
3508,6,84,14.00,4.0,0,corps,37.92372625922505,2.0824
3509,11,105,9.55,6.2,0,corps,37.90676863585456,9.2328
3510,4,64,16.00,3.1,0,corps,37.88981948917641,1.8914
3511,8,74,9.25,4.9,0,corps,37.8728788149533,2.6258
3512,6,64,10.67,4.0,0,corps,37.855946608950084,13.9530
3513,21,258,12.29,10.7,0,corps,37.83902286693369,1.8324
3514,16,162,10.12,8.4,0,corps,37.82210758467319,1.7666
3515,3,42,14.00,2.7,0,corps,37.80520075793976,1.4030
3516,22,300,13.64,11.1,0,corps,37.78830238250671,1.6288
3517,11,122,11.09,6.2,0,corps,37.77141245414942,1.6699
3518,3,53,17.67,2.7,0,corps,37.75453096864542,1.7406
3519,21,264,12.57,10.7,0,corps,37.73765792177433,2.0430
3520,10,100,10.00,5.8,0,corps,37.7207933093179,2.8195
3521,10,124,12.40,5.8,0,corps,37.70393712705998,1.4612
3522,4,54,13.50,3.1,0,corps,37.687089370786516,1.5093
3523,7,74,10.57,4.4,0,corps,37.670250036285566,1.4101
3524,2,42,21.00,2.2,0,corps,37.6534191193473,1.3649
3525,26,322,12.38,12.9,0,corps,37.63659661576399,1.6103
3526,4,34,8.50,3.1,0,corps,37.619782521330016,1.7169
3527,4,42,10.50,3.1,0,corps,37.602976831841836,1.7610
3528,25,270,10.80,12.4,0,corps,37.58617954309804,1.5313
3529,22,247,11.23,11.1,0,corps,37.569390650899315,2.0220
3530,9,67,7.44,5.3,0,corps,37.55261015104843,2.2946
3531,10,122,12.20,5.8,0,corps,37.53583803935023,2.0098
3532,3,43,14.33,2.7,0,corps,37.51907431161174,1.6567
3533,7,65,9.29,4.4,0,corps,37.502318963642,1.4519
3534,11,131,11.91,6.2,0,corps,37.48557199125217,1.2719
3535,12,125,10.42,6.7,0,corps,37.46883339025551,1.7438
3536,10,104,10.40,5.8,0,corps,37.45210315646738,1.5784
3537,10,116,11.60,5.8,0,corps,37.43538128570521,1.4873
3538,23,251,10.91,11.6,0,corps,37.418667773788535,1.7973
3539,4,47,11.75,3.1,0,corps,37.401962616538974,1.4477
3540,19,284,14.95,9.8,0,corps,37.38526580978024,1.4322
3541,3,30,10.00,2.7,0,corps,37.36857734933814,1.5517
3542,16,182,11.38,8.4,0,corps,37.35189723104055,1.4542
3543,3,70,23.33,2.7,0,corps,37.33522545071744,1.0128
3544,18,199,11.06,9.3,0,corps,37.318562004200864,1.2211
3545,30,289,9.63,14.7,0,corps,37.30190688732497,1.8243
3546,8,137,17.12,4.9,0,corps,37.28526009592596,0.8867
3547,11,136,12.36,6.2,0,corps,37.26862162584215,1.4116
3548,18,165,9.17,9.3,0,corps,37.25199147291393,1.8596
3549,13,151,11.62,7.1,0,corps,37.23536963298375,4.6200
3550,18,236,13.11,9.3,0,corps,37.21875610189614,1.4637
3551,4,33,8.25,3.1,0,corps,37.20215087549772,1.7406
3552,9,74,8.22,5.3,0,corps,37.18555394963721,1.7517
3553,8,118,14.75,4.9,0,corps,37.16896532016536,0.9147
3554,9,142,15.78,5.3,0,corps,37.15238498293502,7.0128
3555,8,196,24.50,4.9,0,corps,37.13581293380108,0.9277
3556,2,24,12.00,2.2,0,corps,37.11924916862055,0.9855
3557,13,101,7.77,7.1,0,corps,37.10269368325248,1.6230
3558,26,329,12.65,12.9,0,corps,37.086146473558024,1.6363
3559,8,80,10.00,4.9,0,corps,37.06960753540034,1.5629
3560,23,269,11.70,11.6,0,corps,37.053076864644716,1.3803
3561,2,18,9.00,2.2,0,corps,37.03655445715849,1.7346
3562,12,125,10.42,6.7,0,corps,37.02004030881103,2.0009
3563,26,278,10.69,12.9,0,corps,37.00353441547383,1.9156
3564,6,57,9.50,4.0,0,corps,36.987036773020414,2.5005
3565,17,240,14.12,8.9,0,corps,36.970547377326355,1.9527
3566,7,105,15.00,4.4,0,corps,36.95406622426932,1.3118
3567,32,373,11.66,15.6,0,corps,36.937593309729,1.9888
3568,9,124,13.78,5.3,0,corps,36.92112862958719,1.8277
3569,24,258,10.75,12.0,0,corps,36.9046721797277,1.6849
3570,15,187,12.47,8.0,0,corps,36.888223956036434,1.6959
3571,6,57,9.50,4.0,0,corps,36.871783954401316,2.4723
3572,3,31,10.33,2.7,0,corps,36.85535217071237,1.6253
3573,5,61,12.20,3.6,0,corps,36.838928600861635,1.3831
3574,13,130,10.00,7.1,0,corps,36.82251324074322,2.1370
3575,14,166,11.86,7.6,0,corps,36.80610608625328,1.5519
3576,22,220,10.00,11.1,0,corps,36.789707133290044,1.7189
3577,10,118,11.80,5.8,0,corps,36.77331637775376,6.9826
3578,3,31,10.33,2.7,0,corps,36.75693381554674,2.2715
3579,13,164,12.62,7.1,0,corps,36.740559442573336,1.4903
3580,4,30,7.50,3.1,0,corps,36.72419325473997,1.9225
3581,19,224,11.79,9.8,0,corps,36.707835247955096,1.3869
3582,20,213,10.65,10.2,0,corps,36.6914854181292,2.0032
3583,15,163,10.87,8.0,0,corps,36.675143761174816,1.5273
3584,10,137,13.70,5.8,0,corps,36.65881027300655,1.6119
3585,9,115,12.78,5.3,0,corps,36.64248494954103,2.1925
3586,15,157,10.47,8.0,0,corps,36.62616778669691,1.8923
3587,8,87,10.88,4.9,0,corps,36.6098587803949,1.4318
3588,8,75,9.38,4.9,0,corps,36.59355792655777,1.8839
3589,5,49,9.80,3.6,0,corps,36.57726522111028,1.4148
3590,6,43,7.17,4.0,0,corps,36.56098065997928,2.2940
3591,13,129,9.92,7.1,0,corps,36.5447042390936,1.9602
3592,6,50,8.33,4.0,0,corps,36.52843595438415,1.9641
3593,16,138,8.62,8.4,0,corps,36.51217580178386,2.1305
3594,12,99,8.25,6.7,0,corps,36.495923777227695,1.6292
3595,10,134,13.40,5.8,0,corps,36.47967987665264,1.2381
3596,5,68,13.60,3.6,0,corps,36.46344409599772,1.8149
3597,16,131,8.19,8.4,0,corps,36.447216431204,1.7825
3598,7,76,10.86,4.4,0,corps,36.43099687821455,1.7898
3599,15,150,10.00,8.0,0,corps,36.41478543297449,1.6282
3600,6,46,7.67,4.0,0,corps,36.39858209143096,2.6490
3601,2,72,36.00,2.2,0,corps,36.38238684953312,0.7573
3602,2,14,7.00,2.2,0,corps,36.36619970323217,0.9030
3603,12,120,10.00,6.7,0,corps,36.35002064848129,1.1596
3604,13,103,7.92,7.1,0,corps,36.333849681235755,1.2962
3605,26,265,10.19,12.9,0,corps,36.317686797452815,1.7823
3606,18,231,12.83,9.3,0,corps,36.30153199309174,1.2150
3607,7,85,12.14,4.4,0,corps,36.28538526411382,1.0901
3608,10,100,10.00,5.8,0,corps,36.2692466064824,0.7581
3609,17,144,8.47,8.9,0,corps,36.25311601616279,1.5335
3610,13,123,9.46,7.1,0,corps,36.23699348912236,1.3111
3611,10,118,11.80,5.8,0,corps,36.22087902133046,1.1594
3612,9,101,11.22,5.3,0,corps,36.20477260875849,1.2744
3613,5,51,10.20,3.6,0,corps,36.188674247379836,1.0232
3614,17,189,11.12,8.9,0,corps,36.17258393316992,2.0120
3615,5,41,8.20,3.6,0,corps,36.156501662106145,2.1524
3616,2,40,20.00,2.2,0,corps,36.140427430167954,0.8692
3617,13,157,12.08,7.1,0,corps,36.124361233336785,4.7505
3618,22,257,11.68,11.1,0,corps,36.108303067596104,1.4553
3619,3,25,8.33,2.7,0,corps,36.092252928931345,1.5997
3620,17,168,9.88,8.9,0,corps,36.07621081332999,1.6383
3621,21,255,12.14,10.7,0,corps,36.06017671678151,4.5597
3622,6,121,20.17,4.0,0,corps,36.044150635277376,1.6090
3623,11,140,12.73,6.2,0,corps,36.02813256481105,1.4476
3624,3,35,11.67,2.7,0,corps,36.01212250137805,1.2735
3625,26,320,12.31,12.9,0,corps,35.996120440975844,1.7417
3626,4,110,27.50,3.1,0,corps,35.98012637960391,1.2189
3627,8,130,16.25,4.9,0,corps,35.96414031326374,1.1997
3628,5,50,10.00,3.6,0,corps,35.948162237958805,2.9199
3629,13,129,9.92,7.1,0,corps,35.9321921496946,1.9152
3630,30,380,12.67,14.7,0,corps,35.9162300444786,3.9801
3631,12,166,13.83,6.7,0,corps,35.90027591832028,1.5590
3632,28,331,11.82,13.8,0,corps,35.8843297672311,1.8973
3633,9,104,11.56,5.3,0,corps,35.86839158722454,1.6219
3634,23,236,10.26,11.6,0,corps,35.85246137431603,1.8619
3635,19,252,13.26,9.8,0,corps,35.836539124523036,1.6339
3636,5,44,8.80,3.6,0,corps,35.820624833864976,1.8492
3637,20,249,12.45,10.2,0,corps,35.80471849836331,2.0061
3638,11,113,10.27,6.2,0,corps,35.78882011404143,1.8261
3639,11,95,8.64,6.2,0,corps,35.77292967692474,1.7772
3640,6,70,11.67,4.0,0,corps,35.757047183040626,1.9013
3641,4,39,9.75,3.1,0,corps,35.74117262841848,1.5307
3642,10,103,10.30,5.8,0,corps,35.725306009089664,1.4390
3643,6,74,12.33,4.0,0,corps,35.70944732108751,1.4509
3644,15,139,9.27,8.0,0,corps,35.69359656044735,2.3015
3645,7,88,12.57,4.4,0,corps,35.67775372320649,1.4197
3646,2,30,15.00,2.2,0,corps,35.661918805404234,1.2022
3647,5,63,12.60,3.6,0,corps,35.646091803081845,1.5456
3648,14,203,14.50,7.6,0,corps,35.63027271228256,1.5058
3649,28,399,14.25,13.8,0,corps,35.61446152905163,1.9010
3650,10,110,11.00,5.8,0,corps,35.59865824943624,1.5016
3651,18,258,14.33,9.3,0,corps,35.58286286948559,1.1912
3652,8,95,11.88,4.9,0,corps,35.56707538525081,1.3435
3653,3,65,21.67,2.7,0,corps,35.551295792785034,1.3520
3654,14,171,12.21,7.6,0,corps,35.53552408814338,1.3095
3655,17,191,11.24,8.9,0,corps,35.519760267382914,1.6061
3656,4,105,26.25,3.1,0,corps,35.50400432656267,1.1512
3657,22,340,15.45,11.1,0,corps,35.488256261743686,1.3874
3658,16,185,11.56,8.4,0,corps,35.472516068988924,1.4325
3659,14,178,12.71,7.6,0,corps,35.45678374436335,1.5915
3660,17,346,20.35,8.9,0,corps,35.44105928393385,1.2199
3661,3,52,17.33,2.7,0,corps,35.425342683769365,1.2056
3662,4,40,10.00,3.1,0,corps,35.4096339399407,1.3443
3663,11,131,11.91,6.2,0,corps,35.39393304852069,1.5237
3664,7,65,9.29,4.4,0,corps,35.3782400055841,1.6960
3665,19,208,10.95,9.8,0,corps,35.36255480720767,4.0557
3666,18,219,12.17,9.3,0,corps,35.346877449470114,1.4830
3667,8,90,11.25,4.9,0,corps,35.33120792845209,1.9135
3668,9,88,9.78,5.3,0,corps,35.315546240236195,1.6645
3669,3,28,9.33,2.7,0,corps,35.29989238090703,2.9466
3670,10,81,8.10,5.8,0,corps,35.28424634655113,2.5277
3671,2,22,11.00,2.2,0,corps,35.268608133256976,1.1685
3672,8,71,8.88,4.9,0,corps,35.25297773711501,1.7697
3673,17,158,9.29,8.9,0,corps,35.23735515421765,1.9896
3674,8,92,11.50,4.9,0,corps,35.22174038065924,1.5633
3675,18,203,11.28,9.3,0,corps,35.20613341253609,1.5542
3676,11,126,11.45,6.2,0,corps,35.190534245946445,1.6054
3677,11,136,12.36,6.2,0,corps,35.174942876990535,1.6420
3678,22,225,10.23,11.1,0,corps,35.15935930177051,2.4862
3679,21,232,11.05,10.7,0,corps,35.14378351639046,1.8086
3680,12,144,12.00,6.7,0,corps,35.12821551695645,2.2998
3681,26,336,12.92,12.9,0,corps,35.11265529957649,1.9026
3682,22,257,11.68,11.1,0,corps,35.09710286036052,1.6444
3683,12,118,9.83,6.7,0,corps,35.08155819542042,1.6160
3684,19,193,10.16,9.8,0,corps,35.06602130087003,1.4873
3685,14,140,10.00,7.6,0,corps,35.05049217282513,1.7170
3686,2,17,8.50,2.2,0,corps,35.03497080740344,1.1883
3687,21,232,11.05,10.7,0,corps,35.01945720072461,4.2652
3688,8,75,9.38,4.9,0,corps,35.003951348910235,1.9219
3689,14,157,11.21,7.6,0,corps,34.988453248083864,1.8241
3690,24,264,11.00,12.0,0,corps,34.972962894370966,1.4413
3691,4,32,8.00,3.1,0,corps,34.95748028389896,1.3757
3692,12,134,11.17,6.7,0,corps,34.942005412797165,1.3850
3693,12,115,9.58,6.7,0,corps,34.9265382771969,2.2935
3694,14,138,9.86,7.6,0,corps,34.911078873231375,1.4932
3695,24,265,11.04,12.0,0,corps,34.89562719703571,1.7585
3696,8,83,10.38,4.9,0,corps,34.880183244747016,1.4655
3697,14,159,11.36,7.6,0,corps,34.86474701250429,1.3364
3698,13,139,10.69,7.1,0,corps,34.849318496448475,1.5558
3699,14,138,9.86,7.6,0,corps,34.83389769272245,1.4191
3700,29,342,11.79,14.2,0,corps,34.81848459747101,1.5380
3701,19,207,10.89,9.8,0,corps,34.80307920684088,1.8427
3702,3,24,8.00,2.7,0,corps,34.787681516980705,1.9774
3703,4,62,15.50,3.1,0,corps,34.77229152404108,1.6400
3704,3,56,18.67,2.7,0,corps,34.756909224174485,1.2496
3705,4,51,12.75,3.1,0,corps,34.741534613535364,1.4523
3706,4,51,12.75,3.1,0,corps,34.72616768828006,1.5275
3707,24,323,13.46,12.0,0,corps,34.71080844456683,1.6243
3708,7,109,15.57,4.4,0,corps,34.695456878555866,1.2889
3709,5,50,10.00,3.6,0,corps,34.6801129864093,1.6066
3710,14,146,10.43,7.6,0,corps,34.664776764291126,1.8706
3711,13,142,10.92,7.1,0,corps,34.64944820836731,1.8593
3712,24,226,9.42,12.0,0,corps,34.634127314805696,2.2343
3713,4,47,11.75,3.1,0,corps,34.61881407977607,1.7141
3714,21,246,11.71,10.7,0,corps,34.603508499450136,1.7299
3715,23,277,12.04,11.6,0,corps,34.58821057000148,3.9374
3716,33,389,11.79,16.0,0,corps,34.572920287605626,2.2162
3717,13,117,9.00,7.1,0,corps,34.55763764844001,1.8563
3718,12,145,12.08,6.7,0,corps,34.54236264868395,1.5680
3719,26,314,12.08,12.9,0,corps,34.52709528451872,1.9628
3720,30,320,10.67,14.7,0,corps,34.511835552127465,1.5498
3721,31,392,12.65,15.1,0,corps,34.49658344769526,1.2632
3722,6,83,13.83,4.0,0,corps,34.48133896740909,1.4972
3723,28,285,10.18,13.8,0,corps,34.46610210745781,1.8511
3724,13,125,9.62,7.1,0,corps,34.4508728640322,7.8941
3725,11,143,13.00,6.2,0,corps,34.43565123332498,1.2610
3726,23,229,9.96,11.6,0,corps,34.42043721153073,1.6972
3727,20,159,7.95,10.2,0,corps,34.405230794845934,2.0788
3728,17,185,10.88,8.9,0,corps,34.39003197946899,1.8904
3729,13,168,12.92,7.1,0,corps,34.37484076160021,1.4860
3730,19,226,11.89,9.8,0,corps,34.35965713744178,1.6621
3731,9,90,10.00,5.3,0,corps,34.344481103197786,2.0994
3732,18,214,11.89,9.3,0,corps,34.329312655074226,2.2924
3733,7,78,11.14,4.4,0,corps,34.31415178927899,2.0538
3734,23,235,10.22,11.6,0,corps,34.29899850202186,1.9776
3735,7,82,11.71,4.4,0,corps,34.28385278951451,1.3410
3736,2,28,14.00,2.2,0,corps,34.26871464797052,0.9607
3737,11,117,10.64,6.2,0,corps,34.25358407360534,1.6066
3738,12,110,9.17,6.7,0,corps,34.23846106263635,2.0651
3739,29,369,12.72,14.2,0,corps,34.223345611282774,1.9572
3740,10,83,8.30,5.8,0,corps,34.208237715765755,1.4826
3741,8,73,9.12,4.9,0,corps,34.19313737230832,2.4455
3742,21,212,10.10,10.7,0,corps,34.178044577135395,1.9335
3743,20,203,10.15,10.2,0,corps,34.162959326473775,1.6189
3744,5,73,14.60,3.6,0,corps,34.147881616552134,1.2584
3745,24,245,10.21,12.0,0,corps,34.132811443601064,1.6117
3746,2,29,14.50,2.2,0,corps,34.117748803853004,0.9595
3747,2,21,10.50,2.2,0,corps,34.10269369354231,1.4502
3748,22,266,12.09,11.1,0,corps,34.087646108905176,1.7699
3749,10,99,9.90,5.8,0,corps,34.07260604617974,1.3899
3750,2,30,15.00,2.2,0,corps,34.05757350160597,1.3285
3751,5,40,8.00,3.6,0,corps,34.04254847142575,1.9985
3752,22,224,10.18,11.1,0,corps,34.02753095188278,1.5091
3753,2,31,15.50,2.2,0,corps,34.0125209392227,1.1018
3754,30,354,11.80,14.7,0,corps,33.99751842969304,1.5452
3755,20,210,10.50,10.2,0,corps,33.98252341954313,1.7670
3756,29,338,11.66,14.2,0,corps,33.96753590502422,1.6022
3757,4,47,11.75,3.1,0,corps,33.952555882389454,1.5534
3758,8,94,11.75,4.9,0,corps,33.937583347893806,2.1801
3759,5,67,13.40,3.6,0,corps,33.92261829779416,1.2222
3760,10,110,11.00,5.8,0,corps,33.90766072834924,1.9917
3761,17,182,10.71,8.9,0,corps,33.892710635819654,1.3345
3762,22,204,9.27,11.1,0,corps,33.87776801646788,1.5810
3763,9,96,10.67,5.3,0,corps,33.862832866558286,1.6224
3764,7,66,9.43,4.4,0,corps,33.847905182357046,2.0505
3765,7,75,10.71,4.4,0,corps,33.83298496013226,1.5151
3766,2,18,9.00,2.2,0,corps,33.81807219615387,1.6205
3767,8,108,13.50,4.9,0,corps,33.80316688669369,1.3341
3768,10,136,13.60,5.8,0,corps,33.78826902802538,1.4167
3769,6,61,10.17,4.0,0,corps,33.77337861642447,1.5206
3770,9,69,7.67,5.3,0,corps,33.75849564816839,1.8826
3771,29,307,10.59,14.2,0,corps,33.743620119536374,1.4594
3772,26,304,11.69,12.9,0,corps,33.72875202680955,1.7051
3773,12,95,7.92,6.7,0,corps,33.713891366270865,2.5058
3774,3,29,9.67,2.7,0,corps,33.69903813420519,1.8212
3775,4,49,12.25,3.1,0,corps,33.6841923268992,1.6074
3776,11,109,9.91,6.2,0,corps,33.66935394064146,9.7348
3777,6,48,8.00,4.0,0,corps,33.654522971722336,1.9746
3778,21,245,11.67,10.7,0,corps,33.63969941643412,1.3208
3779,11,119,10.82,6.2,0,corps,33.62488327107092,1.7916
3780,20,206,10.30,10.2,0,corps,33.61007453192869,1.4838
3781,23,257,11.17,11.6,0,corps,33.59527319530524,3.2239
3782,8,75,9.38,4.9,0,corps,33.580479257500244,1.8774
3783,5,57,11.40,3.6,0,corps,33.56569271481521,1.8858
3784,9,98,10.89,5.3,0,corps,33.55091356355352,1.7345
3785,12,122,10.17,6.7,0,corps,33.53614180002037,1.6568
3786,15,147,9.80,8.0,0,corps,33.52137742052283,1.8932
3787,3,28,9.33,2.7,0,corps,33.506620421369796,2.2748
3788,11,128,11.64,6.2,0,corps,33.49187079887202,1.8876
3789,20,258,12.90,10.2,0,corps,33.47712854934209,3.2708
3790,2,19,9.50,2.2,0,corps,33.46239366909446,2.8476
3791,21,242,11.52,10.7,0,corps,33.4476661544454,1.5495
3792,20,279,13.95,10.2,0,corps,33.432946001713034,1.5197
3793,12,116,9.67,6.7,0,corps,33.41823320721731,1.6513
3794,25,305,12.20,12.4,0,corps,33.40352776728005,1.4720
3795,6,75,12.50,4.0,0,corps,33.38882967822489,1.3531
3796,6,50,8.33,4.0,0,corps,33.37413893637729,1.9985
3797,18,151,8.39,9.3,0,corps,33.35945553806458,2.2740
3798,12,119,9.92,6.7,0,corps,33.344779479615916,1.8363
3799,32,354,11.06,15.6,0,corps,33.33011075736227,1.5548
3800,15,131,8.73,8.0,0,corps,33.31544936763647,1.7535
3801,12,131,10.92,6.7,0,corps,33.30079530677315,1.7379
3802,15,138,9.20,8.0,0,corps,33.28614857110883,2.1168
3803,18,192,10.67,9.3,0,corps,33.27150915698179,1.9053
3804,23,260,11.30,11.6,0,corps,33.2568770607322,1.6298
3805,4,37,9.25,3.1,0,corps,33.242252278702026,1.6037
3806,15,154,10.27,8.0,0,corps,33.22763480723507,2.0963
3807,11,143,13.00,6.2,0,corps,33.21302464267697,1.4350
3808,16,171,10.69,8.4,0,corps,33.19842178137519,1.6352
3809,12,116,9.67,6.7,0,corps,33.183826219679,1.8116
3810,20,205,10.25,10.2,0,corps,33.169237953939515,2.3988
3811,12,166,13.83,6.7,0,corps,33.15465698050967,1.4818
3812,8,72,9.00,4.9,0,corps,33.14008329574423,2.3172
3813,2,14,7.00,2.2,0,corps,33.12551689599976,1.4773
3814,11,89,8.09,6.2,0,corps,33.11095777763466,1.3781
3815,16,149,9.31,8.4,0,corps,33.096405937009166,1.9844
3816,11,118,10.73,6.2,0,corps,33.081861370485306,1.5526
3817,30,384,12.80,14.7,0,corps,33.067324074426935,1.7836
3818,4,37,9.25,3.1,0,corps,33.05279404519973,1.7865
3819,5,33,6.60,3.6,0,corps,33.0382712791712,1.9687
3820,15,133,8.87,8.0,0,corps,33.023755772710636,5.7812
3821,26,338,13.00,12.9,0,corps,33.00924752218917,2.2879
3822,20,243,12.15,10.2,0,corps,32.994746523979735,1.4354
3823,18,173,9.61,9.3,0,corps,32.98025277445708,1.7705
3824,6,62,10.33,4.0,0,corps,32.965766269997765,2.5983
3825,15,181,12.07,8.0,0,corps,32.951287006980166,1.4002
3826,18,253,14.06,9.3,0,corps,32.93681498178448,1.4546
3827,27,313,11.59,13.3,0,corps,32.922350190792685,1.8564
3828,5,47,9.40,3.6,0,corps,32.90789263038859,1.7592
3829,23,226,9.83,11.6,0,corps,32.8934422969578,1.9684
3830,19,215,11.32,9.8,0,corps,32.87899918688774,1.8813
3831,18,181,10.06,9.3,0,corps,32.864563296567624,1.8462
3832,23,249,10.83,11.6,0,corps,32.85013462238848,1.4416
3833,7,76,10.86,4.4,0,corps,32.83571316074314,1.4602
3834,11,128,11.64,6.2,0,corps,32.82129890802625,1.3161
3835,19,183,9.63,9.8,0,corps,32.80689186063423,1.7324
3836,3,47,15.67,2.7,0,corps,32.79249201496533,1.4876
3837,3,20,6.67,2.7,0,corps,32.77809936741957,3.4397
3838,17,160,9.41,8.9,0,corps,32.76371391439882,1.9462
3839,32,347,10.84,15.6,0,corps,32.74933565230669,1.6164
3840,28,332,11.86,13.8,0,corps,32.734964577548624,1.8587
3841,11,124,11.27,6.2,0,corps,32.720600686531846,1.3147
3842,28,232,8.29,13.8,0,corps,32.7062439756654,1.7205
3843,21,237,11.29,10.7,0,corps,32.6918944413601,1.5201
3844,25,279,11.16,12.4,0,corps,32.67755208002855,1.1309
3845,12,117,9.75,6.7,0,corps,32.66321688808517,1.5730
3846,2,26,13.00,2.2,0,corps,32.648888861946155,1.4189
3847,2,14,7.00,2.2,0,corps,32.63456799802952,1.3751
3848,4,48,12.00,3.1,0,corps,32.62025429275502,1.2738
3849,7,98,14.00,4.4,0,corps,32.60594774254425,1.2605
3850,7,71,10.14,4.4,0,corps,32.59164834382056,1.7171
3851,35,332,9.49,16.9,0,corps,32.577356093009115,1.6579
3852,7,96,13.71,4.4,0,corps,32.56307098653683,0.8898
3853,14,168,12.00,7.6,0,corps,32.54879302083245,1.0518
3854,7,44,6.29,4.4,0,corps,32.53452219232646,1.8195
3855,27,287,10.63,13.3,0,corps,32.52025849745119,1.4557
3856,13,153,11.77,7.1,0,corps,32.50600193264067,6.2927
3857,8,70,8.75,4.9,0,corps,32.49175249433079,1.7319
3858,10,79,7.90,5.8,0,corps,32.477510178959186,7.4448
3859,3,17,5.67,2.7,0,corps,32.46327498296527,1.9000
3860,17,183,10.76,8.9,0,corps,32.44904690279024,1.1343
3861,14,158,11.29,7.6,0,corps,32.4348259348771,2.4276
3862,7,54,7.71,4.4,0,corps,32.42061207567058,1.2532
3863,15,157,10.47,8.0,0,corps,32.406405321617235,1.6101
3864,23,236,10.26,11.6,0,corps,32.39220566916538,1.3855
3865,11,105,9.55,6.2,0,corps,32.37801311476506,1.5262
3866,2,37,18.50,2.2,0,corps,32.36382765486819,0.9966
3867,14,151,10.79,7.6,0,corps,32.34964928592837,4.4214
3868,16,173,10.81,8.4,0,corps,32.335478004401025,1.2462
3869,12,125,10.42,6.7,0,corps,32.321313806743326,1.4465
3870,13,130,10.00,7.1,0,corps,32.30715668941422,1.7547
3871,31,384,12.39,15.1,0,corps,32.293006648874446,1.8617
3872,33,358,10.85,16.0,0,corps,32.27886368158648,1.5305
3873,15,171,11.40,8.0,0,corps,32.264727784014575,1.5809
3874,10,83,8.30,5.8,0,corps,32.25059895262476,1.5414
3875,6,64,10.67,4.0,0,corps,32.23647718388484,1.5720
3876,17,186,10.94,8.9,0,corps,32.222362474264365,1.2787
3877,41,447,10.90,19.6,0,corps,32.20825482023465,2.1424
3878,17,142,8.35,8.9,0,corps,32.194154218268785,1.5599
3879,5,62,12.40,3.6,0,corps,32.18006066484162,2.6169
3880,11,97,8.82,6.2,0,corps,32.16597415642977,1.3325
3881,7,95,13.57,4.4,0,corps,32.15189468951161,1.2352
3882,3,34,11.33,2.7,0,corps,32.13782226056726,3.1998
3883,22,199,9.05,11.1,0,corps,32.12375686607863,1.7562
3884,10,125,12.50,5.8,0,corps,32.10969850252936,6.8135
3885,21,258,12.29,10.7,0,corps,32.095647166404866,1.5853
3886,9,112,12.44,5.3,0,corps,32.0816028541923,1.9170
3887,4,39,9.75,3.1,0,corps,32.0675655623806,2.3742
3888,3,53,17.67,2.7,0,corps,32.05353528746044,1.5293
3889,33,362,10.97,16.0,0,corps,32.039512025924246,1.6943
3890,15,191,12.73,8.0,0,corps,32.025495774266204,1.8474
3891,2,27,13.50,2.2,0,corps,32.011486528982246,1.8866
3892,12,144,12.00,6.7,0,corps,31.997484286570078,1.7938
3893,3,33,11.00,2.7,0,corps,31.983489043529122,2.6934
3894,23,246,10.70,11.6,0,corps,31.969500796360567,2.0814
3895,8,76,9.50,4.9,0,corps,31.955519541567362,1.9968
3896,4,34,8.50,3.1,0,corps,31.94154527565419,2.3404
3897,25,243,9.72,12.4,0,corps,31.927577995127482,1.9426
3898,8,84,10.50,4.9,0,corps,31.91361769649541,1.9280
3899,24,245,10.21,12.0,0,corps,31.89966437626791,2.1717
3900,23,268,11.65,11.6,0,corps,31.88571803095666,1.9594
3901,19,141,7.42,9.8,0,corps,31.871778657075055,2.0653
3902,18,191,10.61,9.3,0,corps,31.857846251138255,1.7543
3903,3,41,13.67,2.7,0,corps,31.843920809663175,1.1913
3904,7,72,10.29,4.4,0,corps,31.830002329168433,1.3194
3905,20,209,10.45,10.2,0,corps,31.81609080617442,1.3247
3906,15,179,11.93,8.0,0,corps,31.80218623720325,1.3892
3907,21,224,10.67,10.7,0,corps,31.788288618778793,1.5429
3908,23,287,12.48,11.6,0,corps,31.774397947426632,1.8727
3909,32,371,11.59,15.6,0,corps,31.760514219674103,1.3577
3910,11,139,12.64,6.2,0,corps,31.746637432050267,1.3127
3911,16,148,9.25,8.4,0,corps,31.732767581085934,2.3552
3912,21,211,10.05,10.7,0,corps,31.71890466331365,1.3120
3913,4,49,12.25,3.1,0,corps,31.705048675267676,1.1329
3914,2,8,4.00,2.2,0,corps,31.691199613484006,4.4179
3915,11,83,7.55,6.2,0,corps,31.67735747450039,2.4230
3916,18,153,8.50,9.3,0,corps,31.66352225485628,1.8163
3917,9,77,8.56,5.3,0,corps,31.64969395109289,1.4035
3918,11,115,10.45,6.2,0,corps,31.635872559753114,1.4980
3919,6,67,11.17,4.0,0,corps,31.62205807738163,1.2347
3920,15,174,11.60,8.0,0,corps,31.60825050052482,1.7109
3921,29,355,12.24,14.2,0,corps,31.59444982573077,1.5463
3922,42,547,13.02,20.0,0,corps,31.580656049549315,1.5105
3923,18,231,12.83,9.3,0,corps,31.566869168532026,1.3676
3924,29,345,11.90,14.2,0,corps,31.55308917923217,1.8477
3925,26,305,11.73,12.9,0,corps,31.53931607820475,1.6292
3926,9,103,11.44,5.3,0,corps,31.525549862006486,1.6989
3927,17,276,16.24,8.9,0,corps,31.511790527195842,1.4135
3928,5,64,12.80,3.6,0,corps,31.498038070332967,0.9340
3929,9,126,14.00,5.3,0,corps,31.484292487979758,1.5136
3930,7,71,10.14,4.4,0,corps,31.470553776699806,1.3884
3931,8,83,10.38,4.9,0,corps,31.45682193305845,10.8832
3932,9,91,10.11,5.3,0,corps,31.443096953622717,2.1276
3933,13,126,9.69,7.1,0,corps,31.429378834961362,1.6750
3934,11,109,9.91,6.2,0,corps,31.41566757364486,1.7660
3935,14,182,13.00,7.6,0,corps,31.4019631662454,1.5226
3936,26,269,10.35,12.9,0,corps,31.38826560933687,2.3412
3937,11,136,12.36,6.2,0,corps,31.37457489949489,1.3578
3938,8,74,9.25,4.9,0,corps,31.360891033296767,1.8087
3939,10,119,11.90,5.8,0,corps,31.34721400732155,1.9672
3940,34,361,10.62,16.4,0,corps,31.333543818149984,1.5632
3941,20,212,10.60,10.2,0,corps,31.31988046236451,1.4501
3942,10,106,10.60,5.8,0,corps,31.306223936549287,1.6463
3943,25,240,9.60,12.4,0,corps,31.2925742372902,1.3489
3944,24,254,10.58,12.0,0,corps,31.278931361174813,1.8268
3945,14,141,10.07,7.6,0,corps,31.2652953047924,1.4189
3946,14,134,9.57,7.6,0,corps,31.251666064733957,1.6268
3947,8,78,9.75,4.9,0,corps,31.238043637592178,1.7074
3948,8,64,8.00,4.9,0,corps,31.224428019961454,1.5358
3949,12,138,11.50,6.7,0,corps,31.210819208437872,1.3665
3950,12,118,9.83,6.7,0,corps,31.197217199619224,2.1239
3951,4,66,16.50,3.1,0,corps,31.183621990105024,1.2295
3952,21,222,10.57,10.7,0,corps,31.17003357649647,1.8685
3953,12,112,9.33,6.7,0,corps,31.15645195539645,1.4185
3954,22,272,12.36,11.1,0,corps,31.14287712340956,2.6374
3955,17,202,11.88,8.9,0,corps,31.129309077142086,1.5242
3956,31,264,8.52,15.1,0,corps,31.115747813202027,1.9561
3957,2,42,21.00,2.2,0,corps,31.102193328199064,1.6146
3958,10,102,10.20,5.8,0,corps,31.08864561874457,1.4492
3959,5,79,15.80,3.6,0,corps,31.07510468145162,1.4697
3960,26,301,11.58,12.9,0,corps,31.06157051293499,1.5487
3961,16,191,11.94,8.4,0,corps,31.048043109811125,1.9693
3962,5,61,12.20,3.6,0,corps,31.03452246869817,1.5485
3963,3,32,10.67,2.7,0,corps,31.021008586215988,1.5035
3964,26,274,10.54,12.9,0,corps,31.007501458986088,1.6642
3965,6,53,8.83,4.0,0,corps,30.99400108363169,1.5005
3966,20,253,12.65,10.2,0,corps,30.9805074567777,1.2801
3967,5,66,13.20,3.6,0,corps,30.967020575050718,1.3028
3968,8,88,11.00,4.9,0,corps,30.953540435079024,1.6738
3969,13,131,10.08,7.1,0,corps,30.94006703349258,1.8378
3970,6,59,9.83,4.0,0,corps,30.92660036692303,2.1504
3971,9,90,10.00,5.3,0,corps,30.913140432003715,1.6941
3972,2,29,14.50,2.2,0,corps,30.89968722536965,1.5656
3973,4,48,12.00,3.1,0,corps,30.886240743657524,1.7968
3974,18,229,12.72,9.3,0,corps,30.872800983505726,1.6899
3975,5,81,16.20,3.6,0,corps,30.859367941554318,1.4217
3976,20,168,8.40,10.2,0,corps,30.84594161444503,1.9891
3977,5,51,10.20,3.6,0,corps,30.832521998821292,1.9384
3978,8,74,9.25,4.9,0,corps,30.81910909132819,1.7427
3979,12,123,10.25,6.7,0,corps,30.805702888612498,1.8971
3980,25,219,8.76,12.4,0,corps,30.792303387322672,1.7493
3981,2,29,14.50,2.2,0,corps,30.778910584108832,1.0472
3982,9,111,12.33,5.3,0,corps,30.765524475622776,1.4478
3983,35,395,11.29,16.9,0,corps,30.752145058517975,1.6763
3984,12,133,11.08,6.7,0,corps,30.73877232944959,1.3037
3985,6,57,9.50,4.0,0,corps,30.72540628507442,2.2881
3986,17,195,11.47,8.9,0,corps,30.712046922050952,1.3163
3987,26,260,10.00,12.9,0,corps,30.69869423703936,1.9254
3988,6,85,14.17,4.0,0,corps,30.68534822670147,1.4007
3989,5,54,10.80,3.6,0,corps,30.672008887700773,1.4440
3990,13,150,11.54,7.1,0,corps,30.65867621670243,1.4517
3991,18,177,9.83,9.3,0,corps,30.64535021037329,1.8929
3992,28,307,10.96,13.8,0,corps,30.632030865381836,2.0616
3993,10,102,10.20,5.8,0,corps,30.61871817839824,1.8831
3994,17,196,11.53,8.9,0,corps,30.605412146094324,1.6823
3995,13,134,10.31,7.1,0,corps,30.592112765143586,1.7841
3996,26,296,11.38,12.9,0,corps,30.578820032221177,2.6418
3997,20,223,11.15,10.2,0,corps,30.56553394400392,1.8529
3998,15,120,8.00,8.0,0,corps,30.552254497170274,3.6209
3999,22,239,10.86,11.1,0,corps,30.5389816884004,1.9741
4000,3,35,11.67,2.7,0,corps,30.52571551437609,2.2034
4001,15,141,9.40,8.0,0,corps,30.51245597178078,2.0978
4002,20,207,10.35,10.2,0,corps,30.499203057299624,1.6016
4003,7,63,9.00,4.4,0,corps,30.48595676761935,1.8856
4004,9,103,11.44,5.3,0,corps,30.472717099428426,1.8322
4005,19,206,10.84,9.8,0,corps,30.459484049416897,2.0978
4006,21,235,11.19,10.7,0,corps,30.44625761427652,2.0497
4007,28,290,10.36,13.8,0,corps,30.433037790700695,1.9533
4008,26,272,10.46,12.9,0,corps,30.419824575384446,1.9785
4009,22,267,12.14,11.1,0,corps,30.40661796502448,1.9384
4010,24,284,11.83,12.0,0,corps,30.393417956319148,1.9095
4011,15,153,10.20,8.0,0,corps,30.38022454596843,1.8436
4012,12,132,11.00,6.7,0,corps,30.367037730674006,4.9733
4013,5,49,9.80,3.6,0,corps,30.353857507139136,2.0378
4014,6,88,14.67,4.0,0,corps,30.34068387206878,1.3842
4015,16,162,10.12,8.4,0,corps,30.327516822169542,2.5988
4016,17,172,10.12,8.9,0,corps,30.314356354149634,2.0815
4017,16,178,11.12,8.4,0,corps,30.30120246471895,4.3208
4018,12,95,7.92,6.7,0,corps,30.288055150589038,9.2993
4019,3,38,12.67,2.7,0,corps,30.27491440847303,1.5777
4020,17,263,15.47,8.9,0,corps,30.261780235085773,1.3539
4021,12,174,14.50,6.7,0,corps,30.248652627143706,1.1595
4022,15,131,8.73,8.0,0,corps,30.23553158136493,5.0931
4023,24,297,12.38,12.0,0,corps,30.222417094469193,1.4387
4024,16,179,11.19,8.4,0,corps,30.20930916317786,1.2053
4025,20,260,13.00,10.2,0,corps,30.196207784213957,5.1023
4026,25,359,14.36,12.4,0,corps,30.183112954302143,1.4267
4027,26,272,10.46,12.9,0,corps,30.170024670168694,1.4509
4028,8,99,12.38,4.9,0,corps,30.156942928541557,8.3297
4029,31,468,15.10,15.1,0,corps,30.14386772615028,1.4805
4030,10,85,8.50,5.8,0,corps,30.130799059726073,2.1996
4031,11,131,11.91,6.2,0,corps,30.117736926001776,1.1137
4032,14,167,11.93,7.6,0,corps,30.104681321711833,1.5585
4033,15,167,11.13,8.0,0,corps,30.091632243592358,1.8817
4034,17,165,9.71,8.9,0,corps,30.07858968838109,1.5874
4035,32,355,11.09,15.6,0,corps,30.06555365281737,3.6007
4036,24,212,8.83,12.0,0,corps,30.052524133642216,2.3275
4037,19,231,12.16,9.8,0,corps,30.039501127598218,3.8545
4038,13,133,10.23,7.1,0,corps,30.02648463142963,1.9301
4039,17,179,10.53,8.9,0,corps,30.013474641882354,1.6222
4040,15,153,10.20,8.0,0,corps,30.000471155703856,1.6654
4041,20,216,10.80,10.2,0,corps,29.987474169643285,1.9195
4042,18,233,12.94,9.3,0,corps,29.974483680451403,1.4374
4043,3,43,14.33,2.7,0,corps,29.961499684880565,1.5636
4044,4,35,8.75,3.1,0,corps,29.948522179684794,1.3481
4045,2,28,14.00,2.2,0,corps,29.935551161619696,1.5407
4046,14,157,11.21,7.6,0,corps,29.92258662744252,1.8501
4047,10,134,13.40,5.8,0,corps,29.90962857391215,1.6053
4048,19,215,11.32,9.8,0,corps,29.89667699778904,1.9055
4049,2,22,11.00,2.2,0,corps,29.883731895835318,1.7174
4050,18,171,9.50,9.3,0,corps,29.870793264814722,1.9609
4051,10,163,16.30,5.8,0,corps,29.857861101492556,1.3561
4052,10,115,11.50,5.8,0,corps,29.84493540263582,2.1214
4053,45,427,9.49,21.3,0,corps,29.83201616501305,2.1403
4054,8,98,12.25,4.9,0,corps,29.819103385394463,2.1936
4055,2,35,17.50,2.2,0,corps,29.80619706055187,1.3870
4056,27,281,10.41,13.3,0,corps,29.79329718725866,1.8785
4057,9,107,11.89,5.3,0,corps,29.780403762289875,1.8347
4058,21,276,13.14,10.7,0,corps,29.767516782422188,1.5027
4059,10,108,10.80,5.8,0,corps,29.75463624443381,5.8883
4060,11,129,11.73,6.2,0,corps,29.74176214510465,1.4623
4061,21,198,9.43,10.7,0,corps,29.728894481216134,3.0534
4062,23,196,8.52,11.6,0,corps,29.716033249551383,2.5658
4063,6,97,16.17,4.0,0,corps,29.70317844689509,1.7725
4064,8,68,8.50,4.9,0,corps,29.69033007003353,2.4283
4065,9,102,11.33,5.3,0,corps,29.67748811575462,2.3554
4066,15,167,11.13,8.0,0,corps,29.66465258084788,1.7495
4067,11,106,9.64,6.2,0,corps,29.65182346210441,1.7023
4068,11,96,8.73,6.2,0,corps,29.639000756316953,2.1029
4069,19,211,11.11,9.8,0,corps,29.626184460279802,5.0845
4070,6,61,10.17,4.0,0,corps,29.613374570788903,3.0276
4071,7,80,11.43,4.4,0,corps,29.600571084641793,2.6788
4072,11,98,8.91,6.2,0,corps,29.587773998637573,3.5386
4073,6,55,9.17,4.0,0,corps,29.57498330957699,2.7072
4074,7,76,10.86,4.4,0,corps,29.56219901426238,1.9547
4075,21,207,9.86,10.7,0,corps,29.549421109497644,2.2453
4076,3,46,15.33,2.7,0,corps,29.536649592088327,1.4392
4077,12,143,11.92,6.7,0,corps,29.523884458841525,1.9726
4078,18,210,11.67,9.3,0,corps,29.511125706565977,2.0431
4079,22,243,11.05,11.1,0,corps,29.498373332072003,1.8785
4080,3,26,8.67,2.7,0,corps,29.485627332171475,2.2250
4081,16,187,11.69,8.4,0,corps,29.47288770367792,1.1915
4082,17,189,11.12,8.9,0,corps,29.460154443406434,1.3471
4083,24,229,9.54,12.0,0,corps,29.44742754817367,1.7931
4084,30,323,10.77,14.7,0,corps,29.43470701479795,1.7892
4085,18,172,9.56,9.3,0,corps,29.421992840099097,2.1864
4086,23,198,8.61,11.6,0,corps,29.409285020898597,1.9001
4087,28,269,9.61,13.8,0,corps,29.396583554019486,2.0058
4088,16,151,9.44,8.4,0,corps,29.383888436286387,1.7393
4089,5,45,9.00,3.6,0,corps,29.371199664525527,1.4806
4090,10,119,11.90,5.8,0,corps,29.35851723556473,0.9851
4091,13,129,9.92,7.1,0,corps,29.345841146233358,1.4878
4092,2,18,9.00,2.2,0,corps,29.333171393362417,2.8446
4093,11,104,9.45,6.2,0,corps,29.320507973784455,1.6304
4094,21,206,9.81,10.7,0,corps,29.307850884333607,2.0305
4095,12,123,10.25,6.7,0,corps,29.295200121845628,1.5178
4096,13,113,8.69,7.1,0,corps,29.282555683157803,1.4634
4097,20,191,9.55,10.2,0,corps,29.269917565109022,1.8382
4098,24,287,11.96,12.0,0,corps,29.25728576453978,1.5187
4099,4,19,4.75,3.1,0,corps,29.244660278292102,3.3974
4100,16,175,10.94,8.4,0,corps,29.232041103209628,1.2643
4101,26,321,12.35,12.9,0,corps,29.219428236137556,2.1574
4102,11,108,9.82,6.2,0,corps,29.206821673922672,2.0043
4103,7,97,13.86,4.4,0,corps,29.194221413413352,1.4394
4104,3,39,13.00,2.7,0,corps,29.1816274514595,1.5662
4105,5,47,9.40,3.6,0,corps,29.16903978491265,2.2120
4106,2,17,8.50,2.2,0,corps,29.156458410625884,1.7264
4107,25,264,10.56,12.4,0,corps,29.14388332545384,2.0318
4108,15,139,9.27,8.0,0,corps,29.131314526252773,2.1304
4109,8,80,10.00,4.9,0,corps,29.11875200988045,8.0603
4110,6,67,11.17,4.0,0,corps,29.106195773196262,1.9449
4111,33,355,10.76,16.0,0,corps,29.093645813061165,2.2456
4112,10,100,10.00,5.8,0,corps,29.081102126337637,1.5422
4113,19,194,10.21,9.8,0,corps,29.068564709889777,2.3135
4114,15,148,9.87,8.0,0,corps,29.056033560583234,1.7211
4115,8,86,10.75,4.9,0,corps,29.04350867528519,2.2799
4116,7,80,11.43,4.4,0,corps,29.030990050864467,1.6448
4117,21,218,10.38,10.7,0,corps,29.018477684191375,1.8562
4118,12,107,8.92,6.7,0,corps,29.005971572137828,5.7763
4119,30,370,12.33,14.7,0,corps,28.993471711577328,2.9146
4120,8,78,9.75,4.9,0,corps,28.980978099384863,2.0935
4121,16,158,9.88,8.4,0,corps,28.96849073243705,2.4750
4122,7,51,7.29,4.4,0,corps,28.956009607612078,2.3245
4123,19,194,10.21,9.8,0,corps,28.943534721789614,1.8591
4124,33,372,11.27,16.0,0,corps,28.93106607185097,2.0643
4125,4,23,5.75,3.1,0,corps,28.918603654678975,2.0528
4126,12,107,8.92,6.7,0,corps,28.90614746715801,2.3158
4127,13,115,8.85,7.1,0,corps,28.893697506174064,1.6997
4128,11,138,12.55,6.2,0,corps,28.881253768614602,1.3988
4129,20,208,10.40,10.2,0,corps,28.868816251368735,2.1380
4130,16,145,9.06,8.4,0,corps,28.856384951327037,2.1678
4131,2,20,10.00,2.2,0,corps,28.843959865381713,1.5238
4132,28,292,10.43,13.8,0,corps,28.831540990426497,1.8789
4133,11,144,13.09,6.2,0,corps,28.81912832335664,1.5302
4134,20,236,11.80,10.2,0,corps,28.806721861068997,1.8867
4135,32,369,11.53,15.6,0,corps,28.79432160046196,2.2077
4136,8,87,10.88,4.9,0,corps,28.781927538435443,1.7738
4137,8,84,10.50,4.9,0,corps,28.769539671890946,1.7172
4138,19,182,9.58,9.8,0,corps,28.757157997731486,1.7028
4139,5,39,7.80,3.6,0,corps,28.74478251286166,2.5504
4140,17,197,11.59,8.9,0,corps,28.732413214187595,1.9137
4141,18,162,9.00,9.3,0,corps,28.720050098616955,1.3633
4142,21,221,10.52,10.7,0,corps,28.707693163058966,1.5223
4143,35,365,10.43,16.9,0,corps,28.695342404424412,2.2000
4144,15,148,9.87,8.0,0,corps,28.682997819625577,1.8951
4145,4,42,10.50,3.1,0,corps,28.67065940557633,1.1223
4146,25,240,9.60,12.4,0,corps,28.65832715919206,1.4244
4147,36,438,12.17,17.3,0,corps,28.646001077389705,1.6435
4148,23,259,11.26,11.6,0,corps,28.633681157087754,1.3879
4149,2,26,13.00,2.2,0,corps,28.62136739520621,1.0045
4150,2,30,15.00,2.2,0,corps,28.609059788666652,1.5005
4151,8,103,12.88,4.9,0,corps,28.596758334392174,1.1751
4152,18,258,14.33,9.3,0,corps,28.584463029307393,1.1916
4153,20,197,9.85,10.2,0,corps,28.572173870338517,1.6519
4154,18,175,9.72,9.3,0,corps,28.559890854413222,1.3807
4155,10,125,12.50,5.8,0,corps,28.547613978460763,1.4364
4156,34,449,13.21,16.4,0,corps,28.535343239411944,2.6016
4157,27,304,11.26,13.3,0,corps,28.523078634199052,1.6281
4158,19,224,11.79,9.8,0,corps,28.51082015975594,1.2491
4159,7,59,8.43,4.4,0,corps,28.49856781301801,1.7458
4160,26,267,10.27,12.9,0,corps,28.486321590922152,1.4462
4161,34,351,10.32,16.4,0,corps,28.474081490406828,1.7193
4162,25,259,10.36,12.4,0,corps,28.461847508411996,1.7899
4163,6,50,8.33,4.0,0,corps,28.449619641879163,2.1311
4164,4,38,9.50,3.1,0,corps,28.43739788775138,1.6126
4165,5,41,8.20,3.6,0,corps,28.42518224297319,2.0481
4166,14,124,8.86,7.6,0,corps,28.412972704490684,1.8779
4167,4,53,13.25,3.1,0,corps,28.400769269251498,1.1763
4168,7,77,11.00,4.4,0,corps,28.388571934204737,1.4173
4169,17,147,8.65,8.9,0,corps,28.376380696301105,2.0862
4170,8,65,8.12,4.9,0,corps,28.36419555249276,1.7788
4171,9,115,12.78,5.3,0,corps,28.35201649973343,7.5711
4172,20,221,11.05,10.2,0,corps,28.33984353497836,1.6031
4173,21,212,10.10,10.7,0,corps,28.32767665518429,1.5240
4174,17,184,10.82,8.9,0,corps,28.315515857309514,1.4219
4175,34,320,9.41,16.4,0,corps,28.303361138313836,1.6926
4176,35,380,10.86,16.9,0,corps,28.291212495158565,1.7318
4177,31,394,12.71,15.1,0,corps,28.27906992480655,2.3367
4178,18,167,9.28,9.3,0,corps,28.26693342422213,1.8878
4179,31,325,10.48,15.1,0,corps,28.254802990371196,1.9724
4180,14,139,9.93,7.6,0,corps,28.242678620221145,1.8218
4181,22,218,9.91,11.1,0,corps,28.230560310740866,1.5262
4182,31,282,9.10,15.1,0,corps,28.21844805890079,1.4931
4183,23,224,9.74,11.6,0,corps,28.20634186167287,1.5286
4184,9,100,11.11,5.3,0,corps,28.194241716030522,1.4369
4185,25,261,10.44,12.4,0,corps,28.182147618948743,1.8136
4186,30,322,10.73,14.7,0,corps,28.17005956740399,1.5022
4187,29,298,10.28,14.2,0,corps,28.15797755837425,1.5696
4188,5,48,9.60,3.6,0,corps,28.145901588839035,1.5056
4189,22,261,11.86,11.1,0,corps,28.133831655779336,1.5939
4190,21,211,10.05,10.7,0,corps,28.121767756177668,1.4097
4191,3,30,10.00,2.7,0,corps,28.10970988701808,2.5072
4192,24,280,11.67,12.0,0,corps,28.097658045286085,1.4170
4193,14,179,12.79,7.6,0,corps,28.08561222796873,1.3417
4194,7,66,9.43,4.4,0,corps,28.07357243205455,1.7595
4195,17,181,10.65,8.9,0,corps,28.061538654533603,1.7455
4196,9,81,9.00,5.3,0,corps,28.049510892397457,1.4470
4197,8,87,10.88,4.9,0,corps,28.037489142639142,1.3386
4198,22,275,12.50,11.1,0,corps,28.025473402253244,1.5010
4199,19,186,9.79,9.8,0,corps,28.013463668235833,1.5136
4200,7,56,8.00,4.4,0,corps,28.00145993758445,1.3910
4201,15,128,8.53,8.0,0,corps,27.98946220729819,1.7922
4202,15,118,7.87,8.0,0,corps,27.977470474377597,1.9875
4203,24,234,9.75,12.0,0,corps,27.96548473582474,1.8264
4204,15,155,10.33,8.0,0,corps,27.953504988643214,5.8369
4205,15,237,15.80,8.0,0,corps,27.94153122983804,1.4682
4206,20,158,7.90,10.2,0,corps,27.929563456415803,1.6967
4207,7,87,12.43,4.4,0,corps,27.917601665384563,1.3670
4208,18,169,9.39,9.3,0,corps,27.905645853753853,1.5461
4209,2,33,16.50,2.2,0,corps,27.89369601853474,1.3758
4210,25,259,10.36,12.4,0,corps,27.881752156739747,1.4191
4211,22,215,9.77,11.1,0,corps,27.86981426538292,1.4902
4212,18,222,12.33,9.3,0,corps,27.857882341479794,1.4065
4213,49,514,10.49,23.1,0,corps,27.845956382047365,1.7122
4214,10,88,8.80,5.8,0,corps,27.834036384104156,2.0852
4215,16,173,10.81,8.4,0,corps,27.82212234467018,1.3399
4216,18,154,8.56,9.3,0,corps,27.8102142607669,1.5477
4217,21,241,11.48,10.7,0,corps,27.798312129417326,1.4604
4218,9,85,9.44,5.3,0,corps,27.786415947645892,1.3802
4219,19,188,9.89,9.8,0,corps,27.77452571247857,1.3656
4220,22,227,10.32,11.1,0,corps,27.762641420942806,1.5207
4221,35,377,10.77,16.9,0,corps,27.75076307006752,1.7703
4222,18,184,10.22,9.3,0,corps,27.738890656883118,1.1907
4223,17,180,10.59,8.9,0,corps,27.727024178421516,1.6365
4224,17,157,9.24,8.9,0,corps,27.715163631716074,1.6689
4225,12,130,10.83,6.7,0,corps,27.703309013801668,1.6082
4226,18,160,8.89,9.3,0,corps,27.691460321714633,1.8898
4227,4,54,13.50,3.1,0,corps,27.679617552492804,1.3661
4228,23,267,11.61,11.6,0,corps,27.66778070317549,1.7438
4229,31,335,10.81,15.1,0,corps,27.655949770803474,1.8038
4230,7,114,16.29,4.4,0,corps,27.644124752419017,1.2607
4231,20,181,9.05,10.2,0,corps,27.632305645065884,1.7219
4232,11,130,11.82,6.2,0,corps,27.620492445789274,1.6602
4233,13,121,9.31,7.1,0,corps,27.60868515163591,1.6867
4234,39,417,10.69,18.7,0,corps,27.596883759653945,1.6673
4235,4,32,8.00,3.1,0,corps,27.58508826689305,2.1523
4236,10,106,10.60,5.8,0,corps,27.573298670404345,2.0046
4237,33,372,11.27,16.0,0,corps,27.561514967240424,1.9230
4238,37,403,10.89,17.8,0,corps,27.549737154455368,2.0716
4239,11,108,9.82,6.2,0,corps,27.53796522910473,2.3259
4240,24,256,10.67,12.0,0,corps,27.526199188245513,1.5223
4241,27,298,11.04,13.3,0,corps,27.514439028936234,1.9377
4242,16,176,11.00,8.4,0,corps,27.502684748236817,1.3906
4243,7,80,11.43,4.4,0,corps,27.49093634320871,11.0758
4244,27,280,10.37,13.3,0,corps,27.479193810914822,1.4970
4245,13,122,9.38,7.1,0,corps,27.467457148419495,1.6650
4246,18,164,9.11,9.3,0,corps,27.455726352788577,1.9908
4247,16,145,9.06,8.4,0,corps,27.444001421089386,1.4305
4248,11,93,8.45,6.2,0,corps,27.432282350390665,1.7868
4249,6,67,11.17,4.0,0,corps,27.42056913776265,1.9059
4250,14,166,11.86,7.6,0,corps,27.408861780277043,1.3904
4251,25,265,10.60,12.4,0,corps,27.397160275007,1.7428
4252,32,325,10.16,15.6,0,corps,27.385464619027154,1.5241
4253,16,206,12.88,8.4,0,corps,27.373774809413582,1.4443
4254,7,107,15.29,4.4,0,corps,27.36209084324384,1.6177
4255,5,71,14.20,3.6,0,corps,27.35041271759692,1.7809
4256,18,194,10.78,9.3,0,corps,27.338740429553297,1.7350
4257,20,208,10.40,10.2,0,corps,27.32707397619492,1.6213
4258,5,58,11.60,3.6,0,corps,27.315413354605152,1.5684
4259,19,208,10.95,9.8,0,corps,27.303758561868836,1.7722
4260,28,234,8.36,13.8,0,corps,27.29210959507229,1.7071
4261,18,174,9.67,9.3,0,corps,27.28046645130326,1.8414
4262,14,107,7.64,7.6,0,corps,27.268829127650974,2.2600
4263,20,202,10.10,10.2,0,corps,27.257197621206075,1.8385
4264,14,115,8.21,7.6,0,corps,27.24557192906071,1.9186
4265,11,92,8.36,6.2,0,corps,27.233952048308453,1.7365
4266,17,211,12.41,8.9,0,corps,27.22233797604432,1.6971
4267,15,178,11.87,8.0,0,corps,27.2107297093648,1.7349
4268,29,279,9.62,14.2,0,corps,27.199127245367844,1.8311
4269,16,172,10.75,8.4,0,corps,27.187530581152807,1.7406
4270,47,512,10.89,22.2,0,corps,27.175939713820547,1.8818
4271,36,381,10.58,17.3,0,corps,27.164354640473327,1.8419
4272,25,218,8.72,12.4,0,corps,27.152775358214885,2.0320
4273,28,294,10.50,13.8,0,corps,27.141201864150418,1.7596
4274,55,643,11.69,25.8,0,corps,27.12963415538652,2.4761
4275,27,270,10.00,13.3,0,corps,27.118072229031288,2.2684
4276,24,258,10.75,12.0,0,corps,27.106516082194236,1.9124
4277,24,271,11.29,12.0,0,corps,27.094965711986323,1.8000
4278,23,216,9.39,11.6,0,corps,27.08342111551996,1.9916
4279,19,142,7.47,9.8,0,corps,27.071882289908995,2.3012
4280,18,148,8.22,9.3,0,corps,27.06034923226872,2.1153
4281,11,105,9.55,6.2,0,corps,27.04882193971588,1.9819
4282,22,240,10.91,11.1,0,corps,27.037300409368637,1.9907
4283,7,64,9.14,4.4,0,corps,27.025784638346618,2.2157
4284,26,259,9.96,12.9,0,corps,27.01427462377089,2.0515
4285,2,20,10.00,2.2,0,corps,27.00277036276392,1.7526
4286,28,306,10.93,13.8,0,corps,26.991271852449678,1.8553
4287,13,127,9.77,7.1,0,corps,26.979779089953503,2.0281
4288,6,48,8.00,4.0,0,corps,26.96829207240222,3.5349
4289,23,261,11.35,11.6,0,corps,26.956810796924092,1.8224
4290,6,70,11.67,4.0,0,corps,26.94533526064877,1.3390
4291,18,192,10.67,9.3,0,corps,26.93386546070738,1.8363
4292,4,42,10.50,3.1,0,corps,26.922401394232487,1.8816
4293,11,114,10.36,6.2,0,corps,26.91094305835805,2.0959
4294,39,361,9.26,18.7,0,corps,26.89949045021951,2.4184
4295,18,174,9.67,9.3,0,corps,26.888043566953684,2.0717
4296,22,181,8.23,11.1,0,corps,26.87660240569888,2.5091
4297,25,268,10.72,12.4,0,corps,26.8651669635948,2.0046
4298,21,213,10.14,10.7,0,corps,26.85373723778257,1.7351
4299,25,213,8.52,12.4,0,corps,26.84231322540477,3.5386
4300,22,279,12.68,11.1,0,corps,26.830894923605403,1.9661
4301,13,125,9.62,7.1,0,corps,26.819482329529876,1.5161
4302,14,151,10.79,7.6,0,corps,26.808075440325062,1.6533
4303,7,53,7.57,4.4,0,corps,26.79667425313922,3.0685
4304,12,133,11.08,6.7,0,corps,26.785278765122055,1.4971
4305,8,72,9.00,4.9,0,corps,26.773888973424715,1.7012
4306,3,32,10.67,2.7,0,corps,26.76250487519972,1.7377
4307,23,255,11.09,11.6,0,corps,26.751126467601072,1.7311
4308,8,70,8.75,4.9,0,corps,26.73975374778416,2.0851
4309,3,64,21.33,2.7,0,corps,26.7283867129058,0.9279
4310,13,134,10.31,7.1,0,corps,26.717025360124243,1.7344
4311,19,195,10.26,9.8,0,corps,26.705669686599137,3.1900
4312,32,338,10.56,15.6,0,corps,26.694319689491564,1.9882
4313,25,286,11.44,12.4,0,corps,26.682975365964047,1.6865
4314,16,183,11.44,8.4,0,corps,26.67163671318048,1.6455
4315,5,61,12.20,3.6,0,corps,26.660303728306207,1.7154
4316,7,98,14.00,4.4,0,corps,26.648976408507995,1.1758
4317,6,36,6.00,4.0,0,corps,26.637654750953992,3.4558
4318,24,241,10.04,12.0,0,corps,26.626338752813812,3.7641
4319,10,106,10.60,5.8,0,corps,26.615028411258418,4.7719
4320,2,32,16.00,2.2,0,corps,26.603723723460256,1.3359
4321,7,62,8.86,4.4,0,corps,26.59242468659314,1.9007
4322,2,29,14.50,2.2,0,corps,26.58113129783231,1.7257
4323,16,147,9.19,8.4,0,corps,26.56984355435442,2.1549
4324,13,155,11.92,7.1,0,corps,26.558561453337546,1.6854
4325,2,27,13.50,2.2,0,corps,26.547284991961146,1.6766
4326,10,110,11.00,5.8,0,corps,26.53601416740612,1.6106
4327,21,239,11.38,10.7,0,corps,26.524748976854738,1.9674
4328,28,301,10.75,13.8,0,corps,26.51348941749072,1.7492
4329,33,331,10.03,16.0,0,corps,26.502235486499192,2.2432
4330,14,129,9.21,7.6,0,corps,26.490987181066632,2.1525
4331,29,271,9.34,14.2,0,corps,26.47974449838099,2.5340
4332,18,180,10.00,9.3,0,corps,26.4685074356316,1.7578
4333,7,84,12.00,4.4,0,corps,26.457275990009176,2.1265
4334,11,150,13.64,6.2,0,corps,26.446050158705876,1.6161
4335,10,93,9.30,5.8,0,corps,26.434829938915215,1.6596
4336,28,304,10.86,13.8,0,corps,26.423615327832167,2.0114
4337,33,293,8.88,16.0,0,corps,26.41240632265307,3.6269
4338,5,56,11.20,3.6,0,corps,26.401202920575667,1.5287
4339,19,144,7.58,9.8,0,corps,26.390005118799102,2.5613
4340,7,74,10.57,4.4,0,corps,26.37881291452395,1.7397
4341,6,56,9.33,4.0,0,corps,26.367626304952136,1.6304
4342,27,294,10.89,13.3,0,corps,26.356445287287016,1.6884
4343,6,62,10.33,4.0,0,corps,26.345269858733328,1.7266
4344,7,63,9.00,4.4,0,corps,26.334100016497224,1.4679
4345,6,70,11.67,4.0,0,corps,26.322935757786247,1.3673
4346,3,32,10.67,2.7,0,corps,26.311777079809318,1.4279
4347,19,180,9.47,9.8,0,corps,26.300623979776777,1.6696
4348,13,133,10.23,7.1,0,corps,26.289476454900353,1.9134
4349,10,116,11.60,5.8,0,corps,26.278334502393147,1.3975
4350,15,134,8.93,8.0,0,corps,26.267198119469697,1.4278
4351,10,76,7.60,5.8,0,corps,26.25606730334588,1.8642
4352,12,135,11.25,6.7,0,corps,26.244942051239008,1.7986
4353,12,140,11.67,6.7,0,corps,26.23382236036777,6.9254
4354,21,279,13.29,10.7,0,corps,26.22270822795223,2.1921
4355,15,168,11.20,8.0,0,corps,26.211599651213863,1.6009
4356,34,376,11.06,16.4,0,corps,26.200496627375536,1.7728
4357,8,70,8.75,4.9,0,corps,26.18939915366147,2.2303
4358,26,293,11.27,12.9,0,corps,26.17830722729732,1.7394
4359,6,59,9.83,4.0,0,corps,26.16722084551008,2.0343
4360,15,129,8.60,8.0,0,corps,26.156140005528165,1.8369
4361,9,130,14.44,5.3,0,corps,26.145064704581383,1.2536
4362,13,123,9.46,7.1,0,corps,26.13399493990088,1.1419
4363,15,134,8.93,8.0,0,corps,26.12293070871922,1.7107
4364,17,179,10.53,8.9,0,corps,26.111872008270375,1.5227
4365,27,261,9.67,13.3,0,corps,26.10081883578963,1.3659
4366,25,211,8.44,12.4,0,corps,26.089771188513723,1.5136
4367,17,167,9.82,8.9,0,corps,26.07872906368071,1.3428
4368,23,229,9.96,11.6,0,corps,26.067692458530082,1.7547
4369,38,394,10.37,18.2,0,corps,26.0566613703027,1.3839
4370,20,221,11.05,10.2,0,corps,26.045635796240756,1.5014
4371,27,264,9.78,13.3,0,corps,26.03461573358788,1.4539
4372,4,32,8.00,3.1,0,corps,26.02360117958906,1.2903
4373,29,328,11.31,14.2,0,corps,26.012592131490642,1.7509
4374,26,310,11.92,12.9,0,corps,26.00158858654038,1.4322
4375,20,207,10.35,10.2,0,corps,25.99059054198737,2.6493
4376,17,167,9.82,8.9,0,corps,25.97959799508211,1.8385
4377,19,190,10.00,9.8,0,corps,25.968610943076477,1.6878
4378,8,77,9.62,4.9,0,corps,25.95762938322368,1.8295
4379,17,157,9.24,8.9,0,corps,25.946653312778356,1.8010
4380,21,225,10.71,10.7,0,corps,25.93568272899646,1.3625
4381,15,148,9.87,8.0,0,corps,25.924717629135362,1.4428
4382,3,48,16.00,2.7,0,corps,25.913758010453797,1.4349
4383,40,389,9.72,19.1,0,corps,25.902803870211837,1.6344
4384,15,116,7.73,8.0,0,corps,25.89185520567096,1.9019
4385,3,51,17.00,2.7,0,corps,25.880912014094008,1.2807
4386,33,304,9.21,16.0,0,corps,25.869974292745162,1.9603
4387,21,229,10.90,10.7,0,corps,25.859042038890017,1.8515
4388,4,53,13.25,3.1,0,corps,25.848115249795484,1.7148
4389,29,250,8.62,14.2,0,corps,25.837193922729877,2.3864
4390,2,34,17.00,2.2,0,corps,25.82627805496287,1.9035
4391,6,70,11.67,4.0,0,corps,25.815367643765484,1.2143
4392,30,307,10.23,14.7,0,corps,25.804462686410123,1.6745
4393,17,171,10.06,8.9,0,corps,25.79356318017056,1.4480
4394,31,335,10.81,15.1,0,corps,25.782669122321895,1.7921
4395,34,352,10.35,16.4,0,corps,25.77178051014063,1.5998
4396,10,80,8.00,5.8,0,corps,25.7608973409046,1.9277
4397,14,124,8.86,7.6,0,corps,25.750019611893016,1.6353
4398,26,250,9.62,12.9,0,corps,25.73914732038645,2.3136
4399,33,377,11.42,16.0,0,corps,25.72828046366683,1.5722
4400,8,79,9.88,4.9,0,corps,25.717419039017436,1.9638
4401,26,277,10.65,12.9,0,corps,25.706563043722923,2.2497
4402,14,129,9.21,7.6,0,corps,25.69571247506928,3.7186
4403,23,227,9.87,11.6,0,corps,25.68486733034387,2.4183
4404,8,63,7.88,4.9,0,corps,25.6740276068354,3.0777
4405,9,79,8.78,5.3,0,corps,25.663193301833942,2.4351
4406,8,81,10.12,4.9,0,corps,25.652364412630934,1.7566
4407,37,503,13.59,17.8,0,corps,25.64154093651913,1.9359
4408,13,108,8.31,7.1,0,corps,25.630722870792678,2.4130
4409,9,116,12.89,5.3,0,corps,25.61991021274706,2.1460
4410,18,182,10.11,9.3,0,corps,25.609102959679102,2.0825
4411,21,227,10.81,10.7,0,corps,25.598301108887007,2.0672
4412,30,307,10.23,14.7,0,corps,25.58750465767029,2.3507
4413,28,313,11.18,13.8,0,corps,25.57671360332985,2.0303
4414,8,104,13.00,4.9,0,corps,25.56592794316793,1.4635
4415,13,115,8.85,7.1,0,corps,25.555147674488104,2.4121
4416,27,275,10.19,13.3,0,corps,25.544372794595304,3.4858
4417,20,287,14.35,10.2,0,corps,25.533603300795825,1.6398
4418,12,128,10.67,6.7,0,corps,25.522839190397278,2.2119
4419,6,58,9.67,4.0,0,corps,25.512080460708646,2.0829
4420,25,277,11.08,12.4,0,corps,25.501327109040233,1.9631
4421,20,196,9.80,10.2,0,corps,25.49057913270371,1.8417
4422,23,210,9.13,11.6,0,corps,25.47983652901209,1.8609
4423,23,250,10.87,11.6,0,corps,25.469099295279708,1.7552
4424,2,25,12.50,2.2,0,corps,25.45836742882226,1.8205
4425,17,185,10.88,8.9,0,corps,25.447640926956787,1.6940
4426,35,393,11.23,16.9,0,corps,25.436919787001656,2.3472
4427,30,355,11.83,14.7,0,corps,25.42620400627659,1.6023
4428,2,34,17.00,2.2,0,corps,25.41549358210262,1.7633
4429,25,238,9.52,12.4,0,corps,25.404788511802163,1.5847
4430,21,248,11.81,10.7,0,corps,25.394088792698955,1.5631
4431,18,181,10.06,9.3,0,corps,25.383394422118045,2.0766
4432,20,197,9.85,10.2,0,corps,25.372705397385854,1.7092
4433,15,161,10.73,8.0,0,corps,25.362021715830135,1.4900
4434,5,42,8.40,3.6,0,corps,25.351343374779944,1.4267
4435,15,175,11.67,8.0,0,corps,25.340670371565714,1.4801
4436,21,227,10.81,10.7,0,corps,25.330002703519185,2.1556
4437,29,289,9.97,14.2,0,corps,25.319340367973442,1.9196
4438,36,385,10.69,17.3,0,corps,25.308683362262908,1.9317
4439,25,196,7.84,12.4,0,corps,25.298031683723316,2.1476
4440,38,423,11.13,18.2,0,corps,25.28738532969176,2.3048
4441,25,252,10.08,12.4,0,corps,25.276744297506653,2.2454
4442,6,100,16.67,4.0,0,corps,25.266108584507723,0.8379
4443,7,94,13.43,4.4,0,corps,25.25547818803606,1.6204
4444,21,197,9.38,10.7,0,corps,25.244853105434046,1.7277
4445,18,191,10.61,9.3,0,corps,25.23423333404542,1.9777
4446,26,286,11.00,12.9,0,corps,25.22361887121524,1.3994
4447,25,234,9.36,12.4,0,corps,25.213009714289885,1.3716
4448,13,155,11.92,7.1,0,corps,25.202405860617073,1.3604
4449,35,455,13.00,16.9,0,corps,25.191807307545837,1.6579
4450,10,102,10.20,5.8,0,corps,25.181214052426533,1.9218
4451,29,340,11.72,14.2,0,corps,25.170626092610863,1.4681
4452,13,120,9.23,7.1,0,corps,25.160043425451818,1.4610
4453,6,45,7.50,4.0,0,corps,25.149466048303736,2.2171
4454,17,160,9.41,8.9,0,corps,25.138893958522285,1.6387
4455,26,319,12.27,12.9,0,corps,25.12832715346443,1.4032
4456,6,58,9.67,4.0,0,corps,25.11776563048847,1.3894
4457,21,244,11.62,10.7,0,corps,25.10720938695404,1.5821
4458,24,221,9.21,12.0,0,corps,25.096658420222052,1.6696
4459,33,349,10.58,16.0,0,corps,25.086112727654786,1.6830
4460,7,46,6.57,4.4,0,corps,25.07557230661581,1.6399
4461,10,110,11.00,5.8,0,corps,25.065037154470016,1.2322
4462,17,207,12.18,8.9,0,corps,25.05450726858363,1.4612
4463,21,219,10.43,10.7,0,corps,25.043982646324164,1.2129
4464,8,92,11.50,4.9,0,corps,25.03346328506047,1.5325
4465,6,42,7.00,4.0,0,corps,25.022949182162712,1.7922
4466,11,134,12.18,6.2,0,corps,25.01244033500235,1.2964
4467,12,156,13.00,6.7,0,corps,25.00193674095219,1.4446
4468,13,147,11.31,7.1,0,corps,24.99143839738632,1.3217
4469,5,50,10.00,3.6,0,corps,24.980945301680162,1.7341
4470,7,100,14.29,4.4,0,corps,24.97045745121044,1.1581
4471,17,158,9.29,8.9,0,corps,24.95997484335518,1.8018
4472,8,90,11.25,4.9,0,corps,24.949497475493747,1.5267
4473,8,84,10.50,4.9,0,corps,24.939025345006794,1.6384
4474,58,600,10.34,27.1,0,corps,24.92855844927628,1.9111
4475,35,297,8.49,16.9,0,corps,24.9180967856855,1.8008
4476,9,92,10.22,5.3,0,corps,24.90764035161901,1.8297
4477,42,435,10.36,20.0,0,corps,24.89718914446272,2.4584
4478,14,168,12.00,7.6,0,corps,24.88674316160383,3.0092
4479,13,129,9.92,7.1,0,corps,24.876302400430834,1.4164
4480,8,56,7.00,4.9,0,corps,24.86586685833355,1.4066
4481,24,225,9.38,12.0,0,corps,24.855436532703095,1.9220
4482,5,43,8.60,3.6,0,corps,24.845011420931872,2.4397
4483,16,159,9.94,8.4,0,corps,24.834591520413625,1.4052
4484,36,373,10.36,17.3,0,corps,24.82417682854335,2.1205
4485,10,96,9.60,5.8,0,corps,24.813767342717398,1.9016
4486,24,246,10.25,12.0,0,corps,24.803363060333396,1.5558
4487,7,74,10.57,4.4,0,corps,24.79296397879026,1.5502
4488,37,432,11.68,17.8,0,corps,24.782570095488225,2.2986
4489,7,81,11.57,4.4,0,corps,24.772181407828832,1.6164
4490,16,163,10.19,8.4,0,corps,24.76179791321489,1.8195
4491,4,70,17.50,3.1,0,corps,24.751419609050547,1.4979
4492,7,72,10.29,4.4,0,corps,24.741046492741205,1.5062
4493,22,212,9.64,11.1,0,corps,24.730678561693587,1.7503
4494,11,91,8.27,6.2,0,corps,24.72031581331573,1.7921
4495,20,208,10.40,10.2,0,corps,24.709958245016928,2.1278
4496,8,70,8.75,4.9,0,corps,24.699605854207793,2.4571
4497,22,182,8.27,11.1,0,corps,24.68925863830024,2.1705
4498,2,43,21.50,2.2,0,corps,24.67891659470744,1.1596
4499,5,66,13.20,3.6,0,corps,24.668579720843912,1.4821
4500,25,255,10.20,12.4,0,corps,24.65824801412541,2.0345
4501,10,103,10.30,5.8,0,corps,24.64792147196902,1.4411
4502,20,227,11.35,10.2,0,corps,24.637600091793114,1.3299
4503,22,231,10.50,11.1,0,corps,24.62728387101733,1.6693
4504,32,299,9.34,15.6,0,corps,24.616972807062627,2.1638
4505,5,56,11.20,3.6,0,corps,24.60666689735123,1.2641
4506,43,439,10.21,20.4,0,corps,24.59636613930666,1.8213
4507,17,147,8.65,8.9,0,corps,24.586070530353744,2.5582
4508,10,108,10.80,5.8,0,corps,24.575780067918554,1.5728
4509,11,91,8.27,6.2,0,corps,24.565494749428492,1.7776
4510,11,93,8.45,6.2,0,corps,24.555214572312234,1.9534
4511,34,345,10.15,16.4,0,corps,24.544939533999717,1.8380
4512,38,397,10.45,18.2,0,corps,24.534669631922196,1.7567
4513,9,92,10.22,5.3,0,corps,24.524404863512185,1.4733
4514,16,134,8.38,8.4,0,corps,24.514145226203492,1.9077
4515,32,344,10.75,15.6,0,corps,24.503890717431226,1.6084
4516,19,186,9.79,9.8,0,corps,24.493641334631736,1.5723
4517,14,157,11.21,7.6,0,corps,24.48339707524269,1.6852
4518,10,70,7.00,5.8,0,corps,24.473157936703018,1.8074
4519,6,81,13.50,4.0,0,corps,24.462923916452937,1.4293
4520,24,249,10.38,12.0,0,corps,24.452695011933947,2.3104
4521,2,9,4.50,2.2,0,corps,24.44247122058881,1.7493
4522,12,85,7.08,6.7,0,corps,24.432252539861583,2.6434
4523,14,150,10.71,7.6,0,corps,24.422038967197608,1.7712
4524,2,26,13.00,2.2,0,corps,24.411830500043468,1.7797
4525,15,125,8.33,8.0,0,corps,24.40162713584706,1.8864
4526,22,213,9.68,11.1,0,corps,24.391428872057556,1.8398
4527,6,68,11.33,4.0,0,corps,24.381235706125366,1.7197
4528,16,138,8.62,8.4,0,corps,24.37104763550221,2.2216
4529,14,124,8.86,7.6,0,corps,24.36086465764107,1.9247
4530,26,260,10.00,12.9,0,corps,24.350686769996198,2.1076
4531,13,127,9.77,7.1,0,corps,24.340513970023135,2.5750
4532,45,441,9.80,21.3,0,corps,24.330346255178657,2.0436
4533,23,291,12.65,11.6,0,corps,24.320183622920847,1.8159
4534,8,92,11.50,4.9,0,corps,24.31002607070906,1.8653
4535,23,283,12.30,11.6,0,corps,24.29987359600389,1.9099
4536,28,425,15.18,13.8,0,corps,24.28972619626723,1.5004
4537,11,152,13.82,6.2,0,corps,24.27958386896222,1.4262
4538,14,148,10.57,7.6,0,corps,24.269446611553285,1.8514
4539,9,111,12.33,5.3,0,corps,24.259314421506108,1.7124
4540,19,210,11.05,9.8,0,corps,24.249187296287637,1.7855
4541,33,373,11.30,16.0,0,corps,24.2390652333661,1.4248
4542,9,119,13.22,5.3,0,corps,24.22894823021098,1.5493
4543,26,305,11.73,12.9,0,corps,24.218836284293015,1.3767
4544,9,86,9.56,5.3,0,corps,24.208729393084237,1.5776
4545,25,298,11.92,12.4,0,corps,24.198627554057907,1.1889
4546,5,65,13.00,3.6,0,corps,24.188530764688565,1.0488
4547,14,119,8.50,7.6,0,corps,24.178439022452032,1.9629
4548,25,300,12.00,12.4,0,corps,24.16835232482535,1.5016
4549,43,424,9.86,20.4,0,corps,24.15827066928685,1.8327
4550,31,339,10.94,15.1,0,corps,24.148194053316136,1.5354
4551,17,187,11.00,8.9,0,corps,24.138122474394027,1.0871
4552,9,92,10.22,5.3,0,corps,24.128055930002652,1.8873
4553,19,234,12.32,9.8,0,corps,24.117994417625358,1.5182
4554,2,18,9.00,2.2,0,corps,24.107937934746772,2.2864
4555,22,239,10.86,11.1,0,corps,24.097886478852786,1.6385
4556,13,125,9.62,7.1,0,corps,24.087840047430507,1.9853
4557,6,63,10.50,4.0,0,corps,24.077798637968353,1.7705
4558,7,73,10.43,4.4,0,corps,24.06776224795597,1.5895
4559,21,206,9.81,10.7,0,corps,24.057730874884243,1.8521
4560,7,70,10.00,4.4,0,corps,24.047704516245346,1.4226
4561,20,185,9.25,10.2,0,corps,24.037683169532677,1.4598
4562,5,75,15.00,3.6,0,corps,24.027666832240904,1.0553
4563,20,189,9.45,10.2,0,corps,24.017655501865953,1.7532
4564,21,183,8.71,10.7,0,corps,24.007649175904973,1.7091
4565,18,181,10.06,9.3,0,corps,23.99764785185639,1.3056
4566,8,79,9.88,4.9,0,corps,23.98765152721988,1.2454
4567,28,231,8.25,13.8,0,corps,23.977660199496352,1.7663
4568,10,106,10.60,5.8,0,corps,23.967673866187987,1.2537
4569,4,35,8.75,3.1,0,corps,23.95769252479818,1.7168
4570,27,273,10.11,13.3,0,corps,23.94771617283161,1.6394
4571,5,100,20.00,3.6,0,corps,23.937744807794196,1.3211
4572,36,399,11.08,17.3,0,corps,23.92777842719308,1.8969
4573,13,117,9.00,7.1,0,corps,23.91781702853667,2.0111
4574,7,66,9.43,4.4,0,corps,23.907860609334637,2.2918
4575,17,158,9.29,8.9,0,corps,23.897909167097843,1.8670
4576,15,172,11.47,8.0,0,corps,23.88796269933846,1.3448
4577,18,208,11.56,9.3,0,corps,23.878021203569844,1.8214
4578,16,169,10.56,8.4,0,corps,23.868084677306634,1.4134
4579,25,289,11.56,12.4,0,corps,23.858153118064703,1.5125
4580,20,186,9.30,10.2,0,corps,23.848226523361145,1.7407
4581,13,132,10.15,7.1,0,corps,23.838304890714323,3.3305
4582,36,353,9.81,17.3,0,corps,23.82838821764384,1.4752
4583,28,325,11.61,13.8,0,corps,23.8184765016705,1.4014
4584,26,255,9.81,12.9,0,corps,23.8085697403164,1.5348
4585,14,155,11.07,7.6,0,corps,23.79866793110483,1.0143
4586,3,42,14.00,2.7,0,corps,23.788771071560344,1.3378
4587,29,294,10.14,14.2,0,corps,23.77887915920874,1.1312
4588,21,195,9.29,10.7,0,corps,23.768992191577016,1.2180
4589,20,176,8.80,10.2,0,corps,23.759110166193448,1.5382
4590,22,210,9.55,11.1,0,corps,23.74923308058753,1.3748
4591,14,162,11.57,7.6,0,corps,23.739360932289976,0.9503
4592,12,107,8.92,6.7,0,corps,23.72949371883277,1.2197
4593,13,161,12.38,7.1,0,corps,23.719631437749086,1.5566
4594,7,68,9.71,4.4,0,corps,23.70977408657336,1.7845
4595,30,348,11.60,14.7,0,corps,23.699921662841273,1.0696
4596,17,167,9.82,8.9,0,corps,23.690074164089694,2.1435
4597,4,60,15.00,3.1,0,corps,23.680231587856756,0.8190
4598,26,250,9.62,12.9,0,corps,23.67039393168183,1.3331
4599,16,156,9.75,8.4,0,corps,23.66056119310548,3.2072
4600,15,155,10.33,8.0,0,corps,23.650733369669535,1.1415
4601,17,173,10.18,8.9,0,corps,23.64091045891703,1.8098
4602,19,184,9.68,9.8,0,corps,23.63109245839224,2.0147
4603,52,597,11.48,24.4,0,corps,23.621279365640678,2.2261
4604,3,27,9.00,2.7,0,corps,23.61147117820905,1.9464
4605,18,164,9.11,9.3,0,corps,23.601667893645317,1.8269
4606,23,206,8.96,11.6,0,corps,23.591869509498668,1.8308
4607,2,42,21.00,2.2,0,corps,23.58207602331949,1.4690
4608,28,292,10.43,13.8,0,corps,23.572287432659433,1.8694
4609,25,273,10.92,12.4,0,corps,23.562503735071324,2.0481
4610,30,281,9.37,14.7,0,corps,23.55272492810925,2.2160
4611,3,43,14.33,2.7,0,corps,23.54295100932852,1.3819
4612,4,31,7.75,3.1,0,corps,23.533181976285633,2.2615
4613,27,324,12.00,13.3,0,corps,23.523417826538342,1.9882
4614,30,299,9.97,14.7,0,corps,23.513658557645623,2.0739
4615,24,239,9.96,12.0,0,corps,23.503904167167633,2.0068
4616,20,184,9.20,10.2,0,corps,23.494154652665795,1.5529
4617,12,121,10.08,6.7,0,corps,23.484410011702714,1.6605
4618,36,454,12.61,17.3,0,corps,23.474670241842237,1.8399
4619,32,306,9.56,15.6,0,corps,23.464935340649426,1.6595
4620,23,230,10.00,11.6,0,corps,23.455205305690548,1.8605
4621,27,263,9.74,13.3,0,corps,23.445480134533096,1.8248
4622,13,127,9.77,7.1,0,corps,23.435759824745787,1.6877
4623,36,323,8.97,17.3,0,corps,23.42604437389853,2.1010
4624,31,306,9.87,15.1,0,corps,23.416333779562475,2.1695
4625,19,171,9.00,9.8,0,corps,23.406628039309954,1.8424
4626,10,107,10.70,5.8,0,corps,23.39692715071455,1.8000
4627,41,520,12.68,19.6,0,corps,23.38723111135104,1.8111
4628,32,306,9.56,15.6,0,corps,23.3775399187954,1.7401
4629,35,361,10.31,16.9,0,corps,23.367853570624845,3.1681
4630,11,132,12.00,6.2,0,corps,23.358172064417783,1.8651
4631,16,170,10.62,8.4,0,corps,23.348495397753833,1.6163
4632,25,297,11.88,12.4,0,corps,23.338823568213844,1.7029
4633,2,26,13.00,2.2,0,corps,23.329156573379837,1.2189
4634,28,280,10.00,13.8,0,corps,23.319494410835073,1.9928
4635,9,126,14.00,5.3,0,corps,23.309837078164026,1.3941
4636,23,246,10.70,11.6,0,corps,23.300184572952336,1.4521
4637,17,165,9.71,8.9,0,corps,23.2905368927869,1.7522
4638,8,85,10.62,4.9,0,corps,23.28089403525578,1.4911
4639,34,366,10.76,16.4,0,corps,23.271255997948266,1.9394
4640,25,314,12.56,12.4,0,corps,23.261622778454864,1.8806
4641,10,97,9.70,5.8,0,corps,23.251994374367246,1.8136
4642,22,220,10.00,11.1,0,corps,23.242370783278325,1.9253
4643,32,310,9.69,15.6,0,corps,23.232752002782203,1.9488
4644,31,333,10.74,15.1,0,corps,23.223138030474182,1.5655
4645,27,265,9.81,13.3,0,corps,23.21352886395077,1.8594
4646,20,219,10.95,10.2,0,corps,23.203924500809666,1.7857
4647,31,319,10.29,15.1,0,corps,23.194324938649793,2.1698
4648,22,247,11.23,11.1,0,corps,23.184730175071255,2.7671
4649,14,168,12.00,7.6,0,corps,23.17514020767536,1.7295
4650,17,168,9.88,8.9,0,corps,23.165555034064607,1.4866
4651,23,230,10.00,11.6,0,corps,23.15597465184273,1.4222
4652,11,113,10.27,6.2,0,corps,23.146399058614602,1.6838
4653,7,85,12.14,4.4,0,corps,23.13682825198635,1.6421
4654,13,141,10.85,7.1,0,corps,23.12726222956525,1.4195
4655,6,57,9.50,4.0,0,corps,23.117700988959808,1.7993
4656,34,302,8.88,16.4,0,corps,23.10814452777972,1.7800
4657,14,133,9.50,7.6,0,corps,23.09859284363586,1.5274
4658,17,151,8.88,8.9,0,corps,23.089045934140305,2.3089
4659,4,37,9.25,3.1,0,corps,23.079503796906344,1.7766
4660,16,161,10.06,8.4,0,corps,23.069966429548423,2.0667
4661,26,258,9.92,12.9,0,corps,23.060433829682218,1.9591
4662,4,45,11.25,3.1,0,corps,23.050905994924555,1.6643
4663,22,226,10.27,11.1,0,corps,23.041382922893497,1.8753
4664,24,291,12.12,12.0,0,corps,23.031864611208274,2.1109
4665,38,511,13.45,18.2,0,corps,23.022351057489296,1.5106
4666,47,501,10.66,22.2,0,corps,23.01284225935818,2.0914
4667,32,334,10.44,15.6,0,corps,23.003338214437736,1.6834
4668,16,175,10.94,8.4,0,corps,22.99383892035194,1.8126
4669,12,107,8.92,6.7,0,corps,22.98434437472598,1.7224
4670,18,139,7.72,9.3,0,corps,22.974854575186203,2.0913
4671,17,151,8.88,8.9,0,corps,22.965369519360166,1.6979
4672,12,116,9.67,6.7,0,corps,22.95588920487662,1.6628
4673,12,115,9.58,6.7,0,corps,22.946413629365463,1.7406
4674,30,285,9.50,14.7,0,corps,22.936942790457813,1.9712
4675,14,123,8.79,7.6,0,corps,22.92747668578597,1.8171
4676,14,133,9.50,7.6,0,corps,22.918015312983382,1.6260
4677,10,105,10.50,5.8,0,corps,22.908558669684737,1.9858
4678,11,115,10.45,6.2,0,corps,22.899106753525842,2.2035
4679,4,35,8.75,3.1,0,corps,22.88965956214374,2.4049
4680,14,154,11.00,7.6,0,corps,22.880217093176636,1.7920
4681,39,429,11.00,18.7,0,corps,22.870779344263887,1.8698
4682,36,358,9.94,17.3,0,corps,22.861346313046084,1.8917
4683,20,208,10.40,10.2,0,corps,22.851917997164957,1.8872
4684,8,87,10.88,4.9,0,corps,22.842494394263422,1.6804
4685,19,212,11.16,9.8,0,corps,22.833075501985594,1.6251
4686,19,152,8.00,9.8,0,corps,22.823661317976725,2.1317
4687,12,113,9.42,6.7,0,corps,22.81425183988329,1.6730
4688,3,38,12.67,2.7,0,corps,22.80484706535292,1.4677
4689,4,36,9.00,3.1,0,corps,22.795446992034403,2.1942
4690,25,229,9.16,12.4,0,corps,22.786051617577733,2.1850
4691,26,261,10.04,12.9,0,corps,22.776660939634073,1.9808
4692,26,269,10.35,12.9,0,corps,22.767274955855743,2.2488
4693,9,83,9.22,5.3,0,corps,22.757893663896255,2.3675
4694,34,351,10.32,16.4,0,corps,22.74851706141027,1.9119
4695,10,121,12.10,5.8,0,corps,22.739145146053648,1.7124
4696,29,320,11.03,14.2,0,corps,22.72977791548342,2.0339
4697,10,80,8.00,5.8,0,corps,22.720415367357756,2.6394
4698,4,25,6.25,3.1,0,corps,22.71105749933604,1.7702
4699,14,153,10.93,7.6,0,corps,22.7017043090788,1.6908
4700,10,81,8.10,5.8,0,corps,22.692355794247725,2.2855
4701,37,388,10.49,17.8,0,corps,22.683011952505705,1.7238
4702,20,207,10.35,10.2,0,corps,22.67367278151676,1.8511
4703,5,62,12.40,3.6,0,corps,22.66433827894611,2.0947
4704,23,222,9.65,11.6,0,corps,22.655008442460137,1.5898
4705,12,92,7.67,6.7,0,corps,22.645683269726362,1.7512
4706,31,297,9.58,15.1,0,corps,22.636362758413505,1.7856
4707,11,118,10.73,6.2,0,corps,22.627046906191435,1.5743
4708,21,194,9.24,10.7,0,corps,22.617735710731186,2.1524
4709,8,54,6.75,4.9,0,corps,22.608429169704966,2.2151
4710,30,320,10.67,14.7,0,corps,22.59912728078613,1.8206
4711,27,266,9.85,13.3,0,corps,22.58983004164921,1.8815
4712,12,119,9.92,6.7,0,corps,22.58053744996991,1.6256
4713,26,284,10.92,12.9,0,corps,22.571249503425054,1.9084
4714,15,177,11.80,8.0,0,corps,22.561966199692673,1.9451
4715,26,263,10.12,12.9,0,corps,22.55268753645195,2.2844
4716,9,96,10.67,5.3,0,corps,22.543413511383196,2.0824
4717,34,346,10.18,16.4,0,corps,22.534144122167927,1.9006
4718,8,77,9.62,4.9,0,corps,22.524879366488772,1.6523
4719,26,247,9.50,12.9,0,corps,22.51561924202956,2.0462
4720,2,28,14.00,2.2,0,corps,22.506363746475262,2.3304
4721,26,290,11.15,12.9,0,corps,22.497112877511988,1.8595
4722,17,172,10.12,8.9,0,corps,22.487866632827032,2.1466
4723,3,22,7.33,2.7,0,corps,22.478625010108836,3.1424
4724,25,295,11.80,12.4,0,corps,22.46938800704698,2.5494
4725,11,112,10.18,6.2,0,corps,22.46015562133223,2.3386
4726,31,386,12.45,15.1,0,corps,22.450927850656477,1.9370
4727,10,101,10.10,5.8,0,corps,22.441704692712783,1.6448
4728,25,285,11.40,12.4,0,corps,22.43248614519536,1.7330
4729,13,145,11.15,7.1,0,corps,22.42327220579957,1.6197
4730,27,286,10.59,13.3,0,corps,22.41406287222192,1.9796
4731,10,91,9.10,5.8,0,corps,22.404858142160094,2.0479
4732,15,122,8.13,8.0,0,corps,22.39565801331289,2.3795
4733,15,165,11.00,8.0,0,corps,22.3864624833803,1.8038
4734,37,373,10.08,17.8,0,corps,22.377271550063412,2.1522
4735,20,195,9.75,10.2,0,corps,22.36808521106451,2.3801
4736,2,19,9.50,2.2,0,corps,22.358903464087014,1.8185
4737,10,87,8.70,5.8,0,corps,22.349726306835468,1.9015
4738,40,432,10.80,19.1,0,corps,22.340553737015597,2.0359
4739,12,100,8.33,6.7,0,corps,22.331385752334263,2.0558
4740,7,71,10.14,4.4,0,corps,22.32222235049946,1.8850
4741,5,50,10.00,3.6,0,corps,22.313063529220344,1.5686
4742,4,34,8.50,3.1,0,corps,22.303909286207197,1.9338
4743,17,160,9.41,8.9,0,corps,22.294759619171465,1.6651
4744,16,161,10.06,8.4,0,corps,22.285614525825746,1.5540
4745,17,173,10.18,8.9,0,corps,22.276474003883745,1.6640
4746,3,24,8.00,2.7,0,corps,22.267338051060335,2.2677
4747,4,51,12.75,3.1,0,corps,22.258206665071544,1.2530
4748,30,289,9.63,14.7,0,corps,22.249079843634508,1.8202
4749,36,329,9.14,17.3,0,corps,22.239957584467536,1.8161
4750,8,77,9.62,4.9,0,corps,22.230839885290045,2.1440
4751,28,269,9.61,13.8,0,corps,22.22172674382262,2.1636
4752,32,342,10.69,15.6,0,corps,22.212618157786984,1.6551
4753,29,301,10.38,14.2,0,corps,22.203514124905976,2.8311
4754,13,128,9.85,7.1,0,corps,22.194414642903602,1.9489
4755,5,45,9.00,3.6,0,corps,22.185319709504974,1.6491
4756,15,151,10.07,8.0,0,corps,22.176229322436367,1.6891
4757,10,67,6.70,5.8,0,corps,22.167143479425196,2.5045
4758,23,252,10.96,11.6,0,corps,22.15806217819998,1.5289
4759,6,54,9.00,4.0,0,corps,22.148985416490405,1.3864
4760,29,241,8.31,14.2,0,corps,22.139913192027286,2.0973
4761,25,271,10.84,12.4,0,corps,22.130845502542552,1.3273
4762,7,74,10.57,4.4,0,corps,22.12178234576929,1.1379
4763,15,127,8.47,8.0,0,corps,22.112723719441707,1.8244
4764,35,381,10.89,16.9,0,corps,22.103669621295147,1.4860
4765,6,53,8.83,4.0,0,corps,22.094620049066098,1.5163
4766,2,22,11.00,2.2,0,corps,22.085575000492142,2.6991
4767,4,33,8.25,3.1,0,corps,22.07653447331203,1.8143
4768,42,513,12.21,20.0,0,corps,22.067498465265643,1.6494
4769,23,279,12.13,11.6,0,corps,22.058466974093953,1.6120
4770,25,253,10.12,12.4,0,corps,22.049439997539114,1.5874
4771,8,76,9.50,4.9,0,corps,22.04041753334436,1.3855
4772,16,160,10.00,8.4,0,corps,22.031399579254078,1.9242
4773,17,144,8.47,8.9,0,corps,22.022386133013796,1.4377
4774,30,324,10.80,14.7,0,corps,22.013377192370136,1.7117
4775,42,453,10.79,20.0,0,corps,22.004372755070865,1.5158
4776,17,190,11.18,8.9,0,corps,21.995372818864887,1.6858
4777,28,265,9.46,13.8,0,corps,21.986377381502194,1.7513
4778,17,143,8.41,8.9,0,corps,21.97738644073395,1.9203
4779,17,191,11.24,8.9,0,corps,21.968399994312403,3.6948
4780,6,61,10.17,4.0,0,corps,21.95941803999095,1.8022
4781,11,141,12.82,6.2,0,corps,21.95044057552411,1.5047
4782,32,328,10.25,15.6,0,corps,21.941467598667494,1.6480
4783,12,123,10.25,6.7,0,corps,21.932499107177872,1.9400
4784,6,61,10.17,4.0,0,corps,21.92353509881313,2.5841
4785,14,132,9.43,7.6,0,corps,21.914575571332247,1.2493
4786,19,194,10.21,9.8,0,corps,21.905620522495358,1.7918
4787,26,304,11.69,12.9,0,corps,21.896669950063686,2.2336
4788,8,96,12.00,4.9,0,corps,21.887723851799592,1.3020
4789,15,142,9.47,8.0,0,corps,21.878782225466566,1.4266
4790,48,538,11.21,22.7,0,corps,21.86984506882918,1.9912
4791,6,53,8.83,4.0,0,corps,21.860912379653154,1.6285
4792,11,168,15.27,6.2,0,corps,21.851984155705324,1.3533
4793,17,159,9.35,8.9,0,corps,21.843060394753618,1.6247
4794,19,188,9.89,9.8,0,corps,21.834141094567112,1.5025
4795,28,254,9.07,13.8,0,corps,21.825226252915964,1.6438
4796,7,58,8.29,4.4,0,corps,21.816315867571472,1.5435
4797,24,242,10.08,12.0,0,corps,21.807409936306048,1.6139
4798,31,333,10.74,15.1,0,corps,21.79850845689319,1.7387
4799,2,27,13.50,2.2,0,corps,21.789611427107545,2.2689
4800,20,231,11.55,10.2,0,corps,21.780718844724852,2.0964
4801,30,367,12.23,14.7,0,corps,21.771830707521957,1.4643
4802,16,156,9.75,8.4,0,corps,21.76294701327684,1.5028
4803,40,468,11.70,19.1,0,corps,21.75406775976856,1.2401
4804,13,117,9.00,7.1,0,corps,21.745192944777315,1.9746
4805,27,247,9.15,13.3,0,corps,21.7363225660844,1.6242
4806,27,271,10.04,13.3,0,corps,21.727456621472214,1.8550
4807,13,137,10.54,7.1,0,corps,21.71859510872428,1.7329
4808,6,44,7.33,4.0,0,corps,21.70973802562522,1.5894
4809,29,311,10.72,14.2,0,corps,21.700885369960748,1.3749
4810,34,336,9.88,16.4,0,corps,21.692037139517726,1.4318
4811,24,251,10.46,12.0,0,corps,21.683193332084066,1.7195
4812,24,271,11.29,12.0,0,corps,21.674353945448836,1.1352
4813,28,301,10.75,13.8,0,corps,21.66551897740219,1.5338
4814,20,185,9.25,10.2,0,corps,21.65668842573537,1.6627
4815,33,357,10.82,16.0,0,corps,21.647862288240752,1.6175
4816,26,211,8.12,12.9,0,corps,21.639040562711802,1.7318
4817,25,268,10.72,12.4,0,corps,21.630223246943082,1.5174
4818,12,120,10.00,6.7,0,corps,21.62141033873027,1.6591
4819,26,218,8.38,12.9,0,corps,21.612601835870127,1.8902
4820,9,77,8.56,5.3,0,corps,21.603797736160534,2.0346
4821,5,41,8.20,3.6,0,corps,21.594998037400476,1.5742
4822,33,351,10.64,16.0,0,corps,21.58620273739001,1.8554
4823,23,215,9.35,11.6,0,corps,21.57741183393032,3.3676
4824,24,247,10.29,12.0,0,corps,21.56862532482369,1.8007
4825,36,305,8.47,17.3,0,corps,21.559843207873474,2.2832
4826,15,122,8.13,8.0,0,corps,21.55106548088416,2.2266
4827,27,258,9.56,13.3,0,corps,21.5422921416613,2.7250
4828,13,111,8.54,7.1,0,corps,21.533523188011564,1.5829
4829,23,250,10.87,11.6,0,corps,21.524758617742727,2.7913
4830,40,429,10.72,19.1,0,corps,21.515998428663625,2.1356
4831,20,189,9.45,10.2,0,corps,21.507242618584225,1.8090
4832,19,197,10.37,9.8,0,corps,21.498491185315576,1.4647
4833,18,174,9.67,9.3,0,corps,21.489744126669805,1.9810
4834,18,270,15.00,9.3,0,corps,21.481001440460165,1.5404
4835,17,172,10.12,8.9,0,corps,21.47226312450097,1.7913
4836,3,27,9.00,2.7,0,corps,21.463529176607647,1.8638
4837,35,406,11.60,16.9,0,corps,21.45479959459672,1.6694
4838,25,311,12.44,12.4,0,corps,21.44607437628577,1.5486
4839,6,63,10.50,4.0,0,corps,21.43735351949351,1.6140
4840,4,69,17.25,3.1,0,corps,21.428637022039723,1.4768
4841,22,261,11.86,11.1,0,corps,21.419924881745278,1.8987
4842,20,165,8.25,10.2,0,corps,21.41121709643215,2.5381
4843,10,83,8.30,5.8,0,corps,21.40251366392338,2.2224
4844,12,99,8.25,6.7,0,corps,21.393814582043117,2.6224
4845,27,224,8.30,13.3,0,corps,21.385119848616593,2.4308
4846,15,167,11.13,8.0,0,corps,21.37642946147012,1.4583
4847,12,112,9.33,6.7,0,corps,21.367743418431104,4.9809
4848,18,163,9.06,9.3,0,corps,21.359061717328036,1.9928
4849,9,79,8.78,5.3,0,corps,21.35038435599048,1.9806
4850,19,181,9.53,9.8,0,corps,21.341711332249112,1.6367
4851,40,345,8.62,19.1,0,corps,21.333042643935663,1.9823
4852,21,212,10.10,10.7,0,corps,21.32437828888296,2.0366
4853,23,258,11.22,11.6,0,corps,21.315718264924932,1.8223
4854,14,133,9.50,7.6,0,corps,21.307062569896555,1.6241
4855,8,68,8.50,4.9,0,corps,21.298411201633904,2.0128
4856,27,256,9.48,13.3,0,corps,21.289764157974155,2.6650
4857,23,222,9.65,11.6,0,corps,21.281121436755523,2.1887
4858,9,98,10.89,5.3,0,corps,21.272483035817352,1.6108
4859,13,110,8.46,7.1,0,corps,21.26384895300002,1.7630
4860,16,160,10.00,8.4,0,corps,21.25521918614502,2.0854
4861,11,106,9.64,6.2,0,corps,21.246593733094908,4.8408
4862,32,363,11.34,15.6,0,corps,21.237972591693318,1.7357
4863,2,26,13.00,2.2,0,corps,21.229355759784962,1.4286
4864,23,219,9.52,11.6,0,corps,21.220743235215643,1.7451
4865,26,241,9.27,12.9,0,corps,21.212135015832217,2.3603
4866,16,143,8.94,8.4,0,corps,21.203531099482642,1.8517
4867,20,157,7.85,10.2,0,corps,21.194931484015925,1.9391
4868,11,121,11.00,6.2,0,corps,21.186336167282168,1.3170
4869,14,114,8.14,7.6,0,corps,21.177745147132544,2.4351
4870,13,118,9.08,7.1,0,corps,21.169158421419297,1.6124
4871,29,296,10.21,14.2,0,corps,21.16057598799574,1.6327
4872,25,300,12.00,12.4,0,corps,21.151997844716277,2.0158
4873,7,69,9.86,4.4,0,corps,21.143423989436357,1.5986
4874,37,358,9.68,17.8,0,corps,21.134854420012534,1.8400
4875,8,65,8.12,4.9,0,corps,21.126289134302397,1.6788
4876,29,369,12.72,14.2,0,corps,21.117728130164632,1.7994
4877,23,236,10.26,11.6,0,corps,21.109171405458994,1.7492
4878,26,238,9.15,12.9,0,corps,21.10061895804629,1.5964
4879,24,205,8.54,12.0,0,corps,21.092070785788422,1.7977
4880,29,267,9.21,14.2,0,corps,21.083526886548334,1.8763
4881,6,70,11.67,4.0,0,corps,21.074987258190056,1.2113
4882,16,172,10.75,8.4,0,corps,21.066451898578688,2.5369
4883,14,105,7.50,7.6,0,corps,21.057920805580377,2.2177
4884,20,238,11.90,10.2,0,corps,21.049393977062355,1.3835
4885,18,177,9.83,9.3,0,corps,21.040871410892926,1.2801
4886,17,189,11.12,8.9,0,corps,21.03235310494143,1.5608
4887,22,222,10.09,11.1,0,corps,21.023839057078305,1.4887
4888,37,380,10.27,17.8,0,corps,21.015329265175026,1.7746
4889,10,85,8.50,5.8,0,corps,21.006823727104155,1.4814
4890,48,564,11.75,22.7,0,corps,20.998322440739305,1.6473
4891,11,110,10.00,6.2,0,corps,20.98982540395515,1.3956
4892,19,174,9.16,9.8,0,corps,20.981332614627437,1.3937
4893,5,46,9.20,3.6,0,corps,20.972844070632966,1.5411
4894,31,321,10.35,15.1,0,corps,20.9643597698496,1.5214
4895,32,318,9.94,15.6,0,corps,20.955879710156275,1.6086
4896,19,196,10.32,9.8,0,corps,20.94740388943295,1.4501
4897,16,150,9.38,8.4,0,corps,20.93893230556069,1.6784
4898,30,320,10.67,14.7,0,corps,20.930464956421606,1.7039
4899,24,206,8.58,12.0,0,corps,20.922001839898837,2.0730
4900,4,40,10.00,3.1,0,corps,20.913542953876618,1.3608
4901,32,278,8.69,15.6,0,corps,20.905088296240233,2.0747
4902,28,267,9.54,13.8,0,corps,20.896637864876,1.9289
4903,2,12,6.00,2.2,0,corps,20.88819165767133,2.3124
4904,15,156,10.40,8.0,0,corps,20.879749672514656,1.7494
4905,17,186,10.94,8.9,0,corps,20.87131190729549,2.0186
4906,14,122,8.71,7.6,0,corps,20.862878359904393,1.8481
4907,31,297,9.58,15.1,0,corps,20.854449028232967,1.9941
4908,22,197,8.95,11.1,0,corps,20.846023910173884,2.2021
4909,27,237,8.78,13.3,0,corps,20.837603003620874,2.4913
4910,21,211,10.05,10.7,0,corps,20.8291863064687,1.6825
4911,25,326,13.04,12.4,0,corps,20.82077381661319,1.8322
4912,33,352,10.67,16.0,0,corps,20.812365531951222,1.8336
4913,6,62,10.33,4.0,0,corps,20.803961450380722,1.5194
4914,21,196,9.33,10.7,0,corps,20.79556156980068,2.0303
4915,16,142,8.88,8.4,0,corps,20.787165888111105,2.0082
4916,14,155,11.07,7.6,0,corps,20.778774403213095,1.6852
4917,50,592,11.84,23.6,0,corps,20.77038711300878,1.7736
4918,7,102,14.57,4.4,0,corps,20.762004015401324,1.3389
4919,8,76,9.50,4.9,0,corps,20.753625108294962,1.8841
4920,14,130,9.29,7.6,0,corps,20.745250389594965,1.7481
4921,7,66,9.43,4.4,0,corps,20.736879857207644,2.1541
4922,25,237,9.48,12.4,0,corps,20.728513509040386,2.0807
4923,50,573,11.46,23.6,0,corps,20.720151343001582,1.8619
4924,42,460,10.95,20.0,0,corps,20.71179335700071,2.2960
4925,17,207,12.18,8.9,0,corps,20.70343954894826,2.3304
4926,13,101,7.77,7.1,0,corps,20.695089916755784,2.3394
4927,13,136,10.46,7.1,0,corps,20.68674445833588,2.3673
4928,42,472,11.24,20.0,0,corps,20.678403171602167,1.8392
4929,36,370,10.28,17.3,0,corps,20.670066054469334,2.2536
4930,19,191,10.05,9.8,0,corps,20.661733104853113,1.7069
4931,7,73,10.43,4.4,0,corps,20.653404320670248,1.6704
4932,13,139,10.69,7.1,0,corps,20.645079699838544,1.7630
4933,19,205,10.79,9.8,0,corps,20.636759240276866,2.2867
4934,31,287,9.26,15.1,0,corps,20.628442939905074,3.4542
4935,20,194,9.70,10.2,0,corps,20.62013079664411,2.3180
4936,4,50,12.50,3.1,0,corps,20.611822808415926,2.1306
4937,9,69,7.67,5.3,0,corps,20.60351897314353,2.8886
4938,22,252,11.45,11.1,0,corps,20.59521928875097,1.9565
4939,15,213,14.20,8.0,0,corps,20.586923753163315,1.7995
4940,27,260,9.63,13.3,0,corps,20.578632364306678,2.0213
4941,3,22,7.33,2.7,0,corps,20.570345120108232,1.5125
4942,12,137,11.42,6.7,0,corps,20.562062018496142,1.4854
4943,3,35,11.67,2.7,0,corps,20.553783057399652,1.2295
4944,10,85,8.50,5.8,0,corps,20.545508234749,1.5836
4945,29,320,11.03,14.2,0,corps,20.537237548475503,1.5302
4946,12,133,11.08,6.7,0,corps,20.52897099651148,1.5725
4947,54,626,11.59,25.3,0,corps,20.520708576790284,1.6741
4948,32,314,9.81,15.6,0,corps,20.51245028724632,1.7904
4949,26,269,10.35,12.9,0,corps,20.504196125815017,1.7784
4950,31,316,10.19,15.1,0,corps,20.49594609043283,1.4310
4951,6,66,11.00,4.0,0,corps,20.48770017903726,1.9979
4952,40,381,9.53,19.1,0,corps,20.47945838956681,1.6219
4953,12,100,8.33,6.7,0,corps,20.471220719961043,1.8093
4954,14,137,9.79,7.6,0,corps,20.46298716816055,1.7858
4955,3,28,9.33,2.7,0,corps,20.454757732106927,1.7770
4956,21,210,10.00,10.7,0,corps,20.446532409742822,1.5852
4957,23,234,10.17,11.6,0,corps,20.438311199011913,1.4697
4958,23,244,10.61,11.6,0,corps,20.43009409785888,1.3911
4959,14,113,8.07,7.6,0,corps,20.421881104229467,1.6561
4960,12,101,8.42,6.7,0,corps,20.41367221607041,2.1309
4961,18,167,9.28,9.3,0,corps,20.40546743132949,2.1291
4962,32,323,10.09,15.6,0,corps,20.39726674795552,2.3317
4963,11,119,10.82,6.2,0,corps,20.389070163898314,2.0511
4964,38,347,9.13,18.2,0,corps,20.380877677108735,2.0278
4965,35,350,10.00,16.9,0,corps,20.372689285538673,2.0106
4966,27,248,9.19,13.3,0,corps,20.364504987141007,2.2506
4967,24,237,9.88,12.0,0,corps,20.356324779869677,2.3082
4968,20,173,8.65,10.2,0,corps,20.348148661679623,2.2484
4969,2,24,12.00,2.2,0,corps,20.33997663052682,2.4979
4970,17,167,9.82,8.9,0,corps,20.33180868436827,2.1699
4971,38,437,11.50,18.2,0,corps,20.323644821161963,2.1471
4972,23,225,9.78,11.6,0,corps,20.315485038866946,1.9506
4973,3,35,11.67,2.7,0,corps,20.307329335443285,1.6862
4974,25,242,9.68,12.4,0,corps,20.299177708852035,2.6379
4975,16,190,11.88,8.4,0,corps,20.291030157055303,1.8402
4976,24,249,10.38,12.0,0,corps,20.282886678016187,1.7649
4977,18,174,9.67,9.3,0,corps,20.274747269698825,2.2247
4978,20,188,9.40,10.2,0,corps,20.266611930068375,2.2790
4979,12,127,10.58,6.7,0,corps,20.25848065709098,2.1754
4980,46,569,12.37,21.8,0,corps,20.250353448733843,1.7567
4981,10,93,9.30,5.8,0,corps,20.242230302965154,1.6388
4982,27,298,11.04,13.3,0,corps,20.23411121775412,1.7203
4983,6,57,9.50,4.0,0,corps,20.22599619107098,1.0500
4984,16,218,13.62,8.4,0,corps,20.21788522088697,1.1574
4985,48,541,11.27,22.7,0,corps,20.209778305174343,1.7434
4986,14,142,10.14,7.6,0,corps,20.20167544190639,1.5985
4987,13,111,8.54,7.1,0,corps,20.193576629057368,2.1719
4988,47,568,12.09,22.2,0,corps,20.185481864602593,1.6680
4989,9,86,9.56,5.3,0,corps,20.17739114651837,1.5835
4990,17,148,8.71,8.9,0,corps,20.169304472782017,1.6188
4991,11,122,11.09,6.2,0,corps,20.16122184137187,1.0340
4992,32,345,10.78,15.6,0,corps,20.153143250267263,1.6466
4993,16,225,14.06,8.4,0,corps,20.14506869744855,0.9820
4994,4,28,7.00,3.1,0,corps,20.136998180897105,2.1025
4995,29,279,9.62,14.2,0,corps,20.12893169859528,3.0813
4996,3,29,9.67,2.7,0,corps,20.120869248526464,1.4297
4997,22,241,10.95,11.1,0,corps,20.112810828675055,2.5232
4998,31,294,9.48,15.1,0,corps,20.104756437026424,1.7005
4999,22,235,10.68,11.1,0,corps,20.096706071567,1.7140
5000,23,237,10.30,11.6,0,corps,20.088659730284164,1.3702
5001,22,212,9.64,11.1,0,corps,20.080617411166347,2.1473
5002,18,157,8.72,9.3,0,corps,20.072579112202973,2.2159
5003,11,104,9.45,6.2,0,corps,20.064544831384456,2.2429
5004,39,415,10.64,18.7,0,corps,20.056514566702237,1.9246
5005,5,44,8.80,3.6,0,corps,20.04848831614873,2.0328
5006,4,40,10.00,3.1,0,corps,20.040466077717394,2.0892
5007,23,229,9.96,11.6,0,corps,20.032447849402665,1.5357
5008,25,241,9.64,12.4,0,corps,20.024433629199976,1.8386
5009,19,190,10.00,9.8,0,corps,20.016423415105773,1.8593
5010,31,336,10.84,15.1,0,corps,20.008417205117517,1.7127
5011,16,134,8.38,8.4,0,corps,20.000414997233644,1.9746
5012,29,270,9.31,14.2,0,corps,19.992416789453603,1.8114
5013,22,206,9.36,11.1,0,corps,19.98442257977784,1.8586
5014,19,182,9.58,9.8,0,corps,19.976432366207803,1.8677
5015,11,87,7.91,6.2,0,corps,19.96844614674595,2.5862
5016,4,41,10.25,3.1,0,corps,19.960463919395707,1.8728
5017,20,184,9.20,10.2,0,corps,19.952485682161527,2.3502
5018,25,240,9.60,12.4,0,corps,19.944511433048863,1.8878
5019,21,177,8.43,10.7,0,corps,19.936541170064128,2.1166
5020,26,251,9.65,12.9,0,corps,19.928574891214772,1.9859
5021,28,221,7.89,13.8,0,corps,19.920612594509223,1.7940
5022,3,36,12.00,2.7,0,corps,19.9126542779569,1.9092
5023,22,200,9.09,11.1,0,corps,19.90469993956824,2.8854
5024,19,166,8.74,9.8,0,corps,19.89674957735464,2.0346
5025,22,206,9.36,11.1,0,corps,19.888803189328513,1.6669
5026,38,442,11.63,18.2,0,corps,19.88086077350328,1.5629
5027,2,12,6.00,2.2,0,corps,19.87292232789331,1.7969
5028,5,39,7.80,3.6,0,corps,19.864987850514016,2.4914
5029,26,311,11.96,12.9,0,corps,19.857057339381758,1.4819
5030,54,639,11.83,25.3,0,corps,19.849130792513918,1.5777
5031,27,270,10.00,13.3,0,corps,19.841208207928865,1.5672
5032,13,135,10.38,7.1,0,corps,19.833289583645943,1.9004
5033,27,283,10.48,13.3,0,corps,19.825374917685494,1.9786
5034,16,156,9.75,8.4,0,corps,19.817464208068866,1.4140
5035,23,229,9.96,11.6,0,corps,19.809557452818368,1.6024
5036,6,74,12.33,4.0,0,corps,19.801654649957317,1.1552
5037,25,277,11.08,12.4,0,corps,19.793755797510006,1.6472
5038,20,180,9.00,10.2,0,corps,19.78586089350173,1.9115
5039,13,120,9.23,7.1,0,corps,19.777969935958765,1.6410
5040,5,41,8.20,3.6,0,corps,19.770082922908358,2.2874
5041,40,385,9.62,19.1,0,corps,19.762199852378764,2.0951
5042,9,88,9.78,5.3,0,corps,19.75432072239922,2.0414
5043,36,476,13.22,17.3,0,corps,19.74644553099994,1.8492
5044,10,116,11.60,5.8,0,corps,19.73857427621212,1.7074
5045,33,357,10.82,16.0,0,corps,19.73070695606795,2.0925
5046,18,179,9.94,9.3,0,corps,19.722843568600602,1.9440
5047,20,160,8.00,10.2,0,corps,19.714984111844235,2.6603
5048,15,164,10.93,8.0,0,corps,19.70712858383397,1.8551
5049,4,38,9.50,3.1,0,corps,19.69927698260593,1.9722
5050,31,322,10.39,15.1,0,corps,19.69142930619723,2.0005
5051,36,380,10.56,17.3,0,corps,19.683585552645926,1.8026
5052,12,131,10.92,6.7,0,corps,19.6757457199911,1.8673
5053,17,134,7.88,8.9,0,corps,19.667909806272778,2.6313
5054,18,211,11.72,9.3,0,corps,19.66007780953199,1.6809
5055,14,132,9.43,7.6,0,corps,19.652249727810748,2.8048
5056,25,268,10.72,12.4,0,corps,19.64442555915201,1.7568
5057,33,368,11.15,16.0,0,corps,19.636605301599737,1.9090
5058,5,37,7.40,3.6,0,corps,19.628788953198885,2.3146
5059,20,222,11.10,10.2,0,corps,19.62097651199534,2.5953
5060,25,254,10.16,12.4,0,corps,19.613167976036017,1.8084
5061,2,32,16.00,2.2,0,corps,19.605363343368758,2.7637
5062,29,335,11.55,14.2,0,corps,19.597562612042417,1.3676
5063,36,391,10.86,17.3,0,corps,19.58976578010682,1.6158
5064,17,180,10.59,8.9,0,corps,19.581972845612743,1.5817
5065,11,114,10.36,6.2,0,corps,19.574183806611952,1.5028
5066,11,122,11.09,6.2,0,corps,19.566398661157205,1.0269
5067,31,339,10.94,15.1,0,corps,19.558617407302197,1.7932
5068,39,356,9.13,18.7,0,corps,19.55084004310163,1.7222
5069,47,578,12.30,22.2,0,corps,19.54306656661115,1.7089
5070,17,220,12.94,8.9,0,corps,19.535296975887384,1.3853
5071,6,72,12.00,4.0,0,corps,19.527531268987957,1.1179
5072,9,97,10.78,5.3,0,corps,19.51976944397142,1.5913
5073,19,211,11.11,9.8,0,corps,19.512011498897323,1.7100
5074,15,129,8.60,8.0,0,corps,19.50425743182619,2.3861
5075,10,88,8.80,5.8,0,corps,19.496507240819486,1.2993
5076,38,468,12.32,18.2,0,corps,19.488760923939683,1.2917
5077,41,520,12.68,19.6,0,corps,19.481018479250185,2.1519
5078,31,326,10.52,15.1,0,corps,19.473279904815385,1.6171
5079,4,21,5.25,3.1,0,corps,19.465545198700653,3.0106
5080,17,166,9.76,8.9,0,corps,19.45781435897229,1.3930
5081,27,233,8.63,13.3,0,corps,19.450087383697596,2.2625
5082,29,323,11.14,14.2,0,corps,19.44236427094484,1.7292
5083,31,308,9.94,15.1,0,corps,19.434645018783222,1.9510
5084,23,181,7.87,11.6,0,corps,19.426929625282945,2.2032
5085,20,227,11.35,10.2,0,corps,19.41921808851515,3.5111
5086,17,188,11.06,8.9,0,corps,19.41151040655196,1.8966
5087,24,251,10.46,12.0,0,corps,19.403806577466458,1.7647
5088,34,382,11.24,16.4,0,corps,19.396106599332672,2.3960
5089,20,175,8.75,10.2,0,corps,19.388410470225615,1.8236
5090,40,452,11.30,19.1,0,corps,19.380718188221262,1.9396
5091,20,268,13.40,10.2,0,corps,19.37302975139653,1.5870
5092,5,37,7.40,3.6,0,corps,19.365345157829324,2.5321
5093,27,323,11.96,13.3,0,corps,19.35766440559848,2.1371
5094,9,85,9.44,5.3,0,corps,19.349987492783818,1.7992
5095,30,357,11.90,14.7,0,corps,19.342314417466117,1.8979
5096,12,118,9.83,6.7,0,corps,19.33464517772709,1.9956
5097,15,196,13.07,8.0,0,corps,19.326979771649437,1.4263
5098,30,288,9.60,14.7,0,corps,19.31931819731682,2.0564
5099,24,296,12.33,12.0,0,corps,19.31166045281382,1.7488
5100,24,238,9.92,12.0,0,corps,19.30400653622602,1.9378
5101,31,340,10.97,15.1,0,corps,19.29635644563993,1.5554
5102,38,331,8.71,18.2,0,corps,19.288710179143028,1.5100
5103,36,425,11.81,17.3,0,corps,19.281067734823758,1.6046
5104,21,202,9.62,10.7,0,corps,19.273429110771495,1.6976
5105,14,126,9.00,7.6,0,corps,19.26579430507659,1.7013
5106,9,90,10.00,5.3,0,corps,19.258163315830345,1.3582
5107,28,278,9.93,13.8,0,corps,19.250536141125004,1.6121
5108,36,370,10.28,17.3,0,corps,19.242912779053782,1.9158
5109,10,103,10.30,5.8,0,corps,19.23529322771083,1.0344
5110,6,56,9.33,4.0,0,corps,19.227677485191265,1.5312
5111,13,112,8.62,7.1,0,corps,19.220065549591155,1.8052
5112,26,256,9.85,12.9,0,corps,19.212457419007503,1.5493
5113,14,133,9.50,7.6,0,corps,19.20485309153829,1.5884
5114,10,100,10.00,5.8,0,corps,19.197252565282433,1.5460
5115,36,361,10.03,17.3,0,corps,19.189655838339785,1.8967
5116,38,419,11.03,18.2,0,corps,19.18206290881119,1.5403
5117,18,160,8.89,9.3,0,corps,19.174473774798393,3.9047
5118,45,466,10.36,21.3,0,corps,19.166888434404118,1.6290
5119,28,304,10.86,13.8,0,corps,19.159306885732036,1.6373
5120,17,146,8.59,8.9,0,corps,19.15172912688675,1.9275
5121,19,156,8.21,9.8,0,corps,19.144155155973824,1.9041
5122,26,266,10.23,12.9,0,corps,19.136584971099772,1.9797
5123,27,277,10.26,13.3,0,corps,19.129018570372036,1.4804
5124,21,206,9.81,10.7,0,corps,19.121455951899023,1.7283
5125,40,474,11.85,19.1,0,corps,19.113897113790077,1.7360
5126,29,286,9.86,14.2,0,corps,19.106342054155483,1.6220
5127,25,250,10.00,12.4,0,corps,19.09879077110649,1.7443
5128,17,171,10.06,8.9,0,corps,19.091243262755263,1.4809
5129,16,196,12.25,8.4,0,corps,19.083699527214936,1.3528
5130,49,585,11.94,23.1,0,corps,19.076159562599564,1.8802
5131,28,270,9.64,13.8,0,corps,19.068623367024156,1.6145
5132,26,238,9.15,12.9,0,corps,19.06109093860468,1.7970
5133,29,268,9.24,14.2,0,corps,19.05356227545801,1.4467
5134,8,79,9.88,4.9,0,corps,19.046037375701985,1.4389
5135,37,416,11.24,17.8,0,corps,19.03851623745539,1.6395
5136,30,283,9.43,14.7,0,corps,19.03099885883793,1.7076
5137,20,244,12.20,10.2,0,corps,19.023485237970263,1.3539
5138,28,294,10.50,13.8,0,corps,19.01597537297398,1.6927
5139,18,187,10.39,9.3,0,corps,19.00846926197162,1.6530
5140,14,128,9.14,7.6,0,corps,19.000966903086656,1.5461
5141,35,363,10.37,16.9,0,corps,18.993468294443492,1.6952
5142,11,115,10.45,6.2,0,corps,18.98597343416748,1.9317
5143,28,264,9.43,13.8,0,corps,18.97848232038491,1.8100
5144,18,172,9.56,9.3,0,corps,18.970994951222995,1.6357
5145,17,192,11.29,8.9,0,corps,18.9635113248099,1.6098
5146,37,352,9.51,17.8,0,corps,18.956031439274707,1.6301
5147,14,120,8.57,7.6,0,corps,18.94855529274745,1.8853
5148,24,257,10.71,12.0,0,corps,18.941082883359105,1.5550
5149,51,634,12.43,24.0,0,corps,18.933614209241547,1.6021
5150,40,399,9.97,19.1,0,corps,18.926149268527624,1.5897
5151,9,104,11.56,5.3,0,corps,18.918688059351098,1.7009
5152,17,169,9.94,8.9,0,corps,18.91123057984666,1.6534
5153,26,228,8.77,12.9,0,corps,18.903776828149955,1.7901
5154,24,264,11.00,12.0,0,corps,18.896326802397525,1.2250
5155,22,168,7.64,11.1,0,corps,18.88888050072687,2.1451
5156,34,315,9.26,16.4,0,corps,18.88143792127643,1.7196
5157,28,251,8.96,13.8,0,corps,18.873999062185536,1.7599
5158,4,34,8.50,3.1,0,corps,18.866563921594487,2.1265
5159,10,89,8.90,5.8,0,corps,18.859132497644502,2.0718
5160,8,35,4.38,4.9,0,corps,18.851704788477715,4.7813
5161,19,157,8.26,9.8,0,corps,18.844280792237207,1.8260
5162,10,92,9.20,5.8,0,corps,18.836860507066966,4.7679
5163,17,157,9.24,8.9,0,corps,18.829443931111932,1.6634
5164,13,118,9.08,7.1,0,corps,18.822031062517965,1.5970
5165,27,245,9.07,13.3,0,corps,18.81462189943183,1.4954
5166,34,342,10.06,16.4,0,corps,18.807216440001252,1.5330
5167,13,123,9.46,7.1,0,corps,18.799814682374862,2.4717
5168,17,167,9.82,8.9,0,corps,18.79241662470222,1.5576
5169,24,265,11.04,12.0,0,corps,18.785022265133815,1.7976
5170,33,368,11.15,16.0,0,corps,18.777631601821042,1.6346
5171,13,141,10.85,7.1,0,corps,18.77024463291625,1.4232
5172,34,362,10.65,16.4,0,corps,18.762861356572703,2.1886
5173,20,206,10.30,10.2,0,corps,18.755481770944563,1.9545
5174,30,275,9.17,14.7,0,corps,18.74810587418694,2.7062
5175,23,203,8.83,11.6,0,corps,18.74073366445587,2.0597
5176,17,146,8.59,8.9,0,corps,18.73336513990829,1.4534
5177,2,23,11.50,2.2,0,corps,18.726000298702075,1.9315
5178,29,296,10.21,14.2,0,corps,18.718639138996004,1.7398
5179,36,328,9.11,17.3,0,corps,18.711281658949797,1.8845
5180,33,363,11.00,16.0,0,corps,18.703927856724086,1.5827
5181,18,162,9.00,9.3,0,corps,18.69657773048041,1.7462
5182,6,64,10.67,4.0,0,corps,18.689231278381243,1.9723
5183,14,135,9.64,7.6,0,corps,18.68188849858998,1.4573
5184,16,127,7.94,8.4,0,corps,18.67454938927091,1.8238
5185,2,32,16.00,2.2,0,corps,18.66721394858927,1.5894
5186,25,276,11.04,12.4,0,corps,18.65988217471119,1.9590
5187,3,19,6.33,2.7,0,corps,18.652554065803727,2.3613
5188,10,83,8.30,5.8,0,corps,18.645229620034865,2.2136
5189,13,123,9.46,7.1,0,corps,18.637908835573473,1.7977
5190,35,312,8.91,16.9,0,corps,18.63059171058937,1.7723
5191,36,310,8.61,17.3,0,corps,18.62327824325328,2.0937
5192,6,74,12.33,4.0,0,corps,18.615968431736817,1.7961
5193,19,162,8.53,9.8,0,corps,18.60866227421255,2.1197
5194,31,324,10.45,15.1,0,corps,18.60135976885391,2.0709
5195,28,309,11.04,13.8,0,corps,18.594060913835296,1.7566
5196,25,200,8.00,12.4,0,corps,18.586765707331992,1.8902
5197,46,500,10.87,21.8,0,corps,18.579474147520187,1.9395
5198,36,349,9.69,17.3,0,corps,18.57218623257699,1.9225
5199,24,257,10.71,12.0,0,corps,18.564901960680437,1.7580
5200,14,152,10.86,7.6,0,corps,18.55762133000944,1.9066
5201,9,101,11.22,5.3,0,corps,18.55034433874386,1.6645
5202,7,53,7.57,4.4,0,corps,18.543070985064432,1.8339
5203,6,60,10.00,4.0,0,corps,18.53580126715283,1.1586
5204,8,73,9.12,4.9,0,corps,18.52853518319162,1.4649
5205,10,111,11.10,5.8,0,corps,18.521272731364284,1.1939
5206,37,372,10.05,17.8,0,corps,18.5140139098552,1.6132
5207,22,198,9.00,11.1,0,corps,18.506758716849678,1.7023
5208,24,202,8.42,12.0,0,corps,18.499507150533905,1.6645
5209,20,195,9.75,10.2,0,corps,18.492259209095,1.4508
5210,19,153,8.05,9.8,0,corps,18.485014890720965,1.7345
5211,19,179,9.42,9.8,0,corps,18.477774193600734,2.2418
5212,3,46,15.33,2.7,0,corps,18.470537115924127,1.0943
5213,38,482,12.68,18.2,0,corps,18.463303655881873,1.4933
5214,26,245,9.42,12.9,0,corps,18.4560738116656,1.7843
5215,39,475,12.18,18.7,0,corps,18.44884758146787,1.8205
5216,12,93,7.75,6.7,0,corps,18.441624963482102,2.1404
5217,10,91,9.10,5.8,0,corps,18.43440595590266,1.6945
5218,28,314,11.21,13.8,0,corps,18.427190556924767,1.3129
5219,23,202,8.78,11.6,0,corps,18.41997876474459,1.6902
5220,27,233,8.63,13.3,0,corps,18.412770577559193,1.7505
5221,35,391,11.17,16.9,0,corps,18.4055659935665,1.7444
5222,22,169,7.68,11.1,0,corps,18.398365010965385,2.2867
5223,21,252,12.00,10.7,0,corps,18.391167627955607,1.4261
5224,13,137,10.54,7.1,0,corps,18.383973842737802,1.4462
5225,15,149,9.93,8.0,0,corps,18.37678365351354,1.5317
5226,9,93,10.33,5.3,0,corps,18.369597058485258,1.1620
5227,33,340,10.30,16.0,0,corps,18.362414055856316,1.9609
5228,9,79,8.78,5.3,0,corps,18.35523464383097,1.2964
5229,22,200,9.09,11.1,0,corps,18.34805882061435,1.6855
5230,41,431,10.51,19.6,0,corps,18.340886584412512,1.7079
5231,25,203,8.12,12.4,0,corps,18.333717933432403,1.6173
5232,16,128,8.00,8.4,0,corps,18.326552865881844,1.5849
5233,7,66,9.43,4.4,0,corps,18.31939137996958,0.9186
5234,15,143,9.53,8.0,0,corps,18.312233473905234,1.5335
5235,19,204,10.74,9.8,0,corps,18.30507914589933,1.5108
5236,16,161,10.06,8.4,0,corps,18.297928394163293,1.6376
5237,23,195,8.48,11.6,0,corps,18.290781216909423,1.7888
5238,31,311,10.03,15.1,0,corps,18.28363761235093,1.8073
5239,16,166,10.38,8.4,0,corps,18.27649757870192,1.8355
5240,25,268,10.72,12.4,0,corps,18.269361114177375,1.5019
5241,38,418,11.00,18.2,0,corps,18.26222821699319,1.2771
5242,21,171,8.14,10.7,0,corps,18.255098885366124,1.3797
5243,28,294,10.50,13.8,0,corps,18.247973117513855,1.3867
5244,38,373,9.82,18.2,0,corps,18.240850911654945,1.3614
5245,23,187,8.13,11.6,0,corps,18.233732266008833,1.6463
5246,35,349,9.97,16.9,0,corps,18.226617178795863,1.4131
5247,41,436,10.63,19.6,0,corps,18.219505648237263,1.4373
5248,19,192,10.11,9.8,0,corps,18.212397672555145,1.6946
5249,10,106,10.60,5.8,0,corps,18.205293249972527,1.0216
5250,46,473,10.28,21.8,0,corps,18.198192378713284,1.7838
5251,21,174,8.29,10.7,0,corps,18.191095057002215,1.3922
5252,15,125,8.33,8.0,0,corps,18.18400128306499,1.9644
5253,12,122,10.17,6.7,0,corps,18.17691105512815,1.7688
5254,11,100,9.09,6.2,0,corps,18.169824371419157,3.8411
5255,29,228,7.86,14.2,0,corps,18.162741230166326,1.4859
5256,2,43,21.50,2.2,0,corps,18.155661629598875,1.5841
5257,12,117,9.75,6.7,0,corps,18.14858556794691,1.5797
5258,20,192,9.60,10.2,0,corps,18.141513043441403,1.8767
5259,12,78,6.50,6.7,0,corps,18.134444054314233,1.8399
5260,3,22,7.33,2.7,0,corps,18.127378598798156,1.7819
5261,23,225,9.78,11.6,0,corps,18.120316675126798,1.8139
5262,38,390,10.26,18.2,0,corps,18.113258281534687,1.8240
5263,24,236,9.83,12.0,0,corps,18.10620341625721,1.6587
5264,35,290,8.29,16.9,0,corps,18.099152077530665,2.0490
5265,27,271,10.04,13.3,0,corps,18.09210426359222,2.3479
5266,22,229,10.41,11.1,0,corps,18.0850599726799,1.8194
5267,43,494,11.49,20.4,0,corps,18.078019203032657,1.8736
5268,7,76,10.86,4.4,0,corps,18.07098195289029,2.5517
5269,36,383,10.64,17.3,0,corps,18.063948220493476,2.1390
5270,20,188,9.40,10.2,0,corps,18.056918004083798,3.4097
5271,21,185,8.81,10.7,0,corps,18.049891301903685,1.7779
5272,16,170,10.62,8.4,0,corps,18.042868112196476,2.7786
5273,12,114,9.50,6.7,0,corps,18.035848433206375,1.7068
5274,26,287,11.04,12.9,0,corps,18.028832263178447,1.6499
5275,13,145,11.15,7.1,0,corps,18.021819600358654,5.7475
5276,11,131,11.91,6.2,0,corps,18.014810442993845,1.6692
5277,21,238,11.33,10.7,0,corps,18.007804789331715,2.9903
5278,32,341,10.66,15.6,0,corps,18.000802637620858,1.5553
5279,24,261,10.88,12.0,0,corps,17.993803986110727,1.6261
5280,13,184,14.15,7.1,0,corps,17.98680883305167,1.2268
5281,37,343,9.27,17.8,0,corps,17.979817176694894,1.7882
5282,16,145,9.06,8.4,0,corps,17.97282901529248,1.9785
5283,26,234,9.00,12.9,0,corps,17.965844347097395,2.5909
5284,36,394,10.94,17.3,0,corps,17.958863170363475,1.6732
5285,30,296,9.87,14.7,0,corps,17.95188548334541,1.5572
5286,23,260,11.30,11.6,0,corps,17.944911284298804,1.4868
5287,10,102,10.20,5.8,0,corps,17.93794057148008,1.2436
5288,15,124,8.27,8.0,0,corps,17.93097334314657,1.8778
5289,25,285,11.40,12.4,0,corps,17.924009597556477,1.9043
5290,13,114,8.77,7.1,0,corps,17.917049332968848,1.6495
5291,17,155,9.12,8.9,0,corps,17.910092547643625,1.6169
5292,2,17,8.50,2.2,0,corps,17.903139239841618,2.0702
5293,2,19,9.50,2.2,0,corps,17.896189407824487,2.5719
5294,7,87,12.43,4.4,0,corps,17.889243049854787,1.4541
5295,8,61,7.62,4.9,0,corps,17.882300164195915,1.4474
5296,28,272,9.71,13.8,0,corps,17.875360749112158,1.7072
5297,7,50,7.14,4.4,0,corps,17.868424802868667,1.9520
5298,12,73,6.08,6.7,0,corps,17.86149232373144,2.1972
5299,33,329,9.97,16.0,0,corps,17.854563309967368,1.5812
5300,28,254,9.07,13.8,0,corps,17.8476377598442,3.1772
5301,15,163,10.87,8.0,0,corps,17.840715671630537,1.3343
5302,30,336,11.20,14.7,0,corps,17.833797043595876,1.8127
5303,30,287,9.57,14.7,0,corps,17.826881874010535,1.7944
5304,12,130,10.83,6.7,0,corps,17.81997016114574,1.7130
5305,49,535,10.92,23.1,0,corps,17.81306190327356,1.8071
5306,30,302,10.07,14.7,0,corps,17.806157098666926,1.6926
5307,23,222,9.65,11.6,0,corps,17.799255745599634,2.1890
5308,14,148,10.57,7.6,0,corps,17.792357842346355,1.6013
5309,38,366,9.63,18.2,0,corps,17.785463387182606,2.3698
5310,36,368,10.22,17.3,0,corps,17.77857237838478,1.7980
5311,21,174,8.29,10.7,0,corps,17.771684814230117,1.8705
5312,11,100,9.09,6.2,0,corps,17.764800692996726,2.5682
5313,31,261,8.42,15.1,0,corps,17.757920012963584,2.2341
5314,20,157,7.85,10.2,0,corps,17.751042772410518,1.8103
5315,24,226,9.42,12.0,0,corps,17.74416896961821,1.7907
5316,21,173,8.24,10.7,0,corps,17.737298602868226,2.0210
5317,20,222,11.10,10.2,0,corps,17.730431670442957,1.5519
5318,35,361,10.31,16.9,0,corps,17.723568170625683,1.4819
5319,12,109,9.08,6.7,0,corps,17.71670810170052,1.7492
5320,22,229,10.41,11.1,0,corps,17.70985146195245,1.8849
5321,23,223,9.70,11.6,0,corps,17.702998249667324,2.7397
5322,35,358,10.23,16.9,0,corps,17.696148463131824,1.7679
5323,14,120,8.57,7.6,0,corps,17.689302100633515,1.8679
5324,8,77,9.62,4.9,0,corps,17.682459160460805,1.8869
5325,30,295,9.83,14.7,0,corps,17.675619640902955,2.1179
5326,8,71,8.88,4.9,0,corps,17.668783540250086,2.0620
5327,18,216,12.00,9.3,0,corps,17.661950856793172,1.7378
5328,8,66,8.25,4.9,0,corps,17.65512158882404,1.9634
5329,24,251,10.46,12.0,0,corps,17.648295734635386,2.7963
5330,9,107,11.89,5.3,0,corps,17.641473292520725,1.5335
5331,24,256,10.67,12.0,0,corps,17.634654260774465,1.9152
5332,9,94,10.44,5.3,0,corps,17.627838637691845,1.7273
5333,19,186,9.79,9.8,0,corps,17.62102642156895,1.8015
5334,27,290,10.74,13.3,0,corps,17.614217610702735,1.9450
5335,32,301,9.41,15.6,0,corps,17.607412203390986,2.0723
5336,26,258,9.92,12.9,0,corps,17.60061019793236,2.0907
5337,21,214,10.19,10.7,0,corps,17.593811592626366,1.9927
5338,19,190,10.00,9.8,0,corps,17.587016385773328,1.7104
5339,13,113,8.69,7.1,0,corps,17.580224575674464,2.0125
5340,13,101,7.77,7.1,0,corps,17.573436160631815,2.0295
5341,21,183,8.71,10.7,0,corps,17.566651138948274,1.5619
5342,13,126,9.69,7.1,0,corps,17.55986950892759,1.4295
5343,14,131,9.36,7.6,0,corps,17.55309126887435,1.6604
5344,19,175,9.21,9.8,0,corps,17.546316417093998,2.0111
5345,13,146,11.23,7.1,0,corps,17.53954495189283,1.2139
5346,36,457,12.69,17.3,0,corps,17.532776871577962,1.6420
5347,25,280,11.20,12.4,0,corps,17.526012174457378,1.6426
5348,9,79,8.78,5.3,0,corps,17.51925085883992,1.8226
5349,8,72,9.00,4.9,0,corps,17.51249292303524,1.7428
5350,49,522,10.65,23.1,0,corps,17.505738365353867,1.7662
5351,30,334,11.13,14.7,0,corps,17.498987184107147,1.6396
5352,6,71,11.83,4.0,0,corps,17.492239377607298,1.6394
5353,9,90,10.00,5.3,0,corps,17.485494944167364,1.7487
5354,34,326,9.59,16.4,0,corps,17.478753882101238,1.8583
5355,11,131,11.91,6.2,0,corps,17.472016189723647,1.7151
5356,16,140,8.75,8.4,0,corps,17.46528186535018,2.9119
5357,8,79,9.88,4.9,0,corps,17.458550907297244,1.9706
5358,12,88,7.33,6.7,0,corps,17.45182331388211,1.8574
5359,28,268,9.57,13.8,0,corps,17.44509908342287,1.6916
5360,22,198,9.00,11.1,0,corps,17.43837821423847,3.0969
5361,20,178,8.90,10.2,0,corps,17.431660704648703,3.6358
5362,23,241,10.48,11.6,0,corps,17.42494655297417,1.5526
5363,5,45,9.00,3.6,0,corps,17.418235757536348,2.0053
5364,41,425,10.37,19.6,0,corps,17.41152831665754,1.9973
5365,42,408,9.71,20.0,0,corps,17.40482422866088,1.7901
5366,29,302,10.41,14.2,0,corps,17.39812349187035,2.0979
5367,43,455,10.58,20.4,0,corps,17.39142610461076,1.6283
5368,14,131,9.36,7.6,0,corps,17.384732065207757,2.1626
5369,25,303,12.12,12.4,0,corps,17.378041371987855,1.8858
5370,18,216,12.00,9.3,0,corps,17.371354023278354,1.8337
5371,16,197,12.31,8.4,0,corps,17.36467001740743,1.6182
5372,12,123,10.25,6.7,0,corps,17.357989352704088,1.5106
5373,36,429,11.92,17.3,0,corps,17.351312027498142,1.5344
5374,21,202,9.62,10.7,0,corps,17.344638040120284,2.1378
5375,8,97,12.12,4.9,0,corps,17.337967388901998,1.7341
5376,23,206,8.96,11.6,0,corps,17.33130007217563,2.2737
5377,18,208,11.56,9.3,0,corps,17.324636088274353,1.4770
5378,25,259,10.36,12.4,0,corps,17.317975435532166,1.6564
5379,20,209,10.45,10.2,0,corps,17.311318112283907,2.5888
5380,34,327,9.62,16.4,0,corps,17.304664116865244,2.1560
5381,19,207,10.89,9.8,0,corps,17.29801344761268,1.7494
5382,20,178,8.90,10.2,0,corps,17.29136610286355,1.8163
5383,27,243,9.00,13.3,0,corps,17.28472208095601,1.9600
5384,17,156,9.18,8.9,0,corps,17.278081380229057,1.5206
5385,14,121,8.64,7.6,0,corps,17.271443999022527,2.2003
5386,38,318,8.37,18.2,0,corps,17.264809935677057,2.0108
5387,40,401,10.03,19.1,0,corps,17.258179188534147,2.0093
5388,6,74,12.33,4.0,0,corps,17.251551755936102,1.5688
5389,19,181,9.53,9.8,0,corps,17.244927636226063,2.1154
5390,15,140,9.33,8.0,0,corps,17.238306827748005,1.9935
5391,18,173,9.61,9.3,0,corps,17.23168932884672,1.7791
5392,33,365,11.06,16.0,0,corps,17.225075137867833,2.5171
5393,29,206,7.10,14.2,0,corps,17.21846425315781,2.2032
5394,22,231,10.50,11.1,0,corps,17.21185667306391,1.9513
5395,25,238,9.52,12.4,0,corps,17.205252395934252,1.8466
5396,28,296,10.57,13.8,0,corps,17.198651420117756,2.1653
5397,41,373,9.10,19.6,0,corps,17.192053743964188,1.8851
5398,19,212,11.16,9.8,0,corps,17.185459365824123,1.5476
5399,23,231,10.04,11.6,0,corps,17.178868284048967,1.5731
5400,5,51,10.20,3.6,0,corps,17.17228049699095,2.3686
5401,30,270,9.00,14.7,0,corps,17.165696003003134,1.8423
5402,27,246,9.11,13.3,0,corps,17.15911480043938,1.7962
5403,31,298,9.61,15.1,0,corps,17.1525368876544,1.5298
5404,4,50,12.50,3.1,0,corps,17.145962263003707,2.0815
5405,17,167,9.82,8.9,0,corps,17.139390924843642,1.5066
5406,13,134,10.31,7.1,0,corps,17.132822871531385,1.7489
5407,39,361,9.26,18.7,0,corps,17.12625810142491,2.2726
5408,26,245,9.42,12.9,0,corps,17.119696612883033,1.8658
5409,18,151,8.39,9.3,0,corps,17.113138404265378,1.8774
5410,25,215,8.60,12.4,0,corps,17.106583473932385,2.1312
5411,13,132,10.15,7.1,0,corps,17.100031820245338,1.6895
5412,35,345,9.86,16.9,0,corps,17.093483441566306,1.6575
5413,31,327,10.55,15.1,0,corps,17.086938336258203,1.6070
5414,23,237,10.30,11.6,0,corps,17.080396502684764,1.7950
5415,32,308,9.62,15.6,0,corps,17.073857939210505,1.7113
5416,33,323,9.79,16.0,0,corps,17.067322644200804,1.5982
5417,29,293,10.10,14.2,0,corps,17.060790616021833,1.4686
5418,6,54,9.00,4.0,0,corps,17.054261853040583,1.7510
5419,24,272,11.33,12.0,0,corps,17.047736353624867,1.5028
5420,25,219,8.76,12.4,0,corps,17.041214116143305,2.0684
5421,48,480,10.00,22.7,0,corps,17.034695138965336,1.4541
5422,17,171,10.06,8.9,0,corps,17.028179420461225,1.4409
5423,34,335,9.85,16.4,0,corps,17.021666959002037,1.5443
5424,23,228,9.91,11.6,0,corps,17.01515775295965,1.5932
5425,32,326,10.19,15.6,0,corps,17.00865180070678,1.5526
5426,17,171,10.06,8.9,0,corps,17.00214910061692,1.3119
5427,36,379,10.53,17.3,0,corps,16.995649651064408,1.4783
5428,47,484,10.30,22.2,0,corps,16.98915345042437,1.5834
5429,25,271,10.84,12.4,0,corps,16.982660497072764,1.5323
5430,13,117,9.00,7.1,0,corps,16.976170789386355,1.6377
5431,32,278,8.69,15.6,0,corps,16.969684325742705,1.5401
5432,4,45,11.25,3.1,0,corps,16.963201104520206,1.1652
5433,21,159,7.57,10.7,0,corps,16.956721124098053,2.2104
5434,44,476,10.82,20.9,0,corps,16.950244382856244,1.7067
5435,29,318,10.97,14.2,0,corps,16.943770879175606,1.5496
5436,13,111,8.54,7.1,0,corps,16.937300611437745,1.4666
5437,12,115,9.58,6.7,0,corps,16.93083357802511,1.5820
5438,28,286,10.21,13.8,0,corps,16.924369777320937,1.4140
5439,39,421,10.79,18.7,0,corps,16.917909207709272,1.8225
5440,21,189,9.00,10.7,0,corps,16.91145186757498,1.8056
5441,15,156,10.40,8.0,0,corps,16.904997755303725,1.3980
5442,30,305,10.17,14.7,0,corps,16.89854686928197,2.1015
5443,12,110,9.17,6.7,0,corps,16.892099207897,1.6610
5444,31,314,10.13,15.1,0,corps,16.885654769536902,1.6320
5445,36,343,9.53,17.3,0,corps,16.879213552590556,1.9904
5446,17,184,10.82,8.9,0,corps,16.872775555447678,1.5448
5447,29,260,8.97,14.2,0,corps,16.86634077649875,1.6004
5448,47,518,11.02,22.2,0,corps,16.859909214135076,1.8507
5449,16,154,9.62,8.4,0,corps,16.853480866748786,1.4523
5450,59,787,13.34,27.6,0,corps,16.84705573273277,2.0714
5451,10,107,10.70,5.8,0,corps,16.84063381048076,1.8255
5452,31,271,8.74,15.1,0,corps,16.83421509838726,1.7633
5453,32,357,11.16,15.6,0,corps,16.827799594847605,1.9467
5454,23,258,11.22,11.6,0,corps,16.82138729825792,1.6505
5455,34,384,11.29,16.4,0,corps,16.81497820701513,1.6892
5456,17,131,7.71,8.9,0,corps,16.808572319516948,1.9381
5457,31,338,10.90,15.1,0,corps,16.802169634161924,1.7431
5458,29,299,10.31,14.2,0,corps,16.795770149349366,1.8270
5459,35,390,11.14,16.9,0,corps,16.78937386347942,2.0632
5460,2,28,14.00,2.2,0,corps,16.782980774952996,1.5665
5461,12,111,9.25,6.7,0,corps,16.776590882171835,2.2530
5462,15,134,8.93,8.0,0,corps,16.770204183538468,2.0855
5463,19,185,9.74,9.8,0,corps,16.763820677456202,1.8279
5464,10,118,11.80,5.8,0,corps,16.757440362329177,1.2959
5465,41,447,10.90,19.6,0,corps,16.75106323656232,2.0158
5466,21,215,10.24,10.7,0,corps,16.744689298561326,1.9763
5467,33,294,8.91,16.0,0,corps,16.73831854673273,2.0634
5468,25,270,10.80,12.4,0,corps,16.73195097948383,1.6399
5469,17,159,9.35,8.9,0,corps,16.725586595222744,1.9350
5470,33,327,9.91,16.0,0,corps,16.719225392358375,1.7345
5471,41,513,12.51,19.6,0,corps,16.71286736930042,1.7893
5472,28,340,12.14,13.8,0,corps,16.70651252445937,2.1321
5473,34,496,14.59,16.4,0,corps,16.700160856246523,1.5759
5474,27,290,10.74,13.3,0,corps,16.693812363073953,1.8658
5475,21,204,9.71,10.7,0,corps,16.68746704335454,2.0270
5476,54,626,11.59,25.3,0,corps,16.681124895501952,2.0535
5477,8,75,9.38,4.9,0,corps,16.674785917930652,2.2889
5478,23,232,10.09,11.6,0,corps,16.66845010905591,1.9521
5479,30,288,9.60,14.7,0,corps,16.66211746729375,1.7574
5480,36,487,13.53,17.3,0,corps,16.655787991061022,1.5851
5481,22,216,9.82,11.1,0,corps,16.649461678775364,1.4539
5482,37,428,11.57,17.8,0,corps,16.643138528855186,1.7989
5483,31,309,9.97,15.1,0,corps,16.636818539719712,1.3564
5484,30,306,10.20,14.7,0,corps,16.630501709788938,1.5878
5485,13,171,13.15,7.1,0,corps,16.62418803748365,0.9879
5486,23,213,9.26,11.6,0,corps,16.617877521225445,1.3576
5487,35,397,11.34,16.9,0,corps,16.61157015943668,1.2956
5488,37,372,10.05,17.8,0,corps,16.60526595054052,2.0685
5489,38,442,11.63,18.2,0,corps,16.59896489296092,1.3835
5490,24,235,9.79,12.0,0,corps,16.5926669851226,1.4139
5491,43,420,9.77,20.4,0,corps,16.586372225451107,1.7975
5492,35,328,9.37,16.9,0,corps,16.580080612372722,1.6020
5493,15,150,10.00,8.0,0,corps,16.57379214431456,1.3089
5494,13,112,8.62,7.1,0,corps,16.5675068197045,1.4201
5495,40,472,11.80,19.1,0,corps,16.56122463697121,1.5347
5496,18,158,8.78,9.3,0,corps,16.55494559454414,1.5427
5497,62,699,11.27,28.9,0,corps,16.548669690853544,1.4797
5498,38,458,12.05,18.2,0,corps,16.54239692433043,1.7824
5499,41,469,11.44,19.6,0,corps,16.536127293406615,1.8232
5500,26,246,9.46,12.9,0,corps,16.529860796514683,1.3413
5501,19,209,11.00,9.8,0,corps,16.523597432088017,1.9258
5502,32,320,10.00,15.6,0,corps,16.51733719856078,1.7233
5503,30,335,11.17,14.7,0,corps,16.5110800943679,1.8320
5504,28,247,8.82,13.8,0,corps,16.504826117945118,1.7439
5505,4,55,13.75,3.1,0,corps,16.498575267728928,1.4426
5506,33,477,14.45,16.0,0,corps,16.492327542156612,1.5154
5507,27,280,10.37,13.3,0,corps,16.486082939666254,1.9461
5508,17,174,10.24,8.9,0,corps,16.479841458696693,1.5656
5509,35,327,9.34,16.9,0,corps,16.473603097687562,1.8674
5510,17,155,9.12,8.9,0,corps,16.467367855079274,2.1110
5511,28,293,10.46,13.8,0,corps,16.46113572931301,1.7496
5512,27,354,13.11,13.3,0,corps,16.45490671883075,1.5221
5513,5,55,11.00,3.6,0,corps,16.448680822075225,1.8538
5514,12,98,8.17,6.7,0,corps,16.442458037489974,4.5907
5515,38,416,10.95,18.2,0,corps,16.4362383635193,1.9131
5516,16,153,9.56,8.4,0,corps,16.43002179860828,2.5105
5517,13,98,7.54,7.1,0,corps,16.42380834120277,2.2425
5518,15,148,9.87,8.0,0,corps,16.417597989749417,2.3338
5519,19,219,11.53,9.8,0,corps,16.411390742695627,1.6748
5520,51,587,11.51,24.0,0,corps,16.405186598489582,1.9509
5521,37,338,9.14,17.8,0,corps,16.398985555580254,1.5931
5522,18,190,10.56,9.3,0,corps,16.392787612417376,1.3520
5523,20,186,9.30,10.2,0,corps,16.38659276745147,1.8875
5524,19,171,9.00,9.8,0,corps,16.380401019133817,2.2353
5525,14,119,8.50,7.6,0,corps,16.37421236591648,1.8222
5526,12,111,9.25,6.7,0,corps,16.36802680625231,1.5603
5527,24,271,11.29,12.0,0,corps,16.361844338594896,1.3951
5528,14,128,9.14,7.6,0,corps,16.355664961398638,1.5165
5529,14,125,8.93,7.6,0,corps,16.34948867311868,1.7379
5530,22,180,8.18,11.1,0,corps,16.343315472210953,2.2202
5531,13,130,10.00,7.1,0,corps,16.337145357132165,1.7091
5532,44,482,10.95,20.9,0,corps,16.330978326339775,1.6575
5533,34,325,9.56,16.4,0,corps,16.324814378292032,1.8093
5534,30,332,11.07,14.7,0,corps,16.318653511447952,1.3196
5535,20,189,9.45,10.2,0,corps,16.312495724267308,1.5169
5536,3,28,9.33,2.7,0,corps,16.306341015210666,1.5759
5537,27,266,9.85,13.3,0,corps,16.300189382739333,1.7961
5538,31,344,11.10,15.1,0,corps,16.294040825315413,2.3106
5539,4,41,10.25,3.1,0,corps,16.287895341401768,1.5971
5540,29,277,9.55,14.2,0,corps,16.28175292946202,1.6135
5541,25,252,10.08,12.4,0,corps,16.275613587960564,1.6781
5542,36,431,11.97,17.3,0,corps,16.269477315362575,1.7239
5543,41,471,11.49,19.6,0,corps,16.263344110133975,1.4646
5544,47,506,10.77,22.2,0,corps,16.25721397074147,1.9205
5545,12,96,8.00,6.7,0,corps,16.251086895652517,1.8646
5546,32,314,9.81,15.6,0,corps,16.24496288333535,1.6778
5547,22,212,9.64,11.1,0,corps,16.238841932258975,1.7258
5548,6,76,12.67,4.0,0,corps,16.23272404089314,1.5545
5549,13,114,8.77,7.1,0,corps,16.226609207708382,1.7896
5550,18,192,10.67,9.3,0,corps,16.220497431175993,2.4567
5551,14,130,9.29,7.6,0,corps,16.21438870976802,1.7258
5552,29,292,10.07,14.2,0,corps,16.20828304195729,2.4730
5553,30,350,11.67,14.7,0,corps,16.202180426217385,1.5921
5554,21,216,10.29,10.7,0,corps,16.196080861022647,1.5136
5555,13,103,7.92,7.1,0,corps,16.18998434484819,1.9814
5556,27,252,9.33,13.3,0,corps,16.183890876169883,1.7532
5557,19,167,8.79,9.8,0,corps,16.177800453464357,1.4967
5558,29,251,8.66,14.2,0,corps,16.171713075209013,1.9308
5559,44,468,10.64,20.9,0,corps,16.165628739881996,1.7729
5560,17,146,8.59,8.9,0,corps,16.15954744596223,1.5925
5561,10,100,10.00,5.8,0,corps,16.153469191929386,1.4289
5562,19,153,8.05,9.8,0,corps,16.147393976263906,2.2818
5563,9,80,8.89,5.3,0,corps,16.141321797446984,1.9509
5564,24,244,10.17,12.0,0,corps,16.13525265396057,2.3754
5565,20,210,10.50,10.2,0,corps,16.129186544287382,1.4437
5566,23,214,9.30,11.6,0,corps,16.1231234669109,2.1159
5567,21,231,11.00,10.7,0,corps,16.117063420315343,1.5394
5568,12,110,9.17,6.7,0,corps,16.11100640298571,1.9228
5569,31,306,9.87,15.1,0,corps,16.104952413407734,1.7292
5570,15,159,10.60,8.0,0,corps,16.098901450067924,1.6393
5571,31,283,9.13,15.1,0,corps,16.092853511453544,2.2593
5572,36,402,11.17,17.3,0,corps,16.086808596052602,1.7024
5573,19,194,10.21,9.8,0,corps,16.08076670235387,1.4629
5574,22,186,8.45,11.1,0,corps,16.074727828846886,3.1460
5575,16,145,9.06,8.4,0,corps,16.068691974021913,1.8415
5576,25,219,8.76,12.4,0,corps,16.06265913637,1.7892
5577,19,182,9.58,9.8,0,corps,16.056629314382935,1.6098
5578,33,301,9.12,16.0,0,corps,16.050602506553254,1.6995
5579,12,118,9.83,6.7,0,corps,16.04457871137427,1.4810
5580,13,90,6.92,7.1,0,corps,16.038557927340026,2.6216
5581,27,269,9.96,13.3,0,corps,16.03254015294532,1.6120
5582,14,131,9.36,7.6,0,corps,16.026525386685726,3.1605
5583,29,264,9.10,14.2,0,corps,16.020513627057532,1.9311
5584,4,31,7.75,3.1,0,corps,16.014504872557815,1.2254
5585,18,166,9.22,9.3,0,corps,16.008499121684373,1.6075
5586,29,274,9.45,14.2,0,corps,16.00249637293577,1.9131
5587,13,150,11.54,7.1,0,corps,15.996496624811332,1.3492
5588,21,238,11.33,10.7,0,corps,15.990499875811107,1.3638
5589,32,283,8.84,15.6,0,corps,15.984506124435912,1.6456
5590,22,201,9.14,11.1,0,corps,15.978515369187319,1.6377
5591,36,404,11.22,17.3,0,corps,15.972527608567624,1.7202
5592,24,235,9.79,12.0,0,corps,15.966542841079898,1.6812
5593,22,226,10.27,11.1,0,corps,15.960561065227937,1.2326
5594,37,391,10.57,17.8,0,corps,15.954582279516307,1.6466
5595,3,44,14.67,2.7,0,corps,15.948606482450314,1.3958
5596,30,282,9.40,14.7,0,corps,15.942633672536,1.8294
5597,33,322,9.76,16.0,0,corps,15.936663848280167,1.6192
5598,18,167,9.28,9.3,0,corps,15.93069700819036,1.6280
5599,16,165,10.31,8.4,0,corps,15.924733150774864,1.4619
5600,30,300,10.00,14.7,0,corps,15.918772274542722,1.5606
5601,36,371,10.31,17.3,0,corps,15.912814378003706,2.0280
5602,23,273,11.87,11.6,0,corps,15.906859459668349,1.7359
5603,45,450,10.00,21.3,0,corps,15.900907518047921,2.1213
5604,18,168,9.33,9.3,0,corps,15.894958551654431,1.7257
5605,16,172,10.75,8.4,0,corps,15.88901255900064,1.8077
5606,30,298,9.93,14.7,0,corps,15.883069538600056,1.9273
5607,30,291,9.70,14.7,0,corps,15.877129488966911,1.8709
5608,45,363,8.07,21.3,0,corps,15.871192408616208,2.2736
5609,20,196,9.80,10.2,0,corps,15.865258296063663,1.9799
5610,21,221,10.52,10.7,0,corps,15.859327149825756,1.7914
5611,26,259,9.96,12.9,0,corps,15.853398968419702,1.7211
5612,27,267,9.89,13.3,0,corps,15.847473750363447,1.9854
5613,13,116,8.92,7.1,0,corps,15.84155149417569,2.0015
5614,4,35,8.75,3.1,0,corps,15.835632198375874,3.6799
5615,19,212,11.16,9.8,0,corps,15.829715861484164,1.8103
5616,32,317,9.91,15.6,0,corps,15.823802482021488,1.7167
5617,21,202,9.62,10.7,0,corps,15.817892058509486,1.9097
5618,14,120,8.57,7.6,0,corps,15.81198458947056,1.8865
5619,27,249,9.22,13.3,0,corps,15.80608007342785,1.9315
5620,10,75,7.50,5.8,0,corps,15.800178508905214,1.9192
5621,17,142,8.35,8.9,0,corps,15.794279894427268,1.7280
5622,34,309,9.09,16.4,0,corps,15.788384228519359,1.8144
5623,27,227,8.41,13.3,0,corps,15.782491509707567,2.1812
5624,24,257,10.71,12.0,0,corps,15.776601736518717,1.4021
5625,29,297,10.24,14.2,0,corps,15.770714907480357,2.0548
5626,24,254,10.58,12.0,0,corps,15.764831021120784,1.4367
5627,10,76,7.60,5.8,0,corps,15.758950075969036,1.7260
5628,29,249,8.59,14.2,0,corps,15.753072070554861,1.6943
5629,18,220,12.22,9.3,0,corps,15.747197003408772,1.3747
5630,36,414,11.50,17.3,0,corps,15.741324873061988,1.4103
5631,40,453,11.32,19.1,0,corps,15.735455678046485,2.0635
5632,31,314,10.13,15.1,0,corps,15.729589416894965,1.6707
5633,23,233,10.13,11.6,0,corps,15.723726088140857,1.8337
5634,49,535,10.92,23.1,0,corps,15.71786569031833,1.8044
5635,17,139,8.18,8.9,0,corps,15.712008221962295,2.1451
5636,29,275,9.48,14.2,0,corps,15.70615368160837,1.6445
5637,19,157,8.26,9.8,0,corps,15.700302067792931,1.7536
5638,14,149,10.64,7.6,0,corps,15.694453379053067,1.4542
5639,39,383,9.82,18.7,0,corps,15.688607613926605,1.6031
5640,24,241,10.04,12.0,0,corps,15.682764770952115,1.6148
5641,31,296,9.55,15.1,0,corps,15.676924848668872,1.5413
5642,27,283,10.48,13.3,0,corps,15.671087845616904,1.7705
5643,13,121,9.31,7.1,0,corps,15.665253760336961,2.1580
5644,4,48,12.00,3.1,0,corps,15.659422591370515,1.3351
5645,30,285,9.50,14.7,0,corps,15.653594337259783,1.7336
5646,29,281,9.69,14.2,0,corps,15.647768996547692,1.7690
5647,9,87,9.67,5.3,0,corps,15.641946567777909,2.2485
5648,48,486,10.12,22.7,0,corps,15.636127049494833,1.5685
5649,40,368,9.20,19.1,0,corps,15.630310440243575,1.5651
5650,40,391,9.78,19.1,0,corps,15.62449673856999,1.7321
5651,4,39,9.75,3.1,0,corps,15.618685943020653,2.1286
5652,27,214,7.93,13.3,0,corps,15.61287805214286,1.8237
5653,13,117,9.00,7.1,0,corps,15.607073064484641,3.0333
5654,23,241,10.48,11.6,0,corps,15.601270978594748,1.6729
5655,16,174,10.88,8.4,0,corps,15.595471793022659,1.6371
5656,23,230,10.00,11.6,0,corps,15.589675506318581,1.4463
5657,25,227,9.08,12.4,0,corps,15.583882117033438,1.8339
5658,35,338,9.66,16.9,0,corps,15.578091623718882,1.8760
5659,31,308,9.94,15.1,0,corps,15.572304024927297,1.4683
5660,9,64,7.11,5.3,0,corps,15.566519319211777,1.8648
5661,35,322,9.20,16.9,0,corps,15.560737505126152,1.4298
5662,25,253,10.12,12.4,0,corps,15.554958581224954,1.9490
5663,28,261,9.32,13.8,0,corps,15.549182546063465,1.7810
5664,24,219,9.12,12.0,0,corps,15.543409398197678,1.7798
5665,27,238,8.81,13.3,0,corps,15.537639136184293,1.6167
5666,30,283,9.43,14.7,0,corps,15.531871758580754,1.7689
5667,23,248,10.78,11.6,0,corps,15.52610726394522,1.5281
5668,12,116,9.67,6.7,0,corps,15.520345650836557,1.6092
5669,32,277,8.66,15.6,0,corps,15.514586917814368,1.9097
5670,13,98,7.54,7.1,0,corps,15.508831063438969,1.8393
5671,14,130,9.29,7.6,0,corps,15.50307808627139,2.5710
5672,19,190,10.00,9.8,0,corps,15.497327984873403,1.4162
5673,5,53,10.60,3.6,0,corps,15.491580757807464,1.3253
5674,16,147,9.19,8.4,0,corps,15.485836403636775,1.5751
5675,9,71,7.89,5.3,0,corps,15.480094920925252,2.0584
5676,10,89,8.90,5.8,0,corps,15.474356308237514,1.7697
5677,46,478,10.39,21.8,0,corps,15.468620564138917,1.7346
5678,35,350,10.00,16.9,0,corps,15.462887687195517,1.5671
5679,32,295,9.22,15.6,0,corps,15.457157675974099,1.7951
5680,19,184,9.68,9.8,0,corps,15.451430529042161,1.6502
5681,29,285,9.83,14.2,0,corps,15.445706244967914,2.0481
5682,11,103,9.36,6.2,0,corps,15.439984822320287,2.0139
5683,35,362,10.34,16.9,0,corps,15.43426625966893,2.4920
5684,30,270,9.00,14.7,0,corps,15.428550555584192,1.9768
5685,28,264,9.43,13.8,0,corps,15.422837708637156,1.4137
5686,28,246,8.79,13.8,0,corps,15.417127717399604,1.9508
5687,28,283,10.11,13.8,0,corps,15.411420580444037,1.3639
5688,30,338,11.27,14.7,0,corps,15.405716296343686,1.4638
5689,27,252,9.33,13.3,0,corps,15.400014863672459,1.8123
5690,31,340,10.97,15.1,0,corps,15.394316281005008,1.5079
5691,31,378,12.19,15.1,0,corps,15.388620546916693,1.5818
5692,30,332,11.07,14.7,0,corps,15.382927659983567,1.5388
5693,5,48,9.60,3.6,0,corps,15.377237618782422,1.5364
5694,6,61,10.17,4.0,0,corps,15.371550421890735,1.6936
5695,14,156,11.14,7.6,0,corps,15.36586606788671,1.1282
5696,42,471,11.21,20.0,0,corps,15.36018455534927,1.4339
5697,35,352,10.06,16.9,0,corps,15.354505882858021,1.8641
5698,18,162,9.00,9.3,0,corps,15.348830048993303,1.8550
5699,2,25,12.50,2.2,0,corps,15.343157052336162,1.1913
5700,5,55,11.00,3.6,0,corps,15.337486891468338,1.3293
5701,28,275,9.82,13.8,0,corps,15.3318195649723,1.8530
5702,22,244,11.09,11.1,0,corps,15.326155071431208,1.8474
5703,37,407,11.00,17.8,0,corps,15.320493409428943,1.4561
5704,5,55,11.00,3.6,0,corps,15.314834577550092,2.0269
5705,33,313,9.48,16.0,0,corps,15.309178574379942,1.5860
5706,7,81,11.57,4.4,0,corps,15.303525398504492,1.5653
5707,6,40,6.67,4.0,0,corps,15.297875048510456,2.9603
5708,27,205,7.59,13.3,0,corps,15.292227522985238,1.9531
5709,23,212,9.22,11.6,0,corps,15.286582820516964,1.6778
5710,29,281,9.69,14.2,0,corps,15.280940939694448,1.5243
5711,8,68,8.50,4.9,0,corps,15.275301879107229,1.6694
5712,35,392,11.20,16.9,0,corps,15.26966563734554,1.9908
5713,29,315,10.86,14.2,0,corps,15.264032213000315,1.8133
5714,4,37,9.25,3.1,0,corps,15.258401604663199,1.5349
5715,29,291,10.03,14.2,0,corps,15.25277381092655,1.5653
5716,18,167,9.28,9.3,0,corps,15.24714883038341,1.6564
5717,38,384,10.11,18.2,0,corps,15.241526661627539,1.5983
5718,38,428,11.26,18.2,0,corps,15.235907303253384,1.6878
5719,24,220,9.17,12.0,0,corps,15.230290753856119,1.7230
5720,25,260,10.40,12.4,0,corps,15.2246770120316,1.5712
5721,45,567,12.60,21.3,0,corps,15.219066076376395,1.5973
5722,18,166,9.22,9.3,0,corps,15.21345794548776,1.7686
5723,17,136,8.00,8.9,0,corps,15.207852617963677,1.4964
5724,24,200,8.33,12.0,0,corps,15.202250092402805,1.6463
5725,33,317,9.61,16.0,0,corps,15.19665036740452,1.8668
5726,34,301,8.85,16.4,0,corps,15.191053441568874,1.8939
5727,35,347,9.91,16.9,0,corps,15.185459313496652,1.7838
5728,14,114,8.14,7.6,0,corps,15.179867981789318,1.4075
5729,31,326,10.52,15.1,0,corps,15.174279445049036,1.4070
5730,40,420,10.50,19.1,0,corps,15.168693701878672,1.5563
5731,8,77,9.62,4.9,0,corps,15.163110750881795,1.5452
5732,33,353,10.70,16.0,0,corps,15.15753059066266,2.0489
5733,18,162,9.00,9.3,0,corps,15.151953219826236,1.3060
5734,34,371,10.91,16.4,0,corps,15.14637863697817,2.0044
5735,12,118,9.83,6.7,0,corps,15.14080684072482,1.5365
5736,15,142,9.47,8.0,0,corps,15.135237829673246,1.8746
5737,3,24,8.00,2.7,0,corps,15.129671602431182,1.9975
5738,57,619,10.86,26.7,0,corps,15.124108157607075,1.7819
5739,26,286,11.00,12.9,0,corps,15.11854749381007,1.8155
5740,53,518,9.77,24.9,0,corps,15.112989609649993,1.6562
5741,21,207,9.86,10.7,0,corps,15.107434503737382,1.7658
5742,38,417,10.97,18.2,0,corps,15.101882174683448,1.9209
5743,12,106,8.83,6.7,0,corps,15.096332621100117,1.4779
5744,9,88,9.78,5.3,0,corps,15.090785841600002,1.4858
5745,27,261,9.67,13.3,0,corps,15.0852418347964,1.9274
5746,42,493,11.74,20.0,0,corps,15.079700599303317,1.6425
5747,13,129,9.92,7.1,0,corps,15.074162133735443,1.8805
5748,21,219,10.43,10.7,0,corps,15.068626436708158,1.5314
5749,24,202,8.42,12.0,0,corps,15.063093506837543,1.5697
5750,15,145,9.67,8.0,0,corps,15.05756334274036,1.6261
5751,9,85,9.44,5.3,0,corps,15.05203594303407,1.4152
5752,26,238,9.15,12.9,0,corps,15.046511306336827,1.5560
5753,15,134,8.93,8.0,0,corps,15.040989431267462,4.0678
5754,37,352,9.51,17.8,0,corps,15.035470316445517,1.5787
5755,33,436,13.21,16.0,0,corps,15.029953960491206,1.8953
5756,6,51,8.50,4.0,0,corps,15.024440362025443,2.2467
5757,6,56,9.33,4.0,0,corps,15.018929519669829,1.3363
5758,8,79,9.88,4.9,0,corps,15.01342143204665,1.9042
5759,22,223,10.14,11.1,0,corps,15.007916097778887,2.0512
5760,35,308,8.80,16.9,0,corps,15.00241351549021,2.0086
5761,21,185,8.81,10.7,0,corps,14.996913683804966,1.7390
5762,26,245,9.42,12.9,0,corps,14.9914166013482,1.8631
5763,31,312,10.06,15.1,0,corps,14.985922266745641,2.0187
5764,42,428,10.19,20.0,0,corps,14.980430678623705,1.9390
5765,67,873,13.03,31.1,0,corps,14.974941835609501,2.4692
5766,31,308,9.94,15.1,0,corps,14.969455736330808,2.8165
5767,20,211,10.55,10.2,0,corps,14.963972379416107,1.7023
5768,23,216,9.39,11.6,0,corps,14.95849176349456,1.5040
5769,17,163,9.59,8.9,0,corps,14.95301388719601,2.0653
5770,15,146,9.73,8.0,0,corps,14.94753874915099,2.0465
5771,16,153,9.56,8.4,0,corps,14.942066347990712,1.7449
5772,44,381,8.66,20.9,0,corps,14.936596682347078,1.6531
5773,32,396,12.38,15.6,0,corps,14.931129750852673,1.9529
5774,30,243,8.10,14.7,0,corps,14.92566555214076,1.8145
5775,28,267,9.54,13.8,0,corps,14.920204084845293,1.5407
5776,31,311,10.03,15.1,0,corps,14.91474534760091,1.9166
5777,28,266,9.50,13.8,0,corps,14.909289339042914,1.7784
5778,36,361,10.03,17.3,0,corps,14.903836057807313,1.8261
5779,20,167,8.35,10.2,0,corps,14.89838550253078,2.0207
5780,23,204,8.87,11.6,0,corps,14.892937671850678,2.1243
5781,15,155,10.33,8.0,0,corps,14.887492564405058,2.4931
5782,32,352,11.00,15.6,0,corps,14.882050178832632,1.4343
5783,40,446,11.15,19.1,0,corps,14.876610513772803,1.4272
5784,32,344,10.75,15.6,0,corps,14.871173567865666,1.3821
5785,52,500,9.62,24.4,0,corps,14.865739339751974,1.8486
5786,13,107,8.23,7.1,0,corps,14.860307828073177,1.2735
5787,16,128,8.00,8.4,0,corps,14.854879031471388,2.1191
5788,18,172,9.56,9.3,0,corps,14.849452948589414,1.5067
5789,34,301,8.85,16.4,0,corps,14.844029578070742,1.6140
5790,45,406,9.02,21.3,0,corps,14.83860891855951,1.9491
5791,27,240,8.89,13.3,0,corps,14.833190968700569,1.8538
5792,35,389,11.11,16.9,0,corps,14.827775727139429,1.8582
5793,26,229,8.81,12.9,0,corps,14.822363192522273,1.4078
5794,48,532,11.08,22.7,0,corps,14.816953363495976,1.3904
5795,37,399,10.78,17.8,0,corps,14.811546238708074,1.3384
5796,42,403,9.60,20.0,0,corps,14.806141816806784,1.7752
5797,28,262,9.36,13.8,0,corps,14.80074009644101,1.3807
5798,32,279,8.72,15.6,0,corps,14.795341076260312,1.6793
5799,15,172,11.47,8.0,0,corps,14.789944754914941,1.2516
5800,39,345,8.85,18.7,0,corps,14.784551131055817,1.5386
5801,21,185,8.81,10.7,0,corps,14.779160203334529,1.9282
5802,23,217,9.43,11.6,0,corps,14.773771970403352,1.8606
5803,40,437,10.93,19.1,0,corps,14.76838643091522,2.2466
5804,25,211,8.44,12.4,0,corps,14.763003583523751,1.8647
5805,36,321,8.92,17.3,0,corps,14.757623426883237,2.2031
5806,6,47,7.83,4.0,0,corps,14.752245959648636,2.3380
5807,19,188,9.89,9.8,0,corps,14.746871180475576,2.1003
5808,25,229,9.16,12.4,0,corps,14.741499088020374,1.9136
5809,26,312,12.00,12.9,0,corps,14.736129680939994,2.0178
5810,45,481,10.69,21.3,0,corps,14.730762957892097,2.0340
5811,26,250,9.62,12.9,0,corps,14.72539891753499,2.1453
5812,43,463,10.77,20.4,0,corps,14.720037558527665,1.9517
5813,23,220,9.57,11.6,0,corps,14.714678879529794,1.9673
5814,13,110,8.46,7.1,0,corps,14.709322879201691,2.7079
5815,30,299,9.97,14.7,0,corps,14.703969556204367,2.1201
5816,21,186,8.86,10.7,0,corps,14.69861890919949,2.0869
5817,70,822,11.74,32.4,0,corps,14.693270936849393,1.9066
5818,37,339,9.16,17.8,0,corps,14.68792563781709,2.1434
5819,27,259,9.59,13.3,0,corps,14.682583010766246,1.8519
5820,38,386,10.16,18.2,0,corps,14.677243054361213,2.1093
5821,34,341,10.03,16.4,0,corps,14.671905767267003,1.7566
5822,46,441,9.59,21.8,0,corps,14.666571148149282,1.9921
5823,13,136,10.46,7.1,0,corps,14.661239195674408,2.2333
5824,48,497,10.35,22.7,0,corps,14.655909908509393,1.7962
5825,24,265,11.04,12.0,0,corps,14.650583285321906,2.1983
5826,36,325,9.03,17.3,0,corps,14.645259324780296,1.9375
5827,9,99,11.00,5.3,0,corps,14.639938025553572,2.0510
5828,24,214,8.92,12.0,0,corps,14.63461938631141,1.8461
5829,32,349,10.91,15.6,0,corps,14.629303405724153,1.6738
5830,8,72,9.00,4.9,0,corps,14.623990082462798,1.9902
5831,51,544,10.67,24.0,0,corps,14.61867941519902,1.8572
5832,39,412,10.56,18.7,0,corps,14.613371402605157,1.3533
5833,15,112,7.47,8.0,0,corps,14.608066043354192,2.1029
5834,17,147,8.65,8.9,0,corps,14.6027633361198,2.2868
5835,39,395,10.13,18.7,0,corps,14.597463279576292,1.9702
5836,16,183,11.44,8.4,0,corps,14.59216587239866,1.3488
5837,25,209,8.36,12.4,0,corps,14.586871113262553,1.7146
5838,26,226,8.69,12.9,0,corps,14.581579000844277,1.7771
5839,13,116,8.92,7.1,0,corps,14.576289533820807,1.8035
5840,33,341,10.33,16.0,0,corps,14.571002710869779,1.6344
5841,41,490,11.95,19.6,0,corps,14.56571853066948,1.7057
5842,20,192,9.60,10.2,0,corps,14.560436991898873,1.6674
5843,24,234,9.75,12.0,0,corps,14.555158093237564,1.5912
5844,18,161,8.94,9.3,0,corps,14.549881833365832,2.1664
5845,33,401,12.15,16.0,0,corps,14.544608210964622,1.8030
5846,40,420,10.50,19.1,0,corps,14.539337224715512,1.9437
5847,44,515,11.70,20.9,0,corps,14.534068873300763,1.7134
5848,16,139,8.69,8.4,0,corps,14.528803155403292,1.9125
5849,21,241,11.48,10.7,0,corps,14.52354006970666,1.5299
5850,3,26,8.67,2.7,0,corps,14.518279614895107,1.3620
5851,42,439,10.45,20.0,0,corps,14.513021789653505,1.6483
5852,29,265,9.14,14.2,0,corps,14.507766592667407,1.6951
5853,5,36,7.20,3.6,0,corps,14.502514022623014,2.7489
5854,43,413,9.60,20.4,0,corps,14.49726407820718,1.8479
5855,28,321,11.46,13.8,0,corps,14.492016758107418,1.7354
5856,25,240,9.60,12.4,0,corps,14.486772061011907,1.5741
5857,37,448,12.11,17.8,0,corps,14.481529985609459,1.4089
5858,34,371,10.91,16.4,0,corps,14.476290530589567,1.6652
5859,11,107,9.73,6.2,0,corps,14.471053694642357,1.9251
5860,31,331,10.68,15.1,0,corps,14.465819476458627,1.5566
5861,21,188,8.95,10.7,0,corps,14.460587874729825,1.2569
5862,31,339,10.94,15.1,0,corps,14.455358888148043,1.2353
5863,33,308,9.33,16.0,0,corps,14.450132515406032,1.6109
5864,18,157,8.72,9.3,0,corps,14.444908755197213,1.6790
5865,37,397,10.73,17.8,0,corps,14.439687606215632,1.7291
5866,17,134,7.88,8.9,0,corps,14.434469067156014,2.1946
5867,33,339,10.27,16.0,0,corps,14.42925313671371,1.6879
5868,19,199,10.47,9.8,0,corps,14.424039813584743,1.6537
5869,11,100,9.09,6.2,0,corps,14.41882909646579,1.7740
5870,16,138,8.62,8.4,0,corps,14.413620984054162,1.4143
5871,14,133,9.50,7.6,0,corps,14.408415475047832,1.7041
5872,17,155,9.12,8.9,0,corps,14.40321256814543,1.8458
5873,32,342,10.69,15.6,0,corps,14.398012262046219,1.8117
5874,25,234,9.36,12.4,0,corps,14.392814555450133,1.7536
5875,12,102,8.50,6.7,0,corps,14.387619447057737,2.0665
5876,34,345,10.15,16.4,0,corps,14.382426935570255,1.7971
5877,32,286,8.94,15.6,0,corps,14.377237019689568,1.8398
5878,18,133,7.39,9.3,0,corps,14.372049698118182,1.9158
5879,38,359,9.45,18.2,0,corps,14.366864969559282,1.7241
5880,31,300,9.68,15.1,0,corps,14.36168283271667,1.6955
5881,2,12,6.00,2.2,0,corps,14.356503286294824,1.6009
5882,37,364,9.84,17.8,0,corps,14.351326328998857,1.6910
5883,33,293,8.88,16.0,0,corps,14.346151959534522,1.8406
5884,5,50,10.00,3.6,0,corps,14.340980176608229,1.0778
5885,36,397,11.03,17.3,0,corps,14.335810978927041,1.6537
5886,34,296,8.71,16.4,0,corps,14.330644365198644,1.4022
5887,12,106,8.83,6.7,0,corps,14.325480334131399,1.6322
5888,8,103,12.88,4.9,0,corps,14.320318884434286,1.0196
5889,36,370,10.28,17.3,0,corps,14.315160014816946,1.5224
5890,38,362,9.53,18.2,0,corps,14.310003723989674,1.9253
5891,25,245,9.80,12.4,0,corps,14.304850010663376,1.7934
5892,5,54,10.80,3.6,0,corps,14.299698873549637,1.2225
5893,19,188,9.89,9.8,0,corps,14.294550311360673,2.1479
5894,38,385,10.13,18.2,0,corps,14.289404322809338,1.4988
5895,14,131,9.36,7.6,0,corps,14.28426090660914,1.3599
5896,3,29,9.67,2.7,0,corps,14.279120061474218,0.8248
5897,16,149,9.31,8.4,0,corps,14.273981786119366,1.7302
5898,32,361,11.28,15.6,0,corps,14.268846079260017,1.3652
5899,50,517,10.34,23.6,0,corps,14.263712939612239,1.6840
5900,39,369,9.46,18.7,0,corps,14.258582365892746,1.8051
5901,28,289,10.32,13.8,0,corps,14.253454356818906,1.8040
5902,4,26,6.50,3.1,0,corps,14.248328911108702,2.4006
5903,29,259,8.93,14.2,0,corps,14.243206027480785,1.6801
5904,22,200,9.09,11.1,0,corps,14.238085704654422,1.7346
5905,20,161,8.05,10.2,0,corps,14.23296794134954,1.9277
5906,27,206,7.63,13.3,0,corps,14.2278527362867,2.2301
5907,20,159,7.95,10.2,0,corps,14.222740088187095,1.9862
5908,20,167,8.35,10.2,0,corps,14.217629995772562,1.2571
5909,42,444,10.57,20.0,0,corps,14.212522457765589,1.4113
5910,38,346,9.11,18.2,0,corps,14.207417472889276,1.8493
5911,30,272,9.07,14.7,0,corps,14.202315039867392,1.8628
5912,36,353,9.81,17.3,0,corps,14.197215157424312,1.6082
5913,11,102,9.27,6.2,0,corps,14.192117824285077,1.3106
5914,17,145,8.53,8.9,0,corps,14.187023039175358,2.0205
5915,37,349,9.43,17.8,0,corps,14.181930800821444,1.5100
5916,54,581,10.76,25.3,0,corps,14.176841107950287,1.7699
5917,22,183,8.32,11.1,0,corps,14.171753959289463,1.7686
5918,15,187,12.47,8.0,0,corps,14.166669353567174,1.2602
5919,40,453,11.32,19.1,0,corps,14.161587289512283,1.5280
5920,30,294,9.80,14.7,0,corps,14.156507765854261,1.6644
5921,22,191,8.68,11.1,0,corps,14.151430781323239,1.9052
5922,2,36,18.00,2.2,0,corps,14.146356334649965,1.6848
5923,33,300,9.09,16.0,0,corps,14.141284424565825,1.8182
5924,6,69,11.50,4.0,0,corps,14.136215049802841,1.4339
5925,23,222,9.65,11.6,0,corps,14.13114820909368,1.8170
5926,38,401,10.55,18.2,0,corps,14.126083901171619,1.9164
5927,11,118,10.73,6.2,0,corps,14.12102212477059,1.3300
5928,16,140,8.75,8.4,0,corps,14.11596287862514,4.2986
5929,23,203,8.83,11.6,0,corps,14.110906161470464,1.6869
5930,20,182,9.10,10.2,0,corps,14.105851972042382,1.8577
5931,38,361,9.50,18.2,0,corps,14.100800309077343,1.8848
5932,19,157,8.26,9.8,0,corps,14.095751171312434,2.2231
5933,34,309,9.09,16.4,0,corps,14.090704557485376,1.8970
5934,12,103,8.58,6.7,0,corps,14.085660466334504,1.8362
5935,11,73,6.64,6.2,0,corps,14.080618896598807,2.8905
5936,21,179,8.52,10.7,0,corps,14.075579847017883,1.9071
5937,16,130,8.12,8.4,0,corps,14.070543316331971,1.9324
5938,23,250,10.87,11.6,0,corps,14.065509303281946,1.9921
5939,44,411,9.34,20.9,0,corps,14.060477806609292,1.6939
5940,28,277,9.89,13.8,0,corps,14.055448825056144,1.5976
5941,24,218,9.08,12.0,0,corps,14.05042235736526,1.4179
5942,6,48,8.00,4.0,0,corps,14.045398402280012,1.5950
5943,24,205,8.54,12.0,0,corps,14.040376958544423,1.3683
5944,14,143,10.21,7.6,0,corps,14.035358024903122,1.4265
5945,27,259,9.59,13.3,0,corps,14.030341600101378,1.5419
5946,32,327,10.22,15.6,0,corps,14.025327682885091,1.7636
5947,30,286,9.53,14.7,0,corps,14.020316272000771,1.6067
5948,20,157,7.85,10.2,0,corps,14.015307366195573,1.4934
5949,29,255,8.79,14.2,0,corps,14.010300964217274,1.6225
5950,12,130,10.83,6.7,0,corps,14.005297064814263,1.8663
5951,64,730,11.41,29.8,0,corps,14.000295666735571,1.9846
5952,8,78,9.75,4.9,0,corps,13.995296768730848,1.2145
5953,25,230,9.20,12.4,0,corps,13.990300369550365,1.7712
5954,41,492,12.00,19.6,0,corps,13.985306467945035,1.7048
5955,10,104,10.40,5.8,0,corps,13.980315062666367,1.6660
5956,43,475,11.05,20.4,0,corps,13.975326152466518,1.5175
5957,29,279,9.62,14.2,0,corps,13.970339736098264,1.6848
5958,20,181,9.05,10.2,0,corps,13.965355812314991,1.7966
5959,9,88,9.78,5.3,0,corps,13.960374379870727,1.2258
5960,36,356,9.89,17.3,0,corps,13.955395437520107,1.5945
5961,22,188,8.55,11.1,0,corps,13.950418984018395,1.7121
5962,19,179,9.42,9.8,0,corps,13.945445018121488,1.6832
5963,26,232,8.92,12.9,0,corps,13.940473538585882,1.8428
5964,48,498,10.38,22.7,0,corps,13.935504544168712,1.7177
5965,14,141,10.07,7.6,0,corps,13.930538033627734,4.4493
5966,5,46,9.20,3.6,0,corps,13.925574005721314,1.8097
5967,19,178,9.37,9.8,0,corps,13.920612459208447,1.2967
5968,8,54,6.75,4.9,0,corps,13.915653392848748,2.4983
5969,35,367,10.49,16.9,0,corps,13.910696805402445,1.4717
5970,35,294,8.40,16.9,0,corps,13.9057426956304,1.7288
5971,19,186,9.79,9.8,0,corps,13.900791062294077,1.1388
5972,6,49,8.17,4.0,0,corps,13.89584190415557,1.6255
5973,10,95,9.50,5.8,0,corps,13.890895219977594,1.4939
5974,27,249,9.22,13.3,0,corps,13.885951008523472,1.3378
5975,33,360,10.91,16.0,0,corps,13.881009268557158,1.8257
5976,36,338,9.39,17.3,0,corps,13.876069998843207,1.7401
5977,22,222,10.09,11.1,0,corps,13.87113319814681,1.7758
5978,41,378,9.22,19.6,0,corps,13.866198865233764,1.7199
5979,18,166,9.22,9.3,0,corps,13.861266998870486,2.0039
5980,25,255,10.20,12.4,0,corps,13.856337597824005,1.6308
5981,37,346,9.35,17.8,0,corps,13.85141066086198,1.5082
5982,33,281,8.52,16.0,0,corps,13.846486186752669,1.7818
5983,33,263,7.97,16.0,0,corps,13.841564174264958,1.5464
5984,25,179,7.16,12.4,0,corps,13.83664462216834,1.4202
5985,20,177,8.85,10.2,0,corps,13.831727529232927,1.2287
5986,30,388,12.93,14.7,0,corps,13.826812894229453,1.4626
5987,53,698,13.17,24.9,0,corps,13.821900715929248,1.2523
5988,26,244,9.38,12.9,0,corps,13.816990993104275,1.5059
5989,4,44,11.00,3.1,0,corps,13.812083724527103,0.6096
5990,31,327,10.55,15.1,0,corps,13.80717890897091,1.4955
5991,21,224,10.67,10.7,0,corps,13.802276545209502,1.3029
5992,41,454,11.07,19.6,0,corps,13.797376632017274,1.3318
5993,28,290,10.36,13.8,0,corps,13.792479168169255,1.1983
5994,44,392,8.91,20.9,0,corps,13.787584152441088,1.5116
5995,22,223,10.14,11.1,0,corps,13.782691583609,1.2081
5996,26,252,9.69,12.9,0,corps,13.777801460449862,1.4330
5997,12,127,10.58,6.7,0,corps,13.772913781741144,1.0645
5998,44,449,10.20,20.9,0,corps,13.768028546260917,1.4516
5999,14,153,10.93,7.6,0,corps,13.763145752787883,1.3276
6000,27,233,8.63,13.3,0,corps,13.758265400101333,1.4893
6001,4,37,9.25,3.1,0,corps,13.753387486981183,2.4906
6002,33,295,8.94,16.0,0,corps,13.74851201220796,1.8838
6003,25,220,8.80,12.4,0,corps,13.743638974562788,1.9902
6004,31,342,11.03,15.1,0,corps,13.738768372827415,2.8454
6005,25,236,9.44,12.4,0,corps,13.733900205784181,1.6823
6006,57,645,11.32,26.7,0,corps,13.729034472216048,2.1526
6007,40,365,9.12,19.1,0,corps,13.72417117090659,1.8606
6008,2,15,7.50,2.2,0,corps,13.719310300639966,2.9134
6009,23,197,8.57,11.6,0,corps,13.714451860200974,1.8754
6010,32,343,10.72,15.6,0,corps,13.709595848375,1.4390
6011,8,62,7.75,4.9,0,corps,13.704742263948033,2.2164
6012,57,622,10.91,26.7,0,corps,13.699891105706689,1.8037
6013,2,20,10.00,2.2,0,corps,13.695042372438165,2.6424
6014,6,50,8.33,4.0,0,corps,13.690196062930287,1.8647
6015,46,618,13.43,21.8,0,corps,13.68535217597148,1.9412
6016,32,345,10.78,15.6,0,corps,13.68051071035076,1.8079
6017,30,312,10.40,14.7,0,corps,13.67567166485777,1.9348
6018,25,241,9.64,12.4,0,corps,13.67083503828275,1.7266
6019,11,105,9.55,6.2,0,corps,13.66600082941654,1.6668
6020,53,555,10.47,24.9,0,corps,13.661169037050586,1.6203
6021,35,374,10.69,16.9,0,corps,13.656339659976938,1.6884
6022,23,250,10.87,11.6,0,corps,13.651512696988258,1.7566
6023,45,533,11.84,21.3,0,corps,13.646688146877805,1.6327
6024,19,189,9.95,9.8,0,corps,13.641866008439434,1.5118
6025,51,558,10.94,24.0,0,corps,13.637046280467619,1.5918
6026,26,292,11.23,12.9,0,corps,13.632228961757425,1.6503
6027,26,263,10.12,12.9,0,corps,13.62741405110452,1.5889
6028,39,418,10.72,18.7,0,corps,13.62260154730518,1.5942
6029,30,327,10.90,14.7,0,corps,13.617791449156272,1.8000
6030,26,246,9.46,12.9,0,corps,13.61298375545528,1.6314
6031,44,431,9.80,20.9,0,corps,13.608178465000279,1.6388
6032,41,540,13.17,19.6,0,corps,13.60337557658994,1.5391
6033,28,263,9.39,13.8,0,corps,13.598575089023546,1.9875
6034,40,493,12.32,19.1,0,corps,13.593777001100976,1.4925
6035,19,152,8.00,9.8,0,corps,13.588981311622703,2.4880
6036,7,73,10.43,4.4,0,corps,13.584188019389815,1.4784
6037,3,35,11.67,2.7,0,corps,13.579397123203973,1.6870
6038,12,103,8.58,6.7,0,corps,13.574608621867466,2.2319
6039,11,109,9.91,6.2,0,corps,13.569822514183164,1.7791
6040,35,407,11.63,16.9,0,corps,13.56503879895454,1.6778
6041,40,418,10.45,19.1,0,corps,13.560257474985665,1.9350
6042,29,276,9.52,14.2,0,corps,13.55547854108121,1.9420
6043,45,465,10.33,21.3,0,corps,13.550701996046438,2.0403
6044,26,234,9.00,12.9,0,corps,13.545927838687218,1.8483
6045,25,239,9.56,12.4,0,corps,13.541156067810006,2.2349
6046,20,223,11.15,10.2,0,corps,13.53638668222186,1.8581
6047,30,278,9.27,14.7,0,corps,13.531619680730437,1.6605
6048,20,181,9.05,10.2,0,corps,13.526855062143978,1.9220
6049,57,664,11.65,26.7,0,corps,13.522092825271336,1.9171
6050,34,361,10.62,16.4,0,corps,13.517332968921956,1.5607
6051,18,148,8.22,9.3,0,corps,13.51257549190586,2.0472
6052,31,267,8.61,15.1,0,corps,13.507820393033693,2.1763
6053,42,394,9.38,20.0,0,corps,13.503067671116668,1.8611
6054,14,120,8.57,7.6,0,corps,13.49831732496661,2.0225
6055,36,370,10.28,17.3,0,corps,13.49356935339594,1.9103
6056,32,319,9.97,15.6,0,corps,13.488823755217652,2.0027
6057,17,127,7.47,8.9,0,corps,13.484080529245352,2.2122
6058,19,185,9.74,9.8,0,corps,13.479339674293236,1.8528
6059,45,460,10.22,21.3,0,corps,13.474601189176086,1.6748
6060,32,359,11.22,15.6,0,corps,13.469865072709286,1.5904
6061,41,384,9.37,19.6,0,corps,13.465131323708802,1.4754
6062,20,161,8.05,10.2,0,corps,13.460399940991193,1.7895
6063,6,58,9.67,4.0,0,corps,13.455670923373628,1.9119
6064,25,217,8.68,12.4,0,corps,13.450944269673833,2.0641
6065,24,204,8.50,12.0,0,corps,13.446219978710161,1.4096
6066,21,194,9.24,10.7,0,corps,13.441498049301535,1.2879
6067,25,214,8.56,12.4,0,corps,13.436778480267463,1.9580
6068,50,527,10.54,23.6,0,corps,13.43206127042807,1.5517
6069,8,76,9.50,4.9,0,corps,13.427346418604035,1.5144
6070,8,55,6.88,4.9,0,corps,13.422633923616656,1.3641
6071,38,453,11.92,18.2,0,corps,13.417923784287808,1.6464
6072,3,35,11.67,2.7,0,corps,13.413215999439954,1.0712
6073,36,343,9.53,17.3,0,corps,13.408510567896148,1.9421
6074,20,167,8.35,10.2,0,corps,13.403807488480037,1.8189
6075,36,385,10.69,17.3,0,corps,13.399106760015844,1.5463
6076,21,215,10.24,10.7,0,corps,13.394408381328393,1.5464
6077,22,186,8.45,11.1,0,corps,13.389712351243082,1.9775
6078,4,38,9.50,3.1,0,corps,13.38501866858591,2.0356
6079,19,187,9.84,9.8,0,corps,13.380327332183455,1.5809
6080,20,189,9.45,10.2,0,corps,13.37563834086288,1.4890
6081,33,304,9.21,16.0,0,corps,13.370951693451937,1.9276
6082,15,136,9.07,8.0,0,corps,13.366267388778974,3.1582
6083,34,306,9.00,16.4,0,corps,13.361585425672901,2.1872
6084,46,549,11.93,21.8,0,corps,13.356905802963235,2.1002
6085,50,602,12.04,23.6,0,corps,13.352228519480066,2.0237
6086,19,182,9.58,9.8,0,corps,13.347553574054075,3.0198
6087,21,213,10.14,10.7,0,corps,13.342880965516532,2.3273
6088,40,425,10.62,19.1,0,corps,13.338210692699274,1.9172
6089,28,289,10.32,13.8,0,corps,13.333542754434738,1.9682
6090,40,448,11.20,19.1,0,corps,13.328877149555943,1.8665
6091,55,820,14.91,25.8,0,corps,13.32421387689648,1.6682
6092,31,256,8.26,15.1,0,corps,13.319552935290538,1.9905
6093,58,712,12.28,27.1,0,corps,13.314894323572874,1.7409
6094,41,375,9.15,19.6,0,corps,13.31023804057884,1.9331
6095,19,166,8.74,9.8,0,corps,13.30558408514437,2.3786
6096,31,299,9.65,15.1,0,corps,13.300932456105965,1.8178
6097,29,306,10.55,14.2,0,corps,13.296283152300722,1.8246
6098,16,135,8.44,8.4,0,corps,13.29163617256632,1.9243
6099,31,306,9.87,15.1,0,corps,13.286991515741006,1.7113
6100,49,521,10.63,23.1,0,corps,13.282349180663623,2.0326
6101,17,122,7.18,8.9,0,corps,13.27770916617358,1.9302
6102,44,461,10.48,20.9,0,corps,13.273071471110873,1.6942
6103,52,550,10.58,24.4,0,corps,13.26843609431609,1.9971
6104,12,94,7.83,6.7,0,corps,13.263803034630376,2.0860
6105,18,153,8.50,9.3,0,corps,13.259172290895465,1.6072
6106,33,323,9.79,16.0,0,corps,13.25454386195368,1.7908
6107,22,195,8.86,11.1,0,corps,13.249917746647908,1.9472
6108,3,22,7.33,2.7,0,corps,13.24529394382162,2.9326
6109,41,359,8.76,19.6,0,corps,13.240672452318867,1.6070
6110,48,417,8.69,22.7,0,corps,13.236053270984272,1.6237
6111,46,513,11.15,21.8,0,corps,13.231436398663046,1.4725
6112,41,383,9.34,19.6,0,corps,13.226821834200967,1.7667
6113,52,579,11.13,24.4,0,corps,13.22220957644439,1.7669
6114,4,31,7.75,3.1,0,corps,13.217599624240265,2.4716
6115,23,221,9.61,11.6,0,corps,13.212991976436086,1.6803
6116,12,111,9.25,6.7,0,corps,13.208386631879954,1.2516
6117,33,295,8.94,16.0,0,corps,13.203783589420526,1.5682
6118,34,348,10.24,16.4,0,corps,13.19918284790704,1.9065
6119,31,273,8.81,15.1,0,corps,13.19458440618932,2.0714
6120,21,209,9.95,10.7,0,corps,13.189988263117744,1.4853
6121,22,184,8.36,11.1,0,corps,13.18539441754328,1.6438
6122,24,193,8.04,12.0,0,corps,13.180802868317476,1.8174
6123,19,182,9.58,9.8,0,corps,13.17621361429243,1.3772
6124,38,354,9.32,18.2,0,corps,13.171626654320843,1.8196
6125,27,262,9.70,13.3,0,corps,13.16704198725596,1.8013
6126,35,374,10.69,16.9,0,corps,13.162459611951624,1.5587
6127,32,337,10.53,15.6,0,corps,13.157879527262242,1.6071
6128,55,603,10.96,25.8,0,corps,13.153301732042783,1.5853
6129,60,574,9.57,28.0,0,corps,13.14872622514881,1.9046
6130,48,501,10.44,22.7,0,corps,13.14415300543644,1.9440
6131,7,65,9.29,4.4,0,corps,13.139582071762366,2.8172
6132,33,302,9.15,16.0,0,corps,13.135013422983862,1.8887
6133,17,159,9.35,8.9,0,corps,13.130447057958758,2.0232
6134,33,303,9.18,16.0,0,corps,13.125882975545466,1.8666
6135,30,274,9.13,14.7,0,corps,13.121321174602969,1.9804
6136,32,282,8.81,15.6,0,corps,13.116761653990809,1.7724
6137,19,167,8.79,9.8,0,corps,13.112204412569112,3.0291
6138,9,84,9.33,5.3,0,corps,13.107649449198563,1.9741
6139,19,169,8.89,9.8,0,corps,13.103096762740426,1.5548
6140,43,411,9.56,20.4,0,corps,13.098546352056529,1.9637
6141,26,265,10.19,12.9,0,corps,13.093998216009265,1.6616
6142,34,388,11.41,16.4,0,corps,13.089452353461601,1.9613
6143,22,284,12.91,11.1,0,corps,13.084908763277076,2.1694
6144,30,267,8.90,14.7,0,corps,13.080367444319785,2.6266
6145,17,155,9.12,8.9,0,corps,13.075828395454408,2.1192
6146,35,374,10.69,16.9,0,corps,13.071291615546174,2.0506
6147,36,384,10.67,17.3,0,corps,13.066757103460889,2.7376
6148,49,508,10.37,23.1,0,corps,13.062224858064933,1.6837
6149,25,247,9.88,12.4,0,corps,13.057694878225231,1.6416
6150,41,420,10.24,19.6,0,corps,13.0531671628093,1.7488
6151,49,487,9.94,23.1,0,corps,13.048641710685208,2.0396
6152,35,297,8.49,16.9,0,corps,13.04411852072159,2.2616
6153,34,341,10.03,16.4,0,corps,13.039597591787649,1.8661
6154,39,321,8.23,18.7,0,corps,13.03507892275315,2.3665
6155,17,183,10.76,8.9,0,corps,13.030562512488434,1.6542
6156,37,380,10.27,17.8,0,corps,13.026048359864392,1.7363
6157,28,274,9.79,13.8,0,corps,13.021536463752485,1.9926
6158,47,572,12.17,22.2,0,corps,13.017026823024738,2.0208
6159,58,561,9.67,27.1,0,corps,13.012519436553752,2.1162
6160,44,394,8.95,20.9,0,corps,13.008014303212665,1.9550
6161,37,378,10.22,17.8,0,corps,13.003511421875205,1.9298
6162,53,596,11.25,24.9,0,corps,12.999010791415644,2.1045
6163,33,364,11.03,16.0,0,corps,12.994512410708827,1.9393
6164,47,576,12.26,22.2,0,corps,12.990016278630165,1.7001
6165,29,277,9.55,14.2,0,corps,12.985522394055614,1.6970
6166,18,187,10.39,9.3,0,corps,12.981030755861712,1.6828
6167,25,209,8.36,12.4,0,corps,12.976541362925545,2.7161
6168,13,140,10.77,7.1,0,corps,12.972054214124762,1.6674
6169,54,535,9.91,25.3,0,corps,12.967569308337584,1.8964
6170,8,76,9.50,4.9,0,corps,12.963086644442779,2.0774
6171,16,129,8.06,8.4,0,corps,12.958606221319677,1.7237
6172,21,206,9.81,10.7,0,corps,12.954128037848184,1.5248
6173,39,373,9.56,18.7,0,corps,12.949652092908739,1.8846
6174,10,96,9.60,5.8,0,corps,12.94517838538237,1.8506
6175,59,614,10.41,27.6,0,corps,12.940706914150644,2.0058
6176,15,159,10.60,8.0,0,corps,12.936237678095692,2.0831
6177,18,143,7.94,9.3,0,corps,12.931770676100207,1.7381
6178,18,144,8.00,9.3,0,corps,12.927305907047435,3.1393
6179,23,229,9.96,11.6,0,corps,12.922843369821186,2.3198
6180,11,102,9.27,6.2,0,corps,12.918383063305827,2.2139
6181,22,190,8.64,11.1,0,corps,12.913924986386279,1.5847
6182,23,206,8.96,11.6,0,corps,12.909469137948024,1.2830
6183,29,271,9.34,14.2,0,corps,12.905015516877105,1.4683
6184,25,242,9.68,12.4,0,corps,12.900564122060107,1.4815
6185,35,373,10.66,16.9,0,corps,12.896114952384188,1.3518
6186,21,202,9.62,10.7,0,corps,12.891668006737051,1.7429
6187,32,331,10.34,15.6,0,corps,12.887223284006962,1.4755
6188,33,314,9.52,16.0,0,corps,12.882780783082746,1.7364
6189,52,627,12.06,24.4,0,corps,12.878340502853765,1.5999
6190,10,99,9.90,5.8,0,corps,12.873902442209959,1.2167
6191,12,116,9.67,6.7,0,corps,12.86946660004181,1.1211
6192,9,98,10.89,5.3,0,corps,12.865032975240357,1.4935
6193,32,276,8.62,15.6,0,corps,12.860601566697195,1.8722
6194,3,34,11.33,2.7,0,corps,12.856172373304467,1.9661
6195,20,177,8.85,10.2,0,corps,12.85174539395488,1.6409
6196,59,643,10.90,27.6,0,corps,12.847320627541691,1.4944
6197,25,257,10.28,12.4,0,corps,12.8428980729587,1.6451
6198,30,283,9.43,14.7,0,corps,12.838477729100276,1.4947
6199,37,336,9.08,17.8,0,corps,12.834059594861333,1.6137
6200,54,576,10.67,25.3,0,corps,12.829643669137328,1.6523
6201,46,447,9.72,21.8,0,corps,12.825229950824294,1.8193
6202,22,229,10.41,11.1,0,corps,12.820818438818787,1.7199
6203,15,110,7.33,8.0,0,corps,12.816409132017936,2.6081
6204,45,492,10.93,21.3,0,corps,12.812002029319421,1.6380
6205,14,154,11.00,7.6,0,corps,12.807597129621454,1.3337
6206,25,176,7.04,12.4,0,corps,12.803194431822812,2.1140
6207,31,306,9.87,15.1,0,corps,12.79879393482283,1.5501
6208,6,83,13.83,4.0,0,corps,12.794395637521374,1.1077
6209,15,144,9.60,8.0,0,corps,12.789999538818877,1.6154
6210,22,192,8.73,11.1,0,corps,12.785605637616307,1.9946
6211,39,425,10.90,18.7,0,corps,12.781213932815191,1.7063
6212,34,302,8.88,16.4,0,corps,12.77682442331761,1.5983
6213,43,492,11.44,20.4,0,corps,12.772437108026175,1.5609
6214,27,248,9.19,13.3,0,corps,12.768051985844062,1.6458
6215,27,236,8.74,13.3,0,corps,12.763669055674995,1.6599
6216,29,263,9.07,14.2,0,corps,12.759288316423234,2.2067
6217,37,335,9.05,17.8,0,corps,12.754909766993602,2.0674
6218,34,355,10.44,16.4,0,corps,12.750533406291453,1.7307
6219,24,187,7.79,12.0,0,corps,12.7461592332227,2.1564
6220,19,170,8.95,9.8,0,corps,12.741787246693809,1.7725
6221,34,379,11.15,16.4,0,corps,12.737417445611769,1.4249
6222,19,141,7.42,9.8,0,corps,12.733049828884136,1.9504
6223,5,39,7.80,3.6,0,corps,12.728684395419009,1.9011
6224,32,332,10.38,15.6,0,corps,12.724321144125023,1.6636
6225,33,297,9.00,16.0,0,corps,12.719960073911372,1.4928
6226,31,320,10.32,15.1,0,corps,12.715601183687781,1.5532
6227,39,432,11.08,18.7,0,corps,12.71124447236453,1.8952
6228,15,170,11.33,8.0,0,corps,12.706889938852447,1.2016
6229,38,332,8.74,18.2,0,corps,12.702537582062892,2.1163
6230,46,500,10.87,21.8,0,corps,12.698187400907775,1.5852
6231,6,52,8.67,4.0,0,corps,12.69383939429956,2.1467
6232,11,74,6.73,6.2,0,corps,12.689493561151233,2.2247
6233,7,69,9.86,4.4,0,corps,12.685149900376347,1.5673
6234,22,222,10.09,11.1,0,corps,12.680808410888977,1.6098
6235,20,196,9.80,10.2,0,corps,12.676469091603757,1.3716
6236,42,416,9.90,20.0,0,corps,12.672131941435854,1.5518
6237,21,175,8.33,10.7,0,corps,12.667796959300981,1.6282
6238,36,365,10.14,17.3,0,corps,12.663464144115395,1.6291
6239,26,238,9.15,12.9,0,corps,12.65913349479589,1.9401
6240,42,492,11.71,20.0,0,corps,12.654805010259802,1.7429
6241,18,174,9.67,9.3,0,corps,12.650478689425013,1.8353
6242,15,168,11.20,8.0,0,corps,12.646154531209941,1.3333
6243,33,337,10.21,16.0,0,corps,12.641832534533545,1.8799
6244,23,200,8.70,11.6,0,corps,12.637512698315332,2.1455
6245,20,180,9.00,10.2,0,corps,12.633195021475332,2.3271
6246,32,345,10.78,15.6,0,corps,12.628879502934137,1.5347
6247,35,396,11.31,16.9,0,corps,12.624566141612863,1.7093
6248,56,851,15.20,26.2,0,corps,12.620254936433167,1.6158
6249,23,223,9.70,11.6,0,corps,12.615945886317254,1.4044
6250,23,201,8.74,11.6,0,corps,12.611638990187855,2.0181
6251,42,405,9.64,20.0,0,corps,12.607334246968243,1.6238
6252,34,272,8.00,16.4,0,corps,12.603031655582248,1.7386
6253,29,302,10.41,14.2,0,corps,12.598731214954206,1.4788
6254,27,277,10.26,13.3,0,corps,12.594432924009013,1.2079
6255,7,77,11.00,4.4,0,corps,12.590136781672095,1.8943
6256,11,95,8.64,6.2,0,corps,12.585842786869417,1.4067
6257,32,317,9.91,15.6,0,corps,12.581550938527483,1.5889
6258,28,300,10.71,13.8,0,corps,12.577261235573326,1.3322
6259,59,585,9.92,27.6,0,corps,12.57297367693452,1.7060
6260,31,264,8.52,15.1,0,corps,12.568688261539185,2.3758
6261,30,323,10.77,14.7,0,corps,12.564404988315955,1.9072
6262,31,329,10.61,15.1,0,corps,12.56012385619402,1.5683
6263,17,141,8.29,8.9,0,corps,12.555844864103088,1.7806
6264,23,204,8.87,11.6,0,corps,12.551568010973421,1.7457
6265,35,322,9.20,16.9,0,corps,12.5472932957358,1.6341
6266,41,444,10.83,19.6,0,corps,12.543020717321548,1.7266
6267,34,293,8.62,16.4,0,corps,12.538750274662519,1.9154
6268,14,114,8.14,7.6,0,corps,12.534481966691105,2.3610
6269,22,230,10.45,11.1,0,corps,12.530215792340224,1.8958
6270,15,96,6.40,8.0,0,corps,12.52595175054334,2.2776
6271,34,323,9.50,16.4,0,corps,12.521689840234435,1.6641
6272,13,113,8.69,7.1,0,corps,12.517430060348033,1.9692
6273,46,377,8.20,21.8,0,corps,12.513172409819193,1.9926
6274,16,159,9.94,8.4,0,corps,12.5089168875835,1.6629
6275,14,136,9.71,7.6,0,corps,12.50466349257707,2.1746
6276,22,220,10.00,11.1,0,corps,12.500412223736562,1.9873
6277,13,112,8.62,7.1,0,corps,12.496163079999151,6.1879
6278,23,234,10.17,11.6,0,corps,12.491916060302554,1.8877
6279,13,136,10.46,7.1,0,corps,12.487671163585018,1.5018
6280,21,203,9.67,10.7,0,corps,12.483428388785315,1.8339
6281,62,704,11.35,28.9,0,corps,12.479187734842759,1.5977
6282,42,394,9.38,20.0,0,corps,12.474949200697175,1.6678
6283,29,299,10.31,14.2,0,corps,12.470712785288935,1.5504
6284,23,233,10.13,11.6,0,corps,12.466478487558938,1.5664
6285,21,193,9.19,10.7,0,corps,12.462246306448607,1.6693
6286,35,322,9.20,16.9,0,corps,12.458016240899896,1.6349
6287,45,473,10.51,21.3,0,corps,12.453788289855291,1.8246
6288,19,151,7.95,9.8,0,corps,12.449562452257801,1.8829
6289,35,277,7.91,16.9,0,corps,12.445338727050967,1.9003
6290,20,179,8.95,10.2,0,corps,12.44111711317886,1.9850
6291,12,92,7.67,6.7,0,corps,12.436897609586072,1.9636
6292,56,628,11.21,26.2,0,corps,12.432680215217736,1.5700
6293,52,599,11.52,24.4,0,corps,12.428464929019494,1.6472
6294,23,197,8.57,11.6,0,corps,12.424251749937534,1.8374
6295,27,248,9.19,13.3,0,corps,12.420040676918548,1.6642
6296,20,194,9.70,10.2,0,corps,12.415831708909774,1.4573
6297,27,249,9.22,13.3,0,corps,12.411624844858979,1.8099
6298,20,167,8.35,10.2,0,corps,12.407420083714435,1.4784
6299,23,217,9.43,11.6,0,corps,12.403217424424954,1.6177
6300,30,277,9.23,14.7,0,corps,12.399016865939878,1.9507
6301,34,314,9.24,16.4,0,corps,12.394818407209055,1.6861
6302,29,252,8.69,14.2,0,corps,12.390622047182884,1.7991
6303,20,181,9.05,10.2,0,corps,12.386427784812264,1.7438
6304,19,185,9.74,9.8,0,corps,12.382235619048634,1.7208
6305,15,133,8.87,8.0,0,corps,12.378045548843957,1.8893
6306,27,216,8.00,13.3,0,corps,12.373857573150707,2.0330
6307,18,183,10.17,9.3,0,corps,12.369671690921894,1.3644
6308,24,226,9.42,12.0,0,corps,12.365487901111049,1.4227
6309,27,289,10.70,13.3,0,corps,12.361306202672221,1.5504
6310,50,574,11.48,23.6,0,corps,12.35712659455999,1.8086
6311,34,296,8.71,16.4,0,corps,12.352949075729446,1.5362
6312,19,176,9.26,9.8,0,corps,12.348773645136218,1.5338
6313,34,305,8.97,16.4,0,corps,12.344600301736447,1.9441
6314,14,141,10.07,7.6,0,corps,12.340429044486791,1.6101
6315,7,45,6.43,4.4,0,corps,12.33625987234444,2.0801
6316,24,241,10.04,12.0,0,corps,12.332092784267104,1.5470
6317,30,309,10.30,14.7,0,corps,12.327927779213002,1.6459
6318,33,289,8.76,16.0,0,corps,12.323764856140896,1.9951
6319,46,453,9.85,21.8,0,corps,12.319604014010038,1.9795
6320,32,377,11.78,15.6,0,corps,12.315445251780233,1.6911
6321,27,264,9.78,13.3,0,corps,12.311288568411783,1.8181
6322,29,301,10.38,14.2,0,corps,12.307133962865516,1.8982
6323,15,106,7.07,8.0,0,corps,12.302981434102783,2.5633
6324,30,311,10.37,14.7,0,corps,12.298830981085457,1.8860
6325,17,151,8.88,8.9,0,corps,12.294682602775914,1.7683
6326,34,334,9.82,16.4,0,corps,12.29053629813707,1.7711
6327,26,307,11.81,12.9,0,corps,12.28639206613234,1.6005
6328,47,459,9.77,22.2,0,corps,12.28224990572567,1.9681
6329,21,167,7.95,10.7,0,corps,12.278109815881521,4.1225
6330,40,384,9.60,19.1,0,corps,12.273971795564867,1.8799
6331,8,79,9.88,4.9,0,corps,12.269835843741205,1.9110
6332,29,263,9.07,14.2,0,corps,12.265701959376548,1.7678
6333,53,629,11.87,24.9,0,corps,12.261570141437424,1.5614
6334,26,194,7.46,12.9,0,corps,12.257440388890881,1.9547
6335,30,288,9.60,14.7,0,corps,12.253312700704475,2.5474
6336,43,462,10.74,20.4,0,corps,12.249187075846288,1.7753
6337,36,365,10.14,17.3,0,corps,12.245063513284911,1.7357
6338,51,639,12.53,24.0,0,corps,12.240942011989459,1.5989
6339,21,219,10.43,10.7,0,corps,12.236822570929547,1.7373
6340,42,448,10.67,20.0,0,corps,12.232705189075327,1.8218
6341,16,119,7.44,8.4,0,corps,12.228589865397444,2.2416
6342,37,384,10.38,17.8,0,corps,12.224476598867074,1.4018
6343,16,141,8.81,8.4,0,corps,12.220365388455892,2.0582
6344,24,240,10.00,12.0,0,corps,12.2162562331361,2.1003
6345,38,482,12.68,18.2,0,corps,12.212149131880413,1.8904
6346,27,289,10.70,13.3,0,corps,12.208044083662047,1.7717
6347,26,264,10.15,12.9,0,corps,12.203941087454744,1.9900
6348,37,399,10.78,17.8,0,corps,12.199840142232762,1.5980
6349,6,52,8.67,4.0,0,corps,12.195741246970854,1.4978
6350,31,335,10.81,15.1,0,corps,12.191644400644302,1.4073
6351,53,626,11.81,24.9,0,corps,12.187549602228891,1.8252
6352,25,225,9.00,12.4,0,corps,12.183456850700924,1.8168
6353,16,109,6.81,8.4,0,corps,12.179366145037216,2.9729
6354,17,163,9.59,8.9,0,corps,12.17527748421508,2.0225
6355,26,215,8.27,12.9,0,corps,12.171190867212362,2.0252
6356,20,158,7.90,10.2,0,corps,12.167106293007404,2.2015
6357,37,400,10.81,17.8,0,corps,12.163023760579058,1.7638
6358,38,495,13.03,18.2,0,corps,12.1589432689067,1.5131
6359,22,287,13.05,11.1,0,corps,12.154864816970196,2.0755
6360,26,275,10.58,12.9,0,corps,12.15078840374994,1.6138
6361,62,929,14.98,28.9,0,corps,12.146714028226832,1.6803
6362,23,227,9.87,11.6,0,corps,12.142641689382266,1.6871
6363,24,218,9.08,12.0,0,corps,12.13857138619817,1.8538
6364,18,212,11.78,9.3,0,corps,12.134503117656964,1.5620
6365,10,102,10.20,5.8,0,corps,12.130436882741574,1.6544
6366,31,277,8.94,15.1,0,corps,12.126372680435454,1.8034
6367,5,63,12.60,3.6,0,corps,12.122310509722542,1.2865
6368,31,287,9.26,15.1,0,corps,12.1182503695873,1.9895
6369,15,113,7.53,8.0,0,corps,12.114192259014695,2.1139
6370,33,381,11.55,16.0,0,corps,12.110136176990194,1.8021
6371,38,455,11.97,18.2,0,corps,12.106082122499782,1.7490
6372,27,294,10.89,13.3,0,corps,12.102030094529942,1.7075
6373,17,175,10.29,8.9,0,corps,12.097980092067665,1.5269
6374,32,331,10.34,15.6,0,corps,12.093932114100458,1.8072
6375,32,303,9.47,15.6,0,corps,12.08988615961632,1.6434
6376,35,383,10.94,16.9,0,corps,12.08584222760376,1.5652
6377,31,330,10.65,15.1,0,corps,12.081800317051805,1.5007
6378,40,426,10.65,19.1,0,corps,12.077760426949968,1.7928
6379,45,401,8.91,21.3,0,corps,12.073722556288283,1.7354
6380,4,37,9.25,3.1,0,corps,12.069686704057277,1.4589
6381,16,156,9.75,8.4,0,corps,12.065652869247986,2.1138
6382,60,588,9.80,28.0,0,corps,12.061621050851961,1.9950
6383,35,303,8.66,16.9,0,corps,12.057591247861236,2.1467
6384,14,133,9.50,7.6,0,corps,12.053563459268362,1.6559
6385,32,329,10.28,15.6,0,corps,12.049537684066403,1.7551
6386,14,117,8.36,7.6,0,corps,12.0455139212489,2.4546
6387,22,216,9.82,11.1,0,corps,12.041492169809926,1.9411
6388,77,1165,15.13,35.6,0,corps,12.037472428744028,2.0391
6389,13,115,8.85,7.1,0,corps,12.033454697046283,1.7064
6390,29,326,11.24,14.2,0,corps,12.029438973712258,1.7825
6391,30,362,12.07,14.7,0,corps,12.025425257738013,1.6224
6392,36,341,9.47,17.3,0,corps,12.021413548120124,1.8537
6393,30,340,11.33,14.7,0,corps,12.017403843855668,1.9216
6394,37,448,12.11,17.8,0,corps,12.01339614394221,1.5415
6395,30,302,10.07,14.7,0,corps,12.009390447377836,1.7877
6396,44,403,9.16,20.9,0,corps,12.00538675316111,2.1035
6397,39,458,11.74,18.7,0,corps,12.001385060291112,1.7881
6398,41,444,10.83,19.6,0,corps,11.997385367767427,1.7880
6399,10,84,8.40,5.8,0,corps,11.993387674590123,1.8765
6400,24,256,10.67,12.0,0,corps,11.989391979759779,1.5957
6401,32,287,8.97,15.6,0,corps,11.98539828227747,1.5297
6402,32,359,11.22,15.6,0,corps,11.981406581144775,1.5117
6403,56,577,10.30,26.2,0,corps,11.977416875363769,1.7424
6404,74,970,13.11,34.2,0,corps,11.973429163937018,1.6814
6405,44,494,11.23,20.9,0,corps,11.969443445867602,1.7031
6406,44,490,11.14,20.9,0,corps,11.965459720159094,1.5785
6407,21,193,9.19,10.7,0,corps,11.961477985815549,1.3695
6408,16,131,8.19,8.4,0,corps,11.957498241841547,2.5356
6409,37,359,9.70,17.8,0,corps,11.953520487242148,1.7092
6410,16,144,9.00,8.4,0,corps,11.949544721022908,1.7595
6411,7,78,11.14,4.4,0,corps,11.945570942189896,1.4250
6412,34,334,9.82,16.4,0,corps,11.941599149749655,1.5474
6413,20,200,10.00,10.2,0,corps,11.937629342709243,1.6710
6414,7,60,8.57,4.4,0,corps,11.93366152007621,2.1382
6415,39,373,9.56,18.7,0,corps,11.929695680858599,2.0255
6416,48,504,10.50,22.7,0,corps,11.925731824064945,1.5626
6417,29,291,10.03,14.2,0,corps,11.921769948704295,1.7494
6418,24,208,8.67,12.0,0,corps,11.917810053786168,1.4448
6419,33,269,8.15,16.0,0,corps,11.913852138320602,1.8896
6420,24,218,9.08,12.0,0,corps,11.909896201318105,2.3598
6421,57,604,10.60,26.7,0,corps,11.905942241789703,2.0559
6422,23,176,7.65,11.6,0,corps,11.901990258746903,2.3476
6423,34,327,9.62,16.4,0,corps,11.898040251201705,1.7193
6424,30,275,9.17,14.7,0,corps,11.894092218166612,1.7273
6425,48,575,11.98,22.7,0,corps,11.890146158654618,1.8199
6426,27,263,9.74,13.3,0,corps,11.886202071679202,1.9440
6427,38,384,10.11,18.2,0,corps,11.882259956254348,2.0461
6428,42,446,10.62,20.0,0,corps,11.878319811394523,2.3678
6429,54,643,11.91,25.3,0,corps,11.87438163611469,1.7156
6430,24,232,9.67,12.0,0,corps,11.87044542943031,1.7651
6431,49,714,14.57,23.1,0,corps,11.866511190357324,1.6353
6432,22,265,12.05,11.1,0,corps,11.862578917912177,1.5261
6433,25,234,9.36,12.4,0,corps,11.858648611111805,1.8721
6434,21,156,7.43,10.7,0,corps,11.854720268973622,1.9576
6435,42,420,10.00,20.0,0,corps,11.850793890515554,1.7098
6436,16,154,9.62,8.4,0,corps,11.84686947475599,1.6675
6437,40,408,10.20,19.1,0,corps,11.84294702071384,1.9085
6438,36,350,9.72,17.3,0,corps,11.839026527408489,1.8830
6439,34,323,9.50,16.4,0,corps,11.835107993859806,2.3108
6440,23,236,10.26,11.6,0,corps,11.831191419088164,1.8921
6441,19,163,8.58,9.8,0,corps,11.82727680211442,1.5907
6442,21,205,9.76,10.7,0,corps,11.823364141959914,1.9834
6443,37,403,10.89,17.8,0,corps,11.819453437646487,1.8833
6444,46,423,9.20,21.8,0,corps,11.815544688196459,1.5504
6445,23,219,9.52,11.6,0,corps,11.811637892632643,1.6378
6446,20,179,8.95,10.2,0,corps,11.807733049978342,1.7169
6447,54,620,11.48,25.3,0,corps,11.803830159257341,1.7204
6448,18,165,9.17,9.3,0,corps,11.79992921949392,1.6907
6449,41,447,10.90,19.6,0,corps,11.796030229712851,1.7099
6450,46,489,10.63,21.8,0,corps,11.792133188939374,1.6601
6451,21,181,8.62,10.7,0,corps,11.78823809619924,1.6642
6452,11,92,8.36,6.2,0,corps,11.784344950518665,3.4606
6453,56,584,10.43,26.2,0,corps,11.780453750924371,1.5333
6454,36,383,10.64,17.3,0,corps,11.776564496443557,1.5434
6455,23,205,8.91,11.6,0,corps,11.772677186103905,1.8096
6456,38,354,9.32,18.2,0,corps,11.768791818933588,1.6723
6457,9,68,7.56,5.3,0,corps,11.76490839396127,2.2759
6458,20,208,10.40,10.2,0,corps,11.76102691021609,1.2651
6459,30,354,11.80,14.7,0,corps,11.757147366727683,1.6394
6460,46,516,11.22,21.8,0,corps,11.75326976252615,1.8862
6461,29,271,9.34,14.2,0,corps,11.7493940966421,1.7515
6462,34,336,9.88,16.4,0,corps,11.745520368106618,1.6431
6463,59,768,13.02,27.6,0,corps,11.741648575951263,1.7570
6464,23,213,9.26,11.6,0,corps,11.737778719208094,1.7173
6465,31,309,9.97,15.1,0,corps,11.73391079690965,1.7099
6466,30,298,9.93,14.7,0,corps,11.730044808088941,1.5113
6467,57,662,11.61,26.7,0,corps,11.726180751779475,1.8629
6468,13,104,8.00,7.1,0,corps,11.722318627015236,1.6487
6469,27,289,10.70,13.3,0,corps,11.718458432830694,1.7803
6470,39,411,10.54,18.7,0,corps,11.714600168260805,1.7779
6471,33,339,10.27,16.0,0,corps,11.710743832340995,1.8740
6472,42,473,11.26,20.0,0,corps,11.706889424107182,1.9725
6473,23,180,7.83,11.6,0,corps,11.703036942595766,1.6201
6474,31,243,7.84,15.1,0,corps,11.699186386843625,2.0307
6475,46,482,10.48,21.8,0,corps,11.695337755888124,1.8680
6476,25,211,8.44,12.4,0,corps,11.691491048767096,1.9064
6477,39,416,10.67,18.7,0,corps,11.687646264518875,1.7109
6478,20,173,8.65,10.2,0,corps,11.683803402182264,1.9081
6479,25,253,10.12,12.4,0,corps,11.679962460796537,1.9746
6480,14,128,9.14,7.6,0,corps,11.676123439401465,1.6350
6481,8,63,7.88,4.9,0,corps,11.672286337037296,2.1021
6482,24,235,9.79,12.0,0,corps,11.66845115274475,1.5662
6483,13,118,9.08,7.1,0,corps,11.664617885565034,2.1541
6484,23,201,8.74,11.6,0,corps,11.660786534539827,1.4661
6485,43,447,10.40,20.4,0,corps,11.656957098711294,2.0037
6486,27,239,8.85,13.3,0,corps,11.653129577122076,1.5231
6487,12,101,8.42,6.7,0,corps,11.64930396881529,1.3390
6488,34,313,9.21,16.4,0,corps,11.645480272834538,1.5170
6489,40,475,11.88,19.1,0,corps,11.641658488223896,1.5231
6490,18,183,10.17,9.3,0,corps,11.637838614027912,1.9583
6491,32,294,9.19,15.6,0,corps,11.634020649291624,1.5243
6492,37,352,9.51,17.8,0,corps,11.630204593060537,1.7499
6493,22,201,9.14,11.1,0,corps,11.626390444380636,1.2692
6494,26,283,10.88,12.9,0,corps,11.622578202298389,1.3825
6495,15,151,10.07,8.0,0,corps,11.618767865860733,1.1435
6496,38,368,9.68,18.2,0,corps,11.614959434115079,1.8387
6497,45,625,13.89,21.3,0,corps,11.611152906109327,1.6646
6498,37,440,11.89,17.8,0,corps,11.607348280891838,1.7175
6499,44,455,10.34,20.9,0,corps,11.603545557511463,1.6221
6500,29,244,8.41,14.2,0,corps,11.599744735017515,1.3232
6501,43,517,12.02,20.4,0,corps,11.595945812459787,1.6329
6502,20,163,8.15,10.2,0,corps,11.592148788888556,2.2572
6503,28,214,7.64,13.8,0,corps,11.588353663354562,2.0795
6504,27,246,9.11,13.3,0,corps,11.584560434909022,1.6271
6505,27,197,7.30,13.3,0,corps,11.58076910260363,2.0988
6506,19,172,9.05,9.8,0,corps,11.57697966549055,1.5399
6507,42,409,9.74,20.0,0,corps,11.57319212262243,2.0738
6508,66,939,14.23,30.7,0,corps,11.569406473052378,1.7965
6509,33,371,11.24,16.0,0,corps,11.565622715833983,1.8656
6510,21,213,10.14,10.7,0,corps,11.561840850021312,1.9856
6511,20,189,9.45,10.2,0,corps,11.558060874668888,2.1062
6512,39,393,10.08,18.7,0,corps,11.554282788831724,1.7813
6513,26,296,11.38,12.9,0,corps,11.550506591565297,1.6823
6514,11,111,10.09,6.2,0,corps,11.54673228192555,1.4459
6515,27,297,11.00,13.3,0,corps,11.542959858968924,2.1066
6516,20,194,9.70,10.2,0,corps,11.539189321752295,1.8043
6517,52,678,13.04,24.4,0,corps,11.535420669333035,1.8484
6518,26,244,9.38,12.9,0,corps,11.531653900768987,1.9618
6519,33,253,7.67,16.0,0,corps,11.527889015118447,2.2688
6520,19,174,9.16,9.8,0,corps,11.524126011440206,2.3090
6521,18,156,8.67,9.3,0,corps,11.520364888793502,1.6688
6522,27,299,11.07,13.3,0,corps,11.516605646238062,1.3938
6523,2,10,5.00,2.2,0,corps,11.512848282834073,3.5344
6524,35,356,10.17,16.9,0,corps,11.509092797642193,1.6682
6525,27,237,8.78,13.3,0,corps,11.505339189723552,1.8329
6526,16,136,8.50,8.4,0,corps,11.501587458139747,1.5957
6527,27,256,9.48,13.3,0,corps,11.497837601952845,1.6227
6528,19,181,9.53,9.8,0,corps,11.494089620225386,1.3974
6529,24,282,11.75,12.0,0,corps,11.490343512020369,1.2724
6530,42,426,10.14,20.0,0,corps,11.486599276401266,1.6949
6531,22,239,10.86,11.1,0,corps,11.482856912432023,1.5659
6532,46,475,10.33,21.8,0,corps,11.47911641917705,1.8121
6533,14,121,8.64,7.6,0,corps,11.475377795701217,1.4471
6534,33,326,9.88,16.0,0,corps,11.471641041069875,1.5361
6535,53,575,10.85,24.9,0,corps,11.467906154348828,1.9411
6536,38,382,10.05,18.2,0,corps,11.464173134604364,1.9200
6537,38,364,9.58,18.2,0,corps,11.46044198090322,1.5952
6538,12,113,9.42,6.7,0,corps,11.456712692312607,1.8757
6539,54,501,9.28,25.3,0,corps,11.452985267900209,1.6645
6540,21,186,8.86,10.7,0,corps,11.449259706734166,1.6997
6541,34,322,9.47,16.4,0,corps,11.445536007883087,1.7462
6542,20,182,9.10,10.2,0,corps,11.441814170416054,2.2438
6543,24,243,10.12,12.0,0,corps,11.438094193402595,2.0819
6544,13,106,8.15,7.1,0,corps,11.43437607591273,2.1470
6545,63,684,10.86,29.3,0,corps,11.43065981701692,1.7909
6546,21,228,10.86,10.7,0,corps,11.426945415786099,2.0283
6547,37,362,9.78,17.8,0,corps,11.423232871291678,2.0042
6548,23,228,9.91,11.6,0,corps,11.419522182605506,1.7290
6549,21,205,9.76,10.7,0,corps,11.415813348799922,1.8844
6550,35,361,10.31,16.9,0,corps,11.412106368947716,1.6520
6551,28,254,9.07,13.8,0,corps,11.408401242122137,2.1371
6552,53,585,11.04,24.9,0,corps,11.404697967396912,1.9192
6553,23,219,9.52,11.6,0,corps,11.400996543846212,2.4325
6554,12,114,9.50,6.7,0,corps,11.397296970544687,1.9835
6555,23,226,9.83,11.6,0,corps,11.39359924656745,2.0543
6556,17,149,8.76,8.9,0,corps,11.389903370990057,2.1679
6557,21,185,8.81,10.7,0,corps,11.386209342888542,1.9245
6558,36,393,10.92,17.3,0,corps,11.38251716133941,1.7534
6559,51,511,10.02,24.0,0,corps,11.3788268254196,1.7876
6560,52,674,12.96,24.4,0,corps,11.37513833420654,1.9454
6561,25,225,9.00,12.4,0,corps,11.371451686778098,1.6367
6562,29,276,9.52,14.2,0,corps,11.367766882212615,1.6423
6563,38,425,11.18,18.2,0,corps,11.364083919588893,1.8756
6564,48,607,12.65,22.7,0,corps,11.360402797986191,1.5130
6565,43,380,8.84,20.4,0,corps,11.356723516484221,1.8057
6566,34,284,8.35,16.4,0,corps,11.353046074163176,1.5898
6567,17,149,8.76,8.9,0,corps,11.34937047010368,2.3718
6568,18,155,8.61,9.3,0,corps,11.345696703386848,1.8389
6569,35,384,10.97,16.9,0,corps,11.342024773094225,1.7366
6570,33,311,9.42,16.0,0,corps,11.338354678307835,1.8843
6571,40,346,8.65,19.1,0,corps,11.334686418110154,2.1541
6572,17,185,10.88,8.9,0,corps,11.331019991584112,1.4704
6573,24,255,10.62,12.0,0,corps,11.327355397813108,1.3828
6574,41,471,11.49,19.6,0,corps,11.323692635880994,1.4412
6575,32,387,12.09,15.6,0,corps,11.320031704872074,1.5051
6576,47,539,11.47,22.2,0,corps,11.316372603871121,1.6649
6577,11,121,11.00,6.2,0,corps,11.312715331963355,1.6582
6578,14,144,10.29,7.6,0,corps,11.30905988823446,2.1094
6579,28,302,10.79,13.8,0,corps,11.305406271770577,1.4751
6580,13,132,10.15,7.1,0,corps,11.3017544816583,1.6388
6581,12,132,11.00,6.7,0,corps,11.298104516984678,1.5547
6582,15,136,9.07,8.0,0,corps,11.294456376837225,1.6828
6583,45,431,9.58,21.3,0,corps,11.290810060303905,1.6780
6584,29,253,8.72,14.2,0,corps,11.28716556647314,1.7329
6585,24,205,8.54,12.0,0,corps,11.283522894433801,1.9020
6586,40,335,8.38,19.1,0,corps,11.279882043275224,1.7949
6587,44,423,9.61,20.9,0,corps,11.276243012087198,1.8589
6588,27,286,10.59,13.3,0,corps,11.272605799959958,1.3617
6589,42,382,9.10,20.0,0,corps,11.268970405984211,1.7892
6590,29,291,10.03,14.2,0,corps,11.265336829251101,1.7170
6591,23,198,8.61,11.6,0,corps,11.261705068852237,1.7729
6592,37,321,8.68,17.8,0,corps,11.25807512387968,2.0001
6593,24,226,9.42,12.0,0,corps,11.25444699342594,1.7158
6594,53,668,12.60,24.9,0,corps,11.250820676583984,1.5831
6595,8,66,8.25,4.9,0,corps,11.247196172447238,2.0016
6596,22,227,10.32,11.1,0,corps,11.24357348010957,1.9683
6597,12,106,8.83,6.7,0,corps,11.239952598665312,1.8988
6598,4,48,12.00,3.1,0,corps,11.236333527209242,1.3057
6599,7,53,7.57,4.4,0,corps,11.232716264836586,1.9966
6600,27,276,10.22,13.3,0,corps,11.229100810643041,2.3466
6601,20,152,7.60,10.2,0,corps,11.225487163724734,3.8126
6602,29,251,8.66,14.2,0,corps,11.221875323178255,1.6529
6603,14,115,8.21,7.6,0,corps,11.218265288100646,2.4278
6604,57,590,10.35,26.7,0,corps,11.214657057589392,1.8118
6605,26,232,8.92,12.9,0,corps,11.211050630742442,1.6040
6606,14,111,7.93,7.6,0,corps,11.20744600665819,1.5492
6607,55,659,11.98,25.8,0,corps,11.203843184435474,1.4124
6608,27,289,10.70,13.3,0,corps,11.200242163173597,1.4232
6609,60,718,11.97,28.0,0,corps,11.196642941972293,1.6037
6610,29,303,10.45,14.2,0,corps,11.19304551993176,1.4893
6611,26,285,10.96,12.9,0,corps,11.18944989615265,1.7744
6612,23,214,9.30,11.6,0,corps,11.185856069736047,1.5114
6613,31,334,10.77,15.1,0,corps,11.182264039783501,2.5983
6614,46,433,9.41,21.8,0,corps,11.178673805397004,1.7419
6615,5,38,7.60,3.6,0,corps,11.175085365678994,1.9644
6616,26,283,10.88,12.9,0,corps,11.171498719732364,1.4292
6617,11,102,9.27,6.2,0,corps,11.16791386666045,2.1990
6618,33,329,9.97,16.0,0,corps,11.164330805567038,1.4277
6619,13,125,9.62,7.1,0,corps,11.16074953555637,1.4402
6620,27,227,8.41,13.3,0,corps,11.157170055733118,1.8332
6621,30,285,9.50,14.7,0,corps,11.15359236520242,1.6428
6622,19,159,8.37,9.8,0,corps,11.15001646306985,1.9295
6623,2,20,10.00,2.2,0,corps,11.146442348441433,1.3290
6624,20,183,9.15,10.2,0,corps,11.142870020423642,1.4560
6625,23,198,8.61,11.6,0,corps,11.139299478123391,1.5373
6626,25,229,9.16,12.4,0,corps,11.135730720648047,1.5287
6627,36,346,9.61,17.3,0,corps,11.13216374710542,1.8198
6628,26,298,11.46,12.9,0,corps,11.128598556603766,1.3846
6629,33,324,9.82,16.0,0,corps,11.125035148251794,1.5279
6630,37,355,9.59,17.8,0,corps,11.12147352115864,1.8298
6631,9,70,7.78,5.3,0,corps,11.117913674433904,1.5648
6632,6,54,9.00,4.0,0,corps,11.114355607187626,1.1943
6633,33,327,9.91,16.0,0,corps,11.110799318530285,1.5168
6634,20,188,9.40,10.2,0,corps,11.10724480757281,1.5627
6635,16,136,8.50,8.4,0,corps,11.103692073426577,1.4955
6636,33,315,9.55,16.0,0,corps,11.1001411152034,1.4217
6637,9,83,9.22,5.3,0,corps,11.096591932015535,1.7689
6638,30,253,8.43,14.7,0,corps,11.09304452297569,1.9095
6639,34,336,9.88,16.4,0,corps,11.089498887197013,1.5216
6640,41,488,11.90,19.6,0,corps,11.085955023793097,1.4114
6641,32,292,9.12,15.6,0,corps,11.082412931877975,1.5486
6642,47,453,9.64,22.2,0,corps,11.078872610566117,1.4970
6643,37,434,11.73,17.8,0,corps,11.075334058972455,1.2750
6644,26,240,9.23,12.9,0,corps,11.071797276212342,1.2278
6645,39,388,9.95,18.7,0,corps,11.068262261401586,1.1397
6646,29,288,9.93,14.2,0,corps,11.06472901365643,1.2485
6647,36,361,10.03,17.3,0,corps,11.061197532093564,1.2625
6648,20,158,7.90,10.2,0,corps,11.057667815830118,1.3517
6649,46,514,11.17,21.8,0,corps,11.054139863983664,1.5498
6650,48,597,12.44,22.7,0,corps,11.050613675672214,1.2387
6651,49,496,10.12,23.1,0,corps,11.047089250014217,1.5128
6652,21,180,8.57,10.7,0,corps,11.04356658612857,1.2630
6653,21,223,10.62,10.7,0,corps,11.040045683134608,1.1535
6654,47,445,9.47,22.2,0,corps,11.0365265401521,1.6974
6655,18,158,8.78,9.3,0,corps,11.033009156301265,1.4371
6656,11,78,7.09,6.2,0,corps,11.029493530702759,1.2669
6657,40,439,10.97,19.1,0,corps,11.025979662477667,1.4360
6658,17,158,9.29,8.9,0,corps,11.022467550747528,1.1892
6659,24,231,9.62,12.0,0,corps,11.018957194634316,1.1009
6660,17,172,10.12,8.9,0,corps,11.015448593260437,1.1659
6661,19,182,9.58,9.8,0,corps,11.011941745748747,1.9755
6662,34,331,9.74,16.4,0,corps,11.008436651222524,1.7044
6663,20,198,9.90,10.2,0,corps,11.004933308805503,1.5781
6664,3,27,9.00,2.7,0,corps,11.001431717621848,2.2862
6665,48,585,12.19,22.7,0,corps,10.997931876796157,1.9656
6666,33,352,10.67,16.0,0,corps,10.99443378545347,1.8900
6667,7,70,10.00,4.4,0,corps,10.99093744271927,1.5122
6668,22,175,7.95,11.1,0,corps,10.98744284771946,1.4836
6669,39,431,11.05,18.7,0,corps,10.983949999580405,1.8279
6670,48,469,9.77,22.7,0,corps,10.980458897428885,1.7025
6671,11,84,7.64,6.2,0,corps,10.976969540392123,2.0463
6672,27,241,8.93,13.3,0,corps,10.973481927597787,1.6077
6673,19,206,10.84,9.8,0,corps,10.969996058173964,1.3015
6674,47,470,10.00,22.2,0,corps,10.966511931249192,1.8515
6675,12,107,8.92,6.7,0,corps,10.963029545952446,1.4169
6676,13,118,9.08,7.1,0,corps,10.959548901413116,1.3222
6677,47,529,11.26,22.2,0,corps,10.95606999676105,1.7308
6678,38,360,9.47,18.2,0,corps,10.95259283112652,1.8974
6679,34,355,10.44,16.4,0,corps,10.949117403640232,2.2182
6680,29,254,8.76,14.2,0,corps,10.945643713433334,1.7074
6681,31,292,9.42,15.1,0,corps,10.942171759637398,2.0831
6682,22,245,11.14,11.1,0,corps,10.938701541384438,1.6953
6683,31,360,11.61,15.1,0,corps,10.9352330578069,1.6402
6684,40,450,11.25,19.1,0,corps,10.931766308037663,1.9376
6685,42,401,9.55,20.0,0,corps,10.92830129121004,2.0732
6686,47,480,10.21,22.2,0,corps,10.924838006457774,1.8519
6687,29,255,8.79,14.2,0,corps,10.921376452915046,1.6077
6688,26,268,10.31,12.9,0,corps,10.917916629716467,1.4826
6689,37,359,9.70,17.8,0,corps,10.914458535997085,1.2396
6690,52,477,9.17,24.4,0,corps,10.911002170892367,1.7656
6691,25,235,9.40,12.4,0,corps,10.907547533538233,1.5601
6692,51,607,11.90,24.0,0,corps,10.904094623071014,1.5785
6693,40,398,9.95,19.1,0,corps,10.900643438627492,1.8532
6694,26,242,9.31,12.9,0,corps,10.897193979344861,1.6558
6695,11,86,7.82,6.2,0,corps,10.893746244360763,3.7903
6696,8,74,9.25,4.9,0,corps,10.890300232813264,1.8390
6697,16,121,7.56,8.4,0,corps,10.886855943840853,2.0117
6698,41,425,10.37,19.6,0,corps,10.883413376582466,1.9973
6699,28,279,9.96,13.8,0,corps,10.879972530177461,1.6975
6700,12,92,7.67,6.7,0,corps,10.876533403765626,2.1407
6701,17,159,9.35,8.9,0,corps,10.873095996487175,1.5036
6702,40,400,10.00,19.1,0,corps,10.869660307482759,1.4950
6703,35,302,8.63,16.9,0,corps,10.866226335893456,1.7904
6704,50,538,10.76,23.6,0,corps,10.862794080860775,1.6885
6705,14,110,7.86,7.6,0,corps,10.859363541526646,2.3489
6706,31,257,8.29,15.1,0,corps,10.855934717033438,1.7725
6707,37,370,10.00,17.8,0,corps,10.852507606523949,1.9560
6708,55,489,8.89,25.8,0,corps,10.849082209141391,1.8929
6709,20,223,11.15,10.2,0,corps,10.84565852402943,1.4570
6710,32,327,10.22,15.6,0,corps,10.84223655033213,2.1888
6711,23,185,8.04,11.6,0,corps,10.838816287194,1.4666
6712,37,356,9.62,17.8,0,corps,10.835397733759985,1.8111
6713,38,375,9.87,18.2,0,corps,10.831980889175435,1.6296
6714,5,31,6.20,3.6,0,corps,10.828565752586142,2.9145
6715,28,271,9.68,13.8,0,corps,10.825152323138326,1.5957
6716,17,150,8.82,8.9,0,corps,10.821740599978625,2.0067
6717,2,15,7.50,2.2,0,corps,10.81833058225411,1.9668
6718,27,257,9.52,13.3,0,corps,10.814922269112273,1.7716
6719,21,173,8.24,10.7,0,corps,10.811515659701037,2.1605
6720,6,45,7.50,4.0,0,corps,10.808110753168759,1.5776
6721,18,160,8.89,9.3,0,corps,10.804707548664199,1.8966
6722,21,198,9.43,10.7,0,corps,10.801306045336561,1.4463
6723,33,351,10.64,16.0,0,corps,10.797906242335475,1.6362
6724,33,371,11.24,16.0,0,corps,10.794508138810983,1.6345
6725,54,604,11.19,25.3,0,corps,10.79111173391356,1.9332
6726,21,213,10.14,10.7,0,corps,10.787717026794105,1.6671
6727,26,251,9.65,12.9,0,corps,10.784324016603945,1.7346
6728,35,388,11.09,16.9,0,corps,10.780932702494821,1.5742
6729,14,117,8.36,7.6,0,corps,10.777543083618909,1.4630
6730,35,359,10.26,16.9,0,corps,10.774155159128803,2.0045
6731,28,251,8.96,13.8,0,corps,10.770768928177526,1.8071
6732,37,434,11.73,17.8,0,corps,10.767384389918512,2.7096
6733,30,286,9.53,14.7,0,corps,10.764001543505634,1.7819
6734,46,412,8.96,21.8,0,corps,10.760620388093173,1.8636
6735,37,403,10.89,17.8,0,corps,10.757240922835845,1.8627
6736,52,599,11.52,24.4,0,corps,10.753863146888786,1.8149
6737,23,237,10.30,11.6,0,corps,10.750487059407545,1.9841
6738,30,374,12.47,14.7,0,corps,10.747112659548108,1.6898
6739,42,405,9.64,20.0,0,corps,10.74373994646687,1.6093
6740,21,179,8.52,10.7,0,corps,10.74036891932065,2.1223
6741,57,530,9.30,26.7,0,corps,10.736999577266701,1.4418
6742,57,689,12.09,26.7,0,corps,10.733631919462677,1.0996
6743,47,493,10.49,22.2,0,corps,10.73026594506667,1.5306
6744,42,470,11.19,20.0,0,corps,10.726901653237183,1.3835
6745,38,429,11.29,18.2,0,corps,10.723539043133142,1.3206
6746,45,505,11.22,21.3,0,corps,10.7201781139139,1.2164
6747,26,223,8.58,12.9,0,corps,10.716818864739222,1.8785
6748,34,321,9.44,16.4,0,corps,10.713461294769294,1.3965
6749,18,153,8.50,9.3,0,corps,10.710105403164727,1.5420
6750,30,294,9.80,14.7,0,corps,10.70675118908654,1.2724
6751,30,266,8.87,14.7,0,corps,10.703398651696192,1.4596
6752,17,178,10.47,8.9,0,corps,10.700047790155539,1.5327
6753,32,329,10.28,15.6,0,corps,10.696698603626867,1.3774
6754,21,185,8.81,10.7,0,corps,10.693351091272884,1.7953
6755,24,203,8.46,12.0,0,corps,10.690005252256704,1.9877
6756,24,221,9.21,12.0,0,corps,10.686661085741875,1.3068
6757,27,226,8.37,13.3,0,corps,10.683318590892355,1.4111
6758,13,92,7.08,7.1,0,corps,10.679977766872511,2.2517
6759,19,164,8.63,9.8,0,corps,10.676638612847148,1.3798
6760,29,232,8.00,14.2,0,corps,10.673301127981471,1.7564
6761,24,248,10.33,12.0,0,corps,10.66996531144111,1.5790
6762,31,280,9.03,15.1,0,corps,10.666631162392115,1.6776
6763,28,275,9.82,13.8,0,corps,10.663298680000944,1.6471
6764,26,244,9.38,12.9,0,corps,10.659967863434474,2.4306
6765,40,396,9.90,19.1,0,corps,10.656638711860012,1.7720
6766,30,347,11.57,14.7,0,corps,10.653311224445256,1.6230
6767,32,261,8.16,15.6,0,corps,10.649985400358341,1.6783
6768,22,214,9.73,11.1,0,corps,10.646661238767816,1.6411
6769,40,424,10.60,19.1,0,corps,10.643338738842631,1.6898
6770,25,263,10.52,12.4,0,corps,10.640017899752168,1.6743
6771,30,300,10.00,14.7,0,corps,10.636698720666212,1.7933
6772,28,248,8.86,13.8,0,corps,10.633381200754972,1.7028
6773,23,197,8.57,11.6,0,corps,10.630065339189068,1.7793
6774,14,122,8.71,7.6,0,corps,10.626751135139529,1.7709
6775,18,149,8.28,9.3,0,corps,10.623438587777812,2.0303
6776,13,143,11.00,7.1,0,corps,10.620127696275775,1.4345
6777,21,203,9.67,10.7,0,corps,10.616818459805696,1.4137
6778,20,190,9.50,10.2,0,corps,10.613510877540271,1.3673
6779,14,119,8.50,7.6,0,corps,10.610204948652594,1.5089
6780,13,107,8.23,7.1,0,corps,10.606900672316188,1.4823
6781,42,393,9.36,20.0,0,corps,10.60359804770499,2.0261
6782,33,285,8.64,16.0,0,corps,10.600297073993337,2.2778
6783,30,268,8.93,14.7,0,corps,10.596997750355985,1.8960
6784,28,246,8.79,13.8,0,corps,10.593700075968107,1.6675
6785,61,784,12.85,28.4,0,corps,10.590404050005278,1.5967
6786,39,425,10.90,18.7,0,corps,10.587109671643502,1.3306
6787,26,243,9.35,12.9,0,corps,10.583816940059174,1.7587
6788,49,584,11.92,23.1,0,corps,10.580525854429112,1.7319
6789,42,506,12.05,20.0,0,corps,10.577236413930557,1.7155
6790,35,411,11.74,16.9,0,corps,10.573948617741133,1.9307
6791,34,361,10.62,16.4,0,corps,10.570662465038899,1.5314
6792,39,360,9.23,18.7,0,corps,10.567377955002316,1.7488
6793,15,131,8.73,8.0,0,corps,10.564095086810255,1.6000
6794,2,21,10.50,2.2,0,corps,10.560813859642003,2.5000
6795,20,193,9.65,10.2,0,corps,10.557534272677247,1.1723
6796,35,361,10.31,16.9,0,corps,10.554256325096093,2.6225
6797,26,276,10.62,12.9,0,corps,10.550980016079055,2.8447
6798,42,426,10.14,20.0,0,corps,10.547705344807056,1.7490
6799,9,86,9.56,5.3,0,corps,10.544432310461428,1.2425
6800,34,369,10.85,16.4,0,corps,10.541160912223912,1.9105
6801,31,325,10.48,15.1,0,corps,10.537891149276657,1.8865
6802,41,406,9.90,19.6,0,corps,10.534623020802226,1.5945
6803,46,468,10.17,21.8,0,corps,10.531356525983579,1.7959
6804,34,398,11.71,16.4,0,corps,10.5280916640041,1.6638
6805,33,288,8.73,16.0,0,corps,10.524828434047572,1.5852
6806,31,261,8.42,15.1,0,corps,10.521566835298183,1.9260
6807,45,483,10.73,21.3,0,corps,10.518306866940538,1.5504
6808,24,230,9.58,12.0,0,corps,10.515048528159648,1.9816
6809,27,267,9.89,13.3,0,corps,10.51179181814092,1.6162
6810,45,472,10.49,21.3,0,corps,10.508536736070184,1.7361
6811,23,171,7.43,11.6,0,corps,10.505283281133662,2.4491
6812,12,112,9.33,6.7,0,corps,10.502031452517993,1.8854
6813,39,473,12.13,18.7,0,corps,10.498781249410225,1.5053
6814,16,182,11.38,8.4,0,corps,10.4955326709978,1.3751
6815,12,90,7.50,6.7,0,corps,10.492285716468578,2.4071
6816,38,403,10.61,18.2,0,corps,10.489040385010822,1.7418
6817,40,357,8.93,19.1,0,corps,10.48579667581319,1.9667
6818,39,511,13.10,18.7,0,corps,10.482554588064769,1.7779
6819,19,198,10.42,9.8,0,corps,10.479314120955022,2.1021
6820,65,807,12.42,30.2,0,corps,10.476075273673837,1.7259
6821,43,371,8.63,20.4,0,corps,10.472838045411512,2.1679
6822,42,388,9.24,20.0,0,corps,10.469602435358727,1.6804
6823,31,304,9.81,15.1,0,corps,10.466368442706584,2.7403
6824,35,367,10.49,16.9,0,corps,10.46313606664659,1.8899
6825,36,318,8.83,17.3,0,corps,10.45990530637064,1.7789
6826,2,20,10.00,2.2,0,corps,10.456676161071055,1.2513
6827,41,487,11.88,19.6,0,corps,10.453448629940542,1.8866
6828,27,256,9.48,13.3,0,corps,10.45022271217222,1.7917
6829,22,268,12.18,11.1,0,corps,10.446998406959612,1.8866
6830,20,189,9.45,10.2,0,corps,10.443775713496636,3.1882
6831,31,382,12.32,15.1,0,corps,10.440554630977623,1.7188
6832,27,247,9.15,13.3,0,corps,10.437335158597302,2.0904
6833,21,182,8.67,10.7,0,corps,10.434117295550802,1.3473
6834,18,149,8.28,9.3,0,corps,10.430901041033664,1.6509
6835,16,140,8.75,8.4,0,corps,10.427686394241817,1.2389
6836,26,281,10.81,12.9,0,corps,10.4244733543716,2.0704
6837,33,363,11.00,16.0,0,corps,10.42126192061976,1.3180
6838,17,150,8.82,8.9,0,corps,10.418052092183427,1.8194
6839,25,240,9.60,12.4,0,corps,10.414843868260155,1.4943
6840,18,146,8.11,9.3,0,corps,10.411637248047883,1.6364
6841,16,137,8.56,8.4,0,corps,10.408432230744955,2.2578
6842,39,408,10.46,18.7,0,corps,10.405228815550121,2.0782
6843,61,717,11.75,28.4,0,corps,10.40202700166252,1.7049
6844,31,352,11.35,15.1,0,corps,10.398826788281706,1.7538
6845,10,86,8.60,5.8,0,corps,10.395628174607621,1.9218
6846,28,267,9.54,13.8,0,corps,10.392431159840616,2.2701
6847,44,444,10.09,20.9,0,corps,10.38923574318143,1.9819
6848,24,206,8.58,12.0,0,corps,10.386041923831216,1.6367
6849,38,333,8.76,18.2,0,corps,10.382849700991514,1.7009
6850,35,408,11.66,16.9,0,corps,10.379659073864273,1.6388
6851,29,251,8.66,14.2,0,corps,10.376470041651832,2.0802
6852,13,101,7.77,7.1,0,corps,10.373282603556932,2.3899
6853,41,453,11.05,19.6,0,corps,10.37009675878272,1.8632
6854,44,454,10.32,20.9,0,corps,10.36691250653273,1.6166
6855,27,260,9.63,13.3,0,corps,10.363729846010896,1.7931
6856,25,227,9.08,12.4,0,corps,10.360548776421563,1.6747
6857,59,657,11.14,27.6,0,corps,10.357369296969454,1.7707
6858,23,226,9.83,11.6,0,corps,10.354191406859703,1.8048
6859,28,266,9.50,13.8,0,corps,10.351015105297837,2.7426
6860,48,507,10.56,22.7,0,corps,10.347840391489779,1.7203
6861,31,284,9.16,15.1,0,corps,10.344667264641854,1.8145
6862,58,707,12.19,27.1,0,corps,10.341495723960776,1.9261
6863,22,221,10.05,11.1,0,corps,10.338325768653664,1.7682
6864,32,317,9.91,15.6,0,corps,10.335157397928027,1.6034
6865,24,272,11.33,12.0,0,corps,10.33199061099177,1.5801
6866,21,237,11.29,10.7,0,corps,10.328825407053202,2.5293
6867,30,291,9.70,14.7,0,corps,10.325661785321017,1.9050
6868,40,362,9.05,19.1,0,corps,10.32249974500431,2.0375
6869,46,463,10.07,21.8,0,corps,10.319339285312576,1.7392
6870,52,570,10.96,24.4,0,corps,10.316180405455693,1.4006
6871,12,110,9.17,6.7,0,corps,10.313023104643944,1.8374
6872,36,349,9.69,17.3,0,corps,10.309867382088006,1.6973
6873,27,266,9.85,13.3,0,corps,10.306713236998947,1.9265
6874,29,287,9.90,14.2,0,corps,10.30356066858823,1.8176
6875,51,553,10.84,24.0,0,corps,10.300409676067709,1.6200
6876,45,462,10.27,21.3,0,corps,10.297260258649644,2.6567
6877,4,40,10.00,3.1,0,corps,10.294112415546675,1.5022
6878,17,166,9.76,8.9,0,corps,10.290966145971842,1.4351
6879,36,427,11.86,17.3,0,corps,10.287821449138582,1.7073
6880,36,373,10.36,17.3,0,corps,10.28467832426071,1.5028
6881,16,156,9.75,8.4,0,corps,10.281536770552455,1.1969
6882,4,38,9.50,3.1,0,corps,10.278396787228427,3.6036
6883,40,480,12.00,19.1,0,corps,10.275258373503629,1.5309
6884,49,600,12.24,23.1,0,corps,10.272121528593454,1.5006
6885,10,80,8.00,5.8,0,corps,10.268986251713697,2.0662
6886,38,360,9.47,18.2,0,corps,10.265852542080534,1.5332
6887,7,60,8.57,4.4,0,corps,10.262720398910542,1.9069
6888,18,163,9.06,9.3,0,corps,10.259589821420676,1.6332
6889,42,416,9.90,20.0,0,corps,10.256460808828303,1.8032
6890,24,225,9.38,12.0,0,corps,10.253333360351164,1.4087
6891,21,184,8.76,10.7,0,corps,10.250207475207397,1.4396
6892,41,374,9.12,19.6,0,corps,10.247083152615527,1.4879
6893,43,420,9.77,20.4,0,corps,10.243960391794484,1.5952
6894,22,227,10.32,11.1,0,corps,10.24083919196357,1.8556
6895,48,535,11.15,22.7,0,corps,10.237719552342488,1.6652
6896,16,130,8.12,8.4,0,corps,10.234601472151322,2.0859
6897,22,184,8.36,11.1,0,corps,10.23148495061056,1.8026
6898,37,339,9.16,17.8,0,corps,10.228369986941068,1.8282
6899,35,286,8.17,16.9,0,corps,10.225256580364103,2.0002
6900,21,181,8.62,10.7,0,corps,10.222144730101315,1.6892
6901,31,314,10.13,15.1,0,corps,10.219034435374747,1.7154
6902,26,243,9.35,12.9,0,corps,10.215925695406817,1.7818
6903,44,451,10.25,20.9,0,corps,10.212818509420343,1.8152
6904,15,142,9.47,8.0,0,corps,10.209712876638527,1.7680
6905,24,198,8.25,12.0,0,corps,10.206608796284964,2.0813
6906,36,336,9.33,17.3,0,corps,10.203506267583636,2.3950
6907,25,254,10.16,12.4,0,corps,10.200405289758903,1.4186
6908,46,415,9.02,21.8,0,corps,10.197305862035524,1.5930
6909,22,194,8.82,11.1,0,corps,10.194207983638648,1.6785
6910,16,143,8.94,8.4,0,corps,10.191111653793794,1.6131
6911,31,317,10.23,15.1,0,corps,10.18801687172689,1.8770
6912,31,252,8.13,15.1,0,corps,10.184923636664234,2.1432
6913,22,211,9.59,11.1,0,corps,10.181831947832519,1.6479
6914,35,330,9.43,16.9,0,corps,10.178741804458824,1.9020
6915,36,392,10.89,17.3,0,corps,10.175653205770613,1.8536
6916,31,381,12.29,15.1,0,corps,10.172566150995735,1.5470
6917,23,230,10.00,11.6,0,corps,10.169480639362426,1.7629
6918,47,481,10.23,22.2,0,corps,10.166396670099312,1.6585
6919,29,276,9.52,14.2,0,corps,10.163314242435396,1.5622
6920,50,479,9.58,23.6,0,corps,10.16023335560007,1.7649
6921,38,358,9.42,18.2,0,corps,10.157154008823117,1.7499
6922,35,381,10.89,16.9,0,corps,10.1540762013347,1.7675
6923,38,417,10.97,18.2,0,corps,10.150999932365364,2.0084
6924,16,139,8.69,8.4,0,corps,10.147925201146041,1.5428
6925,37,391,10.57,17.8,0,corps,10.144852006908053,1.7075
6926,37,418,11.30,17.8,0,corps,10.141780348883099,1.8065
6927,28,241,8.61,13.8,0,corps,10.138710226303266,1.6784
6928,56,630,11.25,26.2,0,corps,10.135641638401015,1.4414
6929,30,311,10.37,14.7,0,corps,10.132574584409209,1.7900
6930,30,259,8.63,14.7,0,corps,10.129509063561084,1.6206
6931,49,478,9.76,23.1,0,corps,10.126445075090254,1.8758
6932,40,354,8.85,19.1,0,corps,10.123382618230723,2.0027
6933,30,269,8.97,14.7,0,corps,10.120321692216883,2.1812
6934,20,177,8.85,10.2,0,corps,10.117262296283494,1.7648
6935,37,370,10.00,17.8,0,corps,10.114204429665714,1.3536
6936,43,443,10.30,20.4,0,corps,10.11114809159907,1.6412
6937,41,390,9.51,19.6,0,corps,10.10809328131948,1.5987
6938,29,282,9.72,14.2,0,corps,10.105039998063248,1.8164
6939,32,345,10.78,15.6,0,corps,10.101988241067042,1.8451
6940,37,367,9.92,17.8,0,corps,10.098938009567929,1.4873
6941,45,467,10.38,21.3,0,corps,10.095889302803352,1.7718
6942,20,191,9.55,10.2,0,corps,10.092842120011131,1.5422
6943,32,345,10.78,15.6,0,corps,10.089796460429474,1.2794
6944,25,224,8.96,12.4,0,corps,10.08675232329696,1.5552
6945,34,291,8.56,16.4,0,corps,10.08370970785256,1.7084
6946,42,387,9.21,20.0,0,corps,10.080668613335622,1.6356
6947,39,405,10.38,18.7,0,corps,10.077629038985863,2.2100
6948,19,163,8.58,9.8,0,corps,10.074590984043398,2.0824
6949,31,321,10.35,15.1,0,corps,10.071554447748712,1.5082
6950,34,359,10.56,16.4,0,corps,10.068519429342668,1.5175
6951,11,102,9.27,6.2,0,corps,10.065485928066515,1.2625
6952,23,204,8.87,11.6,0,corps,10.062453943161874,2.1039
6953,38,408,10.74,18.2,0,corps,10.05942347387075,1.3302
6954,33,349,10.58,16.0,0,corps,10.056394519435527,2.4775
6955,43,421,9.79,20.4,0,corps,10.053367079098965,1.5778
6956,23,180,7.83,11.6,0,corps,10.050341152104203,1.4555
6957,25,256,10.24,12.4,0,corps,10.047316737694764,1.5703
6958,25,249,9.96,12.4,0,corps,10.044293835114537,1.8196
6959,20,181,9.05,10.2,0,corps,10.041272443607804,1.5699
6960,23,193,8.39,11.6,0,corps,10.038252562419212,1.6887
6961,28,234,8.36,13.8,0,corps,10.03523419079379,1.5492
6962,41,414,10.10,19.6,0,corps,10.03221732797695,2.0158
6963,39,435,11.15,18.7,0,corps,10.029201973214471,2.0872
6964,17,133,7.82,8.9,0,corps,10.026188125752517,1.6831
6965,35,377,10.77,16.9,0,corps,10.023175784837628,1.5871
6966,26,255,9.81,12.9,0,corps,10.020164949716715,1.5528
6967,45,381,8.47,21.3,0,corps,10.017155619637071,2.0050
6968,24,199,8.29,12.0,0,corps,10.014147793846362,2.0698
6969,9,74,8.22,5.3,0,corps,10.011141471592634,1.9586
6970,35,339,9.69,16.9,0,corps,10.008136652124307,1.8141
6971,47,506,10.77,22.2,0,corps,10.005133334690171,2.0094
6972,26,278,10.69,12.9,0,corps,10.0021315185394,1.5525
6973,28,225,8.04,13.8,0,corps,9.999131202921543,1.8285
6974,36,409,11.36,17.3,0,corps,9.996132387086515,2.0975
6975,33,258,7.82,16.0,0,corps,9.993135070284618,2.6515
6976,35,381,10.89,16.9,0,corps,9.990139251766518,2.1087
6977,32,294,9.19,15.6,0,corps,9.987144930783261,1.4955
6978,49,602,12.29,23.1,0,corps,9.98415210658627,1.6758
6979,23,278,12.09,11.6,0,corps,9.981160778427336,2.0817
6980,51,556,10.90,24.0,0,corps,9.978170945558626,2.1133
6981,49,482,9.84,23.1,0,corps,9.975182607232687,1.4442
6982,22,175,7.95,11.1,0,corps,9.97219576270243,1.5095
6983,31,288,9.29,15.1,0,corps,9.969210411221145,1.3835
6984,34,319,9.38,16.4,0,corps,9.966226552042489,1.3512
6985,29,232,8.00,14.2,0,corps,9.963244184420507,1.2895
6986,15,126,8.40,8.0,0,corps,9.960263307609603,1.3194
6987,64,686,10.72,29.8,0,corps,9.957283920864555,1.6607
6988,15,126,8.40,8.0,0,corps,9.954306023440514,1.3926
6989,29,254,8.76,14.2,0,corps,9.951329614593018,1.5536
6990,44,503,11.43,20.9,0,corps,9.94835469357795,1.5227
6991,37,423,11.43,17.8,0,corps,9.945381259651592,1.2578
6992,8,85,10.62,4.9,0,corps,9.942409312070575,1.6406
6993,43,419,9.74,20.4,0,corps,9.93943885009192,1.8088
6994,47,493,10.49,22.2,0,corps,9.936469872973008,1.8829
6995,26,215,8.27,12.9,0,corps,9.933502379971594,1.2900
6996,40,398,9.95,19.1,0,corps,9.930536370345806,1.3687
6997,32,328,10.25,15.6,0,corps,9.927571843354144,1.5608
6998,58,597,10.29,27.1,0,corps,9.924608798255468,1.7843
6999,45,467,10.38,21.3,0,corps,9.92164723430903,1.3362
7000,17,135,7.94,8.9,0,corps,9.918687150774426,1.8658
7001,34,321,9.44,16.4,0,corps,9.915728546911643,2.0195
7002,65,841,12.94,30.2,0,corps,9.912771421981025,1.5937
7003,40,362,9.05,19.1,0,corps,9.909815775243295,1.7590
7004,42,409,9.74,20.0,0,corps,9.906861605959541,1.7986
7005,28,271,9.68,13.8,0,corps,9.903908913391216,1.5587
7006,30,309,10.30,14.7,0,corps,9.900957696800154,1.3510
7007,39,454,11.64,18.7,0,corps,9.898007955448545,1.5717
7008,4,45,11.25,3.1,0,corps,9.895059688598954,1.1357
7009,16,150,9.38,8.4,0,corps,9.892112895514316,2.0987
7010,54,598,11.07,25.3,0,corps,9.889167575457936,1.5578
7011,38,371,9.76,18.2,0,corps,9.886223727693476,1.6789
7012,28,268,9.57,13.8,0,corps,9.883281351484982,1.5659
7013,10,85,8.50,5.8,0,corps,9.880340446096856,1.8273
7014,13,110,8.46,7.1,0,corps,9.877401010793871,1.5400
7015,28,261,9.32,13.8,0,corps,9.874463044841171,1.5354
7016,43,489,11.37,20.4,0,corps,9.871526547504262,1.8427
7017,40,377,9.43,19.1,0,corps,9.868591518049017,1.7903
7018,46,481,10.46,21.8,0,corps,9.865657955741689,2.1137
7019,68,804,11.82,31.6,0,corps,9.862725859848874,1.6587
7020,13,124,9.54,7.1,0,corps,9.859795229637559,1.4952
7021,10,96,9.60,5.8,0,corps,9.85686606437508,2.4737
7022,10,98,9.80,5.8,0,corps,9.853938363329146,2.8848
7023,21,199,9.48,10.7,0,corps,9.851012125767838,2.0589
7024,47,497,10.57,22.2,0,corps,9.848087350959586,2.1764
7025,34,299,8.79,16.4,0,corps,9.845164038173204,2.1762
7026,37,352,9.51,17.8,0,corps,9.842242186677867,1.8647
7027,8,78,9.75,4.9,0,corps,9.8393217957431,2.1198
7028,53,486,9.17,24.9,0,corps,9.836402864638819,2.5787
7029,20,171,8.55,10.2,0,corps,9.833485392635279,2.1166
7030,29,246,8.48,14.2,0,corps,9.830569379003117,2.1250
7031,54,549,10.17,25.3,0,corps,9.827654823013336,1.9655
7032,4,46,11.50,3.1,0,corps,9.824741723937287,1.7107
7033,28,238,8.50,13.8,0,corps,9.821830081046699,1.7389
7034,59,644,10.92,27.6,0,corps,9.818919893613664,2.0542
7035,53,522,9.85,24.9,0,corps,9.816011160910632,2.5110
7036,61,814,13.34,28.4,0,corps,9.81310388221042,1.9799
7037,45,418,9.29,21.3,0,corps,9.81019805678621,1.9920
7038,27,265,9.81,13.3,0,corps,9.807293683911542,2.1003
7039,30,231,7.70,14.7,0,corps,9.804390762860326,2.3396
7040,46,393,8.54,21.8,0,corps,9.801489292906831,2.1220
7041,29,297,10.24,14.2,0,corps,9.798589273325689,1.6422
7042,33,293,8.88,16.0,0,corps,9.795690703391898,1.6297
7043,16,135,8.44,8.4,0,corps,9.792793582380813,1.9494
7044,38,383,10.08,18.2,0,corps,9.789897909568152,1.5808
7045,44,456,10.36,20.9,0,corps,9.78700368423,1.9843
7046,39,414,10.62,18.7,0,corps,9.784110905642795,2.2118
7047,48,531,11.06,22.7,0,corps,9.781219573083352,1.6548
7048,44,477,10.84,20.9,0,corps,9.778329685828828,2.0530
7049,29,275,9.48,14.2,0,corps,9.775441243156758,1.9058
7050,47,528,11.23,22.2,0,corps,9.772554244345029,1.6470
7051,27,253,9.37,13.3,0,corps,9.76966868867189,3.3872
7052,34,347,10.21,16.4,0,corps,9.766784575415954,1.8964
7053,38,367,9.66,18.2,0,corps,9.76390190385619,1.9291
7054,28,266,9.50,13.8,0,corps,9.761020673271933,1.8685
7055,35,347,9.91,16.9,0,corps,9.758140882942879,1.9993
7056,43,496,11.53,20.4,0,corps,9.75526253214907,1.5159
7057,47,532,11.32,22.2,0,corps,9.752385620170925,1.7675
7058,10,79,7.90,5.8,0,corps,9.749510146289216,1.9849
7059,31,291,9.39,15.1,0,corps,9.746636109785072,1.8524
7060,57,766,13.44,26.7,0,corps,9.743763509939988,1.6553
7061,21,205,9.76,10.7,0,corps,9.740892346035809,1.6504
7062,53,549,10.36,24.9,0,corps,9.738022617354748,1.8755
7063,22,209,9.50,11.1,0,corps,9.735154323179371,1.7104
7064,45,500,11.11,21.3,0,corps,9.732287462792605,1.8384
7065,38,406,10.68,18.2,0,corps,9.729422035477732,1.6954
7066,14,125,8.93,7.6,0,corps,9.726558040518402,1.3041
7067,53,576,10.87,24.9,0,corps,9.723695477198607,1.9758
7068,20,196,9.80,10.2,0,corps,9.720834344802716,1.4883
7069,33,370,11.21,16.0,0,corps,9.717974642615438,1.7023
7070,36,370,10.28,17.3,0,corps,9.71511636992185,2.2829
7071,22,187,8.50,11.1,0,corps,9.712259526007387,1.9923
7072,23,210,9.13,11.6,0,corps,9.709404110157832,2.2805
7073,31,302,9.74,15.1,0,corps,9.706550121659335,2.4899
7074,10,81,8.10,5.8,0,corps,9.7036975597984,2.0056
7075,38,370,9.74,18.2,0,corps,9.700846423861883,1.8971
7076,72,925,12.85,33.3,0,corps,9.697996713137002,2.0719
7077,34,255,7.50,16.4,0,corps,9.695148426911329,1.5156
7078,33,280,8.48,16.0,0,corps,9.692301564472793,1.8910
7079,58,705,12.16,27.1,0,corps,9.689456125109677,1.7726
7080,76,821,10.80,35.1,0,corps,9.686612108110623,1.6344
7081,21,202,9.62,10.7,0,corps,9.683769512764623,2.2877
7082,37,396,10.70,17.8,0,corps,9.680928338361035,2.1607
7083,34,352,10.35,16.4,0,corps,9.678088584189558,1.7689
7084,37,380,10.27,17.8,0,corps,9.675250249540259,2.0839
7085,22,196,8.91,11.1,0,corps,9.67241333370355,2.2845
7086,54,653,12.09,25.3,0,corps,9.669577835970204,2.2476
7087,36,391,10.86,17.3,0,corps,9.666743755631348,1.9204
7088,27,363,13.44,13.3,0,corps,9.663911091978457,2.4027
7089,41,588,14.34,19.6,0,corps,9.661079844303371,1.6749
7090,67,963,14.37,31.1,0,corps,9.658250011898277,2.0079
7091,50,658,13.16,23.6,0,corps,9.655421594055714,2.1505
7092,47,535,11.38,22.2,0,corps,9.65259459006858,1.9239
7093,15,150,10.00,8.0,0,corps,9.649768999230119,1.4243
7094,43,458,10.65,20.4,0,corps,9.64694482083394,1.6487
7095,20,184,9.20,10.2,0,corps,9.644122054173998,1.6717
7096,25,290,11.60,12.4,0,corps,9.641300698544594,1.9985
7097,36,400,11.11,17.3,0,corps,9.638480753240398,1.6690
7098,25,283,11.32,12.4,0,corps,9.635662217556417,1.9241
7099,18,163,9.06,9.3,0,corps,9.632845090788022,1.7082
7100,20,188,9.40,10.2,0,corps,9.63002937223093,1.4289
7101,18,165,9.17,9.3,0,corps,9.627215061181206,1.9060
7102,13,115,8.85,7.1,0,corps,9.624402156935279,1.7407
7103,55,557,10.13,25.8,0,corps,9.621590658789922,1.8976
7104,48,675,14.06,22.7,0,corps,9.618780566042256,2.1630
7105,20,246,12.30,10.2,0,corps,9.615971877989763,2.2789
7106,26,240,9.23,12.9,0,corps,9.613164593930268,2.0349
7107,47,514,10.94,22.2,0,corps,9.61035871316195,2.1165
7108,58,641,11.05,27.1,0,corps,9.607554234983343,1.9585
7109,30,304,10.13,14.7,0,corps,9.60475115869332,1.9558
7110,46,428,9.30,21.8,0,corps,9.601949483591115,2.3243
7111,39,401,10.28,18.7,0,corps,9.599149208976316,1.7777
7112,37,346,9.35,17.8,0,corps,9.596350334148843,1.7884
7113,13,100,7.69,7.1,0,corps,9.593552858408982,1.7704
7114,32,338,10.56,15.6,0,corps,9.590756781057369,1.9665
7115,24,238,9.92,12.0,0,corps,9.587962101394979,1.6644
7116,29,270,9.31,14.2,0,corps,9.585168818723142,2.3580
7117,42,422,10.05,20.0,0,corps,9.58237693234354,1.7236
7118,42,382,9.10,20.0,0,corps,9.579586441558199,1.9395
7119,44,509,11.57,20.9,0,corps,9.5767973456695,2.1380
7120,30,257,8.57,14.7,0,corps,9.574009643980164,2.0809
7121,38,376,9.89,18.2,0,corps,9.571223335793267,1.7479
7122,35,284,8.11,16.9,0,corps,9.568438420412235,1.8051
7123,23,226,9.83,11.6,0,corps,9.565654897140838,1.3764
7124,44,432,9.82,20.9,0,corps,9.562872765283194,1.9290
7125,41,451,11.00,19.6,0,corps,9.560092024143769,1.9211
7126,35,328,9.37,16.9,0,corps,9.557312673027377,1.7032
7127,56,666,11.89,26.2,0,corps,9.554534711239187,1.6927
7128,20,167,8.35,10.2,0,corps,9.5517581380847,1.9181
7129,23,202,8.78,11.6,0,corps,9.54898295286978,1.5069
7130,33,352,10.67,16.0,0,corps,9.546209154900623,1.6545
7131,32,293,9.16,15.6,0,corps,9.543436743483785,1.4729
7132,49,511,10.43,23.1,0,corps,9.540665717926164,1.9644
7133,12,117,9.75,6.7,0,corps,9.537896077534999,1.3682
7134,28,295,10.54,13.8,0,corps,9.53512782161788,1.7876
7135,19,202,10.63,9.8,0,corps,9.53236094948275,1.2580
7136,59,712,12.07,27.6,0,corps,9.529595460437884,1.6743
7137,15,112,7.47,8.0,0,corps,9.526831353791913,1.7411
7138,26,229,8.81,12.9,0,corps,9.524068628853808,1.7673
7139,44,465,10.57,20.9,0,corps,9.521307284932888,1.5798
7140,2,21,10.50,2.2,0,corps,9.518547321338822,1.5036
7141,62,797,12.85,28.9,0,corps,9.51578873738161,1.9880
7142,46,483,10.50,21.8,0,corps,9.513031532371613,2.0993
7143,32,264,8.25,15.6,0,corps,9.510275705619529,2.6813
7144,46,487,10.59,21.8,0,corps,9.5075212564364,1.6455
7145,19,190,10.00,9.8,0,corps,9.504768184133614,2.0073
7146,20,192,9.60,10.2,0,corps,9.502016488022901,1.9977
7147,21,192,9.14,10.7,0,corps,9.499266167416339,2.2786
7148,45,380,8.44,21.3,0,corps,9.49651722162635,2.1835
7149,17,164,9.65,8.9,0,corps,9.493769649965692,2.1874
7150,12,115,9.58,6.7,0,corps,9.491023451747473,1.5120
7151,43,440,10.23,20.4,0,corps,9.488278626285151,1.7377
7152,64,774,12.09,29.8,0,corps,9.485535172892511,1.5737
7153,49,577,11.78,23.1,0,corps,9.482793090883696,1.6588
7154,18,169,9.39,9.3,0,corps,9.480052379573179,1.5147
7155,9,112,12.44,5.3,0,corps,9.477313038275787,1.4836
7156,36,348,9.67,17.3,0,corps,9.47457506630668,1.8052
7157,43,463,10.77,20.4,0,corps,9.471838462981372,1.7999
7158,37,439,11.86,17.8,0,corps,9.469103227615705,1.7364
7159,25,227,9.08,12.4,0,corps,9.466369359525878,1.7139
7160,34,319,9.38,16.4,0,corps,9.463636858028416,1.5940
7161,49,453,9.24,23.1,0,corps,9.460905722440199,1.5027
7162,34,353,10.38,16.4,0,corps,9.458175952078438,1.7802
7163,21,170,8.10,10.7,0,corps,9.455447546260693,1.7119
7164,44,469,10.66,20.9,0,corps,9.452720504304867,2.8086
7165,49,634,12.94,23.1,0,corps,9.449994825529192,1.3676
7166,40,379,9.47,19.1,0,corps,9.447270509252254,1.6278
7167,14,129,9.21,7.6,0,corps,9.444547554792972,1.6068
7168,44,415,9.43,20.9,0,corps,9.441825961470604,1.9007
7169,30,263,8.77,14.7,0,corps,9.439105728604758,1.7933
7170,33,325,9.85,16.0,0,corps,9.436386855515371,1.2870
7171,34,279,8.21,16.4,0,corps,9.433669341522725,1.9121
7172,56,497,8.88,26.2,0,corps,9.430953185947446,1.9020
7173,40,396,9.90,19.1,0,corps,9.428238388110488,1.7879
7174,35,358,10.23,16.9,0,corps,9.425524947333159,1.7358
7175,19,148,7.79,9.8,0,corps,9.422812862937095,1.4880
7176,29,262,9.03,14.2,0,corps,9.42010213424427,1.6807
7177,24,239,9.96,12.0,0,corps,9.417392760577012,1.8576
7178,44,426,9.68,20.9,0,corps,9.41468474125797,1.4601
7179,18,122,6.78,9.3,0,corps,9.41197807561014,2.1171
7180,48,439,9.15,22.7,0,corps,9.40927276295686,1.6313
7181,40,404,10.10,19.1,0,corps,9.406568802621798,1.7070
7182,31,304,9.81,15.1,0,corps,9.403866193928964,1.8046
7183,23,185,8.04,11.6,0,corps,9.401164936202708,2.0743
7184,23,172,7.48,11.6,0,corps,9.398465028767713,2.5534
7185,41,397,9.68,19.6,0,corps,9.395766470949004,1.9703
7186,28,255,9.11,13.8,0,corps,9.39306926207194,1.9562
7187,39,384,9.85,18.7,0,corps,9.39037340146222,2.0907
7188,33,320,9.70,16.0,0,corps,9.38767888844588,2.1883
7189,24,239,9.96,12.0,0,corps,9.384985722349287,1.8530
7190,21,178,8.48,10.7,0,corps,9.382293902499155,2.1649
7191,23,244,10.61,11.6,0,corps,9.379603428222527,1.6996
7192,17,158,9.29,8.9,0,corps,9.376914298846781,1.8163
7193,42,395,9.40,20.0,0,corps,9.374226513699643,1.8591
7194,3,36,12.00,2.7,0,corps,9.371540072109157,2.1308
7195,57,622,10.91,26.7,0,corps,9.368854973403717,1.9384
7196,13,120,9.23,7.1,0,corps,9.366171216912052,1.9634
7197,10,91,9.10,5.8,0,corps,9.363488801963216,1.8129
7198,57,657,11.53,26.7,0,corps,9.360807727886607,1.8323
7199,33,285,8.64,16.0,0,corps,9.358127994011962,2.4385
7200,46,512,11.13,21.8,0,corps,9.355449599669342,2.0504
7201,18,144,8.00,9.3,0,corps,9.35277254418915,1.1747
7202,43,480,11.16,20.4,0,corps,9.35009682690212,1.6570
7203,35,286,8.17,16.9,0,corps,9.347422447139325,1.7844
7204,18,151,8.39,9.3,0,corps,9.344749404232171,1.5810
7205,18,161,8.94,9.3,0,corps,9.342077697512396,2.1184
7206,41,356,8.68,19.6,0,corps,9.339407326312072,1.6968
7207,39,361,9.26,18.7,0,corps,9.336738289963609,1.5065
7208,39,384,9.85,18.7,0,corps,9.334070587799745,1.9051
7209,29,273,9.41,14.2,0,corps,9.331404219153558,1.3862
7210,15,150,10.00,8.0,0,corps,9.32873918335845,2.0363
7211,19,143,7.53,9.8,0,corps,9.326075479748166,1.9020
7212,24,249,10.38,12.0,0,corps,9.323413107656783,1.2238
7213,34,347,10.21,16.4,0,corps,9.3207520664187,1.8332
7214,43,444,10.33,20.4,0,corps,9.318092355368664,1.4636
7215,37,330,8.92,17.8,0,corps,9.315433973841747,1.2352
7216,43,393,9.14,20.4,0,corps,9.312776921173347,1.4399
7217,10,81,8.10,5.8,0,corps,9.310121196699209,1.4151
7218,38,400,10.53,18.2,0,corps,9.307466799755392,1.4758
7219,17,153,9.00,8.9,0,corps,9.304813729678306,1.6642
7220,24,243,10.12,12.0,0,corps,9.302161985804682,1.6669
7221,14,152,10.86,7.6,0,corps,9.299511567471578,1.4705
7222,35,370,10.57,16.9,0,corps,9.296862474016395,1.5983
7223,38,417,10.97,18.2,0,corps,9.29421470477686,1.4039
7224,37,381,10.30,17.8,0,corps,9.291568259091026,1.4708
7225,45,536,11.91,21.3,0,corps,9.288923136297287,1.3907
7226,32,324,10.12,15.6,0,corps,9.286279335734356,1.3358
7227,29,297,10.24,14.2,0,corps,9.283636856741289,1.4297
7228,2,9,4.50,2.2,0,corps,9.280995698657465,2.2257
7229,17,153,9.00,8.9,0,corps,9.278355860822591,1.5751
7230,15,147,9.80,8.0,0,corps,9.27571734257671,1.6903
7231,32,332,10.38,15.6,0,corps,9.273080143260193,1.6012
7232,30,269,8.97,14.7,0,corps,9.27044426221374,1.9310
7233,16,167,10.44,8.4,0,corps,9.267809698778379,1.4729
7234,42,384,9.14,20.0,0,corps,9.265176452295467,1.6985
7235,11,97,8.82,6.2,0,corps,9.2625445221067,1.6657
7236,35,342,9.77,16.9,0,corps,9.25991390755409,1.6204
7237,45,543,12.07,21.3,0,corps,9.257284607979981,1.9479
7238,69,905,13.12,32.0,0,corps,9.254656622727055,1.6762
7239,26,269,10.35,12.9,0,corps,9.252029951138312,1.7482
7240,43,444,10.33,20.4,0,corps,9.249404592557083,1.6667
7241,44,426,9.68,20.9,0,corps,9.24678054632703,1.9462
7242,39,341,8.74,18.7,0,corps,9.244157811792139,1.9163
7243,34,369,10.85,16.4,0,corps,9.24153638829673,1.6584
7244,28,282,10.07,13.8,0,corps,9.238916275185446,1.5956
7245,22,151,6.86,11.1,0,corps,9.236297471803256,2.6309
7246,27,227,8.41,13.3,0,corps,9.233679977495463,2.1577
7247,29,274,9.45,14.2,0,corps,9.231063791607692,1.5127
7248,38,298,7.84,18.2,0,corps,9.228448913485893,2.2345
7249,38,361,9.50,18.2,0,corps,9.225835342476355,1.8501
7250,21,199,9.48,10.7,0,corps,9.223223077925674,1.5311
7251,20,185,9.25,10.2,0,corps,9.220612119180792,1.5495
7252,36,368,10.22,17.3,0,corps,9.21800246558897,1.5360
7253,19,176,9.26,9.8,0,corps,9.215394116497787,1.3021
7254,13,118,9.08,7.1,0,corps,9.212787071255164,1.6174
7255,48,471,9.81,22.7,0,corps,9.210181329209332,1.6915
7256,25,205,8.20,12.4,0,corps,9.207576889708863,2.3026
7257,31,270,8.71,15.1,0,corps,9.204973752102644,1.9881
7258,27,283,10.48,13.3,0,corps,9.202371915739887,1.8477
7259,47,527,11.21,22.2,0,corps,9.199771379970135,1.7056
7260,50,569,11.38,23.6,0,corps,9.19717214414326,1.6738
7261,27,218,8.07,13.3,0,corps,9.194574207609444,2.3969
7262,30,262,8.73,14.7,0,corps,9.19197756971921,2.0949
7263,38,466,12.26,18.2,0,corps,9.189382229823392,1.8139
7264,41,440,10.73,19.6,0,corps,9.18678818727316,1.7389
7265,21,221,10.52,10.7,0,corps,9.184195441420004,1.7171
7266,60,618,10.30,28.0,0,corps,9.181603991615733,2.0762
7267,54,579,10.72,25.3,0,corps,9.179013837212487,1.8402
7268,23,202,8.78,11.6,0,corps,9.176424977562728,1.9330
7269,27,214,7.93,13.3,0,corps,9.173837412019239,2.1998
7270,15,151,10.07,8.0,0,corps,9.171251139935134,1.5941
7271,32,285,8.91,15.6,0,corps,9.168666160663836,1.6389
7272,46,571,12.41,21.8,0,corps,9.166082473559106,1.7285
7273,27,254,9.41,13.3,0,corps,9.163500077975026,2.0221
7274,21,200,9.52,10.7,0,corps,9.160918973265987,2.0044
7275,42,473,11.26,20.0,0,corps,9.158339158786719,1.7099
7276,34,322,9.47,16.4,0,corps,9.155760633892271,2.0510
7277,47,393,8.36,22.2,0,corps,9.153183397938003,2.3279
7278,38,418,11.00,18.2,0,corps,9.150607450279615,1.6626
7279,37,395,10.68,17.8,0,corps,9.148032790273117,1.6714
7280,27,252,9.33,13.3,0,corps,9.14545941727484,2.2562
7281,52,592,11.38,24.4,0,corps,9.142887330641447,1.4989
7282,32,281,8.78,15.6,0,corps,9.140316529729912,1.6048
7283,22,230,10.45,11.1,0,corps,9.137747013897537,1.7239
7284,27,237,8.78,13.3,0,corps,9.135178782501944,1.7000
7285,20,175,8.75,10.2,0,corps,9.13261183490107,2.4560
7286,55,678,12.33,25.8,0,corps,9.130046170453184,1.7942
7287,29,285,9.83,14.2,0,corps,9.127481788516864,1.8325
7288,35,304,8.69,16.9,0,corps,9.12491868845102,1.7931
7289,23,216,9.39,11.6,0,corps,9.122356869614876,1.7773
7290,41,438,10.68,19.6,0,corps,9.119796331367974,1.3769
7291,30,325,10.83,14.7,0,corps,9.11723707307018,1.7698
7292,5,38,7.60,3.6,0,corps,9.114679094081685,1.7082
7293,4,45,11.25,3.1,0,corps,9.11212239376299,1.8697
7294,36,379,10.53,17.3,0,corps,9.10956697147492,1.9998
7295,24,272,11.33,12.0,0,corps,9.107012826578615,1.5484
7296,12,110,9.17,6.7,0,corps,9.104459958435546,1.6550
7297,27,278,10.30,13.3,0,corps,9.101908366407494,2.0065
7298,15,115,7.67,8.0,0,corps,9.09935804985656,2.2029
7299,47,431,9.17,22.2,0,corps,9.096809008145163,1.9246
7300,44,416,9.45,20.9,0,corps,9.094261240636047,1.6754
7301,49,537,10.96,23.1,0,corps,9.091714746692267,1.5214
7302,34,280,8.24,16.4,0,corps,9.089169525677201,1.6341
7303,33,290,8.79,16.0,0,corps,9.08662557695454,1.6426
7304,35,438,12.51,16.9,0,corps,9.084082899888301,1.5448
7305,45,465,10.33,21.3,0,corps,9.081541493842817,1.7409
7306,28,264,9.43,13.8,0,corps,9.079001358182728,1.4800
7307,45,446,9.91,21.3,0,corps,9.076462492273007,1.6735
7308,31,322,10.39,15.1,0,corps,9.073924895478939,1.6238
7309,31,322,10.39,15.1,0,corps,9.071388567166116,1.6871
7310,43,358,8.33,20.4,0,corps,9.068853506700464,1.8362
7311,23,209,9.09,11.6,0,corps,9.066319713448214,1.5962
7312,70,700,10.00,32.4,0,corps,9.063787186775919,2.2512
7313,60,554,9.23,28.0,0,corps,9.061255926050446,1.7563
7314,51,477,9.35,24.0,0,corps,9.058725930638982,1.8605
7315,10,76,7.60,5.8,0,corps,9.056197199909025,2.1492
7316,12,90,7.50,6.7,0,corps,9.0536697332284,1.8526
7317,22,193,8.77,11.1,0,corps,9.051143529965227,1.9987
7318,23,177,7.70,11.6,0,corps,9.048618589487969,2.2358
7319,41,394,9.61,19.6,0,corps,9.046094911165381,1.5424
7320,59,596,10.10,27.6,0,corps,9.043572494366547,1.4136
7321,25,252,10.08,12.4,0,corps,9.041051338460868,2.1230
7322,10,97,9.70,5.8,0,corps,9.038531442818044,2.1742
7323,43,404,9.40,20.4,0,corps,9.036012806808108,2.2283
7324,14,115,8.21,7.6,0,corps,9.033495429801402,2.0560
7325,38,339,8.92,18.2,0,corps,9.03097931116858,2.8421
7326,66,851,12.89,30.7,0,corps,9.02846445028061,2.1179
7327,25,227,9.08,12.4,0,corps,9.02595084650878,2.2159
7328,41,440,10.73,19.6,0,corps,9.023438499224687,2.2845
7329,47,517,11.00,22.2,0,corps,9.020927407800244,1.9107
7330,37,391,10.57,17.8,0,corps,9.018417571607682,2.1517
7331,26,245,9.42,12.9,0,corps,9.015908990019536,2.2561
7332,76,894,11.76,35.1,0,corps,9.013401662408665,2.2227
7333,40,392,9.80,19.1,0,corps,9.010895588148236,2.0778
7334,37,374,10.11,17.8,0,corps,9.00839076661173,2.3197
7335,38,368,9.68,18.2,0,corps,9.00588719717294,2.1531
7336,19,183,9.63,9.8,0,corps,9.003384879205978,2.9449
7337,46,582,12.65,21.8,0,corps,9.000883812085261,2.1180
7338,15,155,10.33,8.0,0,corps,8.998383995185524,2.0598
7339,30,297,9.90,14.7,0,corps,8.995885427881808,2.1356
7340,73,782,10.71,33.8,0,corps,8.99338810954948,1.8559
7341,35,329,9.40,16.9,0,corps,8.990892039564201,2.0275
7342,32,306,9.56,15.6,0,corps,8.988397217301962,3.1703
7343,57,628,11.02,26.7,0,corps,8.985903642139052,2.4200
7344,22,178,8.09,11.1,0,corps,8.983411313452075,2.4651
7345,41,369,9.00,19.6,0,corps,8.980920230617956,1.8238
7346,30,294,9.80,14.7,0,corps,8.97843039301392,1.9239
7347,71,732,10.31,32.9,0,corps,8.975941800017505,2.3565
7348,36,344,9.56,17.3,0,corps,8.973454451006571,2.0068
7349,18,165,9.17,9.3,0,corps,8.970968345359273,1.9776
7350,29,257,8.86,14.2,0,corps,8.96848348245409,2.2466
7351,34,341,10.03,16.4,0,corps,8.965999861669799,2.0683
7352,46,463,10.07,21.8,0,corps,8.963517482385502,2.2003
7353,25,218,8.72,12.4,0,corps,8.961036343980602,2.0282
7354,24,220,9.17,12.0,0,corps,8.958556445834812,1.8067
7355,20,147,7.35,10.2,0,corps,8.956077787328159,2.7178
7356,54,614,11.37,25.3,0,corps,8.95360036784098,2.8046
7357,47,463,9.85,22.2,0,corps,8.951124186753917,2.5607
7358,24,221,9.21,12.0,0,corps,8.94864924344793,2.1959
7359,19,174,9.16,9.8,0,corps,8.946175537304276,1.7452
7360,34,318,9.35,16.4,0,corps,8.943703067704533,2.2504
7361,21,205,9.76,10.7,0,corps,8.941231834030585,1.4189
7362,50,517,10.34,23.6,0,corps,8.938761835664618,1.3641
7363,15,154,10.27,8.0,0,corps,8.936293071989137,1.2130
7364,55,622,11.31,25.8,0,corps,8.93382554238695,1.2968
7365,2,30,15.00,2.2,0,corps,8.931359246241174,1.2209
7366,11,106,9.64,6.2,0,corps,8.928894182935238,1.2813
7367,20,170,8.50,10.2,0,corps,8.926430351852868,1.3653
7368,17,133,7.82,8.9,0,corps,8.923967752378115,1.6685
7369,36,300,8.33,17.3,0,corps,8.921506383895327,1.4830
7370,9,91,10.11,5.3,0,corps,8.919046245789158,1.2308
7371,42,444,10.57,20.0,0,corps,8.916587337444575,1.4763
7372,25,244,9.76,12.4,0,corps,8.914129658246855,1.4242
7373,17,166,9.76,8.9,0,corps,8.911673207581575,1.6860
7374,18,154,8.56,9.3,0,corps,8.909217984834623,1.4488
7375,50,513,10.26,23.6,0,corps,8.90676398939219,1.4425
7376,38,358,9.42,18.2,0,corps,8.904311220640778,1.4425
7377,49,462,9.43,23.1,0,corps,8.901859677967202,1.4276
7378,25,239,9.56,12.4,0,corps,8.899409360758568,1.2413
7379,64,675,10.55,29.8,0,corps,8.896960268402301,1.4918
7380,47,521,11.09,22.2,0,corps,8.894512400286125,1.4500
7381,9,81,9.00,5.3,0,corps,8.892065755798075,2.4922
7382,47,484,10.30,22.2,0,corps,8.889620334326493,1.7888
7383,44,453,10.30,20.9,0,corps,8.887176135260017,2.0129
7384,32,339,10.59,15.6,0,corps,8.884733157987599,2.0931
7385,29,284,9.79,14.2,0,corps,8.882291401898499,2.1270
7386,45,473,10.51,21.3,0,corps,8.879850866382272,2.2293
7387,37,347,9.38,17.8,0,corps,8.87741155082879,2.1381
7388,29,332,11.45,14.2,0,corps,8.874973454628218,1.7938
7389,35,323,9.23,16.9,0,corps,8.872536577171036,2.2241
7390,32,281,8.78,15.6,0,corps,8.870100917848026,2.3580
7391,32,328,10.25,15.6,0,corps,8.867666476050267,1.9334
7392,8,73,9.12,4.9,0,corps,8.865233251169153,1.9574
7393,14,125,8.93,7.6,0,corps,8.862801242596381,2.1881
7394,14,118,8.43,7.6,0,corps,8.860370449723941,2.0422
7395,45,520,11.56,21.3,0,corps,8.857940871944143,2.2050
7396,51,539,10.57,24.0,0,corps,8.855512508649584,1.9345
7397,22,177,8.05,11.1,0,corps,8.853085359233178,2.5356
7398,24,243,10.12,12.0,0,corps,8.850659423088139,1.8711
7399,36,321,8.92,17.3,0,corps,8.848234699607978,1.9390
7400,23,229,9.96,11.6,0,corps,8.84581118818652,1.7316
7401,36,296,8.22,17.3,0,corps,8.843388888217884,1.8954
7402,32,301,9.41,15.6,0,corps,8.840967799096495,1.5055
7403,28,235,8.39,13.8,0,corps,8.838547920217083,1.8590
7404,14,136,9.71,7.6,0,corps,8.836129250974672,1.6878
7405,28,281,10.04,13.8,0,corps,8.833711790764601,2.3294
7406,35,350,10.00,16.9,0,corps,8.831295538982504,1.3891
7407,26,304,11.69,12.9,0,corps,8.828880495024313,1.6571
7408,44,418,9.50,20.9,0,corps,8.826466658286275,1.8763
7409,25,199,7.96,12.4,0,corps,8.824054028164925,1.9298
7410,21,193,9.19,10.7,0,corps,8.821642604057107,1.5805
7411,31,299,9.65,15.1,0,corps,8.819232385359967,2.0363
7412,39,389,9.97,18.7,0,corps,8.816823371470948,1.4464
7413,76,1043,13.72,35.1,0,corps,8.814415561787795,1.6107
7414,48,470,9.79,22.7,0,corps,8.812008955708558,1.7752
7415,55,519,9.44,25.8,0,corps,8.809603552631586,1.9638
7416,45,470,10.44,21.3,0,corps,8.807199351955525,1.5444
7417,48,470,9.79,22.7,0,corps,8.80479635307933,1.5491
7418,27,265,9.81,13.3,0,corps,8.802394555402246,1.6893
7419,22,182,8.27,11.1,0,corps,8.79999395832383,1.7213
7420,30,282,9.40,14.7,0,corps,8.797594561243924,1.8690
7421,30,291,9.70,14.7,0,corps,8.795196363562683,1.6847
7422,35,318,9.09,16.9,0,corps,8.792799364680562,1.9106
7423,36,405,11.25,17.3,0,corps,8.790403563998304,1.4475
7424,32,300,9.38,15.6,0,corps,8.788008960916963,1.5176
7425,38,343,9.03,18.2,0,corps,8.785615554837886,1.7024
7426,62,767,12.37,28.9,0,corps,8.783223345162725,1.5902
7427,11,88,8.00,6.2,0,corps,8.780832331293423,1.5860
7428,22,213,9.68,11.1,0,corps,8.778442512632228,1.7001
7429,60,637,10.62,28.0,0,corps,8.776053888581687,1.5741
7430,13,97,7.46,7.1,0,corps,8.773666458544646,1.4990
7431,42,400,9.52,20.0,0,corps,8.771280221924242,1.7429
7432,29,316,10.90,14.2,0,corps,8.768895178123918,1.4029
7433,32,313,9.78,15.6,0,corps,8.766511326547413,1.5973
7434,34,347,10.21,16.4,0,corps,8.764128666598765,1.6045
7435,57,566,9.93,26.7,0,corps,8.76174719768231,1.6050
7436,39,375,9.62,18.7,0,corps,8.759366919202677,1.7966
7437,45,433,9.62,21.3,0,corps,8.7569878305648,1.7469
7438,13,104,8.00,7.1,0,corps,8.754609931173905,1.7211
7439,56,617,11.02,26.2,0,corps,8.752233220435517,1.4406
7440,29,239,8.24,14.2,0,corps,8.74985769775546,2.1412
7441,46,531,11.54,21.8,0,corps,8.747483362539851,1.7278
7442,45,557,12.38,21.3,0,corps,8.745110214195106,1.9668
7443,27,256,9.48,13.3,0,corps,8.742738252127943,2.0930
7444,33,388,11.76,16.0,0,corps,8.740367475745366,2.1037
7445,5,60,12.00,3.6,0,corps,8.737997884454682,2.1511
7446,51,501,9.82,24.0,0,corps,8.735629477663496,1.7988
7447,18,152,8.44,9.3,0,corps,8.7332622547797,2.0771
7448,57,627,11.00,26.7,0,corps,8.730896215211494,1.9391
7449,30,280,9.33,14.7,0,corps,8.72853135836737,1.6869
7450,66,711,10.77,30.7,0,corps,8.726167683656104,1.9198
7451,34,303,8.91,16.4,0,corps,8.72380519048679,2.2554
7452,25,189,7.56,12.4,0,corps,8.721443878268795,2.2799
7453,35,320,9.14,16.9,0,corps,8.719083746411794,1.9640
7454,35,367,10.49,16.9,0,corps,8.716724794325753,1.7971
7455,15,96,6.40,8.0,0,corps,8.714367021420937,3.0019
7456,6,41,6.83,4.0,0,corps,8.7120104271079,3.1495
7457,16,113,7.06,8.4,0,corps,8.709655010797496,2.5468
7458,26,243,9.35,12.9,0,corps,8.707300771900867,2.3627
7459,31,336,10.84,15.1,0,corps,8.704947709829458,2.0553
7460,36,327,9.08,17.3,0,corps,8.702595823994999,1.8050
7461,27,270,10.00,13.3,0,corps,8.700245113809519,2.1831
7462,32,284,8.88,15.6,0,corps,8.697895578685348,2.0729
7463,43,373,8.67,20.4,0,corps,8.69554721803509,1.9635
7464,18,169,9.39,9.3,0,corps,8.693200031271662,1.9649
7465,51,494,9.69,24.0,0,corps,8.690854017808268,2.4643
7466,18,154,8.56,9.3,0,corps,8.688509177058402,2.0387
7467,22,194,8.82,11.1,0,corps,8.686165508435856,1.8983
7468,19,180,9.47,9.8,0,corps,8.68382301135471,1.6385
7469,35,371,10.60,16.9,0,corps,8.68148168522934,2.6171
7470,27,261,9.67,13.3,0,corps,8.679141529474418,1.8443
7471,47,478,10.17,22.2,0,corps,8.676802543504902,1.8931
7472,30,256,8.53,14.7,0,corps,8.674464726736044,1.9318
7473,37,379,10.24,17.8,0,corps,8.672128078583397,1.9578
7474,24,214,8.92,12.0,0,corps,8.66979259846279,2.3293
7475,33,371,11.24,16.0,0,corps,8.66745828579036,1.8221
7476,26,260,10.00,12.9,0,corps,8.665125139982525,1.9422
7477,48,604,12.58,22.7,0,corps,8.662793160455994,1.9817
7478,33,396,12.00,16.0,0,corps,8.660462346627785,1.2708
7479,22,197,8.95,11.1,0,corps,8.658132697915184,1.9904
7480,28,283,10.11,13.8,0,corps,8.65580421373578,1.5253
7481,44,415,9.43,20.9,0,corps,8.653476893507456,2.0105
7482,51,545,10.69,24.0,0,corps,8.651150736648377,1.7579
7483,37,382,10.32,17.8,0,corps,8.64882574257701,1.9097
7484,49,594,12.12,23.1,0,corps,8.6465019107121,1.6416
7485,33,302,9.15,16.0,0,corps,8.64417924047269,1.6355
7486,32,301,9.41,15.6,0,corps,8.64185773127812,1.4738
7487,41,429,10.46,19.6,0,corps,8.639537382548003,1.8919
7488,47,551,11.72,22.2,0,corps,8.637218193702257,1.7313
7489,18,158,8.78,9.3,0,corps,8.634900164161085,2.2183
7490,16,159,9.94,8.4,0,corps,8.632583293344975,1.7954
7491,45,481,10.69,21.3,0,corps,8.630267580674717,2.0790
7492,24,224,9.33,12.0,0,corps,8.627953025571372,1.8026
7493,26,232,8.92,12.9,0,corps,8.62563962745631,1.6499
7494,50,469,9.38,23.6,0,corps,8.623327385751182,1.7299
7495,6,48,8.00,4.0,0,corps,8.621016299877923,2.3159
7496,26,231,8.88,12.9,0,corps,8.61870636925876,1.6854
7497,51,564,11.06,24.0,0,corps,8.616397593316217,1.6562
7498,37,405,10.95,17.8,0,corps,8.614089971473096,1.9608
7499,28,306,10.93,13.8,0,corps,8.611783503152491,1.8653
7500,38,365,9.61,18.2,0,corps,8.609478187777786,1.6711
7501,55,546,9.93,25.8,0,corps,8.60717402477265,1.5842
7502,33,321,9.73,16.0,0,corps,8.604871013561047,1.5877
7503,36,354,9.83,17.3,0,corps,8.602569153567218,1.7334
7504,24,211,8.79,12.0,0,corps,8.600268444215708,2.0170
7505,47,533,11.34,22.2,0,corps,8.597968884931326,1.5531
7506,14,149,10.64,7.6,0,corps,8.595670475139192,1.8781
7507,8,62,7.75,4.9,0,corps,8.593373214264702,2.1868
7508,13,113,8.69,7.1,0,corps,8.591077101733537,1.6831
7509,18,165,9.17,9.3,0,corps,8.588782136971671,5.4713
7510,38,374,9.84,18.2,0,corps,8.586488319405367,1.8408
7511,48,502,10.46,22.7,0,corps,8.584195648461163,1.6936
7512,48,571,11.90,22.7,0,corps,8.581904123565899,1.7153
7513,45,509,11.31,21.3,0,corps,8.579613744146686,1.9615
7514,4,38,9.50,3.1,0,corps,8.577324509630932,2.0341
7515,38,416,10.95,18.2,0,corps,8.575036419446333,1.7748
7516,45,521,11.58,21.3,0,corps,8.57274947302086,1.7925
7517,26,256,9.85,12.9,0,corps,8.570463669782779,1.7682
7518,30,275,9.17,14.7,0,corps,8.568179009160643,1.5610
7519,49,507,10.35,23.1,0,corps,8.565895490583278,1.9951
7520,25,277,11.08,12.4,0,corps,8.563613113479814,1.4403
7521,24,271,11.29,12.0,0,corps,8.561331877279649,1.3979
7522,41,393,9.59,19.6,0,corps,8.559051781412478,1.5441
7523,41,397,9.68,19.6,0,corps,8.556772825308276,1.5642
7524,31,311,10.03,15.1,0,corps,8.554495008397303,1.2558
7525,46,449,9.76,21.8,0,corps,8.552218330110106,2.0041
7526,46,471,10.24,21.8,0,corps,8.549942789877518,1.4896
7527,29,270,9.31,14.2,0,corps,8.54766838713065,1.2143
7528,53,584,11.02,24.9,0,corps,8.545395121300903,1.3743
7529,55,581,10.56,25.8,0,corps,8.543122991819956,1.5156
7530,61,720,11.80,28.4,0,corps,8.540851998119784,1.5563
7531,45,536,11.91,21.3,0,corps,8.538582139632636,1.5958
7532,69,722,10.46,32.0,0,corps,8.536313415791044,1.7023
7533,15,125,8.33,8.0,0,corps,8.53404582602783,1.5208
7534,70,880,12.57,32.4,0,corps,8.531779369776098,1.6742
7535,24,206,8.58,12.0,0,corps,8.529514046469231,1.5705
7536,33,438,13.27,16.0,0,corps,8.5272498555409,1.0962
7537,26,247,9.50,12.9,0,corps,8.524986796425054,1.4313
7538,45,455,10.11,21.3,0,corps,8.522724868555931,1.3913
7539,39,422,10.82,18.7,0,corps,8.520464071368053,1.4196
7540,25,307,12.28,12.4,0,corps,8.518204404296212,1.1718
7541,66,727,11.02,30.7,0,corps,8.515945866775496,2.1976
7542,38,370,9.74,18.2,0,corps,8.513688458241273,2.1929
7543,27,240,8.89,13.3,0,corps,8.511432178129184,2.1678
7544,38,364,9.58,18.2,0,corps,8.509177025875166,1.6697
7545,35,349,9.97,16.9,0,corps,8.506923000915428,1.6851
7546,20,163,8.15,10.2,0,corps,8.504670102686463,2.3247
7547,37,325,8.78,17.8,0,corps,8.502418330625048,1.9988
7548,41,452,11.02,19.6,0,corps,8.500167684168236,1.5652
7549,38,396,10.42,18.2,0,corps,8.49791816275337,2.0158
7550,42,402,9.57,20.0,0,corps,8.49566976581807,1.9208
7551,57,557,9.77,26.7,0,corps,8.493422492800233,1.6924
7552,30,277,9.23,14.7,0,corps,8.491176343138045,1.6588
7553,47,573,12.19,22.2,0,corps,8.488931316269964,2.0268
7554,61,845,13.85,28.4,0,corps,8.486687411634735,1.7103
7555,61,654,10.72,28.4,0,corps,8.484444628671383,1.8199
7556,53,576,10.87,24.9,0,corps,8.48220296681921,2.2389
7557,31,316,10.19,15.1,0,corps,8.479962425517803,1.9955
7558,43,448,10.42,20.4,0,corps,8.47772300420703,1.8938
7559,54,684,12.67,25.3,0,corps,8.475484702327027,1.6259
7560,31,401,12.94,15.1,0,corps,8.473247519318225,2.0395
7561,24,240,10.00,12.0,0,corps,8.471011454621324,1.5568
7562,62,674,10.87,28.9,0,corps,8.468776507677308,1.5758
7563,26,241,9.27,12.9,0,corps,8.466542677927446,1.4115
7564,28,247,8.82,13.8,0,corps,8.464309964813276,1.6764
7565,36,325,9.03,17.3,0,corps,8.46207836777662,1.7239
7566,14,139,9.93,7.6,0,corps,8.459847886259581,1.7200
7567,31,303,9.77,15.1,0,corps,8.457618519704534,1.4074
7568,63,614,9.75,29.3,0,corps,8.455390267554142,1.9407
7569,29,277,9.55,14.2,0,corps,8.453163129251339,2.0056
7570,28,251,8.96,13.8,0,corps,8.45093710423934,1.6967
7571,42,397,9.45,20.0,0,corps,8.448712191961643,1.6679
7572,19,193,10.16,9.8,0,corps,8.446488391862017,1.4562
7573,23,209,9.09,11.6,0,corps,8.44426570338451,1.6330
7574,37,319,8.62,17.8,0,corps,8.442044125973455,2.1830
7575,37,373,10.08,17.8,0,corps,8.439823659073454,1.7194
7576,34,373,10.97,16.4,0,corps,8.43760430212939,1.3858
7577,46,516,11.22,21.8,0,corps,8.435386054586424,1.4679
7578,52,560,10.77,24.4,0,corps,8.433168915889993,1.4460
7579,11,110,10.00,6.2,0,corps,8.430952885485818,1.3511
7580,35,362,10.34,16.9,0,corps,8.428737962819884,1.8637
7581,15,151,10.07,8.0,0,corps,8.426524147338466,1.6390
7582,37,432,11.68,17.8,0,corps,8.424311438488107,1.5718
7583,40,444,11.10,19.1,0,corps,8.422099835715633,1.3989
7584,14,118,8.43,7.6,0,corps,8.41988933846814,1.5193
7585,15,122,8.13,8.0,0,corps,8.417679946193001,2.0798
7586,33,300,9.09,16.0,0,corps,8.415471658337875,1.5631
7587,27,226,8.37,13.3,0,corps,8.413264474350687,1.5592
7588,22,208,9.45,11.1,0,corps,8.411058393679639,1.7311
7589,34,328,9.65,16.4,0,corps,8.408853415773212,1.5744
7590,23,216,9.39,11.6,0,corps,8.406649540080164,1.7975
7591,47,461,9.81,22.2,0,corps,8.404446766049523,1.7647
7592,18,142,7.89,9.3,0,corps,8.402245093130595,2.2646
7593,21,172,8.19,10.7,0,corps,8.400044520772965,2.2954
7594,57,576,10.11,26.7,0,corps,8.397845048426486,1.6378
7595,26,245,9.42,12.9,0,corps,8.395646675541297,1.3385
7596,32,298,9.31,15.6,0,corps,8.393449401567793,1.6144
7597,45,442,9.82,21.3,0,corps,8.391253225956666,1.7629
7598,60,727,12.12,28.0,0,corps,8.389058148158869,1.6269
7599,9,91,10.11,5.3,0,corps,8.38686416762563,1.9364
7600,68,814,11.97,31.6,0,corps,8.384671283808458,1.6930
7601,29,265,9.14,14.2,0,corps,8.382479496159128,2.1337
7602,24,238,9.92,12.0,0,corps,8.380288804129693,1.7450
7603,27,230,8.52,13.3,0,corps,8.378099207172486,1.9602
7604,24,218,9.08,12.0,0,corps,8.3759107047401,1.8627
7605,19,149,7.84,9.8,0,corps,8.373723296285416,2.2680
7606,48,457,9.52,22.7,0,corps,8.371536981261576,1.9837
7607,38,325,8.55,18.2,0,corps,8.369351759122006,2.4656
7608,13,90,6.92,7.1,0,corps,8.367167629320399,2.3709
7609,66,737,11.17,30.7,0,corps,8.364984591310721,1.8521
7610,41,435,10.61,19.6,0,corps,8.362802644547212,1.8501
7611,39,370,9.49,18.7,0,corps,8.36062178848439,1.7861
7612,53,574,10.83,24.9,0,corps,8.358442022577037,1.9697
7613,21,191,9.10,10.7,0,corps,8.35626334628021,1.8341
7614,34,339,9.97,16.4,0,corps,8.354085759049246,2.0502
7615,24,220,9.17,12.0,0,corps,8.351909260339742,2.0845
7616,41,457,11.15,19.6,0,corps,8.349733849607578,1.5637
7617,11,121,11.00,6.2,0,corps,8.347559526308896,1.4819
7618,62,805,12.98,28.9,0,corps,8.345386289900118,1.4685
7619,40,446,11.15,19.1,0,corps,8.343214139837936,1.6754
7620,59,686,11.63,27.6,0,corps,8.341043075579313,1.7901
7621,41,401,9.78,19.6,0,corps,8.338873096581482,1.5801
7622,49,528,10.78,23.1,0,corps,8.336704202301947,1.5013
7623,56,621,11.09,26.2,0,corps,8.334536392198483,1.7046
7624,59,610,10.34,27.6,0,corps,8.332369665729141,1.4508
7625,39,367,9.41,18.7,0,corps,8.33020402235224,1.7189
7626,24,197,8.21,12.0,0,corps,8.328039461526364,1.6849
7627,36,319,8.86,17.3,0,corps,8.325875982710379,1.8586
7628,42,467,11.12,20.0,0,corps,8.323713585363409,1.5318
7629,5,43,8.60,3.6,0,corps,8.32155226894486,1.6409
7630,18,185,10.28,9.3,0,corps,8.319392032914399,1.9001
7631,21,195,9.29,10.7,0,corps,8.31723287673197,1.7020
7632,42,337,8.02,20.0,0,corps,8.315074799857785,2.0852
7633,31,289,9.32,15.1,0,corps,8.312917801752317,1.8867
7634,16,134,8.38,8.4,0,corps,8.310761881876324,1.6869
7635,17,179,10.53,8.9,0,corps,8.308607039690827,1.7291
7636,22,179,8.14,11.1,0,corps,8.306453274657109,1.7859
7637,7,59,8.43,4.4,0,corps,8.304300586236735,1.5198
7638,29,247,8.52,14.2,0,corps,8.302148973891526,1.5607
7639,29,264,9.10,14.2,0,corps,8.299998437083586,1.7856
7640,22,216,9.82,11.1,0,corps,8.297848975275278,1.6375
7641,32,343,10.72,15.6,0,corps,8.295700587929232,1.6186
7642,30,320,10.67,14.7,0,corps,8.293553274508358,1.3993
7643,10,109,10.90,5.8,0,corps,8.291407034475828,1.0764
7644,12,104,8.67,6.7,0,corps,8.289261867295075,2.2565
7645,25,224,8.96,12.4,0,corps,8.287117772429815,1.5927
7646,52,524,10.08,24.4,0,corps,8.284974749344014,1.5249
7647,60,647,10.78,28.0,0,corps,8.282832797501928,1.6427
7648,36,396,11.00,17.3,0,corps,8.280691916368063,1.4189
7649,62,721,11.63,28.9,0,corps,8.278552105407197,1.6027
7650,27,266,9.85,13.3,0,corps,8.276413364084382,1.4766
7651,34,335,9.85,16.4,0,corps,8.27427569186493,1.6526
7652,49,539,11.00,23.1,0,corps,8.272139088214422,1.5326
7653,12,98,8.17,6.7,0,corps,8.27000355259871,1.6262
7654,84,1026,12.21,38.7,0,corps,8.267869084483907,1.8271
7655,33,324,9.82,16.0,0,corps,8.265735683336398,1.3664
7656,37,289,7.81,17.8,0,corps,8.263603348622832,1.6237
7657,70,770,11.00,32.4,0,corps,8.261472079810126,1.7022
7658,31,256,8.26,15.1,0,corps,8.25934187636546,1.9810
7659,59,605,10.25,27.6,0,corps,8.257212737756287,1.6324
7660,27,251,9.30,13.3,0,corps,8.25508466345032,1.5176
7661,21,174,8.29,10.7,0,corps,8.252957652915542,1.7462
7662,43,514,11.95,20.4,0,corps,8.250831705620199,1.5764
7663,25,224,8.96,12.4,0,corps,8.248706821032803,1.4368
7664,55,674,12.25,25.8,0,corps,8.246582998622138,1.7061
7665,26,220,8.46,12.9,0,corps,8.24446023785724,1.9040
7666,47,481,10.23,22.2,0,corps,8.242338538207425,1.5241
7667,38,367,9.66,18.2,0,corps,8.24021789914227,1.6860
7668,37,385,10.41,17.8,0,corps,8.238098320131607,1.6683
7669,43,467,10.86,20.4,0,corps,8.235979800645552,1.6219
7670,29,288,9.93,14.2,0,corps,8.233862340154463,1.5051
7671,66,856,12.97,30.7,0,corps,8.231745938128984,1.3420
7672,22,195,8.86,11.1,0,corps,8.229630594040014,2.0468
7673,14,129,9.21,7.6,0,corps,8.227516307358709,1.7459
7674,25,246,9.84,12.4,0,corps,8.225403077556507,1.6316
7675,20,195,9.75,10.2,0,corps,8.223290904105095,1.7626
7676,11,79,7.18,6.2,0,corps,8.22117978647643,1.7490
7677,41,383,9.34,19.6,0,corps,8.219069724142736,1.7085
7678,19,170,8.95,9.8,0,corps,8.216960716576494,2.1789
7679,21,188,8.95,10.7,0,corps,8.214852763250452,1.5385
7680,45,484,10.76,21.3,0,corps,8.212745863637624,1.7290
7681,30,250,8.33,14.7,0,corps,8.210640017211283,2.3302
7682,30,326,10.87,14.7,0,corps,8.208535223444969,1.8626
7683,17,164,9.65,8.9,0,corps,8.206431481812483,1.7315
7684,24,242,10.08,12.0,0,corps,8.204328791787887,2.2807
7685,31,303,9.77,15.1,0,corps,8.202227152845516,1.8781
7686,12,109,9.08,6.7,0,corps,8.20012656445995,2.2760
7687,21,182,8.67,10.7,0,corps,8.198027026106049,1.8917
7688,32,282,8.81,15.6,0,corps,8.195928537258927,1.6809
7689,29,287,9.90,14.2,0,corps,8.19383109739396,1.6731
7690,29,285,9.83,14.2,0,corps,8.19173470598679,1.8940
7691,21,204,9.71,10.7,0,corps,8.189639362513319,2.0360
7692,55,585,10.64,25.8,0,corps,8.187545066449708,1.6411
7693,20,176,8.80,10.2,0,corps,8.185451817272387,1.9656
7694,53,494,9.32,24.9,0,corps,8.183359614458043,2.0005
7695,8,71,8.88,4.9,0,corps,8.181268457483622,1.9382
7696,49,461,9.41,23.1,0,corps,8.17917834582634,1.7732
7697,48,550,11.46,22.7,0,corps,8.177089278963665,1.8563
7698,36,356,9.89,17.3,0,corps,8.17500125637333,1.9380
7699,14,136,9.71,7.6,0,corps,8.172914277533334,1.6534
7700,5,41,8.20,3.6,0,corps,8.170828341921926,3.4099
7701,32,317,9.91,15.6,0,corps,8.168743449017626,1.6862
7702,28,237,8.46,13.8,0,corps,8.16665959829921,1.6487
7703,38,370,9.74,18.2,0,corps,8.164576789245714,1.4295
7704,48,474,9.88,22.7,0,corps,8.162495021336442,1.6250
7705,34,366,10.76,16.4,0,corps,8.160414294050941,1.4062
7706,28,237,8.46,13.8,0,corps,8.158334606869039,1.6345
7707,50,488,9.76,23.6,0,corps,8.15625595927081,1.4053
7708,50,561,11.22,23.6,0,corps,8.15417835073659,1.7738
7709,49,562,11.47,23.1,0,corps,8.152101780746984,1.4910
7710,47,453,9.64,22.2,0,corps,8.15002624878284,1.6801
7711,67,839,12.52,31.1,0,corps,8.14795175432528,1.5162
7712,39,430,11.03,18.7,0,corps,8.145878296855683,1.4696
7713,9,94,10.44,5.3,0,corps,8.14380587585568,1.7944
7714,41,432,10.54,19.6,0,corps,8.141734490807167,1.5030
7715,33,310,9.39,16.0,0,corps,8.139664141192302,1.7965
7716,53,570,10.75,24.9,0,corps,8.13759482649349,1.6729
7717,37,336,9.08,17.8,0,corps,8.13552654619341,1.5204
7718,30,280,9.33,14.7,0,corps,8.133459299774984,1.6698
7719,44,427,9.70,20.9,0,corps,8.131393086721406,1.5195
7720,37,294,7.95,17.8,0,corps,8.12932790651612,1.9460
7721,47,426,9.06,22.2,0,corps,8.127263758642833,1.8003
7722,15,140,9.33,8.0,0,corps,8.125200642585508,1.4440
7723,63,712,11.30,29.3,0,corps,8.123138557828364,1.5829
7724,47,516,10.98,22.2,0,corps,8.121077503855883,1.6390
7725,14,157,11.21,7.6,0,corps,8.119017480152799,1.3826
7726,51,508,9.96,24.0,0,corps,8.116958486204103,1.6368
7727,31,294,9.48,15.1,0,corps,8.114900521495052,1.7319
7728,47,557,11.85,22.2,0,corps,8.112843585511156,1.6221
7729,62,671,10.82,28.9,0,corps,8.110787677738173,1.6020
7730,48,509,10.60,22.7,0,corps,8.108732797662132,1.9199
7731,50,551,11.02,23.6,0,corps,8.106678944769314,1.6924
7732,35,303,8.66,16.9,0,corps,8.104626118546252,1.8456
7733,31,287,9.26,15.1,0,corps,8.102574318479743,1.7475
7734,20,166,8.30,10.2,0,corps,8.10052354405683,1.6314
7735,37,358,9.68,17.8,0,corps,8.09847379476483,1.5873
7736,55,589,10.71,25.8,0,corps,8.096425070091298,1.6205
7737,44,451,10.25,20.9,0,corps,8.094377369524054,1.5600
7738,13,141,10.85,7.1,0,corps,8.092330692551174,1.2685
7739,40,352,8.80,19.1,0,corps,8.090285038660989,1.3946
7740,38,437,11.50,18.2,0,corps,8.088240407342084,1.4277
7741,30,336,11.20,14.7,0,corps,8.086196798083305,1.5648
7742,21,187,8.90,10.7,0,corps,8.084154210373743,1.5511
7743,23,235,10.22,11.6,0,corps,8.082112643702756,1.7574
7744,30,265,8.83,14.7,0,corps,8.080072097559954,1.6939
7745,21,203,9.67,10.7,0,corps,8.078032571435195,1.6670
7746,48,439,9.15,22.7,0,corps,8.075994064818598,1.7873
7747,33,307,9.30,16.0,0,corps,8.073956577200542,1.6671
7748,63,771,12.24,29.3,0,corps,8.071920108071652,1.6444
7749,35,362,10.34,16.9,0,corps,8.069884656922808,1.9879
7750,25,276,11.04,12.4,0,corps,8.067850223245149,1.7406
7751,19,146,7.68,9.8,0,corps,8.06581680653007,1.7758
7752,69,896,12.99,32.0,0,corps,8.063784406269212,1.6689
7753,44,446,10.14,20.9,0,corps,8.061753021954473,1.5997
7754,70,712,10.17,32.4,0,corps,8.059722653078015,1.6992
7755,69,725,10.51,32.0,0,corps,8.057693299132241,1.6060
7756,30,270,9.00,14.7,0,corps,8.055664959609812,1.9610
7757,43,402,9.35,20.4,0,corps,8.053637634003646,1.6580
7758,10,97,9.70,5.8,0,corps,8.05161132180691,1.8709
7759,62,776,12.52,28.9,0,corps,8.049586022513022,1.2899
7760,27,256,9.48,13.3,0,corps,8.047561735615663,1.6037
7761,16,144,9.00,8.4,0,corps,8.045538460608759,1.1873
7762,2,25,12.50,2.2,0,corps,8.043516196986491,1.2624
7763,25,226,9.04,12.4,0,corps,8.041494944243292,1.7434
7764,36,367,10.19,17.3,0,corps,8.03947470187385,1.7164
7765,39,346,8.87,18.7,0,corps,8.037455469373105,1.5873
7766,54,597,11.06,25.3,0,corps,8.03543724623625,1.6967
7767,53,599,11.30,24.9,0,corps,8.033420031958727,1.4466
7768,22,184,8.36,11.1,0,corps,8.031403826036234,2.0422
7769,43,475,11.05,20.4,0,corps,8.029388627964714,1.4917
7770,37,343,9.27,17.8,0,corps,8.027374437240377,1.6290
7771,43,423,9.84,20.4,0,corps,8.025361253359668,1.4448
7772,23,211,9.17,11.6,0,corps,8.023349075819294,1.4608
7773,14,120,8.57,7.6,0,corps,8.02133790411621,1.9405
7774,14,127,9.07,7.6,0,corps,8.019327737747622,1.2754
7775,60,803,13.38,28.0,0,corps,8.017318576210988,1.6375
7776,66,737,11.17,30.7,0,corps,8.015310419004022,1.6496
7777,44,527,11.98,20.9,0,corps,8.01330326562468,1.6674
7778,20,201,10.05,10.2,0,corps,8.011297115571178,1.6728
7779,29,239,8.24,14.2,0,corps,8.009291968341973,1.3778
7780,12,119,9.92,6.7,0,corps,8.00728782343578,1.4747
7781,46,478,10.39,21.8,0,corps,8.005284680351567,1.4232
7782,34,326,9.59,16.4,0,corps,8.003282538588543,1.4733
7783,33,347,10.52,16.0,0,corps,8.001281397646173,1.8192
7784,54,511,9.46,25.3,0,corps,7.999281257024177,1.6304
7785,52,516,9.92,24.4,0,corps,7.997282116222512,1.5233
7786,13,112,8.62,7.1,0,corps,7.995283974741402,1.6595
7787,15,142,9.47,8.0,0,corps,7.9932868320813,1.9318
7788,26,233,8.96,12.9,0,corps,7.991290687742931,1.5943
7789,50,565,11.30,23.6,0,corps,7.989295541227256,1.5795
7790,28,269,9.61,13.8,0,corps,7.987301392035484,1.8020
7791,19,182,9.58,9.8,0,corps,7.985308239669081,1.7635
7792,46,426,9.26,21.8,0,corps,7.98331608362976,1.8802
7793,30,262,8.73,14.7,0,corps,7.98132492341948,1.8089
7794,43,420,9.77,20.4,0,corps,7.979334758540453,1.7324
7795,45,376,8.36,21.3,0,corps,7.977345588495134,1.7431
7796,53,603,11.38,24.9,0,corps,7.975357412786234,1.5476
7797,43,444,10.33,20.4,0,corps,7.973370230916708,1.7084
7798,19,181,9.53,9.8,0,corps,7.971384042389761,1.8679
7799,26,220,8.46,12.9,0,corps,7.969398846708844,1.5101
7800,78,1043,13.37,36.0,0,corps,7.96741464337766,1.8787
7801,21,196,9.33,10.7,0,corps,7.965431431900158,1.5054
7802,20,166,8.30,10.2,0,corps,7.963449211780535,2.9098
7803,48,462,9.62,22.7,0,corps,7.961467982523233,1.5824
7804,42,339,8.07,20.0,0,corps,7.959487743632948,2.0165
7805,24,199,8.29,12.0,0,corps,7.957508494614622,1.9398
7806,51,541,10.61,24.0,0,corps,7.955530234973438,1.6622
7807,53,588,11.09,24.9,0,corps,7.953552964214833,1.5855
7808,24,223,9.29,12.0,0,corps,7.951576681844494,1.4603
7809,21,213,10.14,10.7,0,corps,7.94960138736834,1.2861
7810,44,439,9.98,20.9,0,corps,7.947627080292557,1.5338
7811,16,140,8.75,8.4,0,corps,7.945653760123564,1.3829
7812,48,547,11.40,22.7,0,corps,7.94368142636803,1.6814
7813,51,513,10.06,24.0,0,corps,7.941710078532877,1.6125
7814,53,575,10.85,24.9,0,corps,7.93973971612526,1.7991
7815,56,546,9.75,26.2,0,corps,7.937770338652594,1.7159
7816,30,270,9.00,14.7,0,corps,7.935801945622534,1.4129
7817,52,558,10.73,24.4,0,corps,7.93383453654298,1.4147
7818,43,387,9.00,20.4,0,corps,7.931868110922083,1.6044
7819,57,537,9.42,26.7,0,corps,7.929902668268231,1.3741
7820,41,416,10.15,19.6,0,corps,7.927938208090067,1.5506
7821,46,489,10.63,21.8,0,corps,7.925974729896476,1.6985
7822,38,350,9.21,18.2,0,corps,7.9240122331965885,1.8477
7823,52,418,8.04,24.4,0,corps,7.922050717499779,2.0010
7824,29,294,10.14,14.2,0,corps,7.92009018231567,1.7974
7825,43,374,8.70,20.4,0,corps,7.9181306271541265,2.1213
7826,20,201,10.05,10.2,0,corps,7.916172051525261,2.0212
7827,22,236,10.73,11.1,0,corps,7.914214454939428,2.4817
7828,35,293,8.37,16.9,0,corps,7.912257836907227,2.2186
7829,16,159,9.94,8.4,0,corps,7.91030219693951,1.7450
7830,37,364,9.84,17.8,0,corps,7.908347534547361,2.2031
7831,32,296,9.25,15.6,0,corps,7.9063938492421135,2.2128
7832,18,150,8.33,9.3,0,corps,7.904441140535351,2.3286
7833,34,359,10.56,16.4,0,corps,7.902489407938893,1.8951
7834,47,466,9.91,22.2,0,corps,7.900538650964808,2.6551
7835,23,188,8.17,11.6,0,corps,7.898588869125406,2.1463
7836,68,833,12.25,31.6,0,corps,7.896640061933241,1.8662
7837,47,514,10.94,22.2,0,corps,7.894692228901115,1.9450
7838,55,683,12.42,25.8,0,corps,7.8927453695420615,1.6327
7839,15,152,10.13,8.0,0,corps,7.890799483369373,1.5514
7840,40,374,9.35,19.1,0,corps,7.888854569896576,2.0382
7841,35,325,9.29,16.9,0,corps,7.886910628637442,1.7232
7842,56,559,9.98,26.2,0,corps,7.8849676591059845,1.7016
7843,33,310,9.39,16.0,0,corps,7.883025660816462,2.7364
7844,40,440,11.00,19.1,0,corps,7.8810846332833755,1.5940
7845,22,226,10.27,11.1,0,corps,7.879144576021467,1.2856
7846,9,71,7.89,5.3,0,corps,7.877205488545721,2.1607
7847,58,705,12.16,27.1,0,corps,7.875267370371369,1.3937
7848,49,483,9.86,23.1,0,corps,7.873330221013881,1.7354
7849,6,42,7.00,4.0,0,corps,7.871394039988969,1.6005
7850,41,439,10.71,19.6,0,corps,7.869458826812585,1.7734
7851,45,464,10.31,21.3,0,corps,7.867524581000929,1.6393
7852,42,449,10.69,20.0,0,corps,7.865591302070436,1.5734
7853,33,309,9.36,16.0,0,corps,7.863658989537791,1.8418
7854,21,210,10.00,10.7,0,corps,7.861727642919913,1.7923
7855,40,390,9.75,19.1,0,corps,7.859797261733964,1.5596
7856,65,765,11.77,30.2,0,corps,7.8578678454973545,1.6068
7857,32,266,8.31,15.6,0,corps,7.8559393937277235,1.8125
7858,13,86,6.62,7.1,0,corps,7.854011905942963,2.4161
7859,59,535,9.07,27.6,0,corps,7.8520853816611975,1.9904
7860,31,279,9.00,15.1,0,corps,7.8501598204007985,1.5272
7861,23,203,8.83,11.6,0,corps,7.8482352216803735,1.6657
7862,32,296,9.25,15.6,0,corps,7.846311585018774,1.7843
7863,36,362,10.06,17.3,0,corps,7.84438890993509,1.3837
7864,26,220,8.46,12.9,0,corps,7.842467195948657,1.5803
7865,27,246,9.11,13.3,0,corps,7.84054644257904,1.7026
7866,48,505,10.52,22.7,0,corps,7.838626649346056,1.8036
7867,45,472,10.49,21.3,0,corps,7.836707815769752,1.7201
7868,22,236,10.73,11.1,0,corps,7.8347899413704205,1.5247
7869,73,880,12.05,33.8,0,corps,7.832873025668598,1.6844
7870,37,336,9.08,17.8,0,corps,7.83095706818505,2.0340
7871,43,527,12.26,20.4,0,corps,7.829042068440789,1.6813
7872,47,398,8.47,22.2,0,corps,7.827128025957067,1.9686
7873,57,644,11.30,26.7,0,corps,7.825214940255368,1.3752
7874,55,563,10.24,25.8,0,corps,7.823302810857427,1.6851
7875,31,281,9.06,15.1,0,corps,7.821391637285208,1.6570
7876,37,307,8.30,17.8,0,corps,7.819481419060917,1.6329
7877,30,273,9.10,14.7,0,corps,7.817572155707002,1.8521
7878,49,609,12.43,23.1,0,corps,7.815663846746144,1.9089
7879,32,309,9.66,15.6,0,corps,7.8137564917012705,1.6064
7880,50,463,9.26,23.6,0,corps,7.811850090095537,1.7349
7881,36,360,10.00,17.3,0,corps,7.809944641452346,1.6436
7882,34,318,9.35,16.4,0,corps,7.808040145295337,1.9386
7883,58,669,11.53,27.1,0,corps,7.806136601148383,1.5258
7884,52,590,11.35,24.4,0,corps,7.804234008535599,1.7474
7885,26,221,8.50,12.9,0,corps,7.802332366981338,2.1494
7886,45,552,12.27,21.3,0,corps,7.800431676010187,1.6062
7887,33,301,9.12,16.0,0,corps,7.798531935146976,1.9886
7888,48,467,9.73,22.7,0,corps,7.796633143916767,1.7808
7889,14,118,8.43,7.6,0,corps,7.794735301844866,2.3192
7890,41,452,11.02,19.6,0,corps,7.792838408456809,1.8101
7891,32,369,11.53,15.6,0,corps,7.790942463278375,1.5036
7892,19,171,9.00,9.8,0,corps,7.789047465835575,1.9588
7893,29,320,11.03,14.2,0,corps,7.787153415654663,1.8960
7894,27,252,9.33,13.3,0,corps,7.785260312262121,1.6625
7895,27,225,8.33,13.3,0,corps,7.7833681551846805,1.7936
7896,38,493,12.97,18.2,0,corps,7.781476943949298,1.8336
7897,44,455,10.34,20.9,0,corps,7.779586678083169,1.8302
7898,45,463,10.29,21.3,0,corps,7.777697357113731,1.6517
7899,44,477,10.84,20.9,0,corps,7.775808980568652,1.6680
7900,32,294,9.19,15.6,0,corps,7.773921547975837,1.9129
7901,22,213,9.68,11.1,0,corps,7.77203505886343,1.2044
7902,33,353,10.70,16.0,0,corps,7.770149512759805,1.3804
7903,59,627,10.63,27.6,0,corps,7.768264909193581,1.6185
7904,52,476,9.15,24.4,0,corps,7.766381247693602,1.5687
7905,46,518,11.26,21.8,0,corps,7.764498527788953,1.2423
7906,36,310,8.61,17.3,0,corps,7.7626167490089575,1.5454
7907,18,156,8.67,9.3,0,corps,7.760735910883168,1.6764
7908,13,129,9.92,7.1,0,corps,7.758856012941376,1.3789
7909,16,129,8.06,8.4,0,corps,7.75697705471361,1.2795
7910,27,222,8.22,13.3,0,corps,7.755099035730123,1.5525
7911,30,273,9.10,14.7,0,corps,7.753221955521417,1.6951
7912,13,105,8.08,7.1,0,corps,7.751345813618219,1.4717
7913,38,435,11.45,18.2,0,corps,7.7494706095514925,1.3395
7914,46,440,9.57,21.8,0,corps,7.7475963428524395,1.6332
7915,43,437,10.16,20.4,0,corps,7.745723013052489,1.3785
7916,37,352,9.51,17.8,0,corps,7.743850619683313,1.4323
7917,30,270,9.00,14.7,0,corps,7.741979162276813,1.4334
7918,20,168,8.40,10.2,0,corps,7.74010864036512,1.4935
7919,35,334,9.54,16.9,0,corps,7.738239053480611,1.6458
7920,48,516,10.75,22.7,0,corps,7.736370401155882,1.6541
7921,21,185,8.81,10.7,0,corps,7.734502682923772,1.9049
7922,16,134,8.38,8.4,0,corps,7.732635898317353,2.1453
7923,13,106,8.15,7.1,0,corps,7.730770046869928,2.4180
7924,14,117,8.36,7.6,0,corps,7.7289051281150325,1.5946
7925,52,689,13.25,24.4,0,corps,7.727041141586442,2.0927
7926,29,292,10.07,14.2,0,corps,7.725178086818155,2.0706
7927,23,218,9.48,11.6,0,corps,7.723315963344408,1.9003
7928,28,259,9.25,13.8,0,corps,7.721454770699672,1.8083
7929,65,781,12.02,30.2,0,corps,7.719594508418648,1.9196
7930,28,238,8.50,13.8,0,corps,7.717735176036269,2.0635
7931,44,388,8.82,20.9,0,corps,7.715876773087706,1.9948
7932,29,333,11.48,14.2,0,corps,7.714019299108353,2.0242
7933,37,349,9.43,17.8,0,corps,7.712162753633847,1.8834
7934,26,228,8.77,12.9,0,corps,7.710307136200045,2.2690
7935,37,354,9.57,17.8,0,corps,7.708452446343051,2.0541
7936,28,283,10.11,13.8,0,corps,7.706598683599185,1.7666
7937,32,299,9.34,15.6,0,corps,7.704745847505009,2.1695
7938,24,216,9.00,12.0,0,corps,7.702893937597316,2.2856
7939,34,359,10.56,16.4,0,corps,7.701042953413125,1.9381
7940,39,449,11.51,18.7,0,corps,7.699192894489691,1.7708
7941,30,269,8.97,14.7,0,corps,7.697343760364503,2.4697
7942,51,540,10.59,24.0,0,corps,7.695495550575271,1.8634
7943,57,636,11.16,26.7,0,corps,7.693648264659949,1.5905
7944,41,421,10.27,19.6,0,corps,7.691801902156708,1.6055
7945,34,316,9.29,16.4,0,corps,7.689956462603965,1.7152
7946,40,402,10.05,19.1,0,corps,7.688111945540357,1.7992
7947,11,71,6.45,6.2,0,corps,7.686268350504754,1.8498
7948,24,223,9.29,12.0,0,corps,7.684425677036258,1.6163
7949,46,598,13.00,21.8,0,corps,7.6825839246742005,1.6843
7950,47,582,12.38,22.2,0,corps,7.680743092958142,1.5559
7951,62,719,11.60,28.9,0,corps,7.678903181427879,1.5654
7952,11,88,8.00,6.2,0,corps,7.677064189623427,2.0245
7953,30,315,10.50,14.7,0,corps,7.675226117085043,1.5620
7954,56,599,10.70,26.2,0,corps,7.673388963353209,1.6763
7955,67,785,11.72,31.1,0,corps,7.671552727968632,1.6373
7956,45,478,10.62,21.3,0,corps,7.669717410472257,1.6054
7957,41,403,9.83,19.6,0,corps,7.667883010405255,1.7145
7958,59,734,12.44,27.6,0,corps,7.666049527309024,1.5099
7959,27,288,10.67,13.3,0,corps,7.664216960725195,1.4100
7960,20,177,8.85,10.2,0,corps,7.662385310195624,1.8787
7961,37,260,7.03,17.8,0,corps,7.660554575262399,3.1982
7962,16,149,9.31,8.4,0,corps,7.658724755467839,2.1948
7963,61,707,11.59,28.4,0,corps,7.656895850354484,1.5567
7964,41,456,11.12,19.6,0,corps,7.655067859465111,1.7632
7965,22,184,8.36,11.1,0,corps,7.653240782342725,2.0344
7966,53,652,12.30,24.9,0,corps,7.651414618530551,1.9064
7967,46,514,11.17,21.8,0,corps,7.649589367572052,1.8775
7968,51,538,10.55,24.0,0,corps,7.647765029010914,1.5935
7969,42,432,10.29,20.0,0,corps,7.6459416023910505,1.6304
7970,39,373,9.56,18.7,0,corps,7.644119087256608,1.9444
7971,52,579,11.13,24.4,0,corps,7.642297483151955,1.7264
7972,85,1276,15.01,39.1,0,corps,7.640476789621692,1.9366
7973,58,630,10.86,27.1,0,corps,7.638657006210647,1.9177
7974,32,334,10.44,15.6,0,corps,7.636838132463872,1.5459
7975,15,145,9.67,8.0,0,corps,7.635020167926649,1.4420
7976,31,304,9.81,15.1,0,corps,7.6332031121444865,1.7777
7977,25,220,8.80,12.4,0,corps,7.63138696466312,2.3983
7978,60,837,13.95,28.0,0,corps,7.629571725028517,1.8946
7979,70,849,12.13,32.4,0,corps,7.62775739278686,1.7024
7980,29,271,9.34,14.2,0,corps,7.625943967484572,2.1446
7981,13,98,7.54,7.1,0,corps,7.624131448668295,2.1519
7982,34,315,9.26,16.4,0,corps,7.622319835884897,1.5770
7983,31,246,7.94,15.1,0,corps,7.62050912868148,1.6401
7984,48,519,10.81,22.7,0,corps,7.618699326605362,1.7042
7985,29,266,9.17,14.2,0,corps,7.616890429204096,1.7293
7986,31,266,8.58,15.1,0,corps,7.615082436025455,1.6291
7987,20,204,10.20,10.2,0,corps,7.61327534661744,1.5167
7988,12,119,9.92,6.7,0,corps,7.611469160528284,1.5079
7989,37,400,10.81,17.8,0,corps,7.609663877306436,1.4906
7990,48,516,10.75,22.7,0,corps,7.607859496500574,2.0290
7991,36,377,10.47,17.3,0,corps,7.606056017659607,1.8886
7992,33,285,8.64,16.0,0,corps,7.604253440332663,1.6267
7993,21,184,8.76,10.7,0,corps,7.602451764069096,1.5697
7994,21,208,9.90,10.7,0,corps,7.600650988418492,2.0278
7995,44,430,9.77,20.9,0,corps,7.598851112930652,1.5966
7996,61,755,12.38,28.4,0,corps,7.5970521371556075,1.7344
7997,27,263,9.74,13.3,0,corps,7.595254060643619,1.3612
7998,39,382,9.79,18.7,0,corps,7.593456882945163,1.7809
7999,56,688,12.29,26.2,0,corps,7.591660603610947,1.3906
8000,15,122,8.13,8.0,0,corps,7.589865222191899,1.9557
8001,11,77,7.00,6.2,0,corps,7.588070738239177,1.6777
8002,36,346,9.61,17.3,0,corps,7.586277151304155,1.9259
8003,9,66,7.33,5.3,0,corps,7.584484460938444,2.5273
8004,34,314,9.24,16.4,0,corps,7.582692666693866,1.9062
8005,45,400,8.89,21.3,0,corps,7.5809017681224695,1.7650
8006,60,653,10.88,28.0,0,corps,7.579111764776539,2.0530
8007,56,611,10.91,26.2,0,corps,7.577322656208565,1.8197
8008,4,31,7.75,3.1,0,corps,7.575534441971277,1.8516
8009,23,222,9.65,11.6,0,corps,7.573747121617613,1.6016
8010,64,800,12.50,29.8,0,corps,7.571960694700753,2.0111
8011,60,648,10.80,28.0,0,corps,7.570175160774083,1.7641
8012,26,221,8.50,12.9,0,corps,7.568390519391219,2.1096
8013,39,459,11.77,18.7,0,corps,7.566606770106008,2.5058
8014,42,441,10.50,20.0,0,corps,7.564823912472507,1.9792
8015,32,307,9.59,15.6,0,corps,7.563041946044999,1.7608
8016,38,307,8.08,18.2,0,corps,7.561260870378001,1.5780
8017,8,66,8.25,4.9,0,corps,7.559480685026237,1.6590
8018,16,132,8.25,8.4,0,corps,7.55770138954466,2.1088
8019,29,281,9.69,14.2,0,corps,7.555922983488453,1.6082
8020,49,548,11.18,23.1,0,corps,7.5541454664130105,1.6982
8021,26,255,9.81,12.9,0,corps,7.55236883787395,1.6142
8022,57,604,10.60,26.7,0,corps,7.550593097427121,1.4310
8023,40,353,8.82,19.1,0,corps,7.548818244628583,1.4684
8024,16,127,7.94,8.4,0,corps,7.547044279034626,1.5394
8025,76,918,12.08,35.1,0,corps,7.545271200201754,1.5671
8026,36,324,9.00,17.3,0,corps,7.5434990076867035,1.5007
8027,32,281,8.78,15.6,0,corps,7.541727701046424,1.9887
8028,54,561,10.39,25.3,0,corps,7.539957279838083,1.5428
8029,14,133,9.50,7.6,0,corps,7.538187743619086,1.5490
8030,11,90,8.18,6.2,0,corps,7.5364190919470415,1.5755
8031,34,321,9.44,16.4,0,corps,7.534651324379787,1.6152
8032,62,636,10.26,28.9,0,corps,7.532884440475385,1.6540
8033,20,182,9.10,10.2,0,corps,7.5311184397921105,1.4581
8034,30,318,10.60,14.7,0,corps,7.529353321888461,1.3316
8035,57,618,10.84,26.7,0,corps,7.527589086323164,1.6331
8036,31,339,10.94,15.1,0,corps,7.525825732655157,1.5713
8037,30,291,9.70,14.7,0,corps,7.524063260443597,1.4844
8038,32,331,10.34,15.6,0,corps,7.522301669247877,1.3335
8039,23,217,9.43,11.6,0,corps,7.520540958627589,1.5544
8040,19,161,8.47,9.8,0,corps,7.518781128142563,1.7370
8041,29,349,12.03,14.2,0,corps,7.517022177352831,1.9004
8042,38,377,9.92,18.2,0,corps,7.515264105818664,1.7332
8043,41,432,10.54,19.6,0,corps,7.513506913100544,1.7259
8044,36,332,9.22,17.3,0,corps,7.511750598759168,1.7484
8045,47,442,9.40,22.2,0,corps,7.509995162355461,2.0144
8046,16,141,8.81,8.4,0,corps,7.508240603450564,1.9827
8047,27,271,10.04,13.3,0,corps,7.506486921605833,1.5560
8048,29,255,8.79,14.2,0,corps,7.504734116382853,1.8764
8049,27,280,10.37,13.3,0,corps,7.502982187343421,2.0079
8050,22,199,9.05,11.1,0,corps,7.501231134049551,1.8723
8051,29,293,10.10,14.2,0,corps,7.499480956063485,1.9737
8052,26,273,10.50,12.9,0,corps,7.497731652947678,2.1001
8053,48,563,11.73,22.7,0,corps,7.495983224264799,1.8364
8054,21,180,8.57,10.7,0,corps,7.494235669577745,1.6373
8055,47,529,11.26,22.2,0,corps,7.492488988449629,2.1247
8056,35,333,9.51,16.9,0,corps,7.490743180443777,1.9012
8057,50,531,10.62,23.6,0,corps,7.488998245123738,2.2527
8058,13,130,10.00,7.1,0,corps,7.487254182053278,1.4235
8059,48,510,10.62,22.7,0,corps,7.485510990796383,1.6096
8060,27,304,11.26,13.3,0,corps,7.483768670917251,1.7809
8061,11,81,7.36,6.2,0,corps,7.482027221980308,1.9877
8062,9,84,9.33,5.3,0,corps,7.480286643550188,1.3580
8063,23,217,9.43,11.6,0,corps,7.478546935191743,1.5406
8064,40,422,10.55,19.1,0,corps,7.476808096470055,1.5087
8065,13,104,8.00,7.1,0,corps,7.475070126950409,2.2585
8066,46,448,9.74,21.8,0,corps,7.473333026198309,1.4040
8067,21,184,8.76,10.7,0,corps,7.471596793779487,1.6849
8068,40,351,8.78,19.1,0,corps,7.469861429259883,1.7114
8069,64,856,13.38,29.8,0,corps,7.4681269322056485,1.6189
8070,40,326,8.15,19.1,0,corps,7.466393302183169,1.7752
8071,62,695,11.21,28.9,0,corps,7.464660538759035,1.5935
8072,28,251,8.96,13.8,0,corps,7.462928641500052,1.9553
8073,35,330,9.43,16.9,0,corps,7.461197609973244,1.7148
8074,37,369,9.97,17.8,0,corps,7.4594674437458615,1.4528
8075,15,125,8.33,8.0,0,corps,7.457738142385356,1.7741
8076,49,479,9.78,23.1,0,corps,7.456009705459402,1.5241
8077,21,201,9.57,10.7,0,corps,7.454282132535896,1.3882
8078,18,157,8.72,9.3,0,corps,7.45255542318294,1.4836
8079,16,174,10.88,8.4,0,corps,7.450829576968854,1.3348
8080,17,149,8.76,8.9,0,corps,7.449104593462186,1.7261
8081,22,188,8.55,11.1,0,corps,7.447380472231682,1.8135
8082,60,707,11.78,28.0,0,corps,7.445657212846311,1.7728
8083,35,331,9.46,16.9,0,corps,7.4439348148752655,1.5144
8084,26,250,9.62,12.9,0,corps,7.442213277887941,1.5299
8085,10,73,7.30,5.8,0,corps,7.4404926014539505,2.4345
8086,24,200,8.33,12.0,0,corps,7.438772785143131,1.4864
8087,26,241,9.27,12.9,0,corps,7.437053828525528,1.5194
8088,13,104,8.00,7.1,0,corps,7.435335731171397,1.4755
8089,24,211,8.79,12.0,0,corps,7.433618492651214,1.3329
8090,14,116,8.29,7.6,0,corps,7.431902112535678,2.1437
8091,48,535,11.15,22.7,0,corps,7.430186590395686,1.7235
8092,37,342,9.24,17.8,0,corps,7.4284719258023575,1.7877
8093,38,380,10.00,18.2,0,corps,7.426758118327029,1.5509
8094,52,555,10.67,24.4,0,corps,7.42504516754125,1.7076
8095,38,351,9.24,18.2,0,corps,7.423333073016777,1.8912
8096,18,187,10.39,9.3,0,corps,7.421621834325593,1.5465
8097,42,415,9.88,20.0,0,corps,7.4199114510398845,1.4163
8098,34,334,9.82,16.4,0,corps,7.418201922732057,1.4467
8099,25,242,9.68,12.4,0,corps,7.416493248974727,1.2719
8100,31,302,9.74,15.1,0,corps,7.4147854293407285,1.6828
8101,45,546,12.13,21.3,0,corps,7.413078463403103,1.5745
8102,43,528,12.28,20.4,0,corps,7.411372350735112,1.5745
8103,46,521,11.33,21.8,0,corps,7.409667090910229,1.2890
8104,25,227,9.08,12.4,0,corps,7.407962683502135,1.8086
8105,33,325,9.85,16.0,0,corps,7.406259128084727,1.4182
8106,34,283,8.32,16.4,0,corps,7.404556424232121,1.7616
8107,46,464,10.09,21.8,0,corps,7.402854571518641,1.6863
8108,53,547,10.32,24.9,0,corps,7.401153569518818,1.7971
8109,35,322,9.20,16.9,0,corps,7.399453417807406,1.7948
8110,28,271,9.68,13.8,0,corps,7.397754115959368,1.5547
8111,60,698,11.63,28.0,0,corps,7.3960556635498715,1.7102
8112,47,486,10.34,22.2,0,corps,7.394358060154314,1.6733
8113,41,368,8.98,19.6,0,corps,7.392661305348288,1.6328
8114,8,68,8.50,4.9,0,corps,7.390965398707603,1.7495
8115,47,518,11.02,22.2,0,corps,7.389270339808289,1.7274
8116,17,150,8.82,8.9,0,corps,7.387576128226578,1.4307
8117,29,225,7.76,14.2,0,corps,7.385882763538912,1.8386
8118,26,249,9.58,12.9,0,corps,7.384190245321959,1.4760
8119,23,183,7.96,11.6,0,corps,7.382498573152585,2.0667
8120,40,366,9.15,19.1,0,corps,7.3808077466078705,1.8855
8121,44,410,9.32,20.9,0,corps,7.379117765265109,1.7043
8122,45,474,10.53,21.3,0,corps,7.377428628701807,1.9163
8123,49,495,10.10,23.1,0,corps,7.3757403364956815,1.6686
8124,45,459,10.20,21.3,0,corps,7.374052888224655,1.7010
8125,44,474,10.77,20.9,0,corps,7.372366283466872,1.8921
8126,52,608,11.69,24.4,0,corps,7.370680521800675,1.6759
8127,39,430,11.03,18.7,0,corps,7.368995602804623,1.7332
8128,62,754,12.16,28.9,0,corps,7.3673115260574935,1.6750
8129,28,281,10.04,13.8,0,corps,7.365628291138264,1.7606
8130,33,373,11.30,16.0,0,corps,7.36394589762612,1.4650
8131,26,240,9.23,12.9,0,corps,7.362264345100472,1.8112
8132,50,504,10.08,23.6,0,corps,7.3605836331409265,1.6181
8133,33,262,7.94,16.0,0,corps,7.358903761327309,2.0700
8134,10,88,8.80,5.8,0,corps,7.357224729239645,2.2303
8135,56,659,11.77,26.2,0,corps,7.355546536458182,1.5595
8136,25,256,10.24,12.4,0,corps,7.353869182563375,2.0665
8137,69,812,11.77,32.0,0,corps,7.352192667135873,1.6059
8138,20,169,8.45,10.2,0,corps,7.350516989756562,1.6879
8139,32,321,10.03,15.6,0,corps,7.348842150006515,1.7710
8140,22,229,10.41,11.1,0,corps,7.34716814746702,1.8141
8141,32,270,8.44,15.6,0,corps,7.345494981719582,1.8490
8142,21,160,7.62,10.7,0,corps,7.3438226523459065,2.6997
8143,39,373,9.56,18.7,0,corps,7.342151158927909,1.8463
8144,30,268,8.93,14.7,0,corps,7.340480501047722,2.0321
8145,47,502,10.68,22.2,0,corps,7.338810678287675,1.8953
8146,21,186,8.86,10.7,0,corps,7.3371416902303155,2.5027
8147,29,278,9.59,14.2,0,corps,7.335473536458398,2.0197
8148,51,600,11.76,24.0,0,corps,7.333806216554881,2.0636
8149,49,459,9.37,23.1,0,corps,7.332139730102935,1.9786
8150,28,237,8.46,13.8,0,corps,7.330474076685936,2.2952
8151,38,415,10.92,18.2,0,corps,7.328809255887478,2.1451
8152,47,468,9.96,22.2,0,corps,7.3271452672913515,1.7958
8153,11,109,9.91,6.2,0,corps,7.3254821104815555,1.6064
8154,14,124,8.86,7.6,0,corps,7.323819785042307,2.1241
8155,35,392,11.20,16.9,0,corps,7.322158290558023,1.7255
8156,63,597,9.48,29.3,0,corps,7.320497626613324,1.9721
8157,21,203,9.67,10.7,0,corps,7.318837792793054,2.1135
8158,52,655,12.60,24.4,0,corps,7.3171787886822495,2.2202
8159,56,951,16.98,26.2,0,corps,7.3155206138661555,1.8356
8160,18,188,10.44,9.3,0,corps,7.313863267930235,2.4681
8161,50,555,11.10,23.6,0,corps,7.312206750460149,1.6417
8162,46,523,11.37,21.8,0,corps,7.310551061041765,1.5813
8163,65,650,10.00,30.2,0,corps,7.308896199261166,1.5079
8164,35,377,10.77,16.9,0,corps,7.307242164704634,1.4441
8165,10,102,10.20,5.8,0,corps,7.305588956958661,1.6698
8166,57,562,9.86,26.7,0,corps,7.303936575609943,1.4149
8167,35,363,10.37,16.9,0,corps,7.302285020245386,1.5866
8168,42,438,10.43,20.0,0,corps,7.300634290452103,1.6414
8169,72,1022,14.19,33.3,0,corps,7.2989843858174055,1.4280
8170,22,186,8.45,11.1,0,corps,7.297335305928826,1.8215
8171,61,729,11.95,28.4,0,corps,7.295687050374092,1.3903
8172,11,116,10.55,6.2,0,corps,7.294039618741133,1.6799
8173,48,568,11.83,22.7,0,corps,7.292393010618096,1.7801
8174,59,581,9.85,27.6,0,corps,7.290747225593332,1.7817
8175,54,679,12.57,25.3,0,corps,7.289102263255387,1.7585
8176,27,255,9.44,13.3,0,corps,7.28745812319303,1.8760
8177,59,678,11.49,27.6,0,corps,7.285814804995219,1.5408
8178,36,306,8.50,17.3,0,corps,7.284172308251124,1.6038
8179,32,342,10.69,15.6,0,corps,7.282530632550127,1.8778
8180,40,425,10.62,19.1,0,corps,7.280889777481804,1.4980
8181,30,296,9.87,14.7,0,corps,7.279249742635943,1.5660
8182,30,324,10.80,14.7,0,corps,7.2776105276025325,1.9795
8183,28,216,7.71,13.8,0,corps,7.2759721319717725,1.8181
8184,71,752,10.59,32.9,0,corps,7.274334555334064,1.6841
8185,40,390,9.75,19.1,0,corps,7.272697797280006,1.6722
8186,41,380,9.27,19.6,0,corps,7.2710618574004195,1.8742
8187,38,520,13.68,18.2,0,corps,7.269426735286314,1.9746
8188,46,527,11.46,21.8,0,corps,7.267792430528906,1.8701
8189,65,861,13.25,30.2,0,corps,7.266158942719625,1.6032
8190,32,248,7.75,15.6,0,corps,7.264526271450097,2.8543
8191,53,667,12.58,24.9,0,corps,7.262894416312152,1.6907
8192,56,687,12.27,26.2,0,corps,7.261263376897831,1.9756
8193,9,103,11.44,5.3,0,corps,7.2596331527993705,1.8815
8194,15,140,9.33,8.0,0,corps,7.258003743609212,2.5615
8195,22,225,10.23,11.1,0,corps,7.256375148920011,1.5529
8196,29,328,11.31,14.2,0,corps,7.254747368324613,1.8306
8197,14,145,10.36,7.6,0,corps,7.253120401416073,2.3514
8198,9,100,11.11,5.3,0,corps,7.251494247787649,1.6741
8199,42,397,9.45,20.0,0,corps,7.2498689070328055,1.9277
8200,41,501,12.22,19.6,0,corps,7.2482443787452056,1.6324
8201,43,474,11.02,20.4,0,corps,7.2466206625187155,1.5377
8202,33,315,9.55,16.0,0,corps,7.24499775794741,1.6479
8203,15,112,7.47,8.0,0,corps,7.243375664625562,2.1794
8204,39,455,11.67,18.7,0,corps,7.241754382147643,1.4638
8205,29,280,9.66,14.2,0,corps,7.24013391010834,1.6661
8206,57,634,11.12,26.7,0,corps,7.23851424810253,1.6670
8207,10,84,8.40,5.8,0,corps,7.236895395725298,1.9146
8208,18,146,8.11,9.3,0,corps,7.235277352571934,1.7198
8209,44,466,10.59,20.9,0,corps,7.233660118237925,1.4893
8210,31,346,11.16,15.1,0,corps,7.2320436923189595,1.6502
8211,14,124,8.86,7.6,0,corps,7.230428074410936,1.5647
8212,11,91,8.27,6.2,0,corps,7.228813264109949,1.7422
8213,31,300,9.68,15.1,0,corps,7.227199261012293,1.5006
8214,25,232,9.28,12.4,0,corps,7.225586064714467,1.6533
8215,58,557,9.60,27.1,0,corps,7.2239736748131795,1.5352
8216,58,676,11.66,27.1,0,corps,7.222362090905324,1.6850
8217,39,365,9.36,18.7,0,corps,7.220751312588007,1.6575
8218,44,460,10.45,20.9,0,corps,7.219141339458537,1.6335
8219,53,555,10.47,24.9,0,corps,7.217532171114419,1.4917
8220,49,491,10.02,23.1,0,corps,7.2159238071533585,1.8031
8221,74,998,13.49,34.2,0,corps,7.214316247173269,1.6743
8222,56,660,11.79,26.2,0,corps,7.212709490772257,1.7499
8223,23,237,10.30,11.6,0,corps,7.211103537548633,1.6639
8224,51,577,11.31,24.0,0,corps,7.209498387100911,1.7557
8225,14,126,9.00,7.6,0,corps,7.207894039027804,1.5065
8226,27,255,9.44,13.3,0,corps,7.20629049292822,1.6426
8227,6,56,9.33,4.0,0,corps,7.204687748401279,1.4021
8228,17,156,9.18,8.9,0,corps,7.203085805046292,1.5747
8229,25,215,8.60,12.4,0,corps,7.201484662462773,2.1118
8230,33,354,10.73,16.0,0,corps,7.199884320250432,1.5909
8231,27,268,9.93,13.3,0,corps,7.198284778009192,1.4109
8232,20,210,10.50,10.2,0,corps,7.196686035339164,1.5280
8233,21,192,9.14,10.7,0,corps,7.195088091840657,1.5648
8234,27,227,8.41,13.3,0,corps,7.193490947114194,1.8092
8235,64,705,11.02,29.8,0,corps,7.191894600760482,1.5989
8236,14,135,9.64,7.6,0,corps,7.190299052380436,1.6398
8237,48,478,9.96,22.7,0,corps,7.1887043015751715,1.8723
8238,59,690,11.69,27.6,0,corps,7.187110347945999,1.5270
8239,42,427,10.17,20.0,0,corps,7.185517191094429,1.7206
8240,29,260,8.97,14.2,0,corps,7.183924830622174,1.5783
8241,22,215,9.77,11.1,0,corps,7.182333266131144,1.4519
8242,56,600,10.71,26.2,0,corps,7.180742497223445,1.3473
8243,48,454,9.46,22.7,0,corps,7.179152523501389,1.4603
8244,21,169,8.05,10.7,0,corps,7.1775633445674805,2.2930
8245,45,425,9.44,21.3,0,corps,7.175974960024425,1.7205
8246,45,444,9.87,21.3,0,corps,7.174387369475125,1.3603
8247,26,258,9.92,12.9,0,corps,7.172800572522683,1.4206
8248,23,195,8.48,11.6,0,corps,7.171214568770402,1.3860
8249,31,270,8.71,15.1,0,corps,7.169629357821777,1.5512
8250,53,528,9.96,24.9,0,corps,7.168044939280511,1.4929
8251,35,369,10.54,16.9,0,corps,7.166461312750497,1.5806
8252,22,201,9.14,11.1,0,corps,7.164878477835823,1.6888
8253,15,126,8.40,8.0,0,corps,7.16329643414079,1.5944
8254,18,165,9.17,9.3,0,corps,7.161715181269882,1.3139
8255,21,182,8.67,10.7,0,corps,7.160134718827781,1.5727
8256,42,520,12.38,20.0,0,corps,7.158555046419379,1.5093
8257,41,432,10.54,19.6,0,corps,7.156976163649757,1.3579
8258,27,262,9.70,13.3,0,corps,7.155398070124192,1.8478
8259,54,580,10.74,25.3,0,corps,7.153820765448157,1.5731
8260,31,279,9.00,15.1,0,corps,7.152244249227333,1.4102
8261,54,553,10.24,25.3,0,corps,7.150668521067588,1.8358
8262,37,360,9.73,17.8,0,corps,7.149093580574986,2.1170
8263,42,419,9.98,20.0,0,corps,7.1475194273558005,1.6643
8264,32,328,10.25,15.6,0,corps,7.145946061016486,1.4622
8265,48,564,11.75,22.7,0,corps,7.144373481163702,1.5724
8266,50,601,12.02,23.6,0,corps,7.142801687404305,1.5565
8267,54,624,11.56,25.3,0,corps,7.141230679345348,2.0906
8268,57,562,9.86,26.7,0,corps,7.139660456594074,1.6883
8269,10,88,8.80,5.8,0,corps,7.138091018757933,1.9182
8270,52,562,10.81,24.4,0,corps,7.136522365444565,1.7359
8271,34,310,9.12,16.4,0,corps,7.1349544962618,1.6440
8272,28,236,8.43,13.8,0,corps,7.133387410817679,1.6327
8273,33,312,9.45,16.0,0,corps,7.131821108720427,1.7603
8274,56,517,9.23,26.2,0,corps,7.130255589578467,1.7335
8275,21,215,10.24,10.7,0,corps,7.128690853000419,1.6942
8276,46,418,9.09,21.8,0,corps,7.127126898595105,1.9011
8277,52,540,10.38,24.4,0,corps,7.125563725971529,1.8239
8278,23,200,8.70,11.6,0,corps,7.1240013347388995,1.5844
8279,37,343,9.27,17.8,0,corps,7.122439724506621,1.6596
8280,5,49,9.80,3.6,0,corps,7.120878894884293,1.5757
8281,41,367,8.95,19.6,0,corps,7.1193188454817,2.0581
8282,35,332,9.49,16.9,0,corps,7.117759575908838,2.1885
8283,42,409,9.74,20.0,0,corps,7.116201085775886,1.8220
8284,19,169,8.89,9.8,0,corps,7.11464337469322,1.5687
8285,11,97,8.82,6.2,0,corps,7.113086442271416,2.6366
8286,62,631,10.18,28.9,0,corps,7.111530288121237,1.6375
8287,50,495,9.90,23.6,0,corps,7.109974911853646,1.8843
8288,40,322,8.05,19.1,0,corps,7.108420313079801,1.9624
8289,46,523,11.37,21.8,0,corps,7.10686649141105,1.7792
8290,53,562,10.60,24.9,0,corps,7.105313446458938,1.6885
8291,26,229,8.81,12.9,0,corps,7.103761177835202,1.8281
8292,31,313,10.10,15.1,0,corps,7.102209685151779,2.3412
8293,17,155,9.12,8.9,0,corps,7.100658968020794,1.8262
8294,43,481,11.19,20.4,0,corps,7.099109026054563,1.9098
8295,28,312,11.14,13.8,0,corps,7.097559858865608,1.7234
8296,45,439,9.76,21.3,0,corps,7.096011466066635,1.9790
8297,21,198,9.43,10.7,0,corps,7.094463847270541,1.6844
8298,65,864,13.29,30.2,0,corps,7.092917002090426,1.5711
8299,31,307,9.90,15.1,0,corps,7.09137093013958,1.8823
8300,20,180,9.00,10.2,0,corps,7.08982563103148,2.0653
8301,53,518,9.77,24.9,0,corps,7.088281104379804,1.6031
8302,36,374,10.39,17.3,0,corps,7.0867373497984225,1.8041
8303,37,337,9.11,17.8,0,corps,7.0851943669013915,1.7491
8304,58,602,10.38,27.1,0,corps,7.08365215530297,1.7334
8305,44,440,10.00,20.9,0,corps,7.082110714617603,1.6197
8306,21,218,10.38,10.7,0,corps,7.080570044459932,2.0110
8307,15,146,9.73,8.0,0,corps,7.079030144444786,1.3988
8308,52,458,8.81,24.4,0,corps,7.077491014187194,2.1791
8309,27,237,8.78,13.3,0,corps,7.075952653302372,1.9314
8310,4,30,7.50,3.1,0,corps,7.074415061405727,2.1201
8311,32,301,9.41,15.6,0,corps,7.072878238112865,1.7460
8312,25,240,9.60,12.4,0,corps,7.071342183039578,1.9530
8313,19,171,9.00,9.8,0,corps,7.069806895801851,1.9032
8314,27,230,8.52,13.3,0,corps,7.068272376015868,1.5663
8315,33,324,9.82,16.0,0,corps,7.066738623297993,1.8885
8316,27,205,7.59,13.3,0,corps,7.065205637264787,2.3130
8317,33,308,9.33,16.0,0,corps,7.0636734175330105,1.8479
8318,42,492,11.71,20.0,0,corps,7.062141963719604,1.6988
8319,43,461,10.72,20.4,0,corps,7.0606112754417,1.5656
8320,34,367,10.79,16.4,0,corps,7.0590813523166345,1.7751
8321,26,236,9.08,12.9,0,corps,7.057552193961923,1.4971
8322,43,393,9.14,20.4,0,corps,7.056023799995276,1.5158
8323,44,449,10.20,20.9,0,corps,7.054496170034594,1.3469
8324,35,319,9.11,16.9,0,corps,7.05296930369797,1.8814
8325,47,496,10.55,22.2,0,corps,7.051443200603689,1.5932
8326,5,44,8.80,3.6,0,corps,7.049917860370222,1.5178
8327,42,368,8.76,20.0,0,corps,7.048393282616239,1.7771
8328,18,163,9.06,9.3,0,corps,7.046869466960591,1.5960
8329,34,315,9.26,16.4,0,corps,7.045346413022324,1.7198
8330,16,134,8.38,8.4,0,corps,7.043824120420679,1.4907
8331,24,228,9.50,12.0,0,corps,7.042302588775079,1.3502
8332,39,356,9.13,18.7,0,corps,7.04078181770514,1.4774
8333,34,318,9.35,16.4,0,corps,7.039261806830674,1.4787
8334,16,157,9.81,8.4,0,corps,7.0377425557716755,1.2919
8335,50,540,10.80,23.6,0,corps,7.036224064148327,1.6240
8336,25,233,9.32,12.4,0,corps,7.034706331581017,1.6600
8337,37,464,12.54,17.8,0,corps,7.033189357690303,1.6146
8338,73,855,11.71,33.8,0,corps,7.0316731420969445,1.8576
8339,31,278,8.97,15.1,0,corps,7.030157684421885,1.5357
8340,27,255,9.44,13.3,0,corps,7.028642984286265,1.4638
8341,20,199,9.95,10.2,0,corps,7.027129041311407,1.5745
8342,38,398,10.47,18.2,0,corps,7.025615855118822,1.3785
8343,40,414,10.35,19.1,0,corps,7.024103425330219,1.5596
8344,32,305,9.53,15.6,0,corps,7.022591751567489,1.5859
8345,37,395,10.68,17.8,0,corps,7.02108083345271,1.5929
8346,17,157,9.24,8.9,0,corps,7.019570670608158,1.5481
8347,14,134,9.57,7.6,0,corps,7.018061262656289,1.7879
8348,36,372,10.33,17.3,0,corps,7.016552609219747,1.8973
8349,42,407,9.69,20.0,0,corps,7.015044709921378,1.7175
8350,34,338,9.94,16.4,0,corps,7.013537564384201,1.5698
8351,32,315,9.84,15.6,0,corps,7.012031172231429,1.8177
8352,87,961,11.05,40.0,0,corps,7.010525533086468,1.8350
8353,12,109,9.08,6.7,0,corps,7.009020646572905,1.9465
8354,60,594,9.90,28.0,0,corps,7.007516512314521,1.7488
8355,56,623,11.12,26.2,0,corps,7.006013129935276,1.9152
8356,23,232,10.09,11.6,0,corps,7.004510499059332,1.5542
8357,25,201,8.04,12.4,0,corps,7.003008619311031,2.0431
8358,28,231,8.25,13.8,0,corps,7.0015074903148955,1.7289
8359,64,767,11.98,29.8,0,corps,7.000007111695653,1.6105
8360,49,501,10.22,23.1,0,corps,6.998507483078202,1.8783
8361,73,883,12.10,33.8,0,corps,6.997008604087634,1.6227
8362,49,507,10.35,23.1,0,corps,6.995510474349237,1.8576
8363,32,314,9.81,15.6,0,corps,6.9940130934884746,2.0546
8364,24,228,9.50,12.0,0,corps,6.992516461130998,1.6057
8365,56,594,10.61,26.2,0,corps,6.991020576902654,1.3943
8366,64,727,11.36,29.8,0,corps,6.989525440429471,1.4367
8367,44,437,9.93,20.9,0,corps,6.988031051337661,1.5581
8368,15,158,10.53,8.0,0,corps,6.98653740925363,1.1360
8369,42,379,9.02,20.0,0,corps,6.98504451380397,1.7662
8370,57,521,9.14,26.7,0,corps,6.983552364615451,1.7340
8371,37,380,10.27,17.8,0,corps,6.982060961315038,1.5141
8372,20,191,9.55,10.2,0,corps,6.980570303529883,1.3613
8373,31,273,8.81,15.1,0,corps,6.97908039088732,1.5499
8374,30,301,10.03,14.7,0,corps,6.977591223014866,1.8806
8375,41,445,10.85,19.6,0,corps,6.976102799540238,1.5880
8376,43,500,11.63,20.4,0,corps,6.974615120091324,1.4545
8377,54,581,10.76,25.3,0,corps,6.973128184296202,1.4747
8378,49,573,11.69,23.1,0,corps,6.971641991783146,1.5088
8379,33,324,9.82,16.0,0,corps,6.970156542180603,1.3195
8380,46,484,10.52,21.8,0,corps,6.968671835117207,1.6002
8381,35,365,10.43,16.9,0,corps,6.96718787022179,1.3016
8382,39,401,10.28,18.7,0,corps,6.9657046471233555,1.4020
8383,24,209,8.71,12.0,0,corps,6.964222165451098,1.3209
8384,64,644,10.06,29.8,0,corps,6.962740424834394,1.7569
8385,53,613,11.57,24.9,0,corps,6.961259424902814,1.5177
8386,49,518,10.57,23.1,0,corps,6.959779165286106,1.5129
8387,70,775,11.07,32.4,0,corps,6.958299645614202,1.3864
8388,39,386,9.90,18.7,0,corps,6.956820865517228,1.2302
8389,18,161,8.94,9.3,0,corps,6.955342824625486,1.5366
8390,51,492,9.65,24.0,0,corps,6.953865522569464,1.3963
8391,36,327,9.08,17.3,0,corps,6.952388958979839,1.4019
8392,47,516,10.98,22.2,0,corps,6.950913133487468,1.3921
8393,33,324,9.82,16.0,0,corps,6.9494380457233955,1.3514
8394,30,305,10.17,14.7,0,corps,6.947963695318851,1.5479
8395,54,553,10.24,25.3,0,corps,6.946490081905246,1.6412
8396,18,166,9.22,9.3,0,corps,6.9450172051141745,1.4831
8397,23,183,7.96,11.6,0,corps,6.943545064577422,1.2984
8398,28,268,9.57,13.8,0,corps,6.942073659926951,1.4839
8399,65,798,12.28,30.2,0,corps,6.94060299079491,1.4876
8400,49,572,11.67,23.1,0,corps,6.93913305681363,1.2045
8401,7,57,8.14,4.4,0,corps,6.937663857615632,2.0539
8402,32,298,9.31,15.6,0,corps,6.936195392833613,1.7323
8403,66,794,12.03,30.7,0,corps,6.934727662100455,1.5329
8404,23,177,7.70,11.6,0,corps,6.933260665049231,1.7394
8405,36,340,9.44,17.3,0,corps,6.931794401313189,1.4830
8406,69,857,12.42,32.0,0,corps,6.930328870525759,1.6969
8407,33,324,9.82,16.0,0,corps,6.928864072320565,1.8964
8408,34,321,9.44,16.4,0,corps,6.927400006331405,1.5337
8409,13,112,8.62,7.1,0,corps,6.925936672192258,1.9683
8410,50,552,11.04,23.6,0,corps,6.924474069537297,1.4651
8411,35,357,10.20,16.9,0,corps,6.923012198000869,1.6609
8412,11,107,9.73,6.2,0,corps,6.921551057217504,1.5559
8413,10,110,11.00,5.8,0,corps,6.920090646821919,1.3159
8414,46,498,10.83,21.8,0,corps,6.9186309664490135,1.7323
8415,34,384,11.29,16.4,0,corps,6.917172015733862,1.3855
8416,30,260,8.67,14.7,0,corps,6.915713794311729,1.9260
8417,40,385,9.62,19.1,0,corps,6.914256301818061,1.4927
8418,57,590,10.35,26.7,0,corps,6.9127995378884854,1.4845
8419,67,746,11.13,31.1,0,corps,6.911343502158805,2.2873
8420,22,219,9.95,11.1,0,corps,6.90988819426502,1.3753
8421,50,518,10.36,23.6,0,corps,6.908433613843297,1.7575
8422,56,512,9.14,26.2,0,corps,6.906979760529991,2.0027
8423,64,739,11.55,29.8,0,corps,6.905526633961641,1.6754
8424,28,273,9.75,13.8,0,corps,6.904074233774966,1.8644
8425,46,511,11.11,21.8,0,corps,6.902622559606862,1.6674
8426,59,600,10.17,27.6,0,corps,6.901171611094416,1.6937
8427,19,182,9.58,9.8,0,corps,6.899721387874888,1.5677
8428,19,163,8.58,9.8,0,corps,6.898271889585718,1.7538
8429,32,304,9.50,15.6,0,corps,6.89682311586454,1.7671
8430,48,473,9.85,22.7,0,corps,6.895375066349155,1.8096
8431,31,296,9.55,15.1,0,corps,6.893927740677551,1.8853
8432,33,311,9.42,16.0,0,corps,6.892481138487895,2.0420
8433,36,345,9.58,17.3,0,corps,6.891035259418543,1.5412
8434,39,370,9.49,18.7,0,corps,6.889590103108019,1.7011
8435,64,770,12.03,29.8,0,corps,6.888145669195033,1.7495
8436,43,466,10.84,20.4,0,corps,6.886701957318484,1.7663
8437,35,388,11.09,16.9,0,corps,6.885258967117437,1.6035
8438,63,740,11.75,29.3,0,corps,6.883816698231146,1.6568
8439,63,705,11.19,29.3,0,corps,6.882375150299048,1.8385
8440,24,247,10.29,12.0,0,corps,6.88093432296075,1.6921
8441,47,521,11.09,22.2,0,corps,6.879494215856045,1.3058
8442,36,361,10.03,17.3,0,corps,6.878054828624913,1.2522
8443,54,621,11.50,25.3,0,corps,6.876616160907504,1.5603
8444,28,289,10.32,13.8,0,corps,6.875178212344146,1.6278
8445,39,426,10.92,18.7,0,corps,6.87374098257536,1.7229
8446,38,381,10.03,18.2,0,corps,6.872304471241833,1.5232
8447,35,404,11.54,16.9,0,corps,6.87086867798444,1.4060
8448,11,109,9.91,6.2,0,corps,6.869433602444228,1.1931
8449,40,427,10.68,19.1,0,corps,6.867999244262435,1.4693
8450,18,162,9.00,9.3,0,corps,6.866565603080469,1.8436
8451,34,309,9.09,16.4,0,corps,6.865132678539913,1.4071
8452,18,154,8.56,9.3,0,corps,6.863700470282547,1.5840
8453,35,283,8.09,16.9,0,corps,6.862268977950311,1.7155
8454,21,215,10.24,10.7,0,corps,6.8608382011853335,1.7105
8455,8,82,10.25,4.9,0,corps,6.859408139629923,1.1862
8456,48,473,9.85,22.7,0,corps,6.857978792926563,1.5753
8457,50,499,9.98,23.6,0,corps,6.856550160717914,1.4550
8458,14,119,8.50,7.6,0,corps,6.8551222426468215,1.5342
8459,26,248,9.54,12.9,0,corps,6.853695038356306,1.4054
8460,39,349,8.95,18.7,0,corps,6.85226854748956,1.5017
8461,33,314,9.52,16.0,0,corps,6.8508427696899705,1.9592
8462,19,150,7.89,9.8,0,corps,6.849417704601087,2.4770
8463,40,391,9.78,19.1,0,corps,6.847993351866645,1.7978
8464,51,503,9.86,24.0,0,corps,6.846569711130552,2.0345
8465,11,108,9.82,6.2,0,corps,6.845146782036907,1.9463
8466,17,143,8.41,8.9,0,corps,6.843724564229969,2.3765
8467,72,940,13.06,33.3,0,corps,6.8423030573541865,1.6692
8468,35,328,9.37,16.9,0,corps,6.840882261054185,1.9960
8469,8,85,10.62,4.9,0,corps,6.839462174974765,1.1959
8470,23,196,8.52,11.6,0,corps,6.838042798760899,1.9544
8471,21,207,9.86,10.7,0,corps,6.83662413205775,1.6451
8472,54,529,9.80,25.3,0,corps,6.83520617451065,1.8729
8473,44,426,9.68,20.9,0,corps,6.833788925765106,1.9087
8474,14,149,10.64,7.6,0,corps,6.832372385466809,1.4380
8475,17,161,9.47,8.9,0,corps,6.8309565532616245,1.5934
8476,47,561,11.94,22.2,0,corps,6.829541428795589,1.6101
8477,41,336,8.20,19.6,0,corps,6.82812701171493,1.9199
8478,50,473,9.46,23.6,0,corps,6.826713301666038,1.8551
8479,45,477,10.60,21.3,0,corps,6.8253002982954865,1.7897
8480,12,107,8.92,6.7,0,corps,6.823888001250021,2.5766
8481,14,128,9.14,7.6,0,corps,6.822476410176573,2.5366
8482,45,528,11.73,21.3,0,corps,6.821065524722242,1.4188
8483,39,375,9.62,18.7,0,corps,6.819655344534306,1.8488
8484,30,312,10.40,14.7,0,corps,6.818245869260221,1.9299
8485,35,316,9.03,16.9,0,corps,6.81683709854762,1.7554
8486,64,773,12.08,29.8,0,corps,6.815429032044305,1.7015
8487,14,138,9.86,7.6,0,corps,6.814021669398265,1.4594
8488,46,486,10.57,21.8,0,corps,6.812615010257657,1.9654
8489,49,458,9.35,23.1,0,corps,6.811209054270814,1.9435
8490,50,654,13.08,23.6,0,corps,6.809803801086252,1.8591
8491,38,325,8.55,18.2,0,corps,6.808399250352654,1.8212
8492,45,419,9.31,21.3,0,corps,6.806995401718882,1.7557
8493,31,327,10.55,15.1,0,corps,6.805592254833977,2.2024
8494,31,278,8.97,15.1,0,corps,6.80418980934715,1.8351
8495,29,247,8.52,14.2,0,corps,6.80278806490779,1.7218
8496,8,74,9.25,4.9,0,corps,6.801387021165459,2.1039
8497,35,416,11.89,16.9,0,corps,6.799986677769898,1.6562
8498,46,589,12.80,21.8,0,corps,6.798587034371023,1.7462
8499,39,335,8.59,18.7,0,corps,6.797188090618919,1.7416
8500,56,695,12.41,26.2,0,corps,6.795789846163855,1.5132
8501,34,296,8.71,16.4,0,corps,6.794392300656265,1.7215
8502,21,182,8.67,10.7,0,corps,6.792995453746764,2.2314
8503,24,214,8.92,12.0,0,corps,6.791599305086144,2.5401
8504,34,405,11.91,16.4,0,corps,6.790203854325363,1.2645
8505,52,500,9.62,24.4,0,corps,6.788809101115559,2.0136
8506,29,324,11.17,14.2,0,corps,6.7874150451080455,1.4514
8507,41,412,10.05,19.6,0,corps,6.786021685954309,1.5543
8508,30,276,9.20,14.7,0,corps,6.7846290233060085,1.6714
8509,23,162,7.04,11.6,0,corps,6.7832370568149765,2.0954
8510,13,104,8.00,7.1,0,corps,6.781845786133226,1.5624
8511,24,224,9.33,12.0,0,corps,6.780455210912933,1.6531
8512,16,150,9.38,8.4,0,corps,6.779065330806458,1.7829
8513,30,303,10.10,14.7,0,corps,6.777676145466333,1.8517
8514,34,286,8.41,16.4,0,corps,6.776287654545257,2.0009
8515,43,404,9.40,20.4,0,corps,6.774899857696108,1.8858
8516,27,231,8.56,13.3,0,corps,6.773512754571939,1.4493
8517,57,699,12.26,26.7,0,corps,6.772126344825974,1.9665
8518,43,426,9.91,20.4,0,corps,6.770740628111607,1.5465
8519,60,768,12.80,28.0,0,corps,6.769355604082413,1.3293
8520,2,14,7.00,2.2,0,corps,6.767971272392137,2.4710
8521,57,720,12.63,26.7,0,corps,6.766587632694689,1.4787
8522,65,844,12.98,30.2,0,corps,6.765204684644166,1.8534
8523,69,850,12.32,32.0,0,corps,6.763822427894829,1.6717
8524,15,119,7.93,8.0,0,corps,6.762440862101114,2.2173
8525,49,480,9.80,23.1,0,corps,6.761059986917625,1.6754
8526,43,450,10.47,20.4,0,corps,6.759679801999151,1.5755
8527,18,155,8.61,9.3,0,corps,6.758300307000642,2.4018
8528,44,508,11.55,20.9,0,corps,6.756921501577221,1.6636
8529,47,632,13.45,22.2,0,corps,6.7555433853841915,1.5797
8530,41,453,11.05,19.6,0,corps,6.754165958077023,1.7328
8531,39,374,9.59,18.7,0,corps,6.752789219311356,1.6402
8532,22,147,6.68,11.1,0,corps,6.751413168743012,2.6445
8533,33,318,9.64,16.0,0,corps,6.750037806027972,2.2682
8534,54,571,10.57,25.3,0,corps,6.748663130822398,2.0131
8535,47,472,10.04,22.2,0,corps,6.7472891427826225,1.5789
8536,38,371,9.76,18.2,0,corps,6.745915841565147,1.8973
8537,49,576,11.76,23.1,0,corps,6.744543226826644,1.5841
8538,50,562,11.24,23.6,0,corps,6.743171298223963,1.7084
8539,14,112,8.00,7.6,0,corps,6.741800055414121,1.7725
8540,38,413,10.87,18.2,0,corps,6.740429498054308,1.5565
8541,48,480,10.00,22.7,0,corps,6.739059625801882,1.6234
8542,22,198,9.00,11.1,0,corps,6.737690438314378,1.8548
8543,47,527,11.21,22.2,0,corps,6.736321935249498,1.9037
8544,37,427,11.54,17.8,0,corps,6.734954116265114,1.5067
8545,62,855,13.79,28.9,0,corps,6.733586981019276,1.2722
8546,57,684,12.00,26.7,0,corps,6.732220529170196,1.7033
8547,32,312,9.75,15.6,0,corps,6.730854760376262,2.1017
8548,50,525,10.50,23.6,0,corps,6.729489674296034,1.5305
8549,9,89,9.89,5.3,0,corps,6.728125270588239,1.7765
8550,46,489,10.63,21.8,0,corps,6.726761548911774,1.6341
8551,30,290,9.67,14.7,0,corps,6.725398508925712,1.6968
8552,62,725,11.69,28.9,0,corps,6.72403615028929,1.7786
8553,19,192,10.11,9.8,0,corps,6.722674472661919,1.4424
8554,28,287,10.25,13.8,0,corps,6.721313475703184,1.8827
8555,26,223,8.58,12.9,0,corps,6.719953159072831,1.4588
8556,45,460,10.22,21.3,0,corps,6.718593522430781,1.5942
8557,29,299,10.31,14.2,0,corps,6.717234565437123,1.4824
8558,62,664,10.71,28.9,0,corps,6.715876287752125,1.6995
8559,52,551,10.60,24.4,0,corps,6.714518689036211,1.5281
8560,60,783,13.05,28.0,0,corps,6.713161768949982,1.3519
8561,42,383,9.12,20.0,0,corps,6.711805527154212,1.4851
8562,44,431,9.80,20.9,0,corps,6.710449963309838,2.2981
8563,13,152,11.69,7.1,0,corps,6.709095077077966,1.3601
8564,71,791,11.14,32.9,0,corps,6.707740868119879,1.8462
8565,52,627,12.06,24.4,0,corps,6.706387336097025,1.3409
8566,40,362,9.05,19.1,0,corps,6.705034480671015,1.5677
8567,10,100,10.00,5.8,0,corps,6.703682301503644,1.5456
8568,11,108,9.82,6.2,0,corps,6.70233079825686,1.3425
8569,53,588,11.09,24.9,0,corps,6.700979970592788,1.7106
8570,39,388,9.95,18.7,0,corps,6.699629818173726,1.6771
8571,60,650,10.83,28.0,0,corps,6.698280340662131,1.4852
8572,56,585,10.45,26.2,0,corps,6.696931537720636,1.6496
8573,35,308,8.80,16.9,0,corps,6.695583409012038,1.5004
8574,23,201,8.74,11.6,0,corps,6.694235954199308,1.5785
8575,24,217,9.04,12.0,0,corps,6.692889172945581,1.4013
8576,52,624,12.00,24.4,0,corps,6.691543064914157,1.4942
8577,13,136,10.46,7.1,0,corps,6.690197629768519,1.6127
8578,47,499,10.62,22.2,0,corps,6.688852867172298,1.6598
8579,30,273,9.10,14.7,0,corps,6.687508776789308,1.8751
8580,26,258,9.92,12.9,0,corps,6.68616535828353,1.9620
8581,36,296,8.22,17.3,0,corps,6.684822611319103,1.7960
8582,30,245,8.17,14.7,0,corps,6.683480535560342,1.9288
8583,29,273,9.41,14.2,0,corps,6.68213913067173,1.7034
8584,26,223,8.58,12.9,0,corps,6.6807983963179165,2.1292
8585,30,303,10.10,14.7,0,corps,6.679458332163712,1.6729
8586,20,168,8.40,10.2,0,corps,6.678118937874107,2.3990
8587,50,528,10.56,23.6,0,corps,6.67678021311425,1.7176
8588,26,228,8.77,12.9,0,corps,6.675442157549462,2.1518
8589,38,377,9.92,18.2,0,corps,6.674104770845224,1.6945
8590,32,304,9.50,15.6,0,corps,6.672768052667194,2.0579
8591,31,248,8.00,15.1,0,corps,6.671432002681192,2.1225
8592,60,753,12.55,28.0,0,corps,6.670096620553203,1.6387
8593,38,357,9.39,18.2,0,corps,6.668761905949385,1.8329
8594,27,240,8.89,13.3,0,corps,6.6674278585360565,1.9061
8595,54,591,10.94,25.3,0,corps,6.666094477979705,1.6339
8596,36,338,9.39,17.3,0,corps,6.664761763946989,1.5368
8597,29,274,9.45,14.2,0,corps,6.6634297161047265,2.0087
8598,48,504,10.50,22.7,0,corps,6.662098334119906,1.9357
8599,48,451,9.40,22.7,0,corps,6.660767617659685,1.8273
8600,65,702,10.80,30.2,0,corps,6.659437566391382,1.6040
8601,34,319,9.38,16.4,0,corps,6.6581081799824835,1.8518
8602,58,595,10.26,27.1,0,corps,6.656779458100645,1.8105
8603,73,980,13.42,33.8,0,corps,6.6554514004136855,1.6485
8604,32,267,8.34,15.6,0,corps,6.654124006589591,1.8364
8605,39,363,9.31,18.7,0,corps,6.652797276296507,1.5053
8606,33,328,9.94,16.0,0,corps,6.651471209202758,2.3722
8607,43,405,9.42,20.4,0,corps,6.650145804976828,1.6729
8608,28,255,9.11,13.8,0,corps,6.6488210632873574,1.7228
8609,47,435,9.26,22.2,0,corps,6.647496983803171,2.0297
8610,47,464,9.87,22.2,0,corps,6.646173566193244,1.3744
8611,71,889,12.52,32.9,0,corps,6.64485081012672,1.7022
8612,46,402,8.74,21.8,0,corps,6.6435287152729146,1.7423
8613,34,291,8.56,16.4,0,corps,6.642207281301301,1.6898
8614,13,98,7.54,7.1,0,corps,6.64088650788152,1.9145
8615,22,166,7.55,11.1,0,corps,6.639566394683383,2.0218
8616,7,55,7.86,4.4,0,corps,6.638246941376856,2.3910
8617,53,624,11.77,24.9,0,corps,6.636928147632077,1.6759
8618,38,338,8.89,18.2,0,corps,6.635610013119352,2.1356
8619,53,641,12.09,24.9,0,corps,6.634292537509142,1.5454
8620,31,310,10.00,15.1,0,corps,6.632975720472081,1.6982
8621,47,468,9.96,22.2,0,corps,6.631659561678963,1.3991
8622,56,572,10.21,26.2,0,corps,6.630344060800749,1.4581
8623,45,429,9.53,21.3,0,corps,6.629029217508566,1.6849
8624,56,614,10.96,26.2,0,corps,6.627715031473697,1.3532
8625,29,323,11.14,14.2,0,corps,6.626401502367601,1.2327
8626,42,442,10.52,20.0,0,corps,6.625088629861898,1.3413
8627,13,130,10.00,7.1,0,corps,6.623776413628361,1.9683
8628,45,533,11.84,21.3,0,corps,6.622464853338944,1.2743
8629,59,717,12.15,27.6,0,corps,6.621153948665754,1.6003
8630,34,331,9.74,16.4,0,corps,6.619843699281063,1.2197
8631,30,319,10.63,14.7,0,corps,6.6185341048573125,1.5706
8632,52,584,11.23,24.4,0,corps,6.617225165067101,1.5609
8633,35,298,8.51,16.9,0,corps,6.615916879583194,1.6116
8634,55,583,10.60,25.8,0,corps,6.614609248078521,1.5563
8635,63,621,9.86,29.3,0,corps,6.613302270226173,1.3029
8636,20,158,7.90,10.2,0,corps,6.611995945699409,1.4385
8637,16,134,8.38,8.4,0,corps,6.610690274171641,1.2770
8638,44,445,10.11,20.9,0,corps,6.609385255316457,1.1656
8639,40,418,10.45,19.1,0,corps,6.608080888807601,1.6497
8640,34,320,9.41,16.4,0,corps,6.606777174318978,1.0663
8641,70,701,10.01,32.4,0,corps,6.605474111524666,1.7588
8642,31,334,10.77,15.1,0,corps,6.6041717000988935,1.6233
8643,38,404,10.63,18.2,0,corps,6.602869939716058,2.9227
8644,12,84,7.00,6.7,0,corps,6.6015688300507245,2.3155
8645,32,311,9.72,15.6,0,corps,6.600268370777611,1.7760
8646,41,381,9.29,19.6,0,corps,6.598968561571601,1.8983
8647,55,606,11.02,25.8,0,corps,6.597669402107748,1.6291
8648,34,303,8.91,16.4,0,corps,6.596370892061258,2.1120
8649,31,308,9.94,15.1,0,corps,6.595073031107507,1.8683
8650,53,567,10.70,24.9,0,corps,6.593775818922023,1.9502
8651,33,339,10.27,16.0,0,corps,6.592479255180509,1.4838
8652,51,610,11.96,24.0,0,corps,6.591183339558823,1.8848
8653,19,145,7.63,9.8,0,corps,6.589888071732982,2.2195
8654,16,152,9.50,8.4,0,corps,6.588593451379177,2.3508
8655,7,65,9.29,4.4,0,corps,6.5872994781737475,1.5544
8656,40,370,9.25,19.1,0,corps,6.586006151793199,2.2722
8657,26,280,10.77,12.9,0,corps,6.584713471914203,1.5033
8658,29,310,10.69,14.2,0,corps,6.583421438213589,1.5914
8659,12,115,9.58,6.7,0,corps,6.582130050368345,0.9977
8660,45,472,10.49,21.3,0,corps,6.58083930805563,1.8636
8661,29,249,8.59,14.2,0,corps,6.579549210952757,1.4928
8662,33,334,10.12,16.0,0,corps,6.578259758737197,1.6489
8663,28,279,9.96,13.8,0,corps,6.576970951086592,1.4836
8664,32,322,10.06,15.6,0,corps,6.575682787678739,1.8854
8665,37,347,9.38,17.8,0,corps,6.574395268191593,1.6448
8666,19,162,8.53,9.8,0,corps,6.573108392303278,1.6445
8667,57,633,11.11,26.7,0,corps,6.571822159692077,1.3678
8668,5,59,11.80,3.6,0,corps,6.570536570036428,1.5416
8669,25,206,8.24,12.4,0,corps,6.569251623014933,1.4443
8670,17,128,7.53,8.9,0,corps,6.567967318306361,1.6916
8671,21,193,9.19,10.7,0,corps,6.566683655589631,1.4958
8672,37,403,10.89,17.8,0,corps,6.565400634543825,1.5309
8673,45,417,9.27,21.3,0,corps,6.564118254848195,1.5087
8674,67,755,11.27,31.1,0,corps,6.56283651618214,1.8746
8675,63,688,10.92,29.3,0,corps,6.561555418225226,1.5266
8676,32,300,9.38,15.6,0,corps,6.560274960657182,1.3053
8677,29,295,10.17,14.2,0,corps,6.558995143157892,1.5815
8678,49,668,13.63,23.1,0,corps,6.557715965407398,1.7120
8679,40,374,9.35,19.1,0,corps,6.556437427085912,1.7526
8680,66,618,9.36,30.7,0,corps,6.555159527873797,1.9160
8681,10,87,8.70,5.8,0,corps,6.553882267451574,2.6742
8682,20,227,11.35,10.2,0,corps,6.5526056454999315,1.5712
8683,60,735,12.25,28.0,0,corps,6.551329661699716,1.9161
8684,57,598,10.49,26.7,0,corps,6.550054315731929,1.6821
8685,47,615,13.09,22.2,0,corps,6.54877960727773,1.6978
8686,47,497,10.57,22.2,0,corps,6.547505536018451,1.7710
8687,7,88,12.57,4.4,0,corps,6.546232101635568,2.0350
8688,68,851,12.51,31.6,0,corps,6.544959303810721,1.7234
8689,60,629,10.48,28.0,0,corps,6.543687142225715,1.7634
8690,32,263,8.22,15.6,0,corps,6.5424156165625105,2.2222
8691,34,344,10.12,16.4,0,corps,6.5411447265032185,1.7549
8692,14,136,9.71,7.6,0,corps,6.539874471730125,2.0232
8693,52,690,13.27,24.4,0,corps,6.538604851925661,1.4699
8694,44,515,11.70,20.9,0,corps,6.537335866772423,2.1030
8695,60,705,11.75,28.0,0,corps,6.536067515953166,1.6637
8696,38,369,9.71,18.2,0,corps,6.534799799150802,1.9482
8697,40,364,9.10,19.1,0,corps,6.5335327160484,2.0559
8698,17,138,8.12,8.9,0,corps,6.532266266329188,2.2969
8699,25,225,9.00,12.4,0,corps,6.531000449676559,1.9804
8700,41,466,11.37,19.6,0,corps,6.529735265774056,1.8082
8701,56,623,11.12,26.2,0,corps,6.528470714305379,1.4447
8702,46,394,8.57,21.8,0,corps,6.527206794954396,1.6999
8703,39,353,9.05,18.7,0,corps,6.525943507405126,1.5140
8704,40,416,10.40,19.1,0,corps,6.524680851341742,1.6289
8705,42,479,11.40,20.0,0,corps,6.523418826448587,1.3102
8706,32,281,8.78,15.6,0,corps,6.522157432410153,1.7817
8707,60,654,10.90,28.0,0,corps,6.520896668911087,1.4715
8708,51,500,9.80,24.0,0,corps,6.519636535636203,1.6074
8709,12,103,8.58,6.7,0,corps,6.518377032270467,1.9563
8710,28,224,8.00,13.8,0,corps,6.517118158499,1.7559
8711,37,344,9.30,17.8,0,corps,6.515859914007087,1.3327
8712,31,290,9.35,15.1,0,corps,6.514602298480167,1.5421
8713,50,573,11.46,23.6,0,corps,6.513345311603834,1.2643
8714,34,363,10.68,16.4,0,corps,6.51208895306384,1.6962
8715,17,153,9.00,8.9,0,corps,6.510833222546099,1.2773
8716,26,252,9.69,12.9,0,corps,6.509578119736677,1.4308
8717,19,153,8.05,9.8,0,corps,6.508323644321795,1.5766
8718,26,243,9.35,12.9,0,corps,6.5070697959878405,1.2184
8719,16,134,8.38,8.4,0,corps,6.505816574421347,1.6956
8720,46,429,9.33,21.8,0,corps,6.50456397930901,1.5205
8721,52,576,11.08,24.4,0,corps,6.50331201033768,1.4914
8722,40,304,7.60,19.1,0,corps,6.5020606671943675,1.9248
8723,44,441,10.02,20.9,0,corps,6.500809949566233,1.4759
8724,33,349,10.58,16.0,0,corps,6.499559857140601,1.3871
8725,22,195,8.86,11.1,0,corps,6.498310389604946,1.3498
8726,28,272,9.71,13.8,0,corps,6.497061546646899,1.3683
8727,32,295,9.22,15.6,0,corps,6.495813327954253,1.8173
8728,34,333,9.79,16.4,0,corps,6.494565733214953,1.4453
8729,59,745,12.63,27.6,0,corps,6.4933187621171005,1.4263
8730,53,582,10.98,24.9,0,corps,6.4920724143489466,1.8524
8731,29,263,9.07,14.2,0,corps,6.490826689598913,1.9389
8732,28,221,7.89,13.8,0,corps,6.489581587555565,2.2635
8733,15,103,6.87,8.0,0,corps,6.488337107907624,2.8842
8734,61,697,11.43,28.4,0,corps,6.487093250343976,1.6935
8735,33,300,9.09,16.0,0,corps,6.485850014553653,1.8479
8736,36,324,9.00,17.3,0,corps,6.484607400225845,1.8142
8737,19,182,9.58,9.8,0,corps,6.483365407049901,1.5314
8738,47,533,11.34,22.2,0,corps,6.482124034715323,1.7928
8739,58,584,10.07,27.1,0,corps,6.480883282911763,1.7618
8740,9,76,8.44,5.3,0,corps,6.479643151329039,1.8373
8741,28,250,8.93,13.8,0,corps,6.478403639657117,1.6961
8742,29,281,9.69,14.2,0,corps,6.477164747586114,1.4788
8743,29,329,11.34,14.2,0,corps,6.475926474806315,1.5501
8744,36,355,9.86,17.3,0,corps,6.474688821008147,1.6516
8745,41,412,10.05,19.6,0,corps,6.4734517858821965,1.4537
8746,13,127,9.77,7.1,0,corps,6.472215369119202,1.8401
8747,51,468,9.18,24.0,0,corps,6.470979570410068,1.8887
8748,4,31,7.75,3.1,0,corps,6.469744389445836,3.8434
8749,29,256,8.83,14.2,0,corps,6.468509825917715,1.7060
8750,58,649,11.19,27.1,0,corps,6.4672758795170635,2.2198
8751,20,181,9.05,10.2,0,corps,6.466042549935396,1.3976
8752,28,296,10.57,13.8,0,corps,6.464809836864376,1.3601
8753,30,305,10.17,14.7,0,corps,6.463577739995829,1.4738
8754,38,422,11.11,18.2,0,corps,6.462346259021732,1.4671
8755,16,147,9.19,8.4,0,corps,6.461115393634209,1.3707
8756,58,678,11.69,27.1,0,corps,6.459885143525551,1.6809
8757,42,424,10.10,20.0,0,corps,6.4586555083881905,2.0177
8758,39,369,9.46,18.7,0,corps,6.457426487914719,1.7183
8759,33,289,8.76,16.0,0,corps,6.456198081797881,1.6284
8760,40,395,9.88,19.1,0,corps,6.45497028973058,1.4235
8761,18,187,10.39,9.3,0,corps,6.453743111405863,1.3853
8762,50,493,9.86,23.6,0,corps,6.452516546516934,1.7671
8763,37,350,9.46,17.8,0,corps,6.451290594757156,2.0069
8764,23,232,10.09,11.6,0,corps,6.450065255820041,1.1979
8765,60,835,13.92,28.0,0,corps,6.4488405293992495,1.3019
8766,50,539,10.78,23.6,0,corps,6.447616415188606,1.7436
8767,37,388,10.49,17.8,0,corps,6.446392912882078,1.5270
8768,48,573,11.94,22.7,0,corps,6.445170022173789,1.7380
8769,61,730,11.97,28.4,0,corps,6.443947742758022,1.6500
8770,22,173,7.86,11.1,0,corps,6.442726074329203,2.2763
8771,21,177,8.43,10.7,0,corps,6.441505016581911,1.9526
8772,20,187,9.35,10.2,0,corps,6.44028456921089,1.6211
8773,73,869,11.90,33.8,0,corps,6.4390647319110235,1.5554
8774,32,321,10.03,15.6,0,corps,6.437845504377353,1.3555
8775,12,127,10.58,6.7,0,corps,6.436626886305068,1.6718
8776,32,310,9.69,15.6,0,corps,6.43540887738952,1.5339
8777,28,279,9.96,13.8,0,corps,6.434191477326205,1.9827
8778,33,302,9.15,16.0,0,corps,6.432974685810769,1.8925
8779,31,330,10.65,15.1,0,corps,6.431758502539019,1.4951
8780,45,401,8.91,21.3,0,corps,6.430542927206908,1.6309
8781,48,490,10.21,22.7,0,corps,6.429327959510539,1.6059
8782,30,283,9.43,14.7,0,corps,6.428113599146175,1.9959
8783,35,306,8.74,16.9,0,corps,6.426899845810222,1.8849
8784,42,422,10.05,20.0,0,corps,6.425686699199243,1.6044
8785,16,170,10.62,8.4,0,corps,6.424474159009952,3.2789
8786,48,490,10.21,22.7,0,corps,6.423262224939213,1.8791
8787,32,259,8.09,15.6,0,corps,6.422050896684042,2.0215
8788,49,462,9.43,23.1,0,corps,6.420840173941611,1.4292
8789,35,338,9.66,16.9,0,corps,6.419630056409234,1.7841
8790,16,121,7.56,8.4,0,corps,6.418420543784384,1.6797
8791,49,490,10.00,23.1,0,corps,6.417211635764682,1.5577
8792,26,233,8.96,12.9,0,corps,6.416003332047902,1.4174
8793,41,360,8.78,19.6,0,corps,6.414795632331968,2.0005
8794,46,428,9.30,21.8,0,corps,6.413588536314953,1.6030
8795,41,424,10.34,19.6,0,corps,6.412382043695086,1.7222
8796,53,501,9.45,24.9,0,corps,6.411176154170743,1.5436
8797,51,557,10.92,24.0,0,corps,6.409970867440448,1.7986
8798,34,320,9.41,16.4,0,corps,6.408766183202887,1.7568
8799,43,458,10.65,20.4,0,corps,6.407562101156882,1.8305
8800,36,330,9.17,17.3,0,corps,6.406358621001414,1.5571
8801,26,268,10.31,12.9,0,corps,6.405155742435616,1.3447
8802,55,551,10.02,25.8,0,corps,6.403953465158765,1.6490
8803,21,184,8.76,10.7,0,corps,6.402751788870291,1.7068
8804,39,400,10.26,18.7,0,corps,6.401550713269779,1.6871
8805,60,711,11.85,28.0,0,corps,6.400350238056958,1.7362
8806,24,212,8.83,12.0,0,corps,6.399150362931709,2.0256
8807,54,591,10.94,25.3,0,corps,6.39795108759406,1.6093
8808,46,552,12.00,21.8,0,corps,6.3967524117442,1.7698
8809,53,549,10.36,24.9,0,corps,6.395554335082454,1.6727
8810,48,546,11.38,22.7,0,corps,6.394356857309301,1.5401
8811,7,76,10.86,4.4,0,corps,6.393159978125378,1.2257
8812,52,594,11.42,24.4,0,corps,6.391963697231462,1.5765
8813,32,278,8.69,15.6,0,corps,6.390768014328481,1.6658
8814,46,411,8.93,21.8,0,corps,6.389572929117518,1.6675
8815,56,567,10.12,26.2,0,corps,6.3883784412998,1.5296
8816,37,382,10.32,17.8,0,corps,6.387184550576701,1.6913
8817,61,628,10.30,28.4,0,corps,6.385991256649756,1.5241
8818,46,482,10.48,21.8,0,corps,6.384798559220636,1.6688
8819,15,139,9.27,8.0,0,corps,6.383606457991167,1.2885
8820,49,526,10.73,23.1,0,corps,6.382414952663328,1.4862
8821,42,451,10.74,20.0,0,corps,6.3812240429392375,1.5636
8822,36,362,10.06,17.3,0,corps,6.3800337285211715,1.6701
8823,32,309,9.66,15.6,0,corps,6.378844009111548,1.4900
8824,42,460,10.95,20.0,0,corps,6.377654884412941,1.4967
8825,39,354,9.08,18.7,0,corps,6.376466354128067,1.6846
8826,31,247,7.97,15.1,0,corps,6.375278417959793,1.6397
8827,46,483,10.50,21.8,0,corps,6.374091075611137,1.6423
8828,49,490,10.00,23.1,0,corps,6.372904326785263,1.6628
8829,42,414,9.86,20.0,0,corps,6.37171817118548,1.3801
8830,35,317,9.06,16.9,0,corps,6.370532608515254,1.4518
8831,29,288,9.93,14.2,0,corps,6.369347638478192,1.5418
8832,25,179,7.16,12.4,0,corps,6.3681632607780525,1.8429
8833,17,142,8.35,8.9,0,corps,6.366979475118742,1.5532
8834,52,572,11.00,24.4,0,corps,6.365796281204311,1.7768
8835,12,104,8.67,6.7,0,corps,6.364613678738962,2.2423
8836,31,311,10.03,15.1,0,corps,6.3634316674270455,2.0809
8837,41,391,9.54,19.6,0,corps,6.362250246973058,1.4693
8838,27,250,9.26,13.3,0,corps,6.361069417081647,1.8672
8839,37,398,10.76,17.8,0,corps,6.359889177457599,2.0410
8840,24,204,8.50,12.0,0,corps,6.35870952780586,1.9014
8841,39,445,11.41,18.7,0,corps,6.357530467831515,1.6023
8842,25,219,8.76,12.4,0,corps,6.356351997239797,2.0666
8843,38,368,9.68,18.2,0,corps,6.355174115736093,1.8913
8844,50,542,10.84,23.6,0,corps,6.35399682302593,1.7607
8845,57,653,11.46,26.7,0,corps,6.352820118814984,2.2453
8846,48,498,10.38,22.7,0,corps,6.35164400280908,1.5763
8847,22,213,9.68,11.1,0,corps,6.35046847471419,1.9061
8848,62,592,9.55,28.9,0,corps,6.349293534236429,1.7102
8849,42,412,9.81,20.0,0,corps,6.348119181082065,2.5896
8850,36,334,9.28,17.3,0,corps,6.34694541495751,1.7947
8851,48,520,10.83,22.7,0,corps,6.345772235569318,1.7379
8852,29,275,9.48,14.2,0,corps,6.344599642624199,1.8516
8853,20,197,9.85,10.2,0,corps,6.343427635829004,3.2778
8854,37,428,11.57,17.8,0,corps,6.342256214890729,1.6432
8855,49,466,9.51,23.1,0,corps,6.341085379516517,1.7818
8856,24,209,8.71,12.0,0,corps,6.339915129413666,1.6680
8857,28,262,9.36,13.8,0,corps,6.33874546428961,1.6941
8858,47,438,9.32,22.2,0,corps,6.337576383851928,1.9611
8859,44,416,9.45,20.9,0,corps,6.336407887808357,1.8988
8860,28,265,9.46,13.8,0,corps,6.335239975866772,1.7861
8861,46,472,10.26,21.8,0,corps,6.334072647735188,1.5748
8862,30,269,8.97,14.7,0,corps,6.332905903121781,1.7039
8863,47,524,11.15,22.2,0,corps,6.331739741734863,1.8100
8864,49,435,8.88,23.1,0,corps,6.33057416328289,1.8917
8865,41,448,10.93,19.6,0,corps,6.329409167474473,1.7118
8866,22,191,8.68,11.1,0,corps,6.328244754018359,1.8832
8867,15,126,8.40,8.0,0,corps,6.327080922623443,1.9819
8868,36,318,8.83,17.3,0,corps,6.325917672998773,1.8223
8869,20,176,8.80,10.2,0,corps,6.324755004853532,2.4051
8870,40,326,8.15,19.1,0,corps,6.323592917897056,1.9246
8871,33,279,8.45,16.0,0,corps,6.322431411838818,2.5441
8872,17,138,8.12,8.9,0,corps,6.321270486388447,2.0451
8873,28,244,8.71,13.8,0,corps,6.320110141255711,1.9540
8874,9,75,8.33,5.3,0,corps,6.31895037615052,1.6765
8875,38,382,10.05,18.2,0,corps,6.317791190782937,1.9032
8876,46,397,8.63,21.8,0,corps,6.3166325848631635,1.9749
8877,33,264,8.00,16.0,0,corps,6.315474558101547,2.1345
8878,2,17,8.50,2.2,0,corps,6.3143171102085835,2.5581
8879,37,353,9.54,17.8,0,corps,6.313160240894911,1.9562
8880,30,299,9.97,14.7,0,corps,6.312003949871306,1.7049
8881,49,466,9.51,23.1,0,corps,6.310848236848704,1.8708
8882,69,776,11.25,32.0,0,corps,6.309693101538174,1.8158
8883,21,180,8.57,10.7,0,corps,6.308538543650929,1.7267
8884,24,199,8.29,12.0,0,corps,6.307384562898333,1.8294
8885,34,383,11.26,16.4,0,corps,6.30623115899189,1.5764
8886,65,705,10.85,30.2,0,corps,6.305078331643249,1.5994
8887,58,730,12.59,27.1,0,corps,6.303926080564201,1.4908
8888,33,272,8.24,16.0,0,corps,6.302774405466686,2.0374
8889,46,497,10.80,21.8,0,corps,6.301623306062787,1.7827
8890,46,464,10.09,21.8,0,corps,6.300472782064722,1.6889
8891,8,90,11.25,4.9,0,corps,6.299322833184867,1.8967
8892,67,812,12.12,31.1,0,corps,6.298173459135733,1.7532
8893,47,477,10.15,22.2,0,corps,6.297024659629974,1.7093
8894,43,418,9.72,20.4,0,corps,6.295876434380393,1.8106
8895,22,207,9.41,11.1,0,corps,6.294728783099934,1.5704
8896,46,445,9.67,21.8,0,corps,6.293581705501679,2.0679
8897,40,388,9.70,19.1,0,corps,6.292435201298866,1.7532
8898,42,449,10.69,20.0,0,corps,6.291289270204864,1.6640
8899,60,698,11.63,28.0,0,corps,6.290143911933191,1.7774
8900,29,230,7.93,14.2,0,corps,6.288999126197506,2.1683
8901,32,311,9.72,15.6,0,corps,6.287854912711619,1.4778
8902,38,344,9.05,18.2,0,corps,6.286711271189469,1.9665
8903,58,764,13.17,27.1,0,corps,6.285568201345148,1.7570
8904,29,294,10.14,14.2,0,corps,6.284425702892891,1.6682
8905,50,511,10.22,23.6,0,corps,6.283283775547072,2.0020
8906,15,143,9.53,8.0,0,corps,6.282142419022206,1.1337
8907,9,68,7.56,5.3,0,corps,6.281001633032959,2.6573
8908,59,728,12.34,27.6,0,corps,6.279861417294133,1.8072
8909,31,316,10.19,15.1,0,corps,6.2787217715206705,2.0146
8910,14,142,10.14,7.6,0,corps,6.2775826954276654,1.3970
8911,48,469,9.77,22.7,0,corps,6.276444188730346,1.5054
8912,28,304,10.86,13.8,0,corps,6.275306251144082,1.7605
8913,37,373,10.08,17.8,0,corps,6.274168882384395,1.8043
8914,45,511,11.36,21.3,0,corps,6.273032082166942,1.8949
8915,65,672,10.34,30.2,0,corps,6.271895850207521,1.7216
8916,40,393,9.82,19.1,0,corps,6.270760186222072,1.4886
8917,26,244,9.38,12.9,0,corps,6.2696250899266825,2.1594
8918,43,393,9.14,20.4,0,corps,6.268490561037578,1.6602
8919,30,246,8.20,14.7,0,corps,6.267356599271123,1.7660
8920,38,357,9.39,18.2,0,corps,6.2662232043438335,1.6883
8921,58,691,11.91,27.1,0,corps,6.265090375972355,1.6185
8922,41,419,10.22,19.6,0,corps,6.263958113873482,1.5582
8923,27,245,9.07,13.3,0,corps,6.26282641776415,1.4948
8924,22,190,8.64,11.1,0,corps,6.261695287361434,1.2908
8925,14,116,8.29,7.6,0,corps,6.26056472238255,1.5771
8926,38,339,8.92,18.2,0,corps,6.25943472254486,1.3066
8927,35,315,9.00,16.9,0,corps,6.258305287565863,1.6683
8928,46,500,10.87,21.8,0,corps,6.257176417163198,1.6984
8929,33,317,9.61,16.0,0,corps,6.256048111054651,1.2562
8930,66,755,11.44,30.7,0,corps,6.254920368958142,1.5122
8931,46,476,10.35,21.8,0,corps,6.253793190591739,1.3645
8932,14,126,9.00,7.6,0,corps,6.252666575673642,1.7861
8933,51,522,10.24,24.0,0,corps,6.251540523922203,1.3109
8934,19,171,9.00,9.8,0,corps,6.250415035055906,1.2587
8935,12,94,7.83,6.7,0,corps,6.249290108793379,1.8573
8936,23,230,10.00,11.6,0,corps,6.2481657448533925,1.6513
8937,34,336,9.88,16.4,0,corps,6.247041942954853,1.4268
8938,69,774,11.22,32.0,0,corps,6.24591870281681,1.8152
8939,29,281,9.69,14.2,0,corps,6.244796024158456,1.6153
8940,32,259,8.09,15.6,0,corps,6.24367390669912,1.4868
8941,27,244,9.04,13.3,0,corps,6.2425523501582685,1.5763
8942,34,340,10.00,16.4,0,corps,6.24143135425552,2.0306
8943,27,222,8.22,13.3,0,corps,6.240310918710621,1.5242
8944,13,106,8.15,7.1,0,corps,6.239191043243462,1.9740
8945,29,224,7.72,14.2,0,corps,6.238071727574078,2.1386
8946,50,547,10.94,23.6,0,corps,6.236952971422636,1.5259
8947,67,967,14.43,31.1,0,corps,6.235834774509451,1.4645
8948,41,421,10.27,19.6,0,corps,6.234717136554967,1.7629
8949,63,773,12.27,29.3,0,corps,6.233600057279781,1.6024
8950,18,166,9.22,9.3,0,corps,6.232483536404622,1.8516
8951,58,608,10.48,27.1,0,corps,6.231367573650356,1.8708
8952,51,490,9.61,24.0,0,corps,6.230252168737997,1.7214
8953,23,203,8.83,11.6,0,corps,6.229137321388692,1.9693
8954,58,664,11.45,27.1,0,corps,6.228023031323728,1.7287
8955,22,170,7.73,11.1,0,corps,6.226909298264534,1.7770
8956,47,515,10.96,22.2,0,corps,6.225796121932676,1.7601
8957,35,332,9.49,16.9,0,corps,6.224683502049859,1.7648
8958,20,194,9.70,10.2,0,corps,6.22357143833793,1.3509
8959,20,151,7.55,10.2,0,corps,6.222459930518872,1.6610
8960,35,311,8.89,16.9,0,corps,6.221348978314808,1.8656
8961,37,371,10.03,17.8,0,corps,6.220238581448001,1.6174
8962,25,250,10.00,12.4,0,corps,6.219128739640851,1.8420
8963,56,610,10.89,26.2,0,corps,6.218019452615898,1.8458
8964,42,394,9.38,20.0,0,corps,6.216910720095817,1.8615
8965,33,290,8.79,16.0,0,corps,6.21580254180343,1.5632
8966,53,505,9.53,24.9,0,corps,6.2146949174616894,1.8116
8967,39,373,9.56,18.7,0,corps,6.213587846793689,1.7378
8968,59,726,12.31,27.6,0,corps,6.212481329522662,1.5600
8969,58,713,12.29,27.1,0,corps,6.211375365371981,1.4628
8970,41,414,10.10,19.6,0,corps,6.210269954065149,1.6140
8971,66,651,9.86,30.7,0,corps,6.20916509532582,1.7055
8972,30,324,10.80,14.7,0,corps,6.208060788877776,1.6510
8973,35,358,10.23,16.9,0,corps,6.206957034444939,1.4499
8974,9,53,5.89,5.3,0,corps,6.205853831751373,3.7229
8975,38,398,10.47,18.2,0,corps,6.204751180521279,1.8624
8976,26,232,8.92,12.9,0,corps,6.203649080478987,1.7750
8977,30,282,9.40,14.7,0,corps,6.20254753134898,1.7711
8978,54,654,12.11,25.3,0,corps,6.201446532855867,1.6152
8979,34,324,9.53,16.4,0,corps,6.200346084724398,1.5329
8980,34,362,10.65,16.4,0,corps,6.199246186679461,1.8978
8981,56,703,12.55,26.2,0,corps,6.198146838446082,1.4682
8982,30,344,11.47,14.7,0,corps,6.1970480397494265,1.5161
8983,19,162,8.53,9.8,0,corps,6.195949790314789,2.1285
8984,40,415,10.38,19.1,0,corps,6.194852089867613,1.5796
8985,61,705,11.56,28.4,0,corps,6.19375493813347,1.6637
8986,16,121,7.56,8.4,0,corps,6.192658334838072,1.6996
8987,39,365,9.36,18.7,0,corps,6.19156227970727,1.8265
8988,29,283,9.76,14.2,0,corps,6.190466772467051,1.7921
8989,21,159,7.57,10.7,0,corps,6.189371812843533,2.0576
8990,50,529,10.58,23.6,0,corps,6.188277400562983,1.2439
8991,11,98,8.91,6.2,0,corps,6.187183535351794,1.8224
8992,14,120,8.57,7.6,0,corps,6.186090216936497,1.4274
8993,23,193,8.39,11.6,0,corps,6.184997445043769,1.7527
8994,31,282,9.10,15.1,0,corps,6.183905219400414,1.3060
8995,26,217,8.35,12.9,0,corps,6.182813539733374,1.7430
8996,18,184,10.22,9.3,0,corps,6.181722405769729,1.3653
8997,24,215,8.96,12.0,0,corps,6.180631817236698,1.7087
8998,35,281,8.03,16.9,0,corps,6.179541773861634,1.6910
8999,37,344,9.30,17.8,0,corps,6.178452275372022,1.5994
9000,43,453,10.53,20.4,0,corps,6.177363321495492,1.6373
9001,31,308,9.94,15.1,0,corps,6.176274911959805,1.8796
9002,27,227,8.41,13.3,0,corps,6.175187046492854,2.0025
9003,48,443,9.23,22.7,0,corps,6.174099724822677,1.7718
9004,34,328,9.65,16.4,0,corps,6.173012946677445,2.0516
9005,52,543,10.44,24.4,0,corps,6.171926711785457,2.0188
9006,15,137,9.13,8.0,0,corps,6.170841019875162,1.9279
9007,10,83,8.30,5.8,0,corps,6.169755870675131,2.3978
9008,50,566,11.32,23.6,0,corps,6.1686712639140815,1.7133
9009,23,204,8.87,11.6,0,corps,6.167587199320855,2.1020
9010,21,188,8.95,10.7,0,corps,6.166503676624443,2.1642
9011,78,1012,12.97,36.0,0,corps,6.165420695553961,1.6720
9012,36,355,9.86,17.3,0,corps,6.164338255838662,1.7939
9013,44,389,8.84,20.9,0,corps,6.163256357207941,2.1937
9014,39,383,9.82,18.7,0,corps,6.16217499939132,1.8772
9015,43,385,8.95,20.4,0,corps,6.161094182118458,2.0442
9016,45,527,11.71,21.3,0,corps,6.160013905119155,1.7170
9017,33,320,9.70,16.0,0,corps,6.1589341681233405,1.9300
9018,21,212,10.10,10.7,0,corps,6.1578549708610755,1.5337
9019,66,808,12.24,30.7,0,corps,6.156776313062568,1.7474
9020,24,208,8.67,12.0,0,corps,6.155698194458148,1.7701
9021,49,447,9.12,23.1,0,corps,6.154620614778287,1.7061
9022,26,274,10.54,12.9,0,corps,6.153543573753593,1.4286
9023,19,165,8.68,9.8,0,corps,6.152467071114804,1.1000
9024,43,489,11.37,20.4,0,corps,6.151391106592794,1.4745
9025,26,183,7.04,12.9,0,corps,6.150315679918569,1.7733
9026,70,806,11.51,32.4,0,corps,6.149240790823278,1.5556
9027,26,239,9.19,12.9,0,corps,6.148166439038196,1.7339
9028,38,392,10.32,18.2,0,corps,6.147092624294732,2.0574
9029,61,800,13.11,28.4,0,corps,6.146019346324438,1.6771
9030,46,461,10.02,21.8,0,corps,6.144946604858992,1.7081
9031,71,816,11.49,32.9,0,corps,6.143874399630206,1.4362
9032,17,129,7.59,8.9,0,corps,6.1428027303700325,1.6172
9033,45,416,9.24,21.3,0,corps,6.141731596810554,1.6792
9034,49,441,9.00,23.1,0,corps,6.140660998683983,1.5841
9035,34,323,9.50,16.4,0,corps,6.139590935722675,1.8054
9036,21,163,7.76,10.7,0,corps,6.138521407659112,2.1552
9037,32,292,9.12,15.6,0,corps,6.137452414225909,1.7218
9038,42,450,10.71,20.0,0,corps,6.136383955155825,2.5168
9039,47,538,11.45,22.2,0,corps,6.135316030181739,1.3809
9040,26,253,9.73,12.9,0,corps,6.134248639036673,1.5136
9041,54,557,10.31,25.3,0,corps,6.133181781453775,1.6162
9042,28,263,9.39,13.8,0,corps,6.132115457166335,1.3909
9043,34,335,9.85,16.4,0,corps,6.131049665907772,1.3663
9044,8,63,7.88,4.9,0,corps,6.129984407411633,1.2368
9045,37,348,9.41,17.8,0,corps,6.12891968141161,1.7440
9046,29,262,9.03,14.2,0,corps,6.127855487641518,2.2901
9047,26,237,9.12,12.9,0,corps,6.126791825835307,1.5251
9048,27,215,7.96,13.3,0,corps,6.125728695727066,1.4929
9049,58,658,11.34,27.1,0,corps,6.124666097051009,1.3927
9050,30,333,11.10,14.7,0,corps,6.123604029541486,1.4708
9051,54,553,10.24,25.3,0,corps,6.1225424929329835,1.8867
9052,59,628,10.64,27.6,0,corps,6.121481486960115,1.4553
9053,39,404,10.36,18.7,0,corps,6.120421011357627,1.7977
9054,39,460,11.79,18.7,0,corps,6.119361065860406,1.5063
9055,37,341,9.22,17.8,0,corps,6.1183016502034615,2.0302
9056,20,162,8.10,10.2,0,corps,6.117242764121941,1.3840
9057,27,283,10.48,13.3,0,corps,6.1161844073511205,1.6955
9058,7,54,7.71,4.4,0,corps,6.1151265796264145,4.4415
9059,42,404,9.62,20.0,0,corps,6.114069280683365,1.5362
9060,33,295,8.94,16.0,0,corps,6.1130125102576445,1.5641
9061,25,227,9.08,12.4,0,corps,6.1119562680850645,1.7789
9062,22,200,9.09,11.1,0,corps,6.110900553901562,1.6365
9063,43,397,9.23,20.4,0,corps,6.109845367443207,1.7890
9064,26,214,8.23,12.9,0,corps,6.108790708446208,2.0024
9065,35,308,8.80,16.9,0,corps,6.1077365766468965,1.8146
9066,29,286,9.86,14.2,0,corps,6.106682971781738,1.5203
9067,58,648,11.17,27.1,0,corps,6.105629893587336,1.6395
9068,57,778,13.65,26.7,0,corps,6.104577341800417,1.5896
9069,42,457,10.88,20.0,0,corps,6.103525316157844,1.8576
9070,51,567,11.12,24.0,0,corps,6.102473816396612,1.5967
9071,44,447,10.16,20.9,0,corps,6.101422842253845,1.5935
9072,26,247,9.50,12.9,0,corps,6.1003723934668,1.4034
9073,61,629,10.31,28.4,0,corps,6.099322469772862,1.6860
9074,14,104,7.43,7.6,0,corps,6.0982730709095545,1.7624
9075,27,272,10.07,13.3,0,corps,6.097224196614526,1.9456
9076,39,408,10.46,18.7,0,corps,6.096175846625555,1.8599
9077,43,430,10.00,20.4,0,corps,6.095128020680559,1.5088
9078,28,286,10.21,13.8,0,corps,6.094080718517579,1.5131
9079,32,340,10.62,15.6,0,corps,6.093033939874787,1.3113
9080,26,201,7.73,12.9,0,corps,6.091987684490493,1.7271
9081,41,402,9.80,19.6,0,corps,6.090941952103132,1.6923
9082,43,398,9.26,20.4,0,corps,6.089896742451267,1.6146
9083,10,110,11.00,5.8,0,corps,6.088852055273601,1.4277
9084,37,330,8.92,17.8,0,corps,6.087807890308959,1.7220
9085,29,284,9.79,14.2,0,corps,6.086764247296299,1.5988
9086,41,401,9.78,19.6,0,corps,6.085721125974714,1.5985
9087,34,367,10.79,16.4,0,corps,6.084678526083421,1.8614
9088,83,1340,16.14,38.2,0,corps,6.08363644736177,1.7119
9089,22,212,9.64,11.1,0,corps,6.082594889549239,2.0454
9090,13,95,7.31,7.1,0,corps,6.081553852385444,1.9852
9091,39,395,10.13,18.7,0,corps,6.080513335610124,2.0829
9092,21,187,8.90,10.7,0,corps,6.079473338963147,2.0535
9093,24,232,9.67,12.0,0,corps,6.078433862184515,1.7254
9094,31,287,9.26,15.1,0,corps,6.077394905014361,1.5480
9095,48,476,9.92,22.7,0,corps,6.076356467192942,2.0722
9096,32,245,7.66,15.6,0,corps,6.075318548460653,1.5567
9097,48,525,10.94,22.7,0,corps,6.074281148558011,1.4146
9098,38,318,8.37,18.2,0,corps,6.0732442672256655,2.0359
9099,29,244,8.41,14.2,0,corps,6.0722079042044,2.1875
9100,29,271,9.34,14.2,0,corps,6.071172059235121,1.9205
9101,40,372,9.30,19.1,0,corps,6.070136732058865,1.7727
9102,55,525,9.55,25.8,0,corps,6.069101922416806,1.7638
9103,41,396,9.66,19.6,0,corps,6.068067630050236,1.6647
9104,26,226,8.69,12.9,0,corps,6.067033854700587,1.8717
9105,55,605,11.00,25.8,0,corps,6.06600059610941,1.8653
9106,15,152,10.13,8.0,0,corps,6.064967854018393,1.3904
9107,30,261,8.70,14.7,0,corps,6.063935628169351,1.7797
9108,47,556,11.83,22.2,0,corps,6.062903918304226,1.6514
9109,29,323,11.14,14.2,0,corps,6.0618727241650925,2.1427
9110,21,183,8.71,10.7,0,corps,6.060842045494151,1.7808
9111,68,687,10.10,31.6,0,corps,6.0598118820337294,1.6243
9112,66,724,10.97,30.7,0,corps,6.058782233526291,1.3850
9113,19,170,8.95,9.8,0,corps,6.0577530997144216,2.0422
9114,22,192,8.73,11.1,0,corps,6.056724480340836,1.9926
9115,41,411,10.02,19.6,0,corps,6.055696375148383,1.7162
9116,14,140,10.00,7.6,0,corps,6.054668783880035,1.7797
9117,55,686,12.47,25.8,0,corps,6.053641706278891,1.6655
9118,32,311,9.72,15.6,0,corps,6.052615142088187,1.9274
9119,78,925,11.86,36.0,0,corps,6.051589091051278,1.9291
9120,38,347,9.13,18.2,0,corps,6.050563552911653,2.2613
9121,69,806,11.68,32.0,0,corps,6.049538527412926,1.8225
9122,50,447,8.94,23.6,0,corps,6.048514014298842,1.9281
9123,43,394,9.16,20.4,0,corps,6.047490013313273,1.8476
9124,81,1103,13.62,37.3,0,corps,6.046466524200217,1.5293
9125,25,253,10.12,12.4,0,corps,6.045443546703804,1.6633
9126,59,634,10.75,27.6,0,corps,6.044421080568287,1.5156
9127,35,346,9.89,16.9,0,corps,6.04339912553805,1.6110
9128,50,584,11.68,23.6,0,corps,6.042377681357607,1.4125
9129,29,314,10.83,14.2,0,corps,6.041356747771594,1.6035
9130,31,304,9.81,15.1,0,corps,6.0403363245247785,1.5868
9131,28,240,8.57,13.8,0,corps,6.039316411362054,1.6746
9132,59,608,10.31,27.6,0,corps,6.0382970080284455,1.4739
9133,30,270,9.00,14.7,0,corps,6.037278114269099,1.5824
9134,59,612,10.37,27.6,0,corps,6.036259729829289,1.4119
9135,25,221,8.84,12.4,0,corps,6.035241854454425,1.7085
9136,50,577,11.54,23.6,0,corps,6.034224487890034,1.3783
9137,21,200,9.52,10.7,0,corps,6.033207629881774,1.5202
9138,65,753,11.58,30.2,0,corps,6.032191280175434,1.4615
9139,52,571,10.98,24.4,0,corps,6.031175438516925,1.4355
9140,59,565,9.58,27.6,0,corps,6.030160104652285,1.6779
9141,16,111,6.94,8.4,0,corps,6.029145278327682,1.9567
9142,28,249,8.89,13.8,0,corps,6.02813095928941,1.7397
9143,56,562,10.04,26.2,0,corps,6.027117147283886,1.4497
9144,31,287,9.26,15.1,0,corps,6.026103842057663,1.7297
9145,26,236,9.08,12.9,0,corps,6.025091043357409,1.4550
9146,52,532,10.23,24.4,0,corps,6.024078750929926,1.8379
9147,41,422,10.29,19.6,0,corps,6.023066964522142,1.6250
9148,20,157,7.85,10.2,0,corps,6.02205568388111,1.8377
9149,32,307,9.59,15.6,0,corps,6.02104490875401,1.5438
9150,48,420,8.75,22.7,0,corps,6.020034638888146,2.0658
9151,30,295,9.83,14.7,0,corps,6.019024874030952,1.6653
9152,43,423,9.84,20.4,0,corps,6.018015613929989,1.7144
9153,31,249,8.03,15.1,0,corps,6.0170068583329375,1.7223
9154,20,185,9.25,10.2,0,corps,6.015998606987614,1.4834
9155,83,1285,15.48,38.2,0,corps,6.0149908596419515,1.4637
9156,10,92,9.20,5.8,0,corps,6.013983616044014,1.5894
9157,35,310,8.86,16.9,0,corps,6.012976875941992,1.4877
9158,59,770,13.05,27.6,0,corps,6.011970639084198,1.5841
9159,33,365,11.06,16.0,0,corps,6.010964905219074,1.6595
9160,40,425,10.62,19.1,0,corps,6.009959674095189,1.3255
9161,17,184,10.82,8.9,0,corps,6.008954945461232,1.9311
9162,19,171,9.00,9.8,0,corps,6.00795071906602,1.8824
9163,39,351,9.00,18.7,0,corps,6.006946994658501,1.8458
9164,68,901,13.25,31.6,0,corps,6.00594377198774,1.6786
9165,66,803,12.17,30.7,0,corps,6.004941050802932,1.5993
9166,31,324,10.45,15.1,0,corps,6.0039388308533965,1.5484
9167,33,298,9.03,16.0,0,corps,6.002937111888581,2.1095
9168,43,443,10.30,20.4,0,corps,6.001935893658054,1.6366
9169,46,455,9.89,21.8,0,corps,6.000935175911509,1.6262
9170,38,375,9.87,18.2,0,corps,5.999934958398769,1.5273
9171,15,121,8.07,8.0,0,corps,5.9989352408697805,1.9478
9172,57,580,10.18,26.7,0,corps,5.99793602307461,1.7866
9173,36,304,8.44,17.3,0,corps,5.996937304763458,1.7964
9174,24,229,9.54,12.0,0,corps,5.995939085686642,1.5031
9175,50,579,11.58,23.6,0,corps,5.994941365594606,1.5097
9176,24,231,9.62,12.0,0,corps,5.993944144237924,1.7306
9177,63,601,9.54,29.3,0,corps,5.992947421367288,1.5859
9178,36,381,10.58,17.3,0,corps,5.991951196733517,1.4765
9179,50,576,11.52,23.6,0,corps,5.990955470087556,1.5034
9180,20,167,8.35,10.2,0,corps,5.989960241180474,1.5762
9181,32,322,10.06,15.6,0,corps,5.988965509763462,1.4251
9182,41,414,10.10,19.6,0,corps,5.987971275587836,1.7640
9183,19,148,7.79,9.8,0,corps,5.986977538405041,1.9724
9184,37,313,8.46,17.8,0,corps,5.985984297966642,1.9303
9185,25,209,8.36,12.4,0,corps,5.984991554024324,1.9160
9186,49,475,9.69,23.1,0,corps,5.983999306329908,1.6115
9187,45,409,9.09,21.3,0,corps,5.983007554635329,1.8180
9188,30,245,8.17,14.7,0,corps,5.982016298692646,1.7177
9189,56,596,10.64,26.2,0,corps,5.981025538254052,1.4979
9190,29,248,8.55,14.2,0,corps,5.980035273071851,2.0144
9191,40,394,9.85,19.1,0,corps,5.979045502898478,1.6418
9192,65,796,12.25,30.2,0,corps,5.9780562274864915,1.5640
9193,25,225,9.00,12.4,0,corps,5.977067446588573,1.5839
9194,32,278,8.69,15.6,0,corps,5.976079159957525,1.6267
9195,40,338,8.45,19.1,0,corps,5.975091367346279,1.9194
9196,10,60,6.00,5.8,0,corps,5.9741040685078834,2.9510
9197,61,635,10.41,28.4,0,corps,5.973117263195517,1.6411
9198,51,472,9.25,24.0,0,corps,5.972130951162475,1.3898
9199,29,253,8.72,14.2,0,corps,5.9711451321621825,1.5404
9200,61,646,10.59,28.4,0,corps,5.9701598059481835,1.6677
9201,49,420,8.57,23.1,0,corps,5.969174972274143,1.4936
9202,56,633,11.30,26.2,0,corps,5.968190630893859,1.6275
9203,30,282,9.40,14.7,0,corps,5.967206781561242,1.3038
9204,57,559,9.81,26.7,0,corps,5.96622342403033,1.5620
9205,38,388,10.21,18.2,0,corps,5.965240558055286,1.6878
9206,41,350,8.54,19.6,0,corps,5.96425818339039,1.5584
9207,22,172,7.82,11.1,0,corps,5.96327629979005,1.5131
9208,73,838,11.48,33.8,0,corps,5.962294907008797,1.5642
9209,34,313,9.21,16.4,0,corps,5.96131400480128,2.5006
9210,51,462,9.06,24.0,0,corps,5.960333592922273,1.6185
9211,40,491,12.28,19.1,0,corps,5.959353671126677,1.5256
9212,17,155,9.12,8.9,0,corps,5.958374239169508,1.6408
9213,67,798,11.91,31.1,0,corps,5.957395296805909,1.6779
9214,40,418,10.45,19.1,0,corps,5.956416843791144,1.3616
9215,42,451,10.74,20.0,0,corps,5.9554388798806,1.6132
9216,60,779,12.98,28.0,0,corps,5.954461404829788,1.2738
9217,53,653,12.32,24.9,0,corps,5.953484418394335,1.4008
9218,28,261,9.32,13.8,0,corps,5.952507920329997,1.6388
9219,54,536,9.93,25.3,0,corps,5.951531910392651,1.5148
9220,74,794,10.73,34.2,0,corps,5.95055638833829,1.4523
9221,66,707,10.71,30.7,0,corps,5.949581353923039,1.9792
9222,66,846,12.82,30.7,0,corps,5.948606806903135,1.7297
9223,44,400,9.09,20.9,0,corps,5.947632747034943,1.9201
9224,43,471,10.95,20.4,0,corps,5.946659174074949,1.8523
9225,76,1068,14.05,35.1,0,corps,5.945686087779759,1.7408
9226,26,201,7.73,12.9,0,corps,5.944713487906098,2.1119
9227,4,45,11.25,3.1,0,corps,5.943741374210822,1.4622
9228,37,351,9.49,17.8,0,corps,5.942769746450899,2.1144
9229,25,247,9.88,12.4,0,corps,5.941798604383424,1.5520
9230,44,431,9.80,20.9,0,corps,5.940827947765607,1.7000
9231,52,569,10.94,24.4,0,corps,5.939857776354788,1.6553
9232,72,851,11.82,33.3,0,corps,5.938888089908426,1.6340
9233,38,373,9.82,18.2,0,corps,5.937918888184093,2.0402
9234,70,988,14.11,32.4,0,corps,5.936950170939494,1.5667
9235,8,72,9.00,4.9,0,corps,5.935981937932448,2.0796
9236,60,790,13.17,28.0,0,corps,5.935014188920896,1.8545
9237,54,518,9.59,25.3,0,corps,5.934046923662901,1.9175
9238,24,205,8.54,12.0,0,corps,5.933080141916649,1.7686
9239,77,1034,13.43,35.6,0,corps,5.932113843440439,1.8104
9240,53,511,9.64,24.9,0,corps,5.931148027992703,1.6342
9241,66,709,10.74,30.7,0,corps,5.9301826953319825,1.6756
9242,32,305,9.53,15.6,0,corps,5.929217845216946,1.8155
9243,2,32,16.00,2.2,0,corps,5.928253477406381,1.4599
9244,57,548,9.61,26.7,0,corps,5.927289591659196,1.8472
9245,25,243,9.72,12.4,0,corps,5.9263261877344195,1.8730
9246,27,226,8.37,13.3,0,corps,5.925363265391198,1.7217
9247,39,420,10.77,18.7,0,corps,5.924400824388804,1.7724
9248,44,445,10.11,20.9,0,corps,5.923438864486626,1.6037
9249,37,482,13.03,17.8,0,corps,5.922477385444173,1.9695
9250,51,581,11.39,24.0,0,corps,5.921516387021078,1.6697
9251,32,294,9.19,15.6,0,corps,5.92055586897709,1.8641
9252,47,481,10.23,22.2,0,corps,5.919595831072078,1.7399
9253,28,253,9.04,13.8,0,corps,5.918636273066034,2.0340
9254,26,244,9.38,12.9,0,corps,5.917677194719069,1.6521
9255,39,421,10.79,18.7,0,corps,5.916718595791411,1.6602
9256,36,368,10.22,17.3,0,corps,5.915760476043414,1.8638
9257,49,544,11.10,23.1,0,corps,5.9148028352355455,1.6235
9258,54,540,10.00,25.3,0,corps,5.913845673128396,1.9976
9259,52,495,9.52,24.4,0,corps,5.912888989482673,1.9623
9260,15,144,9.60,8.0,0,corps,5.91193278405921,1.5828
9261,16,135,8.44,8.4,0,corps,5.910977056618951,1.4191
9262,74,800,10.81,34.2,0,corps,5.910021806922965,1.4464
9263,33,316,9.58,16.0,0,corps,5.909067034732443,2.2279
9264,41,422,10.29,19.6,0,corps,5.908112739808689,1.8379
9265,20,183,9.15,10.2,0,corps,5.907158921913129,1.7506
9266,34,299,8.79,16.4,0,corps,5.9062055808073115,1.6985
9267,26,266,10.23,12.9,0,corps,5.905252716252898,1.5062
9268,17,149,8.76,8.9,0,corps,5.904300328011672,2.0345
9269,18,188,10.44,9.3,0,corps,5.90334841584554,1.7935
9270,45,405,9.00,21.3,0,corps,5.902396979516522,1.4149
9271,33,305,9.24,16.0,0,corps,5.901446018786756,1.4717
9272,58,649,11.19,27.1,0,corps,5.900495533418507,1.8152
9273,27,250,9.26,13.3,0,corps,5.899545523174151,1.7970
9274,55,512,9.31,25.8,0,corps,5.898595987816186,1.6463
9275,49,477,9.73,23.1,0,corps,5.8976469271072265,1.9952
9276,30,253,8.43,14.7,0,corps,5.896698340810009,1.9645
9277,60,631,10.52,28.0,0,corps,5.895750228687388,1.6697
9278,62,734,11.84,28.9,0,corps,5.894802590502332,1.6367
9279,39,377,9.67,18.7,0,corps,5.893855426017936,1.5974
9280,45,381,8.47,21.3,0,corps,5.892908734997404,1.4032
9281,58,644,11.10,27.1,0,corps,5.891962517204067,1.7282
9282,48,480,10.00,22.7,0,corps,5.891016772401368,1.5238
9283,29,308,10.62,14.2,0,corps,5.890071500352874,1.6224
9284,21,169,8.05,10.7,0,corps,5.889126700822262,2.0220
9285,51,585,11.47,24.0,0,corps,5.888182373573336,1.9990
9286,28,259,9.25,13.8,0,corps,5.887238518370015,2.8757
9287,65,715,11.00,30.2,0,corps,5.886295134976331,1.7737
9288,23,186,8.09,11.6,0,corps,5.885352223156443,1.6211
9289,47,534,11.36,22.2,0,corps,5.884409782674619,1.7767
9290,45,459,10.20,21.3,0,corps,5.883467813295251,1.5633
9291,32,293,9.16,15.6,0,corps,5.8825263147828455,2.1980
9292,39,345,8.85,18.7,0,corps,5.8815852869020295,2.2761
9293,30,304,10.13,14.7,0,corps,5.880644729417545,1.5573
9294,16,148,9.25,8.4,0,corps,5.879704642094251,1.9695
9295,15,133,8.87,8.0,0,corps,5.878765024697128,1.5723
9296,40,375,9.38,19.1,0,corps,5.877825876991273,1.7666
9297,51,500,9.80,24.0,0,corps,5.876887198741895,1.9099
9298,84,1155,13.75,38.7,0,corps,5.8759489897143276,1.8006
9299,55,562,10.22,25.8,0,corps,5.875011249674017,1.6161
9300,37,380,10.27,17.8,0,corps,5.874073978386527,1.5830
9301,76,1056,13.89,35.1,0,corps,5.8731371756175434,1.6938
9302,31,334,10.77,15.1,0,corps,5.872200841132863,1.8457
9303,39,382,9.79,18.7,0,corps,5.871264974698401,1.9524
9304,53,527,9.94,24.9,0,corps,5.870329576080194,1.8336
9305,48,562,11.71,22.7,0,corps,5.869394645044392,1.6690
9306,17,149,8.76,8.9,0,corps,5.8684601813572606,1.8064
9307,42,372,8.86,20.0,0,corps,5.867526184785181,1.7876
9308,50,543,10.86,23.6,0,corps,5.86659265509466,1.8387
9309,26,255,9.81,12.9,0,corps,5.865659592052313,1.8396
9310,29,262,9.03,14.2,0,corps,5.8647269954248715,1.7902
9311,55,586,10.65,25.8,0,corps,5.863794864979191,1.7451
9312,51,488,9.57,24.0,0,corps,5.862863200482235,1.7224
9313,56,622,11.11,26.2,0,corps,5.8619320017010885,1.6511
9314,45,446,9.91,21.3,0,corps,5.861001268402953,1.5936
9315,54,581,10.76,25.3,0,corps,5.860071000355145,1.8377
9316,35,358,10.23,16.9,0,corps,5.859141197325095,1.9087
9317,41,430,10.49,19.6,0,corps,5.858211859080355,1.7917
9318,67,806,12.03,31.1,0,corps,5.85728298538859,2.0364
9319,63,707,11.22,29.3,0,corps,5.856354576017579,1.6497
9320,38,361,9.50,18.2,0,corps,5.855426630735224,1.9275
9321,34,324,9.53,16.4,0,corps,5.854499149309535,1.7888
9322,37,342,9.24,17.8,0,corps,5.853572131508644,1.5296
9323,62,682,11.00,28.9,0,corps,5.852645577100795,1.5274
9324,38,388,10.21,18.2,0,corps,5.851719485854349,1.6517
9325,21,190,9.05,10.7,0,corps,5.850793857537785,1.3993
9326,18,162,9.00,9.3,0,corps,5.849868691919694,1.6072
9327,49,404,8.24,23.1,0,corps,5.848943988768787,1.7018
9328,36,367,10.19,17.3,0,corps,5.848019747853887,1.4196
9329,27,266,9.85,13.3,0,corps,5.847095968943932,1.4626
9330,13,117,9.00,7.1,0,corps,5.846172651807981,1.2131
9331,21,179,8.52,10.7,0,corps,5.845249796215201,1.4711
9332,37,402,10.86,17.8,0,corps,5.844327401934879,1.3108
9333,18,140,7.78,9.3,0,corps,5.843405468736418,1.6670
9334,37,321,8.68,17.8,0,corps,5.842483996389334,1.7109
9335,14,130,9.29,7.6,0,corps,5.841562984663259,1.7964
9336,36,379,10.53,17.3,0,corps,5.84064243332794,1.1829
9337,18,206,11.44,9.3,0,corps,5.839722342153237,0.9978
9338,43,419,9.74,20.4,0,corps,5.838802710909132,1.5221
9339,39,394,10.10,18.7,0,corps,5.837883539365712,1.2891
9340,11,112,10.18,6.2,0,corps,5.836964827293188,1.0778
9341,61,596,9.77,28.4,0,corps,5.8360465744618795,1.6859
9342,51,530,10.39,24.0,0,corps,5.835128780642222,1.6869
9343,14,127,9.07,7.6,0,corps,5.8342114456047725,1.3579
9344,50,511,10.22,23.6,0,corps,5.833294569120194,1.7121
9345,63,724,11.49,29.3,0,corps,5.832378150959265,1.6945
9346,40,399,9.97,19.1,0,corps,5.831462190892885,1.7133
9347,54,602,11.15,25.3,0,corps,5.830546688692062,1.6304
9348,50,508,10.16,23.6,0,corps,5.82963164412792,1.6918
9349,37,339,9.16,17.8,0,corps,5.828717056971698,1.6763
9350,39,335,8.59,18.7,0,corps,5.827802926994751,1.8168
9351,47,459,9.77,22.2,0,corps,5.826889253968545,1.6489
9352,44,468,10.64,20.9,0,corps,5.825976037664662,1.7790
9353,27,223,8.26,13.3,0,corps,5.825063277854799,1.9272
9354,80,889,11.11,36.9,0,corps,5.824150974310764,1.6734
9355,65,886,13.63,30.2,0,corps,5.823239126804482,1.7107
9356,44,466,10.59,20.9,0,corps,5.82232773510799,1.6285
9357,24,206,8.58,12.0,0,corps,5.821416798993444,1.4377
9358,26,270,10.38,12.9,0,corps,5.820506318233105,2.0132
9359,22,249,11.32,11.1,0,corps,5.819596292599356,1.3662
9360,31,302,9.74,15.1,0,corps,5.818686721864689,2.1790
9361,5,39,7.80,3.6,0,corps,5.817777605801712,1.7032
9362,9,82,9.11,5.3,0,corps,5.816868944183147,2.2846
9363,18,174,9.67,9.3,0,corps,5.815960736781827,1.8964
9364,33,305,9.24,16.0,0,corps,5.815052983370699,2.1787
9365,70,846,12.09,32.4,0,corps,5.8141456837228285,1.5149
9366,64,797,12.45,29.8,0,corps,5.813238837611388,1.6286
9367,35,427,12.20,16.9,0,corps,5.812332444809664,1.3375
9368,45,584,12.98,21.3,0,corps,5.811426505091063,1.6840
9369,57,615,10.79,26.7,0,corps,5.810521018229099,1.4542
9370,34,298,8.76,16.4,0,corps,5.809615983997397,1.6786
9371,20,192,9.60,10.2,0,corps,5.8087114021697,1.4215
9372,63,658,10.44,29.3,0,corps,5.807807272519865,1.4537
9373,22,230,10.45,11.1,0,corps,5.806903594821856,1.7793
9374,32,335,10.47,15.6,0,corps,5.8060003688497535,1.7649
9375,26,245,9.42,12.9,0,corps,5.805097594377755,1.7343
9376,42,376,8.95,20.0,0,corps,5.8041952711801645,1.6708
9377,31,263,8.48,15.1,0,corps,5.8032933990314,1.6325
9378,35,324,9.26,16.9,0,corps,5.802391977705995,1.2738
9379,40,414,10.35,19.1,0,corps,5.801491006978595,2.3862
9380,3,27,9.00,2.7,0,corps,5.800590486623954,1.9262
9381,79,1076,13.62,36.4,0,corps,5.799690416416945,1.5539
9382,23,245,10.65,11.6,0,corps,5.798790796132551,1.7699
9383,26,233,8.96,12.9,0,corps,5.797891625545865,1.9409
9384,59,724,12.27,27.6,0,corps,5.796992904432092,1.6567
9385,39,344,8.82,18.7,0,corps,5.796094632566557,1.7357
9386,57,618,10.84,26.7,0,corps,5.79519680972469,1.6867
9387,55,732,13.31,25.8,0,corps,5.794299435682032,1.5433
9388,74,810,10.95,34.2,0,corps,5.793402510214245,1.6895
9389,49,542,11.06,23.1,0,corps,5.792506033097093,1.7924
9390,57,648,11.37,26.7,0,corps,5.7916100041064595,1.5670
9391,57,669,11.74,26.7,0,corps,5.790714423018336,1.7255
9392,13,113,8.69,7.1,0,corps,5.789819289608829,2.0912
9393,57,648,11.37,26.7,0,corps,5.788924603654151,1.6255
9394,22,194,8.82,11.1,0,corps,5.788030364930635,1.7240
9395,34,344,10.12,16.4,0,corps,5.7871365732147195,1.7012
9396,23,216,9.39,11.6,0,corps,5.786243228282956,1.8286
9397,20,196,9.80,10.2,0,corps,5.785350329912011,1.7120
9398,79,1102,13.95,36.4,0,corps,5.784457877878656,1.8200
9399,52,608,11.69,24.4,0,corps,5.783565871959779,1.6686
9400,44,439,9.98,20.9,0,corps,5.7826743119323805,1.5203
9401,20,181,9.05,10.2,0,corps,5.781783197573569,1.4771
9402,32,301,9.41,15.6,0,corps,5.780892528660567,1.6969
9403,40,386,9.65,19.1,0,corps,5.780002304970703,1.3253
9404,43,455,10.58,20.4,0,corps,5.779112526281429,1.4275
9405,25,181,7.24,12.4,0,corps,5.778223192370294,1.7400
9406,37,319,8.62,17.8,0,corps,5.777334303014965,1.9110
9407,55,680,12.36,25.8,0,corps,5.776445857993222,1.3971
9408,14,123,8.79,7.6,0,corps,5.775557857082954,1.4224
9409,32,295,9.22,15.6,0,corps,5.774670300062157,1.4951
9410,27,308,11.41,13.3,0,corps,5.773783186708947,1.2834
9411,13,104,8.00,7.1,0,corps,5.772896516801541,1.7911
9412,15,107,7.13,8.0,0,corps,5.772010290118273,2.0302
9413,20,220,11.00,10.2,0,corps,5.771124506437589,1.2675
9414,49,576,11.76,23.1,0,corps,5.77023916553804,1.5189
9415,36,384,10.67,17.3,0,corps,5.769354267198292,1.5932
9416,47,489,10.40,22.2,0,corps,5.768469811197119,1.5821
9417,31,270,8.71,15.1,0,corps,5.767585797313409,1.5602
9418,51,565,11.08,24.0,0,corps,5.766702225326156,1.4699
9419,22,208,9.45,11.1,0,corps,5.765819095014468,1.3250
9420,43,422,9.81,20.4,0,corps,5.764936406157566,1.5255
9421,43,424,9.86,20.4,0,corps,5.7640541585347735,1.5942
9422,41,332,8.10,19.6,0,corps,5.763172351925528,1.7700
9423,29,320,11.03,14.2,0,corps,5.762290986109382,1.5629
9424,41,450,10.98,19.6,0,corps,5.761410060865991,1.7505
9425,48,512,10.67,22.7,0,corps,5.760529575975123,1.5803
9426,29,251,8.66,14.2,0,corps,5.75964953121666,1.8964
9427,28,265,9.46,13.8,0,corps,5.758769926370588,1.2707
9428,57,774,13.58,26.7,0,corps,5.7578907612170065,1.3695
9429,69,833,12.07,32.0,0,corps,5.757012035536126,1.3219
9430,12,108,9.00,6.7,0,corps,5.756133749108263,1.8263
9431,48,459,9.56,22.7,0,corps,5.755255901713846,1.4938
9432,24,238,9.92,12.0,0,corps,5.754378493133412,1.4405
9433,36,383,10.64,17.3,0,corps,5.753501523147612,1.6407
9434,41,403,9.83,19.6,0,corps,5.752624991537203,1.4950
9435,31,294,9.48,15.1,0,corps,5.751748898083049,1.7187
9436,45,466,10.36,21.3,0,corps,5.75087324256613,1.6421
9437,27,240,8.89,13.3,0,corps,5.74999802476753,1.6699
9438,56,611,10.91,26.2,0,corps,5.7491232444684455,2.3501
9439,55,625,11.36,25.8,0,corps,5.748248901450181,1.6947
9440,49,419,8.55,23.1,0,corps,5.747374995494153,1.9863
9441,26,233,8.96,12.9,0,corps,5.74650152638188,1.7370
9442,57,619,10.86,26.7,0,corps,5.745628493894999,1.6563
9443,37,307,8.30,17.8,0,corps,5.744755897815251,1.3214
9444,51,574,11.25,24.0,0,corps,5.743883737924485,1.5611
9445,79,984,12.46,36.4,0,corps,5.743012014004664,1.3822
9446,55,616,11.20,25.8,0,corps,5.7421407258378565,1.4252
9447,30,271,9.03,14.7,0,corps,5.741269873206238,1.7344
9448,62,590,9.52,28.9,0,corps,5.7403994558920965,2.0692
9449,69,810,11.74,32.0,0,corps,5.739529473677829,1.4746
9450,55,584,10.62,25.8,0,corps,5.738659926345939,1.3857
9451,71,899,12.66,32.9,0,corps,5.737790813679037,1.5476
9452,40,358,8.95,19.1,0,corps,5.736922135459851,1.7112
9453,65,776,11.94,30.2,0,corps,5.736053891471207,1.5722
9454,48,541,11.27,22.7,0,corps,5.735186081496043,1.4937
9455,61,691,11.33,28.4,0,corps,5.734318705317412,1.4410
9456,8,72,9.00,4.9,0,corps,5.733451762718464,1.4447
9457,31,285,9.19,15.1,0,corps,5.7325852534824655,1.3930
9458,39,390,10.00,18.7,0,corps,5.731719177392789,1.8939
9459,73,818,11.21,33.8,0,corps,5.730853534232919,1.4294
9460,69,875,12.68,32.0,0,corps,5.729988323786437,1.3535
9461,50,507,10.14,23.6,0,corps,5.729123545837049,2.2205
9462,42,383,9.12,20.0,0,corps,5.728259200168555,2.0775
9463,9,83,9.22,5.3,0,corps,5.72739528656487,2.6149
9464,47,498,10.60,22.2,0,corps,5.726531804810015,2.0001
9465,30,236,7.87,14.7,0,corps,5.725668754688121,3.8685
9466,35,315,9.00,16.9,0,corps,5.724806135983425,1.9982
9467,17,144,8.47,8.9,0,corps,5.7239439484802705,1.9351
9468,60,646,10.77,28.0,0,corps,5.723082191963113,2.0813
9469,40,446,11.15,19.1,0,corps,5.722220866216513,1.9674
9470,18,188,10.44,9.3,0,corps,5.721359971025136,1.8952
9471,66,759,11.50,30.7,0,corps,5.720499506173764,1.9724
9472,44,394,8.95,20.9,0,corps,5.719639471447276,2.2084
9473,28,241,8.61,13.8,0,corps,5.718779866630664,1.8942
9474,55,631,11.47,25.8,0,corps,5.717920691509029,2.4310
9475,63,846,13.43,29.3,0,corps,5.7170619458675755,2.0371
9476,23,224,9.74,11.6,0,corps,5.716203629491616,2.4670
9477,36,349,9.69,17.3,0,corps,5.7153457421665745,2.3126
9478,9,75,8.33,5.3,0,corps,5.714488283677978,2.9055
9479,19,160,8.42,9.8,0,corps,5.713631253811462,2.1258
9480,27,303,11.22,13.3,0,corps,5.712774652352764,1.8527
9481,59,605,10.25,27.6,0,corps,5.711918479087743,1.7078
9482,39,366,9.38,18.7,0,corps,5.711062733802348,1.3576
9483,34,304,8.94,16.4,0,corps,5.710207416282645,1.6741
9484,21,204,9.71,10.7,0,corps,5.709352526314807,1.4402
9485,70,804,11.49,32.4,0,corps,5.7084980636851075,1.5983
9486,46,478,10.39,21.8,0,corps,5.707644028179933,1.5212
9487,51,596,11.69,24.0,0,corps,5.706790419585776,1.4737
9488,35,381,10.89,16.9,0,corps,5.705937237689232,1.4081
9489,39,366,9.38,18.7,0,corps,5.705084482277005,1.6719
9490,29,242,8.34,14.2,0,corps,5.7042321531359095,1.9708
9491,20,213,10.65,10.2,0,corps,5.70338025005286,1.2861
9492,47,528,11.23,22.2,0,corps,5.7025287728148815,1.5293
9493,18,155,8.61,9.3,0,corps,5.701677721209107,1.6418
9494,30,284,9.47,14.7,0,corps,5.70082709502277,1.4138
9495,18,144,8.00,9.3,0,corps,5.699976894043217,1.4479
9496,81,990,12.22,37.3,0,corps,5.699127118057894,1.9752
9497,44,445,10.11,20.9,0,corps,5.698277766854361,1.4285
9498,61,676,11.08,28.4,0,corps,5.697428840220279,1.3425
9499,18,149,8.28,9.3,0,corps,5.696580337943415,1.3697
9500,15,148,9.87,8.0,0,corps,5.695732259811645,1.5441
9501,50,504,10.08,23.6,0,corps,5.694884605612948,1.6893
9502,67,912,13.61,31.1,0,corps,5.6940373751354105,1.6165
9503,67,778,11.61,31.1,0,corps,5.6931905681672275,1.4787
9504,64,802,12.53,29.8,0,corps,5.692344184496695,1.4911
9505,45,398,8.84,21.3,0,corps,5.691498223912215,1.5004
9506,36,303,8.42,17.3,0,corps,5.690652686202303,1.9319
9507,25,270,10.80,12.4,0,corps,5.689807571155571,1.4883
9508,57,619,10.86,26.7,0,corps,5.68896287856074,1.3366
9509,75,956,12.75,34.7,0,corps,5.6881186082066355,1.5797
9510,59,580,9.83,27.6,0,corps,5.687274759882194,1.6060
9511,33,313,9.48,16.0,0,corps,5.686431333376452,1.5481
9512,48,461,9.60,22.7,0,corps,5.685588328478549,1.6727
9513,32,303,9.47,15.6,0,corps,5.684745744977739,1.5844
9514,30,299,9.97,14.7,0,corps,5.683903582663374,1.6724
9515,12,83,6.92,6.7,0,corps,5.683061841324913,2.7384
9516,75,1001,13.35,34.7,0,corps,5.682220520751922,1.5259
9517,53,573,10.81,24.9,0,corps,5.681379620734069,1.6858
9518,76,861,11.33,35.1,0,corps,5.6805391410611294,1.7112
9519,28,244,8.71,13.8,0,corps,5.679699081522985,1.7340
9520,6,65,10.83,4.0,0,corps,5.67885944190962,1.2222
9521,45,455,10.11,21.3,0,corps,5.678020222011122,1.6912
9522,42,460,10.95,20.0,0,corps,5.677181421617691,1.8689
9523,45,537,11.93,21.3,0,corps,5.6763430405196225,1.8670
9524,50,563,11.26,23.6,0,corps,5.675505078507324,1.5360
9525,43,431,10.02,20.4,0,corps,5.674667535371302,1.8210
9526,46,425,9.24,21.8,0,corps,5.673830410902174,1.8284
9527,4,44,11.00,3.1,0,corps,5.672993704890658,1.1517
9528,52,540,10.38,24.4,0,corps,5.6721574171275755,1.8559
9529,33,331,10.03,16.0,0,corps,5.671321547403857,1.8328
9530,41,456,11.12,19.6,0,corps,5.670486095510534,1.7768
9531,29,379,13.07,14.2,0,corps,5.669651061238742,1.6816
9532,48,493,10.27,22.7,0,corps,5.668816444379726,1.6678
9533,63,656,10.41,29.3,0,corps,5.66798224472483,1.9671
9534,28,332,11.86,13.8,0,corps,5.6671484620655015,1.6014
9535,45,366,8.13,21.3,0,corps,5.666315096193299,2.0890
9536,10,100,10.00,5.8,0,corps,5.665482146899879,1.8301
9537,37,403,10.89,17.8,0,corps,5.664649613977003,1.7313
9538,41,389,9.49,19.6,0,corps,5.663817497216542,1.8065
9539,52,510,9.81,24.4,0,corps,5.662985796410462,1.7719
9540,42,452,10.76,20.0,0,corps,5.662154511350841,1.5167
9541,72,768,10.67,33.3,0,corps,5.6613236418298545,1.5706
9542,64,970,15.16,29.8,0,corps,5.660493187639788,1.5600
9543,68,783,11.51,31.6,0,corps,5.659663148573029,1.7990
9544,27,257,9.52,13.3,0,corps,5.658833524422062,1.6769
9545,76,894,11.76,35.1,0,corps,5.658004314979488,1.6164
9546,54,727,13.46,25.3,0,corps,5.657175520038001,1.5080
9547,48,385,8.02,22.7,0,corps,5.6563471393904,1.8437
9548,53,535,10.09,24.9,0,corps,5.655519172829595,1.6031
9549,51,656,12.86,24.0,0,corps,5.654691620148592,1.8147
9550,28,213,7.61,13.8,0,corps,5.653864481140499,1.7859
9551,63,783,12.43,29.3,0,corps,5.653037755598539,1.4005
9552,69,890,12.90,32.0,0,corps,5.652211443316026,1.5352
9553,57,756,13.26,26.7,0,corps,5.651385544086381,1.4416
9554,40,434,10.85,19.1,0,corps,5.650560057703132,1.7029
9555,37,374,10.11,17.8,0,corps,5.649734983959904,1.5283
9556,37,400,10.81,17.8,0,corps,5.6489103226504325,1.6210
9557,41,431,10.51,19.6,0,corps,5.64808607356855,1.5976
9558,57,596,10.46,26.7,0,corps,5.647262236508194,2.0104
9559,52,603,11.60,24.4,0,corps,5.646438811263406,1.6056
9560,26,267,10.27,12.9,0,corps,5.645615797628328,1.6935
9561,48,430,8.96,22.7,0,corps,5.64479319539721,1.7192
9562,35,361,10.31,16.9,0,corps,5.643971004364399,1.6687
9563,23,221,9.61,11.6,0,corps,5.643149224324347,1.6549
9564,46,494,10.74,21.8,0,corps,5.642327855071609,1.5976
9565,32,324,10.12,15.6,0,corps,5.641506896400846,1.3726
9566,64,702,10.97,29.8,0,corps,5.6406863481068115,1.9684
9567,60,894,14.90,28.0,0,corps,5.639866209984376,1.3961
9568,50,443,8.86,23.6,0,corps,5.639046481828501,1.7289
9569,56,609,10.88,26.2,0,corps,5.638227163434253,1.7099
9570,18,170,9.44,9.3,0,corps,5.6374082545968065,1.4417
9571,29,235,8.10,14.2,0,corps,5.636589755111432,1.8851
9572,30,255,8.50,14.7,0,corps,5.635771664773505,1.4769
9573,50,619,12.38,23.6,0,corps,5.634953983378501,1.4826
9574,45,474,10.53,21.3,0,corps,5.634136710722003,1.4626
9575,47,496,10.55,22.2,0,corps,5.633319846599691,1.6176
9576,34,362,10.65,16.4,0,corps,5.632503390807347,1.5520
9577,36,366,10.17,17.3,0,corps,5.631687343140862,2.0097
9578,41,405,9.88,19.6,0,corps,5.63087170339622,1.8333
9579,40,356,8.90,19.1,0,corps,5.630056471369512,2.1464
9580,20,153,7.65,10.2,0,corps,5.629241646856931,1.8511
9581,4,29,7.25,3.1,0,corps,5.628427229654771,1.8069
9582,19,169,8.89,9.8,0,corps,5.627613219559425,2.2448
9583,4,28,7.00,3.1,0,corps,5.626799616367394,3.4100
9584,44,465,10.57,20.9,0,corps,5.625986419875275,1.9029
9585,11,89,8.09,6.2,0,corps,5.625173629879768,2.1783
9586,8,65,8.12,4.9,0,corps,5.6243612461776795,1.8482
9587,20,215,10.75,10.2,0,corps,5.62354926856591,1.7580
9588,10,87,8.70,5.8,0,corps,5.622737696841466,1.4841
9589,11,102,9.27,6.2,0,corps,5.621926530801454,1.7064
9590,35,355,10.14,16.9,0,corps,5.621115770243084,1.6946
9591,33,342,10.36,16.0,0,corps,5.620305414963665,2.0225
9592,26,232,8.92,12.9,0,corps,5.6194954647606075,2.1707
9593,17,155,9.12,8.9,0,corps,5.618685919431425,2.1321
9594,24,243,10.12,12.0,0,corps,5.617876778773731,1.6662
9595,20,173,8.65,10.2,0,corps,5.61706804258524,1.6175
9596,27,210,7.78,13.3,0,corps,5.616259710663768,2.2143
9597,36,307,8.53,17.3,0,corps,5.615451782807232,1.6846
9598,47,437,9.30,22.2,0,corps,5.614644258813649,1.9494
9599,27,249,9.22,13.3,0,corps,5.613837138481141,2.2032
9600,39,424,10.87,18.7,0,corps,5.613030421607926,1.8089
9601,27,247,9.15,13.3,0,corps,5.612224107992323,1.6900
9602,32,301,9.41,15.6,0,corps,5.611418197432758,1.3052
9603,29,305,10.52,14.2,0,corps,5.610612689727748,1.2772
9604,16,113,7.06,8.4,0,corps,5.609807584675922,1.5324
9605,39,334,8.56,18.7,0,corps,5.609002882075997,1.2386
9606,65,764,11.75,30.2,0,corps,5.608198581726803,1.3464
9607,34,333,9.79,16.4,0,corps,5.6073946834272625,1.4134
9608,28,228,8.14,13.8,0,corps,5.6065911869764005,1.4058
9609,42,414,9.86,20.0,0,corps,5.605788092173344,1.6554
9610,41,490,11.95,19.6,0,corps,5.604985398817321,1.5189
9611,33,372,11.27,16.0,0,corps,5.604183106707652,1.5235
9612,34,333,9.79,16.4,0,corps,5.603381215643771,1.2831
9613,65,796,12.25,30.2,0,corps,5.602579725425202,1.5856
9614,29,249,8.59,14.2,0,corps,5.601778635851572,1.3734
9615,20,192,9.60,10.2,0,corps,5.600977946722609,1.2560
9616,59,566,9.59,27.6,0,corps,5.600177657838142,1.5993
9617,40,433,10.82,19.1,0,corps,5.599377768998096,1.5275
9618,59,614,10.41,27.6,0,corps,5.598578280002503,1.5318
9619,30,314,10.47,14.7,0,corps,5.5977791906514875,1.7693
9620,16,150,9.38,8.4,0,corps,5.5969805007452775,1.5456
9621,22,181,8.23,11.1,0,corps,5.596182210084201,2.0582
9622,26,220,8.46,12.9,0,corps,5.595384318468685,2.4368
9623,41,335,8.17,19.6,0,corps,5.594586825699258,2.2226
9624,23,237,10.30,11.6,0,corps,5.593789731576545,1.6999
9625,43,436,10.14,20.4,0,corps,5.592993035901274,2.0610
9626,28,234,8.36,13.8,0,corps,5.59219673847427,2.0223
9627,45,474,10.53,21.3,0,corps,5.5914008390964565,2.4244
9628,37,314,8.49,17.8,0,corps,5.5906053375688645,2.2291
9629,33,294,8.91,16.0,0,corps,5.5898102336926145,2.7342
9630,54,629,11.65,25.3,0,corps,5.589015527268929,1.9489
9631,31,277,8.94,15.1,0,corps,5.588221218099135,1.9918
9632,34,381,11.21,16.4,0,corps,5.587427305984654,1.7226
9633,9,74,8.22,5.3,0,corps,5.586633790727009,2.9973
9634,76,854,11.24,35.1,0,corps,5.5858406721278175,2.0792
9635,61,617,10.11,28.4,0,corps,5.585047949988804,2.3676
9636,28,225,8.04,13.8,0,corps,5.584255624111786,2.1553
9637,36,330,9.17,17.3,0,corps,5.583463694298681,1.7667
9638,38,356,9.37,18.2,0,corps,5.5826721603515095,1.9973
9639,21,171,8.14,10.7,0,corps,5.581881022072385,2.6475
9640,26,238,9.15,12.9,0,corps,5.581090279263525,2.0917
9641,39,383,9.82,18.7,0,corps,5.580299931727243,1.3809
9642,14,106,7.57,7.6,0,corps,5.579509979265953,1.6052
9643,31,276,8.90,15.1,0,corps,5.5787204216821635,1.7935
9644,30,270,9.00,14.7,0,corps,5.57793125877849,1.5164
9645,43,426,9.91,20.4,0,corps,5.577142490357638,1.5202
9646,59,728,12.34,27.6,0,corps,5.576354116222417,1.4425
9647,37,416,11.24,17.8,0,corps,5.575566136175734,1.6626
9648,31,281,9.06,15.1,0,corps,5.574778550020594,1.4760
9649,53,608,11.47,24.9,0,corps,5.573991357560098,1.6555
9650,19,169,8.89,9.8,0,corps,5.57320455859745,1.4498
9651,80,852,10.65,36.9,0,corps,5.572418152935951,1.8372
9652,45,478,10.62,21.3,0,corps,5.5716321403789975,1.8709
9653,19,176,9.26,9.8,0,corps,5.570846520730086,1.7534
9654,46,435,9.46,21.8,0,corps,5.570061293792815,1.7136
9655,17,144,8.47,8.9,0,corps,5.569276459370876,1.8749
9656,49,515,10.51,23.1,0,corps,5.568492017268058,1.5038
9657,38,409,10.76,18.2,0,corps,5.5677079672882535,1.4301
9658,49,499,10.18,23.1,0,corps,5.566924309235448,1.4387
9659,23,186,8.09,11.6,0,corps,5.566141042913729,1.8917
9660,4,32,8.00,3.1,0,corps,5.565358168127278,2.7908
9661,40,386,9.65,19.1,0,corps,5.564575684680379,1.9471
9662,43,378,8.79,20.4,0,corps,5.563793592377407,1.8834
9663,53,591,11.15,24.9,0,corps,5.5630118910228425,1.8123
9664,38,328,8.63,18.2,0,corps,5.56223058042126,1.5839
9665,32,318,9.94,15.6,0,corps,5.561449660377329,1.5417
9666,30,241,8.03,14.7,0,corps,5.560669130695821,1.7782
9667,57,640,11.23,26.7,0,corps,5.559888991181605,1.4346
9668,48,433,9.02,22.7,0,corps,5.5591092416396455,2.1820
9669,30,271,9.03,14.7,0,corps,5.558329881875002,1.7217
9670,53,618,11.66,24.9,0,corps,5.557550911692839,1.5800
9671,11,111,10.09,6.2,0,corps,5.556772330898412,1.3536
9672,22,188,8.55,11.1,0,corps,5.555994139297074,1.5515
9673,65,808,12.43,30.2,0,corps,5.555216336694282,1.7170
9674,43,432,10.05,20.4,0,corps,5.554438922895581,1.5584
9675,18,127,7.06,9.3,0,corps,5.553661897706617,2.2629
9676,45,520,11.56,21.3,0,corps,5.552885260933137,1.6958
9677,30,284,9.47,14.7,0,corps,5.552109012380981,2.2725
9678,34,356,10.47,16.4,0,corps,5.551333151856085,2.0317
9679,16,143,8.94,8.4,0,corps,5.550557679164486,1.5126
9680,62,572,9.23,28.9,0,corps,5.5497825941123144,1.7125
9681,46,454,9.87,21.8,0,corps,5.549007896505801,1.6661
9682,71,755,10.63,32.9,0,corps,5.548233586151266,1.7262
9683,28,240,8.57,13.8,0,corps,5.547459662855139,2.2903
9684,67,920,13.73,31.1,0,corps,5.546686126423935,2.3155
9685,41,395,9.63,19.6,0,corps,5.545912976664269,1.7821
9686,54,669,12.39,25.3,0,corps,5.545140213382857,1.5218
9687,41,465,11.34,19.6,0,corps,5.544367836386506,1.8558
9688,43,400,9.30,20.4,0,corps,5.543595845482121,1.5897
9689,28,253,9.04,13.8,0,corps,5.5428242404767065,1.7956
9690,16,157,9.81,8.4,0,corps,5.54205302117736,2.0024
9691,49,541,11.04,23.1,0,corps,5.5412821873912765,1.7478
9692,39,357,9.15,18.7,0,corps,5.540511738925749,1.8854
9693,50,564,11.28,23.6,0,corps,5.539741675588164,2.0687
9694,29,233,8.03,14.2,0,corps,5.538971997186004,1.9163
9695,27,253,9.37,13.3,0,corps,5.538202703526853,1.6088
9696,59,649,11.00,27.6,0,corps,5.537433794418386,1.5810
9697,57,565,9.91,26.7,0,corps,5.536665269668376,1.8422
9698,35,315,9.00,16.9,0,corps,5.53589712908469,1.7506
9699,76,954,12.55,35.1,0,corps,5.5351293724752955,1.9963
9700,51,564,11.06,24.0,0,corps,5.534361999648252,2.0872
9701,33,333,10.09,16.0,0,corps,5.533595010411715,1.6901
9702,43,418,9.72,20.4,0,corps,5.53282840457394,1.3578
9703,62,725,11.69,28.9,0,corps,5.532062181943274,1.4256
9704,31,289,9.32,15.1,0,corps,5.53129634232816,1.8991
9705,25,255,10.20,12.4,0,corps,5.530530885537141,1.5183
9706,34,337,9.91,16.4,0,corps,5.529765811378852,1.5864
9707,42,441,10.50,20.0,0,corps,5.529001119662022,1.5359
9708,47,492,10.47,22.2,0,corps,5.52823681019548,1.3878
9709,58,643,11.09,27.1,0,corps,5.5274728827881505,1.4927
9710,30,293,9.77,14.7,0,corps,5.526709337249047,1.3523
9711,55,662,12.04,25.8,0,corps,5.525946173387288,1.5014
9712,47,518,11.02,22.2,0,corps,5.52518339101208,1.5608
9713,52,585,11.25,24.4,0,corps,5.524420989932728,1.3436
9714,26,260,10.00,12.9,0,corps,5.523658969958629,1.4353
9715,35,322,9.20,16.9,0,corps,5.522897330899283,1.3388
9716,65,867,13.34,30.2,0,corps,5.522136072564276,1.5379
9717,57,671,11.77,26.7,0,corps,5.521375194763296,1.4842
9718,31,277,8.94,15.1,0,corps,5.520614697306122,1.3473
9719,41,383,9.34,19.6,0,corps,5.519854580002631,1.5518
9720,28,236,8.43,13.8,0,corps,5.519094842662792,1.7982
9721,29,271,9.34,14.2,0,corps,5.518335485096673,1.7632
9722,59,652,11.05,27.6,0,corps,5.517576507114432,1.5802
9723,49,546,11.14,23.1,0,corps,5.516817908526325,1.3517
9724,46,440,9.57,21.8,0,corps,5.516059689142704,1.8985
9725,31,280,9.03,15.1,0,corps,5.515301848774014,1.4632
9726,28,248,8.86,13.8,0,corps,5.514544387230792,1.6183
9727,38,389,10.24,18.2,0,corps,5.513787304323676,1.5714
9728,32,314,9.81,15.6,0,corps,5.513030599863395,1.9222
9729,21,174,8.29,10.7,0,corps,5.512274273660771,2.4199
9730,12,121,10.08,6.7,0,corps,5.511518325526723,1.4157
9731,34,354,10.41,16.4,0,corps,5.510762755272264,1.4508
9732,33,323,9.79,16.0,0,corps,5.510007562708502,1.8674
9733,54,450,8.33,25.3,0,corps,5.509252747646638,1.9617
9734,74,903,12.20,34.2,0,corps,5.50849830989797,1.2776
9735,73,876,12.00,33.8,0,corps,5.507744249273887,1.8760
9736,15,116,7.73,8.0,0,corps,5.506990565585872,2.0800
9737,18,127,7.06,9.3,0,corps,5.506237258645509,1.7987
9738,39,404,10.36,18.7,0,corps,5.505484328264468,1.9063
9739,48,472,9.83,22.7,0,corps,5.504731774254515,1.6247
9740,40,382,9.55,19.1,0,corps,5.503979596427516,1.5324
9741,63,853,13.54,29.3,0,corps,5.503227794595423,1.5337
9742,58,678,11.69,27.1,0,corps,5.502476368570285,1.5387
9743,24,218,9.08,12.0,0,corps,5.501725318164249,2.0919
9744,29,284,9.79,14.2,0,corps,5.500974643189551,1.9065
9745,32,286,8.94,15.6,0,corps,5.50022434345852,1.8858
9746,37,423,11.43,17.8,0,corps,5.499474418783581,1.6725
9747,53,544,10.26,24.9,0,corps,5.498724868977257,1.6497
9748,56,559,9.98,26.2,0,corps,5.497975693852158,1.9081
9749,50,514,10.28,23.6,0,corps,5.497226893220989,1.7020
9750,10,86,8.60,5.8,0,corps,5.496478466896552,2.9241
9751,32,346,10.81,15.6,0,corps,5.49573041469174,1.6765
9752,28,295,10.54,13.8,0,corps,5.494982736419538,1.5882
9753,16,157,9.81,8.4,0,corps,5.494235431893029,1.6917
9754,43,385,8.95,20.4,0,corps,5.493488500925387,1.7976
9755,41,392,9.56,19.6,0,corps,5.492741943329875,1.6513
9756,36,332,9.22,17.3,0,corps,5.491995758919859,1.7569
9757,62,865,13.95,28.9,0,corps,5.491249947508789,1.5719
9758,33,274,8.30,16.0,0,corps,5.490504508910215,1.9227
9759,66,658,9.97,30.7,0,corps,5.489759442937774,1.7844
9760,45,488,10.84,21.3,0,corps,5.489014749405204,1.8547
9761,10,57,5.70,5.8,0,corps,5.488270428126327,3.8722
9762,2,19,9.50,2.2,0,corps,5.487526478915066,1.6866
9763,28,219,7.82,13.8,0,corps,5.486782901585432,1.9408
9764,35,346,9.89,16.9,0,corps,5.486039695951531,1.7051
9765,16,142,8.88,8.4,0,corps,5.485296861827561,1.3150
9766,28,267,9.54,13.8,0,corps,5.484554399027816,1.9236
9767,55,538,9.78,25.8,0,corps,5.483812307366677,1.7530
9768,39,426,10.92,18.7,0,corps,5.483070586658624,2.1534
9769,26,228,8.77,12.9,0,corps,5.482329236718224,1.7273
9770,39,404,10.36,18.7,0,corps,5.4815882573601415,1.6760
9771,53,490,9.25,24.9,0,corps,5.480847648399131,1.5864
9772,37,297,8.03,17.8,0,corps,5.48010740965004,1.8677
9773,55,573,10.42,25.8,0,corps,5.479367540927811,1.5503
9774,40,344,8.60,19.1,0,corps,5.478628042047474,1.7523
9775,43,456,10.60,20.4,0,corps,5.477888912824152,1.7103
9776,39,410,10.51,18.7,0,corps,5.47715015307307,1.4518
9777,61,766,12.56,28.4,0,corps,5.4764117626095326,2.0676
9778,46,548,11.91,21.8,0,corps,5.475673741248943,1.6116
9779,22,218,9.91,11.1,0,corps,5.474936088806797,1.8142
9780,27,284,10.52,13.3,0,corps,5.474198805098681,1.7761
9781,58,689,11.88,27.1,0,corps,5.473461889940272,1.5834
9782,43,371,8.63,20.4,0,corps,5.472725343147346,1.4996
9783,24,209,8.71,12.0,0,corps,5.471989164535763,1.2984
9784,47,481,10.23,22.2,0,corps,5.471253353921477,1.3727
9785,34,319,9.38,16.4,0,corps,5.470517911120538,1.8540
9786,45,484,10.76,21.3,0,corps,5.469782835949085,1.3704
9787,28,336,12.00,13.8,0,corps,5.469048128223348,1.3986
9788,39,352,9.03,18.7,0,corps,5.4683137877596515,1.4547
9789,66,724,10.97,30.7,0,corps,5.467579814374409,1.7616
9790,48,526,10.96,22.7,0,corps,5.466846207884128,1.6015
9791,25,216,8.64,12.4,0,corps,5.466112968105406,1.4222
9792,46,525,11.41,21.8,0,corps,5.465380094854934,1.2362
9793,31,389,12.55,15.1,0,corps,5.464647587949495,1.4265
9794,33,302,9.15,16.0,0,corps,5.463915447205958,1.5058
9795,44,437,9.93,20.9,0,corps,5.463183672441292,1.5367
9796,57,726,12.74,26.7,0,corps,5.462452263472551,1.4248
9797,22,216,9.82,11.1,0,corps,5.461721220116883,1.2841
9798,53,556,10.49,24.9,0,corps,5.460990542191529,1.4796
9799,50,441,8.82,23.6,0,corps,5.460260229513818,1.2950
9800,45,441,9.80,21.3,0,corps,5.45953028190117,1.4400
9801,18,151,8.39,9.3,0,corps,5.458800699171102,2.5934
9802,39,376,9.64,18.7,0,corps,5.458071481141217,1.8288
9803,17,164,9.65,8.9,0,corps,5.457342627629207,1.1868
9804,52,481,9.25,24.4,0,corps,5.456614138452864,1.5484
9805,58,682,11.76,27.1,0,corps,5.455886013430064,1.7563
9806,60,805,13.42,28.0,0,corps,5.455158252378773,1.6645
9807,54,553,10.24,25.3,0,corps,5.454430855117052,1.5476
9808,80,1044,13.05,36.9,0,corps,5.453703821463055,1.4883
9809,44,488,11.09,20.9,0,corps,5.45297715123502,1.9335
9810,37,397,10.73,17.8,0,corps,5.452250844251278,1.2957
9811,52,583,11.21,24.4,0,corps,5.451524900330257,1.7070
9812,47,481,10.23,22.2,0,corps,5.450799319290469,1.6329
9813,46,496,10.78,21.8,0,corps,5.450074100950516,1.8135
9814,15,136,9.07,8.0,0,corps,5.449349245129098,1.2348
9815,15,123,8.20,8.0,0,corps,5.448624751644998,1.6063
9816,24,200,8.33,12.0,0,corps,5.4479006203170925,1.4605
9817,21,162,7.71,10.7,0,corps,5.447176850964351,1.4548
9818,48,523,10.90,22.7,0,corps,5.44645344340583,1.5949
9819,79,985,12.47,36.4,0,corps,5.445730397460676,1.6178
9820,48,538,11.21,22.7,0,corps,5.44500771294813,1.8099
9821,63,859,13.63,29.3,0,corps,5.44428538968752,1.2695
9822,54,660,12.22,25.3,0,corps,5.443563427498265,1.7034
9823,67,884,13.19,31.1,0,corps,5.4428418261998734,1.5554
9824,31,267,8.61,15.1,0,corps,5.442120585611946,1.3782
9825,31,292,9.42,15.1,0,corps,5.441399705554174,1.1708
9826,77,995,12.92,35.6,0,corps,5.440679185846333,1.4920
9827,24,222,9.25,12.0,0,corps,5.439959026308299,1.8496
9828,13,148,11.38,7.1,0,corps,5.439239226760027,1.5191
9829,31,277,8.94,15.1,0,corps,5.438519787021569,1.8095
9830,88,1112,12.64,40.4,0,corps,5.437800706913067,1.6639
9831,8,60,7.50,4.9,0,corps,5.437081986254749,2.7104
9832,50,486,9.72,23.6,0,corps,5.436363624866933,1.7628
9833,57,574,10.07,26.7,0,corps,5.435645622570033,1.6084
9834,22,186,8.45,11.1,0,corps,5.434927979184546,1.1359
9835,18,143,7.94,9.3,0,corps,5.4342106945310595,1.8122
9836,77,1106,14.36,35.6,0,corps,5.433493768430255,1.3321
9837,20,161,8.05,10.2,0,corps,5.432777200702901,1.7438
9838,23,224,9.74,11.6,0,corps,5.4320609911698545,1.6324
9839,51,609,11.94,24.0,0,corps,5.431345139652062,1.4941
9840,23,224,9.74,11.6,0,corps,5.430629645970562,1.3632
9841,45,470,10.44,21.3,0,corps,5.429914509946482,1.6115
9842,40,382,9.55,19.1,0,corps,5.429199731401035,1.7649
9843,15,135,9.00,8.0,0,corps,5.428485310155531,2.1661
9844,34,368,10.82,16.4,0,corps,5.4277712460313605,1.5797
9845,67,707,10.55,31.1,0,corps,5.427057538850008,1.5447
9846,16,129,8.06,8.4,0,corps,5.426344188433049,2.1245
9847,41,396,9.66,19.6,0,corps,5.425631194602145,1.7175
9848,54,585,10.83,25.3,0,corps,5.424918557179045,1.8893
9849,57,657,11.53,26.7,0,corps,5.424206275985593,1.4876
9850,35,301,8.60,16.9,0,corps,5.423494350843719,1.9727
9851,48,619,12.90,22.7,0,corps,5.422782781575437,1.7457
9852,32,313,9.78,15.6,0,corps,5.422071568002861,1.4843
9853,20,194,9.70,10.2,0,corps,5.421360709948182,1.5644
9854,32,358,11.19,15.6,0,corps,5.42065020723369,1.7062
9855,77,927,12.04,35.6,0,corps,5.419940059681755,1.5096
9856,54,689,12.76,25.3,0,corps,5.419230267114843,1.7121
9857,37,390,10.54,17.8,0,corps,5.418520829355505,1.6845
9858,40,395,9.88,19.1,0,corps,5.417811746226382,1.9440
9859,32,318,9.94,15.6,0,corps,5.417103017550204,2.3179
9860,62,646,10.42,28.9,0,corps,5.416394643149787,1.6937
9861,42,516,12.29,20.0,0,corps,5.415686622848037,1.6095
9862,57,597,10.47,26.7,0,corps,5.414978956467952,1.7593
9863,27,259,9.59,13.3,0,corps,5.4142716438326115,1.7696
9864,47,592,12.60,22.2,0,corps,5.41356468476519,1.6620
9865,91,1248,13.71,41.8,0,corps,5.412858079088948,1.7277
9866,34,295,8.68,16.4,0,corps,5.412151826627233,1.8088
9867,84,1146,13.64,38.7,0,corps,5.411445927203481,1.5128
9868,33,318,9.64,16.0,0,corps,5.410740380641219,1.7950
9869,43,450,10.47,20.4,0,corps,5.410035186764059,1.7579
9870,54,496,9.19,25.3,0,corps,5.409330345395704,2.1419
9871,50,604,12.08,23.6,0,corps,5.408625856359941,1.5743
9872,71,829,11.68,32.9,0,corps,5.407921719480651,1.6813
9873,44,484,11.00,20.9,0,corps,5.407217934581798,1.9286
9874,34,383,11.26,16.4,0,corps,5.406514501487434,1.9258
9875,56,865,15.45,26.2,0,corps,5.4058114200217044,1.8563
9876,46,541,11.76,21.8,0,corps,5.405108690008838,1.6344
9877,56,767,13.70,26.2,0,corps,5.404406311273149,1.6792
9878,45,484,10.76,21.3,0,corps,5.403704283639048,1.7017
9879,62,685,11.05,28.9,0,corps,5.4030026069310235,1.8693
9880,36,319,8.86,17.3,0,corps,5.402301280973658,1.6313
9881,36,326,9.06,17.3,0,corps,5.401600305591621,1.5280
9882,18,170,9.44,9.3,0,corps,5.400899680609666,1.5308
9883,49,400,8.16,23.1,0,corps,5.40019940585264,1.6360
9884,57,799,14.02,26.7,0,corps,5.399499481145472,1.5220
9885,20,182,9.10,10.2,0,corps,5.398799906313182,1.2994
9886,26,250,9.62,12.9,0,corps,5.3981006811808765,1.8214
9887,24,207,8.62,12.0,0,corps,5.397401805573747,1.7835
9888,83,1154,13.90,38.2,0,corps,5.396703279317077,1.4600
9889,64,657,10.27,29.8,0,corps,5.396005102236234,1.4840
9890,26,230,8.85,12.9,0,corps,5.395307274156673,1.3528
9891,63,627,9.95,29.3,0,corps,5.394609794903939,1.8274
9892,42,403,9.60,20.0,0,corps,5.393912664303661,1.7205
9893,37,337,9.11,17.8,0,corps,5.393215882181555,1.3567
9894,54,630,11.67,25.3,0,corps,5.392519448363429,1.5266
9895,29,269,9.28,14.2,0,corps,5.391823362675171,1.6200
9896,53,564,10.64,24.9,0,corps,5.391127624942761,1.4340
9897,35,311,8.89,16.9,0,corps,5.390432234992264,1.3792
9898,24,212,8.83,12.0,0,corps,5.389737192649834,1.8336
9899,33,363,11.00,16.0,0,corps,5.38904249774171,1.3994
9900,42,436,10.38,20.0,0,corps,5.388348150094215,1.6843
9901,20,166,8.30,10.2,0,corps,5.387654149533767,1.8322
9902,30,286,9.53,14.7,0,corps,5.386960495886863,1.6759
9903,59,571,9.68,27.6,0,corps,5.38626718898009,1.8858
9904,83,1083,13.05,38.2,0,corps,5.385574228640122,1.5555
9905,60,703,11.72,28.0,0,corps,5.384881614693718,1.6904
9906,42,404,9.62,20.0,0,corps,5.384189346967724,1.9352
9907,71,761,10.72,32.9,0,corps,5.383497425289076,1.8198
9908,18,151,8.39,9.3,0,corps,5.38280584948479,1.5580
9909,54,563,10.43,25.3,0,corps,5.382114619381973,1.5700
9910,8,48,6.00,4.9,0,corps,5.381423734807819,3.0616
9911,49,458,9.35,23.1,0,corps,5.380733195589607,1.9540
9912,43,442,10.28,20.4,0,corps,5.380043001554699,1.6777
9913,36,346,9.61,17.3,0,corps,5.37935315253055,1.5717
9914,37,258,6.97,17.8,0,corps,5.378663648344697,2.7066
9915,32,307,9.59,15.6,0,corps,5.377974488824762,1.7186
9916,49,510,10.41,23.1,0,corps,5.377285673798456,1.6192
9917,22,187,8.50,11.1,0,corps,5.376597203093576,1.7992
9918,61,675,11.07,28.4,0,corps,5.3759090765380035,2.0174
9919,46,453,9.85,21.8,0,corps,5.375221293959707,1.9009
9920,73,888,12.16,33.8,0,corps,5.374533855186743,1.5573
9921,49,395,8.06,23.1,0,corps,5.3738467600472495,1.7311
9922,58,675,11.64,27.1,0,corps,5.373160008369452,1.3524
9923,34,342,10.06,16.4,0,corps,5.372473599981664,1.7199
9924,59,549,9.31,27.6,0,corps,5.3717875347122845,1.8346
9925,17,149,8.76,8.9,0,corps,5.371101812389794,1.8954
9926,38,377,9.92,18.2,0,corps,5.370416432842765,1.6184
9927,28,230,8.21,13.8,0,corps,5.369731395899851,1.5307
9928,33,314,9.52,16.0,0,corps,5.369046701389793,1.4015
9929,46,470,10.22,21.8,0,corps,5.368362349141417,1.7251
9930,60,706,11.77,28.0,0,corps,5.367678338983637,1.4305
9931,30,276,9.20,14.7,0,corps,5.366994670745448,1.4103
9932,56,533,9.52,26.2,0,corps,5.366311344255933,1.5923
9933,32,296,9.25,15.6,0,corps,5.365628359344262,1.5229
9934,70,818,11.69,32.4,0,corps,5.3649457158396885,1.6393
9935,17,152,8.94,8.9,0,corps,5.364263413571549,1.6100
9936,44,511,11.61,20.9,0,corps,5.363581452369272,1.6178
9937,30,291,9.70,14.7,0,corps,5.362899832062365,1.6210
9938,8,74,9.25,4.9,0,corps,5.362218552480422,1.3299
9939,20,175,8.75,10.2,0,corps,5.361537613453125,1.6016
9940,15,106,7.07,8.0,0,corps,5.360857014810239,2.2789
9941,45,496,11.02,21.3,0,corps,5.360176756381612,1.6112
9942,36,355,9.86,17.3,0,corps,5.359496837997183,1.4043
9943,46,412,8.96,21.8,0,corps,5.35881725948697,1.6618
9944,39,344,8.82,18.7,0,corps,5.358138020681078,1.8446
9945,49,526,10.73,23.1,0,corps,5.357459121409699,1.4405
9946,27,272,10.07,13.3,0,corps,5.356780561503108,1.2876
9947,34,343,10.09,16.4,0,corps,5.356102340791664,1.4993
9948,55,606,11.02,25.8,0,corps,5.355424459105811,1.5139
9949,28,291,10.39,13.8,0,corps,5.354746916276082,1.3179
9950,71,1030,14.51,32.9,0,corps,5.3540697121330885,1.5485
9951,70,955,13.64,32.4,0,corps,5.3533928465075284,1.4869
9952,56,550,9.82,26.2,0,corps,5.352716319230188,1.6225
