n_game,score,steps,pas_pomme,fill_pct,victoire,cause,eps,loss
1,2,267,133.50,2.2,0,corps,199.90202449591717,0.3872
2,0,445,445.00,1.3,0,famine_truncated,199.8040979673415,0.0029
3,2,638,319.00,2.2,0,corps,199.70622038979133,0.1606
4,2,430,215.00,2.2,0,corps,199.60839173879728,0.2365
5,2,268,134.00,2.2,0,corps,199.51061198990217,0.3953
6,2,593,296.50,2.2,0,corps,199.41288111866112,0.1688
7,2,431,215.50,2.2,0,corps,199.3151991006413,0.2330
8,2,500,250.00,2.2,0,corps,199.21756591142233,0.2061
9,2,356,178.00,2.2,0,corps,199.11998152659584,0.2705
10,2,815,407.50,2.2,0,corps,199.02244592176575,0.1202
11,1,469,469.00,1.8,0,famine_truncated,198.92495907254815,0.0834
12,0,445,445.00,1.3,0,famine_truncated,198.82752095457133,0.0018
13,2,143,71.50,2.2,0,corps,198.73013154347575,0.6766
14,4,410,102.50,3.1,0,corps,198.63279081491407,0.3966
15,3,635,211.67,2.7,0,corps,198.53549874455112,0.2072
16,0,445,445.00,1.3,0,famine_truncated,198.4382553080639,0.0052
17,2,829,414.50,2.2,0,corps,198.34106048114148,0.1173
18,2,577,288.50,2.2,0,corps,198.2439142394852,0.1535
19,0,445,445.00,1.3,0,famine_truncated,198.14681655880847,0.0040
20,2,218,109.00,2.2,0,corps,198.04976741483696,0.3829
21,2,294,147.00,2.2,0,corps,197.95276678330828,0.3569
22,2,185,92.50,2.2,0,corps,197.85581463997227,0.4916
23,0,445,445.00,1.3,0,famine_truncated,197.75891096059095,0.0157
24,2,75,37.50,2.2,0,corps,197.66205572093838,1.0192
25,2,326,163.00,2.2,0,corps,197.56524889680077,0.2911
26,2,254,127.00,2.2,0,corps,197.46849046397637,0.3126
27,0,445,445.00,1.3,0,famine_truncated,197.3717803982756,0.0109
28,2,527,263.50,2.2,0,corps,197.27511867552093,0.1793
29,1,476,476.00,1.8,0,famine_truncated,197.17850527154695,0.0693
30,0,445,445.00,1.3,0,famine_truncated,197.08194016220028,0.0097
31,3,423,141.00,2.7,0,corps,196.98542332333966,0.2804
32,2,569,284.50,2.2,0,corps,196.8889547308359,0.1449
33,1,575,575.00,1.8,0,famine_truncated,196.79253436057178,0.0623
34,1,554,554.00,1.8,0,famine_truncated,196.6961621884423,0.0668
35,3,440,146.67,2.7,0,corps,196.59983819035435,0.2902
36,2,285,142.50,2.2,0,corps,196.50356234222696,0.2699
37,1,646,646.00,1.8,0,famine_truncated,196.4073346199911,0.0635
38,2,126,63.00,2.2,0,corps,196.31115499958997,0.5530
39,2,172,86.00,2.2,0,corps,196.21502345697857,0.4561
40,0,445,445.00,1.3,0,famine_truncated,196.11893996812404,0.0160
41,3,545,181.67,2.7,0,corps,196.0229045090055,0.2182
42,1,729,729.00,1.8,0,famine_truncated,195.92691705561407,0.0683
43,2,84,42.00,2.2,0,corps,195.83097758395294,0.8867
44,1,713,713.00,1.8,0,famine_truncated,195.73508607003717,0.0571
45,2,587,293.50,2.2,0,corps,195.63924248989392,0.1185
46,2,396,198.00,2.2,0,corps,195.5434468195623,0.2071
47,2,606,303.00,2.2,0,corps,195.4476990350934,0.1279
48,2,307,153.50,2.2,0,corps,195.3519991125502,0.2694
49,2,368,184.00,2.2,0,corps,195.25634702800784,0.1973
50,1,452,452.00,1.8,0,famine_truncated,195.1607427575532,0.0767
51,2,81,40.50,2.2,0,corps,195.06518627728525,0.8517
52,0,445,445.00,1.3,0,famine_truncated,194.96967756331486,0.0188
53,0,445,445.00,1.3,0,famine_truncated,194.87421659176488,0.0110
54,3,142,47.33,2.7,0,corps,194.77880333877,0.7019
55,0,445,445.00,1.3,0,famine_truncated,194.683437780477,0.0132
56,2,551,275.50,2.2,0,corps,194.5881198930444,0.1247
57,2,650,325.00,2.2,0,corps,194.49284965264278,0.1335
58,2,577,288.50,2.2,0,corps,194.39762703545455,0.1230
59,0,445,445.00,1.3,0,famine_truncated,194.30245201767406,0.0156
60,0,445,445.00,1.3,0,famine_truncated,194.2073245755076,0.0147
61,2,611,305.50,2.2,0,corps,194.11224468517327,0.1362
62,1,797,797.00,1.8,0,famine_truncated,194.0172123229011,0.0568
63,0,445,445.00,1.3,0,famine_truncated,193.92222746493297,0.0099
64,0,445,445.00,1.3,0,famine_truncated,193.82729008752273,0.0105
65,0,445,445.00,1.3,0,famine_truncated,193.73240016693597,0.0081
66,2,678,339.00,2.2,0,corps,193.63755767945028,0.1034
67,3,282,94.00,2.7,0,corps,193.54276260135498,0.3540
68,2,146,73.00,2.2,0,corps,193.44801490895128,0.5059
69,2,534,267.00,2.2,0,corps,193.35331457855233,0.1342
70,2,454,227.00,2.2,0,corps,193.25866158648302,0.1559
71,2,662,331.00,2.2,0,corps,193.1640559090801,0.1019
72,0,445,445.00,1.3,0,famine_truncated,193.0694975226921,0.0156
73,2,474,237.00,2.2,0,corps,192.9749864036795,0.1439
74,2,80,40.00,2.2,0,corps,192.88052252841447,0.6403
75,1,479,479.00,1.8,0,famine_truncated,192.78610587328106,0.0753
76,2,594,297.00,2.2,0,corps,192.6917364146751,0.1361
77,2,556,278.00,2.2,0,corps,192.59741412900425,0.1219
78,2,188,94.00,2.2,0,corps,192.50313899268787,0.2950
79,2,419,209.50,2.2,0,corps,192.40891098215724,0.1790
80,2,140,70.00,2.2,0,corps,192.31473007385534,0.4346
81,2,294,147.00,2.2,0,corps,192.22059624423696,0.2185
82,2,372,186.00,2.2,0,corps,192.1265094697686,0.2124
83,0,445,445.00,1.3,0,famine_truncated,192.03246972692855,0.0431
84,2,323,161.50,2.2,0,corps,191.93847699220697,0.2094
85,2,395,197.50,2.2,0,corps,191.8445312421056,0.1697
86,0,445,445.00,1.3,0,famine_truncated,191.75063245313802,0.0257
87,1,546,546.00,1.8,0,famine_truncated,191.65678060182952,0.0793
88,2,193,96.50,2.2,0,corps,191.56297566471713,0.3405
89,0,445,445.00,1.3,0,famine_truncated,191.46921761834966,0.0311
90,2,393,196.50,2.2,0,corps,191.3755064392876,0.1733
91,2,484,242.00,2.2,0,corps,191.28184210410308,0.1454
92,2,152,76.00,2.2,0,corps,191.18822458938007,0.3724
93,2,673,336.50,2.2,0,corps,191.09465387171417,0.0972
94,0,445,445.00,1.3,0,famine_truncated,191.00112992771275,0.0234
95,2,379,189.50,2.2,0,corps,190.90765273399478,0.1982
96,2,394,197.00,2.2,0,corps,190.81422226719093,0.1697
97,1,780,780.00,1.8,0,famine_truncated,190.72083850394364,0.0606
98,2,213,106.50,2.2,0,corps,190.62750142090695,0.2717
99,2,116,58.00,2.2,0,corps,190.5342109947466,0.4983
100,0,445,445.00,1.3,0,famine_truncated,190.44096720213994,0.0362
101,2,158,79.00,2.2,0,corps,190.34777001977608,0.3473
102,2,269,134.50,2.2,0,corps,190.2546194243557,0.2573
103,3,557,185.67,2.7,0,corps,190.16151539259113,0.1796
104,2,162,81.00,2.2,0,corps,190.06845790120636,0.3769
105,2,320,160.00,2.2,0,corps,189.97544692693705,0.1858
106,2,197,98.50,2.2,0,corps,189.88248244653045,0.2791
107,2,122,61.00,2.2,0,corps,189.78956443674542,0.4721
108,2,390,195.00,2.2,0,corps,189.69669287435246,0.1787
109,2,454,227.00,2.2,0,corps,189.6038677361337,0.1465
110,2,142,71.00,2.2,0,corps,189.51108899888283,0.4214
111,2,284,142.00,2.2,0,corps,189.4183566394052,0.2185
112,1,727,727.00,1.8,0,famine_truncated,189.32567063451765,0.0682
113,2,387,193.50,2.2,0,corps,189.23303096104874,0.1707
114,2,231,115.50,2.2,0,corps,189.1404375958386,0.2659
115,2,438,219.00,2.2,0,corps,189.04789051573874,0.1617
116,2,309,154.50,2.2,0,corps,188.95538969761253,0.1754
117,2,315,157.50,2.2,0,corps,188.86293511833466,0.1964
118,1,553,553.00,1.8,0,famine_truncated,188.77052675479155,0.0908
119,2,653,326.50,2.2,0,corps,188.6781645838811,0.1093
120,2,95,47.50,2.2,0,corps,188.58584858251274,0.5450
121,2,249,124.50,2.2,0,corps,188.4935787276075,0.3077
122,2,26,13.00,2.2,0,corps,188.4013549960979,2.3346
123,2,433,216.50,2.2,0,corps,188.30917736492802,0.1866
124,2,182,91.00,2.2,0,corps,188.21704581105342,0.2924
125,2,411,205.50,2.2,0,corps,188.12496031144127,0.1752
126,1,684,684.00,1.8,0,famine_truncated,188.03292084307012,0.0808
127,1,548,548.00,1.8,0,famine_truncated,187.94092738293017,0.1198
128,2,291,145.50,2.2,0,corps,187.84897990802298,0.2132
129,2,172,86.00,2.2,0,corps,187.75707839536176,0.3808
130,2,346,173.00,2.2,0,corps,187.66522282197107,0.1974
131,2,405,202.50,2.2,0,corps,187.57341316488706,0.1873
132,1,573,573.00,1.8,0,famine_truncated,187.4816494011573,0.1086
133,2,534,267.00,2.2,0,corps,187.38993150784083,0.1247
134,2,132,66.00,2.2,0,corps,187.29825946200822,0.4700
135,1,625,625.00,1.8,0,famine_truncated,187.20663324074138,0.0895
136,2,102,51.00,2.2,0,corps,187.11505282113384,0.5284
137,0,445,445.00,1.3,0,famine_truncated,187.0235181802905,0.0519
138,0,445,445.00,1.3,0,famine_truncated,186.9320292953276,0.0677
139,2,479,239.50,2.2,0,corps,186.84058614337297,0.1641
140,1,785,785.00,1.8,0,famine_truncated,186.74918870156588,0.0876
141,2,56,28.00,2.2,0,corps,186.65783694705686,1.0039
142,2,141,70.50,2.2,0,corps,186.56653085700805,0.5122
143,0,445,445.00,1.3,0,famine_truncated,186.4752704085929,0.0607
144,2,321,160.50,2.2,0,corps,186.38405557899634,0.2096
145,2,362,181.00,2.2,0,corps,186.2928863454146,0.2169
146,2,205,102.50,2.2,0,corps,186.20176268505537,0.3273
147,2,103,51.50,2.2,0,corps,186.11068457513778,0.4851
148,1,573,573.00,1.8,0,famine_truncated,186.0196519928923,0.1012
149,2,494,247.00,2.2,0,corps,185.92866491556074,0.1718
150,3,133,44.33,2.7,0,corps,185.83772332039638,0.6499
151,3,129,43.00,2.7,0,corps,185.74682718466377,0.5844
152,2,593,296.50,2.2,0,corps,185.65597648563892,0.1557
153,2,136,68.00,2.2,0,corps,185.56517120060914,0.4170
154,3,144,48.00,2.7,0,corps,185.47441130687307,0.6070
155,1,579,579.00,1.8,0,famine_truncated,185.38369678174084,0.1218
156,2,277,138.50,2.2,0,corps,185.2930276025337,0.2810
157,2,163,81.50,2.2,0,corps,185.20240374658442,0.3291
158,2,167,83.50,2.2,0,corps,185.11182519123702,0.3315
159,2,144,72.00,2.2,0,corps,185.02129191384685,0.3540
160,2,434,217.00,2.2,0,corps,184.9308038917806,0.1848
161,2,274,137.00,2.2,0,corps,184.8403611024163,0.2701
162,3,300,100.00,2.7,0,corps,184.74996352314318,0.3649
163,2,477,238.50,2.2,0,corps,184.65961113136188,0.1939
164,2,401,200.50,2.2,0,corps,184.56930390448434,0.2100
165,2,430,215.00,2.2,0,corps,184.47904181993368,0.2104
166,2,301,150.50,2.2,0,corps,184.38882485514443,0.2375
167,2,155,77.50,2.2,0,corps,184.29865298756235,0.4015
168,2,353,176.50,2.2,0,corps,184.20852619464443,0.1880
169,2,235,117.50,2.2,0,corps,184.118444453859,0.2880
170,2,320,160.00,2.2,0,corps,184.02840774268566,0.2988
171,2,192,96.00,2.2,0,corps,183.93841603861514,0.3374
172,2,206,103.00,2.2,0,corps,183.8484693191496,0.2530
173,2,312,156.00,2.2,0,corps,183.75856756180232,0.2508
174,2,196,98.00,2.2,0,corps,183.66871074409787,0.2495
175,2,302,151.00,2.2,0,corps,183.578898843572,0.2423
176,2,188,94.00,2.2,0,corps,183.48913183777182,0.3515
177,2,239,119.50,2.2,0,corps,183.39940970425553,0.2465
178,2,175,87.50,2.2,0,corps,183.30973242059258,0.3339
179,2,211,105.50,2.2,0,corps,183.2200999643637,0.3145
180,2,308,154.00,2.2,0,corps,183.13051231316072,0.2155
181,2,338,169.00,2.2,0,corps,183.04096944458678,0.1707
182,2,260,130.00,2.2,0,corps,182.95147133625608,0.2008
183,2,413,206.50,2.2,0,corps,182.8620179657942,0.1511
184,2,185,92.50,2.2,0,corps,182.7726093108377,0.3788
185,0,445,445.00,1.3,0,famine_truncated,182.6832453490345,0.0550
186,2,115,57.50,2.2,0,corps,182.59392605804354,0.4338
187,2,248,124.00,2.2,0,corps,182.50465141553505,0.2629
188,2,239,119.50,2.2,0,corps,182.41542139919034,0.2877
189,3,73,24.33,2.7,0,corps,182.32623598670187,0.8287
190,2,359,179.50,2.2,0,corps,182.23709515577335,0.1732
191,2,212,106.00,2.2,0,corps,182.14799888411957,0.3415
192,2,856,428.00,2.2,0,corps,182.05894714946643,0.1390
193,2,512,256.00,2.2,0,corps,181.96993992955097,0.1558
194,2,330,165.00,2.2,0,corps,181.88097720212144,0.2518
195,2,363,181.50,2.2,0,corps,181.79205894493714,0.1908
196,2,121,60.50,2.2,0,corps,181.7031851357685,0.3394
197,2,637,318.50,2.2,0,corps,181.61435575239707,0.1440
198,2,398,199.00,2.2,0,corps,181.5255707726155,0.1666
199,2,48,24.00,2.2,0,corps,181.43683017422757,0.9491
200,2,322,161.00,2.2,0,corps,181.34813393504808,0.1842
201,2,140,70.00,2.2,0,corps,181.259482032903,0.4642
202,2,354,177.00,2.2,0,corps,181.17087444562935,0.2776
203,2,352,176.00,2.2,0,corps,181.08231115107526,0.2834
204,1,502,502.00,1.8,0,famine_truncated,180.99379212709985,0.1852
205,2,67,33.50,2.2,0,corps,180.90531735157342,0.9488
206,3,240,80.00,2.7,0,corps,180.81688680237724,0.2803
207,3,232,77.33,2.7,0,corps,180.72850045740367,0.4654
208,2,170,85.00,2.2,0,corps,180.64015829455616,0.4081
209,4,83,20.75,3.1,0,corps,180.5518602917491,1.0872
210,3,189,63.00,2.7,0,corps,180.46360642690806,0.4358
211,2,119,59.50,2.2,0,corps,180.37539667796955,0.4966
212,2,173,86.50,2.2,0,corps,180.28723102288112,0.2996
213,2,133,66.50,2.2,0,corps,180.19910943960136,0.4321
214,2,481,240.50,2.2,0,corps,180.11103190609987,0.2083
215,2,71,35.50,2.2,0,corps,180.02299840035732,0.6336
216,2,126,63.00,2.2,0,corps,179.93500890036523,0.4085
217,3,122,40.67,2.7,0,corps,179.8470633841263,0.7149
218,2,254,127.00,2.2,0,corps,179.75916182965415,0.2783
219,3,455,151.67,2.7,0,corps,179.67130421497336,0.2640
220,2,176,88.00,2.2,0,corps,179.58349051811953,0.3357
221,2,42,21.00,2.2,0,corps,179.49572071713925,1.3481
222,0,445,445.00,1.3,0,famine_truncated,179.40799479009007,0.2154
223,2,317,158.50,2.2,0,corps,179.3203127150405,0.2801
224,2,237,118.50,2.2,0,corps,179.23267447007,0.3662
225,2,396,198.00,2.2,0,corps,179.14508003326907,0.3663
226,2,195,97.50,2.2,0,corps,179.05752938273903,0.3635
227,2,327,163.50,2.2,0,corps,178.97002249659226,0.3011
228,2,317,158.50,2.2,0,corps,178.88255935295203,0.3744
229,2,113,56.50,2.2,0,corps,178.79513992995254,0.4920
230,0,445,445.00,1.3,0,famine_truncated,178.70776420573895,0.2029
231,2,81,40.50,2.2,0,corps,178.6204321584673,0.6495
232,2,195,97.50,2.2,0,corps,178.53314376630465,0.4349
233,2,177,88.50,2.2,0,corps,178.4458990074288,0.4165
234,2,337,168.50,2.2,0,corps,178.35869786002863,0.2714
235,3,230,76.67,2.7,0,corps,178.2715403023038,0.4835
236,2,372,186.00,2.2,0,corps,178.184426312465,0.2458
237,2,110,55.00,2.2,0,corps,178.09735586873367,0.5791
238,2,382,191.00,2.2,0,corps,178.0103289493422,0.3166
239,2,108,54.00,2.2,0,corps,177.92334553253392,0.7150
240,2,268,134.00,2.2,0,corps,177.83640559656286,0.4230
241,0,445,445.00,1.3,0,famine_truncated,177.74950911969415,0.1999
242,2,462,231.00,2.2,0,corps,177.66265608020362,0.2477
243,2,145,72.50,2.2,0,corps,177.575846456378,0.3944
244,2,350,175.00,2.2,0,corps,177.48908022651491,0.3114
245,0,445,445.00,1.3,0,famine_truncated,177.4023573689228,0.1630
246,3,360,120.00,2.7,0,corps,177.3156778619209,0.3465
247,2,183,91.50,2.2,0,corps,177.22904168383937,0.3988
248,1,839,839.00,1.8,0,famine_truncated,177.14244881301917,0.1898
249,2,134,67.00,2.2,0,corps,177.0558992278121,0.5047
250,2,156,78.00,2.2,0,corps,176.9693929065807,0.5068
251,2,236,118.00,2.2,0,corps,176.88292982769846,0.4391
252,2,57,28.50,2.2,0,corps,176.79650996954953,0.8221
253,2,392,196.00,2.2,0,corps,176.71013331052902,0.2531
254,2,193,96.50,2.2,0,corps,176.62379982904278,0.3633
255,3,168,56.00,2.7,0,corps,176.53750950350735,0.5497
256,2,55,27.50,2.2,0,corps,176.45126231235017,1.2998
257,2,334,167.00,2.2,0,corps,176.36505823400952,0.3267
258,2,362,181.00,2.2,0,corps,176.27889724693432,0.2964
259,2,240,120.00,2.2,0,corps,176.1927793295843,0.3409
260,2,78,39.00,2.2,0,corps,176.10670446043002,0.6621
261,2,367,183.50,2.2,0,corps,176.02067261795273,0.2290
262,2,334,167.00,2.2,0,corps,175.93468378064455,0.2352
263,2,28,14.00,2.2,0,corps,175.84873792700816,1.3705
264,2,117,58.50,2.2,0,corps,175.76283503555717,0.4744
265,2,27,13.50,2.2,0,corps,175.6769750848158,1.9891
266,2,249,124.50,2.2,0,corps,175.59115805331913,0.3235
267,2,240,120.00,2.2,0,corps,175.50538391961285,0.2794
268,2,290,145.00,2.2,0,corps,175.41965266225347,0.2603
269,2,102,51.00,2.2,0,corps,175.33396425980814,0.4322
270,2,107,53.50,2.2,0,corps,175.24831869085475,0.5758
271,3,124,41.33,2.7,0,corps,175.16271593398193,0.5926
272,2,197,98.50,2.2,0,corps,175.077155967789,0.3779
273,2,50,25.00,2.2,0,corps,174.9916387708859,0.7678
274,2,55,27.50,2.2,0,corps,174.90616432189344,0.8870
275,2,240,120.00,2.2,0,corps,174.82073259944292,0.3427
276,2,105,52.50,2.2,0,corps,174.73534358217648,0.4602
277,2,364,182.00,2.2,0,corps,174.64999724874679,0.2065
278,2,136,68.00,2.2,0,corps,174.5646935778173,0.4511
279,2,615,307.50,2.2,0,corps,174.4794325480621,0.2438
280,3,226,75.33,2.7,0,corps,174.39421413816595,0.3694
281,2,87,43.50,2.2,0,corps,174.3090383268242,0.9343
282,3,218,72.67,2.7,0,corps,174.2239050927429,0.4751
283,2,210,105.00,2.2,0,corps,174.13881441463877,0.3481
284,2,358,179.00,2.2,0,corps,174.05376627123917,0.2773
285,0,445,445.00,1.3,0,famine_truncated,173.96876064128196,0.2466
286,2,113,56.50,2.2,0,corps,173.88379750351584,0.5228
287,0,445,445.00,1.3,0,famine_truncated,173.79887683669995,0.1889
288,2,110,55.00,2.2,0,corps,173.71399861960418,0.5497
289,2,36,18.00,2.2,0,corps,173.62916283100895,0.8911
290,2,185,92.50,2.2,0,corps,173.5443694497053,0.5891
291,2,226,113.00,2.2,0,corps,173.4596184544949,0.4246
292,3,305,101.67,2.7,0,corps,173.37490982418998,0.3630
293,3,199,66.33,2.7,0,corps,173.2902435376134,0.4203
294,2,225,112.50,2.2,0,corps,173.20561957359863,0.4455
295,1,535,535.00,1.8,0,famine_truncated,173.12103791098957,0.2434
296,2,256,128.00,2.2,0,corps,173.03649852864092,0.3359
297,2,326,163.00,2.2,0,corps,172.95200140541775,0.2758
298,2,104,52.00,2.2,0,corps,172.86754652019582,0.4969
299,2,117,58.50,2.2,0,corps,172.78313385186138,0.5358
300,2,284,142.00,2.2,0,corps,172.69876337931134,0.4520
301,2,323,161.50,2.2,0,corps,172.61443508145297,0.2326
302,2,73,36.50,2.2,0,corps,172.53014893720427,0.5188
303,2,276,138.00,2.2,0,corps,172.44590492549366,0.2503
304,2,151,75.50,2.2,0,corps,172.3617030252602,0.4625
305,3,354,118.00,2.7,0,corps,172.27754321545333,0.2320
306,2,114,57.00,2.2,0,corps,172.19342547503317,0.6799
307,3,438,146.00,2.7,0,corps,172.10934978297027,0.2725
308,2,151,75.50,2.2,0,corps,172.02531611824568,0.3974
309,2,129,64.50,2.2,0,corps,171.941324459851,0.3631
310,2,97,48.50,2.2,0,corps,171.85737478678823,0.7112
311,2,74,37.00,2.2,0,corps,171.7734670780701,0.4566
312,2,168,84.00,2.2,0,corps,171.68960131271962,0.3456
313,2,350,175.00,2.2,0,corps,171.60577746977032,0.2010
314,2,340,170.00,2.2,0,corps,171.52199552826627,0.1980
315,2,69,34.50,2.2,0,corps,171.438255467262,0.6034
316,2,450,225.00,2.2,0,corps,171.35455726582242,0.2762
317,3,351,117.00,2.7,0,corps,171.27090090302306,0.3602
318,2,232,116.00,2.2,0,corps,171.18728635794977,0.2865
319,2,344,172.00,2.2,0,corps,171.10371360969899,0.2643
320,4,107,26.75,3.1,0,corps,171.02018263737742,1.0725
321,2,79,39.50,2.2,0,corps,170.93669342010242,0.7890
322,2,286,143.00,2.2,0,corps,170.85324593700162,0.3738
323,2,339,169.50,2.2,0,corps,170.7698401672132,0.2606
324,2,246,123.00,2.2,0,corps,170.68647608988567,0.3154
325,3,146,48.67,2.7,0,corps,170.60315368417804,0.6343
326,2,53,26.50,2.2,0,corps,170.5198729292597,0.7974
327,2,123,61.50,2.2,0,corps,170.43663380431045,0.4453
328,2,78,39.00,2.2,0,corps,170.35343628852053,0.7385
329,2,119,59.50,2.2,0,corps,170.27028036109053,0.4636
330,2,86,43.00,2.2,0,corps,170.1871660012315,0.4642
331,2,197,98.50,2.2,0,corps,170.10409318816485,0.3943
332,2,156,78.00,2.2,0,corps,170.02106190112232,0.4091
333,2,167,83.50,2.2,0,corps,169.93807211934617,0.3044
334,2,50,25.00,2.2,0,corps,169.8551238220889,0.8692
335,3,476,158.67,2.7,0,corps,169.77221698861345,0.2714
336,2,101,50.50,2.2,0,corps,169.68935159819313,0.5297
337,2,110,55.00,2.2,0,corps,169.60652763011154,0.7046
338,2,250,125.00,2.2,0,corps,169.52374506366272,0.3988
339,2,63,31.50,2.2,0,corps,169.44100387815107,0.5847
340,2,495,247.50,2.2,0,corps,169.3583040528912,0.3075
341,2,165,82.50,2.2,0,corps,169.27564556720822,0.5210
342,2,237,118.50,2.2,0,corps,169.1930284004375,0.3608
343,3,201,67.00,2.7,0,corps,169.11045253192475,0.5265
344,0,445,445.00,1.3,0,famine_truncated,169.02791794102598,0.1880
345,2,211,105.50,2.2,0,corps,168.94542460710758,0.3243
346,2,62,31.00,2.2,0,corps,168.86297250954615,0.8282
347,2,138,69.00,2.2,0,corps,168.78056162772873,0.5910
348,2,238,119.00,2.2,0,corps,168.69819194105256,0.4292
349,2,82,41.00,2.2,0,corps,168.61586342892525,0.7119
350,2,60,30.00,2.2,0,corps,168.53357607076464,0.8025
351,3,148,49.33,2.7,0,corps,168.4513298459989,0.6241
352,2,52,26.00,2.2,0,corps,168.3691247340665,0.7294
353,3,53,17.67,2.7,0,corps,168.28696071441613,1.1921
354,2,157,78.50,2.2,0,corps,168.20483776650678,0.5632
355,2,315,157.50,2.2,0,corps,168.12275586980775,0.3581
356,2,121,60.50,2.2,0,corps,168.04071500379857,0.6314
357,2,121,60.50,2.2,0,corps,167.95871514796895,0.5640
358,4,191,47.75,3.1,0,corps,167.87675628181896,0.7009
359,2,75,37.50,2.2,0,corps,167.7948383848589,0.7539
360,2,55,27.50,2.2,0,corps,167.71296143660933,0.9799
361,2,93,46.50,2.2,0,corps,167.63112541660092,0.6783
362,2,182,91.00,2.2,0,corps,167.54933030437476,0.4581
363,2,130,65.00,2.2,0,corps,167.467576079482,0.4902
364,2,282,141.00,2.2,0,corps,167.38586272148413,0.4081
365,2,236,118.00,2.2,0,corps,167.30419020995276,0.4224
366,2,176,88.00,2.2,0,corps,167.22255852446983,0.4644
367,2,26,13.00,2.2,0,corps,167.14096764462735,1.2674
368,2,101,50.50,2.2,0,corps,167.05941755002766,0.5720
369,2,92,46.00,2.2,0,corps,166.9779082202832,0.7131
370,2,43,21.50,2.2,0,corps,166.89643963501663,1.6295
371,2,53,26.50,2.2,0,corps,166.81501177386082,0.9419
372,2,45,22.50,2.2,0,corps,166.7336246164588,0.9242
373,3,190,63.33,2.7,0,corps,166.65227814246379,0.5927
374,2,183,91.50,2.2,0,corps,166.57097233153917,0.4205
375,2,272,136.00,2.2,0,corps,166.48970716335847,0.3471
376,2,229,114.50,2.2,0,corps,166.4084826176054,0.3705
377,3,132,44.00,2.7,0,corps,166.32729867397384,0.5731
378,3,154,51.33,2.7,0,corps,166.2461553121678,0.4874
379,2,126,63.00,2.2,0,corps,166.16505251190142,0.4028
380,2,101,50.50,2.2,0,corps,166.083990252899,0.4181
381,2,165,82.50,2.2,0,corps,166.00296851489503,0.5393
382,2,156,78.00,2.2,0,corps,165.92198727763397,0.5192
383,2,283,141.50,2.2,0,corps,165.8410465208706,0.5118
384,4,251,62.75,3.1,0,corps,165.76014622436975,0.6029
385,2,418,209.00,2.2,0,corps,165.67928636790626,0.4549
386,2,161,80.50,2.2,0,corps,165.59846693126522,0.5588
387,2,163,81.50,2.2,0,corps,165.51768789424173,0.6640
388,2,232,116.00,2.2,0,corps,165.43694923664108,0.3871
389,2,179,89.50,2.2,0,corps,165.35625093827852,0.4502
390,2,79,39.50,2.2,0,corps,165.2755929789796,0.4302
391,2,44,22.00,2.2,0,corps,165.19497533857975,0.7998
392,2,125,62.50,2.2,0,corps,165.11439799692457,0.6758
393,2,264,132.00,2.2,0,corps,165.03386093386973,0.5415
394,2,93,46.50,2.2,0,corps,164.95336412928097,0.6065
395,2,279,139.50,2.2,0,corps,164.87290756303406,0.5051
396,2,95,47.50,2.2,0,corps,164.79249121501488,0.6560
397,2,109,54.50,2.2,0,corps,164.71211506511935,0.6053
398,2,31,15.50,2.2,0,corps,164.6317790932534,1.4535
399,2,212,106.00,2.2,0,corps,164.5514832793331,0.3810
400,4,221,55.25,3.1,0,corps,164.47122760328443,0.7413
401,3,167,55.67,2.7,0,corps,164.39101204504354,0.8112
402,2,226,113.00,2.2,0,corps,164.31083658455645,0.4261
403,2,79,39.50,2.2,0,corps,164.23070120177937,0.6159
404,2,203,101.50,2.2,0,corps,164.15060587667838,0.4260
405,2,170,85.00,2.2,0,corps,164.07055058922973,0.4046
406,2,161,80.50,2.2,0,corps,163.99053531941954,0.3933
407,2,112,56.00,2.2,0,corps,163.91056004724405,0.4515
408,2,407,203.50,2.2,0,corps,163.83062475270938,0.2927
409,2,132,66.00,2.2,0,corps,163.7507294158317,0.5988
410,3,72,24.00,2.7,0,corps,163.67087401663724,0.8358
411,2,162,81.00,2.2,0,corps,163.59105853516215,0.3942
412,2,257,128.50,2.2,0,corps,163.51128295145244,0.3488
413,2,97,48.50,2.2,0,corps,163.43154724556436,0.8047
414,2,282,141.00,2.2,0,corps,163.3518513975639,0.3394
415,3,376,125.33,2.7,0,corps,163.27219538752715,0.3887
416,2,112,56.00,2.2,0,corps,163.19257919554008,0.6465
417,2,286,143.00,2.2,0,corps,163.11300280169857,0.3446
418,2,204,102.00,2.2,0,corps,163.03346618610863,0.3448
419,2,288,144.00,2.2,0,corps,162.95396932888607,0.4096
420,2,169,84.50,2.2,0,corps,162.87451221015667,0.3069
421,2,118,59.00,2.2,0,corps,162.79509481005613,0.6352
422,2,43,21.50,2.2,0,corps,162.71571710873016,1.1912
423,2,72,36.00,2.2,0,corps,162.63637908633427,1.0013
424,3,58,19.33,2.7,0,corps,162.55708072303398,1.2917
425,2,93,46.50,2.2,0,corps,162.47782199900468,0.7501
426,2,193,96.50,2.2,0,corps,162.39860289443172,0.4319
427,3,104,34.67,2.7,0,corps,162.31942338951032,0.6412
428,2,119,59.50,2.2,0,corps,162.24028346444555,0.6203
429,2,293,146.50,2.2,0,corps,162.1611830994525,0.5662
430,2,457,228.50,2.2,0,corps,162.08212227475607,0.3414
431,2,92,46.00,2.2,0,corps,162.00310097059102,0.7724
432,2,168,84.00,2.2,0,corps,161.924119167202,0.6028
433,3,62,20.67,2.7,0,corps,161.84517684484365,0.9188
434,2,173,86.50,2.2,0,corps,161.7662739837803,0.5574
435,2,147,73.50,2.2,0,corps,161.68741056428627,0.5400
436,2,232,116.00,2.2,0,corps,161.6085865666457,0.5276
437,3,223,74.33,2.7,0,corps,161.52980197115258,0.5482
438,2,413,206.50,2.2,0,corps,161.4510567581108,0.3865
439,2,121,60.50,2.2,0,corps,161.372350907834,0.8500
440,2,276,138.00,2.2,0,corps,161.2936844006458,0.3892
441,2,342,171.00,2.2,0,corps,161.21505721687944,0.4020
442,2,208,104.00,2.2,0,corps,161.13646933687826,0.4686
443,2,125,62.50,2.2,0,corps,161.05792074099523,0.5626
444,2,143,71.50,2.2,0,corps,160.9794114095932,0.5312
445,2,290,145.00,2.2,0,corps,160.90094132304483,0.3326
446,3,117,39.00,2.7,0,corps,160.8225104617326,0.7141
447,3,283,94.33,2.7,0,corps,160.74411880604882,0.3840
448,2,291,145.50,2.2,0,corps,160.66576633639556,0.3337
449,2,48,24.00,2.2,0,corps,160.5874530331847,0.9952
450,3,169,56.33,2.7,0,corps,160.50917887683792,0.5277
451,3,59,19.67,2.7,0,corps,160.43094384778664,1.0554
452,3,67,22.33,2.7,0,corps,160.35274792647215,0.8580
453,2,180,90.00,2.2,0,corps,160.27459109334546,0.4002
454,2,186,93.00,2.2,0,corps,160.19647332886737,0.5032
455,2,89,44.50,2.2,0,corps,160.1183946135084,0.5903
456,2,121,60.50,2.2,0,corps,160.04035492774892,0.6565
457,2,126,63.00,2.2,0,corps,159.962354252079,0.5543
458,2,92,46.00,2.2,0,corps,159.8843925669984,0.5713
459,2,134,67.00,2.2,0,corps,159.8064698530168,0.4347
460,2,51,25.50,2.2,0,corps,159.7285860906535,0.7425
461,4,126,31.50,3.1,0,corps,159.65074126043746,0.7565
462,2,91,45.50,2.2,0,corps,159.57293534290758,0.9728
463,2,81,40.50,2.2,0,corps,159.49516831861234,0.6129
464,2,122,61.00,2.2,0,corps,159.41744016811,0.5754
465,2,97,48.50,2.2,0,corps,159.33975087196853,0.8928
466,3,60,20.00,2.7,0,corps,159.26210041076556,0.8322
467,2,132,66.00,2.2,0,corps,159.18448876508847,0.4810
468,3,124,41.33,2.7,0,corps,159.10691591553444,0.7638
469,2,69,34.50,2.2,0,corps,159.0293818427102,1.1757
470,2,43,21.50,2.2,0,corps,158.95188652723218,0.9427
471,3,120,40.00,2.7,0,corps,158.87442994972662,0.6713
472,2,99,49.50,2.2,0,corps,158.79701209082933,0.7880
473,2,178,89.00,2.2,0,corps,158.7196329311859,0.4828
474,2,186,93.00,2.2,0,corps,158.6422924514515,0.5728
475,3,218,72.67,2.7,0,corps,158.56499063229103,0.5748
476,2,112,56.00,2.2,0,corps,158.487727454379,0.5012
477,2,132,66.00,2.2,0,corps,158.41050289839967,0.4977
478,2,186,93.00,2.2,0,corps,158.33331694504685,0.5985
479,2,144,72.00,2.2,0,corps,158.25616957502407,0.4787
480,2,50,25.00,2.2,0,corps,158.1790607690445,0.8186
481,2,128,64.00,2.2,0,corps,158.10199050783086,0.6483
482,3,161,53.67,2.7,0,corps,158.02495877211572,0.6088
483,2,69,34.50,2.2,0,corps,157.94796554264104,0.7621
484,2,115,57.50,2.2,0,corps,157.8710108001586,0.9545
485,2,192,96.00,2.2,0,corps,157.7940945254296,0.5854
486,2,235,117.50,2.2,0,corps,157.71721669922508,0.4043
487,2,250,125.00,2.2,0,corps,157.6403773023255,0.5216
488,2,285,142.50,2.2,0,corps,157.56357631552106,0.4039
489,3,259,86.33,2.7,0,corps,157.4868137196115,0.5350
490,2,119,59.50,2.2,0,corps,157.41008949540617,0.4579
491,2,260,130.00,2.2,0,corps,157.33340362372402,0.3563
492,2,63,31.50,2.2,0,corps,157.25675608539353,0.9931
493,2,17,8.50,2.2,0,corps,157.1801468612529,2.3624
494,3,90,30.00,2.7,0,corps,157.1035759321498,0.8920
495,3,269,89.67,2.7,0,corps,157.02704327894145,0.6137
496,2,153,76.50,2.2,0,corps,156.9505488824947,0.7696
497,2,142,71.00,2.2,0,corps,156.874092723686,0.5190
498,2,271,135.50,2.2,0,corps,156.79767478340128,0.5620
499,2,231,115.50,2.2,0,corps,156.721295042536,0.5634
500,2,98,49.00,2.2,0,corps,156.64495348199537,0.7692
501,2,242,121.00,2.2,0,corps,156.56865008269384,0.4747
502,2,273,136.50,2.2,0,corps,156.49238482555563,0.3310
503,2,26,13.00,2.2,0,corps,156.41615769151446,1.8472
504,2,48,24.00,2.2,0,corps,156.33996866151344,1.4536
505,2,93,46.50,2.2,0,corps,156.26381771650543,0.5604
506,2,122,61.00,2.2,0,corps,156.1877048374526,0.5206
507,2,104,52.00,2.2,0,corps,156.1116300053268,0.6775
508,5,159,31.80,3.6,0,corps,156.03559320110932,0.9458
509,2,117,58.50,2.2,0,corps,155.95959440579088,0.5114
510,2,150,75.00,2.2,0,corps,155.88363360037187,0.5863
511,2,316,158.00,2.2,0,corps,155.80771076586203,0.3791
512,3,276,92.00,2.7,0,corps,155.7318258832807,0.4459
513,2,164,82.00,2.2,0,corps,155.6559789336566,0.3933
514,2,245,122.50,2.2,0,corps,155.580169898028,0.4746
515,2,139,69.50,2.2,0,corps,155.50439875744271,0.4660
516,2,108,54.00,2.2,0,corps,155.42866549295792,0.8011
517,2,189,94.50,2.2,0,corps,155.3529700856402,0.4260
518,2,91,45.50,2.2,0,corps,155.27731251656587,0.6482
519,2,173,86.50,2.2,0,corps,155.20169276682046,0.4131
520,2,76,38.00,2.2,0,corps,155.12611081749898,0.8278
521,2,50,25.00,2.2,0,corps,155.050566649706,0.9694
522,2,92,46.00,2.2,0,corps,154.97506024455552,0.7116
523,2,63,31.50,2.2,0,corps,154.89959158317083,0.9036
524,4,191,47.75,3.1,0,corps,154.82416064668487,0.7652
525,2,76,38.00,2.2,0,corps,154.74876741623982,0.7159
526,2,173,86.50,2.2,0,corps,154.67341187298743,0.4446
527,2,61,30.50,2.2,0,corps,154.59809399808876,0.6568
528,3,108,36.00,2.7,0,corps,154.5228137727144,0.7956
529,3,175,58.33,2.7,0,corps,154.44757117804429,0.5004
530,2,64,32.00,2.2,0,corps,154.37236619526772,1.2030
531,2,77,38.50,2.2,0,corps,154.2971988055835,0.8020
532,2,178,89.00,2.2,0,corps,154.22206899019977,0.5320
533,2,146,73.00,2.2,0,corps,154.14697673033405,0.3403
534,2,240,120.00,2.2,0,corps,154.0719220072133,0.2844
535,2,134,67.00,2.2,0,corps,153.99690480207383,0.6648
536,2,52,26.00,2.2,0,corps,153.92192509616135,1.1657
537,3,109,36.33,2.7,0,corps,153.8469828707309,0.8369
538,2,240,120.00,2.2,0,corps,153.772078107047,0.4125
539,2,82,41.00,2.2,0,corps,153.69721078638338,0.7949
540,3,101,33.67,2.7,0,corps,153.62238089002324,0.9049
541,3,256,85.33,2.7,0,corps,153.54758839925907,0.5559
542,2,118,59.00,2.2,0,corps,153.4728332953928,0.5430
543,3,135,45.00,2.7,0,corps,153.39811555973566,0.8720
544,3,88,29.33,2.7,0,corps,153.32343517360815,1.1575
545,2,70,35.00,2.2,0,corps,153.24879211834022,1.1530
546,2,107,53.50,2.2,0,corps,153.17418637527112,0.5295
547,3,174,58.00,2.7,0,corps,153.09961792574938,0.7615
548,2,141,70.50,2.2,0,corps,153.02508675113287,0.4178
549,2,97,48.50,2.2,0,corps,152.95059283278886,0.4701
550,2,178,89.00,2.2,0,corps,152.8761361520938,0.4283
551,2,28,14.00,2.2,0,corps,152.80171669043358,1.1760
552,2,107,53.50,2.2,0,corps,152.7273344292033,0.7214
553,2,74,37.00,2.2,0,corps,152.65298934980743,0.6606
554,2,151,75.50,2.2,0,corps,152.57868143365963,0.4808
555,3,69,23.00,2.7,0,corps,152.50441066218298,1.0939
556,2,191,95.50,2.2,0,corps,152.43017701680975,0.4726
557,2,52,26.00,2.2,0,corps,152.35598047898156,0.8243
558,2,131,65.50,2.2,0,corps,152.2818210301493,0.5368
559,2,74,37.00,2.2,0,corps,152.20769865177303,0.8219
560,6,182,30.33,4.0,0,corps,152.1336133253222,0.8802
561,2,201,100.50,2.2,0,corps,152.05956503227546,0.5269
562,2,85,42.50,2.2,0,corps,151.98555375412076,1.0379
563,4,160,40.00,3.1,0,corps,151.9115794723553,0.7544
564,2,39,19.50,2.2,0,corps,151.83764216848544,1.1064
565,3,148,49.33,2.7,0,corps,151.7637418240269,0.8161
566,2,53,26.50,2.2,0,corps,151.68987842050458,1.2213
567,2,26,13.00,2.2,0,corps,151.61605193945263,1.9806
568,3,155,51.67,2.7,0,corps,151.54226236241445,0.7057
569,2,90,45.00,2.2,0,corps,151.46850967094264,0.8809
570,2,86,43.00,2.2,0,corps,151.394793846599,0.6017
571,4,164,41.00,3.1,0,corps,151.32111487095457,0.6338
572,3,116,38.67,2.7,0,corps,151.24747272558966,0.9414
573,2,22,11.00,2.2,0,corps,151.17386739209368,1.9314
574,3,292,97.33,2.7,0,corps,151.10029885206532,0.5152
575,2,22,11.00,2.2,0,corps,151.02676708711243,1.4479
576,2,33,16.50,2.2,0,corps,150.9532720788521,1.2750
577,2,89,44.50,2.2,0,corps,150.87981380891054,0.4766
578,2,196,98.00,2.2,0,corps,150.80639225892318,0.4942
579,2,134,67.00,2.2,0,corps,150.73300741053467,0.6336
580,2,126,63.00,2.2,0,corps,150.65965924539879,0.5499
581,2,123,61.50,2.2,0,corps,150.58634774517847,0.8306
582,2,176,88.00,2.2,0,corps,150.51307289154585,0.4832
583,3,115,38.33,2.7,0,corps,150.4398346661822,0.8383
584,4,154,38.50,3.1,0,corps,150.366633050778,0.8291
585,3,104,34.67,2.7,0,corps,150.29346802703282,0.9170
586,2,126,63.00,2.2,0,corps,150.22033957665542,0.7309
587,3,167,55.67,2.7,0,corps,150.14724768136364,0.7335
588,2,112,56.00,2.2,0,corps,150.07419232288456,0.7220
589,3,100,33.33,2.7,0,corps,150.00117348295433,0.9299
590,2,145,72.50,2.2,0,corps,149.92819114331826,0.6216
591,3,79,26.33,2.7,0,corps,149.8552452857307,1.0871
592,3,69,23.00,2.7,0,corps,149.7823358919552,1.1491
593,2,77,38.50,2.2,0,corps,149.70946294376446,1.0201
594,2,245,122.50,2.2,0,corps,149.6366264229402,0.5845
595,2,136,68.00,2.2,0,corps,149.56382631127335,0.6236
596,3,212,70.67,2.7,0,corps,149.49106259056379,0.6439
597,3,104,34.67,2.7,0,corps,149.41833524262063,0.8793
598,2,28,14.00,2.2,0,corps,149.34564424926208,1.5251
599,2,81,40.50,2.2,0,corps,149.2729895923153,0.7632
600,4,106,26.50,3.1,0,corps,149.2003712536167,0.9286
601,2,104,52.00,2.2,0,corps,149.12778921501166,0.6089
602,2,43,21.50,2.2,0,corps,149.0552434583547,0.8500
603,2,108,54.00,2.2,0,corps,148.98273396550934,0.7541
604,2,159,79.50,2.2,0,corps,148.91026071834824,0.4286
605,2,140,70.00,2.2,0,corps,148.83782369875306,0.4023
606,2,191,95.50,2.2,0,corps,148.76542288861458,0.5599
607,2,41,20.50,2.2,0,corps,148.69305826983256,0.9899
608,2,105,52.50,2.2,0,corps,148.62072982431587,0.6003
609,4,223,55.75,3.1,0,corps,148.5484375339824,0.7013
610,2,172,86.00,2.2,0,corps,148.47618138075904,0.3901
611,2,150,75.00,2.2,0,corps,148.40396134658178,0.3540
612,2,173,86.50,2.2,0,corps,148.3317774133956,0.4341
613,2,99,49.50,2.2,0,corps,148.25962956315456,0.6149
614,2,48,24.00,2.2,0,corps,148.18751777782165,0.9811
615,2,114,57.00,2.2,0,corps,148.11544203936893,0.7229
616,3,230,76.67,2.7,0,corps,148.04340232977745,0.4145
617,2,101,50.50,2.2,0,corps,147.97139863103735,0.6716
618,2,69,34.50,2.2,0,corps,147.8994309251476,0.5275
619,2,350,175.00,2.2,0,corps,147.82749919411637,0.4340
620,2,149,74.50,2.2,0,corps,147.7556034199607,0.4688
621,2,113,56.50,2.2,0,corps,147.6837435847066,0.6897
622,2,47,23.50,2.2,0,corps,147.61191967038917,1.2550
623,2,138,69.00,2.2,0,corps,147.5401316590524,0.4683
624,3,223,74.33,2.7,0,corps,147.46837953274928,0.7338
625,3,194,64.67,2.7,0,corps,147.3966632735418,0.7835
626,6,212,35.33,4.0,0,corps,147.32498286350088,1.0536
627,2,67,33.50,2.2,0,corps,147.25333828470642,0.8272
628,2,145,72.50,2.2,0,corps,147.18172951924728,0.4794
629,2,156,78.00,2.2,0,corps,147.11015654922127,0.5967
630,2,114,57.00,2.2,0,corps,147.03861935673515,0.8674
631,4,207,51.75,3.1,0,corps,146.96711792390457,0.8901
632,2,31,15.50,2.2,0,corps,146.89565223285425,1.5310
633,2,91,45.50,2.2,0,corps,146.82422226571776,0.7528
634,2,91,45.50,2.2,0,corps,146.75282800463754,0.8504
635,3,58,19.33,2.7,0,corps,146.68146943176507,1.2454
636,3,76,25.33,2.7,0,corps,146.61014652926073,0.9596
637,2,249,124.50,2.2,0,corps,146.53885927929372,0.5379
638,3,104,34.67,2.7,0,corps,146.4676076640423,0.6509
639,2,107,53.50,2.2,0,corps,146.39639166569353,0.4475
640,2,15,7.50,2.2,0,corps,146.32521126644343,2.6525
641,2,151,75.50,2.2,0,corps,146.25406644849687,0.7744
642,2,46,23.00,2.2,0,corps,146.18295719406765,0.6481
643,3,148,49.33,2.7,0,corps,146.1118834853785,0.6847
644,2,53,26.50,2.2,0,corps,146.04084530466096,0.8502
645,2,54,27.00,2.2,0,corps,145.96984263415547,0.8118
646,4,109,27.25,3.1,0,corps,145.8988754561114,1.1046
647,3,48,16.00,2.7,0,corps,145.82794375278692,1.0234
648,2,75,37.50,2.2,0,corps,145.7570475064491,0.8648
649,3,116,38.67,2.7,0,corps,145.68618669937393,0.9156
650,2,64,32.00,2.2,0,corps,145.61536131384617,0.8483
651,5,119,23.80,3.6,0,corps,145.54457133215942,1.0587
652,2,85,42.50,2.2,0,corps,145.4738167366163,0.7683
653,2,118,59.00,2.2,0,corps,145.4030975095281,0.5571
654,2,59,29.50,2.2,0,corps,145.332413633215,0.7361
655,3,161,53.67,2.7,0,corps,145.261765090006,0.6396
656,2,182,91.00,2.2,0,corps,145.19115186223908,0.6788
657,2,127,63.50,2.2,0,corps,145.1205739322608,0.6019
658,2,122,61.00,2.2,0,corps,145.0500312824268,0.5283
659,2,52,26.00,2.2,0,corps,144.9795238951013,0.6850
660,3,99,33.00,2.7,0,corps,144.90905175265755,0.8678
661,3,124,41.33,2.7,0,corps,144.83861483747742,0.8950
662,2,131,65.50,2.2,0,corps,144.7682131319518,0.6082
663,2,43,21.50,2.2,0,corps,144.69784661848016,1.1880
664,2,107,53.50,2.2,0,corps,144.62751527947088,0.7493
665,2,58,29.00,2.2,0,corps,144.55721909734118,1.0884
666,2,59,29.50,2.2,0,corps,144.486958054517,1.1754
667,4,196,49.00,3.1,0,corps,144.41673213343304,0.9926
668,3,73,24.33,2.7,0,corps,144.34654131653286,1.1461
669,2,14,7.00,2.2,0,corps,144.27638558626873,1.5597
670,3,113,37.67,2.7,0,corps,144.20626492510172,1.0011
671,2,70,35.00,2.2,0,corps,144.13617931550172,0.9271
672,2,100,50.00,2.2,0,corps,144.06612873994723,0.7712
673,4,94,23.50,3.1,0,corps,143.99611318092568,1.3729
674,2,113,56.50,2.2,0,corps,143.92613262093312,0.6548
675,3,152,50.67,2.7,0,corps,143.85618704247446,1.0506
676,2,56,28.00,2.2,0,corps,143.78627642806333,1.0391
677,2,33,16.50,2.2,0,corps,143.716400760222,0.8922
678,2,259,129.50,2.2,0,corps,143.6465600214816,0.5970
679,3,72,24.00,2.7,0,corps,143.5767541943819,1.1387
680,2,192,96.00,2.2,0,corps,143.50698326147148,0.7552
681,2,68,34.00,2.2,0,corps,143.43724720530764,0.7900
682,2,10,5.00,2.2,0,corps,143.36754600845632,2.5543
683,2,99,49.50,2.2,0,corps,143.2978796534922,0.9143
684,2,78,39.00,2.2,0,corps,143.22824812299874,1.2704
685,2,53,26.50,2.2,0,corps,143.15865139956804,0.9576
686,2,52,26.00,2.2,0,corps,143.0890894658009,1.3342
687,2,147,73.50,2.2,0,corps,143.01956230430685,0.8116
688,3,141,47.00,2.7,0,corps,142.9500698977041,0.8203
689,2,129,64.50,2.2,0,corps,142.88061222861955,0.7400
690,5,92,18.40,3.6,0,corps,142.8111892796888,1.1423
691,2,60,30.00,2.2,0,corps,142.74180103355607,0.8755
692,2,129,64.50,2.2,0,corps,142.67244747287432,0.6038
693,2,119,59.50,2.2,0,corps,142.60312858030517,0.8038
694,2,140,70.00,2.2,0,corps,142.5338443385189,0.6812
695,4,204,51.00,3.1,0,corps,142.46459473019442,0.8280
696,3,128,42.67,2.7,0,corps,142.39537973801936,1.0241
697,2,45,22.50,2.2,0,corps,142.32619934468994,0.8430
698,4,133,33.25,3.1,0,corps,142.25705353291107,0.8224
699,4,80,20.00,3.1,0,corps,142.1879422853963,1.0875
700,3,152,50.67,2.7,0,corps,142.11886558486785,0.9124
701,3,68,22.67,2.7,0,corps,142.0498234140565,1.0907
702,2,100,50.00,2.2,0,corps,141.9808157557017,0.8628
703,3,127,42.33,2.7,0,corps,141.91184259255158,0.7878
704,2,103,51.50,2.2,0,corps,141.84290390736282,0.6669
705,2,36,18.00,2.2,0,corps,141.77399968290075,1.6731
706,2,68,34.00,2.2,0,corps,141.70512990193936,0.5813
707,2,103,51.50,2.2,0,corps,141.6362945472611,0.6577
708,4,128,32.00,3.1,0,corps,141.56749360165725,2.3317
709,3,43,14.33,2.7,0,corps,141.49872704792747,0.9257
710,2,49,24.50,2.2,0,corps,141.4299948688802,0.7527
711,2,49,24.50,2.2,0,corps,141.36129704733233,0.9353
712,2,51,25.50,2.2,0,corps,141.29263356610946,0.5923
713,2,42,21.00,2.2,0,corps,141.2240044080457,1.4491
714,3,118,39.33,2.7,0,corps,141.15540955598377,0.6572
715,2,110,55.00,2.2,0,corps,141.08684899277492,0.6754
716,2,69,34.50,2.2,0,corps,141.01832270127903,0.6021
717,2,87,43.50,2.2,0,corps,140.94983066436455,0.6637
718,3,206,68.67,2.7,0,corps,140.88137286490843,0.5525
719,3,214,71.33,2.7,0,corps,140.81294928579624,0.8607
720,4,201,50.25,3.1,0,corps,140.74455990992206,0.6499
721,2,153,76.50,2.2,0,corps,140.67620472018865,0.6801
722,2,73,36.50,2.2,0,corps,140.60788369950706,0.9333
723,3,92,30.67,2.7,0,corps,140.5395968307971,1.0297
724,4,117,29.25,3.1,0,corps,140.4713440969871,1.1734
725,2,55,27.50,2.2,0,corps,140.40312548101383,1.0966
726,2,55,27.50,2.2,0,corps,140.33494096582265,0.6659
727,3,105,35.00,2.7,0,corps,140.26679053436737,1.2131
728,3,77,25.67,2.7,0,corps,140.19867416961048,1.0223
729,3,116,38.67,2.7,0,corps,140.13059185452283,1.1121
730,2,89,44.50,2.2,0,corps,140.06254357208385,0.9381
731,4,106,26.50,3.1,0,corps,139.9945293052815,1.4156
732,2,73,36.50,2.2,0,corps,139.92654903711215,1.0964
733,2,50,25.00,2.2,0,corps,139.8586027505808,1.6141
734,2,66,33.00,2.2,0,corps,139.79069042870077,0.7372
735,2,46,23.00,2.2,0,corps,139.7228120544941,1.0890
736,2,99,49.50,2.2,0,corps,139.65496761099118,0.9416
737,2,23,11.50,2.2,0,corps,139.58715708123083,1.3902
738,2,70,35.00,2.2,0,corps,139.51938044826048,1.3860
739,2,54,27.00,2.2,0,corps,139.4516376951359,1.1120
740,2,127,63.50,2.2,0,corps,139.3839288049215,0.7322
741,2,113,56.50,2.2,0,corps,139.31625376069002,0.6974
742,3,33,11.00,2.7,0,corps,139.24861254552266,1.5946
743,3,49,16.33,2.7,0,corps,139.18100514250912,1.1899
744,2,104,52.00,2.2,0,corps,139.1134315347476,0.9441
745,3,178,59.33,2.7,0,corps,139.04589170534464,0.9272
746,3,98,32.67,2.7,0,corps,138.97838563741533,1.4648
747,3,90,30.00,2.7,0,corps,138.91091331408313,0.9773
748,2,63,31.50,2.2,0,corps,138.84347471847997,1.1407
749,2,108,54.00,2.2,0,corps,138.77606983374616,0.9006
750,2,68,34.00,2.2,0,corps,138.70869864303057,0.6099
751,2,108,54.00,2.2,0,corps,138.6413611294903,0.9492
752,2,140,70.00,2.2,0,corps,138.574057276291,0.8444
753,4,116,29.00,3.1,0,corps,138.50678706660673,3.5409
754,4,106,26.50,3.1,0,corps,138.43955048361997,3.8869
755,2,150,75.00,2.2,0,corps,138.37234751052148,0.8291
756,2,75,37.50,2.2,0,corps,138.30517813051057,0.9898
757,2,71,35.50,2.2,0,corps,138.2380423267949,0.9585
758,2,271,135.50,2.2,0,corps,138.17094008259053,0.7217
759,2,76,38.00,2.2,0,corps,138.10387138112188,1.1207
760,2,124,62.00,2.2,0,corps,138.03683620562174,0.6779
761,3,62,20.67,2.7,0,corps,137.96983453933137,2.3425
762,2,54,27.00,2.2,0,corps,137.90286636550033,0.8032
763,4,133,33.25,3.1,0,corps,137.8359316673866,0.9982
764,3,194,64.67,2.7,0,corps,137.76903042825646,0.6744
765,2,101,50.50,2.2,0,corps,137.70216263138465,1.1333
766,2,61,30.50,2.2,0,corps,137.63532826005417,1.2114
767,2,40,20.00,2.2,0,corps,137.56852729755644,1.3506
768,2,50,25.00,2.2,0,corps,137.50175972719123,0.6751
769,2,175,87.50,2.2,0,corps,137.43502553226668,0.5762
770,5,109,21.80,3.6,0,corps,137.3683246960992,1.8389
771,2,77,38.50,2.2,0,corps,137.30165720201356,0.9068
772,2,101,50.50,2.2,0,corps,137.2350230333429,0.7984
773,2,45,22.50,2.2,0,corps,137.16842217342875,0.7764
774,2,59,29.50,2.2,0,corps,137.10185460562082,0.9601
775,3,73,24.33,2.7,0,corps,137.0353203132772,1.0746
776,4,71,17.75,3.1,0,corps,136.96881927976438,1.3305
777,2,56,28.00,2.2,0,corps,136.9023514884571,0.8079
778,2,68,34.00,2.2,0,corps,136.83591692273833,0.8842
779,2,180,90.00,2.2,0,corps,136.7695155659995,0.7170
780,2,46,23.00,2.2,0,corps,136.70314740164028,0.7744
781,4,101,25.25,3.1,0,corps,136.63681241306858,1.1272
782,3,94,31.33,2.7,0,corps,136.57051058370067,0.8900
783,3,52,17.33,2.7,0,corps,136.5042418969611,1.2280
784,2,125,62.50,2.2,0,corps,136.43800633628268,0.8586
785,2,54,27.00,2.2,0,corps,136.37180388510657,0.9451
786,2,69,34.50,2.2,0,corps,136.3056345268821,0.9129
787,2,93,46.50,2.2,0,corps,136.23949824506695,0.6040
788,2,86,43.00,2.2,0,corps,136.17339502312706,0.7121
789,6,172,28.67,4.0,0,corps,136.1073248445366,1.0870
790,2,50,25.00,2.2,0,corps,136.04128769277807,0.7008
791,2,85,42.50,2.2,0,corps,135.97528355134213,0.7516
792,2,85,42.50,2.2,0,corps,135.9093124037277,0.5415
793,2,134,67.00,2.2,0,corps,135.84337423344215,0.5168
794,3,99,33.00,2.7,0,corps,135.7774690240008,0.8596
795,2,78,39.00,2.2,0,corps,135.71159675892744,0.3532
796,2,66,33.00,2.2,0,corps,135.6457574217539,0.7701
797,2,108,54.00,2.2,0,corps,135.57995099602041,0.6959
798,4,232,58.00,3.1,0,corps,135.5141774652754,0.7782
799,4,111,27.75,3.1,0,corps,135.4484368130754,0.9413
800,2,35,17.50,2.2,0,corps,135.3827290229853,1.4349
801,6,145,24.17,4.0,0,corps,135.31705407857814,0.9296
802,4,156,39.00,3.1,0,corps,135.25141196343517,0.8223
803,2,78,39.00,2.2,0,corps,135.18580266114589,0.8118
804,4,118,29.50,3.1,0,corps,135.12022615530796,1.1342
805,3,102,34.00,2.7,0,corps,135.05468242952725,0.6134
806,4,202,50.50,3.1,0,corps,134.98917146741783,0.8028
807,2,129,64.50,2.2,0,corps,134.92369325260196,0.5804
808,4,113,28.25,3.1,0,corps,134.85824776871007,1.0134
809,2,65,32.50,2.2,0,corps,134.7928349993808,0.5446
810,2,106,53.00,2.2,0,corps,134.72745492826098,0.5220
811,2,129,64.50,2.2,0,corps,134.66210753900558,0.6420
812,2,54,27.00,2.2,0,corps,134.59679281527772,0.8117
813,2,83,41.50,2.2,0,corps,134.53151074074876,0.5155
814,4,177,44.25,3.1,0,corps,134.46626129909816,0.6389
815,2,137,68.50,2.2,0,corps,134.4010444740136,0.5552
816,2,88,44.00,2.2,0,corps,134.33586024919077,0.6359
817,2,118,59.00,2.2,0,corps,134.27070860833373,0.8827
818,3,175,58.33,2.7,0,corps,134.2055895351545,0.6943
819,3,158,52.67,2.7,0,corps,134.14050301337332,0.7293
820,6,174,29.00,4.0,0,corps,134.0754490267186,0.8980
821,4,147,36.75,3.1,0,corps,134.0104275589268,0.9925
822,4,163,40.75,3.1,0,corps,133.94543859374258,1.2440
823,2,76,38.00,2.2,0,corps,133.88048211491866,1.0942
824,2,52,26.00,2.2,0,corps,133.81555810621597,1.0255
825,2,166,83.00,2.2,0,corps,133.75066655140347,0.7886
826,3,59,19.67,2.7,0,corps,133.6858074342583,1.4924
827,2,136,68.00,2.2,0,corps,133.62098073856563,0.7092
828,2,19,9.50,2.2,0,corps,133.55618644811886,3.1274
829,2,55,27.50,2.2,0,corps,133.49142454671934,1.5184
830,2,60,30.00,2.2,0,corps,133.42669501817664,1.2814
831,4,173,43.25,3.1,0,corps,133.36199784630838,0.9367
832,3,78,26.00,2.7,0,corps,133.29733301494025,1.4302
833,4,126,31.50,3.1,0,corps,133.23270050790606,1.1318
834,3,79,26.33,2.7,0,corps,133.16810030904767,1.1865
835,2,46,23.00,2.2,0,corps,133.10353240221502,1.1184
836,4,91,22.75,3.1,0,corps,133.0389967712661,1.3228
837,2,84,42.00,2.2,0,corps,132.97449340006713,0.9110
838,2,103,51.50,2.2,0,corps,132.91002227249214,0.7843
839,2,109,54.50,2.2,0,corps,132.8455833724234,0.9445
840,4,69,17.25,3.1,0,corps,132.78117668375114,1.4392
841,2,60,30.00,2.2,0,corps,132.71680219037373,0.8067
842,2,65,32.50,2.2,0,corps,132.65245987619755,1.0610
843,5,191,38.20,3.6,0,corps,132.58814972513701,1.0879
844,2,80,40.00,2.2,0,corps,132.5238717211146,0.8887
845,3,104,34.67,2.7,0,corps,132.45962584806074,0.8966
846,3,59,19.67,2.7,0,corps,132.39541208991403,0.9534
847,2,72,36.00,2.2,0,corps,132.33123043062102,0.7857
848,2,35,17.50,2.2,0,corps,132.26708085413628,1.4031
849,2,69,34.50,2.2,0,corps,132.20296334442241,0.8537
850,2,136,68.00,2.2,0,corps,132.13887788545006,0.9901
851,2,49,24.50,2.2,0,corps,132.07482446119786,1.1679
852,4,92,23.00,3.1,0,corps,132.01080305565242,1.1148
853,3,69,23.00,2.7,0,corps,131.94681365280843,1.1157
854,2,102,51.00,2.2,0,corps,131.8828562366685,0.8835
855,2,34,17.00,2.2,0,corps,131.8189307912433,1.6270
856,2,79,39.50,2.2,0,corps,131.75503730055146,0.9846
857,3,37,12.33,2.7,0,corps,131.69117574861963,1.3484
858,4,115,28.75,3.1,0,corps,131.62734611948238,4.0559
859,5,113,22.60,3.6,0,corps,131.56354839718233,1.1210
860,3,128,42.67,2.7,0,corps,131.49978256577003,1.0146
861,5,90,18.00,3.6,0,corps,131.43604860930407,4.6074
862,3,80,26.67,2.7,0,corps,131.37234651185094,1.1927
863,3,88,29.33,2.7,0,corps,131.30867625748505,0.9701
864,2,41,20.50,2.2,0,corps,131.24503783028888,0.6989
865,2,78,39.00,2.2,0,corps,131.18143121435287,1.0171
866,4,154,38.50,3.1,0,corps,131.1178563937753,0.8599
867,2,58,29.00,2.2,0,corps,131.05431335266252,0.7874
868,2,59,29.50,2.2,0,corps,130.99080207512873,0.7821
869,2,157,78.50,2.2,0,corps,130.9273225452961,0.7179
870,2,69,34.50,2.2,0,corps,130.8638747472948,1.0356
871,2,50,25.00,2.2,0,corps,130.8004586652628,1.0949
872,2,86,43.00,2.2,0,corps,130.73707428334617,0.9687
873,2,69,34.50,2.2,0,corps,130.67372158569876,1.1340
874,2,41,20.50,2.2,0,corps,130.6104005564824,1.0189
875,2,106,53.00,2.2,0,corps,130.54711117986685,0.5835
876,3,51,17.00,2.7,0,corps,130.48385344002972,1.2065
877,2,44,22.00,2.2,0,corps,130.42062732115664,0.9994
878,3,64,21.33,2.7,0,corps,130.35743280744106,1.0194
879,3,92,30.67,2.7,0,corps,130.29426988308433,0.9769
880,2,51,25.50,2.2,0,corps,130.23113853229572,0.9577
881,5,194,38.80,3.6,0,corps,130.1680387392924,0.9506
882,2,85,42.50,2.2,0,corps,130.10497048829941,1.0333
883,2,46,23.00,2.2,0,corps,130.04193376354974,1.4443
884,2,124,62.00,2.2,0,corps,129.97892854928412,0.8212
885,4,89,22.25,3.1,0,corps,129.9159548297513,1.3979
886,2,94,47.00,2.2,0,corps,129.85301258920788,0.8280
887,4,65,16.25,3.1,0,corps,129.79010181191825,1.2607
888,2,36,18.00,2.2,0,corps,129.7272224821547,1.4399
889,2,98,49.00,2.2,0,corps,129.66437458419745,1.1759
890,4,99,24.75,3.1,0,corps,129.60155810233448,1.5324
891,2,83,41.50,2.2,0,corps,129.5387730208617,0.9296
892,3,98,32.67,2.7,0,corps,129.47601932408284,0.8757
893,2,44,22.00,2.2,0,corps,129.41329699630944,0.9336
894,2,61,30.50,2.2,0,corps,129.35060602186098,0.9764
895,2,29,14.50,2.2,0,corps,129.28794638506466,0.6939
896,3,151,50.33,2.7,0,corps,129.22531807025558,0.8184
897,2,94,47.00,2.2,0,corps,129.16272106177667,1.1366
898,3,72,24.00,2.7,0,corps,129.10015534397868,1.0347
899,2,116,58.00,2.2,0,corps,129.0376209012202,0.9713
900,2,84,42.00,2.2,0,corps,128.9751177178676,1.0762
901,3,114,38.00,2.7,0,corps,128.91264577829503,1.0897
902,2,76,38.00,2.2,0,corps,128.85020506688457,1.1944
903,2,118,59.00,2.2,0,corps,128.78779556802604,0.7345
904,4,202,50.50,3.1,0,corps,128.72541726611706,1.1557
905,2,164,82.00,2.2,0,corps,128.66307014556304,0.9656
906,4,112,28.00,3.1,0,corps,128.6007541907772,1.0310
907,2,140,70.00,2.2,0,corps,128.53846938618054,0.8648
908,2,60,30.00,2.2,0,corps,128.47621571620192,0.7037
909,3,84,28.00,2.7,0,corps,128.41399316527784,1.4083
910,2,97,48.50,2.2,0,corps,128.35180171785274,0.8596
911,2,29,14.50,2.2,0,corps,128.28964135837867,1.1840
912,2,136,68.00,2.2,0,corps,128.2275120713156,0.9297
913,5,160,32.00,3.6,0,corps,128.1654138411312,1.1705
914,4,147,36.75,3.1,0,corps,128.10334665230093,0.8222
915,2,45,22.50,2.2,0,corps,128.04131048930793,1.7978
916,2,83,41.50,2.2,0,corps,127.97930533664324,0.8029
917,3,139,46.33,2.7,0,corps,127.91733117880548,0.9648
918,2,86,43.00,2.2,0,corps,127.8553880003012,1.0724
919,3,95,31.67,2.7,0,corps,127.79347578564455,1.2173
920,2,23,11.50,2.2,0,corps,127.7315945193575,2.2888
921,2,133,66.50,2.2,0,corps,127.6697441859697,1.0003
922,8,98,12.25,4.9,0,corps,127.60792477001863,1.8863
923,3,102,34.00,2.7,0,corps,127.54613625604935,1.1773
924,6,127,21.17,4.0,0,corps,127.48437862861482,1.4181
925,3,92,30.67,2.7,0,corps,127.42265187227557,0.8650
926,2,32,16.00,2.2,0,corps,127.36095597159994,1.1438
927,3,134,44.67,2.7,0,corps,127.29929091116392,0.7076
928,3,73,24.33,2.7,0,corps,127.23765667555129,1.2326
929,5,121,24.20,3.6,0,corps,127.17605324935346,1.1302
930,2,114,57.00,2.2,0,corps,127.11448061716959,0.9604
931,2,105,52.50,2.2,0,corps,127.05293876360653,1.0139
932,2,66,33.00,2.2,0,corps,126.99142767327878,1.4674
933,4,89,22.25,3.1,0,corps,126.9299473308086,0.9534
934,3,220,73.33,2.7,0,corps,126.86849772082589,0.8148
935,4,48,12.00,3.1,0,corps,126.80707882796827,1.6803
936,2,37,18.50,2.2,0,corps,126.74569063688097,1.1083
937,2,126,63.00,2.2,0,corps,126.68433313221699,0.8982
938,3,62,20.67,2.7,0,corps,126.6230062986369,1.2217
939,2,101,50.50,2.2,0,corps,126.56171012080905,0.8135
940,2,54,27.00,2.2,0,corps,126.50044458340935,1.0829
941,2,44,22.00,2.2,0,corps,126.43920967112146,1.5735
942,4,94,23.50,3.1,0,corps,126.37800536863662,1.2397
943,2,49,24.50,2.2,0,corps,126.31683166065373,0.9369
944,3,114,38.00,2.7,0,corps,126.25568853187943,0.9901
945,4,76,19.00,3.1,0,corps,126.19457596702787,1.2611
946,2,51,25.50,2.2,0,corps,126.13349395082093,1.4161
947,4,77,19.25,3.1,0,corps,126.07244246798817,1.3808
948,2,113,56.50,2.2,0,corps,126.0114215032666,0.6541
949,2,48,24.00,2.2,0,corps,125.95043104140106,0.8439
950,4,116,29.00,3.1,0,corps,125.88947106714394,1.0146
951,2,47,23.50,2.2,0,corps,125.82854156525521,1.0082
952,3,84,28.00,2.7,0,corps,125.7676425205025,1.2634
953,3,68,22.67,2.7,0,corps,125.70677391766105,1.2951
954,2,67,33.50,2.2,0,corps,125.64593574151372,1.3045
955,2,91,45.50,2.2,0,corps,125.58512797685096,0.8273
956,3,92,30.67,2.7,0,corps,125.52435060847083,1.2462
957,2,41,20.50,2.2,0,corps,125.46360362117896,1.0884
958,3,74,24.67,2.7,0,corps,125.40288699978865,1.3067
959,3,149,49.67,2.7,0,corps,125.34220072912072,0.8654
960,4,65,16.25,3.1,0,corps,125.2815447940036,1.1473
961,2,47,23.50,2.2,0,corps,125.22091917927331,1.4496
962,3,34,11.33,2.7,0,corps,125.16032386977346,1.8327
963,3,111,37.00,2.7,0,corps,125.0997588503552,0.7872
964,2,59,29.50,2.2,0,corps,125.0392241058773,0.5992
965,2,57,28.50,2.2,0,corps,124.97871962120601,0.8608
966,4,89,22.25,3.1,0,corps,124.9182453812153,1.0897
967,2,92,46.00,2.2,0,corps,124.85780137078655,0.5418
968,2,91,45.50,2.2,0,corps,124.79738757480878,0.6702
969,2,81,40.50,2.2,0,corps,124.7370039781785,0.6816
970,3,104,34.67,2.7,0,corps,124.67665056579989,0.8289
971,3,62,20.67,2.7,0,corps,124.61632732258454,0.9339
972,2,30,15.00,2.2,0,corps,124.55603423345163,0.7253
973,2,36,18.00,2.2,0,corps,124.4957712833279,1.3964
974,2,130,65.00,2.2,0,corps,124.43553845714763,0.5614
975,2,27,13.50,2.2,0,corps,124.3753357398526,1.0376
976,2,21,10.50,2.2,0,corps,124.31516311639214,1.1151
977,2,121,60.50,2.2,0,corps,124.25502057172308,0.4298
978,5,113,22.60,3.6,0,corps,124.19490809080978,1.0037
979,2,209,104.50,2.2,0,corps,124.13482565862415,0.6018
980,3,72,24.00,2.7,0,corps,124.07477326014555,1.1123
981,2,74,37.00,2.2,0,corps,124.01475088036089,0.8044
982,2,16,8.00,2.2,0,corps,123.95475850426459,2.0789
983,3,56,18.67,2.7,0,corps,123.89479611685852,1.2734
984,3,66,22.00,2.7,0,corps,123.83486370315211,1.3732
985,5,117,23.40,3.6,0,corps,123.77496124816226,1.0561
986,3,108,36.00,2.7,0,corps,123.7150887369133,1.2703
987,2,121,60.50,2.2,0,corps,123.6552461544372,0.7010
988,3,89,29.67,2.7,0,corps,123.59543348577324,0.8884
989,3,57,19.00,2.7,0,corps,123.53565071596829,1.7921
990,2,39,19.50,2.2,0,corps,123.47589783007662,1.2770
991,2,50,25.00,2.2,0,corps,123.41617481316005,1.0020
992,2,39,19.50,2.2,0,corps,123.35648165028779,1.0539
993,4,91,22.75,3.1,0,corps,123.29681832653657,1.3084
994,4,43,10.75,3.1,0,corps,123.23718482699056,9.5819
995,2,94,47.00,2.2,0,corps,123.17758113674138,0.7640
996,4,51,12.75,3.1,0,corps,123.11800724088806,1.2762
997,2,72,36.00,2.2,0,corps,123.05846312453723,0.9129
998,2,136,68.00,2.2,0,corps,122.99894877280278,0.7123
999,2,32,16.00,2.2,0,corps,122.93946417080615,1.0508
1000,3,29,9.67,2.7,0,corps,122.88000930367615,1.8089
1001,3,70,23.33,2.7,0,corps,122.82058415654913,0.7872
1002,3,79,26.33,2.7,0,corps,122.76118871456876,1.4139
1003,2,62,31.00,2.2,0,corps,122.70182296288617,0.9821
1004,2,39,19.50,2.2,0,corps,122.64248688665995,1.0301
1005,4,72,18.00,3.1,0,corps,122.58318047105607,0.9905
1006,3,92,30.67,2.7,0,corps,122.52390370124793,0.9387
1007,2,128,64.00,2.2,0,corps,122.46465656241632,0.8543
1008,2,100,50.00,2.2,0,corps,122.40543903974948,0.7879
1009,2,56,28.00,2.2,0,corps,122.34625111844304,1.0426
1010,4,112,28.00,3.1,0,corps,122.28709278369993,0.9469
1011,3,102,34.00,2.7,0,corps,122.22796402073071,0.7322
1012,3,42,14.00,2.7,0,corps,122.16886481475304,1.6065
1013,3,40,13.33,2.7,0,corps,122.10979515099223,1.0271
1014,2,159,79.50,2.2,0,corps,122.05075501468082,0.6001
1015,2,87,43.50,2.2,0,corps,121.99174439105877,0.4647
1016,2,51,25.50,2.2,0,corps,121.93276326537344,0.9522
1017,2,33,16.50,2.2,0,corps,121.87381162287953,1.9692
1018,4,99,24.75,3.1,0,corps,121.81488944883915,0.8859
1019,3,97,32.33,2.7,0,corps,121.75599672852175,0.9440
1020,2,59,29.50,2.2,0,corps,121.69713344720412,0.8316
1021,2,161,80.50,2.2,0,corps,121.63829959017048,0.9287
1022,3,50,16.67,2.7,0,corps,121.57949514271236,1.7931
1023,2,65,32.50,2.2,0,corps,121.52072009012865,1.1319
1024,2,77,38.50,2.2,0,corps,121.46197441772553,1.3365
1025,4,105,26.25,3.1,0,corps,121.40325811081667,1.1492
1026,3,135,45.00,2.7,0,corps,121.34457115472293,1.1228
1027,5,50,10.00,3.6,0,corps,121.28591353477259,1.9590
1028,6,90,15.00,4.0,0,corps,121.22728523630121,1.6897
1029,6,150,25.00,4.0,0,corps,121.16868624465182,1.0924
1030,2,44,22.00,2.2,0,corps,121.11011654517453,1.0599
1031,4,79,19.75,3.1,0,corps,121.05157612322705,1.6195
1032,2,27,13.50,2.2,0,corps,120.99306496417417,1.5074
1033,3,77,25.67,2.7,0,corps,120.93458305338815,1.1958
1034,5,153,30.60,3.6,0,corps,120.87613037624851,0.9461
1035,3,97,32.33,2.7,0,corps,120.81770691814206,1.2797
1036,2,66,33.00,2.2,0,corps,120.75931266446295,0.8986
1037,2,37,18.50,2.2,0,corps,120.70094760061265,1.3882
1038,2,80,40.00,2.2,0,corps,120.64261171199982,0.8243
1039,2,39,19.50,2.2,0,corps,120.58430498404053,1.2189
1040,2,48,24.00,2.2,0,corps,120.52602740215809,1.6192
1041,4,114,28.50,3.1,0,corps,120.46777895178313,1.3097
1042,2,41,20.50,2.2,0,corps,120.40955961835347,1.1183
1043,2,52,26.00,2.2,0,corps,120.35136938731436,0.7685
1044,2,43,21.50,2.2,0,corps,120.2932082441182,0.7812
1045,2,54,27.00,2.2,0,corps,120.2350761742247,0.9695
1046,3,45,15.00,2.7,0,corps,120.17697316310085,1.7768
1047,3,148,49.33,2.7,0,corps,120.1188991962209,1.0674
1048,5,85,17.00,3.6,0,corps,120.06085425906635,1.4245
1049,4,113,28.25,3.1,0,corps,120.00283833712595,1.0377
1050,6,113,18.83,4.0,0,corps,119.94485141589577,1.5490
1051,3,83,27.67,2.7,0,corps,119.88689348087904,1.0560
1052,3,91,30.33,2.7,0,corps,119.82896451758627,1.2218
1053,3,158,52.67,2.7,0,corps,119.77106451153523,1.0790
1054,2,76,38.00,2.2,0,corps,119.71319344825093,0.7200
1055,5,122,24.40,3.6,0,corps,119.65535131326558,1.1640
1056,6,182,30.33,4.0,0,corps,119.59753809211868,1.1698
1057,7,136,19.43,4.4,0,corps,119.53975377035692,1.1266
1058,2,65,32.50,2.2,0,corps,119.48199833353416,0.8904
1059,3,83,27.67,2.7,0,corps,119.42427176721162,0.9590
1060,3,77,25.67,2.7,0,corps,119.3665740569576,0.7857
1061,3,65,21.67,2.7,0,corps,119.30890518834774,1.2580
1062,2,19,9.50,2.2,0,corps,119.25126514696474,1.3038
1063,2,48,24.00,2.2,0,corps,119.19365391839862,1.1298
1064,2,77,38.50,2.2,0,corps,119.13607148824659,1.1682
1065,2,63,31.50,2.2,0,corps,119.07851784211306,0.8516
1066,3,89,29.67,2.7,0,corps,119.02099296560955,0.9369
1067,3,47,15.67,2.7,0,corps,118.96349684435489,1.2140
1068,3,152,50.67,2.7,0,corps,118.90602946397506,0.8780
1069,5,135,27.00,3.6,0,corps,118.84859081010318,1.0933
1070,3,54,18.00,2.7,0,corps,118.79118086837957,1.0774
1071,2,73,36.50,2.2,0,corps,118.7337996244518,0.6436
1072,3,39,13.00,2.7,0,corps,118.67644706397455,1.2185
1073,2,61,30.50,2.2,0,corps,118.61912317260965,0.7405
1074,2,70,35.00,2.2,0,corps,118.56182793602615,0.7010
1075,5,179,35.80,3.6,0,corps,118.50456133990022,1.0442
1076,2,52,26.00,2.2,0,corps,118.44732336991524,1.0296
1077,2,38,19.00,2.2,0,corps,118.39011401176167,0.9594
1078,2,18,9.00,2.2,0,corps,118.3329332511372,1.1243
1079,4,78,19.50,3.1,0,corps,118.27578107374666,1.2442
1080,2,50,25.00,2.2,0,corps,118.21865746530197,0.9528
1081,3,65,21.67,2.7,0,corps,118.16156241152225,1.2247
1082,4,51,12.75,3.1,0,corps,118.10449589813372,1.8570
1083,2,73,36.50,2.2,0,corps,118.04745791086977,0.8984
1084,4,32,8.00,3.1,0,corps,117.99044843547088,2.2064
1085,3,52,17.33,2.7,0,corps,117.9334674576847,1.5340
1086,4,72,18.00,3.1,0,corps,117.87651496326596,1.7648
1087,3,92,30.67,2.7,0,corps,117.81959093797656,1.6892
1088,2,52,26.00,2.2,0,corps,117.76269536758551,1.5464
1089,4,65,16.25,3.1,0,corps,117.70582823786889,1.4698
1090,4,100,25.00,3.1,0,corps,117.6489895346099,1.2371
1091,3,49,16.33,2.7,0,corps,117.59217924359888,2.1104
1092,4,64,16.00,3.1,0,corps,117.53539735063327,1.9074
1093,3,54,18.00,2.7,0,corps,117.47864384151761,1.5517
1094,3,47,15.67,2.7,0,corps,117.4219187020635,1.2491
1095,2,88,44.00,2.2,0,corps,117.36522191808965,1.1179
1096,2,76,38.00,2.2,0,corps,117.30855347542185,1.3030
1097,2,25,12.50,2.2,0,corps,117.25191335989302,1.4271
1098,3,135,45.00,2.7,0,corps,117.19530155734313,1.2827
1099,4,71,17.75,3.1,0,corps,117.1387180536192,2.0387
1100,6,147,24.50,4.0,0,corps,117.08216283457537,1.7882
1101,4,73,18.25,3.1,0,corps,117.02563588607286,1.9549
1102,5,102,20.40,3.6,0,corps,116.96913719397992,1.6051
1103,2,30,15.00,2.2,0,corps,116.91266674417184,1.4822
1104,5,117,23.40,3.6,0,corps,116.85622452253104,1.5262
1105,4,79,19.75,3.1,0,corps,116.79981051494697,6.8888
1106,3,59,19.67,2.7,0,corps,116.74342470731611,1.3730
1107,2,62,31.00,2.2,0,corps,116.68706708554201,1.1648
1108,2,60,30.00,2.2,0,corps,116.63073763553528,1.2235
1109,2,23,11.50,2.2,0,corps,116.57443634321353,1.7473
1110,2,65,32.50,2.2,0,corps,116.51816319450145,1.1101
1111,2,59,29.50,2.2,0,corps,116.46191817533078,1.0285
1112,5,152,30.40,3.6,0,corps,116.40570127164021,1.2007
1113,2,31,15.50,2.2,0,corps,116.34951246937557,1.5008
1114,6,108,18.00,4.0,0,corps,116.2933517544896,1.1990
1115,3,105,35.00,2.7,0,corps,116.23721911294219,0.9517
1116,2,72,36.00,2.2,0,corps,116.1811145307001,0.9645
1117,2,56,28.00,2.2,0,corps,116.12503799373725,1.3924
1118,4,106,26.50,3.1,0,corps,116.0689894880345,1.1357
1119,4,75,18.75,3.1,0,corps,116.0129689995797,1.5048
1120,2,88,44.00,2.2,0,corps,115.95697651436771,0.8894
1121,4,78,19.50,3.1,0,corps,115.90101201840046,1.6385
1122,3,88,29.33,2.7,0,corps,115.84507549768676,1.2860
1123,4,70,17.50,3.1,0,corps,115.78916693824257,1.5583
1124,2,39,19.50,2.2,0,corps,115.73328632609064,0.8925
1125,5,129,25.80,3.6,0,corps,115.67743364726091,1.1714
1126,2,85,42.50,2.2,0,corps,115.62160888779019,0.9467
1127,4,165,41.25,3.1,0,corps,115.56581203372221,0.8644
1128,3,34,11.33,2.7,0,corps,115.51004307110786,1.6423
1129,6,176,29.33,4.0,0,corps,115.45430198600486,1.2395
1130,2,43,21.50,2.2,0,corps,115.39858876447795,0.9042
1131,2,56,28.00,2.2,0,corps,115.34290339259879,1.0831
1132,2,63,31.50,2.2,0,corps,115.28724585644605,0.9509
1133,4,71,17.75,3.1,0,corps,115.23161614210535,1.7112
1134,4,54,13.50,3.1,0,corps,115.1760142356693,1.3158
1135,4,91,22.75,3.1,0,corps,115.12044012323734,5.4850
1136,5,83,16.60,3.6,0,corps,115.06489379091602,1.9911
1137,2,59,29.50,2.2,0,corps,115.00937522481875,0.9533
1138,5,105,21.00,3.6,0,corps,114.95388441106584,1.2006
1139,6,138,23.00,4.0,0,corps,114.8984213357846,1.1928
1140,2,30,15.00,2.2,0,corps,114.84298598510927,1.2545
1141,5,167,33.40,3.6,0,corps,114.787578345181,2.7141
1142,3,78,26.00,2.7,0,corps,114.73219840214794,1.5717
1143,2,103,51.50,2.2,0,corps,114.67684614216505,0.8471
1144,2,66,33.00,2.2,0,corps,114.62152155139424,0.8870
1145,2,72,36.00,2.2,0,corps,114.5662246160044,0.9639
1146,5,125,25.00,3.6,0,corps,114.51095532217133,1.1934
1147,3,61,20.33,2.7,0,corps,114.45571365607763,1.0650
1148,3,47,15.67,2.7,0,corps,114.40049960391292,1.0203
1149,2,102,51.00,2.2,0,corps,114.34531315187368,0.9098
1150,3,99,33.00,2.7,0,corps,114.29015428616331,0.9951
1151,2,70,35.00,2.2,0,corps,114.23502299299209,0.9905
1152,3,54,18.00,2.7,0,corps,114.1799192585772,1.1032
1153,3,53,17.67,2.7,0,corps,114.12484306914268,1.3289
1154,4,116,29.00,3.1,0,corps,114.06979441091953,1.3383
1155,2,53,26.50,2.2,0,corps,114.01477327014553,1.3408
1156,2,53,26.50,2.2,0,corps,113.95977963306542,0.9332
1157,2,61,30.50,2.2,0,corps,113.90481348593082,0.9377
1158,4,80,20.00,3.1,0,corps,113.84987481500013,1.2901
1159,2,22,11.00,2.2,0,corps,113.79496360653873,1.6270
1160,4,103,25.75,3.1,0,corps,113.7400798468188,1.0085
1161,4,144,36.00,3.1,0,corps,113.6852235221194,1.1554
1162,2,43,21.50,2.2,0,corps,113.63039461872646,1.4268
1163,2,31,15.50,2.2,0,corps,113.57559312293273,1.9824
1164,2,33,16.50,2.2,0,corps,113.52081902103788,1.8390
1165,5,153,30.60,3.6,0,corps,113.46607229934833,1.1316
1166,4,122,30.50,3.1,0,corps,113.41135294417744,1.6393
1167,6,138,23.00,4.0,0,corps,113.35666094184535,1.5968
1168,3,109,36.33,2.7,0,corps,113.3019962786791,1.0540
1169,3,69,23.00,2.7,0,corps,113.24735894101244,1.5855
1170,2,52,26.00,2.2,0,corps,113.19274891518609,1.8380
1171,2,62,31.00,2.2,0,corps,113.13816618754755,1.6032
1172,5,85,17.00,3.6,0,corps,113.08361074445112,1.4997
1173,4,125,31.25,3.1,0,corps,113.02908257225795,1.2351
1174,3,69,23.00,2.7,0,corps,112.97458165733599,1.3702
1175,3,67,22.33,2.7,0,corps,112.92010798605997,1.2517
1176,3,54,18.00,2.7,0,corps,112.86566154481157,1.4306
1177,5,67,13.40,3.6,0,corps,112.81124231997912,1.6374
1178,3,128,42.67,2.7,0,corps,112.75685029795781,1.0347
1179,2,126,63.00,2.2,0,corps,112.70248546514962,1.0288
1180,7,84,12.00,4.4,0,corps,112.6481478079634,2.3629
1181,3,87,29.00,2.7,0,corps,112.59383731281464,0.9113
1182,2,46,23.00,2.2,0,corps,112.53955396612582,0.7953
1183,3,60,20.00,2.7,0,corps,112.48529775432606,1.5265
1184,2,62,31.00,2.2,0,corps,112.43106866385129,0.8722
1185,2,64,32.00,2.2,0,corps,112.37686668114422,0.7587
1186,5,129,25.80,3.6,0,corps,112.32269179265441,1.0778
1187,4,51,12.75,3.1,0,corps,112.26854398483812,1.7463
1188,2,32,16.00,2.2,0,corps,112.2144232441584,1.1914
1189,5,90,18.00,3.6,0,corps,112.16032955708503,1.0892
1190,8,84,10.50,4.9,0,corps,112.10626291009464,1.7964
1191,5,74,14.80,3.6,0,corps,112.05222328967051,1.4218
1192,3,91,30.33,2.7,0,corps,111.99821068230278,0.7699
1193,3,47,15.67,2.7,0,corps,111.94422507448829,1.3909
1194,2,63,31.50,2.2,0,corps,111.89026645273063,0.9524
1195,2,61,30.50,2.2,0,corps,111.83633480354014,0.6790
1196,2,90,45.00,2.2,0,corps,111.78243011343392,0.6857
1197,2,28,14.00,2.2,0,corps,111.72855236893575,1.2706
1198,5,124,24.80,3.6,0,corps,111.67470155657628,0.9889
1199,2,110,55.00,2.2,0,corps,111.62087766289272,0.6462
1200,4,80,20.00,3.1,0,corps,111.56708067442918,1.6440
1201,4,93,23.25,3.1,0,corps,111.51331057773635,1.8235
1202,2,69,34.50,2.2,0,corps,111.45956735937173,0.9771
1203,2,57,28.50,2.2,0,corps,111.4058510058995,0.7862
1204,3,68,22.67,2.7,0,corps,111.3521615038906,1.2045
1205,2,33,16.50,2.2,0,corps,111.2984988399226,1.2341
1206,8,126,15.75,4.9,0,corps,111.24486300057987,1.5286
1207,3,65,21.67,2.7,0,corps,111.19125397245348,1.1497
1208,3,46,15.33,2.7,0,corps,111.13767174214114,1.3124
1209,2,75,37.50,2.2,0,corps,111.08411629624729,1.3215
1210,3,103,34.33,2.7,0,corps,111.03058762138305,0.9921
1211,7,128,18.29,4.4,0,corps,110.97708570416629,1.0891
1212,3,62,20.67,2.7,0,corps,110.9236105312215,1.2883
1213,2,49,24.50,2.2,0,corps,110.8701620891799,0.9443
1214,2,66,33.00,2.2,0,corps,110.81674036467942,0.8032
1215,3,83,27.67,2.7,0,corps,110.76334534436454,1.1661
1216,2,73,36.50,2.2,0,corps,110.70997701488656,1.1072
1217,6,82,13.67,4.0,0,corps,110.65663536290337,1.7172
1218,5,118,23.60,3.6,0,corps,110.60332037507963,1.0560
1219,3,65,21.67,2.7,0,corps,110.55003203808651,1.1260
1220,3,71,23.67,2.7,0,corps,110.49677033860196,0.9933
1221,6,66,11.00,4.0,0,corps,110.44353526331054,1.9000
1222,4,39,9.75,3.1,0,corps,110.3903267989035,12.5272
1223,4,81,20.25,3.1,0,corps,110.33714493207869,1.2352
1224,2,27,13.50,2.2,0,corps,110.28398964954071,2.0683
1225,2,66,33.00,2.2,0,corps,110.23086093800067,0.9049
1226,2,46,23.00,2.2,0,corps,110.17775878417642,0.9174
1227,9,183,20.33,5.3,0,corps,110.12468317479242,1.6142
1228,4,157,39.25,3.1,0,corps,110.07163409657976,0.9441
1229,3,110,36.67,2.7,0,corps,110.01861153627618,0.8732
1230,2,48,24.00,2.2,0,corps,109.96561548062604,1.7012
1231,2,98,49.00,2.2,0,corps,109.91264591638033,0.9636
1232,5,119,23.80,3.6,0,corps,109.85970283029664,1.1548
1233,2,108,54.00,2.2,0,corps,109.80678620913922,0.8903
1234,3,96,32.00,2.7,0,corps,109.75389603967889,0.9321
1235,4,115,28.75,3.1,0,corps,109.70103230869313,0.9035
1236,2,23,11.50,2.2,0,corps,109.64819500296599,1.7511
1237,2,47,23.50,2.2,0,corps,109.59538410928813,0.9111
1238,2,52,26.00,2.2,0,corps,109.54259961445689,1.1764
1239,2,27,13.50,2.2,0,corps,109.48984150527608,1.9155
1240,2,50,25.00,2.2,0,corps,109.43710976855621,1.3074
1241,3,68,22.67,2.7,0,corps,109.3844043911143,1.1084
1242,3,68,22.67,2.7,0,corps,109.33172535977407,1.2195
1243,3,51,17.00,2.7,0,corps,109.27907266136572,1.6285
1244,3,132,44.00,2.7,0,corps,109.22644628272606,1.1767
1245,2,19,9.50,2.2,0,corps,109.17384621069854,3.0427
1246,5,170,34.00,3.6,0,corps,109.12127243213314,1.2680
1247,3,60,20.00,2.7,0,corps,109.06872493388637,1.4143
1248,3,103,34.33,2.7,0,corps,109.01620370282139,1.1398
1249,3,47,15.67,2.7,0,corps,108.96370872580788,1.6571
1250,5,104,20.80,3.6,0,corps,108.91123998972209,1.2162
1251,2,21,10.50,2.2,0,corps,108.85879748144684,1.4742
1252,5,134,26.80,3.6,0,corps,108.80638118787151,0.9908
1253,7,86,12.29,4.4,0,corps,108.75399109589206,1.3733
1254,6,91,15.17,4.0,0,corps,108.7016271924109,1.5936
1255,3,34,11.33,2.7,0,corps,108.64928946433707,1.9795
1256,5,138,27.60,3.6,0,corps,108.59697789858618,1.0102
1257,4,98,24.50,3.1,0,corps,108.54469248208028,0.9808
1258,3,80,26.67,2.7,0,corps,108.49243320174806,0.9948
1259,2,17,8.50,2.2,0,corps,108.44020004452469,1.5268
1260,9,170,18.89,5.3,0,corps,108.38799299735184,3.7486
1261,4,55,13.75,3.1,0,corps,108.33581204717784,1.4352
1262,3,47,15.67,2.7,0,corps,108.28365718095733,0.9660
1263,5,81,16.20,3.6,0,corps,108.23152838565173,1.4491
1264,2,26,13.00,2.2,0,corps,108.17942564822872,1.4222
1265,2,33,16.50,2.2,0,corps,108.12734895566267,1.6168
1266,5,95,19.00,3.6,0,corps,108.07529829493441,0.9996
1267,2,63,31.50,2.2,0,corps,108.02327365303128,0.8614
1268,2,42,21.00,2.2,0,corps,107.97127501694708,0.7034
1269,2,24,12.00,2.2,0,corps,107.91930237368219,0.9159
1270,2,27,13.50,2.2,0,corps,107.86735571024344,1.1598
1271,5,107,21.40,3.6,0,corps,107.81543501364412,1.3686
1272,5,81,16.20,3.6,0,corps,107.76354027090413,0.9375
1273,5,102,20.40,3.6,0,corps,107.71167146904976,1.0396
1274,2,38,19.00,2.2,0,corps,107.65982859511377,0.8163
1275,9,143,15.89,5.3,0,corps,107.60801163613549,1.1891
1276,3,54,18.00,2.7,0,corps,107.55622057916064,0.8762
1277,4,109,27.25,3.1,0,corps,107.50445541124148,1.1679
1278,3,48,16.00,2.7,0,corps,107.4527161194367,0.7547
1279,2,71,35.50,2.2,0,corps,107.40100269081152,0.7651
1280,3,89,29.67,2.7,0,corps,107.34931511243752,0.9537
1281,2,34,17.00,2.2,0,corps,107.29765337139285,0.8608
1282,4,110,27.50,3.1,0,corps,107.24601745476205,1.4477
1283,2,39,19.50,2.2,0,corps,107.19440734963617,1.9522
1284,4,55,13.75,3.1,0,corps,107.14282304311264,1.6190
1285,4,95,23.75,3.1,0,corps,107.09126452229545,1.3385
1286,4,98,24.50,3.1,0,corps,107.03973177429489,1.3406
1287,3,57,19.00,2.7,0,corps,106.98822478622783,1.3571
1288,5,96,19.20,3.6,0,corps,106.9367435452175,1.4496
1289,5,107,21.40,3.6,0,corps,106.88528803839358,1.6341
1290,6,93,15.50,4.0,0,corps,106.83385825289223,1.6987
1291,2,40,20.00,2.2,0,corps,106.78245417585595,1.2446
1292,2,23,11.50,2.2,0,corps,106.73107579443375,2.5557
1293,2,60,30.00,2.2,0,corps,106.67972309578104,1.2897
1294,7,133,19.00,4.4,0,corps,106.62839606705965,4.1027
1295,2,91,45.50,2.2,0,corps,106.5770946954378,0.9700
1296,2,36,18.00,2.2,0,corps,106.52581896809015,1.0917
1297,3,48,16.00,2.7,0,corps,106.47456887219782,2.2046
1298,2,60,30.00,2.2,0,corps,106.42334439494819,0.9619
1299,6,143,23.83,4.0,0,corps,106.37214552353522,1.0687
1300,3,127,42.33,2.7,0,corps,106.32097224515915,0.7437
1301,3,63,21.00,2.7,0,corps,106.26982454702669,1.0353
1302,2,21,10.50,2.2,0,corps,106.21870241635088,2.1506
1303,3,39,13.00,2.7,0,corps,106.16760584035121,1.5822
1304,7,140,20.00,4.4,0,corps,106.11653480625354,1.2556
1305,6,137,22.83,4.0,0,corps,106.06548930129011,1.7237
1306,2,46,23.00,2.2,0,corps,106.0144693126995,1.2680
1307,7,122,17.43,4.4,0,corps,105.96347482772681,1.2530
1308,2,28,14.00,2.2,0,corps,105.91250583362333,1.2817
1309,5,111,22.20,3.6,0,corps,105.86156231764683,1.1721
1310,3,52,17.33,2.7,0,corps,105.81064426706143,1.1818
1311,6,132,22.00,4.0,0,corps,105.75975166913764,1.1926
1312,5,54,10.80,3.6,0,corps,105.70888451115232,2.1330
1313,2,19,9.50,2.2,0,corps,105.65804278038864,1.3075
1314,6,99,16.50,4.0,0,corps,105.60722646413616,1.5247
1315,4,28,7.00,3.1,0,corps,105.55643554969085,16.3955
1316,3,29,9.67,2.7,0,corps,105.50567002435496,1.6523
1317,2,78,39.00,2.2,0,corps,105.4549298754371,1.2042
1318,2,43,21.50,2.2,0,corps,105.40421509025224,1.2143
1319,4,96,24.00,3.1,0,corps,105.35352565612169,1.1992
1320,3,77,25.67,2.7,0,corps,105.30286156037305,1.2777
1321,3,56,18.67,2.7,0,corps,105.25222279034034,0.9635
1322,5,74,14.80,3.6,0,corps,105.20160933336386,2.3881
1323,2,20,10.00,2.2,0,corps,105.15102117679025,1.3799
1324,3,87,29.00,2.7,0,corps,105.10045830797246,1.1385
1325,2,62,31.00,2.2,0,corps,105.04992071426975,0.7413
1326,3,67,22.33,2.7,0,corps,104.99940838304778,0.9684
1327,3,50,16.67,2.7,0,corps,104.94892130167841,1.0446
1328,4,57,14.25,3.1,0,corps,104.89845945753989,1.8797
1329,3,63,21.00,2.7,0,corps,104.84802283801675,1.2650
1330,5,151,30.20,3.6,0,corps,104.79761143049986,1.1945
1331,5,101,20.20,3.6,0,corps,104.74722522238635,1.3803
1332,3,73,24.33,2.7,0,corps,104.69686420107966,1.2357
1333,2,52,26.00,2.2,0,corps,104.64652835398958,1.0699
1334,2,48,24.00,2.2,0,corps,104.59621766853209,1.2695
1335,2,47,23.50,2.2,0,corps,104.54593213212955,1.0802
1336,6,108,18.00,4.0,0,corps,104.49567173221055,1.5843
1337,2,73,36.50,2.2,0,corps,104.44543645621,0.9266
1338,7,179,25.57,4.4,0,corps,104.3952262915691,1.1662
1339,5,93,18.60,3.6,0,corps,104.34504122573529,1.3850
1340,5,38,7.60,3.6,0,corps,104.29488124616233,1.9864
1341,2,20,10.00,2.2,0,corps,104.2447463403102,0.9570
1342,2,19,9.50,2.2,0,corps,104.19463649564516,1.4920
1343,2,109,54.50,2.2,0,corps,104.14455169963976,0.9573
1344,2,39,19.50,2.2,0,corps,104.09449193977282,1.0131
1345,4,74,18.50,3.1,0,corps,104.04445720352939,1.1418
1346,3,66,22.00,2.7,0,corps,103.99444747840076,0.9565
1347,2,37,18.50,2.2,0,corps,103.94446275188456,1.4488
1348,2,52,26.00,2.2,0,corps,103.89450301148453,1.2559
1349,3,83,27.67,2.7,0,corps,103.8445682447108,1.1926
1350,3,121,40.33,2.7,0,corps,103.79465843907964,0.7609
1351,5,76,15.20,3.6,0,corps,103.74477358211361,1.5018
1352,4,77,19.25,3.1,0,corps,103.69491366134147,1.1906
1353,3,77,25.67,2.7,0,corps,103.64507866429831,1.0878
1354,3,76,25.33,2.7,0,corps,103.5952685785253,1.3674
1355,2,25,12.50,2.2,0,corps,103.54548339156997,1.4494
1356,2,70,35.00,2.2,0,corps,103.495723090986,0.8440
1357,2,27,13.50,2.2,0,corps,103.44598766433334,0.9595
1358,6,88,14.67,4.0,0,corps,103.39627709917809,1.2283
1359,4,79,19.75,3.1,0,corps,103.34659138309266,0.9431
1360,3,46,15.33,2.7,0,corps,103.29693050365553,1.1567
1361,3,102,34.00,2.7,0,corps,103.24729444845163,1.0915
1362,2,35,17.50,2.2,0,corps,103.19768320507181,1.1007
1363,5,65,13.00,3.6,0,corps,103.14809676111332,1.4046
1364,2,25,12.50,2.2,0,corps,103.09853510417952,1.9084
1365,5,121,24.20,3.6,0,corps,103.04899822188003,1.1432
1366,2,38,19.00,2.2,0,corps,102.99948610183058,1.1449
1367,2,42,21.00,2.2,0,corps,102.94999873165322,1.7254
1368,2,44,22.00,2.2,0,corps,102.90053609897602,1.9798
1369,2,53,26.50,2.2,0,corps,102.8510981914334,1.9070
1370,2,39,19.50,2.2,0,corps,102.8016849966658,1.2026
1371,2,92,46.00,2.2,0,corps,102.75229650231998,1.2321
1372,2,27,13.50,2.2,0,corps,102.7029326960488,1.5111
1373,5,105,21.00,3.6,0,corps,102.65359356551131,1.2657
1374,3,90,30.00,2.7,0,corps,102.60427909837271,1.0769
1375,2,33,16.50,2.2,0,corps,102.55498928230442,1.5452
1376,3,42,14.00,2.7,0,corps,102.50572410498397,2.1248
1377,3,56,18.67,2.7,0,corps,102.45648355409503,1.5908
1378,6,150,25.00,4.0,0,corps,102.40726761732752,1.1130
1379,4,74,18.50,3.1,0,corps,102.35807628237741,1.2742
1380,3,66,22.00,2.7,0,corps,102.30890953694689,0.9825
1381,2,31,15.50,2.2,0,corps,102.25976736874425,1.1583
1382,5,149,29.80,3.6,0,corps,102.21064976548398,1.2564
1383,2,32,16.00,2.2,0,corps,102.16155671488667,1.3494
1384,4,129,32.25,3.1,0,corps,102.11248820467904,1.0548
1385,3,42,14.00,2.7,0,corps,102.06344422259394,1.5526
1386,4,62,15.50,3.1,0,corps,102.01442475637046,1.2070
1387,7,83,11.86,4.4,0,corps,101.96542979375364,2.3483
1388,6,130,21.67,4.0,0,corps,101.9164593224948,1.1515
1389,2,35,17.50,2.2,0,corps,101.86751333035131,1.3518
1390,2,42,21.00,2.2,0,corps,101.81859180508665,1.0798
1391,2,28,14.00,2.2,0,corps,101.76969473447043,1.1520
1392,3,52,17.33,2.7,0,corps,101.72082210627845,1.0345
1393,2,48,24.00,2.2,0,corps,101.67197390829246,0.8877
1394,2,53,26.50,2.2,0,corps,101.62315012830048,1.2220
1395,4,25,6.25,3.1,0,corps,101.57435075409653,1.5676
1396,2,23,11.50,2.2,0,corps,101.52557577348078,1.1623
1397,7,149,21.29,4.4,0,corps,101.47682517425949,1.3129
1398,3,58,19.33,2.7,0,corps,101.42809894424498,1.3541
1399,4,63,15.75,3.1,0,corps,101.37939707125574,1.2889
1400,5,107,21.40,3.6,0,corps,101.33071954311626,2.1028
1401,3,57,19.00,2.7,0,corps,101.28206634765718,1.2767
1402,2,51,25.50,2.2,0,corps,101.23343747271518,1.2285
1403,2,113,56.50,2.2,0,corps,101.18483290613307,1.0092
1404,5,85,17.00,3.6,0,corps,101.13625263575967,1.3255
1405,2,43,21.50,2.2,0,corps,101.08769664944997,1.4545
1406,3,65,21.67,2.7,0,corps,101.03916493506493,1.1486
1407,5,148,29.60,3.6,0,corps,100.9906574804716,1.1141
1408,3,68,22.67,2.7,0,corps,100.94217427354317,1.1570
1409,3,54,18.00,2.7,0,corps,100.89371530215881,1.0799
1410,7,165,23.57,4.4,0,corps,100.84528055420377,1.5588
1411,2,11,5.50,2.2,0,corps,100.79687001756936,2.0652
1412,3,83,27.67,2.7,0,corps,100.74848368015299,1.2473
1413,2,73,36.50,2.2,0,corps,100.70012152985804,1.0900
1414,6,111,18.50,4.0,0,corps,100.65178355459396,1.7686
1415,4,69,17.25,3.1,0,corps,100.60346974227627,2.0780
1416,3,99,33.00,2.7,0,corps,100.55518008082656,1.3716
1417,5,61,12.20,3.6,0,corps,100.50691455817233,1.5708
1418,3,82,27.33,2.7,0,corps,100.45867316224727,1.1514
1419,2,23,11.50,2.2,0,corps,100.41045588099095,2.1056
1420,4,57,14.25,3.1,0,corps,100.36226270234916,1.2498
1421,3,59,19.67,2.7,0,corps,100.31409361427353,1.7478
1422,3,34,11.33,2.7,0,corps,100.2659486047218,1.3397
1423,3,90,30.00,2.7,0,corps,100.21782766165772,1.5280
1424,4,76,19.00,3.1,0,corps,100.16973077305107,1.3927
1425,5,126,25.20,3.6,0,corps,100.12165792687759,1.6189
1426,2,65,32.50,2.2,0,corps,100.07360911111911,1.3665
1427,4,169,42.25,3.1,0,corps,100.0255843137634,0.9535
1428,6,111,18.50,4.0,0,corps,99.97758352280431,1.2670
1429,2,18,9.00,2.2,0,corps,99.92960672624154,2.5200
1430,3,49,16.33,2.7,0,corps,99.88165391208098,1.1231
1431,4,71,17.75,3.1,0,corps,99.8337250683344,1.2509
1432,3,102,34.00,2.7,0,corps,99.78582018301958,1.0136
1433,7,136,19.43,4.4,0,corps,99.73793924416029,1.2812
1434,2,54,27.00,2.2,0,corps,99.69008223978634,1.6969
1435,2,68,34.00,2.2,0,corps,99.64224915793342,1.2704
1436,2,67,33.50,2.2,0,corps,99.59443998664331,0.8599
1437,2,33,16.50,2.2,0,corps,99.54665471396368,2.1355
1438,2,84,42.00,2.2,0,corps,99.49889332794824,1.0981
1439,5,60,12.00,3.6,0,corps,99.45115581665661,1.6280
1440,3,38,12.67,2.7,0,corps,99.40344216815446,1.6592
1441,13,200,15.38,7.1,0,corps,99.35575237051331,1.7890
1442,7,67,9.57,4.4,0,corps,99.30808641181078,2.4000
1443,5,94,18.80,3.6,0,corps,99.26044428013032,6.3376
1444,4,82,20.50,3.1,0,corps,99.21282596356146,1.5952
1445,2,47,23.50,2.2,0,corps,99.16523145019957,1.4289
1446,2,72,36.00,2.2,0,corps,99.11766072814603,1.3783
1447,3,73,24.33,2.7,0,corps,99.07011378550818,1.3358
1448,2,37,18.50,2.2,0,corps,99.02259061039928,1.2760
1449,4,63,15.75,3.1,0,corps,98.97509119093851,1.6598
1450,2,70,35.00,2.2,0,corps,98.92761551525105,0.8724
1451,8,156,19.50,4.9,0,corps,98.88016357146793,1.9018
1452,3,65,21.67,2.7,0,corps,98.83273534772624,1.6792
1453,2,40,20.00,2.2,0,corps,98.78533083216885,1.4025
1454,3,46,15.33,2.7,0,corps,98.73795001294468,1.2987
1455,4,78,19.50,3.1,0,corps,98.69059287820849,1.8145
1456,7,82,11.71,4.4,0,corps,98.64325941612103,5.5197
1457,3,98,32.67,2.7,0,corps,98.5959496148489,1.3871
1458,3,89,29.67,2.7,0,corps,98.54866346256468,1.2100
1459,2,40,20.00,2.2,0,corps,98.50140094744681,2.0875
1460,2,62,31.00,2.2,0,corps,98.45416205767968,1.1656
1461,2,42,21.00,2.2,0,corps,98.40694678145354,1.1054
1462,2,42,21.00,2.2,0,corps,98.35975510696461,1.1785
1463,5,85,17.00,3.6,0,corps,98.31258702241492,1.7791
1464,3,28,9.33,2.7,0,corps,98.26544251601248,1.8093
1465,4,97,24.25,3.1,0,corps,98.21832157597119,1.3727
1466,2,63,31.50,2.2,0,corps,98.17122419051077,1.0361
1467,6,86,14.33,4.0,0,corps,98.12415034785687,1.8244
1468,2,61,30.50,2.2,0,corps,98.07710003624106,1.4419
1469,4,62,15.50,3.1,0,corps,98.03007324390074,1.9195
1470,2,48,24.00,2.2,0,corps,97.98306995907924,1.0032
1471,3,81,27.00,2.7,0,corps,97.93609017002571,1.7555
1472,11,139,12.64,6.2,0,corps,97.88913386499523,2.0281
1473,4,93,23.25,3.1,0,corps,97.84220103224867,4.4973
1474,3,82,27.33,2.7,0,corps,97.79529166005287,1.6977
1475,10,155,15.50,5.8,0,corps,97.74840573668048,1.6800
1476,5,79,15.80,3.6,0,corps,97.70154325041001,2.3102
1477,2,15,7.50,2.2,0,corps,97.65470418952583,2.5133
1478,5,97,19.40,3.6,0,corps,97.60788854231821,1.2772
1479,4,91,22.75,3.1,0,corps,97.5610962970832,1.4398
1480,2,45,22.50,2.2,0,corps,97.51432744212273,1.5177
1481,4,72,18.00,3.1,0,corps,97.46758196574464,1.4251
1482,4,68,17.00,3.1,0,corps,97.42085985626252,1.1224
1483,7,60,8.57,4.4,0,corps,97.37416110199584,1.8370
1484,3,73,24.33,2.7,0,corps,97.32748569126993,1.1051
1485,3,46,15.33,2.7,0,corps,97.28083361241592,1.4735
1486,2,52,26.00,2.2,0,corps,97.2342048537708,0.9937
1487,4,57,14.25,3.1,0,corps,97.1875994036774,1.4290
1488,3,53,17.67,2.7,0,corps,97.14101725048432,1.4343
1489,3,66,22.00,2.7,0,corps,97.09445838254604,1.2070
1490,2,15,7.50,2.2,0,corps,97.04792278822283,1.5287
1491,3,56,18.67,2.7,0,corps,97.00141045588082,1.3051
1492,3,54,18.00,2.7,0,corps,96.9549213738919,1.3828
1493,3,58,19.33,2.7,0,corps,96.9084555306338,1.5637
1494,4,75,18.75,3.1,0,corps,96.86201291449008,1.4235
1495,2,36,18.00,2.2,0,corps,96.81559351385005,1.2690
1496,2,29,14.50,2.2,0,corps,96.7691973171089,1.4329
1497,3,45,15.00,2.7,0,corps,96.72282431266757,1.1686
1498,3,49,16.33,2.7,0,corps,96.6764744889328,1.3667
1499,4,84,21.00,3.1,0,corps,96.63014783431711,1.3885
1500,2,20,10.00,2.2,0,corps,96.58384433723887,1.2414
1501,5,66,13.20,3.6,0,corps,96.53756398612222,1.6541
1502,3,34,11.33,2.7,0,corps,96.49130676939703,1.9504
1503,9,210,23.33,5.3,0,corps,96.44507267549902,0.9496
1504,4,61,15.25,3.1,0,corps,96.39886169286966,1.2489
1505,5,52,10.40,3.6,0,corps,96.3526738099562,1.9518
1506,2,29,14.50,2.2,0,corps,96.30650901521167,2.0380
1507,4,110,27.50,3.1,0,corps,96.26036729709489,4.1319
1508,3,32,10.67,2.7,0,corps,96.2142486440704,1.3828
1509,6,105,17.50,4.0,0,corps,96.16815304460854,1.2595
1510,3,62,20.67,2.7,0,corps,96.12208048718544,1.0798
1511,2,35,17.50,2.2,0,corps,96.07603096028295,0.6002
1512,2,50,25.00,2.2,0,corps,96.03000445238865,1.0060
1513,2,35,17.50,2.2,0,corps,95.98400095199597,1.2627
1514,4,87,21.75,3.1,0,corps,95.93802044760399,0.7325
1515,5,101,20.20,3.6,0,corps,95.89206292771762,1.3459
1516,2,39,19.50,2.2,0,corps,95.84612838084745,1.1352
1517,2,36,18.00,2.2,0,corps,95.80021679550985,0.7914
1518,4,77,19.25,3.1,0,corps,95.75432816022692,1.3758
1519,2,45,22.50,2.2,0,corps,95.70846246352653,1.0242
1520,5,97,19.40,3.6,0,corps,95.6626196939422,1.2352
1521,2,46,23.00,2.2,0,corps,95.6167998400133,1.7082
1522,4,75,18.75,3.1,0,corps,95.57100289028483,1.2053
1523,2,35,17.50,2.2,0,corps,95.52522883330757,1.6158
1524,2,36,18.00,2.2,0,corps,95.47947765763797,1.7372
1525,4,73,18.25,3.1,0,corps,95.43374935183829,1.6767
1526,2,40,20.00,2.2,0,corps,95.38804390447639,1.4756
1527,3,64,21.33,2.7,0,corps,95.34236130412597,1.1503
1528,6,79,13.17,4.0,0,corps,95.29670153936634,1.2993
1529,2,38,19.00,2.2,0,corps,95.25106459878258,2.7177
1530,3,54,18.00,2.7,0,corps,95.20545047096543,1.2301
1531,2,42,21.00,2.2,0,corps,95.15985914451139,0.9785
1532,15,240,16.00,8.0,0,corps,95.11429060802257,1.8735
1533,10,146,14.60,5.8,0,corps,95.06874485010694,1.5406
1534,2,49,24.50,2.2,0,corps,95.02322185937795,1.6343
1535,5,67,13.40,3.6,0,corps,94.97772162445493,1.3384
1536,2,74,37.00,2.2,0,corps,94.93224413396277,1.3424
1537,2,38,19.00,2.2,0,corps,94.8867893765321,1.0943
1538,6,117,19.50,4.0,0,corps,94.84135734079928,1.5961
1539,2,21,10.50,2.2,0,corps,94.79594801540625,2.1855
1540,4,50,12.50,3.1,0,corps,94.75056138900071,8.6104
1541,3,117,39.00,2.7,0,corps,94.70519745023597,1.6558
1542,2,53,26.50,2.2,0,corps,94.65985618777107,2.5270
1543,2,18,9.00,2.2,0,corps,94.61453759027071,2.0879
1544,8,93,11.62,4.9,0,corps,94.56924164640522,2.1102
1545,3,67,22.33,2.7,0,corps,94.52396834485059,1.0873
1546,10,175,17.50,5.8,0,corps,94.47871767428853,1.8081
1547,6,82,13.67,4.0,0,corps,94.43348962340636,1.8223
1548,4,143,35.75,3.1,0,corps,94.38828418089706,1.1926
1549,3,71,23.67,2.7,0,corps,94.3431013354593,1.6213
1550,2,52,26.00,2.2,0,corps,94.2979410757973,1.0832
1551,4,100,25.00,3.1,0,corps,94.25280339062107,1.6283
1552,2,40,20.00,2.2,0,corps,94.20768826864614,1.2549
1553,4,92,23.00,3.1,0,corps,94.16259569859378,1.2685
1554,3,55,18.33,2.7,0,corps,94.11752566919078,1.3041
1555,3,55,18.33,2.7,0,corps,94.07247816916968,1.9192
1556,4,62,15.50,3.1,0,corps,94.02745318726858,1.7820
1557,3,42,14.00,2.7,0,corps,93.98245071223127,1.4266
1558,4,60,15.00,3.1,0,corps,93.93747073280709,2.1805
1559,8,138,17.25,4.9,0,corps,93.89251323775106,1.2144
1560,3,56,18.67,2.7,0,corps,93.84757821582382,0.9209
1561,3,70,23.33,2.7,0,corps,93.8026656557916,1.6455
1562,2,38,19.00,2.2,0,corps,93.75777554642625,1.3514
1563,2,37,18.50,2.2,0,corps,93.71290787650527,1.4511
1564,4,87,21.75,3.1,0,corps,93.6680626348117,5.4665
1565,4,90,22.50,3.1,0,corps,93.62323981013428,1.5463
1566,3,45,15.00,2.7,0,corps,93.57843939126727,1.6751
1567,9,121,13.44,5.3,0,corps,93.53366136701058,1.6223
1568,2,49,24.50,2.2,0,corps,93.48890572616969,0.8834
1569,5,79,15.80,3.6,0,corps,93.44417245755571,1.2237
1570,2,21,10.50,2.2,0,corps,93.39946154998529,1.8082
1571,2,23,11.50,2.2,0,corps,93.35477299228074,1.7223
1572,3,44,14.67,2.7,0,corps,93.31010677326988,1.2902
1573,4,29,7.25,3.1,0,corps,93.26546288178622,1.7064
1574,2,55,27.50,2.2,0,corps,93.22084130666872,1.0643
1575,7,149,21.29,4.4,0,corps,93.17624203676202,1.3368
1576,3,43,14.33,2.7,0,corps,93.13166506091628,1.2051
1577,3,63,21.00,2.7,0,corps,93.08711036798728,1.1606
1578,3,35,11.67,2.7,0,corps,93.04257794683633,2.0589
1579,3,34,11.33,2.7,0,corps,92.99806778633032,1.6511
1580,2,72,36.00,2.2,0,corps,92.95357987534175,0.9584
1581,3,56,18.67,2.7,0,corps,92.9091142027486,1.4731
1582,2,48,24.00,2.2,0,corps,92.86467075743444,1.2281
1583,4,50,12.50,3.1,0,corps,92.82024952828846,1.8662
1584,6,73,12.17,4.0,0,corps,92.77585050420531,7.0769
1585,9,126,14.00,5.3,0,corps,92.73147367408527,3.8186
1586,2,40,20.00,2.2,0,corps,92.68711902683407,1.2481
1587,11,148,13.45,6.2,0,corps,92.64278655136313,2.1989
1588,7,100,14.29,4.4,0,corps,92.59847623658928,2.5840
1589,4,114,28.50,3.1,0,corps,92.55418807143492,1.7365
1590,4,58,14.50,3.1,0,corps,92.50992204482807,1.7123
1591,3,14,4.67,2.7,0,corps,92.4656781457022,2.5092
1592,3,39,13.00,2.7,0,corps,92.4214563629963,1.7959
1593,3,26,8.67,2.7,0,corps,92.37725668565497,2.8363
1594,2,45,22.50,2.2,0,corps,92.33307910262826,1.4467
1595,4,89,22.25,3.1,0,corps,92.28892360287179,1.4211
1596,3,35,11.67,2.7,0,corps,92.2447901753467,1.3968
1597,3,44,14.67,2.7,0,corps,92.20067880901959,2.6527
1598,6,119,19.83,4.0,0,corps,92.15658949286264,1.3773
1599,5,74,14.80,3.6,0,corps,92.11252221585353,1.9467
1600,6,54,9.00,4.0,0,corps,92.06847696697544,2.4536
1601,10,173,17.30,5.8,0,corps,92.02445373521704,1.3145
1602,6,102,17.00,4.0,0,corps,91.98045250957253,5.3769
1603,5,42,8.40,3.6,0,corps,91.9364732790416,2.0797
1604,4,129,32.25,3.1,0,corps,91.89251603262947,1.2700
1605,4,62,15.50,3.1,0,corps,91.84858075934679,1.0601
1606,4,92,23.00,3.1,0,corps,91.80466744820976,1.5321
1607,7,69,9.86,4.4,0,corps,91.76077608824006,1.5793
1608,2,36,18.00,2.2,0,corps,91.71690666846483,1.6207
1609,2,65,32.50,2.2,0,corps,91.67305917791671,0.9139
1610,4,61,15.25,3.1,0,corps,91.62923360563386,1.5386
1611,5,51,10.20,3.6,0,corps,91.58542994065986,2.3069
1612,4,101,25.25,3.1,0,corps,91.54164817204381,1.2141
1613,3,47,15.67,2.7,0,corps,91.49788828884026,1.2611
1614,2,61,30.50,2.2,0,corps,91.45415028010923,1.3546
1615,2,26,13.00,2.2,0,corps,91.41043413491623,0.9524
1616,4,90,22.50,3.1,0,corps,91.3667398423322,1.3020
1617,2,44,22.00,2.2,0,corps,91.32306739143361,1.0692
1618,6,57,9.50,4.0,0,corps,91.27941677130231,1.5162
1619,3,91,30.33,2.7,0,corps,91.23578797102566,1.0682
1620,7,113,16.14,4.4,0,corps,91.19218097969646,1.5994
1621,7,128,18.29,4.4,0,corps,91.14859578641297,1.0193
1622,6,105,17.50,4.0,0,corps,91.10503238027886,1.0391
1623,2,34,17.00,2.2,0,corps,91.06149075040331,2.1286
1624,5,63,12.60,3.6,0,corps,91.0179708859009,1.5470
1625,5,51,10.20,3.6,0,corps,90.97447277589166,1.8385
1626,5,81,16.20,3.6,0,corps,90.93099640950106,1.3058
1627,2,27,13.50,2.2,0,corps,90.88754177586004,1.2799
1628,5,57,11.40,3.6,0,corps,90.84410886410488,1.5392
1629,3,63,21.00,2.7,0,corps,90.80069766337743,1.0395
1630,3,115,38.33,2.7,0,corps,90.75730816282483,1.3244
1631,3,70,23.33,2.7,0,corps,90.7139403515997,1.1342
1632,2,42,21.00,2.2,0,corps,90.67059421886015,1.0157
1633,3,30,10.00,2.7,0,corps,90.62726975376958,2.4876
1634,7,83,11.86,4.4,0,corps,90.5839669454969,1.6072
1635,2,46,23.00,2.2,0,corps,90.5406857832164,0.9160
1636,3,47,15.67,2.7,0,corps,90.49742625610781,1.3448
1637,4,90,22.50,3.1,0,corps,90.45418835335623,1.2478
1638,4,34,8.50,3.1,0,corps,90.4109720641522,10.0758
1639,4,71,17.75,3.1,0,corps,90.36777737769162,1.1555
1640,2,36,18.00,2.2,0,corps,90.32460428317587,1.9108
1641,2,21,10.50,2.2,0,corps,90.2814527698116,1.3875
1642,7,101,14.43,4.4,0,corps,90.23832282681099,1.4185
1643,4,63,15.75,3.1,0,corps,90.19521444339152,1.4485
1644,2,61,30.50,2.2,0,corps,90.15212760877614,1.7350
1645,3,56,18.67,2.7,0,corps,90.10906231219307,1.3782
1646,2,55,27.50,2.2,0,corps,90.06601854287607,1.4462
1647,3,45,15.00,2.7,0,corps,90.02299629006411,1.1264
1648,4,50,12.50,3.1,0,corps,89.9799955430017,1.8509
1649,4,139,34.75,3.1,0,corps,89.93701629093862,1.2572
1650,2,24,12.00,2.2,0,corps,89.89405852313006,1.8434
1651,2,44,22.00,2.2,0,corps,89.85112222883657,1.1704
1652,3,74,24.67,2.7,0,corps,89.8082073973241,1.1268
1653,2,32,16.00,2.2,0,corps,89.7653140178639,1.5352
1654,2,24,12.00,2.2,0,corps,89.72244207973267,1.1376
1655,5,65,13.00,3.6,0,corps,89.67959157221239,1.5365
1656,2,63,31.50,2.2,0,corps,89.63676248459048,1.4014
1657,6,120,20.00,4.0,0,corps,89.59395480615962,1.3044
1658,2,59,29.50,2.2,0,corps,89.55116852621791,1.1774
1659,4,69,17.25,3.1,0,corps,89.50840363406877,1.5167
1660,6,94,15.67,4.0,0,corps,89.46566011902098,1.6064
1661,5,83,16.60,3.6,0,corps,89.42293797038867,1.2084
1662,3,65,21.67,2.7,0,corps,89.3802371774913,0.9500
1663,7,81,11.57,4.4,0,corps,89.33755772965367,1.4729
1664,3,45,15.00,2.7,0,corps,89.29489961620591,1.5634
1665,7,162,23.14,4.4,0,corps,89.2522628264835,2.2078
1666,4,51,12.75,3.1,0,corps,89.20964734982726,1.4151
1667,5,70,14.00,3.6,0,corps,89.16705317558328,1.1849
1668,2,59,29.50,2.2,0,corps,89.12448029310305,1.4861
1669,4,73,18.25,3.1,0,corps,89.08192869174331,2.4015
1670,3,58,19.33,2.7,0,corps,89.03939836086622,1.1019
1671,5,82,16.40,3.6,0,corps,88.99688928983915,1.3365
1672,2,27,13.50,2.2,0,corps,88.95440146803483,1.5505
1673,6,65,10.83,4.0,0,corps,88.91193488483134,4.5230
1674,3,97,32.33,2.7,0,corps,88.86948952961203,1.2196
1675,2,117,58.50,2.2,0,corps,88.8270653917655,0.9434
1676,6,91,15.17,4.0,0,corps,88.78466246068578,5.0786
1677,3,64,21.33,2.7,0,corps,88.74228072577212,1.2569
1678,5,88,17.60,3.6,0,corps,88.69992017642909,1.5927
1679,2,70,35.00,2.2,0,corps,88.65758080206653,1.3380
1680,4,78,19.50,3.1,0,corps,88.61526259209963,1.2675
1681,5,59,11.80,3.6,0,corps,88.57296553594878,1.9338
1682,10,194,19.40,5.8,0,corps,88.53068962303979,1.8292
1683,6,71,11.83,4.0,0,corps,88.48843484280364,2.1338
1684,3,93,31.00,2.7,0,corps,88.44620118467664,1.0584
1685,2,53,26.50,2.2,0,corps,88.40398863810039,1.2184
1686,4,76,19.00,3.1,0,corps,88.3617971925217,1.5452
1687,4,64,16.00,3.1,0,corps,88.31962683739278,1.9354
1688,5,108,21.60,3.6,0,corps,88.277477562171,1.4610
1689,13,215,16.54,7.1,0,corps,88.23534935631905,2.8023
1690,3,49,16.33,2.7,0,corps,88.19324220930488,1.4385
1691,2,58,29.00,2.2,0,corps,88.15115611060169,1.0899
1692,2,35,17.50,2.2,0,corps,88.10909104968798,2.4775
1693,5,66,13.20,3.6,0,corps,88.06704701604745,1.6764
1694,2,29,14.50,2.2,0,corps,88.02502399916914,1.5602
1695,8,115,14.38,4.9,0,corps,87.98302198854725,5.2394
1696,6,64,10.67,4.0,0,corps,87.94104097368131,2.7637
1697,3,31,10.33,2.7,0,corps,87.89908094407602,1.9835
1698,3,62,20.67,2.7,0,corps,87.85714188924143,1.2770
1699,6,87,14.50,4.0,0,corps,87.81522379869273,1.5307
1700,3,52,17.33,2.7,0,corps,87.77332666195043,1.6393
1701,4,62,15.50,3.1,0,corps,87.73145046854023,4.6929
1702,2,40,20.00,2.2,0,corps,87.6895952079931,1.4598
1703,2,27,13.50,2.2,0,corps,87.64776086984517,1.8511
1704,2,24,12.00,2.2,0,corps,87.60594744363792,3.4487
1705,3,85,28.33,2.7,0,corps,87.56415491891795,1.3796
1706,6,133,22.17,4.0,0,corps,87.52238328523715,5.8340
1707,2,82,41.00,2.2,0,corps,87.48063253215261,1.1662
1708,2,32,16.00,2.2,0,corps,87.43890264922663,2.8730
1709,4,81,20.25,3.1,0,corps,87.39719362602676,1.6479
1710,2,37,18.50,2.2,0,corps,87.35550545212574,1.1342
1711,5,50,10.00,3.6,0,corps,87.3138381171015,1.9225
1712,2,99,49.50,2.2,0,corps,87.27219161053722,1.0243
1713,4,118,29.50,3.1,0,corps,87.23056592202127,2.7812
1714,2,22,11.00,2.2,0,corps,87.18896104114727,1.6205
1715,3,56,18.67,2.7,0,corps,87.14737695751393,2.5232
1716,2,48,24.00,2.2,0,corps,87.10581366072527,1.6348
1717,3,59,19.67,2.7,0,corps,87.06427114039046,1.4001
1718,2,25,12.50,2.2,0,corps,87.02274938612386,1.6175
1719,4,102,25.50,3.1,0,corps,86.98124838754505,1.4067
1720,7,81,11.57,4.4,0,corps,86.93976813427878,2.1219
1721,3,30,10.00,2.7,0,corps,86.89830861595496,1.6378
1722,6,117,19.50,4.0,0,corps,86.85686982220872,1.2173
1723,4,93,23.25,3.1,0,corps,86.81545174268037,1.1781
1724,9,173,19.22,5.3,0,corps,86.7740543670154,1.2322
1725,3,73,24.33,2.7,0,corps,86.73267768486443,1.0217
1726,2,77,38.50,2.2,0,corps,86.69132168588332,0.8394
1727,4,62,15.50,3.1,0,corps,86.64998635973309,1.4808
1728,4,60,15.00,3.1,0,corps,86.60867169607987,1.6315
1729,2,31,15.50,2.2,0,corps,86.56737768459497,1.9902
1730,2,38,19.00,2.2,0,corps,86.52610431495495,1.4044
1731,3,42,14.00,2.7,0,corps,86.48485157684144,1.1009
1732,2,42,21.00,2.2,0,corps,86.44361945994125,1.4426
1733,5,66,13.20,3.6,0,corps,86.40240795394634,1.5281
1734,6,83,13.83,4.0,0,corps,86.36121704855387,1.1536
1735,2,37,18.50,2.2,0,corps,86.32004673346606,1.2266
1736,3,38,12.67,2.7,0,corps,86.2788969983904,0.9260
1737,2,44,22.00,2.2,0,corps,86.23776783303938,1.0984
1738,7,118,16.86,4.4,0,corps,86.19665922713078,1.5444
1739,4,81,20.25,3.1,0,corps,86.1555711703874,1.9072
1740,2,28,14.00,2.2,0,corps,86.11450365253724,1.7989
1741,3,55,18.33,2.7,0,corps,86.07345666331342,2.3031
1742,4,30,7.50,3.1,0,corps,86.0324301924542,3.0343
1743,9,121,13.44,5.3,0,corps,85.99142422970296,3.5915
1744,10,135,13.50,5.8,0,corps,85.95043876480818,1.9650
1745,3,49,16.33,2.7,0,corps,85.90947378752354,2.7675
1746,2,71,35.50,2.2,0,corps,85.86852928760777,1.8487
1747,3,40,13.33,2.7,0,corps,85.82760525482475,2.1395
1748,2,49,24.50,2.2,0,corps,85.78670167894347,1.4673
1749,4,104,26.00,3.1,0,corps,85.74581854973802,1.4564
1750,2,23,11.50,2.2,0,corps,85.70495585698764,2.5262
1751,5,77,15.40,3.6,0,corps,85.66411359047666,1.6997
1752,3,47,15.67,2.7,0,corps,85.6232917399945,1.6584
1753,3,49,16.33,2.7,0,corps,85.5824902953357,1.6517
1754,5,103,20.60,3.6,0,corps,85.5417092462999,1.9532
1755,6,70,11.67,4.0,0,corps,85.50094858269183,2.7431
1756,3,77,25.67,2.7,0,corps,85.46020829432133,2.3984
1757,4,105,26.25,3.1,0,corps,85.41948837100333,1.4501
1758,5,113,22.60,3.6,0,corps,85.37878880255785,1.0455
1759,3,57,19.00,2.7,0,corps,85.33810957880999,2.4809
1760,4,58,14.50,3.1,0,corps,85.29745068958995,1.5046
1761,6,84,14.00,4.0,0,corps,85.256812124733,1.3585
1762,7,141,20.14,4.4,0,corps,85.21619387407952,1.3457
1763,2,43,21.50,2.2,0,corps,85.17559592747492,1.1379
1764,7,93,13.29,4.4,0,corps,85.13501827476972,1.3867
1765,4,86,21.50,3.1,0,corps,85.09446090581953,1.4237
1766,4,52,13.00,3.1,0,corps,85.05392381048496,1.6549
1767,3,48,16.00,2.7,0,corps,85.01340697863179,1.4447
1768,6,87,14.50,4.0,0,corps,84.97291040013077,1.2560
1769,3,51,17.00,2.7,0,corps,84.93243406485779,1.2548
1770,2,48,24.00,2.2,0,corps,84.89197796269373,0.7931
1771,6,69,11.50,4.0,0,corps,84.8515420835246,1.3529
1772,3,26,8.67,2.7,0,corps,84.8111264172414,1.6649
1773,7,104,14.86,4.4,0,corps,84.77073095374023,2.5916
1774,4,51,12.75,3.1,0,corps,84.73035568292221,2.4700
1775,7,87,12.43,4.4,0,corps,84.69000059469354,1.8704
1776,2,29,14.50,2.2,0,corps,84.64966567896543,1.4008
1777,2,21,10.50,2.2,0,corps,84.60935092565417,1.1984
1778,9,132,14.67,5.3,0,corps,84.56905632468106,2.3492
1779,2,23,11.50,2.2,0,corps,84.52878186597245,0.9460
1780,4,88,22.00,3.1,0,corps,84.48852753945972,1.2210
1781,5,76,15.20,3.6,0,corps,84.4482933350793,2.5304
1782,4,69,17.25,3.1,0,corps,84.40807924277263,1.4885
1783,7,143,20.43,4.4,0,corps,84.36788525248619,1.2849
1784,2,41,20.50,2.2,0,corps,84.32771135417147,2.0897
1785,3,37,12.33,2.7,0,corps,84.28755753778503,1.6589
1786,3,96,32.00,2.7,0,corps,84.24742379328838,0.9705
1787,4,66,16.50,3.1,0,corps,84.2073101106481,1.0799
1788,5,98,19.60,3.6,0,corps,84.16721647983576,1.7863
1789,3,49,16.33,2.7,0,corps,84.12714289082797,1.2590
1790,8,122,15.25,4.9,0,corps,84.0870893336063,1.1865
1791,5,75,15.00,3.6,0,corps,84.04705579815739,0.9592
1792,8,162,20.25,4.9,0,corps,84.00704227447285,1.0962
1793,4,54,13.50,3.1,0,corps,83.9670487525493,2.0311
1794,12,153,12.75,6.7,0,corps,83.92707522238834,1.7568
1795,4,86,21.50,3.1,0,corps,83.88712167399662,1.2919
1796,8,80,10.00,4.9,0,corps,83.84718809738571,1.6764
1797,2,31,15.50,2.2,0,corps,83.80727448257225,0.5742
1798,12,158,13.17,6.7,0,corps,83.76738081957784,1.4537
1799,3,71,23.67,2.7,0,corps,83.72750709842904,1.4212
1800,5,67,13.40,3.6,0,corps,83.68765330915743,1.3575
1801,3,62,20.67,2.7,0,corps,83.64781944179957,1.6601
1802,2,53,26.50,2.2,0,corps,83.60800548639696,1.1115
1803,3,55,18.33,2.7,0,corps,83.56821143299616,1.3075
1804,2,30,15.00,2.2,0,corps,83.52843727164863,1.2251
1805,2,52,26.00,2.2,0,corps,83.48868299241083,1.2361
1806,3,59,19.67,2.7,0,corps,83.44894858534418,1.1926
1807,6,78,13.00,4.0,0,corps,83.40923404051512,1.7317
1808,2,42,21.00,2.2,0,corps,83.36953934799496,1.1382
1809,3,61,20.33,2.7,0,corps,83.32986449786006,1.1130
1810,3,53,17.67,2.7,0,corps,83.29020948019169,1.1066
1811,2,64,32.00,2.2,0,corps,83.25057428507611,0.9315
1812,4,81,20.25,3.1,0,corps,83.2109589026045,1.3050
1813,3,59,19.67,2.7,0,corps,83.17136332287305,1.5767
1814,2,30,15.00,2.2,0,corps,83.13178753598282,1.4172
1815,5,107,21.40,3.6,0,corps,83.09223153203989,1.1446
1816,2,25,12.50,2.2,0,corps,83.05269530115528,1.9166
1817,2,27,13.50,2.2,0,corps,83.01317883344488,2.5942
1818,8,101,12.62,4.9,0,corps,82.97368211902962,1.4441
1819,6,86,14.33,4.0,0,corps,82.93420514803529,1.0618
1820,4,66,16.50,3.1,0,corps,82.89474791059264,0.9802
1821,2,51,25.50,2.2,0,corps,82.85531039683742,1.0516
1822,5,99,19.80,3.6,0,corps,82.81589259691017,1.0944
1823,5,84,16.80,3.6,0,corps,82.77649450095652,1.2877
1824,5,112,22.40,3.6,0,corps,82.73711609912687,1.3719
1825,5,63,12.60,3.6,0,corps,82.69775738157668,3.2601
1826,8,142,17.75,4.9,0,corps,82.6584183384662,1.7450
1827,3,48,16.00,2.7,0,corps,82.61909895996077,1.5442
1828,3,38,12.67,2.7,0,corps,82.57979923623046,1.3884
1829,6,122,20.33,4.0,0,corps,82.54051915745038,1.6469
1830,5,70,14.00,3.6,0,corps,82.50125871380048,1.7623
1831,5,56,11.20,3.6,0,corps,82.46201789546569,1.6430
1832,2,36,18.00,2.2,0,corps,82.42279669263577,1.3366
1833,4,70,17.50,3.1,0,corps,82.38359509550544,1.1980
1834,3,52,17.33,2.7,0,corps,82.34441309427429,3.6503
1835,5,90,18.00,3.6,0,corps,82.30525067914681,3.1333
1836,2,54,27.00,2.2,0,corps,82.26610784033241,1.9401
1837,2,31,15.50,2.2,0,corps,82.2269845680454,1.2981
1838,6,87,14.50,4.0,0,corps,82.18788085250492,1.4145
1839,2,64,32.00,2.2,0,corps,82.14879668393506,1.1856
1840,6,105,17.50,4.0,0,corps,82.10973205256478,1.8585
1841,4,74,18.50,3.1,0,corps,82.07068694862792,0.9587
1842,4,95,23.75,3.1,0,corps,82.03166136236321,2.1442
1843,10,116,11.60,5.8,0,corps,81.99265528401423,1.8255
1844,2,61,30.50,2.2,0,corps,81.95366870382949,0.9496
1845,7,75,10.71,4.4,0,corps,81.91470161206234,1.0678
1846,3,53,17.67,2.7,0,corps,81.87575399897099,1.2024
1847,3,56,18.67,2.7,0,corps,81.83682585481854,1.2856
1848,3,120,40.00,2.7,0,corps,81.79791716987296,1.0156
1849,4,63,15.75,3.1,0,corps,81.7590279344071,0.8038
1850,2,23,11.50,2.2,0,corps,81.7201581386986,1.6095
1851,6,118,19.67,4.0,0,corps,81.68130777303006,1.3808
1852,5,76,15.20,3.6,0,corps,81.64247682768885,1.4872
1853,3,61,20.33,2.7,0,corps,81.60366529296726,1.0000
1854,6,124,20.67,4.0,0,corps,81.5648731591624,0.9983
1855,2,47,23.50,2.2,0,corps,81.52610041657623,1.2506
1856,9,137,15.22,5.3,0,corps,81.48734705551557,1.2106
1857,10,121,12.10,5.8,0,corps,81.44861306629207,1.9729
1858,6,141,23.50,4.0,0,corps,81.40989843922225,1.9395
1859,5,98,19.60,3.6,0,corps,81.37120316462743,1.2843
1860,2,58,29.00,2.2,0,corps,81.33252723283381,1.1168
1861,8,107,13.38,4.9,0,corps,81.29387063417242,1.6499
1862,3,55,18.33,2.7,0,corps,81.25523335897907,1.2746
1863,2,15,7.50,2.2,0,corps,81.21661539759447,1.5797
1864,2,47,23.50,2.2,0,corps,81.17801674036413,1.2624
1865,2,31,15.50,2.2,0,corps,81.13943737763836,1.9465
1866,3,60,20.00,2.7,0,corps,81.10087729977234,1.2174
1867,6,115,19.17,4.0,0,corps,81.06233649712605,1.0450
1868,2,25,12.50,2.2,0,corps,81.02381496006427,2.5533
1869,6,78,13.00,4.0,0,corps,80.98531267895666,1.4032
1870,5,75,15.00,3.6,0,corps,80.9468296441776,1.3020
1871,2,35,17.50,2.2,0,corps,80.90836584610636,0.8590
1872,4,53,13.25,3.1,0,corps,80.86992127512698,1.0688
1873,5,94,18.80,3.6,0,corps,80.83149592162833,2.3860
1874,9,120,13.33,5.3,0,corps,80.79308977600404,1.4926
1875,2,19,9.50,2.2,0,corps,80.7547028286526,0.9178
1876,6,80,13.33,4.0,0,corps,80.71633506997729,1.3690
1877,5,104,20.80,3.6,0,corps,80.6779864903861,1.5552
1878,5,53,10.60,3.6,0,corps,80.63965708029197,1.3566
1879,6,54,9.00,4.0,0,corps,80.6013468301125,2.6387
1880,2,29,14.50,2.2,0,corps,80.56305573027015,1.2525
1881,13,202,15.54,7.1,0,corps,80.5247837711921,1.2806
1882,4,34,8.50,3.1,0,corps,80.48653094331041,1.1806
1883,4,53,13.25,3.1,0,corps,80.44829723706187,1.2498
1884,3,54,18.00,2.7,0,corps,80.410082642888,1.3590
1885,2,35,17.50,2.2,0,corps,80.37188715123521,0.6647
1886,10,103,10.30,5.8,0,corps,80.33371075255461,1.6452
1887,3,36,12.00,2.7,0,corps,80.29555343730209,1.1785
1888,8,134,16.75,4.9,0,corps,80.25741519593834,1.3148
1889,3,52,17.33,2.7,0,corps,80.21929601892876,1.2999
1890,6,86,14.33,4.0,0,corps,80.18119589674359,1.8753
1891,2,55,27.50,2.2,0,corps,80.1431148198578,0.9103
1892,2,51,25.50,2.2,0,corps,80.1050527787511,0.8635
1893,6,68,11.33,4.0,0,corps,80.06700976390799,4.2413
1894,6,113,18.83,4.0,0,corps,80.02898576581774,1.2713
1895,3,25,8.33,2.7,0,corps,79.9909807749743,2.3995
1896,6,118,19.67,4.0,0,corps,79.95299478187647,1.3038
1897,9,116,12.89,5.3,0,corps,79.91502777702773,1.1179
1898,6,102,17.00,4.0,0,corps,79.87707975093632,1.3170
1899,6,57,9.50,4.0,0,corps,79.83915069411525,1.8813
1900,4,50,12.50,3.1,0,corps,79.80124059708224,1.2641
1901,4,77,19.25,3.1,0,corps,79.76334945035978,1.4415
1902,3,64,21.33,2.7,0,corps,79.72547724447507,1.6922
1903,9,168,18.67,5.3,0,corps,79.68762396996007,1.8544
1904,9,115,12.78,5.3,0,corps,79.64978961735146,2.1513
1905,2,32,16.00,2.2,0,corps,79.61197417719065,1.4430
1906,6,128,21.33,4.0,0,corps,79.57417764002376,1.4313
1907,2,14,7.00,2.2,0,corps,79.5363999964017,1.7181
1908,6,82,13.67,4.0,0,corps,79.49864123688002,1.6355
1909,4,55,13.75,3.1,0,corps,79.46090135201904,2.6633
1910,3,29,9.67,2.7,0,corps,79.42318033238381,1.7342
1911,4,63,15.75,3.1,0,corps,79.38547816854403,1.4694
1912,5,62,12.40,3.6,0,corps,79.3477948510742,1.9540
1913,4,76,19.00,3.1,0,corps,79.31013037055347,1.6904
1914,2,32,16.00,2.2,0,corps,79.27248471756572,1.1406
1915,2,68,34.00,2.2,0,corps,79.23485788269954,1.3157
1916,2,41,20.50,2.2,0,corps,79.19724985654824,1.7744
1917,4,58,14.50,3.1,0,corps,79.15966062970978,1.5916
1918,2,22,11.00,2.2,0,corps,79.12209019278687,1.5749
1919,2,29,14.50,2.2,0,corps,79.0845385363869,1.1873
1920,4,55,13.75,3.1,0,corps,79.04700565112196,1.4461
1921,6,71,11.83,4.0,0,corps,79.00949152760882,1.3038
1922,5,55,11.00,3.6,0,corps,78.97199615646895,1.1352
1923,5,68,13.60,3.6,0,corps,78.93451952832852,1.1683
1924,2,35,17.50,2.2,0,corps,78.89706163381835,1.0496
1925,5,60,12.00,3.6,0,corps,78.85962246357398,1.5448
1926,5,63,12.60,3.6,0,corps,78.82220200823564,1.2259
1927,4,40,10.00,3.1,0,corps,78.78480025844816,1.8962
1928,7,88,12.57,4.4,0,corps,78.74741720486116,2.1746
1929,7,137,19.57,4.4,0,corps,78.71005283812883,1.3199
1930,3,83,27.67,2.7,0,corps,78.6727071489101,1.4416
1931,4,60,15.00,3.1,0,corps,78.63538012786856,1.7903
1932,2,40,20.00,2.2,0,corps,78.59807176567243,1.5227
1933,14,208,14.86,7.6,0,corps,78.56078205299463,1.4867
1934,2,19,9.50,2.2,0,corps,78.52351098051274,1.8115
1935,3,78,26.00,2.7,0,corps,78.48625853890896,1.0322
1936,2,45,22.50,2.2,0,corps,78.44902471887023,1.6927
1937,2,40,20.00,2.2,0,corps,78.41180951108805,0.9743
1938,4,60,15.00,3.1,0,corps,78.37461290625865,1.0541
1939,4,75,18.75,3.1,0,corps,78.33743489508286,1.0828
1940,4,97,24.25,3.1,0,corps,78.30027546826616,1.6090
1941,2,56,28.00,2.2,0,corps,78.26313461651874,1.1081
1942,4,89,22.25,3.1,0,corps,78.22601233055535,1.0801
1943,4,85,21.25,3.1,0,corps,78.18890860109543,0.8932
1944,3,63,21.00,2.7,0,corps,78.15182341886306,1.2777
1945,3,61,20.33,2.7,0,corps,78.11475677458691,1.1968
1946,3,30,10.00,2.7,0,corps,78.07770865900035,1.7765
1947,3,73,24.33,2.7,0,corps,78.04067906284135,1.4499
1948,3,43,14.33,2.7,0,corps,78.00366797685248,1.3785
1949,3,42,14.00,2.7,0,corps,77.96667539178101,1.1469
1950,10,111,11.10,5.8,0,corps,77.92970129837876,1.9090
1951,6,79,13.17,4.0,0,corps,77.89274568740223,1.4621
1952,6,111,18.50,4.0,0,corps,77.85580854961249,1.6235
1953,2,28,14.00,2.2,0,corps,77.81888987577528,1.7701
1954,3,32,10.67,2.7,0,corps,77.78198965666093,1.7876
1955,3,81,27.00,2.7,0,corps,77.74510788304437,1.1589
1956,2,41,20.50,2.2,0,corps,77.70824454570517,1.1360
1957,5,64,12.80,3.6,0,corps,77.67139963542749,1.1524
1958,4,89,22.25,3.1,0,corps,77.63457314300011,1.1655
1959,4,45,11.25,3.1,0,corps,77.59776505921639,1.4859
1960,2,37,18.50,2.2,0,corps,77.56097537487432,0.5920
1961,3,52,17.33,2.7,0,corps,77.52420408077647,1.5127
1962,3,52,17.33,2.7,0,corps,77.48745116773003,1.3624
1963,2,34,17.00,2.2,0,corps,77.45071662654675,1.4618
1964,6,73,12.17,4.0,0,corps,77.41400044804304,1.7703
1965,4,91,22.75,3.1,0,corps,77.3773026230398,1.3211
1966,3,37,12.33,2.7,0,corps,77.3406231423626,1.5269
1967,7,114,16.29,4.4,0,corps,77.30396199684158,1.3035
1968,6,70,11.67,4.0,0,corps,77.26731917731144,1.5619
1969,3,36,12.00,2.7,0,corps,77.23069467461146,1.2484
1970,9,160,17.78,5.3,0,corps,77.19408847958555,1.2281
1971,4,48,12.00,3.1,0,corps,77.15750058308211,1.9665
1972,5,67,13.40,3.6,0,corps,77.12093097595422,1.7046
1973,4,34,8.50,3.1,0,corps,77.08437964905946,2.1496
1974,4,66,16.50,3.1,0,corps,77.04784659325999,1.1102
1975,14,171,12.21,7.6,0,corps,77.01133179942254,2.2833
1976,3,35,11.67,2.7,0,corps,76.97483525841842,1.4723
1977,4,45,11.25,3.1,0,corps,76.9383569611235,1.5278
1978,3,62,20.67,2.7,0,corps,76.90189689841822,1.3891
1979,2,33,16.50,2.2,0,corps,76.8654550611875,1.7196
1980,11,153,13.91,6.2,0,corps,76.82903144032096,2.5182
1981,4,56,14.00,3.1,0,corps,76.79262602671264,2.1332
1982,5,61,12.20,3.6,0,corps,76.75623881126121,1.8735
1983,2,42,21.00,2.2,0,corps,76.71986978486987,2.1929
1984,5,76,15.20,3.6,0,corps,76.68351893844635,1.7076
1985,2,33,16.50,2.2,0,corps,76.64718626290295,1.4734
1986,2,28,14.00,2.2,0,corps,76.61087174915649,1.2865
1987,3,56,18.67,2.7,0,corps,76.57457538812834,1.2465
1988,6,60,10.00,4.0,0,corps,76.53829717074441,2.3236
1989,5,54,10.80,3.6,0,corps,76.50203708793516,2.2155
1990,5,53,10.60,3.6,0,corps,76.46579513063556,1.7889
1991,2,44,22.00,2.2,0,corps,76.42957128978512,1.3231
1992,2,19,9.50,2.2,0,corps,76.39336555632788,1.2245
1993,2,50,25.00,2.2,0,corps,76.3571779212124,1.6983
1994,7,102,14.57,4.4,0,corps,76.32100837539178,2.1908
1995,2,49,24.50,2.2,0,corps,76.28485690982363,1.0121
1996,3,49,16.33,2.7,0,corps,76.24872351547009,1.1890
1997,7,107,15.29,4.4,0,corps,76.21260818329779,1.6170
1998,4,62,15.50,3.1,0,corps,76.17651090427793,2.0212
1999,8,106,13.25,4.9,0,corps,76.14043166938616,6.9593
2000,10,118,11.80,5.8,0,corps,76.1043704696027,1.7587
2001,10,147,14.70,5.8,0,corps,76.06832729591221,1.9450
2002,6,100,16.67,4.0,0,corps,76.03230213930394,1.9966
2003,2,43,21.50,2.2,0,corps,75.99629499077156,1.4674
2004,5,54,10.80,3.6,0,corps,75.96030584131333,2.0445
2005,3,37,12.33,2.7,0,corps,75.92433468193191,1.7609
2006,3,30,10.00,2.7,0,corps,75.88838150363455,2.4684
2007,2,35,17.50,2.2,0,corps,75.85244629743292,2.1593
2008,3,32,10.67,2.7,0,corps,75.81652905434326,2.7076
2009,4,60,15.00,3.1,0,corps,75.78062976538622,1.7334
2010,7,59,8.43,4.4,0,corps,75.74474842158702,4.3962
2011,5,114,22.80,3.6,0,corps,75.70888501397526,1.3959
2012,7,83,11.86,4.4,0,corps,75.67303953358517,1.5515
2013,2,53,26.50,2.2,0,corps,75.63721197145532,1.2156
2014,2,51,25.50,2.2,0,corps,75.60140231862883,1.7931
2015,10,141,14.10,5.8,0,corps,75.5656105661533,2.0953
2016,7,161,23.00,4.4,0,corps,75.52983670508078,1.5682
2017,3,35,11.67,2.7,0,corps,75.4940807264678,2.4710
2018,4,44,11.00,3.1,0,corps,75.4583426213754,2.4764
2019,5,89,17.80,3.6,0,corps,75.42262238086899,1.6460
2020,5,52,10.40,3.6,0,corps,75.38691999601858,2.6081
2021,8,79,9.88,4.9,0,corps,75.35123545789853,1.7384
2022,6,90,15.00,4.0,0,corps,75.31556875758771,1.0848
2023,15,206,13.73,8.0,0,corps,75.27991988616945,1.3492
2024,2,14,7.00,2.2,0,corps,75.24428883473153,0.9245
2025,6,117,19.50,4.0,0,corps,75.20867559436621,1.3113
2026,2,30,15.00,2.2,0,corps,75.17308015617014,1.0285
2027,6,88,14.67,4.0,0,corps,75.13750251124448,1.3344
2028,5,62,12.40,3.6,0,corps,75.10194265069484,1.4480
2029,2,72,36.00,2.2,0,corps,75.06640056563123,0.8768
2030,4,58,14.50,3.1,0,corps,75.03087624716812,1.4534
2031,4,53,13.25,3.1,0,corps,74.99536968642443,1.0841
2032,9,128,14.22,5.3,0,corps,74.95988087452355,1.4412
2033,2,25,12.50,2.2,0,corps,74.92440980259325,1.1104
2034,10,184,18.40,5.8,0,corps,74.88895646176577,1.6335
2035,3,50,16.67,2.7,0,corps,74.85352084317776,1.1945
2036,2,36,18.00,2.2,0,corps,74.81810293797035,1.0265
2037,11,158,14.36,6.2,0,corps,74.78270273728906,1.7799
2038,4,91,22.75,3.1,0,corps,74.74732023228378,1.0218
2039,8,108,13.50,4.9,0,corps,74.71195541410896,1.2577
2040,5,65,13.00,3.6,0,corps,74.67660827392335,1.3493
2041,6,84,14.00,4.0,0,corps,74.64127880289018,1.7529
2042,7,107,15.29,4.4,0,corps,74.60596699217709,1.3568
2043,4,46,11.50,3.1,0,corps,74.57067283295608,1.2933
2044,4,48,12.00,3.1,0,corps,74.53539631640368,1.3101
2045,4,46,11.50,3.1,0,corps,74.50013743370071,2.2085
2046,4,106,26.50,3.1,0,corps,74.46489617603247,1.2320
2047,3,45,15.00,2.7,0,corps,74.42967253458863,1.3748
2048,3,63,21.00,2.7,0,corps,74.3944665005633,1.6694
2049,4,41,10.25,3.1,0,corps,74.35927806515497,1.6409
2050,3,46,15.33,2.7,0,corps,74.32410721956651,1.0469
2051,2,49,24.50,2.2,0,corps,74.28895395500523,1.7453
2052,4,55,13.75,3.1,0,corps,74.2538182626828,1.5411
2053,3,31,10.33,2.7,0,corps,74.2187001338153,1.6273
2054,10,107,10.70,5.8,0,corps,74.18359955962322,1.5730
2055,3,39,13.00,2.7,0,corps,74.14851653133137,2.4313
2056,4,60,15.00,3.1,0,corps,74.11345104016902,1.2340
2057,3,52,17.33,2.7,0,corps,74.0784030773698,1.3834
2058,5,81,16.20,3.6,0,corps,74.04337263417173,1.7153
2059,5,72,14.40,3.6,0,corps,74.00835970181716,1.3756
2060,3,56,18.67,2.7,0,corps,73.97336427155288,1.6470
2061,3,49,16.33,2.7,0,corps,73.93838633463005,1.4137
2062,3,49,16.33,2.7,0,corps,73.90342588230416,1.1425
2063,3,45,15.00,2.7,0,corps,73.8684829058351,1.4235
2064,5,64,12.80,3.6,0,corps,73.83355739648712,1.3994
2065,5,95,19.00,3.6,0,corps,73.79864934552887,1.5168
2066,6,64,10.67,4.0,0,corps,73.76375874423333,1.3788
2067,2,40,20.00,2.2,0,corps,73.72888558387783,0.9663
2068,4,98,24.50,3.1,0,corps,73.69402985574408,1.0257
2069,2,37,18.50,2.2,0,corps,73.65919155111817,1.2642
2070,7,92,13.14,4.4,0,corps,73.6243706612905,1.3336
2071,5,79,15.80,3.6,0,corps,73.58956717755585,1.4866
2072,5,93,18.60,3.6,0,corps,73.55478109121337,1.1510
2073,4,81,20.25,3.1,0,corps,73.52001239356653,1.8878
2074,7,109,15.57,4.4,0,corps,73.48526107592315,1.2578
2075,6,86,14.33,4.0,0,corps,73.45052712959537,1.9958
2076,8,107,13.38,4.9,0,corps,73.41581054589977,1.5821
2077,7,64,9.14,4.4,0,corps,73.38111131615716,1.7808
2078,4,41,10.25,3.1,0,corps,73.34642943169274,2.1515
2079,2,40,20.00,2.2,0,corps,73.31176488383603,1.2336
2080,5,87,17.40,3.6,0,corps,73.2771176639209,2.4654
2081,7,103,14.71,4.4,0,corps,73.24248776328557,3.2074
2082,4,80,20.00,3.1,0,corps,73.20787517327253,1.1684
2083,10,158,15.80,5.8,0,corps,73.17327988522862,1.8187
2084,3,41,13.67,2.7,0,corps,73.13870189050508,1.3595
2085,3,42,14.00,2.7,0,corps,73.10414118045735,1.5171
2086,4,57,14.25,3.1,0,corps,73.06959774644528,1.9695
2087,2,39,19.50,2.2,0,corps,73.03507157983299,1.4439
2088,4,49,12.25,3.1,0,corps,73.00056267198897,1.5117
2089,3,24,8.00,2.7,0,corps,72.96607101428599,2.5991
2090,7,115,16.43,4.4,0,corps,72.93159659810112,1.3099
2091,4,58,14.50,3.1,0,corps,72.89713941481574,1.0776
2092,2,43,21.50,2.2,0,corps,72.86269945581557,1.2502
2093,8,142,17.75,4.9,0,corps,72.82827671249063,2.3190
2094,3,41,13.67,2.7,0,corps,72.79387117623524,2.2936
2095,4,73,18.25,3.1,0,corps,72.759482838448,1.3084
2096,5,74,14.80,3.6,0,corps,72.72511169053182,1.5689
2097,11,118,10.73,6.2,0,corps,72.69075772389392,2.0081
2098,12,133,11.08,6.7,0,corps,72.65642092994581,2.0677
2099,5,58,11.60,3.6,0,corps,72.62210130010328,1.6196
2100,2,42,21.00,2.2,0,corps,72.58779882578644,1.2054
2101,5,72,14.40,3.6,0,corps,72.55351349841968,1.5584
2102,2,45,22.50,2.2,0,corps,72.51924530943164,1.4338
2103,13,153,11.77,7.1,0,corps,72.48499425025527,2.0394
2104,6,80,13.33,4.0,0,corps,72.45076031232783,2.1210
2105,3,49,16.33,2.7,0,corps,72.41654348709083,1.4498
2106,8,80,10.00,4.9,0,corps,72.38234376599007,2.4792
2107,4,36,9.00,3.1,0,corps,72.34816114047557,1.7411
2108,4,47,11.75,3.1,0,corps,72.31399560200174,2.2707
2109,2,55,27.50,2.2,0,corps,72.27984714202717,1.5678
2110,5,60,12.00,3.6,0,corps,72.24571575201473,1.7902
2111,5,53,10.60,3.6,0,corps,72.21160142343156,1.7352
2112,2,29,14.50,2.2,0,corps,72.17750414774913,1.9573
2113,5,46,9.20,3.6,0,corps,72.1434239164431,2.2510
2114,4,46,11.50,3.1,0,corps,72.1093607209934,1.8711
2115,2,40,20.00,2.2,0,corps,72.07531455288421,1.2444
2116,4,61,15.25,3.1,0,corps,72.04128540360402,1.6397
2117,2,40,20.00,2.2,0,corps,72.00727326464556,1.5178
2118,9,131,14.56,5.3,0,corps,71.97327812750575,1.7799
2119,5,69,13.80,3.6,0,corps,71.93929998368583,1.5975
2120,5,51,10.20,3.6,0,corps,71.90533882469126,2.7165
2121,5,70,14.00,3.6,0,corps,71.87139464203175,1.3751
2122,9,148,16.44,5.3,0,corps,71.83746742722126,1.3712
2123,6,92,15.33,4.0,0,corps,71.80355717177797,1.6414
2124,4,62,15.50,3.1,0,corps,71.76966386722432,1.5290
2125,4,39,9.75,3.1,0,corps,71.73578750508702,1.2565
2126,13,106,8.15,7.1,0,corps,71.70192807689692,1.8797
2127,10,130,13.00,5.8,0,corps,71.6680855741892,1.6007
2128,2,62,31.00,2.2,0,corps,71.63425998850322,0.8768
2129,2,29,14.50,2.2,0,corps,71.6004513113826,1.0890
2130,5,64,12.80,3.6,0,corps,71.56665953437515,1.3878
2131,2,54,27.00,2.2,0,corps,71.53288464903295,1.2519
2132,2,52,26.00,2.2,0,corps,71.49912664691225,1.2643
2133,5,52,10.40,3.6,0,corps,71.46538551957357,1.8901
2134,6,76,12.67,4.0,0,corps,71.43166125858163,1.2981
2135,4,26,6.50,3.1,0,corps,71.39795385550534,1.6623
2136,5,68,13.60,3.6,0,corps,71.36426330191786,1.6291
2137,2,45,22.50,2.2,0,corps,71.33058958939658,1.1957
2138,2,34,17.00,2.2,0,corps,71.29693270952303,0.9558
2139,5,37,7.40,3.6,0,corps,71.26329265388303,2.3571
2140,5,85,17.00,3.6,0,corps,71.22966941406649,0.9530
2141,6,83,13.83,4.0,0,corps,71.19606298166772,1.7026
2142,6,85,14.17,4.0,0,corps,71.16247334828502,1.3947
2143,6,68,11.33,4.0,0,corps,71.128900505521,2.2964
2144,9,100,11.11,5.3,0,corps,71.09534444498244,1.7143
2145,5,77,15.40,3.6,0,corps,71.06180515828036,1.5097
2146,6,103,17.17,4.0,0,corps,71.02828263702993,1.2042
2147,4,54,13.50,3.1,0,corps,70.9947768728505,1.4293
2148,11,126,11.45,6.2,0,corps,70.96128785736562,1.7827
2149,4,69,17.25,3.1,0,corps,70.92781558220307,1.3124
2150,4,64,16.00,3.1,0,corps,70.89436003899478,1.4236
2151,5,106,21.20,3.6,0,corps,70.86092121937682,1.4139
2152,5,95,19.00,3.6,0,corps,70.82749911498951,1.2571
2153,5,77,15.40,3.6,0,corps,70.79409371747734,1.7802
2154,2,21,10.50,2.2,0,corps,70.76070501848896,1.5569
2155,7,111,15.86,4.4,0,corps,70.72733300967717,1.4615
2156,2,39,19.50,2.2,0,corps,70.69397768269896,0.9857
2157,9,113,12.56,5.3,0,corps,70.66063902921555,1.4083
2158,9,141,15.67,5.3,0,corps,70.62731704089222,1.8630
2159,8,57,7.12,4.9,0,corps,70.59401170939852,3.8247
2160,6,121,20.17,4.0,0,corps,70.56072302640807,1.5706
2161,6,90,15.00,4.0,0,corps,70.52745098359874,1.2041
2162,6,82,13.67,4.0,0,corps,70.4941955726525,1.3080
2163,2,22,11.00,2.2,0,corps,70.4609567852555,1.2252
2164,4,72,18.00,3.1,0,corps,70.42773461309804,1.4095
2165,4,72,18.00,3.1,0,corps,70.39452904787457,1.1007
2166,8,80,10.00,4.9,0,corps,70.36134008128373,1.2113
2167,3,65,21.67,2.7,0,corps,70.32816770502825,1.7434
2168,8,111,13.88,4.9,0,corps,70.295011910815,1.4513
2169,6,63,10.50,4.0,0,corps,70.26187269035513,1.3719
2170,2,27,13.50,2.2,0,corps,70.22875003536376,1.0500
2171,4,60,15.00,3.1,0,corps,70.19564393756025,1.5816
2172,18,218,12.11,9.3,0,corps,70.16255438866804,1.6178
2173,8,107,13.38,4.9,0,corps,70.12948138041479,1.6029
2174,4,58,14.50,3.1,0,corps,70.09642490453224,1.4377
2175,11,184,16.73,6.2,0,corps,70.06338495275625,1.3544
2176,10,108,10.80,5.8,0,corps,70.03036151682683,1.8854
2177,2,38,19.00,2.2,0,corps,69.99735458848816,0.9735
2178,6,70,11.67,4.0,0,corps,69.96436415948845,1.4143
2179,12,119,9.92,6.7,0,corps,69.93139022158016,6.3643
2180,8,112,14.00,4.9,0,corps,69.89843276651973,1.2532
2181,5,78,15.60,3.6,0,corps,69.86549178606786,1.2071
2182,7,92,13.14,4.4,0,corps,69.83256727198928,2.5794
2183,4,62,15.50,3.1,0,corps,69.79965921605286,1.4068
2184,8,106,13.25,4.9,0,corps,69.76676761003156,1.4187
2185,12,91,7.58,6.7,0,corps,69.73389244570252,3.4684
2186,3,37,12.33,2.7,0,corps,69.70103371484694,1.7572
2187,2,27,13.50,2.2,0,corps,69.66819140925016,1.5556
2188,4,46,11.50,3.1,0,corps,69.63536552070153,0.7707
2189,4,68,17.00,3.1,0,corps,69.60255604099463,0.9331
2190,6,107,17.83,4.0,0,corps,69.5697629619271,1.6034
2191,10,137,13.70,5.8,0,corps,69.53698627530063,2.1801
2192,5,80,16.00,3.6,0,corps,69.50422597292108,1.5129
2193,14,162,11.57,7.6,0,corps,69.47148204659837,5.8289
2194,2,89,44.50,2.2,0,corps,69.43875448814651,1.1089
2195,5,109,21.80,3.6,0,corps,69.40604328938362,1.2846
2196,6,87,14.50,4.0,0,corps,69.37334844213187,1.5907
2197,8,150,18.75,4.9,0,corps,69.34066993821759,1.6386
2198,5,74,14.80,3.6,0,corps,69.30800776947112,1.5862
2199,4,55,13.75,3.1,0,corps,69.27536192772695,1.8833
2200,4,81,20.25,3.1,0,corps,69.2427324048236,0.9929
2201,3,36,12.00,2.7,0,corps,69.21011919260368,2.2568
2202,9,127,14.11,5.3,0,corps,69.17752228291391,2.3025
2203,2,27,13.50,2.2,0,corps,69.14494166760504,1.0784
2204,4,68,17.00,3.1,0,corps,69.11237733853191,1.6498
2205,4,55,13.75,3.1,0,corps,69.07982928755348,1.6286
2206,2,60,30.00,2.2,0,corps,69.04729750653271,1.3741
2207,2,36,18.00,2.2,0,corps,69.01478198733666,1.0335
2208,2,28,14.00,2.2,0,corps,68.98228272183641,1.7281
2209,4,51,12.75,3.1,0,corps,68.94979970190722,1.6401
2210,3,50,16.67,2.7,0,corps,68.91733291942828,1.6928
2211,3,65,21.67,2.7,0,corps,68.88488236628291,1.3365
2212,3,36,12.00,2.7,0,corps,68.85244803435845,1.5230
2213,5,61,12.20,3.6,0,corps,68.82002991554636,1.6281
2214,5,61,12.20,3.6,0,corps,68.78762800174208,1.9357
2215,13,174,13.38,7.1,0,corps,68.75524228484514,1.4679
2216,6,88,14.67,4.0,0,corps,68.72287275675909,1.3990
2217,2,30,15.00,2.2,0,corps,68.69051940939158,1.4143
2218,3,40,13.33,2.7,0,corps,68.65818223465426,2.1250
2219,4,60,15.00,3.1,0,corps,68.62586122446285,1.1814
2220,9,87,9.67,5.3,0,corps,68.59355637073706,2.4804
2221,11,123,11.18,6.2,0,corps,68.5612676654007,2.1553
2222,3,24,8.00,2.7,0,corps,68.52899510038161,1.9695
2223,9,150,16.67,5.3,0,corps,68.49673866761162,1.6324
2224,2,47,23.50,2.2,0,corps,68.46449835902662,0.9973
2225,6,54,9.00,4.0,0,corps,68.43227416656657,2.4690
2226,9,121,13.44,5.3,0,corps,68.40006608217539,1.4416
2227,2,59,29.50,2.2,0,corps,68.36787409780106,1.4064
2228,2,33,16.50,2.2,0,corps,68.33569820539557,1.8010
2229,12,137,11.42,6.7,0,corps,68.303538396915,2.1262
2230,3,72,24.00,2.7,0,corps,68.27139466431936,1.2592
2231,3,44,14.67,2.7,0,corps,68.23926699957272,1.6251
2232,2,46,23.00,2.2,0,corps,68.20715539464315,1.5121
2233,4,50,12.50,3.1,0,corps,68.17505984150276,1.4607
2234,6,93,15.50,4.0,0,corps,68.14298033212768,1.5597
2235,2,19,9.50,2.2,0,corps,68.11091685849803,1.4120
2236,6,69,11.50,4.0,0,corps,68.07886941259788,1.8957
2237,7,104,14.86,4.4,0,corps,68.04683798641547,1.5192
2238,4,74,18.50,3.1,0,corps,68.01482257194287,2.5520
2239,3,84,28.00,2.7,0,corps,67.98282316117624,1.6726
2240,9,114,12.67,5.3,0,corps,67.95083974611573,3.6863
2241,7,115,16.43,4.4,0,corps,67.91887231876551,3.1794
2242,4,74,18.50,3.1,0,corps,67.88692087113368,1.3096
2243,10,126,12.60,5.8,0,corps,67.85498539523243,1.9622
2244,2,27,13.50,2.2,0,corps,67.82306588307783,1.5192
2245,2,48,24.00,2.2,0,corps,67.79116232669004,1.1624
2246,7,84,12.00,4.4,0,corps,67.75927471809318,1.7079
2247,2,22,11.00,2.2,0,corps,67.72740304931531,1.8924
2248,2,23,11.50,2.2,0,corps,67.69554731238854,1.4104
2249,2,45,22.50,2.2,0,corps,67.66370749934894,1.1721
2250,7,75,10.71,4.4,0,corps,67.63188360223656,1.3724
2251,4,47,11.75,3.1,0,corps,67.60007561309538,1.6159
2252,3,69,23.00,2.7,0,corps,67.56828352397346,1.6516
2253,3,42,14.00,2.7,0,corps,67.53650732692272,1.1976
2254,2,42,21.00,2.2,0,corps,67.50474701399918,1.0154
2255,3,36,12.00,2.7,0,corps,67.4730025772627,2.1761
2256,3,38,12.67,2.7,0,corps,67.44127400877721,1.6419
2257,5,95,19.00,3.6,0,corps,67.40956130061053,1.1202
2258,7,89,12.71,4.4,0,corps,67.37786444483453,1.7789
2259,4,56,14.00,3.1,0,corps,67.34618343352496,1.2816
2260,5,97,19.40,3.6,0,corps,67.31451825876158,1.4217
2261,5,47,9.40,3.6,0,corps,67.28286891262809,1.4140
2262,4,50,12.50,3.1,0,corps,67.25123538721218,2.2685
2263,3,40,13.33,2.7,0,corps,67.21961767460542,1.3301
2264,12,204,17.00,6.7,0,corps,67.1880157669034,1.9430
2265,4,75,18.75,3.1,0,corps,67.15642965620567,1.4279
2266,5,48,9.60,3.6,0,corps,67.12485933461568,2.4598
2267,11,200,18.18,6.2,0,corps,67.09330479424086,1.5791
2268,2,36,18.00,2.2,0,corps,67.06176602719256,1.2811
2269,4,53,13.25,3.1,0,corps,67.03024302558609,2.3975
2270,2,40,20.00,2.2,0,corps,66.9987357815407,2.0013
2271,8,117,14.62,4.9,0,corps,66.96724428717961,2.7233
2272,3,54,18.00,2.7,0,corps,66.9357685346299,1.3934
2273,10,112,11.20,5.8,0,corps,66.90430851602265,1.8603
2274,2,41,20.50,2.2,0,corps,66.87286422349285,1.2057
2275,8,126,15.75,4.9,0,corps,66.84143564917945,1.3230
2276,4,53,13.25,3.1,0,corps,66.81002278522529,2.1235
2277,2,37,18.50,2.2,0,corps,66.77862562377713,1.6470
2278,6,105,17.50,4.0,0,corps,66.74724415698573,1.1702
2279,7,73,10.43,4.4,0,corps,66.7158783770057,1.7943
2280,4,76,19.00,3.1,0,corps,66.68452827599558,1.7240
2281,6,80,13.33,4.0,0,corps,66.65319384611783,1.5130
2282,6,72,12.00,4.0,0,corps,66.6218750795389,1.7967
2283,4,77,19.25,3.1,0,corps,66.59057196842905,1.5158
2284,2,49,24.50,2.2,0,corps,66.55928450496253,1.1222
2285,3,58,19.33,2.7,0,corps,66.52801268131745,1.7732
2286,6,63,10.50,4.0,0,corps,66.49675648967587,2.1308
2287,3,33,11.00,2.7,0,corps,66.46551592222374,1.6515
2288,5,77,15.40,3.6,0,corps,66.43429097115092,1.7001
2289,2,27,13.50,2.2,0,corps,66.40308162865117,2.1092
2290,2,12,6.00,2.2,0,corps,66.37188788692214,3.6936
2291,3,45,15.00,2.7,0,corps,66.34070973816542,1.4010
2292,6,75,12.50,4.0,0,corps,66.30954717458646,1.5214
2293,4,34,8.50,3.1,0,corps,66.2784001883946,2.2992
2294,11,182,16.55,6.2,0,corps,66.2472687718031,1.5142
2295,4,66,16.50,3.1,0,corps,66.21615291702916,1.3517
2296,6,65,10.83,4.0,0,corps,66.18505261629376,1.6544
2297,2,15,7.50,2.2,0,corps,66.15396786182181,2.0727
2298,12,184,15.33,6.7,0,corps,66.12289864584217,1.9299
2299,2,37,18.50,2.2,0,corps,66.09184496058754,1.1608
2300,10,126,12.60,5.8,0,corps,66.06080679829445,2.6069
2301,2,21,10.50,2.2,0,corps,66.02978415120336,1.2325
2302,11,131,11.91,6.2,0,corps,65.99877701155864,1.4039
2303,2,26,13.00,2.2,0,corps,65.96778537160853,1.5643
2304,10,112,11.20,5.8,0,corps,65.93680922360507,1.6765
2305,3,59,19.67,2.7,0,corps,65.90584855980421,1.1133
2306,4,36,9.00,3.1,0,corps,65.87490337246584,2.1814
2307,5,76,15.20,3.6,0,corps,65.84397365385362,1.2924
2308,17,260,15.29,8.9,0,corps,65.81305939623516,1.6871
2309,10,186,18.60,5.8,0,corps,65.78216059188185,1.2804
2310,6,56,9.33,4.0,0,corps,65.75127723306902,2.1424
2311,8,157,19.62,4.9,0,corps,65.72040931207582,1.0145
2312,8,140,17.50,4.9,0,corps,65.68955682118526,1.3016
2313,5,76,15.20,3.6,0,corps,65.65871975268422,1.8559
2314,8,166,20.75,4.9,0,corps,65.62789809886345,1.8616
2315,8,107,13.38,4.9,0,corps,65.59709185201754,1.8066
2316,3,47,15.67,2.7,0,corps,65.56630100444491,1.0184
2317,7,77,11.00,4.4,0,corps,65.53552554844782,1.7684
2318,3,25,8.33,2.7,0,corps,65.50476547633247,1.8262
2319,13,188,14.46,7.1,0,corps,65.47402078040881,1.6778
2320,5,86,17.20,3.6,0,corps,65.44329145299065,1.0884
2321,11,124,11.27,6.2,0,corps,65.41257748639566,2.1065
2322,2,27,13.50,2.2,0,corps,65.38187887294539,2.3336
2323,11,174,15.82,6.2,0,corps,65.35119560496514,1.4989
2324,5,63,12.60,3.6,0,corps,65.32052767478412,2.3163
2325,6,95,15.83,4.0,0,corps,65.28987507473532,1.3930
2326,6,102,17.00,4.0,0,corps,65.25923779715565,1.8597
2327,2,47,23.50,2.2,0,corps,65.22861583438572,1.5602
2328,6,114,19.00,4.0,0,corps,65.19800917877006,1.4944
2329,3,63,21.00,2.7,0,corps,65.16741782265703,1.2547
2330,11,133,12.09,6.2,0,corps,65.13684175839877,1.5839
2331,9,148,16.44,5.3,0,corps,65.10628097835126,1.5949
2332,4,66,16.50,3.1,0,corps,65.07573547487434,1.5111
2333,8,120,15.00,4.9,0,corps,65.04520524033155,1.6321
2334,7,79,11.29,4.4,0,corps,65.01469026709043,8.8223
2335,4,83,20.75,3.1,0,corps,64.9841905475222,1.2866
2336,8,159,19.88,4.9,0,corps,64.95370607400191,1.8275
2337,2,39,19.50,2.2,0,corps,64.92323683890847,1.4002
2338,9,116,12.89,5.3,0,corps,64.89278283462451,1.6579
2339,9,123,13.67,5.3,0,corps,64.86234405353663,1.8002
2340,9,83,9.22,5.3,0,corps,64.83192048803507,1.9135
2341,14,173,12.36,7.6,0,corps,64.80151213051393,2.0090
2342,5,111,22.20,3.6,0,corps,64.77111897337114,1.3110
2343,3,33,11.00,2.7,0,corps,64.74074100900843,2.5712
2344,17,168,9.88,8.9,0,corps,64.71037822983128,1.9862
2345,3,38,12.67,2.7,0,corps,64.680030628249,1.1433
2346,2,25,12.50,2.2,0,corps,64.64969819667469,1.6899
2347,6,79,13.17,4.0,0,corps,64.61938092752526,1.4933
2348,2,35,17.50,2.2,0,corps,64.58907881322136,1.1067
2349,5,84,16.80,3.6,0,corps,64.55879184618748,0.8898
2350,10,197,19.70,5.8,0,corps,64.52852001885189,1.8592
2351,4,71,17.75,3.1,0,corps,64.49826332364663,1.3453
2352,3,65,21.67,2.7,0,corps,64.46802175300749,1.3047
2353,10,108,10.80,5.8,0,corps,64.4377952993741,1.8213
2354,7,192,27.43,4.4,0,corps,64.40758395518986,1.0417
2355,7,137,19.57,4.4,0,corps,64.37738771290194,1.0822
2356,8,122,15.25,4.9,0,corps,64.34720656496124,1.3787
2357,4,61,15.25,3.1,0,corps,64.31704050382251,1.2839
2358,5,88,17.60,3.6,0,corps,64.28688952194422,1.3426
2359,4,166,41.50,3.1,0,corps,64.25675361178861,0.7741
2360,3,106,35.33,2.7,0,corps,64.22663276582172,0.6685
2361,4,63,15.75,3.1,0,corps,64.19652697651334,1.4335
2362,10,102,10.20,5.8,0,corps,64.16643623633702,2.0779
2363,8,89,11.12,4.9,0,corps,64.13636053777007,2.3159
2364,5,63,12.60,3.6,0,corps,64.10629987329357,1.1056
2365,5,96,19.20,3.6,0,corps,64.07625423539234,1.2005
2366,2,35,17.50,2.2,0,corps,64.046223616555,1.0212
2367,5,103,20.60,3.6,0,corps,64.01620800927387,1.0009
2368,4,67,16.75,3.1,0,corps,63.98620740604506,1.2317
2369,8,143,17.88,4.9,0,corps,63.956221799368386,1.1775
2370,2,47,23.50,2.2,0,corps,63.9262511817475,0.8815
2371,6,81,13.50,4.0,0,corps,63.89629554568972,1.4899
2372,2,40,20.00,2.2,0,corps,63.866354883706144,1.2912
2373,6,80,13.33,4.0,0,corps,63.836429188311584,1.2083
2374,6,91,15.17,4.0,0,corps,63.80651845202464,1.2868
2375,2,32,16.00,2.2,0,corps,63.77662266736762,1.1267
2376,3,35,11.67,2.7,0,corps,63.74674182686658,2.0759
2377,2,41,20.50,2.2,0,corps,63.716875923051305,1.4364
2378,2,24,12.00,2.2,0,corps,63.68702494845532,1.6835
2379,5,68,13.60,3.6,0,corps,63.6571888956159,1.4665
2380,6,87,14.50,4.0,0,corps,63.627367757074005,1.1903
2381,6,97,16.17,4.0,0,corps,63.59756152537436,1.2599
2382,3,31,10.33,2.7,0,corps,63.567770193065385,1.5934
2383,2,31,15.50,2.2,0,corps,63.53799375269929,2.2749
2384,5,55,11.00,3.6,0,corps,63.50823219683195,1.9539
2385,5,71,14.20,3.6,0,corps,63.47848551802295,1.2451
2386,6,93,15.50,4.0,0,corps,63.44875370883564,1.3920
2387,6,70,11.67,4.0,0,corps,63.41903676183708,1.3404
2388,2,24,12.00,2.2,0,corps,63.38933466959802,1.2615
2389,7,87,12.43,4.4,0,corps,63.35964742469293,1.5730
2390,8,99,12.38,4.9,0,corps,63.3299750197,1.3103
2391,5,48,9.60,3.6,0,corps,63.30031744720115,1.6778
2392,5,94,18.80,3.6,0,corps,63.27067469978196,1.1814
2393,4,68,17.00,3.1,0,corps,63.24104677003176,1.2103
2394,3,43,14.33,2.7,0,corps,63.21143365054355,0.9979
2395,3,35,11.67,2.7,0,corps,63.18183533391406,1.2700
2396,7,79,11.29,4.4,0,corps,63.15225181274372,2.0329
2397,2,19,9.50,2.2,0,corps,63.12268307963665,1.4008
2398,11,125,11.36,6.2,0,corps,63.09312912720063,1.4759
2399,8,94,11.75,4.9,0,corps,63.06358994804724,1.2549
2400,5,56,11.20,3.6,0,corps,63.034065534791615,1.3319
2401,6,68,11.33,4.0,0,corps,63.00455588005269,1.2842
2402,4,58,14.50,3.1,0,corps,62.97506097645304,1.5132
2403,10,157,15.70,5.8,0,corps,62.94558081661894,1.2302
2404,6,94,15.67,4.0,0,corps,62.91611539318036,1.6782
2405,7,85,12.14,4.4,0,corps,62.88666469877092,1.8747
2406,14,243,17.36,7.6,0,corps,62.85722872602797,1.6110
2407,5,65,13.00,3.6,0,corps,62.827807467592514,1.3010
2408,3,64,21.33,2.7,0,corps,62.79840091610922,1.1907
2409,11,144,13.09,6.2,0,corps,62.769009064226466,1.8296
2410,3,68,22.67,2.7,0,corps,62.73963190459628,1.6869
2411,9,107,11.89,5.3,0,corps,62.71026942987439,1.8489
2412,4,61,15.25,3.1,0,corps,62.68092163272016,1.2089
2413,17,190,11.18,8.9,0,corps,62.65158850579663,1.8745
2414,18,204,11.33,9.3,0,corps,62.622270041770534,1.7668
2415,5,37,7.40,3.6,0,corps,62.59296623331226,2.0279
2416,5,82,16.40,3.6,0,corps,62.563677073095846,1.6332
2417,10,121,12.10,5.8,0,corps,62.53440255379902,1.6941
2418,4,67,16.75,3.1,0,corps,62.50514266810311,1.1359
2419,2,33,16.50,2.2,0,corps,62.47589740869319,1.4917
2420,3,37,12.33,2.7,0,corps,62.44666676825793,1.3373
2421,3,54,18.00,2.7,0,corps,62.41745073948967,1.7660
2422,3,48,16.00,2.7,0,corps,62.38824931508438,1.4269
2423,7,104,14.86,4.4,0,corps,62.359062487741724,2.0869
2424,11,147,13.36,6.2,0,corps,62.32989025016501,1.7168
2425,11,129,11.73,6.2,0,corps,62.300732595061156,2.0352
2426,11,98,8.91,6.2,0,corps,62.27158951514075,1.9413
2427,4,66,16.50,3.1,0,corps,62.24246100311803,2.0428
2428,2,34,17.00,2.2,0,corps,62.21334705171087,1.8445
2429,4,66,16.50,3.1,0,corps,62.18424765364077,1.1581
2430,6,79,13.17,4.0,0,corps,62.15516280163287,1.7447
2431,2,42,21.00,2.2,0,corps,62.126092488416006,1.6678
2432,12,106,8.83,6.7,0,corps,62.09703670672254,2.6805
2433,3,47,15.67,2.7,0,corps,62.067995449288574,2.5072
2434,6,72,12.00,4.0,0,corps,62.038968708853744,1.8340
2435,14,166,11.86,7.6,0,corps,62.00995647816142,1.7916
2436,4,71,17.75,3.1,0,corps,61.98095874995852,1.5804
2437,23,272,11.83,11.6,0,corps,61.951975516995596,1.8170
2438,14,241,17.21,7.6,0,corps,61.923006772026845,1.4261
2439,25,358,14.32,12.4,0,corps,61.894052507810095,1.9134
2440,3,48,16.00,2.7,0,corps,61.86511271710678,1.3952
2441,7,91,13.00,4.4,0,corps,61.83618739268195,1.4559
2442,12,164,13.67,6.7,0,corps,61.80727652730425,1.7786
2443,2,38,19.00,2.2,0,corps,61.778380113746,2.1088
2444,3,45,15.00,2.7,0,corps,61.74949814478309,1.2276
2445,13,152,11.69,7.1,0,corps,61.720630613195006,1.5837
2446,3,77,25.67,2.7,0,corps,61.691777511764855,0.9864
2447,3,72,24.00,2.7,0,corps,61.66293883327941,1.0347
2448,3,35,11.67,2.7,0,corps,61.634114570528965,2.2309
2449,6,78,13.00,4.0,0,corps,61.605304716307465,1.6330
2450,12,101,8.42,6.7,0,corps,61.576509263412426,2.5560
2451,5,73,14.60,3.6,0,corps,61.547728204645026,1.5276
2452,2,21,10.50,2.2,0,corps,61.51896153280997,2.5367
2453,5,78,15.60,3.6,0,corps,61.490209240715586,1.2720
2454,4,71,17.75,3.1,0,corps,61.461471321173825,1.0941
2455,2,35,17.50,2.2,0,corps,61.43274776700019,1.2501
2456,7,95,13.57,4.4,0,corps,61.4040385710138,1.4619
2457,10,108,10.80,5.8,0,corps,61.37534372603734,7.6829
2458,2,74,37.00,2.2,0,corps,61.346663224897114,1.3019
2459,8,134,16.75,4.9,0,corps,61.317997060423004,1.1892
2460,2,30,15.00,2.2,0,corps,61.28934522544844,1.3704
2461,4,55,13.75,3.1,0,corps,61.2607077128105,1.0507
2462,10,157,15.70,5.8,0,corps,61.23208451534976,1.5622
2463,2,32,16.00,2.2,0,corps,61.20347562591048,0.8763
2464,8,108,13.50,4.9,0,corps,61.17488103734038,1.7107
2465,5,61,12.20,3.6,0,corps,61.14630074249086,1.2727
2466,2,22,11.00,2.2,0,corps,61.117734734216796,1.0491
2467,8,101,12.62,4.9,0,corps,61.089183005376725,1.7641
2468,12,122,10.17,6.7,0,corps,61.0606455488327,2.1020
2469,2,35,17.50,2.2,0,corps,61.03212235745037,1.3419
2470,10,117,11.70,5.8,0,corps,61.0036134240989,1.7433
2471,3,54,18.00,2.7,0,corps,60.975118741651116,1.2695
2472,9,99,11.00,5.3,0,corps,60.9466383029833,1.6719
2473,8,111,13.88,4.9,0,corps,60.918172100975355,1.1570
2474,5,60,12.00,3.6,0,corps,60.889720128510724,1.4650
2475,3,58,19.33,2.7,0,corps,60.86128237847643,1.6083
2476,2,33,16.50,2.2,0,corps,60.832858843763034,0.9750
2477,9,124,13.78,5.3,0,corps,60.80444951726464,2.8171
2478,15,175,11.67,8.0,0,corps,60.77605439187891,2.2236
2479,8,87,10.88,4.9,0,corps,60.74767346050709,1.4037
2480,13,142,10.92,7.1,0,corps,60.71930671605392,1.7638
2481,7,100,14.29,4.4,0,corps,60.69095415142773,1.9664
2482,7,64,9.14,4.4,0,corps,60.66261575954037,1.7907
2483,2,11,5.50,2.2,0,corps,60.63429153330725,1.2761
2484,7,77,11.00,4.4,0,corps,60.605981465647304,1.5055
2485,2,14,7.00,2.2,0,corps,60.57768554948303,2.6730
2486,4,55,13.75,3.1,0,corps,60.549403777740416,1.6321
2487,12,165,13.75,6.7,0,corps,60.521136143349054,1.5859
2488,12,138,11.50,6.7,0,corps,60.492882639242026,2.0775
2489,6,85,14.17,4.0,0,corps,60.46464325835594,1.8566
2490,9,100,11.11,5.3,0,corps,60.43641799363096,2.1886
2491,5,51,10.20,3.6,0,corps,60.40820683801079,2.9450
2492,2,19,9.50,2.2,0,corps,60.38000978444261,4.1799
2493,4,75,18.75,3.1,0,corps,60.35182682587718,1.3890
2494,2,51,25.50,2.2,0,corps,60.32365795526875,2.0850
2495,4,51,12.75,3.1,0,corps,60.295503165575106,1.4667
2496,2,25,12.50,2.2,0,corps,60.267362449757535,1.6321
2497,7,67,9.57,4.4,0,corps,60.23923580078087,1.7766
2498,5,50,10.00,3.6,0,corps,60.21112321161344,1.9731
2499,5,126,25.20,3.6,0,corps,60.183024675227124,1.2835
2500,4,42,10.50,3.1,0,corps,60.15494018459726,2.6173
2501,4,38,9.50,3.1,0,corps,60.12686973270274,1.6217
2502,7,98,14.00,4.4,0,corps,60.09881331252595,1.3579
2503,3,26,8.67,2.7,0,corps,60.07077091705276,1.2682
2504,8,94,11.75,4.9,0,corps,60.04274253927261,1.6645
2505,6,73,12.17,4.0,0,corps,60.01472817217838,1.3623
2506,5,47,9.40,3.6,0,corps,59.98672780876648,1.8231
2507,6,76,12.67,4.0,0,corps,59.958741442036825,1.7490
2508,3,32,10.67,2.7,0,corps,59.93076906499283,1.6759
2509,7,90,12.86,4.4,0,corps,59.90281067064138,1.7285
2510,6,100,16.67,4.0,0,corps,59.874866251992906,10.2621
2511,3,81,27.00,2.7,0,corps,59.846935802061275,1.1250
2512,8,150,18.75,4.9,0,corps,59.81901931386388,1.5752
2513,12,191,15.92,6.7,0,corps,59.791116780421625,1.5566
2514,12,140,11.67,6.7,0,corps,59.76322819475883,2.2676
2515,5,47,9.40,3.6,0,corps,59.73535354990338,1.5420
2516,17,188,11.06,8.9,0,corps,59.70749283888662,2.1134
2517,6,78,13.00,4.0,0,corps,59.679646054743365,1.6599
2518,8,156,19.50,4.9,0,corps,59.6518131905119,1.6633
2519,5,66,13.20,3.6,0,corps,59.623994239234015,1.7376
2520,4,54,13.50,3.1,0,corps,59.596189193955,1.9832
2521,10,101,10.10,5.8,0,corps,59.56839804772356,1.7986
2522,4,54,13.50,3.1,0,corps,59.54062079359193,1.1313
2523,7,95,13.57,4.4,0,corps,59.512857424615774,1.5061
2524,4,49,12.25,3.1,0,corps,59.48510793385427,2.1464
2525,6,109,18.17,4.0,0,corps,59.45737231437005,1.1736
2526,5,84,16.80,3.6,0,corps,59.429650559229174,2.4720
2527,10,128,12.80,5.8,0,corps,59.40194266150124,2.0105
2528,11,131,11.91,6.2,0,corps,59.37424861425926,1.7739
2529,10,145,14.50,5.8,0,corps,59.34656841057973,1.5003
2530,16,188,11.75,8.4,0,corps,59.31890204354258,2.2989
2531,6,82,13.67,4.0,0,corps,59.291249506231225,1.3722
2532,7,100,14.29,4.4,0,corps,59.26361079173253,1.7266
2533,5,39,7.80,3.6,0,corps,59.23598589313684,1.8891
2534,6,93,15.50,4.0,0,corps,59.20837480353791,1.7906
2535,6,71,11.83,4.0,0,corps,59.180777516032954,1.8674
2536,13,174,13.38,7.1,0,corps,59.15319402372267,1.5983
2537,6,48,8.00,4.0,0,corps,59.12562431971118,2.7748
2538,2,51,25.50,2.2,0,corps,59.09806839710606,1.4563
2539,10,109,10.90,5.8,0,corps,59.070526249018315,1.5911
2540,3,41,13.67,2.7,0,corps,59.04299786856244,1.8901
2541,13,158,12.15,7.1,0,corps,59.015483248856306,1.4765
2542,18,209,11.61,9.3,0,corps,58.987982383021276,1.7854
2543,12,155,12.92,6.7,0,corps,58.960495264182114,6.3333
2544,2,31,15.50,2.2,0,corps,58.93302188546707,1.4381
2545,7,89,12.71,4.4,0,corps,58.90556224000778,1.9237
2546,6,49,8.17,4.0,0,corps,58.878116320939334,1.9861
2547,9,76,8.44,5.3,0,corps,58.85068412140024,2.3004
2548,7,105,15.00,4.4,0,corps,58.82326563453248,1.6210
2549,6,73,12.17,4.0,0,corps,58.79586085348141,1.8403
2550,5,65,13.00,3.6,0,corps,58.768469771395836,1.3369
2551,3,38,12.67,2.7,0,corps,58.741092381428,1.1960
2552,2,50,25.00,2.2,0,corps,58.71372867673353,1.4228
2553,14,138,9.86,7.6,0,corps,58.686378650471525,1.9312
2554,2,22,11.00,2.2,0,corps,58.65904229580446,1.2393
2555,10,119,11.90,5.8,0,corps,58.631719605898255,1.5286
2556,8,135,16.88,4.9,0,corps,58.60441057392224,1.9330
2557,4,54,13.50,3.1,0,corps,58.57711519304915,1.3695
2558,18,207,11.50,9.3,0,corps,58.54983345645515,1.8193
2559,6,79,13.17,4.0,0,corps,58.52256535731979,1.9157
2560,3,35,11.67,2.7,0,corps,58.495310888826054,1.2144
2561,10,120,12.00,5.8,0,corps,58.46807004416033,1.8260
2562,2,35,17.50,2.2,0,corps,58.440842816512394,0.9942
2563,4,50,12.50,3.1,0,corps,58.413629199075444,1.0816
2564,6,82,13.67,4.0,0,corps,58.386429185046076,1.5127
2565,3,40,13.33,2.7,0,corps,58.359242767624295,0.9346
2566,5,95,19.00,3.6,0,corps,58.3320699400135,0.8978
2567,10,134,13.40,5.8,0,corps,58.30491069542044,1.3425
2568,3,40,13.33,2.7,0,corps,58.27776502705535,1.5048
2569,7,62,8.86,4.4,0,corps,58.25063292813182,1.5770
2570,4,65,16.25,3.1,0,corps,58.22351439186679,1.0654
2571,6,106,17.67,4.0,0,corps,58.19640941148063,1.3385
2572,13,155,11.92,7.1,0,corps,58.16931798019712,1.5549
2573,21,220,10.48,10.7,0,corps,58.142240091243394,1.7927
2574,5,72,14.40,3.6,0,corps,58.11517573784995,1.6140
2575,11,149,13.55,6.2,0,corps,58.088124913250724,1.5434
2576,8,87,10.88,4.9,0,corps,58.061087610683025,1.6710
2577,7,107,15.29,4.4,0,corps,58.034063823387505,1.6627
2578,23,234,10.17,11.6,0,corps,58.007053544608226,4.4305
2579,5,77,15.40,3.6,0,corps,57.9800567675926,1.3687
2580,5,73,14.60,3.6,0,corps,57.95307348559145,1.5486
2581,5,70,14.00,3.6,0,corps,57.92610369185896,1.6298
2582,11,131,11.91,6.2,0,corps,57.89914737965268,1.7192
2583,3,27,9.00,2.7,0,corps,57.87220454223352,1.3119
2584,4,65,16.25,3.1,0,corps,57.84527517286576,1.2733
2585,3,69,23.00,2.7,0,corps,57.81835926481711,1.3571
2586,3,31,10.33,2.7,0,corps,57.79145681135852,1.7914
2587,17,164,9.65,8.9,0,corps,57.76456780576442,1.9218
2588,3,63,21.00,2.7,0,corps,57.737692241312565,1.5120
2589,10,139,13.90,5.8,0,corps,57.710830111284054,1.7625
2590,7,84,12.00,4.4,0,corps,57.683981408963334,1.9609
2591,9,133,14.78,5.3,0,corps,57.65714612763825,1.5997
2592,3,34,11.33,2.7,0,corps,57.63032426059998,2.0365
2593,7,69,9.86,4.4,0,corps,57.603515801143054,2.1830
2594,5,68,13.60,3.6,0,corps,57.57672074256537,1.8686
2595,4,47,11.75,3.1,0,corps,57.54993907816811,2.3980
2596,6,62,10.33,4.0,0,corps,57.523170801255944,1.1450
2597,6,70,11.67,4.0,0,corps,57.496415905136736,1.8381
2598,5,73,14.60,3.6,0,corps,57.46967438312179,1.9816
2599,2,23,11.50,2.2,0,corps,57.44294622852571,1.8314
2600,6,73,12.17,4.0,0,corps,57.41623143466648,1.4996
2601,7,63,9.00,4.4,0,corps,57.38952999486536,2.1324
2602,6,96,16.00,4.0,0,corps,57.362841902447045,1.1525
2603,8,144,18.00,4.9,0,corps,57.33616715073947,7.4025
2604,5,151,30.20,3.6,0,corps,57.30950573307396,1.0907
2605,4,64,16.00,3.1,0,corps,57.28285764278517,1.3665
2606,7,60,8.57,4.4,0,corps,57.25622287321107,1.9895
2607,3,22,7.33,2.7,0,corps,57.22960141769294,1.9506
2608,2,35,17.50,2.2,0,corps,57.202993269575465,1.8398
2609,5,55,11.00,3.6,0,corps,57.176398422206574,1.8402
2610,5,71,14.20,3.6,0,corps,57.149816868937585,1.6643
2611,6,72,12.00,4.0,0,corps,57.12324860312306,1.3786
2612,4,55,13.75,3.1,0,corps,57.09669361812099,1.5135
2613,7,78,11.14,4.4,0,corps,57.070151907292576,1.8071
2614,8,98,12.25,4.9,0,corps,57.043623464002444,1.8231
2615,2,25,12.50,2.2,0,corps,57.01710828161842,1.2175
2616,6,86,14.33,4.0,0,corps,56.990606353511765,1.7411
2617,4,67,16.75,3.1,0,corps,56.96411767305698,1.2898
2618,2,46,23.00,2.2,0,corps,56.93764223363188,0.8761
2619,10,108,10.80,5.8,0,corps,56.9111800286176,2.3172
2620,3,32,10.67,2.7,0,corps,56.88473105139862,1.5411
2621,3,23,7.67,2.7,0,corps,56.85829529536268,2.4119
2622,6,61,10.17,4.0,0,corps,56.83187275390084,1.4133
2623,12,109,9.08,6.7,0,corps,56.80546342040744,2.0149
2624,3,29,9.67,2.7,0,corps,56.779067288280196,1.8808
2625,3,48,16.00,2.7,0,corps,56.752684350920035,1.1368
2626,9,107,11.89,5.3,0,corps,56.726314601731254,1.4527
2627,5,79,15.80,3.6,0,corps,56.69995803412139,1.1995
2628,14,152,10.86,7.6,0,corps,56.67361464150129,1.5342
2629,8,136,17.00,4.9,0,corps,56.64728441728515,1.4172
2630,7,69,9.86,4.4,0,corps,56.620967354890375,1.6193
2631,5,65,13.00,3.6,0,corps,56.594663447737716,1.2514
2632,4,69,17.25,3.1,0,corps,56.56837268925119,1.0102
2633,4,60,15.00,3.1,0,corps,56.542095072858125,1.1301
2634,6,79,13.17,4.0,0,corps,56.51583059198908,1.1066
2635,3,41,13.67,2.7,0,corps,56.48957924007797,1.9036
2636,3,51,17.00,2.7,0,corps,56.46334101056194,0.8742
2637,22,224,10.18,11.1,0,corps,56.43711589688144,1.9288
2638,5,115,23.00,3.6,0,corps,56.41090389248018,1.1309
2639,4,40,10.00,3.1,0,corps,56.384704990805176,1.5351
2640,18,220,12.22,9.3,0,corps,56.35851918530667,1.5603
2641,12,163,13.58,6.7,0,corps,56.33234646943826,1.1570
2642,7,74,10.57,4.4,0,corps,56.306186836656735,1.5342
2643,4,48,12.00,3.1,0,corps,56.280040280422185,1.5287
2644,8,107,13.38,4.9,0,corps,56.25390679419796,1.1505
2645,6,113,18.83,4.0,0,corps,56.227786371450726,1.2993
2646,2,14,7.00,2.2,0,corps,56.20167900565036,3.0075
2647,10,127,12.70,5.8,0,corps,56.17558469027002,1.3493
2648,10,165,16.50,5.8,0,corps,56.149503418786104,5.3896
2649,5,71,14.20,3.6,0,corps,56.12343518467833,1.9411
2650,9,106,11.78,5.3,0,corps,56.09737998142962,2.2035
2651,5,73,14.60,3.6,0,corps,56.07133780252618,1.4441
2652,6,70,11.67,4.0,0,corps,56.045308641457446,1.7564
2653,5,93,18.60,3.6,0,corps,56.019292491716165,0.9940
2654,8,111,13.88,4.9,0,corps,55.99328934679826,1.9912
2655,17,228,13.41,8.9,0,corps,55.96729920020298,1.2469
2656,3,37,12.33,2.7,0,corps,55.94132204543275,1.5159
2657,6,68,11.33,4.0,0,corps,55.91535787599332,1.3656
2658,9,109,12.11,5.3,0,corps,55.88940668539363,6.5734
2659,8,111,13.88,4.9,0,corps,55.86346846714587,1.3065
2660,10,87,8.70,5.8,0,corps,55.837543214765496,2.2020
2661,5,62,12.40,3.6,0,corps,55.811630921771204,1.9670
2662,5,63,12.60,3.6,0,corps,55.785731581684914,2.0067
2663,2,31,15.50,2.2,0,corps,55.75984518803179,1.7655
2664,2,35,17.50,2.2,0,corps,55.733971734340216,1.5929
2665,7,105,15.00,4.4,0,corps,55.708111214141866,1.7607
2666,4,53,13.25,3.1,0,corps,55.68226362097158,1.3922
2667,6,82,13.67,4.0,0,corps,55.65642894836746,1.6089
2668,4,36,9.00,3.1,0,corps,55.63060718987085,1.2975
2669,3,46,15.33,2.7,0,corps,55.60479833902631,1.1823
2670,3,51,17.00,2.7,0,corps,55.57900238938163,2.1537
2671,2,15,7.50,2.2,0,corps,55.553219334487814,4.1499
2672,6,91,15.17,4.0,0,corps,55.52744916789909,1.7589
2673,5,62,12.40,3.6,0,corps,55.50169188317293,1.4503
2674,8,112,14.00,4.9,0,corps,55.475947473870015,1.6921
2675,8,83,10.38,4.9,0,corps,55.45021593355423,1.6272
2676,7,64,9.14,4.4,0,corps,55.424497255792694,2.5523
2677,14,188,13.43,7.6,0,corps,55.39879143415575,1.9405
2678,5,71,14.20,3.6,0,corps,55.37309846221693,1.8170
2679,4,49,12.25,3.1,0,corps,55.34741833355299,1.7730
2680,8,77,9.62,4.9,0,corps,55.321751041743894,1.8518
2681,5,102,20.40,3.6,0,corps,55.29609658037285,1.7800
2682,8,94,11.75,4.9,0,corps,55.270454943026195,10.6207
2683,11,123,11.18,6.2,0,corps,55.24482612329354,2.0923
2684,11,108,9.82,6.2,0,corps,55.219210114767684,2.4480
2685,4,74,18.50,3.1,0,corps,55.19360691104463,1.6628
2686,3,57,19.00,2.7,0,corps,55.168016505723585,2.0408
2687,12,143,11.92,6.7,0,corps,55.14243889240692,1.6660
2688,2,30,15.00,2.2,0,corps,55.11687406470024,0.9630
2689,14,175,12.50,7.6,0,corps,55.09132201621234,2.2246
2690,3,32,10.67,2.7,0,corps,55.06578274055522,2.2305
2691,18,208,11.56,9.3,0,corps,55.04025623134405,2.0528
2692,8,112,14.00,4.9,0,corps,55.0147424821972,1.9167
2693,5,76,15.20,3.6,0,corps,54.989241486736226,2.2048
2694,2,27,13.50,2.2,0,corps,54.96375323858591,2.1074
2695,27,315,11.67,13.3,0,corps,54.938277731374164,3.5762
2696,6,58,9.67,4.0,0,corps,54.912814958732106,3.2721
2697,4,37,9.25,3.1,0,corps,54.88736491429407,2.6645
2698,7,116,16.57,4.4,0,corps,54.861927591697516,5.6560
2699,3,53,17.67,2.7,0,corps,54.83650298458313,2.5718
2700,9,109,12.11,5.3,0,corps,54.81109108659474,1.8266
2701,11,134,12.18,6.2,0,corps,54.78569189137939,1.0252
2702,4,70,17.50,3.1,0,corps,54.760305392587284,1.4228
2703,2,12,6.00,2.2,0,corps,54.734931583871806,3.0739
2704,20,227,11.35,10.2,0,corps,54.70957045888946,1.5731
2705,7,93,13.29,4.4,0,corps,54.6842220113,1.5448
2706,4,76,19.00,3.1,0,corps,54.658886234766314,0.9161
2707,8,63,7.88,4.9,0,corps,54.633563122954456,1.7335
2708,3,53,17.67,2.7,0,corps,54.60825266953363,1.0129
2709,2,14,7.00,2.2,0,corps,54.582954868176245,2.8453
2710,6,68,11.33,4.0,0,corps,54.55766971255783,1.4355
2711,18,246,13.67,9.3,0,corps,54.53239719635712,1.3584
2712,3,43,14.33,2.7,0,corps,54.507137313255946,1.0820
2713,5,53,10.60,3.6,0,corps,54.481890056939385,1.6839
2714,13,121,9.31,7.1,0,corps,54.45665542109561,1.3438
2715,11,129,11.73,6.2,0,corps,54.43143339941594,1.5032
2716,6,49,8.17,4.0,0,corps,54.406223985594885,2.8278
2717,9,91,10.11,5.3,0,corps,54.38102717333009,2.2191
2718,2,35,17.50,2.2,0,corps,54.355842956322356,0.7922
2719,9,101,11.22,5.3,0,corps,54.330671328275606,1.4440
2720,2,24,12.00,2.2,0,corps,54.30551228289695,1.6519
2721,12,139,11.58,6.7,0,corps,54.28036581389664,1.8960
2722,12,136,11.33,6.7,0,corps,54.255231914988045,1.6518
2723,15,151,10.07,8.0,0,corps,54.23011057988769,2.2661
2724,14,182,13.00,7.6,0,corps,54.20500180231523,2.2599
2725,2,26,13.00,2.2,0,corps,54.179905575993494,1.2819
2726,2,28,14.00,2.2,0,corps,54.15482189464842,1.5947
2727,7,83,11.86,4.4,0,corps,54.129750752009066,2.1645
2728,2,35,17.50,2.2,0,corps,54.104692141807654,1.8576
2729,5,50,10.00,3.6,0,corps,54.07964605777955,2.0988
2730,3,51,17.00,2.7,0,corps,54.05461249366322,1.2657
2731,17,208,12.24,8.9,0,corps,54.029591443200296,1.6684
2732,3,52,17.33,2.7,0,corps,54.00458290013545,1.5155
2733,15,231,15.40,8.0,0,corps,53.97958685821662,1.8177
2734,5,56,11.20,3.6,0,corps,53.954603311194774,1.9538
2735,2,40,20.00,2.2,0,corps,53.929632252824,1.8226
2736,3,40,13.33,2.7,0,corps,53.90467367686153,1.9983
2737,7,92,13.14,4.4,0,corps,53.87972757706776,1.3344
2738,2,24,12.00,2.2,0,corps,53.85479394720615,2.2035
2739,5,49,9.80,3.6,0,corps,53.829872781043285,1.7493
2740,5,51,10.20,3.6,0,corps,53.80496407234885,2.3058
2741,4,60,15.00,3.1,0,corps,53.78006781489573,1.2437
2742,6,57,9.50,4.0,0,corps,53.755184002459785,1.8412
2743,4,32,8.00,3.1,0,corps,53.73031262882013,1.6317
2744,18,238,13.22,9.3,0,corps,53.705453687758876,1.5629
2745,13,186,14.31,7.1,0,corps,53.680607173061304,1.2891
2746,11,141,12.82,6.2,0,corps,53.65577307851579,1.3667
2747,4,45,11.25,3.1,0,corps,53.6309513979138,1.6193
2748,10,118,11.80,5.8,0,corps,53.606142125049914,1.2629
2749,3,47,15.67,2.7,0,corps,53.58134525372182,1.3908
2750,8,68,8.50,4.9,0,corps,53.55656077773031,2.2012
2751,7,87,12.43,4.4,0,corps,53.531788690879246,1.6302
2752,15,169,11.27,8.0,0,corps,53.50702898697561,1.5860
2753,8,100,12.50,4.9,0,corps,53.482281659829475,1.3319
2754,6,86,14.33,4.0,0,corps,53.457546703254025,1.4409
2755,6,80,13.33,4.0,0,corps,53.43282411106549,1.6356
2756,5,47,9.40,3.6,0,corps,53.40811387708325,1.3693
2757,11,117,10.64,6.2,0,corps,53.383415995129724,1.6074
2758,10,128,12.80,5.8,0,corps,53.35873045903048,1.5456
2759,5,56,11.20,3.6,0,corps,53.33405726261409,1.6205
2760,10,86,8.60,5.8,0,corps,53.30939639971227,2.2662
2761,5,65,13.00,3.6,0,corps,53.28474786415981,1.0446
2762,6,71,11.83,4.0,0,corps,53.26011164979458,1.3598
2763,4,57,14.25,3.1,0,corps,53.23548775045752,1.0349
2764,7,93,13.29,4.4,0,corps,53.21087615999265,1.3505
2765,2,25,12.50,2.2,0,corps,53.18627687224707,0.9209
2766,4,51,12.75,3.1,0,corps,53.16168988107097,1.1742
2767,2,31,15.50,2.2,0,corps,53.13711518031759,0.9692
2768,4,66,16.50,3.1,0,corps,53.11255276384329,2.1972
2769,4,47,11.75,3.1,0,corps,53.08800262550739,1.8810
2770,5,63,12.60,3.6,0,corps,53.06346475917244,1.5550
2771,4,60,15.00,3.1,0,corps,53.03893915870391,1.1457
2772,5,50,10.00,3.6,0,corps,53.014425817970455,0.9907
2773,12,105,8.75,6.7,0,corps,52.989924730843676,1.5379
2774,6,60,10.00,4.0,0,corps,52.965435891198354,1.1026
2775,2,30,15.00,2.2,0,corps,52.94095929291226,1.4382
2776,7,76,10.86,4.4,0,corps,52.91649492986624,1.4375
2777,7,79,11.29,4.4,0,corps,52.89204279594419,1.1300
2778,6,64,10.67,4.0,0,corps,52.867602885033115,1.2175
2779,6,58,9.67,4.0,0,corps,52.843175191023015,1.4108
2780,2,19,9.50,2.2,0,corps,52.818759707806976,1.1889
2781,3,46,15.33,2.7,0,corps,52.79435642928109,1.5201
2782,3,39,13.00,2.7,0,corps,52.76996534934458,1.5803
2783,5,46,9.20,3.6,0,corps,52.74558646189968,2.3420
2784,13,122,9.38,7.1,0,corps,52.721219760851625,1.9356
2785,5,52,10.40,3.6,0,corps,52.69686524010876,1.7111
2786,17,189,11.12,8.9,0,corps,52.672522893582475,2.1522
2787,10,137,13.70,5.8,0,corps,52.64819271518716,1.3563
2788,17,190,11.18,8.9,0,corps,52.62387469884029,4.1712
2789,16,198,12.38,8.4,0,corps,52.59956883846232,1.8569
2790,5,64,12.80,3.6,0,corps,52.57527512797684,2.0347
2791,2,31,15.50,2.2,0,corps,52.55099356131038,2.0083
2792,13,171,13.15,7.1,0,corps,52.52672413239258,1.5047
2793,5,85,17.00,3.6,0,corps,52.502466835156035,1.5100
2794,2,59,29.50,2.2,0,corps,52.47822166353647,1.3287
2795,4,51,12.75,3.1,0,corps,52.45398861147258,2.1720
2796,2,29,14.50,2.2,0,corps,52.42976767290609,1.6338
2797,4,64,16.00,3.1,0,corps,52.40555884178176,1.3148
2798,2,30,15.00,2.2,0,corps,52.381362112047405,1.4282
2799,2,28,14.00,2.2,0,corps,52.35717747765383,1.7264
2800,9,122,13.56,5.3,0,corps,52.33300493255487,6.8718
2801,5,78,15.60,3.6,0,corps,52.30884447070739,1.6521
2802,5,61,12.20,3.6,0,corps,52.28469608607129,2.1439
2803,5,54,10.80,3.6,0,corps,52.26055977260946,1.5926
2804,3,33,11.00,2.7,0,corps,52.23643552428783,1.4473
2805,2,28,14.00,2.2,0,corps,52.21232333507532,1.4430
2806,2,44,22.00,2.2,0,corps,52.18822319894391,1.8153
2807,10,112,11.20,5.8,0,corps,52.16413510986854,1.8532
2808,10,120,12.00,5.8,0,corps,52.1400590618272,1.9627
2809,3,27,9.00,2.7,0,corps,52.11599504880087,1.8357
2810,4,68,17.00,3.1,0,corps,52.09194306477356,1.5276
2811,2,39,19.50,2.2,0,corps,52.06790310373227,1.3089
2812,15,149,9.93,8.0,0,corps,52.04387515966701,1.9252
2813,13,190,14.62,7.1,0,corps,52.01985922657077,1.7440
2814,9,112,12.44,5.3,0,corps,51.995855298439594,1.7201
2815,5,56,11.20,3.6,0,corps,51.97186336927251,1.1103
2816,5,100,20.00,3.6,0,corps,51.94788343307151,1.4270
2817,15,206,13.73,8.0,0,corps,51.92391548384161,1.4554
2818,6,66,11.00,4.0,0,corps,51.89995951559083,2.2768
2819,2,18,9.00,2.2,0,corps,51.876015522330185,1.6309
2820,4,52,13.00,3.1,0,corps,51.852083498073675,1.2715
2821,7,92,13.14,4.4,0,corps,51.82816343683827,1.4036
2822,8,86,10.75,4.9,0,corps,51.80425533264399,2.1006
2823,9,139,15.44,5.3,0,corps,51.78035917951379,1.8987
2824,13,164,12.62,7.1,0,corps,51.75647497147363,1.8552
2825,4,40,10.00,3.1,0,corps,51.732602702552455,1.5052
2826,6,82,13.67,4.0,0,corps,51.70874236678221,1.2686
2827,6,76,12.67,4.0,0,corps,51.68489395819781,1.4651
2828,3,40,13.33,2.7,0,corps,51.66105747083714,1.4721
2829,11,112,10.18,6.2,0,corps,51.63723289874109,1.4533
2830,5,63,12.60,3.6,0,corps,51.61342023595352,1.5771
2831,16,225,14.06,8.4,0,corps,51.58961947652125,1.4797
2832,8,69,8.62,4.9,0,corps,51.565830614494104,1.9823
2833,4,34,8.50,3.1,0,corps,51.542053643924845,2.4036
2834,9,85,9.44,5.3,0,corps,51.51828855886925,2.2174
2835,2,31,15.50,2.2,0,corps,51.49453535338605,1.0197
2836,5,74,14.80,3.6,0,corps,51.47079402153694,1.5470
2837,9,101,11.22,5.3,0,corps,51.447064557386554,1.6183
2838,7,85,12.14,4.4,0,corps,51.42334695500258,2.1201
2839,7,67,9.57,4.4,0,corps,51.399641208455584,1.7524
2840,10,129,12.90,5.8,0,corps,51.37594731181915,1.5355
2841,6,63,10.50,4.0,0,corps,51.35226525916977,1.9859
2842,5,93,18.60,3.6,0,corps,51.328595044586955,1.5536
2843,11,133,12.09,6.2,0,corps,51.30493666215315,1.4831
2844,3,60,20.00,2.7,0,corps,51.28129010595378,1.2600
2845,22,238,10.82,11.1,0,corps,51.257655370077146,1.8859
2846,8,92,11.50,4.9,0,corps,51.23403244861462,1.5541
2847,8,72,9.00,4.9,0,corps,51.21042133566045,2.2081
2848,8,105,13.12,4.9,0,corps,51.186822025311876,1.7919
2849,13,160,12.31,7.1,0,corps,51.16323451166902,2.1554
2850,3,41,13.67,2.7,0,corps,51.13965878883505,1.7545
2851,3,47,15.67,2.7,0,corps,51.11609485091604,1.4726
2852,4,34,8.50,3.1,0,corps,51.092542692020984,1.8579
2853,4,50,12.50,3.1,0,corps,51.06900230626182,1.7326
2854,12,129,10.75,6.7,0,corps,51.04547368775351,1.6967
2855,6,81,13.50,4.0,0,corps,51.021956830613846,10.8156
2856,17,254,14.94,8.9,0,corps,50.998451728963644,1.6216
2857,9,115,12.78,5.3,0,corps,50.97495837692661,1.8454
2858,7,80,11.43,4.4,0,corps,50.95147676862942,1.3040
2859,11,111,10.09,6.2,0,corps,50.92800689820167,2.1544
2860,10,175,17.50,5.8,0,corps,50.90454875977589,2.0337
2861,8,126,15.75,4.9,0,corps,50.88110234748754,1.2619
2862,16,174,10.88,8.4,0,corps,50.857667655475026,2.4355
2863,13,201,15.46,7.1,0,corps,50.83424467787966,3.5759
2864,6,71,11.83,4.0,0,corps,50.810833408845724,1.6227
2865,9,101,11.22,5.3,0,corps,50.78743384252036,2.1542
2866,2,25,12.50,2.2,0,corps,50.76404597305372,1.8685
2867,10,104,10.40,5.8,0,corps,50.7406697945988,1.8947
2868,14,186,13.29,7.6,0,corps,50.7173053013116,1.4872
2869,14,187,13.36,7.6,0,corps,50.693952487350934,2.1827
2870,3,47,15.67,2.7,0,corps,50.67061134687866,1.3815
2871,4,44,11.00,3.1,0,corps,50.64728187405946,1.6764
2872,22,221,10.05,11.1,0,corps,50.62396406306097,1.5664
2873,2,23,11.50,2.2,0,corps,50.600657908053726,1.9189
2874,4,60,15.00,3.1,0,corps,50.57736340321121,1.3384
2875,23,267,11.61,11.6,0,corps,50.55408054270979,1.9007
2876,13,156,12.00,7.1,0,corps,50.53080932072875,1.5632
2877,4,50,12.50,3.1,0,corps,50.50754973145028,1.2898
2878,3,43,14.33,2.7,0,corps,50.48430176905948,1.2614
2879,3,49,16.33,2.7,0,corps,50.46106542774438,1.4963
2880,10,120,12.00,5.8,0,corps,50.43784070169587,1.5580
2881,4,37,9.25,3.1,0,corps,50.41462758510777,3.4250
2882,5,85,17.00,3.6,0,corps,50.39142607217681,1.5575
2883,6,81,13.50,4.0,0,corps,50.36823615710262,8.2777
2884,2,25,12.50,2.2,0,corps,50.345057834087704,2.1895
2885,3,44,14.67,2.7,0,corps,50.32189109733749,1.5955
2886,2,39,19.50,2.2,0,corps,50.29873594106028,1.5283
2887,13,106,8.15,7.1,0,corps,50.27559235946731,2.2974
2888,23,265,11.52,11.6,0,corps,50.252460346772665,1.5254
2889,5,69,13.80,3.6,0,corps,50.229339897193356,1.7834
2890,3,32,10.67,2.7,0,corps,50.20623100494925,1.7738
2891,7,112,16.00,4.4,0,corps,50.183133664263146,1.5985
2892,10,106,10.60,5.8,0,corps,50.16004786936069,2.2499
2893,6,53,8.83,4.0,0,corps,50.13697361447045,1.7328
2894,2,31,15.50,2.2,0,corps,50.11391089382384,1.7991
2895,4,84,21.00,3.1,0,corps,50.09085970165521,1.5071
2896,3,90,30.00,2.7,0,corps,50.06782003220174,1.0756
2897,14,186,13.29,7.6,0,corps,50.044791879703524,1.4104
2898,13,136,10.46,7.1,0,corps,50.0217752384035,1.7768
2899,2,38,19.00,2.2,0,corps,49.99877010254753,1.1619
2900,5,64,12.80,3.6,0,corps,49.97577646638434,1.4164
2901,7,90,12.86,4.4,0,corps,49.9527943241655,1.8500
2902,23,262,11.39,11.6,0,corps,49.92982367014547,1.9077
2903,3,43,14.33,2.7,0,corps,49.90686449858161,2.4859
2904,2,16,8.00,2.2,0,corps,49.88391680373411,1.9872
2905,9,117,13.00,5.3,0,corps,49.86098057986605,1.4167
2906,10,123,12.30,5.8,0,corps,49.83805582124336,1.3840
2907,11,100,9.09,6.2,0,corps,49.81514252213488,1.5601
2908,6,55,9.17,4.0,0,corps,49.79224067681226,1.7381
2909,11,141,12.82,6.2,0,corps,49.76935027955006,1.6350
2910,7,67,9.57,4.4,0,corps,49.74647132462566,1.6101
2911,4,72,18.00,3.1,0,corps,49.723603806319325,0.9697
2912,10,96,9.60,5.8,0,corps,49.70074771891419,1.7437
2913,5,67,13.40,3.6,0,corps,49.67790305669622,1.0145
2914,8,104,13.00,4.9,0,corps,49.65506981395424,1.3856
2915,8,101,12.62,4.9,0,corps,49.63224798497997,1.3590
2916,11,117,10.64,6.2,0,corps,49.609437564067925,1.9365
2917,2,21,10.50,2.2,0,corps,49.58663854551551,1.4160
2918,4,41,10.25,3.1,0,corps,49.56385092362296,1.6256
2919,9,83,9.22,5.3,0,corps,49.54107469269339,1.5387
2920,11,104,9.45,6.2,0,corps,49.518309847032725,2.1490
2921,19,203,10.68,9.8,0,corps,49.495556380949765,5.2509
2922,11,152,13.82,6.2,0,corps,49.472814288756126,1.4283
2923,5,47,9.40,3.6,0,corps,49.4500835647663,1.2248
2924,5,48,9.60,3.6,0,corps,49.42736420329761,1.0910
2925,6,52,8.67,4.0,0,corps,49.4046561986702,1.7306
2926,4,60,15.00,3.1,0,corps,49.381959545207074,1.0636
2927,15,161,10.73,8.0,0,corps,49.359274237234075,1.3513
2928,8,59,7.38,4.9,0,corps,49.33660026907988,1.3740
2929,8,113,14.12,4.9,0,corps,49.31393763507598,1.3251
2930,18,197,10.94,9.3,0,corps,49.29128632955672,1.2984
2931,10,118,11.80,5.8,0,corps,49.26864634685928,1.2964
2932,13,181,13.92,7.1,0,corps,49.246017681323664,1.5581
2933,7,130,18.57,4.4,0,corps,49.2234003272927,1.3564
2934,14,197,14.07,7.6,0,corps,49.20079427911206,1.8011
2935,9,110,12.22,5.3,0,corps,49.17819953113023,1.2806
2936,9,103,11.44,5.3,0,corps,49.15561607769851,1.4880
2937,6,79,13.17,4.0,0,corps,49.13304391317105,1.3430
2938,13,196,15.08,7.1,0,corps,49.11048303190479,1.1386
2939,15,240,16.00,8.0,0,corps,49.08793342825953,1.3458
2940,14,195,13.93,7.6,0,corps,49.06539509659787,1.3754
2941,7,62,8.86,4.4,0,corps,49.04286803128522,3.1134
2942,5,41,8.20,3.6,0,corps,49.020352226689795,2.3095
2943,3,37,12.33,2.7,0,corps,48.997847677182676,1.4945
2944,10,104,10.40,5.8,0,corps,48.975354377137705,1.8159
2945,15,201,13.40,8.0,0,corps,48.95287232093157,2.2840
2946,11,121,11.00,6.2,0,corps,48.93040150294373,1.7135
2947,9,112,12.44,5.3,0,corps,48.90794191755652,2.0142
2948,4,73,18.25,3.1,0,corps,48.885493559155016,1.1054
2949,6,55,9.17,4.0,0,corps,48.86305642212714,15.5153
2950,16,216,13.50,8.4,0,corps,48.84063050086359,1.7651
2951,6,78,13.00,4.0,0,corps,48.818215789757915,1.9235
2952,4,58,14.50,3.1,0,corps,48.795812283206416,1.8780
2953,9,112,12.44,5.3,0,corps,48.77341997560822,1.7571
2954,9,89,9.89,5.3,0,corps,48.751038861365245,1.9620
2955,5,53,10.60,3.6,0,corps,48.72866893488222,2.0194
2956,16,198,12.38,8.4,0,corps,48.70631019056667,1.9412
2957,4,59,14.75,3.1,0,corps,48.68396262282889,1.6626
2958,28,313,11.18,13.8,0,corps,48.66162622608201,1.7652
2959,8,65,8.12,4.9,0,corps,48.63930099474191,2.5948
2960,2,26,13.00,2.2,0,corps,48.616986923227294,1.5199
2961,3,62,20.67,2.7,0,corps,48.59468400595964,1.2996
2962,10,148,14.80,5.8,0,corps,48.57239223736322,1.0644
2963,12,129,10.75,6.7,0,corps,48.55011161186509,1.5814
2964,8,118,14.75,4.9,0,corps,48.5278421238951,0.9090
2965,13,164,12.62,7.1,0,corps,48.50558376788588,1.5213
2966,2,25,12.50,2.2,0,corps,48.483336538272816,2.2965
2967,2,13,6.50,2.2,0,corps,48.461100429494124,1.6257
2968,4,41,10.25,3.1,0,corps,48.43887543599078,1.4968
2969,6,60,10.00,4.0,0,corps,48.41666155220652,1.0124
2970,3,31,10.33,2.7,0,corps,48.39445877258787,1.6784
2971,9,102,11.33,5.3,0,corps,48.372267091584156,1.6042
2972,13,131,10.08,7.1,0,corps,48.35008650364745,5.0210
2973,11,142,12.91,6.2,0,corps,48.32791700323259,7.9375
2974,2,30,15.00,2.2,0,corps,48.30575858479722,1.2871
2975,4,46,11.50,3.1,0,corps,48.28361124280172,1.9135
2976,6,101,16.83,4.0,0,corps,48.26147497170927,1.4170
2977,8,98,12.25,4.9,0,corps,48.239349765985786,0.9975
2978,2,31,15.50,2.2,0,corps,48.21723562009998,0.9458
2979,11,127,11.55,6.2,0,corps,48.1951325285233,1.2588
2980,12,108,9.00,6.7,0,corps,48.173040485729985,10.6737
2981,4,71,17.75,3.1,0,corps,48.15095948619703,1.8442
2982,8,83,10.38,4.9,0,corps,48.12888952440416,2.0140
2983,17,192,11.29,8.9,0,corps,48.106830594833916,1.9708
2984,6,95,15.83,4.0,0,corps,48.08478269197155,1.5690
2985,15,168,11.20,8.0,0,corps,48.06274581030509,1.5931
2986,3,36,12.00,2.7,0,corps,48.04071994432529,2.0544
2987,4,58,14.50,3.1,0,corps,48.01870508852572,1.6223
2988,2,32,16.00,2.2,0,corps,47.996701237402654,1.6706
2989,7,71,10.14,4.4,0,corps,47.97470838545513,2.1691
2990,3,30,10.00,2.7,0,corps,47.95272652718492,1.7175
2991,7,105,15.00,4.4,0,corps,47.93075565709658,1.9083
2992,9,95,10.56,5.3,0,corps,47.90879576969738,2.3716
2993,8,83,10.38,4.9,0,corps,47.88684685949735,1.5953
2994,5,68,13.60,3.6,0,corps,47.86490892100926,1.5757
2995,3,45,15.00,2.7,0,corps,47.84298194874863,2.0249
2996,9,105,11.67,5.3,0,corps,47.82106593723372,1.7448
2997,7,124,17.71,4.4,0,corps,47.799160880985525,1.7663
2998,3,64,21.33,2.7,0,corps,47.777266774527774,1.6921
2999,11,150,13.64,6.2,0,corps,47.75538361238694,1.9854
3000,3,28,9.33,2.7,0,corps,47.73351138909224,1.5016
3001,3,53,17.67,2.7,0,corps,47.71165009917562,1.1513
3002,15,173,11.53,8.0,0,corps,47.689799737171754,1.1409
3003,9,83,9.22,5.3,0,corps,47.66796029761804,2.0278
3004,12,142,11.83,6.7,0,corps,47.646131775054634,1.2406
3005,11,164,14.91,6.2,0,corps,47.6243141640244,1.4376
3006,4,43,10.75,3.1,0,corps,47.60250745907293,1.2559
3007,11,104,9.45,6.2,0,corps,47.58071165474855,1.8295
3008,2,48,24.00,2.2,0,corps,47.55892674560232,1.2125
3009,20,181,9.05,10.2,0,corps,47.537152726188,1.4282
3010,13,144,11.08,7.1,0,corps,47.51538959106208,1.4859
3011,16,181,11.31,8.4,0,corps,47.49363733478379,1.6352
3012,5,78,15.60,3.6,0,corps,47.47189595191506,1.4743
3013,5,62,12.40,3.6,0,corps,47.450165437020544,1.6249
3014,6,73,12.17,4.0,0,corps,47.42844578466762,1.7916
3015,3,35,11.67,2.7,0,corps,47.406736989426356,1.1993
3016,6,67,11.17,4.0,0,corps,47.385039045869576,1.4982
3017,9,82,9.11,5.3,0,corps,47.36335194857278,1.7019
3018,2,16,8.00,2.2,0,corps,47.34167569211421,1.5000
3019,13,179,13.77,7.1,0,corps,47.320010271074764,1.3338
3020,5,37,7.40,3.6,0,corps,47.29835568003812,2.3791
3021,4,69,17.25,3.1,0,corps,47.27671191359063,1.1284
3022,7,79,11.29,4.4,0,corps,47.25507896632134,1.9507
3023,22,308,14.00,11.1,0,corps,47.23345683282201,1.5962
3024,9,77,8.56,5.3,0,corps,47.211845507687116,1.3709
3025,15,138,9.20,8.0,0,corps,47.190244985513836,1.6806
3026,13,130,10.00,7.1,0,corps,47.16865526090202,1.6118
3027,2,24,12.00,2.2,0,corps,47.14707632845423,1.5262
3028,4,26,6.50,3.1,0,corps,47.12550818277576,2.3675
3029,3,27,9.00,2.7,0,corps,47.103950818474566,1.6936
3030,11,150,13.64,6.2,0,corps,47.082404230161295,1.0734
3031,5,73,14.60,3.6,0,corps,47.0608684124493,0.9422
3032,12,126,10.50,6.7,0,corps,47.039343359954636,2.4999
3033,7,88,12.57,4.4,0,corps,47.01782906729605,1.5192
3034,3,64,21.33,2.7,0,corps,46.99632552909494,1.3083
3035,12,120,10.00,6.7,0,corps,46.97483273997543,1.5262
3036,5,49,9.80,3.6,0,corps,46.953350694564335,1.3154
3037,3,43,14.33,2.7,0,corps,46.93187938749114,1.3556
3038,6,74,12.33,4.0,0,corps,46.91041881338803,1.5893
3039,7,69,9.86,4.4,0,corps,46.88896896688982,1.9559
3040,13,145,11.15,7.1,0,corps,46.867529842634085,1.9332
3041,6,73,12.17,4.0,0,corps,46.84610143526105,1.3289
3042,12,142,11.83,6.7,0,corps,46.82468373941358,4.8637
3043,6,66,11.00,4.0,0,corps,46.80327674973726,2.1068
3044,7,52,7.43,4.4,0,corps,46.78188046088037,2.2982
3045,23,261,11.35,11.6,0,corps,46.760494867493804,4.6250
3046,2,13,6.50,2.2,0,corps,46.73911996423119,1.9129
3047,11,255,23.18,6.2,0,corps,46.71775574574878,1.4384
3048,5,50,10.00,3.6,0,corps,46.69640220670553,1.8249
3049,7,97,13.86,4.4,0,corps,46.67505934176306,1.8704
3050,6,62,10.33,4.0,0,corps,46.65372714558564,1.8446
3051,13,115,8.85,7.1,0,corps,46.63240561284023,1.9388
3052,4,51,12.75,3.1,0,corps,46.61109473819645,2.0019
3053,2,29,14.50,2.2,0,corps,46.58979451632658,1.4023
3054,10,134,13.40,5.8,0,corps,46.568504941905545,1.6946
3055,2,31,15.50,2.2,0,corps,46.547226009610974,1.7377
3056,6,66,11.00,4.0,0,corps,46.52595771412314,1.9176
3057,4,35,8.75,3.1,0,corps,46.50470005012494,1.9816
3058,9,108,12.00,5.3,0,corps,46.48345301230199,1.4755
3059,5,55,11.00,3.6,0,corps,46.46221659534249,2.0473
3060,15,169,11.27,8.0,0,corps,46.44099079393738,1.4919
3061,12,167,13.92,6.7,0,corps,46.419775602780184,1.7309
3062,4,54,13.50,3.1,0,corps,46.39857101656711,1.6074
3063,10,99,9.90,5.8,0,corps,46.37737702999701,1.2476
3064,11,111,10.09,6.2,0,corps,46.35619363777138,1.6807
3065,13,129,9.92,7.1,0,corps,46.335020834594395,1.7751
3066,7,80,11.43,4.4,0,corps,46.31385861517284,1.7865
3067,5,36,7.20,3.6,0,corps,46.292706974216145,1.9301
3068,6,57,9.50,4.0,0,corps,46.27156590643642,2.4723
3069,15,140,9.33,8.0,0,corps,46.2504354065484,1.6640
3070,8,79,9.88,4.9,0,corps,46.229315469269444,1.4448
3071,8,87,10.88,4.9,0,corps,46.20820608931957,2.0548
3072,3,38,12.67,2.7,0,corps,46.18710726142144,1.3377
3073,6,78,13.00,4.0,0,corps,46.16601898030036,1.8258
3074,4,28,7.00,3.1,0,corps,46.14494124068423,1.5625
3075,4,22,5.50,3.1,0,corps,46.12387403730362,2.4293
3076,18,211,11.72,9.3,0,corps,46.10281736489176,1.6462
3077,15,201,13.40,8.0,0,corps,46.08177121818445,1.3580
3078,5,44,8.80,3.6,0,corps,46.06073559192018,2.9314
3079,12,171,14.25,6.7,0,corps,46.03971048084,1.4123
3080,2,40,20.00,2.2,0,corps,46.01869587968768,1.4162
3081,2,22,11.00,2.2,0,corps,45.99769178320954,2.8352
3082,14,161,11.50,7.6,0,corps,45.97669818615457,1.8858
3083,7,69,9.86,4.4,0,corps,45.95571508327435,1.8928
3084,12,115,9.58,6.7,0,corps,45.93474246932313,2.5222
3085,11,129,11.73,6.2,0,corps,45.91378033905775,1.5178
3086,4,83,20.75,3.1,0,corps,45.892828687237675,1.2701
3087,3,36,12.00,2.7,0,corps,45.87188750862497,1.6517
3088,25,253,10.12,12.4,0,corps,45.850956797984374,2.6266
3089,8,115,14.38,4.9,0,corps,45.8300365500832,1.5893
3090,7,73,10.43,4.4,0,corps,45.80912675969138,2.0252
3091,2,23,11.50,2.2,0,corps,45.78822742158146,1.7198
3092,8,73,9.12,4.9,0,corps,45.767338530528626,1.7144
3093,5,52,10.40,3.6,0,corps,45.74646008131063,1.3094
3094,19,217,11.42,9.8,0,corps,45.725592068707876,1.9066
3095,6,91,15.17,4.0,0,corps,45.70473448750335,1.3992
3096,2,30,15.00,2.2,0,corps,45.683887332482676,1.2749
3097,13,138,10.62,7.1,0,corps,45.66305059843404,7.9201
3098,8,112,14.00,4.9,0,corps,45.642224280148284,2.0066
3099,6,84,14.00,4.0,0,corps,45.6214083724188,1.7177
3100,17,211,12.41,8.9,0,corps,45.600602870041634,1.9742
3101,22,211,9.59,11.1,0,corps,45.5798077678154,1.3433
3102,20,217,10.85,10.2,0,corps,45.55902306054133,1.2955
3103,8,68,8.50,4.9,0,corps,45.53824874302323,1.4498
3104,3,36,12.00,2.7,0,corps,45.51748481006754,2.1364
3105,4,77,19.25,3.1,0,corps,45.49673125648327,1.7060
3106,3,37,12.33,2.7,0,corps,45.475988077082036,1.0642
3107,7,80,11.43,4.4,0,corps,45.455255266678016,2.2672
3108,7,69,9.86,4.4,0,corps,45.43453282008805,1.3277
3109,9,98,10.89,5.3,0,corps,45.4138207321315,1.5240
3110,4,58,14.50,3.1,0,corps,45.39311899763035,1.5481
3111,5,70,14.00,3.6,0,corps,45.37242761140915,1.6378
3112,12,158,13.17,6.7,0,corps,45.351746568295084,2.1521
3113,2,26,13.00,2.2,0,corps,45.33107586311787,1.2344
3114,16,221,13.81,8.4,0,corps,45.310415490709836,1.5324
3115,7,74,10.57,4.4,0,corps,45.289765445905886,2.0352
3116,2,27,13.50,2.2,0,corps,45.269125723543524,1.1312
3117,25,266,10.64,12.4,0,corps,45.2484963184628,1.5402
3118,11,146,13.27,6.2,0,corps,45.227877225506376,1.3957
3119,13,169,13.00,7.1,0,corps,45.20726843951946,1.6580
3120,10,135,13.50,5.8,0,corps,45.186669955349885,1.6322
3121,3,32,10.67,2.7,0,corps,45.16608176784801,1.6442
3122,5,64,12.80,3.6,0,corps,45.14550387186678,1.7478
3123,7,64,9.14,4.4,0,corps,45.12493626226174,1.2298
3124,3,37,12.33,2.7,0,corps,45.104378933890985,1.2482
3125,2,16,8.00,2.2,0,corps,45.08383188161517,1.7818
3126,10,134,13.40,5.8,0,corps,45.063295100297545,1.5108
3127,9,82,9.11,5.3,0,corps,45.0427685848039,2.1056
3128,3,33,11.00,2.7,0,corps,45.02225233000262,1.3739
3129,8,94,11.75,4.9,0,corps,45.00174633076464,1.3557
3130,11,129,11.73,6.2,0,corps,44.98125058196345,1.4221
3131,7,64,9.14,4.4,0,corps,44.96076507847513,1.2663
3132,3,39,13.00,2.7,0,corps,44.940289815178275,1.3259
3133,12,98,8.17,6.7,0,corps,44.9198247869541,1.6171
3134,7,77,11.00,4.4,0,corps,44.89936998868633,1.4611
3135,8,95,11.88,4.9,0,corps,44.87892541526128,1.2791
3136,6,53,8.83,4.0,0,corps,44.858491061567776,1.6135
3137,14,214,15.29,7.6,0,corps,44.83806692249727,1.4002
3138,8,82,10.25,4.9,0,corps,44.8176529929437,1.4696
3139,9,96,10.67,5.3,0,corps,44.79724926780359,1.4855
3140,12,117,9.75,6.7,0,corps,44.77685574197601,1.5504
3141,9,123,13.67,5.3,0,corps,44.756472410362576,4.9172
3142,2,34,17.00,2.2,0,corps,44.736099267867466,1.4582
3143,2,46,23.00,2.2,0,corps,44.71573630939738,0.8950
3144,9,93,10.33,5.3,0,corps,44.69538352986157,1.4679
3145,14,162,11.57,7.6,0,corps,44.675040924171874,4.9784
3146,15,153,10.20,8.0,0,corps,44.65470848724261,1.7427
3147,16,185,11.56,8.4,0,corps,44.63438621399069,1.7972
3148,7,68,9.71,4.4,0,corps,44.61407409933552,1.5198
3149,17,198,11.65,8.9,0,corps,44.59377213819909,1.4263
3150,10,136,13.60,5.8,0,corps,44.57348032550591,1.6141
3151,14,177,12.64,7.6,0,corps,44.55319865618303,1.6889
3152,24,230,9.58,12.0,0,corps,44.53292712516001,1.9603
3153,9,85,9.44,5.3,0,corps,44.51266572736899,2.2459
3154,9,111,12.33,5.3,0,corps,44.492414457744616,1.8938
3155,23,226,9.83,11.6,0,corps,44.472173311224076,1.6037
3156,6,77,12.83,4.0,0,corps,44.45194228274705,2.1185
3157,12,153,12.75,6.7,0,corps,44.43172136725582,1.3913
3158,5,57,11.40,3.6,0,corps,44.411510559695145,1.1885
3159,17,200,11.76,8.9,0,corps,44.39130985501232,2.3629
3160,8,84,10.50,4.9,0,corps,44.37111924815716,2.2944
3161,3,32,10.67,2.7,0,corps,44.35093873408202,1.5347
3162,5,55,11.00,3.6,0,corps,44.330768307741785,2.2670
3163,6,72,12.00,4.0,0,corps,44.31060796409384,1.4011
3164,6,87,14.50,4.0,0,corps,44.29045769809808,1.3793
3165,12,196,16.33,6.7,0,corps,44.270317504716964,1.6527
3166,8,84,10.50,4.9,0,corps,44.25018737891544,2.7856
3167,6,100,16.67,4.0,0,corps,44.23006731566097,2.0163
3168,10,112,11.20,5.8,0,corps,44.20995730992352,1.4868
3169,3,34,11.33,2.7,0,corps,44.189857356675624,1.4672
3170,15,124,8.27,8.0,0,corps,44.16976745089227,1.7271
3171,2,46,23.00,2.2,0,corps,44.14968758755099,1.2770
3172,9,110,12.22,5.3,0,corps,44.12961776163181,1.6583
3173,7,84,12.00,4.4,0,corps,44.109557968117294,1.4575
3174,16,161,10.06,8.4,0,corps,44.089508201992466,2.2189
3175,6,72,12.00,4.0,0,corps,44.069468458244906,1.5014
3176,6,58,9.67,4.0,0,corps,44.04943873186466,2.3083
3177,15,130,8.67,8.0,0,corps,44.029419017844305,2.1087
3178,9,70,7.78,5.3,0,corps,44.00940931117893,2.2807
3179,5,83,16.60,3.6,0,corps,43.989409606866076,1.5229
3180,7,109,15.57,4.4,0,corps,43.96941989990582,1.8764
3181,13,160,12.31,7.1,0,corps,43.94944018530077,1.3528
3182,9,121,13.44,5.3,0,corps,43.929470458055974,1.3969
3183,6,64,10.67,4.0,0,corps,43.909510713178996,2.2293
3184,11,143,13.00,6.2,0,corps,43.88956094567989,1.6976
3185,29,308,10.62,14.2,0,corps,43.86962115057124,2.2255
3186,2,21,10.50,2.2,0,corps,43.84969132286809,3.3214
3187,7,81,11.57,4.4,0,corps,43.82977145758798,1.9012
3188,5,39,7.80,3.6,0,corps,43.80986154975092,1.8092
3189,2,20,10.00,2.2,0,corps,43.78996159437948,1.8670
3190,3,28,9.33,2.7,0,corps,43.77007158649863,1.9328
3191,7,82,11.71,4.4,0,corps,43.750191521135896,2.1868
3192,5,51,10.20,3.6,0,corps,43.73032139332123,1.6674
3193,6,77,12.83,4.0,0,corps,43.71046119808714,1.2620
3194,6,60,10.00,4.0,0,corps,43.69061093046855,1.7606
3195,4,59,14.75,3.1,0,corps,43.6707705855029,1.4981
3196,13,119,9.15,7.1,0,corps,43.65094015823009,1.8653
3197,10,122,12.20,5.8,0,corps,43.63111964369254,1.6877
3198,6,81,13.50,4.0,0,corps,43.61130903693511,1.2752
3199,16,196,12.25,8.4,0,corps,43.591508333005144,1.9894
3200,2,24,12.00,2.2,0,corps,43.571717526952455,2.1064
3201,3,36,12.00,2.7,0,corps,43.55193661382936,1.1932
3202,13,149,11.46,7.1,0,corps,43.53216558869063,1.7144
3203,2,30,15.00,2.2,0,corps,43.51240444659351,1.4847
3204,12,98,8.17,6.7,0,corps,43.492653182597685,1.5316
3205,7,113,16.14,4.4,0,corps,43.47291179176537,1.3881
3206,9,132,14.67,5.3,0,corps,43.453180269161216,1.7432
3207,6,72,12.00,4.0,0,corps,43.43345860985233,1.4031
3208,11,128,11.64,6.2,0,corps,43.41374680890831,1.5014
3209,21,240,11.43,10.7,0,corps,43.394044861401184,1.5583
3210,9,114,12.67,5.3,0,corps,43.374352762405486,2.0288
3211,11,108,9.82,6.2,0,corps,43.35467050699818,2.0950
3212,4,41,10.25,3.1,0,corps,43.3349980902587,1.7036
3213,3,45,15.00,2.7,0,corps,43.31533550726896,1.7612
3214,6,67,11.17,4.0,0,corps,43.295682753113304,1.6848
3215,10,164,16.40,5.8,0,corps,43.27603982287853,1.5798
3216,8,125,15.62,4.9,0,corps,43.256406711653916,1.7507
3217,6,65,10.83,4.0,0,corps,43.236783414531196,1.7747
3218,3,34,11.33,2.7,0,corps,43.21716992660452,1.2037
3219,2,23,11.50,2.2,0,corps,43.197566242970545,1.2851
3220,13,134,10.31,7.1,0,corps,43.17797235872832,2.2322
3221,16,194,12.12,8.4,0,corps,43.158388268979394,1.6012
3222,5,46,9.20,3.6,0,corps,43.13881396882774,1.4654
3223,17,205,12.06,8.9,0,corps,43.11924945337978,1.3494
3224,14,139,9.93,7.6,0,corps,43.09969471774439,1.4378
3225,25,259,10.36,12.4,0,corps,43.080149757032885,5.3973
3226,20,239,11.95,10.2,0,corps,43.06061456635902,4.5542
3227,17,201,11.82,8.9,0,corps,43.041089140839,1.4760
3228,8,98,12.25,4.9,0,corps,43.02157347559146,1.0633
3229,3,45,15.00,2.7,0,corps,43.002067565737505,1.5037
3230,3,52,17.33,2.7,0,corps,42.982571406400645,1.2253
3231,8,82,10.25,4.9,0,corps,42.96308499270683,2.0022
3232,9,87,9.67,5.3,0,corps,42.943608319784474,1.5254
3233,5,58,11.60,3.6,0,corps,42.9241413827644,1.5885
3234,6,48,8.00,4.0,0,corps,42.90468417677988,2.5947
3235,8,93,11.62,4.9,0,corps,42.885236696966594,1.3946
3236,17,171,10.06,8.9,0,corps,42.86579893846268,1.9032
3237,14,165,11.79,7.6,0,corps,42.84637089640872,1.5027
3238,11,87,7.91,6.2,0,corps,42.826952565947686,1.8989
3239,12,183,15.25,6.7,0,corps,42.80754394222498,1.3069
3240,8,88,11.00,4.9,0,corps,42.78814502038847,1.3814
3241,9,113,12.56,5.3,0,corps,42.768755795588426,1.1261
3242,6,68,11.33,4.0,0,corps,42.74937626297752,1.3097
3243,3,37,12.33,2.7,0,corps,42.73000641771089,1.3577
3244,8,111,13.88,4.9,0,corps,42.71064625494606,1.6257
3245,8,120,15.00,4.9,0,corps,42.691295769842995,1.6017
3246,21,322,15.33,10.7,0,corps,42.67195495756408,1.3779
3247,9,115,12.78,5.3,0,corps,42.652623813274104,1.3907
3248,10,102,10.20,5.8,0,corps,42.633302332140275,1.6376
3249,20,253,12.65,10.2,0,corps,42.61399050933224,1.7257
3250,2,41,20.50,2.2,0,corps,42.59468834002204,1.7978
3251,5,71,14.20,3.6,0,corps,42.57539581938411,2.0866
3252,10,97,9.70,5.8,0,corps,42.55611294259534,2.2287
3253,8,97,12.12,4.9,0,corps,42.536839704835,1.5045
3254,17,163,9.59,8.9,0,corps,42.517576101284796,1.6056
3255,9,110,12.22,5.3,0,corps,42.49832212712883,10.0741
3256,4,85,21.25,3.1,0,corps,42.479077777553584,0.9254
3257,2,51,25.50,2.2,0,corps,42.459843047747974,0.9095
3258,9,129,14.33,5.3,0,corps,42.440617932903336,1.3504
3259,12,124,10.33,6.7,0,corps,42.421402428213376,1.6347
3260,12,99,8.25,6.7,0,corps,42.40219652887423,1.4746
3261,5,61,12.20,3.6,0,corps,42.38300023008441,1.4058
3262,10,114,11.40,5.8,0,corps,42.363813527044854,2.2652
3263,8,99,12.38,4.9,0,corps,42.34463641495888,1.9136
3264,8,97,12.12,4.9,0,corps,42.3254688890322,1.6668
3265,10,70,7.00,5.8,0,corps,42.30631094447295,2.4826
3266,2,62,31.00,2.2,0,corps,42.28716257649163,1.1587
3267,2,24,12.00,2.2,0,corps,42.268023780301164,1.9276
3268,5,66,13.20,3.6,0,corps,42.248894551116834,1.6999
3269,6,72,12.00,4.0,0,corps,42.229774884156335,2.0913
3270,23,276,12.00,11.6,0,corps,42.21066477463977,2.2793
3271,24,314,13.08,12.0,0,corps,42.19156421778959,1.8959
3272,12,153,12.75,6.7,0,corps,42.17247320883067,1.8475
3273,6,35,5.83,4.0,0,corps,42.15339174299024,2.9590
3274,6,79,13.17,4.0,0,corps,42.134319815497946,1.8741
3275,19,239,12.58,9.8,0,corps,42.11525742158581,2.1670
3276,10,87,8.70,5.8,0,corps,42.096204556488225,11.8026
3277,10,183,18.30,5.8,0,corps,42.077161215441976,1.7289
3278,22,216,9.82,11.1,0,corps,42.058127393686235,4.5884
3279,7,93,13.29,4.4,0,corps,42.03910308646254,1.5411
3280,9,124,13.78,5.3,0,corps,42.020088289014815,1.9077
3281,10,148,14.80,5.8,0,corps,42.00108299658935,1.9373
3282,11,134,12.18,6.2,0,corps,41.98208720443483,1.4056
3283,13,160,12.31,7.1,0,corps,41.96310090780233,1.4518
3284,6,75,12.50,4.0,0,corps,41.94412410194525,2.4061
3285,9,89,9.89,5.3,0,corps,41.92515678211938,1.5965
3286,13,162,12.46,7.1,0,corps,41.90619894358291,1.8481
3287,11,142,12.91,6.2,0,corps,41.887250581596376,1.5289
3288,11,133,12.09,6.2,0,corps,41.86831169142268,1.7917
3289,16,196,12.25,8.4,0,corps,41.8493822683271,6.0134
3290,23,265,11.52,11.6,0,corps,41.83046230757729,1.7975
3291,18,192,10.67,9.3,0,corps,41.811551804443255,2.3621
3292,12,100,8.33,6.7,0,corps,41.79265075419737,2.5173
3293,9,98,10.89,5.3,0,corps,41.773759152114366,1.8677
3294,10,116,11.60,5.8,0,corps,41.75487699347135,2.0074
3295,12,142,11.83,6.7,0,corps,41.73600427354777,1.8169
3296,23,271,11.78,11.6,0,corps,41.71714098762547,2.0398
3297,7,60,8.57,4.4,0,corps,41.6982871309886,1.7596
3298,6,85,14.17,4.0,0,corps,41.679442698923715,1.4672
3299,33,409,12.39,16.0,0,corps,41.6606076867197,3.4824
3300,3,58,19.33,2.7,0,corps,41.64178208966781,1.0782
3301,6,95,15.83,4.0,0,corps,41.62296590306162,1.3393
3302,2,33,16.50,2.2,0,corps,41.60415912219712,0.9010
3303,20,231,11.55,10.2,0,corps,41.58536174237259,1.5277
3304,4,51,12.75,3.1,0,corps,41.566573758888694,1.9782
3305,8,89,11.12,4.9,0,corps,41.54779516704842,1.3036
3306,22,217,9.86,11.1,0,corps,41.52902596215715,1.5305
3307,2,31,15.50,2.2,0,corps,41.51026613952256,1.9575
3308,8,83,10.38,4.9,0,corps,41.4915156944547,1.2468
3309,6,51,8.50,4.0,0,corps,41.47277462226595,1.1973
3310,18,230,12.78,9.3,0,corps,41.454042918271064,1.7059
3311,5,77,15.40,3.6,0,corps,41.4353205777871,1.4523
3312,14,191,13.64,7.6,0,corps,41.41660759613348,1.1725
3313,3,45,15.00,2.7,0,corps,41.39790396863194,1.0204
3314,4,49,12.25,3.1,0,corps,41.379209690606594,0.7399
3315,3,44,14.67,2.7,0,corps,41.36052475738387,0.9020
3316,4,53,13.25,3.1,0,corps,41.341849164292526,1.2040
3317,6,56,9.33,4.0,0,corps,41.32318290666366,1.5609
3318,6,89,14.83,4.0,0,corps,41.30452597983073,1.1724
3319,2,40,20.00,2.2,0,corps,41.28587837912948,0.8864
3320,21,296,14.10,10.7,0,corps,41.267240099898025,1.9263
3321,2,22,11.00,2.2,0,corps,41.24861113747678,1.3205
3322,37,433,11.70,17.8,0,corps,41.229991487208515,2.0171
3323,14,164,11.71,7.6,0,corps,41.21138114443833,1.5906
3324,17,162,9.53,8.9,0,corps,41.19278010451361,1.7997
3325,8,86,10.75,4.9,0,corps,41.1741883627841,1.9686
3326,6,73,12.17,4.0,0,corps,41.15560591460189,1.4600
3327,2,30,15.00,2.2,0,corps,41.13703275532136,1.2373
3328,24,252,10.50,12.0,0,corps,41.118468880299204,1.4008
3329,22,244,11.09,11.1,0,corps,41.09991428489445,1.7266
3330,3,56,18.67,2.7,0,corps,41.08136896446848,1.0375
3331,4,70,17.50,3.1,0,corps,41.06283291438493,1.4576
3332,7,70,10.00,4.4,0,corps,41.04430613000981,2.0314
3333,3,36,12.00,2.7,0,corps,41.02578860671141,1.1951
3334,3,30,10.00,2.7,0,corps,41.00728033986035,1.4237
3335,9,70,7.78,5.3,0,corps,40.988781324829574,1.8778
3336,15,180,12.00,8.0,0,corps,40.97029155699433,1.3871
3337,26,302,11.62,12.9,0,corps,40.95181103173215,1.4459
3338,8,78,9.75,4.9,0,corps,40.93333974442293,1.5526
3339,15,166,11.07,8.0,0,corps,40.91487769044884,1.7142
3340,7,87,12.43,4.4,0,corps,40.89642486519437,1.7155
3341,8,94,11.75,4.9,0,corps,40.87798126404629,1.6413
3342,24,216,9.00,12.0,0,corps,40.85954688239373,2.2416
3343,26,267,10.27,12.9,0,corps,40.841121715628084,1.9021
3344,7,59,8.43,4.4,0,corps,40.82270575914306,1.9413
3345,11,142,12.91,6.2,0,corps,40.80429900833466,1.9705
3346,16,154,9.62,8.4,0,corps,40.78590145860121,1.9935
3347,8,74,9.25,4.9,0,corps,40.76751310534332,2.6260
3348,4,42,10.50,3.1,0,corps,40.7491339439639,1.6105
3349,15,157,10.47,8.0,0,corps,40.730763969868136,1.8791
3350,10,93,9.30,5.8,0,corps,40.712403178463575,2.3032
3351,8,85,10.62,4.9,0,corps,40.694051565159995,1.7385
3352,5,57,11.40,3.6,0,corps,40.675709125369494,2.4579
3353,24,224,9.33,12.0,0,corps,40.65737585450647,2.1052
3354,8,83,10.38,4.9,0,corps,40.639051747987594,1.6957
3355,7,74,10.57,4.4,0,corps,40.62073680123186,1.9412
3356,15,117,7.80,8.0,0,corps,40.6024310096605,2.9537
3357,19,171,9.00,9.8,0,corps,40.584134368697086,2.1650
3358,3,56,18.67,2.7,0,corps,40.56584687376746,1.3724
3359,3,22,7.33,2.7,0,corps,40.54756852029975,3.0173
3360,18,169,9.39,9.3,0,corps,40.52929930372435,1.6513
3361,5,58,11.60,3.6,0,corps,40.511039219473965,1.6470
3362,11,105,9.55,6.2,0,corps,40.49278826298358,2.1496
3363,4,51,12.75,3.1,0,corps,40.474546429690456,2.0199
3364,11,129,11.73,6.2,0,corps,40.45631371503412,1.9983
3365,4,36,9.00,3.1,0,corps,40.4380901144564,1.7397
3366,4,48,12.00,3.1,0,corps,40.41987562340141,1.7597
3367,19,210,11.05,9.8,0,corps,40.401670237315514,1.8793
3368,6,62,10.33,4.0,0,corps,40.38347395164736,1.8502
3369,8,116,14.50,4.9,0,corps,40.36528676184788,1.4999
3370,12,127,10.58,6.7,0,corps,40.34710866337029,1.7087
3371,4,26,6.50,3.1,0,corps,40.32893965167005,2.5012
3372,3,46,15.33,2.7,0,corps,40.31077972220491,2.3050
3373,29,359,12.38,14.2,0,corps,40.292628870434896,1.9943
3374,2,35,17.50,2.2,0,corps,40.27448709182229,1.5456
3375,5,74,14.80,3.6,0,corps,40.25635438183164,1.5749
3376,24,269,11.21,12.0,0,corps,40.238230735929776,1.7702
3377,7,71,10.14,4.4,0,corps,40.220116149585785,2.0043
3378,15,159,10.60,8.0,0,corps,40.20201061827102,1.5324
3379,9,112,12.44,5.3,0,corps,40.18391413745909,1.3007
3380,8,78,9.75,4.9,0,corps,40.16582670262589,1.6854
3381,16,155,9.69,8.4,0,corps,40.147748309249565,2.4133
3382,14,155,11.07,7.6,0,corps,40.12967895281049,1.8044
3383,8,84,10.50,4.9,0,corps,40.11161862879134,1.7907
3384,4,34,8.50,3.1,0,corps,40.09356733267705,1.8692
3385,3,25,8.33,2.7,0,corps,40.07552505995477,2.3112
3386,19,179,9.42,9.8,0,corps,40.057491806113944,1.8425
3387,3,35,11.67,2.7,0,corps,40.03946756664626,1.3049
3388,15,175,11.67,8.0,0,corps,40.02145233704565,1.5934
3389,6,75,12.50,4.0,0,corps,40.00344611280833,1.4217
3390,3,30,10.00,2.7,0,corps,39.985448889432696,2.2496
3391,8,84,10.50,4.9,0,corps,39.9674606624195,2.0754
3392,10,93,9.30,5.8,0,corps,39.949481427271635,1.9931
3393,4,49,12.25,3.1,0,corps,39.93151117949433,1.4649
3394,11,142,12.91,6.2,0,corps,39.913549914594995,1.4453
3395,4,27,6.75,3.1,0,corps,39.89559762808333,2.0922
3396,29,308,10.62,14.2,0,corps,39.87765431547127,2.9483
3397,6,68,11.33,4.0,0,corps,39.85971997227297,1.7753
3398,4,61,15.25,3.1,0,corps,39.84179459400484,1.2737
3399,21,245,11.67,10.7,0,corps,39.823878176185545,1.6073
3400,13,172,13.23,7.1,0,corps,39.80597071433599,1.7797
3401,7,48,6.86,4.4,0,corps,39.7880722039793,1.7950
3402,10,107,10.70,5.8,0,corps,39.77018264064084,2.3959
3403,12,189,15.75,6.7,0,corps,39.75230201984823,1.5884
3404,17,179,10.53,8.9,0,corps,39.734430337131315,1.7445
3405,10,125,12.50,5.8,0,corps,39.716567588022166,1.7604
3406,11,115,10.45,6.2,0,corps,39.6987137680551,1.5742
3407,6,49,8.17,4.0,0,corps,39.680868872766666,1.7821
3408,9,121,13.44,5.3,0,corps,39.66303289769563,1.7956
3409,4,49,12.25,3.1,0,corps,39.64520583838301,1.5692
3410,7,81,11.57,4.4,0,corps,39.62738769037203,1.7677
3411,10,142,14.20,5.8,0,corps,39.60957844920816,1.4249
3412,11,116,10.55,6.2,0,corps,39.591778110439094,2.1194
3413,2,31,15.50,2.2,0,corps,39.57398666961473,2.1449
3414,6,63,10.50,4.0,0,corps,39.55620412228722,1.7943
3415,5,41,8.20,3.6,0,corps,39.538430464010936,2.1988
3416,8,82,10.25,4.9,0,corps,39.52066569034245,1.6754
3417,15,175,11.67,8.0,0,corps,39.50290979684057,1.5946
3418,10,123,12.30,5.8,0,corps,39.48516277906632,2.0435
3419,7,100,14.29,4.4,0,corps,39.46742463258295,1.4380
3420,8,89,11.12,4.9,0,corps,39.44969535295593,1.7131
3421,18,227,12.61,9.3,0,corps,39.431974935752926,1.7014
3422,6,74,12.33,4.0,0,corps,39.414263376543836,1.6728
3423,10,112,11.20,5.8,0,corps,39.39656067090079,2.2345
3424,4,49,12.25,3.1,0,corps,39.37886681439808,2.0774
3425,3,43,14.33,2.7,0,corps,39.36118180261227,1.4875
3426,7,73,10.43,4.4,0,corps,39.34350563112209,1.5957
3427,18,198,11.00,9.3,0,corps,39.3258382955085,1.8439
3428,23,234,10.17,11.6,0,corps,39.30817979135467,2.0652
3429,4,48,12.00,3.1,0,corps,39.290530114245975,1.6946
3430,4,52,13.00,3.1,0,corps,39.27288925976998,1.6772
3431,6,84,14.00,4.0,0,corps,39.2552572235165,2.1324
3432,6,45,7.50,4.0,0,corps,39.237634001077495,1.9277
3433,12,142,11.83,6.7,0,corps,39.22001958804719,1.5308
3434,5,56,11.20,3.6,0,corps,39.202413980021944,1.7532
3435,21,232,11.05,10.7,0,corps,39.1848171726004,1.8139
3436,6,52,8.67,4.0,0,corps,39.16722916138332,2.8161
3437,4,53,13.25,3.1,0,corps,39.14964994197372,2.3458
3438,15,175,11.67,8.0,0,corps,39.132079509976776,1.8544
3439,6,71,11.83,4.0,0,corps,39.1145178609999,1.6743
3440,6,52,8.67,4.0,0,corps,39.09696499065267,1.9501
3441,7,86,12.29,4.4,0,corps,39.07942089454687,0.9745
3442,11,127,11.55,6.2,0,corps,39.061885568296475,1.2496
3443,6,59,9.83,4.0,0,corps,39.04435900751766,1.3727
3444,6,63,10.50,4.0,0,corps,39.02684120782878,1.4933
3445,32,285,8.91,15.6,0,corps,39.009332164850385,2.0639
3446,4,52,13.00,3.1,0,corps,38.991831874205204,2.0405
3447,2,14,7.00,2.2,0,corps,38.97434033151818,1.7403
3448,8,75,9.38,4.9,0,corps,38.95685753241643,1.5850
3449,6,53,8.83,4.0,0,corps,38.93938347252924,2.0164
3450,6,47,7.83,4.0,0,corps,38.921918147488086,1.5198
3451,6,76,12.67,4.0,0,corps,38.90446155292666,0.9964
3452,11,118,10.73,6.2,0,corps,38.887013684480806,1.3444
3453,14,189,13.50,7.6,0,corps,38.86957453778856,2.3822
3454,13,129,9.92,7.1,0,corps,38.852144108490116,1.7872
3455,8,105,13.12,4.9,0,corps,38.834722392227896,1.3687
3456,6,65,10.83,4.0,0,corps,38.81730938464645,1.5577
3457,13,114,8.77,7.1,0,corps,38.799905081392524,1.4319
3458,34,319,9.38,16.4,0,corps,38.78250947811506,1.9237
3459,15,163,10.87,8.0,0,corps,38.76512257046514,1.6841
3460,7,79,11.29,4.4,0,corps,38.74774435409605,1.6636
3461,34,385,11.32,16.4,0,corps,38.73037482466323,2.1134
3462,17,217,12.76,8.9,0,corps,38.71301397782428,1.7955
3463,3,26,8.67,2.7,0,corps,38.69566180923903,2.7440
3464,11,118,10.73,6.2,0,corps,38.678318314569395,1.7164
3465,4,59,14.75,3.1,0,corps,38.66098348947953,1.2270
3466,28,335,11.96,13.8,0,corps,38.64365732963571,1.7399
3467,19,224,11.79,9.8,0,corps,38.6263398307064,1.6470
3468,22,253,11.50,11.1,0,corps,38.609030988362235,1.8534
3469,16,174,10.88,8.4,0,corps,38.591730798276,1.6832
3470,11,116,10.55,6.2,0,corps,38.57443925612263,1.5669
3471,7,72,10.29,4.4,0,corps,38.55715635757927,11.2360
3472,27,344,12.74,13.3,0,corps,38.53988209832517,2.0119
3473,26,301,11.58,12.9,0,corps,38.52261647404179,2.0679
3474,7,109,15.57,4.4,0,corps,38.50535948041269,1.5117
3475,24,293,12.21,12.0,0,corps,38.488111113123644,1.5837
3476,14,150,10.71,7.6,0,corps,38.47087136786257,1.8804
3477,9,102,11.33,5.3,0,corps,38.4536402403195,1.8708
3478,13,131,10.08,7.1,0,corps,38.436417726186676,5.4274
3479,9,130,14.44,5.3,0,corps,38.41920382115846,1.7528
3480,5,74,14.80,3.6,0,corps,38.401998520931386,1.2872
3481,13,138,10.62,7.1,0,corps,38.38480182120412,6.5006
3482,10,117,11.70,5.8,0,corps,38.36761371767748,1.9986
3483,21,213,10.14,10.7,0,corps,38.35043420605445,1.9955
3484,33,379,11.48,16.0,0,corps,38.33326328204016,2.0703
3485,4,32,8.00,3.1,0,corps,38.316100941341865,2.2390
3486,3,36,12.00,2.7,0,corps,38.29894717966897,1.4983
3487,12,151,12.58,6.7,0,corps,38.281801992733065,1.1861
3488,8,99,12.38,4.9,0,corps,38.264665376247834,1.6771
3489,12,145,12.08,6.7,0,corps,38.24753732592912,1.4992
3490,15,171,11.40,8.0,0,corps,38.230417837494926,1.2937
3491,3,54,18.00,2.7,0,corps,38.21330690666536,1.4557
3492,9,88,9.78,5.3,0,corps,38.196204529162706,2.1278
3493,15,180,12.00,8.0,0,corps,38.17911070071136,1.6385
3494,12,126,10.50,6.7,0,corps,38.16202541703787,1.5461
3495,11,131,11.91,6.2,0,corps,38.1449486738709,1.5630
3496,4,52,13.00,3.1,0,corps,38.12788046694129,1.6551
3497,7,88,12.57,4.4,0,corps,38.11082079198197,2.0257
3498,2,26,13.00,2.2,0,corps,38.09376964472801,1.2569
3499,18,191,10.61,9.3,0,corps,38.076727020916664,2.2462
3500,16,130,8.12,8.4,0,corps,38.05969291628725,2.0174
3501,14,160,11.43,7.6,0,corps,38.042667326581224,1.5182
3502,21,191,9.10,10.7,0,corps,38.02565024754222,2.4209
3503,12,113,9.42,6.7,0,corps,38.00864167491594,1.9992
3504,14,139,9.93,7.6,0,corps,37.99164160445028,1.6100
3505,15,164,10.93,8.0,0,corps,37.97465003189518,1.6517
3506,14,171,12.21,7.6,0,corps,37.95766695300277,1.5374
3507,4,42,10.50,3.1,0,corps,37.940692363527276,1.7340
3508,16,145,9.06,8.4,0,corps,37.92372625922505,2.0119
3509,6,51,8.50,4.0,0,corps,37.90676863585456,2.4906
3510,4,48,12.00,3.1,0,corps,37.88981948917641,1.4128
3511,5,66,13.20,3.6,0,corps,37.8728788149533,1.7576
3512,26,253,9.73,12.9,0,corps,37.855946608950084,2.0938
3513,3,50,16.67,2.7,0,corps,37.83902286693369,1.9519
3514,5,61,12.20,3.6,0,corps,37.82210758467319,1.6781
3515,8,98,12.25,4.9,0,corps,37.80520075793976,1.4306
3516,10,104,10.40,5.8,0,corps,37.78830238250671,1.6260
3517,11,91,8.27,6.2,0,corps,37.77141245414942,2.7036
3518,7,62,8.86,4.4,0,corps,37.75453096864542,2.0948
3519,22,228,10.36,11.1,0,corps,37.73765792177433,2.4965
3520,3,27,9.00,2.7,0,corps,37.7207933093179,1.3991
3521,23,259,11.26,11.6,0,corps,37.70393712705998,1.6739
3522,10,119,11.90,5.8,0,corps,37.687089370786516,1.7991
3523,22,360,16.36,11.1,0,corps,37.670250036285566,1.4885
3524,7,84,12.00,4.4,0,corps,37.6534191193473,1.3603
3525,14,154,11.00,7.6,0,corps,37.63659661576399,1.6296
3526,16,174,10.88,8.4,0,corps,37.619782521330016,1.7546
3527,7,105,15.00,4.4,0,corps,37.602976831841836,1.1558
3528,10,139,13.90,5.8,0,corps,37.58617954309804,1.1742
3529,12,150,12.50,6.7,0,corps,37.569390650899315,1.8616
3530,10,148,14.80,5.8,0,corps,37.55261015104843,1.2336
3531,6,75,12.50,4.0,0,corps,37.53583803935023,1.9571
3532,13,122,9.38,7.1,0,corps,37.51907431161174,1.7559
3533,5,83,16.60,3.6,0,corps,37.502318963642,1.1891
3534,3,40,13.33,2.7,0,corps,37.48557199125217,1.4080
3535,9,115,12.78,5.3,0,corps,37.46883339025551,1.6199
3536,10,83,8.30,5.8,0,corps,37.45210315646738,2.5544
3537,18,198,11.00,9.3,0,corps,37.43538128570521,1.8238
3538,20,212,10.60,10.2,0,corps,37.418667773788535,1.6996
3539,29,278,9.59,14.2,0,corps,37.401962616538974,2.5837
3540,14,146,10.43,7.6,0,corps,37.38526580978024,1.8932
3541,36,440,12.22,17.3,0,corps,37.36857734933814,1.7022
3542,18,173,9.61,9.3,0,corps,37.35189723104055,2.2005
3543,12,117,9.75,6.7,0,corps,37.33522545071744,6.2962
3544,30,339,11.30,14.7,0,corps,37.318562004200864,1.7208
3545,20,233,11.65,10.2,0,corps,37.30190688732497,1.4483
3546,10,97,9.70,5.8,0,corps,37.28526009592596,1.7065
3547,8,133,16.62,4.9,0,corps,37.26862162584215,1.7002
3548,7,99,14.14,4.4,0,corps,37.25199147291393,1.6277
3549,3,37,12.33,2.7,0,corps,37.23536963298375,1.6490
3550,10,108,10.80,5.8,0,corps,37.21875610189614,1.8263
3551,2,18,9.00,2.2,0,corps,37.20215087549772,1.4173
3552,4,33,8.25,3.1,0,corps,37.18555394963721,2.4082
3553,11,135,12.27,6.2,0,corps,37.16896532016536,1.6459
3554,2,32,16.00,2.2,0,corps,37.15238498293502,1.3037
3555,16,182,11.38,8.4,0,corps,37.13581293380108,1.7969
3556,11,108,9.82,6.2,0,corps,37.11924916862055,2.2884
3557,15,148,9.87,8.0,0,corps,37.10269368325248,1.8333
3558,16,180,11.25,8.4,0,corps,37.086146473558024,1.5807
3559,13,127,9.77,7.1,0,corps,37.06960753540034,2.0348
3560,10,85,8.50,5.8,0,corps,37.053076864644716,1.7168
3561,3,49,16.33,2.7,0,corps,37.03655445715849,1.3345
3562,7,91,13.00,4.4,0,corps,37.02004030881103,1.9138
3563,17,157,9.24,8.9,0,corps,37.00353441547383,1.9508
3564,11,128,11.64,6.2,0,corps,36.987036773020414,1.7150
3565,28,374,13.36,13.8,0,corps,36.970547377326355,1.3645
3566,19,227,11.95,9.8,0,corps,36.95406622426932,3.6952
3567,18,232,12.89,9.3,0,corps,36.937593309729,1.6718
3568,10,117,11.70,5.8,0,corps,36.92112862958719,1.6348
3569,20,231,11.55,10.2,0,corps,36.9046721797277,1.6017
3570,10,114,11.40,5.8,0,corps,36.888223956036434,1.6611
3571,9,110,12.22,5.3,0,corps,36.871783954401316,1.8221
3572,16,221,13.81,8.4,0,corps,36.85535217071237,1.4354
3573,15,237,15.80,8.0,0,corps,36.838928600861635,3.3796
3574,9,101,11.22,5.3,0,corps,36.82251324074322,1.7675
3575,12,106,8.83,6.7,0,corps,36.80610608625328,2.1232
3576,5,62,12.40,3.6,0,corps,36.789707133290044,1.8306
3577,8,105,13.12,4.9,0,corps,36.77331637775376,1.4061
3578,2,25,12.50,2.2,0,corps,36.75693381554674,1.7493
3579,13,143,11.00,7.1,0,corps,36.740559442573336,1.5691
3580,10,103,10.30,5.8,0,corps,36.72419325473997,2.0837
3581,9,118,13.11,5.3,0,corps,36.707835247955096,1.6895
3582,9,79,8.78,5.3,0,corps,36.6914854181292,1.9370
3583,14,188,13.43,7.6,0,corps,36.675143761174816,1.5612
3584,5,39,7.80,3.6,0,corps,36.65881027300655,3.2610
3585,5,29,5.80,3.6,0,corps,36.64248494954103,2.9991
3586,11,158,14.36,6.2,0,corps,36.62616778669691,1.7891
3587,5,45,9.00,3.6,0,corps,36.6098587803949,2.5009
3588,3,56,18.67,2.7,0,corps,36.59355792655777,1.7412
3589,10,110,11.00,5.8,0,corps,36.57726522111028,2.3090
3590,17,177,10.41,8.9,0,corps,36.56098065997928,2.1839
3591,11,88,8.00,6.2,0,corps,36.5447042390936,2.2282
3592,18,290,16.11,9.3,0,corps,36.52843595438415,1.5034
3593,24,318,13.25,12.0,0,corps,36.51217580178386,1.8638
3594,22,249,11.32,11.1,0,corps,36.495923777227695,1.6888
3595,4,28,7.00,3.1,0,corps,36.47967987665264,3.3797
3596,15,177,11.80,8.0,0,corps,36.46344409599772,1.9667
3597,17,208,12.24,8.9,0,corps,36.447216431204,1.6574
3598,8,93,11.62,4.9,0,corps,36.43099687821455,1.8666
3599,21,302,14.38,10.7,0,corps,36.41478543297449,1.7462
3600,19,226,11.89,9.8,0,corps,36.39858209143096,1.6196
3601,4,60,15.00,3.1,0,corps,36.38238684953312,1.5861
3602,18,187,10.39,9.3,0,corps,36.36619970323217,1.8621
3603,9,126,14.00,5.3,0,corps,36.35002064848129,1.2750
3604,8,76,9.50,4.9,0,corps,36.333849681235755,1.7569
3605,10,100,10.00,5.8,0,corps,36.317686797452815,1.4938
3606,7,73,10.43,4.4,0,corps,36.30153199309174,1.2945
3607,18,173,9.61,9.3,0,corps,36.28538526411382,2.2295
3608,11,122,11.09,6.2,0,corps,36.2692466064824,1.8444
3609,22,213,9.68,11.1,0,corps,36.25311601616279,2.1356
3610,12,130,10.83,6.7,0,corps,36.23699348912236,1.7129
3611,18,188,10.44,9.3,0,corps,36.22087902133046,1.8302
3612,4,40,10.00,3.1,0,corps,36.20477260875849,1.8115
3613,5,48,9.60,3.6,0,corps,36.188674247379836,1.8591
3614,18,243,13.50,9.3,0,corps,36.17258393316992,1.5067
3615,9,78,8.67,5.3,0,corps,36.156501662106145,2.2904
3616,2,27,13.50,2.2,0,corps,36.140427430167954,2.0683
3617,13,145,11.15,7.1,0,corps,36.124361233336785,4.3629
3618,10,127,12.70,5.8,0,corps,36.108303067596104,1.7316
3619,11,102,9.27,6.2,0,corps,36.092252928931345,1.8187
3620,20,216,10.80,10.2,0,corps,36.07621081332999,1.8918
3621,7,99,14.14,4.4,0,corps,36.06017671678151,1.1172
3622,4,31,7.75,3.1,0,corps,36.044150635277376,2.2662
3623,3,56,18.67,2.7,0,corps,36.02813256481105,1.8178
3624,2,21,10.50,2.2,0,corps,36.01212250137805,1.2716
3625,2,25,12.50,2.2,0,corps,35.996120440975844,0.7767
3626,30,355,11.83,14.7,0,corps,35.98012637960391,1.6938
3627,17,180,10.59,8.9,0,corps,35.96414031326374,1.9433
3628,2,24,12.00,2.2,0,corps,35.948162237958805,1.1970
3629,7,59,8.43,4.4,0,corps,35.9321921496946,1.7652
3630,10,164,16.40,5.8,0,corps,35.9162300444786,1.4340
3631,9,99,11.00,5.3,0,corps,35.90027591832028,1.8419
3632,28,262,9.36,13.8,0,corps,35.8843297672311,1.9183
3633,20,228,11.40,10.2,0,corps,35.86839158722454,1.6822
3634,6,47,7.83,4.0,0,corps,35.85246137431603,2.1709
3635,9,99,11.00,5.3,0,corps,35.836539124523036,1.8158
3636,5,55,11.00,3.6,0,corps,35.820624833864976,1.7184
3637,7,74,10.57,4.4,0,corps,35.80471849836331,1.5115
3638,8,82,10.25,4.9,0,corps,35.78882011404143,1.8384
3639,18,210,11.67,9.3,0,corps,35.77292967692474,1.7156
3640,8,93,11.62,4.9,0,corps,35.757047183040626,1.6851
3641,14,141,10.07,7.6,0,corps,35.74117262841848,4.0368
3642,14,156,11.14,7.6,0,corps,35.725306009089664,2.6513
3643,3,43,14.33,2.7,0,corps,35.70944732108751,2.0449
3644,19,204,10.74,9.8,0,corps,35.69359656044735,3.3911
3645,16,176,11.00,8.4,0,corps,35.67775372320649,1.6578
3646,5,63,12.60,3.6,0,corps,35.661918805404234,1.3635
3647,3,36,12.00,2.7,0,corps,35.646091803081845,1.1911
3648,6,51,8.50,4.0,0,corps,35.63027271228256,1.3730
3649,7,78,11.14,4.4,0,corps,35.61446152905163,2.3398
3650,15,194,12.93,8.0,0,corps,35.59865824943624,1.5957
3651,3,50,16.67,2.7,0,corps,35.58286286948559,1.2730
3652,12,119,9.92,6.7,0,corps,35.56707538525081,3.8881
3653,31,321,10.35,15.1,0,corps,35.551295792785034,2.2234
3654,22,251,11.41,11.1,0,corps,35.53552408814338,4.3066
3655,9,105,11.67,5.3,0,corps,35.519760267382914,1.3840
3656,21,286,13.62,10.7,0,corps,35.50400432656267,1.4619
3657,17,190,11.18,8.9,0,corps,35.488256261743686,1.5233
3658,9,152,16.89,5.3,0,corps,35.472516068988924,1.5214
3659,15,137,9.13,8.0,0,corps,35.45678374436335,1.8037
3660,9,97,10.78,5.3,0,corps,35.44105928393385,1.5498
3661,8,90,11.25,4.9,0,corps,35.425342683769365,1.8730
3662,3,23,7.67,2.7,0,corps,35.4096339399407,2.7503
3663,30,321,10.70,14.7,0,corps,35.39393304852069,1.8799
3664,8,94,11.75,4.9,0,corps,35.3782400055841,1.6034
3665,15,141,9.40,8.0,0,corps,35.36255480720767,2.1570
3666,18,191,10.61,9.3,0,corps,35.346877449470114,1.8450
3667,11,117,10.64,6.2,0,corps,35.33120792845209,1.8728
3668,23,281,12.22,11.6,0,corps,35.315546240236195,2.0000
3669,7,80,11.43,4.4,0,corps,35.29989238090703,1.8799
3670,24,234,9.75,12.0,0,corps,35.28424634655113,2.2365
3671,8,62,7.75,4.9,0,corps,35.268608133256976,2.6462
3672,6,57,9.50,4.0,0,corps,35.25297773711501,1.7883
3673,9,121,13.44,5.3,0,corps,35.23735515421765,1.5791
3674,3,30,10.00,2.7,0,corps,35.22174038065924,1.8490
3675,10,110,11.00,5.8,0,corps,35.20613341253609,1.7873
3676,3,27,9.00,2.7,0,corps,35.190534245946445,1.8102
3677,2,20,10.00,2.2,0,corps,35.174942876990535,2.1782
3678,9,108,12.00,5.3,0,corps,35.15935930177051,1.5205
3679,3,35,11.67,2.7,0,corps,35.14378351639046,1.5769
3680,17,213,12.53,8.9,0,corps,35.12821551695645,2.1239
3681,6,63,10.50,4.0,0,corps,35.11265529957649,1.5028
3682,10,83,8.30,5.8,0,corps,35.09710286036052,1.8151
3683,2,25,12.50,2.2,0,corps,35.08155819542042,1.3532
3684,17,187,11.00,8.9,0,corps,35.06602130087003,1.3346
3685,3,38,12.67,2.7,0,corps,35.05049217282513,1.3816
3686,5,77,15.40,3.6,0,corps,35.03497080740344,1.1283
3687,10,98,9.80,5.8,0,corps,35.01945720072461,1.3855
3688,15,173,11.53,8.0,0,corps,35.003951348910235,1.2824
3689,14,159,11.36,7.6,0,corps,34.988453248083864,1.7367
3690,8,112,14.00,4.9,0,corps,34.972962894370966,0.9636
3691,11,100,9.09,6.2,0,corps,34.95748028389896,1.9357
3692,5,55,11.00,3.6,0,corps,34.942005412797165,1.2957
3693,6,61,10.17,4.0,0,corps,34.9265382771969,1.4626
3694,7,66,9.43,4.4,0,corps,34.911078873231375,1.6611
3695,7,99,14.14,4.4,0,corps,34.89562719703571,1.0131
3696,10,92,9.20,5.8,0,corps,34.880183244747016,1.1545
3697,19,226,11.89,9.8,0,corps,34.86474701250429,1.1937
3698,9,153,17.00,5.3,0,corps,34.849318496448475,0.9376
3699,3,26,8.67,2.7,0,corps,34.83389769272245,2.1007
3700,13,118,9.08,7.1,0,corps,34.81848459747101,1.5160
3701,17,131,7.71,8.9,0,corps,34.80307920684088,2.3300
3702,7,59,8.43,4.4,0,corps,34.787681516980705,1.6083
3703,21,222,10.57,10.7,0,corps,34.77229152404108,1.5304
3704,2,20,10.00,2.2,0,corps,34.756909224174485,1.5649
3705,8,115,14.38,4.9,0,corps,34.741534613535364,1.2968
3706,11,117,10.64,6.2,0,corps,34.72616768828006,1.7597
3707,4,46,11.50,3.1,0,corps,34.71080844456683,1.4488
3708,19,235,12.37,9.8,0,corps,34.695456878555866,2.7151
3709,4,84,21.00,3.1,0,corps,34.6801129864093,1.2267
3710,11,142,12.91,6.2,0,corps,34.664776764291126,1.7090
3711,11,139,12.64,6.2,0,corps,34.64944820836731,2.0446
3712,13,162,12.46,7.1,0,corps,34.634127314805696,1.8237
3713,8,81,10.12,4.9,0,corps,34.61881407977607,1.6479
3714,8,84,10.50,4.9,0,corps,34.603508499450136,1.2577
3715,13,179,13.77,7.1,0,corps,34.58821057000148,1.3779
3716,11,110,10.00,6.2,0,corps,34.572920287605626,1.7747
3717,10,82,8.20,5.8,0,corps,34.55763764844001,1.6833
3718,15,158,10.53,8.0,0,corps,34.54236264868395,1.9056
3719,13,129,9.92,7.1,0,corps,34.52709528451872,1.6607
3720,25,345,13.80,12.4,0,corps,34.511835552127465,2.0340
3721,9,99,11.00,5.3,0,corps,34.49658344769526,1.6570
3722,3,19,6.33,2.7,0,corps,34.48133896740909,2.1657
3723,15,152,10.13,8.0,0,corps,34.46610210745781,1.6921
3724,5,55,11.00,3.6,0,corps,34.4508728640322,1.9119
3725,2,51,25.50,2.2,0,corps,34.43565123332498,1.2443
3726,5,57,11.40,3.6,0,corps,34.42043721153073,1.5641
3727,6,79,13.17,4.0,0,corps,34.405230794845934,1.6698
3728,11,117,10.64,6.2,0,corps,34.39003197946899,1.9832
3729,14,148,10.57,7.6,0,corps,34.37484076160021,1.8312
3730,22,259,11.77,11.1,0,corps,34.35965713744178,1.5783
3731,22,210,9.55,11.1,0,corps,34.344481103197786,4.0294
3732,13,145,11.15,7.1,0,corps,34.329312655074226,1.5685
3733,8,50,6.25,4.9,0,corps,34.31415178927899,3.6815
3734,4,49,12.25,3.1,0,corps,34.29899850202186,1.4646
3735,16,170,10.62,8.4,0,corps,34.28385278951451,1.4777
3736,6,48,8.00,4.0,0,corps,34.26871464797052,1.9870
3737,6,63,10.50,4.0,0,corps,34.25358407360534,1.9897
3738,3,43,14.33,2.7,0,corps,34.23846106263635,1.6132
3739,13,130,10.00,7.1,0,corps,34.223345611282774,1.5606
3740,34,351,10.32,16.4,0,corps,34.208237715765755,3.9447
3741,2,37,18.50,2.2,0,corps,34.19313737230832,0.9699
3742,29,365,12.59,14.2,0,corps,34.178044577135395,1.6081
3743,17,166,9.76,8.9,0,corps,34.162959326473775,1.8071
3744,33,302,9.15,16.0,0,corps,34.147881616552134,3.0748
3745,33,368,11.15,16.0,0,corps,34.132811443601064,2.9756
3746,2,40,20.00,2.2,0,corps,34.117748803853004,1.3431
3747,7,94,13.43,4.4,0,corps,34.10269369354231,1.8858
3748,9,118,13.11,5.3,0,corps,34.087646108905176,1.4680
3749,11,118,10.73,6.2,0,corps,34.07260604617974,1.5932
3750,4,42,10.50,3.1,0,corps,34.05757350160597,3.0887
3751,8,104,13.00,4.9,0,corps,34.04254847142575,1.7967
3752,11,141,12.82,6.2,0,corps,34.02753095188278,1.8725
3753,9,118,13.11,5.3,0,corps,34.0125209392227,2.0608
3754,8,122,15.25,4.9,0,corps,33.99751842969304,1.4213
3755,30,304,10.13,14.7,0,corps,33.98252341954313,1.7696
3756,5,67,13.40,3.6,0,corps,33.96753590502422,1.9501
3757,24,241,10.04,12.0,0,corps,33.952555882389454,1.8205
3758,20,209,10.45,10.2,0,corps,33.937583347893806,2.3329
3759,7,90,12.86,4.4,0,corps,33.92261829779416,1.6533
3760,12,153,12.75,6.7,0,corps,33.90766072834924,1.6554
3761,3,27,9.00,2.7,0,corps,33.892710635819654,1.2143
3762,14,148,10.57,7.6,0,corps,33.87776801646788,1.7915
3763,26,280,10.77,12.9,0,corps,33.862832866558286,1.8010
3764,7,96,13.71,4.4,0,corps,33.847905182357046,1.4596
3765,37,315,8.51,17.8,0,corps,33.83298496013226,2.0598
3766,22,261,11.86,11.1,0,corps,33.81807219615387,1.8926
3767,13,136,10.46,7.1,0,corps,33.80316688669369,1.8035
3768,19,214,11.26,9.8,0,corps,33.78826902802538,2.0760
3769,11,109,9.91,6.2,0,corps,33.77337861642447,1.9321
3770,24,242,10.08,12.0,0,corps,33.75849564816839,2.1192
3771,25,265,10.60,12.4,0,corps,33.743620119536374,2.0470
3772,13,110,8.46,7.1,0,corps,33.72875202680955,2.1431
3773,6,75,12.50,4.0,0,corps,33.713891366270865,1.5078
3774,9,110,12.22,5.3,0,corps,33.69903813420519,1.8487
3775,10,114,11.40,5.8,0,corps,33.6841923268992,1.6265
3776,9,82,9.11,5.3,0,corps,33.66935394064146,2.5935
3777,5,59,11.80,3.6,0,corps,33.654522971722336,1.4985
3778,3,30,10.00,2.7,0,corps,33.63969941643412,1.9626
3779,3,37,12.33,2.7,0,corps,33.62488327107092,1.7723
3780,7,83,11.86,4.4,0,corps,33.61007453192869,2.1635
3781,17,197,11.59,8.9,0,corps,33.59527319530524,3.3367
3782,23,211,9.17,11.6,0,corps,33.580479257500244,2.4040
3783,26,283,10.88,12.9,0,corps,33.56569271481521,1.9186
3784,18,167,9.28,9.3,0,corps,33.55091356355352,1.6562
3785,5,42,8.40,3.6,0,corps,33.53614180002037,1.5989
3786,9,96,10.67,5.3,0,corps,33.52137742052283,1.4223
3787,18,213,11.83,9.3,0,corps,33.506620421369796,1.5714
3788,27,274,10.15,13.3,0,corps,33.49187079887202,1.9238
3789,10,123,12.30,5.8,0,corps,33.47712854934209,1.4458
3790,5,68,13.60,3.6,0,corps,33.46239366909446,1.7032
3791,28,260,9.29,13.8,0,corps,33.4476661544454,2.5339
3792,6,53,8.83,4.0,0,corps,33.432946001713034,2.0784
3793,15,172,11.47,8.0,0,corps,33.41823320721731,3.7626
3794,15,167,11.13,8.0,0,corps,33.40352776728005,1.8650
3795,16,135,8.44,8.4,0,corps,33.38882967822489,2.0850
3796,24,250,10.42,12.0,0,corps,33.37413893637729,1.8288
3797,16,158,9.88,8.4,0,corps,33.35945553806458,1.8011
3798,23,241,10.48,11.6,0,corps,33.344779479615916,1.9193
3799,2,11,5.50,2.2,0,corps,33.33011075736227,2.7511
3800,14,133,9.50,7.6,0,corps,33.31544936763647,1.7757
3801,7,85,12.14,4.4,0,corps,33.30079530677315,1.8233
3802,19,182,9.58,9.8,0,corps,33.28614857110883,1.8049
3803,11,114,10.36,6.2,0,corps,33.27150915698179,1.6089
3804,19,217,11.42,9.8,0,corps,33.2568770607322,1.8668
3805,7,89,12.71,4.4,0,corps,33.242252278702026,1.6988
3806,32,313,9.78,15.6,0,corps,33.22763480723507,1.9654
3807,8,95,11.88,4.9,0,corps,33.21302464267697,1.5441
3808,14,121,8.64,7.6,0,corps,33.19842178137519,1.9649
3809,17,175,10.29,8.9,0,corps,33.183826219679,1.6128
3810,2,20,10.00,2.2,0,corps,33.169237953939515,1.4285
3811,11,128,11.64,6.2,0,corps,33.15465698050967,1.4034
3812,13,182,14.00,7.1,0,corps,33.14008329574423,1.3537
3813,10,109,10.90,5.8,0,corps,33.12551689599976,1.5419
3814,10,136,13.60,5.8,0,corps,33.11095777763466,1.3377
3815,26,341,13.12,12.9,0,corps,33.096405937009166,2.2791
3816,15,186,12.40,8.0,0,corps,33.081861370485306,1.8480
3817,14,169,12.07,7.6,0,corps,33.067324074426935,1.8349
3818,28,330,11.79,13.8,0,corps,33.05279404519973,1.6607
3819,21,242,11.52,10.7,0,corps,33.0382712791712,1.6531
3820,4,78,19.50,3.1,0,corps,33.023755772710636,1.7787
3821,18,222,12.33,9.3,0,corps,33.00924752218917,1.8821
3822,19,163,8.58,9.8,0,corps,32.994746523979735,2.5687
3823,13,149,11.46,7.1,0,corps,32.98025277445708,1.8660
3824,23,270,11.74,11.6,0,corps,32.965766269997765,1.8364
3825,25,323,12.92,12.4,0,corps,32.951287006980166,1.8911
3826,43,557,12.95,20.4,0,corps,32.93681498178448,2.0512
3827,11,106,9.64,6.2,0,corps,32.922350190792685,2.3641
3828,28,327,11.68,13.8,0,corps,32.90789263038859,2.1286
3829,28,363,12.96,13.8,0,corps,32.8934422969578,2.0513
3830,12,102,8.50,6.7,0,corps,32.87899918688774,2.1934
3831,14,184,13.14,7.6,0,corps,32.864563296567624,1.6031
3832,12,130,10.83,6.7,0,corps,32.85013462238848,1.9311
3833,6,40,6.67,4.0,0,corps,32.83571316074314,3.2349
3834,34,389,11.44,16.4,0,corps,32.82129890802625,2.0530
3835,17,201,11.82,8.9,0,corps,32.80689186063423,1.7132
3836,4,44,11.00,3.1,0,corps,32.79249201496533,1.7700
3837,10,111,11.10,5.8,0,corps,32.77809936741957,2.1184
3838,8,92,11.50,4.9,0,corps,32.76371391439882,2.4980
3839,3,26,8.67,2.7,0,corps,32.74933565230669,2.0135
3840,20,243,12.15,10.2,0,corps,32.734964577548624,1.8262
3841,4,31,7.75,3.1,0,corps,32.720600686531846,2.1610
3842,2,17,8.50,2.2,0,corps,32.7062439756654,1.6309
3843,11,122,11.09,6.2,0,corps,32.6918944413601,2.1820
3844,16,150,9.38,8.4,0,corps,32.67755208002855,2.0442
3845,10,106,10.60,5.8,0,corps,32.66321688808517,1.8407
3846,22,267,12.14,11.1,0,corps,32.648888861946155,1.8887
3847,25,263,10.52,12.4,0,corps,32.63456799802952,2.0107
3848,10,106,10.60,5.8,0,corps,32.62025429275502,1.6234
3849,14,168,12.00,7.6,0,corps,32.60594774254425,1.9382
3850,16,189,11.81,8.4,0,corps,32.59164834382056,1.7075
3851,13,150,11.54,7.1,0,corps,32.577356093009115,1.7952
3852,23,263,11.43,11.6,0,corps,32.56307098653683,1.8419
3853,4,39,9.75,3.1,0,corps,32.54879302083245,1.6079
3854,8,111,13.88,4.9,0,corps,32.53452219232646,1.8151
3855,7,72,10.29,4.4,0,corps,32.52025849745119,1.9781
3856,8,82,10.25,4.9,0,corps,32.50600193264067,1.6977
3857,21,226,10.76,10.7,0,corps,32.49175249433079,1.7959
3858,2,22,11.00,2.2,0,corps,32.477510178959186,2.0254
3859,18,196,10.89,9.3,0,corps,32.46327498296527,1.6719
3860,10,174,17.40,5.8,0,corps,32.44904690279024,1.8556
3861,18,204,11.33,9.3,0,corps,32.4348259348771,1.5051
3862,9,83,9.22,5.3,0,corps,32.42061207567058,1.3628
3863,3,28,9.33,2.7,0,corps,32.406405321617235,1.2260
3864,20,225,11.25,10.2,0,corps,32.39220566916538,1.4301
3865,42,480,11.43,20.0,0,corps,32.37801311476506,1.6765
3866,10,105,10.50,5.8,0,corps,32.36382765486819,1.6114
3867,30,322,10.73,14.7,0,corps,32.34964928592837,1.4330
3868,8,89,11.12,4.9,0,corps,32.335478004401025,1.5714
3869,24,253,10.54,12.0,0,corps,32.321313806743326,1.4504
3870,26,259,9.96,12.9,0,corps,32.30715668941422,1.3837
3871,32,348,10.88,15.6,0,corps,32.293006648874446,1.2237
3872,5,49,9.80,3.6,0,corps,32.27886368158648,1.5061
3873,24,226,9.42,12.0,0,corps,32.264727784014575,1.6071
3874,13,106,8.15,7.1,0,corps,32.25059895262476,1.7523
3875,22,212,9.64,11.1,0,corps,32.23647718388484,1.4487
3876,12,125,10.42,6.7,0,corps,32.222362474264365,1.0742
3877,12,108,9.00,6.7,0,corps,32.20825482023465,1.2609
3878,14,161,11.50,7.6,0,corps,32.194154218268785,1.3958
3879,12,133,11.08,6.7,0,corps,32.18006066484162,1.4734
3880,15,134,8.93,8.0,0,corps,32.16597415642977,1.6458
3881,8,77,9.62,4.9,0,corps,32.15189468951161,1.6082
3882,18,180,10.00,9.3,0,corps,32.13782226056726,1.7338
3883,10,101,10.10,5.8,0,corps,32.12375686607863,1.4682
3884,13,109,8.38,7.1,0,corps,32.10969850252936,2.3364
3885,7,75,10.71,4.4,0,corps,32.095647166404866,2.1596
3886,15,169,11.27,8.0,0,corps,32.0816028541923,1.6509
3887,30,387,12.90,14.7,0,corps,32.0675655623806,1.8517
3888,9,130,14.44,5.3,0,corps,32.05353528746044,1.6165
3889,3,27,9.00,2.7,0,corps,32.039512025924246,1.6026
3890,8,65,8.12,4.9,0,corps,32.025495774266204,2.0882
3891,22,204,9.27,11.1,0,corps,32.011486528982246,1.7301
3892,10,149,14.90,5.8,0,corps,31.997484286570078,1.3837
3893,12,98,8.17,6.7,0,corps,31.983489043529122,1.9231
3894,22,247,11.23,11.1,0,corps,31.969500796360567,1.5333
3895,25,311,12.44,12.4,0,corps,31.955519541567362,1.5157
3896,9,63,7.00,5.3,0,corps,31.94154527565419,2.6511
3897,16,178,11.12,8.4,0,corps,31.927577995127482,2.0804
3898,9,79,8.78,5.3,0,corps,31.91361769649541,1.4993
3899,15,129,8.60,8.0,0,corps,31.89966437626791,2.1622
3900,18,224,12.44,9.3,0,corps,31.88571803095666,1.7912
3901,18,201,11.17,9.3,0,corps,31.871778657075055,1.4910
3902,10,133,13.30,5.8,0,corps,31.857846251138255,3.8055
3903,15,147,9.80,8.0,0,corps,31.843920809663175,1.7303
3904,15,136,9.07,8.0,0,corps,31.830002329168433,1.6749
3905,12,131,10.92,6.7,0,corps,31.81609080617442,1.6416
3906,3,15,5.00,2.7,0,corps,31.80218623720325,3.3650
3907,5,54,10.80,3.6,0,corps,31.788288618778793,1.5263
3908,25,262,10.48,12.4,0,corps,31.774397947426632,1.4827
3909,23,257,11.17,11.6,0,corps,31.760514219674103,1.5823
3910,18,248,13.78,9.3,0,corps,31.746637432050267,1.4193
3911,29,363,12.52,14.2,0,corps,31.732767581085934,1.5268
3912,19,208,10.95,9.8,0,corps,31.71890466331365,1.3870
3913,24,271,11.29,12.0,0,corps,31.705048675267676,1.5387
3914,24,275,11.46,12.0,0,corps,31.691199613484006,1.3552
3915,18,189,10.50,9.3,0,corps,31.67735747450039,1.6456
3916,14,172,12.29,7.6,0,corps,31.66352225485628,1.5300
3917,4,41,10.25,3.1,0,corps,31.64969395109289,2.3401
3918,8,95,11.88,4.9,0,corps,31.635872559753114,1.4326
3919,4,25,6.25,3.1,0,corps,31.62205807738163,2.1507
3920,6,69,11.50,4.0,0,corps,31.60825050052482,13.2948
3921,28,294,10.50,13.8,0,corps,31.59444982573077,1.7038
3922,14,135,9.64,7.6,0,corps,31.580656049549315,1.6544
3923,25,279,11.16,12.4,0,corps,31.566869168532026,1.6550
3924,20,211,10.55,10.2,0,corps,31.55308917923217,1.4858
3925,4,55,13.75,3.1,0,corps,31.53931607820475,1.4212
3926,7,67,9.57,4.4,0,corps,31.525549862006486,1.4825
3927,24,297,12.38,12.0,0,corps,31.511790527195842,1.5830
3928,6,63,10.50,4.0,0,corps,31.498038070332967,1.5579
3929,21,217,10.33,10.7,0,corps,31.484292487979758,1.9326
3930,12,114,9.50,6.7,0,corps,31.470553776699806,1.3769
3931,9,125,13.89,5.3,0,corps,31.45682193305845,1.3887
3932,12,129,10.75,6.7,0,corps,31.443096953622717,1.4515
3933,8,82,10.25,4.9,0,corps,31.429378834961362,1.4115
3934,4,60,15.00,3.1,0,corps,31.41566757364486,1.5199
3935,10,108,10.80,5.8,0,corps,31.4019631662454,1.3939
3936,38,388,10.21,18.2,0,corps,31.38826560933687,1.7221
3937,14,128,9.14,7.6,0,corps,31.37457489949489,2.0368
3938,2,19,9.50,2.2,0,corps,31.360891033296767,1.4889
3939,28,286,10.21,13.8,0,corps,31.34721400732155,1.9177
3940,6,65,10.83,4.0,0,corps,31.333543818149984,1.7210
3941,12,105,8.75,6.7,0,corps,31.31988046236451,1.6881
3942,25,305,12.20,12.4,0,corps,31.306223936549287,1.7028
3943,7,74,10.57,4.4,0,corps,31.2925742372902,1.6883
3944,28,302,10.79,13.8,0,corps,31.278931361174813,1.4722
3945,28,279,9.96,13.8,0,corps,31.2652953047924,1.4507
3946,19,220,11.58,9.8,0,corps,31.251666064733957,1.6414
3947,20,198,9.90,10.2,0,corps,31.238043637592178,1.6917
3948,22,221,10.05,11.1,0,corps,31.224428019961454,1.9543
3949,15,183,12.20,8.0,0,corps,31.210819208437872,1.5831
3950,8,75,9.38,4.9,0,corps,31.197217199619224,1.7116
3951,16,166,10.38,8.4,0,corps,31.183621990105024,1.7123
3952,8,113,14.12,4.9,0,corps,31.17003357649647,1.2255
3953,2,13,6.50,2.2,0,corps,31.15645195539645,1.4647
3954,5,49,9.80,3.6,0,corps,31.14287712340956,1.6282
3955,17,197,11.59,8.9,0,corps,31.129309077142086,1.7090
3956,2,22,11.00,2.2,0,corps,31.115747813202027,1.0404
3957,6,66,11.00,4.0,0,corps,31.102193328199064,1.3855
3958,16,137,8.56,8.4,0,corps,31.08864561874457,1.8355
3959,7,51,7.29,4.4,0,corps,31.07510468145162,2.2833
3960,6,74,12.33,4.0,0,corps,31.06157051293499,1.3961
3961,9,85,9.44,5.3,0,corps,31.048043109811125,1.8806
3962,17,173,10.18,8.9,0,corps,31.03452246869817,1.6184
3963,7,91,13.00,4.4,0,corps,31.021008586215988,1.8713
3964,5,48,9.60,3.6,0,corps,31.007501458986088,1.6347
3965,14,98,7.00,7.6,0,corps,30.99400108363169,2.3088
3966,13,127,9.77,7.1,0,corps,30.9805074567777,1.4657
3967,28,296,10.57,13.8,0,corps,30.967020575050718,1.6633
3968,9,111,12.33,5.3,0,corps,30.953540435079024,1.3353
3969,29,302,10.41,14.2,0,corps,30.94006703349258,1.8153
3970,35,353,10.09,16.9,0,corps,30.92660036692303,2.6813
3971,21,198,9.43,10.7,0,corps,30.913140432003715,1.8170
3972,23,198,8.61,11.6,0,corps,30.89968722536965,1.5900
3973,4,33,8.25,3.1,0,corps,30.886240743657524,2.6762
3974,4,46,11.50,3.1,0,corps,30.872800983505726,1.3360
3975,8,82,10.25,4.9,0,corps,30.859367941554318,2.0109
3976,7,80,11.43,4.4,0,corps,30.84594161444503,2.0223
3977,25,253,10.12,12.4,0,corps,30.832521998821292,2.1276
3978,4,35,8.75,3.1,0,corps,30.81910909132819,1.5143
3979,33,324,9.82,16.0,0,corps,30.805702888612498,2.0397
3980,33,382,11.58,16.0,0,corps,30.792303387322672,1.6794
3981,31,318,10.26,15.1,0,corps,30.778910584108832,1.9139
3982,2,41,20.50,2.2,0,corps,30.765524475622776,1.3491
3983,21,167,7.95,10.7,0,corps,30.752145058517975,2.6480
3984,18,186,10.33,9.3,0,corps,30.73877232944959,1.8414
3985,16,184,11.50,8.4,0,corps,30.72540628507442,4.8450
3986,3,56,18.67,2.7,0,corps,30.712046922050952,1.6044
3987,25,239,9.56,12.4,0,corps,30.69869423703936,3.0426
3988,21,186,8.86,10.7,0,corps,30.68534822670147,1.9186
3989,12,114,9.50,6.7,0,corps,30.672008887700773,1.8502
3990,26,311,11.96,12.9,0,corps,30.65867621670243,2.0283
3991,5,92,18.40,3.6,0,corps,30.64535021037329,1.4396
3992,13,113,8.69,7.1,0,corps,30.632030865381836,2.2638
3993,25,268,10.72,12.4,0,corps,30.61871817839824,1.8900
3994,18,226,12.56,9.3,0,corps,30.605412146094324,1.5827
3995,4,44,11.00,3.1,0,corps,30.592112765143586,2.3108
3996,19,185,9.74,9.8,0,corps,30.578820032221177,1.9912
3997,23,255,11.09,11.6,0,corps,30.56553394400392,2.0128
3998,22,283,12.86,11.1,0,corps,30.552254497170274,1.6938
3999,2,15,7.50,2.2,0,corps,30.5389816884004,3.5706
4000,32,356,11.12,15.6,0,corps,30.52571551437609,2.0166
4001,22,313,14.23,11.1,0,corps,30.51245597178078,1.6249
4002,6,73,12.17,4.0,0,corps,30.499203057299624,1.6293
4003,24,257,10.71,12.0,0,corps,30.48595676761935,1.6380
4004,13,138,10.62,7.1,0,corps,30.472717099428426,1.5079
4005,21,213,10.14,10.7,0,corps,30.459484049416897,1.9596
4006,21,218,10.38,10.7,0,corps,30.44625761427652,1.5001
4007,26,232,8.92,12.9,0,corps,30.433037790700695,2.0544
4008,20,228,11.40,10.2,0,corps,30.419824575384446,1.8010
4009,11,116,10.55,6.2,0,corps,30.40661796502448,1.5205
4010,14,150,10.71,7.6,0,corps,30.393417956319148,4.7046
4011,3,19,6.33,2.7,0,corps,30.38022454596843,1.8063
4012,9,99,11.00,5.3,0,corps,30.367037730674006,1.7594
4013,26,267,10.27,12.9,0,corps,30.353857507139136,3.8851
4014,12,136,11.33,6.7,0,corps,30.34068387206878,1.6509
4015,23,238,10.35,11.6,0,corps,30.327516822169542,1.8219
4016,12,120,10.00,6.7,0,corps,30.314356354149634,1.4524
4017,4,52,13.00,3.1,0,corps,30.30120246471895,1.5188
4018,9,67,7.44,5.3,0,corps,30.288055150589038,1.6838
4019,9,65,7.22,5.3,0,corps,30.27491440847303,1.4063
4020,18,228,12.67,9.3,0,corps,30.261780235085773,1.5143
4021,8,99,12.38,4.9,0,corps,30.248652627143706,1.6221
4022,3,39,13.00,2.7,0,corps,30.23553158136493,2.0365
4023,18,195,10.83,9.3,0,corps,30.222417094469193,1.5454
4024,8,85,10.62,4.9,0,corps,30.20930916317786,1.8558
4025,2,22,11.00,2.2,0,corps,30.196207784213957,1.6941
4026,16,178,11.12,8.4,0,corps,30.183112954302143,1.9422
4027,23,244,10.61,11.6,0,corps,30.170024670168694,2.1178
4028,7,81,11.57,4.4,0,corps,30.156942928541557,1.4883
4029,27,252,9.33,13.3,0,corps,30.14386772615028,2.1336
4030,10,107,10.70,5.8,0,corps,30.130799059726073,2.1847
4031,13,173,13.31,7.1,0,corps,30.117736926001776,1.5460
4032,9,78,8.67,5.3,0,corps,30.104681321711833,2.2062
4033,19,178,9.37,9.8,0,corps,30.091632243592358,2.1612
4034,14,162,11.57,7.6,0,corps,30.07858968838109,1.5308
4035,35,329,9.40,16.9,0,corps,30.06555365281737,2.3460
4036,20,191,9.55,10.2,0,corps,30.052524133642216,1.7875
4037,21,261,12.43,10.7,0,corps,30.039501127598218,1.9122
4038,2,25,12.50,2.2,0,corps,30.02648463142963,2.0504
4039,25,232,9.28,12.4,0,corps,30.013474641882354,1.9914
4040,37,418,11.30,17.8,0,corps,30.000471155703856,1.7733
4041,18,201,11.17,9.3,0,corps,29.987474169643285,1.5484
4042,16,158,9.88,8.4,0,corps,29.974483680451403,2.0684
4043,24,238,9.92,12.0,0,corps,29.961499684880565,1.4528
4044,30,346,11.53,14.7,0,corps,29.948522179684794,1.6655
4045,31,269,8.68,15.1,0,corps,29.935551161619696,1.9998
4046,4,66,16.50,3.1,0,corps,29.92258662744252,1.1630
4047,4,36,9.00,3.1,0,corps,29.90962857391215,2.0392
4048,26,251,9.65,12.9,0,corps,29.89667699778904,1.7217
4049,32,306,9.56,15.6,0,corps,29.883731895835318,2.1608
4050,32,346,10.81,15.6,0,corps,29.870793264814722,1.4367
4051,13,151,11.62,7.1,0,corps,29.857861101492556,1.8076
4052,18,174,9.67,9.3,0,corps,29.84493540263582,1.7470
4053,33,405,12.27,16.0,0,corps,29.83201616501305,1.3854
4054,17,223,13.12,8.9,0,corps,29.819103385394463,1.5745
4055,14,149,10.64,7.6,0,corps,29.80619706055187,1.2339
4056,2,28,14.00,2.2,0,corps,29.79329718725866,1.6735
4057,9,92,10.22,5.3,0,corps,29.780403762289875,1.8084
4058,8,56,7.00,4.9,0,corps,29.767516782422188,1.6803
4059,24,239,9.96,12.0,0,corps,29.75463624443381,1.6599
4060,12,96,8.00,6.7,0,corps,29.74176214510465,1.4546
4061,7,75,10.71,4.4,0,corps,29.728894481216134,1.7806
4062,16,184,11.50,8.4,0,corps,29.716033249551383,1.9709
4063,12,98,8.17,6.7,0,corps,29.70317844689509,2.2059
4064,21,192,9.14,10.7,0,corps,29.69033007003353,1.8431
4065,8,94,11.75,4.9,0,corps,29.67748811575462,1.6955
4066,18,175,9.72,9.3,0,corps,29.66465258084788,1.9013
4067,9,60,6.67,5.3,0,corps,29.65182346210441,2.0988
4068,24,248,10.33,12.0,0,corps,29.639000756316953,1.8489
4069,4,40,10.00,3.1,0,corps,29.626184460279802,2.0649
4070,9,59,6.56,5.3,0,corps,29.613374570788903,2.4114
4071,2,21,10.50,2.2,0,corps,29.600571084641793,1.9899
4072,19,198,10.42,9.8,0,corps,29.587773998637573,1.8279
4073,17,147,8.65,8.9,0,corps,29.57498330957699,2.1612
4074,20,203,10.15,10.2,0,corps,29.56219901426238,1.9266
4075,8,104,13.00,4.9,0,corps,29.549421109497644,1.4454
4076,29,316,10.90,14.2,0,corps,29.536649592088327,2.1273
4077,4,48,12.00,3.1,0,corps,29.523884458841525,1.7997
4078,8,82,10.25,4.9,0,corps,29.511125706565977,1.7450
4079,28,381,13.61,13.8,0,corps,29.498373332072003,2.0000
4080,6,59,9.83,4.0,0,corps,29.485627332171475,1.6050
4081,6,50,8.33,4.0,0,corps,29.47288770367792,1.9146
4082,14,115,8.21,7.6,0,corps,29.460154443406434,2.0585
4083,19,225,11.84,9.8,0,corps,29.44742754817367,1.9194
4084,17,230,13.53,8.9,0,corps,29.43470701479795,1.5582
4085,8,104,13.00,4.9,0,corps,29.421992840099097,1.5738
4086,6,65,10.83,4.0,0,corps,29.409285020898597,2.3522
4087,18,200,11.11,9.3,0,corps,29.396583554019486,3.7238
4088,5,51,10.20,3.6,0,corps,29.383888436286387,2.2350
4089,6,78,13.00,4.0,0,corps,29.371199664525527,1.6087
4090,20,234,11.70,10.2,0,corps,29.35851723556473,2.0881
4091,17,197,11.59,8.9,0,corps,29.345841146233358,1.8415
4092,15,185,12.33,8.0,0,corps,29.333171393362417,2.2119
4093,25,246,9.84,12.4,0,corps,29.320507973784455,1.7532
4094,19,223,11.74,9.8,0,corps,29.307850884333607,1.6270
4095,35,355,10.14,16.9,0,corps,29.295200121845628,2.0461
4096,21,237,11.29,10.7,0,corps,29.282555683157803,1.4508
4097,25,265,10.60,12.4,0,corps,29.269917565109022,2.0751
4098,20,247,12.35,10.2,0,corps,29.25728576453978,1.7571
4099,4,48,12.00,3.1,0,corps,29.244660278292102,1.5487
4100,26,338,13.00,12.9,0,corps,29.232041103209628,1.5142
4101,6,74,12.33,4.0,0,corps,29.219428236137556,1.6356
4102,36,433,12.03,17.3,0,corps,29.206821673922672,1.7271
4103,24,228,9.50,12.0,0,corps,29.194221413413352,1.6578
4104,4,45,11.25,3.1,0,corps,29.1816274514595,1.7002
4105,6,74,12.33,4.0,0,corps,29.16903978491265,1.1767
4106,6,58,9.67,4.0,0,corps,29.156458410625884,2.0554
4107,14,114,8.14,7.6,0,corps,29.14388332545384,2.0092
4108,15,168,11.20,8.0,0,corps,29.131314526252773,1.7774
4109,7,118,16.86,4.4,0,corps,29.11875200988045,0.9964
4110,14,127,9.07,7.6,0,corps,29.106195773196262,1.5250
4111,23,230,10.00,11.6,0,corps,29.093645813061165,1.5448
4112,28,274,9.79,13.8,0,corps,29.081102126337637,1.6971
4113,23,306,13.30,11.6,0,corps,29.068564709889777,1.2312
4114,6,58,9.67,4.0,0,corps,29.056033560583234,1.7581
4115,12,145,12.08,6.7,0,corps,29.04350867528519,1.4352
4116,12,115,9.58,6.7,0,corps,29.030990050864467,1.4192
4117,8,90,11.25,4.9,0,corps,29.018477684191375,1.4377
4118,55,605,11.00,25.8,0,corps,29.005971572137828,1.5714
4119,7,84,12.00,4.4,0,corps,28.993471711577328,1.8500
4120,17,170,10.00,8.9,0,corps,28.980978099384863,2.1541
4121,16,153,9.56,8.4,0,corps,28.96849073243705,2.4485
4122,4,38,9.50,3.1,0,corps,28.956009607612078,2.9788
4123,13,131,10.08,7.1,0,corps,28.943534721789614,2.1309
4124,13,98,7.54,7.1,0,corps,28.93106607185097,3.1974
4125,27,300,11.11,13.3,0,corps,28.918603654678975,2.1644
4126,21,203,9.67,10.7,0,corps,28.90614746715801,2.3275
4127,39,402,10.31,18.7,0,corps,28.893697506174064,2.1013
4128,15,172,11.47,8.0,0,corps,28.881253768614602,1.7190
4129,32,370,11.56,15.6,0,corps,28.868816251368735,2.2147
4130,14,166,11.86,7.6,0,corps,28.856384951327037,1.9364
4131,27,336,12.44,13.3,0,corps,28.843959865381713,3.7090
4132,33,313,9.48,16.0,0,corps,28.831540990426497,2.8993
4133,2,26,13.00,2.2,0,corps,28.81912832335664,2.0028
4134,4,34,8.50,3.1,0,corps,28.806721861068997,3.7671
4135,14,192,13.71,7.6,0,corps,28.79432160046196,1.9755
4136,4,45,11.25,3.1,0,corps,28.781927538435443,2.2901
4137,9,86,9.56,5.3,0,corps,28.769539671890946,2.1418
4138,33,357,10.82,16.0,0,corps,28.757157997731486,2.0509
4139,26,277,10.65,12.9,0,corps,28.74478251286166,2.1815
4140,20,219,10.95,10.2,0,corps,28.732413214187595,2.2368
4141,12,123,10.25,6.7,0,corps,28.720050098616955,1.6128
4142,11,99,9.00,6.2,0,corps,28.707693163058966,1.9939
4143,7,87,12.43,4.4,0,corps,28.695342404424412,1.5476
4144,2,28,14.00,2.2,0,corps,28.682997819625577,1.1072
4145,5,78,15.60,3.6,0,corps,28.67065940557633,1.1943
4146,11,119,10.82,6.2,0,corps,28.65832715919206,5.0630
4147,14,130,9.29,7.6,0,corps,28.646001077389705,1.9936
4148,6,78,13.00,4.0,0,corps,28.633681157087754,1.6311
4149,11,126,11.45,6.2,0,corps,28.62136739520621,1.2776
4150,36,417,11.58,17.3,0,corps,28.609059788666652,1.9105
4151,11,118,10.73,6.2,0,corps,28.596758334392174,1.6540
4152,20,211,10.55,10.2,0,corps,28.584463029307393,1.7105
4153,5,49,9.80,3.6,0,corps,28.572173870338517,2.3075
4154,18,195,10.83,9.3,0,corps,28.559890854413222,1.5940
4155,2,28,14.00,2.2,0,corps,28.547613978460763,1.0928
4156,33,411,12.45,16.0,0,corps,28.535343239411944,1.7909
4157,13,159,12.23,7.1,0,corps,28.523078634199052,1.5128
4158,25,316,12.64,12.4,0,corps,28.51082015975594,1.7438
4159,27,320,11.85,13.3,0,corps,28.49856781301801,1.9608
4160,19,192,10.11,9.8,0,corps,28.486321590922152,1.9124
4161,26,274,10.54,12.9,0,corps,28.474081490406828,1.9182
4162,15,180,12.00,8.0,0,corps,28.461847508411996,2.3958
4163,21,221,10.52,10.7,0,corps,28.449619641879163,1.7961
4164,2,30,15.00,2.2,0,corps,28.43739788775138,1.6318
4165,16,154,9.62,8.4,0,corps,28.42518224297319,2.1443
4166,4,36,9.00,3.1,0,corps,28.412972704490684,1.8909
4167,9,89,9.89,5.3,0,corps,28.400769269251498,1.4708
4168,7,89,12.71,4.4,0,corps,28.388571934204737,1.4181
4169,12,121,10.08,6.7,0,corps,28.376380696301105,1.7405
4170,35,373,10.66,16.9,0,corps,28.36419555249276,2.7156
4171,13,145,11.15,7.1,0,corps,28.35201649973343,2.1757
4172,19,216,11.37,9.8,0,corps,28.33984353497836,1.5427
4173,6,51,8.50,4.0,0,corps,28.32767665518429,1.8508
4174,34,339,9.97,16.4,0,corps,28.315515857309514,1.6518
4175,23,213,9.26,11.6,0,corps,28.303361138313836,3.4854
4176,16,159,9.94,8.4,0,corps,28.291212495158565,1.6580
4177,3,23,7.67,2.7,0,corps,28.27906992480655,1.9829
4178,15,167,11.13,8.0,0,corps,28.26693342422213,1.7370
4179,32,329,10.28,15.6,0,corps,28.254802990371196,1.8118
4180,8,102,12.75,4.9,0,corps,28.242678620221145,1.9252
4181,4,48,12.00,3.1,0,corps,28.230560310740866,2.2450
4182,13,167,12.85,7.1,0,corps,28.21844805890079,1.4879
4183,17,210,12.35,8.9,0,corps,28.20634186167287,1.6957
4184,20,196,9.80,10.2,0,corps,28.194241716030522,1.9611
4185,13,102,7.85,7.1,0,corps,28.182147618948743,2.2352
4186,12,122,10.17,6.7,0,corps,28.17005956740399,1.8347
4187,17,181,10.65,8.9,0,corps,28.15797755837425,2.1682
4188,6,67,11.17,4.0,0,corps,28.145901588839035,1.8939
4189,15,198,13.20,8.0,0,corps,28.133831655779336,1.3266
4190,16,152,9.50,8.4,0,corps,28.121767756177668,2.2242
4191,15,159,10.60,8.0,0,corps,28.10970988701808,1.8259
4192,7,83,11.86,4.4,0,corps,28.097658045286085,1.8685
4193,14,213,15.21,7.6,0,corps,28.08561222796873,1.4979
4194,4,83,20.75,3.1,0,corps,28.07357243205455,1.1482
4195,2,23,11.50,2.2,0,corps,28.061538654533603,1.6285
4196,16,188,11.75,8.4,0,corps,28.049510892397457,1.7676
4197,21,285,13.57,10.7,0,corps,28.037489142639142,1.6909
4198,24,232,9.67,12.0,0,corps,28.025473402253244,2.1881
4199,22,190,8.64,11.1,0,corps,28.013463668235833,2.1085
4200,23,237,10.30,11.6,0,corps,28.00145993758445,1.8968
4201,10,88,8.80,5.8,0,corps,27.98946220729819,2.3027
4202,15,168,11.20,8.0,0,corps,27.977470474377597,1.9916
4203,26,263,10.12,12.9,0,corps,27.96548473582474,2.0767
4204,26,227,8.73,12.9,0,corps,27.953504988643214,2.7642
4205,7,63,9.00,4.4,0,corps,27.94153122983804,2.0754
4206,13,139,10.69,7.1,0,corps,27.929563456415803,2.2451
4207,20,240,12.00,10.2,0,corps,27.917601665384563,1.7303
4208,15,204,13.60,8.0,0,corps,27.905645853753853,1.5191
4209,3,17,5.67,2.7,0,corps,27.89369601853474,2.5969
4210,10,92,9.20,5.8,0,corps,27.881752156739747,1.9525
4211,2,20,10.00,2.2,0,corps,27.86981426538292,1.6604
4212,21,194,9.24,10.7,0,corps,27.857882341479794,1.9168
4213,9,104,11.56,5.3,0,corps,27.845956382047365,1.7979
4214,7,64,9.14,4.4,0,corps,27.834036384104156,2.7744
4215,35,338,9.66,16.9,0,corps,27.82212234467018,2.0064
4216,11,118,10.73,6.2,0,corps,27.8102142607669,1.7836
4217,30,294,9.80,14.7,0,corps,27.798312129417326,2.1146
4218,5,56,11.20,3.6,0,corps,27.786415947645892,1.7775
4219,45,386,8.58,21.3,0,corps,27.77452571247857,2.1591
4220,14,127,9.07,7.6,0,corps,27.762641420942806,1.7569
4221,23,275,11.96,11.6,0,corps,27.75076307006752,1.3980
4222,26,260,10.00,12.9,0,corps,27.738890656883118,3.3022
4223,10,119,11.90,5.8,0,corps,27.727024178421516,1.0892
4224,28,270,9.64,13.8,0,corps,27.715163631716074,2.9105
4225,10,94,9.40,5.8,0,corps,27.703309013801668,1.4051
4226,6,52,8.67,4.0,0,corps,27.691460321714633,2.3259
4227,8,87,10.88,4.9,0,corps,27.679617552492804,1.2322
4228,6,72,12.00,4.0,0,corps,27.66778070317549,1.5135
4229,9,91,10.11,5.3,0,corps,27.655949770803474,1.3216
4230,23,263,11.43,11.6,0,corps,27.644124752419017,2.5547
4231,19,187,9.84,9.8,0,corps,27.632305645065884,1.4826
4232,38,446,11.74,18.2,0,corps,27.620492445789274,2.1055
4233,15,132,8.80,8.0,0,corps,27.60868515163591,1.5047
4234,30,299,9.97,14.7,0,corps,27.596883759653945,1.5426
4235,12,97,8.08,6.7,0,corps,27.58508826689305,2.0566
4236,13,122,9.38,7.1,0,corps,27.573298670404345,1.8802
4237,15,131,8.73,8.0,0,corps,27.561514967240424,1.8022
4238,29,291,10.03,14.2,0,corps,27.549737154455368,2.0453
4239,17,169,9.94,8.9,0,corps,27.53796522910473,2.0699
4240,10,115,11.50,5.8,0,corps,27.526199188245513,1.1309
4241,3,32,10.67,2.7,0,corps,27.514439028936234,1.9492
4242,41,438,10.68,19.6,0,corps,27.502684748236817,1.8046
4243,7,86,12.29,4.4,0,corps,27.49093634320871,1.6024
4244,21,176,8.38,10.7,0,corps,27.479193810914822,1.6943
4245,14,136,9.71,7.6,0,corps,27.467457148419495,1.4074
4246,22,254,11.55,11.1,0,corps,27.455726352788577,1.5085
4247,15,177,11.80,8.0,0,corps,27.444001421089386,2.1958
4248,9,84,9.33,5.3,0,corps,27.432282350390665,1.3652
4249,16,184,11.50,8.4,0,corps,27.42056913776265,1.5624
4250,12,111,9.25,6.7,0,corps,27.408861780277043,1.9280
4251,39,385,9.87,18.7,0,corps,27.397160275007,1.7827
4252,11,109,9.91,6.2,0,corps,27.385464619027154,1.6138
4253,15,162,10.80,8.0,0,corps,27.373774809413582,1.4987
4254,14,128,9.14,7.6,0,corps,27.36209084324384,4.2774
4255,3,19,6.33,2.7,0,corps,27.35041271759692,2.9100
4256,38,417,10.97,18.2,0,corps,27.338740429553297,2.1205
4257,3,28,9.33,2.7,0,corps,27.32707397619492,1.6192
4258,25,299,11.96,12.4,0,corps,27.315413354605152,1.8856
4259,11,128,11.64,6.2,0,corps,27.303758561868836,1.3346
4260,7,67,9.57,4.4,0,corps,27.29210959507229,1.5110
4261,28,290,10.36,13.8,0,corps,27.28046645130326,1.4795
4262,12,115,9.58,6.7,0,corps,27.268829127650974,1.5172
4263,15,142,9.47,8.0,0,corps,27.257197621206075,1.5340
4264,3,43,14.33,2.7,0,corps,27.24557192906071,1.2105
4265,17,159,9.35,8.9,0,corps,27.233952048308453,1.3818
4266,14,144,10.29,7.6,0,corps,27.22233797604432,2.9919
4267,16,172,10.75,8.4,0,corps,27.2107297093648,5.8670
4268,38,421,11.08,18.2,0,corps,27.199127245367844,1.6764
4269,18,181,10.06,9.3,0,corps,27.187530581152807,1.3359
4270,39,412,10.56,18.7,0,corps,27.175939713820547,1.8235
4271,20,232,11.60,10.2,0,corps,27.164354640473327,1.3644
4272,18,170,9.44,9.3,0,corps,27.152775358214885,1.2851
4273,8,81,10.12,4.9,0,corps,27.141201864150418,1.3020
4274,12,143,11.92,6.7,0,corps,27.12963415538652,1.2149
4275,39,410,10.51,18.7,0,corps,27.118072229031288,1.3550
4276,37,405,10.95,17.8,0,corps,27.106516082194236,1.8528
4277,2,39,19.50,2.2,0,corps,27.094965711986323,0.7223
4278,32,339,10.59,15.6,0,corps,27.08342111551996,1.4634
4279,22,248,11.27,11.1,0,corps,27.071882289908995,1.1801
4280,4,56,14.00,3.1,0,corps,27.06034923226872,1.0964
4281,14,125,8.93,7.6,0,corps,27.04882193971588,1.8554
4282,38,387,10.18,18.2,0,corps,27.037300409368637,1.8580
4283,12,120,10.00,6.7,0,corps,27.025784638346618,1.4822
4284,17,169,9.94,8.9,0,corps,27.01427462377089,1.9479
4285,36,391,10.86,17.3,0,corps,27.00277036276392,1.8596
4286,10,82,8.20,5.8,0,corps,26.991271852449678,1.4147
4287,4,36,9.00,3.1,0,corps,26.979779089953503,1.7659
4288,11,119,10.82,6.2,0,corps,26.96829207240222,1.8276
4289,29,322,11.10,14.2,0,corps,26.956810796924092,1.6708
4290,32,312,9.75,15.6,0,corps,26.94533526064877,1.6763
4291,7,63,9.00,4.4,0,corps,26.93386546070738,1.4553
4292,31,293,9.45,15.1,0,corps,26.922401394232487,1.7457
4293,37,323,8.73,17.8,0,corps,26.91094305835805,1.6870
4294,29,284,9.79,14.2,0,corps,26.89949045021951,1.7495
4295,15,141,9.40,8.0,0,corps,26.888043566953684,1.5460
4296,20,205,10.25,10.2,0,corps,26.87660240569888,1.6884
4297,33,322,9.76,16.0,0,corps,26.8651669635948,1.6415
4298,4,44,11.00,3.1,0,corps,26.85373723778257,3.1603
4299,16,175,10.94,8.4,0,corps,26.84231322540477,1.7611
4300,11,93,8.45,6.2,0,corps,26.830894923605403,1.8986
4301,18,169,9.39,9.3,0,corps,26.819482329529876,1.9239
4302,14,128,9.14,7.6,0,corps,26.808075440325062,1.4192
4303,29,361,12.45,14.2,0,corps,26.79667425313922,1.6388
4304,29,278,9.59,14.2,0,corps,26.785278765122055,1.7682
4305,7,73,10.43,4.4,0,corps,26.773888973424715,6.7537
4306,10,125,12.50,5.8,0,corps,26.76250487519972,1.3109
4307,16,167,10.44,8.4,0,corps,26.751126467601072,1.5107
4308,28,264,9.43,13.8,0,corps,26.73975374778416,2.0448
4309,5,49,9.80,3.6,0,corps,26.7283867129058,1.4443
4310,5,66,13.20,3.6,0,corps,26.717025360124243,1.0380
4311,21,167,7.95,10.7,0,corps,26.705669686599137,1.7220
4312,7,83,11.86,4.4,0,corps,26.694319689491564,1.2329
4313,13,108,8.31,7.1,0,corps,26.682975365964047,1.6568
4314,10,110,11.00,5.8,0,corps,26.67163671318048,1.7696
4315,7,97,13.86,4.4,0,corps,26.660303728306207,8.9359
4316,14,183,13.07,7.6,0,corps,26.648976408507995,1.6673
4317,31,293,9.45,15.1,0,corps,26.637654750953992,1.6900
4318,14,130,9.29,7.6,0,corps,26.626338752813812,1.7605
4319,15,133,8.87,8.0,0,corps,26.615028411258418,3.8214
4320,36,397,11.03,17.3,0,corps,26.603723723460256,2.5867
4321,17,174,10.24,8.9,0,corps,26.59242468659314,1.2904
4322,7,55,7.86,4.4,0,corps,26.58113129783231,2.1472
4323,18,160,8.89,9.3,0,corps,26.56984355435442,1.7648
4324,22,233,10.59,11.1,0,corps,26.558561453337546,1.7354
4325,12,123,10.25,6.7,0,corps,26.547284991961146,1.3591
4326,22,263,11.95,11.1,0,corps,26.53601416740612,1.3438
4327,22,225,10.23,11.1,0,corps,26.524748976854738,1.4279
4328,28,278,9.93,13.8,0,corps,26.51348941749072,1.6803
4329,23,239,10.39,11.6,0,corps,26.502235486499192,1.4790
4330,25,243,9.72,12.4,0,corps,26.490987181066632,1.4528
4331,20,219,10.95,10.2,0,corps,26.47974449838099,1.4320
4332,40,411,10.28,19.1,0,corps,26.4685074356316,1.6166
4333,22,219,9.95,11.1,0,corps,26.457275990009176,1.9845
4334,14,169,12.07,7.6,0,corps,26.446050158705876,1.3739
4335,29,349,12.03,14.2,0,corps,26.434829938915215,1.6397
4336,4,50,12.50,3.1,0,corps,26.423615327832167,1.5730
4337,14,128,9.14,7.6,0,corps,26.41240632265307,1.7081
4338,18,189,10.50,9.3,0,corps,26.401202920575667,1.7225
4339,30,331,11.03,14.7,0,corps,26.390005118799102,1.4460
4340,7,58,8.29,4.4,0,corps,26.37881291452395,1.6384
4341,6,104,17.33,4.0,0,corps,26.367626304952136,1.0778
4342,6,72,12.00,4.0,0,corps,26.356445287287016,1.7228
4343,20,211,10.55,10.2,0,corps,26.345269858733328,1.4661
4344,17,176,10.35,8.9,0,corps,26.334100016497224,1.7849
4345,24,274,11.42,12.0,0,corps,26.322935757786247,2.0996
4346,8,81,10.12,4.9,0,corps,26.311777079809318,2.1310
4347,2,24,12.00,2.2,0,corps,26.300623979776777,2.0646
4348,13,105,8.08,7.1,0,corps,26.289476454900353,2.2368
4349,6,71,11.83,4.0,0,corps,26.278334502393147,2.2244
4350,27,265,9.81,13.3,0,corps,26.267198119469697,1.7166
4351,13,122,9.38,7.1,0,corps,26.25606730334588,1.9429
4352,17,170,10.00,8.9,0,corps,26.244942051239008,1.7535
4353,13,109,8.38,7.1,0,corps,26.23382236036777,1.7568
4354,13,131,10.08,7.1,0,corps,26.22270822795223,2.3024
4355,14,160,11.43,7.6,0,corps,26.211599651213863,1.4271
4356,28,327,11.68,13.8,0,corps,26.200496627375536,1.8712
4357,13,159,12.23,7.1,0,corps,26.18939915366147,1.3876
4358,18,160,8.89,9.3,0,corps,26.17830722729732,1.7174
4359,12,120,10.00,6.7,0,corps,26.16722084551008,6.8598
4360,28,244,8.71,13.8,0,corps,26.156140005528165,2.2888
4361,26,261,10.04,12.9,0,corps,26.145064704581383,1.5938
4362,31,273,8.81,15.1,0,corps,26.13399493990088,4.8398
4363,19,219,11.53,9.8,0,corps,26.12293070871922,1.1893
4364,16,202,12.62,8.4,0,corps,26.111872008270375,1.3950
4365,21,260,12.38,10.7,0,corps,26.10081883578963,1.0817
4366,22,236,10.73,11.1,0,corps,26.089771188513723,1.3662
4367,24,221,9.21,12.0,0,corps,26.07872906368071,1.6189
4368,21,177,8.43,10.7,0,corps,26.067692458530082,1.8100
4369,8,86,10.75,4.9,0,corps,26.0566613703027,1.2031
4370,9,52,5.78,5.3,0,corps,26.045635796240756,2.9450
4371,27,308,11.41,13.3,0,corps,26.03461573358788,1.5527
4372,11,139,12.64,6.2,0,corps,26.02360117958906,2.1051
4373,20,260,13.00,10.2,0,corps,26.012592131490642,3.1118
4374,20,269,13.45,10.2,0,corps,26.00158858654038,1.6045
4375,25,252,10.08,12.4,0,corps,25.99059054198737,1.6413
4376,2,16,8.00,2.2,0,corps,25.97959799508211,1.6577
4377,27,241,8.93,13.3,0,corps,25.968610943076477,1.8716
4378,15,136,9.07,8.0,0,corps,25.95762938322368,1.7842
4379,11,108,9.82,6.2,0,corps,25.946653312778356,1.3732
4380,26,197,7.58,12.9,0,corps,25.93568272899646,1.5772
4381,5,40,8.00,3.6,0,corps,25.924717629135362,2.3170
4382,9,104,11.56,5.3,0,corps,25.913758010453797,1.4446
4383,5,64,12.80,3.6,0,corps,25.902803870211837,1.1784
4384,26,223,8.58,12.9,0,corps,25.89185520567096,1.8247
4385,19,191,10.05,9.8,0,corps,25.880912014094008,1.9938
4386,11,118,10.73,6.2,0,corps,25.869974292745162,1.5017
4387,44,491,11.16,20.9,0,corps,25.859042038890017,1.9827
4388,34,385,11.32,16.4,0,corps,25.848115249795484,1.6450
4389,6,74,12.33,4.0,0,corps,25.837193922729877,1.3148
4390,16,150,9.38,8.4,0,corps,25.82627805496287,1.6614
4391,13,113,8.69,7.1,0,corps,25.815367643765484,2.0972
4392,6,87,14.50,4.0,0,corps,25.804462686410123,1.5384
4393,20,220,11.00,10.2,0,corps,25.79356318017056,3.1501
4394,36,423,11.75,17.3,0,corps,25.782669122321895,2.0737
4395,33,393,11.91,16.0,0,corps,25.77178051014063,1.6302
4396,19,207,10.89,9.8,0,corps,25.7608973409046,2.6670
4397,26,280,10.77,12.9,0,corps,25.750019611893016,1.5715
4398,10,88,8.80,5.8,0,corps,25.73914732038645,1.6182
4399,10,114,11.40,5.8,0,corps,25.72828046366683,1.9923
4400,19,165,8.68,9.8,0,corps,25.717419039017436,1.8863
4401,34,345,10.15,16.4,0,corps,25.706563043722923,2.6876
4402,13,134,10.31,7.1,0,corps,25.69571247506928,1.9680
4403,18,186,10.33,9.3,0,corps,25.68486733034387,1.7423
4404,24,239,9.96,12.0,0,corps,25.6740276068354,1.7912
4405,32,296,9.25,15.6,0,corps,25.663193301833942,2.0567
4406,17,174,10.24,8.9,0,corps,25.652364412630934,3.6633
4407,14,121,8.64,7.6,0,corps,25.64154093651913,2.1151
4408,31,321,10.35,15.1,0,corps,25.630722870792678,1.8615
4409,23,228,9.91,11.6,0,corps,25.61991021274706,1.5834
4410,2,12,6.00,2.2,0,corps,25.609102959679102,1.6986
4411,13,124,9.54,7.1,0,corps,25.598301108887007,1.6136
4412,20,232,11.60,10.2,0,corps,25.58750465767029,1.8288
4413,15,140,9.33,8.0,0,corps,25.57671360332985,2.2328
4414,18,183,10.17,9.3,0,corps,25.56592794316793,2.1567
4415,13,125,9.62,7.1,0,corps,25.555147674488104,2.5929
4416,32,380,11.88,15.6,0,corps,25.544372794595304,2.2982
4417,30,317,10.57,14.7,0,corps,25.533603300795825,1.7634
4418,28,286,10.21,13.8,0,corps,25.522839190397278,1.7351
4419,26,293,11.27,12.9,0,corps,25.512080460708646,1.7739
4420,25,250,10.00,12.4,0,corps,25.501327109040233,1.8227
4421,26,278,10.69,12.9,0,corps,25.49057913270371,2.0571
4422,18,167,9.28,9.3,0,corps,25.47983652901209,1.9063
4423,26,240,9.23,12.9,0,corps,25.469099295279708,1.9184
4424,19,184,9.68,9.8,0,corps,25.45836742882226,3.1144
4425,12,124,10.33,6.7,0,corps,25.447640926956787,1.5894
4426,13,113,8.69,7.1,0,corps,25.436919787001656,2.1677
4427,19,254,13.37,9.8,0,corps,25.42620400627659,1.4032
4428,15,135,9.00,8.0,0,corps,25.41549358210262,1.7086
4429,15,137,9.13,8.0,0,corps,25.404788511802163,1.5400
4430,20,269,13.45,10.2,0,corps,25.394088792698955,2.5716
4431,32,350,10.94,15.6,0,corps,25.383394422118045,2.1723
4432,34,371,10.91,16.4,0,corps,25.372705397385854,1.9602
4433,12,114,9.50,6.7,0,corps,25.362021715830135,1.8281
4434,11,100,9.09,6.2,0,corps,25.351343374779944,1.5884
4435,21,216,10.29,10.7,0,corps,25.340670371565714,1.5272
4436,9,65,7.22,5.3,0,corps,25.330002703519185,1.9910
4437,23,195,8.48,11.6,0,corps,25.319340367973442,2.0625
4438,20,172,8.60,10.2,0,corps,25.308683362262908,1.6787
4439,21,229,10.90,10.7,0,corps,25.298031683723316,1.7563
4440,7,78,11.14,4.4,0,corps,25.28738532969176,2.2175
4441,28,301,10.75,13.8,0,corps,25.276744297506653,1.8088
4442,7,75,10.71,4.4,0,corps,25.266108584507723,1.2525
4443,28,313,11.18,13.8,0,corps,25.25547818803606,1.6069
4444,18,172,9.56,9.3,0,corps,25.244853105434046,1.8208
4445,35,376,10.74,16.9,0,corps,25.23423333404542,1.7935
4446,19,199,10.47,9.8,0,corps,25.22361887121524,1.4088
4447,4,65,16.25,3.1,0,corps,25.213009714289885,1.2615
4448,4,36,9.00,3.1,0,corps,25.202405860617073,1.8830
4449,22,206,9.36,11.1,0,corps,25.191807307545837,3.0703
4450,11,143,13.00,6.2,0,corps,25.181214052426533,1.3699
4451,29,286,9.86,14.2,0,corps,25.170626092610863,1.5177
4452,14,128,9.14,7.6,0,corps,25.160043425451818,1.6627
4453,9,64,7.11,5.3,0,corps,25.149466048303736,2.3441
4454,26,269,10.35,12.9,0,corps,25.138893958522285,1.6809
4455,17,187,11.00,8.9,0,corps,25.12832715346443,1.6784
4456,47,508,10.81,22.2,0,corps,25.11776563048847,1.7969
4457,13,120,9.23,7.1,0,corps,25.10720938695404,1.2451
4458,8,85,10.62,4.9,0,corps,25.096658420222052,1.2520
4459,20,214,10.70,10.2,0,corps,25.086112727654786,1.5324
4460,35,299,8.54,16.9,0,corps,25.07557230661581,1.7678
4461,9,94,10.44,5.3,0,corps,25.065037154470016,1.5501
4462,20,201,10.05,10.2,0,corps,25.05450726858363,1.6693
4463,28,271,9.68,13.8,0,corps,25.043982646324164,1.8183
4464,18,158,8.78,9.3,0,corps,25.03346328506047,3.0701
4465,18,178,9.89,9.3,0,corps,25.022949182162712,1.5831
4466,36,314,8.72,17.3,0,corps,25.01244033500235,1.9633
4467,16,157,9.81,8.4,0,corps,25.00193674095219,2.2888
4468,18,170,9.44,9.3,0,corps,24.99143839738632,2.2224
4469,25,232,9.28,12.4,0,corps,24.980945301680162,1.9677
4470,32,316,9.88,15.6,0,corps,24.97045745121044,1.7493
4471,48,522,10.88,22.7,0,corps,24.95997484335518,1.6741
4472,29,265,9.14,14.2,0,corps,24.949497475493747,2.0588
4473,18,161,8.94,9.3,0,corps,24.939025345006794,1.7367
4474,39,434,11.13,18.7,0,corps,24.92855844927628,1.6132
4475,22,217,9.86,11.1,0,corps,24.9180967856855,1.8453
4476,24,248,10.33,12.0,0,corps,24.90764035161901,1.9370
4477,17,148,8.71,8.9,0,corps,24.89718914446272,2.0152
4478,24,219,9.12,12.0,0,corps,24.88674316160383,1.8020
4479,32,326,10.19,15.6,0,corps,24.876302400430834,1.6842
4480,9,101,11.22,5.3,0,corps,24.86586685833355,1.4532
4481,14,155,11.07,7.6,0,corps,24.855436532703095,1.7933
4482,31,389,12.55,15.1,0,corps,24.845011420931872,2.1395
4483,23,241,10.48,11.6,0,corps,24.834591520413625,2.1416
4484,14,98,7.00,7.6,0,corps,24.82417682854335,2.4963
4485,30,328,10.93,14.7,0,corps,24.813767342717398,1.8344
4486,36,347,9.64,17.3,0,corps,24.803363060333396,2.2924
4487,17,176,10.35,8.9,0,corps,24.79296397879026,2.0897
4488,13,142,10.92,7.1,0,corps,24.782570095488225,1.5201
4489,28,286,10.21,13.8,0,corps,24.772181407828832,1.8640
4490,19,170,8.95,9.8,0,corps,24.76179791321489,2.2558
4491,9,83,9.22,5.3,0,corps,24.751419609050547,2.0587
4492,9,86,9.56,5.3,0,corps,24.741046492741205,2.1298
4493,22,216,9.82,11.1,0,corps,24.730678561693587,1.9313
4494,17,194,11.41,8.9,0,corps,24.72031581331573,1.7923
4495,13,133,10.23,7.1,0,corps,24.709958245016928,1.8644
4496,24,241,10.04,12.0,0,corps,24.699605854207793,1.5251
4497,26,229,8.81,12.9,0,corps,24.68925863830024,1.9072
4498,35,321,9.17,16.9,0,corps,24.67891659470744,1.9842
4499,9,88,9.78,5.3,0,corps,24.668579720843912,9.8855
4500,38,421,11.08,18.2,0,corps,24.65824801412541,1.8805
4501,40,446,11.15,19.1,0,corps,24.64792147196902,1.9683
4502,39,494,12.67,18.7,0,corps,24.637600091793114,1.6860
4503,27,343,12.70,13.3,0,corps,24.62728387101733,1.6064
4504,8,120,15.00,4.9,0,corps,24.616972807062627,1.1014
4505,22,211,9.59,11.1,0,corps,24.60666689735123,1.5130
4506,23,278,12.09,11.6,0,corps,24.59636613930666,1.4819
4507,13,137,10.54,7.1,0,corps,24.586070530353744,1.9043
4508,19,175,9.21,9.8,0,corps,24.575780067918554,1.6808
4509,22,251,11.41,11.1,0,corps,24.565494749428492,1.6857
4510,2,45,22.50,2.2,0,corps,24.555214572312234,1.2385
4511,14,161,11.50,7.6,0,corps,24.544939533999717,1.6762
4512,4,33,8.25,3.1,0,corps,24.534669631922196,2.1582
4513,12,110,9.17,6.7,0,corps,24.524404863512185,2.0601
4514,23,264,11.48,11.6,0,corps,24.514145226203492,1.5298
4515,5,53,10.60,3.6,0,corps,24.503890717431226,1.3944
4516,36,429,11.92,17.3,0,corps,24.493641334631736,1.8166
4517,31,316,10.19,15.1,0,corps,24.48339707524269,1.8490
4518,10,103,10.30,5.8,0,corps,24.473157936703018,1.5049
4519,13,131,10.08,7.1,0,corps,24.462923916452937,1.9080
4520,13,128,9.85,7.1,0,corps,24.452695011933947,3.7918
4521,5,51,10.20,3.6,0,corps,24.44247122058881,1.4440
4522,17,156,9.18,8.9,0,corps,24.432252539861583,3.5912
4523,11,89,8.09,6.2,0,corps,24.422038967197608,2.3589
4524,19,191,10.05,9.8,0,corps,24.411830500043468,1.8081
4525,22,203,9.23,11.1,0,corps,24.40162713584706,1.9748
4526,16,155,9.69,8.4,0,corps,24.391428872057556,1.4634
4527,16,162,10.12,8.4,0,corps,24.381235706125366,1.9161
4528,22,210,9.55,11.1,0,corps,24.37104763550221,1.8231
4529,9,92,10.22,5.3,0,corps,24.36086465764107,1.6632
4530,7,66,9.43,4.4,0,corps,24.350686769996198,1.4770
4531,23,244,10.61,11.6,0,corps,24.340513970023135,1.8011
4532,27,284,10.52,13.3,0,corps,24.330346255178657,1.7170
4533,12,114,9.50,6.7,0,corps,24.320183622920847,1.8675
4534,15,156,10.40,8.0,0,corps,24.31002607070906,1.7729
4535,33,394,11.94,16.0,0,corps,24.29987359600389,2.1204
4536,22,223,10.14,11.1,0,corps,24.28972619626723,1.6924
4537,19,171,9.00,9.8,0,corps,24.27958386896222,1.8333
4538,38,368,9.68,18.2,0,corps,24.269446611553285,1.6760
4539,26,244,9.38,12.9,0,corps,24.259314421506108,1.8798
4540,8,76,9.50,4.9,0,corps,24.249187296287637,1.8383
4541,20,182,9.10,10.2,0,corps,24.2390652333661,1.6042
4542,14,125,8.93,7.6,0,corps,24.22894823021098,1.6449
4543,34,352,10.35,16.4,0,corps,24.218836284293015,1.9805
4544,8,95,11.88,4.9,0,corps,24.208729393084237,1.8260
4545,16,142,8.88,8.4,0,corps,24.198627554057907,1.7468
4546,12,163,13.58,6.7,0,corps,24.188530764688565,1.6469
4547,14,160,11.43,7.6,0,corps,24.178439022452032,3.2869
4548,14,130,9.29,7.6,0,corps,24.16835232482535,3.9777
4549,23,280,12.17,11.6,0,corps,24.15827066928685,1.5931
4550,21,202,9.62,10.7,0,corps,24.148194053316136,1.8768
4551,15,128,8.53,8.0,0,corps,24.138122474394027,1.8719
4552,4,53,13.25,3.1,0,corps,24.128055930002652,1.7130
4553,24,250,10.42,12.0,0,corps,24.117994417625358,2.4575
4554,8,90,11.25,4.9,0,corps,24.107937934746772,1.5534
4555,10,79,7.90,5.8,0,corps,24.097886478852786,1.9729
4556,9,86,9.56,5.3,0,corps,24.087840047430507,1.7196
4557,14,150,10.71,7.6,0,corps,24.077798637968353,1.5543
4558,19,204,10.74,9.8,0,corps,24.06776224795597,1.4833
4559,28,297,10.61,13.8,0,corps,24.057730874884243,1.7825
4560,4,30,7.50,3.1,0,corps,24.047704516245346,2.3233
4561,11,148,13.45,6.2,0,corps,24.037683169532677,1.6493
4562,16,143,8.94,8.4,0,corps,24.027666832240904,1.7436
4563,7,60,8.57,4.4,0,corps,24.017655501865953,1.9850
4564,11,83,7.55,6.2,0,corps,24.007649175904973,2.1295
4565,30,308,10.27,14.7,0,corps,23.99764785185639,1.8240
4566,6,67,11.17,4.0,0,corps,23.98765152721988,1.2496
4567,32,350,10.94,15.6,0,corps,23.977660199496352,1.7632
4568,30,278,9.27,14.7,0,corps,23.967673866187987,2.2698
4569,48,588,12.25,22.7,0,corps,23.95769252479818,1.7664
4570,6,44,7.33,4.0,0,corps,23.94771617283161,2.7138
4571,6,54,9.00,4.0,0,corps,23.937744807794196,1.9878
4572,23,247,10.74,11.6,0,corps,23.92777842719308,2.1738
4573,25,268,10.72,12.4,0,corps,23.91781702853667,1.6353
4574,12,110,9.17,6.7,0,corps,23.907860609334637,1.8638
4575,28,261,9.32,13.8,0,corps,23.897909167097843,1.5872
4576,36,360,10.00,17.3,0,corps,23.88796269933846,1.7149
4577,16,175,10.94,8.4,0,corps,23.878021203569844,1.3110
4578,22,223,10.14,11.1,0,corps,23.868084677306634,2.2629
4579,7,58,8.29,4.4,0,corps,23.858153118064703,1.9008
4580,18,155,8.61,9.3,0,corps,23.848226523361145,1.8522
4581,18,172,9.56,9.3,0,corps,23.838304890714323,1.8284
4582,7,76,10.86,4.4,0,corps,23.82838821764384,7.8188
4583,38,434,11.42,18.2,0,corps,23.8184765016705,1.8341
4584,8,97,12.12,4.9,0,corps,23.8085697403164,1.5347
4585,33,361,10.94,16.0,0,corps,23.79866793110483,3.1428
4586,9,97,10.78,5.3,0,corps,23.788771071560344,1.5885
4587,10,112,11.20,5.8,0,corps,23.77887915920874,1.5372
4588,6,56,9.33,4.0,0,corps,23.768992191577016,1.8683
4589,17,203,11.94,8.9,0,corps,23.759110166193448,1.7989
4590,29,321,11.07,14.2,0,corps,23.74923308058753,1.7294
4591,17,160,9.41,8.9,0,corps,23.739360932289976,1.3509
4592,15,154,10.27,8.0,0,corps,23.72949371883277,1.6641
4593,27,266,9.85,13.3,0,corps,23.719631437749086,2.1933
4594,19,190,10.00,9.8,0,corps,23.70977408657336,1.4080
4595,5,53,10.60,3.6,0,corps,23.699921662841273,1.8871
4596,17,174,10.24,8.9,0,corps,23.690074164089694,1.6611
4597,27,262,9.70,13.3,0,corps,23.680231587856756,1.6628
4598,28,336,12.00,13.8,0,corps,23.67039393168183,1.6833
4599,20,223,11.15,10.2,0,corps,23.66056119310548,1.8738
4600,10,92,9.20,5.8,0,corps,23.650733369669535,1.7637
4601,33,323,9.79,16.0,0,corps,23.64091045891703,2.0975
4602,18,173,9.61,9.3,0,corps,23.63109245839224,1.6133
4603,10,100,10.00,5.8,0,corps,23.621279365640678,1.7996
4604,25,266,10.64,12.4,0,corps,23.61147117820905,1.6117
4605,33,356,10.79,16.0,0,corps,23.601667893645317,1.9185
4606,24,250,10.42,12.0,0,corps,23.591869509498668,2.3855
4607,37,418,11.30,17.8,0,corps,23.58207602331949,1.8497
4608,25,248,9.92,12.4,0,corps,23.572287432659433,2.7658
4609,33,354,10.73,16.0,0,corps,23.562503735071324,1.9617
4610,10,86,8.60,5.8,0,corps,23.55272492810925,1.8660
4611,27,286,10.59,13.3,0,corps,23.54295100932852,1.8621
4612,20,222,11.10,10.2,0,corps,23.533181976285633,1.6364
4613,32,337,10.53,15.6,0,corps,23.523417826538342,1.8678
4614,39,400,10.26,18.7,0,corps,23.513658557645623,2.7310
4615,19,180,9.47,9.8,0,corps,23.503904167167633,1.6577
4616,23,213,9.26,11.6,0,corps,23.494154652665795,2.0965
4617,46,461,10.02,21.8,0,corps,23.484410011702714,1.9601
4618,23,208,9.04,11.6,0,corps,23.474670241842237,1.7946
4619,15,161,10.73,8.0,0,corps,23.464935340649426,2.1362
4620,18,216,12.00,9.3,0,corps,23.455205305690548,1.8610
4621,49,505,10.31,23.1,0,corps,23.445480134533096,2.0284
4622,23,226,9.83,11.6,0,corps,23.435759824745787,1.8211
4623,19,168,8.84,9.8,0,corps,23.42604437389853,2.1944
4624,17,156,9.18,8.9,0,corps,23.416333779562475,2.1067
4625,44,472,10.73,20.9,0,corps,23.406628039309954,2.1379
4626,6,114,19.00,4.0,0,corps,23.39692715071455,1.4539
4627,19,236,12.42,9.8,0,corps,23.38723111135104,1.6019
4628,29,339,11.69,14.2,0,corps,23.3775399187954,1.8784
4629,7,56,8.00,4.4,0,corps,23.367853570624845,1.7956
4630,23,245,10.65,11.6,0,corps,23.358172064417783,2.5808
4631,32,344,10.75,15.6,0,corps,23.348495397753833,2.3833
4632,34,374,11.00,16.4,0,corps,23.338823568213844,2.0505
4633,18,180,10.00,9.3,0,corps,23.329156573379837,2.1160
4634,15,175,11.67,8.0,0,corps,23.319494410835073,1.5981
4635,33,396,12.00,16.0,0,corps,23.309837078164026,2.0697
4636,14,118,8.43,7.6,0,corps,23.300184572952336,5.0496
4637,33,345,10.45,16.0,0,corps,23.2905368927869,2.0257
4638,14,86,6.14,7.6,0,corps,23.28089403525578,3.0133
4639,4,41,10.25,3.1,0,corps,23.271255997948266,2.0869
4640,51,636,12.47,24.0,0,corps,23.261622778454864,1.8817
4641,30,286,9.53,14.7,0,corps,23.251994374367246,1.4965
4642,25,217,8.68,12.4,0,corps,23.242370783278325,1.7268
4643,18,159,8.83,9.3,0,corps,23.232752002782203,2.0405
4644,35,370,10.57,16.9,0,corps,23.223138030474182,1.6327
4645,16,175,10.94,8.4,0,corps,23.21352886395077,1.4683
4646,20,196,9.80,10.2,0,corps,23.203924500809666,2.3717
4647,18,185,10.28,9.3,0,corps,23.194324938649793,1.7333
4648,16,168,10.50,8.4,0,corps,23.184730175071255,1.3060
4649,14,129,9.21,7.6,0,corps,23.17514020767536,1.4945
4650,3,35,11.67,2.7,0,corps,23.165555034064607,1.4679
4651,15,185,12.33,8.0,0,corps,23.15597465184273,1.1708
4652,43,571,13.28,20.4,0,corps,23.146399058614602,1.8401
4653,5,40,8.00,3.6,0,corps,23.13682825198635,1.6295
4654,20,175,8.75,10.2,0,corps,23.12726222956525,2.0853
4655,11,108,9.82,6.2,0,corps,23.117700988959808,1.7573
4656,5,32,6.40,3.6,0,corps,23.10814452777972,1.8102
4657,4,25,6.25,3.1,0,corps,23.09859284363586,1.8606
4658,19,191,10.05,9.8,0,corps,23.089045934140305,1.8087
4659,16,157,9.81,8.4,0,corps,23.079503796906344,1.7234
4660,19,193,10.16,9.8,0,corps,23.069966429548423,5.6559
4661,12,132,11.00,6.7,0,corps,23.060433829682218,1.5799
4662,33,316,9.58,16.0,0,corps,23.050905994924555,1.7343
4663,24,229,9.54,12.0,0,corps,23.041382922893497,1.8077
4664,46,610,13.26,21.8,0,corps,23.031864611208274,1.6508
4665,10,100,10.00,5.8,0,corps,23.022351057489296,1.4946
4666,24,291,12.12,12.0,0,corps,23.01284225935818,1.8344
4667,8,109,13.62,4.9,0,corps,23.003338214437736,2.1237
4668,19,232,12.21,9.8,0,corps,22.99383892035194,1.8432
4669,30,340,11.33,14.7,0,corps,22.98434437472598,2.3373
4670,23,237,10.30,11.6,0,corps,22.974854575186203,1.7515
4671,25,260,10.40,12.4,0,corps,22.965369519360166,1.9188
4672,23,189,8.22,11.6,0,corps,22.95588920487662,1.9339
4673,6,54,9.00,4.0,0,corps,22.946413629365463,1.9210
4674,11,93,8.45,6.2,0,corps,22.936942790457813,2.1476
4675,20,204,10.20,10.2,0,corps,22.92747668578597,1.8139
4676,30,305,10.17,14.7,0,corps,22.918015312983382,1.5492
4677,11,91,8.27,6.2,0,corps,22.908558669684737,1.9736
4678,8,80,10.00,4.9,0,corps,22.899106753525842,1.6486
4679,12,120,10.00,6.7,0,corps,22.88965956214374,3.4980
4680,5,41,8.20,3.6,0,corps,22.880217093176636,1.4695
4681,30,283,9.43,14.7,0,corps,22.870779344263887,1.7187
4682,26,311,11.96,12.9,0,corps,22.861346313046084,1.5723
4683,11,95,8.64,6.2,0,corps,22.851917997164957,1.3067
4684,8,81,10.12,4.9,0,corps,22.842494394263422,1.4256
4685,30,289,9.63,14.7,0,corps,22.833075501985594,2.8234
4686,13,129,9.92,7.1,0,corps,22.823661317976725,5.1260
4687,30,284,9.47,14.7,0,corps,22.81425183988329,2.1069
4688,19,211,11.11,9.8,0,corps,22.80484706535292,1.9349
4689,30,305,10.17,14.7,0,corps,22.795446992034403,2.0591
4690,4,24,6.00,3.1,0,corps,22.786051617577733,2.4146
4691,17,218,12.82,8.9,0,corps,22.776660939634073,1.8198
4692,30,368,12.27,14.7,0,corps,22.767274955855743,1.6851
4693,16,155,9.69,8.4,0,corps,22.757893663896255,1.9356
4694,34,490,14.41,16.4,0,corps,22.74851706141027,1.8459
4695,34,360,10.59,16.4,0,corps,22.739145146053648,1.6569
4696,38,417,10.97,18.2,0,corps,22.72977791548342,1.9129
4697,6,44,7.33,4.0,0,corps,22.720415367357756,1.8351
4698,10,94,9.40,5.8,0,corps,22.71105749933604,1.6391
4699,31,317,10.23,15.1,0,corps,22.7017043090788,1.8855
4700,19,155,8.16,9.8,0,corps,22.692355794247725,2.0497
4701,6,66,11.00,4.0,0,corps,22.683011952505705,1.4804
4702,23,215,9.35,11.6,0,corps,22.67367278151676,2.3607
4703,8,107,13.38,4.9,0,corps,22.66433827894611,1.6483
4704,16,141,8.81,8.4,0,corps,22.655008442460137,1.5508
4705,18,204,11.33,9.3,0,corps,22.645683269726362,4.2179
4706,35,353,10.09,16.9,0,corps,22.636362758413505,1.8390
4707,19,201,10.58,9.8,0,corps,22.627046906191435,1.7121
4708,10,122,12.20,5.8,0,corps,22.617735710731186,1.5433
4709,12,145,12.08,6.7,0,corps,22.608429169704966,1.8954
4710,14,161,11.50,7.6,0,corps,22.59912728078613,1.2405
4711,20,169,8.45,10.2,0,corps,22.58983004164921,1.6583
4712,24,204,8.50,12.0,0,corps,22.58053744996991,1.9372
4713,29,320,11.03,14.2,0,corps,22.571249503425054,1.3943
4714,2,18,9.00,2.2,0,corps,22.561966199692673,1.6917
4715,9,93,10.33,5.3,0,corps,22.55268753645195,2.1920
4716,16,175,10.94,8.4,0,corps,22.543413511383196,1.4137
4717,29,257,8.86,14.2,0,corps,22.534144122167927,2.3233
4718,21,244,11.62,10.7,0,corps,22.524879366488772,1.8750
4719,33,370,11.21,16.0,0,corps,22.51561924202956,2.0912
4720,41,454,11.07,19.6,0,corps,22.506363746475262,1.7297
4721,23,221,9.61,11.6,0,corps,22.497112877511988,1.4600
4722,16,146,9.12,8.4,0,corps,22.487866632827032,1.6791
4723,13,98,7.54,7.1,0,corps,22.478625010108836,2.0999
4724,21,224,10.67,10.7,0,corps,22.46938800704698,1.5501
4725,18,139,7.72,9.3,0,corps,22.46015562133223,1.9830
4726,12,112,9.33,6.7,0,corps,22.450927850656477,1.3690
4727,26,299,11.50,12.9,0,corps,22.441704692712783,1.1972
4728,34,395,11.62,16.4,0,corps,22.43248614519536,1.2773
4729,39,418,10.72,18.7,0,corps,22.42327220579957,1.6792
4730,9,106,11.78,5.3,0,corps,22.41406287222192,1.5154
4731,14,156,11.14,7.6,0,corps,22.404858142160094,1.0813
4732,25,261,10.44,12.4,0,corps,22.39565801331289,1.8326
4733,16,148,9.25,8.4,0,corps,22.3864624833803,1.6954
4734,11,104,9.45,6.2,0,corps,22.377271550063412,6.7907
4735,9,82,9.11,5.3,0,corps,22.36808521106451,1.7114
4736,25,274,10.96,12.4,0,corps,22.358903464087014,1.6294
4737,2,29,14.50,2.2,0,corps,22.349726306835468,1.2005
4738,9,77,8.56,5.3,0,corps,22.340553737015597,1.9964
4739,40,493,12.32,19.1,0,corps,22.331385752334263,1.8993
4740,16,146,9.12,8.4,0,corps,22.32222235049946,1.4280
4741,22,210,9.55,11.1,0,corps,22.313063529220344,2.0307
4742,15,196,13.07,8.0,0,corps,22.303909286207197,1.8996
4743,28,312,11.14,13.8,0,corps,22.294759619171465,1.3655
4744,26,253,9.73,12.9,0,corps,22.285614525825746,1.6152
4745,12,102,8.50,6.7,0,corps,22.276474003883745,2.2158
4746,9,86,9.56,5.3,0,corps,22.267338051060335,1.8942
4747,4,45,11.25,3.1,0,corps,22.258206665071544,1.7178
4748,12,116,9.67,6.7,0,corps,22.249079843634508,1.5928
4749,26,325,12.50,12.9,0,corps,22.239957584467536,1.6957
4750,19,204,10.74,9.8,0,corps,22.230839885290045,1.8212
4751,29,245,8.45,14.2,0,corps,22.22172674382262,2.0797
4752,36,390,10.83,17.3,0,corps,22.212618157786984,1.6407
4753,31,330,10.65,15.1,0,corps,22.203514124905976,1.6147
4754,2,25,12.50,2.2,0,corps,22.194414642903602,2.9560
4755,8,71,8.88,4.9,0,corps,22.185319709504974,1.9261
4756,20,194,9.70,10.2,0,corps,22.176229322436367,1.7199
4757,15,136,9.07,8.0,0,corps,22.167143479425196,1.4661
4758,5,50,10.00,3.6,0,corps,22.15806217819998,1.3399
4759,7,67,9.57,4.4,0,corps,22.148985416490405,1.9392
4760,31,292,9.42,15.1,0,corps,22.139913192027286,1.8446
4761,30,347,11.57,14.7,0,corps,22.130845502542552,2.0909
4762,9,142,15.78,5.3,0,corps,22.12178234576929,1.4094
4763,15,134,8.93,8.0,0,corps,22.112723719441707,2.1379
4764,24,262,10.92,12.0,0,corps,22.103669621295147,2.1547
4765,15,171,11.40,8.0,0,corps,22.094620049066098,1.7834
4766,23,250,10.87,11.6,0,corps,22.085575000492142,1.8834
4767,37,447,12.08,17.8,0,corps,22.07653447331203,2.0872
4768,6,83,13.83,4.0,0,corps,22.067498465265643,1.4427
4769,22,256,11.64,11.1,0,corps,22.058466974093953,1.6842
4770,12,138,11.50,6.7,0,corps,22.049439997539114,1.6930
4771,15,148,9.87,8.0,0,corps,22.04041753334436,1.9269
4772,19,229,12.05,9.8,0,corps,22.031399579254078,1.8625
4773,13,143,11.00,7.1,0,corps,22.022386133013796,2.0736
4774,11,148,13.45,6.2,0,corps,22.013377192370136,1.5655
4775,17,151,8.88,8.9,0,corps,22.004372755070865,2.2286
4776,31,335,10.81,15.1,0,corps,21.995372818864887,1.8691
4777,4,44,11.00,3.1,0,corps,21.986377381502194,1.5788
4778,2,23,11.50,2.2,0,corps,21.97738644073395,1.6460
4779,5,76,15.20,3.6,0,corps,21.968399994312403,1.1976
4780,17,202,11.88,8.9,0,corps,21.95941803999095,2.0041
4781,31,372,12.00,15.1,0,corps,21.95044057552411,1.4510
4782,6,57,9.50,4.0,0,corps,21.941467598667494,1.1611
4783,24,228,9.50,12.0,0,corps,21.932499107177872,1.7253
4784,43,504,11.72,20.4,0,corps,21.92353509881313,1.5726
4785,11,127,11.55,6.2,0,corps,21.914575571332247,1.8813
4786,7,79,11.29,4.4,0,corps,21.905620522495358,1.0446
4787,25,276,11.04,12.4,0,corps,21.896669950063686,1.3689
4788,16,148,9.25,8.4,0,corps,21.887723851799592,1.4351
4789,6,62,10.33,4.0,0,corps,21.878782225466566,1.2057
4790,14,144,10.29,7.6,0,corps,21.86984506882918,3.1646
4791,37,444,12.00,17.8,0,corps,21.860912379653154,1.6927
4792,21,178,8.48,10.7,0,corps,21.851984155705324,1.8233
4793,11,111,10.09,6.2,0,corps,21.843060394753618,1.6193
4794,24,221,9.21,12.0,0,corps,21.834141094567112,1.7590
4795,31,309,9.97,15.1,0,corps,21.825226252915964,1.4530
4796,19,192,10.11,9.8,0,corps,21.816315867571472,1.7349
4797,7,62,8.86,4.4,0,corps,21.807409936306048,1.7730
4798,9,102,11.33,5.3,0,corps,21.79850845689319,1.9300
4799,18,153,8.50,9.3,0,corps,21.789611427107545,1.5226
4800,17,176,10.35,8.9,0,corps,21.780718844724852,1.5144
4801,26,306,11.77,12.9,0,corps,21.771830707521957,1.7404
4802,35,344,9.83,16.9,0,corps,21.76294701327684,1.8815
4803,29,334,11.52,14.2,0,corps,21.75406775976856,2.3414
4804,23,258,11.22,11.6,0,corps,21.745192944777315,1.9101
4805,13,125,9.62,7.1,0,corps,21.7363225660844,2.1188
4806,21,191,9.10,10.7,0,corps,21.727456621472214,1.8512
4807,7,83,11.86,4.4,0,corps,21.71859510872428,1.5625
4808,4,55,13.75,3.1,0,corps,21.70973802562522,1.7333
4809,41,461,11.24,19.6,0,corps,21.700885369960748,1.9431
4810,16,190,11.88,8.4,0,corps,21.692037139517726,1.7168
4811,11,123,11.18,6.2,0,corps,21.683193332084066,1.5241
4812,36,381,10.58,17.3,0,corps,21.674353945448836,2.0859
4813,28,262,9.36,13.8,0,corps,21.66551897740219,2.5879
4814,28,282,10.07,13.8,0,corps,21.65668842573537,1.6810
4815,16,127,7.94,8.4,0,corps,21.647862288240752,2.1103
4816,7,84,12.00,4.4,0,corps,21.639040562711802,1.5698
4817,19,239,12.58,9.8,0,corps,21.630223246943082,1.4938
4818,9,140,15.56,5.3,0,corps,21.62141033873027,1.2588
4819,21,266,12.67,10.7,0,corps,21.612601835870127,1.5736
4820,17,209,12.29,8.9,0,corps,21.603797736160534,1.6391
4821,7,62,8.86,4.4,0,corps,21.594998037400476,1.6235
4822,59,715,12.12,27.6,0,corps,21.58620273739001,1.8478
4823,30,271,9.03,14.7,0,corps,21.57741183393032,1.7885
4824,14,177,12.64,7.6,0,corps,21.56862532482369,1.1789
4825,5,43,8.60,3.6,0,corps,21.559843207873474,1.8471
4826,30,354,11.80,14.7,0,corps,21.55106548088416,1.6576
4827,20,172,8.60,10.2,0,corps,21.5422921416613,1.6440
4828,16,151,9.44,8.4,0,corps,21.533523188011564,1.7446
4829,21,187,8.90,10.7,0,corps,21.524758617742727,1.5250
4830,4,32,8.00,3.1,0,corps,21.515998428663625,1.4778
4831,12,109,9.08,6.7,0,corps,21.507242618584225,1.9531
4832,13,130,10.00,7.1,0,corps,21.498491185315576,1.7243
4833,16,190,11.88,8.4,0,corps,21.489744126669805,1.1976
4834,48,553,11.52,22.7,0,corps,21.481001440460165,1.8095
4835,13,175,13.46,7.1,0,corps,21.47226312450097,1.2899
4836,33,336,10.18,16.0,0,corps,21.463529176607647,1.5469
4837,37,371,10.03,17.8,0,corps,21.45479959459672,1.6585
4838,29,333,11.48,14.2,0,corps,21.44607437628577,1.4370
4839,24,257,10.71,12.0,0,corps,21.43735351949351,2.3349
4840,28,256,9.14,13.8,0,corps,21.428637022039723,1.6576
4841,27,329,12.19,13.3,0,corps,21.419924881745278,2.1115
4842,24,292,12.17,12.0,0,corps,21.41121709643215,1.4952
4843,33,339,10.27,16.0,0,corps,21.40251366392338,1.6409
4844,19,192,10.11,9.8,0,corps,21.393814582043117,1.3650
4845,13,125,9.62,7.1,0,corps,21.385119848616593,1.7216
4846,32,304,9.50,15.6,0,corps,21.37642946147012,2.0028
4847,11,122,11.09,6.2,0,corps,21.367743418431104,1.6646
4848,23,212,9.22,11.6,0,corps,21.359061717328036,1.7789
4849,15,166,11.07,8.0,0,corps,21.35038435599048,1.3467
4850,29,306,10.55,14.2,0,corps,21.341711332249112,1.5415
4851,30,350,11.67,14.7,0,corps,21.333042643935663,1.7848
4852,5,69,13.80,3.6,0,corps,21.32437828888296,1.1633
4853,12,103,8.58,6.7,0,corps,21.315718264924932,1.9139
4854,26,291,11.19,12.9,0,corps,21.307062569896555,1.4733
4855,19,153,8.05,9.8,0,corps,21.298411201633904,1.8814
4856,21,221,10.52,10.7,0,corps,21.289764157974155,1.7820
4857,51,604,11.84,24.0,0,corps,21.281121436755523,1.9827
4858,26,281,10.81,12.9,0,corps,21.272483035817352,1.8427
4859,30,351,11.70,14.7,0,corps,21.26384895300002,1.4447
4860,22,183,8.32,11.1,0,corps,21.25521918614502,2.1632
4861,12,134,11.17,6.7,0,corps,21.246593733094908,1.1616
4862,71,802,11.30,32.9,0,corps,21.237972591693318,1.8747
4863,11,134,12.18,6.2,0,corps,21.229355759784962,1.5049
4864,9,69,7.67,5.3,0,corps,21.220743235215643,2.0703
4865,22,227,10.32,11.1,0,corps,21.212135015832217,1.6261
4866,43,448,10.42,20.4,0,corps,21.203531099482642,1.8119
4867,6,76,12.67,4.0,0,corps,21.194931484015925,1.8337
4868,6,75,12.50,4.0,0,corps,21.186336167282168,1.6651
4869,21,215,10.24,10.7,0,corps,21.177745147132544,1.3749
4870,45,538,11.96,21.3,0,corps,21.169158421419297,1.8161
4871,28,319,11.39,13.8,0,corps,21.16057598799574,1.3157
4872,25,248,9.92,12.4,0,corps,21.151997844716277,1.5200
4873,15,153,10.20,8.0,0,corps,21.143423989436357,3.8519
4874,34,412,12.12,16.4,0,corps,21.134854420012534,1.7840
4875,29,253,8.72,14.2,0,corps,21.126289134302397,1.7864
4876,7,65,9.29,4.4,0,corps,21.117728130164632,1.2008
4877,26,283,10.88,12.9,0,corps,21.109171405458994,1.5989
4878,28,341,12.18,13.8,0,corps,21.10061895804629,1.4456
4879,47,529,11.26,22.2,0,corps,21.092070785788422,1.5601
4880,23,208,9.04,11.6,0,corps,21.083526886548334,1.9856
4881,22,219,9.95,11.1,0,corps,21.074987258190056,1.3780
4882,5,61,12.20,3.6,0,corps,21.066451898578688,1.3772
4883,27,261,9.67,13.3,0,corps,21.057920805580377,1.3606
4884,6,87,14.50,4.0,0,corps,21.049393977062355,1.1865
4885,23,231,10.04,11.6,0,corps,21.040871410892926,1.6029
4886,4,29,7.25,3.1,0,corps,21.03235310494143,2.1586
4887,12,113,9.42,6.7,0,corps,21.023839057078305,1.2121
4888,7,43,6.14,4.4,0,corps,21.015329265175026,1.4337
4889,46,472,10.26,21.8,0,corps,21.006823727104155,1.5882
4890,10,69,6.90,5.8,0,corps,20.998322440739305,1.9249
4891,10,91,9.10,5.8,0,corps,20.98982540395515,1.5989
4892,16,135,8.44,8.4,0,corps,20.981332614627437,1.5361
4893,37,396,10.70,17.8,0,corps,20.972844070632966,1.4250
4894,54,628,11.63,25.3,0,corps,20.9643597698496,1.6420
4895,23,209,9.09,11.6,0,corps,20.955879710156275,1.6570
4896,7,77,11.00,4.4,0,corps,20.94740388943295,1.8283
4897,12,118,9.83,6.7,0,corps,20.93893230556069,1.3257
4898,18,154,8.56,9.3,0,corps,20.930464956421606,1.5184
4899,26,253,9.73,12.9,0,corps,20.922001839898837,1.4685
4900,22,219,9.95,11.1,0,corps,20.913542953876618,1.7526
4901,10,103,10.30,5.8,0,corps,20.905088296240233,1.5021
4902,11,125,11.36,6.2,0,corps,20.896637864876,1.6172
4903,13,126,9.69,7.1,0,corps,20.88819165767133,1.9563
4904,25,287,11.48,12.4,0,corps,20.879749672514656,1.6913
4905,12,96,8.00,6.7,0,corps,20.87131190729549,4.2767
4906,8,76,9.50,4.9,0,corps,20.862878359904393,1.6948
4907,20,211,10.55,10.2,0,corps,20.854449028232967,1.9368
4908,19,206,10.84,9.8,0,corps,20.846023910173884,1.8586
4909,33,324,9.82,16.0,0,corps,20.837603003620874,1.5627
4910,29,291,10.03,14.2,0,corps,20.8291863064687,2.3813
4911,17,172,10.12,8.9,0,corps,20.82077381661319,1.7437
4912,42,536,12.76,20.0,0,corps,20.812365531951222,1.4799
4913,8,101,12.62,4.9,0,corps,20.803961450380722,1.4801
4914,25,271,10.84,12.4,0,corps,20.79556156980068,2.4086
4915,14,151,10.79,7.6,0,corps,20.787165888111105,3.3062
4916,20,244,12.20,10.2,0,corps,20.778774403213095,1.5216
4917,5,45,9.00,3.6,0,corps,20.77038711300878,2.6811
4918,14,150,10.71,7.6,0,corps,20.762004015401324,1.4075
4919,21,254,12.10,10.7,0,corps,20.753625108294962,1.8084
4920,23,260,11.30,11.6,0,corps,20.745250389594965,2.0270
4921,28,311,11.11,13.8,0,corps,20.736879857207644,1.8685
4922,22,173,7.86,11.1,0,corps,20.728513509040386,2.3824
4923,5,50,10.00,3.6,0,corps,20.720151343001582,2.2340
4924,51,643,12.61,24.0,0,corps,20.71179335700071,1.7981
4925,16,153,9.56,8.4,0,corps,20.70343954894826,1.8050
4926,23,238,10.35,11.6,0,corps,20.695089916755784,1.9768
4927,24,261,10.88,12.0,0,corps,20.68674445833588,1.8062
4928,24,249,10.38,12.0,0,corps,20.678403171602167,2.5841
4929,34,346,10.18,16.4,0,corps,20.670066054469334,2.0076
4930,31,327,10.55,15.1,0,corps,20.661733104853113,2.3045
4931,21,199,9.48,10.7,0,corps,20.653404320670248,2.3609
4932,32,386,12.06,15.6,0,corps,20.645079699838544,2.1271
4933,32,378,11.81,15.6,0,corps,20.636759240276866,2.1879
4934,14,169,12.07,7.6,0,corps,20.628442939905074,1.4544
4935,22,214,9.73,11.1,0,corps,20.62013079664411,1.7125
4936,17,143,8.41,8.9,0,corps,20.611822808415926,2.3336
4937,4,41,10.25,3.1,0,corps,20.60351897314353,1.6878
4938,11,98,8.91,6.2,0,corps,20.59521928875097,1.6690
4939,9,85,9.44,5.3,0,corps,20.586923753163315,1.7777
4940,28,263,9.39,13.8,0,corps,20.578632364306678,1.9061
4941,38,452,11.89,18.2,0,corps,20.570345120108232,1.7633
4942,10,111,11.10,5.8,0,corps,20.562062018496142,1.4918
4943,22,188,8.55,11.1,0,corps,20.553783057399652,2.0618
4944,29,306,10.55,14.2,0,corps,20.545508234749,1.9844
4945,25,231,9.24,12.4,0,corps,20.537237548475503,2.0571
4946,23,255,11.09,11.6,0,corps,20.52897099651148,2.0700
4947,33,382,11.58,16.0,0,corps,20.520708576790284,1.9358
4948,24,251,10.46,12.0,0,corps,20.51245028724632,1.9657
4949,23,233,10.13,11.6,0,corps,20.504196125815017,3.3260
4950,20,249,12.45,10.2,0,corps,20.49594609043283,1.8989
4951,31,307,9.90,15.1,0,corps,20.48770017903726,1.8072
4952,11,122,11.09,6.2,0,corps,20.47945838956681,1.5655
4953,25,260,10.40,12.4,0,corps,20.471220719961043,2.5667
4954,38,465,12.24,18.2,0,corps,20.46298716816055,1.5989
4955,30,299,9.97,14.7,0,corps,20.454757732106927,1.6460
4956,18,176,9.78,9.3,0,corps,20.446532409742822,2.2188
4957,8,88,11.00,4.9,0,corps,20.438311199011913,1.4202
4958,6,58,9.67,4.0,0,corps,20.43009409785888,2.6677
4959,11,94,8.55,6.2,0,corps,20.421881104229467,1.9622
4960,2,27,13.50,2.2,0,corps,20.41367221607041,1.5775
4961,10,97,9.70,5.8,0,corps,20.40546743132949,2.2053
4962,4,48,12.00,3.1,0,corps,20.39726674795552,2.3828
4963,34,337,9.91,16.4,0,corps,20.389070163898314,1.9927
4964,13,118,9.08,7.1,0,corps,20.380877677108735,1.9384
4965,12,125,10.42,6.7,0,corps,20.372689285538673,3.9470
4966,27,197,7.30,13.3,0,corps,20.364504987141007,2.4908
4967,22,215,9.77,11.1,0,corps,20.356324779869677,2.5189
4968,31,308,9.94,15.1,0,corps,20.348148661679623,2.3965
4969,29,318,10.97,14.2,0,corps,20.33997663052682,2.0507
4970,18,154,8.56,9.3,0,corps,20.33180868436827,3.2563
4971,9,98,10.89,5.3,0,corps,20.323644821161963,1.5376
4972,33,368,11.15,16.0,0,corps,20.315485038866946,1.9905
4973,25,216,8.64,12.4,0,corps,20.307329335443285,2.2203
4974,4,41,10.25,3.1,0,corps,20.299177708852035,1.9112
4975,12,89,7.42,6.7,0,corps,20.291030157055303,2.5625
4976,27,245,9.07,13.3,0,corps,20.282886678016187,2.1190
4977,24,260,10.83,12.0,0,corps,20.274747269698825,1.9159
4978,24,225,9.38,12.0,0,corps,20.266611930068375,2.2313
4979,21,178,8.48,10.7,0,corps,20.25848065709098,2.2340
4980,27,313,11.59,13.3,0,corps,20.250353448733843,1.9128
4981,7,60,8.57,4.4,0,corps,20.242230302965154,1.6816
4982,3,27,9.00,2.7,0,corps,20.23411121775412,2.9486
4983,42,394,9.38,20.0,0,corps,20.22599619107098,2.0634
4984,21,209,9.95,10.7,0,corps,20.21788522088697,1.7584
4985,12,109,9.08,6.7,0,corps,20.209778305174343,1.8938
4986,37,405,10.95,17.8,0,corps,20.20167544190639,1.9738
4987,5,36,7.20,3.6,0,corps,20.193576629057368,2.9092
4988,4,25,6.25,3.1,0,corps,20.185481864602593,2.1746
4989,5,51,10.20,3.6,0,corps,20.17739114651837,1.9415
4990,43,497,11.56,20.4,0,corps,20.169304472782017,2.0016
4991,15,145,9.67,8.0,0,corps,20.16122184137187,1.9458
4992,23,213,9.26,11.6,0,corps,20.153143250267263,2.2887
4993,18,182,10.11,9.3,0,corps,20.14506869744855,2.9234
4994,16,154,9.62,8.4,0,corps,20.136998180897105,3.8100
4995,7,86,12.29,4.4,0,corps,20.12893169859528,1.5817
4996,29,311,10.72,14.2,0,corps,20.120869248526464,1.9028
4997,25,256,10.24,12.4,0,corps,20.112810828675055,1.6308
4998,33,333,10.09,16.0,0,corps,20.104756437026424,1.7275
4999,15,147,9.80,8.0,0,corps,20.096706071567,2.0144
5000,25,214,8.56,12.4,0,corps,20.088659730284164,1.8016
5001,27,284,10.52,13.3,0,corps,20.080617411166347,1.5209
5002,16,188,11.75,8.4,0,corps,20.072579112202973,1.3887
5003,13,102,7.85,7.1,0,corps,20.064544831384456,2.0857
5004,10,103,10.30,5.8,0,corps,20.056514566702237,1.7019
5005,22,222,10.09,11.1,0,corps,20.04848831614873,1.5448
5006,28,306,10.93,13.8,0,corps,20.040466077717394,1.7118
5007,9,87,9.67,5.3,0,corps,20.032447849402665,1.2411
5008,18,169,9.39,9.3,0,corps,20.024433629199976,1.8497
5009,7,87,12.43,4.4,0,corps,20.016423415105773,1.8420
5010,8,67,8.38,4.9,0,corps,20.008417205117517,2.0332
5011,11,100,9.09,6.2,0,corps,20.000414997233644,1.7463
5012,18,174,9.67,9.3,0,corps,19.992416789453603,1.9054
5013,14,147,10.50,7.6,0,corps,19.98442257977784,1.8480
5014,17,201,11.82,8.9,0,corps,19.976432366207803,1.6032
5015,17,199,11.71,8.9,0,corps,19.96844614674595,1.5364
5016,29,281,9.69,14.2,0,corps,19.960463919395707,1.8711
5017,25,248,9.92,12.4,0,corps,19.952485682161527,2.2083
5018,46,540,11.74,21.8,0,corps,19.944511433048863,1.8947
5019,36,370,10.28,17.3,0,corps,19.936541170064128,1.4824
5020,19,168,8.84,9.8,0,corps,19.928574891214772,1.5276
5021,26,268,10.31,12.9,0,corps,19.920612594509223,1.6721
5022,16,174,10.88,8.4,0,corps,19.9126542779569,1.7672
5023,32,328,10.25,15.6,0,corps,19.90469993956824,1.8753
5024,37,417,11.27,17.8,0,corps,19.89674957735464,1.7548
5025,13,155,11.92,7.1,0,corps,19.888803189328513,1.4793
5026,19,182,9.58,9.8,0,corps,19.88086077350328,1.8795
5027,14,151,10.79,7.6,0,corps,19.87292232789331,1.7938
5028,21,186,8.86,10.7,0,corps,19.864987850514016,1.8761
5029,17,187,11.00,8.9,0,corps,19.857057339381758,1.4039
5030,36,407,11.31,17.3,0,corps,19.849130792513918,1.5943
5031,30,300,10.00,14.7,0,corps,19.841208207928865,1.6818
5032,10,82,8.20,5.8,0,corps,19.833289583645943,1.4994
5033,12,119,9.92,6.7,0,corps,19.825374917685494,1.4432
5034,39,439,11.26,18.7,0,corps,19.817464208068866,1.4507
5035,19,201,10.58,9.8,0,corps,19.809557452818368,1.3803
5036,32,268,8.38,15.6,0,corps,19.801654649957317,1.9086
5037,21,195,9.29,10.7,0,corps,19.793755797510006,1.8046
5038,34,297,8.74,16.4,0,corps,19.78586089350173,1.9788
5039,43,455,10.58,20.4,0,corps,19.777969935958765,1.9361
5040,16,169,10.56,8.4,0,corps,19.770082922908358,5.4879
5041,37,375,10.14,17.8,0,corps,19.762199852378764,1.3942
5042,19,178,9.37,9.8,0,corps,19.75432072239922,1.6768
5043,14,114,8.14,7.6,0,corps,19.74644553099994,2.0491
5044,22,227,10.32,11.1,0,corps,19.73857427621212,1.1866
5045,37,406,10.97,17.8,0,corps,19.73070695606795,1.4508
5046,21,225,10.71,10.7,0,corps,19.722843568600602,1.3612
5047,11,84,7.64,6.2,0,corps,19.714984111844235,1.7826
5048,5,48,9.60,3.6,0,corps,19.70712858383397,1.2574
5049,28,272,9.71,13.8,0,corps,19.69927698260593,1.5584
5050,39,394,10.10,18.7,0,corps,19.69142930619723,1.4282
5051,17,158,9.29,8.9,0,corps,19.683585552645926,1.5850
5052,5,27,5.40,3.6,0,corps,19.6757457199911,1.5426
5053,15,137,9.13,8.0,0,corps,19.667909806272778,1.5093
5054,44,453,10.30,20.9,0,corps,19.66007780953199,1.5701
5055,18,184,10.22,9.3,0,corps,19.652249727810748,1.3470
5056,9,116,12.89,5.3,0,corps,19.64442555915201,1.2523
5057,28,296,10.57,13.8,0,corps,19.636605301599737,1.3334
5058,4,44,11.00,3.1,0,corps,19.628788953198885,0.9909
5059,4,34,8.50,3.1,0,corps,19.62097651199534,1.3363
5060,43,512,11.91,20.4,0,corps,19.613167976036017,1.6547
5061,38,428,11.26,18.2,0,corps,19.605363343368758,1.5389
5062,8,77,9.62,4.9,0,corps,19.597562612042417,1.9019
5063,31,294,9.48,15.1,0,corps,19.58976578010682,1.6922
5064,27,272,10.07,13.3,0,corps,19.581972845612743,2.3945
5065,6,78,13.00,4.0,0,corps,19.574183806611952,1.7010
5066,6,49,8.17,4.0,0,corps,19.566398661157205,2.0512
5067,27,277,10.26,13.3,0,corps,19.558617407302197,1.5019
5068,13,147,11.31,7.1,0,corps,19.55084004310163,1.4331
5069,2,39,19.50,2.2,0,corps,19.54306656661115,0.5870
5070,23,209,9.09,11.6,0,corps,19.535296975887384,1.9997
5071,15,129,8.60,8.0,0,corps,19.527531268987957,1.9801
5072,24,243,10.12,12.0,0,corps,19.51976944397142,1.4901
5073,12,139,11.58,6.7,0,corps,19.512011498897323,1.6543
5074,18,160,8.89,9.3,0,corps,19.50425743182619,1.6166
5075,43,477,11.09,20.4,0,corps,19.496507240819486,1.6070
5076,29,334,11.52,14.2,0,corps,19.488760923939683,1.7913
5077,18,171,9.50,9.3,0,corps,19.481018479250185,1.6906
5078,24,204,8.50,12.0,0,corps,19.473279904815385,1.8554
5079,37,365,9.86,17.8,0,corps,19.465545198700653,1.8009
5080,42,455,10.83,20.0,0,corps,19.45781435897229,1.8258
5081,38,364,9.58,18.2,0,corps,19.450087383697596,1.7952
5082,18,184,10.22,9.3,0,corps,19.44236427094484,1.8956
5083,16,142,8.88,8.4,0,corps,19.434645018783222,1.5965
5084,29,282,9.72,14.2,0,corps,19.426929625282945,1.9158
5085,25,228,9.12,12.4,0,corps,19.41921808851515,1.9660
5086,24,188,7.83,12.0,0,corps,19.41151040655196,2.2152
5087,7,82,11.71,4.4,0,corps,19.403806577466458,1.5995
5088,32,304,9.50,15.6,0,corps,19.396106599332672,1.9089
5089,40,427,10.68,19.1,0,corps,19.388410470225615,1.5306
5090,19,181,9.53,9.8,0,corps,19.380718188221262,1.8562
5091,19,171,9.00,9.8,0,corps,19.37302975139653,2.1508
5092,6,53,8.83,4.0,0,corps,19.365345157829324,2.6087
5093,23,210,9.13,11.6,0,corps,19.35766440559848,1.8266
5094,34,375,11.03,16.4,0,corps,19.349987492783818,1.4969
5095,10,92,9.20,5.8,0,corps,19.342314417466117,1.7537
5096,7,91,13.00,4.4,0,corps,19.33464517772709,1.5932
5097,19,155,8.16,9.8,0,corps,19.326979771649437,2.2758
5098,10,101,10.10,5.8,0,corps,19.31931819731682,1.8441
5099,17,163,9.59,8.9,0,corps,19.31166045281382,1.7828
5100,6,62,10.33,4.0,0,corps,19.30400653622602,1.6756
5101,21,214,10.19,10.7,0,corps,19.29635644563993,1.7766
5102,26,258,9.92,12.9,0,corps,19.288710179143028,1.8143
5103,30,364,12.13,14.7,0,corps,19.281067734823758,1.3368
5104,21,213,10.14,10.7,0,corps,19.273429110771495,1.3522
5105,10,104,10.40,5.8,0,corps,19.26579430507659,1.3324
5106,21,178,8.48,10.7,0,corps,19.258163315830345,2.0196
5107,28,249,8.89,13.8,0,corps,19.250536141125004,1.7503
5108,8,71,8.88,4.9,0,corps,19.242912779053782,1.5713
5109,14,133,9.50,7.6,0,corps,19.23529322771083,5.2680
5110,23,309,13.43,11.6,0,corps,19.227677485191265,1.3361
5111,18,145,8.06,9.3,0,corps,19.220065549591155,1.5468
5112,23,197,8.57,11.6,0,corps,19.212457419007503,1.9290
5113,15,171,11.40,8.0,0,corps,19.20485309153829,1.3280
5114,5,43,8.60,3.6,0,corps,19.197252565282433,2.1518
5115,34,353,10.38,16.4,0,corps,19.189655838339785,1.3778
5116,55,552,10.04,25.8,0,corps,19.18206290881119,1.7529
5117,18,142,7.89,9.3,0,corps,19.174473774798393,2.1343
5118,5,49,9.80,3.6,0,corps,19.166888434404118,1.5240
5119,32,309,9.66,15.6,0,corps,19.159306885732036,1.5126
5120,21,224,10.67,10.7,0,corps,19.15172912688675,1.2851
5121,31,300,9.68,15.1,0,corps,19.144155155973824,1.7451
5122,25,221,8.84,12.4,0,corps,19.136584971099772,1.7990
5123,62,672,10.84,28.9,0,corps,19.129018570372036,1.5940
5124,26,237,9.12,12.9,0,corps,19.121455951899023,1.3864
5125,13,116,8.92,7.1,0,corps,19.113897113790077,1.2076
5126,31,399,12.87,15.1,0,corps,19.106342054155483,1.5021
5127,14,120,8.57,7.6,0,corps,19.09879077110649,1.5856
5128,22,195,8.86,11.1,0,corps,19.091243262755263,1.6446
5129,30,289,9.63,14.7,0,corps,19.083699527214936,1.7378
5130,37,396,10.70,17.8,0,corps,19.076159562599564,1.3672
5131,55,582,10.58,25.8,0,corps,19.068623367024156,1.5624
5132,28,269,9.61,13.8,0,corps,19.06109093860468,1.3208
5133,39,382,9.79,18.7,0,corps,19.05356227545801,1.4416
5134,2,18,9.00,2.2,0,corps,19.046037375701985,1.8761
5135,18,180,10.00,9.3,0,corps,19.03851623745539,1.8762
5136,11,102,9.27,6.2,0,corps,19.03099885883793,1.4258
5137,15,126,8.40,8.0,0,corps,19.023485237970263,1.4193
5138,24,255,10.62,12.0,0,corps,19.01597537297398,1.3409
5139,22,236,10.73,11.1,0,corps,19.00846926197162,1.3287
5140,26,255,9.81,12.9,0,corps,19.000966903086656,1.3802
5141,10,52,5.20,5.8,0,corps,18.993468294443492,2.4313
5142,25,258,10.32,12.4,0,corps,18.98597343416748,1.5772
5143,16,132,8.25,8.4,0,corps,18.97848232038491,2.0137
5144,25,263,10.52,12.4,0,corps,18.970994951222995,1.2930
5145,26,218,8.38,12.9,0,corps,18.9635113248099,1.6449
5146,33,323,9.79,16.0,0,corps,18.956031439274707,1.8349
5147,20,189,9.45,10.2,0,corps,18.94855529274745,1.6716
5148,50,540,10.80,23.6,0,corps,18.941082883359105,1.7756
5149,22,223,10.14,11.1,0,corps,18.933614209241547,1.8849
5150,4,52,13.00,3.1,0,corps,18.926149268527624,1.5000
5151,11,92,8.36,6.2,0,corps,18.918688059351098,2.1047
5152,12,108,9.00,6.7,0,corps,18.91123057984666,1.8115
5153,12,100,8.33,6.7,0,corps,18.903776828149955,2.0681
5154,30,354,11.80,14.7,0,corps,18.896326802397525,1.9160
5155,27,311,11.52,13.3,0,corps,18.88888050072687,1.5010
5156,20,190,9.50,10.2,0,corps,18.88143792127643,1.7449
5157,25,229,9.16,12.4,0,corps,18.873999062185536,1.8508
5158,23,225,9.78,11.6,0,corps,18.866563921594487,1.6287
5159,27,224,8.30,13.3,0,corps,18.859132497644502,1.6669
5160,33,302,9.15,16.0,0,corps,18.851704788477715,1.4825
5161,13,130,10.00,7.1,0,corps,18.844280792237207,1.0823
5162,4,39,9.75,3.1,0,corps,18.836860507066966,1.4182
5163,14,127,9.07,7.6,0,corps,18.829443931111932,1.4636
5164,29,346,11.93,14.2,0,corps,18.822031062517965,1.7137
5165,49,544,11.10,23.1,0,corps,18.81462189943183,1.7502
5166,40,435,10.88,19.1,0,corps,18.807216440001252,1.5500
5167,11,87,7.91,6.2,0,corps,18.799814682374862,1.7148
5168,41,304,7.41,19.6,0,corps,18.79241662470222,1.8071
5169,11,79,7.18,6.2,0,corps,18.785022265133815,1.4856
5170,40,446,11.15,19.1,0,corps,18.777631601821042,1.5191
5171,51,500,9.80,24.0,0,corps,18.77024463291625,1.8227
5172,15,120,8.00,8.0,0,corps,18.762861356572703,1.5669
5173,4,26,6.50,3.1,0,corps,18.755481770944563,2.9783
5174,8,77,9.62,4.9,0,corps,18.74810587418694,1.5459
5175,16,133,8.31,8.4,0,corps,18.74073366445587,1.5244
5176,19,173,9.11,9.8,0,corps,18.73336513990829,1.9412
5177,38,406,10.68,18.2,0,corps,18.726000298702075,1.3812
5178,18,165,9.17,9.3,0,corps,18.718639138996004,1.6087
5179,11,108,9.82,6.2,0,corps,18.711281658949797,1.2393
5180,14,131,9.36,7.6,0,corps,18.703927856724086,1.5886
5181,33,314,9.52,16.0,0,corps,18.69657773048041,1.7942
5182,6,59,9.83,4.0,0,corps,18.689231278381243,1.7662
5183,5,41,8.20,3.6,0,corps,18.68188849858998,1.7884
5184,7,73,10.43,4.4,0,corps,18.67454938927091,1.4089
5185,31,337,10.87,15.1,0,corps,18.66721394858927,1.5434
5186,36,420,11.67,17.3,0,corps,18.65988217471119,1.6524
5187,7,57,8.14,4.4,0,corps,18.652554065803727,1.9104
5188,33,316,9.58,16.0,0,corps,18.645229620034865,2.0390
5189,10,96,9.60,5.8,0,corps,18.637908835573473,1.7906
5190,12,104,8.67,6.7,0,corps,18.63059171058937,2.3647
5191,31,350,11.29,15.1,0,corps,18.62327824325328,1.4446
5192,16,148,9.25,8.4,0,corps,18.615968431736817,1.7314
5193,17,168,9.88,8.9,0,corps,18.60866227421255,2.2910
5194,29,265,9.14,14.2,0,corps,18.60135976885391,1.7761
5195,23,211,9.17,11.6,0,corps,18.594060913835296,1.6869
5196,34,356,10.47,16.4,0,corps,18.586765707331992,1.6009
5197,21,182,8.67,10.7,0,corps,18.579474147520187,1.6853
5198,17,173,10.18,8.9,0,corps,18.57218623257699,1.9028
5199,30,328,10.93,14.7,0,corps,18.564901960680437,1.8168
5200,30,259,8.63,14.7,0,corps,18.55762133000944,1.7185
5201,32,334,10.44,15.6,0,corps,18.55034433874386,2.2033
5202,27,283,10.48,13.3,0,corps,18.543070985064432,2.1555
5203,11,91,8.27,6.2,0,corps,18.53580126715283,2.4264
5204,21,201,9.57,10.7,0,corps,18.52853518319162,2.4546
5205,19,191,10.05,9.8,0,corps,18.521272731364284,2.2522
5206,24,181,7.54,12.0,0,corps,18.5140139098552,2.2291
5207,35,305,8.71,16.9,0,corps,18.506758716849678,2.1569
5208,25,227,9.08,12.4,0,corps,18.499507150533905,2.2799
5209,19,197,10.37,9.8,0,corps,18.492259209095,1.9081
5210,14,133,9.50,7.6,0,corps,18.485014890720965,2.0708
5211,40,409,10.22,19.1,0,corps,18.477774193600734,2.0003
5212,35,359,10.26,16.9,0,corps,18.470537115924127,2.0280
5213,31,275,8.87,15.1,0,corps,18.463303655881873,2.4471
5214,19,169,8.89,9.8,0,corps,18.4560738116656,2.1087
5215,24,232,9.67,12.0,0,corps,18.44884758146787,2.2071
5216,16,200,12.50,8.4,0,corps,18.441624963482102,1.4885
5217,33,390,11.82,16.0,0,corps,18.43440595590266,1.5519
5218,33,391,11.85,16.0,0,corps,18.427190556924767,1.8072
5219,23,221,9.61,11.6,0,corps,18.41997876474459,1.8593
5220,19,225,11.84,9.8,0,corps,18.412770577559193,1.9106
5221,11,121,11.00,6.2,0,corps,18.4055659935665,1.2394
5222,8,93,11.62,4.9,0,corps,18.398365010965385,1.4886
5223,32,355,11.09,15.6,0,corps,18.391167627955607,1.4798
5224,6,49,8.17,4.0,0,corps,18.383973842737802,1.5700
5225,5,37,7.40,3.6,0,corps,18.37678365351354,1.7105
5226,29,268,9.24,14.2,0,corps,18.369597058485258,2.2657
5227,29,297,10.24,14.2,0,corps,18.362414055856316,1.6535
5228,17,185,10.88,8.9,0,corps,18.35523464383097,1.4811
5229,41,370,9.02,19.6,0,corps,18.34805882061435,1.8572
5230,30,310,10.33,14.7,0,corps,18.340886584412512,2.0172
5231,12,120,10.00,6.7,0,corps,18.333717933432403,1.6118
5232,31,262,8.45,15.1,0,corps,18.326552865881844,2.0634
5233,31,283,9.13,15.1,0,corps,18.31939137996958,1.5009
5234,26,253,9.73,12.9,0,corps,18.312233473905234,1.7064
5235,26,291,11.19,12.9,0,corps,18.30507914589933,2.3095
5236,21,220,10.48,10.7,0,corps,18.297928394163293,1.9729
5237,22,221,10.05,11.1,0,corps,18.290781216909423,1.8793
5238,22,187,8.50,11.1,0,corps,18.28363761235093,1.9056
5239,33,300,9.09,16.0,0,corps,18.27649757870192,2.2598
5240,25,198,7.92,12.4,0,corps,18.269361114177375,2.2439
5241,7,61,8.71,4.4,0,corps,18.26222821699319,1.4395
5242,2,19,9.50,2.2,0,corps,18.255098885366124,3.1312
5243,20,214,10.70,10.2,0,corps,18.247973117513855,1.3492
5244,21,191,9.10,10.7,0,corps,18.240850911654945,1.5994
5245,47,488,10.38,22.2,0,corps,18.233732266008833,2.2979
5246,21,185,8.81,10.7,0,corps,18.226617178795863,1.6264
5247,9,71,7.89,5.3,0,corps,18.219505648237263,1.5829
5248,26,227,8.73,12.9,0,corps,18.212397672555145,1.7010
5249,38,380,10.00,18.2,0,corps,18.205293249972527,1.3225
5250,35,377,10.77,16.9,0,corps,18.198192378713284,1.8831
5251,13,108,8.31,7.1,0,corps,18.191095057002215,2.1914
5252,23,221,9.61,11.6,0,corps,18.18400128306499,1.8070
5253,6,97,16.17,4.0,0,corps,18.17691105512815,1.1123
5254,14,149,10.64,7.6,0,corps,18.169824371419157,1.1103
5255,6,60,10.00,4.0,0,corps,18.162741230166326,1.1912
5256,20,195,9.75,10.2,0,corps,18.155661629598875,2.0677
5257,31,336,10.84,15.1,0,corps,18.14858556794691,1.9605
5258,28,293,10.46,13.8,0,corps,18.141513043441403,1.8737
5259,17,157,9.24,8.9,0,corps,18.134444054314233,1.6235
5260,43,518,12.05,20.4,0,corps,18.127378598798156,2.1709
5261,42,471,11.21,20.0,0,corps,18.120316675126798,1.3273
5262,34,340,10.00,16.4,0,corps,18.113258281534687,1.7823
5263,40,355,8.88,19.1,0,corps,18.10620341625721,1.4266
5264,20,204,10.20,10.2,0,corps,18.099152077530665,0.9474
5265,37,433,11.70,17.8,0,corps,18.09210426359222,1.7503
5266,38,404,10.63,18.2,0,corps,18.0850599726799,1.2663
5267,39,359,9.21,18.7,0,corps,18.078019203032657,1.5118
5268,28,278,9.93,13.8,0,corps,18.07098195289029,1.2976
5269,50,519,10.38,23.6,0,corps,18.063948220493476,1.4998
5270,26,262,10.08,12.9,0,corps,18.056918004083798,1.1647
5271,9,72,8.00,5.3,0,corps,18.049891301903685,1.8335
5272,20,194,9.70,10.2,0,corps,18.042868112196476,1.4503
5273,31,325,10.48,15.1,0,corps,18.035848433206375,2.5039
5274,27,278,10.30,13.3,0,corps,18.028832263178447,1.1805
5275,30,286,9.53,14.7,0,corps,18.021819600358654,1.4519
5276,16,144,9.00,8.4,0,corps,18.014810442993845,1.2262
5277,31,320,10.32,15.1,0,corps,18.007804789331715,1.3978
5278,9,80,8.89,5.3,0,corps,18.000802637620858,1.1903
5279,42,486,11.57,20.0,0,corps,17.993803986110727,1.4659
5280,22,198,9.00,11.1,0,corps,17.98680883305167,1.2267
5281,20,159,7.95,10.2,0,corps,17.979817176694894,2.1537
5282,29,285,9.83,14.2,0,corps,17.97282901529248,1.5518
5283,27,267,9.89,13.3,0,corps,17.965844347097395,1.7410
5284,13,128,9.85,7.1,0,corps,17.958863170363475,1.4997
5285,21,174,8.29,10.7,0,corps,17.95188548334541,1.6595
5286,15,151,10.07,8.0,0,corps,17.944911284298804,1.3741
5287,37,449,12.14,17.8,0,corps,17.93794057148008,1.5721
5288,5,50,10.00,3.6,0,corps,17.93097334314657,2.0975
5289,45,547,12.16,21.3,0,corps,17.924009597556477,1.5280
5290,37,341,9.22,17.8,0,corps,17.917049332968848,1.5191
5291,23,211,9.17,11.6,0,corps,17.910092547643625,1.5214
5292,28,310,11.07,13.8,0,corps,17.903139239841618,1.5114
5293,19,200,10.53,9.8,0,corps,17.896189407824487,1.9938
5294,21,223,10.62,10.7,0,corps,17.889243049854787,1.6314
5295,43,433,10.07,20.4,0,corps,17.882300164195915,1.9359
5296,22,203,9.23,11.1,0,corps,17.875360749112158,1.9302
5297,18,187,10.39,9.3,0,corps,17.868424802868667,2.4462
5298,40,423,10.57,19.1,0,corps,17.86149232373144,1.8175
5299,22,239,10.86,11.1,0,corps,17.854563309967368,1.5985
5300,23,235,10.22,11.6,0,corps,17.8476377598442,1.7469
5301,38,388,10.21,18.2,0,corps,17.840715671630537,1.9238
5302,27,243,9.00,13.3,0,corps,17.833797043595876,2.0546
5303,23,200,8.70,11.6,0,corps,17.826881874010535,2.3519
5304,25,232,9.28,12.4,0,corps,17.81997016114574,2.6221
5305,9,75,8.33,5.3,0,corps,17.81306190327356,2.1490
5306,7,79,11.29,4.4,0,corps,17.806157098666926,1.7389
5307,14,122,8.71,7.6,0,corps,17.799255745599634,2.3521
5308,23,222,9.65,11.6,0,corps,17.792357842346355,2.1462
5309,32,294,9.19,15.6,0,corps,17.785463387182606,2.3750
5310,41,379,9.24,19.6,0,corps,17.77857237838478,3.0072
5311,41,416,10.15,19.6,0,corps,17.771684814230117,1.9875
5312,16,161,10.06,8.4,0,corps,17.764800692996726,2.1241
5313,29,288,9.93,14.2,0,corps,17.757920012963584,2.1673
5314,7,85,12.14,4.4,0,corps,17.751042772410518,1.9871
5315,13,147,11.31,7.1,0,corps,17.74416896961821,2.1777
5316,14,161,11.50,7.6,0,corps,17.737298602868226,1.6601
5317,27,294,10.89,13.3,0,corps,17.730431670442957,2.4270
5318,34,328,9.65,16.4,0,corps,17.723568170625683,2.1038
5319,31,250,8.06,15.1,0,corps,17.71670810170052,2.3875
5320,40,417,10.43,19.1,0,corps,17.70985146195245,1.9094
5321,42,540,12.86,20.0,0,corps,17.702998249667324,1.9261
5322,20,209,10.45,10.2,0,corps,17.696148463131824,1.7358
5323,17,142,8.35,8.9,0,corps,17.689302100633515,2.1292
5324,62,701,11.31,28.9,0,corps,17.682459160460805,2.2924
5325,25,260,10.40,12.4,0,corps,17.675619640902955,2.4653
5326,10,145,14.50,5.8,0,corps,17.668783540250086,1.7941
5327,14,135,9.64,7.6,0,corps,17.661950856793172,2.2851
5328,31,356,11.48,15.1,0,corps,17.65512158882404,2.3908
5329,20,220,11.00,10.2,0,corps,17.648295734635386,1.9570
5330,28,293,10.46,13.8,0,corps,17.641473292520725,2.3248
5331,14,153,10.93,7.6,0,corps,17.634654260774465,2.5264
5332,20,215,10.75,10.2,0,corps,17.627838637691845,1.6746
5333,8,61,7.62,4.9,0,corps,17.62102642156895,2.2274
5334,27,281,10.41,13.3,0,corps,17.614217610702735,1.8867
5335,19,216,11.37,9.8,0,corps,17.607412203390986,2.6855
5336,28,265,9.46,13.8,0,corps,17.60061019793236,2.2244
5337,28,349,12.46,13.8,0,corps,17.593811592626366,2.0693
5338,20,211,10.55,10.2,0,corps,17.587016385773328,1.9859
5339,12,113,9.42,6.7,0,corps,17.580224575674464,2.2170
5340,37,389,10.51,17.8,0,corps,17.573436160631815,2.2344
5341,11,91,8.27,6.2,0,corps,17.566651138948274,2.1566
5342,14,176,12.57,7.6,0,corps,17.55986950892759,1.4526
5343,36,352,9.78,17.3,0,corps,17.55309126887435,1.4770
5344,23,184,8.00,11.6,0,corps,17.546316417093998,1.5216
5345,19,174,9.16,9.8,0,corps,17.53954495189283,1.7197
5346,18,166,9.22,9.3,0,corps,17.532776871577962,1.4728
5347,19,196,10.32,9.8,0,corps,17.526012174457378,1.3139
5348,30,292,9.73,14.7,0,corps,17.51925085883992,2.0918
5349,35,339,9.69,16.9,0,corps,17.51249292303524,2.2229
5350,9,63,7.00,5.3,0,corps,17.505738365353867,2.0982
5351,43,479,11.14,20.4,0,corps,17.498987184107147,1.7560
5352,22,236,10.73,11.1,0,corps,17.492239377607298,1.5794
5353,31,270,8.71,15.1,0,corps,17.485494944167364,1.5685
5354,14,120,8.57,7.6,0,corps,17.478753882101238,3.1906
5355,24,251,10.46,12.0,0,corps,17.472016189723647,1.5736
5356,24,252,10.50,12.0,0,corps,17.46528186535018,1.5928
5357,35,336,9.60,16.9,0,corps,17.458550907297244,1.5204
5358,38,487,12.82,18.2,0,corps,17.45182331388211,1.4425
5359,43,443,10.30,20.4,0,corps,17.44509908342287,1.5890
5360,32,276,8.62,15.6,0,corps,17.43837821423847,1.7956
5361,32,431,13.47,15.6,0,corps,17.431660704648703,1.6397
5362,35,435,12.43,16.9,0,corps,17.42494655297417,1.4009
5363,23,196,8.52,11.6,0,corps,17.418235757536348,1.7515
5364,23,173,7.52,11.6,0,corps,17.41152831665754,1.9255
5365,13,122,9.38,7.1,0,corps,17.40482422866088,1.5115
5366,32,320,10.00,15.6,0,corps,17.39812349187035,1.8577
5367,16,151,9.44,8.4,0,corps,17.39142610461076,2.0023
5368,17,187,11.00,8.9,0,corps,17.384732065207757,1.4903
5369,4,34,8.50,3.1,0,corps,17.378041371987855,4.3032
5370,35,382,10.91,16.9,0,corps,17.371354023278354,1.5028
5371,7,77,11.00,4.4,0,corps,17.36467001740743,1.5594
5372,33,360,10.91,16.0,0,corps,17.357989352704088,1.6656
5373,20,195,9.75,10.2,0,corps,17.351312027498142,1.6535
5374,30,311,10.37,14.7,0,corps,17.344638040120284,1.8458
5375,17,196,11.53,8.9,0,corps,17.337967388901998,1.6952
5376,48,467,9.73,22.7,0,corps,17.33130007217563,2.0625
5377,21,177,8.43,10.7,0,corps,17.324636088274353,1.7105
5378,25,253,10.12,12.4,0,corps,17.317975435532166,1.6884
5379,36,386,10.72,17.3,0,corps,17.311318112283907,1.6939
5380,9,94,10.44,5.3,0,corps,17.304664116865244,1.3921
5381,26,261,10.04,12.9,0,corps,17.29801344761268,1.5404
5382,35,356,10.17,16.9,0,corps,17.29136610286355,1.5388
5383,6,73,12.17,4.0,0,corps,17.28472208095601,1.8122
5384,19,190,10.00,9.8,0,corps,17.278081380229057,2.3027
5385,26,275,10.58,12.9,0,corps,17.271443999022527,1.4575
5386,18,177,9.83,9.3,0,corps,17.264809935677057,1.6782
5387,48,540,11.25,22.7,0,corps,17.258179188534147,1.4737
5388,18,159,8.83,9.3,0,corps,17.251551755936102,1.6897
5389,29,273,9.41,14.2,0,corps,17.244927636226063,1.8219
5390,5,44,8.80,3.6,0,corps,17.238306827748005,1.6601
5391,9,87,9.67,5.3,0,corps,17.23168932884672,1.5285
5392,6,33,5.50,4.0,0,corps,17.225075137867833,3.3660
5393,25,240,9.60,12.4,0,corps,17.21846425315781,1.8784
5394,21,177,8.43,10.7,0,corps,17.21185667306391,1.7237
5395,2,18,9.00,2.2,0,corps,17.205252395934252,1.6031
5396,18,174,9.67,9.3,0,corps,17.198651420117756,1.9172
5397,6,54,9.00,4.0,0,corps,17.192053743964188,1.7768
5398,24,251,10.46,12.0,0,corps,17.185459365824123,1.3571
5399,27,254,9.41,13.3,0,corps,17.178868284048967,1.4545
5400,12,89,7.42,6.7,0,corps,17.17228049699095,2.2452
5401,5,49,9.80,3.6,0,corps,17.165696003003134,1.4441
5402,25,207,8.28,12.4,0,corps,17.15911480043938,1.8122
5403,9,99,11.00,5.3,0,corps,17.1525368876544,1.5493
5404,32,387,12.09,15.6,0,corps,17.145962263003707,2.1685
5405,47,516,10.98,22.2,0,corps,17.139390924843642,1.9918
5406,23,203,8.83,11.6,0,corps,17.132822871531385,1.4997
5407,20,195,9.75,10.2,0,corps,17.12625810142491,2.0563
5408,35,350,10.00,16.9,0,corps,17.119696612883033,2.0893
5409,14,136,9.71,7.6,0,corps,17.113138404265378,2.3159
5410,33,374,11.33,16.0,0,corps,17.106583473932385,1.8232
5411,23,203,8.83,11.6,0,corps,17.100031820245338,1.5254
5412,32,326,10.19,15.6,0,corps,17.093483441566306,1.7547
5413,35,443,12.66,16.9,0,corps,17.086938336258203,1.5846
5414,8,75,9.38,4.9,0,corps,17.080396502684764,1.5507
5415,28,298,10.64,13.8,0,corps,17.073857939210505,1.6369
5416,31,359,11.58,15.1,0,corps,17.067322644200804,1.5057
5417,19,206,10.84,9.8,0,corps,17.060790616021833,1.5352
5418,10,82,8.20,5.8,0,corps,17.054261853040583,2.2124
5419,9,84,9.33,5.3,0,corps,17.047736353624867,1.7298
5420,2,43,21.50,2.2,0,corps,17.041214116143305,1.6104
5421,21,224,10.67,10.7,0,corps,17.034695138965336,1.7891
5422,14,115,8.21,7.6,0,corps,17.028179420461225,2.1137
5423,13,133,10.23,7.1,0,corps,17.021666959002037,2.2295
5424,37,400,10.81,17.8,0,corps,17.01515775295965,2.1707
5425,13,118,9.08,7.1,0,corps,17.00865180070678,2.1839
5426,39,439,11.26,18.7,0,corps,17.00214910061692,1.9737
5427,9,92,10.22,5.3,0,corps,16.995649651064408,2.1694
5428,10,138,13.80,5.8,0,corps,16.98915345042437,1.4676
5429,19,156,8.21,9.8,0,corps,16.982660497072764,2.2668
5430,5,49,9.80,3.6,0,corps,16.976170789386355,1.8166
5431,12,100,8.33,6.7,0,corps,16.969684325742705,1.8323
5432,38,416,10.95,18.2,0,corps,16.963201104520206,1.7750
5433,24,214,8.92,12.0,0,corps,16.956721124098053,2.0885
5434,19,190,10.00,9.8,0,corps,16.950244382856244,1.7330
5435,37,347,9.38,17.8,0,corps,16.943770879175606,2.0619
5436,26,237,9.12,12.9,0,corps,16.937300611437745,2.0983
5437,25,285,11.40,12.4,0,corps,16.93083357802511,1.9167
5438,19,187,9.84,9.8,0,corps,16.924369777320937,1.7582
5439,39,478,12.26,18.7,0,corps,16.917909207709272,1.9061
5440,41,459,11.20,19.6,0,corps,16.91145186757498,2.1468
5441,14,120,8.57,7.6,0,corps,16.904997755303725,1.8474
5442,27,259,9.59,13.3,0,corps,16.89854686928197,1.7098
5443,3,34,11.33,2.7,0,corps,16.892099207897,1.2376
5444,12,99,8.25,6.7,0,corps,16.885654769536902,1.8165
5445,16,167,10.44,8.4,0,corps,16.879213552590556,2.2536
5446,57,632,11.09,26.7,0,corps,16.872775555447678,2.0983
5447,15,118,7.87,8.0,0,corps,16.86634077649875,3.2586
5448,35,390,11.14,16.9,0,corps,16.859909214135076,1.6948
5449,33,327,9.91,16.0,0,corps,16.853480866748786,1.6988
5450,17,149,8.76,8.9,0,corps,16.84705573273277,1.6199
5451,34,328,9.65,16.4,0,corps,16.84063381048076,2.0858
5452,12,103,8.58,6.7,0,corps,16.83421509838726,1.6099
5453,27,227,8.41,13.3,0,corps,16.827799594847605,1.7557
5454,18,162,9.00,9.3,0,corps,16.82138729825792,1.6610
5455,24,205,8.54,12.0,0,corps,16.81497820701513,1.7927
5456,41,394,9.61,19.6,0,corps,16.808572319516948,1.5965
5457,28,281,10.04,13.8,0,corps,16.802169634161924,1.6321
5458,20,196,9.80,10.2,0,corps,16.795770149349366,1.5212
5459,18,168,9.33,9.3,0,corps,16.78937386347942,1.7664
5460,30,290,9.67,14.7,0,corps,16.782980774952996,1.7321
5461,19,211,11.11,9.8,0,corps,16.776590882171835,1.3750
5462,30,261,8.70,14.7,0,corps,16.770204183538468,2.2112
5463,27,256,9.48,13.3,0,corps,16.763820677456202,1.8414
5464,15,139,9.27,8.0,0,corps,16.757440362329177,2.1027
5465,52,578,11.12,24.4,0,corps,16.75106323656232,1.6600
5466,13,116,8.92,7.1,0,corps,16.744689298561326,1.9337
5467,31,275,8.87,15.1,0,corps,16.73831854673273,1.6904
5468,20,175,8.75,10.2,0,corps,16.73195097948383,2.1852
5469,18,178,9.89,9.3,0,corps,16.725586595222744,2.1526
5470,10,105,10.50,5.8,0,corps,16.719225392358375,1.6189
5471,9,106,11.78,5.3,0,corps,16.71286736930042,1.4615
5472,34,361,10.62,16.4,0,corps,16.70651252445937,1.8355
5473,37,395,10.68,17.8,0,corps,16.700160856246523,2.0562
5474,38,509,13.39,18.2,0,corps,16.693812363073953,1.3399
5475,28,285,10.18,13.8,0,corps,16.68746704335454,1.5058
5476,12,106,8.83,6.7,0,corps,16.681124895501952,1.9987
5477,33,362,10.97,16.0,0,corps,16.674785917930652,1.8449
5478,3,27,9.00,2.7,0,corps,16.66845010905591,1.9563
5479,13,131,10.08,7.1,0,corps,16.66211746729375,1.7884
5480,15,121,8.07,8.0,0,corps,16.655787991061022,1.6120
5481,35,349,9.97,16.9,0,corps,16.649461678775364,1.7744
5482,20,194,9.70,10.2,0,corps,16.643138528855186,1.6540
5483,22,218,9.91,11.1,0,corps,16.636818539719712,1.6793
5484,26,293,11.27,12.9,0,corps,16.630501709788938,1.5687
5485,9,88,9.78,5.3,0,corps,16.62418803748365,1.5590
5486,30,304,10.13,14.7,0,corps,16.617877521225445,1.4567
5487,4,42,10.50,3.1,0,corps,16.61157015943668,2.7886
5488,20,165,8.25,10.2,0,corps,16.60526595054052,2.0905
5489,31,334,10.77,15.1,0,corps,16.59896489296092,1.6546
5490,14,140,10.00,7.6,0,corps,16.5926669851226,1.5932
5491,26,224,8.62,12.9,0,corps,16.586372225451107,1.7255
5492,29,269,9.28,14.2,0,corps,16.580080612372722,1.9704
5493,18,155,8.61,9.3,0,corps,16.57379214431456,2.1820
5494,27,275,10.19,13.3,0,corps,16.5675068197045,1.6770
5495,26,236,9.08,12.9,0,corps,16.56122463697121,1.8042
5496,17,178,10.47,8.9,0,corps,16.55494559454414,1.5640
5497,34,356,10.47,16.4,0,corps,16.548669690853544,1.8150
5498,21,180,8.57,10.7,0,corps,16.54239692433043,1.8386
5499,6,55,9.17,4.0,0,corps,16.536127293406615,1.7766
5500,26,255,9.81,12.9,0,corps,16.529860796514683,1.8198
5501,45,499,11.09,21.3,0,corps,16.523597432088017,1.9343
5502,14,105,7.50,7.6,0,corps,16.51733719856078,2.0322
5503,22,193,8.77,11.1,0,corps,16.5110800943679,1.8914
5504,9,87,9.67,5.3,0,corps,16.504826117945118,1.3999
5505,24,237,9.88,12.0,0,corps,16.498575267728928,2.8933
5506,34,313,9.21,16.4,0,corps,16.492327542156612,2.5195
5507,28,263,9.39,13.8,0,corps,16.486082939666254,2.1286
5508,37,410,11.08,17.8,0,corps,16.479841458696693,2.4225
5509,9,93,10.33,5.3,0,corps,16.473603097687562,1.4264
5510,27,234,8.67,13.3,0,corps,16.467367855079274,1.4153
5511,15,139,9.27,8.0,0,corps,16.46113572931301,1.6706
5512,35,351,10.03,16.9,0,corps,16.45490671883075,1.6160
5513,43,467,10.86,20.4,0,corps,16.448680822075225,1.5948
5514,3,35,11.67,2.7,0,corps,16.442458037489974,2.5308
5515,23,200,8.70,11.6,0,corps,16.4362383635193,1.7911
5516,27,256,9.48,13.3,0,corps,16.43002179860828,1.7999
5517,6,59,9.83,4.0,0,corps,16.42380834120277,1.9749
5518,14,146,10.43,7.6,0,corps,16.417597989749417,1.6171
5519,18,152,8.44,9.3,0,corps,16.411390742695627,1.7677
5520,36,378,10.50,17.3,0,corps,16.405186598489582,1.7017
5521,33,356,10.79,16.0,0,corps,16.398985555580254,1.6867
5522,18,119,6.61,9.3,0,corps,16.392787612417376,2.4749
5523,13,96,7.38,7.1,0,corps,16.38659276745147,2.4325
5524,4,53,13.25,3.1,0,corps,16.380401019133817,1.3026
5525,19,194,10.21,9.8,0,corps,16.37421236591648,2.0045
5526,12,149,12.42,6.7,0,corps,16.36802680625231,3.6577
5527,45,420,9.33,21.3,0,corps,16.361844338594896,1.8923
5528,28,248,8.86,13.8,0,corps,16.355664961398638,1.7889
5529,6,73,12.17,4.0,0,corps,16.34948867311868,1.5560
5530,33,313,9.48,16.0,0,corps,16.343315472210953,1.5980
5531,24,223,9.29,12.0,0,corps,16.337145357132165,2.1990
5532,37,424,11.46,17.8,0,corps,16.330978326339775,1.8140
5533,41,597,14.56,19.6,0,corps,16.324814378292032,1.2167
5534,19,201,10.58,9.8,0,corps,16.318653511447952,1.7037
5535,23,178,7.74,11.6,0,corps,16.312495724267308,2.2999
5536,25,256,10.24,12.4,0,corps,16.306341015210666,1.7766
5537,16,160,10.00,8.4,0,corps,16.300189382739333,1.6645
5538,39,398,10.21,18.7,0,corps,16.294040825315413,2.0625
5539,10,96,9.60,5.8,0,corps,16.287895341401768,1.5841
5540,26,262,10.08,12.9,0,corps,16.28175292946202,1.9986
5541,7,79,11.29,4.4,0,corps,16.275613587960564,1.4110
5542,37,376,10.16,17.8,0,corps,16.269477315362575,2.0262
5543,22,251,11.41,11.1,0,corps,16.263344110133975,1.8853
5544,5,47,9.40,3.6,0,corps,16.25721397074147,1.8364
5545,19,183,9.63,9.8,0,corps,16.251086895652517,1.8527
5546,34,355,10.44,16.4,0,corps,16.24496288333535,1.7945
5547,46,477,10.37,21.8,0,corps,16.238841932258975,1.8479
5548,26,268,10.31,12.9,0,corps,16.23272404089314,1.7806
5549,25,236,9.44,12.4,0,corps,16.226609207708382,2.2361
5550,41,507,12.37,19.6,0,corps,16.220497431175993,1.8640
5551,2,26,13.00,2.2,0,corps,16.21438870976802,1.3851
5552,11,110,10.00,6.2,0,corps,16.20828304195729,1.9988
5553,43,492,11.44,20.4,0,corps,16.202180426217385,1.9360
5554,22,217,9.86,11.1,0,corps,16.196080861022647,1.4559
5555,35,457,13.06,16.9,0,corps,16.18998434484819,1.8987
5556,8,85,10.62,4.9,0,corps,16.183890876169883,1.6125
5557,28,279,9.96,13.8,0,corps,16.177800453464357,1.6652
5558,27,274,10.15,13.3,0,corps,16.171713075209013,2.0863
5559,36,318,8.83,17.3,0,corps,16.165628739881996,1.8494
5560,2,19,9.50,2.2,0,corps,16.15954744596223,1.7686
5561,21,188,8.95,10.7,0,corps,16.153469191929386,1.9352
5562,51,536,10.51,24.0,0,corps,16.147393976263906,1.6401
5563,15,160,10.67,8.0,0,corps,16.141321797446984,1.8311
5564,26,246,9.46,12.9,0,corps,16.13525265396057,1.6330
5565,4,36,9.00,3.1,0,corps,16.129186544287382,1.2573
5566,3,30,10.00,2.7,0,corps,16.1231234669109,1.7302
5567,33,328,9.94,16.0,0,corps,16.117063420315343,2.1409
5568,19,163,8.58,9.8,0,corps,16.11100640298571,2.0666
5569,27,278,10.30,13.3,0,corps,16.104952413407734,2.1761
5570,31,259,8.35,15.1,0,corps,16.098901450067924,2.0685
5571,20,195,9.75,10.2,0,corps,16.092853511453544,2.1077
5572,25,234,9.36,12.4,0,corps,16.086808596052602,2.1159
5573,22,194,8.82,11.1,0,corps,16.08076670235387,2.3887
5574,10,79,7.90,5.8,0,corps,16.074727828846886,2.7004
5575,63,687,10.90,29.3,0,corps,16.068691974021913,2.1188
5576,4,38,9.50,3.1,0,corps,16.06265913637,1.7597
5577,8,107,13.38,4.9,0,corps,16.056629314382935,1.6212
5578,13,142,10.92,7.1,0,corps,16.050602506553254,1.3553
5579,17,175,10.29,8.9,0,corps,16.04457871137427,1.6270
5580,28,269,9.61,13.8,0,corps,16.038557927340026,1.8908
5581,40,378,9.45,19.1,0,corps,16.03254015294532,1.5311
5582,29,258,8.90,14.2,0,corps,16.026525386685726,1.4896
5583,30,295,9.83,14.7,0,corps,16.020513627057532,1.6139
5584,28,292,10.43,13.8,0,corps,16.014504872557815,1.2678
5585,33,288,8.73,16.0,0,corps,16.008499121684373,1.8883
5586,22,186,8.45,11.1,0,corps,16.00249637293577,1.9559
5587,44,423,9.61,20.9,0,corps,15.996496624811332,1.6255
5588,34,353,10.38,16.4,0,corps,15.990499875811107,1.7302
5589,22,183,8.32,11.1,0,corps,15.984506124435912,2.3621
5590,34,305,8.97,16.4,0,corps,15.978515369187319,1.5757
5591,46,492,10.70,21.8,0,corps,15.972527608567624,1.6373
5592,21,184,8.76,10.7,0,corps,15.966542841079898,1.3034
5593,13,139,10.69,7.1,0,corps,15.960561065227937,1.5802
5594,30,301,10.03,14.7,0,corps,15.954582279516307,1.7974
5595,59,580,9.83,27.6,0,corps,15.948606482450314,2.2049
5596,7,65,9.29,4.4,0,corps,15.942633672536,2.2646
5597,22,202,9.18,11.1,0,corps,15.936663848280167,2.0167
5598,33,304,9.21,16.0,0,corps,15.93069700819036,1.8063
5599,34,369,10.85,16.4,0,corps,15.924733150774864,1.4452
5600,37,363,9.81,17.8,0,corps,15.918772274542722,1.8098
5601,24,217,9.04,12.0,0,corps,15.912814378003706,1.8011
5602,39,317,8.13,18.7,0,corps,15.906859459668349,1.7969
5603,5,49,9.80,3.6,0,corps,15.900907518047921,2.1457
5604,12,115,9.58,6.7,0,corps,15.894958551654431,1.4189
5605,21,195,9.29,10.7,0,corps,15.88901255900064,3.9890
5606,54,613,11.35,25.3,0,corps,15.883069538600056,1.7084
5607,39,434,11.13,18.7,0,corps,15.877129488966911,1.6611
5608,36,365,10.14,17.3,0,corps,15.871192408616208,1.9012
5609,31,322,10.39,15.1,0,corps,15.865258296063663,1.3538
5610,22,219,9.95,11.1,0,corps,15.859327149825756,1.6054
5611,23,209,9.09,11.6,0,corps,15.853398968419702,1.4275
5612,3,22,7.33,2.7,0,corps,15.847473750363447,1.9322
5613,32,294,9.19,15.6,0,corps,15.84155149417569,1.3159
5614,43,447,10.40,20.4,0,corps,15.835632198375874,1.5612
5615,31,290,9.35,15.1,0,corps,15.829715861484164,1.7489
5616,40,426,10.65,19.1,0,corps,15.823802482021488,1.5365
5617,22,197,8.95,11.1,0,corps,15.817892058509486,1.7522
5618,60,652,10.87,28.0,0,corps,15.81198458947056,1.8778
5619,28,282,10.07,13.8,0,corps,15.80608007342785,1.9369
5620,21,191,9.10,10.7,0,corps,15.800178508905214,2.3881
5621,24,257,10.71,12.0,0,corps,15.794279894427268,2.4524
5622,31,415,13.39,15.1,0,corps,15.788384228519359,1.9866
5623,37,351,9.49,17.8,0,corps,15.782491509707567,2.2659
5624,6,40,6.67,4.0,0,corps,15.776601736518717,2.6974
5625,15,192,12.80,8.0,0,corps,15.770714907480357,2.4070
5626,16,179,11.19,8.4,0,corps,15.764831021120784,1.9769
5627,23,253,11.00,11.6,0,corps,15.758950075969036,2.1561
5628,20,189,9.45,10.2,0,corps,15.753072070554861,3.6455
5629,13,137,10.54,7.1,0,corps,15.747197003408772,1.9103
5630,30,298,9.93,14.7,0,corps,15.741324873061988,1.9751
5631,42,391,9.31,20.0,0,corps,15.735455678046485,2.2521
5632,49,442,9.02,23.1,0,corps,15.729589416894965,2.7862
5633,27,264,9.78,13.3,0,corps,15.723726088140857,2.3047
5634,33,304,9.21,16.0,0,corps,15.71786569031833,1.9256
5635,33,331,10.03,16.0,0,corps,15.712008221962295,2.3326
5636,55,562,10.22,25.8,0,corps,15.70615368160837,2.0337
5637,35,316,9.03,16.9,0,corps,15.700302067792931,1.9690
5638,15,126,8.40,8.0,0,corps,15.694453379053067,2.5119
5639,38,383,10.08,18.2,0,corps,15.688607613926605,2.4272
5640,14,126,9.00,7.6,0,corps,15.682764770952115,2.1243
5641,48,553,11.52,22.7,0,corps,15.676924848668872,1.6651
5642,4,43,10.75,3.1,0,corps,15.671087845616904,1.3789
5643,7,66,9.43,4.4,0,corps,15.665253760336961,1.6561
5644,16,141,8.81,8.4,0,corps,15.659422591370515,1.4327
5645,29,267,9.21,14.2,0,corps,15.653594337259783,2.0771
5646,15,180,12.00,8.0,0,corps,15.647768996547692,1.2294
5647,18,183,10.17,9.3,0,corps,15.641946567777909,1.7572
5648,30,397,13.23,14.7,0,corps,15.636127049494833,1.4773
5649,41,389,9.49,19.6,0,corps,15.630310440243575,1.7589
5650,16,164,10.25,8.4,0,corps,15.62449673856999,1.4589
5651,25,261,10.44,12.4,0,corps,15.618685943020653,1.6060
5652,45,480,10.67,21.3,0,corps,15.61287805214286,1.6952
5653,39,365,9.36,18.7,0,corps,15.607073064484641,1.8016
5654,35,342,9.77,16.9,0,corps,15.601270978594748,1.6539
5655,5,35,7.00,3.6,0,corps,15.595471793022659,1.4541
5656,26,292,11.23,12.9,0,corps,15.589675506318581,1.5041
5657,17,153,9.00,8.9,0,corps,15.583882117033438,1.7081
5658,37,375,10.14,17.8,0,corps,15.578091623718882,1.6622
5659,9,100,11.11,5.3,0,corps,15.572304024927297,1.1442
5660,39,451,11.56,18.7,0,corps,15.566519319211777,1.6598
5661,28,262,9.36,13.8,0,corps,15.560737505126152,1.5260
5662,14,152,10.86,7.6,0,corps,15.554958581224954,1.5109
5663,26,221,8.50,12.9,0,corps,15.549182546063465,1.7829
5664,14,146,10.43,7.6,0,corps,15.543409398197678,1.2691
5665,31,295,9.52,15.1,0,corps,15.537639136184293,1.8954
5666,28,264,9.43,13.8,0,corps,15.531871758580754,1.7308
5667,10,92,9.20,5.8,0,corps,15.52610726394522,1.3268
5668,12,100,8.33,6.7,0,corps,15.520345650836557,1.8900
5669,34,296,8.71,16.4,0,corps,15.514586917814368,1.7200
5670,29,261,9.00,14.2,0,corps,15.508831063438969,1.6766
5671,31,265,8.55,15.1,0,corps,15.50307808627139,2.0227
5672,15,143,9.53,8.0,0,corps,15.497327984873403,1.4004
5673,17,169,9.94,8.9,0,corps,15.491580757807464,1.3831
5674,2,27,13.50,2.2,0,corps,15.485836403636775,0.9873
5675,39,454,11.64,18.7,0,corps,15.480094920925252,1.7533
5676,25,236,9.44,12.4,0,corps,15.474356308237514,1.8165
5677,15,146,9.73,8.0,0,corps,15.468620564138917,3.2422
5678,32,343,10.72,15.6,0,corps,15.462887687195517,1.4497
5679,31,236,7.61,15.1,0,corps,15.457157675974099,2.0323
5680,20,214,10.70,10.2,0,corps,15.451430529042161,2.5922
5681,12,99,8.25,6.7,0,corps,15.445706244967914,1.9193
5682,8,86,10.75,4.9,0,corps,15.439984822320287,1.3194
5683,20,189,9.45,10.2,0,corps,15.43426625966893,1.5479
5684,24,229,9.54,12.0,0,corps,15.428550555584192,1.1465
5685,9,77,8.56,5.3,0,corps,15.422837708637156,1.7386
5686,16,151,9.44,8.4,0,corps,15.417127717399604,1.5267
5687,26,201,7.73,12.9,0,corps,15.411420580444037,1.7569
5688,36,364,10.11,17.3,0,corps,15.405716296343686,1.6855
5689,42,396,9.43,20.0,0,corps,15.400014863672459,1.8996
5690,32,350,10.94,15.6,0,corps,15.394316281005008,1.6315
5691,5,44,8.80,3.6,0,corps,15.388620546916693,1.5191
5692,41,405,9.88,19.6,0,corps,15.382927659983567,1.9814
5693,27,293,10.85,13.3,0,corps,15.377237618782422,1.3585
5694,13,122,9.38,7.1,0,corps,15.371550421890735,1.5805
5695,36,332,9.22,17.3,0,corps,15.36586606788671,1.7532
5696,6,44,7.33,4.0,0,corps,15.36018455534927,2.1786
5697,44,396,9.00,20.9,0,corps,15.354505882858021,1.9517
5698,34,336,9.88,16.4,0,corps,15.348830048993303,1.8541
5699,24,246,10.25,12.0,0,corps,15.343157052336162,1.3366
5700,21,204,9.71,10.7,0,corps,15.337486891468338,1.3554
5701,21,195,9.29,10.7,0,corps,15.3318195649723,2.4121
5702,58,795,13.71,27.1,0,corps,15.326155071431208,1.6507
5703,24,267,11.12,12.0,0,corps,15.320493409428943,1.3722
5704,29,290,10.00,14.2,0,corps,15.314834577550092,1.4535
5705,16,156,9.75,8.4,0,corps,15.309178574379942,1.6711
5706,21,265,12.62,10.7,0,corps,15.303525398504492,1.7199
5707,25,292,11.68,12.4,0,corps,15.297875048510456,1.7382
5708,22,210,9.55,11.1,0,corps,15.292227522985238,1.8197
5709,8,73,9.12,4.9,0,corps,15.286582820516964,1.3779
5710,25,216,8.64,12.4,0,corps,15.280940939694448,2.3926
5711,44,483,10.98,20.9,0,corps,15.275301879107229,1.5155
5712,14,128,9.14,7.6,0,corps,15.26966563734554,2.1033
5713,23,203,8.83,11.6,0,corps,15.264032213000315,2.0459
5714,28,282,10.07,13.8,0,corps,15.258401604663199,1.7977
5715,13,115,8.85,7.1,0,corps,15.25277381092655,1.6648
5716,25,249,9.96,12.4,0,corps,15.24714883038341,1.4872
5717,15,175,11.67,8.0,0,corps,15.241526661627539,1.3581
5718,16,147,9.19,8.4,0,corps,15.235907303253384,1.5834
5719,23,252,10.96,11.6,0,corps,15.230290753856119,2.0956
5720,24,248,10.33,12.0,0,corps,15.2246770120316,1.6097
5721,20,229,11.45,10.2,0,corps,15.219066076376395,2.0547
5722,21,227,10.81,10.7,0,corps,15.21345794548776,2.3041
5723,7,100,14.29,4.4,0,corps,15.207852617963677,1.1666
5724,31,317,10.23,15.1,0,corps,15.202250092402805,1.9435
5725,43,443,10.30,20.4,0,corps,15.19665036740452,1.4787
5726,21,160,7.62,10.7,0,corps,15.191053441568874,2.4246
5727,17,145,8.53,8.9,0,corps,15.185459313496652,1.8446
5728,26,238,9.15,12.9,0,corps,15.179867981789318,1.6893
5729,20,208,10.40,10.2,0,corps,15.174279445049036,1.6265
5730,13,111,8.54,7.1,0,corps,15.168693701878672,1.6585
5731,28,281,10.04,13.8,0,corps,15.163110750881795,1.8724
5732,45,483,10.73,21.3,0,corps,15.15753059066266,2.1384
5733,28,324,11.57,13.8,0,corps,15.151953219826236,1.6585
5734,17,201,11.82,8.9,0,corps,15.14637863697817,1.6468
5735,13,149,11.46,7.1,0,corps,15.14080684072482,1.9679
5736,13,124,9.54,7.1,0,corps,15.135237829673246,1.6149
5737,31,302,9.74,15.1,0,corps,15.129671602431182,1.7036
5738,10,94,9.40,5.8,0,corps,15.124108157607075,1.7649
5739,46,461,10.02,21.8,0,corps,15.11854749381007,1.8668
5740,32,439,13.72,15.6,0,corps,15.112989609649993,1.2506
5741,14,121,8.64,7.6,0,corps,15.107434503737382,1.6285
5742,13,116,8.92,7.1,0,corps,15.101882174683448,1.9465
5743,12,119,9.92,6.7,0,corps,15.096332621100117,1.3451
5744,8,79,9.88,4.9,0,corps,15.090785841600002,1.6614
5745,40,395,9.88,19.1,0,corps,15.0852418347964,1.5728
5746,26,224,8.62,12.9,0,corps,15.079700599303317,1.8406
5747,35,332,9.49,16.9,0,corps,15.074162133735443,1.7604
5748,41,430,10.49,19.6,0,corps,15.068626436708158,1.6053
5749,32,278,8.69,15.6,0,corps,15.063093506837543,1.7738
5750,40,449,11.22,19.1,0,corps,15.05756334274036,1.6458
5751,52,584,11.23,24.4,0,corps,15.05203594303407,2.2261
5752,29,239,8.24,14.2,0,corps,15.046511306336827,1.7263
5753,40,440,11.00,19.1,0,corps,15.040989431267462,1.5864
5754,4,47,11.75,3.1,0,corps,15.035470316445517,1.7431
5755,7,60,8.57,4.4,0,corps,15.029953960491206,1.5768
5756,8,73,9.12,4.9,0,corps,15.024440362025443,1.7856
5757,34,303,8.91,16.4,0,corps,15.018929519669829,1.9772
5758,8,89,11.12,4.9,0,corps,15.01342143204665,1.5775
5759,9,89,9.89,5.3,0,corps,15.007916097778887,1.6602
5760,37,308,8.32,17.8,0,corps,15.00241351549021,1.7759
5761,3,29,9.67,2.7,0,corps,14.996913683804966,1.4276
5762,24,218,9.08,12.0,0,corps,14.9914166013482,1.6422
5763,32,281,8.78,15.6,0,corps,14.985922266745641,1.3994
5764,4,39,9.75,3.1,0,corps,14.980430678623705,1.5457
5765,13,110,8.46,7.1,0,corps,14.974941835609501,1.7244
5766,32,345,10.78,15.6,0,corps,14.969455736330808,1.4925
5767,16,140,8.75,8.4,0,corps,14.963972379416107,1.5374
5768,14,111,7.93,7.6,0,corps,14.95849176349456,1.4444
5769,32,326,10.19,15.6,0,corps,14.95301388719601,1.6110
5770,8,89,11.12,4.9,0,corps,14.94753874915099,1.1614
5771,31,345,11.13,15.1,0,corps,14.942066347990712,1.4191
5772,46,468,10.17,21.8,0,corps,14.936596682347078,1.7698
5773,36,340,9.44,17.3,0,corps,14.931129750852673,1.6397
5774,6,51,8.50,4.0,0,corps,14.92566555214076,2.0972
5775,33,318,9.64,16.0,0,corps,14.920204084845293,1.8167
5776,17,152,8.94,8.9,0,corps,14.91474534760091,1.5085
5777,37,341,9.22,17.8,0,corps,14.909289339042914,1.8380
5778,33,281,8.52,16.0,0,corps,14.903836057807313,1.6374
5779,16,155,9.69,8.4,0,corps,14.89838550253078,2.1126
5780,52,526,10.12,24.4,0,corps,14.892937671850678,1.6985
5781,10,83,8.30,5.8,0,corps,14.887492564405058,1.8617
5782,32,324,10.12,15.6,0,corps,14.882050178832632,1.7753
5783,26,248,9.54,12.9,0,corps,14.876610513772803,2.1740
5784,33,325,9.85,16.0,0,corps,14.871173567865666,1.6748
5785,18,145,8.06,9.3,0,corps,14.865739339751974,1.9917
5786,27,241,8.93,13.3,0,corps,14.860307828073177,1.6016
5787,31,303,9.77,15.1,0,corps,14.854879031471388,1.6644
5788,2,24,12.00,2.2,0,corps,14.849452948589414,1.5531
5789,38,353,9.29,18.2,0,corps,14.844029578070742,1.7798
5790,31,315,10.16,15.1,0,corps,14.83860891855951,1.5365
5791,35,295,8.43,16.9,0,corps,14.833190968700569,1.8094
5792,3,18,6.00,2.7,0,corps,14.827775727139429,2.2656
5793,31,338,10.90,15.1,0,corps,14.822363192522273,1.4662
5794,33,357,10.82,16.0,0,corps,14.816953363495976,1.4699
5795,40,426,10.65,19.1,0,corps,14.811546238708074,1.7508
5796,29,259,8.93,14.2,0,corps,14.806141816806784,1.8240
5797,44,422,9.59,20.9,0,corps,14.80074009644101,1.9806
5798,44,441,10.02,20.9,0,corps,14.795341076260312,1.7531
5799,33,335,10.15,16.0,0,corps,14.789944754914941,2.4362
5800,16,134,8.38,8.4,0,corps,14.784551131055817,2.3349
5801,31,270,8.71,15.1,0,corps,14.779160203334529,1.5195
5802,33,272,8.24,16.0,0,corps,14.773771970403352,2.2430
5803,49,574,11.71,23.1,0,corps,14.76838643091522,1.4947
5804,49,501,10.22,23.1,0,corps,14.763003583523751,1.7106
5805,21,175,8.33,10.7,0,corps,14.757623426883237,2.4631
5806,17,152,8.94,8.9,0,corps,14.752245959648636,1.7970
5807,41,417,10.17,19.6,0,corps,14.746871180475576,1.7858
5808,19,172,9.05,9.8,0,corps,14.741499088020374,1.7275
5809,48,528,11.00,22.7,0,corps,14.736129680939994,1.5797
5810,29,298,10.28,14.2,0,corps,14.730762957892097,1.6817
5811,23,198,8.61,11.6,0,corps,14.72539891753499,1.6248
5812,8,83,10.38,4.9,0,corps,14.720037558527665,0.9565
5813,33,386,11.70,16.0,0,corps,14.714678879529794,1.6999
5814,35,309,8.83,16.9,0,corps,14.709322879201691,1.6293
5815,32,333,10.41,15.6,0,corps,14.703969556204367,1.3305
5816,7,72,10.29,4.4,0,corps,14.69861890919949,1.9317
5817,8,67,8.38,4.9,0,corps,14.693270936849393,1.6015
5818,38,369,9.71,18.2,0,corps,14.68792563781709,1.8786
5819,37,408,11.03,17.8,0,corps,14.682583010766246,1.6307
5820,41,348,8.49,19.6,0,corps,14.677243054361213,1.4485
5821,27,265,9.81,13.3,0,corps,14.671905767267003,2.8147
5822,24,201,8.38,12.0,0,corps,14.666571148149282,2.2278
5823,52,535,10.29,24.4,0,corps,14.661239195674408,1.7703
5824,25,228,9.12,12.4,0,corps,14.655909908509393,2.1721
5825,18,179,9.94,9.3,0,corps,14.650583285321906,2.0873
5826,30,305,10.17,14.7,0,corps,14.645259324780296,2.0674
5827,29,265,9.14,14.2,0,corps,14.639938025553572,1.8947
5828,23,195,8.48,11.6,0,corps,14.63461938631141,2.2684
5829,20,213,10.65,10.2,0,corps,14.629303405724153,1.8752
5830,36,415,11.53,17.3,0,corps,14.623990082462798,1.8913
5831,30,327,10.90,14.7,0,corps,14.61867941519902,1.7340
5832,16,186,11.62,8.4,0,corps,14.613371402605157,2.8839
5833,11,110,10.00,6.2,0,corps,14.608066043354192,1.8938
5834,22,219,9.95,11.1,0,corps,14.6027633361198,1.7091
5835,47,515,10.96,22.2,0,corps,14.597463279576292,1.8203
5836,9,72,8.00,5.3,0,corps,14.59216587239866,1.6479
5837,37,430,11.62,17.8,0,corps,14.586871113262553,1.7171
5838,17,140,8.24,8.9,0,corps,14.581579000844277,1.9570
5839,25,263,10.52,12.4,0,corps,14.576289533820807,1.7645
5840,26,257,9.88,12.9,0,corps,14.571002710869779,1.7027
5841,17,202,11.88,8.9,0,corps,14.56571853066948,1.4528
5842,30,348,11.60,14.7,0,corps,14.560436991898873,1.6499
5843,13,99,7.62,7.1,0,corps,14.555158093237564,2.0262
5844,14,142,10.14,7.6,0,corps,14.549881833365832,1.8576
5845,31,284,9.16,15.1,0,corps,14.544608210964622,1.6991
5846,13,109,8.38,7.1,0,corps,14.539337224715512,1.9964
5847,5,49,9.80,3.6,0,corps,14.534068873300763,1.8091
5848,23,216,9.39,11.6,0,corps,14.528803155403292,1.4571
5849,37,417,11.27,17.8,0,corps,14.52354006970666,1.4712
5850,28,267,9.54,13.8,0,corps,14.518279614895107,1.9145
5851,36,393,10.92,17.3,0,corps,14.513021789653505,2.1182
5852,7,73,10.43,4.4,0,corps,14.507766592667407,1.3868
5853,55,640,11.64,25.8,0,corps,14.502514022623014,1.7365
5854,41,477,11.63,19.6,0,corps,14.49726407820718,1.4457
5855,17,137,8.06,8.9,0,corps,14.492016758107418,2.2052
5856,32,327,10.22,15.6,0,corps,14.486772061011907,1.6713
5857,25,193,7.72,12.4,0,corps,14.481529985609459,1.6649
5858,11,91,8.27,6.2,0,corps,14.476290530589567,1.7814
5859,27,245,9.07,13.3,0,corps,14.471053694642357,1.7074
5860,29,294,10.14,14.2,0,corps,14.465819476458627,1.6975
5861,53,572,10.79,24.9,0,corps,14.460587874729825,1.9077
5862,32,281,8.78,15.6,0,corps,14.455358888148043,1.7718
5863,32,268,8.38,15.6,0,corps,14.450132515406032,1.8070
5864,28,270,9.64,13.8,0,corps,14.444908755197213,1.6880
5865,33,303,9.18,16.0,0,corps,14.439687606215632,1.7342
5866,16,179,11.19,8.4,0,corps,14.434469067156014,1.7579
5867,23,275,11.96,11.6,0,corps,14.42925313671371,1.3636
5868,20,196,9.80,10.2,0,corps,14.424039813584743,1.7998
5869,18,182,10.11,9.3,0,corps,14.41882909646579,1.8220
5870,41,345,8.41,19.6,0,corps,14.413620984054162,2.1724
5871,40,410,10.25,19.1,0,corps,14.408415475047832,1.5607
5872,36,370,10.28,17.3,0,corps,14.40321256814543,1.5990
5873,41,420,10.24,19.6,0,corps,14.398012262046219,1.7760
5874,35,405,11.57,16.9,0,corps,14.392814555450133,1.5870
5875,30,395,13.17,14.7,0,corps,14.387619447057737,1.4456
5876,11,130,11.82,6.2,0,corps,14.382426935570255,1.4157
5877,50,708,14.16,23.6,0,corps,14.377237019689568,1.7184
5878,41,442,10.78,19.6,0,corps,14.372049698118182,1.6943
5879,17,259,15.24,8.9,0,corps,14.366864969559282,1.2750
5880,27,254,9.41,13.3,0,corps,14.36168283271667,1.8754
5881,38,395,10.39,18.2,0,corps,14.356503286294824,2.3617
5882,43,468,10.88,20.4,0,corps,14.351326328998857,1.8495
5883,51,472,9.25,24.0,0,corps,14.346151959534522,1.7589
5884,28,272,9.71,13.8,0,corps,14.340980176608229,1.8316
5885,6,32,5.33,4.0,0,corps,14.335810978927041,2.7674
5886,8,71,8.88,4.9,0,corps,14.330644365198644,1.9227
5887,32,310,9.69,15.6,0,corps,14.325480334131399,1.7931
5888,40,441,11.03,19.1,0,corps,14.320318884434286,1.6847
5889,25,217,8.68,12.4,0,corps,14.315160014816946,1.8159
5890,54,713,13.20,25.3,0,corps,14.310003723989674,1.6754
5891,21,197,9.38,10.7,0,corps,14.304850010663376,1.7375
5892,50,566,11.32,23.6,0,corps,14.299698873549637,1.8042
5893,36,348,9.67,17.3,0,corps,14.294550311360673,1.7804
5894,21,214,10.19,10.7,0,corps,14.289404322809338,2.2654
5895,40,424,10.60,19.1,0,corps,14.28426090660914,2.0298
5896,44,424,9.64,20.9,0,corps,14.279120061474218,1.9483
5897,22,192,8.73,11.1,0,corps,14.273981786119366,1.8213
5898,57,752,13.19,26.7,0,corps,14.268846079260017,1.8937
5899,35,368,10.51,16.9,0,corps,14.263712939612239,1.6222
5900,33,319,9.67,16.0,0,corps,14.258582365892746,1.5954
5901,46,524,11.39,21.8,0,corps,14.253454356818906,1.4744
5902,35,345,9.86,16.9,0,corps,14.248328911108702,1.4930
5903,55,576,10.47,25.8,0,corps,14.243206027480785,1.4651
5904,29,233,8.03,14.2,0,corps,14.238085704654422,1.5691
5905,34,318,9.35,16.4,0,corps,14.23296794134954,1.6513
5906,6,53,8.83,4.0,0,corps,14.2278527362867,1.3033
5907,17,153,9.00,8.9,0,corps,14.222740088187095,1.5601
5908,27,250,9.26,13.3,0,corps,14.217629995772562,1.4430
5909,11,96,8.73,6.2,0,corps,14.212522457765589,1.6572
5910,43,449,10.44,20.4,0,corps,14.207417472889276,1.4042
5911,29,260,8.97,14.2,0,corps,14.202315039867392,1.5217
5912,5,45,9.00,3.6,0,corps,14.197215157424312,1.0109
5913,25,264,10.56,12.4,0,corps,14.192117824285077,1.6251
5914,27,261,9.67,13.3,0,corps,14.187023039175358,1.7248
5915,25,199,7.96,12.4,0,corps,14.181930800821444,1.7264
5916,43,392,9.12,20.4,0,corps,14.176841107950287,1.7321
5917,36,358,9.94,17.3,0,corps,14.171753959289463,1.5925
5918,36,386,10.72,17.3,0,corps,14.166669353567174,1.6398
5919,54,640,11.85,25.3,0,corps,14.161587289512283,1.6519
5920,23,182,7.91,11.6,0,corps,14.156507765854261,1.6575
5921,24,224,9.33,12.0,0,corps,14.151430781323239,1.6282
5922,48,531,11.06,22.7,0,corps,14.146356334649965,1.7663
5923,12,129,10.75,6.7,0,corps,14.141284424565825,1.8075
5924,41,418,10.20,19.6,0,corps,14.136215049802841,2.0267
5925,5,45,9.00,3.6,0,corps,14.13114820909368,1.7598
5926,2,45,22.50,2.2,0,corps,14.126083901171619,1.1932
5927,32,279,8.72,15.6,0,corps,14.12102212477059,1.8104
5928,14,133,9.50,7.6,0,corps,14.11596287862514,1.6986
5929,45,472,10.49,21.3,0,corps,14.110906161470464,1.6923
5930,27,218,8.07,13.3,0,corps,14.105851972042382,2.3857
5931,12,128,10.67,6.7,0,corps,14.100800309077343,1.5518
5932,39,372,9.54,18.7,0,corps,14.095751171312434,2.0027
5933,17,149,8.76,8.9,0,corps,14.090704557485376,2.0686
5934,18,155,8.61,9.3,0,corps,14.085660466334504,2.6237
5935,36,339,9.42,17.3,0,corps,14.080618896598807,2.0057
5936,12,98,8.17,6.7,0,corps,14.075579847017883,1.9928
5937,9,71,7.89,5.3,0,corps,14.070543316331971,1.9798
5938,32,269,8.41,15.6,0,corps,14.065509303281946,1.8352
5939,11,105,9.55,6.2,0,corps,14.060477806609292,2.0435
5940,20,160,8.00,10.2,0,corps,14.055448825056144,1.9983
5941,21,179,8.52,10.7,0,corps,14.05042235736526,1.8386
5942,31,283,9.13,15.1,0,corps,14.045398402280012,2.1039
5943,9,79,8.78,5.3,0,corps,14.040376958544423,2.1378
5944,8,72,9.00,4.9,0,corps,14.035358024903122,2.0337
5945,30,304,10.13,14.7,0,corps,14.030341600101378,1.7908
5946,12,138,11.50,6.7,0,corps,14.025327682885091,1.5589
5947,27,269,9.96,13.3,0,corps,14.020316272000771,1.8483
5948,21,213,10.14,10.7,0,corps,14.015307366195573,2.1977
5949,36,370,10.28,17.3,0,corps,14.010300964217274,1.8943
5950,42,436,10.38,20.0,0,corps,14.005297064814263,1.7407
5951,34,305,8.97,16.4,0,corps,14.000295666735571,1.9780
5952,18,167,9.28,9.3,0,corps,13.995296768730848,1.5720
5953,18,137,7.61,9.3,0,corps,13.990300369550365,2.2593
5954,35,399,11.40,16.9,0,corps,13.985306467945035,1.7254
5955,26,233,8.96,12.9,0,corps,13.980315062666367,1.5750
5956,47,468,9.96,22.2,0,corps,13.975326152466518,2.0235
5957,20,193,9.65,10.2,0,corps,13.970339736098264,1.8514
5958,20,174,8.70,10.2,0,corps,13.965355812314991,1.9649
5959,26,272,10.46,12.9,0,corps,13.960374379870727,1.9542
5960,15,127,8.47,8.0,0,corps,13.955395437520107,2.7399
5961,17,158,9.29,8.9,0,corps,13.950418984018395,1.9688
5962,28,254,9.07,13.8,0,corps,13.945445018121488,1.8891
5963,32,275,8.59,15.6,0,corps,13.940473538585882,2.2031
5964,33,327,9.91,16.0,0,corps,13.935504544168712,1.6987
5965,29,249,8.59,14.2,0,corps,13.930538033627734,1.9412
5966,16,139,8.69,8.4,0,corps,13.925574005721314,1.9876
5967,21,212,10.10,10.7,0,corps,13.920612459208447,1.5643
5968,49,551,11.24,23.1,0,corps,13.915653392848748,2.1737
5969,36,396,11.00,17.3,0,corps,13.910696805402445,2.0960
5970,27,275,10.19,13.3,0,corps,13.9057426956304,2.1490
5971,35,431,12.31,16.9,0,corps,13.900791062294077,1.9587
5972,72,1038,14.42,33.3,0,corps,13.89584190415557,2.0422
5973,2,16,8.00,2.2,0,corps,13.890895219977594,5.6000
5974,30,429,14.30,14.7,0,corps,13.885951008523472,1.6411
5975,22,240,10.91,11.1,0,corps,13.881009268557158,1.5249
5976,40,560,14.00,19.1,0,corps,13.876069998843207,1.6365
5977,54,648,12.00,25.3,0,corps,13.87113319814681,1.7418
5978,34,371,10.91,16.4,0,corps,13.866198865233764,1.6167
5979,27,266,9.85,13.3,0,corps,13.861266998870486,1.5484
5980,13,177,13.62,7.1,0,corps,13.856337597824005,1.2596
5981,24,242,10.08,12.0,0,corps,13.85141066086198,1.4789
5982,23,236,10.26,11.6,0,corps,13.846486186752669,1.7604
5983,29,237,8.17,14.2,0,corps,13.841564174264958,1.7649
5984,11,89,8.09,6.2,0,corps,13.83664462216834,3.1289
5985,16,149,9.31,8.4,0,corps,13.831727529232927,1.7101
5986,8,73,9.12,4.9,0,corps,13.826812894229453,2.0530
5987,49,503,10.27,23.1,0,corps,13.821900715929248,1.9678
5988,34,374,11.00,16.4,0,corps,13.816990993104275,1.7917
5989,12,119,9.92,6.7,0,corps,13.812083724527103,1.5254
5990,24,209,8.71,12.0,0,corps,13.80717890897091,1.9305
5991,30,274,9.13,14.7,0,corps,13.802276545209502,1.6710
5992,26,253,9.73,12.9,0,corps,13.797376632017274,1.6986
5993,43,424,9.86,20.4,0,corps,13.792479168169255,1.7261
5994,33,301,9.12,16.0,0,corps,13.787584152441088,2.0345
5995,11,107,9.73,6.2,0,corps,13.782691583609,1.5075
5996,26,233,8.96,12.9,0,corps,13.777801460449862,2.0205
5997,4,25,6.25,3.1,0,corps,13.772913781741144,4.2419
5998,27,236,8.74,13.3,0,corps,13.768028546260917,1.9394
5999,28,294,10.50,13.8,0,corps,13.763145752787883,2.9568
6000,29,280,9.66,14.2,0,corps,13.758265400101333,1.4519
6001,31,265,8.55,15.1,0,corps,13.753387486981183,1.6032
6002,13,126,9.69,7.1,0,corps,13.74851201220796,1.8729
6003,4,40,10.00,3.1,0,corps,13.743638974562788,1.5950
6004,34,324,9.53,16.4,0,corps,13.738768372827415,1.4500
6005,31,290,9.35,15.1,0,corps,13.733900205784181,1.8143
6006,41,452,11.02,19.6,0,corps,13.729034472216048,1.4597
6007,24,242,10.08,12.0,0,corps,13.72417117090659,1.5563
6008,38,392,10.32,18.2,0,corps,13.719310300639966,1.8108
6009,28,278,9.93,13.8,0,corps,13.714451860200974,1.5225
6010,57,761,13.35,26.7,0,corps,13.709595848375,1.4111
6011,23,229,9.96,11.6,0,corps,13.704742263948033,2.0816
6012,35,380,10.86,16.9,0,corps,13.699891105706689,1.3745
6013,20,236,11.80,10.2,0,corps,13.695042372438165,1.5094
6014,49,578,11.80,23.1,0,corps,13.690196062930287,1.5993
6015,35,357,10.20,16.9,0,corps,13.68535217597148,1.6434
6016,26,256,9.85,12.9,0,corps,13.68051071035076,1.5630
6017,35,350,10.00,16.9,0,corps,13.67567166485777,1.6779
6018,37,393,10.62,17.8,0,corps,13.67083503828275,1.4669
6019,21,170,8.10,10.7,0,corps,13.66600082941654,1.5868
6020,6,55,9.17,4.0,0,corps,13.661169037050586,1.6729
6021,19,219,11.53,9.8,0,corps,13.656339659976938,1.5311
6022,61,708,11.61,28.4,0,corps,13.651512696988258,1.7751
6023,39,402,10.31,18.7,0,corps,13.646688146877805,1.8325
6024,27,218,8.07,13.3,0,corps,13.641866008439434,2.0126
6025,8,74,9.25,4.9,0,corps,13.637046280467619,1.7642
6026,7,46,6.57,4.4,0,corps,13.632228961757425,2.4254
6027,53,530,10.00,24.9,0,corps,13.62741405110452,2.0060
6028,33,420,12.73,16.0,0,corps,13.62260154730518,1.7357
6029,18,208,11.56,9.3,0,corps,13.617791449156272,1.3128
6030,22,240,10.91,11.1,0,corps,13.61298375545528,1.9893
6031,27,254,9.41,13.3,0,corps,13.608178465000279,1.5848
6032,35,342,9.77,16.9,0,corps,13.60337557658994,1.5867
6033,33,312,9.45,16.0,0,corps,13.598575089023546,1.8768
6034,27,236,8.74,13.3,0,corps,13.593777001100976,1.6266
6035,46,616,13.39,21.8,0,corps,13.588981311622703,2.2510
6036,29,293,10.10,14.2,0,corps,13.584188019389815,1.8678
6037,25,231,9.24,12.4,0,corps,13.579397123203973,1.6398
6038,25,210,8.40,12.4,0,corps,13.574608621867466,1.9284
6039,61,706,11.57,28.4,0,corps,13.569822514183164,2.0235
6040,44,480,10.91,20.9,0,corps,13.56503879895454,1.6940
6041,32,360,11.25,15.6,0,corps,13.560257474985665,1.6716
6042,28,319,11.39,13.8,0,corps,13.55547854108121,1.3521
6043,28,255,9.11,13.8,0,corps,13.550701996046438,1.6373
6044,54,545,10.09,25.3,0,corps,13.545927838687218,1.7688
6045,39,383,9.82,18.7,0,corps,13.541156067810006,1.7518
6046,12,104,8.67,6.7,0,corps,13.53638668222186,1.2611
6047,24,209,8.71,12.0,0,corps,13.531619680730437,1.4597
6048,17,130,7.65,8.9,0,corps,13.526855062143978,2.2273
6049,15,121,8.07,8.0,0,corps,13.522092825271336,1.7250
6050,38,369,9.71,18.2,0,corps,13.517332968921956,1.5110
6051,38,423,11.13,18.2,0,corps,13.51257549190586,1.8388
6052,30,268,8.93,14.7,0,corps,13.507820393033693,2.0532
6053,32,268,8.38,15.6,0,corps,13.503067671116668,1.6620
6054,32,311,9.72,15.6,0,corps,13.49831732496661,1.5423
6055,3,31,10.33,2.7,0,corps,13.49356935339594,1.1122
6056,45,470,10.44,21.3,0,corps,13.488823755217652,1.8508
6057,30,252,8.40,14.7,0,corps,13.484080529245352,1.2958
6058,25,247,9.88,12.4,0,corps,13.479339674293236,1.2443
6059,31,290,9.35,15.1,0,corps,13.474601189176086,1.7932
6060,13,112,8.62,7.1,0,corps,13.469865072709286,1.7101
6061,21,189,9.00,10.7,0,corps,13.465131323708802,1.3947
6062,25,245,9.80,12.4,0,corps,13.460399940991193,2.0822
6063,22,181,8.23,11.1,0,corps,13.455670923373628,2.0106
6064,3,24,8.00,2.7,0,corps,13.450944269673833,2.5505
6065,24,223,9.29,12.0,0,corps,13.446219978710161,1.7945
6066,33,333,10.09,16.0,0,corps,13.441498049301535,1.2948
6067,28,284,10.14,13.8,0,corps,13.436778480267463,1.4580
6068,30,269,8.97,14.7,0,corps,13.43206127042807,2.2352
6069,39,407,10.44,18.7,0,corps,13.427346418604035,1.8101
6070,36,315,8.75,17.3,0,corps,13.422633923616656,1.9769
6071,28,294,10.50,13.8,0,corps,13.417923784287808,1.5205
6072,55,624,11.35,25.8,0,corps,13.413215999439954,1.6090
6073,51,610,11.96,24.0,0,corps,13.408510567896148,1.6141
6074,2,17,8.50,2.2,0,corps,13.403807488480037,2.4724
6075,50,499,9.98,23.6,0,corps,13.399106760015844,1.7371
6076,22,204,9.27,11.1,0,corps,13.394408381328393,2.1379
6077,6,61,10.17,4.0,0,corps,13.389712351243082,1.2346
6078,37,437,11.81,17.8,0,corps,13.38501866858591,1.7245
6079,14,117,8.36,7.6,0,corps,13.380327332183455,2.3487
6080,23,233,10.13,11.6,0,corps,13.37563834086288,1.8916
6081,44,526,11.95,20.9,0,corps,13.370951693451937,1.7141
6082,20,186,9.30,10.2,0,corps,13.366267388778974,1.6657
6083,33,246,7.45,16.0,0,corps,13.361585425672901,2.4569
6084,19,199,10.47,9.8,0,corps,13.356905802963235,1.7111
6085,32,322,10.06,15.6,0,corps,13.352228519480066,1.9509
6086,35,359,10.26,16.9,0,corps,13.347553574054075,1.8072
6087,21,178,8.48,10.7,0,corps,13.342880965516532,1.4394
6088,40,373,9.32,19.1,0,corps,13.338210692699274,1.8518
6089,20,185,9.25,10.2,0,corps,13.333542754434738,1.8101
6090,37,413,11.16,17.8,0,corps,13.328877149555943,1.9422
6091,41,405,9.88,19.6,0,corps,13.32421387689648,2.1426
6092,35,321,9.17,16.9,0,corps,13.319552935290538,2.3580
6093,31,339,10.94,15.1,0,corps,13.314894323572874,2.0373
6094,28,289,10.32,13.8,0,corps,13.31023804057884,1.4621
6095,25,208,8.32,12.4,0,corps,13.30558408514437,1.8319
6096,42,421,10.02,20.0,0,corps,13.300932456105965,2.1136
6097,32,253,7.91,15.6,0,corps,13.296283152300722,1.9716
6098,13,120,9.23,7.1,0,corps,13.29163617256632,1.4858
6099,13,132,10.15,7.1,0,corps,13.286991515741006,1.9131
6100,44,532,12.09,20.9,0,corps,13.282349180663623,1.7268
6101,18,174,9.67,9.3,0,corps,13.27770916617358,2.9488
6102,25,241,9.64,12.4,0,corps,13.273071471110873,1.3703
6103,16,142,8.88,8.4,0,corps,13.26843609431609,1.5439
6104,26,238,9.15,12.9,0,corps,13.263803034630376,1.5630
6105,6,58,9.67,4.0,0,corps,13.259172290895465,1.3919
6106,27,246,9.11,13.3,0,corps,13.25454386195368,1.4598
6107,37,403,10.89,17.8,0,corps,13.249917746647908,1.2874
6108,22,218,9.91,11.1,0,corps,13.24529394382162,1.0722
6109,11,91,8.27,6.2,0,corps,13.240672452318867,1.0426
6110,39,385,9.87,18.7,0,corps,13.236053270984272,1.2894
6111,39,356,9.13,18.7,0,corps,13.231436398663046,1.1505
6112,28,270,9.64,13.8,0,corps,13.226821834200967,1.3559
6113,4,43,10.75,3.1,0,corps,13.22220957644439,1.5902
6114,32,317,9.91,15.6,0,corps,13.217599624240265,1.3275
6115,35,376,10.74,16.9,0,corps,13.212991976436086,1.1043
6116,48,496,10.33,22.7,0,corps,13.208386631879954,1.2058
6117,24,200,8.33,12.0,0,corps,13.203783589420526,1.4546
6118,22,207,9.41,11.1,0,corps,13.19918284790704,1.3607
6119,20,162,8.10,10.2,0,corps,13.19458440618932,1.2931
6120,36,381,10.58,17.3,0,corps,13.189988263117744,1.3423
6121,13,148,11.38,7.1,0,corps,13.18539441754328,1.3396
6122,18,124,6.89,9.3,0,corps,13.180802868317476,2.8272
6123,23,191,8.30,11.6,0,corps,13.17621361429243,1.9567
6124,46,481,10.46,21.8,0,corps,13.171626654320843,1.6813
6125,33,365,11.06,16.0,0,corps,13.16704198725596,1.8105
6126,25,227,9.08,12.4,0,corps,13.162459611951624,1.8055
6127,34,329,9.68,16.4,0,corps,13.157879527262242,2.4209
6128,30,269,8.97,14.7,0,corps,13.153301732042783,1.8137
6129,23,222,9.65,11.6,0,corps,13.14872622514881,1.9165
6130,24,228,9.50,12.0,0,corps,13.14415300543644,1.6269
6131,16,137,8.56,8.4,0,corps,13.139582071762366,2.0096
6132,6,66,11.00,4.0,0,corps,13.135013422983862,1.8522
6133,34,286,8.41,16.4,0,corps,13.130447057958758,1.9366
6134,22,270,12.27,11.1,0,corps,13.125882975545466,1.7669
6135,35,378,10.80,16.9,0,corps,13.121321174602969,1.5068
6136,25,240,9.60,12.4,0,corps,13.116761653990809,1.7560
6137,17,161,9.47,8.9,0,corps,13.112204412569112,1.7290
6138,35,329,9.40,16.9,0,corps,13.107649449198563,1.6304
6139,18,151,8.39,9.3,0,corps,13.103096762740426,1.6374
6140,26,251,9.65,12.9,0,corps,13.098546352056529,1.6151
6141,38,415,10.92,18.2,0,corps,13.093998216009265,1.5334
6142,16,148,9.25,8.4,0,corps,13.089452353461601,2.2233
6143,20,182,9.10,10.2,0,corps,13.084908763277076,1.7179
6144,33,315,9.55,16.0,0,corps,13.080367444319785,1.7426
6145,14,141,10.07,7.6,0,corps,13.075828395454408,1.4019
6146,7,55,7.86,4.4,0,corps,13.071291615546174,2.0000
6147,35,370,10.57,16.9,0,corps,13.066757103460889,1.9514
6148,18,166,9.22,9.3,0,corps,13.062224858064933,1.5746
6149,56,733,13.09,26.2,0,corps,13.057694878225231,1.7213
6150,9,62,6.89,5.3,0,corps,13.0531671628093,2.9873
6151,60,717,11.95,28.0,0,corps,13.048641710685208,1.6658
6152,47,531,11.30,22.2,0,corps,13.04411852072159,1.7576
6153,33,346,10.48,16.0,0,corps,13.039597591787649,1.8314
6154,23,204,8.87,11.6,0,corps,13.03507892275315,1.7287
6155,35,371,10.60,16.9,0,corps,13.030562512488434,1.7809
6156,26,257,9.88,12.9,0,corps,13.026048359864392,1.4262
6157,44,409,9.30,20.9,0,corps,13.021536463752485,2.3483
6158,24,212,8.83,12.0,0,corps,13.017026823024738,1.9812
6159,29,277,9.55,14.2,0,corps,13.012519436553752,1.7457
6160,26,245,9.42,12.9,0,corps,13.008014303212665,1.7456
6161,26,226,8.69,12.9,0,corps,13.003511421875205,1.8675
6162,47,568,12.09,22.2,0,corps,12.999010791415644,1.6320
6163,26,211,8.12,12.9,0,corps,12.994512410708827,1.5105
6164,25,276,11.04,12.4,0,corps,12.990016278630165,1.5585
6165,35,320,9.14,16.9,0,corps,12.985522394055614,1.4907
6166,5,51,10.20,3.6,0,corps,12.981030755861712,1.2976
6167,22,223,10.14,11.1,0,corps,12.976541362925545,1.7943
6168,37,385,10.41,17.8,0,corps,12.972054214124762,1.3517
6169,22,211,9.59,11.1,0,corps,12.967569308337584,1.6533
6170,29,287,9.90,14.2,0,corps,12.963086644442779,1.6590
6171,30,285,9.50,14.7,0,corps,12.958606221319677,1.9439
6172,23,199,8.65,11.6,0,corps,12.954128037848184,1.9324
6173,2,16,8.00,2.2,0,corps,12.949652092908739,1.9125
6174,18,163,9.06,9.3,0,corps,12.94517838538237,2.1719
6175,25,223,8.92,12.4,0,corps,12.940706914150644,1.8759
6176,24,217,9.04,12.0,0,corps,12.936237678095692,1.5709
6177,4,39,9.75,3.1,0,corps,12.931770676100207,2.0385
6178,14,110,7.86,7.6,0,corps,12.927305907047435,1.6344
6179,26,219,8.42,12.9,0,corps,12.922843369821186,1.8474
6180,18,185,10.28,9.3,0,corps,12.918383063305827,1.8776
6181,42,452,10.76,20.0,0,corps,12.913924986386279,1.5979
6182,14,127,9.07,7.6,0,corps,12.909469137948024,1.7349
6183,32,325,10.16,15.6,0,corps,12.905015516877105,1.5990
6184,20,162,8.10,10.2,0,corps,12.900564122060107,2.5443
6185,30,270,9.00,14.7,0,corps,12.896114952384188,1.7613
6186,34,350,10.29,16.4,0,corps,12.891668006737051,1.8724
6187,7,67,9.57,4.4,0,corps,12.887223284006962,1.4419
6188,37,341,9.22,17.8,0,corps,12.882780783082746,2.0110
6189,63,740,11.75,29.3,0,corps,12.878340502853765,1.9642
6190,8,78,9.75,4.9,0,corps,12.873902442209959,2.4583
6191,18,177,9.83,9.3,0,corps,12.86946660004181,2.0447
6192,26,230,8.85,12.9,0,corps,12.865032975240357,1.5774
6193,25,236,9.44,12.4,0,corps,12.860601566697195,2.0393
6194,22,216,9.82,11.1,0,corps,12.856172373304467,1.3495
6195,13,101,7.77,7.1,0,corps,12.85174539395488,2.1014
6196,43,430,10.00,20.4,0,corps,12.847320627541691,1.8313
6197,14,132,9.43,7.6,0,corps,12.8428980729587,1.7031
6198,12,110,9.17,6.7,0,corps,12.838477729100276,1.9461
6199,34,263,7.74,16.4,0,corps,12.834059594861333,2.5597
6200,43,474,11.02,20.4,0,corps,12.829643669137328,1.6623
6201,20,207,10.35,10.2,0,corps,12.825229950824294,1.8626
6202,48,466,9.71,22.7,0,corps,12.820818438818787,1.9289
6203,34,313,9.21,16.4,0,corps,12.816409132017936,1.8041
6204,41,515,12.56,19.6,0,corps,12.812002029319421,1.6401
6205,55,609,11.07,25.8,0,corps,12.807597129621454,1.7442
6206,17,194,11.41,8.9,0,corps,12.803194431822812,1.8188
6207,12,115,9.58,6.7,0,corps,12.79879393482283,1.4233
6208,20,152,7.60,10.2,0,corps,12.794395637521374,1.7104
6209,45,587,13.04,21.3,0,corps,12.789999538818877,1.5633
6210,21,234,11.14,10.7,0,corps,12.785605637616307,1.3098
6211,27,279,10.33,13.3,0,corps,12.781213932815191,1.7712
6212,54,652,12.07,25.3,0,corps,12.77682442331761,1.7616
6213,38,472,12.42,18.2,0,corps,12.772437108026175,2.0068
6214,31,263,8.48,15.1,0,corps,12.768051985844062,1.9117
6215,15,122,8.13,8.0,0,corps,12.763669055674995,1.6936
6216,54,695,12.87,25.3,0,corps,12.759288316423234,1.5163
6217,29,279,9.62,14.2,0,corps,12.754909766993602,1.9604
6218,22,189,8.59,11.1,0,corps,12.750533406291453,2.8972
6219,18,216,12.00,9.3,0,corps,12.7461592332227,1.5601
6220,3,14,4.67,2.7,0,corps,12.741787246693809,3.2610
6221,3,36,12.00,2.7,0,corps,12.737417445611769,0.9942
6222,34,314,9.24,16.4,0,corps,12.733049828884136,1.4418
6223,35,369,10.54,16.9,0,corps,12.728684395419009,1.9202
6224,42,406,9.67,20.0,0,corps,12.724321144125023,1.8884
6225,31,288,9.29,15.1,0,corps,12.719960073911372,1.7033
6226,42,440,10.48,20.0,0,corps,12.715601183687781,1.6177
6227,11,109,9.91,6.2,0,corps,12.71124447236453,1.6790
6228,33,342,10.36,16.0,0,corps,12.706889938852447,1.2921
6229,29,263,9.07,14.2,0,corps,12.702537582062892,1.9746
6230,18,184,10.22,9.3,0,corps,12.698187400907775,1.8694
6231,39,421,10.79,18.7,0,corps,12.69383939429956,1.8037
6232,27,247,9.15,13.3,0,corps,12.689493561151233,1.5315
6233,18,227,12.61,9.3,0,corps,12.685149900376347,1.7412
6234,22,215,9.77,11.1,0,corps,12.680808410888977,1.5724
6235,25,231,9.24,12.4,0,corps,12.676469091603757,1.4223
6236,14,129,9.21,7.6,0,corps,12.672131941435854,2.3616
6237,32,359,11.22,15.6,0,corps,12.667796959300981,1.7930
6238,8,70,8.75,4.9,0,corps,12.663464144115395,1.2004
6239,30,280,9.33,14.7,0,corps,12.65913349479589,1.6674
6240,19,174,9.16,9.8,0,corps,12.654805010259802,1.6547
6241,26,289,11.12,12.9,0,corps,12.650478689425013,1.5778
6242,36,352,9.78,17.3,0,corps,12.646154531209941,1.6733
6243,37,363,9.81,17.8,0,corps,12.641832534533545,1.6663
6244,30,285,9.50,14.7,0,corps,12.637512698315332,2.2276
6245,40,407,10.18,19.1,0,corps,12.633195021475332,1.7113
6246,16,136,8.50,8.4,0,corps,12.628879502934137,1.9043
6247,39,370,9.49,18.7,0,corps,12.624566141612863,1.7279
6248,26,223,8.58,12.9,0,corps,12.620254936433167,1.8614
6249,55,505,9.18,25.8,0,corps,12.615945886317254,2.1448
6250,21,227,10.81,10.7,0,corps,12.611638990187855,1.7962
6251,24,211,8.79,12.0,0,corps,12.607334246968243,1.5184
6252,31,313,10.10,15.1,0,corps,12.603031655582248,1.7672
6253,22,206,9.36,11.1,0,corps,12.598731214954206,1.8729
6254,26,251,9.65,12.9,0,corps,12.594432924009013,1.6793
6255,6,67,11.17,4.0,0,corps,12.590136781672095,1.7447
6256,32,343,10.72,15.6,0,corps,12.585842786869417,1.6994
6257,42,464,11.05,20.0,0,corps,12.581550938527483,1.8709
6258,32,365,11.41,15.6,0,corps,12.577261235573326,1.6949
6259,10,87,8.70,5.8,0,corps,12.57297367693452,1.7122
6260,64,690,10.78,29.8,0,corps,12.568688261539185,1.8480
6261,47,461,9.81,22.2,0,corps,12.564404988315955,1.9564
6262,35,386,11.03,16.9,0,corps,12.56012385619402,1.8451
6263,32,294,9.19,15.6,0,corps,12.555844864103088,1.8064
6264,28,241,8.61,13.8,0,corps,12.551568010973421,2.0517
6265,29,290,10.00,14.2,0,corps,12.5472932957358,1.9887
6266,30,355,11.83,14.7,0,corps,12.543020717321548,2.1210
6267,28,277,9.89,13.8,0,corps,12.538750274662519,1.7421
6268,24,214,8.92,12.0,0,corps,12.534481966691105,1.5007
6269,26,230,8.85,12.9,0,corps,12.530215792340224,2.0349
6270,33,330,10.00,16.0,0,corps,12.52595175054334,1.7977
6271,10,81,8.10,5.8,0,corps,12.521689840234435,2.1149
6272,10,120,12.00,5.8,0,corps,12.517430060348033,1.5914
6273,42,457,10.88,20.0,0,corps,12.513172409819193,2.0869
6274,17,156,9.18,8.9,0,corps,12.5089168875835,1.8445
6275,39,368,9.44,18.7,0,corps,12.50466349257707,2.0962
6276,4,49,12.25,3.1,0,corps,12.500412223736562,1.4581
6277,22,196,8.91,11.1,0,corps,12.496163079999151,2.3495
6278,15,143,9.53,8.0,0,corps,12.491916060302554,1.7405
6279,33,402,12.18,16.0,0,corps,12.487671163585018,1.9594
6280,8,80,10.00,4.9,0,corps,12.483428388785315,1.6511
6281,64,725,11.33,29.8,0,corps,12.479187734842759,1.7527
6282,48,574,11.96,22.7,0,corps,12.474949200697175,1.5665
6283,34,345,10.15,16.4,0,corps,12.470712785288935,1.7047
6284,9,57,6.33,5.3,0,corps,12.466478487558938,1.8363
6285,7,58,8.29,4.4,0,corps,12.462246306448607,2.3300
6286,41,464,11.32,19.6,0,corps,12.458016240899896,1.6836
6287,27,315,11.67,13.3,0,corps,12.453788289855291,1.8683
6288,47,509,10.83,22.2,0,corps,12.449562452257801,1.9184
6289,30,267,8.90,14.7,0,corps,12.445338727050967,2.0475
6290,33,308,9.33,16.0,0,corps,12.44111711317886,2.1190
6291,31,253,8.16,15.1,0,corps,12.436897609586072,2.0438
6292,28,298,10.64,13.8,0,corps,12.432680215217736,1.6431
6293,10,99,9.90,5.8,0,corps,12.428464929019494,2.1120
6294,51,471,9.24,24.0,0,corps,12.424251749937534,2.0620
6295,32,336,10.50,15.6,0,corps,12.420040676918548,1.6180
6296,23,239,10.39,11.6,0,corps,12.415831708909774,1.2703
6297,12,123,10.25,6.7,0,corps,12.411624844858979,2.2649
6298,23,244,10.61,11.6,0,corps,12.407420083714435,1.6159
6299,35,419,11.97,16.9,0,corps,12.403217424424954,1.6612
6300,30,286,9.53,14.7,0,corps,12.399016865939878,1.6010
6301,2,18,9.00,2.2,0,corps,12.394818407209055,2.2811
6302,39,408,10.46,18.7,0,corps,12.390622047182884,1.9276
6303,34,340,10.00,16.4,0,corps,12.386427784812264,1.5622
6304,35,327,9.34,16.9,0,corps,12.382235619048634,1.7060
6305,13,134,10.31,7.1,0,corps,12.378045548843957,1.5013
6306,36,333,9.25,17.3,0,corps,12.373857573150707,1.9978
6307,17,171,10.06,8.9,0,corps,12.369671690921894,1.5282
6308,15,135,9.00,8.0,0,corps,12.365487901111049,1.6197
6309,34,357,10.50,16.4,0,corps,12.361306202672221,1.6802
6310,26,239,9.19,12.9,0,corps,12.35712659455999,2.0065
6311,38,360,9.47,18.2,0,corps,12.352949075729446,2.0441
6312,29,338,11.66,14.2,0,corps,12.348773645136218,1.7766
6313,29,283,9.76,14.2,0,corps,12.344600301736447,1.6179
6314,21,202,9.62,10.7,0,corps,12.340429044486791,1.6654
6315,18,194,10.78,9.3,0,corps,12.33625987234444,1.8825
6316,53,637,12.02,24.9,0,corps,12.332092784267104,2.0896
6317,30,300,10.00,14.7,0,corps,12.327927779213002,1.7642
6318,18,178,9.89,9.3,0,corps,12.323764856140896,1.9087
6319,29,273,9.41,14.2,0,corps,12.319604014010038,1.4868
6320,24,211,8.79,12.0,0,corps,12.315445251780233,2.0232
6321,43,414,9.63,20.4,0,corps,12.311288568411783,1.5971
6322,26,265,10.19,12.9,0,corps,12.307133962865516,1.5890
6323,39,316,8.10,18.7,0,corps,12.302981434102783,1.6966
6324,20,166,8.30,10.2,0,corps,12.298830981085457,2.0409
6325,44,489,11.11,20.9,0,corps,12.294682602775914,1.5443
6326,30,282,9.40,14.7,0,corps,12.29053629813707,1.4839
6327,29,268,9.24,14.2,0,corps,12.28639206613234,1.4711
6328,62,873,14.08,28.9,0,corps,12.28224990572567,1.4390
6329,40,459,11.47,19.1,0,corps,12.278109815881521,1.9025
6330,32,267,8.34,15.6,0,corps,12.273971795564867,1.5367
6331,20,173,8.65,10.2,0,corps,12.269835843741205,1.7522
6332,16,163,10.19,8.4,0,corps,12.265701959376548,1.4959
6333,41,419,10.22,19.6,0,corps,12.261570141437424,1.9996
6334,41,417,10.17,19.6,0,corps,12.257440388890881,1.5875
6335,2,15,7.50,2.2,0,corps,12.253312700704475,3.0036
6336,34,315,9.26,16.4,0,corps,12.249187075846288,1.7369
6337,38,397,10.45,18.2,0,corps,12.245063513284911,1.7120
6338,24,251,10.46,12.0,0,corps,12.240942011989459,1.4059
6339,30,299,9.97,14.7,0,corps,12.236822570929547,1.6424
6340,9,63,7.00,5.3,0,corps,12.232705189075327,1.6457
6341,46,542,11.78,21.8,0,corps,12.228589865397444,1.8275
6342,14,122,8.71,7.6,0,corps,12.224476598867074,1.8133
6343,31,253,8.16,15.1,0,corps,12.220365388455892,1.5839
6344,27,252,9.33,13.3,0,corps,12.2162562331361,1.5377
6345,21,192,9.14,10.7,0,corps,12.212149131880413,1.2655
6346,31,304,9.81,15.1,0,corps,12.208044083662047,1.6161
6347,17,161,9.47,8.9,0,corps,12.203941087454744,1.3191
6348,35,361,10.31,16.9,0,corps,12.199840142232762,1.3722
6349,26,295,11.35,12.9,0,corps,12.195741246970854,1.6065
6350,37,405,10.95,17.8,0,corps,12.191644400644302,1.6706
6351,28,255,9.11,13.8,0,corps,12.187549602228891,1.8402
6352,43,438,10.19,20.4,0,corps,12.183456850700924,1.7320
6353,15,138,9.20,8.0,0,corps,12.179366145037216,1.5731
6354,47,598,12.72,22.2,0,corps,12.17527748421508,1.6460
6355,43,532,12.37,20.4,0,corps,12.171190867212362,1.5826
6356,10,86,8.60,5.8,0,corps,12.167106293007404,2.1397
6357,36,430,11.94,17.3,0,corps,12.163023760579058,1.6739
6358,15,131,8.73,8.0,0,corps,12.1589432689067,1.6449
6359,36,336,9.33,17.3,0,corps,12.154864816970196,1.6815
6360,47,502,10.68,22.2,0,corps,12.15078840374994,1.5073
6361,25,212,8.48,12.4,0,corps,12.146714028226832,1.9337
6362,47,461,9.81,22.2,0,corps,12.142641689382266,1.8061
6363,16,140,8.75,8.4,0,corps,12.13857138619817,2.0184
6364,23,246,10.70,11.6,0,corps,12.134503117656964,1.5199
6365,53,651,12.28,24.9,0,corps,12.130436882741574,1.3379
6366,22,220,10.00,11.1,0,corps,12.126372680435454,1.3798
6367,29,306,10.55,14.2,0,corps,12.122310509722542,1.4289
6368,27,228,8.44,13.3,0,corps,12.1182503695873,1.5685
6369,18,136,7.56,9.3,0,corps,12.114192259014695,1.6599
6370,40,462,11.55,19.1,0,corps,12.110136176990194,1.6404
6371,6,64,10.67,4.0,0,corps,12.106082122499782,1.7103
6372,15,128,8.53,8.0,0,corps,12.102030094529942,1.8289
6373,20,186,9.30,10.2,0,corps,12.097980092067665,1.6346
6374,33,283,8.58,16.0,0,corps,12.093932114100458,2.3556
6375,32,264,8.25,15.6,0,corps,12.08988615961632,2.0398
6376,22,191,8.68,11.1,0,corps,12.08584222760376,1.9735
6377,45,430,9.56,21.3,0,corps,12.081800317051805,1.7908
6378,59,618,10.47,27.6,0,corps,12.077760426949968,1.9863
6379,34,309,9.09,16.4,0,corps,12.073722556288283,1.5529
6380,23,190,8.26,11.6,0,corps,12.069686704057277,2.0897
6381,4,17,4.25,3.1,0,corps,12.065652869247986,2.3270
6382,18,180,10.00,9.3,0,corps,12.061621050851961,2.6493
6383,42,384,9.14,20.0,0,corps,12.057591247861236,1.5195
6384,40,360,9.00,19.1,0,corps,12.053563459268362,1.5681
6385,28,229,8.18,13.8,0,corps,12.049537684066403,1.6264
6386,50,491,9.82,23.6,0,corps,12.0455139212489,1.5003
6387,48,427,8.90,22.7,0,corps,12.041492169809926,1.6080
6388,9,65,7.22,5.3,0,corps,12.037472428744028,1.7666
6389,9,80,8.89,5.3,0,corps,12.033454697046283,1.2468
6390,38,389,10.24,18.2,0,corps,12.029438973712258,1.3116
6391,30,289,9.63,14.7,0,corps,12.025425257738013,1.5073
6392,19,162,8.53,9.8,0,corps,12.021413548120124,2.0622
6393,19,157,8.26,9.8,0,corps,12.017403843855668,1.3659
6394,19,169,8.89,9.8,0,corps,12.01339614394221,2.0427
6395,25,227,9.08,12.4,0,corps,12.009390447377836,1.3074
6396,18,170,9.44,9.3,0,corps,12.00538675316111,1.2961
6397,10,98,9.80,5.8,0,corps,12.001385060291112,1.0612
6398,20,174,8.70,10.2,0,corps,11.997385367767427,1.7652
6399,8,71,8.88,4.9,0,corps,11.993387674590123,2.0340
6400,24,245,10.21,12.0,0,corps,11.989391979759779,1.8005
6401,28,219,7.82,13.8,0,corps,11.98539828227747,2.3567
6402,17,155,9.12,8.9,0,corps,11.981406581144775,1.7993
6403,33,317,9.61,16.0,0,corps,11.977416875363769,2.0462
6404,18,172,9.56,9.3,0,corps,11.973429163937018,2.0905
6405,47,537,11.43,22.2,0,corps,11.969443445867602,2.2787
6406,33,342,10.36,16.0,0,corps,11.965459720159094,1.9297
6407,18,141,7.83,9.3,0,corps,11.961477985815549,2.8226
6408,31,393,12.68,15.1,0,corps,11.957498241841547,1.8395
6409,29,292,10.07,14.2,0,corps,11.953520487242148,2.2013
6410,14,148,10.57,7.6,0,corps,11.949544721022908,1.7160
6411,25,239,9.56,12.4,0,corps,11.945570942189896,2.0632
6412,47,575,12.23,22.2,0,corps,11.941599149749655,1.9855
6413,29,239,8.24,14.2,0,corps,11.937629342709243,1.9900
6414,43,535,12.44,20.4,0,corps,11.93366152007621,1.7629
6415,49,727,14.84,23.1,0,corps,11.929695680858599,1.8987
6416,53,500,9.43,24.9,0,corps,11.925731824064945,1.8618
6417,50,512,10.24,23.6,0,corps,11.921769948704295,2.1511
6418,33,331,10.03,16.0,0,corps,11.917810053786168,2.0380
6419,43,520,12.09,20.4,0,corps,11.913852138320602,1.9157
6420,52,585,11.25,24.4,0,corps,11.909896201318105,1.7839
6421,22,194,8.82,11.1,0,corps,11.905942241789703,1.6909
6422,34,401,11.79,16.4,0,corps,11.901990258746903,2.8112
6423,22,209,9.50,11.1,0,corps,11.898040251201705,1.6503
6424,20,185,9.25,10.2,0,corps,11.894092218166612,1.4401
6425,45,409,9.09,21.3,0,corps,11.890146158654618,1.7783
6426,37,321,8.68,17.8,0,corps,11.886202071679202,1.8759
6427,43,396,9.21,20.4,0,corps,11.882259956254348,1.5243
6428,27,289,10.70,13.3,0,corps,11.878319811394523,1.3377
6429,18,177,9.83,9.3,0,corps,11.87438163611469,1.3843
6430,35,324,9.26,16.9,0,corps,11.87044542943031,1.9106
6431,18,161,8.94,9.3,0,corps,11.866511190357324,1.2984
6432,25,218,8.72,12.4,0,corps,11.862578917912177,1.6148
6433,19,166,8.74,9.8,0,corps,11.858648611111805,1.5068
6434,22,213,9.68,11.1,0,corps,11.854720268973622,1.4925
6435,18,164,9.11,9.3,0,corps,11.850793890515554,1.2244
6436,52,560,10.77,24.4,0,corps,11.84686947475599,1.4532
6437,32,299,9.34,15.6,0,corps,11.84294702071384,1.4142
6438,7,78,11.14,4.4,0,corps,11.839026527408489,1.4524
6439,19,192,10.11,9.8,0,corps,11.835107993859806,1.1907
6440,51,530,10.39,24.0,0,corps,11.831191419088164,1.4303
6441,15,142,9.47,8.0,0,corps,11.82727680211442,1.6950
6442,21,152,7.24,10.7,0,corps,11.823364141959914,1.8095
6443,19,185,9.74,9.8,0,corps,11.819453437646487,1.6230
6444,53,586,11.06,24.9,0,corps,11.815544688196459,1.5668
6445,34,374,11.00,16.4,0,corps,11.811637892632643,1.6579
6446,10,92,9.20,5.8,0,corps,11.807733049978342,1.7486
6447,59,724,12.27,27.6,0,corps,11.803830159257341,1.6104
6448,47,510,10.85,22.2,0,corps,11.79992921949392,1.5867
6449,32,324,10.12,15.6,0,corps,11.796030229712851,1.7196
6450,30,302,10.07,14.7,0,corps,11.792133188939374,2.0005
6451,28,275,9.82,13.8,0,corps,11.78823809619924,1.9789
6452,10,99,9.90,5.8,0,corps,11.784344950518665,1.4038
6453,19,169,8.89,9.8,0,corps,11.780453750924371,1.6247
6454,6,36,6.00,4.0,0,corps,11.776564496443557,2.4544
6455,11,104,9.45,6.2,0,corps,11.772677186103905,1.6809
6456,44,458,10.41,20.9,0,corps,11.768791818933588,1.6389
6457,22,194,8.82,11.1,0,corps,11.76490839396127,2.1679
6458,30,296,9.87,14.7,0,corps,11.76102691021609,2.0426
6459,18,168,9.33,9.3,0,corps,11.757147366727683,1.9806
6460,24,224,9.33,12.0,0,corps,11.75326976252615,1.4218
6461,20,202,10.10,10.2,0,corps,11.7493940966421,1.6942
6462,29,276,9.52,14.2,0,corps,11.745520368106618,1.2744
6463,33,313,9.48,16.0,0,corps,11.741648575951263,1.6124
6464,16,165,10.31,8.4,0,corps,11.737778719208094,2.4848
6465,53,538,10.15,24.9,0,corps,11.73391079690965,1.5610
6466,55,559,10.16,25.8,0,corps,11.730044808088941,1.7421
6467,22,198,9.00,11.1,0,corps,11.726180751779475,1.9482
6468,6,56,9.33,4.0,0,corps,11.722318627015236,1.4867
6469,10,94,9.40,5.8,0,corps,11.718458432830694,1.2780
6470,33,251,7.61,16.0,0,corps,11.714600168260805,1.8849
6471,29,246,8.48,14.2,0,corps,11.710743832340995,2.2655
6472,52,580,11.15,24.4,0,corps,11.706889424107182,1.6603
6473,20,164,8.20,10.2,0,corps,11.703036942595766,1.5008
6474,28,271,9.68,13.8,0,corps,11.699186386843625,1.7851
6475,34,359,10.56,16.4,0,corps,11.695337755888124,1.4195
6476,22,198,9.00,11.1,0,corps,11.691491048767096,1.8608
6477,54,577,10.69,25.3,0,corps,11.687646264518875,1.5220
6478,33,319,9.67,16.0,0,corps,11.683803402182264,1.5728
6479,5,37,7.40,3.6,0,corps,11.679962460796537,1.4810
6480,39,365,9.36,18.7,0,corps,11.676123439401465,1.9482
6481,52,522,10.04,24.4,0,corps,11.672286337037296,1.8309
6482,50,468,9.36,23.6,0,corps,11.66845115274475,1.7119
6483,19,161,8.47,9.8,0,corps,11.664617885565034,1.7826
6484,26,256,9.85,12.9,0,corps,11.660786534539827,1.7923
6485,26,227,8.73,12.9,0,corps,11.656957098711294,1.8389
6486,15,108,7.20,8.0,0,corps,11.653129577122076,1.6786
6487,27,286,10.59,13.3,0,corps,11.64930396881529,1.3711
6488,51,550,10.78,24.0,0,corps,11.645480272834538,1.4046
6489,32,308,9.62,15.6,0,corps,11.641658488223896,1.7076
6490,51,532,10.43,24.0,0,corps,11.637838614027912,1.5203
6491,17,152,8.94,8.9,0,corps,11.634020649291624,2.4618
6492,9,78,8.67,5.3,0,corps,11.630204593060537,1.9563
6493,29,249,8.59,14.2,0,corps,11.626390444380636,2.5493
6494,26,287,11.04,12.9,0,corps,11.622578202298389,1.4819
6495,29,311,10.72,14.2,0,corps,11.618767865860733,1.5498
6496,15,127,8.47,8.0,0,corps,11.614959434115079,1.9184
6497,34,381,11.21,16.4,0,corps,11.611152906109327,1.6886
6498,36,331,9.19,17.3,0,corps,11.607348280891838,1.7510
6499,43,436,10.14,20.4,0,corps,11.603545557511463,1.6774
6500,27,205,7.59,13.3,0,corps,11.599744735017515,2.3057
6501,33,317,9.61,16.0,0,corps,11.595945812459787,1.8132
6502,35,382,10.91,16.9,0,corps,11.592148788888556,2.0255
6503,30,263,8.77,14.7,0,corps,11.588353663354562,1.8353
6504,10,87,8.70,5.8,0,corps,11.584560434909022,2.4120
6505,28,275,9.82,13.8,0,corps,11.58076910260363,1.9259
6506,51,558,10.94,24.0,0,corps,11.57697966549055,2.2427
6507,41,440,10.73,19.6,0,corps,11.57319212262243,1.9050
6508,44,494,11.23,20.9,0,corps,11.569406473052378,1.8785
6509,22,242,11.00,11.1,0,corps,11.565622715833983,1.7660
6510,6,87,14.50,4.0,0,corps,11.561840850021312,1.4539
6511,22,182,8.27,11.1,0,corps,11.558060874668888,3.2271
6512,47,580,12.34,22.2,0,corps,11.554282788831724,1.7419
6513,9,83,9.22,5.3,0,corps,11.550506591565297,2.8640
6514,23,224,9.74,11.6,0,corps,11.54673228192555,2.3597
6515,33,353,10.70,16.0,0,corps,11.542959858968924,2.0807
6516,16,133,8.31,8.4,0,corps,11.539189321752295,2.1387
6517,41,373,9.10,19.6,0,corps,11.535420669333035,2.1142
6518,51,483,9.47,24.0,0,corps,11.531653900768987,1.9648
6519,14,92,6.57,7.6,0,corps,11.527889015118447,2.3587
6520,51,597,11.71,24.0,0,corps,11.524126011440206,2.0073
6521,31,292,9.42,15.1,0,corps,11.520364888793502,1.2812
6522,19,157,8.26,9.8,0,corps,11.516605646238062,1.5397
6523,12,115,9.58,6.7,0,corps,11.512848282834073,1.4968
6524,15,171,11.40,8.0,0,corps,11.509092797642193,1.4475
6525,50,575,11.50,23.6,0,corps,11.505339189723552,1.4824
6526,38,337,8.87,18.2,0,corps,11.501587458139747,1.5915
6527,5,63,12.60,3.6,0,corps,11.497837601952845,1.1803
6528,36,325,9.03,17.3,0,corps,11.494089620225386,1.3634
6529,22,193,8.77,11.1,0,corps,11.490343512020369,1.6820
6530,21,187,8.90,10.7,0,corps,11.486599276401266,1.1811
6531,25,206,8.24,12.4,0,corps,11.482856912432023,1.5281
6532,40,389,9.72,19.1,0,corps,11.47911641917705,1.7870
6533,26,220,8.46,12.9,0,corps,11.475377795701217,1.7307
6534,2,11,5.50,2.2,0,corps,11.471641041069875,2.4040
6535,22,236,10.73,11.1,0,corps,11.467906154348828,1.2562
6536,12,126,10.50,6.7,0,corps,11.464173134604364,1.3181
6537,28,245,8.75,13.8,0,corps,11.46044198090322,1.6958
6538,5,36,7.20,3.6,0,corps,11.456712692312607,1.5053
6539,15,126,8.40,8.0,0,corps,11.452985267900209,1.5100
6540,52,511,9.83,24.4,0,corps,11.449259706734166,1.6363
6541,22,220,10.00,11.1,0,corps,11.445536007883087,1.5002
6542,42,399,9.50,20.0,0,corps,11.441814170416054,2.0317
6543,25,232,9.28,12.4,0,corps,11.438094193402595,1.6205
6544,37,306,8.27,17.8,0,corps,11.43437607591273,1.9930
6545,23,260,11.30,11.6,0,corps,11.43065981701692,1.7224
6546,39,372,9.54,18.7,0,corps,11.426945415786099,2.0667
6547,28,279,9.96,13.8,0,corps,11.423232871291678,1.7902
6548,21,236,11.24,10.7,0,corps,11.419522182605506,1.9805
6549,25,251,10.04,12.4,0,corps,11.415813348799922,2.0203
6550,36,338,9.39,17.3,0,corps,11.412106368947716,2.0554
6551,16,148,9.25,8.4,0,corps,11.408401242122137,1.7022
6552,49,558,11.39,23.1,0,corps,11.404697967396912,1.9515
6553,23,222,9.65,11.6,0,corps,11.400996543846212,1.8156
6554,11,108,9.82,6.2,0,corps,11.397296970544687,2.3455
6555,44,434,9.86,20.9,0,corps,11.39359924656745,2.0478
6556,42,395,9.40,20.0,0,corps,11.389903370990057,2.0403
6557,20,166,8.30,10.2,0,corps,11.386209342888542,2.4029
6558,23,238,10.35,11.6,0,corps,11.38251716133941,1.9145
6559,35,355,10.14,16.9,0,corps,11.3788268254196,1.7061
6560,42,523,12.45,20.0,0,corps,11.37513833420654,1.6653
6561,40,467,11.68,19.1,0,corps,11.371451686778098,1.4273
6562,35,329,9.40,16.9,0,corps,11.367766882212615,1.6459
6563,49,625,12.76,23.1,0,corps,11.364083919588893,1.9939
6564,11,102,9.27,6.2,0,corps,11.360402797986191,1.5812
6565,43,404,9.40,20.4,0,corps,11.356723516484221,1.7281
6566,21,158,7.52,10.7,0,corps,11.353046074163176,2.1392
6567,28,287,10.25,13.8,0,corps,11.34937047010368,1.4361
6568,26,290,11.15,12.9,0,corps,11.345696703386848,1.4258
6569,11,114,10.36,6.2,0,corps,11.342024773094225,1.4512
6570,18,179,9.94,9.3,0,corps,11.338354678307835,1.6600
6571,23,168,7.30,11.6,0,corps,11.334686418110154,1.7547
6572,24,233,9.71,12.0,0,corps,11.331019991584112,1.6563
6573,41,427,10.41,19.6,0,corps,11.327355397813108,1.5572
6574,33,355,10.76,16.0,0,corps,11.323692635880994,2.0405
6575,24,193,8.04,12.0,0,corps,11.320031704872074,2.1278
6576,30,250,8.33,14.7,0,corps,11.316372603871121,2.0746
6577,46,495,10.76,21.8,0,corps,11.312715331963355,1.7839
6578,31,316,10.19,15.1,0,corps,11.30905988823446,1.3182
6579,14,135,9.64,7.6,0,corps,11.305406271770577,1.2761
6580,27,250,9.26,13.3,0,corps,11.3017544816583,1.3175
6581,36,414,11.50,17.3,0,corps,11.298104516984678,1.7915
6582,27,267,9.89,13.3,0,corps,11.294456376837225,2.0823
6583,42,511,12.17,20.0,0,corps,11.290810060303905,1.5476
6584,19,189,9.95,9.8,0,corps,11.28716556647314,1.8920
6585,51,596,11.69,24.0,0,corps,11.283522894433801,1.5461
6586,29,255,8.79,14.2,0,corps,11.279882043275224,1.9519
6587,25,245,9.80,12.4,0,corps,11.276243012087198,1.4295
6588,35,381,10.89,16.9,0,corps,11.272605799959958,1.8414
6589,23,170,7.39,11.6,0,corps,11.268970405984211,2.0477
6590,52,580,11.15,24.4,0,corps,11.265336829251101,1.8332
6591,9,94,10.44,5.3,0,corps,11.261705068852237,3.1335
6592,43,448,10.42,20.4,0,corps,11.25807512387968,2.0192
6593,22,192,8.73,11.1,0,corps,11.25444699342594,1.8219
6594,24,224,9.33,12.0,0,corps,11.250820676583984,1.7608
6595,22,178,8.09,11.1,0,corps,11.247196172447238,1.8796
6596,52,519,9.98,24.4,0,corps,11.24357348010957,1.9114
6597,24,197,8.21,12.0,0,corps,11.239952598665312,2.1072
6598,32,276,8.62,15.6,0,corps,11.236333527209242,1.8696
6599,27,305,11.30,13.3,0,corps,11.232716264836586,1.7755
6600,26,280,10.77,12.9,0,corps,11.229100810643041,1.5329
6601,42,423,10.07,20.0,0,corps,11.225487163724734,1.4837
6602,25,244,9.76,12.4,0,corps,11.221875323178255,1.7479
6603,39,453,11.62,18.7,0,corps,11.218265288100646,1.5451
6604,27,247,9.15,13.3,0,corps,11.214657057589392,1.4157
6605,17,174,10.24,8.9,0,corps,11.211050630742442,1.2327
6606,27,271,10.04,13.3,0,corps,11.20744600665819,1.3487
6607,11,78,7.09,6.2,0,corps,11.203843184435474,1.9337
6608,48,513,10.69,22.7,0,corps,11.200242163173597,1.1598
6609,46,485,10.54,21.8,0,corps,11.196642941972293,1.7676
6610,7,58,8.29,4.4,0,corps,11.19304551993176,1.9064
6611,22,188,8.55,11.1,0,corps,11.18944989615265,1.3535
6612,5,43,8.60,3.6,0,corps,11.185856069736047,1.3620
6613,22,217,9.86,11.1,0,corps,11.182264039783501,1.5338
6614,8,84,10.50,4.9,0,corps,11.178673805397004,1.1974
6615,41,397,9.68,19.6,0,corps,11.175085365678994,1.4200
6616,27,293,10.85,13.3,0,corps,11.171498719732364,1.5657
6617,58,599,10.33,27.1,0,corps,11.16791386666045,1.5520
6618,28,285,10.18,13.8,0,corps,11.164330805567038,1.1249
6619,25,232,9.28,12.4,0,corps,11.16074953555637,1.4786
6620,25,270,10.80,12.4,0,corps,11.157170055733118,1.4184
6621,27,256,9.48,13.3,0,corps,11.15359236520242,1.8624
6622,29,269,9.28,14.2,0,corps,11.15001646306985,1.6594
6623,30,352,11.73,14.7,0,corps,11.146442348441433,1.4831
6624,17,145,8.53,8.9,0,corps,11.142870020423642,2.1456
6625,36,325,9.03,17.3,0,corps,11.139299478123391,2.3083
6626,46,475,10.33,21.8,0,corps,11.135730720648047,1.9784
6627,20,185,9.25,10.2,0,corps,11.13216374710542,2.0180
6628,31,296,9.55,15.1,0,corps,11.128598556603766,1.8276
6629,36,397,11.03,17.3,0,corps,11.125035148251794,1.5806
6630,26,274,10.54,12.9,0,corps,11.12147352115864,1.8499
6631,4,32,8.00,3.1,0,corps,11.117913674433904,1.5196
6632,41,477,11.63,19.6,0,corps,11.114355607187626,1.5853
6633,2,32,16.00,2.2,0,corps,11.110799318530285,2.0597
6634,28,279,9.96,13.8,0,corps,11.10724480757281,1.5940
6635,13,103,7.92,7.1,0,corps,11.103692073426577,1.8297
6636,48,465,9.69,22.7,0,corps,11.1001411152034,1.8701
6637,27,245,9.07,13.3,0,corps,11.096591932015535,1.6492
6638,26,216,8.31,12.9,0,corps,11.09304452297569,1.7640
6639,37,410,11.08,17.8,0,corps,11.089498887197013,1.6512
6640,37,373,10.08,17.8,0,corps,11.085955023793097,1.9032
6641,15,130,8.67,8.0,0,corps,11.082412931877975,1.7493
6642,9,68,7.56,5.3,0,corps,11.078872610566117,2.0872
6643,9,90,10.00,5.3,0,corps,11.075334058972455,1.5810
6644,2,22,11.00,2.2,0,corps,11.071797276212342,1.6906
6645,25,225,9.00,12.4,0,corps,11.068262261401586,1.6253
6646,41,420,10.24,19.6,0,corps,11.06472901365643,1.5980
6647,60,683,11.38,28.0,0,corps,11.061197532093564,1.3708
6648,22,196,8.91,11.1,0,corps,11.057667815830118,2.1541
6649,50,498,9.96,23.6,0,corps,11.054139863983664,1.4064
6650,22,201,9.14,11.1,0,corps,11.050613675672214,1.6117
6651,31,269,8.68,15.1,0,corps,11.047089250014217,1.5854
6652,14,96,6.86,7.6,0,corps,11.04356658612857,2.1321
6653,34,366,10.76,16.4,0,corps,11.040045683134608,1.7141
6654,41,436,10.63,19.6,0,corps,11.0365265401521,1.5784
6655,20,171,8.55,10.2,0,corps,11.033009156301265,1.7842
6656,31,320,10.32,15.1,0,corps,11.029493530702759,1.5904
6657,49,543,11.08,23.1,0,corps,11.025979662477667,1.6309
6658,40,440,11.00,19.1,0,corps,11.022467550747528,1.3645
6659,33,327,9.91,16.0,0,corps,11.018957194634316,1.3199
6660,37,344,9.30,17.8,0,corps,11.015448593260437,1.8023
6661,16,130,8.12,8.4,0,corps,11.011941745748747,1.8997
6662,20,161,8.05,10.2,0,corps,11.008436651222524,2.1257
6663,24,235,9.79,12.0,0,corps,11.004933308805503,1.5941
6664,15,145,9.67,8.0,0,corps,11.001431717621848,5.8271
6665,32,286,8.94,15.6,0,corps,10.997931876796157,1.9141
6666,45,591,13.13,21.3,0,corps,10.99443378545347,1.6361
6667,35,328,9.37,16.9,0,corps,10.99093744271927,1.7517
6668,22,206,9.36,11.1,0,corps,10.98744284771946,1.4209
6669,61,703,11.52,28.4,0,corps,10.983949999580405,1.6652
6670,28,244,8.71,13.8,0,corps,10.980458897428885,1.8014
6671,40,352,8.80,19.1,0,corps,10.976969540392123,1.8219
6672,33,337,10.21,16.0,0,corps,10.973481927597787,1.4883
6673,31,293,9.45,15.1,0,corps,10.969996058173964,1.8227
6674,27,264,9.78,13.3,0,corps,10.966511931249192,2.0463
6675,47,482,10.26,22.2,0,corps,10.963029545952446,1.9623
6676,29,277,9.55,14.2,0,corps,10.959548901413116,2.0553
6677,41,352,8.59,19.6,0,corps,10.95606999676105,2.0502
6678,48,483,10.06,22.7,0,corps,10.95259283112652,1.5967
6679,36,382,10.61,17.3,0,corps,10.949117403640232,1.7659
6680,46,481,10.46,21.8,0,corps,10.945643713433334,1.8841
6681,31,310,10.00,15.1,0,corps,10.942171759637398,1.9701
6682,16,146,9.12,8.4,0,corps,10.938701541384438,2.1024
6683,46,475,10.33,21.8,0,corps,10.9352330578069,1.7228
6684,37,416,11.24,17.8,0,corps,10.931766308037663,1.6865
6685,48,550,11.46,22.7,0,corps,10.92830129121004,1.6482
6686,29,289,9.97,14.2,0,corps,10.924838006457774,1.7879
6687,9,74,8.22,5.3,0,corps,10.921376452915046,1.7295
6688,14,115,8.21,7.6,0,corps,10.917916629716467,2.2093
6689,37,388,10.49,17.8,0,corps,10.914458535997085,1.8386
6690,21,159,7.57,10.7,0,corps,10.911002170892367,2.2467
6691,26,225,8.65,12.9,0,corps,10.907547533538233,1.9570
6692,36,359,9.97,17.3,0,corps,10.904094623071014,1.6767
6693,36,414,11.50,17.3,0,corps,10.900643438627492,2.0112
6694,57,733,12.86,26.7,0,corps,10.897193979344861,1.6752
6695,14,128,9.14,7.6,0,corps,10.893746244360763,1.7637
6696,57,736,12.91,26.7,0,corps,10.890300232813264,1.6521
6697,37,350,9.46,17.8,0,corps,10.886855943840853,1.8366
6698,20,182,9.10,10.2,0,corps,10.883413376582466,2.0822
6699,51,570,11.18,24.0,0,corps,10.879972530177461,1.7316
6700,21,185,8.81,10.7,0,corps,10.876533403765626,2.1396
6701,26,240,9.23,12.9,0,corps,10.873095996487175,1.9443
6702,15,150,10.00,8.0,0,corps,10.869660307482759,1.4301
6703,35,395,11.29,16.9,0,corps,10.866226335893456,1.6755
6704,40,372,9.30,19.1,0,corps,10.862794080860775,2.0750
6705,25,262,10.48,12.4,0,corps,10.859363541526646,1.6998
6706,25,220,8.80,12.4,0,corps,10.855934717033438,1.9272
6707,35,341,9.74,16.9,0,corps,10.852507606523949,1.7889
6708,11,96,8.73,6.2,0,corps,10.849082209141391,1.8962
6709,23,190,8.26,11.6,0,corps,10.84565852402943,2.5518
6710,49,549,11.20,23.1,0,corps,10.84223655033213,1.8648
6711,40,427,10.68,19.1,0,corps,10.838816287194,1.7598
6712,36,369,10.25,17.3,0,corps,10.835397733759985,2.2088
6713,10,108,10.80,5.8,0,corps,10.831980889175435,1.3570
6714,47,499,10.62,22.2,0,corps,10.828565752586142,1.7921
6715,40,391,9.78,19.1,0,corps,10.825152323138326,2.3085
6716,41,429,10.46,19.6,0,corps,10.821740599978625,1.7453
6717,39,401,10.28,18.7,0,corps,10.81833058225411,1.6775
6718,23,277,12.04,11.6,0,corps,10.814922269112273,1.5486
6719,3,40,13.33,2.7,0,corps,10.811515659701037,1.8032
6720,40,382,9.55,19.1,0,corps,10.808110753168759,1.8148
6721,44,448,10.18,20.9,0,corps,10.804707548664199,2.1774
6722,21,203,9.67,10.7,0,corps,10.801306045336561,1.4233
6723,20,199,9.95,10.2,0,corps,10.797906242335475,1.4747
6724,35,349,9.97,16.9,0,corps,10.794508138810983,1.8212
6725,64,736,11.50,29.8,0,corps,10.79111173391356,1.8107
6726,17,148,8.71,8.9,0,corps,10.787717026794105,1.5147
6727,25,211,8.44,12.4,0,corps,10.784324016603945,1.9203
6728,27,251,9.30,13.3,0,corps,10.780932702494821,1.3615
6729,29,279,9.62,14.2,0,corps,10.777543083618909,1.8358
6730,26,256,9.85,12.9,0,corps,10.774155159128803,1.5208
6731,30,291,9.70,14.7,0,corps,10.770768928177526,1.8021
6732,35,319,9.11,16.9,0,corps,10.767384389918512,2.4216
6733,37,371,10.03,17.8,0,corps,10.764001543505634,1.8659
6734,32,260,8.12,15.6,0,corps,10.760620388093173,1.9618
6735,24,178,7.42,12.0,0,corps,10.757240922835845,2.1042
6736,25,235,9.40,12.4,0,corps,10.753863146888786,2.0096
6737,7,61,8.71,4.4,0,corps,10.750487059407545,1.7821
6738,24,211,8.79,12.0,0,corps,10.747112659548108,1.6042
6739,33,321,9.73,16.0,0,corps,10.74373994646687,1.7209
6740,11,109,9.91,6.2,0,corps,10.74036891932065,1.2952
6741,31,250,8.06,15.1,0,corps,10.736999577266701,2.0682
6742,35,315,9.00,16.9,0,corps,10.733631919462677,1.5852
6743,12,116,9.67,6.7,0,corps,10.73026594506667,1.7316
6744,32,346,10.81,15.6,0,corps,10.726901653237183,1.9412
6745,29,260,8.97,14.2,0,corps,10.723539043133142,1.7175
6746,9,85,9.44,5.3,0,corps,10.7201781139139,1.5210
6747,52,615,11.83,24.4,0,corps,10.716818864739222,1.6783
6748,27,264,9.78,13.3,0,corps,10.713461294769294,1.9062
6749,15,119,7.93,8.0,0,corps,10.710105403164727,1.9528
6750,18,150,8.33,9.3,0,corps,10.70675118908654,2.1166
6751,45,447,9.93,21.3,0,corps,10.703398651696192,1.5853
6752,23,192,8.35,11.6,0,corps,10.700047790155539,1.6147
6753,41,374,9.12,19.6,0,corps,10.696698603626867,1.9265
6754,28,250,8.93,13.8,0,corps,10.693351091272884,1.6510
6755,18,116,6.44,9.3,0,corps,10.690005252256704,2.1736
6756,23,210,9.13,11.6,0,corps,10.686661085741875,1.8878
6757,55,574,10.44,25.8,0,corps,10.683318590892355,1.8714
6758,22,200,9.09,11.1,0,corps,10.679977766872511,1.5363
6759,36,420,11.67,17.3,0,corps,10.676638612847148,1.5221
6760,14,123,8.79,7.6,0,corps,10.673301127981471,2.2619
6761,48,518,10.79,22.7,0,corps,10.66996531144111,1.6267
6762,41,526,12.83,19.6,0,corps,10.666631162392115,1.6235
6763,40,439,10.97,19.1,0,corps,10.663298680000944,1.5086
6764,38,366,9.63,18.2,0,corps,10.659967863434474,1.6521
6765,36,329,9.14,17.3,0,corps,10.656638711860012,1.5209
6766,30,285,9.50,14.7,0,corps,10.653311224445256,1.7849
6767,28,279,9.96,13.8,0,corps,10.649985400358341,1.4081
6768,48,560,11.67,22.7,0,corps,10.646661238767816,1.9001
6769,27,284,10.52,13.3,0,corps,10.643338738842631,1.7779
6770,23,205,8.91,11.6,0,corps,10.640017899752168,1.6873
6771,22,190,8.64,11.1,0,corps,10.636698720666212,1.7663
6772,34,339,9.97,16.4,0,corps,10.633381200754972,1.5657
6773,25,222,8.88,12.4,0,corps,10.630065339189068,1.8234
6774,43,460,10.70,20.4,0,corps,10.626751135139529,2.0650
6775,56,592,10.57,26.2,0,corps,10.623438587777812,1.8639
6776,16,152,9.50,8.4,0,corps,10.620127696275775,1.6780
6777,19,181,9.53,9.8,0,corps,10.616818459805696,1.6714
6778,46,423,9.20,21.8,0,corps,10.613510877540271,2.2110
6779,14,124,8.86,7.6,0,corps,10.610204948652594,1.5802
6780,35,417,11.91,16.9,0,corps,10.606900672316188,2.1140
6781,49,460,9.39,23.1,0,corps,10.60359804770499,1.6355
6782,23,219,9.52,11.6,0,corps,10.600297073993337,1.2802
6783,26,231,8.88,12.9,0,corps,10.596997750355985,1.5723
6784,47,431,9.17,22.2,0,corps,10.593700075968107,1.5487
6785,29,316,10.90,14.2,0,corps,10.590404050005278,1.5260
6786,37,340,9.19,17.8,0,corps,10.587109671643502,1.6827
6787,10,90,9.00,5.8,0,corps,10.583816940059174,1.3017
6788,26,217,8.35,12.9,0,corps,10.580525854429112,1.8386
6789,23,221,9.61,11.6,0,corps,10.577236413930557,1.1924
6790,23,220,9.57,11.6,0,corps,10.573948617741133,1.5686
6791,26,284,10.92,12.9,0,corps,10.570662465038899,1.3447
6792,38,307,8.08,18.2,0,corps,10.567377955002316,1.8621
6793,18,174,9.67,9.3,0,corps,10.564095086810255,1.1395
6794,51,485,9.51,24.0,0,corps,10.560813859642003,1.7046
6795,35,327,9.34,16.9,0,corps,10.557534272677247,1.9318
6796,36,362,10.06,17.3,0,corps,10.554256325096093,1.4167
6797,14,155,11.07,7.6,0,corps,10.550980016079055,1.1704
6798,11,77,7.00,6.2,0,corps,10.547705344807056,2.4802
6799,5,46,9.20,3.6,0,corps,10.544432310461428,1.3290
6800,26,284,10.92,12.9,0,corps,10.541160912223912,1.3157
6801,41,406,9.90,19.6,0,corps,10.537891149276657,1.8991
6802,29,286,9.86,14.2,0,corps,10.534623020802226,1.7006
6803,38,388,10.21,18.2,0,corps,10.531356525983579,1.5382
6804,33,407,12.33,16.0,0,corps,10.5280916640041,1.5653
6805,36,308,8.56,17.3,0,corps,10.524828434047572,2.0246
6806,14,82,5.86,7.6,0,corps,10.521566835298183,2.8137
6807,42,392,9.33,20.0,0,corps,10.518306866940538,1.4992
6808,23,231,10.04,11.6,0,corps,10.515048528159648,1.7464
6809,27,261,9.67,13.3,0,corps,10.51179181814092,1.4938
6810,62,659,10.63,28.9,0,corps,10.508536736070184,1.8272
6811,20,155,7.75,10.2,0,corps,10.505283281133662,1.8278
6812,30,276,9.20,14.7,0,corps,10.502031452517993,1.8109
6813,40,369,9.22,19.1,0,corps,10.498781249410225,1.9103
6814,23,205,8.91,11.6,0,corps,10.4955326709978,1.5987
6815,40,357,8.93,19.1,0,corps,10.492285716468578,1.7266
6816,33,343,10.39,16.0,0,corps,10.489040385010822,1.8680
6817,70,915,13.07,32.4,0,corps,10.48579667581319,1.7117
6818,38,376,9.89,18.2,0,corps,10.482554588064769,1.8207
6819,23,209,9.09,11.6,0,corps,10.479314120955022,1.4482
6820,34,309,9.09,16.4,0,corps,10.476075273673837,1.8458
6821,31,268,8.65,15.1,0,corps,10.472838045411512,1.2570
6822,24,242,10.08,12.0,0,corps,10.469602435358727,1.4033
6823,38,377,9.92,18.2,0,corps,10.466368442706584,1.6061
6824,30,331,11.03,14.7,0,corps,10.46313606664659,1.5756
6825,26,232,8.92,12.9,0,corps,10.45990530637064,1.8852
6826,48,437,9.10,22.7,0,corps,10.456676161071055,1.6600
6827,32,337,10.53,15.6,0,corps,10.453448629940542,1.3370
6828,26,204,7.85,12.9,0,corps,10.45022271217222,1.9420
6829,20,183,9.15,10.2,0,corps,10.446998406959612,1.2818
6830,13,125,9.62,7.1,0,corps,10.443775713496636,1.6778
6831,43,497,11.56,20.4,0,corps,10.440554630977623,1.1804
6832,30,291,9.70,14.7,0,corps,10.437335158597302,1.4545
6833,5,44,8.80,3.6,0,corps,10.434117295550802,1.2739
6834,21,199,9.48,10.7,0,corps,10.430901041033664,5.7626
6835,50,493,9.86,23.6,0,corps,10.427686394241817,1.8264
6836,30,288,9.60,14.7,0,corps,10.4244733543716,1.4212
6837,28,256,9.14,13.8,0,corps,10.42126192061976,1.4886
6838,29,292,10.07,14.2,0,corps,10.418052092183427,1.3908
6839,26,208,8.00,12.9,0,corps,10.414843868260155,1.6779
6840,18,162,9.00,9.3,0,corps,10.411637248047883,1.3727
6841,13,100,7.69,7.1,0,corps,10.408432230744955,1.7980
6842,24,232,9.67,12.0,0,corps,10.405228815550121,1.7157
6843,16,122,7.62,8.4,0,corps,10.40202700166252,2.8574
6844,25,223,8.92,12.4,0,corps,10.398826788281706,1.8724
6845,21,147,7.00,10.7,0,corps,10.395628174607621,2.5016
6846,42,436,10.38,20.0,0,corps,10.392431159840616,1.5644
6847,14,150,10.71,7.6,0,corps,10.38923574318143,1.1946
6848,30,328,10.93,14.7,0,corps,10.386041923831216,1.5124
6849,23,210,9.13,11.6,0,corps,10.382849700991514,1.6366
6850,58,666,11.48,27.1,0,corps,10.379659073864273,1.5041
6851,32,306,9.56,15.6,0,corps,10.376470041651832,1.3750
6852,50,545,10.90,23.6,0,corps,10.373282603556932,1.4691
6853,31,269,8.68,15.1,0,corps,10.37009675878272,1.9576
6854,23,229,9.96,11.6,0,corps,10.36691250653273,1.2696
6855,34,320,9.41,16.4,0,corps,10.363729846010896,1.2168
6856,33,353,10.70,16.0,0,corps,10.360548776421563,1.6314
6857,8,73,9.12,4.9,0,corps,10.357369296969454,1.5329
6858,33,308,9.33,16.0,0,corps,10.354191406859703,1.4358
6859,10,89,8.90,5.8,0,corps,10.351015105297837,1.6611
6860,25,213,8.52,12.4,0,corps,10.347840391489779,3.1738
6861,11,92,8.36,6.2,0,corps,10.344667264641854,1.5751
6862,32,271,8.47,15.6,0,corps,10.341495723960776,1.6888
6863,35,354,10.11,16.9,0,corps,10.338325768653664,1.5414
6864,35,328,9.37,16.9,0,corps,10.335157397928027,1.4635
6865,42,358,8.52,20.0,0,corps,10.33199061099177,1.9654
6866,29,287,9.90,14.2,0,corps,10.328825407053202,1.4728
6867,46,441,9.59,21.8,0,corps,10.325661785321017,1.7673
6868,40,412,10.30,19.1,0,corps,10.32249974500431,1.5822
6869,56,610,10.89,26.2,0,corps,10.319339285312576,1.8763
6870,28,264,9.43,13.8,0,corps,10.316180405455693,1.5718
6871,16,140,8.75,8.4,0,corps,10.313023104643944,1.3811
6872,79,1048,13.27,36.4,0,corps,10.309867382088006,2.0130
6873,39,414,10.62,18.7,0,corps,10.306713236998947,1.7205
6874,43,490,11.40,20.4,0,corps,10.30356066858823,1.3531
6875,14,110,7.86,7.6,0,corps,10.300409676067709,1.4467
6876,5,46,9.20,3.6,0,corps,10.297260258649644,1.4765
6877,25,227,9.08,12.4,0,corps,10.294112415546675,1.5740
6878,45,423,9.40,21.3,0,corps,10.290966145971842,1.7641
6879,69,776,11.25,32.0,0,corps,10.287821449138582,1.6683
6880,29,286,9.86,14.2,0,corps,10.28467832426071,1.4403
6881,32,381,11.91,15.6,0,corps,10.281536770552455,1.6823
6882,11,104,9.45,6.2,0,corps,10.278396787228427,2.1115
6883,11,94,8.55,6.2,0,corps,10.275258373503629,2.1858
6884,24,246,10.25,12.0,0,corps,10.272121528593454,1.8260
6885,4,43,10.75,3.1,0,corps,10.268986251713697,2.1630
6886,30,319,10.63,14.7,0,corps,10.265852542080534,1.5972
6887,25,248,9.92,12.4,0,corps,10.262720398910542,1.9461
6888,23,216,9.39,11.6,0,corps,10.259589821420676,1.6622
6889,30,348,11.60,14.7,0,corps,10.256460808828303,1.8629
6890,29,267,9.21,14.2,0,corps,10.253333360351164,1.9255
6891,34,310,9.12,16.4,0,corps,10.250207475207397,1.7942
6892,15,146,9.73,8.0,0,corps,10.247083152615527,1.3481
6893,50,516,10.32,23.6,0,corps,10.243960391794484,2.1218
6894,36,383,10.64,17.3,0,corps,10.24083919196357,1.6951
6895,21,221,10.52,10.7,0,corps,10.237719552342488,1.3330
6896,28,299,10.68,13.8,0,corps,10.234601472151322,1.8975
6897,31,350,11.29,15.1,0,corps,10.23148495061056,1.8764
6898,27,246,9.11,13.3,0,corps,10.228369986941068,1.7944
6899,14,161,11.50,7.6,0,corps,10.225256580364103,1.7449
6900,38,387,10.18,18.2,0,corps,10.222144730101315,1.4120
6901,36,339,9.42,17.3,0,corps,10.219034435374747,1.8641
6902,28,306,10.93,13.8,0,corps,10.215925695406817,1.9784
6903,44,410,9.32,20.9,0,corps,10.212818509420343,1.7440
6904,31,333,10.74,15.1,0,corps,10.209712876638527,1.6128
6905,17,189,11.12,8.9,0,corps,10.206608796284964,1.9377
6906,22,223,10.14,11.1,0,corps,10.203506267583636,1.5653
6907,20,180,9.00,10.2,0,corps,10.200405289758903,2.0503
6908,19,195,10.26,9.8,0,corps,10.197305862035524,2.1950
6909,25,219,8.76,12.4,0,corps,10.194207983638648,1.9540
6910,37,363,9.81,17.8,0,corps,10.191111653793794,1.6913
6911,17,156,9.18,8.9,0,corps,10.18801687172689,2.1078
6912,28,267,9.54,13.8,0,corps,10.184923636664234,1.5761
6913,41,446,10.88,19.6,0,corps,10.181831947832519,1.8462
6914,35,358,10.23,16.9,0,corps,10.178741804458824,1.8069
6915,37,398,10.76,17.8,0,corps,10.175653205770613,1.8303
6916,18,167,9.28,9.3,0,corps,10.172566150995735,1.7937
6917,2,19,9.50,2.2,0,corps,10.169480639362426,2.5267
6918,24,236,9.83,12.0,0,corps,10.166396670099312,2.1757
6919,32,287,8.97,15.6,0,corps,10.163314242435396,2.1195
6920,21,188,8.95,10.7,0,corps,10.16023335560007,2.1191
6921,25,267,10.68,12.4,0,corps,10.157154008823117,1.6373
6922,32,293,9.16,15.6,0,corps,10.1540762013347,1.7051
6923,35,413,11.80,16.9,0,corps,10.150999932365364,2.1760
6924,31,339,10.94,15.1,0,corps,10.147925201146041,1.6408
6925,29,281,9.69,14.2,0,corps,10.144852006908053,1.4983
6926,20,180,9.00,10.2,0,corps,10.141780348883099,2.2620
6927,39,355,9.10,18.7,0,corps,10.138710226303266,1.7908
6928,34,295,8.68,16.4,0,corps,10.135641638401015,1.7745
6929,36,329,9.14,17.3,0,corps,10.132574584409209,1.6677
6930,34,360,10.59,16.4,0,corps,10.129509063561084,1.6981
6931,13,121,9.31,7.1,0,corps,10.126445075090254,1.3468
6932,15,130,8.67,8.0,0,corps,10.123382618230723,2.2248
6933,38,443,11.66,18.2,0,corps,10.120321692216883,1.6352
6934,47,507,10.79,22.2,0,corps,10.117262296283494,1.4006
6935,34,349,10.26,16.4,0,corps,10.114204429665714,1.5054
6936,25,246,9.84,12.4,0,corps,10.11114809159907,1.6103
6937,37,337,9.11,17.8,0,corps,10.10809328131948,2.0895
6938,32,329,10.28,15.6,0,corps,10.105039998063248,1.7048
6939,34,366,10.76,16.4,0,corps,10.101988241067042,1.5907
6940,19,174,9.16,9.8,0,corps,10.098938009567929,1.8984
6941,38,354,9.32,18.2,0,corps,10.095889302803352,1.8206
6942,60,694,11.57,28.0,0,corps,10.092842120011131,1.7703
6943,51,485,9.51,24.0,0,corps,10.089796460429474,1.9642
6944,39,483,12.38,18.7,0,corps,10.08675232329696,1.5627
6945,59,559,9.47,27.6,0,corps,10.08370970785256,1.6489
6946,18,152,8.44,9.3,0,corps,10.080668613335622,1.5155
6947,28,287,10.25,13.8,0,corps,10.077629038985863,1.7397
6948,43,430,10.00,20.4,0,corps,10.074590984043398,1.5076
6949,38,320,8.42,18.2,0,corps,10.071554447748712,1.5549
6950,44,448,10.18,20.9,0,corps,10.068519429342668,2.0191
6951,31,293,9.45,15.1,0,corps,10.065485928066515,2.0978
6952,41,429,10.46,19.6,0,corps,10.062453943161874,1.6819
6953,41,412,10.05,19.6,0,corps,10.05942347387075,1.9410
6954,38,397,10.45,18.2,0,corps,10.056394519435527,2.1426
6955,19,175,9.21,9.8,0,corps,10.053367079098965,2.1714
6956,39,360,9.23,18.7,0,corps,10.050341152104203,1.6753
6957,41,345,8.41,19.6,0,corps,10.047316737694764,2.1178
6958,10,82,8.20,5.8,0,corps,10.044293835114537,1.7344
6959,40,388,9.70,19.1,0,corps,10.041272443607804,1.8813
6960,29,326,11.24,14.2,0,corps,10.038252562419212,1.6779
6961,40,378,9.45,19.1,0,corps,10.03523419079379,2.2706
6962,28,260,9.29,13.8,0,corps,10.03221732797695,1.5801
6963,26,249,9.58,12.9,0,corps,10.029201973214471,1.5182
6964,7,65,9.29,4.4,0,corps,10.026188125752517,2.0635
6965,30,297,9.90,14.7,0,corps,10.023175784837628,1.5917
6966,41,389,9.49,19.6,0,corps,10.020164949716715,1.7726
6967,44,442,10.05,20.9,0,corps,10.017155619637071,1.6787
6968,38,418,11.00,18.2,0,corps,10.014147793846362,1.4961
6969,25,302,12.08,12.4,0,corps,10.011141471592634,1.6451
6970,30,263,8.77,14.7,0,corps,10.008136652124307,2.0500
6971,22,177,8.05,11.1,0,corps,10.005133334690171,2.4267
6972,32,256,8.00,15.6,0,corps,10.0021315185394,1.9300
6973,16,140,8.75,8.4,0,corps,9.999131202921543,1.4891
6974,33,354,10.73,16.0,0,corps,9.996132387086515,1.5687
6975,25,225,9.00,12.4,0,corps,9.993135070284618,1.4512
6976,18,161,8.94,9.3,0,corps,9.990139251766518,1.5858
6977,33,350,10.61,16.0,0,corps,9.987144930783261,1.5189
6978,9,68,7.56,5.3,0,corps,9.98415210658627,1.6297
6979,43,460,10.70,20.4,0,corps,9.981160778427336,1.9360
6980,47,489,10.40,22.2,0,corps,9.978170945558626,1.5327
6981,20,183,9.15,10.2,0,corps,9.975182607232687,1.7600
6982,58,723,12.47,27.1,0,corps,9.97219576270243,2.0783
6983,52,613,11.79,24.4,0,corps,9.969210411221145,1.9904
6984,53,563,10.62,24.9,0,corps,9.966226552042489,1.8703
6985,34,334,9.82,16.4,0,corps,9.963244184420507,2.3660
6986,25,263,10.52,12.4,0,corps,9.960263307609603,2.3617
6987,31,269,8.68,15.1,0,corps,9.957283920864555,2.0847
6988,27,223,8.26,13.3,0,corps,9.954306023440514,2.1065
6989,21,204,9.71,10.7,0,corps,9.951329614593018,2.0455
6990,31,297,9.58,15.1,0,corps,9.94835469357795,1.8468
6991,26,227,8.73,12.9,0,corps,9.945381259651592,2.3173
6992,35,416,11.89,16.9,0,corps,9.942409312070575,1.8243
6993,32,331,10.34,15.6,0,corps,9.93943885009192,1.8116
6994,35,310,8.86,16.9,0,corps,9.936469872973008,2.2052
6995,15,171,11.40,8.0,0,corps,9.933502379971594,1.7464
6996,37,362,9.78,17.8,0,corps,9.930536370345806,2.2592
6997,28,246,8.79,13.8,0,corps,9.927571843354144,1.9773
6998,29,256,8.83,14.2,0,corps,9.924608798255468,1.9427
6999,15,165,11.00,8.0,0,corps,9.92164723430903,1.6128
7000,20,169,8.45,10.2,0,corps,9.918687150774426,2.3538
7001,39,393,10.08,18.7,0,corps,9.915728546911643,1.6882
7002,31,273,8.81,15.1,0,corps,9.912771421981025,1.9782
7003,28,277,9.89,13.8,0,corps,9.909815775243295,1.2194
7004,23,233,10.13,11.6,0,corps,9.906861605959541,1.2131
7005,60,632,10.53,28.0,0,corps,9.903908913391216,1.5700
7006,24,201,8.38,12.0,0,corps,9.900957696800154,1.5608
7007,16,143,8.94,8.4,0,corps,9.898007955448545,1.5511
7008,35,348,9.94,16.9,0,corps,9.895059688598954,1.5211
7009,17,152,8.94,8.9,0,corps,9.892112895514316,2.0250
7010,21,204,9.71,10.7,0,corps,9.889167575457936,1.1995
7011,32,323,10.09,15.6,0,corps,9.886223727693476,1.2717
7012,53,560,10.57,24.9,0,corps,9.883281351484982,1.6312
7013,24,200,8.33,12.0,0,corps,9.880340446096856,1.8260
7014,50,488,9.76,23.6,0,corps,9.877401010793871,1.5845
7015,43,434,10.09,20.4,0,corps,9.874463044841171,1.4532
7016,25,204,8.16,12.4,0,corps,9.871526547504262,1.3635
7017,23,198,8.61,11.6,0,corps,9.868591518049017,1.4527
7018,57,651,11.42,26.7,0,corps,9.865657955741689,1.4103
7019,20,184,9.20,10.2,0,corps,9.862725859848874,1.6168
7020,28,308,11.00,13.8,0,corps,9.859795229637559,1.2239
7021,22,214,9.73,11.1,0,corps,9.85686606437508,1.5162
7022,27,242,8.96,13.3,0,corps,9.853938363329146,1.6963
7023,10,86,8.60,5.8,0,corps,9.851012125767838,2.0929
7024,29,323,11.14,14.2,0,corps,9.848087350959586,1.7773
7025,33,388,11.76,16.0,0,corps,9.845164038173204,1.5331
7026,26,201,7.73,12.9,0,corps,9.842242186677867,2.2008
7027,51,559,10.96,24.0,0,corps,9.8393217957431,1.8032
7028,19,169,8.89,9.8,0,corps,9.836402864638819,2.3452
7029,14,95,6.79,7.6,0,corps,9.833485392635279,2.2638
7030,27,221,8.19,13.3,0,corps,9.830569379003117,2.1096
7031,31,296,9.55,15.1,0,corps,9.827654823013336,1.7725
7032,20,172,8.60,10.2,0,corps,9.824741723937287,2.0375
7033,29,292,10.07,14.2,0,corps,9.821830081046699,1.6488
7034,38,490,12.89,18.2,0,corps,9.818919893613664,1.6209
7035,48,529,11.02,22.7,0,corps,9.816011160910632,1.7912
7036,40,480,12.00,19.1,0,corps,9.81310388221042,1.4592
7037,34,355,10.44,16.4,0,corps,9.81019805678621,1.8247
7038,29,295,10.17,14.2,0,corps,9.807293683911542,1.5083
7039,53,540,10.19,24.9,0,corps,9.804390762860326,1.7465
7040,35,345,9.86,16.9,0,corps,9.801489292906831,1.8060
7041,34,350,10.29,16.4,0,corps,9.798589273325689,1.6758
7042,25,239,9.56,12.4,0,corps,9.795690703391898,1.7701
7043,40,475,11.88,19.1,0,corps,9.792793582380813,1.5739
7044,22,206,9.36,11.1,0,corps,9.789897909568152,1.6825
7045,38,366,9.63,18.2,0,corps,9.78700368423,1.5818
7046,20,180,9.00,10.2,0,corps,9.784110905642795,1.3985
7047,21,192,9.14,10.7,0,corps,9.781219573083352,1.5643
7048,19,193,10.16,9.8,0,corps,9.778329685828828,1.5635
7049,23,224,9.74,11.6,0,corps,9.775441243156758,1.7582
7050,46,587,12.76,21.8,0,corps,9.772554244345029,1.5464
7051,24,230,9.58,12.0,0,corps,9.76966868867189,1.4398
7052,34,357,10.50,16.4,0,corps,9.766784575415954,1.3071
7053,45,436,9.69,21.3,0,corps,9.76390190385619,1.6214
7054,57,602,10.56,26.7,0,corps,9.761020673271933,2.0756
7055,8,92,11.50,4.9,0,corps,9.758140882942879,1.4250
7056,44,400,9.09,20.9,0,corps,9.75526253214907,1.5410
7057,39,360,9.23,18.7,0,corps,9.752385620170925,1.4009
7058,45,498,11.07,21.3,0,corps,9.749510146289216,1.6373
7059,28,267,9.54,13.8,0,corps,9.746636109785072,1.5643
7060,15,172,11.47,8.0,0,corps,9.743763509939988,1.4883
7061,31,310,10.00,15.1,0,corps,9.740892346035809,1.3285
7062,41,410,10.00,19.6,0,corps,9.738022617354748,1.6822
7063,19,162,8.53,9.8,0,corps,9.735154323179371,1.7112
7064,40,350,8.75,19.1,0,corps,9.732287462792605,1.5741
7065,33,324,9.82,16.0,0,corps,9.729422035477732,1.6871
7066,28,333,11.89,13.8,0,corps,9.726558040518402,1.5089
7067,18,172,9.56,9.3,0,corps,9.723695477198607,1.4625
7068,25,269,10.76,12.4,0,corps,9.720834344802716,1.5293
7069,29,292,10.07,14.2,0,corps,9.717974642615438,1.4380
7070,21,147,7.00,10.7,0,corps,9.71511636992185,1.7904
7071,35,313,8.94,16.9,0,corps,9.712259526007387,1.3221
7072,16,140,8.75,8.4,0,corps,9.709404110157832,1.5270
7073,28,254,9.07,13.8,0,corps,9.706550121659335,1.6718
7074,45,432,9.60,21.3,0,corps,9.7036975597984,1.2645
7075,32,367,11.47,15.6,0,corps,9.700846423861883,1.4777
7076,32,295,9.22,15.6,0,corps,9.697996713137002,1.6686
7077,14,95,6.79,7.6,0,corps,9.695148426911329,1.9082
7078,25,234,9.36,12.4,0,corps,9.692301564472793,1.1199
7079,42,469,11.17,20.0,0,corps,9.689456125109677,1.3100
7080,20,212,10.60,10.2,0,corps,9.686612108110623,1.6523
7081,57,644,11.30,26.7,0,corps,9.683769512764623,1.8208
7082,34,392,11.53,16.4,0,corps,9.680928338361035,1.5620
7083,32,283,8.84,15.6,0,corps,9.678088584189558,1.9311
7084,30,310,10.33,14.7,0,corps,9.675250249540259,1.7969
7085,67,778,11.61,31.1,0,corps,9.67241333370355,1.6733
7086,49,503,10.27,23.1,0,corps,9.669577835970204,1.6314
7087,10,111,11.10,5.8,0,corps,9.666743755631348,1.5333
7088,13,111,8.54,7.1,0,corps,9.663911091978457,1.9591
7089,25,227,9.08,12.4,0,corps,9.661079844303371,1.7345
7090,38,418,11.00,18.2,0,corps,9.658250011898277,1.5532
7091,27,223,8.26,13.3,0,corps,9.655421594055714,1.6266
7092,38,395,10.39,18.2,0,corps,9.65259459006858,1.6935
7093,43,558,12.98,20.4,0,corps,9.649768999230119,1.6663
7094,17,156,9.18,8.9,0,corps,9.64694482083394,2.1589
7095,21,191,9.10,10.7,0,corps,9.644122054173998,1.6902
7096,19,199,10.47,9.8,0,corps,9.641300698544594,1.5460
7097,21,213,10.14,10.7,0,corps,9.638480753240398,1.8610
7098,43,444,10.33,20.4,0,corps,9.635662217556417,1.7409
7099,12,88,7.33,6.7,0,corps,9.632845090788022,1.8100
7100,17,185,10.88,8.9,0,corps,9.63002937223093,1.3789
7101,18,168,9.33,9.3,0,corps,9.627215061181206,2.0579
7102,27,235,8.70,13.3,0,corps,9.624402156935279,1.6634
7103,17,144,8.47,8.9,0,corps,9.621590658789922,1.6895
7104,43,441,10.26,20.4,0,corps,9.618780566042256,1.5025
7105,20,164,8.20,10.2,0,corps,9.615971877989763,1.9225
7106,6,54,9.00,4.0,0,corps,9.613164593930268,1.7393
7107,20,169,8.45,10.2,0,corps,9.61035871316195,1.6941
7108,27,242,8.96,13.3,0,corps,9.607554234983343,1.7756
7109,36,300,8.33,17.3,0,corps,9.60475115869332,2.1159
7110,34,288,8.47,16.4,0,corps,9.601949483591115,2.2882
7111,22,235,10.68,11.1,0,corps,9.599149208976316,1.7100
7112,18,171,9.50,9.3,0,corps,9.596350334148843,2.0784
7113,18,188,10.44,9.3,0,corps,9.593552858408982,2.1468
7114,42,423,10.07,20.0,0,corps,9.590756781057369,1.5376
7115,32,283,8.84,15.6,0,corps,9.587962101394979,1.9025
7116,38,337,8.87,18.2,0,corps,9.585168818723142,2.3385
7117,33,297,9.00,16.0,0,corps,9.58237693234354,1.8003
7118,35,329,9.40,16.9,0,corps,9.579586441558199,1.8238
7119,27,265,9.81,13.3,0,corps,9.5767973456695,1.6639
7120,29,252,8.69,14.2,0,corps,9.574009643980164,1.7471
7121,25,215,8.60,12.4,0,corps,9.571223335793267,2.1863
7122,18,139,7.72,9.3,0,corps,9.568438420412235,1.6948
7123,46,450,9.78,21.8,0,corps,9.565654897140838,1.7668
7124,15,138,9.20,8.0,0,corps,9.562872765283194,1.3696
7125,11,85,7.73,6.2,0,corps,9.560092024143769,2.0232
7126,44,463,10.52,20.9,0,corps,9.557312673027377,1.7071
7127,32,277,8.66,15.6,0,corps,9.554534711239187,1.8362
7128,34,323,9.50,16.4,0,corps,9.5517581380847,1.6951
7129,33,349,10.58,16.0,0,corps,9.54898295286978,1.6566
7130,46,503,10.93,21.8,0,corps,9.546209154900623,1.5524
7131,50,502,10.04,23.6,0,corps,9.543436743483785,1.9374
7132,45,429,9.53,21.3,0,corps,9.540665717926164,1.4356
7133,23,214,9.30,11.6,0,corps,9.537896077534999,1.8152
7134,33,285,8.64,16.0,0,corps,9.53512782161788,2.1344
7135,32,328,10.25,15.6,0,corps,9.53236094948275,1.6107
7136,38,352,9.26,18.2,0,corps,9.529595460437884,1.9865
7137,20,164,8.20,10.2,0,corps,9.526831353791913,1.9990
7138,36,401,11.14,17.3,0,corps,9.524068628853808,1.6336
7139,42,390,9.29,20.0,0,corps,9.521307284932888,1.3603
7140,31,315,10.16,15.1,0,corps,9.518547321338822,1.8086
7141,32,347,10.84,15.6,0,corps,9.51578873738161,1.4028
7142,36,308,8.56,17.3,0,corps,9.513031532371613,1.4090
7143,52,596,11.46,24.4,0,corps,9.510275705619529,1.4479
7144,39,359,9.21,18.7,0,corps,9.5075212564364,1.5497
7145,33,388,11.76,16.0,0,corps,9.504768184133614,1.2587
7146,46,437,9.50,21.8,0,corps,9.502016488022901,1.3987
7147,49,527,10.76,23.1,0,corps,9.499266167416339,1.6376
7148,25,231,9.24,12.4,0,corps,9.49651722162635,1.5092
7149,29,222,7.66,14.2,0,corps,9.493769649965692,1.7044
7150,52,556,10.69,24.4,0,corps,9.491023451747473,1.7327
7151,17,130,7.65,8.9,0,corps,9.488278626285151,1.6485
7152,31,288,9.29,15.1,0,corps,9.485535172892511,1.8143
7153,54,629,11.65,25.3,0,corps,9.482793090883696,1.6204
7154,29,237,8.17,14.2,0,corps,9.480052379573179,1.3652
7155,15,109,7.27,8.0,0,corps,9.477313038275787,1.8664
7156,14,115,8.21,7.6,0,corps,9.47457506630668,1.5009
7157,19,172,9.05,9.8,0,corps,9.471838462981372,2.5347
7158,54,570,10.56,25.3,0,corps,9.469103227615705,1.6961
7159,40,420,10.50,19.1,0,corps,9.466369359525878,1.3439
7160,50,601,12.02,23.6,0,corps,9.463636858028416,1.3731
7161,33,353,10.70,16.0,0,corps,9.460905722440199,1.4132
7162,19,184,9.68,9.8,0,corps,9.458175952078438,1.7892
7163,49,458,9.35,23.1,0,corps,9.455447546260693,1.6071
7164,33,335,10.15,16.0,0,corps,9.452720504304867,1.3730
7165,49,513,10.47,23.1,0,corps,9.449994825529192,1.5764
7166,13,103,7.92,7.1,0,corps,9.447270509252254,1.5617
7167,37,416,11.24,17.8,0,corps,9.444547554792972,1.2628
7168,20,163,8.15,10.2,0,corps,9.441825961470604,1.4430
7169,19,182,9.58,9.8,0,corps,9.439105728604758,1.1430
7170,41,383,9.34,19.6,0,corps,9.436386855515371,1.4100
7171,37,351,9.49,17.8,0,corps,9.433669341522725,1.8164
7172,34,276,8.12,16.4,0,corps,9.430953185947446,1.7734
7173,24,202,8.42,12.0,0,corps,9.428238388110488,1.5027
7174,20,156,7.80,10.2,0,corps,9.425524947333159,1.7296
7175,27,221,8.19,13.3,0,corps,9.422812862937095,3.0270
7176,13,105,8.08,7.1,0,corps,9.42010213424427,1.6921
7177,24,220,9.17,12.0,0,corps,9.417392760577012,1.4621
7178,51,597,11.71,24.0,0,corps,9.41468474125797,1.5041
7179,43,407,9.47,20.4,0,corps,9.41197807561014,1.6237
7180,29,252,8.69,14.2,0,corps,9.40927276295686,1.7517
7181,51,491,9.63,24.0,0,corps,9.406568802621798,1.9551
7182,26,219,8.42,12.9,0,corps,9.403866193928964,1.6803
7183,20,176,8.80,10.2,0,corps,9.401164936202708,1.5054
7184,55,637,11.58,25.8,0,corps,9.398465028767713,1.7069
7185,49,465,9.49,23.1,0,corps,9.395766470949004,1.8779
7186,37,315,8.51,17.8,0,corps,9.39306926207194,1.7007
7187,34,401,11.79,16.4,0,corps,9.39037340146222,1.3666
7188,43,428,9.95,20.4,0,corps,9.38767888844588,1.7637
7189,40,402,10.05,19.1,0,corps,9.384985722349287,1.7952
7190,42,392,9.33,20.0,0,corps,9.382293902499155,1.7046
7191,37,345,9.32,17.8,0,corps,9.379603428222527,1.6682
7192,14,145,10.36,7.6,0,corps,9.376914298846781,1.3920
7193,5,38,7.60,3.6,0,corps,9.374226513699643,2.0491
7194,19,135,7.11,9.8,0,corps,9.371540072109157,2.4352
7195,46,433,9.41,21.8,0,corps,9.368854973403717,1.8602
7196,39,382,9.79,18.7,0,corps,9.366171216912052,2.0098
7197,26,238,9.15,12.9,0,corps,9.363488801963216,1.4869
7198,32,332,10.38,15.6,0,corps,9.360807727886607,1.6821
7199,42,398,9.48,20.0,0,corps,9.358127994011962,1.6446
7200,44,511,11.61,20.9,0,corps,9.355449599669342,1.9919
7201,20,170,8.50,10.2,0,corps,9.35277254418915,1.7480
7202,31,304,9.81,15.1,0,corps,9.35009682690212,1.9341
7203,48,451,9.40,22.7,0,corps,9.347422447139325,1.8760
7204,53,590,11.13,24.9,0,corps,9.344749404232171,1.4534
7205,52,608,11.69,24.4,0,corps,9.342077697512396,1.4803
7206,23,192,8.35,11.6,0,corps,9.339407326312072,1.6527
7207,46,482,10.48,21.8,0,corps,9.336738289963609,1.8498
7208,36,351,9.75,17.3,0,corps,9.334070587799745,1.5828
7209,31,320,10.32,15.1,0,corps,9.331404219153558,1.2253
7210,15,130,8.67,8.0,0,corps,9.32873918335845,1.7742
7211,42,411,9.79,20.0,0,corps,9.326075479748166,1.5608
7212,18,179,9.94,9.3,0,corps,9.323413107656783,1.2397
7213,42,531,12.64,20.0,0,corps,9.3207520664187,1.3768
7214,39,357,9.15,18.7,0,corps,9.318092355368664,1.7133
7215,34,379,11.15,16.4,0,corps,9.315433973841747,1.4945
7216,40,378,9.45,19.1,0,corps,9.312776921173347,1.7827
7217,20,158,7.90,10.2,0,corps,9.310121196699209,1.9567
7218,23,170,7.39,11.6,0,corps,9.307466799755392,1.6274
7219,29,304,10.48,14.2,0,corps,9.304813729678306,1.4488
7220,18,165,9.17,9.3,0,corps,9.302161985804682,1.2842
7221,32,312,9.75,15.6,0,corps,9.299511567471578,1.8498
7222,33,301,9.12,16.0,0,corps,9.296862474016395,1.5349
7223,58,689,11.88,27.1,0,corps,9.29421470477686,2.1765
7224,6,71,11.83,4.0,0,corps,9.291568259091026,1.6370
7225,21,203,9.67,10.7,0,corps,9.288923136297287,1.8238
7226,34,326,9.59,16.4,0,corps,9.286279335734356,1.6978
7227,23,189,8.22,11.6,0,corps,9.283636856741289,2.3604
7228,49,496,10.12,23.1,0,corps,9.280995698657465,1.9773
7229,34,293,8.62,16.4,0,corps,9.278355860822591,1.7822
7230,21,198,9.43,10.7,0,corps,9.27571734257671,1.8864
7231,46,507,11.02,21.8,0,corps,9.273080143260193,2.2250
7232,31,278,8.97,15.1,0,corps,9.27044426221374,1.5651
7233,36,374,10.39,17.3,0,corps,9.267809698778379,1.4948
7234,44,453,10.30,20.9,0,corps,9.265176452295467,1.7544
7235,45,438,9.73,21.3,0,corps,9.2625445221067,1.6950
7236,21,225,10.71,10.7,0,corps,9.25991390755409,1.5508
7237,19,182,9.58,9.8,0,corps,9.257284607979981,2.1950
7238,29,281,9.69,14.2,0,corps,9.254656622727055,1.8036
7239,41,370,9.02,19.6,0,corps,9.252029951138312,2.1085
7240,56,781,13.95,26.2,0,corps,9.249404592557083,1.6752
7241,28,251,8.96,13.8,0,corps,9.24678054632703,1.7515
7242,16,176,11.00,8.4,0,corps,9.244157811792139,1.3426
7243,31,274,8.84,15.1,0,corps,9.24153638829673,1.6459
7244,24,198,8.25,12.0,0,corps,9.238916275185446,1.3360
7245,33,322,9.76,16.0,0,corps,9.236297471803256,1.7097
7246,10,80,8.00,5.8,0,corps,9.233679977495463,2.0200
7247,35,320,9.14,16.9,0,corps,9.231063791607692,1.8199
7248,17,147,8.65,8.9,0,corps,9.228448913485893,2.0583
7249,31,283,9.13,15.1,0,corps,9.225835342476355,1.6816
7250,18,155,8.61,9.3,0,corps,9.223223077925674,1.6911
7251,38,416,10.95,18.2,0,corps,9.220612119180792,1.7632
7252,59,570,9.66,27.6,0,corps,9.21800246558897,1.8110
7253,56,541,9.66,26.2,0,corps,9.215394116497787,1.9569
7254,34,320,9.41,16.4,0,corps,9.212787071255164,1.7131
7255,41,397,9.68,19.6,0,corps,9.210181329209332,1.8621
7256,31,299,9.65,15.1,0,corps,9.207576889708863,1.8278
7257,43,383,8.91,20.4,0,corps,9.204973752102644,2.0353
7258,29,263,9.07,14.2,0,corps,9.202371915739887,1.9762
7259,67,797,11.90,31.1,0,corps,9.199771379970135,1.7904
7260,37,313,8.46,17.8,0,corps,9.19717214414326,1.6090
7261,57,604,10.60,26.7,0,corps,9.194574207609444,1.7401
7262,60,649,10.82,28.0,0,corps,9.19197756971921,1.8066
7263,47,486,10.34,22.2,0,corps,9.189382229823392,1.7406
7264,14,128,9.14,7.6,0,corps,9.18678818727316,2.0898
7265,6,84,14.00,4.0,0,corps,9.184195441420004,1.8115
7266,13,102,7.85,7.1,0,corps,9.181603991615733,2.1559
7267,3,35,11.67,2.7,0,corps,9.179013837212487,2.8839
7268,26,272,10.46,12.9,0,corps,9.176424977562728,1.9458
7269,6,54,9.00,4.0,0,corps,9.173837412019239,2.3012
7270,17,182,10.71,8.9,0,corps,9.171251139935134,1.5829
7271,41,496,12.10,19.6,0,corps,9.168666160663836,1.7900
7272,16,126,7.88,8.4,0,corps,9.166082473559106,2.5839
7273,35,374,10.69,16.9,0,corps,9.163500077975026,1.7560
7274,16,118,7.38,8.4,0,corps,9.160918973265987,2.0758
7275,6,50,8.33,4.0,0,corps,9.158339158786719,2.0741
7276,41,394,9.61,19.6,0,corps,9.155760633892271,1.8744
7277,20,155,7.75,10.2,0,corps,9.153183397938003,2.0843
7278,25,263,10.52,12.4,0,corps,9.150607450279615,1.8571
7279,18,181,10.06,9.3,0,corps,9.148032790273117,1.6659
7280,45,602,13.38,21.3,0,corps,9.14545941727484,1.8299
7281,22,183,8.32,11.1,0,corps,9.142887330641447,1.5540
7282,8,54,6.75,4.9,0,corps,9.140316529729912,3.4870
7283,14,128,9.14,7.6,0,corps,9.137747013897537,1.1983
7284,38,345,9.08,18.2,0,corps,9.135178782501944,1.7942
7285,50,474,9.48,23.6,0,corps,9.13261183490107,1.5850
7286,55,551,10.02,25.8,0,corps,9.130046170453184,1.4949
7287,57,622,10.91,26.7,0,corps,9.127481788516864,1.6784
7288,16,128,8.00,8.4,0,corps,9.12491868845102,1.5584
7289,41,421,10.27,19.6,0,corps,9.122356869614876,2.0009
7290,33,321,9.73,16.0,0,corps,9.119796331367974,1.1632
7291,31,330,10.65,15.1,0,corps,9.11723707307018,1.3941
7292,46,444,9.65,21.8,0,corps,9.114679094081685,1.4820
7293,42,506,12.05,20.0,0,corps,9.11212239376299,1.6381
7294,50,514,10.28,23.6,0,corps,9.10956697147492,1.2061
7295,36,438,12.17,17.3,0,corps,9.107012826578615,1.8405
7296,28,255,9.11,13.8,0,corps,9.104459958435546,1.6229
7297,23,192,8.35,11.6,0,corps,9.101908366407494,2.1231
7298,27,279,10.33,13.3,0,corps,9.09935804985656,1.7381
7299,26,231,8.88,12.9,0,corps,9.096809008145163,1.6911
7300,42,381,9.07,20.0,0,corps,9.094261240636047,1.8893
7301,16,153,9.56,8.4,0,corps,9.091714746692267,1.6859
7302,34,352,10.35,16.4,0,corps,9.089169525677201,1.5616
7303,12,130,10.83,6.7,0,corps,9.08662557695454,1.3063
7304,55,646,11.75,25.8,0,corps,9.084082899888301,1.4948
7305,6,61,10.17,4.0,0,corps,9.081541493842817,1.3653
7306,27,262,9.70,13.3,0,corps,9.079001358182728,1.9371
7307,12,96,8.00,6.7,0,corps,9.076462492273007,2.6755
7308,28,313,11.18,13.8,0,corps,9.073924895478939,1.5786
7309,10,91,9.10,5.8,0,corps,9.071388567166116,1.4063
7310,37,398,10.76,17.8,0,corps,9.068853506700464,1.6575
7311,43,465,10.81,20.4,0,corps,9.066319713448214,1.5780
7312,52,564,10.85,24.4,0,corps,9.063787186775919,1.8054
7313,22,190,8.64,11.1,0,corps,9.061255926050446,1.8026
7314,43,415,9.65,20.4,0,corps,9.058725930638982,1.5617
7315,17,122,7.18,8.9,0,corps,9.056197199909025,1.8761
7316,42,418,9.95,20.0,0,corps,9.0536697332284,1.3798
7317,18,179,9.94,9.3,0,corps,9.051143529965227,1.7865
7318,54,600,11.11,25.3,0,corps,9.048618589487969,1.6954
7319,36,334,9.28,17.3,0,corps,9.046094911165381,1.3881
7320,48,554,11.54,22.7,0,corps,9.043572494366547,1.7053
7321,29,296,10.21,14.2,0,corps,9.041051338460868,1.9345
7322,27,251,9.30,13.3,0,corps,9.038531442818044,1.4655
7323,14,143,10.21,7.6,0,corps,9.036012806808108,1.8574
7324,44,434,9.86,20.9,0,corps,9.033495429801402,1.6939
7325,42,405,9.64,20.0,0,corps,9.03097931116858,1.5317
7326,10,85,8.50,5.8,0,corps,9.02846445028061,6.5663
7327,24,219,9.12,12.0,0,corps,9.02595084650878,1.8846
7328,41,398,9.71,19.6,0,corps,9.023438499224687,1.8168
7329,48,538,11.21,22.7,0,corps,9.020927407800244,1.7268
7330,18,149,8.28,9.3,0,corps,9.018417571607682,1.8465
7331,59,577,9.78,27.6,0,corps,9.015908990019536,1.5538
7332,40,397,9.93,19.1,0,corps,9.013401662408665,1.5858
7333,6,47,7.83,4.0,0,corps,9.010895588148236,1.4459
7334,19,174,9.16,9.8,0,corps,9.00839076661173,2.1341
7335,13,80,6.15,7.1,0,corps,9.00588719717294,2.3916
7336,26,207,7.96,12.9,0,corps,9.003384879205978,1.8993
7337,51,494,9.69,24.0,0,corps,9.000883812085261,1.7469
7338,8,79,9.88,4.9,0,corps,8.998383995185524,2.9177
7339,44,670,15.23,20.9,0,corps,8.995885427881808,1.4968
7340,32,343,10.72,15.6,0,corps,8.99338810954948,1.6626
7341,35,388,11.09,16.9,0,corps,8.990892039564201,1.7708
7342,41,376,9.17,19.6,0,corps,8.988397217301962,1.9434
7343,28,279,9.96,13.8,0,corps,8.985903642139052,1.9982
7344,16,136,8.50,8.4,0,corps,8.983411313452075,2.1792
7345,39,397,10.18,18.7,0,corps,8.980920230617956,2.4256
7346,46,481,10.46,21.8,0,corps,8.97843039301392,1.8598
7347,34,325,9.56,16.4,0,corps,8.975941800017505,1.7899
7348,38,375,9.87,18.2,0,corps,8.973454451006571,1.7299
7349,15,145,9.67,8.0,0,corps,8.970968345359273,2.1933
7350,6,52,8.67,4.0,0,corps,8.96848348245409,2.6946
7351,58,635,10.95,27.1,0,corps,8.965999861669799,1.6236
7352,20,196,9.80,10.2,0,corps,8.963517482385502,2.3188
7353,36,359,9.97,17.3,0,corps,8.961036343980602,1.9568
7354,18,156,8.67,9.3,0,corps,8.958556445834812,1.8754
7355,23,245,10.65,11.6,0,corps,8.956077787328159,1.8479
7356,23,208,9.04,11.6,0,corps,8.95360036784098,1.9183
7357,23,172,7.48,11.6,0,corps,8.951124186753917,2.5008
7358,11,87,7.91,6.2,0,corps,8.94864924344793,1.7474
7359,50,523,10.46,23.6,0,corps,8.946175537304276,1.6507
7360,28,280,10.00,13.8,0,corps,8.943703067704533,1.9046
7361,4,27,6.75,3.1,0,corps,8.941231834030585,2.4079
7362,47,494,10.51,22.2,0,corps,8.938761835664618,1.5502
7363,38,393,10.34,18.2,0,corps,8.936293071989137,1.4639
7364,22,220,10.00,11.1,0,corps,8.93382554238695,1.4375
7365,45,460,10.22,21.3,0,corps,8.931359246241174,1.6885
7366,45,475,10.56,21.3,0,corps,8.928894182935238,1.4247
7367,13,131,10.08,7.1,0,corps,8.926430351852868,1.2472
7368,22,221,10.05,11.1,0,corps,8.923967752378115,1.0870
7369,48,435,9.06,22.7,0,corps,8.921506383895327,1.7763
7370,68,820,12.06,31.6,0,corps,8.919046245789158,1.3974
7371,22,176,8.00,11.1,0,corps,8.916587337444575,1.8871
7372,38,376,9.89,18.2,0,corps,8.914129658246855,1.4958
7373,36,364,10.11,17.3,0,corps,8.911673207581575,1.3248
7374,51,583,11.43,24.0,0,corps,8.909217984834623,1.5423
7375,37,334,9.03,17.8,0,corps,8.90676398939219,1.4781
7376,31,333,10.74,15.1,0,corps,8.904311220640778,1.6186
7377,5,57,11.40,3.6,0,corps,8.901859677967202,1.3820
7378,33,317,9.61,16.0,0,corps,8.899409360758568,1.3046
7379,45,470,10.44,21.3,0,corps,8.896960268402301,1.3768
7380,17,187,11.00,8.9,0,corps,8.894512400286125,1.7503
7381,31,268,8.65,15.1,0,corps,8.892065755798075,1.9489
7382,35,336,9.60,16.9,0,corps,8.889620334326493,1.8427
7383,20,205,10.25,10.2,0,corps,8.887176135260017,1.7847
7384,60,641,10.68,28.0,0,corps,8.884733157987599,1.8248
7385,13,108,8.31,7.1,0,corps,8.882291401898499,2.1391
7386,51,614,12.04,24.0,0,corps,8.879850866382272,1.8671
7387,8,91,11.38,4.9,0,corps,8.87741155082879,1.4281
7388,11,79,7.18,6.2,0,corps,8.874973454628218,2.4926
7389,53,480,9.06,24.9,0,corps,8.872536577171036,1.9114
7390,28,243,8.68,13.8,0,corps,8.870100917848026,1.9648
7391,38,388,10.21,18.2,0,corps,8.867666476050267,1.8862
7392,22,244,11.09,11.1,0,corps,8.865233251169153,2.1476
7393,31,341,11.00,15.1,0,corps,8.862801242596381,1.6467
7394,22,188,8.55,11.1,0,corps,8.860370449723941,1.9636
7395,16,129,8.06,8.4,0,corps,8.857940871944143,2.2208
7396,29,288,9.93,14.2,0,corps,8.855512508649584,1.5826
7397,37,383,10.35,17.8,0,corps,8.853085359233178,1.9815
7398,5,52,10.40,3.6,0,corps,8.850659423088139,2.2816
7399,5,45,9.00,3.6,0,corps,8.848234699607978,1.6436
7400,25,247,9.88,12.4,0,corps,8.84581118818652,1.5536
7401,37,359,9.70,17.8,0,corps,8.843388888217884,1.5216
7402,35,349,9.97,16.9,0,corps,8.840967799096495,1.6664
7403,67,678,10.12,31.1,0,corps,8.838547920217083,2.0493
7404,26,217,8.35,12.9,0,corps,8.836129250974672,1.8820
7405,42,446,10.62,20.0,0,corps,8.833711790764601,1.6601
7406,4,35,8.75,3.1,0,corps,8.831295538982504,1.5552
7407,28,257,9.18,13.8,0,corps,8.828880495024313,1.5357
7408,84,931,11.08,38.7,0,corps,8.826466658286275,2.2500
7409,36,403,11.19,17.3,0,corps,8.824054028164925,1.9567
7410,45,503,11.18,21.3,0,corps,8.821642604057107,2.4592
7411,34,340,10.00,16.4,0,corps,8.819232385359967,1.4834
7412,40,445,11.12,19.1,0,corps,8.816823371470948,1.5378
7413,16,147,9.19,8.4,0,corps,8.814415561787795,1.9230
7414,47,537,11.43,22.2,0,corps,8.812008955708558,1.3965
7415,40,347,8.68,19.1,0,corps,8.809603552631586,1.7895
7416,30,316,10.53,14.7,0,corps,8.807199351955525,1.4813
7417,61,682,11.18,28.4,0,corps,8.80479635307933,2.0738
7418,54,634,11.74,25.3,0,corps,8.802394555402246,1.7083
7419,47,573,12.19,22.2,0,corps,8.79999395832383,1.5235
7420,23,213,9.26,11.6,0,corps,8.797594561243924,1.8531
7421,48,479,9.98,22.7,0,corps,8.795196363562683,1.7872
7422,28,241,8.61,13.8,0,corps,8.792799364680562,2.1542
7423,45,493,10.96,21.3,0,corps,8.790403563998304,1.8704
7424,48,533,11.10,22.7,0,corps,8.788008960916963,1.5559
7425,29,299,10.31,14.2,0,corps,8.785615554837886,1.5162
7426,20,190,9.50,10.2,0,corps,8.783223345162725,1.9975
7427,25,267,10.68,12.4,0,corps,8.780832331293423,1.8409
7428,23,204,8.87,11.6,0,corps,8.778442512632228,1.7529
7429,33,365,11.06,16.0,0,corps,8.776053888581687,1.6876
7430,40,459,11.47,19.1,0,corps,8.773666458544646,1.7658
7431,27,232,8.59,13.3,0,corps,8.771280221924242,1.6085
7432,57,561,9.84,26.7,0,corps,8.768895178123918,1.6218
7433,32,262,8.19,15.6,0,corps,8.766511326547413,2.0173
7434,30,268,8.93,14.7,0,corps,8.764128666598765,1.8630
7435,63,774,12.29,29.3,0,corps,8.76174719768231,1.7494
7436,18,150,8.33,9.3,0,corps,8.759366919202677,2.0713
7437,34,325,9.56,16.4,0,corps,8.7569878305648,2.0408
7438,41,400,9.76,19.6,0,corps,8.754609931173905,1.8113
7439,34,326,9.59,16.4,0,corps,8.752233220435517,1.8741
7440,45,461,10.24,21.3,0,corps,8.74985769775546,1.9185
7441,15,143,9.53,8.0,0,corps,8.747483362539851,1.8630
7442,19,182,9.58,9.8,0,corps,8.745110214195106,2.2254
7443,36,428,11.89,17.3,0,corps,8.742738252127943,1.8396
7444,40,465,11.62,19.1,0,corps,8.740367475745366,1.8453
7445,23,236,10.26,11.6,0,corps,8.737997884454682,1.7614
7446,16,126,7.88,8.4,0,corps,8.735629477663496,2.0501
7447,27,235,8.70,13.3,0,corps,8.7332622547797,2.3316
7448,19,172,9.05,9.8,0,corps,8.730896215211494,2.1472
7449,24,221,9.21,12.0,0,corps,8.72853135836737,2.0460
7450,14,116,8.29,7.6,0,corps,8.726167683656104,1.9959
7451,38,415,10.92,18.2,0,corps,8.72380519048679,1.8900
7452,46,498,10.83,21.8,0,corps,8.721443878268795,1.8820
7453,31,315,10.16,15.1,0,corps,8.719083746411794,1.5892
7454,61,660,10.82,28.4,0,corps,8.716724794325753,1.6417
7455,17,154,9.06,8.9,0,corps,8.714367021420937,1.7461
7456,18,182,10.11,9.3,0,corps,8.7120104271079,1.6530
7457,48,473,9.85,22.7,0,corps,8.709655010797496,2.1149
7458,35,336,9.60,16.9,0,corps,8.707300771900867,2.1934
7459,18,140,7.78,9.3,0,corps,8.704947709829458,2.2597
7460,35,408,11.66,16.9,0,corps,8.702595823994999,1.7683
7461,11,101,9.18,6.2,0,corps,8.700245113809519,1.2423
7462,27,243,9.00,13.3,0,corps,8.697895578685348,1.3228
7463,37,366,9.89,17.8,0,corps,8.69554721803509,1.4611
7464,43,399,9.28,20.4,0,corps,8.693200031271662,1.8395
7465,55,560,10.18,25.8,0,corps,8.690854017808268,1.5833
7466,11,87,7.91,6.2,0,corps,8.688509177058402,1.9845
7467,21,182,8.67,10.7,0,corps,8.686165508435856,1.8749
7468,10,74,7.40,5.8,0,corps,8.68382301135471,1.8437
7469,32,258,8.06,15.6,0,corps,8.68148168522934,1.9076
7470,24,234,9.75,12.0,0,corps,8.679141529474418,1.4628
7471,44,496,11.27,20.9,0,corps,8.676802543504902,1.6342
7472,31,286,9.23,15.1,0,corps,8.674464726736044,1.6566
7473,42,428,10.19,20.0,0,corps,8.672128078583397,1.5638
7474,58,597,10.29,27.1,0,corps,8.66979259846279,1.7713
7475,61,728,11.93,28.4,0,corps,8.66745828579036,1.5056
7476,16,136,8.50,8.4,0,corps,8.665125139982525,1.7282
7477,51,568,11.14,24.0,0,corps,8.662793160455994,1.2651
7478,17,156,9.18,8.9,0,corps,8.660462346627785,1.4503
7479,26,255,9.81,12.9,0,corps,8.658132697915184,1.2950
7480,16,138,8.62,8.4,0,corps,8.65580421373578,1.8080
7481,5,39,7.80,3.6,0,corps,8.653476893507456,3.4762
7482,24,227,9.46,12.0,0,corps,8.651150736648377,2.0297
7483,21,246,11.71,10.7,0,corps,8.64882574257701,1.8243
7484,31,286,9.23,15.1,0,corps,8.6465019107121,1.7437
7485,23,226,9.83,11.6,0,corps,8.64417924047269,1.7408
7486,33,335,10.15,16.0,0,corps,8.64185773127812,1.7240
7487,31,319,10.29,15.1,0,corps,8.639537382548003,1.5446
7488,55,600,10.91,25.8,0,corps,8.637218193702257,2.2140
7489,38,353,9.29,18.2,0,corps,8.634900164161085,1.7766
7490,38,354,9.32,18.2,0,corps,8.632583293344975,1.7356
7491,42,417,9.93,20.0,0,corps,8.630267580674717,1.6866
7492,25,228,9.12,12.4,0,corps,8.627953025571372,1.8867
7493,22,186,8.45,11.1,0,corps,8.62563962745631,2.0097
7494,23,226,9.83,11.6,0,corps,8.623327385751182,1.6310
7495,28,280,10.00,13.8,0,corps,8.621016299877923,1.6604
7496,33,308,9.33,16.0,0,corps,8.61870636925876,1.4910
7497,39,412,10.56,18.7,0,corps,8.616397593316217,1.5547
7498,28,246,8.79,13.8,0,corps,8.614089971473096,1.8702
7499,34,349,10.26,16.4,0,corps,8.611783503152491,1.6459
7500,28,300,10.71,13.8,0,corps,8.609478187777786,1.4152
7501,29,325,11.21,14.2,0,corps,8.60717402477265,1.7906
7502,27,291,10.78,13.3,0,corps,8.604871013561047,1.9828
7503,49,495,10.10,23.1,0,corps,8.602569153567218,1.6183
7504,34,328,9.65,16.4,0,corps,8.600268444215708,1.6344
7505,38,356,9.37,18.2,0,corps,8.597968884931326,1.6504
7506,35,349,9.97,16.9,0,corps,8.595670475139192,1.6104
7507,39,398,10.21,18.7,0,corps,8.593373214264702,1.7856
7508,39,379,9.72,18.7,0,corps,8.591077101733537,1.8054
7509,40,369,9.22,19.1,0,corps,8.588782136971671,1.7183
7510,31,274,8.84,15.1,0,corps,8.586488319405367,1.9398
7511,23,204,8.87,11.6,0,corps,8.584195648461163,1.9247
7512,34,342,10.06,16.4,0,corps,8.581904123565899,1.7872
7513,33,289,8.76,16.0,0,corps,8.579613744146686,1.8278
7514,49,474,9.67,23.1,0,corps,8.577324509630932,2.0055
7515,45,458,10.18,21.3,0,corps,8.575036419446333,2.1604
7516,58,712,12.28,27.1,0,corps,8.57274947302086,1.7107
7517,17,134,7.88,8.9,0,corps,8.570463669782779,2.0078
7518,33,321,9.73,16.0,0,corps,8.568179009160643,1.4549
7519,22,218,9.91,11.1,0,corps,8.565895490583278,1.9030
7520,42,420,10.00,20.0,0,corps,8.563613113479814,1.7683
7521,25,225,9.00,12.4,0,corps,8.561331877279649,2.2090
7522,40,373,9.32,19.1,0,corps,8.559051781412478,1.8800
7523,41,418,10.20,19.6,0,corps,8.556772825308276,1.5282
7524,46,475,10.33,21.8,0,corps,8.554495008397303,1.6869
7525,48,496,10.33,22.7,0,corps,8.552218330110106,1.5484
7526,62,729,11.76,28.9,0,corps,8.549942789877518,1.8300
7527,31,280,9.03,15.1,0,corps,8.54766838713065,2.7909
7528,25,217,8.68,12.4,0,corps,8.545395121300903,2.0991
7529,48,470,9.79,22.7,0,corps,8.543122991819956,1.8792
7530,35,376,10.74,16.9,0,corps,8.540851998119784,1.9023
7531,43,398,9.26,20.4,0,corps,8.538582139632636,2.2502
7532,50,502,10.04,23.6,0,corps,8.536313415791044,1.8304
7533,26,264,10.15,12.9,0,corps,8.53404582602783,1.6367
7534,30,279,9.30,14.7,0,corps,8.531779369776098,1.6880
7535,48,556,11.58,22.7,0,corps,8.529514046469231,1.7889
7536,61,719,11.79,28.4,0,corps,8.5272498555409,1.5775
7537,6,53,8.83,4.0,0,corps,8.524986796425054,2.2340
7538,12,89,7.42,6.7,0,corps,8.522724868555931,1.7950
7539,42,440,10.48,20.0,0,corps,8.520464071368053,1.6343
7540,16,179,11.19,8.4,0,corps,8.518204404296212,1.4786
7541,43,396,9.21,20.4,0,corps,8.515945866775496,1.8618
7542,39,414,10.62,18.7,0,corps,8.513688458241273,2.2713
7543,33,316,9.58,16.0,0,corps,8.511432178129184,1.4751
7544,37,378,10.22,17.8,0,corps,8.509177025875166,1.5664
7545,42,429,10.21,20.0,0,corps,8.506923000915428,1.6841
7546,42,378,9.00,20.0,0,corps,8.504670102686463,1.6071
7547,41,351,8.56,19.6,0,corps,8.502418330625048,1.8345
7548,19,213,11.21,9.8,0,corps,8.500167684168236,1.2435
7549,33,403,12.21,16.0,0,corps,8.49791816275337,1.5465
7550,53,586,11.06,24.9,0,corps,8.49566976581807,1.4448
7551,16,107,6.69,8.4,0,corps,8.493422492800233,1.9063
7552,27,259,9.59,13.3,0,corps,8.491176343138045,1.6704
7553,50,515,10.30,23.6,0,corps,8.488931316269964,1.3407
7554,44,444,10.09,20.9,0,corps,8.486687411634735,1.6447
7555,19,190,10.00,9.8,0,corps,8.484444628671383,1.4320
7556,21,181,8.62,10.7,0,corps,8.48220296681921,2.0901
7557,3,31,10.33,2.7,0,corps,8.479962425517803,2.0435
7558,36,432,12.00,17.3,0,corps,8.47772300420703,1.4973
7559,29,270,9.31,14.2,0,corps,8.475484702327027,1.5307
7560,14,111,7.93,7.6,0,corps,8.473247519318225,1.6352
7561,46,432,9.39,21.8,0,corps,8.471011454621324,1.8583
7562,47,512,10.89,22.2,0,corps,8.468776507677308,1.6677
7563,36,412,11.44,17.3,0,corps,8.466542677927446,1.6922
7564,25,235,9.40,12.4,0,corps,8.464309964813276,2.7679
7565,34,352,10.35,16.4,0,corps,8.46207836777662,1.7074
7566,43,399,9.28,20.4,0,corps,8.459847886259581,2.1544
7567,48,475,9.90,22.7,0,corps,8.457618519704534,1.8289
7568,29,284,9.79,14.2,0,corps,8.455390267554142,1.7201
7569,53,602,11.36,24.9,0,corps,8.453163129251339,1.8593
7570,31,284,9.16,15.1,0,corps,8.45093710423934,2.1315
7571,30,328,10.93,14.7,0,corps,8.448712191961643,1.6857
7572,41,379,9.24,19.6,0,corps,8.446488391862017,1.9224
7573,14,124,8.86,7.6,0,corps,8.44426570338451,1.5798
7574,55,672,12.22,25.8,0,corps,8.442044125973455,1.5002
7575,26,276,10.62,12.9,0,corps,8.439823659073454,1.5472
7576,52,578,11.12,24.4,0,corps,8.43760430212939,1.7624
7577,62,719,11.60,28.9,0,corps,8.435386054586424,1.8379
7578,45,508,11.29,21.3,0,corps,8.433168915889993,1.8007
7579,25,260,10.40,12.4,0,corps,8.430952885485818,1.5405
7580,46,463,10.07,21.8,0,corps,8.428737962819884,1.8587
7581,49,460,9.39,23.1,0,corps,8.426524147338466,1.7783
7582,27,240,8.89,13.3,0,corps,8.424311438488107,1.5114
7583,11,94,8.55,6.2,0,corps,8.422099835715633,1.6190
7584,44,471,10.70,20.9,0,corps,8.41988933846814,1.5406
7585,42,439,10.45,20.0,0,corps,8.417679946193001,1.4501
7586,29,242,8.34,14.2,0,corps,8.415471658337875,1.7788
7587,47,509,10.83,22.2,0,corps,8.413264474350687,1.4481
7588,49,470,9.59,23.1,0,corps,8.411058393679639,1.5624
7589,43,473,11.00,20.4,0,corps,8.408853415773212,1.5168
7590,50,505,10.10,23.6,0,corps,8.406649540080164,1.6727
7591,21,187,8.90,10.7,0,corps,8.404446766049523,1.7197
7592,43,382,8.88,20.4,0,corps,8.402245093130595,1.6729
7593,34,305,8.97,16.4,0,corps,8.400044520772965,1.3451
7594,49,511,10.43,23.1,0,corps,8.397845048426486,1.3158
7595,38,355,9.34,18.2,0,corps,8.395646675541297,1.5414
7596,44,483,10.98,20.9,0,corps,8.393449401567793,1.3761
7597,30,302,10.07,14.7,0,corps,8.391253225956666,1.5847
7598,50,506,10.12,23.6,0,corps,8.389058148158869,1.4049
7599,48,474,9.88,22.7,0,corps,8.38686416762563,1.4178
7600,48,448,9.33,22.7,0,corps,8.384671283808458,1.4229
7601,28,273,9.75,13.8,0,corps,8.382479496159128,1.8653
7602,31,310,10.00,15.1,0,corps,8.380288804129693,2.6455
7603,32,295,9.22,15.6,0,corps,8.378099207172486,2.0940
7604,28,276,9.86,13.8,0,corps,8.3759107047401,2.1198
7605,31,286,9.23,15.1,0,corps,8.373723296285416,1.9005
7606,43,477,11.09,20.4,0,corps,8.371536981261576,1.6912
7607,51,626,12.27,24.0,0,corps,8.369351759122006,1.3769
7608,45,545,12.11,21.3,0,corps,8.367167629320399,1.6747
7609,34,357,10.50,16.4,0,corps,8.364984591310721,1.6396
7610,22,183,8.32,11.1,0,corps,8.362802644547212,1.6672
7611,18,142,7.89,9.3,0,corps,8.36062178848439,2.0272
7612,35,381,10.89,16.9,0,corps,8.358442022577037,1.7607
7613,21,180,8.57,10.7,0,corps,8.35626334628021,2.5759
7614,37,406,10.97,17.8,0,corps,8.354085759049246,2.0278
7615,18,159,8.83,9.3,0,corps,8.351909260339742,1.7060
7616,32,309,9.66,15.6,0,corps,8.349733849607578,2.1073
7617,24,227,9.46,12.0,0,corps,8.347559526308896,2.0450
7618,27,275,10.19,13.3,0,corps,8.345386289900118,1.8123
7619,52,549,10.56,24.4,0,corps,8.343214139837936,1.4849
7620,44,388,8.82,20.9,0,corps,8.341043075579313,1.9109
7621,38,382,10.05,18.2,0,corps,8.338873096581482,1.6578
7622,51,499,9.78,24.0,0,corps,8.336704202301947,1.6711
7623,24,228,9.50,12.0,0,corps,8.334536392198483,1.6839
7624,30,281,9.37,14.7,0,corps,8.332369665729141,1.2723
7625,41,367,8.95,19.6,0,corps,8.33020402235224,1.6107
7626,48,559,11.65,22.7,0,corps,8.328039461526364,1.5567
7627,29,256,8.83,14.2,0,corps,8.325875982710379,1.5603
7628,41,445,10.85,19.6,0,corps,8.323713585363409,1.7458
7629,4,37,9.25,3.1,0,corps,8.32155226894486,1.5666
7630,18,142,7.89,9.3,0,corps,8.319392032914399,1.7868
7631,29,276,9.52,14.2,0,corps,8.31723287673197,1.3983
7632,32,325,10.16,15.6,0,corps,8.315074799857785,1.4785
7633,60,629,10.48,28.0,0,corps,8.312917801752317,1.5327
7634,28,234,8.36,13.8,0,corps,8.310761881876324,1.8468
7635,38,378,9.95,18.2,0,corps,8.308607039690827,1.3143
7636,25,250,10.00,12.4,0,corps,8.306453274657109,1.4099
7637,44,419,9.52,20.9,0,corps,8.304300586236735,1.7185
7638,23,238,10.35,11.6,0,corps,8.302148973891526,1.4748
7639,32,290,9.06,15.6,0,corps,8.299998437083586,1.6844
7640,25,289,11.56,12.4,0,corps,8.297848975275278,1.5208
7641,42,441,10.50,20.0,0,corps,8.295700587929232,2.1932
7642,19,174,9.16,9.8,0,corps,8.293553274508358,1.6613
7643,25,213,8.52,12.4,0,corps,8.291407034475828,1.8854
7644,56,667,11.91,26.2,0,corps,8.289261867295075,1.5340
7645,35,310,8.86,16.9,0,corps,8.287117772429815,1.8629
7646,43,410,9.53,20.4,0,corps,8.284974749344014,1.5727
7647,3,24,8.00,2.7,0,corps,8.282832797501928,2.8864
7648,3,14,4.67,2.7,0,corps,8.280691916368063,2.7753
7649,17,157,9.24,8.9,0,corps,8.278552105407197,1.7509
7650,57,666,11.68,26.7,0,corps,8.276413364084382,1.8391
7651,10,103,10.30,5.8,0,corps,8.27427569186493,1.7527
7652,24,239,9.96,12.0,0,corps,8.272139088214422,1.9422
7653,55,656,11.93,25.8,0,corps,8.27000355259871,1.8684
7654,39,372,9.54,18.7,0,corps,8.267869084483907,1.8409
7655,17,144,8.47,8.9,0,corps,8.265735683336398,2.1443
7656,34,359,10.56,16.4,0,corps,8.263603348622832,1.7064
7657,30,267,8.90,14.7,0,corps,8.261472079810126,1.7501
7658,56,622,11.11,26.2,0,corps,8.25934187636546,1.7101
7659,42,437,10.40,20.0,0,corps,8.257212737756287,1.7955
7660,26,218,8.38,12.9,0,corps,8.25508466345032,1.8866
7661,31,298,9.61,15.1,0,corps,8.252957652915542,1.5325
7662,2,11,5.50,2.2,0,corps,8.250831705620199,2.2341
7663,13,118,9.08,7.1,0,corps,8.248706821032803,2.3179
7664,33,312,9.45,16.0,0,corps,8.246582998622138,1.6767
7665,46,595,12.93,21.8,0,corps,8.24446023785724,1.4642
7666,46,466,10.13,21.8,0,corps,8.242338538207425,1.5602
7667,11,111,10.09,6.2,0,corps,8.24021789914227,2.8407
7668,32,316,9.88,15.6,0,corps,8.238098320131607,1.5186
7669,25,227,9.08,12.4,0,corps,8.235979800645552,2.1132
7670,40,422,10.55,19.1,0,corps,8.233862340154463,1.6316
7671,41,412,10.05,19.6,0,corps,8.231745938128984,1.5606
7672,71,857,12.07,32.9,0,corps,8.229630594040014,1.5798
7673,61,671,11.00,28.4,0,corps,8.227516307358709,1.8898
7674,32,318,9.94,15.6,0,corps,8.225403077556507,1.8203
7675,52,569,10.94,24.4,0,corps,8.223290904105095,1.8441
7676,45,417,9.27,21.3,0,corps,8.22117978647643,1.9145
7677,30,228,7.60,14.7,0,corps,8.219069724142736,2.1767
7678,45,442,9.82,21.3,0,corps,8.216960716576494,1.8935
7679,28,234,8.36,13.8,0,corps,8.214852763250452,1.7808
7680,25,236,9.44,12.4,0,corps,8.212745863637624,1.5429
7681,36,329,9.14,17.3,0,corps,8.210640017211283,1.4285
7682,30,268,8.93,14.7,0,corps,8.208535223444969,1.9703
7683,41,379,9.24,19.6,0,corps,8.206431481812483,2.0550
7684,13,127,9.77,7.1,0,corps,8.204328791787887,1.3311
7685,62,580,9.35,28.9,0,corps,8.202227152845516,1.8890
7686,40,349,8.72,19.1,0,corps,8.20012656445995,2.0514
7687,38,319,8.39,18.2,0,corps,8.198027026106049,1.6705
7688,55,647,11.76,25.8,0,corps,8.195928537258927,1.6679
7689,24,194,8.08,12.0,0,corps,8.19383109739396,2.1986
7690,16,132,8.25,8.4,0,corps,8.19173470598679,2.3759
7691,15,132,8.80,8.0,0,corps,8.189639362513319,1.6184
7692,59,607,10.29,27.6,0,corps,8.187545066449708,1.6608
7693,10,96,9.60,5.8,0,corps,8.185451817272387,2.0413
7694,35,292,8.34,16.9,0,corps,8.183359614458043,2.0249
7695,67,756,11.28,31.1,0,corps,8.181268457483622,2.1561
7696,33,286,8.67,16.0,0,corps,8.17917834582634,2.0341
7697,31,301,9.71,15.1,0,corps,8.177089278963665,1.4871
7698,31,282,9.10,15.1,0,corps,8.17500125637333,1.8199
7699,51,506,9.92,24.0,0,corps,8.172914277533334,1.5997
7700,49,520,10.61,23.1,0,corps,8.170828341921926,1.7532
7701,43,377,8.77,20.4,0,corps,8.168743449017626,1.7755
7702,31,279,9.00,15.1,0,corps,8.16665959829921,1.6077
7703,30,323,10.77,14.7,0,corps,8.164576789245714,1.5089
7704,25,218,8.72,12.4,0,corps,8.162495021336442,2.2459
7705,59,556,9.42,27.6,0,corps,8.160414294050941,1.9762
7706,26,297,11.42,12.9,0,corps,8.158334606869039,1.6178
7707,20,187,9.35,10.2,0,corps,8.15625595927081,2.1173
7708,17,172,10.12,8.9,0,corps,8.15417835073659,1.8251
7709,53,547,10.32,24.9,0,corps,8.152101780746984,1.8244
7710,26,230,8.85,12.9,0,corps,8.15002624878284,1.6854
7711,57,518,9.09,26.7,0,corps,8.14795175432528,1.8787
7712,36,385,10.69,17.3,0,corps,8.145878296855683,1.5142
7713,29,293,10.10,14.2,0,corps,8.14380587585568,1.6793
7714,34,329,9.68,16.4,0,corps,8.141734490807167,1.7482
7715,58,713,12.29,27.1,0,corps,8.139664141192302,1.5645
7716,41,340,8.29,19.6,0,corps,8.13759482649349,2.2258
7717,24,239,9.96,12.0,0,corps,8.13552654619341,1.9219
7718,22,224,10.18,11.1,0,corps,8.133459299774984,1.6293
7719,52,529,10.17,24.4,0,corps,8.131393086721406,1.7518
7720,4,34,8.50,3.1,0,corps,8.12932790651612,2.1609
7721,35,322,9.20,16.9,0,corps,8.127263758642833,1.3994
7722,26,227,8.73,12.9,0,corps,8.125200642585508,1.5050
7723,46,512,11.13,21.8,0,corps,8.123138557828364,1.9356
7724,21,216,10.29,10.7,0,corps,8.121077503855883,1.5767
7725,22,233,10.59,11.1,0,corps,8.119017480152799,2.2486
7726,43,513,11.93,20.4,0,corps,8.116958486204103,1.3345
7727,54,629,11.65,25.3,0,corps,8.114900521495052,1.5848
7728,46,537,11.67,21.8,0,corps,8.112843585511156,1.4983
7729,31,316,10.19,15.1,0,corps,8.110787677738173,1.6738
7730,45,457,10.16,21.3,0,corps,8.108732797662132,2.0234
7731,44,461,10.48,20.9,0,corps,8.106678944769314,1.4912
7732,46,507,11.02,21.8,0,corps,8.104626118546252,1.4568
7733,48,504,10.50,22.7,0,corps,8.102574318479743,1.4815
7734,36,351,9.75,17.3,0,corps,8.10052354405683,1.6885
7735,41,512,12.49,19.6,0,corps,8.09847379476483,1.5424
7736,31,304,9.81,15.1,0,corps,8.096425070091298,1.3999
7737,41,413,10.07,19.6,0,corps,8.094377369524054,1.2573
7738,33,335,10.15,16.0,0,corps,8.092330692551174,1.8172
7739,5,51,10.20,3.6,0,corps,8.090285038660989,1.4271
7740,48,544,11.33,22.7,0,corps,8.088240407342084,1.7216
7741,17,163,9.59,8.9,0,corps,8.086196798083305,1.5636
7742,39,375,9.62,18.7,0,corps,8.084154210373743,1.6616
7743,29,318,10.97,14.2,0,corps,8.082112643702756,1.5946
7744,21,169,8.05,10.7,0,corps,8.080072097559954,1.7387
7745,23,199,8.65,11.6,0,corps,8.078032571435195,2.1031
7746,11,73,6.64,6.2,0,corps,8.075994064818598,2.6081
7747,29,280,9.66,14.2,0,corps,8.073956577200542,1.7652
7748,33,336,10.18,16.0,0,corps,8.071920108071652,1.6431
7749,10,101,10.10,5.8,0,corps,8.069884656922808,1.9070
7750,64,728,11.38,29.8,0,corps,8.067850223245149,1.7978
7751,33,330,10.00,16.0,0,corps,8.06581680653007,1.4770
7752,40,408,10.20,19.1,0,corps,8.063784406269212,1.6786
7753,32,283,8.84,15.6,0,corps,8.061753021954473,1.9391
7754,41,431,10.51,19.6,0,corps,8.059722653078015,1.9201
7755,45,462,10.27,21.3,0,corps,8.057693299132241,1.8819
7756,39,419,10.74,18.7,0,corps,8.055664959609812,1.6955
7757,45,527,11.71,21.3,0,corps,8.053637634003646,1.9304
7758,43,460,10.70,20.4,0,corps,8.05161132180691,1.6075
7759,19,170,8.95,9.8,0,corps,8.049586022513022,2.3050
7760,33,337,10.21,16.0,0,corps,8.047561735615663,1.7158
7761,5,42,8.40,3.6,0,corps,8.045538460608759,1.7159
7762,24,187,7.79,12.0,0,corps,8.043516196986491,2.1296
7763,22,189,8.59,11.1,0,corps,8.041494944243292,1.6709
7764,27,239,8.85,13.3,0,corps,8.03947470187385,1.6958
7765,33,298,9.03,16.0,0,corps,8.037455469373105,2.0187
7766,32,327,10.22,15.6,0,corps,8.03543724623625,1.5259
7767,31,296,9.55,15.1,0,corps,8.033420031958727,1.7992
7768,7,69,9.86,4.4,0,corps,8.031403826036234,1.4319
7769,34,303,8.91,16.4,0,corps,8.029388627964714,1.8606
7770,20,176,8.80,10.2,0,corps,8.027374437240377,1.8951
7771,40,474,11.85,19.1,0,corps,8.025361253359668,1.7227
7772,34,312,9.18,16.4,0,corps,8.023349075819294,1.8096
7773,50,485,9.70,23.6,0,corps,8.02133790411621,1.7419
7774,46,437,9.50,21.8,0,corps,8.019327737747622,1.5101
7775,29,269,9.28,14.2,0,corps,8.017318576210988,1.5303
7776,35,329,9.40,16.9,0,corps,8.015310419004022,1.8494
7777,43,452,10.51,20.4,0,corps,8.01330326562468,1.5324
7778,33,311,9.42,16.0,0,corps,8.011297115571178,1.9333
7779,35,325,9.29,16.9,0,corps,8.009291968341973,1.6717
7780,42,397,9.45,20.0,0,corps,8.00728782343578,1.8081
7781,39,351,9.00,18.7,0,corps,8.005284680351567,1.7321
7782,22,203,9.23,11.1,0,corps,8.003282538588543,2.0493
7783,23,225,9.78,11.6,0,corps,8.001281397646173,1.6780
7784,13,119,9.15,7.1,0,corps,7.999281257024177,1.5470
7785,58,658,11.34,27.1,0,corps,7.997282116222512,1.6443
7786,22,183,8.32,11.1,0,corps,7.995283974741402,1.7528
7787,45,416,9.24,21.3,0,corps,7.9932868320813,2.0082
7788,38,363,9.55,18.2,0,corps,7.991290687742931,1.8433
7789,49,468,9.55,23.1,0,corps,7.989295541227256,1.9460
7790,8,63,7.88,4.9,0,corps,7.987301392035484,2.7253
7791,33,303,9.18,16.0,0,corps,7.985308239669081,1.7559
7792,55,581,10.56,25.8,0,corps,7.98331608362976,1.5490
7793,80,960,12.00,36.9,0,corps,7.98132492341948,1.8530
7794,34,313,9.21,16.4,0,corps,7.979334758540453,1.7133
7795,27,224,8.30,13.3,0,corps,7.977345588495134,2.1457
7796,7,50,7.14,4.4,0,corps,7.975357412786234,1.8518
7797,41,367,8.95,19.6,0,corps,7.973370230916708,1.7822
7798,58,556,9.59,27.1,0,corps,7.971384042389761,2.2544
7799,5,30,6.00,3.6,0,corps,7.969398846708844,2.7541
7800,33,273,8.27,16.0,0,corps,7.96741464337766,2.4822
7801,26,271,10.42,12.9,0,corps,7.965431431900158,1.6175
7802,44,423,9.61,20.9,0,corps,7.963449211780535,1.3689
7803,37,337,9.11,17.8,0,corps,7.961467982523233,1.5607
7804,38,365,9.61,18.2,0,corps,7.959487743632948,1.5239
7805,48,491,10.23,22.7,0,corps,7.957508494614622,1.4335
7806,28,242,8.64,13.8,0,corps,7.955530234973438,1.6257
7807,48,467,9.73,22.7,0,corps,7.953552964214833,1.3310
7808,31,268,8.65,15.1,0,corps,7.951576681844494,1.6646
7809,41,416,10.15,19.6,0,corps,7.94960138736834,1.8168
7810,14,124,8.86,7.6,0,corps,7.947627080292557,1.3635
7811,19,166,8.74,9.8,0,corps,7.945653760123564,1.6290
7812,45,465,10.33,21.3,0,corps,7.94368142636803,1.4185
7813,52,489,9.40,24.4,0,corps,7.941710078532877,1.3363
7814,39,443,11.36,18.7,0,corps,7.93973971612526,1.5134
7815,57,629,11.04,26.7,0,corps,7.937770338652594,1.4528
7816,31,278,8.97,15.1,0,corps,7.935801945622534,1.4327
7817,40,446,11.15,19.1,0,corps,7.93383453654298,1.7754
7818,54,596,11.04,25.3,0,corps,7.931868110922083,1.8029
7819,52,494,9.50,24.4,0,corps,7.929902668268231,1.4848
7820,40,398,9.95,19.1,0,corps,7.927938208090067,1.6831
7821,48,539,11.23,22.7,0,corps,7.925974729896476,1.5349
7822,49,557,11.37,23.1,0,corps,7.9240122331965885,1.4657
7823,51,589,11.55,24.0,0,corps,7.922050717499779,1.6560
7824,3,23,7.67,2.7,0,corps,7.92009018231567,2.4029
7825,32,312,9.75,15.6,0,corps,7.9181306271541265,1.6359
7826,42,518,12.33,20.0,0,corps,7.916172051525261,1.5581
7827,39,343,8.79,18.7,0,corps,7.914214454939428,1.9354
7828,42,395,9.40,20.0,0,corps,7.912257836907227,1.6652
7829,31,272,8.77,15.1,0,corps,7.91030219693951,1.7849
7830,26,223,8.58,12.9,0,corps,7.908347534547361,2.0768
7831,41,485,11.83,19.6,0,corps,7.9063938492421135,1.5937
7832,17,147,8.65,8.9,0,corps,7.904441140535351,1.6205
7833,26,233,8.96,12.9,0,corps,7.902489407938893,2.2026
7834,41,472,11.51,19.6,0,corps,7.900538650964808,1.5099
7835,35,315,9.00,16.9,0,corps,7.898588869125406,1.8939
7836,42,369,8.79,20.0,0,corps,7.896640061933241,2.1363
7837,42,454,10.81,20.0,0,corps,7.894692228901115,1.6040
7838,5,47,9.40,3.6,0,corps,7.8927453695420615,2.2648
7839,62,653,10.53,28.9,0,corps,7.890799483369373,1.6450
7840,45,476,10.58,21.3,0,corps,7.888854569896576,1.7954
7841,32,379,11.84,15.6,0,corps,7.886910628637442,1.9148
7842,38,404,10.63,18.2,0,corps,7.8849676591059845,1.7197
7843,75,1061,14.15,34.7,0,corps,7.883025660816462,1.8572
7844,57,687,12.05,26.7,0,corps,7.8810846332833755,1.7082
7845,24,214,8.92,12.0,0,corps,7.879144576021467,1.5788
7846,43,484,11.26,20.4,0,corps,7.877205488545721,1.8056
7847,61,629,10.31,28.4,0,corps,7.875267370371369,1.8827
7848,60,748,12.47,28.0,0,corps,7.873330221013881,1.9512
7849,18,147,8.17,9.3,0,corps,7.871394039988969,1.9181
7850,26,233,8.96,12.9,0,corps,7.869458826812585,1.4912
7851,16,141,8.81,8.4,0,corps,7.867524581000929,1.5098
7852,29,248,8.55,14.2,0,corps,7.865591302070436,1.9749
7853,53,562,10.60,24.9,0,corps,7.863658989537791,1.5215
7854,49,557,11.37,23.1,0,corps,7.861727642919913,1.5154
7855,37,303,8.19,17.8,0,corps,7.859797261733964,2.0500
7856,63,690,10.95,29.3,0,corps,7.8578678454973545,1.5188
7857,60,658,10.97,28.0,0,corps,7.8559393937277235,1.7779
7858,38,360,9.47,18.2,0,corps,7.854011905942963,1.7865
7859,26,262,10.08,12.9,0,corps,7.8520853816611975,1.7753
7860,30,276,9.20,14.7,0,corps,7.8501598204007985,1.6854
7861,26,260,10.00,12.9,0,corps,7.8482352216803735,1.5533
7862,49,577,11.78,23.1,0,corps,7.846311585018774,1.8107
7863,26,275,10.58,12.9,0,corps,7.84438890993509,1.8893
7864,3,23,7.67,2.7,0,corps,7.842467195948657,2.7628
7865,43,440,10.23,20.4,0,corps,7.84054644257904,1.7504
7866,32,324,10.12,15.6,0,corps,7.838626649346056,2.3015
7867,34,277,8.15,16.4,0,corps,7.836707815769752,1.8471
7868,10,72,7.20,5.8,0,corps,7.8347899413704205,2.9671
7869,49,645,13.16,23.1,0,corps,7.832873025668598,1.6160
7870,49,624,12.73,23.1,0,corps,7.83095706818505,1.6093
7871,45,452,10.04,21.3,0,corps,7.829042068440789,1.9453
7872,83,1027,12.37,38.2,0,corps,7.827128025957067,1.9474
7873,25,230,9.20,12.4,0,corps,7.825214940255368,1.6228
7874,21,180,8.57,10.7,0,corps,7.823302810857427,1.6648
7875,30,283,9.43,14.7,0,corps,7.821391637285208,1.6741
7876,19,159,8.37,9.8,0,corps,7.819481419060917,1.8934
7877,61,675,11.07,28.4,0,corps,7.817572155707002,1.6281
7878,40,436,10.90,19.1,0,corps,7.815663846746144,1.5948
7879,52,672,12.92,24.4,0,corps,7.8137564917012705,1.6941
7880,25,220,8.80,12.4,0,corps,7.811850090095537,1.7790
7881,44,393,8.93,20.9,0,corps,7.809944641452346,1.8157
7882,58,737,12.71,27.1,0,corps,7.808040145295337,1.6078
7883,34,373,10.97,16.4,0,corps,7.806136601148383,1.7678
7884,41,469,11.44,19.6,0,corps,7.804234008535599,1.7635
7885,34,324,9.53,16.4,0,corps,7.802332366981338,1.9137
7886,44,488,11.09,20.9,0,corps,7.800431676010187,1.6800
7887,33,386,11.70,16.0,0,corps,7.798531935146976,1.3541
7888,33,288,8.73,16.0,0,corps,7.796633143916767,1.7391
7889,45,536,11.91,21.3,0,corps,7.794735301844866,1.5613
7890,50,533,10.66,23.6,0,corps,7.792838408456809,1.8206
7891,29,293,10.10,14.2,0,corps,7.790942463278375,1.6546
7892,28,234,8.36,13.8,0,corps,7.789047465835575,2.2280
7893,58,664,11.45,27.1,0,corps,7.787153415654663,1.7262
7894,42,436,10.38,20.0,0,corps,7.785260312262121,1.8456
7895,63,683,10.84,29.3,0,corps,7.7833681551846805,1.9977
7896,41,417,10.17,19.6,0,corps,7.781476943949298,1.9085
7897,65,728,11.20,30.2,0,corps,7.779586678083169,1.7519
7898,61,695,11.39,28.4,0,corps,7.777697357113731,1.7621
7899,66,713,10.80,30.7,0,corps,7.775808980568652,1.7255
7900,17,177,10.41,8.9,0,corps,7.773921547975837,1.5043
7901,57,548,9.61,26.7,0,corps,7.77203505886343,1.6764
7902,64,768,12.00,29.8,0,corps,7.770149512759805,1.6501
7903,46,434,9.43,21.8,0,corps,7.768264909193581,1.6030
7904,41,373,9.10,19.6,0,corps,7.766381247693602,2.0536
7905,25,210,8.40,12.4,0,corps,7.764498527788953,1.9298
7906,51,594,11.65,24.0,0,corps,7.7626167490089575,1.4536
7907,22,197,8.95,11.1,0,corps,7.760735910883168,1.7259
7908,21,196,9.33,10.7,0,corps,7.758856012941376,1.4661
7909,43,392,9.12,20.4,0,corps,7.75697705471361,1.5576
7910,41,376,9.17,19.6,0,corps,7.755099035730123,1.5451
7911,32,344,10.75,15.6,0,corps,7.753221955521417,1.3049
7912,21,180,8.57,10.7,0,corps,7.751345813618219,1.8982
7913,43,385,8.95,20.4,0,corps,7.7494706095514925,1.3135
7914,27,237,8.78,13.3,0,corps,7.7475963428524395,1.3787
7915,53,531,10.02,24.9,0,corps,7.745723013052489,1.3379
7916,51,587,11.51,24.0,0,corps,7.743850619683313,1.3619
7917,34,296,8.71,16.4,0,corps,7.741979162276813,1.7675
7918,32,287,8.97,15.6,0,corps,7.74010864036512,1.4811
7919,55,600,10.91,25.8,0,corps,7.738239053480611,1.4446
7920,37,427,11.54,17.8,0,corps,7.736370401155882,1.7819
7921,33,304,9.21,16.0,0,corps,7.734502682923772,1.5768
7922,50,586,11.72,23.6,0,corps,7.732635898317353,1.3266
7923,57,681,11.95,26.7,0,corps,7.730770046869928,1.6153
7924,12,107,8.92,6.7,0,corps,7.7289051281150325,1.2780
7925,26,270,10.38,12.9,0,corps,7.727041141586442,1.6078
7926,26,224,8.62,12.9,0,corps,7.725178086818155,1.8068
7927,40,387,9.68,19.1,0,corps,7.723315963344408,1.1776
7928,44,459,10.43,20.9,0,corps,7.721454770699672,1.4094
7929,42,426,10.14,20.0,0,corps,7.719594508418648,1.7944
7930,53,562,10.60,24.9,0,corps,7.717735176036269,1.4587
7931,44,472,10.73,20.9,0,corps,7.715876773087706,1.6524
7932,69,807,11.70,32.0,0,corps,7.714019299108353,1.4140
7933,17,155,9.12,8.9,0,corps,7.712162753633847,1.3240
7934,39,398,10.21,18.7,0,corps,7.710307136200045,1.3519
7935,52,550,10.58,24.4,0,corps,7.708452446343051,1.6480
7936,11,91,8.27,6.2,0,corps,7.706598683599185,1.9485
7937,49,523,10.67,23.1,0,corps,7.704745847505009,1.6492
7938,45,434,9.64,21.3,0,corps,7.702893937597316,1.5421
7939,59,716,12.14,27.6,0,corps,7.701042953413125,1.6558
7940,16,134,8.38,8.4,0,corps,7.699192894489691,1.6202
7941,52,511,9.83,24.4,0,corps,7.697343760364503,1.9728
7942,17,155,9.12,8.9,0,corps,7.695495550575271,1.7634
7943,33,344,10.42,16.0,0,corps,7.693648264659949,1.3939
7944,60,766,12.77,28.0,0,corps,7.691801902156708,1.6306
7945,40,368,9.20,19.1,0,corps,7.689956462603965,1.9180
7946,21,189,9.00,10.7,0,corps,7.688111945540357,1.7841
7947,23,218,9.48,11.6,0,corps,7.686268350504754,1.7453
7948,18,156,8.67,9.3,0,corps,7.684425677036258,1.6531
7949,32,284,8.88,15.6,0,corps,7.6825839246742005,1.7154
7950,62,864,13.94,28.9,0,corps,7.680743092958142,1.8821
7951,40,349,8.72,19.1,0,corps,7.678903181427879,2.3798
7952,35,288,8.23,16.9,0,corps,7.677064189623427,1.5849
7953,24,208,8.67,12.0,0,corps,7.675226117085043,1.8663
7954,45,475,10.56,21.3,0,corps,7.673388963353209,1.8489
7955,5,47,9.40,3.6,0,corps,7.671552727968632,1.6201
7956,42,424,10.10,20.0,0,corps,7.669717410472257,1.8041
7957,7,59,8.43,4.4,0,corps,7.667883010405255,2.0525
7958,28,246,8.79,13.8,0,corps,7.666049527309024,1.9570
7959,42,431,10.26,20.0,0,corps,7.664216960725195,1.5834
7960,68,864,12.71,31.6,0,corps,7.662385310195624,1.5492
7961,46,433,9.41,21.8,0,corps,7.660554575262399,2.1494
7962,8,65,8.12,4.9,0,corps,7.658724755467839,2.1786
7963,23,203,8.83,11.6,0,corps,7.656895850354484,1.7112
7964,16,170,10.62,8.4,0,corps,7.655067859465111,2.0580
7965,48,472,9.83,22.7,0,corps,7.653240782342725,1.9278
7966,60,619,10.32,28.0,0,corps,7.651414618530551,1.7581
7967,64,752,11.75,29.8,0,corps,7.649589367572052,2.4351
7968,30,241,8.03,14.7,0,corps,7.647765029010914,1.6867
7969,47,590,12.55,22.2,0,corps,7.6459416023910505,1.6060
7970,32,388,12.12,15.6,0,corps,7.644119087256608,1.8674
7971,60,774,12.90,28.0,0,corps,7.642297483151955,1.9104
7972,31,269,8.68,15.1,0,corps,7.640476789621692,2.9452
7973,19,178,9.37,9.8,0,corps,7.638657006210647,1.7520
7974,39,414,10.62,18.7,0,corps,7.636838132463872,1.5772
7975,53,625,11.79,24.9,0,corps,7.635020167926649,2.0699
7976,24,219,9.12,12.0,0,corps,7.6332031121444865,2.0305
7977,39,379,9.72,18.7,0,corps,7.63138696466312,1.8513
7978,37,389,10.51,17.8,0,corps,7.629571725028517,1.9907
7979,50,584,11.68,23.6,0,corps,7.62775739278686,1.7786
7980,35,343,9.80,16.9,0,corps,7.625943967484572,1.6828
7981,35,344,9.83,16.9,0,corps,7.624131448668295,1.2653
7982,45,432,9.60,21.3,0,corps,7.622319835884897,1.6483
7983,37,404,10.92,17.8,0,corps,7.62050912868148,1.6259
7984,36,299,8.31,17.3,0,corps,7.618699326605362,1.5134
7985,53,575,10.85,24.9,0,corps,7.616890429204096,1.3206
7986,64,765,11.95,29.8,0,corps,7.615082436025455,1.4899
7987,41,373,9.10,19.6,0,corps,7.61327534661744,1.7230
7988,29,283,9.76,14.2,0,corps,7.611469160528284,1.5656
7989,47,508,10.81,22.2,0,corps,7.609663877306436,1.3250
7990,31,345,11.13,15.1,0,corps,7.607859496500574,1.6825
7991,33,297,9.00,16.0,0,corps,7.606056017659607,2.0053
7992,39,336,8.62,18.7,0,corps,7.604253440332663,2.1684
7993,45,444,9.87,21.3,0,corps,7.602451764069096,1.5955
7994,39,439,11.26,18.7,0,corps,7.600650988418492,1.5042
7995,31,248,8.00,15.1,0,corps,7.598851112930652,1.9397
7996,58,758,13.07,27.1,0,corps,7.5970521371556075,1.2580
7997,20,186,9.30,10.2,0,corps,7.595254060643619,1.9887
7998,40,323,8.07,19.1,0,corps,7.593456882945163,1.8313
7999,33,300,9.09,16.0,0,corps,7.591660603610947,1.5099
8000,51,548,10.75,24.0,0,corps,7.589865222191899,1.6239
8001,37,305,8.24,17.8,0,corps,7.588070738239177,1.6945
8002,33,294,8.91,16.0,0,corps,7.586277151304155,3.1616
8003,25,210,8.40,12.4,0,corps,7.584484460938444,1.8117
8004,44,493,11.20,20.9,0,corps,7.582692666693866,1.7594
8005,48,540,11.25,22.7,0,corps,7.5809017681224695,1.8059
8006,30,323,10.77,14.7,0,corps,7.579111764776539,1.4127
8007,60,716,11.93,28.0,0,corps,7.577322656208565,1.7120
8008,28,262,9.36,13.8,0,corps,7.575534441971277,1.6984
8009,5,50,10.00,3.6,0,corps,7.573747121617613,1.1437
8010,41,379,9.24,19.6,0,corps,7.571960694700753,1.9044
8011,16,150,9.38,8.4,0,corps,7.570175160774083,1.8996
8012,61,672,11.02,28.4,0,corps,7.568390519391219,1.3022
8013,20,172,8.60,10.2,0,corps,7.566606770106008,1.4500
8014,33,335,10.15,16.0,0,corps,7.564823912472507,1.4358
8015,56,692,12.36,26.2,0,corps,7.563041946044999,1.8943
8016,68,1018,14.97,31.6,0,corps,7.561260870378001,1.6310
8017,44,484,11.00,20.9,0,corps,7.559480685026237,1.9172
8018,62,660,10.65,28.9,0,corps,7.55770138954466,1.5401
8019,20,197,9.85,10.2,0,corps,7.555922983488453,1.4392
8020,40,419,10.47,19.1,0,corps,7.5541454664130105,1.6460
8021,82,1184,14.44,37.8,0,corps,7.55236883787395,1.7185
8022,28,314,11.21,13.8,0,corps,7.550593097427121,1.5982
8023,47,526,11.19,22.2,0,corps,7.548818244628583,1.7232
8024,10,98,9.80,5.8,0,corps,7.547044279034626,1.7624
8025,24,256,10.67,12.0,0,corps,7.545271200201754,1.4373
8026,42,458,10.90,20.0,0,corps,7.5434990076867035,1.6609
8027,27,294,10.89,13.3,0,corps,7.541727701046424,1.3760
8028,38,379,9.97,18.2,0,corps,7.539957279838083,1.2362
8029,8,80,10.00,4.9,0,corps,7.538187743619086,2.1532
8030,31,264,8.52,15.1,0,corps,7.5364190919470415,1.4911
8031,12,91,7.58,6.7,0,corps,7.534651324379787,1.8149
8032,39,350,8.97,18.7,0,corps,7.532884440475385,1.7021
8033,23,231,10.04,11.6,0,corps,7.5311184397921105,1.6917
8034,44,518,11.77,20.9,0,corps,7.529353321888461,2.0160
8035,28,269,9.61,13.8,0,corps,7.527589086323164,1.7347
8036,26,241,9.27,12.9,0,corps,7.525825732655157,1.6802
8037,30,321,10.70,14.7,0,corps,7.524063260443597,1.9369
8038,18,160,8.89,9.3,0,corps,7.522301669247877,1.7902
8039,38,374,9.84,18.2,0,corps,7.520540958627589,1.6903
8040,29,290,10.00,14.2,0,corps,7.518781128142563,1.8063
8041,4,37,9.25,3.1,0,corps,7.517022177352831,0.8557
8042,31,252,8.13,15.1,0,corps,7.515264105818664,1.9356
8043,38,340,8.95,18.2,0,corps,7.513506913100544,1.3104
8044,67,716,10.69,31.1,0,corps,7.511750598759168,1.4832
8045,16,153,9.56,8.4,0,corps,7.509995162355461,1.3226
8046,51,609,11.94,24.0,0,corps,7.508240603450564,1.5535
8047,22,208,9.45,11.1,0,corps,7.506486921605833,1.4395
8048,27,283,10.48,13.3,0,corps,7.504734116382853,1.4170
8049,51,566,11.10,24.0,0,corps,7.502982187343421,1.4093
8050,15,143,9.53,8.0,0,corps,7.501231134049551,1.0838
8051,57,597,10.47,26.7,0,corps,7.499480956063485,1.5566
8052,42,445,10.60,20.0,0,corps,7.497731652947678,1.5749
8053,45,475,10.56,21.3,0,corps,7.495983224264799,1.4529
8054,4,36,9.00,3.1,0,corps,7.494235669577745,1.4195
8055,24,225,9.38,12.0,0,corps,7.492488988449629,1.4105
8056,36,357,9.92,17.3,0,corps,7.490743180443777,1.4509
8057,43,488,11.35,20.4,0,corps,7.488998245123738,1.3974
8058,2,17,8.50,2.2,0,corps,7.487254182053278,1.7740
8059,24,218,9.08,12.0,0,corps,7.485510990796383,1.6752
8060,47,515,10.96,22.2,0,corps,7.483768670917251,1.6891
8061,31,348,11.23,15.1,0,corps,7.482027221980308,1.5718
8062,30,270,9.00,14.7,0,corps,7.480286643550188,1.7861
8063,18,181,10.06,9.3,0,corps,7.478546935191743,1.5973
8064,15,121,8.07,8.0,0,corps,7.476808096470055,1.7883
8065,35,384,10.97,16.9,0,corps,7.475070126950409,1.5758
8066,48,539,11.23,22.7,0,corps,7.473333026198309,1.8706
8067,35,354,10.11,16.9,0,corps,7.471596793779487,1.4896
8068,24,232,9.67,12.0,0,corps,7.469861429259883,1.3971
8069,51,546,10.71,24.0,0,corps,7.4681269322056485,1.5782
8070,75,1043,13.91,34.7,0,corps,7.466393302183169,1.3663
8071,55,543,9.87,25.8,0,corps,7.464660538759035,1.9051
8072,56,741,13.23,26.2,0,corps,7.462928641500052,1.9606
8073,38,316,8.32,18.2,0,corps,7.461197609973244,1.7200
8074,43,402,9.35,20.4,0,corps,7.4594674437458615,1.7257
8075,22,203,9.23,11.1,0,corps,7.457738142385356,1.8539
8076,43,503,11.70,20.4,0,corps,7.456009705459402,1.6053
8077,35,325,9.29,16.9,0,corps,7.454282132535896,1.5453
8078,40,444,11.10,19.1,0,corps,7.45255542318294,1.7637
8079,15,129,8.60,8.0,0,corps,7.450829576968854,1.5194
8080,32,300,9.38,15.6,0,corps,7.449104593462186,1.5436
8081,32,303,9.47,15.6,0,corps,7.447380472231682,1.6614
8082,31,276,8.90,15.1,0,corps,7.445657212846311,1.7521
8083,58,748,12.90,27.1,0,corps,7.4439348148752655,1.4833
8084,43,462,10.74,20.4,0,corps,7.442213277887941,1.6844
8085,52,527,10.13,24.4,0,corps,7.4404926014539505,1.5136
8086,30,308,10.27,14.7,0,corps,7.438772785143131,1.4813
8087,23,228,9.91,11.6,0,corps,7.437053828525528,1.8321
8088,20,177,8.85,10.2,0,corps,7.435335731171397,1.8482
8089,60,689,11.48,28.0,0,corps,7.433618492651214,1.6630
8090,27,244,9.04,13.3,0,corps,7.431902112535678,1.7766
8091,20,165,8.25,10.2,0,corps,7.430186590395686,1.7552
8092,53,523,9.87,24.9,0,corps,7.4284719258023575,1.8380
8093,34,331,9.74,16.4,0,corps,7.426758118327029,2.0318
8094,44,431,9.80,20.9,0,corps,7.42504516754125,1.4649
8095,22,169,7.68,11.1,0,corps,7.423333073016777,2.2172
8096,58,620,10.69,27.1,0,corps,7.421621834325593,1.7238
8097,36,330,9.17,17.3,0,corps,7.4199114510398845,1.6307
8098,40,444,11.10,19.1,0,corps,7.418201922732057,1.6240
8099,44,491,11.16,20.9,0,corps,7.416493248974727,1.4277
8100,35,334,9.54,16.9,0,corps,7.4147854293407285,1.6459
8101,30,244,8.13,14.7,0,corps,7.413078463403103,1.4338
8102,46,471,10.24,21.8,0,corps,7.411372350735112,1.3465
8103,48,432,9.00,22.7,0,corps,7.409667090910229,1.4668
8104,39,387,9.92,18.7,0,corps,7.407962683502135,1.8604
8105,33,328,9.94,16.0,0,corps,7.406259128084727,1.3127
8106,30,284,9.47,14.7,0,corps,7.404556424232121,1.5161
8107,39,378,9.69,18.7,0,corps,7.402854571518641,1.1883
8108,43,341,7.93,20.4,0,corps,7.401153569518818,1.7509
8109,52,718,13.81,24.4,0,corps,7.399453417807406,1.2306
8110,22,192,8.73,11.1,0,corps,7.397754115959368,1.2761
8111,16,119,7.44,8.4,0,corps,7.3960556635498715,1.5769
8112,23,206,8.96,11.6,0,corps,7.394358060154314,1.6710
8113,73,937,12.84,33.8,0,corps,7.392661305348288,1.4417
8114,41,392,9.56,19.6,0,corps,7.390965398707603,1.4727
8115,48,526,10.96,22.7,0,corps,7.389270339808289,1.3312
8116,33,313,9.48,16.0,0,corps,7.387576128226578,1.8268
8117,41,482,11.76,19.6,0,corps,7.385882763538912,1.3677
8118,45,535,11.89,21.3,0,corps,7.384190245321959,1.2090
8119,31,291,9.39,15.1,0,corps,7.382498573152585,1.3878
8120,48,494,10.29,22.7,0,corps,7.3808077466078705,1.2984
8121,49,501,10.22,23.1,0,corps,7.379117765265109,1.5014
8122,51,641,12.57,24.0,0,corps,7.377428628701807,1.3540
8123,36,357,9.92,17.3,0,corps,7.3757403364956815,1.9473
8124,59,627,10.63,27.6,0,corps,7.374052888224655,1.4152
8125,43,407,9.47,20.4,0,corps,7.372366283466872,1.3520
8126,16,121,7.56,8.4,0,corps,7.370680521800675,2.0795
8127,52,577,11.10,24.4,0,corps,7.368995602804623,1.4489
8128,49,560,11.43,23.1,0,corps,7.3673115260574935,1.5208
8129,51,534,10.47,24.0,0,corps,7.365628291138264,1.4927
8130,54,655,12.13,25.3,0,corps,7.36394589762612,1.6501
8131,52,643,12.37,24.4,0,corps,7.362264345100472,1.3256
8132,35,319,9.11,16.9,0,corps,7.3605836331409265,1.5913
8133,43,520,12.09,20.4,0,corps,7.358903761327309,1.4206
8134,38,399,10.50,18.2,0,corps,7.357224729239645,1.4499
8135,41,484,11.80,19.6,0,corps,7.355546536458182,1.3162
8136,48,456,9.50,22.7,0,corps,7.353869182563375,1.7092
8137,34,320,9.41,16.4,0,corps,7.352192667135873,1.5016
8138,39,323,8.28,18.7,0,corps,7.350516989756562,1.4467
8139,4,45,11.25,3.1,0,corps,7.348842150006515,2.1594
8140,32,309,9.66,15.6,0,corps,7.34716814746702,1.5936
8141,40,460,11.50,19.1,0,corps,7.345494981719582,1.6860
8142,36,415,11.53,17.3,0,corps,7.3438226523459065,2.1953
8143,31,326,10.52,15.1,0,corps,7.342151158927909,1.9182
8144,53,722,13.62,24.9,0,corps,7.340480501047722,2.0367
8145,58,735,12.67,27.1,0,corps,7.338810678287675,1.6605
8146,33,325,9.85,16.0,0,corps,7.3371416902303155,1.8165
8147,56,739,13.20,26.2,0,corps,7.335473536458398,1.8944
8148,21,221,10.52,10.7,0,corps,7.333806216554881,1.7048
8149,25,265,10.60,12.4,0,corps,7.332139730102935,1.6644
8150,31,397,12.81,15.1,0,corps,7.330474076685936,1.5508
8151,59,902,15.29,27.6,0,corps,7.328809255887478,1.7188
8152,53,609,11.49,24.9,0,corps,7.3271452672913515,1.8533
8153,26,277,10.65,12.9,0,corps,7.3254821104815555,1.6685
8154,44,425,9.66,20.9,0,corps,7.323819785042307,1.9176
8155,21,184,8.76,10.7,0,corps,7.322158290558023,2.0291
8156,45,517,11.49,21.3,0,corps,7.320497626613324,1.6734
8157,35,274,7.83,16.9,0,corps,7.318837792793054,2.0725
8158,45,466,10.36,21.3,0,corps,7.3171787886822495,1.4388
8159,62,654,10.55,28.9,0,corps,7.3155206138661555,1.7411
8160,60,709,11.82,28.0,0,corps,7.313863267930235,1.6521
8161,31,316,10.19,15.1,0,corps,7.312206750460149,1.4622
8162,45,512,11.38,21.3,0,corps,7.310551061041765,1.5357
8163,26,242,9.31,12.9,0,corps,7.308896199261166,1.4730
8164,44,448,10.18,20.9,0,corps,7.307242164704634,1.7543
8165,43,425,9.88,20.4,0,corps,7.305588956958661,1.8559
8166,53,551,10.40,24.9,0,corps,7.303936575609943,1.9681
8167,22,184,8.36,11.1,0,corps,7.302285020245386,1.7733
8168,47,437,9.30,22.2,0,corps,7.300634290452103,1.7756
8169,42,433,10.31,20.0,0,corps,7.2989843858174055,1.6833
8170,54,604,11.19,25.3,0,corps,7.297335305928826,1.6740
8171,40,388,9.70,19.1,0,corps,7.295687050374092,1.6357
8172,30,256,8.53,14.7,0,corps,7.294039618741133,1.9952
8173,38,385,10.13,18.2,0,corps,7.292393010618096,1.3913
8174,35,341,9.74,16.9,0,corps,7.290747225593332,1.8015
8175,53,507,9.57,24.9,0,corps,7.289102263255387,2.2181
8176,30,269,8.97,14.7,0,corps,7.28745812319303,1.8834
8177,22,184,8.36,11.1,0,corps,7.285814804995219,1.9824
8178,27,280,10.37,13.3,0,corps,7.284172308251124,1.8373
8179,18,147,8.17,9.3,0,corps,7.282530632550127,2.2302
8180,25,228,9.12,12.4,0,corps,7.280889777481804,1.7652
8181,31,285,9.19,15.1,0,corps,7.279249742635943,1.8391
8182,21,161,7.67,10.7,0,corps,7.2776105276025325,1.9640
8183,40,372,9.30,19.1,0,corps,7.2759721319717725,1.9416
8184,69,819,11.87,32.0,0,corps,7.274334555334064,1.6526
8185,19,189,9.95,9.8,0,corps,7.272697797280006,2.3941
8186,50,530,10.60,23.6,0,corps,7.2710618574004195,1.7015
8187,26,231,8.88,12.9,0,corps,7.269426735286314,2.2748
8188,40,454,11.35,19.1,0,corps,7.267792430528906,1.5471
8189,43,413,9.60,20.4,0,corps,7.266158942719625,1.8400
8190,58,541,9.33,27.1,0,corps,7.264526271450097,1.8600
8191,39,423,10.85,18.7,0,corps,7.262894416312152,1.3560
8192,27,282,10.44,13.3,0,corps,7.261263376897831,2.0026
8193,37,338,9.14,17.8,0,corps,7.2596331527993705,1.6732
8194,34,346,10.18,16.4,0,corps,7.258003743609212,1.8112
8195,66,801,12.14,30.7,0,corps,7.256375148920011,1.6902
8196,41,383,9.34,19.6,0,corps,7.254747368324613,2.2153
8197,66,776,11.76,30.7,0,corps,7.253120401416073,1.7466
8198,40,317,7.92,19.1,0,corps,7.251494247787649,2.7472
8199,24,229,9.54,12.0,0,corps,7.2498689070328055,1.6877
8200,48,597,12.44,22.7,0,corps,7.2482443787452056,1.6142
8201,28,289,10.32,13.8,0,corps,7.2466206625187155,1.6808
8202,8,73,9.12,4.9,0,corps,7.24499775794741,3.1760
8203,23,202,8.78,11.6,0,corps,7.243375664625562,1.3954
8204,38,351,9.24,18.2,0,corps,7.241754382147643,1.4560
8205,72,834,11.58,33.3,0,corps,7.24013391010834,1.4246
8206,33,306,9.27,16.0,0,corps,7.23851424810253,1.8368
8207,39,320,8.21,18.7,0,corps,7.236895395725298,1.7458
8208,21,180,8.57,10.7,0,corps,7.235277352571934,1.2934
8209,55,584,10.62,25.8,0,corps,7.233660118237925,1.4995
8210,64,681,10.64,29.8,0,corps,7.2320436923189595,1.5353
8211,9,99,11.00,5.3,0,corps,7.230428074410936,1.2502
8212,81,888,10.96,37.3,0,corps,7.228813264109949,1.7644
8213,32,270,8.44,15.6,0,corps,7.227199261012293,1.6316
8214,34,314,9.24,16.4,0,corps,7.225586064714467,1.7009
8215,39,395,10.13,18.7,0,corps,7.2239736748131795,1.5472
8216,40,433,10.82,19.1,0,corps,7.222362090905324,1.5204
8217,41,433,10.56,19.6,0,corps,7.220751312588007,1.5201
8218,45,443,9.84,21.3,0,corps,7.219141339458537,1.5579
8219,37,340,9.19,17.8,0,corps,7.217532171114419,2.3770
8220,28,253,9.04,13.8,0,corps,7.2159238071533585,1.3751
8221,49,522,10.65,23.1,0,corps,7.214316247173269,1.6497
8222,49,482,9.84,23.1,0,corps,7.212709490772257,1.5996
8223,52,475,9.13,24.4,0,corps,7.211103537548633,1.9910
8224,37,419,11.32,17.8,0,corps,7.209498387100911,1.4042
8225,46,453,9.85,21.8,0,corps,7.207894039027804,1.5664
8226,35,302,8.63,16.9,0,corps,7.20629049292822,1.5832
8227,25,236,9.44,12.4,0,corps,7.204687748401279,2.0606
8228,49,595,12.14,23.1,0,corps,7.203085805046292,1.6271
8229,37,273,7.38,17.8,0,corps,7.201484662462773,1.8393
8230,38,332,8.74,18.2,0,corps,7.199884320250432,1.9041
8231,37,318,8.59,17.8,0,corps,7.198284778009192,1.7963
8232,50,574,11.48,23.6,0,corps,7.196686035339164,1.6049
8233,30,304,10.13,14.7,0,corps,7.195088091840657,1.8058
8234,32,259,8.09,15.6,0,corps,7.193490947114194,2.0552
8235,56,547,9.77,26.2,0,corps,7.191894600760482,1.8163
8236,33,334,10.12,16.0,0,corps,7.190299052380436,1.7620
8237,42,384,9.14,20.0,0,corps,7.1887043015751715,1.7839
8238,47,446,9.49,22.2,0,corps,7.187110347945999,1.8473
8239,33,284,8.61,16.0,0,corps,7.185517191094429,1.7544
8240,11,89,8.09,6.2,0,corps,7.183924830622174,2.7455
8241,43,466,10.84,20.4,0,corps,7.182333266131144,1.6469
8242,39,375,9.62,18.7,0,corps,7.180742497223445,1.5902
8243,38,387,10.18,18.2,0,corps,7.179152523501389,1.5453
8244,7,69,9.86,4.4,0,corps,7.1775633445674805,1.1165
8245,36,322,8.94,17.3,0,corps,7.175974960024425,1.5507
8246,36,341,9.47,17.3,0,corps,7.174387369475125,1.8208
8247,34,298,8.76,16.4,0,corps,7.172800572522683,1.5598
8248,30,270,9.00,14.7,0,corps,7.171214568770402,1.5372
8249,53,519,9.79,24.9,0,corps,7.169629357821777,1.5123
8250,38,384,10.11,18.2,0,corps,7.168044939280511,2.6438
8251,38,382,10.05,18.2,0,corps,7.166461312750497,1.4276
8252,39,323,8.28,18.7,0,corps,7.164878477835823,1.6682
8253,54,608,11.26,25.3,0,corps,7.16329643414079,1.7732
8254,52,713,13.71,24.4,0,corps,7.161715181269882,1.5523
8255,33,331,10.03,16.0,0,corps,7.160134718827781,1.4880
8256,25,247,9.88,12.4,0,corps,7.158555046419379,1.2752
8257,20,165,8.25,10.2,0,corps,7.156976163649757,1.8612
8258,46,452,9.83,21.8,0,corps,7.155398070124192,1.1938
8259,28,265,9.46,13.8,0,corps,7.153820765448157,1.6743
8260,33,273,8.27,16.0,0,corps,7.152244249227333,1.4692
8261,52,529,10.17,24.4,0,corps,7.150668521067588,1.8133
8262,52,497,9.56,24.4,0,corps,7.149093580574986,2.2940
8263,44,462,10.50,20.9,0,corps,7.1475194273558005,1.9178
8264,50,526,10.52,23.6,0,corps,7.145946061016486,1.5609
8265,31,329,10.61,15.1,0,corps,7.144373481163702,1.7539
8266,38,392,10.32,18.2,0,corps,7.142801687404305,1.9211
8267,53,546,10.30,24.9,0,corps,7.141230679345348,2.0719
8268,50,589,11.78,23.6,0,corps,7.139660456594074,1.7414
8269,42,391,9.31,20.0,0,corps,7.138091018757933,1.6043
8270,41,411,10.02,19.6,0,corps,7.136522365444565,1.6716
8271,34,294,8.65,16.4,0,corps,7.1349544962618,1.7532
8272,49,551,11.24,23.1,0,corps,7.133387410817679,1.6062
8273,26,216,8.31,12.9,0,corps,7.131821108720427,2.0630
8274,44,429,9.75,20.9,0,corps,7.130255589578467,1.5793
8275,38,370,9.74,18.2,0,corps,7.128690853000419,1.5864
8276,57,547,9.60,26.7,0,corps,7.127126898595105,1.9356
8277,55,492,8.95,25.8,0,corps,7.125563725971529,1.7086
8278,27,214,7.93,13.3,0,corps,7.1240013347388995,1.9561
8279,45,480,10.67,21.3,0,corps,7.122439724506621,1.6559
8280,35,303,8.66,16.9,0,corps,7.120878894884293,1.7068
8281,37,389,10.51,17.8,0,corps,7.1193188454817,1.3818
8282,19,144,7.58,9.8,0,corps,7.117759575908838,2.1585
8283,56,636,11.36,26.2,0,corps,7.116201085775886,1.7387
8284,41,373,9.10,19.6,0,corps,7.11464337469322,1.9065
8285,27,306,11.33,13.3,0,corps,7.113086442271416,1.3941
8286,45,422,9.38,21.3,0,corps,7.111530288121237,1.4915
8287,59,645,10.93,27.6,0,corps,7.109974911853646,1.6312
8288,36,342,9.50,17.3,0,corps,7.108420313079801,1.4734
8289,39,473,12.13,18.7,0,corps,7.10686649141105,1.5334
8290,45,521,11.58,21.3,0,corps,7.105313446458938,1.5381
8291,50,595,11.90,23.6,0,corps,7.103761177835202,1.4515
8292,14,142,10.14,7.6,0,corps,7.102209685151779,2.5845
8293,14,154,11.00,7.6,0,corps,7.100658968020794,1.4223
8294,39,431,11.05,18.7,0,corps,7.099109026054563,1.6073
8295,26,272,10.46,12.9,0,corps,7.097559858865608,1.8723
8296,38,412,10.84,18.2,0,corps,7.096011466066635,1.7157
8297,24,201,8.38,12.0,0,corps,7.094463847270541,2.5515
8298,34,327,9.62,16.4,0,corps,7.092917002090426,1.4557
8299,42,419,9.98,20.0,0,corps,7.09137093013958,1.6515
8300,32,326,10.19,15.6,0,corps,7.08982563103148,1.4533
8301,46,461,10.02,21.8,0,corps,7.088281104379804,2.0439
8302,28,258,9.21,13.8,0,corps,7.0867373497984225,1.7817
8303,10,87,8.70,5.8,0,corps,7.0851943669013915,1.7672
8304,26,235,9.04,12.9,0,corps,7.08365215530297,1.8602
8305,65,726,11.17,30.2,0,corps,7.082110714617603,1.7965
8306,43,362,8.42,20.4,0,corps,7.080570044459932,1.9685
8307,40,404,10.10,19.1,0,corps,7.079030144444786,1.6231
8308,12,121,10.08,6.7,0,corps,7.077491014187194,1.6451
8309,46,477,10.37,21.8,0,corps,7.075952653302372,1.6070
8310,22,172,7.82,11.1,0,corps,7.074415061405727,1.8000
8311,37,375,10.14,17.8,0,corps,7.072878238112865,2.7164
8312,21,188,8.95,10.7,0,corps,7.071342183039578,3.0861
8313,22,207,9.41,11.1,0,corps,7.069806895801851,1.6990
8314,25,216,8.64,12.4,0,corps,7.068272376015868,2.4126
8315,15,132,8.80,8.0,0,corps,7.066738623297993,1.5427
8316,8,70,8.75,4.9,0,corps,7.065205637264787,1.4686
8317,33,258,7.82,16.0,0,corps,7.0636734175330105,1.9054
8318,27,239,8.85,13.3,0,corps,7.062141963719604,1.3519
8319,31,267,8.61,15.1,0,corps,7.0606112754417,2.0115
8320,61,600,9.84,28.4,0,corps,7.0590813523166345,1.6185
8321,6,65,10.83,4.0,0,corps,7.057552193961923,1.4924
8322,22,204,9.27,11.1,0,corps,7.056023799995276,1.6744
8323,17,150,8.82,8.9,0,corps,7.054496170034594,1.9265
8324,24,231,9.62,12.0,0,corps,7.05296930369797,2.0687
8325,36,355,9.86,17.3,0,corps,7.051443200603689,2.4548
8326,35,342,9.77,16.9,0,corps,7.049917860370222,2.0364
8327,21,186,8.86,10.7,0,corps,7.048393282616239,2.1544
8328,18,167,9.28,9.3,0,corps,7.046869466960591,1.6405
8329,51,553,10.84,24.0,0,corps,7.045346413022324,1.7038
8330,31,301,9.71,15.1,0,corps,7.043824120420679,2.1299
8331,59,661,11.20,27.6,0,corps,7.042302588775079,1.5428
8332,19,155,8.16,9.8,0,corps,7.04078181770514,3.5380
8333,41,440,10.73,19.6,0,corps,7.039261806830674,1.7251
8334,40,440,11.00,19.1,0,corps,7.0377425557716755,1.6244
8335,30,285,9.50,14.7,0,corps,7.036224064148327,1.7540
8336,16,141,8.81,8.4,0,corps,7.034706331581017,1.6727
8337,55,741,13.47,25.8,0,corps,7.033189357690303,1.8700
8338,34,298,8.76,16.4,0,corps,7.0316731420969445,1.8296
8339,32,319,9.97,15.6,0,corps,7.030157684421885,1.6827
8340,48,563,11.73,22.7,0,corps,7.028642984286265,1.6949
8341,39,429,11.00,18.7,0,corps,7.027129041311407,1.8466
8342,53,511,9.64,24.9,0,corps,7.025615855118822,1.4883
8343,23,248,10.78,11.6,0,corps,7.024103425330219,1.3507
8344,51,539,10.57,24.0,0,corps,7.022591751567489,2.4864
8345,24,242,10.08,12.0,0,corps,7.02108083345271,1.6188
8346,23,238,10.35,11.6,0,corps,7.019570670608158,1.2780
8347,37,414,11.19,17.8,0,corps,7.018061262656289,1.3243
8348,50,512,10.24,23.6,0,corps,7.016552609219747,1.6223
8349,44,575,13.07,20.9,0,corps,7.015044709921378,1.2825
8350,32,304,9.50,15.6,0,corps,7.013537564384201,1.6900
8351,39,357,9.15,18.7,0,corps,7.012031172231429,1.6288
8352,31,250,8.06,15.1,0,corps,7.010525533086468,1.8053
8353,31,307,9.90,15.1,0,corps,7.009020646572905,1.5726
8354,64,764,11.94,29.8,0,corps,7.007516512314521,1.8879
8355,25,225,9.00,12.4,0,corps,7.006013129935276,1.5662
8356,35,362,10.34,16.9,0,corps,7.004510499059332,1.5407
8357,34,387,11.38,16.4,0,corps,7.003008619311031,1.5658
8358,10,79,7.90,5.8,0,corps,7.0015074903148955,2.8070
8359,28,221,7.89,13.8,0,corps,7.000007111695653,1.7843
8360,10,86,8.60,5.8,0,corps,6.998507483078202,1.5617
8361,33,310,9.39,16.0,0,corps,6.997008604087634,2.0254
8362,30,257,8.57,14.7,0,corps,6.995510474349237,1.5717
8363,30,313,10.43,14.7,0,corps,6.9940130934884746,2.0564
8364,34,314,9.24,16.4,0,corps,6.992516461130998,1.8049
8365,57,615,10.79,26.7,0,corps,6.991020576902654,1.8336
8366,34,345,10.15,16.4,0,corps,6.989525440429471,1.9363
8367,9,70,7.78,5.3,0,corps,6.988031051337661,2.3107
8368,43,445,10.35,20.4,0,corps,6.98653740925363,1.8009
8369,50,611,12.22,23.6,0,corps,6.98504451380397,2.0244
8370,36,297,8.25,17.3,0,corps,6.983552364615451,1.9852
8371,31,276,8.90,15.1,0,corps,6.982060961315038,1.7239
8372,45,432,9.60,21.3,0,corps,6.980570303529883,1.6683
8373,23,226,9.83,11.6,0,corps,6.97908039088732,2.0235
8374,49,505,10.31,23.1,0,corps,6.977591223014866,1.8156
8375,45,431,9.58,21.3,0,corps,6.976102799540238,1.8827
8376,3,16,5.33,2.7,0,corps,6.974615120091324,2.1229
8377,49,506,10.33,23.1,0,corps,6.973128184296202,1.9821
8378,22,215,9.77,11.1,0,corps,6.971641991783146,1.7085
8379,33,335,10.15,16.0,0,corps,6.970156542180603,1.8579
8380,24,199,8.29,12.0,0,corps,6.968671835117207,2.7703
8381,28,273,9.75,13.8,0,corps,6.96718787022179,1.6077
8382,20,184,9.20,10.2,0,corps,6.9657046471233555,1.8592
8383,38,417,10.97,18.2,0,corps,6.964222165451098,1.6438
8384,19,191,10.05,9.8,0,corps,6.962740424834394,1.7826
8385,53,689,13.00,24.9,0,corps,6.961259424902814,1.6471
8386,34,334,9.82,16.4,0,corps,6.959779165286106,1.9877
8387,59,792,13.42,27.6,0,corps,6.958299645614202,1.6887
8388,35,316,9.03,16.9,0,corps,6.956820865517228,1.7388
8389,25,256,10.24,12.4,0,corps,6.955342824625486,1.8516
8390,23,222,9.65,11.6,0,corps,6.953865522569464,1.4280
8391,29,281,9.69,14.2,0,corps,6.952388958979839,1.5981
8392,22,182,8.27,11.1,0,corps,6.950913133487468,1.4933
8393,63,640,10.16,29.3,0,corps,6.9494380457233955,1.6656
8394,58,567,9.78,27.1,0,corps,6.947963695318851,1.8310
8395,55,681,12.38,25.8,0,corps,6.946490081905246,1.7556
8396,38,390,10.26,18.2,0,corps,6.9450172051141745,1.7201
8397,39,343,8.79,18.7,0,corps,6.943545064577422,1.7329
8398,32,330,10.31,15.6,0,corps,6.942073659926951,1.9101
8399,23,235,10.22,11.6,0,corps,6.94060299079491,1.5328
8400,11,103,9.36,6.2,0,corps,6.93913305681363,1.8027
8401,47,487,10.36,22.2,0,corps,6.937663857615632,1.6139
8402,41,434,10.59,19.6,0,corps,6.936195392833613,1.5436
8403,76,856,11.26,35.1,0,corps,6.934727662100455,1.6992
8404,52,508,9.77,24.4,0,corps,6.933260665049231,2.0808
8405,53,489,9.23,24.9,0,corps,6.931794401313189,1.7935
8406,73,863,11.82,33.8,0,corps,6.930328870525759,1.6378
8407,21,187,8.90,10.7,0,corps,6.928864072320565,1.6390
8408,50,535,10.70,23.6,0,corps,6.927400006331405,1.5715
8409,31,265,8.55,15.1,0,corps,6.925936672192258,1.8086
8410,53,532,10.04,24.9,0,corps,6.924474069537297,1.5662
8411,38,400,10.53,18.2,0,corps,6.923012198000869,1.7557
8412,39,349,8.95,18.7,0,corps,6.921551057217504,1.9894
8413,47,461,9.81,22.2,0,corps,6.920090646821919,1.6101
8414,33,306,9.27,16.0,0,corps,6.9186309664490135,1.8135
8415,16,157,9.81,8.4,0,corps,6.917172015733862,1.7556
8416,37,336,9.08,17.8,0,corps,6.915713794311729,1.7667
8417,26,226,8.69,12.9,0,corps,6.914256301818061,1.9142
8418,33,316,9.58,16.0,0,corps,6.9127995378884854,1.5939
8419,51,503,9.86,24.0,0,corps,6.911343502158805,1.9219
8420,40,407,10.18,19.1,0,corps,6.90988819426502,1.7982
8421,39,315,8.08,18.7,0,corps,6.908433613843297,1.4318
8422,47,468,9.96,22.2,0,corps,6.906979760529991,1.6634
8423,36,313,8.69,17.3,0,corps,6.905526633961641,1.9043
8424,46,434,9.43,21.8,0,corps,6.904074233774966,1.7277
8425,34,317,9.32,16.4,0,corps,6.902622559606862,1.3021
8426,40,340,8.50,19.1,0,corps,6.901171611094416,1.7601
8427,23,200,8.70,11.6,0,corps,6.899721387874888,1.7280
8428,56,626,11.18,26.2,0,corps,6.898271889585718,1.5812
8429,48,523,10.90,22.7,0,corps,6.89682311586454,1.7418
8430,27,235,8.70,13.3,0,corps,6.895375066349155,1.8030
8431,40,377,9.43,19.1,0,corps,6.893927740677551,2.2526
8432,21,183,8.71,10.7,0,corps,6.892481138487895,2.1769
8433,42,405,9.64,20.0,0,corps,6.891035259418543,1.5604
8434,39,318,8.15,18.7,0,corps,6.889590103108019,1.7549
8435,39,402,10.31,18.7,0,corps,6.888145669195033,1.5808
8436,22,194,8.82,11.1,0,corps,6.886701957318484,1.6143
8437,30,266,8.87,14.7,0,corps,6.885258967117437,1.7860
8438,35,294,8.40,16.9,0,corps,6.883816698231146,1.9179
8439,14,111,7.93,7.6,0,corps,6.882375150299048,1.4978
8440,59,622,10.54,27.6,0,corps,6.88093432296075,1.7269
8441,28,256,9.14,13.8,0,corps,6.879494215856045,1.7769
8442,51,590,11.57,24.0,0,corps,6.878054828624913,2.2768
8443,28,226,8.07,13.8,0,corps,6.876616160907504,2.0041
8444,20,215,10.75,10.2,0,corps,6.875178212344146,1.6271
8445,38,387,10.18,18.2,0,corps,6.87374098257536,1.9916
8446,37,433,11.70,17.8,0,corps,6.872304471241833,1.9628
8447,27,262,9.70,13.3,0,corps,6.87086867798444,2.0073
8448,17,150,8.82,8.9,0,corps,6.869433602444228,1.9204
8449,13,128,9.85,7.1,0,corps,6.867999244262435,2.0126
8450,15,141,9.40,8.0,0,corps,6.866565603080469,1.5809
8451,49,581,11.86,23.1,0,corps,6.865132678539913,1.8292
8452,41,449,10.95,19.6,0,corps,6.863700470282547,1.8346
8453,25,209,8.36,12.4,0,corps,6.862268977950311,1.9657
8454,35,401,11.46,16.9,0,corps,6.8608382011853335,1.9252
8455,48,460,9.58,22.7,0,corps,6.859408139629923,2.2147
8456,41,440,10.73,19.6,0,corps,6.857978792926563,1.5705
8457,78,1073,13.76,36.0,0,corps,6.856550160717914,1.7863
8458,33,283,8.58,16.0,0,corps,6.8551222426468215,2.2256
8459,36,514,14.28,17.3,0,corps,6.853695038356306,1.6627
8460,47,555,11.81,22.2,0,corps,6.85226854748956,1.6863
8461,9,121,13.44,5.3,0,corps,6.8508427696899705,1.2774
8462,27,238,8.81,13.3,0,corps,6.849417704601087,1.6683
8463,50,506,10.12,23.6,0,corps,6.847993351866645,1.7382
8464,16,163,10.19,8.4,0,corps,6.846569711130552,1.4092
8465,32,275,8.59,15.6,0,corps,6.845146782036907,1.3460
8466,30,274,9.13,14.7,0,corps,6.843724564229969,1.3100
8467,47,502,10.68,22.2,0,corps,6.8423030573541865,1.6405
8468,31,376,12.13,15.1,0,corps,6.840882261054185,1.3923
8469,44,592,13.45,20.9,0,corps,6.839462174974765,1.2877
8470,48,574,11.96,22.7,0,corps,6.838042798760899,1.6187
8471,41,506,12.34,19.6,0,corps,6.83662413205775,1.6378
8472,24,225,9.38,12.0,0,corps,6.83520617451065,1.7266
8473,49,519,10.59,23.1,0,corps,6.833788925765106,1.3151
8474,29,313,10.79,14.2,0,corps,6.832372385466809,1.5286
8475,37,362,9.78,17.8,0,corps,6.8309565532616245,1.5989
8476,54,548,10.15,25.3,0,corps,6.829541428795589,1.3571
8477,18,152,8.44,9.3,0,corps,6.82812701171493,1.4585
8478,29,238,8.21,14.2,0,corps,6.826713301666038,1.6633
8479,4,51,12.75,3.1,0,corps,6.8253002982954865,1.0320
8480,43,413,9.60,20.4,0,corps,6.823888001250021,1.4222
8481,34,319,9.38,16.4,0,corps,6.822476410176573,1.5974
8482,39,382,9.79,18.7,0,corps,6.821065524722242,1.5831
8483,47,515,10.96,22.2,0,corps,6.819655344534306,1.6060
8484,39,410,10.51,18.7,0,corps,6.818245869260221,1.6229
8485,27,221,8.19,13.3,0,corps,6.81683709854762,1.5313
8486,42,444,10.57,20.0,0,corps,6.815429032044305,2.0754
8487,38,337,8.87,18.2,0,corps,6.814021669398265,1.5683
8488,34,301,8.85,16.4,0,corps,6.812615010257657,1.7477
8489,48,436,9.08,22.7,0,corps,6.811209054270814,2.0108
8490,52,549,10.56,24.4,0,corps,6.809803801086252,1.7777
8491,49,482,9.84,23.1,0,corps,6.808399250352654,1.7616
8492,48,514,10.71,22.7,0,corps,6.806995401718882,1.8279
8493,18,162,9.00,9.3,0,corps,6.805592254833977,2.1071
8494,68,787,11.57,31.6,0,corps,6.80418980934715,1.6687
8495,27,202,7.48,13.3,0,corps,6.80278806490779,1.7152
8496,20,172,8.60,10.2,0,corps,6.801387021165459,1.5299
8497,48,477,9.94,22.7,0,corps,6.799986677769898,1.8076
8498,53,594,11.21,24.9,0,corps,6.798587034371023,1.4268
8499,27,290,10.74,13.3,0,corps,6.797188090618919,1.6052
8500,28,239,8.54,13.8,0,corps,6.795789846163855,1.8169
8501,59,690,11.69,27.6,0,corps,6.794392300656265,1.6731
8502,24,237,9.88,12.0,0,corps,6.792995453746764,1.7169
8503,14,123,8.79,7.6,0,corps,6.791599305086144,1.7189
8504,42,480,11.43,20.0,0,corps,6.790203854325363,1.5305
8505,41,421,10.27,19.6,0,corps,6.788809101115559,1.4542
8506,59,643,10.90,27.6,0,corps,6.7874150451080455,1.5806
8507,56,656,11.71,26.2,0,corps,6.786021685954309,1.5272
8508,44,474,10.77,20.9,0,corps,6.7846290233060085,1.7157
8509,31,309,9.97,15.1,0,corps,6.7832370568149765,1.6054
8510,16,148,9.25,8.4,0,corps,6.781845786133226,1.8760
8511,44,414,9.41,20.9,0,corps,6.780455210912933,1.5200
8512,41,371,9.05,19.6,0,corps,6.779065330806458,1.7222
8513,32,285,8.91,15.6,0,corps,6.777676145466333,1.2933
8514,46,431,9.37,21.8,0,corps,6.776287654545257,1.8507
8515,11,87,7.91,6.2,0,corps,6.774899857696108,2.1634
8516,37,421,11.38,17.8,0,corps,6.773512754571939,1.7900
8517,38,347,9.13,18.2,0,corps,6.772126344825974,1.8165
8518,61,698,11.44,28.4,0,corps,6.770740628111607,1.8147
8519,36,359,9.97,17.3,0,corps,6.769355604082413,1.8698
8520,35,397,11.34,16.9,0,corps,6.767971272392137,1.5380
8521,43,456,10.60,20.4,0,corps,6.766587632694689,1.4907
8522,37,381,10.30,17.8,0,corps,6.765204684644166,1.7469
8523,53,523,9.87,24.9,0,corps,6.763822427894829,1.3418
8524,24,255,10.62,12.0,0,corps,6.762440862101114,1.6230
8525,24,234,9.75,12.0,0,corps,6.761059986917625,1.4639
8526,23,242,10.52,11.6,0,corps,6.759679801999151,1.6893
8527,26,257,9.88,12.9,0,corps,6.758300307000642,1.8914
8528,23,172,7.48,11.6,0,corps,6.756921501577221,1.6025
8529,30,242,8.07,14.7,0,corps,6.7555433853841915,1.3589
8530,26,220,8.46,12.9,0,corps,6.754165958077023,1.5774
8531,54,504,9.33,25.3,0,corps,6.752789219311356,1.6106
8532,49,443,9.04,23.1,0,corps,6.751413168743012,1.7821
8533,65,675,10.38,30.2,0,corps,6.750037806027972,1.6793
8534,23,211,9.17,11.6,0,corps,6.748663130822398,1.5262
8535,57,576,10.11,26.7,0,corps,6.7472891427826225,1.6653
8536,65,708,10.89,30.2,0,corps,6.745915841565147,1.7497
8537,43,395,9.19,20.4,0,corps,6.744543226826644,1.7599
8538,43,422,9.81,20.4,0,corps,6.743171298223963,1.5428
8539,21,170,8.10,10.7,0,corps,6.741800055414121,1.5457
8540,59,796,13.49,27.6,0,corps,6.740429498054308,1.5712
8541,44,388,8.82,20.9,0,corps,6.739059625801882,1.6546
8542,80,1110,13.88,36.9,0,corps,6.737690438314378,1.6528
8543,71,783,11.03,32.9,0,corps,6.736321935249498,1.7407
8544,35,377,10.77,16.9,0,corps,6.734954116265114,1.6915
8545,54,632,11.70,25.3,0,corps,6.733586981019276,1.8078
8546,23,197,8.57,11.6,0,corps,6.732220529170196,1.6839
8547,42,342,8.14,20.0,0,corps,6.730854760376262,1.6225
8548,42,412,9.81,20.0,0,corps,6.729489674296034,1.8855
8549,20,202,10.10,10.2,0,corps,6.728125270588239,2.0945
8550,18,164,9.11,9.3,0,corps,6.726761548911774,1.7636
8551,71,871,12.27,32.9,0,corps,6.725398508925712,1.7260
8552,41,397,9.68,19.6,0,corps,6.72403615028929,1.8120
8553,53,586,11.06,24.9,0,corps,6.722674472661919,1.4372
8554,37,336,9.08,17.8,0,corps,6.721313475703184,1.5479
8555,41,459,11.20,19.6,0,corps,6.719953159072831,1.7246
8556,17,160,9.41,8.9,0,corps,6.718593522430781,1.5804
8557,20,195,9.75,10.2,0,corps,6.717234565437123,1.8907
8558,41,373,9.10,19.6,0,corps,6.715876287752125,1.7214
8559,33,322,9.76,16.0,0,corps,6.714518689036211,1.8375
8560,54,598,11.07,25.3,0,corps,6.713161768949982,1.6622
8561,37,353,9.54,17.8,0,corps,6.711805527154212,1.7477
8562,31,306,9.87,15.1,0,corps,6.710449963309838,1.6732
8563,31,259,8.35,15.1,0,corps,6.709095077077966,1.8294
8564,43,473,11.00,20.4,0,corps,6.707740868119879,1.7229
8565,41,382,9.32,19.6,0,corps,6.706387336097025,1.8688
8566,61,706,11.57,28.4,0,corps,6.705034480671015,1.5820
8567,23,201,8.74,11.6,0,corps,6.703682301503644,1.9439
8568,23,232,10.09,11.6,0,corps,6.70233079825686,1.3088
8569,31,316,10.19,15.1,0,corps,6.700979970592788,1.6485
8570,13,134,10.31,7.1,0,corps,6.699629818173726,1.6894
8571,33,361,10.94,16.0,0,corps,6.698280340662131,1.4053
8572,53,627,11.83,24.9,0,corps,6.696931537720636,1.6333
8573,45,512,11.38,21.3,0,corps,6.695583409012038,1.5734
8574,42,395,9.40,20.0,0,corps,6.694235954199308,1.7397
8575,33,321,9.73,16.0,0,corps,6.692889172945581,1.7093
8576,50,474,9.48,23.6,0,corps,6.691543064914157,1.6673
8577,29,260,8.97,14.2,0,corps,6.690197629768519,1.6535
8578,29,269,9.28,14.2,0,corps,6.688852867172298,1.5790
8579,10,72,7.20,5.8,0,corps,6.687508776789308,2.0856
8580,47,494,10.51,22.2,0,corps,6.68616535828353,1.4417
8581,52,636,12.23,24.4,0,corps,6.684822611319103,1.3418
8582,70,914,13.06,32.4,0,corps,6.683480535560342,1.5285
8583,51,520,10.20,24.0,0,corps,6.68213913067173,1.6130
8584,39,316,8.10,18.7,0,corps,6.6807983963179165,1.6532
8585,55,553,10.05,25.8,0,corps,6.679458332163712,1.5980
8586,37,343,9.27,17.8,0,corps,6.678118937874107,1.8390
8587,33,370,11.21,16.0,0,corps,6.67678021311425,1.7650
8588,40,345,8.62,19.1,0,corps,6.675442157549462,1.7405
8589,52,575,11.06,24.4,0,corps,6.674104770845224,2.0442
8590,34,297,8.74,16.4,0,corps,6.672768052667194,1.8812
8591,44,453,10.30,20.9,0,corps,6.671432002681192,1.5623
8592,73,987,13.52,33.8,0,corps,6.670096620553203,1.7307
8593,59,623,10.56,27.6,0,corps,6.668761905949385,1.6958
8594,26,253,9.73,12.9,0,corps,6.6674278585360565,1.7803
8595,18,132,7.33,9.3,0,corps,6.666094477979705,2.5463
8596,40,426,10.65,19.1,0,corps,6.664761763946989,1.5322
8597,29,272,9.38,14.2,0,corps,6.6634297161047265,1.5108
8598,37,345,9.32,17.8,0,corps,6.662098334119906,1.7190
8599,37,308,8.32,17.8,0,corps,6.660767617659685,1.8006
8600,52,644,12.38,24.4,0,corps,6.659437566391382,1.5149
8601,35,288,8.23,16.9,0,corps,6.6581081799824835,2.1942
8602,40,417,10.43,19.1,0,corps,6.656779458100645,1.5108
8603,25,246,9.84,12.4,0,corps,6.6554514004136855,1.7531
8604,27,267,9.89,13.3,0,corps,6.654124006589591,1.8048
8605,33,261,7.91,16.0,0,corps,6.652797276296507,1.7771
8606,8,60,7.50,4.9,0,corps,6.651471209202758,2.6213
8607,56,660,11.79,26.2,0,corps,6.650145804976828,1.7837
8608,55,526,9.56,25.8,0,corps,6.6488210632873574,1.8131
8609,29,276,9.52,14.2,0,corps,6.647496983803171,1.8184
8610,67,865,12.91,31.1,0,corps,6.646173566193244,1.7349
8611,43,458,10.65,20.4,0,corps,6.64485081012672,1.8312
8612,40,386,9.65,19.1,0,corps,6.6435287152729146,1.6765
8613,45,465,10.33,21.3,0,corps,6.642207281301301,1.7422
8614,54,551,10.20,25.3,0,corps,6.64088650788152,1.9821
8615,33,326,9.88,16.0,0,corps,6.639566394683383,1.6488
8616,19,173,9.11,9.8,0,corps,6.638246941376856,1.6665
8617,12,120,10.00,6.7,0,corps,6.636928147632077,1.9742
8618,47,488,10.38,22.2,0,corps,6.635610013119352,1.6727
8619,48,534,11.12,22.7,0,corps,6.634292537509142,1.7062
8620,19,168,8.84,9.8,0,corps,6.632975720472081,1.8832
8621,39,382,9.79,18.7,0,corps,6.631659561678963,1.5994
8622,40,409,10.22,19.1,0,corps,6.630344060800749,1.5728
8623,55,580,10.55,25.8,0,corps,6.629029217508566,1.5006
8624,38,372,9.79,18.2,0,corps,6.627715031473697,1.1829
8625,54,589,10.91,25.3,0,corps,6.626401502367601,1.2803
8626,13,110,8.46,7.1,0,corps,6.625088629861898,1.4213
8627,49,482,9.84,23.1,0,corps,6.623776413628361,1.9412
8628,14,115,8.21,7.6,0,corps,6.622464853338944,1.1372
8629,12,77,6.42,6.7,0,corps,6.621153948665754,1.8455
8630,42,426,10.14,20.0,0,corps,6.619843699281063,1.6658
8631,15,128,8.53,8.0,0,corps,6.6185341048573125,1.6512
8632,30,268,8.93,14.7,0,corps,6.617225165067101,1.7854
8633,57,591,10.37,26.7,0,corps,6.615916879583194,1.5445
8634,43,355,8.26,20.4,0,corps,6.614609248078521,1.6586
8635,54,611,11.31,25.3,0,corps,6.613302270226173,1.5965
8636,45,448,9.96,21.3,0,corps,6.611995945699409,1.6275
8637,32,307,9.59,15.6,0,corps,6.610690274171641,1.4462
8638,39,401,10.28,18.7,0,corps,6.609385255316457,1.2908
8639,2,12,6.00,2.2,0,corps,6.608080888807601,1.8278
8640,45,440,9.78,21.3,0,corps,6.606777174318978,1.5734
8641,48,496,10.33,22.7,0,corps,6.605474111524666,1.8243
8642,55,586,10.65,25.8,0,corps,6.6041717000988935,1.7712
8643,28,262,9.36,13.8,0,corps,6.602869939716058,1.7366
8644,50,487,9.74,23.6,0,corps,6.6015688300507245,1.7554
8645,9,64,7.11,5.3,0,corps,6.600268370777611,3.7761
8646,70,919,13.13,32.4,0,corps,6.598968561571601,1.5578
8647,54,690,12.78,25.3,0,corps,6.597669402107748,1.4950
8648,49,534,10.90,23.1,0,corps,6.596370892061258,1.5895
8649,25,201,8.04,12.4,0,corps,6.595073031107507,1.7804
8650,31,299,9.65,15.1,0,corps,6.593775818922023,1.9060
8651,4,30,7.50,3.1,0,corps,6.592479255180509,1.6011
8652,34,321,9.44,16.4,0,corps,6.591183339558823,1.7761
8653,58,740,12.76,27.1,0,corps,6.589888071732982,1.5852
8654,10,72,7.20,5.8,0,corps,6.588593451379177,1.7913
8655,39,348,8.92,18.7,0,corps,6.5872994781737475,1.9752
8656,39,386,9.90,18.7,0,corps,6.586006151793199,1.6296
8657,10,94,9.40,5.8,0,corps,6.584713471914203,1.6802
8658,53,570,10.75,24.9,0,corps,6.583421438213589,1.8043
8659,48,485,10.10,22.7,0,corps,6.582130050368345,1.9908
8660,37,296,8.00,17.8,0,corps,6.58083930805563,1.9108
8661,44,432,9.82,20.9,0,corps,6.579549210952757,2.0365
8662,27,271,10.04,13.3,0,corps,6.578259758737197,1.8430
8663,20,160,8.00,10.2,0,corps,6.576970951086592,1.6878
8664,9,74,8.22,5.3,0,corps,6.575682787678739,1.4482
8665,54,526,9.74,25.3,0,corps,6.574395268191593,1.6144
8666,56,663,11.84,26.2,0,corps,6.573108392303278,1.5395
8667,18,141,7.83,9.3,0,corps,6.571822159692077,1.8209
8668,46,466,10.13,21.8,0,corps,6.570536570036428,1.6787
8669,41,379,9.24,19.6,0,corps,6.569251623014933,1.7832
8670,46,425,9.24,21.8,0,corps,6.567967318306361,1.9752
8671,31,366,11.81,15.1,0,corps,6.566683655589631,1.4056
8672,48,544,11.33,22.7,0,corps,6.565400634543825,1.6674
8673,25,236,9.44,12.4,0,corps,6.564118254848195,1.7723
8674,61,548,8.98,28.4,0,corps,6.56283651618214,1.7645
8675,14,119,8.50,7.6,0,corps,6.561555418225226,3.0465
8676,30,286,9.53,14.7,0,corps,6.560274960657182,1.9383
8677,33,303,9.18,16.0,0,corps,6.558995143157892,1.7066
8678,32,244,7.62,15.6,0,corps,6.557715965407398,2.0629
8679,34,341,10.03,16.4,0,corps,6.556437427085912,1.6549
8680,6,65,10.83,4.0,0,corps,6.555159527873797,1.3949
8681,68,778,11.44,31.6,0,corps,6.553882267451574,1.6534
8682,9,74,8.22,5.3,0,corps,6.5526056454999315,2.2416
8683,53,643,12.13,24.9,0,corps,6.551329661699716,1.3708
8684,41,431,10.51,19.6,0,corps,6.550054315731929,1.7431
8685,53,589,11.11,24.9,0,corps,6.54877960727773,1.6205
8686,29,290,10.00,14.2,0,corps,6.547505536018451,1.6780
8687,39,405,10.38,18.7,0,corps,6.546232101635568,1.5271
8688,30,218,7.27,14.7,0,corps,6.544959303810721,2.3418
8689,22,187,8.50,11.1,0,corps,6.543687142225715,1.9748
8690,48,438,9.12,22.7,0,corps,6.5424156165625105,1.7947
8691,28,244,8.71,13.8,0,corps,6.5411447265032185,1.5155
8692,39,367,9.41,18.7,0,corps,6.539874471730125,1.6507
8693,10,87,8.70,5.8,0,corps,6.538604851925661,1.5723
8694,43,452,10.51,20.4,0,corps,6.537335866772423,1.5257
8695,52,462,8.88,24.4,0,corps,6.536067515953166,1.5197
8696,36,387,10.75,17.3,0,corps,6.534799799150802,1.5637
8697,10,88,8.80,5.8,0,corps,6.5335327160484,1.7167
8698,5,53,10.60,3.6,0,corps,6.532266266329188,1.6418
8699,18,160,8.89,9.3,0,corps,6.531000449676559,1.4226
8700,22,177,8.05,11.1,0,corps,6.529735265774056,2.1361
8701,13,126,9.69,7.1,0,corps,6.528470714305379,1.7023
8702,27,242,8.96,13.3,0,corps,6.527206794954396,1.8582
8703,50,541,10.82,23.6,0,corps,6.525943507405126,1.4199
8704,19,159,8.37,9.8,0,corps,6.524680851341742,2.1273
8705,34,342,10.06,16.4,0,corps,6.523418826448587,1.3923
8706,54,572,10.59,25.3,0,corps,6.522157432410153,1.6924
8707,52,455,8.75,24.4,0,corps,6.520896668911087,1.7153
8708,39,433,11.10,18.7,0,corps,6.519636535636203,1.5776
8709,57,603,10.58,26.7,0,corps,6.518377032270467,1.8628
8710,43,494,11.49,20.4,0,corps,6.517118158499,1.5997
8711,60,610,10.17,28.0,0,corps,6.515859914007087,1.9307
8712,45,488,10.84,21.3,0,corps,6.514602298480167,1.5318
8713,66,711,10.77,30.7,0,corps,6.513345311603834,1.4950
8714,53,603,11.38,24.9,0,corps,6.51208895306384,1.6546
8715,31,304,9.81,15.1,0,corps,6.510833222546099,1.4700
8716,26,228,8.77,12.9,0,corps,6.509578119736677,1.9917
8717,36,341,9.47,17.3,0,corps,6.508323644321795,1.7047
8718,33,277,8.39,16.0,0,corps,6.5070697959878405,1.5536
8719,15,128,8.53,8.0,0,corps,6.505816574421347,1.9791
8720,47,481,10.23,22.2,0,corps,6.50456397930901,1.6920
8721,27,291,10.78,13.3,0,corps,6.50331201033768,1.8077
8722,23,198,8.61,11.6,0,corps,6.5020606671943675,2.0593
8723,54,492,9.11,25.3,0,corps,6.500809949566233,1.8956
8724,30,258,8.60,14.7,0,corps,6.499559857140601,2.3842
8725,21,192,9.14,10.7,0,corps,6.498310389604946,2.1753
8726,42,416,9.90,20.0,0,corps,6.497061546646899,2.0758
8727,41,419,10.22,19.6,0,corps,6.495813327954253,1.8154
8728,56,638,11.39,26.2,0,corps,6.494565733214953,1.7293
8729,10,77,7.70,5.8,0,corps,6.4933187621171005,2.2094
8730,29,290,10.00,14.2,0,corps,6.4920724143489466,1.9795
8731,38,393,10.34,18.2,0,corps,6.490826689598913,2.0987
8732,36,374,10.39,17.3,0,corps,6.489581587555565,1.7161
8733,38,374,9.84,18.2,0,corps,6.488337107907624,1.7279
8734,47,517,11.00,22.2,0,corps,6.487093250343976,1.6497
8735,23,268,11.65,11.6,0,corps,6.485850014553653,1.7477
8736,36,438,12.17,17.3,0,corps,6.484607400225845,1.8189
8737,36,421,11.69,17.3,0,corps,6.483365407049901,1.8767
8738,25,230,9.20,12.4,0,corps,6.482124034715323,2.0275
8739,51,538,10.55,24.0,0,corps,6.480883282911763,1.7122
8740,35,324,9.26,16.9,0,corps,6.479643151329039,1.7760
8741,31,288,9.29,15.1,0,corps,6.478403639657117,2.2397
8742,40,465,11.62,19.1,0,corps,6.477164747586114,1.7341
8743,37,425,11.49,17.8,0,corps,6.475926474806315,1.5520
8744,25,228,9.12,12.4,0,corps,6.474688821008147,1.4790
8745,15,118,7.87,8.0,0,corps,6.4734517858821965,1.6968
8746,26,230,8.85,12.9,0,corps,6.472215369119202,1.7012
8747,63,688,10.92,29.3,0,corps,6.470979570410068,1.7103
8748,36,296,8.22,17.3,0,corps,6.469744389445836,1.9002
8749,65,838,12.89,30.2,0,corps,6.468509825917715,1.6796
8750,39,390,10.00,18.7,0,corps,6.4672758795170635,1.6944
8751,43,465,10.81,20.4,0,corps,6.466042549935396,1.7024
8752,56,557,9.95,26.2,0,corps,6.464809836864376,1.9031
8753,57,747,13.11,26.7,0,corps,6.463577739995829,1.5406
8754,32,312,9.75,15.6,0,corps,6.462346259021732,1.8433
8755,43,399,9.28,20.4,0,corps,6.461115393634209,1.9515
8756,17,143,8.41,8.9,0,corps,6.459885143525551,1.8189
8757,44,435,9.89,20.9,0,corps,6.4586555083881905,1.5681
8758,47,464,9.87,22.2,0,corps,6.457426487914719,1.6618
8759,36,387,10.75,17.3,0,corps,6.456198081797881,1.7416
8760,65,672,10.34,30.2,0,corps,6.45497028973058,1.8957
8761,43,431,10.02,20.4,0,corps,6.453743111405863,1.8423
8762,37,335,9.05,17.8,0,corps,6.452516546516934,1.9727
8763,35,312,8.91,16.9,0,corps,6.451290594757156,2.1803
8764,27,250,9.26,13.3,0,corps,6.450065255820041,1.9877
8765,25,214,8.56,12.4,0,corps,6.4488405293992495,2.1400
8766,36,345,9.58,17.3,0,corps,6.447616415188606,2.1242
8767,34,319,9.38,16.4,0,corps,6.446392912882078,1.9858
8768,67,784,11.70,31.1,0,corps,6.445170022173789,1.7803
8769,37,338,9.14,17.8,0,corps,6.443947742758022,2.1941
8770,49,611,12.47,23.1,0,corps,6.442726074329203,1.6083
8771,27,241,8.93,13.3,0,corps,6.441505016581911,1.8656
8772,35,290,8.29,16.9,0,corps,6.44028456921089,2.1296
8773,49,547,11.16,23.1,0,corps,6.4390647319110235,1.9105
8774,39,370,9.49,18.7,0,corps,6.437845504377353,2.2179
8775,54,641,11.87,25.3,0,corps,6.436626886305068,1.9130
8776,47,592,12.60,22.2,0,corps,6.43540887738952,1.8909
8777,34,333,9.79,16.4,0,corps,6.434191477326205,2.2074
8778,62,713,11.50,28.9,0,corps,6.432974685810769,2.0103
8779,30,283,9.43,14.7,0,corps,6.431758502539019,1.9552
8780,44,470,10.68,20.9,0,corps,6.430542927206908,1.9162
8781,17,162,9.53,8.9,0,corps,6.429327959510539,1.3992
8782,51,501,9.82,24.0,0,corps,6.428113599146175,1.7532
8783,24,242,10.08,12.0,0,corps,6.426899845810222,1.8941
8784,12,108,9.00,6.7,0,corps,6.425686699199243,2.5546
8785,37,384,10.38,17.8,0,corps,6.424474159009952,1.7440
8786,16,125,7.81,8.4,0,corps,6.423262224939213,2.2058
8787,49,474,9.67,23.1,0,corps,6.422050896684042,1.4890
8788,37,446,12.05,17.8,0,corps,6.420840173941611,1.6473
8789,29,230,7.93,14.2,0,corps,6.419630056409234,1.9523
8790,38,332,8.74,18.2,0,corps,6.418420543784384,1.7778
8791,13,106,8.15,7.1,0,corps,6.417211635764682,1.9849
8792,55,600,10.91,25.8,0,corps,6.416003332047902,1.7455
8793,57,629,11.04,26.7,0,corps,6.414795632331968,1.3823
8794,28,274,9.79,13.8,0,corps,6.413588536314953,1.8460
8795,57,709,12.44,26.7,0,corps,6.412382043695086,1.3824
8796,54,614,11.37,25.3,0,corps,6.411176154170743,1.5711
8797,57,678,11.89,26.7,0,corps,6.409970867440448,1.5662
8798,35,291,8.31,16.9,0,corps,6.408766183202887,1.9223
8799,33,312,9.45,16.0,0,corps,6.407562101156882,1.7222
8800,17,118,6.94,8.9,0,corps,6.406358621001414,2.1552
8801,46,395,8.59,21.8,0,corps,6.405155742435616,1.8973
8802,17,152,8.94,8.9,0,corps,6.403953465158765,1.8547
8803,32,250,7.81,15.6,0,corps,6.402751788870291,2.2112
8804,28,272,9.71,13.8,0,corps,6.401550713269779,1.9412
8805,39,356,9.13,18.7,0,corps,6.400350238056958,1.7743
8806,57,754,13.23,26.7,0,corps,6.399150362931709,1.6670
8807,42,357,8.50,20.0,0,corps,6.39795108759406,1.8460
8808,27,273,10.11,13.3,0,corps,6.3967524117442,1.4337
8809,28,256,9.14,13.8,0,corps,6.395554335082454,1.3794
8810,45,473,10.51,21.3,0,corps,6.394356857309301,1.4216
8811,62,737,11.89,28.9,0,corps,6.393159978125378,1.6081
8812,21,177,8.43,10.7,0,corps,6.391963697231462,1.8069
8813,43,355,8.26,20.4,0,corps,6.390768014328481,1.7332
8814,50,571,11.42,23.6,0,corps,6.389572929117518,1.7915
8815,54,643,11.91,25.3,0,corps,6.3883784412998,1.6485
8816,35,356,10.17,16.9,0,corps,6.387184550576701,1.8995
8817,47,510,10.85,22.2,0,corps,6.385991256649756,1.6470
8818,21,220,10.48,10.7,0,corps,6.384798559220636,1.4045
8819,39,502,12.87,18.7,0,corps,6.383606457991167,1.2063
8820,32,326,10.19,15.6,0,corps,6.382414952663328,1.7014
8821,40,361,9.03,19.1,0,corps,6.3812240429392375,1.7052
8822,29,296,10.21,14.2,0,corps,6.3800337285211715,1.7692
8823,50,474,9.48,23.6,0,corps,6.378844009111548,1.6034
8824,31,331,10.68,15.1,0,corps,6.377654884412941,1.4096
8825,53,674,12.72,24.9,0,corps,6.376466354128067,1.4284
8826,37,317,8.57,17.8,0,corps,6.375278417959793,2.2432
8827,36,425,11.81,17.3,0,corps,6.374091075611137,1.6381
8828,51,547,10.73,24.0,0,corps,6.372904326785263,1.6109
8829,34,352,10.35,16.4,0,corps,6.37171817118548,1.3419
8830,52,564,10.85,24.4,0,corps,6.370532608515254,1.4556
8831,25,226,9.04,12.4,0,corps,6.369347638478192,1.7073
8832,50,524,10.48,23.6,0,corps,6.3681632607780525,1.5345
8833,51,446,8.75,24.0,0,corps,6.366979475118742,1.5919
8834,31,315,10.16,15.1,0,corps,6.365796281204311,1.5903
8835,35,374,10.69,16.9,0,corps,6.364613678738962,1.7347
8836,40,433,10.82,19.1,0,corps,6.3634316674270455,1.5473
8837,52,530,10.19,24.4,0,corps,6.362250246973058,1.4872
8838,34,347,10.21,16.4,0,corps,6.361069417081647,1.6115
8839,6,55,9.17,4.0,0,corps,6.359889177457599,1.7753
8840,9,77,8.56,5.3,0,corps,6.35870952780586,3.1178
8841,70,731,10.44,32.4,0,corps,6.357530467831515,1.5132
8842,27,261,9.67,13.3,0,corps,6.356351997239797,2.0990
8843,15,142,9.47,8.0,0,corps,6.355174115736093,1.5591
8844,72,824,11.44,33.3,0,corps,6.35399682302593,1.7588
8845,47,474,10.09,22.2,0,corps,6.352820118814984,1.5735
8846,28,262,9.36,13.8,0,corps,6.35164400280908,1.7247
8847,68,784,11.53,31.6,0,corps,6.35046847471419,1.5376
8848,67,820,12.24,31.1,0,corps,6.349293534236429,1.3605
8849,31,286,9.23,15.1,0,corps,6.348119181082065,1.7208
8850,55,581,10.56,25.8,0,corps,6.34694541495751,1.6713
8851,22,197,8.95,11.1,0,corps,6.345772235569318,1.2606
8852,24,197,8.21,12.0,0,corps,6.344599642624199,1.3395
8853,23,170,7.39,11.6,0,corps,6.343427635829004,2.0595
8854,17,134,7.88,8.9,0,corps,6.342256214890729,1.6057
8855,30,294,9.80,14.7,0,corps,6.341085379516517,1.3615
8856,20,196,9.80,10.2,0,corps,6.339915129413666,1.6267
8857,30,253,8.43,14.7,0,corps,6.33874546428961,1.4643
8858,28,263,9.39,13.8,0,corps,6.337576383851928,1.1505
8859,28,273,9.75,13.8,0,corps,6.336407887808357,1.7120
8860,22,192,8.73,11.1,0,corps,6.335239975866772,1.7172
8861,47,467,9.94,22.2,0,corps,6.334072647735188,1.7114
8862,54,598,11.07,25.3,0,corps,6.332905903121781,1.7787
8863,18,154,8.56,9.3,0,corps,6.331739741734863,1.9555
8864,27,266,9.85,13.3,0,corps,6.33057416328289,1.4817
8865,44,402,9.14,20.9,0,corps,6.329409167474473,1.9225
8866,56,620,11.07,26.2,0,corps,6.328244754018359,2.1862
8867,48,526,10.96,22.7,0,corps,6.327080922623443,1.8867
8868,28,246,8.79,13.8,0,corps,6.325917672998773,1.9047
8869,46,496,10.78,21.8,0,corps,6.324755004853532,2.0699
8870,48,454,9.46,22.7,0,corps,6.323592917897056,1.7974
8871,46,428,9.30,21.8,0,corps,6.322431411838818,1.5636
8872,44,471,10.70,20.9,0,corps,6.321270486388447,1.7736
8873,51,546,10.71,24.0,0,corps,6.320110141255711,1.7969
8874,56,608,10.86,26.2,0,corps,6.31895037615052,1.8367
8875,35,424,12.11,16.9,0,corps,6.317791190782937,1.7179
8876,40,371,9.28,19.1,0,corps,6.3166325848631635,1.9776
8877,60,670,11.17,28.0,0,corps,6.315474558101547,1.8347
8878,25,225,9.00,12.4,0,corps,6.3143171102085835,1.5862
8879,35,302,8.63,16.9,0,corps,6.313160240894911,1.7817
8880,75,898,11.97,34.7,0,corps,6.312003949871306,1.5943
8881,64,690,10.78,29.8,0,corps,6.310848236848704,1.4997
8882,28,291,10.39,13.8,0,corps,6.309693101538174,1.5782
8883,22,251,11.41,11.1,0,corps,6.308538543650929,0.8500
8884,17,141,8.29,8.9,0,corps,6.307384562898333,1.5321
8885,18,164,9.11,9.3,0,corps,6.30623115899189,1.1207
8886,23,197,8.57,11.6,0,corps,6.305078331643249,1.3108
8887,28,251,8.96,13.8,0,corps,6.303926080564201,1.6296
8888,16,134,8.38,8.4,0,corps,6.302774405466686,1.5753
8889,29,263,9.07,14.2,0,corps,6.301623306062787,1.2171
8890,36,313,8.69,17.3,0,corps,6.300472782064722,1.5508
8891,31,321,10.35,15.1,0,corps,6.299322833184867,1.7383
8892,28,253,9.04,13.8,0,corps,6.298173459135733,1.2154
8893,39,383,9.82,18.7,0,corps,6.297024659629974,1.5097
8894,28,257,9.18,13.8,0,corps,6.295876434380393,1.2753
8895,43,463,10.77,20.4,0,corps,6.294728783099934,1.6717
8896,32,294,9.19,15.6,0,corps,6.293581705501679,1.5435
8897,35,313,8.94,16.9,0,corps,6.292435201298866,1.9968
8898,21,197,9.38,10.7,0,corps,6.291289270204864,2.3001
8899,36,346,9.61,17.3,0,corps,6.290143911933191,1.6833
8900,20,175,8.75,10.2,0,corps,6.288999126197506,1.3282
8901,43,505,11.74,20.4,0,corps,6.287854912711619,1.8144
8902,35,356,10.17,16.9,0,corps,6.286711271189469,1.9355
8903,29,291,10.03,14.2,0,corps,6.285568201345148,1.8814
8904,64,774,12.09,29.8,0,corps,6.284425702892891,1.5425
8905,60,712,11.87,28.0,0,corps,6.283283775547072,1.7388
8906,28,294,10.50,13.8,0,corps,6.282142419022206,1.7170
8907,42,448,10.67,20.0,0,corps,6.281001633032959,1.9288
8908,57,689,12.09,26.7,0,corps,6.279861417294133,1.4914
8909,32,251,7.84,15.6,0,corps,6.2787217715206705,1.9138
8910,46,478,10.39,21.8,0,corps,6.2775826954276654,1.6189
8911,47,476,10.13,22.2,0,corps,6.276444188730346,1.7658
8912,26,294,11.31,12.9,0,corps,6.275306251144082,1.6937
8913,49,527,10.76,23.1,0,corps,6.274168882384395,1.7910
8914,41,394,9.61,19.6,0,corps,6.273032082166942,1.6620
8915,39,400,10.26,18.7,0,corps,6.271895850207521,1.6276
8916,35,357,10.20,16.9,0,corps,6.270760186222072,1.5740
8917,64,733,11.45,29.8,0,corps,6.2696250899266825,2.0243
8918,40,353,8.82,19.1,0,corps,6.268490561037578,1.7430
8919,46,484,10.52,21.8,0,corps,6.267356599271123,1.6063
8920,26,213,8.19,12.9,0,corps,6.2662232043438335,1.6476
8921,33,256,7.76,16.0,0,corps,6.265090375972355,1.7642
8922,6,61,10.17,4.0,0,corps,6.263958113873482,1.2970
8923,49,498,10.16,23.1,0,corps,6.26282641776415,1.9238
8924,38,288,7.58,18.2,0,corps,6.261695287361434,2.3187
8925,42,367,8.74,20.0,0,corps,6.26056472238255,1.7591
8926,24,233,9.71,12.0,0,corps,6.25943472254486,1.5827
8927,24,233,9.71,12.0,0,corps,6.258305287565863,1.5343
8928,38,359,9.45,18.2,0,corps,6.257176417163198,1.8113
8929,29,254,8.76,14.2,0,corps,6.256048111054651,1.9401
8930,30,266,8.87,14.7,0,corps,6.254920368958142,2.7162
8931,42,427,10.17,20.0,0,corps,6.253793190591739,1.7750
8932,8,86,10.75,4.9,0,corps,6.252666575673642,1.4340
8933,28,262,9.36,13.8,0,corps,6.251540523922203,1.7539
8934,61,636,10.43,28.4,0,corps,6.250415035055906,1.8223
8935,50,418,8.36,23.6,0,corps,6.249290108793379,1.8625
8936,38,387,10.18,18.2,0,corps,6.2481657448533925,1.7157
8937,45,495,11.00,21.3,0,corps,6.247041942954853,1.5698
8938,48,545,11.35,22.7,0,corps,6.24591870281681,1.5059
8939,68,791,11.63,31.6,0,corps,6.244796024158456,2.0909
8940,67,970,14.48,31.1,0,corps,6.24367390669912,1.7284
8941,47,419,8.91,22.2,0,corps,6.2425523501582685,1.9992
8942,50,530,10.60,23.6,0,corps,6.24143135425552,1.6296
8943,22,155,7.05,11.1,0,corps,6.240310918710621,2.2420
8944,16,126,7.88,8.4,0,corps,6.239191043243462,2.0964
8945,46,508,11.04,21.8,0,corps,6.238071727574078,2.0269
8946,45,524,11.64,21.3,0,corps,6.236952971422636,1.6502
8947,5,76,15.20,3.6,0,corps,6.235834774509451,0.9638
8948,36,347,9.64,17.3,0,corps,6.234717136554967,1.5549
8949,31,271,8.74,15.1,0,corps,6.233600057279781,1.7033
8950,47,451,9.60,22.2,0,corps,6.232483536404622,1.4410
8951,30,286,9.53,14.7,0,corps,6.231367573650356,1.5737
8952,47,471,10.02,22.2,0,corps,6.230252168737997,1.7791
8953,35,334,9.54,16.9,0,corps,6.229137321388692,1.4600
8954,39,428,10.97,18.7,0,corps,6.228023031323728,1.6715
8955,18,150,8.33,9.3,0,corps,6.226909298264534,1.3560
8956,31,312,10.06,15.1,0,corps,6.225796121932676,1.4718
8957,39,410,10.51,18.7,0,corps,6.224683502049859,1.7882
8958,35,338,9.66,16.9,0,corps,6.22357143833793,1.6158
8959,45,497,11.04,21.3,0,corps,6.222459930518872,1.7130
8960,54,576,10.67,25.3,0,corps,6.221348978314808,1.7380
8961,28,264,9.43,13.8,0,corps,6.220238581448001,2.4558
8962,22,199,9.05,11.1,0,corps,6.219128739640851,2.2629
8963,34,324,9.53,16.4,0,corps,6.218019452615898,1.9864
8964,33,315,9.55,16.0,0,corps,6.216910720095817,1.8501
8965,11,97,8.82,6.2,0,corps,6.21580254180343,1.9568
8966,55,572,10.40,25.8,0,corps,6.2146949174616894,2.4118
8967,26,225,8.65,12.9,0,corps,6.213587846793689,2.2548
8968,21,159,7.57,10.7,0,corps,6.212481329522662,1.8177
8969,19,174,9.16,9.8,0,corps,6.211375365371981,2.0364
8970,74,1029,13.91,34.2,0,corps,6.210269954065149,1.7725
8971,43,442,10.28,20.4,0,corps,6.20916509532582,2.2855
8972,35,271,7.74,16.9,0,corps,6.208060788877776,2.0582
8973,56,510,9.11,26.2,0,corps,6.206957034444939,2.0301
8974,39,439,11.26,18.7,0,corps,6.205853831751373,1.9507
8975,15,126,8.40,8.0,0,corps,6.204751180521279,2.1977
8976,57,626,10.98,26.7,0,corps,6.203649080478987,1.7954
8977,38,403,10.61,18.2,0,corps,6.20254753134898,1.8027
8978,34,379,11.15,16.4,0,corps,6.201446532855867,1.7256
8979,46,475,10.33,21.8,0,corps,6.200346084724398,2.0421
8980,30,289,9.63,14.7,0,corps,6.199246186679461,1.9595
8981,58,730,12.59,27.1,0,corps,6.198146838446082,1.4986
8982,73,853,11.68,33.8,0,corps,6.1970480397494265,1.6167
8983,75,869,11.59,34.7,0,corps,6.195949790314789,1.5426
8984,56,688,12.29,26.2,0,corps,6.194852089867613,1.6582
8985,23,205,8.91,11.6,0,corps,6.19375493813347,2.2198
8986,47,595,12.66,22.2,0,corps,6.192658334838072,1.5455
8987,33,353,10.70,16.0,0,corps,6.19156227970727,1.4559
8988,10,85,8.50,5.8,0,corps,6.190466772467051,1.7453
8989,44,454,10.32,20.9,0,corps,6.189371812843533,1.6268
8990,32,334,10.44,15.6,0,corps,6.188277400562983,1.3318
8991,22,186,8.45,11.1,0,corps,6.187183535351794,1.9207
8992,33,316,9.58,16.0,0,corps,6.186090216936497,1.5002
8993,64,612,9.56,29.8,0,corps,6.184997445043769,1.5514
8994,34,297,8.74,16.4,0,corps,6.183905219400414,1.7360
8995,44,530,12.05,20.9,0,corps,6.182813539733374,1.7653
8996,65,730,11.23,30.2,0,corps,6.181722405769729,1.4369
8997,30,287,9.57,14.7,0,corps,6.180631817236698,1.7657
8998,15,128,8.53,8.0,0,corps,6.179541773861634,1.7870
8999,29,316,10.90,14.2,0,corps,6.178452275372022,1.9834
9000,53,534,10.08,24.9,0,corps,6.177363321495492,1.5616
9001,38,392,10.32,18.2,0,corps,6.176274911959805,1.9411
9002,65,741,11.40,30.2,0,corps,6.175187046492854,1.6610
9003,38,334,8.79,18.2,0,corps,6.174099724822677,1.7766
9004,13,115,8.85,7.1,0,corps,6.173012946677445,2.4684
9005,32,310,9.69,15.6,0,corps,6.171926711785457,1.4931
9006,36,362,10.06,17.3,0,corps,6.170841019875162,1.7108
9007,66,742,11.24,30.7,0,corps,6.169755870675131,1.6816
9008,66,763,11.56,30.7,0,corps,6.1686712639140815,1.8181
9009,50,579,11.58,23.6,0,corps,6.167587199320855,1.7350
9010,27,281,10.41,13.3,0,corps,6.166503676624443,2.5167
9011,33,303,9.18,16.0,0,corps,6.165420695553961,2.0009
9012,41,434,10.59,19.6,0,corps,6.164338255838662,2.1013
9013,51,576,11.29,24.0,0,corps,6.163256357207941,1.6654
9014,38,394,10.37,18.2,0,corps,6.16217499939132,1.8716
9015,43,413,9.60,20.4,0,corps,6.161094182118458,1.5830
9016,15,157,10.47,8.0,0,corps,6.160013905119155,1.2503
9017,54,559,10.35,25.3,0,corps,6.1589341681233405,2.1483
9018,25,226,9.04,12.4,0,corps,6.1578549708610755,1.4620
9019,58,698,12.03,27.1,0,corps,6.156776313062568,1.6647
9020,19,173,9.11,9.8,0,corps,6.155698194458148,1.9553
9021,22,188,8.55,11.1,0,corps,6.154620614778287,1.9093
9022,39,456,11.69,18.7,0,corps,6.153543573753593,1.5614
9023,37,362,9.78,17.8,0,corps,6.152467071114804,1.8182
9024,59,711,12.05,27.6,0,corps,6.151391106592794,1.5479
9025,27,246,9.11,13.3,0,corps,6.150315679918569,1.6095
9026,58,648,11.17,27.1,0,corps,6.149240790823278,1.9115
9027,73,895,12.26,33.8,0,corps,6.148166439038196,1.6192
9028,50,540,10.80,23.6,0,corps,6.147092624294732,1.7874
9029,34,311,9.15,16.4,0,corps,6.146019346324438,1.6547
9030,42,405,9.64,20.0,0,corps,6.144946604858992,1.7498
9031,39,452,11.59,18.7,0,corps,6.143874399630206,1.7042
9032,3,28,9.33,2.7,0,corps,6.1428027303700325,2.9255
9033,46,423,9.20,21.8,0,corps,6.141731596810554,1.7138
9034,68,772,11.35,31.6,0,corps,6.140660998683983,1.7160
9035,12,97,8.08,6.7,0,corps,6.139590935722675,2.0029
9036,49,536,10.94,23.1,0,corps,6.138521407659112,1.3755
9037,26,258,9.92,12.9,0,corps,6.137452414225909,1.7578
9038,32,276,8.62,15.6,0,corps,6.136383955155825,1.6828
9039,10,80,8.00,5.8,0,corps,6.135316030181739,1.6541
9040,48,441,9.19,22.7,0,corps,6.134248639036673,1.9001
9041,30,257,8.57,14.7,0,corps,6.133181781453775,1.7874
9042,37,367,9.92,17.8,0,corps,6.132115457166335,1.5735
9043,33,329,9.97,16.0,0,corps,6.131049665907772,1.4287
9044,25,248,9.92,12.4,0,corps,6.129984407411633,1.9605
9045,30,251,8.37,14.7,0,corps,6.12891968141161,1.7108
9046,20,136,6.80,10.2,0,corps,6.127855487641518,1.9412
9047,66,704,10.67,30.7,0,corps,6.126791825835307,1.7213
9048,26,241,9.27,12.9,0,corps,6.125728695727066,1.4443
9049,33,299,9.06,16.0,0,corps,6.124666097051009,1.5341
9050,34,305,8.97,16.4,0,corps,6.123604029541486,1.5673
9051,76,943,12.41,35.1,0,corps,6.1225424929329835,1.6748
9052,29,284,9.79,14.2,0,corps,6.121481486960115,1.7343
9053,25,194,7.76,12.4,0,corps,6.120421011357627,1.9049
9054,12,121,10.08,6.7,0,corps,6.119361065860406,1.5639
9055,21,205,9.76,10.7,0,corps,6.1183016502034615,1.8295
9056,45,458,10.18,21.3,0,corps,6.117242764121941,1.6044
9057,20,157,7.85,10.2,0,corps,6.1161844073511205,1.4575
9058,39,365,9.36,18.7,0,corps,6.1151265796264145,1.9383
9059,40,397,9.93,19.1,0,corps,6.114069280683365,1.5760
9060,52,557,10.71,24.4,0,corps,6.1130125102576445,1.7510
9061,11,98,8.91,6.2,0,corps,6.1119562680850645,1.8382
9062,27,282,10.44,13.3,0,corps,6.110900553901562,1.4315
9063,51,564,11.06,24.0,0,corps,6.109845367443207,1.5229
9064,51,539,10.57,24.0,0,corps,6.108790708446208,1.6498
9065,36,326,9.06,17.3,0,corps,6.1077365766468965,1.5337
9066,41,384,9.37,19.6,0,corps,6.106682971781738,1.5983
9067,31,282,9.10,15.1,0,corps,6.105629893587336,1.5544
9068,24,216,9.00,12.0,0,corps,6.104577341800417,1.4700
9069,29,245,8.45,14.2,0,corps,6.103525316157844,1.9464
9070,41,372,9.07,19.6,0,corps,6.102473816396612,1.5095
9071,38,420,11.05,18.2,0,corps,6.101422842253845,2.0430
9072,31,280,9.03,15.1,0,corps,6.1003723934668,2.1177
9073,16,129,8.06,8.4,0,corps,6.099322469772862,2.5266
9074,30,271,9.03,14.7,0,corps,6.0982730709095545,1.7674
9075,48,521,10.85,22.7,0,corps,6.097224196614526,1.9758
9076,34,348,10.24,16.4,0,corps,6.096175846625555,1.9029
9077,29,225,7.76,14.2,0,corps,6.095128020680559,2.1817
9078,29,263,9.07,14.2,0,corps,6.094080718517579,1.6101
9079,44,581,13.20,20.9,0,corps,6.093033939874787,1.4433
9080,54,572,10.59,25.3,0,corps,6.091987684490493,1.5206
9081,56,658,11.75,26.2,0,corps,6.090941952103132,1.3547
9082,45,450,10.00,21.3,0,corps,6.089896742451267,1.6015
9083,35,274,7.83,16.9,0,corps,6.088852055273601,1.8168
9084,35,373,10.66,16.9,0,corps,6.087807890308959,1.5541
9085,23,193,8.39,11.6,0,corps,6.086764247296299,1.7291
9086,62,749,12.08,28.9,0,corps,6.085721125974714,1.2416
9087,20,175,8.75,10.2,0,corps,6.084678526083421,1.5404
9088,33,320,9.70,16.0,0,corps,6.08363644736177,3.2331
9089,57,690,12.11,26.7,0,corps,6.082594889549239,1.5228
9090,12,98,8.17,6.7,0,corps,6.081553852385444,2.1513
9091,76,1069,14.07,35.1,0,corps,6.080513335610124,1.5819
9092,62,659,10.63,28.9,0,corps,6.079473338963147,1.5341
9093,24,203,8.46,12.0,0,corps,6.078433862184515,1.4052
9094,36,369,10.25,17.3,0,corps,6.077394905014361,1.8180
9095,11,99,9.00,6.2,0,corps,6.076356467192942,1.6317
9096,35,307,8.77,16.9,0,corps,6.075318548460653,2.0947
9097,51,568,11.14,24.0,0,corps,6.074281148558011,1.6539
9098,74,905,12.23,34.2,0,corps,6.0732442672256655,1.7965
9099,17,141,8.29,8.9,0,corps,6.0722079042044,1.4632
9100,25,243,9.72,12.4,0,corps,6.071172059235121,1.4878
9101,55,661,12.02,25.8,0,corps,6.070136732058865,1.8437
9102,25,299,11.96,12.4,0,corps,6.069101922416806,2.0008
9103,36,372,10.33,17.3,0,corps,6.068067630050236,1.9377
9104,42,440,10.48,20.0,0,corps,6.067033854700587,1.7138
9105,60,790,13.17,28.0,0,corps,6.06600059610941,1.8615
9106,67,812,12.12,31.1,0,corps,6.064967854018393,1.8793
9107,29,319,11.00,14.2,0,corps,6.063935628169351,1.9713
9108,38,403,10.61,18.2,0,corps,6.062903918304226,1.7532
9109,54,640,11.85,25.3,0,corps,6.0618727241650925,1.8892
9110,43,498,11.58,20.4,0,corps,6.060842045494151,1.7652
9111,44,530,12.05,20.9,0,corps,6.0598118820337294,1.8352
9112,6,56,9.33,4.0,0,corps,6.058782233526291,2.2635
9113,15,111,7.40,8.0,0,corps,6.0577530997144216,1.7537
9114,47,574,12.21,22.2,0,corps,6.056724480340836,1.7281
9115,41,510,12.44,19.6,0,corps,6.055696375148383,1.5781
9116,51,561,11.00,24.0,0,corps,6.054668783880035,1.8393
9117,22,186,8.45,11.1,0,corps,6.053641706278891,1.9324
9118,55,478,8.69,25.8,0,corps,6.052615142088187,2.1435
9119,24,259,10.79,12.0,0,corps,6.051589091051278,1.5984
9120,26,220,8.46,12.9,0,corps,6.050563552911653,1.8013
9121,21,203,9.67,10.7,0,corps,6.049538527412926,1.5753
9122,4,34,8.50,3.1,0,corps,6.048514014298842,2.3698
9123,57,513,9.00,26.7,0,corps,6.047490013313273,1.8960
9124,24,202,8.42,12.0,0,corps,6.046466524200217,1.8837
9125,3,41,13.67,2.7,0,corps,6.045443546703804,1.1149
9126,65,832,12.80,30.2,0,corps,6.044421080568287,1.3455
9127,46,467,10.15,21.8,0,corps,6.04339912553805,1.4731
9128,28,245,8.75,13.8,0,corps,6.042377681357607,1.4098
9129,51,558,10.94,24.0,0,corps,6.041356747771594,1.4713
9130,41,434,10.59,19.6,0,corps,6.0403363245247785,1.3445
9131,21,172,8.19,10.7,0,corps,6.039316411362054,1.7696
9132,24,222,9.25,12.0,0,corps,6.0382970080284455,1.3316
9133,45,358,7.96,21.3,0,corps,6.037278114269099,2.1572
9134,31,308,9.94,15.1,0,corps,6.036259729829289,1.2645
9135,48,528,11.00,22.7,0,corps,6.035241854454425,1.5876
9136,31,313,10.10,15.1,0,corps,6.034224487890034,1.4984
9137,22,172,7.82,11.1,0,corps,6.033207629881774,1.6610
9138,31,281,9.06,15.1,0,corps,6.032191280175434,1.5895
9139,36,355,9.86,17.3,0,corps,6.031175438516925,1.3365
9140,22,201,9.14,11.1,0,corps,6.030160104652285,1.4581
9141,22,199,9.05,11.1,0,corps,6.029145278327682,1.1666
9142,27,265,9.81,13.3,0,corps,6.02813095928941,1.0792
9143,35,332,9.49,16.9,0,corps,6.027117147283886,1.3910
9144,43,400,9.30,20.4,0,corps,6.026103842057663,1.4567
9145,59,614,10.41,27.6,0,corps,6.025091043357409,1.6193
9146,50,545,10.90,23.6,0,corps,6.024078750929926,1.6340
9147,71,856,12.06,32.9,0,corps,6.023066964522142,1.3332
9148,36,362,10.06,17.3,0,corps,6.02205568388111,1.6953
9149,36,372,10.33,17.3,0,corps,6.02104490875401,1.5153
9150,45,553,12.29,21.3,0,corps,6.020034638888146,1.9361
9151,37,338,9.14,17.8,0,corps,6.019024874030952,1.6421
9152,32,299,9.34,15.6,0,corps,6.018015613929989,1.9525
9153,58,669,11.53,27.1,0,corps,6.0170068583329375,1.5435
9154,49,558,11.39,23.1,0,corps,6.015998606987614,1.3639
9155,25,239,9.56,12.4,0,corps,6.0149908596419515,1.5686
9156,50,564,11.28,23.6,0,corps,6.013983616044014,1.5969
9157,20,175,8.75,10.2,0,corps,6.012976875941992,1.8281
9158,65,759,11.68,30.2,0,corps,6.011970639084198,1.4664
9159,42,393,9.36,20.0,0,corps,6.010964905219074,1.3819
9160,39,347,8.90,18.7,0,corps,6.009959674095189,1.5352
9161,63,727,11.54,29.3,0,corps,6.008954945461232,1.8287
9162,48,520,10.83,22.7,0,corps,6.00795071906602,1.6382
9163,32,251,7.84,15.6,0,corps,6.006946994658501,2.2863
9164,29,274,9.45,14.2,0,corps,6.00594377198774,1.5066
9165,26,237,9.12,12.9,0,corps,6.004941050802932,1.6194
9166,42,471,11.21,20.0,0,corps,6.0039388308533965,1.8326
9167,36,405,11.25,17.3,0,corps,6.002937111888581,1.5637
9168,33,295,8.94,16.0,0,corps,6.001935893658054,1.5394
9169,71,912,12.85,32.9,0,corps,6.000935175911509,1.7409
9170,28,281,10.04,13.8,0,corps,5.999934958398769,1.3986
9171,55,657,11.95,25.8,0,corps,5.9989352408697805,1.6508
9172,44,489,11.11,20.9,0,corps,5.99793602307461,1.6941
9173,50,693,13.86,23.6,0,corps,5.996937304763458,1.6214
9174,39,348,8.92,18.7,0,corps,5.995939085686642,1.8552
9175,61,804,13.18,28.4,0,corps,5.994941365594606,1.6704
9176,53,533,10.06,24.9,0,corps,5.993944144237924,1.8285
9177,28,249,8.89,13.8,0,corps,5.992947421367288,1.6882
9178,38,416,10.95,18.2,0,corps,5.991951196733517,1.6402
9179,44,425,9.66,20.9,0,corps,5.990955470087556,1.8395
9180,41,427,10.41,19.6,0,corps,5.989960241180474,1.5173
9181,55,633,11.51,25.8,0,corps,5.988965509763462,1.6084
9182,45,419,9.31,21.3,0,corps,5.987971275587836,1.3745
9183,50,683,13.66,23.6,0,corps,5.986977538405041,1.3965
9184,37,376,10.16,17.8,0,corps,5.985984297966642,1.3114
9185,42,535,12.74,20.0,0,corps,5.984991554024324,1.4560
9186,65,736,11.32,30.2,0,corps,5.983999306329908,1.3508
9187,15,157,10.47,8.0,0,corps,5.983007554635329,1.2394
9188,21,206,9.81,10.7,0,corps,5.982016298692646,1.3952
9189,59,739,12.53,27.6,0,corps,5.981025538254052,1.4938
9190,57,526,9.23,26.7,0,corps,5.980035273071851,1.3660
9191,53,534,10.08,24.9,0,corps,5.979045502898478,1.2690
9192,47,541,11.51,22.2,0,corps,5.9780562274864915,1.5737
9193,79,947,11.99,36.4,0,corps,5.977067446588573,1.5823
9194,39,423,10.85,18.7,0,corps,5.976079159957525,1.5866
9195,31,258,8.32,15.1,0,corps,5.975091367346279,2.0683
9196,24,222,9.25,12.0,0,corps,5.9741040685078834,1.6459
9197,44,386,8.77,20.9,0,corps,5.973117263195517,1.5030
9198,48,542,11.29,22.7,0,corps,5.972130951162475,1.5006
9199,48,421,8.77,22.7,0,corps,5.9711451321621825,1.5298
9200,35,368,10.51,16.9,0,corps,5.9701598059481835,1.7697
9201,51,509,9.98,24.0,0,corps,5.969174972274143,1.6685
9202,26,219,8.42,12.9,0,corps,5.968190630893859,1.6962
9203,70,887,12.67,32.4,0,corps,5.967206781561242,1.5210
9204,66,861,13.05,30.7,0,corps,5.96622342403033,1.4371
9205,35,330,9.43,16.9,0,corps,5.965240558055286,1.6994
9206,35,347,9.91,16.9,0,corps,5.96425818339039,1.5540
9207,35,333,9.51,16.9,0,corps,5.96327629979005,1.6920
9208,61,735,12.05,28.4,0,corps,5.962294907008797,1.4746
9209,19,172,9.05,9.8,0,corps,5.96131400480128,1.5815
9210,31,326,10.52,15.1,0,corps,5.960333592922273,1.6087
9211,31,294,9.48,15.1,0,corps,5.959353671126677,1.6138
9212,29,268,9.24,14.2,0,corps,5.958374239169508,1.6234
9213,36,421,11.69,17.3,0,corps,5.957395296805909,1.5218
9214,15,117,7.80,8.0,0,corps,5.956416843791144,2.3083
9215,26,221,8.50,12.9,0,corps,5.9554388798806,2.1235
9216,47,433,9.21,22.2,0,corps,5.954461404829788,2.1613
9217,31,263,8.48,15.1,0,corps,5.953484418394335,1.9133
9218,33,343,10.39,16.0,0,corps,5.952507920329997,1.6275
9219,10,96,9.60,5.8,0,corps,5.951531910392651,1.7852
9220,52,498,9.58,24.4,0,corps,5.95055638833829,1.9221
9221,36,405,11.25,17.3,0,corps,5.949581353923039,1.7599
9222,27,266,9.85,13.3,0,corps,5.948606806903135,1.6130
9223,77,932,12.10,35.6,0,corps,5.947632747034943,1.6775
9224,58,672,11.59,27.1,0,corps,5.946659174074949,1.4311
9225,35,332,9.49,16.9,0,corps,5.945686087779759,2.0460
9226,28,258,9.21,13.8,0,corps,5.944713487906098,1.5463
9227,49,455,9.29,23.1,0,corps,5.943741374210822,1.7351
9228,33,308,9.33,16.0,0,corps,5.942769746450899,1.5235
9229,17,144,8.47,8.9,0,corps,5.941798604383424,1.6636
9230,49,538,10.98,23.1,0,corps,5.940827947765607,1.7391
9231,35,369,10.54,16.9,0,corps,5.939857776354788,1.3887
9232,62,767,12.37,28.9,0,corps,5.938888089908426,1.4005
9233,55,612,11.13,25.8,0,corps,5.937918888184093,1.6576
9234,31,262,8.45,15.1,0,corps,5.936950170939494,1.7014
9235,30,297,9.90,14.7,0,corps,5.935981937932448,1.5441
9236,49,546,11.14,23.1,0,corps,5.935014188920896,1.4301
9237,48,525,10.94,22.7,0,corps,5.934046923662901,1.4306
9238,60,856,14.27,28.0,0,corps,5.933080141916649,1.4839
9239,78,1024,13.13,36.0,0,corps,5.932113843440439,1.7415
9240,20,176,8.80,10.2,0,corps,5.931148027992703,1.8924
9241,61,572,9.38,28.4,0,corps,5.9301826953319825,1.7118
9242,65,823,12.66,30.2,0,corps,5.929217845216946,1.5871
9243,57,714,12.53,26.7,0,corps,5.928253477406381,1.9015
9244,26,273,10.50,12.9,0,corps,5.927289591659196,2.1597
9245,23,215,9.35,11.6,0,corps,5.9263261877344195,2.1201
9246,33,331,10.03,16.0,0,corps,5.925363265391198,1.7891
9247,53,572,10.79,24.9,0,corps,5.924400824388804,1.9843
9248,40,398,9.95,19.1,0,corps,5.923438864486626,1.6500
9249,36,260,7.22,17.3,0,corps,5.922477385444173,2.2988
9250,35,387,11.06,16.9,0,corps,5.921516387021078,2.0588
9251,20,146,7.30,10.2,0,corps,5.92055586897709,2.3702
9252,14,128,9.14,7.6,0,corps,5.919595831072078,2.2519
9253,49,611,12.47,23.1,0,corps,5.918636273066034,1.8557
9254,32,376,11.75,15.6,0,corps,5.917677194719069,1.8317
9255,63,698,11.08,29.3,0,corps,5.916718595791411,1.7125
9256,22,183,8.32,11.1,0,corps,5.915760476043414,2.4569
9257,21,180,8.57,10.7,0,corps,5.9148028352355455,2.2663
9258,65,802,12.34,30.2,0,corps,5.913845673128396,1.9689
9259,11,96,8.73,6.2,0,corps,5.912888989482673,2.0704
9260,51,589,11.55,24.0,0,corps,5.91193278405921,1.6100
9261,61,794,13.02,28.4,0,corps,5.910977056618951,1.7268
9262,50,625,12.50,23.6,0,corps,5.910021806922965,1.6590
9263,39,352,9.03,18.7,0,corps,5.909067034732443,1.8965
9264,24,198,8.25,12.0,0,corps,5.908112739808689,2.1936
9265,43,473,11.00,20.4,0,corps,5.907158921913129,2.6848
9266,37,320,8.65,17.8,0,corps,5.9062055808073115,1.9525
9267,16,114,7.12,8.4,0,corps,5.905252716252898,2.2229
9268,51,626,12.27,24.0,0,corps,5.904300328011672,1.6738
9269,50,603,12.06,23.6,0,corps,5.90334841584554,1.5181
9270,34,325,9.56,16.4,0,corps,5.902396979516522,1.8886
9271,26,234,9.00,12.9,0,corps,5.901446018786756,1.7633
9272,37,429,11.59,17.8,0,corps,5.900495533418507,1.4897
9273,41,427,10.41,19.6,0,corps,5.899545523174151,2.0454
9274,49,503,10.27,23.1,0,corps,5.898595987816186,1.8290
9275,54,631,11.69,25.3,0,corps,5.8976469271072265,1.5925
9276,36,348,9.67,17.3,0,corps,5.896698340810009,1.9121
9277,56,704,12.57,26.2,0,corps,5.895750228687388,1.5197
9278,61,666,10.92,28.4,0,corps,5.894802590502332,1.6720
9279,43,460,10.70,20.4,0,corps,5.893855426017936,1.7021
9280,70,770,11.00,32.4,0,corps,5.892908734997404,1.5321
9281,12,100,8.33,6.7,0,corps,5.891962517204067,2.1061
9282,26,209,8.04,12.9,0,corps,5.891016772401368,2.2567
9283,45,524,11.64,21.3,0,corps,5.890071500352874,2.0200
9284,33,337,10.21,16.0,0,corps,5.889126700822262,2.1258
9285,16,133,8.31,8.4,0,corps,5.888182373573336,2.0348
9286,44,484,11.00,20.9,0,corps,5.887238518370015,1.6381
9287,29,338,11.66,14.2,0,corps,5.886295134976331,1.6230
9288,23,205,8.91,11.6,0,corps,5.885352223156443,2.0141
9289,60,737,12.28,28.0,0,corps,5.884409782674619,1.8092
9290,47,477,10.15,22.2,0,corps,5.883467813295251,1.7941
9291,58,524,9.03,27.1,0,corps,5.8825263147828455,1.9663
9292,40,392,9.80,19.1,0,corps,5.8815852869020295,1.8237
9293,58,657,11.33,27.1,0,corps,5.880644729417545,1.8475
9294,37,369,9.97,17.8,0,corps,5.879704642094251,2.1908
9295,38,356,9.37,18.2,0,corps,5.878765024697128,1.9544
9296,49,502,10.24,23.1,0,corps,5.877825876991273,1.7316
9297,41,383,9.34,19.6,0,corps,5.876887198741895,1.8429
9298,46,478,10.39,21.8,0,corps,5.8759489897143276,1.8564
9299,39,435,11.15,18.7,0,corps,5.875011249674017,1.9740
9300,44,500,11.36,20.9,0,corps,5.874073978386527,1.9568
9301,43,355,8.26,20.4,0,corps,5.8731371756175434,1.7208
9302,31,306,9.87,15.1,0,corps,5.872200841132863,1.4630
9303,31,311,10.03,15.1,0,corps,5.871264974698401,1.5890
9304,29,357,12.31,14.2,0,corps,5.870329576080194,1.5054
9305,19,218,11.47,9.8,0,corps,5.869394645044392,1.2335
9306,7,45,6.43,4.4,0,corps,5.8684601813572606,2.3946
9307,81,1067,13.17,37.3,0,corps,5.867526184785181,1.5746
9308,66,785,11.89,30.7,0,corps,5.86659265509466,1.6868
9309,30,304,10.13,14.7,0,corps,5.865659592052313,1.8717
9310,69,867,12.57,32.0,0,corps,5.8647269954248715,1.4865
9311,55,582,10.58,25.8,0,corps,5.863794864979191,1.5292
9312,28,261,9.32,13.8,0,corps,5.862863200482235,1.6633
9313,26,244,9.38,12.9,0,corps,5.8619320017010885,1.7186
9314,27,237,8.78,13.3,0,corps,5.861001268402953,1.7418
9315,40,419,10.47,19.1,0,corps,5.860071000355145,1.7423
9316,89,1133,12.73,40.9,0,corps,5.859141197325095,1.8178
9317,35,320,9.14,16.9,0,corps,5.858211859080355,1.4119
9318,67,957,14.28,31.1,0,corps,5.85728298538859,1.4642
9319,49,467,9.53,23.1,0,corps,5.856354576017579,1.7553
9320,29,298,10.28,14.2,0,corps,5.855426630735224,1.5155
9321,27,226,8.37,13.3,0,corps,5.854499149309535,1.7635
9322,40,408,10.20,19.1,0,corps,5.853572131508644,1.6845
9323,46,426,9.26,21.8,0,corps,5.852645577100795,1.7322
9324,46,500,10.87,21.8,0,corps,5.851719485854349,1.5946
9325,55,572,10.40,25.8,0,corps,5.850793857537785,1.6209
9326,28,242,8.64,13.8,0,corps,5.849868691919694,1.8309
9327,40,453,11.32,19.1,0,corps,5.848943988768787,2.0061
9328,32,338,10.56,15.6,0,corps,5.848019747853887,1.4259
9329,31,317,10.23,15.1,0,corps,5.847095968943932,1.8393
9330,22,205,9.32,11.1,0,corps,5.846172651807981,1.6607
9331,47,516,10.98,22.2,0,corps,5.845249796215201,1.7594
9332,60,899,14.98,28.0,0,corps,5.844327401934879,1.3486
9333,29,361,12.45,14.2,0,corps,5.843405468736418,1.4591
9334,43,472,10.98,20.4,0,corps,5.842483996389334,1.6967
9335,46,500,10.87,21.8,0,corps,5.841562984663259,1.7069
9336,47,447,9.51,22.2,0,corps,5.84064243332794,1.9470
9337,52,546,10.50,24.4,0,corps,5.839722342153237,1.8303
9338,51,506,9.92,24.0,0,corps,5.838802710909132,1.6700
9339,62,641,10.34,28.9,0,corps,5.837883539365712,1.5357
9340,57,605,10.61,26.7,0,corps,5.836964827293188,1.7055
9341,39,339,8.69,18.7,0,corps,5.8360465744618795,1.7125
9342,44,461,10.48,20.9,0,corps,5.835128780642222,1.5798
9343,31,325,10.48,15.1,0,corps,5.8342114456047725,1.4710
9344,63,631,10.02,29.3,0,corps,5.833294569120194,1.8732
9345,40,391,9.78,19.1,0,corps,5.832378150959265,1.5617
9346,46,462,10.04,21.8,0,corps,5.831462190892885,1.5010
9347,53,568,10.72,24.9,0,corps,5.830546688692062,1.5150
9348,36,339,9.42,17.3,0,corps,5.82963164412792,1.6875
9349,64,609,9.52,29.8,0,corps,5.828717056971698,1.8540
9350,15,136,9.07,8.0,0,corps,5.827802926994751,1.8496
9351,45,476,10.58,21.3,0,corps,5.826889253968545,1.5891
9352,30,237,7.90,14.7,0,corps,5.825976037664662,1.8876
9353,38,334,8.79,18.2,0,corps,5.825063277854799,1.8114
9354,27,242,8.96,13.3,0,corps,5.824150974310764,1.9728
9355,56,759,13.55,26.2,0,corps,5.823239126804482,1.5863
9356,35,344,9.83,16.9,0,corps,5.82232773510799,1.3617
9357,28,215,7.68,13.8,0,corps,5.821416798993444,1.8737
9358,34,320,9.41,16.4,0,corps,5.820506318233105,1.6312
9359,37,353,9.54,17.8,0,corps,5.819596292599356,1.6591
9360,19,154,8.11,9.8,0,corps,5.818686721864689,1.5628
9361,61,685,11.23,28.4,0,corps,5.817777605801712,1.6445
9362,36,306,8.50,17.3,0,corps,5.816868944183147,1.8535
9363,36,345,9.58,17.3,0,corps,5.815960736781827,1.9028
9364,54,615,11.39,25.3,0,corps,5.815052983370699,1.6071
9365,46,465,10.11,21.8,0,corps,5.8141456837228285,1.7060
9366,47,420,8.94,22.2,0,corps,5.813238837611388,1.6430
9367,50,507,10.14,23.6,0,corps,5.812332444809664,1.7522
9368,56,650,11.61,26.2,0,corps,5.811426505091063,1.7187
9369,45,466,10.36,21.3,0,corps,5.810521018229099,1.7176
9370,54,595,11.02,25.3,0,corps,5.809615983997397,1.6919
9371,20,206,10.30,10.2,0,corps,5.8087114021697,1.8435
9372,32,303,9.47,15.6,0,corps,5.807807272519865,1.6728
9373,50,521,10.42,23.6,0,corps,5.806903594821856,2.0788
9374,61,677,11.10,28.4,0,corps,5.8060003688497535,1.8585
9375,34,320,9.41,16.4,0,corps,5.805097594377755,1.5840
9376,20,188,9.40,10.2,0,corps,5.8041952711801645,1.6764
9377,35,376,10.74,16.9,0,corps,5.8032933990314,1.4310
9378,32,367,11.47,15.6,0,corps,5.802391977705995,1.8272
9379,16,146,9.12,8.4,0,corps,5.801491006978595,1.6388
9380,59,705,11.95,27.6,0,corps,5.800590486623954,1.6084
9381,29,281,9.69,14.2,0,corps,5.799690416416945,1.7066
9382,70,901,12.87,32.4,0,corps,5.798790796132551,1.3663
9383,50,699,13.98,23.6,0,corps,5.797891625545865,1.3989
9384,35,276,7.89,16.9,0,corps,5.796992904432092,1.5126
9385,57,548,9.61,26.7,0,corps,5.796094632566557,1.4024
9386,14,140,10.00,7.6,0,corps,5.79519680972469,1.3257
9387,42,391,9.31,20.0,0,corps,5.794299435682032,1.4521
9388,33,336,10.18,16.0,0,corps,5.793402510214245,1.4838
9389,24,265,11.04,12.0,0,corps,5.792506033097093,1.4787
9390,16,138,8.62,8.4,0,corps,5.7916100041064595,1.6592
9391,34,364,10.71,16.4,0,corps,5.790714423018336,1.4003
9392,44,425,9.66,20.9,0,corps,5.789819289608829,1.7072
9393,41,373,9.10,19.6,0,corps,5.788924603654151,1.4275
9394,76,782,10.29,35.1,0,corps,5.788030364930635,1.5669
9395,46,469,10.20,21.8,0,corps,5.7871365732147195,1.5587
9396,46,490,10.65,21.8,0,corps,5.786243228282956,1.5601
9397,8,70,8.75,4.9,0,corps,5.785350329912011,1.1920
9398,23,196,8.52,11.6,0,corps,5.784457877878656,1.8044
9399,26,251,9.65,12.9,0,corps,5.783565871959779,1.5071
9400,41,477,11.63,19.6,0,corps,5.7826743119323805,1.7128
9401,42,386,9.19,20.0,0,corps,5.781783197573569,2.2158
9402,40,361,9.03,19.1,0,corps,5.780892528660567,2.0467
9403,49,486,9.92,23.1,0,corps,5.780002304970703,1.9562
9404,26,240,9.23,12.9,0,corps,5.779112526281429,2.2034
9405,61,667,10.93,28.4,0,corps,5.778223192370294,1.7648
9406,15,117,7.80,8.0,0,corps,5.777334303014965,3.0671
9407,33,299,9.06,16.0,0,corps,5.776445857993222,2.4856
9408,22,215,9.77,11.1,0,corps,5.775557857082954,2.0749
9409,29,246,8.48,14.2,0,corps,5.774670300062157,2.5788
9410,43,489,11.37,20.4,0,corps,5.773783186708947,1.8042
9411,25,202,8.08,12.4,0,corps,5.772896516801541,2.2190
9412,18,169,9.39,9.3,0,corps,5.772010290118273,1.9236
9413,33,356,10.79,16.0,0,corps,5.771124506437589,1.9012
9414,47,525,11.17,22.2,0,corps,5.77023916553804,1.7602
9415,34,375,11.03,16.4,0,corps,5.769354267198292,2.0070
9416,37,397,10.73,17.8,0,corps,5.768469811197119,1.9615
9417,36,389,10.81,17.3,0,corps,5.767585797313409,2.0053
9418,39,354,9.08,18.7,0,corps,5.766702225326156,1.8245
9419,28,242,8.64,13.8,0,corps,5.765819095014468,2.3334
9420,26,231,8.88,12.9,0,corps,5.764936406157566,2.3196
9421,41,453,11.05,19.6,0,corps,5.7640541585347735,1.5777
9422,40,434,10.85,19.1,0,corps,5.763172351925528,1.5048
9423,31,266,8.58,15.1,0,corps,5.762290986109382,1.7008
9424,42,430,10.24,20.0,0,corps,5.761410060865991,1.4459
9425,49,469,9.57,23.1,0,corps,5.760529575975123,1.4502
9426,48,558,11.62,22.7,0,corps,5.75964953121666,1.5970
9427,47,463,9.85,22.2,0,corps,5.758769926370588,1.5715
9428,37,358,9.68,17.8,0,corps,5.7578907612170065,1.6442
9429,11,112,10.18,6.2,0,corps,5.757012035536126,1.4509
9430,52,518,9.96,24.4,0,corps,5.756133749108263,1.4868
9431,60,806,13.43,28.0,0,corps,5.755255901713846,1.3693
9432,63,875,13.89,29.3,0,corps,5.754378493133412,1.3564
9433,45,436,9.69,21.3,0,corps,5.753501523147612,1.5809
9434,75,929,12.39,34.7,0,corps,5.752624991537203,1.5819
9435,47,528,11.23,22.2,0,corps,5.751748898083049,1.5053
9436,27,249,9.22,13.3,0,corps,5.75087324256613,1.7599
9437,51,541,10.61,24.0,0,corps,5.74999802476753,1.3261
9438,21,213,10.14,10.7,0,corps,5.7491232444684455,1.4831
9439,44,509,11.57,20.9,0,corps,5.748248901450181,1.4866
9440,11,111,10.09,6.2,0,corps,5.747374995494153,1.5816
9441,63,592,9.40,29.3,0,corps,5.74650152638188,1.6845
9442,49,514,10.49,23.1,0,corps,5.745628493894999,1.4641
9443,59,709,12.02,27.6,0,corps,5.744755897815251,1.5055
9444,44,405,9.20,20.9,0,corps,5.743883737924485,1.7198
9445,39,351,9.00,18.7,0,corps,5.743012014004664,1.7848
9446,42,413,9.83,20.0,0,corps,5.7421407258378565,1.7930
9447,26,226,8.69,12.9,0,corps,5.741269873206238,1.6193
9448,55,575,10.45,25.8,0,corps,5.7403994558920965,1.5359
9449,25,203,8.12,12.4,0,corps,5.739529473677829,2.1043
9450,39,355,9.10,18.7,0,corps,5.738659926345939,1.7621
9451,39,383,9.82,18.7,0,corps,5.737790813679037,1.7654
9452,35,367,10.49,16.9,0,corps,5.736922135459851,1.7137
9453,45,505,11.22,21.3,0,corps,5.736053891471207,1.6497
9454,43,472,10.98,20.4,0,corps,5.735186081496043,1.5411
9455,16,139,8.69,8.4,0,corps,5.734318705317412,2.1234
9456,31,289,9.32,15.1,0,corps,5.733451762718464,1.9029
9457,44,477,10.84,20.9,0,corps,5.7325852534824655,1.6952
9458,66,809,12.26,30.7,0,corps,5.731719177392789,1.5631
9459,57,678,11.89,26.7,0,corps,5.730853534232919,1.4994
9460,23,210,9.13,11.6,0,corps,5.729988323786437,1.4545
9461,32,332,10.38,15.6,0,corps,5.729123545837049,1.0635
9462,44,350,7.95,20.9,0,corps,5.728259200168555,1.4690
9463,27,262,9.70,13.3,0,corps,5.72739528656487,1.5753
9464,44,426,9.68,20.9,0,corps,5.726531804810015,1.5451
9465,26,222,8.54,12.9,0,corps,5.725668754688121,1.2732
9466,37,375,10.14,17.8,0,corps,5.724806135983425,1.5245
9467,49,509,10.39,23.1,0,corps,5.7239439484802705,1.4028
9468,67,876,13.07,31.1,0,corps,5.723082191963113,1.2991
9469,24,211,8.79,12.0,0,corps,5.722220866216513,1.6906
9470,57,678,11.89,26.7,0,corps,5.721359971025136,1.5808
9471,16,155,9.69,8.4,0,corps,5.720499506173764,1.1505
9472,31,292,9.42,15.1,0,corps,5.719639471447276,1.7506
9473,41,410,10.00,19.6,0,corps,5.718779866630664,1.4236
9474,64,674,10.53,29.8,0,corps,5.717920691509029,1.5326
9475,20,163,8.15,10.2,0,corps,5.7170619458675755,1.9706
9476,59,719,12.19,27.6,0,corps,5.716203629491616,1.6877
9477,41,389,9.49,19.6,0,corps,5.7153457421665745,1.7634
9478,23,223,9.70,11.6,0,corps,5.714488283677978,1.6596
9479,34,292,8.59,16.4,0,corps,5.713631253811462,1.6105
9480,45,475,10.56,21.3,0,corps,5.712774652352764,1.3700
9481,44,447,10.16,20.9,0,corps,5.711918479087743,1.6376
9482,71,824,11.61,32.9,0,corps,5.711062733802348,1.6413
9483,47,479,10.19,22.2,0,corps,5.710207416282645,1.8714
9484,37,313,8.46,17.8,0,corps,5.709352526314807,1.7943
9485,24,200,8.33,12.0,0,corps,5.7084980636851075,1.7170
9486,21,183,8.71,10.7,0,corps,5.707644028179933,1.9822
9487,73,856,11.73,33.8,0,corps,5.706790419585776,1.7099
9488,40,356,8.90,19.1,0,corps,5.705937237689232,1.8116
9489,30,308,10.27,14.7,0,corps,5.705084482277005,1.7256
9490,22,199,9.05,11.1,0,corps,5.7042321531359095,1.8944
9491,29,312,10.76,14.2,0,corps,5.70338025005286,1.7895
9492,27,206,7.63,13.3,0,corps,5.7025287728148815,2.1544
9493,30,301,10.03,14.7,0,corps,5.701677721209107,1.9781
9494,20,196,9.80,10.2,0,corps,5.70082709502277,2.0436
9495,23,207,9.00,11.6,0,corps,5.699976894043217,1.8632
9496,29,293,10.10,14.2,0,corps,5.699127118057894,1.7686
9497,53,618,11.66,24.9,0,corps,5.698277766854361,1.7431
9498,56,642,11.46,26.2,0,corps,5.697428840220279,1.6724
9499,47,493,10.49,22.2,0,corps,5.696580337943415,1.8864
9500,48,475,9.90,22.7,0,corps,5.695732259811645,2.1641
9501,43,421,9.79,20.4,0,corps,5.694884605612948,1.6686
9502,52,534,10.27,24.4,0,corps,5.6940373751354105,1.6675
9503,47,468,9.96,22.2,0,corps,5.6931905681672275,1.5394
9504,64,753,11.77,29.8,0,corps,5.692344184496695,1.6408
9505,43,400,9.30,20.4,0,corps,5.691498223912215,1.5333
9506,26,241,9.27,12.9,0,corps,5.690652686202303,2.1865
9507,42,328,7.81,20.0,0,corps,5.689807571155571,2.2073
9508,37,423,11.43,17.8,0,corps,5.68896287856074,1.7389
9509,29,286,9.86,14.2,0,corps,5.6881186082066355,1.7894
9510,63,669,10.62,29.3,0,corps,5.687274759882194,1.5176
9511,42,445,10.60,20.0,0,corps,5.686431333376452,1.4771
9512,32,323,10.09,15.6,0,corps,5.685588328478549,1.8484
9513,39,330,8.46,18.7,0,corps,5.684745744977739,1.7568
9514,38,352,9.26,18.2,0,corps,5.683903582663374,1.8237
9515,44,494,11.23,20.9,0,corps,5.683061841324913,1.6412
9516,78,1062,13.62,36.0,0,corps,5.682220520751922,1.5105
9517,32,284,8.88,15.6,0,corps,5.681379620734069,1.5031
9518,18,169,9.39,9.3,0,corps,5.6805391410611294,2.1714
9519,53,617,11.64,24.9,0,corps,5.679699081522985,1.9274
9520,59,646,10.95,27.6,0,corps,5.67885944190962,1.8090
9521,22,203,9.23,11.1,0,corps,5.678020222011122,1.5275
9522,49,531,10.84,23.1,0,corps,5.677181421617691,1.5684
9523,72,960,13.33,33.3,0,corps,5.6763430405196225,1.5879
9524,43,374,8.70,20.4,0,corps,5.675505078507324,1.7421
9525,69,907,13.14,32.0,0,corps,5.674667535371302,1.6627
9526,30,328,10.93,14.7,0,corps,5.673830410902174,1.3690
9527,19,169,8.89,9.8,0,corps,5.672993704890658,1.4727
9528,49,518,10.57,23.1,0,corps,5.6721574171275755,1.4998
9529,3,29,9.67,2.7,0,corps,5.671321547403857,1.6005
9530,41,419,10.22,19.6,0,corps,5.670486095510534,1.7132
9531,58,666,11.48,27.1,0,corps,5.669651061238742,1.4167
9532,31,350,11.29,15.1,0,corps,5.668816444379726,2.0633
9533,43,430,10.00,20.4,0,corps,5.66798224472483,1.4810
9534,61,604,9.90,28.4,0,corps,5.6671484620655015,1.5199
9535,39,353,9.05,18.7,0,corps,5.666315096193299,1.5977
9536,30,293,9.77,14.7,0,corps,5.665482146899879,1.6564
9537,52,579,11.13,24.4,0,corps,5.664649613977003,1.5116
9538,38,353,9.29,18.2,0,corps,5.663817497216542,2.1946
9539,53,622,11.74,24.9,0,corps,5.662985796410462,1.5790
9540,38,361,9.50,18.2,0,corps,5.662154511350841,1.9174
9541,40,408,10.20,19.1,0,corps,5.6613236418298545,1.6129
9542,73,922,12.63,33.8,0,corps,5.660493187639788,1.3991
9543,23,219,9.52,11.6,0,corps,5.659663148573029,1.5595
9544,25,203,8.12,12.4,0,corps,5.658833524422062,1.7749
9545,45,449,9.98,21.3,0,corps,5.658004314979488,1.3871
9546,49,609,12.43,23.1,0,corps,5.657175520038001,1.5602
9547,58,557,9.60,27.1,0,corps,5.6563471393904,1.7375
9548,39,317,8.13,18.7,0,corps,5.655519172829595,1.8567
9549,47,454,9.66,22.2,0,corps,5.654691620148592,1.6160
9550,10,95,9.50,5.8,0,corps,5.653864481140499,1.4472
9551,27,244,9.04,13.3,0,corps,5.653037755598539,1.7757
9552,78,899,11.53,36.0,0,corps,5.652211443316026,1.6564
9553,63,751,11.92,29.3,0,corps,5.651385544086381,1.4093
9554,60,563,9.38,28.0,0,corps,5.650560057703132,1.5518
9555,58,647,11.16,27.1,0,corps,5.649734983959904,1.6750
9556,55,598,10.87,25.8,0,corps,5.6489103226504325,1.5692
9557,36,380,10.56,17.3,0,corps,5.64808607356855,1.4617
9558,19,162,8.53,9.8,0,corps,5.647262236508194,2.2597
9559,13,108,8.31,7.1,0,corps,5.646438811263406,1.8852
9560,38,378,9.95,18.2,0,corps,5.645615797628328,1.5654
9561,43,391,9.09,20.4,0,corps,5.64479319539721,1.9624
9562,27,252,9.33,13.3,0,corps,5.643971004364399,1.5373
9563,52,621,11.94,24.4,0,corps,5.643149224324347,1.7218
9564,34,351,10.32,16.4,0,corps,5.642327855071609,1.6002
9565,49,658,13.43,23.1,0,corps,5.641506896400846,1.5356
9566,11,75,6.82,6.2,0,corps,5.6406863481068115,2.5342
9567,52,687,13.21,24.4,0,corps,5.639866209984376,1.6660
9568,33,397,12.03,16.0,0,corps,5.639046481828501,1.6275
9569,29,269,9.28,14.2,0,corps,5.638227163434253,1.7837
9570,25,217,8.68,12.4,0,corps,5.6374082545968065,1.8547
9571,88,931,10.58,40.4,0,corps,5.636589755111432,1.8440
9572,30,262,8.73,14.7,0,corps,5.635771664773505,1.6106
9573,61,684,11.21,28.4,0,corps,5.634953983378501,1.7033
9574,30,264,8.80,14.7,0,corps,5.634136710722003,2.0710
9575,44,457,10.39,20.9,0,corps,5.633319846599691,1.7656
9576,47,483,10.28,22.2,0,corps,5.632503390807347,1.8280
9577,38,329,8.66,18.2,0,corps,5.631687343140862,1.7311
9578,54,585,10.83,25.3,0,corps,5.63087170339622,1.7603
9579,34,312,9.18,16.4,0,corps,5.630056471369512,1.9109
9580,72,873,12.12,33.3,0,corps,5.629241646856931,1.6907
9581,18,152,8.44,9.3,0,corps,5.628427229654771,1.5772
9582,46,442,9.61,21.8,0,corps,5.627613219559425,1.9167
9583,38,355,9.34,18.2,0,corps,5.626799616367394,1.5697
9584,50,549,10.98,23.6,0,corps,5.625986419875275,1.8550
9585,45,508,11.29,21.3,0,corps,5.625173629879768,1.7116
9586,34,358,10.53,16.4,0,corps,5.6243612461776795,1.6024
9587,42,424,10.10,20.0,0,corps,5.62354926856591,1.6692
9588,24,187,7.79,12.0,0,corps,5.622737696841466,1.4759
9589,49,509,10.39,23.1,0,corps,5.621926530801454,1.5931
9590,48,570,11.88,22.7,0,corps,5.621115770243084,1.6461
9591,51,575,11.27,24.0,0,corps,5.620305414963665,2.0757
9592,32,276,8.62,15.6,0,corps,5.6194954647606075,1.5494
9593,29,270,9.31,14.2,0,corps,5.618685919431425,1.5810
9594,47,512,10.89,22.2,0,corps,5.617876778773731,1.6662
9595,31,273,8.81,15.1,0,corps,5.61706804258524,1.5145
9596,66,839,12.71,30.7,0,corps,5.616259710663768,1.3526
9597,50,518,10.36,23.6,0,corps,5.615451782807232,1.7484
9598,22,195,8.86,11.1,0,corps,5.614644258813649,1.4935
9599,65,678,10.43,30.2,0,corps,5.613837138481141,1.5128
9600,16,145,9.06,8.4,0,corps,5.613030421607926,1.7527
9601,35,292,8.34,16.9,0,corps,5.612224107992323,2.1096
9602,54,595,11.02,25.3,0,corps,5.611418197432758,1.9001
9603,44,423,9.61,20.9,0,corps,5.610612689727748,2.0856
9604,33,346,10.48,16.0,0,corps,5.609807584675922,1.8552
9605,61,638,10.46,28.4,0,corps,5.609002882075997,1.9680
9606,16,138,8.62,8.4,0,corps,5.608198581726803,2.3332
9607,19,168,8.84,9.8,0,corps,5.6073946834272625,2.0077
9608,13,104,8.00,7.1,0,corps,5.6065911869764005,2.0136
9609,15,127,8.47,8.0,0,corps,5.605788092173344,2.8457
9610,20,217,10.85,10.2,0,corps,5.604985398817321,1.7922
9611,28,272,9.71,13.8,0,corps,5.604183106707652,1.5726
9612,33,326,9.88,16.0,0,corps,5.603381215643771,1.7398
9613,37,348,9.41,17.8,0,corps,5.602579725425202,1.8640
9614,43,522,12.14,20.4,0,corps,5.601778635851572,1.6710
9615,23,178,7.74,11.6,0,corps,5.600977946722609,2.2713
9616,53,550,10.38,24.9,0,corps,5.600177657838142,1.9581
9617,25,272,10.88,12.4,0,corps,5.599377768998096,1.5898
9618,33,345,10.45,16.0,0,corps,5.598578280002503,1.9675
9619,67,878,13.10,31.1,0,corps,5.5977791906514875,1.5974
9620,15,139,9.27,8.0,0,corps,5.5969805007452775,1.4712
9621,29,249,8.59,14.2,0,corps,5.596182210084201,1.3483
9622,30,302,10.07,14.7,0,corps,5.595384318468685,1.4876
9623,57,602,10.56,26.7,0,corps,5.594586825699258,1.4125
9624,4,36,9.00,3.1,0,corps,5.593789731576545,2.4181
9625,27,321,11.89,13.3,0,corps,5.592993035901274,1.7707
9626,50,460,9.20,23.6,0,corps,5.59219673847427,1.4708
9627,23,191,8.30,11.6,0,corps,5.5914008390964565,1.7109
9628,76,1072,14.11,35.1,0,corps,5.5906053375688645,1.7767
9629,38,369,9.71,18.2,0,corps,5.5898102336926145,1.6433
9630,40,378,9.45,19.1,0,corps,5.589015527268929,1.7473
9631,45,428,9.51,21.3,0,corps,5.588221218099135,1.6951
9632,30,258,8.60,14.7,0,corps,5.587427305984654,1.6762
9633,19,151,7.95,9.8,0,corps,5.586633790727009,1.6595
9634,30,349,11.63,14.7,0,corps,5.5858406721278175,1.6856
9635,54,579,10.72,25.3,0,corps,5.585047949988804,1.4944
9636,38,324,8.53,18.2,0,corps,5.584255624111786,1.4994
9637,17,142,8.35,8.9,0,corps,5.583463694298681,1.9348
9638,34,348,10.24,16.4,0,corps,5.5826721603515095,1.3610
9639,62,750,12.10,28.9,0,corps,5.581881022072385,1.5045
9640,82,902,11.00,37.8,0,corps,5.581090279263525,1.7437
9641,50,474,9.48,23.6,0,corps,5.580299931727243,1.6245
9642,21,197,9.38,10.7,0,corps,5.579509979265953,1.3905
9643,38,339,8.92,18.2,0,corps,5.5787204216821635,1.4162
9644,42,430,10.24,20.0,0,corps,5.57793125877849,1.6670
9645,49,593,12.10,23.1,0,corps,5.577142490357638,1.8854
9646,27,214,7.93,13.3,0,corps,5.576354116222417,1.6556
9647,44,486,11.05,20.9,0,corps,5.575566136175734,1.6536
9648,41,488,11.90,19.6,0,corps,5.574778550020594,1.7540
9649,68,734,10.79,31.6,0,corps,5.573991357560098,1.6125
9650,45,535,11.89,21.3,0,corps,5.57320455859745,1.3375
9651,25,225,9.00,12.4,0,corps,5.572418152935951,1.2274
9652,75,1027,13.69,34.7,0,corps,5.5716321403789975,1.5301
9653,31,282,9.10,15.1,0,corps,5.570846520730086,1.3825
9654,51,516,10.12,24.0,0,corps,5.570061293792815,1.5283
9655,34,315,9.26,16.4,0,corps,5.569276459370876,1.6122
9656,37,339,9.16,17.8,0,corps,5.568492017268058,1.4385
9657,35,362,10.34,16.9,0,corps,5.5677079672882535,1.6264
9658,57,671,11.77,26.7,0,corps,5.566924309235448,1.3194
9659,28,220,7.86,13.8,0,corps,5.566141042913729,1.8396
9660,34,322,9.47,16.4,0,corps,5.565358168127278,1.6893
9661,55,698,12.69,25.8,0,corps,5.564575684680379,1.5324
9662,28,306,10.93,13.8,0,corps,5.563793592377407,1.5559
9663,43,438,10.19,20.4,0,corps,5.5630118910228425,1.3211
9664,26,256,9.85,12.9,0,corps,5.56223058042126,1.4335
9665,35,392,11.20,16.9,0,corps,5.561449660377329,1.4838
9666,41,355,8.66,19.6,0,corps,5.560669130695821,1.5863
9667,13,116,8.92,7.1,0,corps,5.559888991181605,1.1623
9668,27,196,7.26,13.3,0,corps,5.5591092416396455,1.6556
9669,8,66,8.25,4.9,0,corps,5.558329881875002,1.6797
9670,35,272,7.77,16.9,0,corps,5.557550911692839,1.8069
9671,50,511,10.22,23.6,0,corps,5.556772330898412,1.6108
9672,39,378,9.69,18.7,0,corps,5.555994139297074,1.5528
9673,48,546,11.38,22.7,0,corps,5.555216336694282,1.4807
9674,66,687,10.41,30.7,0,corps,5.554438922895581,1.4575
9675,37,387,10.46,17.8,0,corps,5.553661897706617,1.6104
9676,63,764,12.13,29.3,0,corps,5.552885260933137,1.6046
9677,54,579,10.72,25.3,0,corps,5.552109012380981,1.4521
9678,31,326,10.52,15.1,0,corps,5.551333151856085,1.4594
9679,69,908,13.16,32.0,0,corps,5.550557679164486,1.6247
9680,20,189,9.45,10.2,0,corps,5.5497825941123144,1.5026
9681,34,304,8.94,16.4,0,corps,5.549007896505801,1.4471
9682,23,192,8.35,11.6,0,corps,5.548233586151266,1.4401
9683,42,399,9.50,20.0,0,corps,5.547459662855139,1.6431
9684,28,266,9.50,13.8,0,corps,5.546686126423935,1.4482
9685,16,148,9.25,8.4,0,corps,5.545912976664269,1.9745
9686,20,153,7.65,10.2,0,corps,5.545140213382857,2.1543
9687,35,362,10.34,16.9,0,corps,5.544367836386506,1.5761
9688,31,291,9.39,15.1,0,corps,5.543595845482121,1.7698
9689,43,421,9.79,20.4,0,corps,5.5428242404767065,1.5367
9690,58,609,10.50,27.1,0,corps,5.54205302117736,1.6743
9691,8,71,8.88,4.9,0,corps,5.5412821873912765,2.0575
9692,72,750,10.42,33.3,0,corps,5.540511738925749,1.4647
9693,31,286,9.23,15.1,0,corps,5.539741675588164,1.3620
9694,52,523,10.06,24.4,0,corps,5.538971997186004,1.6215
9695,45,441,9.80,21.3,0,corps,5.538202703526853,1.5976
9696,32,287,8.97,15.6,0,corps,5.537433794418386,1.5592
9697,34,317,9.32,16.4,0,corps,5.536665269668376,1.7422
9698,50,445,8.90,23.6,0,corps,5.53589712908469,1.5391
9699,35,314,8.97,16.9,0,corps,5.5351293724752955,1.4298
9700,40,428,10.70,19.1,0,corps,5.534361999648252,1.6959
9701,50,491,9.82,23.6,0,corps,5.533595010411715,1.7015
9702,63,763,12.11,29.3,0,corps,5.53282840457394,1.7216
9703,61,804,13.18,28.4,0,corps,5.532062181943274,1.5336
9704,38,358,9.42,18.2,0,corps,5.53129634232816,1.3291
9705,9,79,8.78,5.3,0,corps,5.530530885537141,1.5707
9706,15,159,10.60,8.0,0,corps,5.529765811378852,1.3629
9707,22,240,10.91,11.1,0,corps,5.529001119662022,2.3012
9708,22,220,10.00,11.1,0,corps,5.52823681019548,1.7569
9709,18,148,8.22,9.3,0,corps,5.5274728827881505,1.9607
9710,23,192,8.35,11.6,0,corps,5.526709337249047,2.0053
9711,16,111,6.94,8.4,0,corps,5.525946173387288,2.1840
9712,51,580,11.37,24.0,0,corps,5.52518339101208,1.5875
9713,59,781,13.24,27.6,0,corps,5.524420989932728,1.4771
9714,63,772,12.25,29.3,0,corps,5.523658969958629,1.6275
9715,37,415,11.22,17.8,0,corps,5.522897330899283,1.6668
9716,32,293,9.16,15.6,0,corps,5.522136072564276,1.5094
9717,34,357,10.50,16.4,0,corps,5.521375194763296,1.6788
9718,17,182,10.71,8.9,0,corps,5.520614697306122,1.5629
9719,7,56,8.00,4.4,0,corps,5.519854580002631,2.0112
9720,28,219,7.82,13.8,0,corps,5.519094842662792,1.5911
9721,36,360,10.00,17.3,0,corps,5.518335485096673,1.5926
9722,29,239,8.24,14.2,0,corps,5.517576507114432,1.7166
9723,2,26,13.00,2.2,0,corps,5.516817908526325,1.0055
9724,44,446,10.14,20.9,0,corps,5.516059689142704,1.7465
9725,61,557,9.13,28.4,0,corps,5.515301848774014,1.8582
9726,34,360,10.59,16.4,0,corps,5.514544387230792,1.8386
9727,55,550,10.00,25.8,0,corps,5.513787304323676,1.9864
9728,33,323,9.79,16.0,0,corps,5.513030599863395,1.5419
9729,46,491,10.67,21.8,0,corps,5.512274273660771,1.6895
9730,47,444,9.45,22.2,0,corps,5.511518325526723,2.1022
9731,52,565,10.87,24.4,0,corps,5.510762755272264,1.8267
9732,18,157,8.72,9.3,0,corps,5.510007562708502,1.6812
9733,50,470,9.40,23.6,0,corps,5.509252747646638,1.6611
9734,58,677,11.67,27.1,0,corps,5.50849830989797,1.6967
9735,43,447,10.40,20.4,0,corps,5.507744249273887,1.8665
9736,37,407,11.00,17.8,0,corps,5.506990565585872,1.8712
9737,32,306,9.56,15.6,0,corps,5.506237258645509,1.7995
9738,42,534,12.71,20.0,0,corps,5.505484328264468,1.5730
9739,20,218,10.90,10.2,0,corps,5.504731774254515,1.5604
9740,28,293,10.46,13.8,0,corps,5.503979596427516,1.5443
9741,47,583,12.40,22.2,0,corps,5.503227794595423,1.4338
9742,73,1076,14.74,33.8,0,corps,5.502476368570285,1.6119
9743,28,224,8.00,13.8,0,corps,5.501725318164249,1.9486
9744,59,764,12.95,27.6,0,corps,5.500974643189551,1.6965
9745,55,529,9.62,25.8,0,corps,5.50022434345852,1.9762
9746,49,566,11.55,23.1,0,corps,5.499474418783581,1.4900
9747,38,385,10.13,18.2,0,corps,5.498724868977257,1.2604
9748,31,286,9.23,15.1,0,corps,5.497975693852158,1.5773
9749,29,254,8.76,14.2,0,corps,5.497226893220989,1.9984
9750,33,339,10.27,16.0,0,corps,5.496478466896552,1.9970
9751,29,255,8.79,14.2,0,corps,5.49573041469174,1.5069
9752,81,922,11.38,37.3,0,corps,5.494982736419538,1.6106
9753,16,162,10.12,8.4,0,corps,5.494235431893029,1.4580
9754,63,800,12.70,29.3,0,corps,5.493488500925387,1.6315
9755,3,22,7.33,2.7,0,corps,5.492741943329875,4.3309
9756,70,847,12.10,32.4,0,corps,5.491995758919859,1.6557
9757,22,210,9.55,11.1,0,corps,5.491249947508789,1.4946
9758,49,617,12.59,23.1,0,corps,5.490504508910215,1.5289
9759,60,733,12.22,28.0,0,corps,5.489759442937774,1.5415
9760,78,1138,14.59,36.0,0,corps,5.489014749405204,1.6358
9761,18,167,9.28,9.3,0,corps,5.488270428126327,1.7102
9762,16,118,7.38,8.4,0,corps,5.487526478915066,2.2496
9763,49,540,11.02,23.1,0,corps,5.486782901585432,1.7007
9764,36,365,10.14,17.3,0,corps,5.486039695951531,1.6051
9765,51,499,9.78,24.0,0,corps,5.485296861827561,2.0413
9766,53,536,10.11,24.9,0,corps,5.484554399027816,1.6026
9767,25,228,9.12,12.4,0,corps,5.483812307366677,1.8855
9768,54,660,12.22,25.3,0,corps,5.483070586658624,1.7922
9769,70,985,14.07,32.4,0,corps,5.482329236718224,1.7309
9770,24,182,7.58,12.0,0,corps,5.4815882573601415,3.0876
9771,32,363,11.34,15.6,0,corps,5.480847648399131,1.5863
9772,42,459,10.93,20.0,0,corps,5.48010740965004,1.7943
9773,58,681,11.74,27.1,0,corps,5.479367540927811,1.7723
9774,13,92,7.08,7.1,0,corps,5.478628042047474,2.1841
9775,15,156,10.40,8.0,0,corps,5.477888912824152,1.4087
9776,53,598,11.28,24.9,0,corps,5.47715015307307,1.5140
9777,40,362,9.05,19.1,0,corps,5.4764117626095326,1.8853
9778,68,782,11.50,31.6,0,corps,5.475673741248943,1.6779
9779,52,541,10.40,24.4,0,corps,5.474936088806797,1.9104
9780,42,531,12.64,20.0,0,corps,5.474198805098681,1.7785
9781,16,132,8.25,8.4,0,corps,5.473461889940272,1.5949
9782,25,244,9.76,12.4,0,corps,5.472725343147346,1.7428
9783,41,433,10.56,19.6,0,corps,5.471989164535763,1.5971
9784,67,774,11.55,31.1,0,corps,5.471253353921477,1.5170
9785,24,224,9.33,12.0,0,corps,5.470517911120538,2.1969
9786,33,322,9.76,16.0,0,corps,5.469782835949085,1.4673
9787,21,168,8.00,10.7,0,corps,5.469048128223348,1.9335
9788,41,427,10.41,19.6,0,corps,5.4683137877596515,1.3513
9789,25,208,8.32,12.4,0,corps,5.467579814374409,1.4666
9790,10,88,8.80,5.8,0,corps,5.466846207884128,1.5075
9791,36,370,10.28,17.3,0,corps,5.466112968105406,1.5434
9792,18,159,8.83,9.3,0,corps,5.465380094854934,1.8963
9793,26,222,8.54,12.9,0,corps,5.464647587949495,1.3698
9794,10,91,9.10,5.8,0,corps,5.463915447205958,1.5453
9795,55,592,10.76,25.8,0,corps,5.463183672441292,1.6814
9796,42,420,10.00,20.0,0,corps,5.462452263472551,1.6304
9797,14,105,7.50,7.6,0,corps,5.461721220116883,1.7947
9798,22,174,7.91,11.1,0,corps,5.460990542191529,1.6535
9799,41,403,9.83,19.6,0,corps,5.460260229513818,1.4722
9800,78,957,12.27,36.0,0,corps,5.45953028190117,1.8231
9801,50,500,10.00,23.6,0,corps,5.458800699171102,1.8942
9802,33,290,8.79,16.0,0,corps,5.458071481141217,2.0729
9803,68,882,12.97,31.6,0,corps,5.457342627629207,1.5984
9804,43,362,8.42,20.4,0,corps,5.456614138452864,1.6568
9805,36,333,9.25,17.3,0,corps,5.455886013430064,2.0756
9806,29,263,9.07,14.2,0,corps,5.455158252378773,1.8098
9807,47,474,10.09,22.2,0,corps,5.454430855117052,1.9184
9808,39,345,8.85,18.7,0,corps,5.453703821463055,2.0331
9809,65,648,9.97,30.2,0,corps,5.45297715123502,1.5703
9810,24,240,10.00,12.0,0,corps,5.452250844251278,1.9641
9811,33,305,9.24,16.0,0,corps,5.451524900330257,1.9994
9812,15,113,7.53,8.0,0,corps,5.450799319290469,3.2058
9813,29,244,8.41,14.2,0,corps,5.450074100950516,1.9962
9814,82,1166,14.22,37.8,0,corps,5.449349245129098,1.6215
9815,81,890,10.99,37.3,0,corps,5.448624751644998,1.8201
9816,29,249,8.59,14.2,0,corps,5.4479006203170925,2.3992
9817,30,287,9.57,14.7,0,corps,5.447176850964351,2.0575
9818,12,95,7.92,6.7,0,corps,5.44645344340583,1.7794
9819,70,924,13.20,32.4,0,corps,5.445730397460676,1.6345
9820,36,378,10.50,17.3,0,corps,5.44500771294813,1.7628
9821,25,207,8.28,12.4,0,corps,5.44428538968752,1.9553
9822,25,225,9.00,12.4,0,corps,5.443563427498265,1.5445
9823,38,365,9.61,18.2,0,corps,5.4428418261998734,1.5558
9824,20,175,8.75,10.2,0,corps,5.442120585611946,1.8750
9825,62,679,10.95,28.9,0,corps,5.441399705554174,1.5455
9826,78,972,12.46,36.0,0,corps,5.440679185846333,1.4537
9827,37,376,10.16,17.8,0,corps,5.439959026308299,1.4742
9828,50,567,11.34,23.6,0,corps,5.439239226760027,1.5638
9829,9,66,7.33,5.3,0,corps,5.438519787021569,2.1054
9830,32,297,9.28,15.6,0,corps,5.437800706913067,1.8758
9831,39,399,10.23,18.7,0,corps,5.437081986254749,1.5530
9832,43,378,8.79,20.4,0,corps,5.436363624866933,1.6600
9833,60,796,13.27,28.0,0,corps,5.435645622570033,1.4604
9834,22,222,10.09,11.1,0,corps,5.434927979184546,1.5754
9835,29,270,9.31,14.2,0,corps,5.4342106945310595,1.2537
9836,42,424,10.10,20.0,0,corps,5.433493768430255,1.6060
9837,24,195,8.12,12.0,0,corps,5.432777200702901,2.1158
9838,47,524,11.15,22.2,0,corps,5.4320609911698545,1.6603
9839,60,663,11.05,28.0,0,corps,5.431345139652062,1.5747
9840,41,478,11.66,19.6,0,corps,5.430629645970562,1.7788
9841,45,565,12.56,21.3,0,corps,5.429914509946482,1.4328
9842,36,360,10.00,17.3,0,corps,5.429199731401035,1.6439
9843,49,517,10.55,23.1,0,corps,5.428485310155531,1.2485
9844,31,283,9.13,15.1,0,corps,5.4277712460313605,1.3867
9845,39,343,8.79,18.7,0,corps,5.427057538850008,1.5990
9846,45,436,9.69,21.3,0,corps,5.426344188433049,1.6696
9847,29,333,11.48,14.2,0,corps,5.425631194602145,1.3458
9848,34,327,9.62,16.4,0,corps,5.424918557179045,1.7135
9849,33,278,8.42,16.0,0,corps,5.424206275985593,1.4068
9850,57,558,9.79,26.7,0,corps,5.423494350843719,1.3902
9851,59,734,12.44,27.6,0,corps,5.422782781575437,1.6988
9852,56,622,11.11,26.2,0,corps,5.422071568002861,1.5738
9853,31,280,9.03,15.1,0,corps,5.421360709948182,1.6588
9854,31,298,9.61,15.1,0,corps,5.42065020723369,1.4278
9855,69,788,11.42,32.0,0,corps,5.419940059681755,1.4489
9856,26,246,9.46,12.9,0,corps,5.419230267114843,1.5351
9857,44,489,11.11,20.9,0,corps,5.418520829355505,1.5989
9858,96,1208,12.58,44.0,0,corps,5.417811746226382,1.6760
9859,57,603,10.58,26.7,0,corps,5.417103017550204,1.6459
9860,36,406,11.28,17.3,0,corps,5.416394643149787,1.4026
9861,42,400,9.52,20.0,0,corps,5.415686622848037,1.3888
9862,35,321,9.17,16.9,0,corps,5.414978956467952,1.5641
9863,23,188,8.17,11.6,0,corps,5.4142716438326115,1.6773
9864,58,645,11.12,27.1,0,corps,5.41356468476519,1.6484
9865,81,944,11.65,37.3,0,corps,5.412858079088948,1.7836
9866,38,406,10.68,18.2,0,corps,5.412151826627233,1.5942
9867,18,160,8.89,9.3,0,corps,5.411445927203481,1.4994
9868,41,399,9.73,19.6,0,corps,5.410740380641219,1.6482
9869,49,471,9.61,23.1,0,corps,5.410035186764059,1.6459
9870,55,609,11.07,25.8,0,corps,5.409330345395704,1.6190
9871,26,246,9.46,12.9,0,corps,5.408625856359941,1.4776
9872,27,279,10.33,13.3,0,corps,5.407921719480651,1.5587
9873,33,261,7.91,16.0,0,corps,5.407217934581798,1.9347
9874,46,450,9.78,21.8,0,corps,5.406514501487434,1.5380
9875,15,121,8.07,8.0,0,corps,5.4058114200217044,1.5333
9876,34,308,9.06,16.4,0,corps,5.405108690008838,1.6426
9877,34,335,9.85,16.4,0,corps,5.404406311273149,1.7557
9878,54,585,10.83,25.3,0,corps,5.403704283639048,1.6328
9879,34,327,9.62,16.4,0,corps,5.4030026069310235,1.8160
9880,61,714,11.70,28.4,0,corps,5.402301280973658,1.4373
9881,68,845,12.43,31.6,0,corps,5.401600305591621,1.8208
9882,23,199,8.65,11.6,0,corps,5.400899680609666,1.2672
9883,52,607,11.67,24.4,0,corps,5.40019940585264,1.4492
9884,30,309,10.30,14.7,0,corps,5.399499481145472,1.5399
9885,46,494,10.74,21.8,0,corps,5.398799906313182,1.5030
9886,43,398,9.26,20.4,0,corps,5.3981006811808765,1.5558
9887,41,382,9.32,19.6,0,corps,5.397401805573747,1.5540
9888,36,329,9.14,17.3,0,corps,5.396703279317077,1.4438
9889,34,302,8.88,16.4,0,corps,5.396005102236234,1.5795
9890,49,532,10.86,23.1,0,corps,5.395307274156673,2.0781
9891,82,990,12.07,37.8,0,corps,5.394609794903939,1.5286
9892,42,391,9.31,20.0,0,corps,5.393912664303661,1.4500
9893,32,306,9.56,15.6,0,corps,5.393215882181555,1.2970
9894,50,570,11.40,23.6,0,corps,5.392519448363429,1.3510
9895,38,439,11.55,18.2,0,corps,5.391823362675171,1.6163
9896,25,215,8.60,12.4,0,corps,5.391127624942761,1.4976
9897,56,704,12.57,26.2,0,corps,5.390432234992264,1.3001
9898,37,399,10.78,17.8,0,corps,5.389737192649834,1.5569
9899,41,437,10.66,19.6,0,corps,5.38904249774171,1.5401
9900,76,968,12.74,35.1,0,corps,5.388348150094215,1.6155
9901,64,660,10.31,29.8,0,corps,5.387654149533767,1.4882
9902,16,136,8.50,8.4,0,corps,5.386960495886863,2.0116
9903,33,320,9.70,16.0,0,corps,5.38626718898009,1.4136
9904,33,276,8.36,16.0,0,corps,5.385574228640122,1.8333
9905,32,298,9.31,15.6,0,corps,5.384881614693718,1.4810
9906,71,881,12.41,32.9,0,corps,5.384189346967724,1.5137
9907,37,356,9.62,17.8,0,corps,5.383497425289076,1.6935
9908,25,242,9.68,12.4,0,corps,5.38280584948479,1.6083
9909,55,565,10.27,25.8,0,corps,5.382114619381973,1.4124
9910,32,310,9.69,15.6,0,corps,5.381423734807819,1.6905
9911,56,457,8.16,26.2,0,corps,5.380733195589607,2.0457
9912,43,450,10.47,20.4,0,corps,5.380043001554699,1.8226
9913,35,326,9.31,16.9,0,corps,5.37935315253055,1.4609
9914,32,337,10.53,15.6,0,corps,5.378663648344697,1.3888
9915,70,892,12.74,32.4,0,corps,5.377974488824762,1.7358
9916,49,572,11.67,23.1,0,corps,5.377285673798456,1.4997
9917,72,968,13.44,33.3,0,corps,5.376597203093576,1.4095
9918,7,51,7.29,4.4,0,corps,5.3759090765380035,1.6726
9919,66,599,9.08,30.7,0,corps,5.375221293959707,1.7106
9920,16,153,9.56,8.4,0,corps,5.374533855186743,1.5133
9921,38,348,9.16,18.2,0,corps,5.3738467600472495,1.9501
9922,26,256,9.85,12.9,0,corps,5.373160008369452,1.7952
9923,39,384,9.85,18.7,0,corps,5.372473599981664,1.7552
9924,30,304,10.13,14.7,0,corps,5.3717875347122845,1.5696
9925,35,310,8.86,16.9,0,corps,5.371101812389794,1.8038
9926,48,583,12.15,22.7,0,corps,5.370416432842765,1.9367
9927,32,389,12.16,15.6,0,corps,5.369731395899851,1.7740
9928,36,389,10.81,17.3,0,corps,5.369046701389793,1.9059
9929,46,454,9.87,21.8,0,corps,5.368362349141417,1.7942
9930,29,265,9.14,14.2,0,corps,5.367678338983637,1.7048
9931,33,313,9.48,16.0,0,corps,5.366994670745448,1.7608
9932,33,377,11.42,16.0,0,corps,5.366311344255933,1.5621
9933,17,135,7.94,8.9,0,corps,5.365628359344262,1.9163
9934,60,727,12.12,28.0,0,corps,5.3649457158396885,1.3612
9935,20,186,9.30,10.2,0,corps,5.364263413571549,1.8756
9936,41,393,9.59,19.6,0,corps,5.363581452369272,1.6645
9937,52,604,11.62,24.4,0,corps,5.362899832062365,1.5803
9938,16,148,9.25,8.4,0,corps,5.362218552480422,2.1506
9939,20,186,9.30,10.2,0,corps,5.361537613453125,1.3287
9940,16,129,8.06,8.4,0,corps,5.360857014810239,1.5808
9941,25,249,9.96,12.4,0,corps,5.360176756381612,1.4622
9942,45,448,9.96,21.3,0,corps,5.359496837997183,1.6883
9943,43,446,10.37,20.4,0,corps,5.35881725948697,1.3099
9944,36,347,9.64,17.3,0,corps,5.358138020681078,1.4096
9945,25,218,8.72,12.4,0,corps,5.357459121409699,1.2432
9946,38,354,9.32,18.2,0,corps,5.356780561503108,1.5079
9947,49,535,10.92,23.1,0,corps,5.356102340791664,1.9432
9948,36,301,8.36,17.3,0,corps,5.355424459105811,1.4883
9949,60,530,8.83,28.0,0,corps,5.354746916276082,1.9485
9950,16,125,7.81,8.4,0,corps,5.3540697121330885,1.8929
9951,42,438,10.43,20.0,0,corps,5.3533928465075284,1.7299
9952,44,514,11.68,20.9,0,corps,5.352716319230188,1.5905
9953,32,315,9.84,15.6,0,corps,5.352040130131936,1.0814
9954,52,520,10.00,24.4,0,corps,5.351364279043722,1.4417
