n_game,score,steps,pas_pomme,fill_pct,victoire,cause,eps,loss
1,2,263,131.50,2.2,0,corps,199.90202449591717,0.3893
2,2,326,163.00,2.2,0,corps,199.8040979673415,0.3156
3,2,197,98.50,2.2,0,corps,199.70622038979133,0.4805
4,0,445,445.00,1.3,0,famine_truncated,199.60839173879728,0.0052
5,2,360,180.00,2.2,0,corps,199.51061198990217,0.2750
6,2,422,211.00,2.2,0,corps,199.41288111866112,0.2394
7,0,445,445.00,1.3,0,famine_truncated,199.3151991006413,0.0032
8,2,430,215.00,2.2,0,corps,199.21756591142233,0.2319
9,2,303,151.50,2.2,0,corps,199.11998152659584,0.3251
10,0,445,445.00,1.3,0,famine_truncated,199.02244592176575,0.0071
11,0,445,445.00,1.3,0,famine_truncated,198.92495907254815,0.0022
12,2,297,148.50,2.2,0,corps,198.82752095457133,0.3245
13,2,77,38.50,2.2,0,corps,198.73013154347575,1.2622
14,0,445,445.00,1.3,0,famine_truncated,198.63279081491407,0.0062
15,3,294,98.00,2.7,0,corps,198.53549874455112,0.4387
16,2,213,106.50,2.2,0,corps,198.4382553080639,0.4387
17,2,748,374.00,2.2,0,corps,198.34106048114148,0.1258
18,1,511,511.00,1.8,0,famine_truncated,198.2439142394852,0.0710
19,0,445,445.00,1.3,0,famine_truncated,198.14681655880847,0.0027
20,2,279,139.50,2.2,0,corps,198.04976741483696,0.3254
21,2,139,69.50,2.2,0,corps,197.95276678330828,0.6337
22,2,229,114.50,2.2,0,corps,197.85581463997227,0.3948
23,2,354,177.00,2.2,0,corps,197.75891096059095,0.2643
24,2,582,291.00,2.2,0,corps,197.66205572093838,0.1425
25,2,430,215.00,2.2,0,corps,197.56524889680077,0.2154
26,2,74,37.00,2.2,0,corps,197.46849046397637,1.1279
27,1,489,489.00,1.8,0,famine_truncated,197.3717803982756,0.0747
28,2,193,96.50,2.2,0,corps,197.27511867552093,0.4324
29,3,623,207.67,2.7,0,corps,197.17850527154695,0.1798
30,2,103,51.50,2.2,0,corps,197.08194016220028,0.8192
31,1,488,488.00,1.8,0,famine_truncated,196.98542332333966,0.0801
32,0,445,445.00,1.3,0,famine_truncated,196.8889547308359,0.0092
33,1,683,683.00,1.8,0,famine_truncated,196.79253436057178,0.0537
34,0,445,445.00,1.3,0,famine_truncated,196.6961621884423,0.0052
35,2,171,85.50,2.2,0,corps,196.59983819035435,0.4210
36,2,818,409.00,2.2,0,corps,196.50356234222696,0.1075
37,0,445,445.00,1.3,0,famine_truncated,196.4073346199911,0.0065
38,2,285,142.50,2.2,0,corps,196.31115499958997,0.2501
39,1,530,530.00,1.8,0,famine_truncated,196.21502345697857,0.0770
40,2,399,199.50,2.2,0,corps,196.11893996812404,0.2178
41,0,445,445.00,1.3,0,famine_truncated,196.0229045090055,0.0069
42,2,222,111.00,2.2,0,corps,195.92691705561407,0.3790
43,0,445,445.00,1.3,0,famine_truncated,195.83097758395294,0.0164
44,0,445,445.00,1.3,0,famine_truncated,195.73508607003717,0.0112
45,2,130,65.00,2.2,0,corps,195.63924248989392,0.6139
46,2,340,170.00,2.2,0,corps,195.5434468195623,0.2290
47,2,415,207.50,2.2,0,corps,195.4476990350934,0.1698
48,2,455,227.50,2.2,0,corps,195.3519991125502,0.1881
49,2,209,104.50,2.2,0,corps,195.25634702800784,0.3444
50,2,441,220.50,2.2,0,corps,195.1607427575532,0.1496
51,2,361,180.50,2.2,0,corps,195.06518627728525,0.2161
52,2,276,138.00,2.2,0,corps,194.96967756331486,0.2431
53,3,370,123.33,2.7,0,corps,194.87421659176488,0.2628
54,2,134,67.00,2.2,0,corps,194.77880333877,0.5054
55,0,445,445.00,1.3,0,famine_truncated,194.683437780477,0.0284
56,2,326,163.00,2.2,0,corps,194.5881198930444,0.2072
57,2,656,328.00,2.2,0,corps,194.49284965264278,0.1249
58,2,242,121.00,2.2,0,corps,194.39762703545455,0.2966
59,0,445,445.00,1.3,0,famine_truncated,194.30245201767406,0.0124
60,0,445,445.00,1.3,0,famine_truncated,194.2073245755076,0.0200
61,2,323,161.50,2.2,0,corps,194.11224468517327,0.2056
62,2,437,218.50,2.2,0,corps,194.0172123229011,0.1787
63,1,725,725.00,1.8,0,famine_truncated,193.92222746493297,0.0455
64,2,428,214.00,2.2,0,corps,193.82729008752273,0.1298
65,3,349,116.33,2.7,0,corps,193.73240016693597,0.2863
66,2,395,197.50,2.2,0,corps,193.63755767945028,0.1499
67,2,371,185.50,2.2,0,corps,193.54276260135498,0.1838
68,1,653,653.00,1.8,0,famine_truncated,193.44801490895128,0.0671
69,2,490,245.00,2.2,0,corps,193.35331457855233,0.1492
70,2,60,30.00,2.2,0,corps,193.25866158648302,1.0085
71,0,445,445.00,1.3,0,famine_truncated,193.1640559090801,0.0344
72,2,304,152.00,2.2,0,corps,193.0694975226921,0.1906
73,1,716,716.00,1.8,0,famine_truncated,192.9749864036795,0.0621
74,2,309,154.50,2.2,0,corps,192.88052252841447,0.1694
75,2,98,49.00,2.2,0,corps,192.78610587328106,0.4090
76,2,266,133.00,2.2,0,corps,192.6917364146751,0.2933
77,2,84,42.00,2.2,0,corps,192.59741412900425,0.6691
78,2,311,155.50,2.2,0,corps,192.50313899268787,0.2346
79,2,567,283.50,2.2,0,corps,192.40891098215724,0.1377
80,0,445,445.00,1.3,0,famine_truncated,192.31473007385534,0.0099
81,2,248,124.00,2.2,0,corps,192.22059624423696,0.2346
82,2,584,292.00,2.2,0,corps,192.1265094697686,0.1191
83,2,256,128.00,2.2,0,corps,192.03246972692855,0.2596
84,2,361,180.50,2.2,0,corps,191.93847699220697,0.1842
85,2,501,250.50,2.2,0,corps,191.8445312421056,0.1382
86,2,267,133.50,2.2,0,corps,191.75063245313802,0.2293
87,2,220,110.00,2.2,0,corps,191.65678060182952,0.2794
88,1,521,521.00,1.8,0,famine_truncated,191.56297566471713,0.0820
89,2,730,365.00,2.2,0,corps,191.46921761834966,0.1110
90,2,639,319.50,2.2,0,corps,191.3755064392876,0.1200
91,3,526,175.33,2.7,0,corps,191.28184210410308,0.1994
92,1,476,476.00,1.8,0,famine_truncated,191.18822458938007,0.0664
93,0,445,445.00,1.3,0,famine_truncated,191.09465387171417,0.0403
94,2,136,68.00,2.2,0,corps,191.00112992771275,0.4869
95,2,203,101.50,2.2,0,corps,190.90765273399478,0.3297
96,2,438,219.00,2.2,0,corps,190.81422226719093,0.1527
97,2,200,100.00,2.2,0,corps,190.72083850394364,0.2995
98,1,504,504.00,1.8,0,famine_truncated,190.62750142090695,0.0864
99,2,86,43.00,2.2,0,corps,190.5342109947466,0.7798
100,2,23,11.50,2.2,0,corps,190.44096720213994,2.2651
101,2,589,294.50,2.2,0,corps,190.34777001977608,0.1377
102,2,493,246.50,2.2,0,corps,190.2546194243557,0.1497
103,0,445,445.00,1.3,0,famine_truncated,190.16151539259113,0.0310
104,2,372,186.00,2.2,0,corps,190.06845790120636,0.2090
105,1,613,613.00,1.8,0,famine_truncated,189.97544692693705,0.0815
106,2,402,201.00,2.2,0,corps,189.88248244653045,0.2028
107,1,619,619.00,1.8,0,famine_truncated,189.78956443674542,0.0767
108,1,455,455.00,1.8,0,famine_truncated,189.69669287435246,0.0869
109,0,445,445.00,1.3,0,famine_truncated,189.6038677361337,0.0694
110,2,737,368.50,2.2,0,corps,189.51108899888283,0.1175
111,1,493,493.00,1.8,0,famine_truncated,189.4183566394052,0.0972
112,0,445,445.00,1.3,0,famine_truncated,189.32567063451765,0.0407
113,2,154,77.00,2.2,0,corps,189.23303096104874,0.4906
114,1,475,475.00,1.8,0,famine_truncated,189.1404375958386,0.1051
115,2,232,116.00,2.2,0,corps,189.04789051573874,0.3014
116,2,158,79.00,2.2,0,corps,188.95538969761253,0.4516
117,2,280,140.00,2.2,0,corps,188.86293511833466,0.3107
118,2,194,97.00,2.2,0,corps,188.77052675479155,0.3445
119,2,204,102.00,2.2,0,corps,188.6781645838811,0.2920
120,2,152,76.00,2.2,0,corps,188.58584858251274,0.4176
121,3,376,125.33,2.7,0,corps,188.4935787276075,0.2536
122,2,466,233.00,2.2,0,corps,188.4013549960979,0.1087
123,1,477,477.00,1.8,0,famine_truncated,188.30917736492802,0.1132
124,2,522,261.00,2.2,0,corps,188.21704581105342,0.1407
125,2,61,30.50,2.2,0,corps,188.12496031144127,0.9440
126,0,445,445.00,1.3,0,famine_truncated,188.03292084307012,0.0155
127,2,424,212.00,2.2,0,corps,187.94092738293017,0.1575
128,2,388,194.00,2.2,0,corps,187.84897990802298,0.1965
129,2,597,298.50,2.2,0,corps,187.75707839536176,0.1369
130,2,219,109.50,2.2,0,corps,187.66522282197107,0.2596
131,2,275,137.50,2.2,0,corps,187.57341316488706,0.2112
132,2,433,216.50,2.2,0,corps,187.4816494011573,0.1343
133,2,90,45.00,2.2,0,corps,187.38993150784083,0.6564
134,0,445,445.00,1.3,0,famine_truncated,187.29825946200822,0.0260
135,2,441,220.50,2.2,0,corps,187.20663324074138,0.1462
136,3,121,40.33,2.7,0,corps,187.11505282113384,0.7188
137,2,217,108.50,2.2,0,corps,187.0235181802905,0.2622
138,2,257,128.50,2.2,0,corps,186.9320292953276,0.2740
139,2,142,71.00,2.2,0,corps,186.84058614337297,0.4080
140,2,373,186.50,2.2,0,corps,186.74918870156588,0.1766
141,0,445,445.00,1.3,0,famine_truncated,186.65783694705686,0.0343
142,2,442,221.00,2.2,0,corps,186.56653085700805,0.1509
143,2,316,158.00,2.2,0,corps,186.4752704085929,0.2142
144,2,346,173.00,2.2,0,corps,186.38405557899634,0.2261
145,1,509,509.00,1.8,0,famine_truncated,186.2928863454146,0.0977
146,2,580,290.00,2.2,0,corps,186.20176268505537,0.1154
147,2,223,111.50,2.2,0,corps,186.11068457513778,0.2320
148,2,411,205.50,2.2,0,corps,186.0196519928923,0.1538
149,2,335,167.50,2.2,0,corps,185.92866491556074,0.1992
150,2,134,67.00,2.2,0,corps,185.83772332039638,0.4629
151,2,691,345.50,2.2,0,corps,185.74682718466377,0.1000
152,1,674,674.00,1.8,0,famine_truncated,185.65597648563892,0.0732
153,1,556,556.00,1.8,0,famine_truncated,185.56517120060914,0.0793
154,3,606,202.00,2.7,0,corps,185.47441130687307,0.1756
155,0,445,445.00,1.3,0,famine_truncated,185.38369678174084,0.0334
156,2,282,141.00,2.2,0,corps,185.2930276025337,0.1927
157,2,90,45.00,2.2,0,corps,185.20240374658442,0.5728
158,2,587,293.50,2.2,0,corps,185.11182519123702,0.1262
159,2,434,217.00,2.2,0,corps,185.02129191384685,0.1402
160,2,288,144.00,2.2,0,corps,184.9308038917806,0.1731
161,2,37,18.50,2.2,0,corps,184.8403611024163,1.3313
162,3,157,52.33,2.7,0,corps,184.74996352314318,0.5375
163,2,225,112.50,2.2,0,corps,184.65961113136188,0.2813
164,2,101,50.50,2.2,0,corps,184.56930390448434,0.4047
165,2,217,108.50,2.2,0,corps,184.47904181993368,0.2708
166,2,633,316.50,2.2,0,corps,184.38882485514443,0.1277
167,2,441,220.50,2.2,0,corps,184.29865298756235,0.1584
168,0,445,445.00,1.3,0,famine_truncated,184.20852619464443,0.0314
169,2,230,115.00,2.2,0,corps,184.118444453859,0.2072
170,2,207,103.50,2.2,0,corps,184.02840774268566,0.3333
171,0,445,445.00,1.3,0,famine_truncated,183.93841603861514,0.0367
172,2,321,160.50,2.2,0,corps,183.8484693191496,0.1651
173,0,445,445.00,1.3,0,famine_truncated,183.75856756180232,0.0459
174,2,343,171.50,2.2,0,corps,183.66871074409787,0.2068
175,0,445,445.00,1.3,0,famine_truncated,183.578898843572,0.0328
176,2,377,188.50,2.2,0,corps,183.48913183777182,0.1703
177,2,254,127.00,2.2,0,corps,183.39940970425553,0.2383
178,2,357,178.50,2.2,0,corps,183.30973242059258,0.2846
179,3,54,18.00,2.7,0,corps,183.2200999643637,1.3204
180,2,120,60.00,2.2,0,corps,183.13051231316072,0.3810
181,2,182,91.00,2.2,0,corps,183.04096944458678,0.3120
182,2,254,127.00,2.2,0,corps,182.95147133625608,0.2765
183,0,445,445.00,1.3,0,famine_truncated,182.8620179657942,0.0930
184,4,838,209.50,3.1,0,corps,182.7726093108377,0.1786
185,2,162,81.00,2.2,0,corps,182.6832453490345,0.4198
186,2,185,92.50,2.2,0,corps,182.59392605804354,0.4010
187,2,174,87.00,2.2,0,corps,182.50465141553505,0.3460
188,0,445,445.00,1.3,0,famine_truncated,182.41542139919034,0.0432
189,0,445,445.00,1.3,0,famine_truncated,182.32623598670187,0.1401
190,2,207,103.50,2.2,0,corps,182.23709515577335,0.3115
191,3,89,29.67,2.7,0,corps,182.14799888411957,0.9444
192,2,469,234.50,2.2,0,corps,182.05894714946643,0.1965
193,2,476,238.00,2.2,0,corps,181.96993992955097,0.1449
194,3,462,154.00,2.7,0,corps,181.88097720212144,0.1893
195,2,369,184.50,2.2,0,corps,181.79205894493714,0.2056
196,2,330,165.00,2.2,0,corps,181.7031851357685,0.2115
197,2,322,161.00,2.2,0,corps,181.61435575239707,0.2797
198,2,87,43.50,2.2,0,corps,181.5255707726155,0.5354
199,2,393,196.50,2.2,0,corps,181.43683017422757,0.1869
200,2,380,190.00,2.2,0,corps,181.34813393504808,0.1932
201,2,231,115.50,2.2,0,corps,181.259482032903,0.2857
202,2,221,110.50,2.2,0,corps,181.17087444562935,0.3287
203,2,19,9.50,2.2,0,corps,181.08231115107526,1.8893
204,2,474,237.00,2.2,0,corps,180.99379212709985,0.1602
205,2,411,205.50,2.2,0,corps,180.90531735157342,0.2227
206,2,531,265.50,2.2,0,corps,180.81688680237724,0.1491
207,2,614,307.00,2.2,0,corps,180.72850045740367,0.1811
208,3,190,63.33,2.7,0,corps,180.64015829455616,0.3818
209,2,220,110.00,2.2,0,corps,180.5518602917491,0.3288
210,2,237,118.50,2.2,0,corps,180.46360642690806,0.3032
211,2,217,108.50,2.2,0,corps,180.37539667796955,0.3366
212,3,404,134.67,2.7,0,corps,180.28723102288112,0.3440
213,2,411,205.50,2.2,0,corps,180.19910943960136,0.2375
214,2,126,63.00,2.2,0,corps,180.11103190609987,0.6178
215,2,260,130.00,2.2,0,corps,180.02299840035732,0.2442
216,2,203,101.50,2.2,0,corps,179.93500890036523,0.3041
217,2,51,25.50,2.2,0,corps,179.8470633841263,0.5326
218,0,445,445.00,1.3,0,famine_truncated,179.75916182965415,0.1005
219,0,445,445.00,1.3,0,famine_truncated,179.67130421497336,0.1095
220,2,160,80.00,2.2,0,corps,179.58349051811953,0.3216
221,2,63,31.50,2.2,0,corps,179.49572071713925,1.0098
222,2,256,128.00,2.2,0,corps,179.40799479009007,0.2171
223,2,158,79.00,2.2,0,corps,179.3203127150405,0.3795
224,2,95,47.50,2.2,0,corps,179.23267447007,0.4884
225,3,416,138.67,2.7,0,corps,179.14508003326907,0.2534
226,2,394,197.00,2.2,0,corps,179.05752938273903,0.2212
227,2,272,136.00,2.2,0,corps,178.97002249659226,0.2206
228,2,66,33.00,2.2,0,corps,178.88255935295203,0.5741
229,2,459,229.50,2.2,0,corps,178.79513992995254,0.1735
230,0,445,445.00,1.3,0,famine_truncated,178.70776420573895,0.0591
231,2,539,269.50,2.2,0,corps,178.6204321584673,0.1783
232,2,360,180.00,2.2,0,corps,178.53314376630465,0.2076
233,0,445,445.00,1.3,0,famine_truncated,178.4458990074288,0.0693
234,2,292,146.00,2.2,0,corps,178.35869786002863,0.2016
235,2,257,128.50,2.2,0,corps,178.2715403023038,0.2571
236,2,270,135.00,2.2,0,corps,178.184426312465,0.2183
237,1,709,709.00,1.8,0,famine_truncated,178.09735586873367,0.1164
238,2,586,293.00,2.2,0,corps,178.0103289493422,0.1703
239,2,202,101.00,2.2,0,corps,177.92334553253392,0.1951
240,2,589,294.50,2.2,0,corps,177.83640559656286,0.1493
241,2,315,157.50,2.2,0,corps,177.74950911969415,0.3009
242,2,156,78.00,2.2,0,corps,177.66265608020362,0.5219
243,2,586,293.00,2.2,0,corps,177.575846456378,0.2051
244,1,487,487.00,1.8,0,famine_truncated,177.48908022651491,0.2245
245,3,165,55.00,2.7,0,corps,177.4023573689228,0.5249
246,2,117,58.50,2.2,0,corps,177.3156778619209,0.5404
247,2,239,119.50,2.2,0,corps,177.22904168383937,0.2814
248,2,242,121.00,2.2,0,corps,177.14244881301917,0.3982
249,2,229,114.50,2.2,0,corps,177.0558992278121,0.4683
250,2,689,344.50,2.2,0,corps,176.9693929065807,0.2390
251,2,158,79.00,2.2,0,corps,176.88292982769846,0.4152
252,2,474,237.00,2.2,0,corps,176.79650996954953,0.2711
253,2,246,123.00,2.2,0,corps,176.71013331052902,0.2986
254,2,299,149.50,2.2,0,corps,176.62379982904278,0.2612
255,2,235,117.50,2.2,0,corps,176.53750950350735,0.3114
256,2,91,45.50,2.2,0,corps,176.45126231235017,0.6668
257,2,154,77.00,2.2,0,corps,176.36505823400952,0.2944
258,2,347,173.50,2.2,0,corps,176.27889724693432,0.1877
259,2,168,84.00,2.2,0,corps,176.1927793295843,0.3313
260,2,235,117.50,2.2,0,corps,176.10670446043002,0.3732
261,2,416,208.00,2.2,0,corps,176.02067261795273,0.2841
262,2,195,97.50,2.2,0,corps,175.93468378064455,0.3282
263,2,245,122.50,2.2,0,corps,175.84873792700816,0.3571
264,2,288,144.00,2.2,0,corps,175.76283503555717,0.2785
265,0,445,445.00,1.3,0,famine_truncated,175.6769750848158,0.1196
266,2,120,60.00,2.2,0,corps,175.59115805331913,0.5691
267,2,458,229.00,2.2,0,corps,175.50538391961285,0.1676
268,2,276,138.00,2.2,0,corps,175.41965266225347,0.2904
269,2,426,213.00,2.2,0,corps,175.33396425980814,0.3902
270,2,472,236.00,2.2,0,corps,175.24831869085475,0.3087
271,2,215,107.50,2.2,0,corps,175.16271593398193,0.4312
272,2,125,62.50,2.2,0,corps,175.077155967789,0.5620
273,2,193,96.50,2.2,0,corps,174.9916387708859,0.4519
274,2,198,99.00,2.2,0,corps,174.90616432189344,0.3722
275,2,195,97.50,2.2,0,corps,174.82073259944292,0.3883
276,2,143,71.50,2.2,0,corps,174.73534358217648,0.7011
277,2,337,168.50,2.2,0,corps,174.64999724874679,0.2006
278,2,305,152.50,2.2,0,corps,174.5646935778173,0.2978
279,2,211,105.50,2.2,0,corps,174.4794325480621,0.3476
280,2,91,45.50,2.2,0,corps,174.39421413816595,0.6838
281,2,362,181.00,2.2,0,corps,174.3090383268242,0.2758
282,4,852,213.00,3.1,0,corps,174.2239050927429,0.1948
283,0,445,445.00,1.3,0,famine_truncated,174.13881441463877,0.1964
284,2,348,174.00,2.2,0,corps,174.05376627123917,0.4131
285,2,467,233.50,2.2,0,corps,173.96876064128196,0.2015
286,3,540,180.00,2.7,0,corps,173.88379750351584,0.2143
287,4,136,34.00,3.1,0,corps,173.79887683669995,0.6734
288,3,243,81.00,2.7,0,corps,173.71399861960418,0.4208
289,2,366,183.00,2.2,0,corps,173.62916283100895,0.3752
290,3,264,88.00,2.7,0,corps,173.5443694497053,0.3783
291,3,140,46.67,2.7,0,corps,173.4596184544949,0.5157
292,2,397,198.50,2.2,0,corps,173.37490982418998,0.1846
293,2,400,200.00,2.2,0,corps,173.2902435376134,0.2117
294,2,48,24.00,2.2,0,corps,173.20561957359863,1.0047
295,2,289,144.50,2.2,0,corps,173.12103791098957,0.5331
296,0,445,445.00,1.3,0,famine_truncated,173.03649852864092,0.1152
297,1,555,555.00,1.8,0,famine_truncated,172.95200140541775,0.1606
298,3,243,81.00,2.7,0,corps,172.86754652019582,0.4264
299,2,116,58.00,2.2,0,corps,172.78313385186138,0.4483
300,2,183,91.50,2.2,0,corps,172.69876337931134,0.3281
301,2,72,36.00,2.2,0,corps,172.61443508145297,0.6248
302,3,634,211.33,2.7,0,corps,172.53014893720427,0.3224
303,3,546,182.00,2.7,0,corps,172.44590492549366,0.2543
304,2,205,102.50,2.2,0,corps,172.3617030252602,0.3053
305,3,553,184.33,2.7,0,corps,172.27754321545333,0.2243
306,2,152,76.00,2.2,0,corps,172.19342547503317,0.5315
307,2,170,85.00,2.2,0,corps,172.10934978297027,0.4394
308,2,177,88.50,2.2,0,corps,172.02531611824568,0.3547
309,3,143,47.67,2.7,0,corps,171.941324459851,0.6174
310,2,384,192.00,2.2,0,corps,171.85737478678823,0.2449
311,0,445,445.00,1.3,0,famine_truncated,171.7734670780701,0.1523
312,2,185,92.50,2.2,0,corps,171.68960131271962,0.5069
313,2,140,70.00,2.2,0,corps,171.60577746977032,0.4478
314,2,106,53.00,2.2,0,corps,171.52199552826627,0.5450
315,3,492,164.00,2.7,0,corps,171.438255467262,0.2594
316,2,546,273.00,2.2,0,corps,171.35455726582242,0.1797
317,1,481,481.00,1.8,0,famine_truncated,171.27090090302306,0.1740
318,2,185,92.50,2.2,0,corps,171.18728635794977,0.3887
319,2,86,43.00,2.2,0,corps,171.10371360969899,1.0024
320,1,679,679.00,1.8,0,famine_truncated,171.02018263737742,0.2566
321,2,65,32.50,2.2,0,corps,170.93669342010242,0.7816
322,2,266,133.00,2.2,0,corps,170.85324593700162,0.4130
323,2,103,51.50,2.2,0,corps,170.7698401672132,0.5424
324,2,88,44.00,2.2,0,corps,170.68647608988567,0.6359
325,3,245,81.67,2.7,0,corps,170.60315368417804,0.4669
326,3,319,106.33,2.7,0,corps,170.5198729292597,0.2781
327,2,671,335.50,2.2,0,corps,170.43663380431045,0.2422
328,0,445,445.00,1.3,0,famine_truncated,170.35343628852053,0.1311
329,1,705,705.00,1.8,0,famine_truncated,170.27028036109053,0.2115
330,1,548,548.00,1.8,0,famine_truncated,170.1871660012315,0.2094
331,2,318,159.00,2.2,0,corps,170.10409318816485,0.2826
332,2,111,55.50,2.2,0,corps,170.02106190112232,0.4690
333,2,158,79.00,2.2,0,corps,169.93807211934617,0.4277
334,1,590,590.00,1.8,0,famine_truncated,169.8551238220889,0.2024
335,2,253,126.50,2.2,0,corps,169.77221698861345,0.3610
336,2,71,35.50,2.2,0,corps,169.68935159819313,0.5730
337,2,490,245.00,2.2,0,corps,169.60652763011154,0.2680
338,2,42,21.00,2.2,0,corps,169.52374506366272,0.9151
339,1,514,514.00,1.8,0,famine_truncated,169.44100387815107,0.1826
340,2,327,163.50,2.2,0,corps,169.3583040528912,0.3777
341,1,514,514.00,1.8,0,famine_truncated,169.27564556720822,0.2865
342,2,574,287.00,2.2,0,corps,169.1930284004375,0.2674
343,2,206,103.00,2.2,0,corps,169.11045253192475,0.3364
344,2,344,172.00,2.2,0,corps,169.02791794102598,0.2614
345,3,221,73.67,2.7,0,corps,168.94542460710758,0.3330
346,2,50,25.00,2.2,0,corps,168.86297250954615,1.0847
347,3,145,48.33,2.7,0,corps,168.78056162772873,0.5543
348,2,157,78.50,2.2,0,corps,168.69819194105256,0.2772
349,2,227,113.50,2.2,0,corps,168.61586342892525,0.3964
350,2,491,245.50,2.2,0,corps,168.53357607076464,0.2940
351,2,329,164.50,2.2,0,corps,168.4513298459989,0.2104
352,2,230,115.00,2.2,0,corps,168.3691247340665,0.3112
353,2,133,66.50,2.2,0,corps,168.28696071441613,0.4323
354,2,546,273.00,2.2,0,corps,168.20483776650678,0.2401
355,2,206,103.00,2.2,0,corps,168.12275586980775,0.3310
356,0,445,445.00,1.3,0,famine_truncated,168.04071500379857,0.1512
357,2,288,144.00,2.2,0,corps,167.95871514796895,0.2955
358,2,191,95.50,2.2,0,corps,167.87675628181896,0.3750
359,2,235,117.50,2.2,0,corps,167.7948383848589,0.2940
360,3,250,83.33,2.7,0,corps,167.71296143660933,0.2870
361,3,140,46.67,2.7,0,corps,167.63112541660092,0.5604
362,2,274,137.00,2.2,0,corps,167.54933030437476,0.3199
363,2,23,11.50,2.2,0,corps,167.467576079482,1.4471
364,2,357,178.50,2.2,0,corps,167.38586272148413,0.2733
365,2,303,151.50,2.2,0,corps,167.30419020995276,0.2342
366,2,129,64.50,2.2,0,corps,167.22255852446983,0.3260
367,2,76,38.00,2.2,0,corps,167.14096764462735,0.4673
368,3,286,95.33,2.7,0,corps,167.05941755002766,0.2745
369,3,168,56.00,2.7,0,corps,166.9779082202832,0.5488
370,2,143,71.50,2.2,0,corps,166.89643963501663,0.2338
371,2,54,27.00,2.2,0,corps,166.81501177386082,0.6262
372,3,142,47.33,2.7,0,corps,166.7336246164588,0.3189
373,3,170,56.67,2.7,0,corps,166.65227814246379,0.3827
374,3,175,58.33,2.7,0,corps,166.57097233153917,0.3716
375,2,133,66.50,2.2,0,corps,166.48970716335847,0.3531
376,2,210,105.00,2.2,0,corps,166.4084826176054,0.3004
377,2,247,123.50,2.2,0,corps,166.32729867397384,0.3055
378,3,197,65.67,2.7,0,corps,166.2461553121678,0.4104
379,3,141,47.00,2.7,0,corps,166.16505251190142,0.5435
380,2,147,73.50,2.2,0,corps,166.083990252899,0.3144
381,2,460,230.00,2.2,0,corps,166.00296851489503,0.3286
382,3,133,44.33,2.7,0,corps,165.92198727763397,0.6731
383,2,78,39.00,2.2,0,corps,165.8410465208706,0.6571
384,2,103,51.50,2.2,0,corps,165.76014622436975,0.6203
385,2,172,86.00,2.2,0,corps,165.67928636790626,0.5092
386,2,332,166.00,2.2,0,corps,165.59846693126522,0.3723
387,2,163,81.50,2.2,0,corps,165.51768789424173,0.8171
388,3,317,105.67,2.7,0,corps,165.43694923664108,0.5200
389,2,338,169.00,2.2,0,corps,165.35625093827852,0.4447
390,3,128,42.67,2.7,0,corps,165.2755929789796,0.7101
391,2,105,52.50,2.2,0,corps,165.19497533857975,0.4874
392,3,77,25.67,2.7,0,corps,165.11439799692457,0.9952
393,2,48,24.00,2.2,0,corps,165.03386093386973,0.7281
394,2,36,18.00,2.2,0,corps,164.95336412928097,0.7373
395,2,432,216.00,2.2,0,corps,164.87290756303406,0.4109
396,2,134,67.00,2.2,0,corps,164.79249121501488,0.4594
397,2,149,74.50,2.2,0,corps,164.71211506511935,0.4957
398,2,147,73.50,2.2,0,corps,164.6317790932534,0.5338
399,2,161,80.50,2.2,0,corps,164.5514832793331,0.4521
400,2,157,78.50,2.2,0,corps,164.47122760328443,0.5021
401,2,565,282.50,2.2,0,corps,164.39101204504354,0.4539
402,2,429,214.50,2.2,0,corps,164.31083658455645,0.2991
403,4,283,70.75,3.1,0,corps,164.23070120177937,0.3917
404,5,86,17.20,3.6,0,corps,164.15060587667838,3.3779
405,2,218,109.00,2.2,0,corps,164.07055058922973,0.5453
406,2,527,263.50,2.2,0,corps,163.99053531941954,0.4155
407,2,254,127.00,2.2,0,corps,163.91056004724405,0.5284
408,3,412,137.33,2.7,0,corps,163.83062475270938,0.4262
409,2,256,128.00,2.2,0,corps,163.7507294158317,0.3458
410,2,49,24.50,2.2,0,corps,163.67087401663724,1.3730
411,2,165,82.50,2.2,0,corps,163.59105853516215,0.4898
412,2,323,161.50,2.2,0,corps,163.51128295145244,0.3277
413,2,226,113.00,2.2,0,corps,163.43154724556436,0.5234
414,2,312,156.00,2.2,0,corps,163.3518513975639,0.4492
415,2,87,43.50,2.2,0,corps,163.27219538752715,0.7997
416,2,336,168.00,2.2,0,corps,163.19257919554008,0.5079
417,3,251,83.67,2.7,0,corps,163.11300280169857,0.3815
418,2,191,95.50,2.2,0,corps,163.03346618610863,0.5332
419,2,129,64.50,2.2,0,corps,162.95396932888607,0.5965
420,2,101,50.50,2.2,0,corps,162.87451221015667,0.7539
421,2,95,47.50,2.2,0,corps,162.79509481005613,1.0683
422,2,75,37.50,2.2,0,corps,162.71571710873016,1.1118
423,3,87,29.00,2.7,0,corps,162.63637908633427,1.0609
424,2,101,50.50,2.2,0,corps,162.55708072303398,0.9517
425,2,30,15.00,2.2,0,corps,162.47782199900468,1.4384
426,2,505,252.50,2.2,0,corps,162.39860289443172,0.4777
427,3,297,99.00,2.7,0,corps,162.31942338951032,0.5395
428,2,240,120.00,2.2,0,corps,162.24028346444555,0.7454
429,2,63,31.50,2.2,0,corps,162.1611830994525,0.9631
430,2,71,35.50,2.2,0,corps,162.08212227475607,0.9199
431,2,313,156.50,2.2,0,corps,162.00310097059102,0.7089
432,1,471,471.00,1.8,0,famine_truncated,161.924119167202,0.4077
433,2,104,52.00,2.2,0,corps,161.84517684484365,0.5257
434,2,94,47.00,2.2,0,corps,161.7662739837803,0.7530
435,3,221,73.67,2.7,0,corps,161.68741056428627,0.6329
436,1,675,675.00,1.8,0,famine_truncated,161.6085865666457,0.4089
437,2,130,65.00,2.2,0,corps,161.52980197115258,0.8249
438,2,214,107.00,2.2,0,corps,161.4510567581108,0.5200
439,2,342,171.00,2.2,0,corps,161.372350907834,0.6172
440,2,210,105.00,2.2,0,corps,161.2936844006458,0.6877
441,2,44,22.00,2.2,0,corps,161.21505721687944,1.0820
442,2,159,79.50,2.2,0,corps,161.13646933687826,0.5655
443,2,213,106.50,2.2,0,corps,161.05792074099523,0.5413
444,2,171,85.50,2.2,0,corps,160.9794114095932,0.6234
445,2,123,61.50,2.2,0,corps,160.90094132304483,0.7459
446,2,379,189.50,2.2,0,corps,160.8225104617326,0.2800
447,2,145,72.50,2.2,0,corps,160.74411880604882,0.9003
448,3,238,79.33,2.7,0,corps,160.66576633639556,0.5479
449,2,485,242.50,2.2,0,corps,160.5874530331847,0.3545
450,3,240,80.00,2.7,0,corps,160.50917887683792,0.7207
451,2,191,95.50,2.2,0,corps,160.43094384778664,0.4251
452,2,173,86.50,2.2,0,corps,160.35274792647215,0.3587
453,2,425,212.50,2.2,0,corps,160.27459109334546,0.3047
454,2,271,135.50,2.2,0,corps,160.19647332886737,0.4041
455,2,55,27.50,2.2,0,corps,160.1183946135084,0.7421
456,2,240,120.00,2.2,0,corps,160.04035492774892,0.3833
457,2,499,249.50,2.2,0,corps,159.962354252079,0.3635
458,2,148,74.00,2.2,0,corps,159.8843925669984,0.4988
459,2,407,203.50,2.2,0,corps,159.8064698530168,0.4228
460,3,81,27.00,2.7,0,corps,159.7285860906535,0.6972
461,2,224,112.00,2.2,0,corps,159.65074126043746,0.3667
462,2,132,66.00,2.2,0,corps,159.57293534290758,0.6271
463,2,198,99.00,2.2,0,corps,159.49516831861234,0.3752
464,2,84,42.00,2.2,0,corps,159.41744016811,0.6939
465,2,468,234.00,2.2,0,corps,159.33975087196853,0.5341
466,3,149,49.67,2.7,0,corps,159.26210041076556,0.6237
467,2,137,68.50,2.2,0,corps,159.18448876508847,0.5038
468,3,436,145.33,2.7,0,corps,159.10691591553444,0.4210
469,2,167,83.50,2.2,0,corps,159.0293818427102,0.4560
470,2,111,55.50,2.2,0,corps,158.95188652723218,0.4891
471,2,43,21.50,2.2,0,corps,158.87442994972662,0.9727
472,3,181,60.33,2.7,0,corps,158.79701209082933,0.6769
473,2,252,126.00,2.2,0,corps,158.7196329311859,0.7156
474,2,110,55.00,2.2,0,corps,158.6422924514515,0.4200
475,2,226,113.00,2.2,0,corps,158.56499063229103,0.5902
476,2,122,61.00,2.2,0,corps,158.487727454379,1.0504
477,3,169,56.33,2.7,0,corps,158.41050289839967,0.4660
478,2,301,150.50,2.2,0,corps,158.33331694504685,0.4310
479,2,357,178.50,2.2,0,corps,158.25616957502407,0.3888
480,2,95,47.50,2.2,0,corps,158.1790607690445,0.5900
481,2,150,75.00,2.2,0,corps,158.10199050783086,0.3304
482,3,245,81.67,2.7,0,corps,158.02495877211572,0.5518
483,2,56,28.00,2.2,0,corps,157.94796554264104,0.9934
484,2,46,23.00,2.2,0,corps,157.8710108001586,0.7623
485,2,64,32.00,2.2,0,corps,157.7940945254296,0.8329
486,2,211,105.50,2.2,0,corps,157.71721669922508,0.4490
487,2,352,176.00,2.2,0,corps,157.6403773023255,0.3353
488,2,344,172.00,2.2,0,corps,157.56357631552106,0.4576
489,2,204,102.00,2.2,0,corps,157.4868137196115,0.5982
490,2,377,188.50,2.2,0,corps,157.41008949540617,0.3398
491,2,205,102.50,2.2,0,corps,157.33340362372402,0.4276
492,3,58,19.33,2.7,0,corps,157.25675608539353,1.2721
493,2,160,80.00,2.2,0,corps,157.1801468612529,0.7848
494,2,200,100.00,2.2,0,corps,157.1035759321498,0.6765
495,3,457,152.33,2.7,0,corps,157.02704327894145,0.4177
496,2,145,72.50,2.2,0,corps,156.9505488824947,0.3451
497,2,164,82.00,2.2,0,corps,156.874092723686,0.5937
498,2,124,62.00,2.2,0,corps,156.79767478340128,0.5629
499,2,273,136.50,2.2,0,corps,156.721295042536,0.3352
500,4,135,33.75,3.1,0,corps,156.64495348199537,0.7617
501,2,140,70.00,2.2,0,corps,156.56865008269384,0.5962
502,2,144,72.00,2.2,0,corps,156.49238482555563,0.9756
503,2,45,22.50,2.2,0,corps,156.41615769151446,1.1614
504,2,73,36.50,2.2,0,corps,156.33996866151344,0.8539
505,3,130,43.33,2.7,0,corps,156.26381771650543,0.7712
506,2,162,81.00,2.2,0,corps,156.1877048374526,0.8933
507,2,143,71.50,2.2,0,corps,156.1116300053268,0.4465
508,2,60,30.00,2.2,0,corps,156.03559320110932,0.7853
509,2,114,57.00,2.2,0,corps,155.95959440579088,0.6195
510,2,237,118.50,2.2,0,corps,155.88363360037187,0.4918
511,2,232,116.00,2.2,0,corps,155.80771076586203,0.3671
512,2,185,92.50,2.2,0,corps,155.7318258832807,0.6128
513,2,198,99.00,2.2,0,corps,155.6559789336566,0.5282
514,2,363,181.50,2.2,0,corps,155.580169898028,0.2762
515,2,58,29.00,2.2,0,corps,155.50439875744271,0.7769
516,3,267,89.00,2.7,0,corps,155.42866549295792,0.4969
517,2,416,208.00,2.2,0,corps,155.3529700856402,0.4173
518,3,185,61.67,2.7,0,corps,155.27731251656587,0.7461
519,3,193,64.33,2.7,0,corps,155.20169276682046,0.5709
520,2,106,53.00,2.2,0,corps,155.12611081749898,0.7944
521,3,260,86.67,2.7,0,corps,155.050566649706,0.7157
522,2,313,156.50,2.2,0,corps,154.97506024455552,0.3963
523,2,32,16.00,2.2,0,corps,154.89959158317083,1.8948
524,2,131,65.50,2.2,0,corps,154.82416064668487,0.4812
525,0,445,445.00,1.3,0,famine_truncated,154.74876741623982,0.4463
526,2,268,134.00,2.2,0,corps,154.67341187298743,0.4029
527,2,195,97.50,2.2,0,corps,154.59809399808876,0.4587
528,2,60,30.00,2.2,0,corps,154.5228137727144,1.0677
529,2,146,73.00,2.2,0,corps,154.44757117804429,0.5370
530,2,378,189.00,2.2,0,corps,154.37236619526772,0.3946
531,2,114,57.00,2.2,0,corps,154.2971988055835,0.4563
532,2,177,88.50,2.2,0,corps,154.22206899019977,0.3897
533,2,183,91.50,2.2,0,corps,154.14697673033405,0.5522
534,2,215,107.50,2.2,0,corps,154.0719220072133,0.5303
535,2,76,38.00,2.2,0,corps,153.99690480207383,0.6728
536,2,79,39.50,2.2,0,corps,153.92192509616135,0.5199
537,3,213,71.00,2.7,0,corps,153.8469828707309,0.5308
538,2,75,37.50,2.2,0,corps,153.772078107047,0.5018
539,2,350,175.00,2.2,0,corps,153.69721078638338,0.3543
540,3,210,70.00,2.7,0,corps,153.62238089002324,0.7879
541,2,204,102.00,2.2,0,corps,153.54758839925907,0.9488
542,2,393,196.50,2.2,0,corps,153.4728332953928,0.6020
543,3,191,63.67,2.7,0,corps,153.39811555973566,0.6020
544,3,35,11.67,2.7,0,corps,153.32343517360815,1.7192
545,2,54,27.00,2.2,0,corps,153.24879211834022,0.9499
546,2,160,80.00,2.2,0,corps,153.17418637527112,0.7983
547,2,75,37.50,2.2,0,corps,153.09961792574938,1.2253
548,2,89,44.50,2.2,0,corps,153.02508675113287,0.9285
549,3,80,26.67,2.7,0,corps,152.95059283278886,1.2034
550,2,153,76.50,2.2,0,corps,152.8761361520938,0.6754
551,2,147,73.50,2.2,0,corps,152.80171669043358,0.6644
552,2,130,65.00,2.2,0,corps,152.7273344292033,0.7853
553,2,138,69.00,2.2,0,corps,152.65298934980743,0.9798
554,2,165,82.50,2.2,0,corps,152.57868143365963,0.6384
555,2,92,46.00,2.2,0,corps,152.50441066218298,0.9098
556,2,139,69.50,2.2,0,corps,152.43017701680975,0.8300
557,2,170,85.00,2.2,0,corps,152.35598047898156,0.7649
558,2,669,334.50,2.2,0,corps,152.2818210301493,0.4088
559,2,387,193.50,2.2,0,corps,152.20769865177303,0.7787
560,2,149,74.50,2.2,0,corps,152.1336133253222,0.9174
561,2,184,92.00,2.2,0,corps,152.05956503227546,0.8015
562,3,151,50.33,2.7,0,corps,151.98555375412076,0.8584
563,2,242,121.00,2.2,0,corps,151.9115794723553,0.7678
564,2,166,83.00,2.2,0,corps,151.83764216848544,0.6418
565,2,45,22.50,2.2,0,corps,151.7637418240269,1.3257
566,3,111,37.00,2.7,0,corps,151.68987842050458,0.8706
567,2,215,107.50,2.2,0,corps,151.61605193945263,0.4913
568,3,124,41.33,2.7,0,corps,151.54226236241445,0.8194
569,2,82,41.00,2.2,0,corps,151.46850967094264,0.7075
570,2,152,76.00,2.2,0,corps,151.394793846599,0.8775
571,2,135,67.50,2.2,0,corps,151.32111487095457,0.6650
572,2,224,112.00,2.2,0,corps,151.24747272558966,0.5077
573,3,84,28.00,2.7,0,corps,151.17386739209368,1.0795
574,2,315,157.50,2.2,0,corps,151.10029885206532,0.5810
575,2,29,14.50,2.2,0,corps,151.02676708711243,1.6666
576,2,485,242.50,2.2,0,corps,150.9532720788521,0.4184
577,2,222,111.00,2.2,0,corps,150.87981380891054,0.6110
578,2,265,132.50,2.2,0,corps,150.80639225892318,0.4578
579,2,236,118.00,2.2,0,corps,150.73300741053467,0.6122
580,2,71,35.50,2.2,0,corps,150.65965924539879,0.5910
581,4,191,47.75,3.1,0,corps,150.58634774517847,0.7807
582,2,204,102.00,2.2,0,corps,150.51307289154585,0.3898
583,2,173,86.50,2.2,0,corps,150.4398346661822,0.5053
584,2,114,57.00,2.2,0,corps,150.366633050778,0.7832
585,2,221,110.50,2.2,0,corps,150.29346802703282,0.4627
586,2,174,87.00,2.2,0,corps,150.22033957665542,0.4240
587,2,360,180.00,2.2,0,corps,150.14724768136364,0.4792
588,2,356,178.00,2.2,0,corps,150.07419232288456,0.3936
589,2,207,103.50,2.2,0,corps,150.00117348295433,0.3363
590,2,116,58.00,2.2,0,corps,149.92819114331826,0.8265
591,2,185,92.50,2.2,0,corps,149.8552452857307,0.3516
592,2,228,114.00,2.2,0,corps,149.7823358919552,0.5468
593,2,28,14.00,2.2,0,corps,149.70946294376446,2.1031
594,2,142,71.00,2.2,0,corps,149.6366264229402,0.5919
595,2,72,36.00,2.2,0,corps,149.56382631127335,0.5316
596,2,358,179.00,2.2,0,corps,149.49106259056379,0.3656
597,2,127,63.50,2.2,0,corps,149.41833524262063,0.6556
598,2,495,247.50,2.2,0,corps,149.34564424926208,0.5113
599,3,302,100.67,2.7,0,corps,149.2729895923153,0.3781
600,2,126,63.00,2.2,0,corps,149.2003712536167,0.6169
601,3,195,65.00,2.7,0,corps,149.12778921501166,0.6087
602,2,98,49.00,2.2,0,corps,149.0552434583547,0.5151
603,2,164,82.00,2.2,0,corps,148.98273396550934,0.5831
604,2,35,17.50,2.2,0,corps,148.91026071834824,1.5674
605,2,143,71.50,2.2,0,corps,148.83782369875306,0.5662
606,3,169,56.33,2.7,0,corps,148.76542288861458,0.5628
607,2,37,18.50,2.2,0,corps,148.69305826983256,1.6985
608,2,106,53.00,2.2,0,corps,148.62072982431587,0.5689
609,2,119,59.50,2.2,0,corps,148.5484375339824,0.7639
610,3,106,35.33,2.7,0,corps,148.47618138075904,0.7959
611,3,52,17.33,2.7,0,corps,148.40396134658178,1.1429
612,2,284,142.00,2.2,0,corps,148.3317774133956,0.3390
613,3,111,37.00,2.7,0,corps,148.25962956315456,1.1294
614,2,127,63.50,2.2,0,corps,148.18751777782165,0.4358
615,2,117,58.50,2.2,0,corps,148.11544203936893,0.9072
616,2,438,219.00,2.2,0,corps,148.04340232977745,0.3972
617,2,120,60.00,2.2,0,corps,147.97139863103735,0.8281
618,2,380,190.00,2.2,0,corps,147.8994309251476,0.5158
619,2,117,58.50,2.2,0,corps,147.82749919411637,0.6568
620,3,127,42.33,2.7,0,corps,147.7556034199607,0.7161
621,4,292,73.00,3.1,0,corps,147.6837435847066,0.5770
622,2,85,42.50,2.2,0,corps,147.61191967038917,1.4479
623,2,207,103.50,2.2,0,corps,147.5401316590524,0.5172
624,3,69,23.00,2.7,0,corps,147.46837953274928,1.2998
625,3,344,114.67,2.7,0,corps,147.3966632735418,0.4576
626,2,343,171.50,2.2,0,corps,147.32498286350088,0.7130
627,2,59,29.50,2.2,0,corps,147.25333828470642,1.1479
628,3,163,54.33,2.7,0,corps,147.18172951924728,0.8116
629,2,43,21.50,2.2,0,corps,147.11015654922127,1.5069
630,2,286,143.00,2.2,0,corps,147.03861935673515,0.5120
631,3,146,48.67,2.7,0,corps,146.96711792390457,0.9203
632,2,98,49.00,2.2,0,corps,146.89565223285425,1.0680
633,2,38,19.00,2.2,0,corps,146.82422226571776,1.3388
634,2,235,117.50,2.2,0,corps,146.75282800463754,0.5975
635,4,175,43.75,3.1,0,corps,146.68146943176507,2.1408
636,2,64,32.00,2.2,0,corps,146.61014652926073,0.9476
637,2,141,70.50,2.2,0,corps,146.53885927929372,0.5345
638,2,317,158.50,2.2,0,corps,146.4676076640423,0.4934
639,2,291,145.50,2.2,0,corps,146.39639166569353,0.4971
640,2,135,67.50,2.2,0,corps,146.32521126644343,0.4358
641,4,159,39.75,3.1,0,corps,146.25406644849687,0.6945
642,4,107,26.75,3.1,0,corps,146.18295719406765,0.9698
643,2,234,117.00,2.2,0,corps,146.1118834853785,0.3708
644,2,95,47.50,2.2,0,corps,146.04084530466096,0.7836
645,2,268,134.00,2.2,0,corps,145.96984263415547,0.3090
646,2,19,9.50,2.2,0,corps,145.8988754561114,3.4982
647,2,362,181.00,2.2,0,corps,145.82794375278692,0.4173
648,2,300,150.00,2.2,0,corps,145.7570475064491,0.2996
649,2,408,204.00,2.2,0,corps,145.68618669937393,0.3958
650,2,43,21.50,2.2,0,corps,145.61536131384617,1.4270
651,4,227,56.75,3.1,0,corps,145.54457133215942,0.4766
652,2,300,150.00,2.2,0,corps,145.4738167366163,0.4727
653,3,80,26.67,2.7,0,corps,145.4030975095281,1.1839
654,5,96,19.20,3.6,0,corps,145.332413633215,1.1460
655,2,146,73.00,2.2,0,corps,145.261765090006,0.4557
656,2,201,100.50,2.2,0,corps,145.19115186223908,0.4469
657,3,98,32.67,2.7,0,corps,145.1205739322608,0.7987
658,2,68,34.00,2.2,0,corps,145.0500312824268,0.5488
659,2,116,58.00,2.2,0,corps,144.9795238951013,0.5134
660,2,50,25.00,2.2,0,corps,144.90905175265755,0.8376
661,3,219,73.00,2.7,0,corps,144.83861483747742,0.4680
662,2,118,59.00,2.2,0,corps,144.7682131319518,0.5683
663,2,182,91.00,2.2,0,corps,144.69784661848016,0.3844
664,2,122,61.00,2.2,0,corps,144.62751527947088,0.5201
665,2,316,158.00,2.2,0,corps,144.55721909734118,0.3675
666,2,115,57.50,2.2,0,corps,144.486958054517,0.5301
667,3,206,68.67,2.7,0,corps,144.41673213343304,0.5218
668,3,149,49.67,2.7,0,corps,144.34654131653286,0.5756
669,2,126,63.00,2.2,0,corps,144.27638558626873,0.6082
670,2,135,67.50,2.2,0,corps,144.20626492510172,0.4033
671,2,93,46.50,2.2,0,corps,144.13617931550172,0.5036
672,4,348,87.00,3.1,0,corps,144.06612873994723,0.3766
673,2,144,72.00,2.2,0,corps,143.99611318092568,0.5240
674,2,49,24.50,2.2,0,corps,143.92613262093312,1.0512
675,2,127,63.50,2.2,0,corps,143.85618704247446,0.6055
676,6,293,48.83,4.0,0,corps,143.78627642806333,1.3608
677,2,171,85.50,2.2,0,corps,143.716400760222,0.4961
678,2,111,55.50,2.2,0,corps,143.6465600214816,0.5472
679,2,132,66.00,2.2,0,corps,143.5767541943819,0.4448
680,2,83,41.50,2.2,0,corps,143.50698326147148,0.3773
681,4,84,21.00,3.1,0,corps,143.43724720530764,0.9501
682,3,140,46.67,2.7,0,corps,143.36754600845632,0.8491
683,2,248,124.00,2.2,0,corps,143.2978796534922,0.3453
684,2,134,67.00,2.2,0,corps,143.22824812299874,0.5139
685,2,126,63.00,2.2,0,corps,143.15865139956804,0.6101
686,2,66,33.00,2.2,0,corps,143.0890894658009,0.5658
687,3,102,34.00,2.7,0,corps,143.01956230430685,0.8348
688,2,135,67.50,2.2,0,corps,142.9500698977041,0.6136
689,2,66,33.00,2.2,0,corps,142.88061222861955,0.5863
690,2,39,19.50,2.2,0,corps,142.8111892796888,0.9729
691,2,117,58.50,2.2,0,corps,142.74180103355607,0.5736
692,2,27,13.50,2.2,0,corps,142.67244747287432,1.3740
693,2,236,118.00,2.2,0,corps,142.60312858030517,0.4007
694,3,267,89.00,2.7,0,corps,142.5338443385189,0.6362
695,2,105,52.50,2.2,0,corps,142.46459473019442,0.5692
696,2,56,28.00,2.2,0,corps,142.39537973801936,0.6444
697,2,88,44.00,2.2,0,corps,142.32619934468994,0.5815
698,2,158,79.00,2.2,0,corps,142.25705353291107,0.4000
699,3,72,24.00,2.7,0,corps,142.1879422853963,0.9419
700,2,106,53.00,2.2,0,corps,142.11886558486785,0.5423
701,2,248,124.00,2.2,0,corps,142.0498234140565,0.3685
702,2,313,156.50,2.2,0,corps,141.9808157557017,0.7109
703,2,154,77.00,2.2,0,corps,141.91184259255158,0.4457
704,2,72,36.00,2.2,0,corps,141.84290390736282,0.7493
705,2,69,34.50,2.2,0,corps,141.77399968290075,0.8725
706,2,61,30.50,2.2,0,corps,141.70512990193936,0.7535
707,2,89,44.50,2.2,0,corps,141.6362945472611,0.5652
708,2,86,43.00,2.2,0,corps,141.56749360165725,0.8330
709,3,183,61.00,2.7,0,corps,141.49872704792747,0.6815
710,2,75,37.50,2.2,0,corps,141.4299948688802,0.8962
711,2,285,142.50,2.2,0,corps,141.36129704733233,0.5083
712,2,98,49.00,2.2,0,corps,141.29263356610946,0.5801
713,2,405,202.50,2.2,0,corps,141.2240044080457,0.5830
714,2,301,150.50,2.2,0,corps,141.15540955598377,0.3814
715,3,174,58.00,2.7,0,corps,141.08684899277492,0.5246
716,3,305,101.67,2.7,0,corps,141.01832270127903,0.5326
717,2,80,40.00,2.2,0,corps,140.94983066436455,0.5923
718,2,174,87.00,2.2,0,corps,140.88137286490843,0.8669
719,2,36,18.00,2.2,0,corps,140.81294928579624,1.5272
720,4,102,25.50,3.1,0,corps,140.74455990992206,1.0263
721,2,422,211.00,2.2,0,corps,140.67620472018865,0.3021
722,2,116,58.00,2.2,0,corps,140.60788369950706,0.7050
723,2,47,23.50,2.2,0,corps,140.5395968307971,0.7944
724,2,33,16.50,2.2,0,corps,140.4713440969871,0.8934
725,2,354,177.00,2.2,0,corps,140.40312548101383,0.4552
726,2,190,95.00,2.2,0,corps,140.33494096582265,0.6355
727,2,610,305.00,2.2,0,corps,140.26679053436737,0.2942
728,2,276,138.00,2.2,0,corps,140.19867416961048,0.2459
729,3,303,101.00,2.7,0,corps,140.13059185452283,0.4902
730,2,420,210.00,2.2,0,corps,140.06254357208385,0.2649
731,2,100,50.00,2.2,0,corps,139.9945293052815,0.6858
732,2,66,33.00,2.2,0,corps,139.92654903711215,0.6359
733,2,319,159.50,2.2,0,corps,139.8586027505808,0.5625
734,3,302,100.67,2.7,0,corps,139.79069042870077,0.3914
735,2,97,48.50,2.2,0,corps,139.7228120544941,0.6282
736,2,312,156.00,2.2,0,corps,139.65496761099118,0.6041
737,2,451,225.50,2.2,0,corps,139.58715708123083,0.2912
738,2,57,28.50,2.2,0,corps,139.51938044826048,0.7413
739,2,192,96.00,2.2,0,corps,139.4516376951359,0.4359
740,2,149,74.50,2.2,0,corps,139.3839288049215,0.6431
741,2,173,86.50,2.2,0,corps,139.31625376069002,0.6691
742,2,117,58.50,2.2,0,corps,139.24861254552266,0.6652
743,4,258,64.50,3.1,0,corps,139.18100514250912,0.8010
744,2,42,21.00,2.2,0,corps,139.1134315347476,1.1476
745,2,42,21.00,2.2,0,corps,139.04589170534464,1.8627
746,2,142,71.00,2.2,0,corps,138.97838563741533,0.8509
747,2,182,91.00,2.2,0,corps,138.91091331408313,0.7107
748,2,87,43.50,2.2,0,corps,138.84347471847997,1.0152
749,3,175,58.33,2.7,0,corps,138.77606983374616,0.7290
750,2,187,93.50,2.2,0,corps,138.70869864303057,0.7183
751,1,461,461.00,1.8,0,famine_truncated,138.6413611294903,0.5250
752,2,224,112.00,2.2,0,corps,138.574057276291,0.6260
753,2,134,67.00,2.2,0,corps,138.50678706660673,0.7684
754,2,177,88.50,2.2,0,corps,138.43955048361997,0.6212
755,2,39,19.50,2.2,0,corps,138.37234751052148,1.4044
756,2,93,46.50,2.2,0,corps,138.30517813051057,0.7349
757,2,164,82.00,2.2,0,corps,138.2380423267949,0.7838
758,2,102,51.00,2.2,0,corps,138.17094008259053,0.9693
759,2,328,164.00,2.2,0,corps,138.10387138112188,0.5930
760,2,78,39.00,2.2,0,corps,138.03683620562174,0.8947
761,2,130,65.00,2.2,0,corps,137.96983453933137,0.7030
762,4,89,22.25,3.1,0,corps,137.90286636550033,1.0821
763,2,22,11.00,2.2,0,corps,137.8359316673866,1.9847
764,2,92,46.00,2.2,0,corps,137.76903042825646,0.8683
765,4,287,71.75,3.1,0,corps,137.70216263138465,0.5006
766,2,58,29.00,2.2,0,corps,137.63532826005417,0.6438
767,2,142,71.00,2.2,0,corps,137.56852729755644,0.5672
768,3,136,45.33,2.7,0,corps,137.50175972719123,0.5588
769,2,86,43.00,2.2,0,corps,137.43502553226668,0.6792
770,2,42,21.00,2.2,0,corps,137.3683246960992,0.9297
771,2,192,96.00,2.2,0,corps,137.30165720201356,0.5675
772,3,109,36.33,2.7,0,corps,137.2350230333429,0.7838
773,3,162,54.00,2.7,0,corps,137.16842217342875,0.7559
774,2,59,29.50,2.2,0,corps,137.10185460562082,0.9579
775,2,84,42.00,2.2,0,corps,137.0353203132772,1.1334
776,3,163,54.33,2.7,0,corps,136.96881927976438,0.4717
777,3,189,63.00,2.7,0,corps,136.9023514884571,0.5673
778,2,47,23.50,2.2,0,corps,136.83591692273833,0.6328
779,4,267,66.75,3.1,0,corps,136.7695155659995,0.6051
780,2,183,91.50,2.2,0,corps,136.70314740164028,0.3437
781,2,75,37.50,2.2,0,corps,136.63681241306858,0.6979
782,3,224,74.67,2.7,0,corps,136.57051058370067,0.4721
783,2,58,29.00,2.2,0,corps,136.5042418969611,1.0119
784,3,397,132.33,2.7,0,corps,136.43800633628268,0.5640
785,2,324,162.00,2.2,0,corps,136.37180388510657,0.3331
786,2,95,47.50,2.2,0,corps,136.3056345268821,0.6736
787,2,100,50.00,2.2,0,corps,136.23949824506695,0.5119
788,3,490,163.33,2.7,0,corps,136.17339502312706,0.2978
789,3,33,11.00,2.7,0,corps,136.1073248445366,1.2097
790,2,194,97.00,2.2,0,corps,136.04128769277807,0.3463
791,3,298,99.33,2.7,0,corps,135.97528355134213,0.4330
792,5,142,28.40,3.6,0,corps,135.9093124037277,1.1475
793,2,70,35.00,2.2,0,corps,135.84337423344215,0.9789
794,2,91,45.50,2.2,0,corps,135.7774690240008,0.9034
795,2,49,24.50,2.2,0,corps,135.71159675892744,0.8766
796,3,97,32.33,2.7,0,corps,135.6457574217539,0.6595
797,2,81,40.50,2.2,0,corps,135.57995099602041,0.5193
798,2,59,29.50,2.2,0,corps,135.5141774652754,0.8641
799,2,180,90.00,2.2,0,corps,135.4484368130754,0.3572
800,2,173,86.50,2.2,0,corps,135.3827290229853,0.3554
801,3,59,19.67,2.7,0,corps,135.31705407857814,0.9943
802,4,130,32.50,3.1,0,corps,135.25141196343517,0.6956
803,2,128,64.00,2.2,0,corps,135.18580266114589,0.6564
804,5,228,45.60,3.6,0,corps,135.12022615530796,0.8199
805,6,251,41.83,4.0,0,corps,135.05468242952725,0.5470
806,2,55,27.50,2.2,0,corps,134.98917146741783,0.9259
807,3,135,45.00,2.7,0,corps,134.92369325260196,0.8200
808,2,64,32.00,2.2,0,corps,134.85824776871007,0.7168
809,2,42,21.00,2.2,0,corps,134.7928349993808,0.7854
810,2,112,56.00,2.2,0,corps,134.72745492826098,0.6106
811,2,242,121.00,2.2,0,corps,134.66210753900558,0.6362
812,2,124,62.00,2.2,0,corps,134.59679281527772,0.5754
813,2,97,48.50,2.2,0,corps,134.53151074074876,0.4821
814,2,158,79.00,2.2,0,corps,134.46626129909816,0.6537
815,4,115,28.75,3.1,0,corps,134.4010444740136,0.8024
816,2,152,76.00,2.2,0,corps,134.33586024919077,0.6649
817,3,36,12.00,2.7,0,corps,134.27070860833373,1.3621
818,2,92,46.00,2.2,0,corps,134.2055895351545,0.7847
819,2,323,161.50,2.2,0,corps,134.14050301337332,0.3651
820,2,54,27.00,2.2,0,corps,134.0754490267186,1.4680
821,2,43,21.50,2.2,0,corps,134.0104275589268,1.0158
822,2,48,24.00,2.2,0,corps,133.94543859374258,1.4129
823,2,169,84.50,2.2,0,corps,133.88048211491866,0.5003
824,2,118,59.00,2.2,0,corps,133.81555810621597,0.5425
825,4,80,20.00,3.1,0,corps,133.75066655140347,1.0751
826,2,34,17.00,2.2,0,corps,133.6858074342583,2.0594
827,2,108,54.00,2.2,0,corps,133.62098073856563,0.8378
828,2,35,17.50,2.2,0,corps,133.55618644811886,0.8290
829,3,87,29.00,2.7,0,corps,133.49142454671934,1.6139
830,2,79,39.50,2.2,0,corps,133.42669501817664,1.1622
831,2,90,45.00,2.2,0,corps,133.36199784630838,0.8322
832,4,100,25.00,3.1,0,corps,133.29733301494025,1.1214
833,2,129,64.50,2.2,0,corps,133.23270050790606,0.9446
834,3,77,25.67,2.7,0,corps,133.16810030904767,1.2123
835,2,125,62.50,2.2,0,corps,133.10353240221502,0.7297
836,3,76,25.33,2.7,0,corps,133.0389967712661,0.9790
837,2,112,56.00,2.2,0,corps,132.97449340006713,0.7048
838,3,179,59.67,2.7,0,corps,132.91002227249214,0.5945
839,4,253,63.25,3.1,0,corps,132.8455833724234,0.5837
840,2,59,29.50,2.2,0,corps,132.78117668375114,0.7277
841,2,149,74.50,2.2,0,corps,132.71680219037373,0.4942
842,3,255,85.00,2.7,0,corps,132.65245987619755,0.5542
843,2,92,46.00,2.2,0,corps,132.58814972513701,0.6616
844,4,138,34.50,3.1,0,corps,132.5238717211146,0.8359
845,2,49,24.50,2.2,0,corps,132.45962584806074,0.9090
846,3,152,50.67,2.7,0,corps,132.39541208991403,0.5569
847,2,261,130.50,2.2,0,corps,132.33123043062102,0.3562
848,2,222,111.00,2.2,0,corps,132.26708085413628,0.2815
849,2,84,42.00,2.2,0,corps,132.20296334442241,0.6754
850,2,390,195.00,2.2,0,corps,132.13887788545006,0.3854
851,3,102,34.00,2.7,0,corps,132.07482446119786,0.5236
852,2,64,32.00,2.2,0,corps,132.01080305565242,0.6442
853,4,358,89.50,3.1,0,corps,131.94681365280843,0.4254
854,3,102,34.00,2.7,0,corps,131.8828562366685,0.7303
855,3,73,24.33,2.7,0,corps,131.8189307912433,0.9435
856,2,148,74.00,2.2,0,corps,131.75503730055146,0.3940
857,2,105,52.50,2.2,0,corps,131.69117574861963,0.5335
858,2,84,42.00,2.2,0,corps,131.62734611948238,0.7355
859,2,105,52.50,2.2,0,corps,131.56354839718233,0.7760
860,3,89,29.67,2.7,0,corps,131.49978256577003,0.7934
861,2,234,117.00,2.2,0,corps,131.43604860930407,0.4979
862,2,62,31.00,2.2,0,corps,131.37234651185094,1.3592
863,3,58,19.33,2.7,0,corps,131.30867625748505,1.2427
864,2,32,16.00,2.2,0,corps,131.24503783028888,2.2501
865,4,53,13.25,3.1,0,corps,131.18143121435287,1.6560
866,2,135,67.50,2.2,0,corps,131.1178563937753,0.5599
867,2,124,62.00,2.2,0,corps,131.05431335266252,0.9222
868,2,542,271.00,2.2,0,corps,130.99080207512873,0.3051
869,2,218,109.00,2.2,0,corps,130.9273225452961,0.5009
870,4,172,43.00,3.1,0,corps,130.8638747472948,0.7418
871,2,133,66.50,2.2,0,corps,130.8004586652628,0.4592
872,3,658,219.33,2.7,0,corps,130.73707428334617,0.3791
873,3,195,65.00,2.7,0,corps,130.67372158569876,0.5552
874,2,88,44.00,2.2,0,corps,130.6104005564824,0.7199
875,2,145,72.50,2.2,0,corps,130.54711117986685,0.6381
876,2,250,125.00,2.2,0,corps,130.48385344002972,0.3439
877,2,257,128.50,2.2,0,corps,130.42062732115664,0.3485
878,2,102,51.00,2.2,0,corps,130.35743280744106,0.8181
879,2,21,10.50,2.2,0,corps,130.29426988308433,2.2906
880,2,87,43.50,2.2,0,corps,130.23113853229572,0.7021
881,3,143,47.67,2.7,0,corps,130.1680387392924,0.6843
882,2,37,18.50,2.2,0,corps,130.10497048829941,0.8712
883,2,160,80.00,2.2,0,corps,130.04193376354974,0.6435
884,2,116,58.00,2.2,0,corps,129.97892854928412,0.3994
885,2,59,29.50,2.2,0,corps,129.9159548297513,0.7895
886,3,271,90.33,2.7,0,corps,129.85301258920788,0.5233
887,2,188,94.00,2.2,0,corps,129.79010181191825,0.7401
888,2,351,175.50,2.2,0,corps,129.7272224821547,0.4339
889,2,64,32.00,2.2,0,corps,129.66437458419745,0.8639
890,2,307,153.50,2.2,0,corps,129.60155810233448,0.3608
891,3,214,71.33,2.7,0,corps,129.5387730208617,0.2493
892,2,232,116.00,2.2,0,corps,129.47601932408284,0.4205
893,2,85,42.50,2.2,0,corps,129.41329699630944,0.6827
894,2,198,99.00,2.2,0,corps,129.35060602186098,0.3457
895,2,75,37.50,2.2,0,corps,129.28794638506466,1.2194
896,2,289,144.50,2.2,0,corps,129.22531807025558,0.5578
897,2,110,55.00,2.2,0,corps,129.16272106177667,0.6162
898,5,230,46.00,3.6,0,corps,129.10015534397868,0.7489
899,2,36,18.00,2.2,0,corps,129.0376209012202,1.0824
900,2,222,111.00,2.2,0,corps,128.9751177178676,0.3426
901,2,120,60.00,2.2,0,corps,128.91264577829503,0.7660
902,3,197,65.67,2.7,0,corps,128.85020506688457,0.6326
903,2,134,67.00,2.2,0,corps,128.78779556802604,1.1352
904,2,168,84.00,2.2,0,corps,128.72541726611706,0.7866
905,2,361,180.50,2.2,0,corps,128.66307014556304,0.6398
906,2,58,29.00,2.2,0,corps,128.6007541907772,1.3671
907,3,210,70.00,2.7,0,corps,128.53846938618054,0.6157
908,2,137,68.50,2.2,0,corps,128.47621571620192,0.9165
909,2,76,38.00,2.2,0,corps,128.41399316527784,1.5953
910,5,86,17.20,3.6,0,corps,128.35180171785274,1.1100
911,2,128,64.00,2.2,0,corps,128.28964135837867,0.6142
912,2,349,174.50,2.2,0,corps,128.2275120713156,0.3588
913,2,207,103.50,2.2,0,corps,128.1654138411312,0.3400
914,2,68,34.00,2.2,0,corps,128.10334665230093,0.6215
915,4,358,89.50,3.1,0,corps,128.04131048930793,0.6131
916,2,72,36.00,2.2,0,corps,127.97930533664324,0.4416
917,2,85,42.50,2.2,0,corps,127.91733117880548,0.7595
918,2,106,53.00,2.2,0,corps,127.8553880003012,0.7985
919,2,67,33.50,2.2,0,corps,127.79347578564455,0.7399
920,2,97,48.50,2.2,0,corps,127.7315945193575,0.8274
921,3,97,32.33,2.7,0,corps,127.6697441859697,1.0944
922,2,173,86.50,2.2,0,corps,127.60792477001863,0.6989
923,3,145,48.33,2.7,0,corps,127.54613625604935,0.7565
924,2,28,14.00,2.2,0,corps,127.48437862861482,0.7199
925,2,80,40.00,2.2,0,corps,127.42265187227557,0.9977
926,3,32,10.67,2.7,0,corps,127.36095597159994,1.7459
927,5,101,20.20,3.6,0,corps,127.29929091116392,0.8874
928,3,89,29.67,2.7,0,corps,127.23765667555129,1.3041
929,3,198,66.00,2.7,0,corps,127.17605324935346,0.6516
930,2,78,39.00,2.2,0,corps,127.11448061716959,0.7048
931,4,92,23.00,3.1,0,corps,127.05293876360653,1.1750
932,2,51,25.50,2.2,0,corps,126.99142767327878,1.3636
933,3,46,15.33,2.7,0,corps,126.9299473308086,1.8014
934,3,88,29.33,2.7,0,corps,126.86849772082589,0.9347
935,2,92,46.00,2.2,0,corps,126.80707882796827,1.0684
936,3,52,17.33,2.7,0,corps,126.74569063688097,0.9383
937,2,95,47.50,2.2,0,corps,126.68433313221699,1.0395
938,2,37,18.50,2.2,0,corps,126.6230062986369,0.6454
939,2,57,28.50,2.2,0,corps,126.56171012080905,0.9175
940,2,69,34.50,2.2,0,corps,126.50044458340935,0.9977
941,2,138,69.00,2.2,0,corps,126.43920967112146,0.8984
942,2,159,79.50,2.2,0,corps,126.37800536863662,0.7169
943,2,58,29.00,2.2,0,corps,126.31683166065373,0.9923
944,2,96,48.00,2.2,0,corps,126.25568853187943,0.6648
945,4,229,57.25,3.1,0,corps,126.19457596702787,2.1265
946,2,57,28.50,2.2,0,corps,126.13349395082093,0.8787
947,2,53,26.50,2.2,0,corps,126.07244246798817,0.8963
948,2,80,40.00,2.2,0,corps,126.0114215032666,1.2082
949,3,125,41.67,2.7,0,corps,125.95043104140106,0.8080
950,4,117,29.25,3.1,0,corps,125.88947106714394,0.8081
951,2,133,66.50,2.2,0,corps,125.82854156525521,0.8386
952,2,170,85.00,2.2,0,corps,125.7676425205025,0.7688
953,2,289,144.50,2.2,0,corps,125.70677391766105,0.6742
954,2,68,34.00,2.2,0,corps,125.64593574151372,0.8425
955,3,88,29.33,2.7,0,corps,125.58512797685096,0.7326
956,3,92,30.67,2.7,0,corps,125.52435060847083,0.7826
957,2,121,60.50,2.2,0,corps,125.46360362117896,0.4835
958,2,42,21.00,2.2,0,corps,125.40288699978865,1.6060
959,2,125,62.50,2.2,0,corps,125.34220072912072,0.7424
960,2,289,144.50,2.2,0,corps,125.2815447940036,0.6612
961,3,70,23.33,2.7,0,corps,125.22091917927331,1.0950
962,2,121,60.50,2.2,0,corps,125.16032386977346,0.5201
963,2,105,52.50,2.2,0,corps,125.0997588503552,0.8549
964,2,221,110.50,2.2,0,corps,125.0392241058773,0.5445
965,2,294,147.00,2.2,0,corps,124.97871962120601,0.5285
966,2,90,45.00,2.2,0,corps,124.9182453812153,0.9742
967,2,42,21.00,2.2,0,corps,124.85780137078655,0.8718
968,2,100,50.00,2.2,0,corps,124.79738757480878,0.5708
969,2,56,28.00,2.2,0,corps,124.7370039781785,0.7191
970,4,76,19.00,3.1,0,corps,124.67665056579989,1.4888
971,3,120,40.00,2.7,0,corps,124.61632732258454,0.9406
972,2,69,34.50,2.2,0,corps,124.55603423345163,0.8391
973,3,99,33.00,2.7,0,corps,124.4957712833279,1.0049
974,2,49,24.50,2.2,0,corps,124.43553845714763,0.7507
975,2,100,50.00,2.2,0,corps,124.3753357398526,1.0908
976,3,141,47.00,2.7,0,corps,124.31516311639214,0.9145
977,2,81,40.50,2.2,0,corps,124.25502057172308,0.6086
978,2,101,50.50,2.2,0,corps,124.19490809080978,0.5750
979,3,162,54.00,2.7,0,corps,124.13482565862415,0.8024
980,3,65,21.67,2.7,0,corps,124.07477326014555,0.9485
981,2,70,35.00,2.2,0,corps,124.01475088036089,0.9919
982,2,107,53.50,2.2,0,corps,123.95475850426459,0.5624
983,3,66,22.00,2.7,0,corps,123.89479611685852,1.5341
984,2,61,30.50,2.2,0,corps,123.83486370315211,1.0301
985,2,156,78.00,2.2,0,corps,123.77496124816226,0.6232
986,3,34,11.33,2.7,0,corps,123.7150887369133,1.8028
987,3,90,30.00,2.7,0,corps,123.6552461544372,0.9490
988,2,70,35.00,2.2,0,corps,123.59543348577324,0.8170
989,2,89,44.50,2.2,0,corps,123.53565071596829,0.7181
990,4,124,31.00,3.1,0,corps,123.47589783007662,0.8462
991,2,138,69.00,2.2,0,corps,123.41617481316005,0.6066
992,2,134,67.00,2.2,0,corps,123.35648165028779,0.6207
993,2,68,34.00,2.2,0,corps,123.29681832653657,1.1605
994,3,46,15.33,2.7,0,corps,123.23718482699056,1.3868
995,3,75,25.00,2.7,0,corps,123.17758113674138,0.8209
996,5,97,19.40,3.6,0,corps,123.11800724088806,1.2232
997,2,37,18.50,2.2,0,corps,123.05846312453723,1.0642
998,3,166,55.33,2.7,0,corps,122.99894877280278,0.9478
999,4,75,18.75,3.1,0,corps,122.93946417080615,6.2486
1000,4,93,23.25,3.1,0,corps,122.88000930367615,1.1200
1001,2,104,52.00,2.2,0,corps,122.82058415654913,0.9305
1002,2,72,36.00,2.2,0,corps,122.76118871456876,1.1230
1003,3,152,50.67,2.7,0,corps,122.70182296288617,1.1080
1004,2,96,48.00,2.2,0,corps,122.64248688665995,0.8775
1005,5,218,43.60,3.6,0,corps,122.58318047105607,0.7773
1006,2,68,34.00,2.2,0,corps,122.52390370124793,0.8915
1007,2,44,22.00,2.2,0,corps,122.46465656241632,1.0453
1008,2,34,17.00,2.2,0,corps,122.40543903974948,1.5119
1009,2,66,33.00,2.2,0,corps,122.34625111844304,1.0300
1010,4,120,30.00,3.1,0,corps,122.28709278369993,1.4434
1011,4,111,27.75,3.1,0,corps,122.22796402073071,1.2989
1012,2,38,19.00,2.2,0,corps,122.16886481475304,1.0882
1013,2,72,36.00,2.2,0,corps,122.10979515099223,1.2086
1014,2,45,22.50,2.2,0,corps,122.05075501468082,1.5322
1015,2,99,49.50,2.2,0,corps,121.99174439105877,1.0945
1016,2,60,30.00,2.2,0,corps,121.93276326537344,1.6518
1017,4,92,23.00,3.1,0,corps,121.87381162287953,1.2293
1018,2,39,19.50,2.2,0,corps,121.81488944883915,1.6774
1019,4,233,58.25,3.1,0,corps,121.75599672852175,1.9820
1020,2,51,25.50,2.2,0,corps,121.69713344720412,1.5841
1021,3,240,80.00,2.7,0,corps,121.63829959017048,0.6401
1022,4,218,54.50,3.1,0,corps,121.57949514271236,0.6376
1023,2,50,25.00,2.2,0,corps,121.52072009012865,0.8959
1024,2,128,64.00,2.2,0,corps,121.46197441772553,0.6774
1025,4,134,33.50,3.1,0,corps,121.40325811081667,0.7428
1026,3,51,17.00,2.7,0,corps,121.34457115472293,1.4748
1027,2,75,37.50,2.2,0,corps,121.28591353477259,0.8389
1028,4,200,50.00,3.1,0,corps,121.22728523630121,1.0028
1029,3,56,18.67,2.7,0,corps,121.16868624465182,1.3981
1030,2,71,35.50,2.2,0,corps,121.11011654517453,0.6969
1031,2,76,38.00,2.2,0,corps,121.05157612322705,0.9081
1032,2,60,30.00,2.2,0,corps,120.99306496417417,0.8808
1033,2,62,31.00,2.2,0,corps,120.93458305338815,0.8026
1034,2,135,67.50,2.2,0,corps,120.87613037624851,0.6352
1035,2,63,31.50,2.2,0,corps,120.81770691814206,0.6669
1036,5,137,27.40,3.6,0,corps,120.75931266446295,3.0119
1037,3,60,20.00,2.7,0,corps,120.70094760061265,1.6677
1038,2,271,135.50,2.2,0,corps,120.64261171199982,0.4888
1039,2,54,27.00,2.2,0,corps,120.58430498404053,0.9882
1040,2,36,18.00,2.2,0,corps,120.52602740215809,1.6013
1041,2,90,45.00,2.2,0,corps,120.46777895178313,1.0285
1042,3,34,11.33,2.7,0,corps,120.40955961835347,1.6407
1043,5,108,21.60,3.6,0,corps,120.35136938731436,1.4632
1044,3,220,73.33,2.7,0,corps,120.2932082441182,0.8883
1045,3,100,33.33,2.7,0,corps,120.2350761742247,0.7655
1046,3,118,39.33,2.7,0,corps,120.17697316310085,0.8840
1047,3,79,26.33,2.7,0,corps,120.1188991962209,1.1719
1048,2,98,49.00,2.2,0,corps,120.06085425906635,0.6262
1049,3,165,55.00,2.7,0,corps,120.00283833712595,0.7160
1050,4,77,19.25,3.1,0,corps,119.94485141589577,5.6986
1051,2,54,27.00,2.2,0,corps,119.88689348087904,0.8657
1052,2,32,16.00,2.2,0,corps,119.82896451758627,1.1951
1053,4,94,23.50,3.1,0,corps,119.77106451153523,1.1099
1054,2,107,53.50,2.2,0,corps,119.71319344825093,0.8347
1055,4,120,30.00,3.1,0,corps,119.65535131326558,1.1148
1056,3,92,30.67,2.7,0,corps,119.59753809211868,0.9048
1057,2,52,26.00,2.2,0,corps,119.53975377035692,0.8260
1058,2,53,26.50,2.2,0,corps,119.48199833353416,1.1872
1059,2,103,51.50,2.2,0,corps,119.42427176721162,0.7869
1060,4,167,41.75,3.1,0,corps,119.3665740569576,1.3985
1061,2,87,43.50,2.2,0,corps,119.30890518834774,1.5825
1062,2,127,63.50,2.2,0,corps,119.25126514696474,0.9389
1063,2,143,71.50,2.2,0,corps,119.19365391839862,0.7086
1064,3,187,62.33,2.7,0,corps,119.13607148824659,0.6629
1065,2,182,91.00,2.2,0,corps,119.07851784211306,0.5899
1066,3,184,61.33,2.7,0,corps,119.02099296560955,0.6413
1067,2,157,78.50,2.2,0,corps,118.96349684435489,0.6982
1068,3,107,35.67,2.7,0,corps,118.90602946397506,0.8779
1069,2,39,19.50,2.2,0,corps,118.84859081010318,1.2590
1070,2,367,183.50,2.2,0,corps,118.79118086837957,0.5142
1071,2,124,62.00,2.2,0,corps,118.7337996244518,0.7413
1072,2,88,44.00,2.2,0,corps,118.67644706397455,0.8671
1073,2,42,21.00,2.2,0,corps,118.61912317260965,1.5862
1074,4,148,37.00,3.1,0,corps,118.56182793602615,0.8940
1075,2,59,29.50,2.2,0,corps,118.50456133990022,1.0466
1076,3,403,134.33,2.7,0,corps,118.44732336991524,0.6162
1077,3,108,36.00,2.7,0,corps,118.39011401176167,1.0009
1078,4,100,25.00,3.1,0,corps,118.3329332511372,0.9858
1079,2,237,118.50,2.2,0,corps,118.27578107374666,0.6032
1080,2,118,59.00,2.2,0,corps,118.21865746530197,0.7371
1081,2,44,22.00,2.2,0,corps,118.16156241152225,0.9422
1082,5,166,33.20,3.6,0,corps,118.10449589813372,0.8361
1083,2,119,59.50,2.2,0,corps,118.04745791086977,0.6175
1084,2,22,11.00,2.2,0,corps,117.99044843547088,1.6887
1085,2,27,13.50,2.2,0,corps,117.9334674576847,1.8549
1086,2,94,47.00,2.2,0,corps,117.87651496326596,0.6555
1087,2,64,32.00,2.2,0,corps,117.81959093797656,0.6948
1088,3,102,34.00,2.7,0,corps,117.76269536758551,0.9497
1089,4,148,37.00,3.1,0,corps,117.70582823786889,0.7747
1090,2,72,36.00,2.2,0,corps,117.6489895346099,0.7697
1091,3,183,61.00,2.7,0,corps,117.59217924359888,0.5441
1092,2,61,30.50,2.2,0,corps,117.53539735063327,0.6180
1093,3,112,37.33,2.7,0,corps,117.47864384151761,0.8638
1094,5,118,23.60,3.6,0,corps,117.4219187020635,0.9561
1095,2,101,50.50,2.2,0,corps,117.36522191808965,0.6224
1096,2,115,57.50,2.2,0,corps,117.30855347542185,0.5391
1097,3,109,36.33,2.7,0,corps,117.25191335989302,0.6642
1098,2,81,40.50,2.2,0,corps,117.19530155734313,0.6140
1099,2,54,27.00,2.2,0,corps,117.1387180536192,0.7311
1100,2,46,23.00,2.2,0,corps,117.08216283457537,1.3353
1101,3,96,32.00,2.7,0,corps,117.02563588607286,0.6984
1102,2,76,38.00,2.2,0,corps,116.96913719397992,0.9087
1103,2,286,143.00,2.2,0,corps,116.91266674417184,0.6147
1104,3,114,38.00,2.7,0,corps,116.85622452253104,0.8007
1105,2,62,31.00,2.2,0,corps,116.79981051494697,0.6525
1106,2,45,22.50,2.2,0,corps,116.74342470731611,0.7607
1107,3,72,24.00,2.7,0,corps,116.68706708554201,0.6984
1108,2,69,34.50,2.2,0,corps,116.63073763553528,1.2283
1109,3,60,20.00,2.7,0,corps,116.57443634321353,0.8893
1110,2,118,59.00,2.2,0,corps,116.51816319450145,0.7898
1111,3,65,21.67,2.7,0,corps,116.46191817533078,1.0119
1112,4,61,15.25,3.1,0,corps,116.40570127164021,1.0297
1113,3,157,52.33,2.7,0,corps,116.34951246937557,0.4825
1114,3,108,36.00,2.7,0,corps,116.2933517544896,1.6581
1115,2,37,18.50,2.2,0,corps,116.23721911294219,1.0980
1116,2,180,90.00,2.2,0,corps,116.1811145307001,0.4755
1117,3,112,37.33,2.7,0,corps,116.12503799373725,0.7952
1118,2,104,52.00,2.2,0,corps,116.0689894880345,0.5693
1119,2,144,72.00,2.2,0,corps,116.0129689995797,0.6222
1120,3,169,56.33,2.7,0,corps,115.95697651436771,0.6450
1121,2,90,45.00,2.2,0,corps,115.90101201840046,0.8253
1122,3,111,37.00,2.7,0,corps,115.84507549768676,0.8620
1123,2,108,54.00,2.2,0,corps,115.78916693824257,0.8807
1124,2,86,43.00,2.2,0,corps,115.73328632609064,0.8744
1125,5,197,39.40,3.6,0,corps,115.67743364726091,1.0117
1126,2,64,32.00,2.2,0,corps,115.62160888779019,1.1738
1127,3,121,40.33,2.7,0,corps,115.56581203372221,0.9775
1128,4,154,38.50,3.1,0,corps,115.51004307110786,0.8362
1129,5,126,25.20,3.6,0,corps,115.45430198600486,1.0201
1130,2,58,29.00,2.2,0,corps,115.39858876447795,1.0611
1131,2,56,28.00,2.2,0,corps,115.34290339259879,0.9851
1132,3,126,42.00,2.7,0,corps,115.28724585644605,0.9141
1133,4,69,17.25,3.1,0,corps,115.23161614210535,5.5958
1134,4,161,40.25,3.1,0,corps,115.1760142356693,0.9483
1135,2,30,15.00,2.2,0,corps,115.12044012323734,1.1184
1136,3,46,15.33,2.7,0,corps,115.06489379091602,1.2353
1137,2,45,22.50,2.2,0,corps,115.00937522481875,1.2128
1138,2,126,63.00,2.2,0,corps,114.95388441106584,0.7363
1139,4,93,23.25,3.1,0,corps,114.8984213357846,1.2749
1140,2,60,30.00,2.2,0,corps,114.84298598510927,0.7704
1141,3,89,29.67,2.7,0,corps,114.787578345181,1.1225
1142,4,123,30.75,3.1,0,corps,114.73219840214794,1.0429
1143,2,19,9.50,2.2,0,corps,114.67684614216505,1.9012
1144,4,123,30.75,3.1,0,corps,114.62152155139424,1.2267
1145,2,41,20.50,2.2,0,corps,114.5662246160044,1.5950
1146,3,102,34.00,2.7,0,corps,114.51095532217133,0.9740
1147,3,148,49.33,2.7,0,corps,114.45571365607763,0.8967
1148,4,115,28.75,3.1,0,corps,114.40049960391292,1.2239
1149,2,63,31.50,2.2,0,corps,114.34531315187368,0.8559
1150,4,103,25.75,3.1,0,corps,114.29015428616331,1.0559
1151,2,106,53.00,2.2,0,corps,114.23502299299209,0.8568
1152,2,49,24.50,2.2,0,corps,114.1799192585772,1.3627
1153,2,94,47.00,2.2,0,corps,114.12484306914268,0.8335
1154,3,112,37.33,2.7,0,corps,114.06979441091953,0.8766
1155,2,66,33.00,2.2,0,corps,114.01477327014553,0.8623
1156,4,78,19.50,3.1,0,corps,113.95977963306542,1.6328
1157,3,86,28.67,2.7,0,corps,113.90481348593082,1.2128
1158,5,116,23.20,3.6,0,corps,113.84987481500013,1.4323
1159,3,121,40.33,2.7,0,corps,113.79496360653873,0.7368
1160,4,144,36.00,3.1,0,corps,113.7400798468188,1.0806
1161,3,111,37.00,2.7,0,corps,113.6852235221194,1.0030
1162,2,56,28.00,2.2,0,corps,113.63039461872646,0.9662
1163,2,156,78.00,2.2,0,corps,113.57559312293273,0.7787
1164,2,91,45.50,2.2,0,corps,113.52081902103788,0.9608
1165,3,71,23.67,2.7,0,corps,113.46607229934833,1.1851
1166,5,212,42.40,3.6,0,corps,113.41135294417744,2.0516
1167,4,156,39.00,3.1,0,corps,113.35666094184535,0.9648
1168,2,108,54.00,2.2,0,corps,113.3019962786791,0.6179
1169,2,75,37.50,2.2,0,corps,113.24735894101244,0.9994
1170,2,67,33.50,2.2,0,corps,113.19274891518609,0.9332
1171,3,92,30.67,2.7,0,corps,113.13816618754755,0.7982
1172,3,173,57.67,2.7,0,corps,113.08361074445112,0.6822
1173,4,95,23.75,3.1,0,corps,113.02908257225795,1.0866
1174,3,48,16.00,2.7,0,corps,112.97458165733599,1.1484
1175,3,91,30.33,2.7,0,corps,112.92010798605997,1.0858
1176,2,53,26.50,2.2,0,corps,112.86566154481157,1.1913
1177,3,20,6.67,2.7,0,corps,112.81124231997912,1.6018
1178,3,53,17.67,2.7,0,corps,112.75685029795781,1.1749
1179,4,98,24.50,3.1,0,corps,112.70248546514962,0.8258
1180,2,67,33.50,2.2,0,corps,112.6481478079634,0.7351
1181,2,74,37.00,2.2,0,corps,112.59383731281464,1.0234
1182,2,98,49.00,2.2,0,corps,112.53955396612582,0.6447
1183,3,71,23.67,2.7,0,corps,112.48529775432606,1.2528
1184,3,80,26.67,2.7,0,corps,112.43106866385129,1.1888
1185,6,141,23.50,4.0,0,corps,112.37686668114422,1.4243
1186,3,184,61.33,2.7,0,corps,112.32269179265441,1.1331
1187,3,139,46.33,2.7,0,corps,112.26854398483812,0.8057
1188,2,73,36.50,2.2,0,corps,112.2144232441584,1.1631
1189,2,62,31.00,2.2,0,corps,112.16032955708503,0.9467
1190,5,124,24.80,3.6,0,corps,112.10626291009464,0.9469
1191,3,124,41.33,2.7,0,corps,112.05222328967051,0.8233
1192,2,102,51.00,2.2,0,corps,111.99821068230278,1.0208
1193,3,69,23.00,2.7,0,corps,111.94422507448829,0.9704
1194,3,178,59.33,2.7,0,corps,111.89026645273063,0.9064
1195,2,176,88.00,2.2,0,corps,111.83633480354014,0.4787
1196,2,211,105.50,2.2,0,corps,111.78243011343392,0.5999
1197,3,64,21.33,2.7,0,corps,111.72855236893575,0.9241
1198,2,146,73.00,2.2,0,corps,111.67470155657628,0.6615
1199,5,117,23.40,3.6,0,corps,111.62087766289272,1.0834
1200,4,91,22.75,3.1,0,corps,111.56708067442918,0.9340
1201,5,148,29.60,3.6,0,corps,111.51331057773635,0.8692
1202,2,176,88.00,2.2,0,corps,111.45956735937173,0.4814
1203,4,248,62.00,3.1,0,corps,111.4058510058995,0.7508
1204,2,183,91.50,2.2,0,corps,111.3521615038906,0.4696
1205,2,115,57.50,2.2,0,corps,111.2984988399226,0.6813
1206,2,98,49.00,2.2,0,corps,111.24486300057987,0.8045
1207,4,107,26.75,3.1,0,corps,111.19125397245348,1.0320
1208,2,67,33.50,2.2,0,corps,111.13767174214114,0.7768
1209,3,89,29.67,2.7,0,corps,111.08411629624729,0.7370
1210,2,81,40.50,2.2,0,corps,111.03058762138305,1.1876
1211,3,102,34.00,2.7,0,corps,110.97708570416629,0.8343
1212,3,148,49.33,2.7,0,corps,110.9236105312215,0.6112
1213,2,149,74.50,2.2,0,corps,110.8701620891799,0.6090
1214,4,116,29.00,3.1,0,corps,110.81674036467942,0.8083
1215,2,46,23.00,2.2,0,corps,110.76334534436454,0.7958
1216,4,148,37.00,3.1,0,corps,110.70997701488656,0.8828
1217,2,88,44.00,2.2,0,corps,110.65663536290337,0.7763
1218,5,188,37.60,3.6,0,corps,110.60332037507963,0.8185
1219,3,68,22.67,2.7,0,corps,110.55003203808651,1.3170
1220,2,93,46.50,2.2,0,corps,110.49677033860196,0.5248
1221,2,111,55.50,2.2,0,corps,110.44353526331054,0.7778
1222,5,90,18.00,3.6,0,corps,110.3903267989035,1.0082
1223,4,98,24.50,3.1,0,corps,110.33714493207869,0.9822
1224,2,75,37.50,2.2,0,corps,110.28398964954071,0.8619
1225,5,143,28.60,3.6,0,corps,110.23086093800067,1.0492
1226,3,132,44.00,2.7,0,corps,110.17775878417642,0.7882
1227,2,51,25.50,2.2,0,corps,110.12468317479242,0.8236
1228,2,47,23.50,2.2,0,corps,110.07163409657976,0.9033
1229,2,65,32.50,2.2,0,corps,110.01861153627618,0.8379
1230,5,197,39.40,3.6,0,corps,109.96561548062604,0.5884
1231,2,61,30.50,2.2,0,corps,109.91264591638033,0.7741
1232,2,139,69.50,2.2,0,corps,109.85970283029664,0.6981
1233,4,98,24.50,3.1,0,corps,109.80678620913922,0.9604
1234,3,210,70.00,2.7,0,corps,109.75389603967889,0.4798
1235,3,102,34.00,2.7,0,corps,109.70103230869313,0.7700
1236,5,87,17.40,3.6,0,corps,109.64819500296599,1.0649
1237,6,168,28.00,4.0,0,corps,109.59538410928813,0.7031
1238,2,106,53.00,2.2,0,corps,109.54259961445689,0.6327
1239,3,213,71.00,2.7,0,corps,109.48984150527608,0.6889
1240,2,112,56.00,2.2,0,corps,109.43710976855621,1.0434
1241,2,288,144.00,2.2,0,corps,109.3844043911143,0.5449
1242,2,155,77.50,2.2,0,corps,109.33172535977407,0.7957
1243,2,18,9.00,2.2,0,corps,109.27907266136572,2.8816
1244,2,84,42.00,2.2,0,corps,109.22644628272606,0.8031
1245,3,73,24.33,2.7,0,corps,109.17384621069854,0.9467
1246,2,58,29.00,2.2,0,corps,109.12127243213314,1.0622
1247,2,55,27.50,2.2,0,corps,109.06872493388637,1.3688
1248,2,64,32.00,2.2,0,corps,109.01620370282139,1.0790
1249,2,68,34.00,2.2,0,corps,108.96370872580788,1.5448
1250,2,62,31.00,2.2,0,corps,108.91123998972209,1.0385
1251,2,62,31.00,2.2,0,corps,108.85879748144684,1.8381
1252,3,112,37.33,2.7,0,corps,108.80638118787151,1.0666
1253,3,54,18.00,2.7,0,corps,108.75399109589206,1.3806
1254,4,89,22.25,3.1,0,corps,108.7016271924109,1.1300
1255,2,104,52.00,2.2,0,corps,108.64928946433707,0.8679
1256,3,97,32.33,2.7,0,corps,108.59697789858618,1.4407
1257,2,120,60.00,2.2,0,corps,108.54469248208028,0.5656
1258,5,138,27.60,3.6,0,corps,108.49243320174806,1.3487
1259,2,25,12.50,2.2,0,corps,108.44020004452469,1.0922
1260,3,109,36.33,2.7,0,corps,108.38799299735184,1.0548
1261,2,81,40.50,2.2,0,corps,108.33581204717784,0.8083
1262,2,40,20.00,2.2,0,corps,108.28365718095733,1.1551
1263,5,94,18.80,3.6,0,corps,108.23152838565173,1.4025
1264,4,178,44.50,3.1,0,corps,108.17942564822872,0.8939
1265,3,110,36.67,2.7,0,corps,108.12734895566267,0.8978
1266,2,45,22.50,2.2,0,corps,108.07529829493441,0.8397
1267,4,62,15.50,3.1,0,corps,108.02327365303128,1.1837
1268,2,66,33.00,2.2,0,corps,107.97127501694708,0.8844
1269,3,110,36.67,2.7,0,corps,107.91930237368219,0.7520
1270,2,97,48.50,2.2,0,corps,107.86735571024344,0.9858
1271,2,60,30.00,2.2,0,corps,107.81543501364412,0.9665
1272,3,89,29.67,2.7,0,corps,107.76354027090413,1.1621
1273,3,159,53.00,2.7,0,corps,107.71167146904976,0.6783
1274,4,85,21.25,3.1,0,corps,107.65982859511377,1.0946
1275,5,75,15.00,3.6,0,corps,107.60801163613549,1.7924
1276,2,94,47.00,2.2,0,corps,107.55622057916064,0.8211
1277,2,145,72.50,2.2,0,corps,107.50445541124148,0.6682
1278,2,66,33.00,2.2,0,corps,107.4527161194367,0.9003
1279,3,162,54.00,2.7,0,corps,107.40100269081152,1.1205
1280,2,25,12.50,2.2,0,corps,107.34931511243752,1.2918
1281,3,82,27.33,2.7,0,corps,107.29765337139285,1.0508
1282,3,20,6.67,2.7,0,corps,107.24601745476205,2.5350
1283,2,100,50.00,2.2,0,corps,107.19440734963617,0.7013
1284,4,143,35.75,3.1,0,corps,107.14282304311264,0.7601
1285,2,116,58.00,2.2,0,corps,107.09126452229545,0.6547
1286,2,141,70.50,2.2,0,corps,107.03973177429489,0.8655
1287,3,100,33.33,2.7,0,corps,106.98822478622783,0.7087
1288,3,100,33.33,2.7,0,corps,106.9367435452175,0.7007
1289,3,120,40.00,2.7,0,corps,106.88528803839358,0.7406
1290,2,26,13.00,2.2,0,corps,106.83385825289223,1.1916
1291,7,268,38.29,4.4,0,corps,106.78245417585595,0.8722
1292,2,130,65.00,2.2,0,corps,106.73107579443375,0.7043
1293,3,68,22.67,2.7,0,corps,106.67972309578104,0.8223
1294,3,37,12.33,2.7,0,corps,106.62839606705965,1.3316
1295,2,71,35.50,2.2,0,corps,106.5770946954378,0.6781
1296,8,142,17.75,4.9,0,corps,106.52581896809015,1.3230
1297,2,41,20.50,2.2,0,corps,106.47456887219782,1.1871
1298,3,77,25.67,2.7,0,corps,106.42334439494819,0.9776
1299,5,75,15.00,3.6,0,corps,106.37214552353522,1.4706
1300,2,39,19.50,2.2,0,corps,106.32097224515915,1.0354
1301,2,77,38.50,2.2,0,corps,106.26982454702669,0.8854
1302,2,120,60.00,2.2,0,corps,106.21870241635088,0.9547
1303,3,72,24.00,2.7,0,corps,106.16760584035121,1.2144
1304,2,55,27.50,2.2,0,corps,106.11653480625354,1.9072
1305,2,230,115.00,2.2,0,corps,106.06548930129011,0.9737
1306,4,77,19.25,3.1,0,corps,106.0144693126995,1.4346
1307,3,88,29.33,2.7,0,corps,105.96347482772681,0.9586
1308,2,42,21.00,2.2,0,corps,105.91250583362333,0.9656
1309,2,56,28.00,2.2,0,corps,105.86156231764683,0.9951
1310,3,43,14.33,2.7,0,corps,105.81064426706143,1.2189
1311,2,65,32.50,2.2,0,corps,105.75975166913764,0.9193
1312,4,157,39.25,3.1,0,corps,105.70888451115232,1.0823
1313,3,55,18.33,2.7,0,corps,105.65804278038864,1.4473
1314,3,167,55.67,2.7,0,corps,105.60722646413616,0.7526
1315,2,100,50.00,2.2,0,corps,105.55643554969085,1.0924
1316,3,50,16.67,2.7,0,corps,105.50567002435496,1.2192
1317,4,64,16.00,3.1,0,corps,105.4549298754371,1.1405
1318,2,102,51.00,2.2,0,corps,105.40421509025224,0.9624
1319,2,36,18.00,2.2,0,corps,105.35352565612169,1.8591
1320,2,52,26.00,2.2,0,corps,105.30286156037305,1.0013
1321,2,41,20.50,2.2,0,corps,105.25222279034034,0.9787
1322,2,29,14.50,2.2,0,corps,105.20160933336386,1.1286
1323,2,112,56.00,2.2,0,corps,105.15102117679025,0.6683
1324,2,44,22.00,2.2,0,corps,105.10045830797246,1.5103
1325,2,62,31.00,2.2,0,corps,105.04992071426975,0.9307
1326,3,97,32.33,2.7,0,corps,104.99940838304778,1.0543
1327,3,86,28.67,2.7,0,corps,104.94892130167841,0.8012
1328,4,101,25.25,3.1,0,corps,104.89845945753989,0.7747
1329,2,81,40.50,2.2,0,corps,104.84802283801675,0.6593
1330,3,80,26.67,2.7,0,corps,104.79761143049986,0.5130
1331,3,51,17.00,2.7,0,corps,104.74722522238635,1.0201
1332,5,109,21.80,3.6,0,corps,104.69686420107966,1.0455
1333,3,85,28.33,2.7,0,corps,104.64652835398958,0.5758
1334,2,58,29.00,2.2,0,corps,104.59621766853209,0.5657
1335,2,57,28.50,2.2,0,corps,104.54593213212955,0.7148
1336,3,64,21.33,2.7,0,corps,104.49567173221055,0.7446
1337,2,32,16.00,2.2,0,corps,104.44543645621,0.9992
1338,4,119,29.75,3.1,0,corps,104.3952262915691,0.7597
1339,5,150,30.00,3.6,0,corps,104.34504122573529,0.8899
1340,2,43,21.50,2.2,0,corps,104.29488124616233,1.2980
1341,2,55,27.50,2.2,0,corps,104.2447463403102,1.1018
1342,2,85,42.50,2.2,0,corps,104.19463649564516,0.8320
1343,3,68,22.67,2.7,0,corps,104.14455169963976,1.3439
1344,2,115,57.50,2.2,0,corps,104.09449193977282,0.7867
1345,5,155,31.00,3.6,0,corps,104.04445720352939,0.8997
1346,4,105,26.25,3.1,0,corps,103.99444747840076,1.0830
1347,5,96,19.20,3.6,0,corps,103.94446275188456,1.2167
1348,5,170,34.00,3.6,0,corps,103.89450301148453,3.4061
1349,2,38,19.00,2.2,0,corps,103.8445682447108,1.4411
1350,3,70,23.33,2.7,0,corps,103.79465843907964,0.9158
1351,3,74,24.67,2.7,0,corps,103.74477358211361,1.1409
1352,3,92,30.67,2.7,0,corps,103.69491366134147,0.9417
1353,3,111,37.00,2.7,0,corps,103.64507866429831,0.5941
1354,5,182,36.40,3.6,0,corps,103.5952685785253,0.9624
1355,5,80,16.00,3.6,0,corps,103.54548339156997,1.4212
1356,2,53,26.50,2.2,0,corps,103.495723090986,0.7959
1357,6,136,22.67,4.0,0,corps,103.44598766433334,4.3651
1358,3,149,49.67,2.7,0,corps,103.39627709917809,0.9696
1359,2,43,21.50,2.2,0,corps,103.34659138309266,1.0148
1360,5,72,14.40,3.6,0,corps,103.29693050365553,6.2055
1361,2,115,57.50,2.2,0,corps,103.24729444845163,0.7641
1362,3,33,11.00,2.7,0,corps,103.19768320507181,1.3189
1363,3,65,21.67,2.7,0,corps,103.14809676111332,1.2347
1364,2,23,11.50,2.2,0,corps,103.09853510417952,1.2707
1365,4,93,23.25,3.1,0,corps,103.04899822188003,1.0237
1366,2,36,18.00,2.2,0,corps,102.99948610183058,1.0153
1367,2,107,53.50,2.2,0,corps,102.94999873165322,0.7348
1368,5,128,25.60,3.6,0,corps,102.90053609897602,0.9810
1369,4,102,25.50,3.1,0,corps,102.8510981914334,0.9955
1370,2,60,30.00,2.2,0,corps,102.8016849966658,0.9622
1371,4,140,35.00,3.1,0,corps,102.75229650231998,0.8607
1372,4,243,60.75,3.1,0,corps,102.7029326960488,0.7662
1373,2,43,21.50,2.2,0,corps,102.65359356551131,1.3071
1374,3,57,19.00,2.7,0,corps,102.60427909837271,1.0787
1375,4,174,43.50,3.1,0,corps,102.55498928230442,0.9296
1376,3,87,29.00,2.7,0,corps,102.50572410498397,0.9348
1377,2,28,14.00,2.2,0,corps,102.45648355409503,1.2630
1378,2,42,21.00,2.2,0,corps,102.40726761732752,1.0690
1379,2,49,24.50,2.2,0,corps,102.35807628237741,1.4426
1380,2,23,11.50,2.2,0,corps,102.30890953694689,1.1115
1381,2,71,35.50,2.2,0,corps,102.25976736874425,0.7884
1382,6,118,19.67,4.0,0,corps,102.21064976548398,1.7521
1383,4,155,38.75,3.1,0,corps,102.16155671488667,0.8021
1384,6,155,25.83,4.0,0,corps,102.11248820467904,0.6810
1385,2,41,20.50,2.2,0,corps,102.06344422259394,0.9057
1386,3,117,39.00,2.7,0,corps,102.01442475637046,0.5887
1387,2,63,31.50,2.2,0,corps,101.96542979375364,0.8474
1388,2,105,52.50,2.2,0,corps,101.9164593224948,0.8606
1389,4,246,61.50,3.1,0,corps,101.86751333035131,0.7764
1390,2,19,9.50,2.2,0,corps,101.81859180508665,3.4281
1391,2,42,21.00,2.2,0,corps,101.76969473447043,0.5680
1392,2,42,21.00,2.2,0,corps,101.72082210627845,0.8798
1393,2,44,22.00,2.2,0,corps,101.67197390829246,0.9081
1394,5,133,26.60,3.6,0,corps,101.62315012830048,0.8648
1395,5,65,13.00,3.6,0,corps,101.57435075409653,1.4627
1396,2,63,31.50,2.2,0,corps,101.52557577348078,0.8029
1397,2,70,35.00,2.2,0,corps,101.47682517425949,0.8591
1398,2,43,21.50,2.2,0,corps,101.42809894424498,1.1620
1399,5,147,29.40,3.6,0,corps,101.37939707125574,0.7805
1400,2,18,9.00,2.2,0,corps,101.33071954311626,3.0935
1401,4,74,18.50,3.1,0,corps,101.28206634765718,1.1855
1402,6,102,17.00,4.0,0,corps,101.23343747271518,4.9583
1403,2,91,45.50,2.2,0,corps,101.18483290613307,0.9801
1404,2,35,17.50,2.2,0,corps,101.13625263575967,1.1221
1405,2,38,19.00,2.2,0,corps,101.08769664944997,0.9585
1406,3,100,33.33,2.7,0,corps,101.03916493506493,0.9683
1407,4,76,19.00,3.1,0,corps,100.9906574804716,1.2725
1408,2,41,20.50,2.2,0,corps,100.94217427354317,1.2287
1409,2,93,46.50,2.2,0,corps,100.89371530215881,0.9701
1410,4,55,13.75,3.1,0,corps,100.84528055420377,1.5597
1411,5,115,23.00,3.6,0,corps,100.79687001756936,3.6936
1412,4,81,20.25,3.1,0,corps,100.74848368015299,5.7443
1413,2,47,23.50,2.2,0,corps,100.70012152985804,1.1139
1414,2,43,21.50,2.2,0,corps,100.65178355459396,0.8776
1415,3,114,38.00,2.7,0,corps,100.60346974227627,0.6231
1416,2,58,29.00,2.2,0,corps,100.55518008082656,0.9267
1417,3,59,19.67,2.7,0,corps,100.50691455817233,1.6260
1418,2,177,88.50,2.2,0,corps,100.45867316224727,0.5426
1419,3,97,32.33,2.7,0,corps,100.41045588099095,0.9287
1420,6,201,33.50,4.0,0,corps,100.36226270234916,0.8066
1421,2,133,66.50,2.2,0,corps,100.31409361427353,0.4871
1422,3,257,85.67,2.7,0,corps,100.2659486047218,0.6694
1423,2,38,19.00,2.2,0,corps,100.21782766165772,1.2223
1424,2,57,28.50,2.2,0,corps,100.16973077305107,0.5767
1425,2,84,42.00,2.2,0,corps,100.12165792687759,0.8562
1426,2,33,16.50,2.2,0,corps,100.07360911111911,1.1308
1427,2,105,52.50,2.2,0,corps,100.0255843137634,0.7007
1428,2,25,12.50,2.2,0,corps,99.97758352280431,0.9573
1429,2,42,21.00,2.2,0,corps,99.92960672624154,0.9373
1430,2,101,50.50,2.2,0,corps,99.88165391208098,0.7895
1431,2,63,31.50,2.2,0,corps,99.8337250683344,0.8039
1432,2,42,21.00,2.2,0,corps,99.78582018301958,0.7062
1433,4,99,24.75,3.1,0,corps,99.73793924416029,0.7786
1434,4,54,13.50,3.1,0,corps,99.69008223978634,1.7412
1435,2,64,32.00,2.2,0,corps,99.64224915793342,0.6968
1436,2,175,87.50,2.2,0,corps,99.59443998664331,0.5760
1437,2,134,67.00,2.2,0,corps,99.54665471396368,0.5707
1438,2,46,23.00,2.2,0,corps,99.49889332794824,1.3187
1439,2,64,32.00,2.2,0,corps,99.45115581665661,0.8898
1440,5,131,26.20,3.6,0,corps,99.40344216815446,1.3215
1441,2,30,15.00,2.2,0,corps,99.35575237051331,1.0228
1442,2,40,20.00,2.2,0,corps,99.30808641181078,0.9564
1443,2,54,27.00,2.2,0,corps,99.26044428013032,0.9817
1444,3,100,33.33,2.7,0,corps,99.21282596356146,0.9318
1445,2,63,31.50,2.2,0,corps,99.16523145019957,0.7549
1446,2,60,30.00,2.2,0,corps,99.11766072814603,0.7862
1447,2,144,72.00,2.2,0,corps,99.07011378550818,0.9948
1448,7,132,18.86,4.4,0,corps,99.02259061039928,3.0949
1449,5,49,9.80,3.6,0,corps,98.97509119093851,1.4567
1450,3,279,93.00,2.7,0,corps,98.92761551525105,0.6937
1451,3,140,46.67,2.7,0,corps,98.88016357146793,0.8361
1452,5,166,33.20,3.6,0,corps,98.83273534772624,1.0051
1453,2,46,23.00,2.2,0,corps,98.78533083216885,1.3074
1454,5,120,24.00,3.6,0,corps,98.73795001294468,3.0680
1455,2,57,28.50,2.2,0,corps,98.69059287820849,1.0428
1456,5,98,19.60,3.6,0,corps,98.64325941612103,1.0922
1457,5,131,26.20,3.6,0,corps,98.5959496148489,1.0471
1458,2,62,31.00,2.2,0,corps,98.54866346256468,0.7287
1459,7,154,22.00,4.4,0,corps,98.50140094744681,2.5340
1460,7,135,19.29,4.4,0,corps,98.45416205767968,1.0901
1461,2,46,23.00,2.2,0,corps,98.40694678145354,1.1457
1462,2,418,209.00,2.2,0,corps,98.35975510696461,0.4192
1463,2,37,18.50,2.2,0,corps,98.31258702241492,0.6620
1464,2,56,28.00,2.2,0,corps,98.26544251601248,0.8435
1465,4,92,23.00,3.1,0,corps,98.21832157597119,0.9764
1466,3,63,21.00,2.7,0,corps,98.17122419051077,1.0358
1467,2,69,34.50,2.2,0,corps,98.12415034785687,0.8209
1468,2,25,12.50,2.2,0,corps,98.07710003624106,0.9790
1469,2,43,21.50,2.2,0,corps,98.03007324390074,1.2390
1470,2,61,30.50,2.2,0,corps,97.98306995907924,0.6193
1471,5,232,46.40,3.6,0,corps,97.93609017002571,0.5504
1472,6,171,28.50,4.0,0,corps,97.88913386499523,0.7435
1473,2,40,20.00,2.2,0,corps,97.84220103224867,0.9010
1474,2,64,32.00,2.2,0,corps,97.79529166005287,0.6186
1475,3,74,24.67,2.7,0,corps,97.74840573668048,1.0342
1476,2,33,16.50,2.2,0,corps,97.70154325041001,0.9058
1477,2,64,32.00,2.2,0,corps,97.65470418952583,0.6362
1478,2,73,36.50,2.2,0,corps,97.60788854231821,0.8191
1479,2,50,25.00,2.2,0,corps,97.5610962970832,0.8411
1480,5,132,26.40,3.6,0,corps,97.51432744212273,1.0678
1481,7,129,18.43,4.4,0,corps,97.46758196574464,1.4973
1482,2,50,25.00,2.2,0,corps,97.42085985626252,0.7491
1483,2,172,86.00,2.2,0,corps,97.37416110199584,0.9136
1484,2,50,25.00,2.2,0,corps,97.32748569126993,0.9227
1485,5,203,40.60,3.6,0,corps,97.28083361241592,0.8503
1486,2,65,32.50,2.2,0,corps,97.2342048537708,1.1249
1487,5,133,26.60,3.6,0,corps,97.1875994036774,0.9927
1488,2,87,43.50,2.2,0,corps,97.14101725048432,1.1872
1489,4,70,17.50,3.1,0,corps,97.09445838254604,1.4535
1490,2,115,57.50,2.2,0,corps,97.04792278822283,0.9344
1491,3,38,12.67,2.7,0,corps,97.00141045588082,1.1287
1492,3,95,31.67,2.7,0,corps,96.9549213738919,0.7860
1493,2,40,20.00,2.2,0,corps,96.9084555306338,0.7011
1494,2,245,122.50,2.2,0,corps,96.86201291449008,0.5224
1495,6,161,26.83,4.0,0,corps,96.81559351385005,1.0118
1496,2,155,77.50,2.2,0,corps,96.7691973171089,0.5984
1497,3,56,18.67,2.7,0,corps,96.72282431266757,0.9613
1498,3,228,76.00,2.7,0,corps,96.6764744889328,0.6881
1499,2,54,27.00,2.2,0,corps,96.63014783431711,1.5673
1500,4,164,41.00,3.1,0,corps,96.58384433723887,1.1069
1501,5,133,26.60,3.6,0,corps,96.53756398612222,0.7881
1502,4,97,24.25,3.1,0,corps,96.49130676939703,3.7056
1503,6,107,17.83,4.0,0,corps,96.44507267549902,3.1534
1504,6,144,24.00,4.0,0,corps,96.39886169286966,1.1829
1505,2,72,36.00,2.2,0,corps,96.3526738099562,0.9797
1506,2,69,34.50,2.2,0,corps,96.30650901521167,0.9340
1507,3,94,31.33,2.7,0,corps,96.26036729709489,1.0568
1508,3,79,26.33,2.7,0,corps,96.2142486440704,0.9845
1509,3,58,19.33,2.7,0,corps,96.16815304460854,1.5622
1510,2,69,34.50,2.2,0,corps,96.12208048718544,1.2750
1511,7,192,27.43,4.4,0,corps,96.07603096028295,1.0174
1512,2,90,45.00,2.2,0,corps,96.03000445238865,0.8566
1513,8,188,23.50,4.9,0,corps,95.98400095199597,0.9830
1514,5,56,11.20,3.6,0,corps,95.93802044760399,1.3426
1515,3,55,18.33,2.7,0,corps,95.89206292771762,1.1526
1516,5,162,32.40,3.6,0,corps,95.84612838084745,1.0122
1517,3,71,23.67,2.7,0,corps,95.80021679550985,0.9842
1518,2,30,15.00,2.2,0,corps,95.75432816022692,1.1757
1519,5,97,19.40,3.6,0,corps,95.70846246352653,1.0638
1520,3,41,13.67,2.7,0,corps,95.6626196939422,1.1819
1521,3,54,18.00,2.7,0,corps,95.6167998400133,1.4460
1522,4,86,21.50,3.1,0,corps,95.57100289028483,1.0405
1523,4,115,28.75,3.1,0,corps,95.52522883330757,0.8605
1524,5,211,42.20,3.6,0,corps,95.47947765763797,0.7592
1525,2,81,40.50,2.2,0,corps,95.43374935183829,1.1077
1526,2,105,52.50,2.2,0,corps,95.38804390447639,0.8188
1527,5,136,27.20,3.6,0,corps,95.34236130412597,1.0678
1528,7,57,8.14,4.4,0,corps,95.29670153936634,2.3730
1529,2,90,45.00,2.2,0,corps,95.25106459878258,0.8561
1530,4,267,66.75,3.1,0,corps,95.20545047096543,1.5323
1531,4,82,20.50,3.1,0,corps,95.15985914451139,1.7453
1532,3,174,58.00,2.7,0,corps,95.11429060802257,0.8110
1533,3,57,19.00,2.7,0,corps,95.06874485010694,1.0314
1534,3,103,34.33,2.7,0,corps,95.02322185937795,0.9192
1535,4,104,26.00,3.1,0,corps,94.97772162445493,0.9742
1536,5,114,22.80,3.6,0,corps,94.93224413396277,1.0984
1537,5,60,12.00,3.6,0,corps,94.8867893765321,2.1836
1538,5,105,21.00,3.6,0,corps,94.84135734079928,1.3006
1539,2,26,13.00,2.2,0,corps,94.79594801540625,1.1404
1540,2,75,37.50,2.2,0,corps,94.75056138900071,1.0157
1541,3,69,23.00,2.7,0,corps,94.70519745023597,1.2333
1542,5,156,31.20,3.6,0,corps,94.65985618777107,0.9767
1543,2,135,67.50,2.2,0,corps,94.61453759027071,0.4671
1544,2,37,18.50,2.2,0,corps,94.56924164640522,1.4281
1545,5,53,10.60,3.6,0,corps,94.52396834485059,1.8872
1546,2,68,34.00,2.2,0,corps,94.47871767428853,0.8230
1547,2,60,30.00,2.2,0,corps,94.43348962340636,0.7600
1548,2,61,30.50,2.2,0,corps,94.38828418089706,0.8482
1549,7,87,12.43,4.4,0,corps,94.3431013354593,1.2230
1550,2,100,50.00,2.2,0,corps,94.2979410757973,0.8039
1551,3,131,43.67,2.7,0,corps,94.25280339062107,1.2918
1552,2,136,68.00,2.2,0,corps,94.20768826864614,0.8154
1553,5,106,21.20,3.6,0,corps,94.16259569859378,0.9530
1554,2,48,24.00,2.2,0,corps,94.11752566919078,0.9685
1555,2,33,16.50,2.2,0,corps,94.07247816916968,0.8015
1556,3,65,21.67,2.7,0,corps,94.02745318726858,0.8292
1557,2,147,73.50,2.2,0,corps,93.98245071223127,0.7639
1558,2,51,25.50,2.2,0,corps,93.93747073280709,0.9728
1559,2,120,60.00,2.2,0,corps,93.89251323775106,0.6135
1560,2,52,26.00,2.2,0,corps,93.84757821582382,0.4877
1561,2,27,13.50,2.2,0,corps,93.8026656557916,1.2601
1562,4,95,23.75,3.1,0,corps,93.75777554642625,1.0629
1563,2,15,7.50,2.2,0,corps,93.71290787650527,1.6518
1564,3,89,29.67,2.7,0,corps,93.6680626348117,1.0678
1565,3,56,18.67,2.7,0,corps,93.62323981013428,1.0494
1566,3,70,23.33,2.7,0,corps,93.57843939126727,1.3300
1567,4,131,32.75,3.1,0,corps,93.53366136701058,2.4513
1568,3,79,26.33,2.7,0,corps,93.48890572616969,1.2710
1569,3,92,30.67,2.7,0,corps,93.44417245755571,1.1151
1570,2,86,43.00,2.2,0,corps,93.39946154998529,0.9835
1571,3,116,38.67,2.7,0,corps,93.35477299228074,0.7029
1572,6,179,29.83,4.0,0,corps,93.31010677326988,1.1634
1573,5,111,22.20,3.6,0,corps,93.26546288178622,1.1961
1574,3,46,15.33,2.7,0,corps,93.22084130666872,1.6094
1575,2,64,32.00,2.2,0,corps,93.17624203676202,0.9933
1576,2,28,14.00,2.2,0,corps,93.13166506091628,1.0183
1577,4,156,39.00,3.1,0,corps,93.08711036798728,1.9908
1578,4,113,28.25,3.1,0,corps,93.04257794683633,0.9282
1579,2,24,12.00,2.2,0,corps,92.99806778633032,1.3499
1580,2,31,15.50,2.2,0,corps,92.95357987534175,1.1518
1581,5,77,15.40,3.6,0,corps,92.9091142027486,2.0919
1582,2,82,41.00,2.2,0,corps,92.86467075743444,0.9897
1583,6,77,12.83,4.0,0,corps,92.82024952828846,1.9442
1584,3,173,57.67,2.7,0,corps,92.77585050420531,1.1059
1585,5,191,38.20,3.6,0,corps,92.73147367408527,1.1114
1586,6,151,25.17,4.0,0,corps,92.68711902683407,1.2167
1587,2,49,24.50,2.2,0,corps,92.64278655136313,1.0466
1588,6,108,18.00,4.0,0,corps,92.59847623658928,1.3931
1589,2,70,35.00,2.2,0,corps,92.55418807143492,1.0863
1590,4,209,52.25,3.1,0,corps,92.50992204482807,0.8143
1591,3,62,20.67,2.7,0,corps,92.4656781457022,1.3826
1592,2,35,17.50,2.2,0,corps,92.4214563629963,1.7380
1593,6,144,24.00,4.0,0,corps,92.37725668565497,1.1216
1594,2,148,74.00,2.2,0,corps,92.33307910262826,0.6438
1595,4,65,16.25,3.1,0,corps,92.28892360287179,1.3979
1596,4,85,21.25,3.1,0,corps,92.2447901753467,1.3713
1597,2,50,25.00,2.2,0,corps,92.20067880901959,1.0435
1598,3,94,31.33,2.7,0,corps,92.15658949286264,1.2359
1599,5,108,21.60,3.6,0,corps,92.11252221585353,1.4066
1600,3,63,21.00,2.7,0,corps,92.06847696697544,1.2224
1601,3,43,14.33,2.7,0,corps,92.02445373521704,2.1331
1602,4,168,42.00,3.1,0,corps,91.98045250957253,0.9617
1603,2,19,9.50,2.2,0,corps,91.9364732790416,2.6882
1604,2,65,32.50,2.2,0,corps,91.89251603262947,1.0706
1605,2,69,34.50,2.2,0,corps,91.84858075934679,1.1121
1606,2,33,16.50,2.2,0,corps,91.80466744820976,0.9097
1607,2,25,12.50,2.2,0,corps,91.76077608824006,1.0518
1608,2,22,11.00,2.2,0,corps,91.71690666846483,1.8569
1609,4,104,26.00,3.1,0,corps,91.67305917791671,1.3970
1610,2,25,12.50,2.2,0,corps,91.62923360563386,2.2582
1611,2,62,31.00,2.2,0,corps,91.58542994065986,1.0062
1612,3,95,31.67,2.7,0,corps,91.54164817204381,1.2664
1613,2,23,11.50,2.2,0,corps,91.49788828884026,1.9507
1614,2,44,22.00,2.2,0,corps,91.45415028010923,1.2356
1615,2,18,9.00,2.2,0,corps,91.41043413491623,2.8409
1616,2,177,88.50,2.2,0,corps,91.3667398423322,0.8604
1617,2,76,38.00,2.2,0,corps,91.32306739143361,1.0935
1618,3,53,17.67,2.7,0,corps,91.27941677130231,2.1924
1619,2,169,84.50,2.2,0,corps,91.23578797102566,0.7851
1620,3,174,58.00,2.7,0,corps,91.19218097969646,0.8836
1621,2,50,25.00,2.2,0,corps,91.14859578641297,1.2337
1622,2,60,30.00,2.2,0,corps,91.10503238027886,1.2060
1623,3,42,14.00,2.7,0,corps,91.06149075040331,1.4914
1624,2,21,10.50,2.2,0,corps,91.0179708859009,1.9399
1625,4,99,24.75,3.1,0,corps,90.97447277589166,1.0469
1626,2,16,8.00,2.2,0,corps,90.93099640950106,1.2821
1627,3,49,16.33,2.7,0,corps,90.88754177586004,1.9991
1628,3,86,28.67,2.7,0,corps,90.84410886410488,0.9220
1629,6,197,32.83,4.0,0,corps,90.80069766337743,1.0152
1630,3,96,32.00,2.7,0,corps,90.75730816282483,0.9701
1631,4,131,32.75,3.1,0,corps,90.7139403515997,0.9889
1632,2,53,26.50,2.2,0,corps,90.67059421886015,1.2400
1633,7,501,71.57,4.4,0,corps,90.62726975376958,0.8107
1634,3,32,10.67,2.7,0,corps,90.5839669454969,1.7974
1635,6,115,19.17,4.0,0,corps,90.5406857832164,1.2460
1636,3,31,10.33,2.7,0,corps,90.49742625610781,1.4992
1637,3,65,21.67,2.7,0,corps,90.45418835335623,1.0146
1638,6,114,19.00,4.0,0,corps,90.4109720641522,3.7421
1639,4,48,12.00,3.1,0,corps,90.36777737769162,1.8751
1640,4,71,17.75,3.1,0,corps,90.32460428317587,1.2209
1641,4,170,42.50,3.1,0,corps,90.2814527698116,0.7974
1642,3,59,19.67,2.7,0,corps,90.23832282681099,1.4074
1643,4,83,20.75,3.1,0,corps,90.19521444339152,0.8220
1644,2,121,60.50,2.2,0,corps,90.15212760877614,0.4580
1645,2,130,65.00,2.2,0,corps,90.10906231219307,0.4792
1646,4,102,25.50,3.1,0,corps,90.06601854287607,1.6059
1647,7,157,22.43,4.4,0,corps,90.02299629006411,1.1508
1648,3,124,41.33,2.7,0,corps,89.9799955430017,0.9345
1649,3,37,12.33,2.7,0,corps,89.93701629093862,1.2093
1650,5,153,30.60,3.6,0,corps,89.89405852313006,1.0004
1651,2,66,33.00,2.2,0,corps,89.85112222883657,0.8812
1652,2,157,78.50,2.2,0,corps,89.8082073973241,0.4750
1653,4,61,15.25,3.1,0,corps,89.7653140178639,1.0386
1654,6,115,19.17,4.0,0,corps,89.72244207973267,0.9915
1655,3,91,30.33,2.7,0,corps,89.67959157221239,0.9406
1656,4,261,65.25,3.1,0,corps,89.63676248459048,0.5808
1657,4,111,27.75,3.1,0,corps,89.59395480615962,1.0290
1658,5,66,13.20,3.6,0,corps,89.55116852621791,1.2171
1659,2,201,100.50,2.2,0,corps,89.50840363406877,0.4481
1660,2,44,22.00,2.2,0,corps,89.46566011902098,0.7995
1661,3,94,31.33,2.7,0,corps,89.42293797038867,0.7954
1662,2,107,53.50,2.2,0,corps,89.3802371774913,0.6929
1663,4,84,21.00,3.1,0,corps,89.33755772965367,1.0829
1664,4,107,26.75,3.1,0,corps,89.29489961620591,1.1557
1665,2,47,23.50,2.2,0,corps,89.2522628264835,1.6360
1666,2,25,12.50,2.2,0,corps,89.20964734982726,1.0087
1667,3,95,31.67,2.7,0,corps,89.16705317558328,1.0882
1668,2,18,9.00,2.2,0,corps,89.12448029310305,1.4184
1669,4,94,23.50,3.1,0,corps,89.08192869174331,1.0757
1670,8,212,26.50,4.9,0,corps,89.03939836086622,1.1447
1671,2,90,45.00,2.2,0,corps,88.99688928983915,0.8537
1672,3,80,26.67,2.7,0,corps,88.95440146803483,1.2741
1673,2,27,13.50,2.2,0,corps,88.91193488483134,1.2158
1674,3,41,13.67,2.7,0,corps,88.86948952961203,1.5814
1675,2,117,58.50,2.2,0,corps,88.8270653917655,0.8384
1676,2,45,22.50,2.2,0,corps,88.78466246068578,1.3897
1677,8,137,17.12,4.9,0,corps,88.74228072577212,2.7114
1678,2,62,31.00,2.2,0,corps,88.69992017642909,1.9019
1679,2,56,28.00,2.2,0,corps,88.65758080206653,1.4973
1680,2,29,14.50,2.2,0,corps,88.61526259209963,1.1025
1681,2,48,24.00,2.2,0,corps,88.57296553594878,1.1168
1682,3,137,45.67,2.7,0,corps,88.53068962303979,0.7148
1683,2,33,16.50,2.2,0,corps,88.48843484280364,1.0972
1684,4,64,16.00,3.1,0,corps,88.44620118467664,1.5073
1685,2,28,14.00,2.2,0,corps,88.40398863810039,1.2139
1686,5,87,17.40,3.6,0,corps,88.3617971925217,0.9348
1687,4,250,62.50,3.1,0,corps,88.31962683739278,0.7511
1688,5,171,34.20,3.6,0,corps,88.277477562171,1.0444
1689,4,153,38.25,3.1,0,corps,88.23534935631905,0.8128
1690,6,103,17.17,4.0,0,corps,88.19324220930488,1.2189
1691,2,59,29.50,2.2,0,corps,88.15115611060169,0.9091
1692,2,41,20.50,2.2,0,corps,88.10909104968798,1.3511
1693,4,64,16.00,3.1,0,corps,88.06704701604745,1.4592
1694,4,150,37.50,3.1,0,corps,88.02502399916914,0.8972
1695,2,43,21.50,2.2,0,corps,87.98302198854725,0.7559
1696,2,30,15.00,2.2,0,corps,87.94104097368131,0.7742
1697,2,92,46.00,2.2,0,corps,87.89908094407602,0.8917
1698,3,28,9.33,2.7,0,corps,87.85714188924143,1.9770
1699,2,58,29.00,2.2,0,corps,87.81522379869273,1.2389
1700,4,73,18.25,3.1,0,corps,87.77332666195043,1.3225
1701,9,111,12.33,5.3,0,corps,87.73145046854023,4.9227
1702,2,91,45.50,2.2,0,corps,87.6895952079931,0.8072
1703,2,61,30.50,2.2,0,corps,87.64776086984517,0.8722
1704,2,26,13.00,2.2,0,corps,87.60594744363792,1.2978
1705,2,19,9.50,2.2,0,corps,87.56415491891795,1.3767
1706,5,82,16.40,3.6,0,corps,87.52238328523715,1.3513
1707,3,102,34.00,2.7,0,corps,87.48063253215261,1.1777
1708,3,26,8.67,2.7,0,corps,87.43890264922663,2.2169
1709,4,61,15.25,3.1,0,corps,87.39719362602676,1.3380
1710,2,26,13.00,2.2,0,corps,87.35550545212574,1.5984
1711,5,221,44.20,3.6,0,corps,87.3138381171015,0.8213
1712,2,61,30.50,2.2,0,corps,87.27219161053722,0.8172
1713,4,108,27.00,3.1,0,corps,87.23056592202127,0.9240
1714,4,186,46.50,3.1,0,corps,87.18896104114727,0.8099
1715,2,81,40.50,2.2,0,corps,87.14737695751393,1.1889
1716,4,79,19.75,3.1,0,corps,87.10581366072527,1.3870
1717,2,84,42.00,2.2,0,corps,87.06427114039046,0.7941
1718,13,282,21.69,7.1,0,corps,87.02274938612386,0.8927
1719,3,167,55.67,2.7,0,corps,86.98124838754505,0.5957
1720,4,88,22.00,3.1,0,corps,86.93976813427878,1.0280
1721,2,77,38.50,2.2,0,corps,86.89830861595496,0.6170
1722,2,44,22.00,2.2,0,corps,86.85686982220872,0.8773
1723,3,171,57.00,2.7,0,corps,86.81545174268037,0.6120
1724,2,204,102.00,2.2,0,corps,86.7740543670154,0.7091
1725,5,75,15.00,3.6,0,corps,86.73267768486443,1.5608
1726,2,30,15.00,2.2,0,corps,86.69132168588332,1.1846
1727,4,111,27.75,3.1,0,corps,86.64998635973309,2.8627
1728,3,47,15.67,2.7,0,corps,86.60867169607987,1.0001
1729,2,134,67.00,2.2,0,corps,86.56737768459497,0.6064
1730,4,73,18.25,3.1,0,corps,86.52610431495495,1.4987
1731,3,83,27.67,2.7,0,corps,86.48485157684144,0.7404
1732,3,122,40.67,2.7,0,corps,86.44361945994125,0.8620
1733,2,73,36.50,2.2,0,corps,86.40240795394634,1.0581
1734,2,93,46.50,2.2,0,corps,86.36121704855387,0.7107
1735,2,43,21.50,2.2,0,corps,86.32004673346606,0.9438
1736,3,28,9.33,2.7,0,corps,86.2788969983904,1.2607
1737,3,28,9.33,2.7,0,corps,86.23776783303938,1.8070
1738,2,111,55.50,2.2,0,corps,86.19665922713078,1.0713
1739,2,68,34.00,2.2,0,corps,86.1555711703874,0.8449
1740,3,54,18.00,2.7,0,corps,86.11450365253724,1.0605
1741,2,85,42.50,2.2,0,corps,86.07345666331342,1.0168
1742,6,101,16.83,4.0,0,corps,86.0324301924542,1.3165
1743,4,161,40.25,3.1,0,corps,85.99142422970296,0.8150
1744,2,66,33.00,2.2,0,corps,85.95043876480818,0.9899
1745,2,65,32.50,2.2,0,corps,85.90947378752354,1.2848
1746,2,42,21.00,2.2,0,corps,85.86852928760777,1.1338
1747,6,145,24.17,4.0,0,corps,85.82760525482475,1.3204
1748,3,46,15.33,2.7,0,corps,85.78670167894347,1.6950
1749,5,105,21.00,3.6,0,corps,85.74581854973802,1.2485
1750,3,148,49.33,2.7,0,corps,85.70495585698764,0.9855
1751,6,106,17.67,4.0,0,corps,85.66411359047666,1.1186
1752,2,48,24.00,2.2,0,corps,85.6232917399945,0.9303
1753,5,92,18.40,3.6,0,corps,85.5824902953357,3.4500
1754,5,150,30.00,3.6,0,corps,85.5417092462999,1.1170
1755,2,27,13.50,2.2,0,corps,85.50094858269183,1.9461
1756,3,77,25.67,2.7,0,corps,85.46020829432133,1.0696
1757,5,153,30.60,3.6,0,corps,85.41948837100333,1.0535
1758,4,75,18.75,3.1,0,corps,85.37878880255785,2.7975
1759,5,174,34.80,3.6,0,corps,85.33810957880999,1.1231
1760,4,118,29.50,3.1,0,corps,85.29745068958995,1.2955
1761,2,35,17.50,2.2,0,corps,85.256812124733,1.1556
1762,2,45,22.50,2.2,0,corps,85.21619387407952,1.2457
1763,3,84,28.00,2.7,0,corps,85.17559592747492,1.0289
1764,5,117,23.40,3.6,0,corps,85.13501827476972,1.0397
1765,2,133,66.50,2.2,0,corps,85.09446090581953,0.6840
1766,9,188,20.89,5.3,0,corps,85.05392381048496,1.1541
1767,4,68,17.00,3.1,0,corps,85.01340697863179,1.1671
1768,4,51,12.75,3.1,0,corps,84.97291040013077,1.3544
1769,3,85,28.33,2.7,0,corps,84.93243406485779,0.8114
1770,2,42,21.00,2.2,0,corps,84.89197796269373,1.0380
1771,2,49,24.50,2.2,0,corps,84.8515420835246,0.8468
1772,3,42,14.00,2.7,0,corps,84.8111264172414,1.5688
1773,8,87,10.88,4.9,0,corps,84.77073095374023,2.1031
1774,3,64,21.33,2.7,0,corps,84.73035568292221,1.2284
1775,3,64,21.33,2.7,0,corps,84.69000059469354,1.4357
1776,2,51,25.50,2.2,0,corps,84.64966567896543,0.9571
1777,3,96,32.00,2.7,0,corps,84.60935092565417,0.9614
1778,2,53,26.50,2.2,0,corps,84.56905632468106,0.8528
1779,3,96,32.00,2.7,0,corps,84.52878186597245,0.8281
1780,3,208,69.33,2.7,0,corps,84.48852753945972,0.5538
1781,4,118,29.50,3.1,0,corps,84.4482933350793,1.1589
1782,4,48,12.00,3.1,0,corps,84.40807924277263,1.5704
1783,6,62,10.33,4.0,0,corps,84.36788525248619,1.4424
1784,2,47,23.50,2.2,0,corps,84.32771135417147,0.6945
1785,6,103,17.17,4.0,0,corps,84.28755753778503,1.0551
1786,5,135,27.00,3.6,0,corps,84.24742379328838,0.9702
1787,2,39,19.50,2.2,0,corps,84.2073101106481,1.1017
1788,2,104,52.00,2.2,0,corps,84.16721647983576,0.7163
1789,3,69,23.00,2.7,0,corps,84.12714289082797,1.1020
1790,3,41,13.67,2.7,0,corps,84.0870893336063,1.1983
1791,6,97,16.17,4.0,0,corps,84.04705579815739,1.3605
1792,3,65,21.67,2.7,0,corps,84.00704227447285,0.7692
1793,5,155,31.00,3.6,0,corps,83.9670487525493,0.9051
1794,4,60,15.00,3.1,0,corps,83.92707522238834,1.3227
1795,2,31,15.50,2.2,0,corps,83.88712167399662,1.7567
1796,5,114,22.80,3.6,0,corps,83.84718809738571,1.2112
1797,4,57,14.25,3.1,0,corps,83.80727448257225,1.0743
1798,5,152,30.40,3.6,0,corps,83.76738081957784,0.8909
1799,6,251,41.83,4.0,0,corps,83.72750709842904,0.7043
1800,3,47,15.67,2.7,0,corps,83.68765330915743,1.9199
1801,4,90,22.50,3.1,0,corps,83.64781944179957,1.1228
1802,3,74,24.67,2.7,0,corps,83.60800548639696,1.2227
1803,3,88,29.33,2.7,0,corps,83.56821143299616,0.9546
1804,6,115,19.17,4.0,0,corps,83.52843727164863,1.4682
1805,2,57,28.50,2.2,0,corps,83.48868299241083,1.2458
1806,3,89,29.67,2.7,0,corps,83.44894858534418,0.9256
1807,4,50,12.50,3.1,0,corps,83.40923404051512,1.9441
1808,3,65,21.67,2.7,0,corps,83.36953934799496,0.9938
1809,2,43,21.50,2.2,0,corps,83.32986449786006,1.1623
1810,9,119,13.22,5.3,0,corps,83.29020948019169,1.4237
1811,2,101,50.50,2.2,0,corps,83.25057428507611,0.8075
1812,2,69,34.50,2.2,0,corps,83.2109589026045,1.0030
1813,5,61,12.20,3.6,0,corps,83.17136332287305,1.3284
1814,3,55,18.33,2.7,0,corps,83.13178753598282,1.4100
1815,10,305,30.50,5.8,0,corps,83.09223153203989,1.3960
1816,3,105,35.00,2.7,0,corps,83.05269530115528,0.9086
1817,6,318,53.00,4.0,0,corps,83.01317883344488,0.7658
1818,2,38,19.00,2.2,0,corps,82.97368211902962,1.2239
1819,3,124,41.33,2.7,0,corps,82.93420514803529,0.8258
1820,4,128,32.00,3.1,0,corps,82.89474791059264,0.7333
1821,7,175,25.00,4.4,0,corps,82.85531039683742,1.0173
1822,2,86,43.00,2.2,0,corps,82.81589259691017,0.7317
1823,3,64,21.33,2.7,0,corps,82.77649450095652,1.2369
1824,7,138,19.71,4.4,0,corps,82.73711609912687,1.2518
1825,3,92,30.67,2.7,0,corps,82.69775738157668,0.8345
1826,3,79,26.33,2.7,0,corps,82.6584183384662,0.8895
1827,3,63,21.00,2.7,0,corps,82.61909895996077,1.2530
1828,2,54,27.00,2.2,0,corps,82.57979923623046,1.4102
1829,2,66,33.00,2.2,0,corps,82.54051915745038,0.6660
1830,3,91,30.33,2.7,0,corps,82.50125871380048,1.0262
1831,2,84,42.00,2.2,0,corps,82.46201789546569,0.8557
1832,3,64,21.33,2.7,0,corps,82.42279669263577,1.2215
1833,7,144,20.57,4.4,0,corps,82.38359509550544,1.0450
1834,2,31,15.50,2.2,0,corps,82.34441309427429,1.2943
1835,4,94,23.50,3.1,0,corps,82.30525067914681,1.1083
1836,3,122,40.67,2.7,0,corps,82.26610784033241,0.8866
1837,2,33,16.50,2.2,0,corps,82.2269845680454,1.4274
1838,2,13,6.50,2.2,0,corps,82.18788085250492,1.9040
1839,3,39,13.00,2.7,0,corps,82.14879668393506,1.4127
1840,6,110,18.33,4.0,0,corps,82.10973205256478,1.1055
1841,2,26,13.00,2.2,0,corps,82.07068694862792,2.5498
1842,4,101,25.25,3.1,0,corps,82.03166136236321,1.4128
1843,5,135,27.00,3.6,0,corps,81.99265528401423,1.1343
1844,5,100,20.00,3.6,0,corps,81.95366870382949,1.1614
1845,2,70,35.00,2.2,0,corps,81.91470161206234,0.9744
1846,5,98,19.60,3.6,0,corps,81.87575399897099,1.1775
1847,2,74,37.00,2.2,0,corps,81.83682585481854,0.9248
1848,7,147,21.00,4.4,0,corps,81.79791716987296,1.0814
1849,5,129,25.80,3.6,0,corps,81.7590279344071,1.0751
1850,3,150,50.00,2.7,0,corps,81.7201581386986,0.8547
1851,2,31,15.50,2.2,0,corps,81.68130777303006,1.2722
1852,4,39,9.75,3.1,0,corps,81.64247682768885,2.1193
1853,3,93,31.00,2.7,0,corps,81.60366529296726,0.7136
1854,5,128,25.60,3.6,0,corps,81.5648731591624,0.9584
1855,2,43,21.50,2.2,0,corps,81.52610041657623,1.3323
1856,9,235,26.11,5.3,0,corps,81.48734705551557,1.4812
1857,2,45,22.50,2.2,0,corps,81.44861306629207,1.2021
1858,2,20,10.00,2.2,0,corps,81.40989843922225,0.9462
1859,5,99,19.80,3.6,0,corps,81.37120316462743,1.6854
1860,4,105,26.25,3.1,0,corps,81.33252723283381,0.9505
1861,2,28,14.00,2.2,0,corps,81.29387063417242,1.1021
1862,3,53,17.67,2.7,0,corps,81.25523335897907,1.6082
1863,3,56,18.67,2.7,0,corps,81.21661539759447,1.2827
1864,3,88,29.33,2.7,0,corps,81.17801674036413,0.8346
1865,5,74,14.80,3.6,0,corps,81.13943737763836,1.6368
1866,6,150,25.00,4.0,0,corps,81.10087729977234,0.9469
1867,4,84,21.00,3.1,0,corps,81.06233649712605,1.1616
1868,2,92,46.00,2.2,0,corps,81.02381496006427,1.0926
1869,3,62,20.67,2.7,0,corps,80.98531267895666,0.9751
1870,2,42,21.00,2.2,0,corps,80.9468296441776,1.0420
1871,5,115,23.00,3.6,0,corps,80.90836584610636,1.1627
1872,4,45,11.25,3.1,0,corps,80.86992127512698,2.2351
1873,4,52,13.00,3.1,0,corps,80.83149592162833,1.2692
1874,5,96,19.20,3.6,0,corps,80.79308977600404,1.2637
1875,3,48,16.00,2.7,0,corps,80.7547028286526,1.3227
1876,2,43,21.50,2.2,0,corps,80.71633506997729,0.9682
1877,5,172,34.40,3.6,0,corps,80.6779864903861,1.0666
1878,6,126,21.00,4.0,0,corps,80.63965708029197,1.0926
1879,6,112,18.67,4.0,0,corps,80.6013468301125,1.2860
1880,4,209,52.25,3.1,0,corps,80.56305573027015,0.9785
1881,7,74,10.57,4.4,0,corps,80.5247837711921,2.7796
1882,4,63,15.75,3.1,0,corps,80.48653094331041,1.7632
1883,6,105,17.50,4.0,0,corps,80.44829723706187,1.6331
1884,4,100,25.00,3.1,0,corps,80.410082642888,1.7310
1885,2,32,16.00,2.2,0,corps,80.37188715123521,1.0448
1886,2,20,10.00,2.2,0,corps,80.33371075255461,1.7211
1887,5,89,17.80,3.6,0,corps,80.29555343730209,1.1897
1888,3,74,24.67,2.7,0,corps,80.25741519593834,1.2951
1889,2,50,25.00,2.2,0,corps,80.21929601892876,0.9925
1890,3,102,34.00,2.7,0,corps,80.18119589674359,0.9687
1891,6,45,7.50,4.0,0,corps,80.1431148198578,2.7585
1892,5,114,22.80,3.6,0,corps,80.1050527787511,1.1366
1893,10,242,24.20,5.8,0,corps,80.06700976390799,1.0503
1894,2,105,52.50,2.2,0,corps,80.02898576581774,0.7162
1895,2,36,18.00,2.2,0,corps,79.9909807749743,1.1880
1896,5,78,15.60,3.6,0,corps,79.95299478187647,1.2946
1897,6,201,33.50,4.0,0,corps,79.91502777702773,1.1490
1898,3,61,20.33,2.7,0,corps,79.87707975093632,1.2171
1899,4,78,19.50,3.1,0,corps,79.83915069411525,1.2883
1900,2,69,34.50,2.2,0,corps,79.80124059708224,0.9447
1901,2,60,30.00,2.2,0,corps,79.76334945035978,1.0451
1902,3,95,31.67,2.7,0,corps,79.72547724447507,0.8792
1903,6,143,23.83,4.0,0,corps,79.68762396996007,0.9142
1904,2,58,29.00,2.2,0,corps,79.64978961735146,0.7936
1905,5,381,76.20,3.6,0,corps,79.61197417719065,0.5765
1906,2,48,24.00,2.2,0,corps,79.57417764002376,1.0410
1907,2,65,32.50,2.2,0,corps,79.5363999964017,0.8550
1908,5,42,8.40,3.6,0,corps,79.49864123688002,1.8630
1909,3,72,24.00,2.7,0,corps,79.46090135201904,0.8164
1910,4,61,15.25,3.1,0,corps,79.42318033238381,1.2936
1911,5,72,14.40,3.6,0,corps,79.38547816854403,1.3544
1912,2,21,10.50,2.2,0,corps,79.3477948510742,1.1270
1913,7,279,39.86,4.4,0,corps,79.31013037055347,0.6760
1914,3,59,19.67,2.7,0,corps,79.27248471756572,0.9276
1915,6,137,22.83,4.0,0,corps,79.23485788269954,0.8337
1916,4,114,28.50,3.1,0,corps,79.19724985654824,0.8329
1917,3,77,25.67,2.7,0,corps,79.15966062970978,0.6293
1918,4,79,19.75,3.1,0,corps,79.12209019278687,0.9066
1919,4,138,34.50,3.1,0,corps,79.0845385363869,0.8729
1920,2,63,31.50,2.2,0,corps,79.04700565112196,0.8036
1921,9,180,20.00,5.3,0,corps,79.00949152760882,3.0002
1922,2,28,14.00,2.2,0,corps,78.97199615646895,1.4955
1923,4,121,30.25,3.1,0,corps,78.93451952832852,0.9884
1924,2,43,21.50,2.2,0,corps,78.89706163381835,0.9020
1925,7,327,46.71,4.4,0,corps,78.85962246357398,0.9004
1926,5,80,16.00,3.6,0,corps,78.82220200823564,1.7615
1927,3,170,56.67,2.7,0,corps,78.78480025844816,0.9010
1928,4,89,22.25,3.1,0,corps,78.74741720486116,1.0940
1929,4,57,14.25,3.1,0,corps,78.71005283812883,1.5056
1930,2,29,14.50,2.2,0,corps,78.6727071489101,1.0264
1931,4,115,28.75,3.1,0,corps,78.63538012786856,1.0090
1932,2,135,67.50,2.2,0,corps,78.59807176567243,0.4713
1933,3,63,21.00,2.7,0,corps,78.56078205299463,1.1433
1934,3,118,39.33,2.7,0,corps,78.52351098051274,0.7990
1935,2,36,18.00,2.2,0,corps,78.48625853890896,0.9498
1936,2,70,35.00,2.2,0,corps,78.44902471887023,0.6149
1937,6,187,31.17,4.0,0,corps,78.41180951108805,1.2917
1938,3,112,37.33,2.7,0,corps,78.37461290625865,0.6596
1939,7,197,28.14,4.4,0,corps,78.33743489508286,1.0193
1940,2,59,29.50,2.2,0,corps,78.30027546826616,1.0876
1941,3,58,19.33,2.7,0,corps,78.26313461651874,0.9802
1942,7,187,26.71,4.4,0,corps,78.22601233055535,0.9539
1943,2,91,45.50,2.2,0,corps,78.18890860109543,0.6384
1944,4,121,30.25,3.1,0,corps,78.15182341886306,1.0587
1945,6,152,25.33,4.0,0,corps,78.11475677458691,0.9036
1946,4,76,19.00,3.1,0,corps,78.07770865900035,1.3676
1947,3,50,16.67,2.7,0,corps,78.04067906284135,1.1672
1948,4,63,15.75,3.1,0,corps,78.00366797685248,1.4383
1949,2,135,67.50,2.2,0,corps,77.96667539178101,1.2375
1950,6,160,26.67,4.0,0,corps,77.92970129837876,1.0160
1951,2,52,26.00,2.2,0,corps,77.89274568740223,0.9119
1952,5,127,25.40,3.6,0,corps,77.85580854961249,0.9549
1953,7,90,12.86,4.4,0,corps,77.81888987577528,1.5030
1954,9,179,19.89,5.3,0,corps,77.78198965666093,0.8892
1955,3,68,22.67,2.7,0,corps,77.74510788304437,1.0995
1956,3,89,29.67,2.7,0,corps,77.70824454570517,0.6328
1957,2,56,28.00,2.2,0,corps,77.67139963542749,0.8809
1958,6,40,6.67,4.0,0,corps,77.63457314300011,2.1706
1959,6,123,20.50,4.0,0,corps,77.59776505921639,0.9461
1960,2,55,27.50,2.2,0,corps,77.56097537487432,0.9464
1961,2,31,15.50,2.2,0,corps,77.52420408077647,1.3507
1962,4,45,11.25,3.1,0,corps,77.48745116773003,2.0479
1963,6,94,15.67,4.0,0,corps,77.45071662654675,1.0468
1964,4,225,56.25,3.1,0,corps,77.41400044804304,0.8310
1965,5,65,13.00,3.6,0,corps,77.3773026230398,1.5154
1966,4,36,9.00,3.1,0,corps,77.3406231423626,1.6648
1967,2,45,22.50,2.2,0,corps,77.30396199684158,1.7521
1968,2,22,11.00,2.2,0,corps,77.26731917731144,1.2254
1969,3,78,26.00,2.7,0,corps,77.23069467461146,1.0335
1970,4,126,31.50,3.1,0,corps,77.19408847958555,0.7947
1971,6,123,20.50,4.0,0,corps,77.15750058308211,1.2698
1972,6,106,17.67,4.0,0,corps,77.12093097595422,0.8926
1973,3,74,24.67,2.7,0,corps,77.08437964905946,1.1228
1974,6,106,17.67,4.0,0,corps,77.04784659325999,2.7230
1975,4,76,19.00,3.1,0,corps,77.01133179942254,1.0556
1976,6,124,20.67,4.0,0,corps,76.97483525841842,0.8987
1977,5,121,24.20,3.6,0,corps,76.9383569611235,1.0554
1978,3,22,7.33,2.7,0,corps,76.90189689841822,2.8048
1979,2,61,30.50,2.2,0,corps,76.8654550611875,0.9050
1980,2,29,14.50,2.2,0,corps,76.82903144032096,1.4448
1981,5,102,20.40,3.6,0,corps,76.79262602671264,1.8063
1982,6,242,40.33,4.0,0,corps,76.75623881126121,0.7389
1983,4,85,21.25,3.1,0,corps,76.71986978486987,0.8506
1984,4,63,15.75,3.1,0,corps,76.68351893844635,1.0468
1985,5,64,12.80,3.6,0,corps,76.64718626290295,1.5224
1986,4,53,13.25,3.1,0,corps,76.61087174915649,1.3972
1987,3,33,11.00,2.7,0,corps,76.57457538812834,1.6743
1988,3,35,11.67,2.7,0,corps,76.53829717074441,1.0664
1989,2,49,24.50,2.2,0,corps,76.50203708793516,1.3023
1990,4,65,16.25,3.1,0,corps,76.46579513063556,1.3478
1991,4,145,36.25,3.1,0,corps,76.42957128978512,0.8552
1992,2,58,29.00,2.2,0,corps,76.39336555632788,0.7165
1993,2,74,37.00,2.2,0,corps,76.3571779212124,0.6565
1994,5,119,23.80,3.6,0,corps,76.32100837539178,0.8992
1995,3,81,27.00,2.7,0,corps,76.28485690982363,0.9254
1996,8,144,18.00,4.9,0,corps,76.24872351547009,1.3888
1997,3,85,28.33,2.7,0,corps,76.21260818329779,1.1699
1998,2,39,19.50,2.2,0,corps,76.17651090427793,1.0659
1999,6,92,15.33,4.0,0,corps,76.14043166938616,1.0384
2000,6,93,15.50,4.0,0,corps,76.1043704696027,2.9503
2001,12,130,10.83,6.7,0,corps,76.06832729591221,1.8153
2002,3,45,15.00,2.7,0,corps,76.03230213930394,1.3502
2003,2,60,30.00,2.2,0,corps,75.99629499077156,1.4590
2004,4,87,21.75,3.1,0,corps,75.96030584131333,1.5133
2005,3,68,22.67,2.7,0,corps,75.92433468193191,1.2238
2006,3,97,32.33,2.7,0,corps,75.88838150363455,0.8775
2007,4,125,31.25,3.1,0,corps,75.85244629743292,1.0597
2008,3,67,22.33,2.7,0,corps,75.81652905434326,1.2247
2009,7,105,15.00,4.4,0,corps,75.78062976538622,1.2261
2010,3,112,37.33,2.7,0,corps,75.74474842158702,0.9113
2011,4,135,33.75,3.1,0,corps,75.70888501397526,1.0773
2012,2,60,30.00,2.2,0,corps,75.67303953358517,1.1854
2013,5,73,14.60,3.6,0,corps,75.63721197145532,1.0766
2014,2,25,12.50,2.2,0,corps,75.60140231862883,1.1676
2015,2,87,43.50,2.2,0,corps,75.5656105661533,0.9352
2016,5,82,16.40,3.6,0,corps,75.52983670508078,1.5515
2017,3,122,40.67,2.7,0,corps,75.4940807264678,1.1088
2018,2,41,20.50,2.2,0,corps,75.4583426213754,1.1962
2019,2,35,17.50,2.2,0,corps,75.42262238086899,1.3310
2020,2,46,23.00,2.2,0,corps,75.38691999601858,1.0101
2021,2,36,18.00,2.2,0,corps,75.35123545789853,2.0409
2022,4,129,32.25,3.1,0,corps,75.31556875758771,1.2053
2023,2,32,16.00,2.2,0,corps,75.27991988616945,1.9647
2024,4,80,20.00,3.1,0,corps,75.24428883473153,1.5395
2025,2,50,25.00,2.2,0,corps,75.20867559436621,1.0863
2026,3,99,33.00,2.7,0,corps,75.17308015617014,1.2826
2027,8,165,20.62,4.9,0,corps,75.13750251124448,1.4318
2028,3,67,22.33,2.7,0,corps,75.10194265069484,1.3005
2029,2,41,20.50,2.2,0,corps,75.06640056563123,1.6549
2030,4,47,11.75,3.1,0,corps,75.03087624716812,2.6455
2031,3,97,32.33,2.7,0,corps,74.99536968642443,0.7420
2032,2,75,37.50,2.2,0,corps,74.95988087452355,0.8517
2033,2,45,22.50,2.2,0,corps,74.92440980259325,1.0291
2034,3,73,24.33,2.7,0,corps,74.88895646176577,1.1343
2035,4,105,26.25,3.1,0,corps,74.85352084317776,1.0202
2036,10,101,10.10,5.8,0,corps,74.81810293797035,2.0126
2037,3,61,20.33,2.7,0,corps,74.78270273728906,1.1092
2038,3,155,51.67,2.7,0,corps,74.74732023228378,0.8771
2039,4,114,28.50,3.1,0,corps,74.71195541410896,0.8347
2040,5,57,11.40,3.6,0,corps,74.67660827392335,2.2613
2041,3,50,16.67,2.7,0,corps,74.64127880289018,1.2418
2042,2,27,13.50,2.2,0,corps,74.60596699217709,1.4171
2043,8,171,21.38,4.9,0,corps,74.57067283295608,1.7694
2044,8,165,20.62,4.9,0,corps,74.53539631640368,1.4697
2045,2,41,20.50,2.2,0,corps,74.50013743370071,0.8807
2046,3,58,19.33,2.7,0,corps,74.46489617603247,1.5182
2047,2,35,17.50,2.2,0,corps,74.42967253458863,0.9985
2048,2,62,31.00,2.2,0,corps,74.3944665005633,0.8888
2049,3,26,8.67,2.7,0,corps,74.35927806515497,2.6401
2050,3,46,15.33,2.7,0,corps,74.32410721956651,1.4164
2051,6,71,11.83,4.0,0,corps,74.28895395500523,1.3739
2052,6,95,15.83,4.0,0,corps,74.2538182626828,1.7077
2053,6,156,26.00,4.0,0,corps,74.2187001338153,1.0229
2054,4,120,30.00,3.1,0,corps,74.18359955962322,1.2367
2055,3,64,21.33,2.7,0,corps,74.14851653133137,1.3448
2056,4,77,19.25,3.1,0,corps,74.11345104016902,1.2471
2057,5,78,15.60,3.6,0,corps,74.0784030773698,1.3931
2058,5,96,19.20,3.6,0,corps,74.04337263417173,1.1565
2059,4,67,16.75,3.1,0,corps,74.00835970181716,1.1849
2060,13,194,14.92,7.1,0,corps,73.97336427155288,1.3358
2061,4,81,20.25,3.1,0,corps,73.93838633463005,1.0331
2062,11,213,19.36,6.2,0,corps,73.90342588230416,1.1446
2063,10,243,24.30,5.8,0,corps,73.8684829058351,2.8498
2064,6,194,32.33,4.0,0,corps,73.83355739648712,0.9764
2065,3,53,17.67,2.7,0,corps,73.79864934552887,1.4102
2066,2,35,17.50,2.2,0,corps,73.76375874423333,1.4440
2067,4,123,30.75,3.1,0,corps,73.72888558387783,0.9996
2068,4,81,20.25,3.1,0,corps,73.69402985574408,1.2849
2069,5,95,19.00,3.6,0,corps,73.65919155111817,1.1664
2070,11,151,13.73,6.2,0,corps,73.6243706612905,5.2260
2071,2,50,25.00,2.2,0,corps,73.58956717755585,1.3306
2072,8,129,16.12,4.9,0,corps,73.55478109121337,1.5079
2073,6,136,22.67,4.0,0,corps,73.52001239356653,1.0950
2074,6,83,13.83,4.0,0,corps,73.48526107592315,1.8534
2075,7,100,14.29,4.4,0,corps,73.45052712959537,1.6973
2076,2,164,82.00,2.2,0,corps,73.41581054589977,0.5040
2077,5,171,34.20,3.6,0,corps,73.38111131615716,0.7737
2078,3,61,20.33,2.7,0,corps,73.34642943169274,0.9801
2079,2,60,30.00,2.2,0,corps,73.31176488383603,0.8460
2080,2,71,35.50,2.2,0,corps,73.2771176639209,0.7049
2081,2,54,27.00,2.2,0,corps,73.24248776328557,1.4702
2082,9,143,15.89,5.3,0,corps,73.20787517327253,4.8438
2083,3,71,23.67,2.7,0,corps,73.17327988522862,1.3191
2084,4,47,11.75,3.1,0,corps,73.13870189050508,1.5819
2085,4,78,19.50,3.1,0,corps,73.10414118045735,1.3779
2086,2,67,33.50,2.2,0,corps,73.06959774644528,0.6823
2087,5,119,23.80,3.6,0,corps,73.03507157983299,0.9028
2088,6,113,18.83,4.0,0,corps,73.00056267198897,1.0533
2089,2,138,69.00,2.2,0,corps,72.96607101428599,1.0643
2090,2,87,43.50,2.2,0,corps,72.93159659810112,1.1069
2091,3,81,27.00,2.7,0,corps,72.89713941481574,0.9549
2092,5,124,24.80,3.6,0,corps,72.86269945581557,1.1350
2093,4,56,14.00,3.1,0,corps,72.82827671249063,1.4350
2094,7,226,32.29,4.4,0,corps,72.79387117623524,3.7223
2095,4,139,34.75,3.1,0,corps,72.759482838448,1.0008
2096,2,43,21.50,2.2,0,corps,72.72511169053182,0.7828
2097,3,127,42.33,2.7,0,corps,72.69075772389392,0.7773
2098,6,180,30.00,4.0,0,corps,72.65642092994581,1.0501
2099,2,61,30.50,2.2,0,corps,72.62210130010328,0.7543
2100,3,118,39.33,2.7,0,corps,72.58779882578644,0.8841
2101,5,99,19.80,3.6,0,corps,72.55351349841968,1.5982
2102,3,60,20.00,2.7,0,corps,72.51924530943164,0.9500
2103,3,110,36.67,2.7,0,corps,72.48499425025527,0.6952
2104,3,68,22.67,2.7,0,corps,72.45076031232783,1.6717
2105,3,55,18.33,2.7,0,corps,72.41654348709083,1.1276
2106,7,188,26.86,4.4,0,corps,72.38234376599007,1.1194
2107,4,137,34.25,3.1,0,corps,72.34816114047557,0.7844
2108,4,53,13.25,3.1,0,corps,72.31399560200174,1.4017
2109,10,173,17.30,5.8,0,corps,72.27984714202717,1.4365
2110,2,27,13.50,2.2,0,corps,72.24571575201473,1.5409
2111,7,124,17.71,4.4,0,corps,72.21160142343156,1.2260
2112,2,38,19.00,2.2,0,corps,72.17750414774913,1.1297
2113,2,28,14.00,2.2,0,corps,72.1434239164431,0.9600
2114,5,50,10.00,3.6,0,corps,72.1093607209934,1.4165
2115,5,118,23.60,3.6,0,corps,72.07531455288421,0.9811
2116,5,92,18.40,3.6,0,corps,72.04128540360402,1.1939
2117,8,144,18.00,4.9,0,corps,72.00727326464556,1.0812
2118,3,89,29.67,2.7,0,corps,71.97327812750575,0.6055
2119,5,137,27.40,3.6,0,corps,71.93929998368583,1.1522
2120,2,45,22.50,2.2,0,corps,71.90533882469126,0.7716
2121,3,47,15.67,2.7,0,corps,71.87139464203175,1.0497
2122,7,159,22.71,4.4,0,corps,71.83746742722126,1.2748
2123,3,68,22.67,2.7,0,corps,71.80355717177797,1.0810
2124,2,42,21.00,2.2,0,corps,71.76966386722432,1.3165
2125,3,66,22.00,2.7,0,corps,71.73578750508702,0.9119
2126,6,155,25.83,4.0,0,corps,71.70192807689692,0.8179
2127,3,76,25.33,2.7,0,corps,71.6680855741892,0.9065
2128,3,46,15.33,2.7,0,corps,71.63425998850322,1.0217
2129,6,57,9.50,4.0,0,corps,71.6004513113826,2.2380
2130,2,58,29.00,2.2,0,corps,71.56665953437515,0.7419
2131,7,125,17.86,4.4,0,corps,71.53288464903295,1.0897
2132,7,163,23.29,4.4,0,corps,71.49912664691225,0.9972
2133,2,46,23.00,2.2,0,corps,71.46538551957357,0.9842
2134,5,101,20.20,3.6,0,corps,71.43166125858163,0.9430
2135,4,82,20.50,3.1,0,corps,71.39795385550534,1.1975
2136,7,309,44.14,4.4,0,corps,71.36426330191786,0.6925
2137,4,52,13.00,3.1,0,corps,71.33058958939658,1.2764
2138,3,68,22.67,2.7,0,corps,71.29693270952303,1.2174
2139,6,86,14.33,4.0,0,corps,71.26329265388303,1.3595
2140,4,67,16.75,3.1,0,corps,71.22966941406649,1.3651
2141,2,30,15.00,2.2,0,corps,71.19606298166772,2.0003
2142,2,65,32.50,2.2,0,corps,71.16247334828502,1.0502
2143,6,84,14.00,4.0,0,corps,71.128900505521,1.7600
2144,3,81,27.00,2.7,0,corps,71.09534444498244,0.8964
2145,3,101,33.67,2.7,0,corps,71.06180515828036,0.9658
2146,2,47,23.50,2.2,0,corps,71.02828263702993,1.0801
2147,8,157,19.62,4.9,0,corps,70.9947768728505,1.6537
2148,6,153,25.50,4.0,0,corps,70.96128785736562,1.0845
2149,6,178,29.67,4.0,0,corps,70.92781558220307,0.8809
2150,3,45,15.00,2.7,0,corps,70.89436003899478,1.3254
2151,3,91,30.33,2.7,0,corps,70.86092121937682,0.9688
2152,2,140,70.00,2.2,0,corps,70.82749911498951,0.6036
2153,4,50,12.50,3.1,0,corps,70.79409371747734,2.0881
2154,2,214,107.00,2.2,0,corps,70.76070501848896,0.6108
2155,5,131,26.20,3.6,0,corps,70.72733300967717,1.2684
2156,3,62,20.67,2.7,0,corps,70.69397768269896,1.1991
2157,3,120,40.00,2.7,0,corps,70.66063902921555,0.8360
2158,8,180,22.50,4.9,0,corps,70.62731704089222,1.1279
2159,5,73,14.60,3.6,0,corps,70.59401170939852,1.6889
2160,3,58,19.33,2.7,0,corps,70.56072302640807,1.2292
2161,4,81,20.25,3.1,0,corps,70.52745098359874,0.9295
2162,4,154,38.50,3.1,0,corps,70.4941955726525,0.5549
2163,3,68,22.67,2.7,0,corps,70.4609567852555,0.7354
2164,3,85,28.33,2.7,0,corps,70.42773461309804,0.9243
2165,2,44,22.00,2.2,0,corps,70.39452904787457,0.9257
2166,2,79,39.50,2.2,0,corps,70.36134008128373,0.4965
2167,5,155,31.00,3.6,0,corps,70.32816770502825,0.8057
2168,3,88,29.33,2.7,0,corps,70.295011910815,0.6294
2169,6,102,17.00,4.0,0,corps,70.26187269035513,1.1971
2170,7,133,19.00,4.4,0,corps,70.22875003536376,1.2985
2171,10,200,20.00,5.8,0,corps,70.19564393756025,1.0079
2172,11,203,18.45,6.2,0,corps,70.16255438866804,0.9093
2173,2,28,14.00,2.2,0,corps,70.12948138041479,1.5730
2174,3,110,36.67,2.7,0,corps,70.09642490453224,0.7804
2175,2,79,39.50,2.2,0,corps,70.06338495275625,0.5326
2176,5,76,15.20,3.6,0,corps,70.03036151682683,1.1147
2177,7,201,28.71,4.4,0,corps,69.99735458848816,0.6819
2178,11,191,17.36,6.2,0,corps,69.96436415948845,1.1685
2179,4,54,13.50,3.1,0,corps,69.93139022158016,1.6251
2180,6,74,12.33,4.0,0,corps,69.89843276651973,1.1063
2181,2,56,28.00,2.2,0,corps,69.86549178606786,1.1968
2182,2,41,20.50,2.2,0,corps,69.83256727198928,1.5310
2183,3,41,13.67,2.7,0,corps,69.79965921605286,1.5192
2184,5,83,16.60,3.6,0,corps,69.76676761003156,1.2766
2185,4,40,10.00,3.1,0,corps,69.73389244570252,1.8018
2186,8,120,15.00,4.9,0,corps,69.70103371484694,1.3165
2187,9,140,15.56,5.3,0,corps,69.66819140925016,1.2323
2188,4,73,18.25,3.1,0,corps,69.63536552070153,1.2229
2189,8,136,17.00,4.9,0,corps,69.60255604099463,1.5588
2190,3,59,19.67,2.7,0,corps,69.5697629619271,1.2828
2191,2,45,22.50,2.2,0,corps,69.53698627530063,0.9666
2192,4,63,15.75,3.1,0,corps,69.50422597292108,1.1965
2193,3,47,15.67,2.7,0,corps,69.47148204659837,1.7472
2194,2,36,18.00,2.2,0,corps,69.43875448814651,0.9989
2195,5,102,20.40,3.6,0,corps,69.40604328938362,1.0955
2196,5,126,25.20,3.6,0,corps,69.37334844213187,0.7464
2197,4,56,14.00,3.1,0,corps,69.34066993821759,1.2066
2198,2,10,5.00,2.2,0,corps,69.30800776947112,1.9314
2199,3,43,14.33,2.7,0,corps,69.27536192772695,1.4220
2200,4,68,17.00,3.1,0,corps,69.2427324048236,1.5030
2201,4,103,25.75,3.1,0,corps,69.21011919260368,1.1286
2202,5,37,7.40,3.6,0,corps,69.17752228291391,2.4344
2203,5,82,16.40,3.6,0,corps,69.14494166760504,1.3521
2204,6,71,11.83,4.0,0,corps,69.11237733853191,1.4460
2205,6,142,23.67,4.0,0,corps,69.07982928755348,1.1416
2206,5,97,19.40,3.6,0,corps,69.04729750653271,1.2908
2207,5,79,15.80,3.6,0,corps,69.01478198733666,1.2201
2208,2,34,17.00,2.2,0,corps,68.98228272183641,1.0568
2209,5,85,17.00,3.6,0,corps,68.94979970190722,1.2153
2210,3,54,18.00,2.7,0,corps,68.91733291942828,1.3407
2211,2,103,51.50,2.2,0,corps,68.88488236628291,0.7547
2212,3,84,28.00,2.7,0,corps,68.85244803435845,1.0864
2213,3,74,24.67,2.7,0,corps,68.82002991554636,1.3598
2214,6,108,18.00,4.0,0,corps,68.78762800174208,1.5021
2215,6,99,16.50,4.0,0,corps,68.75524228484514,1.1834
2216,4,79,19.75,3.1,0,corps,68.72287275675909,1.4027
2217,2,23,11.50,2.2,0,corps,68.69051940939158,1.5066
2218,4,80,20.00,3.1,0,corps,68.65818223465426,1.1394
2219,8,166,20.75,4.9,0,corps,68.62586122446285,1.4477
2220,2,225,112.50,2.2,0,corps,68.59355637073706,0.6561
2221,5,158,31.60,3.6,0,corps,68.5612676654007,1.1936
2222,3,55,18.33,2.7,0,corps,68.52899510038161,0.9452
2223,4,89,22.25,3.1,0,corps,68.49673866761162,1.2582
2224,2,60,30.00,2.2,0,corps,68.46449835902662,0.9601
2225,6,111,18.50,4.0,0,corps,68.43227416656657,1.2191
2226,2,52,26.00,2.2,0,corps,68.40006608217539,1.1511
2227,10,159,15.90,5.8,0,corps,68.36787409780106,1.6248
2228,5,154,30.80,3.6,0,corps,68.33569820539557,1.2348
2229,4,70,17.50,3.1,0,corps,68.303538396915,1.7096
2230,4,70,17.50,3.1,0,corps,68.27139466431936,1.3415
2231,6,110,18.33,4.0,0,corps,68.23926699957272,1.4090
2232,2,41,20.50,2.2,0,corps,68.20715539464315,0.7263
2233,3,107,35.67,2.7,0,corps,68.17505984150276,0.7403
2234,6,98,16.33,4.0,0,corps,68.14298033212768,1.5873
2235,11,219,19.91,6.2,0,corps,68.11091685849803,1.4091
2236,2,45,22.50,2.2,0,corps,68.07886941259788,1.2323
2237,2,62,31.00,2.2,0,corps,68.04683798641547,0.7093
2238,7,158,22.57,4.4,0,corps,68.01482257194287,1.0190
2239,3,44,14.67,2.7,0,corps,67.98282316117624,1.7845
2240,3,76,25.33,2.7,0,corps,67.95083974611573,0.6675
2241,7,125,17.86,4.4,0,corps,67.91887231876551,0.8755
2242,2,68,34.00,2.2,0,corps,67.88692087113368,0.5761
2243,2,25,12.50,2.2,0,corps,67.85498539523243,1.7147
2244,3,76,25.33,2.7,0,corps,67.82306588307783,0.7018
2245,4,145,36.25,3.1,0,corps,67.79116232669004,0.6752
2246,4,74,18.50,3.1,0,corps,67.75927471809318,0.8193
2247,2,8,4.00,2.2,0,corps,67.72740304931531,3.3238
2248,7,134,19.14,4.4,0,corps,67.69554731238854,0.8498
2249,3,43,14.33,2.7,0,corps,67.66370749934894,0.9142
2250,2,59,29.50,2.2,0,corps,67.63188360223656,1.0685
2251,2,58,29.00,2.2,0,corps,67.60007561309538,0.8202
2252,2,39,19.50,2.2,0,corps,67.56828352397346,1.5965
2253,2,73,36.50,2.2,0,corps,67.53650732692272,0.8424
2254,2,37,18.50,2.2,0,corps,67.50474701399918,0.6706
2255,2,38,19.00,2.2,0,corps,67.4730025772627,1.1431
2256,3,115,38.33,2.7,0,corps,67.44127400877721,0.5699
2257,2,47,23.50,2.2,0,corps,67.40956130061053,1.6901
2258,3,82,27.33,2.7,0,corps,67.37786444483453,1.0378
2259,24,413,17.21,12.0,0,corps,67.34618343352496,1.1173
2260,4,116,29.00,3.1,0,corps,67.31451825876158,0.7282
2261,10,152,15.20,5.8,0,corps,67.28286891262809,1.3221
2262,5,64,12.80,3.6,0,corps,67.25123538721218,1.2351
2263,3,63,21.00,2.7,0,corps,67.21961767460542,1.1683
2264,4,107,26.75,3.1,0,corps,67.1880157669034,0.8474
2265,4,87,21.75,3.1,0,corps,67.15642965620567,0.9667
2266,6,120,20.00,4.0,0,corps,67.12485933461568,1.4322
2267,2,63,31.50,2.2,0,corps,67.09330479424086,0.8869
2268,7,160,22.86,4.4,0,corps,67.06176602719256,0.9926
2269,7,93,13.29,4.4,0,corps,67.03024302558609,1.7381
2270,6,145,24.17,4.0,0,corps,66.9987357815407,1.1463
2271,4,64,16.00,3.1,0,corps,66.96724428717961,1.3392
2272,3,25,8.33,2.7,0,corps,66.9357685346299,1.2925
2273,4,97,24.25,3.1,0,corps,66.90430851602265,1.0863
2274,4,93,23.25,3.1,0,corps,66.87286422349285,1.1097
2275,13,288,22.15,7.1,0,corps,66.84143564917945,1.0822
2276,5,150,30.00,3.6,0,corps,66.81002278522529,1.0017
2277,3,72,24.00,2.7,0,corps,66.77862562377713,1.2820
2278,2,32,16.00,2.2,0,corps,66.74724415698573,1.1466
2279,13,219,16.85,7.1,0,corps,66.7158783770057,1.2624
2280,5,105,21.00,3.6,0,corps,66.68452827599558,1.0990
2281,3,124,41.33,2.7,0,corps,66.65319384611783,0.9161
2282,2,33,16.50,2.2,0,corps,66.6218750795389,1.6292
2283,3,37,12.33,2.7,0,corps,66.59057196842905,1.9206
2284,4,34,8.50,3.1,0,corps,66.55928450496253,2.6769
2285,3,92,30.67,2.7,0,corps,66.52801268131745,1.5302
2286,2,54,27.00,2.2,0,corps,66.49675648967587,1.7426
2287,2,30,15.00,2.2,0,corps,66.46551592222374,2.2127
2288,2,9,4.50,2.2,0,corps,66.43429097115092,2.6464
2289,4,107,26.75,3.1,0,corps,66.40308162865117,1.4709
2290,6,119,19.83,4.0,0,corps,66.37188788692214,1.6321
2291,4,95,23.75,3.1,0,corps,66.34070973816542,1.7128
2292,2,24,12.00,2.2,0,corps,66.30954717458646,2.7279
2293,3,115,38.33,2.7,0,corps,66.2784001883946,0.9520
2294,3,61,20.33,2.7,0,corps,66.2472687718031,1.5596
2295,5,89,17.80,3.6,0,corps,66.21615291702916,1.6732
2296,7,240,34.29,4.4,0,corps,66.18505261629376,1.1926
2297,5,105,21.00,3.6,0,corps,66.15396786182181,1.1835
2298,2,38,19.00,2.2,0,corps,66.12289864584217,1.5045
2299,4,86,21.50,3.1,0,corps,66.09184496058754,2.3622
2300,4,144,36.00,3.1,0,corps,66.06080679829445,1.0364
2301,10,215,21.50,5.8,0,corps,66.02978415120336,1.1255
2302,5,90,18.00,3.6,0,corps,65.99877701155864,1.2539
2303,3,68,22.67,2.7,0,corps,65.96778537160853,0.9957
2304,2,25,12.50,2.2,0,corps,65.93680922360507,1.4395
2305,3,94,31.33,2.7,0,corps,65.90584855980421,0.8658
2306,3,41,13.67,2.7,0,corps,65.87490337246584,0.9379
2307,2,37,18.50,2.2,0,corps,65.84397365385362,2.2977
2308,2,25,12.50,2.2,0,corps,65.81305939623516,1.0929
2309,6,139,23.17,4.0,0,corps,65.78216059188185,1.0668
2310,10,148,14.80,5.8,0,corps,65.75127723306902,3.6447
2311,2,46,23.00,2.2,0,corps,65.72040931207582,0.7015
2312,5,134,26.80,3.6,0,corps,65.68955682118526,0.8024
2313,5,137,27.40,3.6,0,corps,65.65871975268422,0.8419
2314,3,33,11.00,2.7,0,corps,65.62789809886345,1.8807
2315,8,139,17.38,4.9,0,corps,65.59709185201754,1.3769
2316,8,97,12.12,4.9,0,corps,65.56630100444491,1.4037
2317,6,128,21.33,4.0,0,corps,65.53552554844782,0.8102
2318,4,29,7.25,3.1,0,corps,65.50476547633247,1.8661
2319,4,80,20.00,3.1,0,corps,65.47402078040881,1.1807
2320,2,94,47.00,2.2,0,corps,65.44329145299065,0.7496
2321,8,165,20.62,4.9,0,corps,65.41257748639566,1.2137
2322,2,87,43.50,2.2,0,corps,65.38187887294539,0.9577
2323,3,57,19.00,2.7,0,corps,65.35119560496514,1.4302
2324,2,151,75.50,2.2,0,corps,65.32052767478412,0.8095
2325,3,70,23.33,2.7,0,corps,65.28987507473532,1.1764
2326,4,39,9.75,3.1,0,corps,65.25923779715565,1.7180
2327,5,80,16.00,3.6,0,corps,65.22861583438572,1.2941
2328,5,142,28.40,3.6,0,corps,65.19800917877006,0.7187
2329,10,162,16.20,5.8,0,corps,65.16741782265703,4.7123
2330,6,113,18.83,4.0,0,corps,65.13684175839877,1.0539
2331,5,52,10.40,3.6,0,corps,65.10628097835126,1.5968
2332,4,78,19.50,3.1,0,corps,65.07573547487434,1.2730
2333,6,103,17.17,4.0,0,corps,65.04520524033155,1.4683
2334,6,154,25.67,4.0,0,corps,65.01469026709043,0.8664
2335,2,107,53.50,2.2,0,corps,64.9841905475222,0.6212
2336,9,142,15.78,5.3,0,corps,64.95370607400191,1.4438
2337,5,154,30.80,3.6,0,corps,64.92323683890847,0.8615
2338,5,106,21.20,3.6,0,corps,64.89278283462451,1.3654
2339,6,148,24.67,4.0,0,corps,64.86234405353663,0.9938
2340,2,40,20.00,2.2,0,corps,64.83192048803507,0.8573
2341,2,49,24.50,2.2,0,corps,64.80151213051393,0.8304
2342,3,40,13.33,2.7,0,corps,64.77111897337114,1.5744
2343,5,101,20.20,3.6,0,corps,64.74074100900843,1.1627
2344,6,76,12.67,4.0,0,corps,64.71037822983128,9.5065
2345,2,30,15.00,2.2,0,corps,64.680030628249,1.4195
2346,3,41,13.67,2.7,0,corps,64.64969819667469,2.3657
2347,2,45,22.50,2.2,0,corps,64.61938092752526,1.7720
2348,6,92,15.33,4.0,0,corps,64.58907881322136,1.0163
2349,5,70,14.00,3.6,0,corps,64.55879184618748,1.5417
2350,6,91,15.17,4.0,0,corps,64.52852001885189,1.1776
2351,4,60,15.00,3.1,0,corps,64.49826332364663,1.4898
2352,4,106,26.50,3.1,0,corps,64.46802175300749,1.0745
2353,4,61,15.25,3.1,0,corps,64.4377952993741,1.2964
2354,2,112,56.00,2.2,0,corps,64.40758395518986,0.7379
2355,6,113,18.83,4.0,0,corps,64.37738771290194,0.9836
2356,3,34,11.33,2.7,0,corps,64.34720656496124,1.3113
2357,2,27,13.50,2.2,0,corps,64.31704050382251,1.3191
2358,4,37,9.25,3.1,0,corps,64.28688952194422,1.9033
2359,2,31,15.50,2.2,0,corps,64.25675361178861,1.2331
2360,10,110,11.00,5.8,0,corps,64.22663276582172,1.3862
2361,4,80,20.00,3.1,0,corps,64.19652697651334,1.4735
2362,2,55,27.50,2.2,0,corps,64.16643623633702,0.7483
2363,5,63,12.60,3.6,0,corps,64.13636053777007,1.2000
2364,9,119,13.22,5.3,0,corps,64.10629987329357,1.5209
2365,3,36,12.00,2.7,0,corps,64.07625423539234,1.3648
2366,7,123,17.57,4.4,0,corps,64.046223616555,1.3460
2367,4,58,14.50,3.1,0,corps,64.01620800927387,1.3392
2368,4,84,21.00,3.1,0,corps,63.98620740604506,1.0147
2369,2,67,33.50,2.2,0,corps,63.956221799368386,1.1230
2370,3,41,13.67,2.7,0,corps,63.9262511817475,1.5334
2371,3,50,16.67,2.7,0,corps,63.89629554568972,1.2402
2372,5,146,29.20,3.6,0,corps,63.866354883706144,0.7981
2373,4,72,18.00,3.1,0,corps,63.836429188311584,1.3435
2374,5,70,14.00,3.6,0,corps,63.80651845202464,1.2026
2375,6,111,18.50,4.0,0,corps,63.77662266736762,1.3000
2376,2,32,16.00,2.2,0,corps,63.74674182686658,2.0108
2377,5,120,24.00,3.6,0,corps,63.716875923051305,0.9991
2378,2,50,25.00,2.2,0,corps,63.68702494845532,1.3252
2379,2,59,29.50,2.2,0,corps,63.6571888956159,0.8145
2380,9,131,14.56,5.3,0,corps,63.627367757074005,1.3436
2381,2,36,18.00,2.2,0,corps,63.59756152537436,1.2552
2382,8,194,24.25,4.9,0,corps,63.567770193065385,0.6056
2383,3,57,19.00,2.7,0,corps,63.53799375269929,1.3845
2384,5,72,14.40,3.6,0,corps,63.50823219683195,1.3693
2385,4,106,26.50,3.1,0,corps,63.47848551802295,0.8331
2386,3,42,14.00,2.7,0,corps,63.44875370883564,1.4665
2387,4,49,12.25,3.1,0,corps,63.41903676183708,1.0003
2388,7,98,14.00,4.4,0,corps,63.38933466959802,1.1442
2389,4,55,13.75,3.1,0,corps,63.35964742469293,1.3386
2390,3,38,12.67,2.7,0,corps,63.3299750197,1.5081
2391,2,23,11.50,2.2,0,corps,63.30031744720115,1.7642
2392,4,98,24.50,3.1,0,corps,63.27067469978196,1.0093
2393,7,105,15.00,4.4,0,corps,63.24104677003176,1.1938
2394,2,52,26.00,2.2,0,corps,63.21143365054355,0.6367
2395,7,87,12.43,4.4,0,corps,63.18183533391406,1.2556
2396,10,265,26.50,5.8,0,corps,63.15225181274372,0.9993
2397,4,49,12.25,3.1,0,corps,63.12268307963665,1.2449
2398,3,91,30.33,2.7,0,corps,63.09312912720063,0.9468
2399,3,45,15.00,2.7,0,corps,63.06358994804724,1.0104
2400,4,49,12.25,3.1,0,corps,63.034065534791615,1.3967
2401,3,24,8.00,2.7,0,corps,63.00455588005269,2.3768
2402,4,77,19.25,3.1,0,corps,62.97506097645304,1.3217
2403,6,82,13.67,4.0,0,corps,62.94558081661894,2.1268
2404,6,156,26.00,4.0,0,corps,62.91611539318036,1.6084
2405,7,106,15.14,4.4,0,corps,62.88666469877092,6.1165
2406,11,164,14.91,6.2,0,corps,62.85722872602797,1.7216
2407,2,24,12.00,2.2,0,corps,62.827807467592514,1.4679
2408,5,73,14.60,3.6,0,corps,62.79840091610922,1.5215
2409,11,238,21.64,6.2,0,corps,62.769009064226466,1.3434
2410,4,84,21.00,3.1,0,corps,62.73963190459628,1.5574
2411,14,178,12.71,7.6,0,corps,62.71026942987439,1.9332
2412,8,111,13.88,4.9,0,corps,62.68092163272016,7.7947
2413,5,79,15.80,3.6,0,corps,62.65158850579663,1.6477
2414,7,182,26.00,4.4,0,corps,62.622270041770534,1.1473
2415,2,52,26.00,2.2,0,corps,62.59296623331226,0.9422
2416,3,74,24.67,2.7,0,corps,62.563677073095846,1.3534
2417,4,72,18.00,3.1,0,corps,62.53440255379902,1.6118
2418,3,30,10.00,2.7,0,corps,62.50514266810311,1.4148
2419,5,111,22.20,3.6,0,corps,62.47589740869319,1.5260
2420,5,99,19.80,3.6,0,corps,62.44666676825793,1.6689
2421,4,80,20.00,3.1,0,corps,62.41745073948967,1.8984
2422,9,261,29.00,5.3,0,corps,62.38824931508438,1.0539
2423,3,167,55.67,2.7,0,corps,62.359062487741724,1.0635
2424,2,32,16.00,2.2,0,corps,62.32989025016501,1.8985
2425,8,138,17.25,4.9,0,corps,62.300732595061156,1.5672
2426,15,276,18.40,8.0,0,corps,62.27158951514075,1.5260
2427,3,75,25.00,2.7,0,corps,62.24246100311803,1.3768
2428,4,44,11.00,3.1,0,corps,62.21334705171087,2.1277
2429,2,276,138.00,2.2,0,corps,62.18424765364077,0.6612
2430,10,143,14.30,5.8,0,corps,62.15516280163287,2.2497
2431,3,32,10.67,2.7,0,corps,62.126092488416006,2.1419
2432,7,122,17.43,4.4,0,corps,62.09703670672254,1.8137
2433,5,114,22.80,3.6,0,corps,62.067995449288574,1.1556
2434,6,140,23.33,4.0,0,corps,62.038968708853744,1.1826
2435,2,68,34.00,2.2,0,corps,62.00995647816142,0.9008
2436,6,124,20.67,4.0,0,corps,61.98095874995852,1.1526
2437,6,67,11.17,4.0,0,corps,61.951975516995596,2.1549
2438,2,24,12.00,2.2,0,corps,61.923006772026845,1.3725
2439,4,106,26.50,3.1,0,corps,61.894052507810095,1.6550
2440,11,163,14.82,6.2,0,corps,61.86511271710678,6.0173
2441,4,60,15.00,3.1,0,corps,61.83618739268195,1.5282
2442,9,152,16.89,5.3,0,corps,61.80727652730425,1.0678
2443,9,113,12.56,5.3,0,corps,61.778380113746,1.4437
2444,3,67,22.33,2.7,0,corps,61.74949814478309,0.9718
2445,7,73,10.43,4.4,0,corps,61.720630613195006,1.3612
2446,4,86,21.50,3.1,0,corps,61.691777511764855,0.8632
2447,5,40,8.00,3.6,0,corps,61.66293883327941,2.3933
2448,8,152,19.00,4.9,0,corps,61.634114570528965,0.9932
2449,4,77,19.25,3.1,0,corps,61.605304716307465,0.8452
2450,2,54,27.00,2.2,0,corps,61.576509263412426,0.6637
2451,3,51,17.00,2.7,0,corps,61.547728204645026,0.8815
2452,3,61,20.33,2.7,0,corps,61.51896153280997,1.1502
2453,3,57,19.00,2.7,0,corps,61.490209240715586,0.8412
2454,6,105,17.50,4.0,0,corps,61.461471321173825,1.0034
2455,3,29,9.67,2.7,0,corps,61.43274776700019,1.4214
2456,7,109,15.57,4.4,0,corps,61.4040385710138,1.0048
2457,3,25,8.33,2.7,0,corps,61.37534372603734,2.0443
2458,5,39,7.80,3.6,0,corps,61.346663224897114,1.6641
2459,4,46,11.50,3.1,0,corps,61.317997060423004,1.5326
2460,8,148,18.50,4.9,0,corps,61.28934522544844,1.1943
2461,2,33,16.50,2.2,0,corps,61.2607077128105,1.3676
2462,13,261,20.08,7.1,0,corps,61.23208451534976,0.7376
2463,11,144,13.09,6.2,0,corps,61.20347562591048,1.3172
2464,2,27,13.50,2.2,0,corps,61.17488103734038,2.0030
2465,11,161,14.64,6.2,0,corps,61.14630074249086,1.1398
2466,16,271,16.94,8.4,0,corps,61.117734734216796,0.9227
2467,3,40,13.33,2.7,0,corps,61.089183005376725,0.8701
2468,8,140,17.50,4.9,0,corps,61.0606455488327,0.8404
2469,3,55,18.33,2.7,0,corps,61.03212235745037,0.7506
2470,4,139,34.75,3.1,0,corps,61.0036134240989,0.7072
2471,3,29,9.67,2.7,0,corps,60.975118741651116,1.3313
2472,2,38,19.00,2.2,0,corps,60.9466383029833,0.7952
2473,8,108,13.50,4.9,0,corps,60.918172100975355,0.9167
2474,5,94,18.80,3.6,0,corps,60.889720128510724,0.6484
2475,6,217,36.17,4.0,0,corps,60.86128237847643,0.4818
2476,7,106,15.14,4.4,0,corps,60.832858843763034,0.9360
2477,13,229,17.62,7.1,0,corps,60.80444951726464,0.7521
2478,6,167,27.83,4.0,0,corps,60.77605439187891,0.7105
2479,2,24,12.00,2.2,0,corps,60.74767346050709,1.0469
2480,3,61,20.33,2.7,0,corps,60.71930671605392,0.9525
2481,10,174,17.40,5.8,0,corps,60.69095415142773,1.3067
2482,2,33,16.50,2.2,0,corps,60.66261575954037,1.4206
2483,3,81,27.00,2.7,0,corps,60.63429153330725,1.0531
2484,4,65,16.25,3.1,0,corps,60.605981465647304,1.5154
2485,7,144,20.57,4.4,0,corps,60.57768554948303,1.3034
2486,7,97,13.86,4.4,0,corps,60.549403777740416,1.9599
2487,6,77,12.83,4.0,0,corps,60.521136143349054,1.3301
2488,4,100,25.00,3.1,0,corps,60.492882639242026,1.3220
2489,4,65,16.25,3.1,0,corps,60.46464325835594,2.0147
2490,4,85,21.25,3.1,0,corps,60.43641799363096,1.2737
2491,6,82,13.67,4.0,0,corps,60.40820683801079,1.4763
2492,4,104,26.00,3.1,0,corps,60.38000978444261,1.1074
2493,2,51,25.50,2.2,0,corps,60.35182682587718,0.9702
2494,3,34,11.33,2.7,0,corps,60.32365795526875,1.6421
2495,3,28,9.33,2.7,0,corps,60.295503165575106,1.6496
2496,5,126,25.20,3.6,0,corps,60.267362449757535,1.6550
2497,5,64,12.80,3.6,0,corps,60.23923580078087,1.4195
2498,5,94,18.80,3.6,0,corps,60.21112321161344,1.3330
2499,3,36,12.00,2.7,0,corps,60.183024675227124,1.5265
2500,3,29,9.67,2.7,0,corps,60.15494018459726,1.7976
2501,8,88,11.00,4.9,0,corps,60.12686973270274,2.7469
2502,4,56,14.00,3.1,0,corps,60.09881331252595,1.5450
2503,3,56,18.67,2.7,0,corps,60.07077091705276,0.9154
2504,4,100,25.00,3.1,0,corps,60.04274253927261,1.0488
2505,4,48,12.00,3.1,0,corps,60.01472817217838,1.4764
2506,2,57,28.50,2.2,0,corps,59.98672780876648,0.9628
2507,4,67,16.75,3.1,0,corps,59.958741442036825,1.0487
2508,2,25,12.50,2.2,0,corps,59.93076906499283,3.1435
2509,14,246,17.57,7.6,0,corps,59.90281067064138,1.4621
2510,5,68,13.60,3.6,0,corps,59.874866251992906,1.6221
2511,5,130,26.00,3.6,0,corps,59.846935802061275,0.9056
2512,6,117,19.50,4.0,0,corps,59.81901931386388,1.2757
2513,7,75,10.71,4.4,0,corps,59.791116780421625,1.6844
2514,4,44,11.00,3.1,0,corps,59.76322819475883,1.6871
2515,3,37,12.33,2.7,0,corps,59.73535354990338,1.7276
2516,2,35,17.50,2.2,0,corps,59.70749283888662,1.2442
2517,5,106,21.20,3.6,0,corps,59.679646054743365,1.2438
2518,9,161,17.89,5.3,0,corps,59.6518131905119,1.2830
2519,7,103,14.71,4.4,0,corps,59.623994239234015,1.6233
2520,5,62,12.40,3.6,0,corps,59.596189193955,2.6834
2521,2,34,17.00,2.2,0,corps,59.56839804772356,1.5778
2522,2,41,20.50,2.2,0,corps,59.54062079359193,1.5882
2523,6,125,20.83,4.0,0,corps,59.512857424615774,1.4990
2524,3,47,15.67,2.7,0,corps,59.48510793385427,1.5689
2525,4,52,13.00,3.1,0,corps,59.45737231437005,1.6844
2526,13,182,14.00,7.1,0,corps,59.429650559229174,4.3261
2527,2,35,17.50,2.2,0,corps,59.40194266150124,2.1667
2528,3,57,19.00,2.7,0,corps,59.37424861425926,1.6559
2529,7,70,10.00,4.4,0,corps,59.34656841057973,1.8402
2530,2,116,58.00,2.2,0,corps,59.31890204354258,1.1963
2531,7,171,24.43,4.4,0,corps,59.291249506231225,1.2749
2532,6,108,18.00,4.0,0,corps,59.26361079173253,1.8225
2533,5,183,36.60,3.6,0,corps,59.23598589313684,0.9033
2534,4,81,20.25,3.1,0,corps,59.20837480353791,1.5952
2535,6,126,21.00,4.0,0,corps,59.180777516032954,1.7515
2536,6,137,22.83,4.0,0,corps,59.15319402372267,1.2556
2537,2,19,9.50,2.2,0,corps,59.12562431971118,2.5708
2538,2,24,12.00,2.2,0,corps,59.09806839710606,1.5480
2539,3,26,8.67,2.7,0,corps,59.070526249018315,2.0337
2540,12,249,20.75,6.7,0,corps,59.04299786856244,1.6216
2541,2,63,31.50,2.2,0,corps,59.015483248856306,1.1320
2542,4,69,17.25,3.1,0,corps,58.987982383021276,1.3119
2543,7,140,20.00,4.4,0,corps,58.960495264182114,1.2988
2544,5,81,16.20,3.6,0,corps,58.93302188546707,1.2592
2545,4,81,20.25,3.1,0,corps,58.90556224000778,1.4011
2546,5,70,14.00,3.6,0,corps,58.878116320939334,1.3475
2547,3,39,13.00,2.7,0,corps,58.85068412140024,1.9121
2548,5,65,13.00,3.6,0,corps,58.82326563453248,1.5548
2549,4,57,14.25,3.1,0,corps,58.79586085348141,2.1110
2550,6,115,19.17,4.0,0,corps,58.768469771395836,1.0704
2551,7,103,14.71,4.4,0,corps,58.741092381428,1.5551
2552,12,229,19.08,6.7,0,corps,58.71372867673353,1.2166
2553,3,44,14.67,2.7,0,corps,58.686378650471525,1.0938
2554,7,104,14.86,4.4,0,corps,58.65904229580446,1.8675
2555,5,126,25.20,3.6,0,corps,58.631719605898255,1.2610
2556,19,342,18.00,9.8,0,corps,58.60441057392224,1.7673
2557,5,156,31.20,3.6,0,corps,58.57711519304915,1.2505
2558,11,289,26.27,6.2,0,corps,58.54983345645515,1.3203
2559,11,208,18.91,6.2,0,corps,58.52256535731979,4.1516
2560,2,20,10.00,2.2,0,corps,58.495310888826054,1.9439
2561,3,140,46.67,2.7,0,corps,58.46807004416033,0.4713
2562,11,283,25.73,6.2,0,corps,58.440842816512394,0.9037
2563,4,54,13.50,3.1,0,corps,58.413629199075444,1.2342
2564,7,49,7.00,4.4,0,corps,58.386429185046076,1.7593
2565,6,67,11.17,4.0,0,corps,58.359242767624295,1.0709
2566,6,60,10.00,4.0,0,corps,58.3320699400135,1.7493
2567,3,73,24.33,2.7,0,corps,58.30491069542044,0.9320
2568,5,118,23.60,3.6,0,corps,58.27776502705535,0.5893
2569,3,73,24.33,2.7,0,corps,58.25063292813182,0.9022
2570,4,90,22.50,3.1,0,corps,58.22351439186679,0.5942
2571,4,51,12.75,3.1,0,corps,58.19640941148063,1.0991
2572,2,46,23.00,2.2,0,corps,58.16931798019712,0.8153
2573,4,55,13.75,3.1,0,corps,58.142240091243394,1.4828
2574,2,75,37.50,2.2,0,corps,58.11517573784995,0.7363
2575,13,189,14.54,7.1,0,corps,58.088124913250724,1.0337
2576,7,177,25.29,4.4,0,corps,58.061087610683025,0.7736
2577,2,35,17.50,2.2,0,corps,58.034063823387505,0.6865
2578,4,36,9.00,3.1,0,corps,58.007053544608226,1.2647
2579,5,82,16.40,3.6,0,corps,57.9800567675926,0.9846
2580,7,95,13.57,4.4,0,corps,57.95307348559145,9.8733
2581,11,164,14.91,6.2,0,corps,57.92610369185896,1.3592
2582,14,278,19.86,7.6,0,corps,57.89914737965268,1.2120
2583,4,79,19.75,3.1,0,corps,57.87220454223352,1.0914
2584,4,63,15.75,3.1,0,corps,57.84527517286576,1.2730
2585,18,226,12.56,9.3,0,corps,57.81835926481711,1.5827
2586,2,39,19.50,2.2,0,corps,57.79145681135852,0.9874
2587,8,171,21.38,4.9,0,corps,57.76456780576442,1.1894
2588,9,148,16.44,5.3,0,corps,57.737692241312565,1.1087
2589,4,78,19.50,3.1,0,corps,57.710830111284054,1.1000
2590,7,148,21.14,4.4,0,corps,57.683981408963334,0.9176
2591,3,78,26.00,2.7,0,corps,57.65714612763825,1.0955
2592,4,61,15.25,3.1,0,corps,57.63032426059998,0.9341
2593,9,122,13.56,5.3,0,corps,57.603515801143054,1.0561
2594,5,101,20.20,3.6,0,corps,57.57672074256537,1.1284
2595,8,107,13.38,4.9,0,corps,57.54993907816811,1.3945
2596,12,327,27.25,6.7,0,corps,57.523170801255944,2.7738
2597,5,133,26.60,3.6,0,corps,57.496415905136736,0.8893
2598,2,55,27.50,2.2,0,corps,57.46967438312179,0.7211
2599,5,114,22.80,3.6,0,corps,57.44294622852571,1.3268
2600,2,39,19.50,2.2,0,corps,57.41623143466648,0.8355
2601,2,59,29.50,2.2,0,corps,57.38952999486536,1.0748
2602,2,37,18.50,2.2,0,corps,57.362841902447045,1.4221
2603,5,86,17.20,3.6,0,corps,57.33616715073947,1.3500
2604,4,105,26.25,3.1,0,corps,57.30950573307396,1.3195
2605,11,172,15.64,6.2,0,corps,57.28285764278517,1.4999
2606,7,125,17.86,4.4,0,corps,57.25622287321107,1.0684
2607,12,155,12.92,6.7,0,corps,57.22960141769294,6.4078
2608,9,164,18.22,5.3,0,corps,57.202993269575465,1.3031
2609,8,94,11.75,4.9,0,corps,57.176398422206574,1.9085
2610,7,108,15.43,4.4,0,corps,57.149816868937585,0.9077
2611,3,24,8.00,2.7,0,corps,57.12324860312306,2.4732
2612,6,88,14.67,4.0,0,corps,57.09669361812099,1.3518
2613,3,37,12.33,2.7,0,corps,57.070151907292576,1.4670
2614,3,51,17.00,2.7,0,corps,57.043623464002444,1.2660
2615,5,94,18.80,3.6,0,corps,57.01710828161842,0.9201
2616,7,75,10.71,4.4,0,corps,56.990606353511765,1.3002
2617,2,23,11.50,2.2,0,corps,56.96411767305698,1.9402
2618,10,293,29.30,5.8,0,corps,56.93764223363188,0.9585
2619,4,71,17.75,3.1,0,corps,56.9111800286176,1.1729
2620,3,48,16.00,2.7,0,corps,56.88473105139862,1.1439
2621,15,231,15.40,8.0,0,corps,56.85829529536268,1.6330
2622,11,198,18.00,6.2,0,corps,56.83187275390084,1.1850
2623,4,80,20.00,3.1,0,corps,56.80546342040744,1.4561
2624,7,146,20.86,4.4,0,corps,56.779067288280196,1.1091
2625,3,34,11.33,2.7,0,corps,56.752684350920035,2.0954
2626,5,79,15.80,3.6,0,corps,56.726314601731254,1.2910
2627,7,96,13.71,4.4,0,corps,56.69995803412139,1.5273
2628,8,109,13.62,4.9,0,corps,56.67361464150129,1.3270
2629,5,76,15.20,3.6,0,corps,56.64728441728515,1.2829
2630,5,74,14.80,3.6,0,corps,56.620967354890375,1.3540
2631,2,18,9.00,2.2,0,corps,56.594663447737716,2.9515
2632,3,79,26.33,2.7,0,corps,56.56837268925119,1.1763
2633,2,18,9.00,2.2,0,corps,56.542095072858125,2.0192
2634,2,38,19.00,2.2,0,corps,56.51583059198908,1.1440
2635,3,60,20.00,2.7,0,corps,56.48957924007797,1.0787
2636,2,40,20.00,2.2,0,corps,56.46334101056194,1.0376
2637,2,35,17.50,2.2,0,corps,56.43711589688144,1.0583
2638,7,78,11.14,4.4,0,corps,56.41090389248018,1.9803
2639,14,204,14.57,7.6,0,corps,56.384704990805176,1.5562
2640,10,161,16.10,5.8,0,corps,56.35851918530667,1.2962
2641,9,167,18.56,5.3,0,corps,56.33234646943826,1.0661
2642,8,129,16.12,4.9,0,corps,56.306186836656735,1.3881
2643,2,51,25.50,2.2,0,corps,56.280040280422185,0.9222
2644,5,112,22.40,3.6,0,corps,56.25390679419796,1.0024
2645,15,223,14.87,8.0,0,corps,56.227786371450726,1.1958
2646,2,23,11.50,2.2,0,corps,56.20167900565036,1.3405
2647,2,11,5.50,2.2,0,corps,56.17558469027002,2.1461
2648,3,46,15.33,2.7,0,corps,56.149503418786104,1.4833
2649,8,87,10.88,4.9,0,corps,56.12343518467833,2.3470
2650,2,88,44.00,2.2,0,corps,56.09737998142962,0.7443
2651,9,122,13.56,5.3,0,corps,56.07133780252618,1.6232
2652,5,81,16.20,3.6,0,corps,56.045308641457446,1.0294
2653,3,89,29.67,2.7,0,corps,56.019292491716165,1.0937
2654,4,26,6.50,3.1,0,corps,55.99328934679826,1.8101
2655,3,56,18.67,2.7,0,corps,55.96729920020298,1.3910
2656,18,360,20.00,9.3,0,corps,55.94132204543275,1.3188
2657,4,32,8.00,3.1,0,corps,55.91535787599332,1.6354
2658,6,88,14.67,4.0,0,corps,55.88940668539363,1.5395
2659,3,51,17.00,2.7,0,corps,55.86346846714587,1.3073
2660,4,93,23.25,3.1,0,corps,55.837543214765496,1.0617
2661,7,85,12.14,4.4,0,corps,55.811630921771204,1.6182
2662,6,137,22.83,4.0,0,corps,55.785731581684914,1.7140
2663,12,155,12.92,6.7,0,corps,55.75984518803179,4.6542
2664,3,66,22.00,2.7,0,corps,55.733971734340216,1.2405
2665,7,102,14.57,4.4,0,corps,55.708111214141866,1.5582
2666,4,47,11.75,3.1,0,corps,55.68226362097158,1.4467
2667,2,32,16.00,2.2,0,corps,55.65642894836746,1.5798
2668,10,100,10.00,5.8,0,corps,55.63060718987085,1.5032
2669,2,8,4.00,2.2,0,corps,55.60479833902631,5.0471
2670,2,24,12.00,2.2,0,corps,55.57900238938163,2.4944
2671,5,54,10.80,3.6,0,corps,55.553219334487814,1.6239
2672,3,54,18.00,2.7,0,corps,55.52744916789909,1.0584
2673,10,109,10.90,5.8,0,corps,55.50169188317293,5.9555
2674,3,44,14.67,2.7,0,corps,55.475947473870015,1.8227
2675,3,51,17.00,2.7,0,corps,55.45021593355423,1.7467
2676,2,31,15.50,2.2,0,corps,55.424497255792694,1.7761
2677,5,76,15.20,3.6,0,corps,55.39879143415575,1.2089
2678,8,99,12.38,4.9,0,corps,55.37309846221693,1.7225
2679,12,182,15.17,6.7,0,corps,55.34741833355299,1.5470
2680,3,56,18.67,2.7,0,corps,55.321751041743894,1.3001
2681,3,72,24.00,2.7,0,corps,55.29609658037285,1.1463
2682,2,19,9.50,2.2,0,corps,55.270454943026195,1.5959
2683,3,61,20.33,2.7,0,corps,55.24482612329354,1.0156
2684,4,52,13.00,3.1,0,corps,55.219210114767684,2.1705
2685,7,146,20.86,4.4,0,corps,55.19360691104463,1.4567
2686,3,58,19.33,2.7,0,corps,55.168016505723585,1.5509
2687,5,87,17.40,3.6,0,corps,55.14243889240692,1.5754
2688,3,77,25.67,2.7,0,corps,55.11687406470024,0.9724
2689,9,176,19.56,5.3,0,corps,55.09132201621234,1.8020
2690,5,62,12.40,3.6,0,corps,55.06578274055522,1.8575
2691,2,25,12.50,2.2,0,corps,55.04025623134405,3.1184
2692,12,177,14.75,6.7,0,corps,55.0147424821972,1.5579
2693,4,98,24.50,3.1,0,corps,54.989241486736226,0.9211
2694,5,88,17.60,3.6,0,corps,54.96375323858591,1.2830
2695,5,67,13.40,3.6,0,corps,54.938277731374164,2.0606
2696,10,162,16.20,5.8,0,corps,54.912814958732106,1.5014
2697,2,45,22.50,2.2,0,corps,54.88736491429407,1.0332
2698,4,51,12.75,3.1,0,corps,54.861927591697516,1.6123
2699,8,188,23.50,4.9,0,corps,54.83650298458313,1.1794
2700,3,71,23.67,2.7,0,corps,54.81109108659474,1.4430
2701,5,86,17.20,3.6,0,corps,54.78569189137939,1.1706
2702,3,32,10.67,2.7,0,corps,54.760305392587284,2.6899
2703,3,25,8.33,2.7,0,corps,54.734931583871806,1.4532
2704,2,17,8.50,2.2,0,corps,54.70957045888946,2.8271
2705,2,37,18.50,2.2,0,corps,54.6842220113,1.0655
2706,8,99,12.38,4.9,0,corps,54.658886234766314,1.3053
2707,2,85,42.50,2.2,0,corps,54.633563122954456,0.6533
2708,5,97,19.40,3.6,0,corps,54.60825266953363,1.0269
2709,3,92,30.67,2.7,0,corps,54.582954868176245,0.9511
2710,3,38,12.67,2.7,0,corps,54.55766971255783,1.1553
2711,2,32,16.00,2.2,0,corps,54.53239719635712,0.9239
2712,4,52,13.00,3.1,0,corps,54.507137313255946,1.8792
2713,10,184,18.40,5.8,0,corps,54.481890056939385,1.1933
2714,22,275,12.50,11.1,0,corps,54.45665542109561,1.3003
2715,2,16,8.00,2.2,0,corps,54.43143339941594,1.6209
2716,3,64,21.33,2.7,0,corps,54.406223985594885,0.9421
2717,2,24,12.00,2.2,0,corps,54.38102717333009,1.7687
2718,2,35,17.50,2.2,0,corps,54.355842956322356,1.8979
2719,2,58,29.00,2.2,0,corps,54.330671328275606,0.8890
2720,4,97,24.25,3.1,0,corps,54.30551228289695,1.0015
2721,6,74,12.33,4.0,0,corps,54.28036581389664,1.5377
2722,4,151,37.75,3.1,0,corps,54.255231914988045,0.8209
2723,5,91,18.20,3.6,0,corps,54.23011057988769,1.1138
2724,8,90,11.25,4.9,0,corps,54.20500180231523,1.5271
2725,5,106,21.20,3.6,0,corps,54.179905575993494,0.8552
2726,14,229,16.36,7.6,0,corps,54.15482189464842,3.6232
2727,3,76,25.33,2.7,0,corps,54.129750752009066,1.5074
2728,6,157,26.17,4.0,0,corps,54.104692141807654,1.2117
2729,2,24,12.00,2.2,0,corps,54.07964605777955,1.5662
2730,5,56,11.20,3.6,0,corps,54.05461249366322,1.4333
2731,9,151,16.78,5.3,0,corps,54.029591443200296,1.1788
2732,4,40,10.00,3.1,0,corps,54.00458290013545,1.4983
2733,5,124,24.80,3.6,0,corps,53.97958685821662,0.9700
2734,2,68,34.00,2.2,0,corps,53.954603311194774,1.0615
2735,4,56,14.00,3.1,0,corps,53.929632252824,1.3816
2736,4,60,15.00,3.1,0,corps,53.90467367686153,1.0242
2737,2,42,21.00,2.2,0,corps,53.87972757706776,0.8542
2738,10,187,18.70,5.8,0,corps,53.85479394720615,4.9491
2739,5,43,8.60,3.6,0,corps,53.829872781043285,1.9593
2740,4,40,10.00,3.1,0,corps,53.80496407234885,2.0451
2741,6,80,13.33,4.0,0,corps,53.78006781489573,1.8154
2742,4,38,9.50,3.1,0,corps,53.755184002459785,1.7713
2743,2,33,16.50,2.2,0,corps,53.73031262882013,1.0726
2744,3,33,11.00,2.7,0,corps,53.705453687758876,1.9330
2745,11,141,12.82,6.2,0,corps,53.680607173061304,1.7455
2746,7,112,16.00,4.4,0,corps,53.65577307851579,1.0241
2747,11,162,14.73,6.2,0,corps,53.6309513979138,1.4618
2748,2,49,24.50,2.2,0,corps,53.606142125049914,1.3257
2749,5,71,14.20,3.6,0,corps,53.58134525372182,1.4365
2750,2,39,19.50,2.2,0,corps,53.55656077773031,1.0893
2751,2,37,18.50,2.2,0,corps,53.531788690879246,1.1859
2752,3,52,17.33,2.7,0,corps,53.50702898697561,0.7830
2753,8,151,18.88,4.9,0,corps,53.482281659829475,1.1692
2754,7,169,24.14,4.4,0,corps,53.457546703254025,0.9206
2755,4,36,9.00,3.1,0,corps,53.43282411106549,1.2460
2756,4,66,16.50,3.1,0,corps,53.40811387708325,1.4425
2757,4,44,11.00,3.1,0,corps,53.383415995129724,1.9684
2758,2,48,24.00,2.2,0,corps,53.35873045903048,1.3728
2759,8,108,13.50,4.9,0,corps,53.33405726261409,1.7697
2760,5,64,12.80,3.6,0,corps,53.30939639971227,1.9359
2761,3,57,19.00,2.7,0,corps,53.28474786415981,1.0072
2762,4,80,20.00,3.1,0,corps,53.26011164979458,1.4659
2763,8,128,16.00,4.9,0,corps,53.23548775045752,1.1507
2764,2,42,21.00,2.2,0,corps,53.21087615999265,1.3976
2765,8,92,11.50,4.9,0,corps,53.18627687224707,1.6924
2766,10,109,10.90,5.8,0,corps,53.16168988107097,2.1215
2767,4,117,29.25,3.1,0,corps,53.13711518031759,1.0132
2768,4,95,23.75,3.1,0,corps,53.11255276384329,1.0967
2769,5,43,8.60,3.6,0,corps,53.08800262550739,2.8774
2770,12,190,15.83,6.7,0,corps,53.06346475917244,1.6138
2771,9,264,29.33,5.3,0,corps,53.03893915870391,0.7853
2772,6,89,14.83,4.0,0,corps,53.014425817970455,1.4991
2773,4,35,8.75,3.1,0,corps,52.989924730843676,1.6579
2774,2,19,9.50,2.2,0,corps,52.965435891198354,1.8558
2775,8,160,20.00,4.9,0,corps,52.94095929291226,1.3633
2776,5,107,21.40,3.6,0,corps,52.91649492986624,1.1856
2777,5,53,10.60,3.6,0,corps,52.89204279594419,1.5795
2778,2,56,28.00,2.2,0,corps,52.867602885033115,1.2863
2779,2,18,9.00,2.2,0,corps,52.843175191023015,1.7196
2780,7,93,13.29,4.4,0,corps,52.818759707806976,1.5456
2781,7,110,15.71,4.4,0,corps,52.79435642928109,0.9495
2782,9,145,16.11,5.3,0,corps,52.76996534934458,1.0283
2783,9,120,13.33,5.3,0,corps,52.74558646189968,1.1699
2784,11,143,13.00,6.2,0,corps,52.721219760851625,1.5186
2785,5,60,12.00,3.6,0,corps,52.69686524010876,1.4743
2786,4,94,23.50,3.1,0,corps,52.672522893582475,0.9217
2787,13,155,11.92,7.1,0,corps,52.64819271518716,1.3156
2788,3,35,11.67,2.7,0,corps,52.62387469884029,1.4801
2789,5,101,20.20,3.6,0,corps,52.59956883846232,0.7916
2790,6,59,9.83,4.0,0,corps,52.57527512797684,1.6957
2791,8,113,14.12,4.9,0,corps,52.55099356131038,1.2056
2792,6,142,23.67,4.0,0,corps,52.52672413239258,0.9990
2793,7,86,12.29,4.4,0,corps,52.502466835156035,1.2087
2794,9,104,11.56,5.3,0,corps,52.47822166353647,1.3582
2795,18,221,12.28,9.3,0,corps,52.45398861147258,3.7130
2796,10,132,13.20,5.8,0,corps,52.42976767290609,1.6195
2797,2,23,11.50,2.2,0,corps,52.40555884178176,1.0247
2798,2,79,39.50,2.2,0,corps,52.381362112047405,0.7567
2799,17,285,16.76,8.9,0,corps,52.35717747765383,1.3347
2800,2,38,19.00,2.2,0,corps,52.33300493255487,0.9986
2801,3,53,17.67,2.7,0,corps,52.30884447070739,1.2538
2802,12,230,19.17,6.7,0,corps,52.28469608607129,1.1265
2803,5,72,14.40,3.6,0,corps,52.26055977260946,1.2111
2804,7,94,13.43,4.4,0,corps,52.23643552428783,1.4338
2805,4,56,14.00,3.1,0,corps,52.21232333507532,1.2867
2806,4,50,12.50,3.1,0,corps,52.18822319894391,2.1506
2807,3,77,25.67,2.7,0,corps,52.16413510986854,1.1935
2808,2,33,16.50,2.2,0,corps,52.1400590618272,1.3775
2809,4,63,15.75,3.1,0,corps,52.11599504880087,1.3679
2810,11,142,12.91,6.2,0,corps,52.09194306477356,1.4167
2811,2,42,21.00,2.2,0,corps,52.06790310373227,1.2565
2812,6,132,22.00,4.0,0,corps,52.04387515966701,1.2220
2813,2,30,15.00,2.2,0,corps,52.01985922657077,1.4677
2814,6,62,10.33,4.0,0,corps,51.995855298439594,1.8893
2815,2,35,17.50,2.2,0,corps,51.97186336927251,1.3530
2816,3,72,24.00,2.7,0,corps,51.94788343307151,1.3289
2817,11,161,14.64,6.2,0,corps,51.92391548384161,1.4806
2818,5,92,18.40,3.6,0,corps,51.89995951559083,1.2019
2819,6,86,14.33,4.0,0,corps,51.876015522330185,1.5802
2820,5,39,7.80,3.6,0,corps,51.852083498073675,1.3515
2821,11,148,13.45,6.2,0,corps,51.82816343683827,1.2656
2822,12,181,15.08,6.7,0,corps,51.80425533264399,1.5299
2823,4,122,30.50,3.1,0,corps,51.78035917951379,0.9231
2824,3,43,14.33,2.7,0,corps,51.75647497147363,1.6500
2825,3,24,8.00,2.7,0,corps,51.732602702552455,2.6158
2826,5,77,15.40,3.6,0,corps,51.70874236678221,1.5531
2827,6,68,11.33,4.0,0,corps,51.68489395819781,1.4760
2828,2,72,36.00,2.2,0,corps,51.66105747083714,0.7799
2829,5,162,32.40,3.6,0,corps,51.63723289874109,0.8674
2830,12,199,16.58,6.7,0,corps,51.61342023595352,1.5988
2831,10,199,19.90,5.8,0,corps,51.58961947652125,1.0807
2832,9,149,16.56,5.3,0,corps,51.565830614494104,1.0840
2833,5,52,10.40,3.6,0,corps,51.542053643924845,1.0872
2834,2,38,19.00,2.2,0,corps,51.51828855886925,1.1192
2835,2,37,18.50,2.2,0,corps,51.49453535338605,0.9594
2836,6,117,19.50,4.0,0,corps,51.47079402153694,1.1820
2837,9,158,17.56,5.3,0,corps,51.447064557386554,1.1948
2838,9,156,17.33,5.3,0,corps,51.42334695500258,0.9950
2839,3,29,9.67,2.7,0,corps,51.399641208455584,1.1887
2840,7,128,18.29,4.4,0,corps,51.37594731181915,1.2635
2841,4,60,15.00,3.1,0,corps,51.35226525916977,1.4073
2842,3,36,12.00,2.7,0,corps,51.328595044586955,1.4376
2843,5,114,22.80,3.6,0,corps,51.30493666215315,1.0702
2844,2,63,31.50,2.2,0,corps,51.28129010595378,1.2102
2845,8,179,22.38,4.9,0,corps,51.257655370077146,0.9875
2846,13,197,15.15,7.1,0,corps,51.23403244861462,3.8773
2847,9,163,18.11,5.3,0,corps,51.21042133566045,5.5203
2848,8,143,17.88,4.9,0,corps,51.186822025311876,1.2389
2849,7,126,18.00,4.4,0,corps,51.16323451166902,1.6147
2850,4,75,18.75,3.1,0,corps,51.13965878883505,1.3539
2851,2,25,12.50,2.2,0,corps,51.11609485091604,2.1633
2852,5,111,22.20,3.6,0,corps,51.092542692020984,0.9480
2853,6,98,16.33,4.0,0,corps,51.06900230626182,1.3116
2854,5,103,20.60,3.6,0,corps,51.04547368775351,0.9545
2855,8,217,27.12,4.9,0,corps,51.021956830613846,1.0582
2856,2,19,9.50,2.2,0,corps,50.998451728963644,1.2407
2857,10,213,21.30,5.8,0,corps,50.97495837692661,1.1029
2858,13,207,15.92,7.1,0,corps,50.95147676862942,1.1959
2859,4,51,12.75,3.1,0,corps,50.92800689820167,1.4987
2860,2,45,22.50,2.2,0,corps,50.90454875977589,1.0296
2861,4,67,16.75,3.1,0,corps,50.88110234748754,1.5055
2862,3,112,37.33,2.7,0,corps,50.857667655475026,1.0907
2863,14,176,12.57,7.6,0,corps,50.83424467787966,1.5591
2864,17,322,18.94,8.9,0,corps,50.810833408845724,1.5400
2865,6,170,28.33,4.0,0,corps,50.78743384252036,1.2586
2866,12,153,12.75,6.7,0,corps,50.76404597305372,1.7962
2867,2,19,9.50,2.2,0,corps,50.7406697945988,1.8523
2868,11,143,13.00,6.2,0,corps,50.7173053013116,1.6750
2869,13,143,11.00,7.1,0,corps,50.693952487350934,1.3194
2870,3,39,13.00,2.7,0,corps,50.67061134687866,1.9543
2871,9,152,16.89,5.3,0,corps,50.64728187405946,1.2510
2872,9,118,13.11,5.3,0,corps,50.62396406306097,1.6123
2873,10,194,19.40,5.8,0,corps,50.600657908053726,1.3372
2874,3,51,17.00,2.7,0,corps,50.57736340321121,1.4395
2875,17,289,17.00,8.9,0,corps,50.55408054270979,1.5944
2876,6,125,20.83,4.0,0,corps,50.53080932072875,1.1706
2877,14,197,14.07,7.6,0,corps,50.50754973145028,1.4545
2878,14,210,15.00,7.6,0,corps,50.48430176905948,1.3347
2879,5,100,20.00,3.6,0,corps,50.46106542774438,1.2289
2880,2,34,17.00,2.2,0,corps,50.43784070169587,1.5623
2881,4,60,15.00,3.1,0,corps,50.41462758510777,1.8821
2882,4,73,18.25,3.1,0,corps,50.39142607217681,1.1884
2883,4,93,23.25,3.1,0,corps,50.36823615710262,1.2136
2884,4,110,27.50,3.1,0,corps,50.345057834087704,1.2477
2885,7,143,20.43,4.4,0,corps,50.32189109733749,1.2326
2886,5,79,15.80,3.6,0,corps,50.29873594106028,1.7640
2887,4,69,17.25,3.1,0,corps,50.27559235946731,1.1788
2888,6,105,17.50,4.0,0,corps,50.252460346772665,1.4171
2889,5,73,14.60,3.6,0,corps,50.229339897193356,1.4518
2890,9,207,23.00,5.3,0,corps,50.20623100494925,1.3677
2891,2,62,31.00,2.2,0,corps,50.183133664263146,1.1293
2892,15,212,14.13,8.0,0,corps,50.16004786936069,1.4475
2893,4,139,34.75,3.1,0,corps,50.13697361447045,0.8721
2894,2,34,17.00,2.2,0,corps,50.11391089382384,1.6091
2895,10,170,17.00,5.8,0,corps,50.09085970165521,1.4646
2896,2,63,31.50,2.2,0,corps,50.06782003220174,1.1214
2897,5,91,18.20,3.6,0,corps,50.044791879703524,1.2303
2898,7,147,21.00,4.4,0,corps,50.0217752384035,1.1132
2899,13,181,13.92,7.1,0,corps,49.99877010254753,1.6553
2900,8,90,11.25,4.9,0,corps,49.97577646638434,1.1747
2901,9,147,16.33,5.3,0,corps,49.9527943241655,1.0321
2902,4,80,20.00,3.1,0,corps,49.92982367014547,0.9471
2903,9,86,9.56,5.3,0,corps,49.90686449858161,1.3064
2904,4,66,16.50,3.1,0,corps,49.88391680373411,0.9705
2905,2,65,32.50,2.2,0,corps,49.86098057986605,0.6326
2906,9,152,16.89,5.3,0,corps,49.83805582124336,1.0908
2907,4,70,17.50,3.1,0,corps,49.81514252213488,1.4252
2908,3,104,34.67,2.7,0,corps,49.79224067681226,0.6639
2909,4,51,12.75,3.1,0,corps,49.76935027955006,1.1130
2910,12,210,17.50,6.7,0,corps,49.74647132462566,1.4454
2911,7,101,14.43,4.4,0,corps,49.723603806319325,1.4973
2912,12,203,16.92,6.7,0,corps,49.70074771891419,1.0683
2913,5,88,17.60,3.6,0,corps,49.67790305669622,1.0766
2914,2,19,9.50,2.2,0,corps,49.65506981395424,1.7490
2915,4,52,13.00,3.1,0,corps,49.63224798497997,1.1397
2916,6,75,12.50,4.0,0,corps,49.609437564067925,1.1301
2917,12,206,17.17,6.7,0,corps,49.58663854551551,1.0901
2918,5,110,22.00,3.6,0,corps,49.56385092362296,0.9526
2919,4,63,15.75,3.1,0,corps,49.54107469269339,1.2300
2920,5,105,21.00,3.6,0,corps,49.518309847032725,0.9803
2921,3,64,21.33,2.7,0,corps,49.495556380949765,1.4955
2922,10,174,17.40,5.8,0,corps,49.472814288756126,1.2853
2923,4,43,10.75,3.1,0,corps,49.4500835647663,1.1920
2924,4,63,15.75,3.1,0,corps,49.42736420329761,1.0053
2925,8,148,18.50,4.9,0,corps,49.4046561986702,0.9432
2926,9,163,18.11,5.3,0,corps,49.381959545207074,1.0797
2927,16,244,15.25,8.4,0,corps,49.359274237234075,1.4584
2928,3,48,16.00,2.7,0,corps,49.33660026907988,1.7033
2929,8,143,17.88,4.9,0,corps,49.31393763507598,1.1312
2930,2,35,17.50,2.2,0,corps,49.29128632955672,1.3855
2931,20,359,17.95,10.2,0,corps,49.26864634685928,1.2967
2932,2,73,36.50,2.2,0,corps,49.246017681323664,0.9214
2933,3,49,16.33,2.7,0,corps,49.2234003272927,0.9235
2934,2,41,20.50,2.2,0,corps,49.20079427911206,0.8637
2935,9,154,17.11,5.3,0,corps,49.17819953113023,1.1436
2936,6,97,16.17,4.0,0,corps,49.15561607769851,1.1649
2937,4,43,10.75,3.1,0,corps,49.13304391317105,1.3788
2938,8,122,15.25,4.9,0,corps,49.11048303190479,1.1113
2939,6,125,20.83,4.0,0,corps,49.08793342825953,0.9693
2940,6,97,16.17,4.0,0,corps,49.06539509659787,1.1836
2941,2,32,16.00,2.2,0,corps,49.04286803128522,1.2850
2942,3,65,21.67,2.7,0,corps,49.020352226689795,1.3889
2943,5,45,9.00,3.6,0,corps,48.997847677182676,1.8552
2944,2,50,25.00,2.2,0,corps,48.975354377137705,1.0444
2945,5,79,15.80,3.6,0,corps,48.95287232093157,1.8715
2946,7,67,9.57,4.4,0,corps,48.93040150294373,2.2892
2947,11,192,17.45,6.2,0,corps,48.90794191755652,1.2144
2948,12,188,15.67,6.7,0,corps,48.885493559155016,1.1563
2949,16,310,19.38,8.4,0,corps,48.86305642212714,1.0614
2950,7,119,17.00,4.4,0,corps,48.84063050086359,1.4130
2951,6,77,12.83,4.0,0,corps,48.818215789757915,1.9878
2952,4,47,11.75,3.1,0,corps,48.795812283206416,1.2821
2953,6,134,22.33,4.0,0,corps,48.77341997560822,1.2951
2954,12,182,15.17,6.7,0,corps,48.751038861365245,1.2672
2955,10,149,14.90,5.8,0,corps,48.72866893488222,1.4979
2956,7,200,28.57,4.4,0,corps,48.70631019056667,1.0761
2957,10,161,16.10,5.8,0,corps,48.68396262282889,1.4337
2958,2,25,12.50,2.2,0,corps,48.66162622608201,1.1827
2959,8,116,14.50,4.9,0,corps,48.63930099474191,1.3813
2960,3,67,22.33,2.7,0,corps,48.616986923227294,1.2128
2961,6,116,19.33,4.0,0,corps,48.59468400595964,1.2034
2962,8,112,14.00,4.9,0,corps,48.57239223736322,1.6230
2963,5,91,18.20,3.6,0,corps,48.55011161186509,1.1420
2964,6,68,11.33,4.0,0,corps,48.5278421238951,1.6639
2965,13,196,15.08,7.1,0,corps,48.50558376788588,1.4059
2966,8,95,11.88,4.9,0,corps,48.483336538272816,1.4846
2967,9,154,17.11,5.3,0,corps,48.461100429494124,1.3860
2968,3,43,14.33,2.7,0,corps,48.43887543599078,1.6784
2969,12,207,17.25,6.7,0,corps,48.41666155220652,4.5977
2970,6,104,17.33,4.0,0,corps,48.39445877258787,1.5945
2971,3,59,19.67,2.7,0,corps,48.372267091584156,1.0319
2972,12,214,17.83,6.7,0,corps,48.35008650364745,1.5022
2973,7,190,27.14,4.4,0,corps,48.32791700323259,1.0817
2974,6,104,17.33,4.0,0,corps,48.30575858479722,1.4070
2975,8,121,15.12,4.9,0,corps,48.28361124280172,1.2530
2976,15,266,17.73,8.0,0,corps,48.26147497170927,1.5874
2977,14,163,11.64,7.6,0,corps,48.239349765985786,1.5572
2978,6,94,15.67,4.0,0,corps,48.21723562009998,1.1964
2979,5,37,7.40,3.6,0,corps,48.1951325285233,2.2745
2980,5,113,22.60,3.6,0,corps,48.173040485729985,1.3217
2981,3,37,12.33,2.7,0,corps,48.15095948619703,1.6134
2982,16,232,14.50,8.4,0,corps,48.12888952440416,1.7170
2983,10,220,22.00,5.8,0,corps,48.106830594833916,1.0679
2984,9,97,10.78,5.3,0,corps,48.08478269197155,1.3953
2985,9,116,12.89,5.3,0,corps,48.06274581030509,1.8674
2986,7,126,18.00,4.4,0,corps,48.04071994432529,1.3392
2987,4,78,19.50,3.1,0,corps,48.01870508852572,0.9208
2988,2,27,13.50,2.2,0,corps,47.996701237402654,1.2185
2989,10,86,8.60,5.8,0,corps,47.97470838545513,1.5921
2990,17,184,10.82,8.9,0,corps,47.95272652718492,1.9132
2991,12,177,14.75,6.7,0,corps,47.93075565709658,1.5754
2992,4,101,25.25,3.1,0,corps,47.90879576969738,1.0264
2993,11,164,14.91,6.2,0,corps,47.88684685949735,1.4746
2994,2,47,23.50,2.2,0,corps,47.86490892100926,1.7328
2995,4,73,18.25,3.1,0,corps,47.84298194874863,1.1902
2996,5,113,22.60,3.6,0,corps,47.82106593723372,0.7806
2997,4,133,33.25,3.1,0,corps,47.799160880985525,0.7686
2998,6,80,13.33,4.0,0,corps,47.777266774527774,1.1672
2999,4,40,10.00,3.1,0,corps,47.75538361238694,1.9300
3000,2,31,15.50,2.2,0,corps,47.73351138909224,1.7337
3001,7,91,13.00,4.4,0,corps,47.71165009917562,1.5683
3002,3,74,24.67,2.7,0,corps,47.689799737171754,1.0362
3003,4,65,16.25,3.1,0,corps,47.66796029761804,1.1194
3004,5,45,9.00,3.6,0,corps,47.646131775054634,1.9142
3005,2,17,8.50,2.2,0,corps,47.6243141640244,2.2464
3006,14,273,19.50,7.6,0,corps,47.60250745907293,1.0347
3007,5,152,30.40,3.6,0,corps,47.58071165474855,0.9997
3008,7,166,23.71,4.4,0,corps,47.55892674560232,0.8931
3009,3,53,17.67,2.7,0,corps,47.537152726188,0.7557
3010,6,127,21.17,4.0,0,corps,47.51538959106208,0.9022
3011,12,194,16.17,6.7,0,corps,47.49363733478379,1.5738
3012,3,80,26.67,2.7,0,corps,47.47189595191506,0.9108
3013,6,95,15.83,4.0,0,corps,47.450165437020544,1.3249
3014,4,59,14.75,3.1,0,corps,47.42844578466762,1.0747
3015,11,137,12.45,6.2,0,corps,47.406736989426356,1.4820
3016,8,106,13.25,4.9,0,corps,47.385039045869576,1.0893
3017,15,292,19.47,8.0,0,corps,47.36335194857278,3.8391
3018,11,254,23.09,6.2,0,corps,47.34167569211421,0.9055
3019,4,31,7.75,3.1,0,corps,47.320010271074764,1.3574
3020,5,80,16.00,3.6,0,corps,47.29835568003812,1.0993
3021,2,44,22.00,2.2,0,corps,47.27671191359063,0.9670
3022,2,55,27.50,2.2,0,corps,47.25507896632134,0.9955
3023,3,47,15.67,2.7,0,corps,47.23345683282201,1.6592
3024,6,121,20.17,4.0,0,corps,47.211845507687116,1.1467
3025,11,202,18.36,6.2,0,corps,47.190244985513836,1.4261
3026,6,91,15.17,4.0,0,corps,47.16865526090202,1.6698
3027,10,191,19.10,5.8,0,corps,47.14707632845423,1.3530
3028,9,156,17.33,5.3,0,corps,47.12550818277576,1.2447
3029,11,193,17.55,6.2,0,corps,47.103950818474566,1.3226
3030,2,35,17.50,2.2,0,corps,47.082404230161295,1.1607
3031,7,107,15.29,4.4,0,corps,47.0608684124493,1.1601
3032,7,97,13.86,4.4,0,corps,47.039343359954636,1.1893
3033,6,65,10.83,4.0,0,corps,47.01782906729605,1.3683
3034,4,86,21.50,3.1,0,corps,46.99632552909494,1.2009
3035,3,40,13.33,2.7,0,corps,46.97483273997543,1.2726
3036,6,47,7.83,4.0,0,corps,46.953350694564335,1.5947
3037,2,82,41.00,2.2,0,corps,46.93187938749114,0.8073
3038,8,158,19.75,4.9,0,corps,46.91041881338803,1.1460
3039,3,63,21.00,2.7,0,corps,46.88896896688982,1.3507
3040,3,65,21.67,2.7,0,corps,46.867529842634085,1.0370
3041,9,139,15.44,5.3,0,corps,46.84610143526105,6.1694
3042,4,52,13.00,3.1,0,corps,46.82468373941358,1.7749
3043,7,106,15.14,4.4,0,corps,46.80327674973726,1.3842
3044,6,118,19.67,4.0,0,corps,46.78188046088037,1.1700
3045,5,50,10.00,3.6,0,corps,46.760494867493804,1.7028
3046,4,70,17.50,3.1,0,corps,46.73911996423119,1.0800
3047,3,59,19.67,2.7,0,corps,46.71775574574878,1.6834
3048,7,113,16.14,4.4,0,corps,46.69640220670553,1.2359
3049,5,76,15.20,3.6,0,corps,46.67505934176306,1.5220
3050,8,91,11.38,4.9,0,corps,46.65372714558564,1.6888
3051,6,79,13.17,4.0,0,corps,46.63240561284023,1.7839
3052,3,42,14.00,2.7,0,corps,46.61109473819645,1.3407
3053,3,59,19.67,2.7,0,corps,46.58979451632658,1.1882
3054,9,141,15.67,5.3,0,corps,46.568504941905545,1.3335
3055,16,286,17.88,8.4,0,corps,46.547226009610974,1.1995
3056,10,107,10.70,5.8,0,corps,46.52595771412314,1.5011
3057,13,242,18.62,7.1,0,corps,46.50470005012494,1.1879
3058,7,130,18.57,4.4,0,corps,46.48345301230199,1.1997
3059,5,87,17.40,3.6,0,corps,46.46221659534249,1.2417
3060,8,134,16.75,4.9,0,corps,46.44099079393738,1.2612
3061,5,93,18.60,3.6,0,corps,46.419775602780184,1.2022
3062,2,34,17.00,2.2,0,corps,46.39857101656711,1.2463
3063,9,193,21.44,5.3,0,corps,46.37737702999701,1.4238
3064,12,176,14.67,6.7,0,corps,46.35619363777138,1.5297
3065,12,208,17.33,6.7,0,corps,46.335020834594395,1.2514
3066,3,23,7.67,2.7,0,corps,46.31385861517284,1.9869
3067,17,234,13.76,8.9,0,corps,46.292706974216145,1.8154
3068,2,33,16.50,2.2,0,corps,46.27156590643642,1.9307
3069,12,216,18.00,6.7,0,corps,46.2504354065484,1.1753
3070,2,27,13.50,2.2,0,corps,46.229315469269444,1.0976
3071,9,121,13.44,5.3,0,corps,46.20820608931957,1.2472
3072,5,135,27.00,3.6,0,corps,46.18710726142144,0.9284
3073,9,82,9.11,5.3,0,corps,46.16601898030036,1.9937
3074,5,86,17.20,3.6,0,corps,46.14494124068423,1.5616
3075,10,176,17.60,5.8,0,corps,46.12387403730362,1.0402
3076,13,208,16.00,7.1,0,corps,46.10281736489176,1.2457
3077,3,57,19.00,2.7,0,corps,46.08177121818445,1.0076
3078,8,136,17.00,4.9,0,corps,46.06073559192018,0.9964
3079,15,202,13.47,8.0,0,corps,46.03971048084,1.6772
3080,8,121,15.12,4.9,0,corps,46.01869587968768,1.3339
3081,5,43,8.60,3.6,0,corps,45.99769178320954,1.4974
3082,10,139,13.90,5.8,0,corps,45.97669818615457,1.5166
3083,2,27,13.50,2.2,0,corps,45.95571508327435,2.1391
3084,7,80,11.43,4.4,0,corps,45.93474246932313,1.4758
3085,4,46,11.50,3.1,0,corps,45.91378033905775,1.8788
3086,18,274,15.22,9.3,0,corps,45.892828687237675,1.5065
3087,9,160,17.78,5.3,0,corps,45.87188750862497,1.5282
3088,3,73,24.33,2.7,0,corps,45.850956797984374,1.1713
3089,11,150,13.64,6.2,0,corps,45.8300365500832,1.4846
3090,5,135,27.00,3.6,0,corps,45.80912675969138,1.0064
3091,4,40,10.00,3.1,0,corps,45.78822742158146,1.5537
3092,5,92,18.40,3.6,0,corps,45.767338530528626,1.2620
3093,26,375,14.42,12.9,0,corps,45.74646008131063,3.2194
3094,7,142,20.29,4.4,0,corps,45.725592068707876,5.9837
3095,15,247,16.47,8.0,0,corps,45.70473448750335,1.4948
3096,10,170,17.00,5.8,0,corps,45.683887332482676,1.4934
3097,4,80,20.00,3.1,0,corps,45.66305059843404,1.1212
3098,4,72,18.00,3.1,0,corps,45.642224280148284,1.4687
3099,13,213,16.38,7.1,0,corps,45.6214083724188,1.4022
3100,10,185,18.50,5.8,0,corps,45.600602870041634,1.1507
3101,3,32,10.67,2.7,0,corps,45.5798077678154,1.6248
3102,3,38,12.67,2.7,0,corps,45.55902306054133,1.6160
3103,4,95,23.75,3.1,0,corps,45.53824874302323,1.0739
3104,5,103,20.60,3.6,0,corps,45.51748481006754,1.3508
3105,2,33,16.50,2.2,0,corps,45.49673125648327,1.2764
3106,7,147,21.00,4.4,0,corps,45.475988077082036,0.9469
3107,3,72,24.00,2.7,0,corps,45.455255266678016,0.8848
3108,6,116,19.33,4.0,0,corps,45.43453282008805,1.3880
3109,2,50,25.00,2.2,0,corps,45.4138207321315,1.0265
3110,4,60,15.00,3.1,0,corps,45.39311899763035,1.4417
3111,2,53,26.50,2.2,0,corps,45.37242761140915,1.0744
3112,7,96,13.71,4.4,0,corps,45.351746568295084,1.4342
3113,4,63,15.75,3.1,0,corps,45.33107586311787,1.3551
3114,10,126,12.60,5.8,0,corps,45.310415490709836,1.6954
3115,12,190,15.83,6.7,0,corps,45.289765445905886,1.4326
3116,8,143,17.88,4.9,0,corps,45.269125723543524,1.2472
3117,18,235,13.06,9.3,0,corps,45.2484963184628,1.7289
3118,7,114,16.29,4.4,0,corps,45.227877225506376,1.6452
3119,10,137,13.70,5.8,0,corps,45.20726843951946,1.3817
3120,7,116,16.57,4.4,0,corps,45.186669955349885,1.3116
3121,5,114,22.80,3.6,0,corps,45.16608176784801,0.8418
3122,10,149,14.90,5.8,0,corps,45.14550387186678,1.5783
3123,2,30,15.00,2.2,0,corps,45.12493626226174,1.5017
3124,10,229,22.90,5.8,0,corps,45.104378933890985,1.3214
3125,6,96,16.00,4.0,0,corps,45.08383188161517,1.3348
3126,4,90,22.50,3.1,0,corps,45.063295100297545,1.1740
3127,2,28,14.00,2.2,0,corps,45.0427685848039,1.5030
3128,12,205,17.08,6.7,0,corps,45.02225233000262,1.4558
3129,6,118,19.67,4.0,0,corps,45.00174633076464,1.6359
3130,2,90,45.00,2.2,0,corps,44.98125058196345,0.7195
3131,11,121,11.00,6.2,0,corps,44.96076507847513,1.9961
3132,2,47,23.50,2.2,0,corps,44.940289815178275,1.0994
3133,7,116,16.57,4.4,0,corps,44.9198247869541,1.9400
3134,10,152,15.20,5.8,0,corps,44.89936998868633,1.6329
3135,5,92,18.40,3.6,0,corps,44.87892541526128,1.4512
3136,9,293,32.56,5.3,0,corps,44.858491061567776,1.0780
3137,7,109,15.57,4.4,0,corps,44.83806692249727,1.8794
3138,7,123,17.57,4.4,0,corps,44.8176529929437,1.3199
3139,17,249,14.65,8.9,0,corps,44.79724926780359,4.2546
3140,10,214,21.40,5.8,0,corps,44.77685574197601,1.2686
3141,3,48,16.00,2.7,0,corps,44.756472410362576,1.2247
3142,4,73,18.25,3.1,0,corps,44.736099267867466,1.6473
3143,8,140,17.50,4.9,0,corps,44.71573630939738,1.2279
3144,8,112,14.00,4.9,0,corps,44.69538352986157,1.4196
3145,6,134,22.33,4.0,0,corps,44.675040924171874,1.0860
3146,7,93,13.29,4.4,0,corps,44.65470848724261,1.3072
3147,15,175,11.67,8.0,0,corps,44.63438621399069,1.9031
3148,2,27,13.50,2.2,0,corps,44.61407409933552,1.4725
3149,5,90,18.00,3.6,0,corps,44.59377213819909,1.3651
3150,13,228,17.54,7.1,0,corps,44.57348032550591,1.3313
3151,4,82,20.50,3.1,0,corps,44.55319865618303,0.8594
3152,3,58,19.33,2.7,0,corps,44.53292712516001,1.3073
3153,9,147,16.33,5.3,0,corps,44.51266572736899,1.4870
3154,11,144,13.09,6.2,0,corps,44.492414457744616,1.8688
3155,4,47,11.75,3.1,0,corps,44.472173311224076,1.3291
3156,15,261,17.40,8.0,0,corps,44.45194228274705,1.3005
3157,12,135,11.25,6.7,0,corps,44.43172136725582,1.4199
3158,4,65,16.25,3.1,0,corps,44.411510559695145,0.9925
3159,3,44,14.67,2.7,0,corps,44.39130985501232,1.4592
3160,15,179,11.93,8.0,0,corps,44.37111924815716,1.8039
3161,18,273,15.17,9.3,0,corps,44.35093873408202,1.5840
3162,3,46,15.33,2.7,0,corps,44.330768307741785,1.4143
3163,10,155,15.50,5.8,0,corps,44.31060796409384,1.4582
3164,5,69,13.80,3.6,0,corps,44.29045769809808,1.7083
3165,18,285,15.83,9.3,0,corps,44.270317504716964,1.1366
3166,6,82,13.67,4.0,0,corps,44.25018737891544,1.9222
3167,6,91,15.17,4.0,0,corps,44.23006731566097,1.6650
3168,2,28,14.00,2.2,0,corps,44.20995730992352,1.1058
3169,3,54,18.00,2.7,0,corps,44.189857356675624,1.2016
3170,3,53,17.67,2.7,0,corps,44.16976745089227,1.3857
3171,19,296,15.58,9.8,0,corps,44.14968758755099,1.3374
3172,3,47,15.67,2.7,0,corps,44.12961776163181,1.4766
3173,2,24,12.00,2.2,0,corps,44.109557968117294,1.4227
3174,8,82,10.25,4.9,0,corps,44.089508201992466,2.0025
3175,2,57,28.50,2.2,0,corps,44.069468458244906,0.8520
3176,12,244,20.33,6.7,0,corps,44.04943873186466,1.1679
3177,4,54,13.50,3.1,0,corps,44.029419017844305,1.3322
3178,18,241,13.39,9.3,0,corps,44.00940931117893,1.4919
3179,4,62,15.50,3.1,0,corps,43.989409606866076,1.3344
3180,6,86,14.33,4.0,0,corps,43.96941989990582,1.5736
3181,5,44,8.80,3.6,0,corps,43.94944018530077,1.6801
3182,7,88,12.57,4.4,0,corps,43.929470458055974,1.4381
3183,7,87,12.43,4.4,0,corps,43.909510713178996,1.6693
3184,9,140,15.56,5.3,0,corps,43.88956094567989,1.3747
3185,12,147,12.25,6.7,0,corps,43.86962115057124,1.4230
3186,8,155,19.38,4.9,0,corps,43.84969132286809,1.0822
3187,4,59,14.75,3.1,0,corps,43.82977145758798,1.0507
3188,16,281,17.56,8.4,0,corps,43.80986154975092,1.1814
3189,4,65,16.25,3.1,0,corps,43.78996159437948,1.2594
3190,7,104,14.86,4.4,0,corps,43.77007158649863,1.1583
3191,6,109,18.17,4.0,0,corps,43.750191521135896,1.5795
3192,8,80,10.00,4.9,0,corps,43.73032139332123,1.9512
3193,9,126,14.00,5.3,0,corps,43.71046119808714,1.2839
3194,2,41,20.50,2.2,0,corps,43.69061093046855,0.8811
3195,10,160,16.00,5.8,0,corps,43.6707705855029,1.2343
3196,6,84,14.00,4.0,0,corps,43.65094015823009,1.3030
3197,15,303,20.20,8.0,0,corps,43.63111964369254,1.1463
3198,5,64,12.80,3.6,0,corps,43.61130903693511,1.7602
3199,3,25,8.33,2.7,0,corps,43.591508333005144,1.8210
3200,12,162,13.50,6.7,0,corps,43.571717526952455,1.4384
3201,4,89,22.25,3.1,0,corps,43.55193661382936,0.9887
3202,9,233,25.89,5.3,0,corps,43.53216558869063,0.9097
3203,10,148,14.80,5.8,0,corps,43.51240444659351,1.3945
3204,12,126,10.50,6.7,0,corps,43.492653182597685,6.3360
3205,10,172,17.20,5.8,0,corps,43.47291179176537,1.3396
3206,6,121,20.17,4.0,0,corps,43.453180269161216,1.0078
3207,7,108,15.43,4.4,0,corps,43.43345860985233,1.1502
3208,11,210,19.09,6.2,0,corps,43.41374680890831,1.0309
3209,9,94,10.44,5.3,0,corps,43.394044861401184,1.3339
3210,6,52,8.67,4.0,0,corps,43.374352762405486,1.7238
3211,4,59,14.75,3.1,0,corps,43.35467050699818,1.5049
3212,10,267,26.70,5.8,0,corps,43.3349980902587,0.9750
3213,7,114,16.29,4.4,0,corps,43.31533550726896,1.2570
3214,3,35,11.67,2.7,0,corps,43.295682753113304,1.3984
3215,3,63,21.00,2.7,0,corps,43.27603982287853,0.9091
3216,15,231,15.40,8.0,0,corps,43.256406711653916,1.3009
3217,5,143,28.60,3.6,0,corps,43.236783414531196,0.7338
3218,4,78,19.50,3.1,0,corps,43.21716992660452,1.2306
3219,2,37,18.50,2.2,0,corps,43.197566242970545,1.2956
3220,3,31,10.33,2.7,0,corps,43.17797235872832,1.2279
3221,12,223,18.58,6.7,0,corps,43.158388268979394,1.3458
3222,4,74,18.50,3.1,0,corps,43.13881396882774,1.1917
3223,5,83,16.60,3.6,0,corps,43.11924945337978,1.1508
3224,9,120,13.33,5.3,0,corps,43.09969471774439,1.2877
3225,11,232,21.09,6.2,0,corps,43.080149757032885,1.0325
3226,18,179,9.94,9.3,0,corps,43.06061456635902,1.6632
3227,10,102,10.20,5.8,0,corps,43.041089140839,1.5522
3228,3,76,25.33,2.7,0,corps,43.02157347559146,0.7389
3229,3,74,24.67,2.7,0,corps,43.002067565737505,1.0571
3230,5,68,13.60,3.6,0,corps,42.982571406400645,1.3534
3231,2,12,6.00,2.2,0,corps,42.96308499270683,2.0905
3232,3,23,7.67,2.7,0,corps,42.943608319784474,1.5235
3233,2,56,28.00,2.2,0,corps,42.9241413827644,1.1167
3234,6,81,13.50,4.0,0,corps,42.90468417677988,1.5078
3235,6,84,14.00,4.0,0,corps,42.885236696966594,1.4106
3236,5,104,20.80,3.6,0,corps,42.86579893846268,0.9907
3237,8,114,14.25,4.9,0,corps,42.84637089640872,1.5557
3238,7,118,16.86,4.4,0,corps,42.826952565947686,1.4479
3239,4,45,11.25,3.1,0,corps,42.80754394222498,1.5601
3240,5,75,15.00,3.6,0,corps,42.78814502038847,1.2224
3241,7,101,14.43,4.4,0,corps,42.768755795588426,1.9128
3242,7,104,14.86,4.4,0,corps,42.74937626297752,1.4495
3243,9,154,17.11,5.3,0,corps,42.73000641771089,1.1499
3244,12,211,17.58,6.7,0,corps,42.71064625494606,1.5326
3245,14,196,14.00,7.6,0,corps,42.691295769842995,5.2661
3246,11,150,13.64,6.2,0,corps,42.67195495756408,1.1558
3247,17,250,14.71,8.9,0,corps,42.652623813274104,1.4904
3248,12,215,17.92,6.7,0,corps,42.633302332140275,1.1313
3249,4,140,35.00,3.1,0,corps,42.61399050933224,1.0723
3250,6,115,19.17,4.0,0,corps,42.59468834002204,0.9787
3251,2,82,41.00,2.2,0,corps,42.57539581938411,0.9186
3252,3,27,9.00,2.7,0,corps,42.55611294259534,1.6044
3253,4,60,15.00,3.1,0,corps,42.536839704835,1.4341
3254,6,62,10.33,4.0,0,corps,42.517576101284796,2.0345
3255,7,68,9.71,4.4,0,corps,42.49832212712883,1.4234
3256,14,295,21.07,7.6,0,corps,42.479077777553584,1.1188
3257,8,83,10.38,4.9,0,corps,42.459843047747974,1.5711
3258,12,164,13.67,6.7,0,corps,42.440617932903336,4.8903
3259,6,89,14.83,4.0,0,corps,42.421402428213376,1.9321
3260,13,206,15.85,7.1,0,corps,42.40219652887423,1.3599
3261,9,157,17.44,5.3,0,corps,42.38300023008441,1.2862
3262,3,38,12.67,2.7,0,corps,42.363813527044854,1.2943
3263,11,219,19.91,6.2,0,corps,42.34463641495888,1.3990
3264,9,173,19.22,5.3,0,corps,42.3254688890322,1.0784
3265,30,430,14.33,14.7,0,corps,42.30631094447295,1.6098
3266,2,51,25.50,2.2,0,corps,42.28716257649163,1.1221
3267,14,196,14.00,7.6,0,corps,42.268023780301164,1.6425
3268,3,56,18.67,2.7,0,corps,42.248894551116834,1.3414
3269,6,67,11.17,4.0,0,corps,42.229774884156335,1.6893
3270,2,51,25.50,2.2,0,corps,42.21066477463977,1.4198
3271,3,115,38.33,2.7,0,corps,42.19156421778959,1.1716
3272,14,151,10.79,7.6,0,corps,42.17247320883067,6.1309
3273,12,166,13.83,6.7,0,corps,42.15339174299024,1.7957
3274,15,194,12.93,8.0,0,corps,42.134319815497946,1.3026
3275,8,169,21.12,4.9,0,corps,42.11525742158581,0.8985
3276,2,40,20.00,2.2,0,corps,42.096204556488225,0.7359
3277,13,146,11.23,7.1,0,corps,42.077161215441976,6.1740
3278,12,298,24.83,6.7,0,corps,42.058127393686235,1.0153
3279,13,210,16.15,7.1,0,corps,42.03910308646254,1.2958
3280,7,116,16.57,4.4,0,corps,42.020088289014815,1.0919
3281,2,19,9.50,2.2,0,corps,42.00108299658935,0.8608
3282,5,68,13.60,3.6,0,corps,41.98208720443483,1.1554
3283,11,119,10.82,6.2,0,corps,41.96310090780233,6.2714
3284,14,252,18.00,7.6,0,corps,41.94412410194525,1.5090
3285,20,288,14.40,10.2,0,corps,41.92515678211938,1.5646
3286,14,260,18.57,7.6,0,corps,41.90619894358291,1.3908
3287,14,250,17.86,7.6,0,corps,41.887250581596376,1.2241
3288,3,69,23.00,2.7,0,corps,41.86831169142268,1.1364
3289,13,182,14.00,7.1,0,corps,41.8493822683271,1.4399
3290,14,286,20.43,7.6,0,corps,41.83046230757729,1.4549
3291,2,33,16.50,2.2,0,corps,41.811551804443255,0.7815
3292,16,205,12.81,8.4,0,corps,41.79265075419737,1.4237
3293,11,148,13.45,6.2,0,corps,41.773759152114366,1.5261
3294,3,57,19.00,2.7,0,corps,41.75487699347135,0.7666
3295,8,67,8.38,4.9,0,corps,41.73600427354777,1.9340
3296,12,197,16.42,6.7,0,corps,41.71714098762547,0.9508
3297,7,101,14.43,4.4,0,corps,41.6982871309886,1.2827
3298,7,103,14.71,4.4,0,corps,41.679442698923715,1.0834
3299,7,81,11.57,4.4,0,corps,41.6606076867197,1.1270
3300,4,38,9.50,3.1,0,corps,41.64178208966781,1.4629
3301,14,209,14.93,7.6,0,corps,41.62296590306162,4.1733
3302,9,143,15.89,5.3,0,corps,41.60415912219712,1.4329
3303,2,17,8.50,2.2,0,corps,41.58536174237259,1.2360
3304,10,102,10.20,5.8,0,corps,41.566573758888694,2.1542
3305,4,56,14.00,3.1,0,corps,41.54779516704842,1.1154
3306,4,58,14.50,3.1,0,corps,41.52902596215715,1.1169
3307,2,41,20.50,2.2,0,corps,41.51026613952256,1.6883
3308,7,138,19.71,4.4,0,corps,41.4915156944547,1.2501
3309,11,159,14.45,6.2,0,corps,41.47277462226595,1.2775
3310,7,114,16.29,4.4,0,corps,41.454042918271064,1.1802
3311,8,111,13.88,4.9,0,corps,41.4353205777871,1.6960
3312,3,49,16.33,2.7,0,corps,41.41660759613348,1.0993
3313,16,241,15.06,8.4,0,corps,41.39790396863194,1.2577
3314,13,210,16.15,7.1,0,corps,41.379209690606594,1.2221
3315,8,99,12.38,4.9,0,corps,41.36052475738387,1.6082
3316,14,332,23.71,7.6,0,corps,41.341849164292526,1.4417
3317,4,116,29.00,3.1,0,corps,41.32318290666366,0.8245
3318,21,310,14.76,10.7,0,corps,41.30452597983073,1.4077
3319,5,86,17.20,3.6,0,corps,41.28587837912948,1.1503
3320,2,38,19.00,2.2,0,corps,41.267240099898025,1.7336
3321,5,70,14.00,3.6,0,corps,41.24861113747678,1.2158
3322,5,58,11.60,3.6,0,corps,41.229991487208515,1.4601
3323,14,191,13.64,7.6,0,corps,41.21138114443833,1.4628
3324,4,54,13.50,3.1,0,corps,41.19278010451361,1.1903
3325,4,74,18.50,3.1,0,corps,41.1741883627841,1.2360
3326,7,93,13.29,4.4,0,corps,41.15560591460189,1.4258
3327,13,304,23.38,7.1,0,corps,41.13703275532136,1.0498
3328,15,173,11.53,8.0,0,corps,41.118468880299204,1.5334
3329,10,159,15.90,5.8,0,corps,41.09991428489445,1.4298
3330,9,131,14.56,5.3,0,corps,41.08136896446848,1.1332
3331,9,124,13.78,5.3,0,corps,41.06283291438493,1.4095
3332,13,158,12.15,7.1,0,corps,41.04430613000981,1.2571
3333,3,82,27.33,2.7,0,corps,41.02578860671141,0.9709
3334,3,58,19.33,2.7,0,corps,41.00728033986035,0.8858
3335,4,76,19.00,3.1,0,corps,40.988781324829574,1.4339
3336,16,211,13.19,8.4,0,corps,40.97029155699433,1.2438
3337,3,50,16.67,2.7,0,corps,40.95181103173215,1.1444
3338,2,44,22.00,2.2,0,corps,40.93333974442293,0.7216
3339,8,139,17.38,4.9,0,corps,40.91487769044884,1.1471
3340,12,163,13.58,6.7,0,corps,40.89642486519437,1.1689
3341,4,60,15.00,3.1,0,corps,40.87798126404629,1.5764
3342,7,77,11.00,4.4,0,corps,40.85954688239373,2.2068
3343,3,53,17.67,2.7,0,corps,40.841121715628084,1.1745
3344,20,393,19.65,10.2,0,corps,40.82270575914306,3.0444
3345,2,59,29.50,2.2,0,corps,40.80429900833466,1.4055
3346,10,174,17.40,5.8,0,corps,40.78590145860121,5.7476
3347,10,150,15.00,5.8,0,corps,40.76751310534332,1.3395
3348,8,92,11.50,4.9,0,corps,40.7491339439639,1.5505
3349,6,129,21.50,4.0,0,corps,40.730763969868136,1.2752
3350,4,75,18.75,3.1,0,corps,40.712403178463575,1.0583
3351,6,69,11.50,4.0,0,corps,40.694051565159995,1.5226
3352,10,99,9.90,5.8,0,corps,40.675709125369494,1.9898
3353,5,94,18.80,3.6,0,corps,40.65737585450647,1.0224
3354,5,118,23.60,3.6,0,corps,40.639051747987594,1.0557
3355,19,311,16.37,9.8,0,corps,40.62073680123186,3.5007
3356,9,148,16.44,5.3,0,corps,40.6024310096605,1.2702
3357,12,181,15.08,6.7,0,corps,40.584134368697086,1.5150
3358,10,130,13.00,5.8,0,corps,40.56584687376746,6.3824
3359,14,148,10.57,7.6,0,corps,40.54756852029975,2.0056
3360,6,70,11.67,4.0,0,corps,40.52929930372435,1.4273
3361,8,121,15.12,4.9,0,corps,40.511039219473965,1.6802
3362,7,124,17.71,4.4,0,corps,40.49278826298358,1.5039
3363,18,268,14.89,9.3,0,corps,40.474546429690456,2.0613
3364,2,34,17.00,2.2,0,corps,40.45631371503412,2.0196
3365,15,195,13.00,8.0,0,corps,40.4380901144564,1.7578
3366,2,38,19.00,2.2,0,corps,40.41987562340141,1.2864
3367,13,236,18.15,7.1,0,corps,40.401670237315514,1.5799
3368,4,72,18.00,3.1,0,corps,40.38347395164736,1.0988
3369,3,78,26.00,2.7,0,corps,40.36528676184788,1.2986
3370,7,92,13.14,4.4,0,corps,40.34710866337029,1.7718
3371,7,85,12.14,4.4,0,corps,40.32893965167005,1.5178
3372,7,115,16.43,4.4,0,corps,40.31077972220491,1.2100
3373,13,294,22.62,7.1,0,corps,40.292628870434896,3.0824
3374,14,262,18.71,7.6,0,corps,40.27448709182229,3.9000
3375,4,124,31.00,3.1,0,corps,40.25635438183164,1.2651
3376,2,109,54.50,2.2,0,corps,40.238230735929776,0.7978
3377,21,363,17.29,10.7,0,corps,40.220116149585785,1.6219
3378,3,70,23.33,2.7,0,corps,40.20201061827102,0.8819
3379,6,159,26.50,4.0,0,corps,40.18391413745909,0.9864
3380,3,50,16.67,2.7,0,corps,40.16582670262589,1.7479
3381,6,75,12.50,4.0,0,corps,40.147748309249565,1.6498
3382,4,65,16.25,3.1,0,corps,40.12967895281049,1.6757
3383,3,62,20.67,2.7,0,corps,40.11161862879134,1.1367
3384,10,222,22.20,5.8,0,corps,40.09356733267705,0.9476
3385,6,91,15.17,4.0,0,corps,40.07552505995477,1.2336
3386,2,55,27.50,2.2,0,corps,40.057491806113944,0.8531
3387,3,46,15.33,2.7,0,corps,40.03946756664626,1.5595
3388,9,116,12.89,5.3,0,corps,40.02145233704565,1.4510
3389,2,27,13.50,2.2,0,corps,40.00344611280833,1.8001
3390,4,45,11.25,3.1,0,corps,39.985448889432696,1.4263
3391,6,71,11.83,4.0,0,corps,39.9674606624195,1.5652
3392,8,95,11.88,4.9,0,corps,39.949481427271635,1.5795
3393,15,282,18.80,8.0,0,corps,39.93151117949433,1.2280
3394,2,47,23.50,2.2,0,corps,39.913549914594995,0.5452
3395,5,74,14.80,3.6,0,corps,39.89559762808333,1.3957
3396,2,59,29.50,2.2,0,corps,39.87765431547127,1.0375
3397,2,65,32.50,2.2,0,corps,39.85971997227297,0.8160
3398,17,341,20.06,8.9,0,corps,39.84179459400484,1.2192
3399,5,99,19.80,3.6,0,corps,39.823878176185545,0.8520
3400,16,326,20.38,8.4,0,corps,39.80597071433599,1.1319
3401,5,63,12.60,3.6,0,corps,39.7880722039793,1.9218
3402,13,158,12.15,7.1,0,corps,39.77018264064084,4.6330
3403,22,250,11.36,11.1,0,corps,39.75230201984823,1.8062
3404,7,131,18.71,4.4,0,corps,39.734430337131315,1.1291
3405,3,50,16.67,2.7,0,corps,39.716567588022166,1.0914
3406,6,75,12.50,4.0,0,corps,39.6987137680551,1.6566
3407,7,82,11.71,4.4,0,corps,39.680868872766666,1.3789
3408,12,158,13.17,6.7,0,corps,39.66303289769563,7.5098
3409,12,223,18.58,6.7,0,corps,39.64520583838301,3.8871
3410,7,126,18.00,4.4,0,corps,39.62738769037203,1.0979
3411,2,29,14.50,2.2,0,corps,39.60957844920816,1.0021
3412,11,155,14.09,6.2,0,corps,39.591778110439094,1.4934
3413,12,215,17.92,6.7,0,corps,39.57398666961473,4.0799
3414,5,67,13.40,3.6,0,corps,39.55620412228722,1.1762
3415,7,70,10.00,4.4,0,corps,39.538430464010936,12.0083
3416,8,182,22.75,4.9,0,corps,39.52066569034245,1.2063
3417,4,21,5.25,3.1,0,corps,39.50290979684057,2.6699
3418,11,190,17.27,6.2,0,corps,39.48516277906632,1.4069
3419,19,334,17.58,9.8,0,corps,39.46742463258295,1.2231
3420,14,205,14.64,7.6,0,corps,39.44969535295593,1.2428
3421,5,74,14.80,3.6,0,corps,39.431974935752926,1.1994
3422,3,57,19.00,2.7,0,corps,39.414263376543836,1.4103
3423,2,55,27.50,2.2,0,corps,39.39656067090079,0.9346
3424,2,20,10.00,2.2,0,corps,39.37886681439808,1.0185
3425,4,61,15.25,3.1,0,corps,39.36118180261227,1.4108
3426,8,126,15.75,4.9,0,corps,39.34350563112209,1.3501
3427,11,160,14.55,6.2,0,corps,39.3258382955085,1.5271
3428,9,143,15.89,5.3,0,corps,39.30817979135467,5.3741
3429,4,37,9.25,3.1,0,corps,39.290530114245975,2.4922
3430,5,79,15.80,3.6,0,corps,39.27288925976998,1.3775
3431,2,61,30.50,2.2,0,corps,39.2552572235165,0.8072
3432,11,173,15.73,6.2,0,corps,39.237634001077495,1.6171
3433,11,177,16.09,6.2,0,corps,39.22001958804719,1.5877
3434,13,229,17.62,7.1,0,corps,39.202413980021944,1.3945
3435,6,97,16.17,4.0,0,corps,39.1848171726004,1.4188
3436,8,126,15.75,4.9,0,corps,39.16722916138332,1.2718
3437,16,306,19.12,8.4,0,corps,39.14964994197372,1.5526
3438,7,104,14.86,4.4,0,corps,39.132079509976776,1.8189
3439,7,90,12.86,4.4,0,corps,39.1145178609999,1.7667
3440,8,141,17.62,4.9,0,corps,39.09696499065267,1.1695
3441,5,42,8.40,3.6,0,corps,39.07942089454687,1.8616
3442,5,104,20.80,3.6,0,corps,39.061885568296475,1.0625
3443,2,34,17.00,2.2,0,corps,39.04435900751766,1.6335
3444,6,123,20.50,4.0,0,corps,39.02684120782878,0.8695
3445,18,320,17.78,9.3,0,corps,39.009332164850385,1.1896
3446,8,128,16.00,4.9,0,corps,38.991831874205204,1.2023
3447,14,186,13.29,7.6,0,corps,38.97434033151818,1.6162
3448,17,292,17.18,8.9,0,corps,38.95685753241643,3.7981
3449,18,286,15.89,9.3,0,corps,38.93938347252924,1.4112
3450,2,50,25.00,2.2,0,corps,38.921918147488086,0.8843
3451,6,88,14.67,4.0,0,corps,38.90446155292666,1.0855
3452,11,210,19.09,6.2,0,corps,38.887013684480806,1.1196
3453,2,26,13.00,2.2,0,corps,38.86957453778856,1.1055
3454,7,124,17.71,4.4,0,corps,38.852144108490116,1.0692
3455,6,86,14.33,4.0,0,corps,38.834722392227896,1.0669
3456,11,185,16.82,6.2,0,corps,38.81730938464645,1.1956
3457,22,365,16.59,11.1,0,corps,38.799905081392524,2.7770
3458,16,269,16.81,8.4,0,corps,38.78250947811506,1.3539
3459,16,298,18.62,8.4,0,corps,38.76512257046514,1.3377
3460,3,91,30.33,2.7,0,corps,38.74774435409605,0.8762
3461,5,49,9.80,3.6,0,corps,38.73037482466323,1.6718
3462,14,162,11.57,7.6,0,corps,38.71301397782428,1.8742
3463,4,79,19.75,3.1,0,corps,38.69566180923903,1.4644
3464,6,69,11.50,4.0,0,corps,38.678318314569395,1.6294
3465,7,100,14.29,4.4,0,corps,38.66098348947953,1.6085
3466,14,199,14.21,7.6,0,corps,38.64365732963571,1.4187
3467,12,156,13.00,6.7,0,corps,38.6263398307064,1.7165
3468,9,125,13.89,5.3,0,corps,38.609030988362235,1.6445
3469,12,201,16.75,6.7,0,corps,38.591730798276,1.3937
3470,6,138,23.00,4.0,0,corps,38.57443925612263,1.1831
3471,7,104,14.86,4.4,0,corps,38.55715635757927,1.4970
3472,2,27,13.50,2.2,0,corps,38.53988209832517,2.1834
3473,3,34,11.33,2.7,0,corps,38.52261647404179,1.5247
3474,13,189,14.54,7.1,0,corps,38.50535948041269,1.5393
3475,4,52,13.00,3.1,0,corps,38.488111113123644,1.3965
3476,2,29,14.50,2.2,0,corps,38.47087136786257,1.3134
3477,12,145,12.08,6.7,0,corps,38.4536402403195,1.6460
3478,6,73,12.17,4.0,0,corps,38.436417726186676,1.2679
3479,2,11,5.50,2.2,0,corps,38.41920382115846,2.6812
3480,9,316,35.11,5.3,0,corps,38.401998520931386,1.0330
3481,5,55,11.00,3.6,0,corps,38.38480182120412,1.3126
3482,4,73,18.25,3.1,0,corps,38.36761371767748,1.2458
3483,8,82,10.25,4.9,0,corps,38.35043420605445,2.0170
3484,17,312,18.35,8.9,0,corps,38.33326328204016,2.8881
3485,11,207,18.82,6.2,0,corps,38.316100941341865,1.1679
3486,11,155,14.09,6.2,0,corps,38.29894717966897,1.3067
3487,7,119,17.00,4.4,0,corps,38.281801992733065,1.1082
3488,15,195,13.00,8.0,0,corps,38.264665376247834,1.5982
3489,15,185,12.33,8.0,0,corps,38.24753732592912,4.2403
3490,10,176,17.60,5.8,0,corps,38.230417837494926,1.2165
3491,8,79,9.88,4.9,0,corps,38.21330690666536,10.1685
3492,5,172,34.40,3.6,0,corps,38.196204529162706,1.0320
3493,14,197,14.07,7.6,0,corps,38.17911070071136,1.3988
3494,3,65,21.67,2.7,0,corps,38.16202541703787,0.8974
3495,6,108,18.00,4.0,0,corps,38.1449486738709,1.0843
3496,9,86,9.56,5.3,0,corps,38.12788046694129,1.4464
3497,3,78,26.00,2.7,0,corps,38.11082079198197,1.2192
3498,5,90,18.00,3.6,0,corps,38.09376964472801,1.6836
3499,6,100,16.67,4.0,0,corps,38.076727020916664,1.4122
3500,5,79,15.80,3.6,0,corps,38.05969291628725,1.2010
3501,14,220,15.71,7.6,0,corps,38.042667326581224,1.5766
3502,8,86,10.75,4.9,0,corps,38.02565024754222,1.7388
3503,4,46,11.50,3.1,0,corps,38.00864167491594,2.1020
3504,17,222,13.06,8.9,0,corps,37.99164160445028,1.7278
3505,7,88,12.57,4.4,0,corps,37.97465003189518,1.5436
3506,4,60,15.00,3.1,0,corps,37.95766695300277,1.4520
3507,10,124,12.40,5.8,0,corps,37.940692363527276,1.3792
3508,3,55,18.33,2.7,0,corps,37.92372625922505,0.8634
3509,2,29,14.50,2.2,0,corps,37.90676863585456,1.3737
3510,15,225,15.00,8.0,0,corps,37.88981948917641,1.1676
3511,4,67,16.75,3.1,0,corps,37.8728788149533,1.3207
3512,9,123,13.67,5.3,0,corps,37.855946608950084,1.4443
3513,2,32,16.00,2.2,0,corps,37.83902286693369,2.2210
3514,5,45,9.00,3.6,0,corps,37.82210758467319,1.6827
3515,7,151,21.57,4.4,0,corps,37.80520075793976,1.2225
3516,2,42,21.00,2.2,0,corps,37.78830238250671,1.4792
3517,12,125,10.42,6.7,0,corps,37.77141245414942,5.9537
3518,8,95,11.88,4.9,0,corps,37.75453096864542,9.1632
3519,16,226,14.12,8.4,0,corps,37.73765792177433,4.4376
3520,10,98,9.80,5.8,0,corps,37.7207933093179,2.6953
3521,5,62,12.40,3.6,0,corps,37.70393712705998,2.2444
3522,11,140,12.73,6.2,0,corps,37.687089370786516,1.7770
3523,13,170,13.08,7.1,0,corps,37.670250036285566,1.6159
3524,7,74,10.57,4.4,0,corps,37.6534191193473,1.8419
3525,5,110,22.00,3.6,0,corps,37.63659661576399,0.8831
3526,3,21,7.00,2.7,0,corps,37.619782521330016,3.7619
3527,7,62,8.86,4.4,0,corps,37.602976831841836,2.0965
3528,5,75,15.00,3.6,0,corps,37.58617954309804,1.5948
3529,11,163,14.82,6.2,0,corps,37.569390650899315,1.2793
3530,12,110,9.17,6.7,0,corps,37.55261015104843,5.5437
3531,16,300,18.75,8.4,0,corps,37.53583803935023,1.2695
3532,15,259,17.27,8.0,0,corps,37.51907431161174,1.3757
3533,16,221,13.81,8.4,0,corps,37.502318963642,1.7171
3534,7,128,18.29,4.4,0,corps,37.48557199125217,1.2241
3535,14,177,12.64,7.6,0,corps,37.46883339025551,1.9229
3536,6,117,19.50,4.0,0,corps,37.45210315646738,0.9618
3537,9,132,14.67,5.3,0,corps,37.43538128570521,1.4035
3538,26,394,15.15,12.9,0,corps,37.418667773788535,1.7707
3539,3,51,17.00,2.7,0,corps,37.401962616538974,1.1409
3540,6,42,7.00,4.0,0,corps,37.38526580978024,2.2650
3541,5,80,16.00,3.6,0,corps,37.36857734933814,1.2051
3542,2,27,13.50,2.2,0,corps,37.35189723104055,1.5401
3543,6,75,12.50,4.0,0,corps,37.33522545071744,1.6246
3544,3,28,9.33,2.7,0,corps,37.318562004200864,2.6054
3545,9,208,23.11,5.3,0,corps,37.30190688732497,1.0701
3546,10,141,14.10,5.8,0,corps,37.28526009592596,1.4720
3547,10,184,18.40,5.8,0,corps,37.26862162584215,1.5354
3548,8,122,15.25,4.9,0,corps,37.25199147291393,1.4354
3549,2,18,9.00,2.2,0,corps,37.23536963298375,2.0153
3550,9,121,13.44,5.3,0,corps,37.21875610189614,1.7563
3551,10,136,13.60,5.8,0,corps,37.20215087549772,1.6026
3552,9,172,19.11,5.3,0,corps,37.18555394963721,1.2930
3553,8,131,16.38,4.9,0,corps,37.16896532016536,1.3663
3554,16,156,9.75,8.4,0,corps,37.15238498293502,2.2145
3555,12,213,17.75,6.7,0,corps,37.13581293380108,1.5308
3556,4,66,16.50,3.1,0,corps,37.11924916862055,1.1740
3557,9,148,16.44,5.3,0,corps,37.10269368325248,5.1436
3558,2,17,8.50,2.2,0,corps,37.086146473558024,3.9750
3559,6,60,10.00,4.0,0,corps,37.06960753540034,1.9241
3560,13,170,13.08,7.1,0,corps,37.053076864644716,1.7652
3561,15,169,11.27,8.0,0,corps,37.03655445715849,2.1509
3562,18,241,13.39,9.3,0,corps,37.02004030881103,1.8316
3563,3,62,20.67,2.7,0,corps,37.00353441547383,1.1244
3564,20,215,10.75,10.2,0,corps,36.987036773020414,5.0520
3565,17,178,10.47,8.9,0,corps,36.970547377326355,1.5340
3566,4,53,13.25,3.1,0,corps,36.95406622426932,0.8426
3567,7,110,15.71,4.4,0,corps,36.937593309729,1.1104
3568,13,155,11.92,7.1,0,corps,36.92112862958719,1.5981
3569,4,75,18.75,3.1,0,corps,36.9046721797277,0.7638
3570,12,177,14.75,6.7,0,corps,36.888223956036434,1.4941
3571,12,218,18.17,6.7,0,corps,36.871783954401316,1.2898
3572,5,155,31.00,3.6,0,corps,36.85535217071237,1.0150
3573,14,148,10.57,7.6,0,corps,36.838928600861635,1.6970
3574,5,120,24.00,3.6,0,corps,36.82251324074322,0.9958
3575,13,148,11.38,7.1,0,corps,36.80610608625328,2.0937
3576,18,250,13.89,9.3,0,corps,36.789707133290044,1.5334
3577,5,73,14.60,3.6,0,corps,36.77331637775376,1.3938
3578,5,67,13.40,3.6,0,corps,36.75693381554674,1.4291
3579,16,210,13.12,8.4,0,corps,36.740559442573336,1.2597
3580,4,69,17.25,3.1,0,corps,36.72419325473997,1.6233
3581,16,223,13.94,8.4,0,corps,36.707835247955096,1.5049
3582,7,104,14.86,4.4,0,corps,36.6914854181292,1.3847
3583,13,187,14.38,7.1,0,corps,36.675143761174816,1.1924
3584,4,49,12.25,3.1,0,corps,36.65881027300655,1.6006
3585,6,76,12.67,4.0,0,corps,36.64248494954103,1.2794
3586,10,167,16.70,5.8,0,corps,36.62616778669691,1.2772
3587,20,240,12.00,10.2,0,corps,36.6098587803949,1.6888
3588,20,256,12.80,10.2,0,corps,36.59355792655777,3.7525
3589,15,283,18.87,8.0,0,corps,36.57726522111028,1.3484
3590,3,24,8.00,2.7,0,corps,36.56098065997928,2.6554
3591,16,290,18.12,8.4,0,corps,36.5447042390936,1.4371
3592,17,257,15.12,8.9,0,corps,36.52843595438415,1.4349
3593,6,100,16.67,4.0,0,corps,36.51217580178386,0.9212
3594,6,185,30.83,4.0,0,corps,36.495923777227695,0.8507
3595,7,139,19.86,4.4,0,corps,36.47967987665264,1.1696
3596,12,171,14.25,6.7,0,corps,36.46344409599772,1.5387
3597,18,260,14.44,9.3,0,corps,36.447216431204,1.4004
3598,4,47,11.75,3.1,0,corps,36.43099687821455,1.4711
3599,3,45,15.00,2.7,0,corps,36.41478543297449,1.6348
3600,15,178,11.87,8.0,0,corps,36.39858209143096,1.8982
3601,15,249,16.60,8.0,0,corps,36.38238684953312,1.5825
3602,3,93,31.00,2.7,0,corps,36.36619970323217,0.8650
3603,11,132,12.00,6.2,0,corps,36.35002064848129,1.5980
3604,10,143,14.30,5.8,0,corps,36.333849681235755,6.6054
3605,10,144,14.40,5.8,0,corps,36.317686797452815,1.7524
3606,18,213,11.83,9.3,0,corps,36.30153199309174,1.7920
3607,7,75,10.71,4.4,0,corps,36.28538526411382,1.8242
3608,13,232,17.85,7.1,0,corps,36.2692466064824,1.5630
3609,4,50,12.50,3.1,0,corps,36.25311601616279,1.7061
3610,2,28,14.00,2.2,0,corps,36.23699348912236,1.4721
3611,21,307,14.62,10.7,0,corps,36.22087902133046,1.5580
3612,9,127,14.11,5.3,0,corps,36.20477260875849,7.1730
3613,16,285,17.81,8.4,0,corps,36.188674247379836,1.2123
3614,2,20,10.00,2.2,0,corps,36.17258393316992,1.5447
3615,3,74,24.67,2.7,0,corps,36.156501662106145,0.9991
3616,6,118,19.67,4.0,0,corps,36.140427430167954,7.1443
3617,5,87,17.40,3.6,0,corps,36.124361233336785,1.1502
3618,8,167,20.88,4.9,0,corps,36.108303067596104,1.3485
3619,10,301,30.10,5.8,0,corps,36.092252928931345,1.0510
3620,9,141,15.67,5.3,0,corps,36.07621081332999,1.1605
3621,13,277,21.31,7.1,0,corps,36.06017671678151,3.0299
3622,7,79,11.29,4.4,0,corps,36.044150635277376,1.8865
3623,8,138,17.25,4.9,0,corps,36.02813256481105,1.3108
3624,3,69,23.00,2.7,0,corps,36.01212250137805,1.3138
3625,11,188,17.09,6.2,0,corps,35.996120440975844,1.7210
3626,16,235,14.69,8.4,0,corps,35.98012637960391,1.1966
3627,3,48,16.00,2.7,0,corps,35.96414031326374,1.0920
3628,14,251,17.93,7.6,0,corps,35.948162237958805,1.3795
3629,2,17,8.50,2.2,0,corps,35.9321921496946,1.4823
3630,5,114,22.80,3.6,0,corps,35.9162300444786,0.9074
3631,19,226,11.89,9.8,0,corps,35.90027591832028,6.3039
3632,9,124,13.78,5.3,0,corps,35.8843297672311,7.3554
3633,12,190,15.83,6.7,0,corps,35.86839158722454,2.0761
3634,13,128,9.85,7.1,0,corps,35.85246137431603,1.8772
3635,4,61,15.25,3.1,0,corps,35.836539124523036,1.2268
3636,39,618,15.85,18.7,0,corps,35.820624833864976,3.2565
3637,6,100,16.67,4.0,0,corps,35.80471849836331,1.8052
3638,6,88,14.67,4.0,0,corps,35.78882011404143,1.4119
3639,7,97,13.86,4.4,0,corps,35.77292967692474,9.3484
3640,6,137,22.83,4.0,0,corps,35.757047183040626,0.8604
3641,8,150,18.75,4.9,0,corps,35.74117262841848,1.3383
3642,5,98,19.60,3.6,0,corps,35.725306009089664,0.6737
3643,11,141,12.82,6.2,0,corps,35.70944732108751,5.0594
3644,11,121,11.00,6.2,0,corps,35.69359656044735,1.3134
3645,13,233,17.92,7.1,0,corps,35.67775372320649,1.2491
3646,11,144,13.09,6.2,0,corps,35.661918805404234,1.1140
3647,5,75,15.00,3.6,0,corps,35.646091803081845,0.7572
3648,7,110,15.71,4.4,0,corps,35.63027271228256,1.4019
3649,2,45,22.50,2.2,0,corps,35.61446152905163,0.5169
3650,15,255,17.00,8.0,0,corps,35.59865824943624,1.3291
3651,2,14,7.00,2.2,0,corps,35.58286286948559,1.1875
3652,8,105,13.12,4.9,0,corps,35.56707538525081,1.2174
3653,3,30,10.00,2.7,0,corps,35.551295792785034,1.5887
3654,19,249,13.11,9.8,0,corps,35.53552408814338,1.1646
3655,23,377,16.39,11.6,0,corps,35.519760267382914,1.0490
3656,18,194,10.78,9.3,0,corps,35.50400432656267,1.1007
3657,11,122,11.09,6.2,0,corps,35.488256261743686,1.6207
3658,3,23,7.67,2.7,0,corps,35.472516068988924,1.0594
3659,4,47,11.75,3.1,0,corps,35.45678374436335,0.9936
3660,29,448,15.45,14.2,0,corps,35.44105928393385,1.3393
3661,21,280,13.33,10.7,0,corps,35.425342683769365,1.6395
3662,3,43,14.33,2.7,0,corps,35.4096339399407,2.0325
3663,8,93,11.62,4.9,0,corps,35.39393304852069,1.7481
3664,11,125,11.36,6.2,0,corps,35.3782400055841,1.5273
3665,6,72,12.00,4.0,0,corps,35.36255480720767,1.1987
3666,5,92,18.40,3.6,0,corps,35.346877449470114,1.2708
3667,7,109,15.57,4.4,0,corps,35.33120792845209,0.9444
3668,9,102,11.33,5.3,0,corps,35.315546240236195,1.3490
3669,8,113,14.12,4.9,0,corps,35.29989238090703,1.2868
3670,6,94,15.67,4.0,0,corps,35.28424634655113,1.4001
3671,2,25,12.50,2.2,0,corps,35.268608133256976,1.7754
3672,14,179,12.79,7.6,0,corps,35.25297773711501,1.4517
3673,15,166,11.07,8.0,0,corps,35.23735515421765,1.9278
3674,8,104,13.00,4.9,0,corps,35.22174038065924,1.0875
3675,4,34,8.50,3.1,0,corps,35.20613341253609,1.7231
3676,17,253,14.88,8.9,0,corps,35.190534245946445,1.1982
3677,8,123,15.38,4.9,0,corps,35.174942876990535,1.2855
3678,9,97,10.78,5.3,0,corps,35.15935930177051,1.4555
3679,10,185,18.50,5.8,0,corps,35.14378351639046,1.2139
3680,6,74,12.33,4.0,0,corps,35.12821551695645,1.3052
3681,7,98,14.00,4.4,0,corps,35.11265529957649,1.1690
3682,3,25,8.33,2.7,0,corps,35.09710286036052,2.0401
3683,14,272,19.43,7.6,0,corps,35.08155819542042,3.7863
3684,6,152,25.33,4.0,0,corps,35.06602130087003,0.8335
3685,10,138,13.80,5.8,0,corps,35.05049217282513,1.3958
3686,8,97,12.12,4.9,0,corps,35.03497080740344,1.7909
3687,7,100,14.29,4.4,0,corps,35.01945720072461,1.7530
3688,12,211,17.58,6.7,0,corps,35.003951348910235,1.5854
3689,15,196,13.07,8.0,0,corps,34.988453248083864,1.4897
3690,3,67,22.33,2.7,0,corps,34.972962894370966,1.2758
3691,22,381,17.32,11.1,0,corps,34.95748028389896,2.8628
3692,10,126,12.60,5.8,0,corps,34.942005412797165,2.4835
3693,14,255,18.21,7.6,0,corps,34.9265382771969,1.3648
3694,8,57,7.12,4.9,0,corps,34.911078873231375,2.6138
3695,10,144,14.40,5.8,0,corps,34.89562719703571,1.5793
3696,11,191,17.36,6.2,0,corps,34.880183244747016,1.3925
3697,4,46,11.50,3.1,0,corps,34.86474701250429,1.5621
3698,7,102,14.57,4.4,0,corps,34.849318496448475,1.3195
3699,3,61,20.33,2.7,0,corps,34.83389769272245,1.4303
3700,8,93,11.62,4.9,0,corps,34.81848459747101,1.6071
3701,4,87,21.75,3.1,0,corps,34.80307920684088,1.1546
3702,10,125,12.50,5.8,0,corps,34.787681516980705,1.5622
3703,7,121,17.29,4.4,0,corps,34.77229152404108,1.4989
3704,8,80,10.00,4.9,0,corps,34.756909224174485,2.4049
3705,18,258,14.33,9.3,0,corps,34.741534613535364,1.4243
3706,6,102,17.00,4.0,0,corps,34.72616768828006,1.5428
3707,10,121,12.10,5.8,0,corps,34.71080844456683,5.9074
3708,16,267,16.69,8.4,0,corps,34.695456878555866,1.5051
3709,17,316,18.59,8.9,0,corps,34.6801129864093,1.4979
3710,9,105,11.67,5.3,0,corps,34.664776764291126,1.4798
3711,16,238,14.88,8.4,0,corps,34.64944820836731,1.4706
3712,20,250,12.50,10.2,0,corps,34.634127314805696,1.7261
3713,2,43,21.50,2.2,0,corps,34.61881407977607,0.8432
3714,11,160,14.55,6.2,0,corps,34.603508499450136,1.7934
3715,4,49,12.25,3.1,0,corps,34.58821057000148,1.9930
3716,14,194,13.86,7.6,0,corps,34.572920287605626,4.5027
3717,8,151,18.88,4.9,0,corps,34.55763764844001,4.0998
3718,14,187,13.36,7.6,0,corps,34.54236264868395,1.7271
3719,5,64,12.80,3.6,0,corps,34.52709528451872,1.2924
3720,8,187,23.38,4.9,0,corps,34.511835552127465,0.9686
3721,5,92,18.40,3.6,0,corps,34.49658344769526,1.1718
3722,3,66,22.00,2.7,0,corps,34.48133896740909,0.7865
3723,4,118,29.50,3.1,0,corps,34.46610210745781,0.7650
3724,11,170,15.45,6.2,0,corps,34.4508728640322,1.2560
3725,17,400,23.53,8.9,0,corps,34.43565123332498,2.8375
3726,16,275,17.19,8.4,0,corps,34.42043721153073,1.3163
3727,9,154,17.11,5.3,0,corps,34.405230794845934,1.2707
3728,11,182,16.55,6.2,0,corps,34.39003197946899,0.9840
3729,11,171,15.55,6.2,0,corps,34.37484076160021,4.4571
3730,11,244,22.18,6.2,0,corps,34.35965713744178,1.1027
3731,16,288,18.00,8.4,0,corps,34.344481103197786,1.4460
3732,9,152,16.89,5.3,0,corps,34.329312655074226,1.6294
3733,3,71,23.67,2.7,0,corps,34.31415178927899,1.2462
3734,4,65,16.25,3.1,0,corps,34.29899850202186,0.9018
3735,11,136,12.36,6.2,0,corps,34.28385278951451,1.6288
3736,2,23,11.50,2.2,0,corps,34.26871464797052,1.1303
3737,6,90,15.00,4.0,0,corps,34.25358407360534,1.4107
3738,6,83,13.83,4.0,0,corps,34.23846106263635,1.3181
3739,5,107,21.40,3.6,0,corps,34.223345611282774,1.1290
3740,6,91,15.17,4.0,0,corps,34.208237715765755,1.6926
3741,10,131,13.10,5.8,0,corps,34.19313737230832,7.1870
3742,10,192,19.20,5.8,0,corps,34.178044577135395,1.2249
3743,15,155,10.33,8.0,0,corps,34.162959326473775,1.9250
3744,3,77,25.67,2.7,0,corps,34.147881616552134,0.9534
3745,20,267,13.35,10.2,0,corps,34.132811443601064,1.6057
3746,7,114,16.29,4.4,0,corps,34.117748803853004,1.0736
3747,10,117,11.70,5.8,0,corps,34.10269369354231,7.0615
3748,17,231,13.59,8.9,0,corps,34.087646108905176,1.4565
3749,14,183,13.07,7.6,0,corps,34.07260604617974,1.3035
3750,3,31,10.33,2.7,0,corps,34.05757350160597,2.0045
3751,5,57,11.40,3.6,0,corps,34.04254847142575,1.3037
3752,13,195,15.00,7.1,0,corps,34.02753095188278,1.1313
3753,15,244,16.27,8.0,0,corps,34.0125209392227,1.1925
3754,22,322,14.64,11.1,0,corps,33.99751842969304,3.7500
3755,14,259,18.50,7.6,0,corps,33.98252341954313,1.5468
3756,12,202,16.83,6.7,0,corps,33.96753590502422,1.4191
3757,2,40,20.00,2.2,0,corps,33.952555882389454,0.8294
3758,21,271,12.90,10.7,0,corps,33.937583347893806,1.6361
3759,13,263,20.23,7.1,0,corps,33.92261829779416,1.3647
3760,13,183,14.08,7.1,0,corps,33.90766072834924,1.3649
3761,2,24,12.00,2.2,0,corps,33.892710635819654,1.0676
3762,6,178,29.67,4.0,0,corps,33.87776801646788,1.0742
3763,12,205,17.08,6.7,0,corps,33.862832866558286,1.1149
3764,2,67,33.50,2.2,0,corps,33.847905182357046,0.8912
3765,8,172,21.50,4.9,0,corps,33.83298496013226,1.0820
3766,4,105,26.25,3.1,0,corps,33.81807219615387,0.8570
3767,16,193,12.06,8.4,0,corps,33.80316688669369,1.5498
3768,20,262,13.10,10.2,0,corps,33.78826902802538,1.5782
3769,18,301,16.72,9.3,0,corps,33.77337861642447,3.2202
3770,19,302,15.89,9.8,0,corps,33.75849564816839,1.7161
3771,3,28,9.33,2.7,0,corps,33.743620119536374,1.4729
3772,17,252,14.82,8.9,0,corps,33.72875202680955,1.2760
3773,3,37,12.33,2.7,0,corps,33.713891366270865,1.2774
3774,16,294,18.38,8.4,0,corps,33.69903813420519,1.1803
3775,9,126,14.00,5.3,0,corps,33.6841923268992,1.3430
3776,17,234,13.76,8.9,0,corps,33.66935394064146,1.3884
3777,21,280,13.33,10.7,0,corps,33.654522971722336,1.5145
3778,20,280,14.00,10.2,0,corps,33.63969941643412,1.4402
3779,2,39,19.50,2.2,0,corps,33.62488327107092,1.1762
3780,6,97,16.17,4.0,0,corps,33.61007453192869,1.3823
3781,7,112,16.00,4.4,0,corps,33.59527319530524,1.2532
3782,8,97,12.12,4.9,0,corps,33.580479257500244,7.0291
3783,14,214,15.29,7.6,0,corps,33.56569271481521,1.6019
3784,4,71,17.75,3.1,0,corps,33.55091356355352,1.4362
3785,11,188,17.09,6.2,0,corps,33.53614180002037,1.2612
3786,7,85,12.14,4.4,0,corps,33.52137742052283,1.9558
3787,2,50,25.00,2.2,0,corps,33.506620421369796,1.4133
3788,11,111,10.09,6.2,0,corps,33.49187079887202,2.1888
3789,25,336,13.44,12.4,0,corps,33.47712854934209,3.3271
3790,8,98,12.25,4.9,0,corps,33.46239366909446,6.8129
3791,21,390,18.57,10.7,0,corps,33.4476661544454,1.2411
3792,3,53,17.67,2.7,0,corps,33.432946001713034,1.4936
3793,6,60,10.00,4.0,0,corps,33.41823320721731,2.0679
3794,18,389,21.61,9.3,0,corps,33.40352776728005,1.1924
3795,11,144,13.09,6.2,0,corps,33.38882967822489,1.6522
3796,14,266,19.00,7.6,0,corps,33.37413893637729,1.1278
3797,15,208,13.87,8.0,0,corps,33.35945553806458,1.6680
3798,19,303,15.95,9.8,0,corps,33.344779479615916,1.5202
3799,2,23,11.50,2.2,0,corps,33.33011075736227,1.8992
3800,7,72,10.29,4.4,0,corps,33.31544936763647,1.7281
3801,14,219,15.64,7.6,0,corps,33.30079530677315,1.2685
3802,6,107,17.83,4.0,0,corps,33.28614857110883,1.1515
3803,6,97,16.17,4.0,0,corps,33.27150915698179,1.6432
3804,12,141,11.75,6.7,0,corps,33.2568770607322,1.5864
3805,6,120,20.00,4.0,0,corps,33.242252278702026,1.1178
3806,11,167,15.18,6.2,0,corps,33.22763480723507,4.9970
3807,18,296,16.44,9.3,0,corps,33.21302464267697,3.5482
3808,4,41,10.25,3.1,0,corps,33.19842178137519,2.7633
3809,6,71,11.83,4.0,0,corps,33.183826219679,2.1267
3810,13,195,15.00,7.1,0,corps,33.169237953939515,1.2005
3811,14,217,15.50,7.6,0,corps,33.15465698050967,1.3602
3812,10,159,15.90,5.8,0,corps,33.14008329574423,1.0009
3813,24,430,17.92,12.0,0,corps,33.12551689599976,2.8401
3814,8,157,19.62,4.9,0,corps,33.11095777763466,0.7732
3815,6,137,22.83,4.0,0,corps,33.096405937009166,0.8839
3816,29,424,14.62,14.2,0,corps,33.081861370485306,1.4778
3817,8,101,12.62,4.9,0,corps,33.067324074426935,1.5143
3818,13,200,15.38,7.1,0,corps,33.05279404519973,1.1789
3819,3,77,25.67,2.7,0,corps,33.0382712791712,0.9045
3820,16,179,11.19,8.4,0,corps,33.023755772710636,1.7543
3821,8,87,10.88,4.9,0,corps,33.00924752218917,1.6239
3822,4,50,12.50,3.1,0,corps,32.994746523979735,1.3105
3823,10,124,12.40,5.8,0,corps,32.98025277445708,4.7300
3824,2,42,21.00,2.2,0,corps,32.965766269997765,0.9642
3825,5,89,17.80,3.6,0,corps,32.951287006980166,1.4758
3826,2,57,28.50,2.2,0,corps,32.93681498178448,0.9471
3827,20,285,14.25,10.2,0,corps,32.922350190792685,3.1032
3828,10,170,17.00,5.8,0,corps,32.90789263038859,3.4287
3829,24,306,12.75,12.0,0,corps,32.8934422969578,1.5183
3830,15,207,13.80,8.0,0,corps,32.87899918688774,1.4127
3831,26,346,13.31,12.9,0,corps,32.864563296567624,1.7019
3832,6,115,19.17,4.0,0,corps,32.85013462238848,1.4488
3833,2,41,20.50,2.2,0,corps,32.83571316074314,0.9335
3834,4,97,24.25,3.1,0,corps,32.82129890802625,0.9713
3835,9,118,13.11,5.3,0,corps,32.80689186063423,1.5741
3836,5,46,9.20,3.6,0,corps,32.79249201496533,1.4299
3837,6,64,10.67,4.0,0,corps,32.77809936741957,1.8006
3838,13,226,17.38,7.1,0,corps,32.76371391439882,1.4589
3839,11,136,12.36,6.2,0,corps,32.74933565230669,1.2463
3840,9,110,12.22,5.3,0,corps,32.734964577548624,1.2831
3841,20,247,12.35,10.2,0,corps,32.720600686531846,1.9344
3842,14,194,13.86,7.6,0,corps,32.7062439756654,1.3327
3843,14,240,17.14,7.6,0,corps,32.6918944413601,1.1097
3844,3,34,11.33,2.7,0,corps,32.67755208002855,1.7787
3845,12,202,16.83,6.7,0,corps,32.66321688808517,1.2333
3846,11,190,17.27,6.2,0,corps,32.648888861946155,1.3414
3847,4,50,12.50,3.1,0,corps,32.63456799802952,1.4317
3848,7,118,16.86,4.4,0,corps,32.62025429275502,1.3085
3849,13,131,10.08,7.1,0,corps,32.60594774254425,2.0475
3850,6,66,11.00,4.0,0,corps,32.59164834382056,1.6698
3851,3,85,28.33,2.7,0,corps,32.577356093009115,0.9189
3852,13,190,14.62,7.1,0,corps,32.56307098653683,1.4914
3853,10,95,9.50,5.8,0,corps,32.54879302083245,2.2472
3854,10,100,10.00,5.8,0,corps,32.53452219232646,1.6291
3855,15,231,15.40,8.0,0,corps,32.52025849745119,1.4643
3856,10,126,12.60,5.8,0,corps,32.50600193264067,1.5895
3857,16,216,13.50,8.4,0,corps,32.49175249433079,3.4996
3858,18,195,10.83,9.3,0,corps,32.477510178959186,2.0017
3859,3,33,11.00,2.7,0,corps,32.46327498296527,1.6228
3860,2,21,10.50,2.2,0,corps,32.44904690279024,2.2355
3861,7,95,13.57,4.4,0,corps,32.4348259348771,1.1956
3862,3,50,16.67,2.7,0,corps,32.42061207567058,1.5344
3863,12,130,10.83,6.7,0,corps,32.406405321617235,6.7502
3864,7,105,15.00,4.4,0,corps,32.39220566916538,1.6179
3865,3,31,10.33,2.7,0,corps,32.37801311476506,2.1545
3866,20,332,16.60,10.2,0,corps,32.36382765486819,1.8169
3867,16,246,15.38,8.4,0,corps,32.34964928592837,1.4007
3868,13,198,15.23,7.1,0,corps,32.335478004401025,4.3221
3869,2,47,23.50,2.2,0,corps,32.321313806743326,0.8639
3870,20,349,17.45,10.2,0,corps,32.30715668941422,1.2324
3871,2,18,9.00,2.2,0,corps,32.293006648874446,1.5767
3872,18,316,17.56,9.3,0,corps,32.27886368158648,1.0632
3873,8,143,17.88,4.9,0,corps,32.264727784014575,4.9622
3874,5,65,13.00,3.6,0,corps,32.25059895262476,1.4875
3875,16,241,15.06,8.4,0,corps,32.23647718388484,3.5979
3876,7,207,29.57,4.4,0,corps,32.222362474264365,0.7179
3877,13,228,17.54,7.1,0,corps,32.20825482023465,3.3094
3878,7,96,13.71,4.4,0,corps,32.194154218268785,1.3008
3879,11,206,18.73,6.2,0,corps,32.18006066484162,3.3749
3880,18,416,23.11,9.3,0,corps,32.16597415642977,2.7209
3881,15,333,22.20,8.0,0,corps,32.15189468951161,1.6464
3882,2,27,13.50,2.2,0,corps,32.13782226056726,1.7137
3883,11,149,13.55,6.2,0,corps,32.12375686607863,2.0640
3884,7,91,13.00,4.4,0,corps,32.10969850252936,1.7005
3885,3,47,15.67,2.7,0,corps,32.095647166404866,1.0911
3886,17,209,12.29,8.9,0,corps,32.0816028541923,1.3290
3887,8,97,12.12,4.9,0,corps,32.0675655623806,6.1457
3888,11,236,21.45,6.2,0,corps,32.05353528746044,1.7341
3889,9,156,17.33,5.3,0,corps,32.039512025924246,4.5862
3890,13,213,16.38,7.1,0,corps,32.025495774266204,4.0952
3891,13,205,15.77,7.1,0,corps,32.011486528982246,2.5434
3892,4,45,11.25,3.1,0,corps,31.997484286570078,1.7967
3893,13,163,12.54,7.1,0,corps,31.983489043529122,1.4351
3894,4,44,11.00,3.1,0,corps,31.969500796360567,1.1679
3895,9,124,13.78,5.3,0,corps,31.955519541567362,1.4519
3896,12,180,15.00,6.7,0,corps,31.94154527565419,1.3937
3897,7,105,15.00,4.4,0,corps,31.927577995127482,1.4767
3898,15,246,16.40,8.0,0,corps,31.91361769649541,1.3828
3899,16,279,17.44,8.4,0,corps,31.89966437626791,1.9035
3900,10,111,11.10,5.8,0,corps,31.88571803095666,2.1633
3901,12,162,13.50,6.7,0,corps,31.871778657075055,1.9211
3902,4,40,10.00,3.1,0,corps,31.857846251138255,1.7182
3903,11,201,18.27,6.2,0,corps,31.843920809663175,1.4425
3904,16,233,14.56,8.4,0,corps,31.830002329168433,1.5745
3905,7,131,18.71,4.4,0,corps,31.81609080617442,1.0957
3906,2,17,8.50,2.2,0,corps,31.80218623720325,1.6377
3907,22,349,15.86,11.1,0,corps,31.788288618778793,1.6244
3908,13,251,19.31,7.1,0,corps,31.774397947426632,1.3138
3909,9,113,12.56,5.3,0,corps,31.760514219674103,1.4205
3910,4,71,17.75,3.1,0,corps,31.746637432050267,1.0318
3911,4,52,13.00,3.1,0,corps,31.732767581085934,1.3461
3912,2,46,23.00,2.2,0,corps,31.71890466331365,0.9554
3913,14,148,10.57,7.6,0,corps,31.705048675267676,2.1770
3914,16,191,11.94,8.4,0,corps,31.691199613484006,1.8481
3915,10,160,16.00,5.8,0,corps,31.67735747450039,1.4455
3916,7,115,16.43,4.4,0,corps,31.66352225485628,1.4054
3917,14,155,11.07,7.6,0,corps,31.64969395109289,2.8079
3918,16,218,13.62,8.4,0,corps,31.635872559753114,1.8483
3919,23,405,17.61,11.6,0,corps,31.62205807738163,3.2364
3920,18,273,15.17,9.3,0,corps,31.60825050052482,2.8317
3921,9,88,9.78,5.3,0,corps,31.59444982573077,2.1118
3922,15,208,13.87,8.0,0,corps,31.580656049549315,1.5010
3923,4,41,10.25,3.1,0,corps,31.566869168532026,2.2008
3924,17,197,11.59,8.9,0,corps,31.55308917923217,4.4628
3925,16,246,15.38,8.4,0,corps,31.53931607820475,1.6586
3926,15,170,11.33,8.0,0,corps,31.525549862006486,5.0415
3927,4,142,35.50,3.1,0,corps,31.511790527195842,1.2299
3928,16,204,12.75,8.4,0,corps,31.498038070332967,4.3611
3929,13,287,22.08,7.1,0,corps,31.484292487979758,0.9367
3930,4,63,15.75,3.1,0,corps,31.470553776699806,2.1000
3931,22,275,12.50,11.1,0,corps,31.45682193305845,1.6537
3932,6,86,14.33,4.0,0,corps,31.443096953622717,1.7883
3933,8,103,12.88,4.9,0,corps,31.429378834961362,1.3734
3934,4,55,13.75,3.1,0,corps,31.41566757364486,1.8995
3935,25,324,12.96,12.4,0,corps,31.4019631662454,3.9137
3936,13,282,21.69,7.1,0,corps,31.38826560933687,1.4591
3937,7,75,10.71,4.4,0,corps,31.37457489949489,2.0002
3938,6,82,13.67,4.0,0,corps,31.360891033296767,1.4008
3939,10,150,15.00,5.8,0,corps,31.34721400732155,1.1902
3940,13,206,15.85,7.1,0,corps,31.333543818149984,1.3357
3941,10,178,17.80,5.8,0,corps,31.31988046236451,1.2116
3942,7,99,14.14,4.4,0,corps,31.306223936549287,1.4206
3943,7,116,16.57,4.4,0,corps,31.2925742372902,1.0290
3944,8,141,17.62,4.9,0,corps,31.278931361174813,5.1256
3945,7,85,12.14,4.4,0,corps,31.2652953047924,1.3601
3946,13,233,17.92,7.1,0,corps,31.251666064733957,1.1412
3947,26,479,18.42,12.9,0,corps,31.238043637592178,1.3184
3948,12,234,19.50,6.7,0,corps,31.224428019961454,1.0193
3949,12,147,12.25,6.7,0,corps,31.210819208437872,1.5258
3950,11,117,10.64,6.2,0,corps,31.197217199619224,2.0046
3951,22,383,17.41,11.1,0,corps,31.183621990105024,2.7289
3952,23,276,12.00,11.6,0,corps,31.17003357649647,1.7532
3953,17,174,10.24,8.9,0,corps,31.15645195539645,2.0535
3954,15,193,12.87,8.0,0,corps,31.14287712340956,4.7684
3955,2,27,13.50,2.2,0,corps,31.129309077142086,2.1723
3956,2,26,13.00,2.2,0,corps,31.115747813202027,1.0564
3957,7,149,21.29,4.4,0,corps,31.102193328199064,1.1288
3958,8,132,16.50,4.9,0,corps,31.08864561874457,1.1493
3959,5,123,24.60,3.6,0,corps,31.07510468145162,0.8524
3960,9,127,14.11,5.3,0,corps,31.06157051293499,1.2218
3961,3,75,25.00,2.7,0,corps,31.048043109811125,1.0445
3962,5,78,15.60,3.6,0,corps,31.03452246869817,1.3578
3963,6,109,18.17,4.0,0,corps,31.021008586215988,1.0309
3964,4,102,25.50,3.1,0,corps,31.007501458986088,0.8499
3965,2,72,36.00,2.2,0,corps,30.99400108363169,0.8027
3966,14,124,8.86,7.6,0,corps,30.9805074567777,2.4805
3967,6,59,9.83,4.0,0,corps,30.967020575050718,2.1293
3968,9,108,12.00,5.3,0,corps,30.953540435079024,1.7339
3969,12,159,13.25,6.7,0,corps,30.94006703349258,1.6346
3970,13,148,11.38,7.1,0,corps,30.92660036692303,2.3108
3971,6,71,11.83,4.0,0,corps,30.913140432003715,1.5813
3972,22,304,13.82,11.1,0,corps,30.89968722536965,1.4189
3973,10,149,14.90,5.8,0,corps,30.886240743657524,1.7440
3974,12,138,11.50,6.7,0,corps,30.872800983505726,1.7045
3975,24,340,14.17,12.0,0,corps,30.859367941554318,1.4281
3976,10,174,17.40,5.8,0,corps,30.84594161444503,1.3258
3977,8,143,17.88,4.9,0,corps,30.832521998821292,1.2830
3978,2,31,15.50,2.2,0,corps,30.81910909132819,1.4425
3979,4,64,16.00,3.1,0,corps,30.805702888612498,1.2382
3980,16,234,14.62,8.4,0,corps,30.792303387322672,3.0324
3981,7,105,15.00,4.4,0,corps,30.778910584108832,1.2985
3982,6,71,11.83,4.0,0,corps,30.765524475622776,1.7319
3983,15,192,12.80,8.0,0,corps,30.752145058517975,1.7334
3984,26,281,10.81,12.9,0,corps,30.73877232944959,4.0129
3985,6,53,8.83,4.0,0,corps,30.72540628507442,1.8728
3986,13,171,13.15,7.1,0,corps,30.712046922050952,1.7425
3987,23,281,12.22,11.6,0,corps,30.69869423703936,1.5651
3988,5,101,20.20,3.6,0,corps,30.68534822670147,1.1666
3989,12,178,14.83,6.7,0,corps,30.672008887700773,1.4892
3990,8,163,20.38,4.9,0,corps,30.65867621670243,1.0839
3991,2,28,14.00,2.2,0,corps,30.64535021037329,1.0519
3992,12,169,14.08,6.7,0,corps,30.632030865381836,4.4337
3993,18,266,14.78,9.3,0,corps,30.61871817839824,2.7664
3994,14,137,9.79,7.6,0,corps,30.605412146094324,2.1241
3995,10,128,12.80,5.8,0,corps,30.592112765143586,1.3631
3996,9,82,9.11,5.3,0,corps,30.578820032221177,1.9571
3997,6,104,17.33,4.0,0,corps,30.56553394400392,1.6816
3998,17,190,11.18,8.9,0,corps,30.552254497170274,1.7673
3999,21,389,18.52,10.7,0,corps,30.5389816884004,2.5326
4000,8,95,11.88,4.9,0,corps,30.52571551437609,1.9128
4001,12,149,12.42,6.7,0,corps,30.51245597178078,1.6893
4002,12,210,17.50,6.7,0,corps,30.499203057299624,1.2001
4003,6,95,15.83,4.0,0,corps,30.48595676761935,1.2167
4004,13,181,13.92,7.1,0,corps,30.472717099428426,1.3403
4005,17,215,12.65,8.9,0,corps,30.459484049416897,1.8024
4006,8,109,13.62,4.9,0,corps,30.44625761427652,1.8792
4007,4,55,13.75,3.1,0,corps,30.433037790700695,1.1096
4008,9,132,14.67,5.3,0,corps,30.419824575384446,4.0536
4009,8,126,15.75,4.9,0,corps,30.40661796502448,1.4649
4010,8,110,13.75,4.9,0,corps,30.393417956319148,1.3530
4011,13,266,20.46,7.1,0,corps,30.38022454596843,2.6337
4012,9,119,13.22,5.3,0,corps,30.367037730674006,3.2405
4013,16,310,19.38,8.4,0,corps,30.353857507139136,1.3461
4014,7,84,12.00,4.4,0,corps,30.34068387206878,1.6244
4015,12,173,14.42,6.7,0,corps,30.327516822169542,1.2404
4016,12,129,10.75,6.7,0,corps,30.314356354149634,4.0636
4017,17,234,13.76,8.9,0,corps,30.30120246471895,3.4829
4018,15,216,14.40,8.0,0,corps,30.288055150589038,1.8997
4019,9,113,12.56,5.3,0,corps,30.27491440847303,1.3960
4020,19,258,13.58,9.8,0,corps,30.261780235085773,1.5947
4021,7,158,22.57,4.4,0,corps,30.248652627143706,1.0749
4022,11,224,20.36,6.2,0,corps,30.23553158136493,3.7893
4023,7,212,30.29,4.4,0,corps,30.222417094469193,1.0681
4024,17,299,17.59,8.9,0,corps,30.20930916317786,1.2239
4025,13,184,14.15,7.1,0,corps,30.196207784213957,1.6666
4026,11,185,16.82,6.2,0,corps,30.183112954302143,1.4412
4027,3,38,12.67,2.7,0,corps,30.170024670168694,1.5110
4028,4,86,21.50,3.1,0,corps,30.156942928541557,0.9718
4029,6,62,10.33,4.0,0,corps,30.14386772615028,2.1352
4030,15,213,14.20,8.0,0,corps,30.130799059726073,1.3770
4031,5,81,16.20,3.6,0,corps,30.117736926001776,1.3690
4032,20,299,14.95,10.2,0,corps,30.104681321711833,1.6013
4033,11,118,10.73,6.2,0,corps,30.091632243592358,1.4501
4034,23,387,16.83,11.6,0,corps,30.07858968838109,2.2897
4035,14,162,11.57,7.6,0,corps,30.06555365281737,1.9792
4036,6,118,19.67,4.0,0,corps,30.052524133642216,1.1817
4037,8,165,20.62,4.9,0,corps,30.039501127598218,1.2457
4038,14,202,14.43,7.6,0,corps,30.02648463142963,1.5445
4039,3,44,14.67,2.7,0,corps,30.013474641882354,1.4788
4040,9,154,17.11,5.3,0,corps,30.000471155703856,1.1793
4041,7,99,14.14,4.4,0,corps,29.987474169643285,1.3692
4042,9,122,13.56,5.3,0,corps,29.974483680451403,1.2561
4043,28,393,14.04,13.8,0,corps,29.961499684880565,3.5055
4044,6,117,19.50,4.0,0,corps,29.948522179684794,1.2851
4045,7,139,19.86,4.4,0,corps,29.935551161619696,1.0133
4046,9,153,17.00,5.3,0,corps,29.92258662744252,1.0120
4047,6,107,17.83,4.0,0,corps,29.90962857391215,1.0791
4048,21,353,16.81,10.7,0,corps,29.89667699778904,1.2366
4049,17,278,16.35,8.9,0,corps,29.883731895835318,1.4115
4050,3,49,16.33,2.7,0,corps,29.870793264814722,1.2240
4051,3,44,14.67,2.7,0,corps,29.857861101492556,1.2689
4052,4,54,13.50,3.1,0,corps,29.84493540263582,1.3087
4053,11,208,18.91,6.2,0,corps,29.83201616501305,4.0376
4054,21,288,13.71,10.7,0,corps,29.819103385394463,1.8814
4055,2,19,9.50,2.2,0,corps,29.80619706055187,2.3594
4056,6,96,16.00,4.0,0,corps,29.79329718725866,1.0839
4057,9,169,18.78,5.3,0,corps,29.780403762289875,1.2220
4058,20,225,11.25,10.2,0,corps,29.767516782422188,4.1015
4059,10,145,14.50,5.8,0,corps,29.75463624443381,1.4059
4060,12,169,14.08,6.7,0,corps,29.74176214510465,1.1792
4061,16,223,13.94,8.4,0,corps,29.728894481216134,1.3487
4062,5,70,14.00,3.6,0,corps,29.716033249551383,0.9745
4063,2,38,19.00,2.2,0,corps,29.70317844689509,0.9824
4064,20,266,13.30,10.2,0,corps,29.69033007003353,1.3260
4065,4,34,8.50,3.1,0,corps,29.67748811575462,2.0243
4066,12,135,11.25,6.7,0,corps,29.66465258084788,1.5641
4067,6,87,14.50,4.0,0,corps,29.65182346210441,1.2557
4068,7,73,10.43,4.4,0,corps,29.639000756316953,1.7643
4069,5,61,12.20,3.6,0,corps,29.626184460279802,1.0264
4070,5,80,16.00,3.6,0,corps,29.613374570788903,1.0141
4071,6,82,13.67,4.0,0,corps,29.600571084641793,1.3346
4072,14,179,12.79,7.6,0,corps,29.587773998637573,1.9599
4073,10,91,9.10,5.8,0,corps,29.57498330957699,9.0296
4074,12,212,17.67,6.7,0,corps,29.56219901426238,0.9826
4075,23,417,18.13,11.6,0,corps,29.549421109497644,1.2783
4076,4,61,15.25,3.1,0,corps,29.536649592088327,1.0951
4077,5,86,17.20,3.6,0,corps,29.523884458841525,0.9975
4078,8,120,15.00,4.9,0,corps,29.511125706565977,0.9747
4079,11,195,17.73,6.2,0,corps,29.498373332072003,0.9392
4080,7,101,14.43,4.4,0,corps,29.485627332171475,1.2624
4081,7,88,12.57,4.4,0,corps,29.47288770367792,1.7269
4082,15,196,13.07,8.0,0,corps,29.460154443406434,1.1789
4083,23,340,14.78,11.6,0,corps,29.44742754817367,3.1397
4084,30,441,14.70,14.7,0,corps,29.43470701479795,1.3652
4085,12,172,14.33,6.7,0,corps,29.421992840099097,1.6347
4086,7,83,11.86,4.4,0,corps,29.409285020898597,1.4657
4087,9,163,18.11,5.3,0,corps,29.396583554019486,1.3866
4088,13,174,13.38,7.1,0,corps,29.383888436286387,5.4312
4089,21,329,15.67,10.7,0,corps,29.371199664525527,1.7366
4090,7,116,16.57,4.4,0,corps,29.35851723556473,1.2770
4091,3,31,10.33,2.7,0,corps,29.345841146233358,1.3707
4092,5,106,21.20,3.6,0,corps,29.333171393362417,1.2087
4093,10,136,13.60,5.8,0,corps,29.320507973784455,2.0496
4094,25,418,16.72,12.4,0,corps,29.307850884333607,1.9395
4095,11,148,13.45,6.2,0,corps,29.295200121845628,5.8287
4096,5,108,21.60,3.6,0,corps,29.282555683157803,1.1290
4097,5,88,17.60,3.6,0,corps,29.269917565109022,1.2521
4098,7,111,15.86,4.4,0,corps,29.25728576453978,1.3685
4099,15,171,11.40,8.0,0,corps,29.244660278292102,4.2564
4100,6,73,12.17,4.0,0,corps,29.232041103209628,1.7471
4101,12,160,13.33,6.7,0,corps,29.219428236137556,1.2592
4102,21,300,14.29,10.7,0,corps,29.206821673922672,1.6910
4103,4,69,17.25,3.1,0,corps,29.194221413413352,0.8867
4104,7,68,9.71,4.4,0,corps,29.1816274514595,1.9545
4105,12,114,9.50,6.7,0,corps,29.16903978491265,1.7370
4106,9,98,10.89,5.3,0,corps,29.156458410625884,1.5819
4107,24,393,16.38,12.0,0,corps,29.14388332545384,1.7742
4108,6,83,13.83,4.0,0,corps,29.131314526252773,1.1319
4109,11,148,13.45,6.2,0,corps,29.11875200988045,5.2347
4110,20,273,13.65,10.2,0,corps,29.106195773196262,4.1336
4111,13,230,17.69,7.1,0,corps,29.093645813061165,1.0267
4112,11,209,19.00,6.2,0,corps,29.081102126337637,0.9784
4113,8,184,23.00,4.9,0,corps,29.068564709889777,0.9887
4114,7,82,11.71,4.4,0,corps,29.056033560583234,1.3734
4115,12,180,15.00,6.7,0,corps,29.04350867528519,1.4935
4116,8,92,11.50,4.9,0,corps,29.030990050864467,2.6543
4117,11,133,12.09,6.2,0,corps,29.018477684191375,1.4729
4118,15,140,9.33,8.0,0,corps,29.005971572137828,6.1518
4119,19,223,11.74,9.8,0,corps,28.993471711577328,1.6028
4120,16,178,11.12,8.4,0,corps,28.980978099384863,4.3210
4121,13,218,16.77,7.1,0,corps,28.96849073243705,1.4235
4122,15,268,17.87,8.0,0,corps,28.956009607612078,2.2946
4123,17,284,16.71,8.9,0,corps,28.943534721789614,1.2990
4124,8,101,12.62,4.9,0,corps,28.93106607185097,1.9958
4125,10,122,12.20,5.8,0,corps,28.918603654678975,1.6143
4126,8,80,10.00,4.9,0,corps,28.90614746715801,1.4429
4127,13,141,10.85,7.1,0,corps,28.893697506174064,5.4966
4128,4,93,23.25,3.1,0,corps,28.881253768614602,0.8985
4129,7,145,20.71,4.4,0,corps,28.868816251368735,1.0733
4130,7,76,10.86,4.4,0,corps,28.856384951327037,2.2062
4131,11,229,20.82,6.2,0,corps,28.843959865381713,3.5171
4132,18,227,12.61,9.3,0,corps,28.831540990426497,1.5876
4133,3,28,9.33,2.7,0,corps,28.81912832335664,1.0239
4134,20,302,15.10,10.2,0,corps,28.806721861068997,1.2968
4135,16,230,14.38,8.4,0,corps,28.79432160046196,1.3952
4136,20,347,17.35,10.2,0,corps,28.781927538435443,3.0792
4137,5,43,8.60,3.6,0,corps,28.769539671890946,1.6118
4138,4,47,11.75,3.1,0,corps,28.757157997731486,1.2282
4139,4,48,12.00,3.1,0,corps,28.74478251286166,1.3755
4140,5,52,10.40,3.6,0,corps,28.732413214187595,1.0709
4141,16,307,19.19,8.4,0,corps,28.720050098616955,2.3815
4142,12,144,12.00,6.7,0,corps,28.707693163058966,1.6554
4143,8,96,12.00,4.9,0,corps,28.695342404424412,1.6825
4144,7,97,13.86,4.4,0,corps,28.682997819625577,6.7638
4145,7,92,13.14,4.4,0,corps,28.67065940557633,1.5660
4146,8,78,9.75,4.9,0,corps,28.65832715919206,1.5145
4147,10,96,9.60,5.8,0,corps,28.646001077389705,1.3838
4148,12,166,13.83,6.7,0,corps,28.633681157087754,1.0048
4149,21,282,13.43,10.7,0,corps,28.62136739520621,2.3529
4150,27,417,15.44,13.3,0,corps,28.609059788666652,2.0665
4151,16,181,11.31,8.4,0,corps,28.596758334392174,2.9550
4152,17,182,10.71,8.9,0,corps,28.584463029307393,2.5400
4153,3,53,17.67,2.7,0,corps,28.572173870338517,1.0858
4154,4,38,9.50,3.1,0,corps,28.559890854413222,1.7009
4155,5,71,14.20,3.6,0,corps,28.547613978460763,1.6963
4156,17,226,13.29,8.9,0,corps,28.535343239411944,1.8168
4157,5,73,14.60,3.6,0,corps,28.523078634199052,1.3762
4158,18,246,13.67,9.3,0,corps,28.51082015975594,2.0054
4159,21,364,17.33,10.7,0,corps,28.49856781301801,2.2715
4160,16,184,11.50,8.4,0,corps,28.486321590922152,1.8274
4161,9,122,13.56,5.3,0,corps,28.474081490406828,1.5243
4162,4,68,17.00,3.1,0,corps,28.461847508411996,1.2731
4163,15,158,10.53,8.0,0,corps,28.449619641879163,2.0830
4164,2,23,11.50,2.2,0,corps,28.43739788775138,3.1522
4165,11,128,11.64,6.2,0,corps,28.42518224297319,1.6350
4166,11,138,12.55,6.2,0,corps,28.412972704490684,1.6189
4167,3,41,13.67,2.7,0,corps,28.400769269251498,1.5938
4168,17,254,14.94,8.9,0,corps,28.388571934204737,2.0176
4169,8,105,13.12,4.9,0,corps,28.376380696301105,1.8112
4170,3,53,17.67,2.7,0,corps,28.36419555249276,1.2247
4171,6,70,11.67,4.0,0,corps,28.35201649973343,2.0417
4172,16,248,15.50,8.4,0,corps,28.33984353497836,1.7357
4173,16,168,10.50,8.4,0,corps,28.32767665518429,2.1184
4174,14,226,16.14,7.6,0,corps,28.315515857309514,1.5547
4175,24,373,15.54,12.0,0,corps,28.303361138313836,3.0373
4176,7,59,8.43,4.4,0,corps,28.291212495158565,2.3378
4177,9,154,17.11,5.3,0,corps,28.27906992480655,1.7295
4178,10,118,11.80,5.8,0,corps,28.26693342422213,1.6446
4179,10,116,11.60,5.8,0,corps,28.254802990371196,6.9379
4180,24,319,13.29,12.0,0,corps,28.242678620221145,1.9026
4181,10,118,11.80,5.8,0,corps,28.230560310740866,1.6956
4182,3,44,14.67,2.7,0,corps,28.21844805890079,1.6945
4183,23,267,11.61,11.6,0,corps,28.20634186167287,1.9379
4184,9,86,9.56,5.3,0,corps,28.194241716030522,1.9032
4185,11,135,12.27,6.2,0,corps,28.182147618948743,4.6453
4186,10,71,7.10,5.8,0,corps,28.17005956740399,3.6245
4187,11,114,10.36,6.2,0,corps,28.15797755837425,6.1747
4188,13,194,14.92,7.1,0,corps,28.145901588839035,1.4798
4189,8,103,12.88,4.9,0,corps,28.133831655779336,1.8046
4190,7,141,20.14,4.4,0,corps,28.121767756177668,1.3326
4191,8,95,11.88,4.9,0,corps,28.10970988701808,6.3296
4192,14,195,13.93,7.6,0,corps,28.097658045286085,2.8762
4193,10,113,11.30,5.8,0,corps,28.08561222796873,1.6675
4194,16,236,14.75,8.4,0,corps,28.07357243205455,3.9172
4195,13,136,10.46,7.1,0,corps,28.061538654533603,2.2048
4196,13,169,13.00,7.1,0,corps,28.049510892397457,4.3617
4197,8,134,16.75,4.9,0,corps,28.037489142639142,1.1025
4198,14,282,20.14,7.6,0,corps,28.025473402253244,1.3118
4199,9,122,13.56,5.3,0,corps,28.013463668235833,1.4295
4200,16,270,16.88,8.4,0,corps,28.00145993758445,2.3824
4201,17,272,16.00,8.9,0,corps,27.98946220729819,1.7594
4202,19,280,14.74,9.8,0,corps,27.977470474377597,2.5011
4203,16,242,15.12,8.4,0,corps,27.96548473582474,3.0388
4204,3,57,19.00,2.7,0,corps,27.953504988643214,1.0947
4205,12,251,20.92,6.7,0,corps,27.94153122983804,1.3831
4206,10,162,16.20,5.8,0,corps,27.929563456415803,1.4406
4207,15,184,12.27,8.0,0,corps,27.917601665384563,1.6613
4208,16,213,13.31,8.4,0,corps,27.905645853753853,1.5953
4209,6,103,17.17,4.0,0,corps,27.89369601853474,1.7277
4210,11,142,12.91,6.2,0,corps,27.881752156739747,1.5383
4211,8,159,19.88,4.9,0,corps,27.86981426538292,1.1044
4212,8,111,13.88,4.9,0,corps,27.857882341479794,1.5467
4213,15,254,16.93,8.0,0,corps,27.845956382047365,3.8581
4214,9,76,8.44,5.3,0,corps,27.834036384104156,2.6138
4215,12,203,16.92,6.7,0,corps,27.82212234467018,1.6555
4216,24,367,15.29,12.0,0,corps,27.8102142607669,3.0154
4217,13,271,20.85,7.1,0,corps,27.798312129417326,1.2948
4218,21,311,14.81,10.7,0,corps,27.786415947645892,1.8844
4219,20,247,12.35,10.2,0,corps,27.77452571247857,1.7431
4220,11,155,14.09,6.2,0,corps,27.762641420942806,2.0362
4221,14,161,11.50,7.6,0,corps,27.75076307006752,1.9722
4222,20,268,13.40,10.2,0,corps,27.738890656883118,3.7629
4223,11,166,15.09,6.2,0,corps,27.727024178421516,4.4007
4224,15,183,12.20,8.0,0,corps,27.715163631716074,1.6890
4225,9,129,14.33,5.3,0,corps,27.703309013801668,1.3920
4226,7,72,10.29,4.4,0,corps,27.691460321714633,1.4934
4227,15,244,16.27,8.0,0,corps,27.679617552492804,3.3071
4228,11,136,12.36,6.2,0,corps,27.66778070317549,1.2343
4229,23,303,13.17,11.6,0,corps,27.655949770803474,1.5147
4230,12,160,13.33,6.7,0,corps,27.644124752419017,1.6213
4231,7,135,19.29,4.4,0,corps,27.632305645065884,0.9667
4232,11,147,13.36,6.2,0,corps,27.620492445789274,1.2373
4233,12,143,11.92,6.7,0,corps,27.60868515163591,1.9991
4234,11,240,21.82,6.2,0,corps,27.596883759653945,2.6968
4235,15,202,13.47,8.0,0,corps,27.58508826689305,1.7060
4236,14,212,15.14,7.6,0,corps,27.573298670404345,1.5075
4237,16,224,14.00,8.4,0,corps,27.561514967240424,1.5267
4238,5,61,12.20,3.6,0,corps,27.549737154455368,1.3585
4239,4,48,12.00,3.1,0,corps,27.53796522910473,1.3839
4240,11,146,13.27,6.2,0,corps,27.526199188245513,4.5050
4241,16,235,14.69,8.4,0,corps,27.514439028936234,1.6267
4242,8,128,16.00,4.9,0,corps,27.502684748236817,1.5934
4243,8,118,14.75,4.9,0,corps,27.49093634320871,1.2476
4244,2,19,9.50,2.2,0,corps,27.479193810914822,1.5409
4245,14,216,15.43,7.6,0,corps,27.467457148419495,1.2381
4246,20,273,13.65,10.2,0,corps,27.455726352788577,1.4823
4247,3,29,9.67,2.7,0,corps,27.444001421089386,2.2226
4248,14,223,15.93,7.6,0,corps,27.432282350390665,4.2849
4249,10,149,14.90,5.8,0,corps,27.42056913776265,1.1842
4250,14,202,14.43,7.6,0,corps,27.408861780277043,1.1425
4251,16,199,12.44,8.4,0,corps,27.397160275007,1.5173
4252,12,138,11.50,6.7,0,corps,27.385464619027154,4.9298
4253,10,161,16.10,5.8,0,corps,27.373774809413582,2.1113
4254,9,126,14.00,5.3,0,corps,27.36209084324384,2.0562
4255,12,154,12.83,6.7,0,corps,27.35041271759692,1.2336
4256,7,71,10.14,4.4,0,corps,27.338740429553297,1.5492
4257,17,216,12.71,8.9,0,corps,27.32707397619492,1.4714
4258,6,82,13.67,4.0,0,corps,27.315413354605152,1.2155
4259,21,254,12.10,10.7,0,corps,27.303758561868836,1.3504
4260,17,248,14.59,8.9,0,corps,27.29210959507229,1.5241
4261,22,310,14.09,11.1,0,corps,27.28046645130326,1.6518
4262,15,185,12.33,8.0,0,corps,27.268829127650974,1.6053
4263,16,240,15.00,8.4,0,corps,27.257197621206075,1.4044
4264,10,116,11.60,5.8,0,corps,27.24557192906071,1.3292
4265,24,312,13.00,12.0,0,corps,27.233952048308453,1.9344
4266,3,49,16.33,2.7,0,corps,27.22233797604432,0.9582
4267,4,34,8.50,3.1,0,corps,27.2107297093648,1.6113
4268,7,102,14.57,4.4,0,corps,27.199127245367844,1.1778
4269,5,65,13.00,3.6,0,corps,27.187530581152807,1.1082
4270,5,48,9.60,3.6,0,corps,27.175939713820547,1.8276
4271,11,117,10.64,6.2,0,corps,27.164354640473327,1.6136
4272,7,108,15.43,4.4,0,corps,27.152775358214885,1.4746
4273,23,282,12.26,11.6,0,corps,27.141201864150418,1.4940
4274,11,136,12.36,6.2,0,corps,27.12963415538652,1.7344
4275,10,138,13.80,5.8,0,corps,27.118072229031288,1.4585
4276,7,106,15.14,4.4,0,corps,27.106516082194236,1.2321
4277,23,323,14.04,11.6,0,corps,27.094965711986323,2.9292
4278,4,44,11.00,3.1,0,corps,27.08342111551996,1.5663
4279,15,184,12.27,8.0,0,corps,27.071882289908995,4.8543
4280,11,163,14.82,6.2,0,corps,27.06034923226872,2.4543
4281,3,28,9.33,2.7,0,corps,27.04882193971588,1.6997
4282,30,366,12.20,14.7,0,corps,27.037300409368637,2.9281
4283,16,233,14.56,8.4,0,corps,27.025784638346618,4.5527
4284,10,209,20.90,5.8,0,corps,27.01427462377089,1.5077
4285,18,248,13.78,9.3,0,corps,27.00277036276392,1.5315
4286,19,298,15.68,9.8,0,corps,26.991271852449678,1.3012
4287,24,390,16.25,12.0,0,corps,26.979779089953503,1.3071
4288,12,180,15.00,6.7,0,corps,26.96829207240222,1.4336
4289,3,40,13.33,2.7,0,corps,26.956810796924092,1.5309
4290,16,201,12.56,8.4,0,corps,26.94533526064877,1.5480
4291,4,67,16.75,3.1,0,corps,26.93386546070738,1.4000
4292,6,100,16.67,4.0,0,corps,26.922401394232487,1.2844
4293,12,222,18.50,6.7,0,corps,26.91094305835805,2.4662
4294,3,40,13.33,2.7,0,corps,26.89949045021951,2.2268
4295,4,86,21.50,3.1,0,corps,26.888043566953684,1.2216
4296,3,50,16.67,2.7,0,corps,26.87660240569888,1.6066
4297,13,163,12.54,7.1,0,corps,26.8651669635948,1.7606
4298,11,154,14.00,6.2,0,corps,26.85373723778257,2.0309
4299,2,19,9.50,2.2,0,corps,26.84231322540477,1.4502
4300,16,245,15.31,8.4,0,corps,26.830894923605403,1.2996
4301,16,236,14.75,8.4,0,corps,26.819482329529876,2.4108
4302,18,248,13.78,9.3,0,corps,26.808075440325062,1.3512
4303,6,118,19.67,4.0,0,corps,26.79667425313922,1.0221
4304,16,197,12.31,8.4,0,corps,26.785278765122055,2.8444
4305,10,154,15.40,5.8,0,corps,26.773888973424715,1.2922
4306,35,547,15.63,16.9,0,corps,26.76250487519972,2.3907
4307,23,307,13.35,11.6,0,corps,26.751126467601072,1.2694
4308,7,83,11.86,4.4,0,corps,26.73975374778416,1.3192
4309,6,86,14.33,4.0,0,corps,26.7283867129058,1.1617
4310,18,227,12.61,9.3,0,corps,26.717025360124243,2.9371
4311,14,164,11.71,7.6,0,corps,26.705669686599137,4.7120
4312,22,352,16.00,11.1,0,corps,26.694319689491564,1.4315
4313,6,70,11.67,4.0,0,corps,26.682975365964047,1.3104
4314,24,336,14.00,12.0,0,corps,26.67163671318048,1.4234
4315,16,248,15.50,8.4,0,corps,26.660303728306207,0.9401
4316,18,246,13.67,9.3,0,corps,26.648976408507995,2.4147
4317,19,238,12.53,9.8,0,corps,26.637654750953992,1.3651
4318,24,302,12.58,12.0,0,corps,26.626338752813812,3.7187
4319,18,253,14.06,9.3,0,corps,26.615028411258418,1.3914
4320,16,228,14.25,8.4,0,corps,26.603723723460256,1.2198
4321,2,31,15.50,2.2,0,corps,26.59242468659314,1.2804
4322,13,168,12.92,7.1,0,corps,26.58113129783231,1.2652
4323,15,178,11.87,8.0,0,corps,26.56984355435442,1.5993
4324,10,113,11.30,5.8,0,corps,26.558561453337546,1.2634
4325,15,237,15.80,8.0,0,corps,26.547284991961146,1.4476
4326,2,31,15.50,2.2,0,corps,26.53601416740612,1.2447
4327,2,14,7.00,2.2,0,corps,26.524748976854738,3.1523
4328,8,74,9.25,4.9,0,corps,26.51348941749072,1.8961
4329,15,219,14.60,8.0,0,corps,26.502235486499192,2.9047
4330,15,217,14.47,8.0,0,corps,26.490987181066632,1.4684
4331,10,158,15.80,5.8,0,corps,26.47974449838099,1.2817
4332,19,283,14.89,9.8,0,corps,26.4685074356316,1.2998
4333,13,136,10.46,7.1,0,corps,26.457275990009176,1.5956
4334,5,95,19.00,3.6,0,corps,26.446050158705876,1.4780
4335,6,81,13.50,4.0,0,corps,26.434829938915215,1.4280
4336,14,157,11.21,7.6,0,corps,26.423615327832167,1.7302
4337,23,255,11.09,11.6,0,corps,26.41240632265307,1.6918
4338,20,262,13.10,10.2,0,corps,26.401202920575667,3.4568
4339,3,39,13.00,2.7,0,corps,26.390005118799102,1.5742
4340,4,33,8.25,3.1,0,corps,26.37881291452395,2.1279
4341,20,238,11.90,10.2,0,corps,26.367626304952136,3.5359
4342,29,365,12.59,14.2,0,corps,26.356445287287016,1.2338
4343,19,230,12.11,9.8,0,corps,26.345269858733328,1.5690
4344,5,83,16.60,3.6,0,corps,26.334100016497224,1.0207
4345,6,93,15.50,4.0,0,corps,26.322935757786247,8.1072
4346,14,210,15.00,7.6,0,corps,26.311777079809318,1.2052
4347,15,180,12.00,8.0,0,corps,26.300623979776777,1.5149
4348,22,280,12.73,11.1,0,corps,26.289476454900353,1.6399
4349,12,169,14.08,6.7,0,corps,26.278334502393147,1.6068
4350,26,337,12.96,12.9,0,corps,26.267198119469697,1.5096
4351,14,194,13.86,7.6,0,corps,26.25606730334588,6.1307
4352,18,185,10.28,9.3,0,corps,26.244942051239008,3.3643
4353,6,163,27.17,4.0,0,corps,26.23382236036777,0.9397
4354,5,102,20.40,3.6,0,corps,26.22270822795223,1.0402
4355,9,126,14.00,5.3,0,corps,26.211599651213863,1.1838
4356,10,117,11.70,5.8,0,corps,26.200496627375536,1.8868
4357,23,388,16.87,11.6,0,corps,26.18939915366147,1.3143
4358,6,117,19.50,4.0,0,corps,26.17830722729732,0.9813
4359,5,42,8.40,3.6,0,corps,26.16722084551008,2.3402
4360,9,116,12.89,5.3,0,corps,26.156140005528165,1.5765
4361,8,98,12.25,4.9,0,corps,26.145064704581383,2.4523
4362,5,70,14.00,3.6,0,corps,26.13399493990088,1.6990
4363,11,119,10.82,6.2,0,corps,26.12293070871922,2.0731
4364,7,96,13.71,4.4,0,corps,26.111872008270375,1.9389
4365,3,29,9.67,2.7,0,corps,26.10081883578963,2.1301
4366,4,74,18.50,3.1,0,corps,26.089771188513723,1.3181
4367,11,99,9.00,6.2,0,corps,26.07872906368071,2.4350
4368,5,35,7.00,3.6,0,corps,26.067692458530082,2.2590
4369,20,262,13.10,10.2,0,corps,26.0566613703027,2.0393
4370,7,109,15.57,4.4,0,corps,26.045635796240756,1.7185
4371,15,237,15.80,8.0,0,corps,26.03461573358788,1.7304
4372,12,170,14.17,6.7,0,corps,26.02360117958906,2.0892
4373,16,174,10.88,8.4,0,corps,26.012592131490642,2.9093
4374,5,138,27.60,3.6,0,corps,26.00158858654038,1.0672
4375,11,146,13.27,6.2,0,corps,25.99059054198737,1.7568
4376,3,85,28.33,2.7,0,corps,25.97959799508211,1.1585
4377,12,173,14.42,6.7,0,corps,25.968610943076477,1.6951
4378,13,164,12.62,7.1,0,corps,25.95762938322368,2.0617
4379,12,129,10.75,6.7,0,corps,25.946653312778356,2.1410
4380,28,322,11.50,13.8,0,corps,25.93568272899646,1.9430
4381,5,154,30.80,3.6,0,corps,25.924717629135362,0.8929
4382,6,85,14.17,4.0,0,corps,25.913758010453797,1.4907
4383,2,33,16.50,2.2,0,corps,25.902803870211837,1.4283
4384,15,150,10.00,8.0,0,corps,25.89185520567096,5.3865
4385,10,143,14.30,5.8,0,corps,25.880912014094008,1.4739
4386,11,182,16.55,6.2,0,corps,25.869974292745162,1.2429
4387,5,96,19.20,3.6,0,corps,25.859042038890017,1.2019
4388,20,254,12.70,10.2,0,corps,25.848115249795484,3.2808
4389,16,173,10.81,8.4,0,corps,25.837193922729877,1.7188
4390,21,287,13.67,10.7,0,corps,25.82627805496287,1.4545
4391,19,288,15.16,9.8,0,corps,25.815367643765484,1.4579
4392,16,268,16.75,8.4,0,corps,25.804462686410123,1.1799
4393,10,159,15.90,5.8,0,corps,25.79356318017056,4.4976
4394,6,59,9.83,4.0,0,corps,25.782669122321895,2.9680
4395,21,337,16.05,10.7,0,corps,25.77178051014063,1.3103
4396,9,181,20.11,5.3,0,corps,25.7608973409046,1.1628
4397,27,365,13.52,13.3,0,corps,25.750019611893016,1.6793
4398,12,183,15.25,6.7,0,corps,25.73914732038645,1.2726
4399,13,169,13.00,7.1,0,corps,25.72828046366683,1.4375
4400,14,141,10.07,7.6,0,corps,25.717419039017436,1.5493
4401,15,242,16.13,8.0,0,corps,25.706563043722923,1.1145
4402,12,201,16.75,6.7,0,corps,25.69571247506928,3.8363
4403,6,99,16.50,4.0,0,corps,25.68486733034387,1.1873
4404,10,132,13.20,5.8,0,corps,25.6740276068354,1.2169
4405,8,113,14.12,4.9,0,corps,25.663193301833942,1.1556
4406,18,248,13.78,9.3,0,corps,25.652364412630934,1.3621
4407,6,82,13.67,4.0,0,corps,25.64154093651913,8.5610
4408,22,330,15.00,11.1,0,corps,25.630722870792678,2.1585
4409,23,354,15.39,11.6,0,corps,25.61991021274706,1.2401
4410,13,234,18.00,7.1,0,corps,25.609102959679102,0.9675
4411,17,255,15.00,8.9,0,corps,25.598301108887007,2.3036
4412,15,271,18.07,8.0,0,corps,25.58750465767029,3.4147
4413,14,177,12.64,7.6,0,corps,25.57671360332985,1.6499
4414,12,146,12.17,6.7,0,corps,25.56592794316793,1.7713
4415,11,152,13.82,6.2,0,corps,25.555147674488104,1.6553
4416,4,45,11.25,3.1,0,corps,25.544372794595304,1.5153
4417,8,132,16.50,4.9,0,corps,25.533603300795825,1.1144
4418,12,170,14.17,6.7,0,corps,25.522839190397278,1.3694
4419,7,116,16.57,4.4,0,corps,25.512080460708646,1.1153
4420,10,131,13.10,5.8,0,corps,25.501327109040233,1.7025
4421,9,118,13.11,5.3,0,corps,25.49057913270371,1.6118
4422,22,253,11.50,11.1,0,corps,25.47983652901209,1.7423
4423,13,198,15.23,7.1,0,corps,25.469099295279708,1.4649
4424,20,198,9.90,10.2,0,corps,25.45836742882226,1.7457
4425,13,169,13.00,7.1,0,corps,25.447640926956787,1.4552
4426,16,169,10.56,8.4,0,corps,25.436919787001656,1.7532
4427,22,303,13.77,11.1,0,corps,25.42620400627659,3.6197
4428,3,33,11.00,2.7,0,corps,25.41549358210262,1.9707
4429,9,83,9.22,5.3,0,corps,25.404788511802163,1.6142
4430,13,160,12.31,7.1,0,corps,25.394088792698955,2.4924
4431,17,256,15.06,8.9,0,corps,25.383394422118045,1.7216
4432,12,248,20.67,6.7,0,corps,25.372705397385854,1.3784
4433,9,108,12.00,5.3,0,corps,25.362021715830135,1.3991
4434,19,294,15.47,9.8,0,corps,25.351343374779944,2.3108
4435,16,198,12.38,8.4,0,corps,25.340670371565714,6.0830
4436,13,184,14.15,7.1,0,corps,25.330002703519185,1.6805
4437,13,190,14.62,7.1,0,corps,25.319340367973442,4.0993
4438,20,266,13.30,10.2,0,corps,25.308683362262908,4.0686
4439,9,152,16.89,5.3,0,corps,25.298031683723316,3.5182
4440,12,238,19.83,6.7,0,corps,25.28738532969176,3.3152
4441,18,307,17.06,9.3,0,corps,25.276744297506653,2.5880
4442,16,177,11.06,8.4,0,corps,25.266108584507723,4.2828
4443,6,73,12.17,4.0,0,corps,25.25547818803606,1.3676
4444,15,202,13.47,8.0,0,corps,25.244853105434046,1.4222
4445,18,206,11.44,9.3,0,corps,25.23423333404542,4.0935
4446,5,63,12.60,3.6,0,corps,25.22361887121524,1.1678
4447,18,224,12.44,9.3,0,corps,25.213009714289885,1.5158
4448,3,36,12.00,2.7,0,corps,25.202405860617073,1.1208
4449,4,24,6.00,3.1,0,corps,25.191807307545837,3.9875
4450,8,211,26.38,4.9,0,corps,25.181214052426533,0.8520
4451,10,151,15.10,5.8,0,corps,25.170626092610863,1.0669
4452,12,136,11.33,6.7,0,corps,25.160043425451818,1.9477
4453,11,139,12.64,6.2,0,corps,25.149466048303736,1.1250
4454,21,302,14.38,10.7,0,corps,25.138893958522285,1.7504
4455,13,201,15.46,7.1,0,corps,25.12832715346443,1.5459
4456,11,129,11.73,6.2,0,corps,25.11776563048847,1.3789
4457,17,267,15.71,8.9,0,corps,25.10720938695404,1.1238
4458,17,222,13.06,8.9,0,corps,25.096658420222052,1.0347
4459,24,292,12.17,12.0,0,corps,25.086112727654786,1.5396
4460,5,80,16.00,3.6,0,corps,25.07557230661581,1.9870
4461,11,182,16.55,6.2,0,corps,25.065037154470016,1.2726
4462,14,228,16.29,7.6,0,corps,25.05450726858363,1.2198
4463,2,40,20.00,2.2,0,corps,25.043982646324164,1.1780
4464,2,65,32.50,2.2,0,corps,25.03346328506047,0.8490
4465,12,157,13.08,6.7,0,corps,25.022949182162712,1.4730
4466,2,35,17.50,2.2,0,corps,25.01244033500235,1.0215
4467,7,81,11.57,4.4,0,corps,25.00193674095219,1.5259
4468,11,155,14.09,6.2,0,corps,24.99143839738632,1.3869
4469,17,200,11.76,8.9,0,corps,24.980945301680162,2.4044
4470,20,280,14.00,10.2,0,corps,24.97045745121044,1.6006
4471,15,143,9.53,8.0,0,corps,24.95997484335518,4.6537
4472,6,118,19.67,4.0,0,corps,24.949497475493747,0.9395
4473,7,109,15.57,4.4,0,corps,24.939025345006794,1.2469
4474,18,234,13.00,9.3,0,corps,24.92855844927628,1.4750
4475,17,195,11.47,8.9,0,corps,24.9180967856855,1.8800
4476,4,57,14.25,3.1,0,corps,24.90764035161901,1.3463
4477,16,233,14.56,8.4,0,corps,24.89718914446272,2.1319
4478,13,169,13.00,7.1,0,corps,24.88674316160383,1.3293
4479,22,257,11.68,11.1,0,corps,24.876302400430834,1.8130
4480,4,82,20.50,3.1,0,corps,24.86586685833355,1.2080
4481,3,56,18.67,2.7,0,corps,24.855436532703095,1.4157
4482,26,345,13.27,12.9,0,corps,24.845011420931872,1.4689
4483,7,123,17.57,4.4,0,corps,24.834591520413625,1.3850
4484,13,132,10.15,7.1,0,corps,24.82417682854335,1.6011
4485,15,226,15.07,8.0,0,corps,24.813767342717398,1.2818
4486,6,113,18.83,4.0,0,corps,24.803363060333396,1.0779
4487,23,286,12.43,11.6,0,corps,24.79296397879026,1.5490
4488,8,136,17.00,4.9,0,corps,24.782570095488225,1.1896
4489,25,294,11.76,12.4,0,corps,24.772181407828832,1.9400
4490,21,284,13.52,10.7,0,corps,24.76179791321489,1.4127
4491,2,83,41.50,2.2,0,corps,24.751419609050547,0.7208
4492,16,248,15.50,8.4,0,corps,24.741046492741205,1.2668
4493,17,211,12.41,8.9,0,corps,24.730678561693587,1.6982
4494,13,200,15.38,7.1,0,corps,24.72031581331573,3.0342
4495,6,61,10.17,4.0,0,corps,24.709958245016928,2.1779
4496,11,137,12.45,6.2,0,corps,24.699605854207793,1.5703
4497,14,197,14.07,7.6,0,corps,24.68925863830024,4.2811
4498,29,474,16.34,14.2,0,corps,24.67891659470744,1.4402
4499,3,60,20.00,2.7,0,corps,24.668579720843912,1.0262
4500,5,68,13.60,3.6,0,corps,24.65824801412541,1.6241
4501,18,190,10.56,9.3,0,corps,24.64792147196902,1.7912
4502,2,44,22.00,2.2,0,corps,24.637600091793114,1.0776
4503,16,222,13.88,8.4,0,corps,24.62728387101733,6.5207
4504,25,422,16.88,12.4,0,corps,24.616972807062627,1.9677
4505,8,101,12.62,4.9,0,corps,24.60666689735123,4.1072
4506,16,186,11.62,8.4,0,corps,24.59636613930666,5.0474
4507,2,27,13.50,2.2,0,corps,24.586070530353744,1.3178
4508,12,220,18.33,6.7,0,corps,24.575780067918554,1.3996
4509,18,257,14.28,9.3,0,corps,24.565494749428492,1.4844
4510,6,66,11.00,4.0,0,corps,24.555214572312234,1.6955
4511,10,151,15.10,5.8,0,corps,24.544939533999717,5.5779
4512,15,248,16.53,8.0,0,corps,24.534669631922196,1.5419
4513,13,251,19.31,7.1,0,corps,24.524404863512185,3.6371
4514,14,249,17.79,7.6,0,corps,24.514145226203492,1.0742
4515,13,182,14.00,7.1,0,corps,24.503890717431226,1.1990
4516,10,172,17.20,5.8,0,corps,24.493641334631736,3.9806
4517,16,259,16.19,8.4,0,corps,24.48339707524269,2.0091
4518,5,152,30.40,3.6,0,corps,24.473157936703018,0.8194
4519,8,81,10.12,4.9,0,corps,24.462923916452937,1.7442
4520,15,288,19.20,8.0,0,corps,24.452695011933947,3.3734
4521,16,316,19.75,8.4,0,corps,24.44247122058881,2.2988
4522,8,100,12.50,4.9,0,corps,24.432252539861583,1.3863
4523,12,141,11.75,6.7,0,corps,24.422038967197608,1.4445
4524,11,188,17.09,6.2,0,corps,24.411830500043468,0.9156
4525,10,235,23.50,5.8,0,corps,24.40162713584706,1.0087
4526,16,283,17.69,8.4,0,corps,24.391428872057556,1.1955
4527,10,127,12.70,5.8,0,corps,24.381235706125366,3.3104
4528,4,85,21.25,3.1,0,corps,24.37104763550221,0.9539
4529,15,160,10.67,8.0,0,corps,24.36086465764107,2.9847
4530,13,160,12.31,7.1,0,corps,24.350686769996198,1.5644
4531,21,280,13.33,10.7,0,corps,24.340513970023135,1.6564
4532,13,195,15.00,7.1,0,corps,24.330346255178657,1.2077
4533,16,175,10.94,8.4,0,corps,24.320183622920847,1.4524
4534,18,244,13.56,9.3,0,corps,24.31002607070906,3.6108
4535,5,55,11.00,3.6,0,corps,24.29987359600389,1.6044
4536,11,88,8.00,6.2,0,corps,24.28972619626723,6.1046
4537,13,185,14.23,7.1,0,corps,24.27958386896222,2.1757
4538,21,267,12.71,10.7,0,corps,24.269446611553285,1.5150
4539,20,218,10.90,10.2,0,corps,24.259314421506108,1.6692
4540,10,160,16.00,5.8,0,corps,24.249187296287637,3.1782
4541,20,273,13.65,10.2,0,corps,24.2390652333661,1.7367
4542,7,97,13.86,4.4,0,corps,24.22894823021098,1.4680
4543,7,98,14.00,4.4,0,corps,24.218836284293015,1.3097
4544,23,323,14.04,11.6,0,corps,24.208729393084237,1.5195
4545,19,327,17.21,9.8,0,corps,24.198627554057907,2.0659
4546,10,159,15.90,5.8,0,corps,24.188530764688565,3.9367
4547,11,118,10.73,6.2,0,corps,24.178439022452032,7.0626
4548,10,193,19.30,5.8,0,corps,24.16835232482535,1.0842
4549,12,184,15.33,6.7,0,corps,24.15827066928685,1.1908
4550,8,131,16.38,4.9,0,corps,24.148194053316136,5.6237
4551,23,406,17.65,11.6,0,corps,24.138122474394027,1.3706
4552,13,184,14.15,7.1,0,corps,24.128055930002652,1.4690
4553,18,243,13.50,9.3,0,corps,24.117994417625358,3.0873
4554,4,55,13.75,3.1,0,corps,24.107937934746772,1.7930
4555,21,287,13.67,10.7,0,corps,24.097886478852786,1.4405
4556,12,130,10.83,6.7,0,corps,24.087840047430507,5.4074
4557,12,190,15.83,6.7,0,corps,24.077798637968353,1.2352
4558,9,123,13.67,5.3,0,corps,24.06776224795597,2.0999
4559,17,198,11.65,8.9,0,corps,24.057730874884243,1.8086
4560,5,70,14.00,3.6,0,corps,24.047704516245346,1.4698
4561,19,278,14.63,9.8,0,corps,24.037683169532677,1.3773
4562,17,239,14.06,8.9,0,corps,24.027666832240904,5.5842
4563,3,111,37.00,2.7,0,corps,24.017655501865953,0.7319
4564,15,239,15.93,8.0,0,corps,24.007649175904973,1.6821
4565,4,51,12.75,3.1,0,corps,23.99764785185639,1.9100
4566,16,184,11.50,8.4,0,corps,23.98765152721988,1.1547
4567,7,134,19.14,4.4,0,corps,23.977660199496352,1.1844
4568,22,295,13.41,11.1,0,corps,23.967673866187987,1.7170
4569,14,138,9.86,7.6,0,corps,23.95769252479818,3.9934
4570,5,95,19.00,3.6,0,corps,23.94771617283161,0.9640
4571,20,258,12.90,10.2,0,corps,23.937744807794196,1.6143
4572,4,40,10.00,3.1,0,corps,23.92777842719308,1.7042
4573,21,288,13.71,10.7,0,corps,23.91781702853667,2.2175
4574,18,198,11.00,9.3,0,corps,23.907860609334637,1.8572
4575,26,369,14.19,12.9,0,corps,23.897909167097843,2.9974
4576,19,257,13.53,9.8,0,corps,23.88796269933846,1.5767
4577,10,96,9.60,5.8,0,corps,23.878021203569844,2.0025
4578,16,208,13.00,8.4,0,corps,23.868084677306634,1.4414
4579,11,206,18.73,6.2,0,corps,23.858153118064703,1.1459
4580,6,75,12.50,4.0,0,corps,23.848226523361145,1.4825
4581,12,135,11.25,6.7,0,corps,23.838304890714323,1.8428
4582,7,73,10.43,4.4,0,corps,23.82838821764384,1.7898
4583,13,158,12.15,7.1,0,corps,23.8184765016705,1.7502
4584,13,140,10.77,7.1,0,corps,23.8085697403164,1.8994
4585,12,157,13.08,6.7,0,corps,23.79866793110483,1.6639
4586,3,27,9.00,2.7,0,corps,23.788771071560344,1.8721
4587,5,49,9.80,3.6,0,corps,23.77887915920874,1.5777
4588,16,154,9.62,8.4,0,corps,23.768992191577016,1.6665
4589,8,137,17.12,4.9,0,corps,23.759110166193448,0.9872
4590,23,280,12.17,11.6,0,corps,23.74923308058753,1.5708
4591,10,183,18.30,5.8,0,corps,23.739360932289976,1.3244
4592,16,158,9.88,8.4,0,corps,23.72949371883277,5.1724
4593,7,72,10.29,4.4,0,corps,23.719631437749086,1.8781
4594,7,123,17.57,4.4,0,corps,23.70977408657336,1.4561
4595,18,293,16.28,9.3,0,corps,23.699921662841273,1.4485
4596,17,333,19.59,8.9,0,corps,23.690074164089694,1.1642
4597,9,111,12.33,5.3,0,corps,23.680231587856756,1.9236
4598,12,184,15.33,6.7,0,corps,23.67039393168183,1.6493
4599,21,263,12.52,10.7,0,corps,23.66056119310548,1.3256
4600,11,119,10.82,6.2,0,corps,23.650733369669535,6.3075
4601,5,65,13.00,3.6,0,corps,23.64091045891703,1.7958
4602,6,86,14.33,4.0,0,corps,23.63109245839224,1.5274
4603,3,42,14.00,2.7,0,corps,23.621279365640678,1.9462
4604,6,74,12.33,4.0,0,corps,23.61147117820905,1.6997
4605,13,128,9.85,7.1,0,corps,23.601667893645317,1.9533
4606,10,133,13.30,5.8,0,corps,23.591869509498668,4.4584
4607,27,388,14.37,13.3,0,corps,23.58207602331949,2.1851
4608,11,171,15.55,6.2,0,corps,23.572287432659433,1.3454
4609,8,118,14.75,4.9,0,corps,23.562503735071324,1.2302
4610,16,240,15.00,8.4,0,corps,23.55272492810925,2.4095
4611,10,162,16.20,5.8,0,corps,23.54295100932852,1.4289
4612,14,228,16.29,7.6,0,corps,23.533181976285633,1.4484
4613,17,221,13.00,8.9,0,corps,23.523417826538342,1.4807
4614,21,265,12.62,10.7,0,corps,23.513658557645623,4.9502
4615,22,323,14.68,11.1,0,corps,23.503904167167633,2.6661
4616,15,226,15.07,8.0,0,corps,23.494154652665795,1.4508
4617,14,194,13.86,7.6,0,corps,23.484410011702714,1.4203
4618,10,103,10.30,5.8,0,corps,23.474670241842237,3.6552
4619,22,249,11.32,11.1,0,corps,23.464935340649426,3.0670
4620,17,232,13.65,8.9,0,corps,23.455205305690548,2.8859
4621,28,408,14.57,13.8,0,corps,23.445480134533096,3.5385
4622,10,92,9.20,5.8,0,corps,23.435759824745787,7.0598
4623,4,48,12.00,3.1,0,corps,23.42604437389853,1.4461
4624,14,182,13.00,7.6,0,corps,23.416333779562475,1.4151
4625,12,141,11.75,6.7,0,corps,23.406628039309954,1.6947
4626,10,113,11.30,5.8,0,corps,23.39692715071455,1.9498
4627,15,157,10.47,8.0,0,corps,23.38723111135104,2.2089
4628,26,398,15.31,12.9,0,corps,23.3775399187954,2.1024
4629,21,225,10.71,10.7,0,corps,23.367853570624845,2.7252
4630,10,124,12.40,5.8,0,corps,23.358172064417783,1.4569
4631,24,351,14.62,12.0,0,corps,23.348495397753833,1.7013
4632,35,395,11.29,16.9,0,corps,23.338823568213844,5.8337
4633,19,228,12.00,9.8,0,corps,23.329156573379837,1.8871
4634,21,213,10.14,10.7,0,corps,23.319494410835073,1.8665
4635,15,166,11.07,8.0,0,corps,23.309837078164026,1.5569
4636,4,26,6.50,3.1,0,corps,23.300184572952336,1.7733
4637,21,238,11.33,10.7,0,corps,23.2905368927869,3.1478
4638,27,352,13.04,13.3,0,corps,23.28089403525578,3.4281
4639,10,104,10.40,5.8,0,corps,23.271255997948266,1.6735
4640,10,179,17.90,5.8,0,corps,23.261622778454864,0.9555
4641,26,366,14.08,12.9,0,corps,23.251994374367246,2.3066
4642,8,121,15.12,4.9,0,corps,23.242370783278325,1.3184
4643,15,195,13.00,8.0,0,corps,23.232752002782203,3.7856
4644,24,318,13.25,12.0,0,corps,23.223138030474182,3.6270
4645,15,202,13.47,8.0,0,corps,23.21352886395077,1.8896
4646,7,69,9.86,4.4,0,corps,23.203924500809666,1.5347
4647,15,199,13.27,8.0,0,corps,23.194324938649793,1.6524
4648,12,223,18.58,6.7,0,corps,23.184730175071255,4.5821
4649,27,404,14.96,13.3,0,corps,23.17514020767536,1.7061
4650,7,58,8.29,4.4,0,corps,23.165555034064607,12.4063
4651,19,262,13.79,9.8,0,corps,23.15597465184273,1.7736
4652,18,257,14.28,9.3,0,corps,23.146399058614602,3.6630
4653,15,179,11.93,8.0,0,corps,23.13682825198635,1.7661
4654,12,163,13.58,6.7,0,corps,23.12726222956525,1.2684
4655,30,441,14.70,14.7,0,corps,23.117700988959808,2.1910
4656,6,82,13.67,4.0,0,corps,23.10814452777972,1.4958
4657,2,27,13.50,2.2,0,corps,23.09859284363586,1.5277
4658,17,231,13.59,8.9,0,corps,23.089045934140305,3.0068
4659,18,241,13.39,9.3,0,corps,23.079503796906344,1.2665
4660,2,29,14.50,2.2,0,corps,23.069966429548423,1.0952
4661,7,131,18.71,4.4,0,corps,23.060433829682218,5.6347
4662,4,53,13.25,3.1,0,corps,23.050905994924555,1.6314
4663,9,107,11.89,5.3,0,corps,23.041382922893497,1.6804
4664,7,93,13.29,4.4,0,corps,23.031864611208274,1.5751
4665,25,343,13.72,12.4,0,corps,23.022351057489296,2.3750
4666,8,82,10.25,4.9,0,corps,23.01284225935818,8.4790
4667,21,324,15.43,10.7,0,corps,23.003338214437736,1.5244
4668,29,424,14.62,14.2,0,corps,22.99383892035194,3.3146
4669,25,430,17.20,12.4,0,corps,22.98434437472598,2.4824
4670,6,47,7.83,4.0,0,corps,22.974854575186203,2.7349
4671,24,243,10.12,12.0,0,corps,22.965369519360166,2.7979
4672,11,114,10.36,6.2,0,corps,22.95588920487662,1.6747
4673,10,155,15.50,5.8,0,corps,22.946413629365463,1.2192
4674,15,172,11.47,8.0,0,corps,22.936942790457813,1.6502
4675,4,49,12.25,3.1,0,corps,22.92747668578597,1.3375
4676,7,86,12.29,4.4,0,corps,22.918015312983382,6.7773
4677,25,335,13.40,12.4,0,corps,22.908558669684737,1.8386
4678,25,340,13.60,12.4,0,corps,22.899106753525842,3.2377
4679,3,60,20.00,2.7,0,corps,22.88965956214374,1.6237
4680,4,40,10.00,3.1,0,corps,22.880217093176636,2.3596
4681,19,238,12.53,9.8,0,corps,22.870779344263887,1.3050
4682,21,294,14.00,10.7,0,corps,22.861346313046084,1.5937
4683,14,198,14.14,7.6,0,corps,22.851917997164957,1.4082
4684,3,52,17.33,2.7,0,corps,22.842494394263422,1.1242
4685,13,189,14.54,7.1,0,corps,22.833075501985594,1.1482
4686,30,385,12.83,14.7,0,corps,22.823661317976725,2.0744
4687,22,376,17.09,11.1,0,corps,22.81425183988329,2.9329
4688,16,206,12.88,8.4,0,corps,22.80484706535292,1.8362
4689,20,309,15.45,10.2,0,corps,22.795446992034403,1.5165
4690,2,15,7.50,2.2,0,corps,22.786051617577733,2.2837
4691,14,181,12.93,7.6,0,corps,22.776660939634073,2.7687
4692,15,245,16.33,8.0,0,corps,22.767274955855743,1.2249
4693,8,85,10.62,4.9,0,corps,22.757893663896255,1.5944
4694,19,294,15.47,9.8,0,corps,22.74851706141027,1.5481
4695,23,284,12.35,11.6,0,corps,22.739145146053648,2.1727
4696,19,234,12.32,9.8,0,corps,22.72977791548342,2.5997
4697,2,34,17.00,2.2,0,corps,22.720415367357756,1.5715
4698,13,172,13.23,7.1,0,corps,22.71105749933604,2.7211
4699,20,271,13.55,10.2,0,corps,22.7017043090788,1.4620
4700,25,344,13.76,12.4,0,corps,22.692355794247725,1.7882
4701,15,192,12.80,8.0,0,corps,22.683011952505705,1.7351
4702,23,277,12.04,11.6,0,corps,22.67367278151676,1.5279
4703,5,46,9.20,3.6,0,corps,22.66433827894611,1.8399
4704,21,308,14.67,10.7,0,corps,22.655008442460137,1.3344
4705,23,245,10.65,11.6,0,corps,22.645683269726362,1.5341
4706,10,119,11.90,5.8,0,corps,22.636362758413505,1.6642
4707,6,104,17.33,4.0,0,corps,22.627046906191435,1.0370
4708,9,107,11.89,5.3,0,corps,22.617735710731186,1.7720
4709,19,261,13.74,9.8,0,corps,22.608429169704966,1.6280
4710,11,111,10.09,6.2,0,corps,22.59912728078613,6.6577
4711,12,189,15.75,6.7,0,corps,22.58983004164921,1.2636
4712,11,161,14.64,6.2,0,corps,22.58053744996991,0.9695
4713,7,136,19.43,4.4,0,corps,22.571249503425054,0.9237
4714,7,98,14.00,4.4,0,corps,22.561966199692673,1.2566
4715,15,187,12.47,8.0,0,corps,22.55268753645195,1.2594
4716,31,412,13.29,15.1,0,corps,22.543413511383196,2.5731
4717,17,210,12.35,8.9,0,corps,22.534144122167927,3.7131
4718,8,153,19.12,4.9,0,corps,22.524879366488772,1.1756
4719,2,40,20.00,2.2,0,corps,22.51561924202956,0.6458
4720,24,309,12.88,12.0,0,corps,22.506363746475262,2.2871
4721,32,443,13.84,15.6,0,corps,22.497112877511988,1.7160
4722,16,166,10.38,8.4,0,corps,22.487866632827032,1.8314
4723,27,375,13.89,13.3,0,corps,22.478625010108836,2.8564
4724,3,48,16.00,2.7,0,corps,22.46938800704698,1.3417
4725,4,32,8.00,3.1,0,corps,22.46015562133223,1.8850
4726,10,156,15.60,5.8,0,corps,22.450927850656477,1.2261
4727,19,283,14.89,9.8,0,corps,22.441704692712783,1.5583
4728,21,201,9.57,10.7,0,corps,22.43248614519536,1.5946
4729,10,153,15.30,5.8,0,corps,22.42327220579957,1.2806
4730,22,300,13.64,11.1,0,corps,22.41406287222192,3.5055
4731,5,90,18.00,3.6,0,corps,22.404858142160094,1.4188
4732,9,186,20.67,5.3,0,corps,22.39565801331289,0.8323
4733,11,125,11.36,6.2,0,corps,22.3864624833803,1.3451
4734,13,165,12.69,7.1,0,corps,22.377271550063412,4.2147
4735,12,181,15.08,6.7,0,corps,22.36808521106451,1.3559
4736,12,169,14.08,6.7,0,corps,22.358903464087014,2.6078
4737,26,428,16.46,12.9,0,corps,22.349726306835468,2.4695
4738,18,227,12.61,9.3,0,corps,22.340553737015597,1.9246
4739,14,224,16.00,7.6,0,corps,22.331385752334263,3.5825
4740,26,318,12.23,12.9,0,corps,22.32222235049946,1.4535
4741,3,42,14.00,2.7,0,corps,22.313063529220344,1.2604
4742,19,232,12.21,9.8,0,corps,22.303909286207197,3.3448
4743,16,237,14.81,8.4,0,corps,22.294759619171465,1.2415
4744,17,202,11.88,8.9,0,corps,22.285614525825746,4.7404
4745,7,136,19.43,4.4,0,corps,22.276474003883745,1.2299
4746,13,170,13.08,7.1,0,corps,22.267338051060335,1.5680
4747,19,289,15.21,9.8,0,corps,22.258206665071544,2.1278
4748,8,150,18.75,4.9,0,corps,22.249079843634508,0.9726
4749,16,194,12.12,8.4,0,corps,22.239957584467536,1.2476
4750,17,183,10.76,8.9,0,corps,22.230839885290045,1.6690
4751,19,306,16.11,9.8,0,corps,22.22172674382262,1.6070
4752,14,137,9.79,7.6,0,corps,22.212618157786984,2.1840
4753,15,141,9.40,8.0,0,corps,22.203514124905976,1.9155
4754,16,184,11.50,8.4,0,corps,22.194414642903602,1.7924
4755,28,365,13.04,13.8,0,corps,22.185319709504974,1.4283
4756,2,45,22.50,2.2,0,corps,22.176229322436367,0.7579
4757,9,100,11.11,5.3,0,corps,22.167143479425196,8.0445
4758,14,189,13.50,7.6,0,corps,22.15806217819998,1.1871
4759,11,150,13.64,6.2,0,corps,22.148985416490405,1.2750
4760,2,33,16.50,2.2,0,corps,22.139913192027286,1.0448
4761,15,186,12.40,8.0,0,corps,22.130845502542552,1.4069
4762,20,278,13.90,10.2,0,corps,22.12178234576929,1.5813
4763,7,66,9.43,4.4,0,corps,22.112723719441707,2.2875
4764,4,73,18.25,3.1,0,corps,22.103669621295147,1.2329
4765,2,33,16.50,2.2,0,corps,22.094620049066098,0.9367
4766,16,224,14.00,8.4,0,corps,22.085575000492142,1.1798
4767,8,65,8.12,4.9,0,corps,22.07653447331203,1.7944
4768,2,27,13.50,2.2,0,corps,22.067498465265643,0.9121
4769,12,146,12.17,6.7,0,corps,22.058466974093953,1.7334
4770,19,240,12.63,9.8,0,corps,22.049439997539114,1.3921
4771,9,104,11.56,5.3,0,corps,22.04041753334436,1.6130
4772,22,243,11.05,11.1,0,corps,22.031399579254078,1.9983
4773,23,371,16.13,11.6,0,corps,22.022386133013796,1.4430
4774,16,195,12.19,8.4,0,corps,22.013377192370136,4.5604
4775,8,125,15.62,4.9,0,corps,22.004372755070865,1.2126
4776,16,219,13.69,8.4,0,corps,21.995372818864887,1.3017
4777,13,186,14.31,7.1,0,corps,21.986377381502194,4.8109
4778,19,272,14.32,9.8,0,corps,21.97738644073395,3.8535
4779,21,321,15.29,10.7,0,corps,21.968399994312403,1.6737
4780,3,42,14.00,2.7,0,corps,21.95941803999095,1.1973
4781,19,304,16.00,9.8,0,corps,21.95044057552411,3.3697
4782,5,56,11.20,3.6,0,corps,21.941467598667494,1.7205
4783,9,101,11.22,5.3,0,corps,21.932499107177872,1.8652
4784,29,375,12.93,14.2,0,corps,21.92353509881313,2.2979
4785,6,85,14.17,4.0,0,corps,21.914575571332247,7.1005
4786,8,108,13.50,4.9,0,corps,21.905620522495358,5.0771
4787,22,368,16.73,11.1,0,corps,21.896669950063686,1.4591
4788,14,194,13.86,7.6,0,corps,21.887723851799592,1.4280
4789,21,326,15.52,10.7,0,corps,21.878782225466566,1.6604
4790,34,524,15.41,16.4,0,corps,21.86984506882918,1.6780
4791,18,266,14.78,9.3,0,corps,21.860912379653154,2.3876
4792,18,254,14.11,9.3,0,corps,21.851984155705324,2.5427
4793,14,147,10.50,7.6,0,corps,21.843060394753618,5.0395
4794,16,263,16.44,8.4,0,corps,21.834141094567112,2.8547
4795,22,289,13.14,11.1,0,corps,21.825226252915964,2.1448
4796,20,295,14.75,10.2,0,corps,21.816315867571472,3.0528
4797,8,158,19.75,4.9,0,corps,21.807409936306048,1.0435
4798,34,464,13.65,16.4,0,corps,21.79850845689319,1.7998
4799,7,91,13.00,4.4,0,corps,21.789611427107545,1.4095
4800,18,201,11.17,9.3,0,corps,21.780718844724852,1.6948
4801,13,176,13.54,7.1,0,corps,21.771830707521957,1.1988
4802,14,212,15.14,7.6,0,corps,21.76294701327684,2.3945
4803,12,170,14.17,6.7,0,corps,21.75406775976856,1.4705
4804,14,211,15.07,7.6,0,corps,21.745192944777315,1.6337
4805,17,282,16.59,8.9,0,corps,21.7363225660844,1.1771
4806,27,364,13.48,13.3,0,corps,21.727456621472214,2.6919
4807,15,322,21.47,8.0,0,corps,21.71859510872428,1.1291
4808,17,204,12.00,8.9,0,corps,21.70973802562522,1.2426
4809,28,330,11.79,13.8,0,corps,21.700885369960748,1.6958
4810,18,239,13.28,9.3,0,corps,21.692037139517726,3.0490
4811,11,187,17.00,6.2,0,corps,21.683193332084066,1.1982
4812,8,68,8.50,4.9,0,corps,21.674353945448836,5.1450
4813,15,218,14.53,8.0,0,corps,21.66551897740219,1.2224
4814,16,206,12.88,8.4,0,corps,21.65668842573537,2.5149
4815,13,194,14.92,7.1,0,corps,21.647862288240752,1.6174
4816,17,250,14.71,8.9,0,corps,21.639040562711802,2.4594
4817,10,131,13.10,5.8,0,corps,21.630223246943082,4.5554
4818,24,389,16.21,12.0,0,corps,21.62141033873027,1.5643
4819,13,139,10.69,7.1,0,corps,21.612601835870127,4.4977
4820,10,152,15.20,5.8,0,corps,21.603797736160534,4.4150
4821,16,207,12.94,8.4,0,corps,21.594998037400476,1.7204
4822,7,110,15.71,4.4,0,corps,21.58620273739001,5.1480
4823,28,350,12.50,13.8,0,corps,21.57741183393032,2.9270
4824,4,22,5.50,3.1,0,corps,21.56862532482369,2.8447
4825,24,243,10.12,12.0,0,corps,21.559843207873474,2.3968
4826,4,52,13.00,3.1,0,corps,21.55106548088416,1.4440
4827,18,206,11.44,9.3,0,corps,21.5422921416613,1.8863
4828,10,136,13.60,5.8,0,corps,21.533523188011564,5.0845
4829,8,144,18.00,4.9,0,corps,21.524758617742727,1.4787
4830,3,55,18.33,2.7,0,corps,21.515998428663625,0.6817
4831,28,350,12.50,13.8,0,corps,21.507242618584225,1.5477
4832,4,53,13.25,3.1,0,corps,21.498491185315576,1.4659
4833,15,168,11.20,8.0,0,corps,21.489744126669805,1.8885
4834,2,41,20.50,2.2,0,corps,21.481001440460165,1.4186
4835,7,87,12.43,4.4,0,corps,21.47226312450097,1.4413
4836,15,204,13.60,8.0,0,corps,21.463529176607647,1.9024
4837,20,313,15.65,10.2,0,corps,21.45479959459672,3.4169
4838,14,183,13.07,7.6,0,corps,21.44607437628577,1.3861
4839,22,286,13.00,11.1,0,corps,21.43735351949351,1.8474
4840,34,410,12.06,16.4,0,corps,21.428637022039723,2.5730
4841,23,410,17.83,11.6,0,corps,21.419924881745278,1.2887
4842,6,70,11.67,4.0,0,corps,21.41121709643215,7.7687
4843,19,315,16.58,9.8,0,corps,21.40251366392338,1.4987
4844,9,90,10.00,5.3,0,corps,21.393814582043117,1.6157
4845,2,27,13.50,2.2,0,corps,21.385119848616593,1.1644
4846,21,320,15.24,10.7,0,corps,21.37642946147012,3.7605
4847,25,332,13.28,12.4,0,corps,21.367743418431104,2.7068
4848,26,339,13.04,12.9,0,corps,21.359061717328036,1.9525
4849,20,330,16.50,10.2,0,corps,21.35038435599048,2.3591
4850,15,196,13.07,8.0,0,corps,21.341711332249112,1.7544
4851,21,343,16.33,10.7,0,corps,21.333042643935663,1.7383
4852,17,197,11.59,8.9,0,corps,21.32437828888296,3.8111
4853,15,177,11.80,8.0,0,corps,21.315718264924932,5.0375
4854,7,151,21.57,4.4,0,corps,21.307062569896555,1.5544
4855,14,153,10.93,7.6,0,corps,21.298411201633904,4.3697
4856,7,113,16.14,4.4,0,corps,21.289764157974155,1.1837
4857,14,164,11.71,7.6,0,corps,21.281121436755523,1.8436
4858,10,82,8.20,5.8,0,corps,21.272483035817352,2.4480
4859,21,317,15.10,10.7,0,corps,21.26384895300002,1.6684
4860,10,128,12.80,5.8,0,corps,21.25521918614502,3.0799
4861,22,275,12.50,11.1,0,corps,21.246593733094908,3.3224
4862,10,144,14.40,5.8,0,corps,21.237972591693318,1.3105
4863,18,263,14.61,9.3,0,corps,21.229355759784962,3.4630
4864,26,357,13.73,12.9,0,corps,21.220743235215643,3.4210
4865,16,236,14.75,8.4,0,corps,21.212135015832217,2.2067
4866,8,130,16.25,4.9,0,corps,21.203531099482642,4.0778
4867,27,309,11.44,13.3,0,corps,21.194931484015925,1.9013
4868,7,84,12.00,4.4,0,corps,21.186336167282168,1.6293
4869,15,193,12.87,8.0,0,corps,21.177745147132544,1.3944
4870,11,121,11.00,6.2,0,corps,21.169158421419297,1.4788
4871,14,192,13.71,7.6,0,corps,21.16057598799574,1.1509
4872,4,105,26.25,3.1,0,corps,21.151997844716277,0.8234
4873,25,304,12.16,12.4,0,corps,21.143423989436357,1.8709
4874,10,170,17.00,5.8,0,corps,21.134854420012534,1.3471
4875,24,289,12.04,12.0,0,corps,21.126289134302397,1.9246
4876,19,230,12.11,9.8,0,corps,21.117728130164632,3.8348
4877,5,97,19.40,3.6,0,corps,21.109171405458994,1.3666
4878,25,359,14.36,12.4,0,corps,21.10061895804629,1.7011
4879,14,166,11.86,7.6,0,corps,21.092070785788422,1.5775
4880,11,172,15.64,6.2,0,corps,21.083526886548334,1.1913
4881,21,294,14.00,10.7,0,corps,21.074987258190056,1.9678
4882,25,321,12.84,12.4,0,corps,21.066451898578688,3.4066
4883,15,246,16.40,8.0,0,corps,21.057920805580377,1.1486
4884,5,56,11.20,3.6,0,corps,21.049393977062355,1.5440
4885,27,329,12.19,13.3,0,corps,21.040871410892926,1.8299
4886,3,64,21.33,2.7,0,corps,21.03235310494143,1.5448
4887,15,260,17.33,8.0,0,corps,21.023839057078305,1.4336
4888,8,118,14.75,4.9,0,corps,21.015329265175026,1.3772
4889,13,173,13.31,7.1,0,corps,21.006823727104155,1.6687
4890,12,165,13.75,6.7,0,corps,20.998322440739305,1.4857
4891,6,46,7.67,4.0,0,corps,20.98982540395515,2.3986
4892,25,366,14.64,12.4,0,corps,20.981332614627437,3.2102
4893,7,119,17.00,4.4,0,corps,20.972844070632966,5.1471
4894,15,225,15.00,8.0,0,corps,20.9643597698496,2.8056
4895,16,225,14.06,8.4,0,corps,20.955879710156275,2.5590
4896,22,278,12.64,11.1,0,corps,20.94740388943295,2.5080
4897,7,110,15.71,4.4,0,corps,20.93893230556069,1.9427
4898,30,449,14.97,14.7,0,corps,20.930464956421606,2.1264
4899,9,78,8.67,5.3,0,corps,20.922001839898837,2.7656
4900,18,224,12.44,9.3,0,corps,20.913542953876618,5.6052
4901,14,190,13.57,7.6,0,corps,20.905088296240233,1.3268
4902,20,239,11.95,10.2,0,corps,20.896637864876,2.1139
4903,16,236,14.75,8.4,0,corps,20.88819165767133,4.5738
4904,18,221,12.28,9.3,0,corps,20.879749672514656,1.4285
4905,11,108,9.82,6.2,0,corps,20.87131190729549,1.5447
4906,14,186,13.29,7.6,0,corps,20.862878359904393,1.3471
4907,3,55,18.33,2.7,0,corps,20.854449028232967,0.8974
4908,12,156,13.00,6.7,0,corps,20.846023910173884,1.1554
4909,7,70,10.00,4.4,0,corps,20.837603003620874,1.3255
4910,13,130,10.00,7.1,0,corps,20.8291863064687,4.0794
4911,6,75,12.50,4.0,0,corps,20.82077381661319,1.2732
4912,21,248,11.81,10.7,0,corps,20.812365531951222,1.8525
4913,11,137,12.45,6.2,0,corps,20.803961450380722,1.2386
4914,27,351,13.00,13.3,0,corps,20.79556156980068,1.2715
4915,14,163,11.64,7.6,0,corps,20.787165888111105,1.4163
4916,16,179,11.19,8.4,0,corps,20.778774403213095,1.2817
4917,26,370,14.23,12.9,0,corps,20.77038711300878,1.2691
4918,18,246,13.67,9.3,0,corps,20.762004015401324,1.4154
4919,8,110,13.75,4.9,0,corps,20.753625108294962,1.4601
4920,24,310,12.92,12.0,0,corps,20.745250389594965,4.6108
4921,10,181,18.10,5.8,0,corps,20.736879857207644,1.0428
4922,8,104,13.00,4.9,0,corps,20.728513509040386,3.7890
4923,9,73,8.11,5.3,0,corps,20.720151343001582,1.6879
4924,21,266,12.67,10.7,0,corps,20.71179335700071,1.5117
4925,26,341,13.12,12.9,0,corps,20.70343954894826,1.2013
4926,31,467,15.06,15.1,0,corps,20.695089916755784,1.9993
4927,11,171,15.55,6.2,0,corps,20.68674445833588,1.0352
4928,17,205,12.06,8.9,0,corps,20.678403171602167,1.5173
4929,16,169,10.56,8.4,0,corps,20.670066054469334,1.4440
4930,10,97,9.70,5.8,0,corps,20.661733104853113,8.1406
4931,26,386,14.85,12.9,0,corps,20.653404320670248,2.0606
4932,12,156,13.00,6.7,0,corps,20.645079699838544,1.6765
4933,16,133,8.31,8.4,0,corps,20.636759240276866,4.5830
4934,14,140,10.00,7.6,0,corps,20.628442939905074,3.2211
4935,2,30,15.00,2.2,0,corps,20.62013079664411,1.1828
4936,15,191,12.73,8.0,0,corps,20.611822808415926,3.8475
4937,7,104,14.86,4.4,0,corps,20.60351897314353,1.1949
4938,20,282,14.10,10.2,0,corps,20.59521928875097,1.2904
4939,15,195,13.00,8.0,0,corps,20.586923753163315,1.4532
4940,20,237,11.85,10.2,0,corps,20.578632364306678,1.7433
4941,5,68,13.60,3.6,0,corps,20.570345120108232,1.5631
4942,24,353,14.71,12.0,0,corps,20.562062018496142,1.9080
4943,26,326,12.54,12.9,0,corps,20.553783057399652,2.4416
4944,18,225,12.50,9.3,0,corps,20.545508234749,3.8816
4945,5,89,17.80,3.6,0,corps,20.537237548475503,1.2176
4946,7,124,17.71,4.4,0,corps,20.52897099651148,3.7911
4947,14,139,9.93,7.6,0,corps,20.520708576790284,3.6405
4948,28,357,12.75,13.8,0,corps,20.51245028724632,1.8643
4949,5,51,10.20,3.6,0,corps,20.504196125815017,1.9933
4950,12,127,10.58,6.7,0,corps,20.49594609043283,3.1739
4951,16,270,16.88,8.4,0,corps,20.48770017903726,3.1325
4952,20,233,11.65,10.2,0,corps,20.47945838956681,3.5078
4953,14,180,12.86,7.6,0,corps,20.471220719961043,1.8951
4954,2,19,9.50,2.2,0,corps,20.46298716816055,1.0485
4955,16,265,16.56,8.4,0,corps,20.454757732106927,1.5819
4956,15,181,12.07,8.0,0,corps,20.446532409742822,1.6095
4957,15,175,11.67,8.0,0,corps,20.438311199011913,1.5503
4958,25,367,14.68,12.4,0,corps,20.43009409785888,1.4984
4959,2,54,27.00,2.2,0,corps,20.421881104229467,1.0508
4960,16,212,13.25,8.4,0,corps,20.41367221607041,1.1483
4961,26,320,12.31,12.9,0,corps,20.40546743132949,3.1843
4962,17,174,10.24,8.9,0,corps,20.39726674795552,1.8232
4963,16,192,12.00,8.4,0,corps,20.389070163898314,1.3105
4964,19,348,18.32,9.8,0,corps,20.380877677108735,1.9918
4965,10,104,10.40,5.8,0,corps,20.372689285538673,7.0867
4966,11,146,13.27,6.2,0,corps,20.364504987141007,4.2431
4967,20,266,13.30,10.2,0,corps,20.356324779869677,1.7178
4968,21,216,10.29,10.7,0,corps,20.348148661679623,1.7453
4969,3,60,20.00,2.7,0,corps,20.33997663052682,0.7541
4970,24,328,13.67,12.0,0,corps,20.33180868436827,1.6173
4971,17,200,11.76,8.9,0,corps,20.323644821161963,1.4000
4972,17,221,13.00,8.9,0,corps,20.315485038866946,2.5643
4973,13,130,10.00,7.1,0,corps,20.307329335443285,3.5288
4974,20,318,15.90,10.2,0,corps,20.299177708852035,1.3285
4975,11,159,14.45,6.2,0,corps,20.291030157055303,1.2034
4976,20,278,13.90,10.2,0,corps,20.282886678016187,1.6514
4977,11,130,11.82,6.2,0,corps,20.274747269698825,1.3770
4978,19,279,14.68,9.8,0,corps,20.266611930068375,2.8756
4979,10,132,13.20,5.8,0,corps,20.25848065709098,1.9419
4980,4,37,9.25,3.1,0,corps,20.250353448733843,1.8090
4981,12,130,10.83,6.7,0,corps,20.242230302965154,2.2956
4982,8,114,14.25,4.9,0,corps,20.23411121775412,3.6419
4983,16,268,16.75,8.4,0,corps,20.22599619107098,3.0209
4984,12,177,14.75,6.7,0,corps,20.21788522088697,1.5842
4985,3,47,15.67,2.7,0,corps,20.209778305174343,1.8124
4986,18,235,13.06,9.3,0,corps,20.20167544190639,3.2603
4987,8,109,13.62,4.9,0,corps,20.193576629057368,1.5273
4988,9,82,9.11,5.3,0,corps,20.185481864602593,2.7896
4989,3,32,10.67,2.7,0,corps,20.17739114651837,2.2782
4990,13,181,13.92,7.1,0,corps,20.169304472782017,1.6948
4991,16,260,16.25,8.4,0,corps,20.16122184137187,2.1867
4992,9,123,13.67,5.3,0,corps,20.153143250267263,1.4155
4993,12,189,15.75,6.7,0,corps,20.14506869744855,2.5376
4994,20,227,11.35,10.2,0,corps,20.136998180897105,3.8981
4995,23,370,16.09,11.6,0,corps,20.12893169859528,1.7741
4996,23,313,13.61,11.6,0,corps,20.120869248526464,2.5744
4997,3,32,10.67,2.7,0,corps,20.112810828675055,2.1720
4998,17,266,15.65,8.9,0,corps,20.104756437026424,2.6903
4999,3,35,11.67,2.7,0,corps,20.096706071567,2.2160
5000,14,195,13.93,7.6,0,corps,20.088659730284164,1.5926
5001,3,68,22.67,2.7,0,corps,20.080617411166347,0.9019
5002,12,167,13.92,6.7,0,corps,20.072579112202973,1.1413
5003,25,342,13.68,12.4,0,corps,20.064544831384456,1.7306
5004,26,327,12.58,12.9,0,corps,20.056514566702237,3.4035
5005,13,183,14.08,7.1,0,corps,20.04848831614873,1.9310
5006,17,216,12.71,8.9,0,corps,20.040466077717394,3.4391
5007,6,49,8.17,4.0,0,corps,20.032447849402665,1.6788
5008,6,105,17.50,4.0,0,corps,20.024433629199976,1.0698
5009,24,290,12.08,12.0,0,corps,20.016423415105773,1.4330
5010,9,114,12.67,5.3,0,corps,20.008417205117517,1.3843
5011,21,294,14.00,10.7,0,corps,20.000414997233644,2.1615
5012,16,194,12.12,8.4,0,corps,19.992416789453603,1.3482
5013,4,80,20.00,3.1,0,corps,19.98442257977784,0.9260
5014,8,84,10.50,4.9,0,corps,19.976432366207803,6.5076
5015,19,269,14.16,9.8,0,corps,19.96844614674595,2.3000
5016,13,144,11.08,7.1,0,corps,19.960463919395707,1.6440
5017,28,447,15.96,13.8,0,corps,19.952485682161527,1.7390
5018,18,258,14.33,9.3,0,corps,19.944511433048863,1.3455
5019,19,196,10.32,9.8,0,corps,19.936541170064128,3.9471
5020,18,243,13.50,9.3,0,corps,19.928574891214772,2.2707
5021,21,293,13.95,10.7,0,corps,19.920612594509223,1.6778
5022,16,169,10.56,8.4,0,corps,19.9126542779569,1.4482
5023,9,131,14.56,5.3,0,corps,19.90469993956824,1.3779
5024,12,127,10.58,6.7,0,corps,19.89674957735464,2.4974
5025,7,93,13.29,4.4,0,corps,19.888803189328513,6.9418
5026,17,191,11.24,8.9,0,corps,19.88086077350328,5.3381
5027,4,50,12.50,3.1,0,corps,19.87292232789331,1.4598
5028,18,231,12.83,9.3,0,corps,19.864987850514016,3.6974
5029,8,76,9.50,4.9,0,corps,19.857057339381758,2.2231
5030,6,70,11.67,4.0,0,corps,19.849130792513918,1.1918
5031,3,40,13.33,2.7,0,corps,19.841208207928865,0.9820
5032,6,65,10.83,4.0,0,corps,19.833289583645943,1.4935
5033,10,91,9.10,5.8,0,corps,19.825374917685494,7.2902
5034,25,300,12.00,12.4,0,corps,19.817464208068866,4.6809
5035,15,233,15.53,8.0,0,corps,19.809557452818368,3.1915
5036,11,145,13.18,6.2,0,corps,19.801654649957317,1.2826
5037,33,432,13.09,16.0,0,corps,19.793755797510006,2.4772
5038,18,280,15.56,9.3,0,corps,19.78586089350173,2.4374
5039,23,355,15.43,11.6,0,corps,19.777969935958765,1.2667
5040,23,304,13.22,11.6,0,corps,19.770082922908358,5.9210
5041,7,102,14.57,4.4,0,corps,19.762199852378764,1.9123
5042,15,169,11.27,8.0,0,corps,19.75432072239922,3.7135
5043,3,32,10.67,2.7,0,corps,19.74644553099994,1.8059
5044,15,227,15.13,8.0,0,corps,19.73857427621212,1.3319
5045,4,69,17.25,3.1,0,corps,19.73070695606795,1.3337
5046,2,22,11.00,2.2,0,corps,19.722843568600602,1.6007
5047,11,109,9.91,6.2,0,corps,19.714984111844235,1.8477
5048,9,91,10.11,5.3,0,corps,19.70712858383397,1.2523
5049,13,131,10.08,7.1,0,corps,19.69927698260593,2.5307
5050,15,203,13.53,8.0,0,corps,19.69142930619723,2.5046
5051,3,91,30.33,2.7,0,corps,19.683585552645926,0.6878
5052,6,101,16.83,4.0,0,corps,19.6757457199911,1.2531
5053,16,171,10.69,8.4,0,corps,19.667909806272778,2.3129
5054,13,140,10.77,7.1,0,corps,19.66007780953199,5.6772
5055,9,114,12.67,5.3,0,corps,19.652249727810748,1.7176
5056,12,122,10.17,6.7,0,corps,19.64442555915201,5.5025
5057,17,225,13.24,8.9,0,corps,19.636605301599737,1.8277
5058,18,264,14.67,9.3,0,corps,19.628788953198885,5.6085
5059,9,132,14.67,5.3,0,corps,19.62097651199534,2.0744
5060,23,396,17.22,11.6,0,corps,19.613167976036017,2.6655
5061,20,258,12.90,10.2,0,corps,19.605363343368758,1.4591
5062,30,358,11.93,14.7,0,corps,19.597562612042417,2.5776
5063,6,67,11.17,4.0,0,corps,19.58976578010682,8.4076
5064,4,99,24.75,3.1,0,corps,19.581972845612743,0.9172
5065,24,289,12.04,12.0,0,corps,19.574183806611952,2.6904
5066,12,151,12.58,6.7,0,corps,19.566398661157205,1.4773
5067,19,211,11.11,9.8,0,corps,19.558617407302197,1.9910
5068,23,178,7.74,11.6,0,corps,19.55084004310163,5.4824
5069,25,404,16.16,12.4,0,corps,19.54306656661115,1.5649
5070,24,354,14.75,12.0,0,corps,19.535296975887384,1.6711
5071,26,333,12.81,12.9,0,corps,19.527531268987957,1.7469
5072,4,44,11.00,3.1,0,corps,19.51976944397142,1.5043
5073,7,105,15.00,4.4,0,corps,19.512011498897323,1.0780
5074,22,367,16.68,11.1,0,corps,19.50425743182619,2.3808
5075,20,224,11.20,10.2,0,corps,19.496507240819486,2.4059
5076,17,250,14.71,8.9,0,corps,19.488760923939683,1.3562
5077,21,335,15.95,10.7,0,corps,19.481018479250185,1.3423
5078,25,329,13.16,12.4,0,corps,19.473279904815385,4.8464
5079,18,336,18.67,9.3,0,corps,19.465545198700653,2.0859
5080,37,780,21.08,17.8,0,corps,19.45781435897229,1.4884
5081,11,149,13.55,6.2,0,corps,19.450087383697596,1.6227
5082,27,348,12.89,13.3,0,corps,19.44236427094484,2.0514
5083,8,95,11.88,4.9,0,corps,19.434645018783222,1.9666
5084,18,288,16.00,9.3,0,corps,19.426929625282945,3.0501
5085,32,411,12.84,15.6,0,corps,19.41921808851515,3.4163
5086,4,63,15.75,3.1,0,corps,19.41151040655196,1.6314
5087,2,16,8.00,2.2,0,corps,19.403806577466458,2.3476
5088,9,89,9.89,5.3,0,corps,19.396106599332672,6.0777
5089,8,100,12.50,4.9,0,corps,19.388410470225615,6.6384
5090,9,132,14.67,5.3,0,corps,19.380718188221262,1.5792
5091,23,304,13.22,11.6,0,corps,19.37302975139653,1.9161
5092,18,234,13.00,9.3,0,corps,19.365345157829324,1.9408
5093,9,67,7.44,5.3,0,corps,19.35766440559848,2.4528
5094,10,147,14.70,5.8,0,corps,19.349987492783818,6.3575
5095,25,334,13.36,12.4,0,corps,19.342314417466117,2.5288
5096,21,259,12.33,10.7,0,corps,19.33464517772709,2.7215
5097,5,62,12.40,3.6,0,corps,19.326979771649437,2.0028
5098,5,69,13.80,3.6,0,corps,19.31931819731682,1.6402
5099,22,280,12.73,11.1,0,corps,19.31166045281382,3.4228
5100,16,231,14.44,8.4,0,corps,19.30400653622602,1.5692
5101,24,335,13.96,12.0,0,corps,19.29635644563993,1.4298
5102,26,362,13.92,12.9,0,corps,19.288710179143028,1.0250
5103,8,94,11.75,4.9,0,corps,19.281067734823758,1.1472
5104,23,281,12.22,11.6,0,corps,19.273429110771495,1.1741
5105,22,262,11.91,11.1,0,corps,19.26579430507659,3.3728
5106,15,237,15.80,8.0,0,corps,19.258163315830345,1.0007
5107,12,146,12.17,6.7,0,corps,19.250536141125004,1.0721
5108,10,178,17.80,5.8,0,corps,19.242912779053782,3.5811
5109,22,294,13.36,11.1,0,corps,19.23529322771083,2.8537
5110,17,331,19.47,8.9,0,corps,19.227677485191265,1.0666
5111,7,96,13.71,4.4,0,corps,19.220065549591155,1.4477
5112,12,192,16.00,6.7,0,corps,19.212457419007503,1.0637
5113,25,331,13.24,12.4,0,corps,19.20485309153829,1.2322
5114,12,141,11.75,6.7,0,corps,19.197252565282433,1.6920
5115,26,334,12.85,12.9,0,corps,19.189655838339785,2.0851
5116,24,306,12.75,12.0,0,corps,19.18206290881119,2.5657
5117,13,134,10.31,7.1,0,corps,19.174473774798393,1.9280
5118,21,302,14.38,10.7,0,corps,19.166888434404118,1.0798
5119,25,343,13.72,12.4,0,corps,19.159306885732036,1.2397
5120,20,226,11.30,10.2,0,corps,19.15172912688675,1.3278
5121,3,30,10.00,2.7,0,corps,19.144155155973824,1.5761
5122,29,386,13.31,14.2,0,corps,19.136584971099772,2.6218
5123,15,157,10.47,8.0,0,corps,19.129018570372036,1.4457
5124,3,30,10.00,2.7,0,corps,19.121455951899023,1.1397
5125,13,183,14.08,7.1,0,corps,19.113897113790077,1.3193
5126,14,169,12.07,7.6,0,corps,19.106342054155483,2.9299
5127,22,344,15.64,11.1,0,corps,19.09879077110649,3.2849
5128,10,83,8.30,5.8,0,corps,19.091243262755263,4.4579
5129,8,152,19.00,4.9,0,corps,19.083699527214936,1.0479
5130,20,285,14.25,10.2,0,corps,19.076159562599564,1.6206
5131,6,59,9.83,4.0,0,corps,19.068623367024156,1.2237
5132,20,263,13.15,10.2,0,corps,19.06109093860468,1.6954
5133,19,224,11.79,9.8,0,corps,19.05356227545801,2.9176
5134,18,230,12.78,9.3,0,corps,19.046037375701985,1.4209
5135,14,162,11.57,7.6,0,corps,19.03851623745539,1.7054
5136,28,308,11.00,13.8,0,corps,19.03099885883793,1.7196
5137,14,187,13.36,7.6,0,corps,19.023485237970263,1.5628
5138,20,260,13.00,10.2,0,corps,19.01597537297398,2.9170
5139,5,75,15.00,3.6,0,corps,19.00846926197162,1.0037
5140,5,71,14.20,3.6,0,corps,19.000966903086656,1.2698
5141,10,119,11.90,5.8,0,corps,18.993468294443492,5.5980
5142,18,241,13.39,9.3,0,corps,18.98597343416748,1.5952
5143,7,79,11.29,4.4,0,corps,18.97848232038491,1.8191
5144,10,117,11.70,5.8,0,corps,18.970994951222995,1.4581
5145,14,258,18.43,7.6,0,corps,18.9635113248099,1.3085
5146,2,39,19.50,2.2,0,corps,18.956031439274707,0.9294
5147,15,172,11.47,8.0,0,corps,18.94855529274745,1.8289
5148,25,359,14.36,12.4,0,corps,18.941082883359105,2.5332
5149,27,355,13.15,13.3,0,corps,18.933614209241547,3.9474
5150,16,197,12.31,8.4,0,corps,18.926149268527624,3.2942
5151,7,137,19.57,4.4,0,corps,18.918688059351098,1.2508
5152,10,102,10.20,5.8,0,corps,18.91123057984666,2.3994
5153,14,188,13.43,7.6,0,corps,18.903776828149955,3.8501
5154,12,111,9.25,6.7,0,corps,18.896326802397525,7.6095
5155,22,262,11.91,11.1,0,corps,18.88888050072687,1.9361
5156,12,148,12.33,6.7,0,corps,18.88143792127643,3.8460
5157,18,289,16.06,9.3,0,corps,18.873999062185536,3.5439
5158,13,176,13.54,7.1,0,corps,18.866563921594487,1.5822
5159,15,188,12.53,8.0,0,corps,18.859132497644502,2.9859
5160,28,414,14.79,13.8,0,corps,18.851704788477715,1.5808
5161,10,92,9.20,5.8,0,corps,18.844280792237207,1.6894
5162,17,203,11.94,8.9,0,corps,18.836860507066966,1.6281
5163,9,134,14.89,5.3,0,corps,18.829443931111932,1.2856
5164,9,122,13.56,5.3,0,corps,18.822031062517965,4.4477
5165,4,66,16.50,3.1,0,corps,18.81462189943183,1.0622
5166,13,138,10.62,7.1,0,corps,18.807216440001252,1.6189
5167,8,99,12.38,4.9,0,corps,18.799814682374862,1.7610
5168,6,75,12.50,4.0,0,corps,18.79241662470222,1.3379
5169,20,285,14.25,10.2,0,corps,18.785022265133815,1.3547
5170,5,73,14.60,3.6,0,corps,18.777631601821042,1.2778
5171,17,190,11.18,8.9,0,corps,18.77024463291625,3.3449
5172,19,295,15.53,9.8,0,corps,18.762861356572703,1.7746
5173,23,230,10.00,11.6,0,corps,18.755481770944563,3.6171
5174,9,116,12.89,5.3,0,corps,18.74810587418694,1.3358
5175,19,215,11.32,9.8,0,corps,18.74073366445587,4.8838
5176,15,182,12.13,8.0,0,corps,18.73336513990829,3.2900
5177,19,233,12.26,9.8,0,corps,18.726000298702075,1.4611
5178,13,167,12.85,7.1,0,corps,18.718639138996004,2.0453
5179,10,141,14.10,5.8,0,corps,18.711281658949797,1.2517
5180,18,245,13.61,9.3,0,corps,18.703927856724086,1.8912
5181,12,129,10.75,6.7,0,corps,18.69657773048041,1.6015
5182,19,281,14.79,9.8,0,corps,18.689231278381243,2.1288
5183,6,47,7.83,4.0,0,corps,18.68188849858998,2.6039
5184,6,72,12.00,4.0,0,corps,18.67454938927091,1.2991
5185,19,257,13.53,9.8,0,corps,18.66721394858927,3.0330
5186,4,84,21.00,3.1,0,corps,18.65988217471119,1.3789
5187,15,186,12.40,8.0,0,corps,18.652554065803727,1.4141
5188,5,60,12.00,3.6,0,corps,18.645229620034865,1.6176
5189,25,288,11.52,12.4,0,corps,18.637908835573473,4.6011
5190,12,205,17.08,6.7,0,corps,18.63059171058937,2.8567
5191,7,102,14.57,4.4,0,corps,18.62327824325328,3.5816
5192,20,285,14.25,10.2,0,corps,18.615968431736817,2.0587
5193,21,204,9.71,10.7,0,corps,18.60866227421255,1.4436
5194,10,160,16.00,5.8,0,corps,18.60135976885391,2.2901
5195,7,96,13.71,4.4,0,corps,18.594060913835296,1.5474
5196,26,282,10.85,12.9,0,corps,18.586765707331992,5.6917
5197,29,416,14.34,14.2,0,corps,18.579474147520187,2.0911
5198,29,423,14.59,14.2,0,corps,18.57218623257699,1.8179
5199,15,173,11.53,8.0,0,corps,18.564901960680437,1.8343
5200,11,138,12.55,6.2,0,corps,18.55762133000944,1.2369
5201,5,61,12.20,3.6,0,corps,18.55034433874386,1.6751
5202,11,116,10.55,6.2,0,corps,18.543070985064432,5.3943
5203,12,142,11.83,6.7,0,corps,18.53580126715283,1.8935
5204,26,291,11.19,12.9,0,corps,18.52853518319162,1.6484
5205,21,294,14.00,10.7,0,corps,18.521272731364284,3.3700
5206,23,314,13.65,11.6,0,corps,18.5140139098552,3.2400
5207,15,226,15.07,8.0,0,corps,18.506758716849678,1.3148
5208,8,133,16.62,4.9,0,corps,18.499507150533905,1.0367
5209,38,468,12.32,18.2,0,corps,18.492259209095,3.1105
5210,12,130,10.83,6.7,0,corps,18.485014890720965,1.3815
5211,9,139,15.44,5.3,0,corps,18.477774193600734,3.0132
5212,36,429,11.92,17.3,0,corps,18.470537115924127,2.8894
5213,22,282,12.82,11.1,0,corps,18.463303655881873,1.8402
5214,7,119,17.00,4.4,0,corps,18.4560738116656,1.1126
5215,16,231,14.44,8.4,0,corps,18.44884758146787,1.6470
5216,17,218,12.82,8.9,0,corps,18.441624963482102,2.9560
5217,8,119,14.88,4.9,0,corps,18.43440595590266,5.4104
5218,6,71,11.83,4.0,0,corps,18.427190556924767,1.8273
5219,19,224,11.79,9.8,0,corps,18.41997876474459,1.7013
5220,21,238,11.33,10.7,0,corps,18.412770577559193,3.4240
5221,22,265,12.05,11.1,0,corps,18.4055659935665,1.4689
5222,30,367,12.23,14.7,0,corps,18.398365010965385,2.1421
5223,17,208,12.24,8.9,0,corps,18.391167627955607,3.6055
5224,21,273,13.00,10.7,0,corps,18.383973842737802,1.5985
5225,18,203,11.28,9.3,0,corps,18.37678365351354,1.6217
5226,10,114,11.40,5.8,0,corps,18.369597058485258,1.5662
5227,33,437,13.24,16.0,0,corps,18.362414055856316,2.6486
5228,22,302,13.73,11.1,0,corps,18.35523464383097,3.6340
5229,16,207,12.94,8.4,0,corps,18.34805882061435,2.7973
5230,3,40,13.33,2.7,0,corps,18.340886584412512,0.9679
5231,16,194,12.12,8.4,0,corps,18.333717933432403,1.7125
5232,25,293,11.72,12.4,0,corps,18.326552865881844,3.2717
5233,15,188,12.53,8.0,0,corps,18.31939137996958,2.6114
5234,30,463,15.43,14.7,0,corps,18.312233473905234,2.4427
5235,14,193,13.79,7.6,0,corps,18.30507914589933,1.5350
5236,11,131,11.91,6.2,0,corps,18.297928394163293,1.2803
5237,11,172,15.64,6.2,0,corps,18.290781216909423,1.0130
5238,14,227,16.21,7.6,0,corps,18.28363761235093,2.8865
5239,14,186,13.29,7.6,0,corps,18.27649757870192,1.2515
5240,31,395,12.74,15.1,0,corps,18.269361114177375,3.2943
5241,25,351,14.04,12.4,0,corps,18.26222821699319,1.5897
5242,5,50,10.00,3.6,0,corps,18.255098885366124,2.3148
5243,11,160,14.55,6.2,0,corps,18.247973117513855,1.2148
5244,13,147,11.31,7.1,0,corps,18.240850911654945,1.4828
5245,16,174,10.88,8.4,0,corps,18.233732266008833,1.4411
5246,17,247,14.53,8.9,0,corps,18.226617178795863,1.3700
5247,22,275,12.50,11.1,0,corps,18.219505648237263,2.3806
5248,21,238,11.33,10.7,0,corps,18.212397672555145,2.6182
5249,12,122,10.17,6.7,0,corps,18.205293249972527,5.1241
5250,25,359,14.36,12.4,0,corps,18.198192378713284,2.9472
5251,12,163,13.58,6.7,0,corps,18.191095057002215,1.6444
5252,23,348,15.13,11.6,0,corps,18.18400128306499,2.1334
5253,26,342,13.15,12.9,0,corps,18.17691105512815,1.4797
5254,18,220,12.22,9.3,0,corps,18.169824371419157,2.8109
5255,16,225,14.06,8.4,0,corps,18.162741230166326,1.4684
5256,20,246,12.30,10.2,0,corps,18.155661629598875,2.5660
5257,3,46,15.33,2.7,0,corps,18.14858556794691,1.1635
5258,13,186,14.31,7.1,0,corps,18.141513043441403,3.9130
5259,20,232,11.60,10.2,0,corps,18.134444054314233,1.9161
5260,35,501,14.31,16.9,0,corps,18.127378598798156,2.4160
5261,10,117,11.70,5.8,0,corps,18.120316675126798,4.8069
5262,21,326,15.52,10.7,0,corps,18.113258281534687,1.5429
5263,10,150,15.00,5.8,0,corps,18.10620341625721,1.4449
5264,10,111,11.10,5.8,0,corps,18.099152077530665,1.5307
5265,21,260,12.38,10.7,0,corps,18.09210426359222,1.9222
5266,21,216,10.29,10.7,0,corps,18.0850599726799,1.6335
5267,15,158,10.53,8.0,0,corps,18.078019203032657,1.5965
5268,7,83,11.86,4.4,0,corps,18.07098195289029,1.4877
5269,25,323,12.92,12.4,0,corps,18.063948220493476,2.8916
5270,11,139,12.64,6.2,0,corps,18.056918004083798,4.8676
5271,23,304,13.22,11.6,0,corps,18.049891301903685,1.5008
5272,4,42,10.50,3.1,0,corps,18.042868112196476,1.8376
5273,19,189,9.95,9.8,0,corps,18.035848433206375,1.7850
5274,11,120,10.91,6.2,0,corps,18.028832263178447,1.5961
5275,17,215,12.65,8.9,0,corps,18.021819600358654,1.7033
5276,8,91,11.38,4.9,0,corps,18.014810442993845,1.2573
5277,34,433,12.74,16.4,0,corps,18.007804789331715,3.4379
5278,6,45,7.50,4.0,0,corps,18.000802637620858,2.2885
5279,15,190,12.67,8.0,0,corps,17.993803986110727,1.4639
5280,20,233,11.65,10.2,0,corps,17.98680883305167,3.4145
5281,7,105,15.00,4.4,0,corps,17.979817176694894,1.3674
5282,17,200,11.76,8.9,0,corps,17.97282901529248,1.9177
5283,11,105,9.55,6.2,0,corps,17.965844347097395,2.0271
5284,6,56,9.33,4.0,0,corps,17.958863170363475,10.1726
5285,24,376,15.67,12.0,0,corps,17.95188548334541,2.3222
5286,18,179,9.94,9.3,0,corps,17.944911284298804,2.4167
5287,10,134,13.40,5.8,0,corps,17.93794057148008,1.4459
5288,13,138,10.62,7.1,0,corps,17.93097334314657,1.4291
5289,10,108,10.80,5.8,0,corps,17.924009597556477,1.9415
5290,11,122,11.09,6.2,0,corps,17.917049332968848,1.6346
5291,27,325,12.04,13.3,0,corps,17.910092547643625,1.7542
5292,11,129,11.73,6.2,0,corps,17.903139239841618,3.4289
5293,20,262,13.10,10.2,0,corps,17.896189407824487,3.6070
5294,9,131,14.56,5.3,0,corps,17.889243049854787,1.1523
5295,2,22,11.00,2.2,0,corps,17.882300164195915,1.5950
5296,19,236,12.42,9.8,0,corps,17.875360749112158,1.5775
5297,10,87,8.70,5.8,0,corps,17.868424802868667,9.4678
5298,21,255,12.14,10.7,0,corps,17.86149232373144,2.2514
5299,9,121,13.44,5.3,0,corps,17.854563309967368,1.4380
5300,18,172,9.56,9.3,0,corps,17.8476377598442,3.6732
5301,18,229,12.72,9.3,0,corps,17.840715671630537,1.6656
5302,13,160,12.31,7.1,0,corps,17.833797043595876,3.5622
5303,18,244,13.56,9.3,0,corps,17.826881874010535,2.9043
5304,10,108,10.80,5.8,0,corps,17.81997016114574,2.1051
5305,14,208,14.86,7.6,0,corps,17.81306190327356,1.0535
5306,17,221,13.00,8.9,0,corps,17.806157098666926,3.4566
5307,17,353,20.76,8.9,0,corps,17.799255745599634,3.8787
5308,6,67,11.17,4.0,0,corps,17.792357842346355,1.6728
5309,10,195,19.50,5.8,0,corps,17.785463387182606,1.0192
5310,24,273,11.38,12.0,0,corps,17.77857237838478,1.7114
5311,15,193,12.87,8.0,0,corps,17.771684814230117,2.4277
5312,16,259,16.19,8.4,0,corps,17.764800692996726,1.5832
5313,17,288,16.94,8.9,0,corps,17.757920012963584,1.4021
5314,23,408,17.74,11.6,0,corps,17.751042772410518,2.4569
5315,20,221,11.05,10.2,0,corps,17.74416896961821,1.9229
5316,14,177,12.64,7.6,0,corps,17.737298602868226,1.7981
5317,15,222,14.80,8.0,0,corps,17.730431670442957,3.9051
5318,11,191,17.36,6.2,0,corps,17.723568170625683,3.4737
5319,9,106,11.78,5.3,0,corps,17.71670810170052,1.4553
5320,17,228,13.41,8.9,0,corps,17.70985146195245,4.1313
5321,17,306,18.00,8.9,0,corps,17.702998249667324,1.7143
5322,12,187,15.58,6.7,0,corps,17.696148463131824,1.8624
5323,27,353,13.07,13.3,0,corps,17.689302100633515,3.0583
5324,21,308,14.67,10.7,0,corps,17.682459160460805,3.6032
5325,26,330,12.69,12.9,0,corps,17.675619640902955,4.5734
5326,14,153,10.93,7.6,0,corps,17.668783540250086,4.1755
5327,25,393,15.72,12.4,0,corps,17.661950856793172,1.9388
5328,19,232,12.21,9.8,0,corps,17.65512158882404,1.8920
5329,22,290,13.18,11.1,0,corps,17.648295734635386,1.5164
5330,19,250,13.16,9.8,0,corps,17.641473292520725,1.7154
5331,23,342,14.87,11.6,0,corps,17.634654260774465,1.3318
5332,20,293,14.65,10.2,0,corps,17.627838637691845,1.5780
5333,10,130,13.00,5.8,0,corps,17.62102642156895,1.4353
5334,22,237,10.77,11.1,0,corps,17.614217610702735,5.4524
5335,16,305,19.06,8.4,0,corps,17.607412203390986,2.9151
5336,21,238,11.33,10.7,0,corps,17.60061019793236,2.7650
5337,21,294,14.00,10.7,0,corps,17.593811592626366,2.7511
5338,26,387,14.88,12.9,0,corps,17.587016385773328,3.4608
5339,24,298,12.42,12.0,0,corps,17.580224575674464,3.2030
5340,3,75,25.00,2.7,0,corps,17.573436160631815,0.8551
5341,16,258,16.12,8.4,0,corps,17.566651138948274,1.2124
5342,21,289,13.76,10.7,0,corps,17.55986950892759,1.5103
5343,25,288,11.52,12.4,0,corps,17.55309126887435,1.6531
5344,14,165,11.79,7.6,0,corps,17.546316417093998,2.6294
5345,8,99,12.38,4.9,0,corps,17.53954495189283,5.2015
5346,24,331,13.79,12.0,0,corps,17.532776871577962,1.8372
5347,3,50,16.67,2.7,0,corps,17.526012174457378,1.0510
5348,15,233,15.53,8.0,0,corps,17.51925085883992,2.0628
5349,12,164,13.67,6.7,0,corps,17.51249292303524,1.4206
5350,22,244,11.09,11.1,0,corps,17.505738365353867,2.4539
5351,28,362,12.93,13.8,0,corps,17.498987184107147,2.1891
5352,24,245,10.21,12.0,0,corps,17.492239377607298,1.8921
5353,13,166,12.77,7.1,0,corps,17.485494944167364,3.2024
5354,26,388,14.92,12.9,0,corps,17.478753882101238,1.5201
5355,11,186,16.91,6.2,0,corps,17.472016189723647,1.3019
5356,14,170,12.14,7.6,0,corps,17.46528186535018,4.5449
5357,18,210,11.67,9.3,0,corps,17.458550907297244,2.0393
5358,4,78,19.50,3.1,0,corps,17.45182331388211,1.2893
5359,10,106,10.60,5.8,0,corps,17.44509908342287,1.4041
5360,20,292,14.60,10.2,0,corps,17.43837821423847,1.2514
5361,12,136,11.33,6.7,0,corps,17.431660704648703,4.9369
5362,20,299,14.95,10.2,0,corps,17.42494655297417,1.8659
5363,12,179,14.92,6.7,0,corps,17.418235757536348,2.6032
5364,3,32,10.67,2.7,0,corps,17.41152831665754,1.7021
5365,24,297,12.38,12.0,0,corps,17.40482422866088,1.7788
5366,17,196,11.53,8.9,0,corps,17.39812349187035,1.6908
5367,9,139,15.44,5.3,0,corps,17.39142610461076,0.9404
5368,10,137,13.70,5.8,0,corps,17.384732065207757,1.2240
5369,4,45,11.25,3.1,0,corps,17.378041371987855,2.1964
5370,7,70,10.00,4.4,0,corps,17.371354023278354,1.6170
5371,12,183,15.25,6.7,0,corps,17.36467001740743,1.4704
5372,24,296,12.33,12.0,0,corps,17.357989352704088,1.5812
5373,15,177,11.80,8.0,0,corps,17.351312027498142,1.8423
5374,12,151,12.58,6.7,0,corps,17.344638040120284,1.5428
5375,22,238,10.82,11.1,0,corps,17.337967388901998,2.3087
5376,23,357,15.52,11.6,0,corps,17.33130007217563,1.3994
5377,33,379,11.48,16.0,0,corps,17.324636088274353,2.8277
5378,21,288,13.71,10.7,0,corps,17.317975435532166,4.3020
5379,39,675,17.31,18.7,0,corps,17.311318112283907,1.6683
5380,30,380,12.67,14.7,0,corps,17.304664116865244,3.4844
5381,15,196,13.07,8.0,0,corps,17.29801344761268,1.6384
5382,17,222,13.06,8.9,0,corps,17.29136610286355,1.2370
5383,3,65,21.67,2.7,0,corps,17.28472208095601,0.8456
5384,6,70,11.67,4.0,0,corps,17.278081380229057,1.4418
5385,25,333,13.32,12.4,0,corps,17.271443999022527,2.5719
5386,18,270,15.00,9.3,0,corps,17.264809935677057,1.4246
5387,5,56,11.20,3.6,0,corps,17.258179188534147,1.2471
5388,22,276,12.55,11.1,0,corps,17.251551755936102,2.7587
5389,21,221,10.52,10.7,0,corps,17.244927636226063,3.0368
5390,24,329,13.71,12.0,0,corps,17.238306827748005,2.1939
5391,34,488,14.35,16.4,0,corps,17.23168932884672,2.0720
5392,20,287,14.35,10.2,0,corps,17.225075137867833,2.7279
5393,15,239,15.93,8.0,0,corps,17.21846425315781,2.6891
5394,31,463,14.94,15.1,0,corps,17.21185667306391,1.5388
5395,29,463,15.97,14.2,0,corps,17.205252395934252,2.5182
5396,4,42,10.50,3.1,0,corps,17.198651420117756,1.2106
5397,16,329,20.56,8.4,0,corps,17.192053743964188,1.3878
5398,27,439,16.26,13.3,0,corps,17.185459365824123,1.2555
5399,12,122,10.17,6.7,0,corps,17.178868284048967,3.5373
5400,16,291,18.19,8.4,0,corps,17.17228049699095,1.9064
5401,11,174,15.82,6.2,0,corps,17.165696003003134,2.5221
5402,24,374,15.58,12.0,0,corps,17.15911480043938,2.0150
5403,20,212,10.60,10.2,0,corps,17.1525368876544,1.7460
5404,14,201,14.36,7.6,0,corps,17.145962263003707,3.6559
5405,18,244,13.56,9.3,0,corps,17.139390924843642,1.6563
5406,14,207,14.79,7.6,0,corps,17.132822871531385,2.6283
5407,15,158,10.53,8.0,0,corps,17.12625810142491,3.1062
5408,34,526,15.47,16.4,0,corps,17.119696612883033,3.5800
5409,23,346,15.04,11.6,0,corps,17.113138404265378,1.9181
5410,23,267,11.61,11.6,0,corps,17.106583473932385,1.5408
5411,28,388,13.86,13.8,0,corps,17.100031820245338,2.8761
5412,8,67,8.38,4.9,0,corps,17.093483441566306,1.3598
5413,15,199,13.27,8.0,0,corps,17.086938336258203,2.6182
5414,27,338,12.52,13.3,0,corps,17.080396502684764,2.6717
5415,22,334,15.18,11.1,0,corps,17.073857939210505,2.8155
5416,8,90,11.25,4.9,0,corps,17.067322644200804,1.8450
5417,25,319,12.76,12.4,0,corps,17.060790616021833,3.0196
5418,28,504,18.00,13.8,0,corps,17.054261853040583,2.5198
5419,18,253,14.06,9.3,0,corps,17.047736353624867,3.4019
5420,20,291,14.55,10.2,0,corps,17.041214116143305,1.1292
5421,26,406,15.62,12.9,0,corps,17.034695138965336,3.1476
5422,33,411,12.45,16.0,0,corps,17.028179420461225,2.4332
5423,21,256,12.19,10.7,0,corps,17.021666959002037,2.6796
5424,29,349,12.03,14.2,0,corps,17.01515775295965,1.8271
5425,3,51,17.00,2.7,0,corps,17.00865180070678,1.2064
5426,10,122,12.20,5.8,0,corps,17.00214910061692,1.3331
5427,2,33,16.50,2.2,0,corps,16.995649651064408,0.7592
5428,3,61,20.33,2.7,0,corps,16.98915345042437,0.8184
5429,16,175,10.94,8.4,0,corps,16.982660497072764,1.6192
5430,19,263,13.84,9.8,0,corps,16.976170789386355,2.2910
5431,23,309,13.43,11.6,0,corps,16.969684325742705,2.0964
5432,6,54,9.00,4.0,0,corps,16.963201104520206,1.4035
5433,17,228,13.41,8.9,0,corps,16.956721124098053,1.5881
5434,15,191,12.73,8.0,0,corps,16.950244382856244,1.9427
5435,2,19,9.50,2.2,0,corps,16.943770879175606,1.0313
5436,7,93,13.29,4.4,0,corps,16.937300611437745,4.8143
5437,12,216,18.00,6.7,0,corps,16.93083357802511,1.8575
5438,23,331,14.39,11.6,0,corps,16.924369777320937,2.7048
5439,17,223,13.12,8.9,0,corps,16.917909207709272,2.7087
5440,6,104,17.33,4.0,0,corps,16.91145186757498,0.7950
5441,13,178,13.69,7.1,0,corps,16.904997755303725,3.0777
5442,25,322,12.88,12.4,0,corps,16.89854686928197,3.0883
5443,30,454,15.13,14.7,0,corps,16.892099207897,3.5750
5444,17,210,12.35,8.9,0,corps,16.885654769536902,2.6434
5445,21,321,15.29,10.7,0,corps,16.879213552590556,1.7079
5446,15,176,11.73,8.0,0,corps,16.872775555447678,2.2674
5447,7,93,13.29,4.4,0,corps,16.86634077649875,1.0158
5448,18,268,14.89,9.3,0,corps,16.859909214135076,3.7176
5449,34,455,13.38,16.4,0,corps,16.853480866748786,3.1362
5450,12,138,11.50,6.7,0,corps,16.84705573273277,1.6134
5451,21,294,14.00,10.7,0,corps,16.84063381048076,1.4371
5452,14,150,10.71,7.6,0,corps,16.83421509838726,1.7171
5453,20,271,13.55,10.2,0,corps,16.827799594847605,1.7386
5454,21,286,13.62,10.7,0,corps,16.82138729825792,3.1202
5455,4,40,10.00,3.1,0,corps,16.81497820701513,1.6276
5456,19,220,11.58,9.8,0,corps,16.808572319516948,1.3590
5457,16,258,16.12,8.4,0,corps,16.802169634161924,2.3365
5458,12,181,15.08,6.7,0,corps,16.795770149349366,2.3615
5459,11,187,17.00,6.2,0,corps,16.78937386347942,1.1597
5460,18,218,12.11,9.3,0,corps,16.782980774952996,3.1568
5461,20,283,14.15,10.2,0,corps,16.776590882171835,1.8621
5462,25,320,12.80,12.4,0,corps,16.770204183538468,2.6967
5463,25,301,12.04,12.4,0,corps,16.763820677456202,2.8244
5464,14,127,9.07,7.6,0,corps,16.757440362329177,3.9465
5465,29,381,13.14,14.2,0,corps,16.75106323656232,3.1605
5466,22,315,14.32,11.1,0,corps,16.744689298561326,2.1615
5467,17,275,16.18,8.9,0,corps,16.73831854673273,3.6357
5468,17,208,12.24,8.9,0,corps,16.73195097948383,2.6567
5469,14,153,10.93,7.6,0,corps,16.725586595222744,2.9968
5470,21,339,16.14,10.7,0,corps,16.719225392358375,2.7880
5471,13,146,11.23,7.1,0,corps,16.71286736930042,2.3486
5472,7,102,14.57,4.4,0,corps,16.70651252445937,1.2762
5473,23,415,18.04,11.6,0,corps,16.700160856246523,2.2193
5474,19,241,12.68,9.8,0,corps,16.693812363073953,2.0897
5475,22,256,11.64,11.1,0,corps,16.68746704335454,1.8966
5476,31,429,13.84,15.1,0,corps,16.681124895501952,2.5078
5477,22,262,11.91,11.1,0,corps,16.674785917930652,3.5036
5478,9,127,14.11,5.3,0,corps,16.66845010905591,4.3921
5479,20,291,14.55,10.2,0,corps,16.66211746729375,1.5482
5480,27,441,16.33,13.3,0,corps,16.655787991061022,3.8086
5481,15,147,9.80,8.0,0,corps,16.649461678775364,2.3119
5482,13,166,12.77,7.1,0,corps,16.643138528855186,1.5615
5483,30,380,12.67,14.7,0,corps,16.636818539719712,2.7176
5484,8,94,11.75,4.9,0,corps,16.630501709788938,1.4744
5485,23,370,16.09,11.6,0,corps,16.62418803748365,3.1040
5486,14,195,13.93,7.6,0,corps,16.617877521225445,4.1745
5487,31,462,14.90,15.1,0,corps,16.61157015943668,2.7117
5488,25,300,12.00,12.4,0,corps,16.60526595054052,3.8902
5489,17,151,8.88,8.9,0,corps,16.59896489296092,2.5242
5490,24,290,12.08,12.0,0,corps,16.5926669851226,2.5174
5491,10,121,12.10,5.8,0,corps,16.586372225451107,4.3585
5492,24,304,12.67,12.0,0,corps,16.580080612372722,3.6135
5493,12,137,11.42,6.7,0,corps,16.57379214431456,4.7045
5494,13,212,16.31,7.1,0,corps,16.5675068197045,2.6655
5495,19,212,11.16,9.8,0,corps,16.56122463697121,3.5223
5496,25,397,15.88,12.4,0,corps,16.55494559454414,4.0958
5497,31,419,13.52,15.1,0,corps,16.548669690853544,2.4023
5498,14,231,16.50,7.6,0,corps,16.54239692433043,1.3042
5499,15,244,16.27,8.0,0,corps,16.536127293406615,2.7081
5500,20,300,15.00,10.2,0,corps,16.529860796514683,2.8904
5501,14,195,13.93,7.6,0,corps,16.523597432088017,1.5391
5502,11,153,13.91,6.2,0,corps,16.51733719856078,2.3622
5503,20,320,16.00,10.2,0,corps,16.5110800943679,1.6425
5504,27,325,12.04,13.3,0,corps,16.504826117945118,1.7525
5505,17,283,16.65,8.9,0,corps,16.498575267728928,1.1313
5506,7,70,10.00,4.4,0,corps,16.492327542156612,1.5173
5507,16,220,13.75,8.4,0,corps,16.486082939666254,3.8208
5508,12,209,17.42,6.7,0,corps,16.479841458696693,1.7599
5509,9,124,13.78,5.3,0,corps,16.473603097687562,5.6884
5510,20,277,13.85,10.2,0,corps,16.467367855079274,1.3362
5511,7,92,13.14,4.4,0,corps,16.46113572931301,1.6048
5512,17,212,12.47,8.9,0,corps,16.45490671883075,1.5009
5513,15,181,12.07,8.0,0,corps,16.448680822075225,1.5173
5514,6,106,17.67,4.0,0,corps,16.442458037489974,6.0565
5515,18,240,13.33,9.3,0,corps,16.4362383635193,3.2087
5516,25,380,15.20,12.4,0,corps,16.43002179860828,3.6516
5517,23,314,13.65,11.6,0,corps,16.42380834120277,3.0009
5518,24,326,13.58,12.0,0,corps,16.417597989749417,3.5730
5519,23,340,14.78,11.6,0,corps,16.411390742695627,2.5225
5520,17,191,11.24,8.9,0,corps,16.405186598489582,2.5646
5521,25,341,13.64,12.4,0,corps,16.398985555580254,1.6897
5522,10,117,11.70,5.8,0,corps,16.392787612417376,4.5570
5523,14,244,17.43,7.6,0,corps,16.38659276745147,2.7365
5524,17,208,12.24,8.9,0,corps,16.380401019133817,1.6660
5525,10,134,13.40,5.8,0,corps,16.37421236591648,4.3316
5526,19,282,14.84,9.8,0,corps,16.36802680625231,3.1568
5527,24,341,14.21,12.0,0,corps,16.361844338594896,2.3088
5528,24,270,11.25,12.0,0,corps,16.355664961398638,1.9896
5529,11,147,13.36,6.2,0,corps,16.34948867311868,2.0836
5530,16,281,17.56,8.4,0,corps,16.343315472210953,3.0570
5531,10,144,14.40,5.8,0,corps,16.337145357132165,4.5438
5532,27,363,13.44,13.3,0,corps,16.330978326339775,1.7933
5533,10,150,15.00,5.8,0,corps,16.324814378292032,2.5368
5534,17,227,13.35,8.9,0,corps,16.318653511447952,1.6278
5535,5,54,10.80,3.6,0,corps,16.312495724267308,1.3736
5536,2,34,17.00,2.2,0,corps,16.306341015210666,1.2733
5537,14,158,11.29,7.6,0,corps,16.300189382739333,4.2895
5538,13,233,17.92,7.1,0,corps,16.294040825315413,3.9869
5539,26,323,12.42,12.9,0,corps,16.287895341401768,3.2361
5540,11,203,18.45,6.2,0,corps,16.28175292946202,0.9269
5541,8,127,15.88,4.9,0,corps,16.275613587960564,0.8338
5542,14,187,13.36,7.6,0,corps,16.269477315362575,1.6048
5543,32,517,16.16,15.6,0,corps,16.263344110133975,3.0270
5544,13,190,14.62,7.1,0,corps,16.25721397074147,1.6352
5545,16,196,12.25,8.4,0,corps,16.251086895652517,2.6472
5546,11,172,15.64,6.2,0,corps,16.24496288333535,1.0082
5547,11,181,16.45,6.2,0,corps,16.238841932258975,3.1984
5548,8,116,14.50,4.9,0,corps,16.23272404089314,4.4694
5549,4,62,15.50,3.1,0,corps,16.226609207708382,1.3229
5550,26,299,11.50,12.9,0,corps,16.220497431175993,2.1904
5551,19,259,13.63,9.8,0,corps,16.21438870976802,1.5322
5552,4,47,11.75,3.1,0,corps,16.20828304195729,1.0071
5553,14,165,11.79,7.6,0,corps,16.202180426217385,3.2250
5554,5,77,15.40,3.6,0,corps,16.196080861022647,0.9000
5555,14,224,16.00,7.6,0,corps,16.18998434484819,0.9718
5556,17,363,21.35,8.9,0,corps,16.183890876169883,0.9673
5557,7,152,21.71,4.4,0,corps,16.177800453464357,0.8812
5558,31,528,17.03,15.1,0,corps,16.171713075209013,1.9913
5559,28,341,12.18,13.8,0,corps,16.165628739881996,2.9147
5560,18,279,15.50,9.3,0,corps,16.15954744596223,2.3984
5561,23,346,15.04,11.6,0,corps,16.153469191929386,1.3182
5562,27,337,12.48,13.3,0,corps,16.147393976263906,2.1863
5563,18,243,13.50,9.3,0,corps,16.141321797446984,2.6296
5564,8,139,17.38,4.9,0,corps,16.13525265396057,4.1900
5565,26,431,16.58,12.9,0,corps,16.129186544287382,3.5339
5566,19,253,13.32,9.8,0,corps,16.1231234669109,1.3684
5567,15,230,15.33,8.0,0,corps,16.117063420315343,1.2408
5568,17,219,12.88,8.9,0,corps,16.11100640298571,1.3559
5569,13,313,24.08,7.1,0,corps,16.104952413407734,0.7952
5570,15,216,14.40,8.0,0,corps,16.098901450067924,2.5821
5571,11,178,16.18,6.2,0,corps,16.092853511453544,1.0447
5572,6,93,15.50,4.0,0,corps,16.086808596052602,1.2974
5573,16,264,16.50,8.4,0,corps,16.08076670235387,1.3227
5574,15,225,15.00,8.0,0,corps,16.074727828846886,3.3503
5575,10,171,17.10,5.8,0,corps,16.068691974021913,1.0242
5576,24,416,17.33,12.0,0,corps,16.06265913637,2.5804
5577,15,182,12.13,8.0,0,corps,16.056629314382935,2.8872
5578,2,20,10.00,2.2,0,corps,16.050602506553254,2.1593
5579,3,48,16.00,2.7,0,corps,16.04457871137427,1.0995
5580,4,59,14.75,3.1,0,corps,16.038557927340026,1.2977
5581,7,87,12.43,4.4,0,corps,16.03254015294532,1.2791
5582,12,110,9.17,6.7,0,corps,16.026525386685726,2.1551
5583,8,124,15.50,4.9,0,corps,16.020513627057532,1.8063
5584,2,17,8.50,2.2,0,corps,16.014504872557815,1.6524
5585,12,150,12.50,6.7,0,corps,16.008499121684373,3.3880
5586,22,325,14.77,11.1,0,corps,16.00249637293577,2.3267
5587,8,139,17.38,4.9,0,corps,15.996496624811332,1.3362
5588,7,89,12.71,4.4,0,corps,15.990499875811107,1.7027
5589,7,100,14.29,4.4,0,corps,15.984506124435912,1.5146
5590,32,366,11.44,15.6,0,corps,15.978515369187319,2.3620
5591,16,255,15.94,8.4,0,corps,15.972527608567624,1.6607
5592,13,162,12.46,7.1,0,corps,15.966542841079898,3.9149
5593,14,180,12.86,7.6,0,corps,15.960561065227937,4.1991
5594,13,170,13.08,7.1,0,corps,15.954582279516307,3.2316
5595,18,198,11.00,9.3,0,corps,15.948606482450314,1.8707
5596,25,272,10.88,12.4,0,corps,15.942633672536,4.1786
5597,10,146,14.60,5.8,0,corps,15.936663848280167,1.3705
5598,29,373,12.86,14.2,0,corps,15.93069700819036,2.5611
5599,14,214,15.29,7.6,0,corps,15.924733150774864,1.2394
5600,25,294,11.76,12.4,0,corps,15.918772274542722,2.6334
5601,36,553,15.36,17.3,0,corps,15.912814378003706,1.9894
5602,19,247,13.00,9.8,0,corps,15.906859459668349,1.2352
5603,13,166,12.77,7.1,0,corps,15.900907518047921,1.6206
5604,16,199,12.44,8.4,0,corps,15.894958551654431,1.7685
5605,29,342,11.79,14.2,0,corps,15.88901255900064,3.0437
5606,6,106,17.67,4.0,0,corps,15.883069538600056,1.2321
5607,23,289,12.57,11.6,0,corps,15.877129488966911,2.9754
5608,30,360,12.00,14.7,0,corps,15.871192408616208,2.2831
5609,17,268,15.76,8.9,0,corps,15.865258296063663,1.9583
5610,22,218,9.91,11.1,0,corps,15.859327149825756,2.4421
5611,11,155,14.09,6.2,0,corps,15.853398968419702,1.6467
5612,21,289,13.76,10.7,0,corps,15.847473750363447,3.2425
5613,21,319,15.19,10.7,0,corps,15.84155149417569,1.9980
5614,22,351,15.95,11.1,0,corps,15.835632198375874,1.1204
5615,4,52,13.00,3.1,0,corps,15.829715861484164,1.3631
5616,18,188,10.44,9.3,0,corps,15.823802482021488,1.5979
5617,26,338,13.00,12.9,0,corps,15.817892058509486,3.0602
5618,18,243,13.50,9.3,0,corps,15.81198458947056,3.5840
5619,15,246,16.40,8.0,0,corps,15.80608007342785,1.8897
5620,13,237,18.23,7.1,0,corps,15.800178508905214,1.3295
5621,27,367,13.59,13.3,0,corps,15.794279894427268,1.9344
5622,17,239,14.06,8.9,0,corps,15.788384228519359,2.1919
5623,12,131,10.92,6.7,0,corps,15.782491509707567,1.3359
5624,25,376,15.04,12.4,0,corps,15.776601736518717,1.1697
5625,31,458,14.77,15.1,0,corps,15.770714907480357,3.1960
5626,25,305,12.20,12.4,0,corps,15.764831021120784,2.9500
5627,22,406,18.45,11.1,0,corps,15.758950075969036,1.1890
5628,10,112,11.20,5.8,0,corps,15.753072070554861,1.3503
5629,16,175,10.94,8.4,0,corps,15.747197003408772,3.8132
5630,16,194,12.12,8.4,0,corps,15.741324873061988,5.5155
5631,15,171,11.40,8.0,0,corps,15.735455678046485,3.2757
5632,5,55,11.00,3.6,0,corps,15.729589416894965,1.4043
5633,12,91,7.58,6.7,0,corps,15.723726088140857,2.8964
5634,5,43,8.60,3.6,0,corps,15.71786569031833,3.5633
5635,17,218,12.82,8.9,0,corps,15.712008221962295,3.6507
5636,19,188,9.89,9.8,0,corps,15.70615368160837,3.7543
5637,13,142,10.92,7.1,0,corps,15.700302067792931,4.3495
5638,26,331,12.73,12.9,0,corps,15.694453379053067,2.0770
5639,22,285,12.95,11.1,0,corps,15.688607613926605,3.9677
5640,33,416,12.61,16.0,0,corps,15.682764770952115,3.1699
5641,22,233,10.59,11.1,0,corps,15.676924848668872,3.4803
5642,26,389,14.96,12.9,0,corps,15.671087845616904,2.5012
5643,14,202,14.43,7.6,0,corps,15.665253760336961,3.8440
5644,18,239,13.28,9.3,0,corps,15.659422591370515,1.3349
5645,16,186,11.62,8.4,0,corps,15.653594337259783,3.0155
5646,20,337,16.85,10.2,0,corps,15.647768996547692,1.6991
5647,18,170,9.44,9.3,0,corps,15.641946567777909,2.7745
5648,4,72,18.00,3.1,0,corps,15.636127049494833,1.1665
5649,17,196,11.53,8.9,0,corps,15.630310440243575,2.2944
5650,11,179,16.27,6.2,0,corps,15.62449673856999,1.3773
5651,22,308,14.00,11.1,0,corps,15.618685943020653,2.7499
5652,21,274,13.05,10.7,0,corps,15.61287805214286,3.2530
5653,26,325,12.50,12.9,0,corps,15.607073064484641,2.7992
5654,15,188,12.53,8.0,0,corps,15.601270978594748,2.4973
5655,31,389,12.55,15.1,0,corps,15.595471793022659,3.4231
5656,37,537,14.51,17.8,0,corps,15.589675506318581,5.1455
5657,20,252,12.60,10.2,0,corps,15.583882117033438,2.9975
5658,21,353,16.81,10.7,0,corps,15.578091623718882,2.0951
5659,15,171,11.40,8.0,0,corps,15.572304024927297,2.0694
5660,13,211,16.23,7.1,0,corps,15.566519319211777,3.2887
5661,19,317,16.68,9.8,0,corps,15.560737505126152,3.5051
5662,30,480,16.00,14.7,0,corps,15.554958581224954,2.1073
5663,25,295,11.80,12.4,0,corps,15.549182546063465,1.8572
5664,21,326,15.52,10.7,0,corps,15.543409398197678,1.2873
5665,35,501,14.31,16.9,0,corps,15.537639136184293,3.4037
5666,25,379,15.16,12.4,0,corps,15.531871758580754,2.2502
5667,15,197,13.13,8.0,0,corps,15.52610726394522,1.1046
5668,4,35,8.75,3.1,0,corps,15.520345650836557,1.2754
5669,19,235,12.37,9.8,0,corps,15.514586917814368,1.4528
5670,14,123,8.79,7.6,0,corps,15.508831063438969,3.9669
5671,19,233,12.26,9.8,0,corps,15.50307808627139,1.5040
5672,20,295,14.75,10.2,0,corps,15.497327984873403,1.4237
5673,23,281,12.22,11.6,0,corps,15.491580757807464,1.7042
5674,7,72,10.29,4.4,0,corps,15.485836403636775,1.2192
5675,18,227,12.61,9.3,0,corps,15.480094920925252,1.4693
5676,9,115,12.78,5.3,0,corps,15.474356308237514,1.2968
5677,5,67,13.40,3.6,0,corps,15.468620564138917,1.3089
5678,13,175,13.46,7.1,0,corps,15.462887687195517,1.5887
5679,11,141,12.82,6.2,0,corps,15.457157675974099,1.0542
5680,21,240,11.43,10.7,0,corps,15.451430529042161,2.2050
5681,19,340,17.89,9.8,0,corps,15.445706244967914,1.2072
5682,24,276,11.50,12.0,0,corps,15.439984822320287,4.2829
5683,20,213,10.65,10.2,0,corps,15.43426625966893,2.8284
5684,20,230,11.50,10.2,0,corps,15.428550555584192,1.5618
5685,22,307,13.95,11.1,0,corps,15.422837708637156,1.5280
5686,25,295,11.80,12.4,0,corps,15.417127717399604,3.6675
5687,18,210,11.67,9.3,0,corps,15.411420580444037,1.5760
5688,12,172,14.33,6.7,0,corps,15.405716296343686,3.4828
5689,10,97,9.70,5.8,0,corps,15.400014863672459,2.6297
5690,22,265,12.05,11.1,0,corps,15.394316281005008,1.3943
5691,31,422,13.61,15.1,0,corps,15.388620546916693,1.9845
5692,24,334,13.92,12.0,0,corps,15.382927659983567,1.4949
5693,23,281,12.22,11.6,0,corps,15.377237618782422,1.4445
5694,9,93,10.33,5.3,0,corps,15.371550421890735,7.7666
5695,22,318,14.45,11.1,0,corps,15.36586606788671,1.3060
5696,9,117,13.00,5.3,0,corps,15.36018455534927,1.9709
5697,34,410,12.06,16.4,0,corps,15.354505882858021,1.6576
5698,24,335,13.96,12.0,0,corps,15.348830048993303,2.8719
5699,13,190,14.62,7.1,0,corps,15.343157052336162,1.0988
5700,6,78,13.00,4.0,0,corps,15.337486891468338,1.1392
5701,20,257,12.85,10.2,0,corps,15.3318195649723,1.5828
5702,26,352,13.54,12.9,0,corps,15.326155071431208,1.3597
5703,23,254,11.04,11.6,0,corps,15.320493409428943,1.5125
5704,15,178,11.87,8.0,0,corps,15.314834577550092,2.8769
5705,20,298,14.90,10.2,0,corps,15.309178574379942,1.7203
5706,28,398,14.21,13.8,0,corps,15.303525398504492,2.6798
5707,22,274,12.45,11.1,0,corps,15.297875048510456,1.2091
5708,17,233,13.71,8.9,0,corps,15.292227522985238,2.1326
5709,13,198,15.23,7.1,0,corps,15.286582820516964,1.4862
5710,28,338,12.07,13.8,0,corps,15.280940939694448,1.6229
5711,6,137,22.83,4.0,0,corps,15.275301879107229,1.0439
5712,23,320,13.91,11.6,0,corps,15.26966563734554,2.8639
5713,17,231,13.59,8.9,0,corps,15.264032213000315,1.3379
5714,8,81,10.12,4.9,0,corps,15.258401604663199,6.2177
5715,25,393,15.72,12.4,0,corps,15.25277381092655,1.5802
5716,9,142,15.78,5.3,0,corps,15.24714883038341,3.1444
5717,15,132,8.80,8.0,0,corps,15.241526661627539,4.8322
5718,21,248,11.81,10.7,0,corps,15.235907303253384,1.5122
5719,22,267,12.14,11.1,0,corps,15.230290753856119,1.9304
5720,35,549,15.69,16.9,0,corps,15.2246770120316,2.3451
5721,20,265,13.25,10.2,0,corps,15.219066076376395,2.1858
5722,21,347,16.52,10.7,0,corps,15.21345794548776,1.3294
5723,17,218,12.82,8.9,0,corps,15.207852617963677,1.7359
5724,26,380,14.62,12.9,0,corps,15.202250092402805,2.3758
5725,19,213,11.21,9.8,0,corps,15.19665036740452,1.9268
5726,16,230,14.38,8.4,0,corps,15.191053441568874,1.6786
5727,22,260,11.82,11.1,0,corps,15.185459313496652,3.0329
5728,9,111,12.33,5.3,0,corps,15.179867981789318,1.6298
5729,16,229,14.31,8.4,0,corps,15.174279445049036,1.7334
5730,18,231,12.83,9.3,0,corps,15.168693701878672,1.4795
5731,13,173,13.31,7.1,0,corps,15.163110750881795,1.4797
5732,21,191,9.10,10.7,0,corps,15.15753059066266,3.4860
5733,10,99,9.90,5.8,0,corps,15.151953219826236,5.6676
5734,22,288,13.09,11.1,0,corps,15.14637863697817,3.7003
5735,6,99,16.50,4.0,0,corps,15.14080684072482,1.3511
5736,9,99,11.00,5.3,0,corps,15.135237829673246,5.4155
5737,33,422,12.79,16.0,0,corps,15.129671602431182,2.1040
5738,12,183,15.25,6.7,0,corps,15.124108157607075,1.2414
5739,18,170,9.44,9.3,0,corps,15.11854749381007,2.4280
5740,25,295,11.80,12.4,0,corps,15.112989609649993,2.1989
5741,3,29,9.67,2.7,0,corps,15.107434503737382,1.9865
5742,20,216,10.80,10.2,0,corps,15.101882174683448,2.6238
5743,13,154,11.85,7.1,0,corps,15.096332621100117,1.8523
5744,17,207,12.18,8.9,0,corps,15.090785841600002,2.2006
5745,23,319,13.87,11.6,0,corps,15.0852418347964,1.8124
5746,11,97,8.82,6.2,0,corps,15.079700599303317,6.1551
5747,23,235,10.22,11.6,0,corps,15.074162133735443,1.4490
5748,12,120,10.00,6.7,0,corps,15.068626436708158,3.6017
5749,37,446,12.05,17.8,0,corps,15.063093506837543,2.3408
5750,4,46,11.50,3.1,0,corps,15.05756334274036,1.4803
5751,23,276,12.00,11.6,0,corps,15.05203594303407,2.4502
5752,4,26,6.50,3.1,0,corps,15.046511306336827,2.2585
5753,7,92,13.14,4.4,0,corps,15.040989431267462,1.0306
5754,15,226,15.07,8.0,0,corps,15.035470316445517,1.1201
5755,22,310,14.09,11.1,0,corps,15.029953960491206,2.3792
5756,19,222,11.68,9.8,0,corps,15.024440362025443,1.3575
5757,12,185,15.42,6.7,0,corps,15.018929519669829,1.1165
5758,40,620,15.50,19.1,0,corps,15.01342143204665,2.9273
5759,34,473,13.91,16.4,0,corps,15.007916097778887,2.5399
5760,11,121,11.00,6.2,0,corps,15.00241351549021,1.7697
5761,15,180,12.00,8.0,0,corps,14.996913683804966,3.1739
5762,25,395,15.80,12.4,0,corps,14.9914166013482,3.0125
5763,9,105,11.67,5.3,0,corps,14.985922266745641,1.7658
5764,18,291,16.17,9.3,0,corps,14.980430678623705,2.3898
5765,21,322,15.33,10.7,0,corps,14.974941835609501,1.3526
5766,18,209,11.61,9.3,0,corps,14.969455736330808,1.6882
5767,10,69,6.90,5.8,0,corps,14.963972379416107,9.0037
5768,18,225,12.50,9.3,0,corps,14.95849176349456,3.2423
5769,18,211,11.72,9.3,0,corps,14.95301388719601,2.0562
5770,31,332,10.71,15.1,0,corps,14.94753874915099,2.9701
5771,17,238,14.00,8.9,0,corps,14.942066347990712,1.5311
5772,36,503,13.97,17.3,0,corps,14.936596682347078,2.8718
5773,13,109,8.38,7.1,0,corps,14.931129750852673,5.0171
5774,25,307,12.28,12.4,0,corps,14.92566555214076,1.9132
5775,8,114,14.25,4.9,0,corps,14.920204084845293,4.0724
5776,16,203,12.69,8.4,0,corps,14.91474534760091,1.1913
5777,21,235,11.19,10.7,0,corps,14.909289339042914,1.9816
5778,17,178,10.47,8.9,0,corps,14.903836057807313,1.3574
5779,26,342,13.15,12.9,0,corps,14.89838550253078,2.2664
5780,21,216,10.29,10.7,0,corps,14.892937671850678,1.7263
5781,19,240,12.63,9.8,0,corps,14.887492564405058,1.5239
5782,13,191,14.69,7.1,0,corps,14.882050178832632,1.1716
5783,30,428,14.27,14.7,0,corps,14.876610513772803,3.6392
5784,20,253,12.65,10.2,0,corps,14.871173567865666,1.2636
5785,18,196,10.89,9.3,0,corps,14.865739339751974,4.2024
5786,31,434,14.00,15.1,0,corps,14.860307828073177,1.7130
5787,22,242,11.00,11.1,0,corps,14.854879031471388,3.0649
5788,19,174,9.16,9.8,0,corps,14.849452948589414,3.0578
5789,10,141,14.10,5.8,0,corps,14.844029578070742,1.7074
5790,8,74,9.25,4.9,0,corps,14.83860891855951,1.4799
5791,18,230,12.78,9.3,0,corps,14.833190968700569,1.9724
5792,16,178,11.12,8.4,0,corps,14.827775727139429,1.4931
5793,18,180,10.00,9.3,0,corps,14.822363192522273,2.7384
5794,20,256,12.80,10.2,0,corps,14.816953363495976,4.0249
5795,2,26,13.00,2.2,0,corps,14.811546238708074,2.2797
5796,13,157,12.08,7.1,0,corps,14.806141816806784,4.7635
5797,9,97,10.78,5.3,0,corps,14.80074009644101,1.9616
5798,8,120,15.00,4.9,0,corps,14.795341076260312,5.0495
5799,11,142,12.91,6.2,0,corps,14.789944754914941,1.5681
5800,23,325,14.13,11.6,0,corps,14.784551131055817,1.9695
5801,2,15,7.50,2.2,0,corps,14.779160203334529,1.5031
5802,18,174,9.67,9.3,0,corps,14.773771970403352,3.7433
5803,14,194,13.86,7.6,0,corps,14.76838643091522,2.1559
5804,15,122,8.13,8.0,0,corps,14.763003583523751,4.5490
5805,15,198,13.20,8.0,0,corps,14.757623426883237,1.1225
5806,14,177,12.64,7.6,0,corps,14.752245959648636,2.7127
5807,9,126,14.00,5.3,0,corps,14.746871180475576,3.3691
5808,18,256,14.22,9.3,0,corps,14.741499088020374,1.4107
5809,11,143,13.00,6.2,0,corps,14.736129680939994,3.6384
5810,22,322,14.64,11.1,0,corps,14.730762957892097,2.1769
5811,26,265,10.19,12.9,0,corps,14.72539891753499,3.0819
5812,10,102,10.20,5.8,0,corps,14.720037558527665,1.4236
5813,23,219,9.52,11.6,0,corps,14.714678879529794,1.6035
5814,20,214,10.70,10.2,0,corps,14.709322879201691,1.9195
5815,19,266,14.00,9.8,0,corps,14.703969556204367,1.3388
5816,10,94,9.40,5.8,0,corps,14.69861890919949,2.8883
5817,18,185,10.28,9.3,0,corps,14.693270936849393,2.9692
5818,22,298,13.55,11.1,0,corps,14.68792563781709,1.8547
5819,22,268,12.18,11.1,0,corps,14.682583010766246,2.3595
5820,22,216,9.82,11.1,0,corps,14.677243054361213,3.1726
5821,3,25,8.33,2.7,0,corps,14.671905767267003,1.9512
5822,17,227,13.35,8.9,0,corps,14.666571148149282,1.8453
5823,26,293,11.27,12.9,0,corps,14.661239195674408,2.3388
5824,16,207,12.94,8.4,0,corps,14.655909908509393,2.4899
5825,23,274,11.91,11.6,0,corps,14.650583285321906,2.1764
5826,3,22,7.33,2.7,0,corps,14.645259324780296,2.0931
5827,24,336,14.00,12.0,0,corps,14.639938025553572,2.3463
5828,30,359,11.97,14.7,0,corps,14.63461938631141,2.4946
5829,35,516,14.74,16.9,0,corps,14.629303405724153,3.3856
5830,28,452,16.14,13.8,0,corps,14.623990082462798,2.6137
5831,10,129,12.90,5.8,0,corps,14.61867941519902,3.5684
5832,28,408,14.57,13.8,0,corps,14.613371402605157,1.5489
5833,39,425,10.90,18.7,0,corps,14.608066043354192,2.7967
5834,23,294,12.78,11.6,0,corps,14.6027633361198,3.0870
5835,10,123,12.30,5.8,0,corps,14.597463279576292,3.2157
5836,15,184,12.27,8.0,0,corps,14.59216587239866,1.4822
5837,13,132,10.15,7.1,0,corps,14.586871113262553,3.3427
5838,7,73,10.43,4.4,0,corps,14.581579000844277,4.9358
5839,36,440,12.22,17.3,0,corps,14.576289533820807,1.8072
5840,24,282,11.75,12.0,0,corps,14.571002710869779,2.1094
5841,10,141,14.10,5.8,0,corps,14.56571853066948,1.3127
5842,14,224,16.00,7.6,0,corps,14.560436991898873,2.0163
5843,44,563,12.80,20.9,0,corps,14.555158093237564,3.1804
5844,21,299,14.24,10.7,0,corps,14.549881833365832,2.7789
5845,8,102,12.75,4.9,0,corps,14.544608210964622,1.2040
5846,10,119,11.90,5.8,0,corps,14.539337224715512,1.1274
5847,36,481,13.36,17.3,0,corps,14.534068873300763,2.8478
5848,38,556,14.63,18.2,0,corps,14.528803155403292,3.1051
5849,33,467,14.15,16.0,0,corps,14.52354006970666,2.1058
5850,13,163,12.54,7.1,0,corps,14.518279614895107,3.8706
5851,17,207,12.18,8.9,0,corps,14.513021789653505,2.1358
5852,20,327,16.35,10.2,0,corps,14.507766592667407,1.1985
5853,29,452,15.59,14.2,0,corps,14.502514022623014,2.3129
5854,24,304,12.67,12.0,0,corps,14.49726407820718,2.7301
5855,2,36,18.00,2.2,0,corps,14.492016758107418,1.1504
5856,7,117,16.71,4.4,0,corps,14.486772061011907,1.7495
5857,4,40,10.00,3.1,0,corps,14.481529985609459,1.4216
5858,24,255,10.62,12.0,0,corps,14.476290530589567,2.3659
5859,22,243,11.05,11.1,0,corps,14.471053694642357,2.4696
5860,22,237,10.77,11.1,0,corps,14.465819476458627,2.2118
5861,38,502,13.21,18.2,0,corps,14.460587874729825,1.5679
5862,10,126,12.60,5.8,0,corps,14.455358888148043,3.3996
5863,20,188,9.40,10.2,0,corps,14.450132515406032,2.5545
5864,16,222,13.88,8.4,0,corps,14.444908755197213,3.3065
5865,21,295,14.05,10.7,0,corps,14.439687606215632,1.6097
5866,33,532,16.12,16.0,0,corps,14.434469067156014,1.5995
5867,19,289,15.21,9.8,0,corps,14.42925313671371,2.0936
5868,23,345,15.00,11.6,0,corps,14.424039813584743,2.4675
5869,27,280,10.37,13.3,0,corps,14.41882909646579,2.7428
5870,9,92,10.22,5.3,0,corps,14.413620984054162,9.2528
5871,10,164,16.40,5.8,0,corps,14.408415475047832,1.1443
5872,17,192,11.29,8.9,0,corps,14.40321256814543,4.3776
5873,6,41,6.83,4.0,0,corps,14.398012262046219,4.0252
5874,16,160,10.00,8.4,0,corps,14.392814555450133,1.9023
5875,28,379,13.54,13.8,0,corps,14.387619447057737,2.4398
5876,17,185,10.88,8.9,0,corps,14.382426935570255,2.9603
5877,24,313,13.04,12.0,0,corps,14.377237019689568,1.1487
5878,9,119,13.22,5.3,0,corps,14.372049698118182,1.8422
5879,11,96,8.73,6.2,0,corps,14.366864969559282,7.7617
5880,11,103,9.36,6.2,0,corps,14.36168283271667,1.6082
5881,29,375,12.93,14.2,0,corps,14.356503286294824,4.2224
5882,24,354,14.75,12.0,0,corps,14.351326328998857,2.3227
5883,16,146,9.12,8.4,0,corps,14.346151959534522,1.7784
5884,23,331,14.39,11.6,0,corps,14.340980176608229,3.8697
5885,16,186,11.62,8.4,0,corps,14.335810978927041,2.6894
5886,29,471,16.24,14.2,0,corps,14.330644365198644,3.5955
5887,32,461,14.41,15.6,0,corps,14.325480334131399,1.3274
5888,26,371,14.27,12.9,0,corps,14.320318884434286,2.4104
5889,17,251,14.76,8.9,0,corps,14.315160014816946,2.9334
5890,15,146,9.73,8.0,0,corps,14.310003723989674,4.9016
5891,21,264,12.57,10.7,0,corps,14.304850010663376,1.6140
5892,12,150,12.50,6.7,0,corps,14.299698873549637,1.3265
5893,21,267,12.71,10.7,0,corps,14.294550311360673,1.4448
5894,6,46,7.67,4.0,0,corps,14.289404322809338,2.0018
5895,21,248,11.81,10.7,0,corps,14.28426090660914,1.6711
5896,22,317,14.41,11.1,0,corps,14.279120061474218,1.6723
5897,30,343,11.43,14.7,0,corps,14.273981786119366,2.6887
5898,9,118,13.11,5.3,0,corps,14.268846079260017,1.3497
5899,16,225,14.06,8.4,0,corps,14.263712939612239,2.7902
5900,18,216,12.00,9.3,0,corps,14.258582365892746,2.6863
5901,19,279,14.68,9.8,0,corps,14.253454356818906,2.2560
5902,11,155,14.09,6.2,0,corps,14.248328911108702,3.0743
5903,10,114,11.40,5.8,0,corps,14.243206027480785,5.4177
5904,14,165,11.79,7.6,0,corps,14.238085704654422,2.4049
5905,18,239,13.28,9.3,0,corps,14.23296794134954,1.2551
5906,16,261,16.31,8.4,0,corps,14.2278527362867,1.9704
5907,19,268,14.11,9.8,0,corps,14.222740088187095,1.8089
5908,16,150,9.38,8.4,0,corps,14.217629995772562,1.7413
5909,11,187,17.00,6.2,0,corps,14.212522457765589,0.9927
5910,24,332,13.83,12.0,0,corps,14.207417472889276,1.3548
5911,21,297,14.14,10.7,0,corps,14.202315039867392,1.5272
5912,11,123,11.18,6.2,0,corps,14.197215157424312,1.1221
5913,4,60,15.00,3.1,0,corps,14.192117824285077,1.2760
5914,14,148,10.57,7.6,0,corps,14.187023039175358,3.7438
5915,15,182,12.13,8.0,0,corps,14.181930800821444,2.2313
5916,13,140,10.77,7.1,0,corps,14.176841107950287,3.2119
5917,32,391,12.22,15.6,0,corps,14.171753959289463,1.8191
5918,20,199,9.95,10.2,0,corps,14.166669353567174,1.6428
5919,19,212,11.16,9.8,0,corps,14.161587289512283,1.3401
5920,9,100,11.11,5.3,0,corps,14.156507765854261,1.3788
5921,13,152,11.69,7.1,0,corps,14.151430781323239,3.0019
5922,4,51,12.75,3.1,0,corps,14.146356334649965,0.8830
5923,9,106,11.78,5.3,0,corps,14.141284424565825,2.9629
5924,21,233,11.10,10.7,0,corps,14.136215049802841,2.4782
5925,13,186,14.31,7.1,0,corps,14.13114820909368,1.2410
5926,34,438,12.88,16.4,0,corps,14.126083901171619,3.1007
5927,10,120,12.00,5.8,0,corps,14.12102212477059,1.2893
5928,4,58,14.50,3.1,0,corps,14.11596287862514,1.4213
5929,14,150,10.71,7.6,0,corps,14.110906161470464,4.8481
5930,21,237,11.29,10.7,0,corps,14.105851972042382,1.3765
5931,10,98,9.80,5.8,0,corps,14.100800309077343,4.6349
5932,4,43,10.75,3.1,0,corps,14.095751171312434,2.0895
5933,10,131,13.10,5.8,0,corps,14.090704557485376,1.2340
5934,20,211,10.55,10.2,0,corps,14.085660466334504,1.9377
5935,23,290,12.61,11.6,0,corps,14.080618896598807,3.0771
5936,11,136,12.36,6.2,0,corps,14.075579847017883,1.8184
5937,15,155,10.33,8.0,0,corps,14.070543316331971,4.1009
5938,10,164,16.40,5.8,0,corps,14.065509303281946,3.4084
5939,9,112,12.44,5.3,0,corps,14.060477806609292,3.7925
5940,22,273,12.41,11.1,0,corps,14.055448825056144,3.8392
5941,30,373,12.43,14.7,0,corps,14.05042235736526,3.3429
5942,27,401,14.85,13.3,0,corps,14.045398402280012,3.3654
5943,12,163,13.58,6.7,0,corps,14.040376958544423,1.3255
5944,11,71,6.45,6.2,0,corps,14.035358024903122,4.1528
5945,10,142,14.20,5.8,0,corps,14.030341600101378,1.5275
5946,24,328,13.67,12.0,0,corps,14.025327682885091,2.9893
5947,23,258,11.22,11.6,0,corps,14.020316272000771,3.4478
5948,11,142,12.91,6.2,0,corps,14.015307366195573,2.5791
5949,29,450,15.52,14.2,0,corps,14.010300964217274,3.0815
5950,14,152,10.86,7.6,0,corps,14.005297064814263,3.7536
5951,8,96,12.00,4.9,0,corps,14.000295666735571,4.4656
5952,7,108,15.43,4.4,0,corps,13.995296768730848,1.7465
5953,17,211,12.41,8.9,0,corps,13.990300369550365,1.9223
5954,23,290,12.61,11.6,0,corps,13.985306467945035,2.7829
5955,4,29,7.25,3.1,0,corps,13.980315062666367,1.7656
5956,23,274,11.91,11.6,0,corps,13.975326152466518,2.6970
5957,25,326,13.04,12.4,0,corps,13.970339736098264,2.2317
5958,15,164,10.93,8.0,0,corps,13.965355812314991,1.9345
5959,33,479,14.52,16.0,0,corps,13.960374379870727,3.5512
5960,27,365,13.52,13.3,0,corps,13.955395437520107,2.0875
5961,5,52,10.40,3.6,0,corps,13.950418984018395,1.2892
5962,27,351,13.00,13.3,0,corps,13.945445018121488,1.6327
5963,6,91,15.17,4.0,0,corps,13.940473538585882,5.0963
5964,26,357,13.73,12.9,0,corps,13.935504544168712,2.3789
5965,23,358,15.57,11.6,0,corps,13.930538033627734,2.3631
5966,28,346,12.36,13.8,0,corps,13.925574005721314,1.6345
5967,7,63,9.00,4.4,0,corps,13.920612459208447,1.6156
5968,30,368,12.27,14.7,0,corps,13.915653392848748,1.6319
5969,23,282,12.26,11.6,0,corps,13.910696805402445,2.0077
5970,17,189,11.12,8.9,0,corps,13.9057426956304,4.0467
5971,6,85,14.17,4.0,0,corps,13.900791062294077,1.5875
5972,24,277,11.54,12.0,0,corps,13.89584190415557,2.3124
5973,19,216,11.37,9.8,0,corps,13.890895219977594,2.6646
5974,12,101,8.42,6.7,0,corps,13.885951008523472,2.1283
5975,20,263,13.15,10.2,0,corps,13.881009268557158,2.9098
5976,25,310,12.40,12.4,0,corps,13.876069998843207,3.6932
5977,23,270,11.74,11.6,0,corps,13.87113319814681,1.5969
5978,29,371,12.79,14.2,0,corps,13.866198865233764,2.2982
5979,17,161,9.47,8.9,0,corps,13.861266998870486,5.2689
5980,20,253,12.65,10.2,0,corps,13.856337597824005,2.6761
5981,24,286,11.92,12.0,0,corps,13.85141066086198,3.2108
5982,20,276,13.80,10.2,0,corps,13.846486186752669,1.3398
5983,24,334,13.92,12.0,0,corps,13.841564174264958,2.7433
5984,15,172,11.47,8.0,0,corps,13.83664462216834,2.9424
5985,16,184,11.50,8.4,0,corps,13.831727529232927,3.3700
5986,12,136,11.33,6.7,0,corps,13.826812894229453,3.7905
5987,20,259,12.95,10.2,0,corps,13.821900715929248,4.4706
5988,9,109,12.11,5.3,0,corps,13.816990993104275,1.6267
5989,17,183,10.76,8.9,0,corps,13.812083724527103,3.4642
5990,13,170,13.08,7.1,0,corps,13.80717890897091,1.6610
5991,12,127,10.58,6.7,0,corps,13.802276545209502,3.6151
5992,15,189,12.60,8.0,0,corps,13.797376632017274,1.0873
5993,21,272,12.95,10.7,0,corps,13.792479168169255,3.3613
5994,27,360,13.33,13.3,0,corps,13.787584152441088,2.6307
5995,20,220,11.00,10.2,0,corps,13.782691583609,2.7243
5996,36,497,13.81,17.3,0,corps,13.777801460449862,3.2815
5997,17,233,13.71,8.9,0,corps,13.772913781741144,3.3372
5998,23,273,11.87,11.6,0,corps,13.768028546260917,2.5667
5999,21,235,11.19,10.7,0,corps,13.763145752787883,4.7736
6000,24,292,12.17,12.0,0,corps,13.758265400101333,3.9245
6001,16,200,12.50,8.4,0,corps,13.753387486981183,2.1168
6002,11,178,16.18,6.2,0,corps,13.74851201220796,3.6764
6003,19,262,13.79,9.8,0,corps,13.743638974562788,1.1953
6004,23,324,14.09,11.6,0,corps,13.738768372827415,2.2845
6005,10,120,12.00,5.8,0,corps,13.733900205784181,1.2799
6006,18,224,12.44,9.3,0,corps,13.729034472216048,1.2408
6007,20,249,12.45,10.2,0,corps,13.72417117090659,1.5419
6008,20,258,12.90,10.2,0,corps,13.719310300639966,2.7253
6009,13,143,11.00,7.1,0,corps,13.714451860200974,1.2065
6010,21,230,10.95,10.7,0,corps,13.709595848375,4.3249
6011,32,527,16.47,15.6,0,corps,13.704742263948033,1.2197
6012,13,155,11.92,7.1,0,corps,13.699891105706689,1.8939
6013,28,322,11.50,13.8,0,corps,13.695042372438165,3.1571
6014,13,189,14.54,7.1,0,corps,13.690196062930287,1.0906
6015,21,242,11.52,10.7,0,corps,13.68535217597148,1.4467
6016,34,439,12.91,16.4,0,corps,13.68051071035076,1.4836
6017,13,123,9.46,7.1,0,corps,13.67567166485777,2.5094
6018,19,229,12.05,9.8,0,corps,13.67083503828275,1.2721
6019,2,31,15.50,2.2,0,corps,13.66600082941654,0.8031
6020,15,187,12.47,8.0,0,corps,13.661169037050586,3.8665
6021,16,180,11.25,8.4,0,corps,13.656339659976938,1.6502
6022,12,150,12.50,6.7,0,corps,13.651512696988258,1.3152
6023,25,232,9.28,12.4,0,corps,13.646688146877805,1.7801
6024,14,170,12.14,7.6,0,corps,13.641866008439434,1.6899
6025,16,184,11.50,8.4,0,corps,13.637046280467619,3.0269
6026,21,276,13.14,10.7,0,corps,13.632228961757425,1.1438
6027,16,162,10.12,8.4,0,corps,13.62741405110452,3.1294
6028,27,335,12.41,13.3,0,corps,13.62260154730518,2.4494
6029,22,327,14.86,11.1,0,corps,13.617791449156272,2.4142
6030,19,245,12.89,9.8,0,corps,13.61298375545528,2.0356
6031,7,92,13.14,4.4,0,corps,13.608178465000279,4.7160
6032,23,424,18.43,11.6,0,corps,13.60337557658994,2.3669
6033,14,183,13.07,7.6,0,corps,13.598575089023546,3.3525
6034,17,261,15.35,8.9,0,corps,13.593777001100976,1.8528
6035,28,343,12.25,13.8,0,corps,13.588981311622703,1.4403
6036,27,398,14.74,13.3,0,corps,13.584188019389815,1.6779
6037,29,321,11.07,14.2,0,corps,13.579397123203973,2.1399
6038,31,321,10.35,15.1,0,corps,13.574608621867466,2.7696
6039,20,367,18.35,10.2,0,corps,13.569822514183164,1.6278
6040,21,290,13.81,10.7,0,corps,13.56503879895454,2.7435
6041,28,439,15.68,13.8,0,corps,13.560257474985665,2.5778
6042,21,259,12.33,10.7,0,corps,13.55547854108121,3.5720
6043,17,261,15.35,8.9,0,corps,13.550701996046438,2.2031
6044,24,302,12.58,12.0,0,corps,13.545927838687218,3.2784
6045,18,197,10.94,9.3,0,corps,13.541156067810006,1.9392
6046,24,308,12.83,12.0,0,corps,13.53638668222186,3.3187
6047,18,259,14.39,9.3,0,corps,13.531619680730437,3.3904
6048,12,151,12.58,6.7,0,corps,13.526855062143978,5.1544
6049,21,374,17.81,10.7,0,corps,13.522092825271336,2.0267
6050,31,309,9.97,15.1,0,corps,13.517332968921956,4.1382
6051,15,251,16.73,8.0,0,corps,13.51257549190586,2.0306
6052,9,89,9.89,5.3,0,corps,13.507820393033693,6.3277
6053,9,122,13.56,5.3,0,corps,13.503067671116668,2.8639
6054,22,330,15.00,11.1,0,corps,13.49831732496661,3.1923
6055,31,486,15.68,15.1,0,corps,13.49356935339594,2.0444
6056,28,419,14.96,13.8,0,corps,13.488823755217652,2.5248
6057,23,266,11.57,11.6,0,corps,13.484080529245352,2.1850
6058,13,185,14.23,7.1,0,corps,13.479339674293236,2.0831
6059,25,326,13.04,12.4,0,corps,13.474601189176086,2.5832
6060,20,276,13.80,10.2,0,corps,13.469865072709286,3.3731
6061,21,295,14.05,10.7,0,corps,13.465131323708802,1.6609
6062,28,315,11.25,13.8,0,corps,13.460399940991193,3.7396
6063,19,205,10.79,9.8,0,corps,13.455670923373628,2.0663
6064,18,195,10.83,9.3,0,corps,13.450944269673833,3.9565
6065,24,267,11.12,12.0,0,corps,13.446219978710161,1.7809
6066,13,167,12.85,7.1,0,corps,13.441498049301535,3.6713
6067,6,83,13.83,4.0,0,corps,13.436778480267463,1.2563
6068,18,328,18.22,9.3,0,corps,13.43206127042807,2.4451
6069,10,109,10.90,5.8,0,corps,13.427346418604035,1.6228
6070,22,283,12.86,11.1,0,corps,13.422633923616656,1.4868
6071,19,243,12.79,9.8,0,corps,13.417923784287808,2.4518
6072,26,371,14.27,12.9,0,corps,13.413215999439954,2.5460
6073,14,174,12.43,7.6,0,corps,13.408510567896148,1.5462
6074,20,206,10.30,10.2,0,corps,13.403807488480037,4.1700
6075,20,298,14.90,10.2,0,corps,13.399106760015844,4.4512
6076,25,406,16.24,12.4,0,corps,13.394408381328393,1.9809
6077,15,215,14.33,8.0,0,corps,13.389712351243082,1.6195
6078,26,340,13.08,12.9,0,corps,13.38501866858591,2.6875
6079,17,222,13.06,8.9,0,corps,13.380327332183455,3.0580
6080,23,349,15.17,11.6,0,corps,13.37563834086288,2.9852
6081,27,370,13.70,13.3,0,corps,13.370951693451937,2.2286
6082,27,277,10.26,13.3,0,corps,13.366267388778974,1.9234
6083,38,525,13.82,18.2,0,corps,13.361585425672901,1.6806
6084,10,83,8.30,5.8,0,corps,13.356905802963235,1.5398
6085,24,284,11.83,12.0,0,corps,13.352228519480066,2.5147
6086,10,89,8.90,5.8,0,corps,13.347553574054075,2.0623
6087,28,369,13.18,13.8,0,corps,13.342880965516532,2.4357
6088,27,406,15.04,13.3,0,corps,13.338210692699274,2.3975
6089,15,167,11.13,8.0,0,corps,13.333542754434738,1.3125
6090,55,761,13.84,25.8,0,corps,13.328877149555943,3.9115
6091,24,285,11.88,12.0,0,corps,13.32421387689648,2.1274
6092,9,120,13.33,5.3,0,corps,13.319552935290538,0.9081
6093,33,473,14.33,16.0,0,corps,13.314894323572874,1.5546
6094,13,141,10.85,7.1,0,corps,13.31023804057884,1.3842
6095,29,364,12.55,14.2,0,corps,13.30558408514437,2.0426
6096,17,230,13.53,8.9,0,corps,13.300932456105965,2.3756
6097,27,287,10.63,13.3,0,corps,13.296283152300722,4.6916
6098,37,562,15.19,17.8,0,corps,13.29163617256632,2.3955
6099,9,109,12.11,5.3,0,corps,13.286991515741006,1.4416
6100,13,207,15.92,7.1,0,corps,13.282349180663623,3.3981
6101,17,169,9.94,8.9,0,corps,13.27770916617358,1.4206
6102,18,173,9.61,9.3,0,corps,13.273071471110873,3.0671
6103,16,207,12.94,8.4,0,corps,13.26843609431609,1.2265
6104,16,177,11.06,8.4,0,corps,13.263803034630376,4.3716
6105,20,169,8.45,10.2,0,corps,13.259172290895465,3.7366
6106,12,153,12.75,6.7,0,corps,13.25454386195368,2.9944
6107,23,282,12.26,11.6,0,corps,13.249917746647908,1.4022
6108,13,164,12.62,7.1,0,corps,13.24529394382162,1.4350
6109,20,217,10.85,10.2,0,corps,13.240672452318867,4.6139
6110,15,158,10.53,8.0,0,corps,13.236053270984272,1.3023
6111,20,249,12.45,10.2,0,corps,13.231436398663046,1.2077
6112,29,310,10.69,14.2,0,corps,13.226821834200967,1.6144
6113,10,123,12.30,5.8,0,corps,13.22220957644439,1.0413
6114,7,117,16.71,4.4,0,corps,13.217599624240265,0.9065
6115,11,92,8.36,6.2,0,corps,13.212991976436086,4.0470
6116,13,155,11.92,7.1,0,corps,13.208386631879954,3.0529
6117,20,237,11.85,10.2,0,corps,13.203783589420526,2.7427
6118,22,338,15.36,11.1,0,corps,13.19918284790704,1.9762
6119,9,101,11.22,5.3,0,corps,13.19458440618932,1.1082
6120,15,180,12.00,8.0,0,corps,13.189988263117744,2.6316
6121,22,218,9.91,11.1,0,corps,13.18539441754328,3.7233
6122,24,250,10.42,12.0,0,corps,13.180802868317476,4.2741
6123,23,342,14.87,11.6,0,corps,13.17621361429243,2.6061
6124,23,312,13.57,11.6,0,corps,13.171626654320843,2.8295
6125,33,509,15.42,16.0,0,corps,13.16704198725596,3.7741
6126,13,172,13.23,7.1,0,corps,13.162459611951624,2.9607
6127,13,279,21.46,7.1,0,corps,13.157879527262242,3.1685
6128,37,512,13.84,17.8,0,corps,13.153301732042783,2.3395
6129,29,347,11.97,14.2,0,corps,13.14872622514881,1.6078
6130,7,78,11.14,4.4,0,corps,13.14415300543644,6.8946
6131,38,471,12.39,18.2,0,corps,13.139582071762366,3.5516
6132,6,77,12.83,4.0,0,corps,13.135013422983862,1.7676
6133,24,310,12.92,12.0,0,corps,13.130447057958758,2.1979
6134,20,249,12.45,10.2,0,corps,13.125882975545466,2.6917
6135,37,577,15.59,17.8,0,corps,13.121321174602969,3.3296
6136,22,263,11.95,11.1,0,corps,13.116761653990809,1.6878
6137,12,143,11.92,6.7,0,corps,13.112204412569112,1.3875
6138,25,298,11.92,12.4,0,corps,13.107649449198563,1.6772
6139,22,310,14.09,11.1,0,corps,13.103096762740426,1.4560
6140,27,328,12.15,13.3,0,corps,13.098546352056529,2.7648
6141,13,172,13.23,7.1,0,corps,13.093998216009265,2.2304
6142,17,219,12.88,8.9,0,corps,13.089452353461601,2.5362
6143,22,278,12.64,11.1,0,corps,13.084908763277076,3.6386
6144,33,462,14.00,16.0,0,corps,13.080367444319785,1.9931
6145,13,135,10.38,7.1,0,corps,13.075828395454408,4.0019
6146,22,300,13.64,11.1,0,corps,13.071291615546174,1.6116
6147,8,85,10.62,4.9,0,corps,13.066757103460889,1.3023
6148,14,133,9.50,7.6,0,corps,13.062224858064933,3.6790
6149,30,400,13.33,14.7,0,corps,13.057694878225231,3.1234
6150,20,278,13.90,10.2,0,corps,13.0531671628093,3.4416
6151,33,502,15.21,16.0,0,corps,13.048641710685208,2.5804
6152,33,436,13.21,16.0,0,corps,13.04411852072159,1.4091
6153,14,160,11.43,7.6,0,corps,13.039597591787649,4.0861
6154,16,218,13.62,8.4,0,corps,13.03507892275315,2.6903
6155,28,315,11.25,13.8,0,corps,13.030562512488434,1.7073
6156,15,231,15.40,8.0,0,corps,13.026048359864392,4.2379
6157,17,218,12.82,8.9,0,corps,13.021536463752485,1.7530
6158,29,284,9.79,14.2,0,corps,13.017026823024738,3.1313
6159,9,114,12.67,5.3,0,corps,13.012519436553752,1.1098
6160,20,300,15.00,10.2,0,corps,13.008014303212665,1.1781
6161,23,290,12.61,11.6,0,corps,13.003511421875205,3.1498
6162,18,194,10.78,9.3,0,corps,12.999010791415644,2.1679
6163,13,188,14.46,7.1,0,corps,12.994512410708827,1.3449
6164,17,320,18.82,8.9,0,corps,12.990016278630165,2.6037
6165,19,262,13.79,9.8,0,corps,12.985522394055614,2.7981
6166,14,141,10.07,7.6,0,corps,12.981030755861712,1.6962
6167,25,317,12.68,12.4,0,corps,12.976541362925545,2.1287
6168,20,268,13.40,10.2,0,corps,12.972054214124762,2.6450
6169,19,294,15.47,9.8,0,corps,12.967569308337584,2.4147
6170,15,206,13.73,8.0,0,corps,12.963086644442779,2.0467
6171,26,324,12.46,12.9,0,corps,12.958606221319677,2.9467
6172,14,168,12.00,7.6,0,corps,12.954128037848184,1.5809
6173,15,195,13.00,8.0,0,corps,12.949652092908739,1.2538
6174,15,174,11.60,8.0,0,corps,12.94517838538237,2.9798
6175,21,344,16.38,10.7,0,corps,12.940706914150644,1.2838
6176,25,352,14.08,12.4,0,corps,12.936237678095692,2.2168
6177,32,390,12.19,15.6,0,corps,12.931770676100207,2.3787
6178,14,189,13.50,7.6,0,corps,12.927305907047435,1.0856
6179,26,327,12.58,12.9,0,corps,12.922843369821186,2.3385
6180,12,128,10.67,6.7,0,corps,12.918383063305827,1.8400
6181,13,172,13.23,7.1,0,corps,12.913924986386279,4.4705
6182,10,115,11.50,5.8,0,corps,12.909469137948024,1.3887
6183,12,147,12.25,6.7,0,corps,12.905015516877105,1.0514
6184,28,355,12.68,13.8,0,corps,12.900564122060107,2.3750
6185,5,84,16.80,3.6,0,corps,12.896114952384188,0.9264
6186,19,251,13.21,9.8,0,corps,12.891668006737051,2.8567
6187,12,180,15.00,6.7,0,corps,12.887223284006962,2.3656
6188,19,227,11.95,9.8,0,corps,12.882780783082746,3.3916
6189,8,144,18.00,4.9,0,corps,12.878340502853765,1.0415
6190,15,200,13.33,8.0,0,corps,12.873902442209959,2.0759
6191,19,264,13.89,9.8,0,corps,12.86946660004181,1.8223
6192,3,33,11.00,2.7,0,corps,12.865032975240357,1.4663
6193,10,161,16.10,5.8,0,corps,12.860601566697195,2.9280
6194,13,143,11.00,7.1,0,corps,12.856172373304467,1.7182
6195,13,157,12.08,7.1,0,corps,12.85174539395488,1.2793
6196,16,226,14.12,8.4,0,corps,12.847320627541691,3.1299
6197,11,122,11.09,6.2,0,corps,12.8428980729587,1.0695
6198,9,111,12.33,5.3,0,corps,12.838477729100276,1.2105
6199,17,212,12.47,8.9,0,corps,12.834059594861333,3.4584
6200,30,456,15.20,14.7,0,corps,12.829643669137328,3.0527
6201,18,153,8.50,9.3,0,corps,12.825229950824294,3.2149
6202,16,235,14.69,8.4,0,corps,12.820818438818787,1.8894
6203,18,209,11.61,9.3,0,corps,12.816409132017936,2.8757
6204,22,335,15.23,11.1,0,corps,12.812002029319421,2.9842
6205,17,205,12.06,8.9,0,corps,12.807597129621454,4.6404
6206,18,245,13.61,9.3,0,corps,12.803194431822812,1.7189
6207,15,206,13.73,8.0,0,corps,12.79879393482283,1.8991
6208,15,205,13.67,8.0,0,corps,12.794395637521374,3.1044
6209,19,220,11.58,9.8,0,corps,12.789999538818877,3.1571
6210,13,157,12.08,7.1,0,corps,12.785605637616307,2.8083
6211,19,244,12.84,9.8,0,corps,12.781213932815191,2.8062
6212,25,368,14.72,12.4,0,corps,12.77682442331761,1.7170
6213,14,221,15.79,7.6,0,corps,12.772437108026175,1.8561
6214,11,118,10.73,6.2,0,corps,12.768051985844062,1.8364
6215,20,243,12.15,10.2,0,corps,12.763669055674995,3.4459
6216,23,379,16.48,11.6,0,corps,12.759288316423234,2.6465
6217,20,229,11.45,10.2,0,corps,12.754909766993602,3.0505
6218,17,213,12.53,8.9,0,corps,12.750533406291453,2.1142
6219,8,59,7.38,4.9,0,corps,12.7461592332227,2.7160
6220,28,397,14.18,13.8,0,corps,12.741787246693809,2.5749
6221,7,81,11.57,4.4,0,corps,12.737417445611769,2.0186
6222,23,279,12.13,11.6,0,corps,12.733049828884136,2.6404
6223,12,80,6.67,6.7,0,corps,12.728684395419009,2.6966
6224,21,291,13.86,10.7,0,corps,12.724321144125023,1.8136
6225,12,149,12.42,6.7,0,corps,12.719960073911372,2.5315
6226,22,261,11.86,11.1,0,corps,12.715601183687781,2.6760
6227,9,119,13.22,5.3,0,corps,12.71124447236453,1.4959
6228,13,134,10.31,7.1,0,corps,12.706889938852447,2.0280
6229,9,114,12.67,5.3,0,corps,12.702537582062892,4.8452
6230,31,379,12.23,15.1,0,corps,12.698187400907775,2.0074
6231,8,94,11.75,4.9,0,corps,12.69383939429956,1.6318
6232,23,266,11.57,11.6,0,corps,12.689493561151233,5.1956
6233,24,355,14.79,12.0,0,corps,12.685149900376347,1.7117
6234,30,347,11.57,14.7,0,corps,12.680808410888977,2.5029
6235,31,347,11.19,15.1,0,corps,12.676469091603757,1.8875
6236,10,129,12.90,5.8,0,corps,12.672131941435854,3.6026
6237,13,144,11.08,7.1,0,corps,12.667796959300981,1.5078
6238,36,504,14.00,17.3,0,corps,12.663464144115395,3.8727
6239,22,278,12.64,11.1,0,corps,12.65913349479589,3.0155
6240,15,173,11.53,8.0,0,corps,12.654805010259802,3.1380
6241,23,293,12.74,11.6,0,corps,12.650478689425013,2.4874
6242,9,81,9.00,5.3,0,corps,12.646154531209941,2.3597
6243,18,221,12.28,9.3,0,corps,12.641832534533545,2.9602
6244,16,185,11.56,8.4,0,corps,12.637512698315332,2.4610
6245,4,71,17.75,3.1,0,corps,12.633195021475332,1.0798
6246,20,301,15.05,10.2,0,corps,12.628879502934137,2.7922
6247,26,321,12.35,12.9,0,corps,12.624566141612863,1.6409
6248,33,447,13.55,16.0,0,corps,12.620254936433167,4.7128
6249,19,221,11.63,9.8,0,corps,12.615945886317254,2.7542
6250,5,56,11.20,3.6,0,corps,12.611638990187855,1.5519
6251,11,106,9.64,6.2,0,corps,12.607334246968243,3.7984
6252,20,293,14.65,10.2,0,corps,12.603031655582248,3.0013
6253,37,483,13.05,17.8,0,corps,12.598731214954206,3.1570
6254,9,114,12.67,5.3,0,corps,12.594432924009013,1.5584
6255,17,211,12.41,8.9,0,corps,12.590136781672095,1.5073
6256,35,425,12.14,16.9,0,corps,12.585842786869417,2.7557
6257,18,226,12.56,9.3,0,corps,12.581550938527483,3.6787
6258,29,403,13.90,14.2,0,corps,12.577261235573326,2.4448
6259,13,204,15.69,7.1,0,corps,12.57297367693452,3.6411
6260,34,526,15.47,16.4,0,corps,12.568688261539185,3.4332
6261,22,352,16.00,11.1,0,corps,12.564404988315955,2.4946
6262,9,108,12.00,5.3,0,corps,12.56012385619402,1.1845
6263,42,583,13.88,20.0,0,corps,12.555844864103088,2.4196
6264,25,358,14.32,12.4,0,corps,12.551568010973421,2.5828
6265,6,60,10.00,4.0,0,corps,12.5472932957358,6.3205
6266,19,207,10.89,9.8,0,corps,12.543020717321548,2.3856
6267,15,187,12.47,8.0,0,corps,12.538750274662519,1.5417
6268,22,239,10.86,11.1,0,corps,12.534481966691105,3.7598
6269,14,212,15.14,7.6,0,corps,12.530215792340224,1.2758
6270,17,172,10.12,8.9,0,corps,12.52595175054334,4.5932
6271,13,189,14.54,7.1,0,corps,12.521689840234435,1.0536
6272,23,316,13.74,11.6,0,corps,12.517430060348033,2.3208
6273,47,752,16.00,22.2,0,corps,12.513172409819193,2.1067
6274,30,350,11.67,14.7,0,corps,12.5089168875835,2.5643
6275,13,160,12.31,7.1,0,corps,12.50466349257707,3.7753
6276,28,387,13.82,13.8,0,corps,12.500412223736562,2.0599
6277,20,283,14.15,10.2,0,corps,12.496163079999151,1.1548
6278,37,488,13.19,17.8,0,corps,12.491916060302554,1.5352
6279,14,198,14.14,7.6,0,corps,12.487671163585018,1.2690
6280,5,45,9.00,3.6,0,corps,12.483428388785315,1.7782
6281,2,13,6.50,2.2,0,corps,12.479187734842759,1.5156
6282,32,411,12.84,15.6,0,corps,12.474949200697175,1.9533
6283,34,425,12.50,16.4,0,corps,12.470712785288935,2.7828
6284,24,301,12.54,12.0,0,corps,12.466478487558938,3.6167
6285,21,287,13.67,10.7,0,corps,12.462246306448607,1.9715
6286,31,496,16.00,15.1,0,corps,12.458016240899896,2.9539
6287,2,32,16.00,2.2,0,corps,12.453788289855291,1.1953
6288,17,260,15.29,8.9,0,corps,12.449562452257801,2.8822
6289,12,143,11.92,6.7,0,corps,12.445338727050967,2.4176
6290,15,193,12.87,8.0,0,corps,12.44111711317886,2.5424
6291,21,291,13.86,10.7,0,corps,12.436897609586072,2.4553
6292,19,267,14.05,9.8,0,corps,12.432680215217736,1.3525
6293,20,218,10.90,10.2,0,corps,12.428464929019494,5.1165
6294,15,142,9.47,8.0,0,corps,12.424251749937534,2.7018
6295,2,21,10.50,2.2,0,corps,12.420040676918548,1.5848
6296,40,432,10.80,19.1,0,corps,12.415831708909774,1.6584
6297,24,324,13.50,12.0,0,corps,12.411624844858979,3.9322
6298,18,331,18.39,9.3,0,corps,12.407420083714435,2.0745
6299,18,206,11.44,9.3,0,corps,12.403217424424954,1.3872
6300,30,329,10.97,14.7,0,corps,12.399016865939878,2.6051
6301,24,321,13.38,12.0,0,corps,12.394818407209055,2.0693
6302,33,434,13.15,16.0,0,corps,12.390622047182884,1.7021
6303,15,191,12.73,8.0,0,corps,12.386427784812264,1.6893
6304,13,160,12.31,7.1,0,corps,12.382235619048634,3.0679
6305,19,207,10.89,9.8,0,corps,12.378045548843957,4.1731
6306,14,218,15.57,7.6,0,corps,12.373857573150707,1.0110
6307,20,227,11.35,10.2,0,corps,12.369671690921894,1.4984
6308,9,78,8.67,5.3,0,corps,12.365487901111049,2.0344
6309,18,265,14.72,9.3,0,corps,12.361306202672221,1.5659
6310,14,149,10.64,7.6,0,corps,12.35712659455999,4.2868
6311,18,189,10.50,9.3,0,corps,12.352949075729446,2.4229
6312,3,57,19.00,2.7,0,corps,12.348773645136218,0.7835
6313,20,280,14.00,10.2,0,corps,12.344600301736447,1.6686
6314,9,142,15.78,5.3,0,corps,12.340429044486791,3.8672
6315,12,155,12.92,6.7,0,corps,12.33625987234444,4.0499
6316,18,235,13.06,9.3,0,corps,12.332092784267104,4.0630
6317,22,229,10.41,11.1,0,corps,12.327927779213002,4.2632
6318,20,341,17.05,10.2,0,corps,12.323764856140896,1.3178
6319,24,332,13.83,12.0,0,corps,12.319604014010038,2.2738
6320,20,243,12.15,10.2,0,corps,12.315445251780233,2.1598
6321,17,187,11.00,8.9,0,corps,12.311288568411783,4.2239
6322,23,274,11.91,11.6,0,corps,12.307133962865516,2.1131
6323,25,261,10.44,12.4,0,corps,12.302981434102783,3.7613
6324,23,278,12.09,11.6,0,corps,12.298830981085457,1.8324
6325,6,43,7.17,4.0,0,corps,12.294682602775914,10.6618
6326,11,186,16.91,6.2,0,corps,12.29053629813707,1.3205
6327,18,197,10.94,9.3,0,corps,12.28639206613234,3.4946
6328,16,159,9.94,8.4,0,corps,12.28224990572567,2.6022
6329,19,272,14.32,9.8,0,corps,12.278109815881521,2.6392
6330,22,298,13.55,11.1,0,corps,12.273971795564867,1.6184
6331,28,377,13.46,13.8,0,corps,12.269835843741205,3.4320
6332,13,189,14.54,7.1,0,corps,12.265701959376548,1.6002
6333,26,284,10.92,12.9,0,corps,12.261570141437424,3.8779
6334,20,239,11.95,10.2,0,corps,12.257440388890881,3.3587
6335,15,139,9.27,8.0,0,corps,12.253312700704475,3.1225
6336,19,253,13.32,9.8,0,corps,12.249187075846288,2.2673
6337,15,126,8.40,8.0,0,corps,12.245063513284911,1.9266
6338,26,298,11.46,12.9,0,corps,12.240942011989459,1.6332
6339,27,371,13.74,13.3,0,corps,12.236822570929547,2.4698
6340,21,279,13.29,10.7,0,corps,12.232705189075327,1.6511
6341,22,282,12.82,11.1,0,corps,12.228589865397444,2.9648
6342,8,94,11.75,4.9,0,corps,12.224476598867074,1.4461
6343,25,324,12.96,12.4,0,corps,12.220365388455892,1.9362
6344,31,410,13.23,15.1,0,corps,12.2162562331361,2.2692
6345,16,146,9.12,8.4,0,corps,12.212149131880413,2.0258
6346,17,204,12.00,8.9,0,corps,12.208044083662047,3.2506
6347,16,224,14.00,8.4,0,corps,12.203941087454744,2.2724
6348,25,282,11.28,12.4,0,corps,12.199840142232762,4.0393
6349,20,198,9.90,10.2,0,corps,12.195741246970854,3.9934
6350,12,160,13.33,6.7,0,corps,12.191644400644302,2.4282
6351,14,182,13.00,7.6,0,corps,12.187549602228891,2.3658
6352,18,226,12.56,9.3,0,corps,12.183456850700924,2.6161
6353,26,363,13.96,12.9,0,corps,12.179366145037216,3.3110
6354,23,299,13.00,11.6,0,corps,12.17527748421508,2.9099
6355,19,259,13.63,9.8,0,corps,12.171190867212362,1.7386
6356,23,409,17.78,11.6,0,corps,12.167106293007404,2.7144
6357,25,332,13.28,12.4,0,corps,12.163023760579058,1.6939
6358,13,174,13.38,7.1,0,corps,12.1589432689067,3.2458
6359,23,346,15.04,11.6,0,corps,12.154864816970196,1.5881
6360,32,480,15.00,15.6,0,corps,12.15078840374994,2.4550
6361,29,431,14.86,14.2,0,corps,12.146714028226832,1.9315
6362,16,269,16.81,8.4,0,corps,12.142641689382266,1.0479
6363,22,306,13.91,11.1,0,corps,12.13857138619817,1.7689
6364,15,171,11.40,8.0,0,corps,12.134503117656964,2.5058
6365,27,382,14.15,13.3,0,corps,12.130436882741574,1.7156
6366,20,223,11.15,10.2,0,corps,12.126372680435454,1.7508
6367,26,329,12.65,12.9,0,corps,12.122310509722542,1.2681
6368,15,210,14.00,8.0,0,corps,12.1182503695873,2.6039
6369,27,382,14.15,13.3,0,corps,12.114192259014695,1.7399
6370,31,417,13.45,15.1,0,corps,12.110136176990194,2.5709
6371,17,235,13.82,8.9,0,corps,12.106082122499782,0.9778
6372,10,106,10.60,5.8,0,corps,12.102030094529942,1.4611
6373,21,248,11.81,10.7,0,corps,12.097980092067665,2.0817
6374,32,431,13.47,15.6,0,corps,12.093932114100458,1.7902
6375,20,254,12.70,10.2,0,corps,12.08988615961632,3.6825
6376,17,168,9.88,8.9,0,corps,12.08584222760376,2.2602
6377,20,255,12.75,10.2,0,corps,12.081800317051805,1.3265
6378,6,62,10.33,4.0,0,corps,12.077760426949968,1.2518
6379,33,413,12.52,16.0,0,corps,12.073722556288283,1.5523
6380,4,46,11.50,3.1,0,corps,12.069686704057277,1.5265
6381,22,298,13.55,11.1,0,corps,12.065652869247986,2.2903
6382,21,249,11.86,10.7,0,corps,12.061621050851961,1.4316
6383,21,258,12.29,10.7,0,corps,12.057591247861236,1.6462
6384,21,338,16.10,10.7,0,corps,12.053563459268362,2.4547
6385,18,332,18.44,9.3,0,corps,12.049537684066403,2.1934
6386,24,319,13.29,12.0,0,corps,12.0455139212489,2.2950
6387,13,172,13.23,7.1,0,corps,12.041492169809926,2.0006
6388,21,236,11.24,10.7,0,corps,12.037472428744028,2.2473
6389,14,177,12.64,7.6,0,corps,12.033454697046283,1.7352
6390,23,340,14.78,11.6,0,corps,12.029438973712258,1.3871
6391,6,98,16.33,4.0,0,corps,12.025425257738013,1.7754
6392,21,298,14.19,10.7,0,corps,12.021413548120124,2.1942
6393,19,270,14.21,9.8,0,corps,12.017403843855668,2.6546
6394,25,334,13.36,12.4,0,corps,12.01339614394221,2.9153
6395,20,273,13.65,10.2,0,corps,12.009390447377836,2.6081
6396,32,419,13.09,15.6,0,corps,12.00538675316111,2.2053
6397,28,356,12.71,13.8,0,corps,12.001385060291112,3.0604
6398,24,325,13.54,12.0,0,corps,11.997385367767427,2.6030
6399,17,269,15.82,8.9,0,corps,11.993387674590123,2.1244
6400,32,423,13.22,15.6,0,corps,11.989391979759779,2.6968
6401,26,361,13.88,12.9,0,corps,11.98539828227747,2.0167
6402,11,148,13.45,6.2,0,corps,11.981406581144775,4.1256
6403,24,275,11.46,12.0,0,corps,11.977416875363769,1.6326
6404,21,252,12.00,10.7,0,corps,11.973429163937018,3.3921
6405,32,381,11.91,15.6,0,corps,11.969443445867602,1.9063
6406,22,239,10.86,11.1,0,corps,11.965459720159094,2.2048
6407,24,284,11.83,12.0,0,corps,11.961477985815549,1.7121
6408,9,170,18.89,5.3,0,corps,11.957498241841547,1.1659
6409,15,158,10.53,8.0,0,corps,11.953520487242148,1.9919
6410,26,263,10.12,12.9,0,corps,11.949544721022908,3.3690
6411,10,126,12.60,5.8,0,corps,11.945570942189896,2.2042
6412,14,190,13.57,7.6,0,corps,11.941599149749655,2.1635
6413,26,339,13.04,12.9,0,corps,11.937629342709243,2.2764
6414,21,220,10.48,10.7,0,corps,11.93366152007621,3.2439
6415,37,554,14.97,17.8,0,corps,11.929695680858599,1.7203
6416,17,186,10.94,8.9,0,corps,11.925731824064945,1.5156
6417,11,164,14.91,6.2,0,corps,11.921769948704295,1.1819
6418,18,186,10.33,9.3,0,corps,11.917810053786168,4.1699
6419,17,269,15.82,8.9,0,corps,11.913852138320602,1.4640
6420,10,112,11.20,5.8,0,corps,11.909896201318105,1.9966
6421,10,65,6.50,5.8,0,corps,11.905942241789703,5.5308
6422,17,218,12.82,8.9,0,corps,11.901990258746903,2.4959
6423,20,275,13.75,10.2,0,corps,11.898040251201705,2.9169
6424,19,181,9.53,9.8,0,corps,11.894092218166612,3.5781
6425,10,111,11.10,5.8,0,corps,11.890146158654618,4.6730
6426,15,205,13.67,8.0,0,corps,11.886202071679202,1.6566
6427,17,198,11.65,8.9,0,corps,11.882259956254348,1.6151
6428,14,181,12.93,7.6,0,corps,11.878319811394523,3.6596
6429,21,232,11.05,10.7,0,corps,11.87438163611469,3.8452
6430,18,208,11.56,9.3,0,corps,11.87044542943031,3.5347
6431,20,280,14.00,10.2,0,corps,11.866511190357324,1.3201
6432,23,269,11.70,11.6,0,corps,11.862578917912177,1.6525
6433,30,393,13.10,14.7,0,corps,11.858648611111805,1.8716
6434,34,465,13.68,16.4,0,corps,11.854720268973622,3.0875
6435,12,204,17.00,6.7,0,corps,11.850793890515554,4.0113
6436,13,175,13.46,7.1,0,corps,11.84686947475599,1.4717
6437,36,551,15.31,17.3,0,corps,11.84294702071384,1.9333
6438,22,294,13.36,11.1,0,corps,11.839026527408489,2.1863
6439,21,269,12.81,10.7,0,corps,11.835107993859806,2.4555
6440,21,222,10.57,10.7,0,corps,11.831191419088164,1.8087
6441,16,215,13.44,8.4,0,corps,11.82727680211442,1.1165
6442,19,238,12.53,9.8,0,corps,11.823364141959914,1.8793
6443,14,136,9.71,7.6,0,corps,11.819453437646487,1.6730
6444,23,317,13.78,11.6,0,corps,11.815544688196459,2.0875
6445,17,246,14.47,8.9,0,corps,11.811637892632643,2.9389
6446,13,154,11.85,7.1,0,corps,11.807733049978342,3.8235
6447,15,213,14.20,8.0,0,corps,11.803830159257341,1.3269
6448,15,238,15.87,8.0,0,corps,11.79992921949392,1.0329
6449,29,363,12.52,14.2,0,corps,11.796030229712851,2.9567
6450,13,190,14.62,7.1,0,corps,11.792133188939374,3.1136
6451,30,411,13.70,14.7,0,corps,11.78823809619924,2.6554
6452,20,318,15.90,10.2,0,corps,11.784344950518665,0.9866
6453,25,265,10.60,12.4,0,corps,11.780453750924371,1.3689
6454,17,226,13.29,8.9,0,corps,11.776564496443557,2.2880
6455,29,310,10.69,14.2,0,corps,11.772677186103905,2.9960
6456,28,406,14.50,13.8,0,corps,11.768791818933588,2.6489
6457,22,242,11.00,11.1,0,corps,11.76490839396127,2.2095
6458,29,348,12.00,14.2,0,corps,11.76102691021609,2.9986
6459,13,180,13.85,7.1,0,corps,11.757147366727683,4.1428
6460,20,225,11.25,10.2,0,corps,11.75326976252615,2.9095
6461,24,341,14.21,12.0,0,corps,11.7493940966421,1.9945
6462,21,356,16.95,10.7,0,corps,11.745520368106618,2.1066
6463,32,452,14.12,15.6,0,corps,11.741648575951263,4.4315
6464,16,232,14.50,8.4,0,corps,11.737778719208094,2.3669
6465,25,416,16.64,12.4,0,corps,11.73391079690965,2.4557
6466,33,488,14.79,16.0,0,corps,11.730044808088941,3.8684
6467,22,325,14.77,11.1,0,corps,11.726180751779475,3.8636
6468,16,192,12.00,8.4,0,corps,11.722318627015236,3.4527
6469,19,221,11.63,9.8,0,corps,11.718458432830694,2.5904
6470,26,463,17.81,12.9,0,corps,11.714600168260805,2.8354
6471,19,314,16.53,9.8,0,corps,11.710743832340995,1.5391
6472,24,318,13.25,12.0,0,corps,11.706889424107182,2.6923
6473,9,143,15.89,5.3,0,corps,11.703036942595766,1.0384
6474,19,230,12.11,9.8,0,corps,11.699186386843625,2.7646
6475,14,228,16.29,7.6,0,corps,11.695337755888124,3.2013
6476,16,200,12.50,8.4,0,corps,11.691491048767096,1.8755
6477,30,382,12.73,14.7,0,corps,11.687646264518875,3.4569
6478,24,266,11.08,12.0,0,corps,11.683803402182264,2.0409
6479,30,463,15.43,14.7,0,corps,11.679962460796537,2.7089
6480,17,296,17.41,8.9,0,corps,11.676123439401465,1.1663
6481,18,298,16.56,9.3,0,corps,11.672286337037296,1.7013
6482,21,251,11.95,10.7,0,corps,11.66845115274475,2.4112
6483,28,431,15.39,13.8,0,corps,11.664617885565034,2.5950
6484,23,313,13.61,11.6,0,corps,11.660786534539827,2.8998
6485,20,255,12.75,10.2,0,corps,11.656957098711294,2.6814
6486,15,176,11.73,8.0,0,corps,11.653129577122076,1.3625
6487,23,373,16.22,11.6,0,corps,11.64930396881529,1.6290
6488,11,115,10.45,6.2,0,corps,11.645480272834538,1.2721
6489,16,282,17.62,8.4,0,corps,11.641658488223896,0.8943
6490,25,333,13.32,12.4,0,corps,11.637838614027912,2.3002
6491,13,198,15.23,7.1,0,corps,11.634020649291624,1.2535
6492,23,293,12.74,11.6,0,corps,11.630204593060537,2.3443
6493,38,596,15.68,18.2,0,corps,11.626390444380636,2.8697
6494,34,508,14.94,16.4,0,corps,11.622578202298389,3.0914
6495,3,48,16.00,2.7,0,corps,11.618767865860733,0.8110
6496,19,228,12.00,9.8,0,corps,11.614959434115079,2.5242
6497,32,493,15.41,15.6,0,corps,11.611152906109327,1.4395
6498,22,272,12.36,11.1,0,corps,11.607348280891838,1.4592
6499,21,295,14.05,10.7,0,corps,11.603545557511463,2.0481
6500,18,264,14.67,9.3,0,corps,11.599744735017515,2.5985
6501,22,269,12.23,11.1,0,corps,11.595945812459787,2.0018
6502,25,347,13.88,12.4,0,corps,11.592148788888556,2.1698
6503,24,329,13.71,12.0,0,corps,11.588353663354562,2.1280
6504,19,244,12.84,9.8,0,corps,11.584560434909022,1.4980
6505,5,46,9.20,3.6,0,corps,11.58076910260363,1.5432
6506,9,78,8.67,5.3,0,corps,11.57697966549055,1.8620
6507,10,96,9.60,5.8,0,corps,11.57319212262243,5.1407
6508,36,411,11.42,17.3,0,corps,11.569406473052378,4.4249
6509,20,200,10.00,10.2,0,corps,11.565622715833983,3.9633
6510,21,267,12.71,10.7,0,corps,11.561840850021312,1.5331
6511,3,29,9.67,2.7,0,corps,11.558060874668888,1.4355
6512,13,150,11.54,7.1,0,corps,11.554282788831724,4.0218
6513,25,262,10.48,12.4,0,corps,11.550506591565297,1.6308
6514,22,265,12.05,11.1,0,corps,11.54673228192555,1.7024
6515,18,219,12.17,9.3,0,corps,11.542959858968924,2.7345
6516,21,240,11.43,10.7,0,corps,11.539189321752295,2.6283
6517,3,43,14.33,2.7,0,corps,11.535420669333035,0.8934
6518,5,91,18.20,3.6,0,corps,11.531653900768987,0.9824
6519,25,330,13.20,12.4,0,corps,11.527889015118447,1.7381
6520,8,117,14.62,4.9,0,corps,11.524126011440206,3.6442
6521,19,157,8.26,9.8,0,corps,11.520364888793502,3.5805
6522,21,277,13.19,10.7,0,corps,11.516605646238062,2.5353
6523,22,270,12.27,11.1,0,corps,11.512848282834073,2.0795
6524,26,380,14.62,12.9,0,corps,11.509092797642193,2.6262
6525,18,263,14.61,9.3,0,corps,11.505339189723552,2.3345
6526,10,115,11.50,5.8,0,corps,11.501587458139747,2.6510
6527,22,280,12.73,11.1,0,corps,11.497837601952845,2.7633
6528,13,128,9.85,7.1,0,corps,11.494089620225386,1.6452
6529,9,124,13.78,5.3,0,corps,11.490343512020369,1.6215
6530,17,192,11.29,8.9,0,corps,11.486599276401266,3.5049
6531,14,170,12.14,7.6,0,corps,11.482856912432023,1.6388
6532,3,48,16.00,2.7,0,corps,11.47911641917705,0.8639
6533,18,241,13.39,9.3,0,corps,11.475377795701217,1.5807
6534,41,572,13.95,19.6,0,corps,11.471641041069875,2.1736
6535,31,407,13.13,15.1,0,corps,11.467906154348828,1.3662
6536,5,101,20.20,3.6,0,corps,11.464173134604364,0.9129
6537,14,126,9.00,7.6,0,corps,11.46044198090322,1.8332
6538,25,344,13.76,12.4,0,corps,11.456712692312607,2.4351
6539,28,362,12.93,13.8,0,corps,11.452985267900209,2.5553
6540,9,98,10.89,5.3,0,corps,11.449259706734166,4.3313
6541,16,245,15.31,8.4,0,corps,11.445536007883087,1.9039
6542,21,303,14.43,10.7,0,corps,11.441814170416054,1.5253
6543,26,360,13.85,12.9,0,corps,11.438094193402595,1.2495
6544,33,370,11.21,16.0,0,corps,11.43437607591273,2.0232
6545,14,168,12.00,7.6,0,corps,11.43065981701692,2.0368
6546,34,414,12.18,16.4,0,corps,11.426945415786099,1.9494
6547,19,233,12.26,9.8,0,corps,11.423232871291678,1.5634
6548,6,51,8.50,4.0,0,corps,11.419522182605506,2.7725
6549,11,109,9.91,6.2,0,corps,11.415813348799922,1.4990
6550,8,91,11.38,4.9,0,corps,11.412106368947716,2.3942
6551,11,145,13.18,6.2,0,corps,11.408401242122137,1.3365
6552,24,315,13.12,12.0,0,corps,11.404697967396912,1.1740
6553,28,334,11.93,13.8,0,corps,11.400996543846212,2.8955
6554,17,214,12.59,8.9,0,corps,11.397296970544687,1.5291
6555,14,141,10.07,7.6,0,corps,11.39359924656745,2.3018
6556,15,179,11.93,8.0,0,corps,11.389903370990057,2.0066
6557,17,213,12.53,8.9,0,corps,11.386209342888542,3.5552
6558,28,399,14.25,13.8,0,corps,11.38251716133941,1.6607
6559,18,241,13.39,9.3,0,corps,11.3788268254196,1.7392
6560,18,207,11.50,9.3,0,corps,11.37513833420654,2.4188
6561,19,293,15.42,9.8,0,corps,11.371451686778098,2.3599
6562,33,457,13.85,16.0,0,corps,11.367766882212615,3.9108
6563,27,315,11.67,13.3,0,corps,11.364083919588893,1.7626
6564,23,271,11.78,11.6,0,corps,11.360402797986191,3.7408
6565,15,187,12.47,8.0,0,corps,11.356723516484221,1.5768
6566,30,301,10.03,14.7,0,corps,11.353046074163176,2.5440
6567,13,175,13.46,7.1,0,corps,11.34937047010368,4.6511
6568,19,214,11.26,9.8,0,corps,11.345696703386848,2.1491
6569,20,319,15.95,10.2,0,corps,11.342024773094225,1.1342
6570,16,205,12.81,8.4,0,corps,11.338354678307835,3.2297
6571,21,263,12.52,10.7,0,corps,11.334686418110154,2.9366
6572,25,384,15.36,12.4,0,corps,11.331019991584112,1.6899
6573,24,296,12.33,12.0,0,corps,11.327355397813108,2.1789
6574,19,211,11.11,9.8,0,corps,11.323692635880994,2.4634
6575,19,276,14.53,9.8,0,corps,11.320031704872074,1.7090
6576,19,201,10.58,9.8,0,corps,11.316372603871121,3.6157
6577,17,249,14.65,8.9,0,corps,11.312715331963355,1.2337
6578,21,265,12.62,10.7,0,corps,11.30905988823446,2.1612
6579,22,270,12.27,11.1,0,corps,11.305406271770577,1.8600
6580,26,416,16.00,12.9,0,corps,11.3017544816583,2.4114
6581,25,328,13.12,12.4,0,corps,11.298104516984678,3.1737
6582,31,439,14.16,15.1,0,corps,11.294456376837225,2.4776
6583,24,287,11.96,12.0,0,corps,11.290810060303905,3.1862
6584,22,349,15.86,11.1,0,corps,11.28716556647314,4.7096
6585,17,297,17.47,8.9,0,corps,11.283522894433801,1.5436
6586,20,289,14.45,10.2,0,corps,11.279882043275224,1.5545
6587,37,477,12.89,17.8,0,corps,11.276243012087198,3.4554
6588,27,354,13.11,13.3,0,corps,11.272605799959958,2.3677
6589,36,630,17.50,17.3,0,corps,11.268970405984211,2.4614
6590,18,209,11.61,9.3,0,corps,11.265336829251101,1.1590
6591,19,301,15.84,9.8,0,corps,11.261705068852237,2.4800
6592,39,509,13.05,18.7,0,corps,11.25807512387968,2.0535
6593,27,357,13.22,13.3,0,corps,11.25444699342594,2.5519
6594,13,200,15.38,7.1,0,corps,11.250820676583984,2.6411
6595,15,242,16.13,8.0,0,corps,11.247196172447238,0.9003
6596,26,359,13.81,12.9,0,corps,11.24357348010957,2.8058
6597,18,247,13.72,9.3,0,corps,11.239952598665312,1.2396
6598,25,356,14.24,12.4,0,corps,11.236333527209242,2.7021
6599,24,356,14.83,12.0,0,corps,11.232716264836586,1.7623
6600,21,266,12.67,10.7,0,corps,11.229100810643041,3.0813
6601,25,350,14.00,12.4,0,corps,11.225487163724734,2.7852
6602,11,148,13.45,6.2,0,corps,11.221875323178255,1.1666
6603,20,282,14.10,10.2,0,corps,11.218265288100646,2.1437
6604,13,169,13.00,7.1,0,corps,11.214657057589392,2.6021
6605,24,391,16.29,12.0,0,corps,11.211050630742442,1.7018
6606,24,323,13.46,12.0,0,corps,11.20744600665819,2.5527
6607,6,83,13.83,4.0,0,corps,11.203843184435474,1.3135
6608,21,276,13.14,10.7,0,corps,11.200242163173597,2.9436
6609,27,364,13.48,13.3,0,corps,11.196642941972293,1.4204
6610,20,297,14.85,10.2,0,corps,11.19304551993176,1.4558
6611,28,406,14.50,13.8,0,corps,11.18944989615265,1.6165
6612,8,78,9.75,4.9,0,corps,11.185856069736047,1.9382
6613,10,200,20.00,5.8,0,corps,11.182264039783501,3.0305
6614,17,231,13.59,8.9,0,corps,11.178673805397004,3.1736
6615,40,604,15.10,19.1,0,corps,11.175085365678994,3.0240
6616,16,180,11.25,8.4,0,corps,11.171498719732364,1.9189
6617,23,285,12.39,11.6,0,corps,11.16791386666045,3.1064
6618,16,273,17.06,8.4,0,corps,11.164330805567038,1.3332
6619,34,456,13.41,16.4,0,corps,11.16074953555637,1.9665
6620,27,437,16.19,13.3,0,corps,11.157170055733118,1.6479
6621,23,256,11.13,11.6,0,corps,11.15359236520242,2.9375
6622,8,91,11.38,4.9,0,corps,11.15001646306985,1.3048
6623,25,333,13.32,12.4,0,corps,11.146442348441433,1.2534
6624,27,331,12.26,13.3,0,corps,11.142870020423642,2.7711
6625,19,271,14.26,9.8,0,corps,11.139299478123391,2.4570
6626,8,129,16.12,4.9,0,corps,11.135730720648047,3.4875
6627,25,360,14.40,12.4,0,corps,11.13216374710542,2.6923
6628,20,212,10.60,10.2,0,corps,11.128598556603766,3.1893
6629,18,231,12.83,9.3,0,corps,11.125035148251794,2.2931
6630,19,255,13.42,9.8,0,corps,11.12147352115864,1.2661
6631,27,323,11.96,13.3,0,corps,11.117913674433904,2.1702
6632,35,516,14.74,16.9,0,corps,11.114355607187626,1.5030
6633,8,71,8.88,4.9,0,corps,11.110799318530285,1.7229
6634,19,188,9.89,9.8,0,corps,11.10724480757281,2.0009
6635,15,168,11.20,8.0,0,corps,11.103692073426577,3.2106
6636,16,188,11.75,8.4,0,corps,11.1001411152034,2.8704
6637,15,155,10.33,8.0,0,corps,11.096591932015535,2.5316
6638,19,280,14.74,9.8,0,corps,11.09304452297569,1.4016
6639,17,171,10.06,8.9,0,corps,11.089498887197013,1.4374
6640,33,326,9.88,16.0,0,corps,11.085955023793097,1.7454
6641,10,144,14.40,5.8,0,corps,11.082412931877975,3.8262
6642,26,318,12.23,12.9,0,corps,11.078872610566117,2.0141
6643,17,227,13.35,8.9,0,corps,11.075334058972455,4.2431
6644,18,236,13.11,9.3,0,corps,11.071797276212342,3.2727
6645,28,384,13.71,13.8,0,corps,11.068262261401586,2.3842
6646,17,257,15.12,8.9,0,corps,11.06472901365643,2.1353
6647,27,377,13.96,13.3,0,corps,11.061197532093564,2.6139
6648,38,416,10.95,18.2,0,corps,11.057667815830118,2.9092
6649,20,273,13.65,10.2,0,corps,11.054139863983664,1.5764
6650,20,243,12.15,10.2,0,corps,11.050613675672214,1.5155
6651,24,417,17.38,12.0,0,corps,11.047089250014217,3.0828
6652,23,406,17.65,11.6,0,corps,11.04356658612857,2.6520
6653,26,401,15.42,12.9,0,corps,11.040045683134608,2.3516
6654,11,120,10.91,6.2,0,corps,11.0365265401521,3.4905
6655,26,380,14.62,12.9,0,corps,11.033009156301265,3.0554
6656,18,211,11.72,9.3,0,corps,11.029493530702759,3.2723
6657,30,447,14.90,14.7,0,corps,11.025979662477667,1.5946
6658,20,187,9.35,10.2,0,corps,11.022467550747528,1.7041
6659,19,217,11.42,9.8,0,corps,11.018957194634316,1.4690
6660,24,251,10.46,12.0,0,corps,11.015448593260437,3.5099
6661,25,281,11.24,12.4,0,corps,11.011941745748747,2.4771
6662,22,319,14.50,11.1,0,corps,11.008436651222524,3.0339
6663,26,357,13.73,12.9,0,corps,11.004933308805503,2.0491
6664,29,319,11.00,14.2,0,corps,11.001431717621848,3.4787
6665,24,378,15.75,12.0,0,corps,10.997931876796157,1.3280
6666,29,381,13.14,14.2,0,corps,10.99443378545347,2.5544
6667,19,253,13.32,9.8,0,corps,10.99093744271927,1.3655
6668,13,137,10.54,7.1,0,corps,10.98744284771946,2.7757
6669,17,217,12.76,8.9,0,corps,10.983949999580405,3.4265
6670,24,419,17.46,12.0,0,corps,10.980458897428885,2.7533
6671,2,10,5.00,2.2,0,corps,10.976969540392123,2.3399
6672,24,265,11.04,12.0,0,corps,10.973481927597787,1.9160
6673,18,236,13.11,9.3,0,corps,10.969996058173964,2.2017
6674,42,552,13.14,20.0,0,corps,10.966511931249192,1.9447
6675,23,240,10.43,11.6,0,corps,10.963029545952446,3.5047
6676,38,497,13.08,18.2,0,corps,10.959548901413116,1.7719
6677,33,454,13.76,16.0,0,corps,10.95606999676105,2.8366
6678,6,95,15.83,4.0,0,corps,10.95259283112652,0.9803
6679,32,434,13.56,15.6,0,corps,10.949117403640232,2.1268
6680,26,395,15.19,12.9,0,corps,10.945643713433334,2.4154
6681,21,283,13.48,10.7,0,corps,10.942171759637398,3.1248
6682,22,270,12.27,11.1,0,corps,10.938701541384438,2.6849
6683,24,279,11.62,12.0,0,corps,10.9352330578069,2.3207
6684,22,280,12.73,11.1,0,corps,10.931766308037663,3.4591
6685,18,206,11.44,9.3,0,corps,10.92830129121004,4.5674
6686,30,388,12.93,14.7,0,corps,10.924838006457774,2.4040
6687,29,338,11.66,14.2,0,corps,10.921376452915046,2.2051
6688,14,153,10.93,7.6,0,corps,10.917916629716467,2.7017
6689,7,102,14.57,4.4,0,corps,10.914458535997085,1.0987
6690,26,305,11.73,12.9,0,corps,10.911002170892367,1.5624
6691,20,222,11.10,10.2,0,corps,10.907547533538233,4.1265
6692,34,436,12.82,16.4,0,corps,10.904094623071014,1.5348
6693,30,345,11.50,14.7,0,corps,10.900643438627492,2.5643
6694,25,312,12.48,12.4,0,corps,10.897193979344861,1.2696
6695,18,204,11.33,9.3,0,corps,10.893746244360763,2.4567
6696,12,142,11.83,6.7,0,corps,10.890300232813264,3.1757
6697,24,337,14.04,12.0,0,corps,10.886855943840853,2.6508
6698,9,139,15.44,5.3,0,corps,10.883413376582466,3.9410
6699,19,310,16.32,9.8,0,corps,10.879972530177461,1.8865
6700,16,152,9.50,8.4,0,corps,10.876533403765626,3.0972
6701,14,141,10.07,7.6,0,corps,10.873095996487175,2.7504
6702,21,311,14.81,10.7,0,corps,10.869660307482759,2.3993
6703,25,349,13.96,12.4,0,corps,10.866226335893456,2.7895
6704,27,336,12.44,13.3,0,corps,10.862794080860775,2.5714
6705,22,262,11.91,11.1,0,corps,10.859363541526646,1.8184
6706,20,249,12.45,10.2,0,corps,10.855934717033438,2.8235
6707,38,565,14.87,18.2,0,corps,10.852507606523949,4.2928
6708,11,98,8.91,6.2,0,corps,10.849082209141391,3.7364
6709,16,161,10.06,8.4,0,corps,10.84565852402943,2.7601
6710,30,323,10.77,14.7,0,corps,10.84223655033213,3.2492
6711,30,364,12.13,14.7,0,corps,10.838816287194,2.3247
6712,15,181,12.07,8.0,0,corps,10.835397733759985,1.4581
6713,27,390,14.44,13.3,0,corps,10.831980889175435,1.9326
6714,18,214,11.89,9.3,0,corps,10.828565752586142,1.3486
6715,24,274,11.42,12.0,0,corps,10.825152323138326,2.6281
6716,26,312,12.00,12.9,0,corps,10.821740599978625,2.0134
6717,17,223,13.12,8.9,0,corps,10.81833058225411,1.2915
6718,20,210,10.50,10.2,0,corps,10.814922269112273,3.0945
6719,19,187,9.84,9.8,0,corps,10.811515659701037,2.3787
6720,24,330,13.75,12.0,0,corps,10.808110753168759,2.2075
6721,23,280,12.17,11.6,0,corps,10.804707548664199,5.1129
6722,12,144,12.00,6.7,0,corps,10.801306045336561,4.0936
6723,20,257,12.85,10.2,0,corps,10.797906242335475,2.2759
6724,19,222,11.68,9.8,0,corps,10.794508138810983,2.8357
6725,28,291,10.39,13.8,0,corps,10.79111173391356,2.2401
6726,30,370,12.33,14.7,0,corps,10.787717026794105,2.9240
6727,14,144,10.29,7.6,0,corps,10.784324016603945,3.2116
6728,15,150,10.00,8.0,0,corps,10.780932702494821,1.7328
6729,14,169,12.07,7.6,0,corps,10.777543083618909,2.0902
6730,12,140,11.67,6.7,0,corps,10.774155159128803,2.8905
6731,21,192,9.14,10.7,0,corps,10.770768928177526,2.0727
6732,14,165,11.79,7.6,0,corps,10.767384389918512,2.8534
6733,9,70,7.78,5.3,0,corps,10.764001543505634,2.0117
6734,28,383,13.68,13.8,0,corps,10.760620388093173,2.0094
6735,20,258,12.90,10.2,0,corps,10.757240922835845,1.7638
6736,22,286,13.00,11.1,0,corps,10.753863146888786,1.7488
6737,14,158,11.29,7.6,0,corps,10.750487059407545,2.3394
6738,24,322,13.42,12.0,0,corps,10.747112659548108,2.1335
6739,19,217,11.42,9.8,0,corps,10.74373994646687,2.7943
6740,8,73,9.12,4.9,0,corps,10.74036891932065,5.8612
6741,22,267,12.14,11.1,0,corps,10.736999577266701,2.4468
6742,10,135,13.50,5.8,0,corps,10.733631919462677,0.9962
6743,24,349,14.54,12.0,0,corps,10.73026594506667,2.0811
6744,18,170,9.44,9.3,0,corps,10.726901653237183,3.0484
6745,26,368,14.15,12.9,0,corps,10.723539043133142,2.7217
6746,19,260,13.68,9.8,0,corps,10.7201781139139,1.9104
6747,28,406,14.50,13.8,0,corps,10.716818864739222,2.8748
6748,23,323,14.04,11.6,0,corps,10.713461294769294,1.9089
6749,39,513,13.15,18.7,0,corps,10.710105403164727,2.9877
6750,12,152,12.67,6.7,0,corps,10.70675118908654,1.7243
6751,7,105,15.00,4.4,0,corps,10.703398651696192,1.1016
6752,15,161,10.73,8.0,0,corps,10.700047790155539,3.6216
6753,24,317,13.21,12.0,0,corps,10.696698603626867,2.4921
6754,16,162,10.12,8.4,0,corps,10.693351091272884,1.2518
6755,30,445,14.83,14.7,0,corps,10.690005252256704,3.1455
6756,18,236,13.11,9.3,0,corps,10.686661085741875,1.3880
6757,29,371,12.79,14.2,0,corps,10.683318590892355,2.5744
6758,17,210,12.35,8.9,0,corps,10.679977766872511,1.7894
6759,16,184,11.50,8.4,0,corps,10.676638612847148,2.7428
6760,19,290,15.26,9.8,0,corps,10.673301127981471,2.3554
6761,24,264,11.00,12.0,0,corps,10.66996531144111,2.8145
6762,19,295,15.53,9.8,0,corps,10.666631162392115,1.1746
6763,30,388,12.93,14.7,0,corps,10.663298680000944,1.6766
6764,21,270,12.86,10.7,0,corps,10.659967863434474,3.2970
6765,15,220,14.67,8.0,0,corps,10.656638711860012,1.9540
6766,18,276,15.33,9.3,0,corps,10.653311224445256,1.4317
6767,32,387,12.09,15.6,0,corps,10.649985400358341,3.4380
6768,24,303,12.62,12.0,0,corps,10.646661238767816,1.7898
6769,15,194,12.93,8.0,0,corps,10.643338738842631,3.4284
6770,22,309,14.05,11.1,0,corps,10.640017899752168,4.1853
6771,17,281,16.53,8.9,0,corps,10.636698720666212,1.7145
6772,18,215,11.94,9.3,0,corps,10.633381200754972,1.9802
6773,26,354,13.62,12.9,0,corps,10.630065339189068,2.4726
6774,35,403,11.51,16.9,0,corps,10.626751135139529,2.1463
6775,30,373,12.43,14.7,0,corps,10.623438587777812,2.5177
6776,7,78,11.14,4.4,0,corps,10.620127696275775,1.4159
6777,14,145,10.36,7.6,0,corps,10.616818459805696,1.5635
6778,26,334,12.85,12.9,0,corps,10.613510877540271,3.2703
6779,24,311,12.96,12.0,0,corps,10.610204948652594,1.7862
6780,32,449,14.03,15.6,0,corps,10.606900672316188,1.7827
6781,27,333,12.33,13.3,0,corps,10.60359804770499,2.3960
6782,18,210,11.67,9.3,0,corps,10.600297073993337,2.5194
6783,30,422,14.07,14.7,0,corps,10.596997750355985,1.4406
6784,17,179,10.53,8.9,0,corps,10.593700075968107,3.1430
6785,21,314,14.95,10.7,0,corps,10.590404050005278,2.4679
6786,8,90,11.25,4.9,0,corps,10.587109671643502,3.7173
6787,17,218,12.82,8.9,0,corps,10.583816940059174,2.6215
6788,18,189,10.50,9.3,0,corps,10.580525854429112,1.6449
6789,14,154,11.00,7.6,0,corps,10.577236413930557,1.6952
6790,26,342,13.15,12.9,0,corps,10.573948617741133,2.2539
6791,7,83,11.86,4.4,0,corps,10.570662465038899,1.6988
6792,22,242,11.00,11.1,0,corps,10.567377955002316,2.6895
6793,21,221,10.52,10.7,0,corps,10.564095086810255,2.4688
6794,25,347,13.88,12.4,0,corps,10.560813859642003,1.7638
6795,6,65,10.83,4.0,0,corps,10.557534272677247,1.6959
6796,17,247,14.53,8.9,0,corps,10.554256325096093,1.8107
6797,27,316,11.70,13.3,0,corps,10.550980016079055,2.9025
6798,18,215,11.94,9.3,0,corps,10.547705344807056,1.9341
6799,22,240,10.91,11.1,0,corps,10.544432310461428,2.7757
6800,7,77,11.00,4.4,0,corps,10.541160912223912,1.8778
6801,13,155,11.92,7.1,0,corps,10.537891149276657,1.7979
6802,31,359,11.58,15.1,0,corps,10.534623020802226,2.7241
6803,24,273,11.38,12.0,0,corps,10.531356525983579,4.0290
6804,16,181,11.31,8.4,0,corps,10.5280916640041,4.1012
6805,14,184,13.14,7.6,0,corps,10.524828434047572,3.8004
6806,31,407,13.13,15.1,0,corps,10.521566835298183,3.8126
6807,15,164,10.93,8.0,0,corps,10.518306866940538,4.0126
6808,20,275,13.75,10.2,0,corps,10.515048528159648,2.1723
6809,18,217,12.06,9.3,0,corps,10.51179181814092,1.4793
6810,30,384,12.80,14.7,0,corps,10.508536736070184,3.3526
6811,20,181,9.05,10.2,0,corps,10.505283281133662,2.3590
6812,20,274,13.70,10.2,0,corps,10.502031452517993,1.5301
6813,15,165,11.00,8.0,0,corps,10.498781249410225,1.9953
6814,16,191,11.94,8.4,0,corps,10.4955326709978,1.3553
6815,16,181,11.31,8.4,0,corps,10.492285716468578,1.6696
6816,12,153,12.75,6.7,0,corps,10.489040385010822,1.7373
6817,6,61,10.17,4.0,0,corps,10.48579667581319,2.1412
6818,28,364,13.00,13.8,0,corps,10.482554588064769,3.5997
6819,6,46,7.67,4.0,0,corps,10.479314120955022,2.7157
6820,21,299,14.24,10.7,0,corps,10.476075273673837,2.5657
6821,23,240,10.43,11.6,0,corps,10.472838045411512,2.3605
6822,24,278,11.58,12.0,0,corps,10.469602435358727,1.9697
6823,10,89,8.90,5.8,0,corps,10.466368442706584,3.6972
6824,36,580,16.11,17.3,0,corps,10.46313606664659,3.3966
6825,16,220,13.75,8.4,0,corps,10.45990530637064,2.2563
6826,22,245,11.14,11.1,0,corps,10.456676161071055,1.2948
6827,16,194,12.12,8.4,0,corps,10.453448629940542,2.6945
6828,17,196,11.53,8.9,0,corps,10.45022271217222,2.6130
6829,23,336,14.61,11.6,0,corps,10.446998406959612,2.0696
6830,16,159,9.94,8.4,0,corps,10.443775713496636,1.5244
6831,19,276,14.53,9.8,0,corps,10.440554630977623,1.8850
6832,22,219,9.95,11.1,0,corps,10.437335158597302,1.5106
6833,24,313,13.04,12.0,0,corps,10.434117295550802,2.0599
6834,15,222,14.80,8.0,0,corps,10.430901041033664,2.8325
6835,19,210,11.05,9.8,0,corps,10.427686394241817,1.4037
6836,10,131,13.10,5.8,0,corps,10.4244733543716,1.0039
6837,34,395,11.62,16.4,0,corps,10.42126192061976,3.2679
6838,34,390,11.47,16.4,0,corps,10.418052092183427,1.9191
6839,22,254,11.55,11.1,0,corps,10.414843868260155,2.9449
6840,13,203,15.62,7.1,0,corps,10.411637248047883,1.8279
6841,17,188,11.06,8.9,0,corps,10.408432230744955,3.5370
6842,28,359,12.82,13.8,0,corps,10.405228815550121,1.8595
6843,12,142,11.83,6.7,0,corps,10.40202700166252,1.2239
6844,23,235,10.22,11.6,0,corps,10.398826788281706,3.0134
6845,19,210,11.05,9.8,0,corps,10.395628174607621,1.3710
6846,15,184,12.27,8.0,0,corps,10.392431159840616,2.6716
6847,4,86,21.50,3.1,0,corps,10.38923574318143,0.5945
6848,14,202,14.43,7.6,0,corps,10.386041923831216,1.2753
6849,17,211,12.41,8.9,0,corps,10.382849700991514,1.3018
6850,30,337,11.23,14.7,0,corps,10.379659073864273,1.2429
6851,4,52,13.00,3.1,0,corps,10.376470041651832,1.5324
6852,27,377,13.96,13.3,0,corps,10.373282603556932,1.5889
6853,37,430,11.62,17.8,0,corps,10.37009675878272,1.9579
6854,5,78,15.60,3.6,0,corps,10.36691250653273,1.2113
6855,12,152,12.67,6.7,0,corps,10.363729846010896,1.1360
6856,24,234,9.75,12.0,0,corps,10.360548776421563,2.2568
6857,14,175,12.50,7.6,0,corps,10.357369296969454,3.0923
6858,10,134,13.40,5.8,0,corps,10.354191406859703,4.0440
6859,23,273,11.87,11.6,0,corps,10.351015105297837,1.7755
6860,12,186,15.50,6.7,0,corps,10.347840391489779,2.2623
6861,24,324,13.50,12.0,0,corps,10.344667264641854,1.7654
6862,20,255,12.75,10.2,0,corps,10.341495723960776,1.2040
6863,16,179,11.19,8.4,0,corps,10.338325768653664,3.2047
6864,25,378,15.12,12.4,0,corps,10.335157397928027,2.4003
6865,31,542,17.48,15.1,0,corps,10.33199061099177,4.2980
6866,19,212,11.16,9.8,0,corps,10.328825407053202,3.0578
6867,44,586,13.32,20.9,0,corps,10.325661785321017,2.8427
6868,19,219,11.53,9.8,0,corps,10.32249974500431,2.3336
6869,23,300,13.04,11.6,0,corps,10.319339285312576,3.0391
6870,12,134,11.17,6.7,0,corps,10.316180405455693,3.4132
6871,10,144,14.40,5.8,0,corps,10.313023104643944,3.6320
6872,18,211,11.72,9.3,0,corps,10.309867382088006,3.3116
6873,26,311,11.96,12.9,0,corps,10.306713236998947,2.1130
6874,19,170,8.95,9.8,0,corps,10.30356066858823,2.7411
6875,12,152,12.67,6.7,0,corps,10.300409676067709,1.7856
6876,16,227,14.19,8.4,0,corps,10.297260258649644,3.8153
6877,15,144,9.60,8.0,0,corps,10.294112415546675,1.9161
6878,31,369,11.90,15.1,0,corps,10.290966145971842,3.3684
6879,20,299,14.95,10.2,0,corps,10.287821449138582,2.9701
6880,24,332,13.83,12.0,0,corps,10.28467832426071,1.3791
6881,21,212,10.10,10.7,0,corps,10.281536770552455,1.9611
6882,22,281,12.77,11.1,0,corps,10.278396787228427,2.4387
6883,4,42,10.50,3.1,0,corps,10.275258373503629,1.8477
6884,15,161,10.73,8.0,0,corps,10.272121528593454,4.0982
6885,24,257,10.71,12.0,0,corps,10.268986251713697,3.1611
6886,36,495,13.75,17.3,0,corps,10.265852542080534,4.5747
6887,11,164,14.91,6.2,0,corps,10.262720398910542,2.9972
6888,26,431,16.58,12.9,0,corps,10.259589821420676,2.2004
6889,29,361,12.45,14.2,0,corps,10.256460808828303,3.7495
6890,17,237,13.94,8.9,0,corps,10.253333360351164,2.1677
6891,29,343,11.83,14.2,0,corps,10.250207475207397,2.0315
6892,30,458,15.27,14.7,0,corps,10.247083152615527,2.8311
6893,34,440,12.94,16.4,0,corps,10.243960391794484,3.1154
6894,26,360,13.85,12.9,0,corps,10.24083919196357,1.9101
6895,30,468,15.60,14.7,0,corps,10.237719552342488,2.4185
6896,21,219,10.43,10.7,0,corps,10.234601472151322,2.8525
6897,27,359,13.30,13.3,0,corps,10.23148495061056,2.2116
6898,17,219,12.88,8.9,0,corps,10.228369986941068,2.0241
6899,14,252,18.00,7.6,0,corps,10.225256580364103,1.5983
6900,17,205,12.06,8.9,0,corps,10.222144730101315,3.2824
6901,13,167,12.85,7.1,0,corps,10.219034435374747,3.3980
6902,20,292,14.60,10.2,0,corps,10.215925695406817,1.4733
6903,23,286,12.43,11.6,0,corps,10.212818509420343,2.7037
6904,12,127,10.58,6.7,0,corps,10.209712876638527,1.9882
6905,23,213,9.26,11.6,0,corps,10.206608796284964,2.6489
6906,19,256,13.47,9.8,0,corps,10.203506267583636,2.6736
6907,25,265,10.60,12.4,0,corps,10.200405289758903,1.7875
6908,17,199,11.71,8.9,0,corps,10.197305862035524,3.5293
6909,19,236,12.42,9.8,0,corps,10.194207983638648,1.6026
6910,23,246,10.70,11.6,0,corps,10.191111653793794,2.0631
6911,17,185,10.88,8.9,0,corps,10.18801687172689,3.0446
6912,25,276,11.04,12.4,0,corps,10.184923636664234,2.6796
6913,20,252,12.60,10.2,0,corps,10.181831947832519,2.9684
6914,28,305,10.89,13.8,0,corps,10.178741804458824,2.3768
6915,11,130,11.82,6.2,0,corps,10.175653205770613,2.3518
6916,28,390,13.93,13.8,0,corps,10.172566150995735,1.9192
6917,14,179,12.79,7.6,0,corps,10.169480639362426,4.0947
6918,23,273,11.87,11.6,0,corps,10.166396670099312,1.5816
6919,26,330,12.69,12.9,0,corps,10.163314242435396,3.6203
6920,15,150,10.00,8.0,0,corps,10.16023335560007,1.2248
6921,26,290,11.15,12.9,0,corps,10.157154008823117,2.6355
6922,20,204,10.20,10.2,0,corps,10.1540762013347,2.6720
6923,34,498,14.65,16.4,0,corps,10.150999932365364,2.5751
6924,36,469,13.03,17.3,0,corps,10.147925201146041,2.3083
6925,7,85,12.14,4.4,0,corps,10.144852006908053,5.5322
6926,30,391,13.03,14.7,0,corps,10.141780348883099,3.0387
6927,41,486,11.85,19.6,0,corps,10.138710226303266,2.2961
6928,17,212,12.47,8.9,0,corps,10.135641638401015,2.9548
6929,21,253,12.05,10.7,0,corps,10.132574584409209,1.4264
6930,21,242,11.52,10.7,0,corps,10.129509063561084,3.0203
6931,25,282,11.28,12.4,0,corps,10.126445075090254,4.8071
6932,14,191,13.64,7.6,0,corps,10.123382618230723,2.3277
6933,19,232,12.21,9.8,0,corps,10.120321692216883,3.9911
6934,15,193,12.87,8.0,0,corps,10.117262296283494,2.8266
6935,32,413,12.91,15.6,0,corps,10.114204429665714,2.6551
6936,15,169,11.27,8.0,0,corps,10.11114809159907,4.0359
6937,15,211,14.07,8.0,0,corps,10.10809328131948,2.9243
6938,24,326,13.58,12.0,0,corps,10.105039998063248,1.8442
6939,16,212,13.25,8.4,0,corps,10.101988241067042,1.3090
6940,29,426,14.69,14.2,0,corps,10.098938009567929,2.0739
6941,18,226,12.56,9.3,0,corps,10.095889302803352,2.1038
6942,16,174,10.88,8.4,0,corps,10.092842120011131,3.4191
6943,23,240,10.43,11.6,0,corps,10.089796460429474,4.1421
6944,28,392,14.00,13.8,0,corps,10.08675232329696,1.9017
6945,16,232,14.50,8.4,0,corps,10.08370970785256,2.3351
6946,18,197,10.94,9.3,0,corps,10.080668613335622,3.5910
6947,23,386,16.78,11.6,0,corps,10.077629038985863,1.7657
6948,15,171,11.40,8.0,0,corps,10.074590984043398,2.4797
6949,23,256,11.13,11.6,0,corps,10.071554447748712,2.4784
6950,11,114,10.36,6.2,0,corps,10.068519429342668,1.6715
6951,14,172,12.29,7.6,0,corps,10.065485928066515,2.9435
6952,19,199,10.47,9.8,0,corps,10.062453943161874,4.1448
6953,16,178,11.12,8.4,0,corps,10.05942347387075,3.7897
6954,22,309,14.05,11.1,0,corps,10.056394519435527,2.5828
6955,11,162,14.73,6.2,0,corps,10.053367079098965,3.1583
6956,28,290,10.36,13.8,0,corps,10.050341152104203,2.7396
6957,24,277,11.54,12.0,0,corps,10.047316737694764,2.1128
6958,12,162,13.50,6.7,0,corps,10.044293835114537,1.4693
6959,11,131,11.91,6.2,0,corps,10.041272443607804,1.3841
6960,12,129,10.75,6.7,0,corps,10.038252562419212,2.1954
6961,26,334,12.85,12.9,0,corps,10.03523419079379,2.7998
6962,10,114,11.40,5.8,0,corps,10.03221732797695,1.9469
6963,17,184,10.82,8.9,0,corps,10.029201973214471,1.6895
6964,22,290,13.18,11.1,0,corps,10.026188125752517,1.9822
6965,36,384,10.67,17.3,0,corps,10.023175784837628,2.0033
6966,22,323,14.68,11.1,0,corps,10.020164949716715,1.8257
6967,15,213,14.20,8.0,0,corps,10.017155619637071,1.4882
6968,17,245,14.41,8.9,0,corps,10.014147793846362,1.7298
6969,23,265,11.52,11.6,0,corps,10.011141471592634,2.6136
6970,21,336,16.00,10.7,0,corps,10.008136652124307,2.5246
6971,6,87,14.50,4.0,0,corps,10.005133334690171,1.7405
6972,31,383,12.35,15.1,0,corps,10.0021315185394,1.5167
6973,29,356,12.28,14.2,0,corps,9.999131202921543,4.6644
6974,5,39,7.80,3.6,0,corps,9.996132387086515,2.3162
6975,18,213,11.83,9.3,0,corps,9.993135070284618,2.1531
6976,9,66,7.33,5.3,0,corps,9.990139251766518,5.1690
6977,21,305,14.52,10.7,0,corps,9.987144930783261,2.0331
6978,29,400,13.79,14.2,0,corps,9.98415210658627,2.8925
6979,16,195,12.19,8.4,0,corps,9.981160778427336,3.9197
6980,29,391,13.48,14.2,0,corps,9.978170945558626,1.8615
6981,16,213,13.31,8.4,0,corps,9.975182607232687,1.1971
6982,25,346,13.84,12.4,0,corps,9.97219576270243,1.7740
6983,28,372,13.29,13.8,0,corps,9.969210411221145,2.2190
6984,14,117,8.36,7.6,0,corps,9.966226552042489,3.5923
6985,13,176,13.54,7.1,0,corps,9.963244184420507,1.6758
6986,16,161,10.06,8.4,0,corps,9.960263307609603,1.7874
6987,14,184,13.14,7.6,0,corps,9.957283920864555,2.4052
6988,22,262,11.91,11.1,0,corps,9.954306023440514,2.3062
6989,27,323,11.96,13.3,0,corps,9.951329614593018,2.2323
6990,17,208,12.24,8.9,0,corps,9.94835469357795,3.3257
6991,18,160,8.89,9.3,0,corps,9.945381259651592,2.7934
6992,39,482,12.36,18.7,0,corps,9.942409312070575,2.7795
6993,29,352,12.14,14.2,0,corps,9.93943885009192,2.0464
6994,14,143,10.21,7.6,0,corps,9.936469872973008,1.4203
6995,17,189,11.12,8.9,0,corps,9.933502379971594,1.2410
6996,21,230,10.95,10.7,0,corps,9.930536370345806,2.5917
6997,31,435,14.03,15.1,0,corps,9.927571843354144,2.3723
6998,13,180,13.85,7.1,0,corps,9.924608798255468,2.3818
6999,25,362,14.48,12.4,0,corps,9.92164723430903,2.2565
7000,20,241,12.05,10.2,0,corps,9.918687150774426,3.0768
7001,32,356,11.12,15.6,0,corps,9.915728546911643,3.0966
7002,22,318,14.45,11.1,0,corps,9.912771421981025,2.5024
7003,30,347,11.57,14.7,0,corps,9.909815775243295,3.5128
7004,18,286,15.89,9.3,0,corps,9.906861605959541,1.9313
7005,8,62,7.75,4.9,0,corps,9.903908913391216,2.2809
7006,15,159,10.60,8.0,0,corps,9.900957696800154,3.4344
7007,12,136,11.33,6.7,0,corps,9.898007955448545,5.3933
7008,19,215,11.32,9.8,0,corps,9.895059688598954,1.5789
7009,22,305,13.86,11.1,0,corps,9.892112895514316,2.6538
7010,9,59,6.56,5.3,0,corps,9.889167575457936,2.7393
7011,18,219,12.17,9.3,0,corps,9.886223727693476,2.3908
7012,30,349,11.63,14.7,0,corps,9.883281351484982,2.7913
7013,27,359,13.30,13.3,0,corps,9.880340446096856,2.4329
7014,15,153,10.20,8.0,0,corps,9.877401010793871,3.5958
7015,28,381,13.61,13.8,0,corps,9.874463044841171,1.4569
7016,12,157,13.08,6.7,0,corps,9.871526547504262,2.9854
7017,15,199,13.27,8.0,0,corps,9.868591518049017,2.7611
7018,12,133,11.08,6.7,0,corps,9.865657955741689,3.7468
7019,17,159,9.35,8.9,0,corps,9.862725859848874,3.0121
7020,19,250,13.16,9.8,0,corps,9.859795229637559,2.7358
7021,12,145,12.08,6.7,0,corps,9.85686606437508,3.6241
7022,21,239,11.38,10.7,0,corps,9.853938363329146,2.4238
7023,8,120,15.00,4.9,0,corps,9.851012125767838,3.7272
7024,4,65,16.25,3.1,0,corps,9.848087350959586,1.2073
7025,28,378,13.50,13.8,0,corps,9.845164038173204,2.3056
7026,25,258,10.32,12.4,0,corps,9.842242186677867,3.3323
7027,23,264,11.48,11.6,0,corps,9.8393217957431,4.5704
7028,20,214,10.70,10.2,0,corps,9.836402864638819,2.7008
7029,35,457,13.06,16.9,0,corps,9.833485392635279,4.6285
7030,19,193,10.16,9.8,0,corps,9.830569379003117,3.5270
7031,25,343,13.72,12.4,0,corps,9.827654823013336,2.3933
7032,33,430,13.03,16.0,0,corps,9.824741723937287,2.2203
7033,11,117,10.64,6.2,0,corps,9.821830081046699,4.7724
7034,3,40,13.33,2.7,0,corps,9.818919893613664,1.2766
7035,32,406,12.69,15.6,0,corps,9.816011160910632,3.0536
7036,19,223,11.74,9.8,0,corps,9.81310388221042,2.4457
7037,24,294,12.25,12.0,0,corps,9.81019805678621,3.6376
7038,22,307,13.95,11.1,0,corps,9.807293683911542,2.5805
7039,8,103,12.88,4.9,0,corps,9.804390762860326,1.2336
7040,21,242,11.52,10.7,0,corps,9.801489292906831,2.4381
7041,29,363,12.52,14.2,0,corps,9.798589273325689,3.0176
7042,15,170,11.33,8.0,0,corps,9.795690703391898,2.3192
7043,35,505,14.43,16.9,0,corps,9.792793582380813,3.2786
7044,28,385,13.75,13.8,0,corps,9.789897909568152,2.2472
7045,27,380,14.07,13.3,0,corps,9.78700368423,2.1900
7046,30,392,13.07,14.7,0,corps,9.784110905642795,2.4036
7047,27,301,11.15,13.3,0,corps,9.781219573083352,1.6734
7048,19,234,12.32,9.8,0,corps,9.778329685828828,2.4340
7049,20,330,16.50,10.2,0,corps,9.775441243156758,1.0446
7050,27,340,12.59,13.3,0,corps,9.772554244345029,2.2662
7051,13,155,11.92,7.1,0,corps,9.76966868867189,3.1823
7052,30,365,12.17,14.7,0,corps,9.766784575415954,2.3578
7053,14,169,12.07,7.6,0,corps,9.76390190385619,2.8260
7054,31,375,12.10,15.1,0,corps,9.761020673271933,2.9655
7055,22,295,13.41,11.1,0,corps,9.758140882942879,3.0895
7056,31,369,11.90,15.1,0,corps,9.75526253214907,5.4730
7057,17,205,12.06,8.9,0,corps,9.752385620170925,1.9018
7058,30,354,11.80,14.7,0,corps,9.749510146289216,3.3561
7059,33,437,13.24,16.0,0,corps,9.746636109785072,1.7178
7060,19,225,11.84,9.8,0,corps,9.743763509939988,2.4335
7061,14,193,13.79,7.6,0,corps,9.740892346035809,1.6104
7062,17,251,14.76,8.9,0,corps,9.738022617354748,1.7050
7063,8,73,9.12,4.9,0,corps,9.735154323179371,7.4699
7064,17,192,11.29,8.9,0,corps,9.732287462792605,3.4269
7065,34,485,14.26,16.4,0,corps,9.729422035477732,3.0007
7066,31,376,12.13,15.1,0,corps,9.726558040518402,3.8708
7067,12,164,13.67,6.7,0,corps,9.723695477198607,1.1495
7068,21,267,12.71,10.7,0,corps,9.720834344802716,2.0440
7069,31,427,13.77,15.1,0,corps,9.717974642615438,1.8158
7070,19,284,14.95,9.8,0,corps,9.71511636992185,2.3583
7071,24,300,12.50,12.0,0,corps,9.712259526007387,2.4065
7072,22,244,11.09,11.1,0,corps,9.709404110157832,2.6732
7073,37,509,13.76,17.8,0,corps,9.706550121659335,3.6300
7074,20,259,12.95,10.2,0,corps,9.7036975597984,2.4151
7075,20,252,12.60,10.2,0,corps,9.700846423861883,1.8470
7076,12,206,17.17,6.7,0,corps,9.697996713137002,2.8243
7077,21,346,16.48,10.7,0,corps,9.695148426911329,1.9545
7078,13,165,12.69,7.1,0,corps,9.692301564472793,2.1193
7079,29,377,13.00,14.2,0,corps,9.689456125109677,1.7509
7080,15,167,11.13,8.0,0,corps,9.686612108110623,1.6839
7081,14,188,13.43,7.6,0,corps,9.683769512764623,2.8386
7082,21,219,10.43,10.7,0,corps,9.680928338361035,2.6771
7083,22,274,12.45,11.1,0,corps,9.678088584189558,3.1281
7084,26,362,13.92,12.9,0,corps,9.675250249540259,2.3254
7085,30,358,11.93,14.7,0,corps,9.67241333370355,1.6068
7086,25,340,13.60,12.4,0,corps,9.669577835970204,3.1099
7087,26,330,12.69,12.9,0,corps,9.666743755631348,3.8535
7088,28,367,13.11,13.8,0,corps,9.663911091978457,1.9750
7089,23,265,11.52,11.6,0,corps,9.661079844303371,2.3408
7090,16,215,13.44,8.4,0,corps,9.658250011898277,1.2813
7091,15,156,10.40,8.0,0,corps,9.655421594055714,2.8676
7092,18,211,11.72,9.3,0,corps,9.65259459006858,2.6465
7093,20,263,13.15,10.2,0,corps,9.649768999230119,2.0701
7094,24,277,11.54,12.0,0,corps,9.64694482083394,2.5593
7095,9,103,11.44,5.3,0,corps,9.644122054173998,2.6089
7096,18,240,13.33,9.3,0,corps,9.641300698544594,2.5557
7097,34,359,10.56,16.4,0,corps,9.638480753240398,2.2236
7098,14,208,14.86,7.6,0,corps,9.635662217556417,2.9512
7099,14,195,13.93,7.6,0,corps,9.632845090788022,2.5100
7100,29,377,13.00,14.2,0,corps,9.63002937223093,2.8862
7101,12,136,11.33,6.7,0,corps,9.627215061181206,3.1824
7102,12,124,10.33,6.7,0,corps,9.624402156935279,1.5030
7103,35,494,14.11,16.9,0,corps,9.621590658789922,2.7389
7104,14,156,11.14,7.6,0,corps,9.618780566042256,3.4673
7105,23,280,12.17,11.6,0,corps,9.615971877989763,3.0863
7106,8,83,10.38,4.9,0,corps,9.613164593930268,1.9258
7107,9,115,12.78,5.3,0,corps,9.61035871316195,2.6736
7108,17,248,14.59,8.9,0,corps,9.607554234983343,1.8256
7109,20,265,13.25,10.2,0,corps,9.60475115869332,2.5247
7110,24,322,13.42,12.0,0,corps,9.601949483591115,3.0491
7111,43,545,12.67,20.4,0,corps,9.599149208976316,4.4758
7112,25,289,11.56,12.4,0,corps,9.596350334148843,2.4803
7113,18,199,11.06,9.3,0,corps,9.593552858408982,1.3488
7114,18,231,12.83,9.3,0,corps,9.590756781057369,2.3573
7115,23,294,12.78,11.6,0,corps,9.587962101394979,4.4749
7116,11,101,9.18,6.2,0,corps,9.585168818723142,1.5454
7117,23,301,13.09,11.6,0,corps,9.58237693234354,1.6825
7118,31,414,13.35,15.1,0,corps,9.579586441558199,1.7753
7119,23,393,17.09,11.6,0,corps,9.5767973456695,1.9057
7120,23,258,11.22,11.6,0,corps,9.574009643980164,3.2959
7121,18,236,13.11,9.3,0,corps,9.571223335793267,2.2883
7122,26,367,14.12,12.9,0,corps,9.568438420412235,3.1220
7123,32,347,10.84,15.6,0,corps,9.565654897140838,4.3703
7124,17,213,12.53,8.9,0,corps,9.562872765283194,1.7927
7125,42,539,12.83,20.0,0,corps,9.560092024143769,3.4514
7126,34,379,11.15,16.4,0,corps,9.557312673027377,2.0623
7127,15,170,11.33,8.0,0,corps,9.554534711239187,3.6818
7128,34,453,13.32,16.4,0,corps,9.5517581380847,1.7903
7129,26,392,15.08,12.9,0,corps,9.54898295286978,1.8928
7130,24,396,16.50,12.0,0,corps,9.546209154900623,1.7738
7131,33,409,12.39,16.0,0,corps,9.543436743483785,1.6626
7132,27,423,15.67,13.3,0,corps,9.540665717926164,2.7000
7133,23,305,13.26,11.6,0,corps,9.537896077534999,2.5807
7134,28,308,11.00,13.8,0,corps,9.53512782161788,3.9016
7135,30,430,14.33,14.7,0,corps,9.53236094948275,1.8751
7136,30,423,14.10,14.7,0,corps,9.529595460437884,2.5764
7137,15,184,12.27,8.0,0,corps,9.526831353791913,2.3229
7138,14,160,11.43,7.6,0,corps,9.524068628853808,2.7438
7139,16,215,13.44,8.4,0,corps,9.521307284932888,1.7135
7140,9,87,9.67,5.3,0,corps,9.518547321338822,1.3122
7141,12,152,12.67,6.7,0,corps,9.51578873738161,3.1467
7142,17,216,12.71,8.9,0,corps,9.513031532371613,2.1338
7143,21,331,15.76,10.7,0,corps,9.510275705619529,1.7204
7144,27,409,15.15,13.3,0,corps,9.5075212564364,2.9097
7145,47,651,13.85,22.2,0,corps,9.504768184133614,3.0751
7146,21,248,11.81,10.7,0,corps,9.502016488022901,1.9863
7147,16,213,13.31,8.4,0,corps,9.499266167416339,1.2203
7148,31,377,12.16,15.1,0,corps,9.49651722162635,2.2414
7149,24,280,11.67,12.0,0,corps,9.493769649965692,1.5990
7150,20,225,11.25,10.2,0,corps,9.491023451747473,3.7159
7151,23,299,13.00,11.6,0,corps,9.488278626285151,2.3465
7152,14,131,9.36,7.6,0,corps,9.485535172892511,7.4879
7153,18,188,10.44,9.3,0,corps,9.482793090883696,2.0122
7154,35,525,15.00,16.9,0,corps,9.480052379573179,2.1023
7155,19,224,11.79,9.8,0,corps,9.477313038275787,2.7489
7156,17,205,12.06,8.9,0,corps,9.47457506630668,2.2418
7157,27,384,14.22,13.3,0,corps,9.471838462981372,3.2817
7158,10,151,15.10,5.8,0,corps,9.469103227615705,1.3438
7159,21,317,15.10,10.7,0,corps,9.466369359525878,2.1804
7160,45,587,13.04,21.3,0,corps,9.463636858028416,3.4487
7161,28,353,12.61,13.8,0,corps,9.460905722440199,1.8072
7162,27,392,14.52,13.3,0,corps,9.458175952078438,3.8628
7163,35,477,13.63,16.9,0,corps,9.455447546260693,2.5367
7164,27,318,11.78,13.3,0,corps,9.452720504304867,2.3114
7165,17,204,12.00,8.9,0,corps,9.449994825529192,1.3958
7166,25,315,12.60,12.4,0,corps,9.447270509252254,2.8674
7167,18,217,12.06,9.3,0,corps,9.444547554792972,3.0433
7168,27,337,12.48,13.3,0,corps,9.441825961470604,2.2842
7169,26,384,14.77,12.9,0,corps,9.439105728604758,1.4683
7170,18,223,12.39,9.3,0,corps,9.436386855515371,1.3203
7171,19,215,11.32,9.8,0,corps,9.433669341522725,2.3278
7172,24,270,11.25,12.0,0,corps,9.430953185947446,1.4852
7173,16,247,15.44,8.4,0,corps,9.428238388110488,1.9664
7174,16,187,11.69,8.4,0,corps,9.425524947333159,2.0385
7175,22,263,11.95,11.1,0,corps,9.422812862937095,1.9504
7176,13,148,11.38,7.1,0,corps,9.42010213424427,1.8798
7177,26,297,11.42,12.9,0,corps,9.417392760577012,2.8322
7178,21,256,12.19,10.7,0,corps,9.41468474125797,2.8955
7179,9,114,12.67,5.3,0,corps,9.41197807561014,4.5714
7180,13,131,10.08,7.1,0,corps,9.40927276295686,1.8655
7181,26,354,13.62,12.9,0,corps,9.406568802621798,1.8298
7182,22,295,13.41,11.1,0,corps,9.403866193928964,2.5345
7183,17,193,11.35,8.9,0,corps,9.401164936202708,1.1035
7184,37,569,15.38,17.8,0,corps,9.398465028767713,2.6959
7185,16,202,12.62,8.4,0,corps,9.395766470949004,1.3536
7186,24,303,12.62,12.0,0,corps,9.39306926207194,1.6061
7187,29,370,12.76,14.2,0,corps,9.39037340146222,2.5112
7188,22,245,11.14,11.1,0,corps,9.38767888844588,1.6431
7189,13,150,11.54,7.1,0,corps,9.384985722349287,1.8248
7190,10,124,12.40,5.8,0,corps,9.382293902499155,3.1995
7191,32,441,13.78,15.6,0,corps,9.379603428222527,1.8819
7192,16,154,9.62,8.4,0,corps,9.376914298846781,2.1003
7193,22,298,13.55,11.1,0,corps,9.374226513699643,2.8450
7194,23,278,12.09,11.6,0,corps,9.371540072109157,1.0704
7195,23,305,13.26,11.6,0,corps,9.368854973403717,0.7443
7196,19,201,10.58,9.8,0,corps,9.366171216912052,1.2656
7197,37,517,13.97,17.8,0,corps,9.363488801963216,1.6611
7198,20,269,13.45,10.2,0,corps,9.360807727886607,2.0524
7199,20,287,14.35,10.2,0,corps,9.358127994011962,2.3192
7200,20,243,12.15,10.2,0,corps,9.355449599669342,1.9767
7201,38,506,13.32,18.2,0,corps,9.35277254418915,2.1474
7202,19,233,12.26,9.8,0,corps,9.35009682690212,1.6483
7203,36,512,14.22,17.3,0,corps,9.347422447139325,1.9238
7204,35,513,14.66,16.9,0,corps,9.344749404232171,3.2752
7205,22,331,15.05,11.1,0,corps,9.342077697512396,1.3333
7206,23,281,12.22,11.6,0,corps,9.339407326312072,1.2275
7207,15,138,9.20,8.0,0,corps,9.336738289963609,4.1161
7208,11,172,15.64,6.2,0,corps,9.334070587799745,1.0696
7209,27,316,11.70,13.3,0,corps,9.331404219153558,1.3175
7210,19,248,13.05,9.8,0,corps,9.32873918335845,2.2539
7211,34,481,14.15,16.4,0,corps,9.326075479748166,2.8326
7212,17,182,10.71,8.9,0,corps,9.323413107656783,2.5378
7213,35,545,15.57,16.9,0,corps,9.3207520664187,3.1937
7214,11,160,14.55,6.2,0,corps,9.318092355368664,1.4225
7215,40,524,13.10,19.1,0,corps,9.315433973841747,1.6438
7216,24,225,9.38,12.0,0,corps,9.312776921173347,2.5810
7217,12,207,17.25,6.7,0,corps,9.310121196699209,1.3295
7218,13,123,9.46,7.1,0,corps,9.307466799755392,1.5761
7219,17,192,11.29,8.9,0,corps,9.304813729678306,2.2819
7220,10,109,10.90,5.8,0,corps,9.302161985804682,3.3911
7221,24,294,12.25,12.0,0,corps,9.299511567471578,2.5459
7222,14,177,12.64,7.6,0,corps,9.296862474016395,1.9834
7223,16,209,13.06,8.4,0,corps,9.29421470477686,1.1934
7224,21,297,14.14,10.7,0,corps,9.291568259091026,1.4456
7225,18,248,13.78,9.3,0,corps,9.288923136297287,1.2434
7226,25,301,12.04,12.4,0,corps,9.286279335734356,2.3577
7227,2,31,15.50,2.2,0,corps,9.283636856741289,0.8530
7228,21,231,11.00,10.7,0,corps,9.280995698657465,2.8246
7229,25,283,11.32,12.4,0,corps,9.278355860822591,2.9172
7230,30,409,13.63,14.7,0,corps,9.27571734257671,1.5281
7231,24,332,13.83,12.0,0,corps,9.273080143260193,1.6422
7232,15,146,9.73,8.0,0,corps,9.27044426221374,2.9172
7233,35,404,11.54,16.9,0,corps,9.267809698778379,1.4390
7234,17,180,10.59,8.9,0,corps,9.265176452295467,1.7582
7235,9,104,11.56,5.3,0,corps,9.2625445221067,1.6318
7236,19,221,11.63,9.8,0,corps,9.25991390755409,3.5399
7237,20,230,11.50,10.2,0,corps,9.257284607979981,2.6011
7238,29,369,12.72,14.2,0,corps,9.254656622727055,3.7771
7239,20,342,17.10,10.2,0,corps,9.252029951138312,2.1256
7240,24,312,13.00,12.0,0,corps,9.249404592557083,1.5949
7241,27,351,13.00,13.3,0,corps,9.24678054632703,1.9103
7242,15,196,13.07,8.0,0,corps,9.244157811792139,2.2928
7243,28,241,8.61,13.8,0,corps,9.24153638829673,2.7430
7244,15,160,10.67,8.0,0,corps,9.238916275185446,2.1904
7245,17,175,10.29,8.9,0,corps,9.236297471803256,1.8254
7246,10,115,11.50,5.8,0,corps,9.233679977495463,3.4784
7247,24,283,11.79,12.0,0,corps,9.231063791607692,3.2515
7248,34,415,12.21,16.4,0,corps,9.228448913485893,1.5332
7249,20,266,13.30,10.2,0,corps,9.225835342476355,1.8008
7250,22,304,13.82,11.1,0,corps,9.223223077925674,1.5188
7251,6,79,13.17,4.0,0,corps,9.220612119180792,1.0741
7252,32,419,13.09,15.6,0,corps,9.21800246558897,1.8660
7253,27,321,11.89,13.3,0,corps,9.215394116497787,1.7292
7254,26,334,12.85,12.9,0,corps,9.212787071255164,1.9843
7255,17,232,13.65,8.9,0,corps,9.210181329209332,1.7472
7256,7,82,11.71,4.4,0,corps,9.207576889708863,4.7188
7257,2,36,18.00,2.2,0,corps,9.204973752102644,0.8763
7258,32,391,12.22,15.6,0,corps,9.202371915739887,1.7349
7259,14,172,12.29,7.6,0,corps,9.199771379970135,1.2078
7260,21,245,11.67,10.7,0,corps,9.19717214414326,1.6831
7261,15,211,14.07,8.0,0,corps,9.194574207609444,2.7572
7262,15,179,11.93,8.0,0,corps,9.19197756971921,2.3608
7263,33,389,11.79,16.0,0,corps,9.189382229823392,1.8188
7264,23,260,11.30,11.6,0,corps,9.18678818727316,1.7382
7265,8,76,9.50,4.9,0,corps,9.184195441420004,3.7784
7266,20,256,12.80,10.2,0,corps,9.181603991615733,2.6270
7267,19,225,11.84,9.8,0,corps,9.179013837212487,3.0742
7268,19,208,10.95,9.8,0,corps,9.176424977562728,2.6695
7269,17,245,14.41,8.9,0,corps,9.173837412019239,1.3447
7270,15,149,9.93,8.0,0,corps,9.171251139935134,2.7535
7271,20,252,12.60,10.2,0,corps,9.168666160663836,3.2556
7272,31,403,13.00,15.1,0,corps,9.166082473559106,3.6737
7273,9,102,11.33,5.3,0,corps,9.163500077975026,4.6087
7274,19,193,10.16,9.8,0,corps,9.160918973265987,1.9717
7275,22,237,10.77,11.1,0,corps,9.158339158786719,3.4913
7276,26,239,9.19,12.9,0,corps,9.155760633892271,4.2231
7277,30,367,12.23,14.7,0,corps,9.153183397938003,2.8223
7278,30,429,14.30,14.7,0,corps,9.150607450279615,2.4683
7279,15,184,12.27,8.0,0,corps,9.148032790273117,2.8704
7280,23,228,9.91,11.6,0,corps,9.14545941727484,2.9926
7281,9,72,8.00,5.3,0,corps,9.142887330641447,7.0402
7282,27,338,12.52,13.3,0,corps,9.140316529729912,3.1902
7283,22,233,10.59,11.1,0,corps,9.137747013897537,1.9470
7284,21,272,12.95,10.7,0,corps,9.135178782501944,1.1675
7285,21,248,11.81,10.7,0,corps,9.13261183490107,2.5738
7286,21,311,14.81,10.7,0,corps,9.130046170453184,2.1058
7287,28,387,13.82,13.8,0,corps,9.127481788516864,3.9599
7288,10,115,11.50,5.8,0,corps,9.12491868845102,2.9146
7289,27,346,12.81,13.3,0,corps,9.122356869614876,1.5115
7290,22,238,10.82,11.1,0,corps,9.119796331367974,1.5294
7291,21,330,15.71,10.7,0,corps,9.11723707307018,1.5245
7292,27,349,12.93,13.3,0,corps,9.114679094081685,1.5504
7293,19,241,12.68,9.8,0,corps,9.11212239376299,3.5888
7294,22,296,13.45,11.1,0,corps,9.10956697147492,2.0597
7295,23,369,16.04,11.6,0,corps,9.107012826578615,2.8316
7296,29,416,14.34,14.2,0,corps,9.104459958435546,2.2074
7297,15,155,10.33,8.0,0,corps,9.101908366407494,3.3647
7298,19,216,11.37,9.8,0,corps,9.09935804985656,3.9207
7299,21,328,15.62,10.7,0,corps,9.096809008145163,2.4234
7300,20,259,12.95,10.2,0,corps,9.094261240636047,2.3958
7301,13,141,10.85,7.1,0,corps,9.091714746692267,1.8524
7302,19,230,12.11,9.8,0,corps,9.089169525677201,2.9273
7303,20,246,12.30,10.2,0,corps,9.08662557695454,2.4041
7304,14,192,13.71,7.6,0,corps,9.084082899888301,2.1680
7305,12,151,12.58,6.7,0,corps,9.081541493842817,2.0986
7306,20,293,14.65,10.2,0,corps,9.079001358182728,1.6928
7307,23,282,12.26,11.6,0,corps,9.076462492273007,2.1223
7308,25,255,10.20,12.4,0,corps,9.073924895478939,2.4694
7309,27,341,12.63,13.3,0,corps,9.071388567166116,1.8655
7310,12,155,12.92,6.7,0,corps,9.068853506700464,1.6835
7311,20,271,13.55,10.2,0,corps,9.066319713448214,2.1519
7312,17,232,13.65,8.9,0,corps,9.063787186775919,1.3685
7313,23,269,11.70,11.6,0,corps,9.061255926050446,1.8911
7314,30,337,11.23,14.7,0,corps,9.058725930638982,3.0063
7315,24,222,9.25,12.0,0,corps,9.056197199909025,3.8659
7316,31,412,13.29,15.1,0,corps,9.0536697332284,1.4486
7317,15,190,12.67,8.0,0,corps,9.051143529965227,2.4797
7318,17,217,12.76,8.9,0,corps,9.048618589487969,1.2657
7319,8,94,11.75,4.9,0,corps,9.046094911165381,1.4533
7320,18,246,13.67,9.3,0,corps,9.043572494366547,2.3150
7321,9,73,8.11,5.3,0,corps,9.041051338460868,3.6825
7322,18,182,10.11,9.3,0,corps,9.038531442818044,2.1245
7323,20,207,10.35,10.2,0,corps,9.036012806808108,1.3814
7324,18,208,11.56,9.3,0,corps,9.033495429801402,2.4461
7325,9,95,10.56,5.3,0,corps,9.03097931116858,3.3091
7326,29,412,14.21,14.2,0,corps,9.02846445028061,2.3744
7327,20,248,12.40,10.2,0,corps,9.02595084650878,1.8290
7328,19,311,16.37,9.8,0,corps,9.023438499224687,1.8149
7329,22,303,13.77,11.1,0,corps,9.020927407800244,2.7516
7330,24,253,10.54,12.0,0,corps,9.018417571607682,1.6492
7331,25,301,12.04,12.4,0,corps,9.015908990019536,3.0998
7332,19,255,13.42,9.8,0,corps,9.013401662408665,2.8876
7333,17,220,12.94,8.9,0,corps,9.010895588148236,1.8959
7334,29,295,10.17,14.2,0,corps,9.00839076661173,2.5540
7335,35,367,10.49,16.9,0,corps,9.00588719717294,2.0089
7336,7,76,10.86,4.4,0,corps,9.003384879205978,1.5878
7337,29,321,11.07,14.2,0,corps,9.000883812085261,1.8204
7338,25,336,13.44,12.4,0,corps,8.998383995185524,2.3667
7339,25,353,14.12,12.4,0,corps,8.995885427881808,2.8141
7340,36,459,12.75,17.3,0,corps,8.99338810954948,2.4661
7341,12,99,8.25,6.7,0,corps,8.990892039564201,2.1548
7342,12,127,10.58,6.7,0,corps,8.988397217301962,4.5009
7343,34,367,10.79,16.4,0,corps,8.985903642139052,2.3089
7344,16,190,11.88,8.4,0,corps,8.983411313452075,2.6906
7345,13,182,14.00,7.1,0,corps,8.980920230617956,0.9315
7346,19,189,9.95,9.8,0,corps,8.97843039301392,2.2594
7347,26,327,12.58,12.9,0,corps,8.975941800017505,1.6070
7348,4,54,13.50,3.1,0,corps,8.973454451006571,1.8616
7349,13,190,14.62,7.1,0,corps,8.970968345359273,2.0405
7350,8,113,14.12,4.9,0,corps,8.96848348245409,3.9710
7351,30,371,12.37,14.7,0,corps,8.965999861669799,2.0974
7352,15,166,11.07,8.0,0,corps,8.963517482385502,3.1567
7353,6,54,9.00,4.0,0,corps,8.961036343980602,1.4570
7354,17,236,13.88,8.9,0,corps,8.958556445834812,1.4985
7355,11,131,11.91,6.2,0,corps,8.956077787328159,2.0911
7356,23,249,10.83,11.6,0,corps,8.95360036784098,2.1057
7357,18,174,9.67,9.3,0,corps,8.951124186753917,3.3860
7358,24,370,15.42,12.0,0,corps,8.94864924344793,1.3168
7359,21,233,11.10,10.7,0,corps,8.946175537304276,1.3367
7360,26,285,10.96,12.9,0,corps,8.943703067704533,2.7737
7361,17,262,15.41,8.9,0,corps,8.941231834030585,1.5291
7362,10,127,12.70,5.8,0,corps,8.938761835664618,3.9633
7363,19,206,10.84,9.8,0,corps,8.936293071989137,1.4483
7364,14,164,11.71,7.6,0,corps,8.93382554238695,3.9601
7365,29,347,11.97,14.2,0,corps,8.931359246241174,2.6279
7366,32,318,9.94,15.6,0,corps,8.928894182935238,2.1543
7367,20,153,7.65,10.2,0,corps,8.926430351852868,3.9822
7368,16,206,12.88,8.4,0,corps,8.923967752378115,3.5880
7369,8,116,14.50,4.9,0,corps,8.921506383895327,2.6924
7370,24,242,10.08,12.0,0,corps,8.919046245789158,3.1913
7371,20,202,10.10,10.2,0,corps,8.916587337444575,1.7223
7372,6,78,13.00,4.0,0,corps,8.914129658246855,5.2035
7373,18,315,17.50,9.3,0,corps,8.911673207581575,1.1788
7374,23,234,10.17,11.6,0,corps,8.909217984834623,2.0258
7375,16,201,12.56,8.4,0,corps,8.90676398939219,3.5557
7376,24,318,13.25,12.0,0,corps,8.904311220640778,2.9528
7377,14,204,14.57,7.6,0,corps,8.901859677967202,1.0618
7378,31,358,11.55,15.1,0,corps,8.899409360758568,4.0097
7379,13,169,13.00,7.1,0,corps,8.896960268402301,1.9680
7380,17,214,12.59,8.9,0,corps,8.894512400286125,2.6152
7381,28,348,12.43,13.8,0,corps,8.892065755798075,3.3841
7382,23,305,13.26,11.6,0,corps,8.889620334326493,1.8469
7383,34,450,13.24,16.4,0,corps,8.887176135260017,2.0012
7384,27,385,14.26,13.3,0,corps,8.884733157987599,2.9853
7385,26,322,12.38,12.9,0,corps,8.882291401898499,2.8229
7386,23,267,11.61,11.6,0,corps,8.879850866382272,2.9020
7387,24,282,11.75,12.0,0,corps,8.87741155082879,2.6601
7388,14,140,10.00,7.6,0,corps,8.874973454628218,3.8841
7389,30,359,11.97,14.7,0,corps,8.872536577171036,2.7737
7390,8,64,8.00,4.9,0,corps,8.870100917848026,5.9981
7391,15,181,12.07,8.0,0,corps,8.867666476050267,2.4652
7392,23,274,11.91,11.6,0,corps,8.865233251169153,1.8861
7393,20,171,8.55,10.2,0,corps,8.862801242596381,3.2992
7394,21,229,10.90,10.7,0,corps,8.860370449723941,1.8035
7395,20,219,10.95,10.2,0,corps,8.857940871944143,1.9822
7396,19,222,11.68,9.8,0,corps,8.855512508649584,1.9316
7397,22,222,10.09,11.1,0,corps,8.853085359233178,3.2024
7398,23,282,12.26,11.6,0,corps,8.850659423088139,1.2532
7399,19,251,13.21,9.8,0,corps,8.848234699607978,1.4174
7400,34,384,11.29,16.4,0,corps,8.84581118818652,3.3022
7401,8,117,14.62,4.9,0,corps,8.843388888217884,1.1744
7402,24,251,10.46,12.0,0,corps,8.840967799096495,3.7336
7403,17,179,10.53,8.9,0,corps,8.838547920217083,2.8468
7404,20,201,10.05,10.2,0,corps,8.836129250974672,1.8053
7405,27,278,10.30,13.3,0,corps,8.833711790764601,2.1032
7406,30,358,11.93,14.7,0,corps,8.831295538982504,2.9954
7407,18,211,11.72,9.3,0,corps,8.828880495024313,2.3981
7408,8,64,8.00,4.9,0,corps,8.826466658286275,6.1109
7409,13,177,13.62,7.1,0,corps,8.824054028164925,2.7206
7410,23,296,12.87,11.6,0,corps,8.821642604057107,3.6338
7411,33,385,11.67,16.0,0,corps,8.819232385359967,5.3406
7412,16,176,11.00,8.4,0,corps,8.816823371470948,2.5947
7413,23,316,13.74,11.6,0,corps,8.814415561787795,1.2293
7414,26,291,11.19,12.9,0,corps,8.812008955708558,2.8528
7415,7,71,10.14,4.4,0,corps,8.809603552631586,6.1098
7416,32,331,10.34,15.6,0,corps,8.807199351955525,2.4671
7417,35,476,13.60,16.9,0,corps,8.80479635307933,2.2363
7418,24,257,10.71,12.0,0,corps,8.802394555402246,2.8087
7419,30,351,11.70,14.7,0,corps,8.79999395832383,3.5897
7420,24,269,11.21,12.0,0,corps,8.797594561243924,3.2760
7421,8,78,9.75,4.9,0,corps,8.795196363562683,4.6963
7422,26,352,13.54,12.9,0,corps,8.792799364680562,2.0199
7423,21,261,12.43,10.7,0,corps,8.790403563998304,1.7625
7424,19,206,10.84,9.8,0,corps,8.788008960916963,3.1573
7425,19,211,11.11,9.8,0,corps,8.785615554837886,3.7302
7426,15,144,9.60,8.0,0,corps,8.783223345162725,2.9941
7427,11,105,9.55,6.2,0,corps,8.780832331293423,3.9478
7428,21,315,15.00,10.7,0,corps,8.778442512632228,1.5772
7429,31,461,14.87,15.1,0,corps,8.776053888581687,3.0532
7430,27,303,11.22,13.3,0,corps,8.773666458544646,3.7044
7431,16,204,12.75,8.4,0,corps,8.771280221924242,1.5161
7432,20,244,12.20,10.2,0,corps,8.768895178123918,2.4353
7433,29,308,10.62,14.2,0,corps,8.766511326547413,2.5108
7434,19,303,15.95,9.8,0,corps,8.764128666598765,1.4031
7435,15,139,9.27,8.0,0,corps,8.76174719768231,3.5352
7436,27,292,10.81,13.3,0,corps,8.759366919202677,2.6503
7437,23,267,11.61,11.6,0,corps,8.7569878305648,2.3296
7438,11,140,12.73,6.2,0,corps,8.754609931173905,5.2541
7439,13,103,7.92,7.1,0,corps,8.752233220435517,2.8578
7440,9,78,8.67,5.3,0,corps,8.74985769775546,2.6312
7441,4,39,9.75,3.1,0,corps,8.747483362539851,1.1168
7442,25,299,11.96,12.4,0,corps,8.745110214195106,1.5414
7443,22,219,9.95,11.1,0,corps,8.742738252127943,2.7001
7444,8,96,12.00,4.9,0,corps,8.740367475745366,1.0533
7445,9,105,11.67,5.3,0,corps,8.737997884454682,1.3357
7446,2,37,18.50,2.2,0,corps,8.735629477663496,0.7424
7447,13,144,11.08,7.1,0,corps,8.7332622547797,1.9395
7448,30,381,12.70,14.7,0,corps,8.730896215211494,3.6237
7449,12,103,8.58,6.7,0,corps,8.72853135836737,2.6917
7450,33,511,15.48,16.0,0,corps,8.726167683656104,1.9283
7451,20,240,12.00,10.2,0,corps,8.72380519048679,3.5546
7452,10,105,10.50,5.8,0,corps,8.721443878268795,1.4102
7453,31,315,10.16,15.1,0,corps,8.719083746411794,2.3337
7454,15,174,11.60,8.0,0,corps,8.716724794325753,2.9904
7455,28,318,11.36,13.8,0,corps,8.714367021420937,1.9272
7456,18,215,11.94,9.3,0,corps,8.7120104271079,2.5349
7457,20,237,11.85,10.2,0,corps,8.709655010797496,2.1457
7458,10,125,12.50,5.8,0,corps,8.707300771900867,3.0227
7459,16,203,12.69,8.4,0,corps,8.704947709829458,2.0253
7460,19,171,9.00,9.8,0,corps,8.702595823994999,2.6410
7461,28,308,11.00,13.8,0,corps,8.700245113809519,3.7902
7462,25,283,11.32,12.4,0,corps,8.697895578685348,1.8598
7463,32,401,12.53,15.6,0,corps,8.69554721803509,2.1825
7464,12,124,10.33,6.7,0,corps,8.693200031271662,4.8404
7465,32,472,14.75,15.6,0,corps,8.690854017808268,3.4060
7466,15,166,11.07,8.0,0,corps,8.688509177058402,2.2278
7467,23,299,13.00,11.6,0,corps,8.686165508435856,2.8633
7468,30,293,9.77,14.7,0,corps,8.68382301135471,1.9714
7469,16,227,14.19,8.4,0,corps,8.68148168522934,2.1749
7470,25,337,13.48,12.4,0,corps,8.679141529474418,2.3050
7471,18,241,13.39,9.3,0,corps,8.676802543504902,3.8058
7472,25,301,12.04,12.4,0,corps,8.674464726736044,2.8451
7473,38,606,15.95,18.2,0,corps,8.672128078583397,3.0543
7474,22,283,12.86,11.1,0,corps,8.66979259846279,2.8094
7475,34,453,13.32,16.4,0,corps,8.66745828579036,1.5457
7476,33,495,15.00,16.0,0,corps,8.665125139982525,2.3011
7477,16,210,13.12,8.4,0,corps,8.662793160455994,1.3049
7478,18,261,14.50,9.3,0,corps,8.660462346627785,1.2199
7479,29,365,12.59,14.2,0,corps,8.658132697915184,2.0161
7480,25,288,11.52,12.4,0,corps,8.65580421373578,2.6319
7481,23,254,11.04,11.6,0,corps,8.653476893507456,4.4704
7482,27,371,13.74,13.3,0,corps,8.651150736648377,3.0343
7483,22,318,14.45,11.1,0,corps,8.64882574257701,1.3666
7484,25,321,12.84,12.4,0,corps,8.6465019107121,1.9602
7485,18,287,15.94,9.3,0,corps,8.64417924047269,1.7800
7486,21,242,11.52,10.7,0,corps,8.64185773127812,2.5432
7487,27,343,12.70,13.3,0,corps,8.639537382548003,2.5961
7488,22,347,15.77,11.1,0,corps,8.637218193702257,1.1019
7489,28,388,13.86,13.8,0,corps,8.634900164161085,1.6912
7490,6,72,12.00,4.0,0,corps,8.632583293344975,1.2168
7491,25,355,14.20,12.4,0,corps,8.630267580674717,1.4392
7492,27,394,14.59,13.3,0,corps,8.627953025571372,1.7018
7493,18,234,13.00,9.3,0,corps,8.62563962745631,2.4012
7494,24,289,12.04,12.0,0,corps,8.623327385751182,1.5760
7495,33,567,17.18,16.0,0,corps,8.621016299877923,2.7342
7496,17,273,16.06,8.9,0,corps,8.61870636925876,2.1868
7497,12,147,12.25,6.7,0,corps,8.616397593316217,2.9761
7498,17,260,15.29,8.9,0,corps,8.614089971473096,1.3526
7499,30,495,16.50,14.7,0,corps,8.611783503152491,2.3706
7500,22,355,16.14,11.1,0,corps,8.609478187777786,2.3251
7501,30,375,12.50,14.7,0,corps,8.60717402477265,3.1995
7502,40,714,17.85,19.1,0,corps,8.604871013561047,3.3103
7503,20,308,15.40,10.2,0,corps,8.602569153567218,2.1483
7504,31,424,13.68,15.1,0,corps,8.600268444215708,1.9450
7505,35,547,15.63,16.9,0,corps,8.597968884931326,2.8924
7506,16,194,12.12,8.4,0,corps,8.595670475139192,2.8881
7507,39,567,14.54,18.7,0,corps,8.593373214264702,3.5916
7508,17,264,15.53,8.9,0,corps,8.591077101733537,3.0828
7509,26,297,11.42,12.9,0,corps,8.588782136971671,2.9424
7510,8,131,16.38,4.9,0,corps,8.586488319405367,3.7285
7511,22,209,9.50,11.1,0,corps,8.584195648461163,2.3999
7512,28,404,14.43,13.8,0,corps,8.581904123565899,1.9896
7513,19,236,12.42,9.8,0,corps,8.579613744146686,3.8404
7514,25,263,10.52,12.4,0,corps,8.577324509630932,2.5424
7515,28,304,10.86,13.8,0,corps,8.575036419446333,1.2448
7516,16,195,12.19,8.4,0,corps,8.57274947302086,2.9561
7517,28,356,12.71,13.8,0,corps,8.570463669782779,1.8809
7518,19,225,11.84,9.8,0,corps,8.568179009160643,2.4796
7519,4,34,8.50,3.1,0,corps,8.565895490583278,2.6427
7520,18,209,11.61,9.3,0,corps,8.563613113479814,3.2260
7521,34,440,12.94,16.4,0,corps,8.561331877279649,2.7661
7522,25,374,14.96,12.4,0,corps,8.559051781412478,2.7053
7523,15,185,12.33,8.0,0,corps,8.556772825308276,1.3933
7524,14,179,12.79,7.6,0,corps,8.554495008397303,2.1179
7525,7,86,12.29,4.4,0,corps,8.552218330110106,5.0279
7526,22,271,12.32,11.1,0,corps,8.549942789877518,2.1884
7527,25,304,12.16,12.4,0,corps,8.54766838713065,2.9963
7528,13,169,13.00,7.1,0,corps,8.545395121300903,2.5670
7529,23,313,13.61,11.6,0,corps,8.543122991819956,1.6795
7530,13,169,13.00,7.1,0,corps,8.540851998119784,1.1315
7531,25,409,16.36,12.4,0,corps,8.538582139632636,1.8315
7532,14,156,11.14,7.6,0,corps,8.536313415791044,2.6406
7533,37,411,11.11,17.8,0,corps,8.53404582602783,2.8048
7534,4,40,10.00,3.1,0,corps,8.531779369776098,1.3552
7535,14,142,10.14,7.6,0,corps,8.529514046469231,1.4672
7536,12,151,12.58,6.7,0,corps,8.5272498555409,4.3157
7537,23,281,12.22,11.6,0,corps,8.524986796425054,2.7499
7538,17,188,11.06,8.9,0,corps,8.522724868555931,3.4468
7539,37,510,13.78,17.8,0,corps,8.520464071368053,3.6853
7540,44,556,12.64,20.9,0,corps,8.518204404296212,2.9927
7541,8,110,13.75,4.9,0,corps,8.515945866775496,2.7165
7542,9,120,13.33,5.3,0,corps,8.513688458241273,1.0615
7543,15,191,12.73,8.0,0,corps,8.511432178129184,1.6143
7544,15,137,9.13,8.0,0,corps,8.509177025875166,2.7809
7545,32,427,13.34,15.6,0,corps,8.506923000915428,1.3093
7546,28,316,11.29,13.8,0,corps,8.504670102686463,1.5821
7547,20,266,13.30,10.2,0,corps,8.502418330625048,2.2706
7548,27,283,10.48,13.3,0,corps,8.500167684168236,1.3460
7549,16,166,10.38,8.4,0,corps,8.49791816275337,1.3459
7550,31,486,15.68,15.1,0,corps,8.49566976581807,2.1464
7551,42,501,11.93,20.0,0,corps,8.493422492800233,3.3634
7552,32,364,11.38,15.6,0,corps,8.491176343138045,1.9792
7553,26,283,10.88,12.9,0,corps,8.488931316269964,2.7263
7554,25,309,12.36,12.4,0,corps,8.486687411634735,3.1966
7555,22,385,17.50,11.1,0,corps,8.484444628671383,1.8279
7556,30,392,13.07,14.7,0,corps,8.48220296681921,1.9162
7557,48,674,14.04,22.7,0,corps,8.479962425517803,2.1930
7558,21,249,11.86,10.7,0,corps,8.47772300420703,2.7126
7559,12,169,14.08,6.7,0,corps,8.475484702327027,2.9168
7560,15,211,14.07,8.0,0,corps,8.473247519318225,1.8451
7561,35,445,12.71,16.9,0,corps,8.471011454621324,1.5931
7562,15,198,13.20,8.0,0,corps,8.468776507677308,1.5175
7563,29,420,14.48,14.2,0,corps,8.466542677927446,2.0083
7564,20,257,12.85,10.2,0,corps,8.464309964813276,2.5596
7565,10,150,15.00,5.8,0,corps,8.46207836777662,2.0669
7566,16,240,15.00,8.4,0,corps,8.459847886259581,2.9749
7567,25,343,13.72,12.4,0,corps,8.457618519704534,1.8153
7568,19,214,11.26,9.8,0,corps,8.455390267554142,2.6492
7569,27,309,11.44,13.3,0,corps,8.453163129251339,1.7217
7570,31,435,14.03,15.1,0,corps,8.45093710423934,2.2378
7571,23,321,13.96,11.6,0,corps,8.448712191961643,2.6979
7572,34,480,14.12,16.4,0,corps,8.446488391862017,1.4192
7573,26,324,12.46,12.9,0,corps,8.44426570338451,2.7127
7574,15,160,10.67,8.0,0,corps,8.442044125973455,1.5314
7575,14,173,12.36,7.6,0,corps,8.439823659073454,2.9844
7576,12,140,11.67,6.7,0,corps,8.43760430212939,3.0253
7577,32,403,12.59,15.6,0,corps,8.435386054586424,1.9688
7578,17,217,12.76,8.9,0,corps,8.433168915889993,2.6802
7579,18,264,14.67,9.3,0,corps,8.430952885485818,1.1293
7580,30,384,12.80,14.7,0,corps,8.428737962819884,1.5938
7581,28,354,12.64,13.8,0,corps,8.426524147338466,3.5932
7582,19,233,12.26,9.8,0,corps,8.424311438488107,1.7988
7583,19,246,12.95,9.8,0,corps,8.422099835715633,1.7872
7584,10,98,9.80,5.8,0,corps,8.41988933846814,2.4861
7585,10,113,11.30,5.8,0,corps,8.417679946193001,4.6169
7586,10,132,13.20,5.8,0,corps,8.415471658337875,3.5155
7587,15,186,12.40,8.0,0,corps,8.413264474350687,3.0811
7588,15,210,14.00,8.0,0,corps,8.411058393679639,2.0971
7589,26,383,14.73,12.9,0,corps,8.408853415773212,2.7858
7590,34,411,12.09,16.4,0,corps,8.406649540080164,2.7924
7591,9,81,9.00,5.3,0,corps,8.404446766049523,5.4716
7592,26,363,13.96,12.9,0,corps,8.402245093130595,2.3738
7593,21,257,12.24,10.7,0,corps,8.400044520772965,2.7469
7594,24,299,12.46,12.0,0,corps,8.397845048426486,3.4007
7595,10,113,11.30,5.8,0,corps,8.395646675541297,5.1728
7596,29,383,13.21,14.2,0,corps,8.393449401567793,2.8575
7597,35,448,12.80,16.9,0,corps,8.391253225956666,2.4398
7598,31,428,13.81,15.1,0,corps,8.389058148158869,2.6400
7599,16,232,14.50,8.4,0,corps,8.38686416762563,1.8026
7600,14,161,11.50,7.6,0,corps,8.384671283808458,1.6181
7601,15,168,11.20,8.0,0,corps,8.382479496159128,4.2279
7602,19,177,9.32,9.8,0,corps,8.380288804129693,1.8644
7603,32,334,10.44,15.6,0,corps,8.378099207172486,2.3863
7604,25,319,12.76,12.4,0,corps,8.3759107047401,2.0075
7605,21,267,12.71,10.7,0,corps,8.373723296285416,1.1846
7606,11,110,10.00,6.2,0,corps,8.371536981261576,4.8152
7607,22,250,11.36,11.1,0,corps,8.369351759122006,1.8058
7608,29,486,16.76,14.2,0,corps,8.367167629320399,2.6400
7609,10,109,10.90,5.8,0,corps,8.364984591310721,3.5886
7610,29,415,14.31,14.2,0,corps,8.362802644547212,3.2575
7611,29,376,12.97,14.2,0,corps,8.36062178848439,2.5916
7612,28,394,14.07,13.8,0,corps,8.358442022577037,1.6864
7613,22,314,14.27,11.1,0,corps,8.35626334628021,2.6222
7614,10,121,12.10,5.8,0,corps,8.354085759049246,1.3581
7615,24,248,10.33,12.0,0,corps,8.351909260339742,1.8719
7616,9,92,10.22,5.3,0,corps,8.349733849607578,5.9999
7617,15,169,11.27,8.0,0,corps,8.347559526308896,1.8217
7618,17,189,11.12,8.9,0,corps,8.345386289900118,2.1024
7619,13,163,12.54,7.1,0,corps,8.343214139837936,2.3044
7620,12,146,12.17,6.7,0,corps,8.341043075579313,3.8894
7621,32,394,12.31,15.6,0,corps,8.338873096581482,2.8241
7622,25,317,12.68,12.4,0,corps,8.336704202301947,2.0279
7623,13,154,11.85,7.1,0,corps,8.334536392198483,3.9422
7624,22,271,12.32,11.1,0,corps,8.332369665729141,1.7835
7625,29,398,13.72,14.2,0,corps,8.33020402235224,2.4606
7626,20,233,11.65,10.2,0,corps,8.328039461526364,2.3772
7627,34,406,11.94,16.4,0,corps,8.325875982710379,2.1979
7628,31,282,9.10,15.1,0,corps,8.323713585363409,2.1343
7629,11,94,8.55,6.2,0,corps,8.32155226894486,4.4313
7630,18,208,11.56,9.3,0,corps,8.319392032914399,2.4803
7631,18,235,13.06,9.3,0,corps,8.31723287673197,2.6877
7632,16,167,10.44,8.4,0,corps,8.315074799857785,1.3564
7633,40,464,11.60,19.1,0,corps,8.312917801752317,3.2460
7634,21,269,12.81,10.7,0,corps,8.310761881876324,2.3859
7635,27,315,11.67,13.3,0,corps,8.308607039690827,1.4226
7636,26,310,11.92,12.9,0,corps,8.306453274657109,2.0998
7637,12,117,9.75,6.7,0,corps,8.304300586236735,2.8981
7638,19,240,12.63,9.8,0,corps,8.302148973891526,1.7502
7639,14,163,11.64,7.6,0,corps,8.299998437083586,2.6067
7640,25,435,17.40,12.4,0,corps,8.297848975275278,1.1620
7641,15,209,13.93,8.0,0,corps,8.295700587929232,2.3792
7642,13,151,11.62,7.1,0,corps,8.293553274508358,1.8726
7643,11,133,12.09,6.2,0,corps,8.291407034475828,4.3588
7644,23,270,11.74,11.6,0,corps,8.289261867295075,1.8101
7645,9,114,12.67,5.3,0,corps,8.287117772429815,1.3174
7646,22,235,10.68,11.1,0,corps,8.284974749344014,2.7394
7647,13,97,7.46,7.1,0,corps,8.282832797501928,6.8056
7648,18,236,13.11,9.3,0,corps,8.280691916368063,2.2820
7649,17,179,10.53,8.9,0,corps,8.278552105407197,1.7280
7650,13,158,12.15,7.1,0,corps,8.276413364084382,1.9059
7651,26,398,15.31,12.9,0,corps,8.27427569186493,2.0981
7652,10,100,10.00,5.8,0,corps,8.272139088214422,3.0274
7653,23,290,12.61,11.6,0,corps,8.27000355259871,3.1456
7654,5,84,16.80,3.6,0,corps,8.267869084483907,1.3950
7655,19,229,12.05,9.8,0,corps,8.265735683336398,1.7073
7656,25,266,10.64,12.4,0,corps,8.263603348622832,1.8344
7657,23,270,11.74,11.6,0,corps,8.261472079810126,2.5849
7658,17,228,13.41,8.9,0,corps,8.25934187636546,2.7550
7659,19,158,8.32,9.8,0,corps,8.257212737756287,2.3335
7660,18,223,12.39,9.3,0,corps,8.25508466345032,2.2834
7661,19,236,12.42,9.8,0,corps,8.252957652915542,2.1685
7662,30,342,11.40,14.7,0,corps,8.250831705620199,2.6988
7663,33,447,13.55,16.0,0,corps,8.248706821032803,2.3520
7664,20,227,11.35,10.2,0,corps,8.246582998622138,4.4756
7665,19,204,10.74,9.8,0,corps,8.24446023785724,3.7812
7666,13,120,9.23,7.1,0,corps,8.242338538207425,3.7787
7667,19,240,12.63,9.8,0,corps,8.24021789914227,2.0874
7668,22,232,10.55,11.1,0,corps,8.238098320131607,3.4985
7669,18,201,11.17,9.3,0,corps,8.235979800645552,1.9380
7670,21,244,11.62,10.7,0,corps,8.233862340154463,1.5367
7671,12,114,9.50,6.7,0,corps,8.231745938128984,1.6763
7672,36,478,13.28,17.3,0,corps,8.229630594040014,4.4175
7673,26,332,12.77,12.9,0,corps,8.227516307358709,1.6636
7674,26,437,16.81,12.9,0,corps,8.225403077556507,1.4952
7675,14,202,14.43,7.6,0,corps,8.223290904105095,1.7124
7676,32,417,13.03,15.6,0,corps,8.22117978647643,1.4779
7677,14,131,9.36,7.6,0,corps,8.219069724142736,3.3153
7678,30,344,11.47,14.7,0,corps,8.216960716576494,3.4180
7679,22,299,13.59,11.1,0,corps,8.214852763250452,4.7259
7680,5,60,12.00,3.6,0,corps,8.212745863637624,2.1686
7681,18,229,12.72,9.3,0,corps,8.210640017211283,1.7607
7682,18,246,13.67,9.3,0,corps,8.208535223444969,2.0528
7683,26,296,11.38,12.9,0,corps,8.206431481812483,3.0330
7684,28,341,12.18,13.8,0,corps,8.204328791787887,3.8139
7685,8,79,9.88,4.9,0,corps,8.202227152845516,5.0182
7686,18,168,9.33,9.3,0,corps,8.20012656445995,2.7722
7687,3,35,11.67,2.7,0,corps,8.198027026106049,1.6106
7688,7,57,8.14,4.4,0,corps,8.195928537258927,1.6389
7689,35,406,11.60,16.9,0,corps,8.19383109739396,2.6461
7690,5,30,6.00,3.6,0,corps,8.19173470598679,6.4658
7691,17,200,11.76,8.9,0,corps,8.189639362513319,2.2945
7692,17,184,10.82,8.9,0,corps,8.187545066449708,3.4096
7693,18,208,11.56,9.3,0,corps,8.185451817272387,2.1910
7694,20,212,10.60,10.2,0,corps,8.183359614458043,2.5818
7695,20,240,12.00,10.2,0,corps,8.181268457483622,3.5252
7696,35,406,11.60,16.9,0,corps,8.17917834582634,1.7513
7697,11,134,12.18,6.2,0,corps,8.177089278963665,1.1112
7698,17,176,10.35,8.9,0,corps,8.17500125637333,2.1633
7699,19,216,11.37,9.8,0,corps,8.172914277533334,2.9476
7700,22,277,12.59,11.1,0,corps,8.170828341921926,3.2109
7701,25,267,10.68,12.4,0,corps,8.168743449017626,2.9883
7702,28,312,11.14,13.8,0,corps,8.16665959829921,2.9453
7703,19,234,12.32,9.8,0,corps,8.164576789245714,1.9788
7704,34,425,12.50,16.4,0,corps,8.162495021336442,2.8286
7705,14,161,11.50,7.6,0,corps,8.160414294050941,1.3753
7706,16,169,10.56,8.4,0,corps,8.158334606869039,2.1951
7707,24,264,11.00,12.0,0,corps,8.15625595927081,2.2622
7708,27,261,9.67,13.3,0,corps,8.15417835073659,3.2180
7709,19,200,10.53,9.8,0,corps,8.152101780746984,2.7797
7710,25,261,10.44,12.4,0,corps,8.15002624878284,2.7540
7711,36,468,13.00,17.3,0,corps,8.14795175432528,2.2315
7712,18,229,12.72,9.3,0,corps,8.145878296855683,2.7273
7713,25,305,12.20,12.4,0,corps,8.14380587585568,2.4533
7714,37,505,13.65,17.8,0,corps,8.141734490807167,1.6463
7715,27,335,12.41,13.3,0,corps,8.139664141192302,1.9766
7716,32,377,11.78,15.6,0,corps,8.13759482649349,2.1454
7717,3,21,7.00,2.7,0,corps,8.13552654619341,2.0062
7718,13,119,9.15,7.1,0,corps,8.133459299774984,2.2004
7719,10,110,11.00,5.8,0,corps,8.131393086721406,3.6817
7720,28,315,11.25,13.8,0,corps,8.12932790651612,2.1809
7721,28,330,11.79,13.8,0,corps,8.127263758642833,2.0435
7722,15,154,10.27,8.0,0,corps,8.125200642585508,3.5524
7723,18,185,10.28,9.3,0,corps,8.123138557828364,2.9170
7724,33,387,11.73,16.0,0,corps,8.121077503855883,2.4297
7725,9,64,7.11,5.3,0,corps,8.119017480152799,2.9496
7726,19,219,11.53,9.8,0,corps,8.116958486204103,1.7507
7727,20,288,14.40,10.2,0,corps,8.114900521495052,4.2860
7728,12,110,9.17,6.7,0,corps,8.112843585511156,5.2584
7729,26,286,11.00,12.9,0,corps,8.110787677738173,2.0451
7730,14,171,12.21,7.6,0,corps,8.108732797662132,2.6861
7731,12,123,10.25,6.7,0,corps,8.106678944769314,3.9490
7732,30,331,11.03,14.7,0,corps,8.104626118546252,1.6586
7733,23,258,11.22,11.6,0,corps,8.102574318479743,2.8680
7734,12,121,10.08,6.7,0,corps,8.10052354405683,3.2024
7735,23,280,12.17,11.6,0,corps,8.09847379476483,3.1146
7736,18,229,12.72,9.3,0,corps,8.096425070091298,2.6893
7737,23,367,15.96,11.6,0,corps,8.094377369524054,2.8094
7738,28,363,12.96,13.8,0,corps,8.092330692551174,2.0467
7739,18,237,13.17,9.3,0,corps,8.090285038660989,2.6666
7740,35,482,13.77,16.9,0,corps,8.088240407342084,1.8095
7741,29,384,13.24,14.2,0,corps,8.086196798083305,2.1180
7742,18,252,14.00,9.3,0,corps,8.084154210373743,1.5473
7743,20,247,12.35,10.2,0,corps,8.082112643702756,2.6638
7744,17,210,12.35,8.9,0,corps,8.080072097559954,3.0044
7745,11,112,10.18,6.2,0,corps,8.078032571435195,3.1145
7746,46,604,13.13,21.8,0,corps,8.075994064818598,4.4433
7747,35,496,14.17,16.9,0,corps,8.073956577200542,2.8664
7748,24,293,12.21,12.0,0,corps,8.071920108071652,3.4267
7749,19,237,12.47,9.8,0,corps,8.069884656922808,1.6582
7750,13,132,10.15,7.1,0,corps,8.067850223245149,3.7478
7751,15,160,10.67,8.0,0,corps,8.06581680653007,2.7500
7752,12,133,11.08,6.7,0,corps,8.063784406269212,1.2516
7753,14,128,9.14,7.6,0,corps,8.061753021954473,4.2244
7754,16,190,11.88,8.4,0,corps,8.059722653078015,2.5848
7755,19,279,14.68,9.8,0,corps,8.057693299132241,2.6250
7756,24,323,13.46,12.0,0,corps,8.055664959609812,2.1415
7757,23,280,12.17,11.6,0,corps,8.053637634003646,1.8311
7758,14,201,14.36,7.6,0,corps,8.05161132180691,2.1950
7759,15,167,11.13,8.0,0,corps,8.049586022513022,2.2234
7760,22,334,15.18,11.1,0,corps,8.047561735615663,2.6161
7761,21,255,12.14,10.7,0,corps,8.045538460608759,2.6611
7762,24,395,16.46,12.0,0,corps,8.043516196986491,1.9349
7763,33,397,12.03,16.0,0,corps,8.041494944243292,3.7982
7764,21,303,14.43,10.7,0,corps,8.03947470187385,1.5485
7765,29,371,12.79,14.2,0,corps,8.037455469373105,2.4028
7766,30,387,12.90,14.7,0,corps,8.03543724623625,1.5400
7767,22,286,13.00,11.1,0,corps,8.033420031958727,1.1590
7768,7,77,11.00,4.4,0,corps,8.031403826036234,2.3961
7769,4,29,7.25,3.1,0,corps,8.029388627964714,2.4821
7770,17,208,12.24,8.9,0,corps,8.027374437240377,2.3702
7771,28,455,16.25,13.8,0,corps,8.025361253359668,2.8065
7772,25,384,15.36,12.4,0,corps,8.023349075819294,3.2287
7773,42,600,14.29,20.0,0,corps,8.02133790411621,2.5771
7774,29,417,14.38,14.2,0,corps,8.019327737747622,1.7224
7775,21,245,11.67,10.7,0,corps,8.017318576210988,2.8498
7776,31,399,12.87,15.1,0,corps,8.015310419004022,2.5844
7777,30,396,13.20,14.7,0,corps,8.01330326562468,4.0445
7778,27,392,14.52,13.3,0,corps,8.011297115571178,1.4077
7779,32,424,13.25,15.6,0,corps,8.009291968341973,3.2829
7780,28,383,13.68,13.8,0,corps,8.00728782343578,3.4111
7781,31,432,13.94,15.1,0,corps,8.005284680351567,1.9891
7782,32,448,14.00,15.6,0,corps,8.003282538588543,1.7189
7783,10,117,11.70,5.8,0,corps,8.001281397646173,1.7237
7784,16,193,12.06,8.4,0,corps,7.999281257024177,3.4137
7785,21,217,10.33,10.7,0,corps,7.997282116222512,1.9664
7786,24,336,14.00,12.0,0,corps,7.995283974741402,2.3073
7787,13,120,9.23,7.1,0,corps,7.9932868320813,4.7502
7788,30,354,11.80,14.7,0,corps,7.991290687742931,1.8126
7789,28,345,12.32,13.8,0,corps,7.989295541227256,2.2757
7790,35,490,14.00,16.9,0,corps,7.987301392035484,1.8467
7791,27,307,11.37,13.3,0,corps,7.985308239669081,2.4118
7792,18,237,13.17,9.3,0,corps,7.98331608362976,2.9549
7793,29,386,13.31,14.2,0,corps,7.98132492341948,2.1937
7794,20,191,9.55,10.2,0,corps,7.979334758540453,2.3444
7795,12,160,13.33,6.7,0,corps,7.977345588495134,2.1588
7796,33,418,12.67,16.0,0,corps,7.975357412786234,1.2616
7797,38,465,12.24,18.2,0,corps,7.973370230916708,1.4054
7798,8,76,9.50,4.9,0,corps,7.971384042389761,3.6494
7799,20,254,12.70,10.2,0,corps,7.969398846708844,2.1193
7800,19,214,11.26,9.8,0,corps,7.96741464337766,1.8525
7801,19,215,11.32,9.8,0,corps,7.965431431900158,3.6980
7802,29,322,11.10,14.2,0,corps,7.963449211780535,2.8649
7803,21,217,10.33,10.7,0,corps,7.961467982523233,2.9010
7804,18,255,14.17,9.3,0,corps,7.959487743632948,2.8150
7805,11,125,11.36,6.2,0,corps,7.957508494614622,4.2156
7806,27,349,12.93,13.3,0,corps,7.955530234973438,3.3087
7807,32,365,11.41,15.6,0,corps,7.953552964214833,2.0773
7808,31,341,11.00,15.1,0,corps,7.951576681844494,4.7587
7809,23,252,10.96,11.6,0,corps,7.94960138736834,2.7035
7810,8,106,13.25,4.9,0,corps,7.947627080292557,1.1944
7811,18,209,11.61,9.3,0,corps,7.945653760123564,3.1277
7812,36,458,12.72,17.3,0,corps,7.94368142636803,3.7724
7813,16,171,10.69,8.4,0,corps,7.941710078532877,3.8901
7814,26,404,15.54,12.9,0,corps,7.93973971612526,2.0674
7815,27,383,14.19,13.3,0,corps,7.937770338652594,2.0729
7816,44,646,14.68,20.9,0,corps,7.935801945622534,3.5959
7817,22,277,12.59,11.1,0,corps,7.93383453654298,1.3256
7818,35,414,11.83,16.9,0,corps,7.931868110922083,3.8900
7819,19,157,8.26,9.8,0,corps,7.929902668268231,5.5037
7820,12,165,13.75,6.7,0,corps,7.927938208090067,3.9598
7821,20,230,11.50,10.2,0,corps,7.925974729896476,2.9432
7822,18,219,12.17,9.3,0,corps,7.9240122331965885,2.1398
7823,24,284,11.83,12.0,0,corps,7.922050717499779,2.8442
7824,11,122,11.09,6.2,0,corps,7.92009018231567,1.8263
7825,28,417,14.89,13.8,0,corps,7.9181306271541265,2.3784
7826,36,462,12.83,17.3,0,corps,7.916172051525261,2.5373
7827,22,219,9.95,11.1,0,corps,7.914214454939428,2.7751
7828,24,340,14.17,12.0,0,corps,7.912257836907227,1.8841
7829,26,278,10.69,12.9,0,corps,7.91030219693951,2.5057
7830,30,358,11.93,14.7,0,corps,7.908347534547361,2.1692
7831,39,423,10.85,18.7,0,corps,7.9063938492421135,4.0246
7832,14,150,10.71,7.6,0,corps,7.904441140535351,3.7100
7833,25,288,11.52,12.4,0,corps,7.902489407938893,2.6994
7834,25,281,11.24,12.4,0,corps,7.900538650964808,1.8375
7835,19,209,11.00,9.8,0,corps,7.898588869125406,2.2654
7836,32,482,15.06,15.6,0,corps,7.896640061933241,2.2115
7837,33,404,12.24,16.0,0,corps,7.894692228901115,2.2476
7838,8,99,12.38,4.9,0,corps,7.8927453695420615,1.4312
7839,21,243,11.57,10.7,0,corps,7.890799483369373,1.9498
7840,34,508,14.94,16.4,0,corps,7.888854569896576,2.6333
7841,19,253,13.32,9.8,0,corps,7.886910628637442,1.3605
7842,21,259,12.33,10.7,0,corps,7.8849676591059845,3.0683
7843,19,181,9.53,9.8,0,corps,7.883025660816462,2.2172
7844,20,262,13.10,10.2,0,corps,7.8810846332833755,1.8770
7845,17,209,12.29,8.9,0,corps,7.879144576021467,3.2828
7846,41,471,11.49,19.6,0,corps,7.877205488545721,2.4888
7847,22,236,10.73,11.1,0,corps,7.875267370371369,1.3403
7848,8,69,8.62,4.9,0,corps,7.873330221013881,6.0973
7849,25,284,11.36,12.4,0,corps,7.871394039988969,2.2278
7850,22,247,11.23,11.1,0,corps,7.869458826812585,2.4612
7851,20,229,11.45,10.2,0,corps,7.867524581000929,2.6072
7852,14,179,12.79,7.6,0,corps,7.865591302070436,2.1227
7853,29,316,10.90,14.2,0,corps,7.863658989537791,2.1394
7854,32,366,11.44,15.6,0,corps,7.861727642919913,2.4766
7855,22,304,13.82,11.1,0,corps,7.859797261733964,2.6736
7856,14,151,10.79,7.6,0,corps,7.8578678454973545,4.3226
7857,13,161,12.38,7.1,0,corps,7.8559393937277235,1.0451
7858,28,451,16.11,13.8,0,corps,7.854011905942963,1.5919
7859,17,202,11.88,8.9,0,corps,7.8520853816611975,1.3201
7860,20,243,12.15,10.2,0,corps,7.8501598204007985,1.9245
7861,25,412,16.48,12.4,0,corps,7.8482352216803735,2.0167
7862,20,277,13.85,10.2,0,corps,7.846311585018774,2.2133
7863,5,62,12.40,3.6,0,corps,7.84438890993509,1.4097
7864,33,419,12.70,16.0,0,corps,7.842467195948657,1.4110
7865,33,460,13.94,16.0,0,corps,7.84054644257904,2.3488
7866,17,192,11.29,8.9,0,corps,7.838626649346056,2.8018
7867,38,556,14.63,18.2,0,corps,7.836707815769752,1.9374
7868,23,309,13.43,11.6,0,corps,7.8347899413704205,1.7937
7869,12,140,11.67,6.7,0,corps,7.832873025668598,2.4462
7870,26,390,15.00,12.9,0,corps,7.83095706818505,1.7386
7871,28,371,13.25,13.8,0,corps,7.829042068440789,1.5590
7872,20,211,10.55,10.2,0,corps,7.827128025957067,1.7704
7873,29,354,12.21,14.2,0,corps,7.825214940255368,3.6964
7874,43,513,11.93,20.4,0,corps,7.823302810857427,2.4492
7875,16,254,15.88,8.4,0,corps,7.821391637285208,1.2068
7876,8,110,13.75,4.9,0,corps,7.819481419060917,1.1422
7877,23,292,12.70,11.6,0,corps,7.817572155707002,1.1741
7878,18,218,12.11,9.3,0,corps,7.815663846746144,1.5049
7879,12,179,14.92,6.7,0,corps,7.8137564917012705,1.7447
7880,17,298,17.53,8.9,0,corps,7.811850090095537,0.8480
7881,27,329,12.19,13.3,0,corps,7.809944641452346,1.3043
7882,24,291,12.12,12.0,0,corps,7.808040145295337,3.1727
7883,10,144,14.40,5.8,0,corps,7.806136601148383,2.8257
7884,21,237,11.29,10.7,0,corps,7.804234008535599,2.3763
7885,20,299,14.95,10.2,0,corps,7.802332366981338,1.9291
7886,28,365,13.04,13.8,0,corps,7.800431676010187,2.5447
7887,21,242,11.52,10.7,0,corps,7.798531935146976,2.1543
7888,23,232,10.09,11.6,0,corps,7.796633143916767,2.6681
7889,21,245,11.67,10.7,0,corps,7.794735301844866,2.8331
7890,24,280,11.67,12.0,0,corps,7.792838408456809,2.5064
7891,25,408,16.32,12.4,0,corps,7.790942463278375,2.5278
7892,18,209,11.61,9.3,0,corps,7.789047465835575,1.4188
7893,26,335,12.88,12.9,0,corps,7.787153415654663,1.4943
7894,14,210,15.00,7.6,0,corps,7.785260312262121,2.3371
7895,9,101,11.22,5.3,0,corps,7.7833681551846805,3.4755
7896,28,337,12.04,13.8,0,corps,7.781476943949298,1.5576
7897,26,336,12.92,12.9,0,corps,7.779586678083169,2.8079
7898,16,168,10.50,8.4,0,corps,7.777697357113731,1.6906
7899,8,94,11.75,4.9,0,corps,7.775808980568652,4.9617
7900,29,313,10.79,14.2,0,corps,7.773921547975837,2.2311
7901,14,127,9.07,7.6,0,corps,7.77203505886343,2.8139
7902,19,236,12.42,9.8,0,corps,7.770149512759805,3.2026
7903,22,286,13.00,11.1,0,corps,7.768264909193581,1.6065
