n_game,score,steps,pas_pomme,fill_pct,victoire,cause,eps,loss
1,3,738,246.00,2.7,0,corps,199.90202449591717,0.1820
2,3,192,64.00,2.7,0,corps,199.8040979673415,0.6937
3,2,130,65.00,2.2,0,corps,199.70622038979133,0.7614
4,1,767,767.00,1.8,0,famine_truncated,199.60839173879728,0.0472
5,1,530,530.00,1.8,0,famine_truncated,199.51061198990217,0.0639
6,2,163,81.50,2.2,0,corps,199.41288111866112,0.5597
7,2,475,237.50,2.2,0,corps,199.3151991006413,0.2126
8,2,248,124.00,2.2,0,corps,199.21756591142233,0.3814
9,2,121,60.50,2.2,0,corps,199.11998152659584,0.8012
10,0,445,445.00,1.3,0,famine_truncated,199.02244592176575,0.0085
11,1,675,675.00,1.8,0,famine_truncated,198.92495907254815,0.0516
12,2,131,65.50,2.2,0,corps,198.82752095457133,0.7021
13,1,577,577.00,1.8,0,famine_truncated,198.73013154347575,0.0598
14,0,445,445.00,1.3,0,famine_truncated,198.63279081491407,0.0017
15,2,273,136.50,2.2,0,corps,198.53549874455112,0.3265
16,1,572,572.00,1.8,0,famine_truncated,198.4382553080639,0.0636
17,2,220,110.00,2.2,0,corps,198.34106048114148,0.4268
18,0,445,445.00,1.3,0,famine_truncated,198.2439142394852,0.0071
19,2,518,259.00,2.2,0,corps,198.14681655880847,0.1772
20,0,445,445.00,1.3,0,famine_truncated,198.04976741483696,0.0027
21,2,621,310.50,2.2,0,corps,197.95276678330828,0.1455
22,2,243,121.50,2.2,0,corps,197.85581463997227,0.3271
23,0,445,445.00,1.3,0,famine_truncated,197.75891096059095,0.0128
24,2,245,122.50,2.2,0,corps,197.66205572093838,0.3137
25,2,539,269.50,2.2,0,corps,197.56524889680077,0.1561
26,2,246,123.00,2.2,0,corps,197.46849046397637,0.3688
27,2,334,167.00,2.2,0,corps,197.3717803982756,0.2369
28,2,316,158.00,2.2,0,corps,197.27511867552093,0.2539
29,1,694,694.00,1.8,0,famine_truncated,197.17850527154695,0.0590
30,2,516,258.00,2.2,0,corps,197.08194016220028,0.1573
31,2,376,188.00,2.2,0,corps,196.98542332333966,0.2330
32,0,445,445.00,1.3,0,famine_truncated,196.8889547308359,0.0095
33,2,437,218.50,2.2,0,corps,196.79253436057178,0.1668
34,0,445,445.00,1.3,0,famine_truncated,196.6961621884423,0.0090
35,0,445,445.00,1.3,0,famine_truncated,196.59983819035435,0.0068
36,2,166,83.00,2.2,0,corps,196.50356234222696,0.4343
37,2,744,372.00,2.2,0,corps,196.4073346199911,0.1102
38,2,78,39.00,2.2,0,corps,196.31115499958997,0.8081
39,2,136,68.00,2.2,0,corps,196.21502345697857,0.3766
40,2,268,134.00,2.2,0,corps,196.11893996812404,0.2933
41,0,445,445.00,1.3,0,famine_truncated,196.0229045090055,0.0298
42,2,424,212.00,2.2,0,corps,195.92691705561407,0.1740
43,0,445,445.00,1.3,0,famine_truncated,195.83097758395294,0.0334
44,2,273,136.50,2.2,0,corps,195.73508607003717,0.3044
45,2,206,103.00,2.2,0,corps,195.63924248989392,0.3563
46,2,406,203.00,2.2,0,corps,195.5434468195623,0.1821
47,2,286,143.00,2.2,0,corps,195.4476990350934,0.2038
48,2,445,222.50,2.2,0,corps,195.3519991125502,0.1279
49,2,499,249.50,2.2,0,corps,195.25634702800784,0.1582
50,0,445,445.00,1.3,0,famine_truncated,195.1607427575532,0.0326
51,3,325,108.33,2.7,0,corps,195.06518627728525,0.2796
52,2,318,159.00,2.2,0,corps,194.96967756331486,0.2373
53,2,126,63.00,2.2,0,corps,194.87421659176488,0.6076
54,2,363,181.50,2.2,0,corps,194.77880333877,0.1870
55,2,418,209.00,2.2,0,corps,194.683437780477,0.1491
56,2,329,164.50,2.2,0,corps,194.5881198930444,0.1999
57,0,445,445.00,1.3,0,famine_truncated,194.49284965264278,0.0386
58,2,80,40.00,2.2,0,corps,194.39762703545455,0.6822
59,2,219,109.50,2.2,0,corps,194.30245201767406,0.2658
60,2,214,107.00,2.2,0,corps,194.2073245755076,0.2824
61,2,409,204.50,2.2,0,corps,194.11224468517327,0.2422
62,2,566,283.00,2.2,0,corps,194.0172123229011,0.1827
63,0,445,445.00,1.3,0,famine_truncated,193.92222746493297,0.0870
64,1,755,755.00,1.8,0,famine_truncated,193.82729008752273,0.1280
65,2,175,87.50,2.2,0,corps,193.73240016693597,0.3743
66,2,204,102.00,2.2,0,corps,193.63755767945028,0.3627
67,1,719,719.00,1.8,0,famine_truncated,193.54276260135498,0.1689
68,2,114,57.00,2.2,0,corps,193.44801490895128,0.5224
69,2,380,190.00,2.2,0,corps,193.35331457855233,0.2279
70,4,341,85.25,3.1,0,corps,193.25866158648302,0.4753
71,2,200,100.00,2.2,0,corps,193.1640559090801,0.4042
72,1,841,841.00,1.8,0,famine_truncated,193.0694975226921,0.1119
73,2,629,314.50,2.2,0,corps,192.9749864036795,0.1608
74,0,445,445.00,1.3,0,famine_truncated,192.88052252841447,0.0814
75,2,552,276.00,2.2,0,corps,192.78610587328106,0.1054
76,2,203,101.50,2.2,0,corps,192.6917364146751,0.3240
77,2,383,191.50,2.2,0,corps,192.59741412900425,0.2304
78,3,334,111.33,2.7,0,corps,192.50313899268787,0.3601
79,1,671,671.00,1.8,0,famine_truncated,192.40891098215724,0.1576
80,2,75,37.50,2.2,0,corps,192.31473007385534,0.8244
81,2,99,49.50,2.2,0,corps,192.22059624423696,0.4760
82,2,297,148.50,2.2,0,corps,192.1265094697686,0.2030
83,2,147,73.50,2.2,0,corps,192.03246972692855,0.3182
84,2,19,9.50,2.2,0,corps,191.93847699220697,2.9382
85,2,200,100.00,2.2,0,corps,191.8445312421056,0.2202
86,2,55,27.50,2.2,0,corps,191.75063245313802,0.9164
87,2,133,66.50,2.2,0,corps,191.65678060182952,0.3590
88,2,257,128.50,2.2,0,corps,191.56297566471713,0.2695
89,2,273,136.50,2.2,0,corps,191.46921761834966,0.2348
90,0,445,445.00,1.3,0,famine_truncated,191.3755064392876,0.0653
91,1,512,512.00,1.8,0,famine_truncated,191.28184210410308,0.1112
92,2,49,24.50,2.2,0,corps,191.18822458938007,1.0750
93,2,426,213.00,2.2,0,corps,191.09465387171417,0.1544
94,2,343,171.50,2.2,0,corps,191.00112992771275,0.2096
95,1,542,542.00,1.8,0,famine_truncated,190.90765273399478,0.0968
96,1,670,670.00,1.8,0,famine_truncated,190.81422226719093,0.0806
97,2,450,225.00,2.2,0,corps,190.72083850394364,0.1555
98,0,445,445.00,1.3,0,famine_truncated,190.62750142090695,0.0572
99,2,68,34.00,2.2,0,corps,190.5342109947466,0.9815
100,2,402,201.00,2.2,0,corps,190.44096720213994,0.1518
101,3,461,153.67,2.7,0,corps,190.34777001977608,0.2582
102,2,168,84.00,2.2,0,corps,190.2546194243557,0.4623
103,2,484,242.00,2.2,0,corps,190.16151539259113,0.2016
104,0,445,445.00,1.3,0,famine_truncated,190.06845790120636,0.0620
105,2,59,29.50,2.2,0,corps,189.97544692693705,0.8721
106,1,450,450.00,1.8,0,famine_truncated,189.88248244653045,0.1218
107,1,754,754.00,1.8,0,famine_truncated,189.78956443674542,0.1389
108,2,493,246.50,2.2,0,corps,189.69669287435246,0.2078
109,2,506,253.00,2.2,0,corps,189.6038677361337,0.1928
110,2,65,32.50,2.2,0,corps,189.51108899888283,0.8444
111,2,448,224.00,2.2,0,corps,189.4183566394052,0.2108
112,2,47,23.50,2.2,0,corps,189.32567063451765,1.1333
113,1,477,477.00,1.8,0,famine_truncated,189.23303096104874,0.1308
114,2,171,85.50,2.2,0,corps,189.1404375958386,0.3421
115,2,334,167.00,2.2,0,corps,189.04789051573874,0.2100
116,0,445,445.00,1.3,0,famine_truncated,188.95538969761253,0.0881
117,2,260,130.00,2.2,0,corps,188.86293511833466,0.3077
118,2,106,53.00,2.2,0,corps,188.77052675479155,0.5174
119,2,489,244.50,2.2,0,corps,188.6781645838811,0.1803
120,2,757,378.50,2.2,0,corps,188.58584858251274,0.1041
121,2,123,61.50,2.2,0,corps,188.4935787276075,0.6220
122,3,307,102.33,2.7,0,corps,188.4013549960979,0.3040
123,3,146,48.67,2.7,0,corps,188.30917736492802,0.6304
124,2,383,191.50,2.2,0,corps,188.21704581105342,0.1639
125,0,445,445.00,1.3,0,famine_truncated,188.12496031144127,0.0788
126,2,778,389.00,2.2,0,corps,188.03292084307012,0.1148
127,2,374,187.00,2.2,0,corps,187.94092738293017,0.1775
128,2,478,239.00,2.2,0,corps,187.84897990802298,0.1732
129,2,141,70.50,2.2,0,corps,187.75707839536176,0.4796
130,2,290,145.00,2.2,0,corps,187.66522282197107,0.2328
131,3,231,77.00,2.7,0,corps,187.57341316488706,0.3680
132,2,505,252.50,2.2,0,corps,187.4816494011573,0.1675
133,2,393,196.50,2.2,0,corps,187.38993150784083,0.1507
134,2,520,260.00,2.2,0,corps,187.29825946200822,0.1219
135,2,138,69.00,2.2,0,corps,187.20663324074138,0.5963
136,2,237,118.50,2.2,0,corps,187.11505282113384,0.2240
137,2,480,240.00,2.2,0,corps,187.0235181802905,0.1473
138,2,137,68.50,2.2,0,corps,186.9320292953276,0.3050
139,2,120,60.00,2.2,0,corps,186.84058614337297,0.3970
140,1,529,529.00,1.8,0,famine_truncated,186.74918870156588,0.0811
141,3,544,181.33,2.7,0,corps,186.65783694705686,0.2881
142,3,440,146.67,2.7,0,corps,186.56653085700805,0.2676
143,2,481,240.50,2.2,0,corps,186.4752704085929,0.2320
144,2,411,205.50,2.2,0,corps,186.38405557899634,0.2281
145,2,404,202.00,2.2,0,corps,186.2928863454146,0.2432
146,2,204,102.00,2.2,0,corps,186.20176268505537,0.4003
147,2,413,206.50,2.2,0,corps,186.11068457513778,0.2646
148,0,445,445.00,1.3,0,famine_truncated,186.0196519928923,0.1711
149,2,122,61.00,2.2,0,corps,185.92866491556074,0.5290
150,2,89,44.50,2.2,0,corps,185.83772332039638,0.6183
151,2,94,47.00,2.2,0,corps,185.74682718466377,0.5307
152,1,482,482.00,1.8,0,famine_truncated,185.65597648563892,0.2120
153,3,98,32.67,2.7,0,corps,185.56517120060914,0.6143
154,0,445,445.00,1.3,0,famine_truncated,185.47441130687307,0.1190
155,2,649,324.50,2.2,0,corps,185.38369678174084,0.2321
156,2,10,5.00,2.2,0,corps,185.2930276025337,5.7872
157,2,201,100.50,2.2,0,corps,185.20240374658442,0.3414
158,2,157,78.50,2.2,0,corps,185.11182519123702,0.3668
159,2,860,430.00,2.2,0,corps,185.02129191384685,0.1590
160,2,493,246.50,2.2,0,corps,184.9308038917806,0.2252
161,0,445,445.00,1.3,0,famine_truncated,184.8403611024163,0.0926
162,0,445,445.00,1.3,0,famine_truncated,184.74996352314318,0.0846
163,2,316,158.00,2.2,0,corps,184.65961113136188,0.1973
164,2,118,59.00,2.2,0,corps,184.56930390448434,0.4537
165,2,289,144.50,2.2,0,corps,184.47904181993368,0.2300
166,2,607,303.50,2.2,0,corps,184.38882485514443,0.1442
167,0,445,445.00,1.3,0,famine_truncated,184.29865298756235,0.0863
168,2,419,209.50,2.2,0,corps,184.20852619464443,0.1872
169,2,148,74.00,2.2,0,corps,184.118444453859,0.3079
170,2,491,245.50,2.2,0,corps,184.02840774268566,0.2043
171,2,523,261.50,2.2,0,corps,183.93841603861514,0.1795
172,1,618,618.00,1.8,0,famine_truncated,183.8484693191496,0.1203
173,2,190,95.00,2.2,0,corps,183.75856756180232,0.2872
174,3,240,80.00,2.7,0,corps,183.66871074409787,0.4121
175,2,79,39.50,2.2,0,corps,183.578898843572,0.5151
176,2,46,23.00,2.2,0,corps,183.48913183777182,0.7254
177,2,431,215.50,2.2,0,corps,183.39940970425553,0.1534
178,2,65,32.50,2.2,0,corps,183.30973242059258,0.5727
179,2,558,279.00,2.2,0,corps,183.2200999643637,0.1594
180,2,153,76.50,2.2,0,corps,183.13051231316072,0.4217
181,1,475,475.00,1.8,0,famine_truncated,183.04096944458678,0.2758
182,2,421,210.50,2.2,0,corps,182.95147133625608,0.2742
183,2,442,221.00,2.2,0,corps,182.8620179657942,0.2427
184,2,357,178.50,2.2,0,corps,182.7726093108377,0.3118
185,0,445,445.00,1.3,0,famine_truncated,182.6832453490345,0.1622
186,2,321,160.50,2.2,0,corps,182.59392605804354,0.3445
187,2,252,126.00,2.2,0,corps,182.50465141553505,0.3923
188,2,353,176.50,2.2,0,corps,182.41542139919034,0.3054
189,3,265,88.33,2.7,0,corps,182.32623598670187,0.4164
190,1,477,477.00,1.8,0,famine_truncated,182.23709515577335,0.2314
191,2,272,136.00,2.2,0,corps,182.14799888411957,0.3940
192,2,173,86.50,2.2,0,corps,182.05894714946643,0.4580
193,3,493,164.33,2.7,0,corps,181.96993992955097,0.3933
194,2,314,157.00,2.2,0,corps,181.88097720212144,0.4004
195,2,211,105.50,2.2,0,corps,181.79205894493714,0.4384
196,2,310,155.00,2.2,0,corps,181.7031851357685,0.3642
197,2,331,165.50,2.2,0,corps,181.61435575239707,0.2878
198,2,194,97.00,2.2,0,corps,181.5255707726155,0.3555
199,2,663,331.50,2.2,0,corps,181.43683017422757,0.2544
200,2,243,121.50,2.2,0,corps,181.34813393504808,0.2948
201,2,161,80.50,2.2,0,corps,181.259482032903,0.3804
202,2,124,62.00,2.2,0,corps,181.17087444562935,0.4758
203,2,167,83.50,2.2,0,corps,181.08231115107526,0.4178
204,2,164,82.00,2.2,0,corps,180.99379212709985,0.3741
205,2,38,19.00,2.2,0,corps,180.90531735157342,0.9619
206,2,157,78.50,2.2,0,corps,180.81688680237724,0.4156
207,2,170,85.00,2.2,0,corps,180.72850045740367,0.3184
208,3,453,151.00,2.7,0,corps,180.64015829455616,0.2619
209,2,164,82.00,2.2,0,corps,180.5518602917491,0.3036
210,2,117,58.50,2.2,0,corps,180.46360642690806,0.5413
211,2,764,382.00,2.2,0,corps,180.37539667796955,0.1933
212,2,204,102.00,2.2,0,corps,180.28723102288112,0.3017
213,2,387,193.50,2.2,0,corps,180.19910943960136,0.2577
214,2,89,44.50,2.2,0,corps,180.11103190609987,0.5910
215,2,404,202.00,2.2,0,corps,180.02299840035732,0.2021
216,2,245,122.50,2.2,0,corps,179.93500890036523,0.3473
217,2,111,55.50,2.2,0,corps,179.8470633841263,0.5162
218,1,584,584.00,1.8,0,famine_truncated,179.75916182965415,0.1971
219,2,73,36.50,2.2,0,corps,179.67130421497336,0.5474
220,3,251,83.67,2.7,0,corps,179.58349051811953,0.2722
221,2,155,77.50,2.2,0,corps,179.49572071713925,0.6889
222,3,171,57.00,2.7,0,corps,179.40799479009007,0.6042
223,2,133,66.50,2.2,0,corps,179.3203127150405,0.5573
224,2,422,211.00,2.2,0,corps,179.23267447007,0.2507
225,2,378,189.00,2.2,0,corps,179.14508003326907,0.3096
226,2,75,37.50,2.2,0,corps,179.05752938273903,0.8293
227,2,342,171.00,2.2,0,corps,178.97002249659226,0.3114
228,2,546,273.00,2.2,0,corps,178.88255935295203,0.2246
229,2,194,97.00,2.2,0,corps,178.79513992995254,0.3371
230,2,149,74.50,2.2,0,corps,178.70776420573895,0.4786
231,2,232,116.00,2.2,0,corps,178.6204321584673,0.3143
232,2,131,65.50,2.2,0,corps,178.53314376630465,0.4873
233,2,132,66.00,2.2,0,corps,178.4458990074288,0.4705
234,2,200,100.00,2.2,0,corps,178.35869786002863,0.3337
235,2,368,184.00,2.2,0,corps,178.2715403023038,0.2642
236,2,362,181.00,2.2,0,corps,178.184426312465,0.2609
237,2,157,78.50,2.2,0,corps,178.09735586873367,0.4243
238,2,354,177.00,2.2,0,corps,178.0103289493422,0.3283
239,2,148,74.00,2.2,0,corps,177.92334553253392,0.4039
240,2,258,129.00,2.2,0,corps,177.83640559656286,0.2466
241,3,139,46.33,2.7,0,corps,177.74950911969415,0.6151
242,2,97,48.50,2.2,0,corps,177.66265608020362,0.4737
243,2,151,75.50,2.2,0,corps,177.575846456378,0.4987
244,2,285,142.50,2.2,0,corps,177.48908022651491,0.2971
245,2,259,129.50,2.2,0,corps,177.4023573689228,0.4137
246,3,178,59.33,2.7,0,corps,177.3156778619209,0.5047
247,2,223,111.50,2.2,0,corps,177.22904168383937,0.3762
248,2,198,99.00,2.2,0,corps,177.14244881301917,0.2734
249,3,216,72.00,2.7,0,corps,177.0558992278121,0.3690
250,2,508,254.00,2.2,0,corps,176.9693929065807,0.2580
251,2,281,140.50,2.2,0,corps,176.88292982769846,0.2865
252,2,281,140.50,2.2,0,corps,176.79650996954953,0.2518
253,2,158,79.00,2.2,0,corps,176.71013331052902,0.4399
254,3,312,104.00,2.7,0,corps,176.62379982904278,0.3333
255,2,389,194.50,2.2,0,corps,176.53750950350735,0.3287
256,2,253,126.50,2.2,0,corps,176.45126231235017,0.3165
257,2,129,64.50,2.2,0,corps,176.36505823400952,0.2972
258,3,289,96.33,2.7,0,corps,176.27889724693432,0.3830
259,2,283,141.50,2.2,0,corps,176.1927793295843,0.2436
260,2,95,47.50,2.2,0,corps,176.10670446043002,0.5264
261,2,179,89.50,2.2,0,corps,176.02067261795273,0.3114
262,0,445,445.00,1.3,0,famine_truncated,175.93468378064455,0.2488
263,2,121,60.50,2.2,0,corps,175.84873792700816,0.4072
264,3,261,87.00,2.7,0,corps,175.76283503555717,0.4969
265,2,319,159.50,2.2,0,corps,175.6769750848158,0.3127
266,2,89,44.50,2.2,0,corps,175.59115805331913,0.5349
267,2,122,61.00,2.2,0,corps,175.50538391961285,0.3217
268,2,280,140.00,2.2,0,corps,175.41965266225347,0.2749
269,2,127,63.50,2.2,0,corps,175.33396425980814,0.4090
270,2,201,100.50,2.2,0,corps,175.24831869085475,0.3349
271,3,86,28.67,2.7,0,corps,175.16271593398193,0.7350
272,2,213,106.50,2.2,0,corps,175.077155967789,0.3203
273,2,151,75.50,2.2,0,corps,174.9916387708859,0.3916
274,2,26,13.00,2.2,0,corps,174.90616432189344,1.2240
275,2,258,129.00,2.2,0,corps,174.82073259944292,0.4792
276,2,55,27.50,2.2,0,corps,174.73534358217648,0.5725
277,2,104,52.00,2.2,0,corps,174.64999724874679,0.6209
278,2,170,85.00,2.2,0,corps,174.5646935778173,0.3409
279,2,150,75.00,2.2,0,corps,174.4794325480621,0.4221
280,2,156,78.00,2.2,0,corps,174.39421413816595,0.4608
281,2,170,85.00,2.2,0,corps,174.3090383268242,0.6197
282,2,134,67.00,2.2,0,corps,174.2239050927429,0.6603
283,2,127,63.50,2.2,0,corps,174.13881441463877,0.6201
284,2,228,114.00,2.2,0,corps,174.05376627123917,0.5419
285,2,316,158.00,2.2,0,corps,173.96876064128196,0.4788
286,2,513,256.50,2.2,0,corps,173.88379750351584,0.2956
287,2,130,65.00,2.2,0,corps,173.79887683669995,0.3835
288,2,59,29.50,2.2,0,corps,173.71399861960418,0.6337
289,2,270,135.00,2.2,0,corps,173.62916283100895,0.3754
290,2,576,288.00,2.2,0,corps,173.5443694497053,0.3253
291,2,286,143.00,2.2,0,corps,173.4596184544949,0.3840
292,2,392,196.00,2.2,0,corps,173.37490982418998,0.4783
293,2,90,45.00,2.2,0,corps,173.2902435376134,0.8883
294,2,126,63.00,2.2,0,corps,173.20561957359863,0.6049
295,2,377,188.50,2.2,0,corps,173.12103791098957,0.3588
296,2,360,180.00,2.2,0,corps,173.03649852864092,0.4855
297,2,155,77.50,2.2,0,corps,172.95200140541775,0.6069
298,2,260,130.00,2.2,0,corps,172.86754652019582,0.3321
299,2,323,161.50,2.2,0,corps,172.78313385186138,0.4735
300,2,327,163.50,2.2,0,corps,172.69876337931134,0.3187
301,2,135,67.50,2.2,0,corps,172.61443508145297,0.6347
302,2,203,101.50,2.2,0,corps,172.53014893720427,0.3424
303,3,142,47.33,2.7,0,corps,172.44590492549366,0.6488
304,3,252,84.00,2.7,0,corps,172.3617030252602,0.4131
305,3,256,85.33,2.7,0,corps,172.27754321545333,0.4034
306,2,147,73.50,2.2,0,corps,172.19342547503317,0.4463
307,2,172,86.00,2.2,0,corps,172.10934978297027,0.4609
308,2,135,67.50,2.2,0,corps,172.02531611824568,0.4398
309,2,269,134.50,2.2,0,corps,171.941324459851,0.2677
310,2,174,87.00,2.2,0,corps,171.85737478678823,0.3827
311,2,244,122.00,2.2,0,corps,171.7734670780701,0.4553
312,2,148,74.00,2.2,0,corps,171.68960131271962,0.3859
313,2,161,80.50,2.2,0,corps,171.60577746977032,0.3481
314,2,235,117.50,2.2,0,corps,171.52199552826627,0.3203
315,2,216,108.00,2.2,0,corps,171.438255467262,0.3557
316,2,53,26.50,2.2,0,corps,171.35455726582242,0.6116
317,2,58,29.00,2.2,0,corps,171.27090090302306,0.8707
318,3,360,120.00,2.7,0,corps,171.18728635794977,0.3740
319,3,153,51.00,2.7,0,corps,171.10371360969899,0.3030
320,2,211,105.50,2.2,0,corps,171.02018263737742,0.4286
321,2,198,99.00,2.2,0,corps,170.93669342010242,0.5177
322,2,88,44.00,2.2,0,corps,170.85324593700162,0.7419
323,2,377,188.50,2.2,0,corps,170.7698401672132,0.4540
324,2,26,13.00,2.2,0,corps,170.68647608988567,1.6132
325,2,88,44.00,2.2,0,corps,170.60315368417804,0.7208
326,2,355,177.50,2.2,0,corps,170.5198729292597,0.3813
327,2,91,45.50,2.2,0,corps,170.43663380431045,0.8397
328,2,45,22.50,2.2,0,corps,170.35343628852053,0.7623
329,2,58,29.00,2.2,0,corps,170.27028036109053,1.0512
330,2,337,168.50,2.2,0,corps,170.1871660012315,0.4543
331,2,153,76.50,2.2,0,corps,170.10409318816485,0.5301
332,2,44,22.00,2.2,0,corps,170.02106190112232,1.2328
333,2,321,160.50,2.2,0,corps,169.93807211934617,0.4595
334,4,76,19.00,3.1,0,corps,169.8551238220889,1.1096
335,2,19,9.50,2.2,0,corps,169.77221698861345,1.6427
336,2,127,63.50,2.2,0,corps,169.68935159819313,0.8409
337,2,144,72.00,2.2,0,corps,169.60652763011154,0.4840
338,2,123,61.50,2.2,0,corps,169.52374506366272,0.5519
339,2,108,54.00,2.2,0,corps,169.44100387815107,0.5691
340,2,161,80.50,2.2,0,corps,169.3583040528912,0.5850
341,2,125,62.50,2.2,0,corps,169.27564556720822,0.5971
342,2,254,127.00,2.2,0,corps,169.1930284004375,0.3650
343,2,106,53.00,2.2,0,corps,169.11045253192475,0.5490
344,2,75,37.50,2.2,0,corps,169.02791794102598,0.5066
345,4,167,41.75,3.1,0,corps,168.94542460710758,0.7951
346,2,139,69.50,2.2,0,corps,168.86297250954615,0.4026
347,2,206,103.00,2.2,0,corps,168.78056162772873,0.4410
348,2,155,77.50,2.2,0,corps,168.69819194105256,0.6781
349,2,445,222.50,2.2,0,corps,168.61586342892525,0.3849
350,2,147,73.50,2.2,0,corps,168.53357607076464,0.5816
351,2,195,97.50,2.2,0,corps,168.4513298459989,0.3594
352,2,186,93.00,2.2,0,corps,168.3691247340665,0.4730
353,2,95,47.50,2.2,0,corps,168.28696071441613,0.4875
354,2,344,172.00,2.2,0,corps,168.20483776650678,0.5104
355,2,329,164.50,2.2,0,corps,168.12275586980775,0.3367
356,2,73,36.50,2.2,0,corps,168.04071500379857,0.9622
357,2,64,32.00,2.2,0,corps,167.95871514796895,0.4083
358,2,311,155.50,2.2,0,corps,167.87675628181896,0.3564
359,2,111,55.50,2.2,0,corps,167.7948383848589,0.7841
360,2,201,100.50,2.2,0,corps,167.71296143660933,0.4653
361,2,137,68.50,2.2,0,corps,167.63112541660092,0.5580
362,3,117,39.00,2.7,0,corps,167.54933030437476,0.6815
363,2,277,138.50,2.2,0,corps,167.467576079482,0.5577
364,2,304,152.00,2.2,0,corps,167.38586272148413,0.3800
365,2,388,194.00,2.2,0,corps,167.30419020995276,0.3869
366,2,53,26.50,2.2,0,corps,167.22255852446983,1.0827
367,3,161,53.67,2.7,0,corps,167.14096764462735,0.6412
368,2,71,35.50,2.2,0,corps,167.05941755002766,0.8192
369,2,66,33.00,2.2,0,corps,166.9779082202832,0.9368
370,2,392,196.00,2.2,0,corps,166.89643963501663,0.4065
371,4,330,82.50,3.1,0,corps,166.81501177386082,0.4491
372,2,136,68.00,2.2,0,corps,166.7336246164588,0.5005
373,2,331,165.50,2.2,0,corps,166.65227814246379,0.4226
374,2,65,32.50,2.2,0,corps,166.57097233153917,0.8196
375,3,285,95.00,2.7,0,corps,166.48970716335847,0.4901
376,2,286,143.00,2.2,0,corps,166.4084826176054,0.3556
377,2,89,44.50,2.2,0,corps,166.32729867397384,0.7635
378,2,118,59.00,2.2,0,corps,166.2461553121678,0.5832
379,2,153,76.50,2.2,0,corps,166.16505251190142,0.5951
380,2,469,234.50,2.2,0,corps,166.083990252899,0.2978
381,3,267,89.00,2.7,0,corps,166.00296851489503,0.5172
382,3,166,55.33,2.7,0,corps,165.92198727763397,0.7158
383,3,163,54.33,2.7,0,corps,165.8410465208706,0.5506
384,2,188,94.00,2.2,0,corps,165.76014622436975,0.3206
385,2,401,200.50,2.2,0,corps,165.67928636790626,0.3505
386,2,174,87.00,2.2,0,corps,165.59846693126522,0.3712
387,2,202,101.00,2.2,0,corps,165.51768789424173,0.4356
388,4,330,82.50,3.1,0,corps,165.43694923664108,0.5066
389,2,124,62.00,2.2,0,corps,165.35625093827852,0.6627
390,2,59,29.50,2.2,0,corps,165.2755929789796,0.9229
391,2,195,97.50,2.2,0,corps,165.19497533857975,0.5679
392,2,173,86.50,2.2,0,corps,165.11439799692457,0.5911
393,2,137,68.50,2.2,0,corps,165.03386093386973,0.7683
394,2,116,58.00,2.2,0,corps,164.95336412928097,0.4340
395,2,128,64.00,2.2,0,corps,164.87290756303406,0.5088
396,3,123,41.00,2.7,0,corps,164.79249121501488,0.6952
397,2,244,122.00,2.2,0,corps,164.71211506511935,0.4245
398,2,126,63.00,2.2,0,corps,164.6317790932534,0.4741
399,2,175,87.50,2.2,0,corps,164.5514832793331,0.4328
400,2,204,102.00,2.2,0,corps,164.47122760328443,0.4186
401,2,174,87.00,2.2,0,corps,164.39101204504354,0.3840
402,2,141,70.50,2.2,0,corps,164.31083658455645,0.3347
403,2,48,24.00,2.2,0,corps,164.23070120177937,0.5716
404,2,256,128.00,2.2,0,corps,164.15060587667838,0.2964
405,4,306,76.50,3.1,0,corps,164.07055058922973,0.2974
406,2,65,32.50,2.2,0,corps,163.99053531941954,0.6499
407,2,465,232.50,2.2,0,corps,163.91056004724405,0.1802
408,2,361,180.50,2.2,0,corps,163.83062475270938,0.3139
409,3,134,44.67,2.7,0,corps,163.7507294158317,0.5397
410,3,114,38.00,2.7,0,corps,163.67087401663724,0.6608
411,3,309,103.00,2.7,0,corps,163.59105853516215,0.2578
412,2,131,65.50,2.2,0,corps,163.51128295145244,0.4065
413,3,207,69.00,2.7,0,corps,163.43154724556436,0.4621
414,2,113,56.50,2.2,0,corps,163.3518513975639,0.4677
415,2,86,43.00,2.2,0,corps,163.27219538752715,0.3213
416,2,63,31.50,2.2,0,corps,163.19257919554008,0.7163
417,3,124,41.33,2.7,0,corps,163.11300280169857,0.3992
418,3,223,74.33,2.7,0,corps,163.03346618610863,0.2192
419,2,133,66.50,2.2,0,corps,162.95396932888607,0.2443
420,2,273,136.50,2.2,0,corps,162.87451221015667,0.3195
421,2,113,56.50,2.2,0,corps,162.79509481005613,0.7003
422,2,246,123.00,2.2,0,corps,162.71571710873016,0.5192
423,2,263,131.50,2.2,0,corps,162.63637908633427,0.4941
424,2,44,22.00,2.2,0,corps,162.55708072303398,0.9590
425,2,194,97.00,2.2,0,corps,162.47782199900468,0.5325
426,2,438,219.00,2.2,0,corps,162.39860289443172,0.4606
427,2,37,18.50,2.2,0,corps,162.31942338951032,1.9242
428,3,321,107.00,2.7,0,corps,162.24028346444555,0.4751
429,3,412,137.33,2.7,0,corps,162.1611830994525,0.3738
430,2,151,75.50,2.2,0,corps,162.08212227475607,0.6946
431,2,90,45.00,2.2,0,corps,162.00310097059102,0.9070
432,3,222,74.00,2.7,0,corps,161.924119167202,0.5968
433,2,133,66.50,2.2,0,corps,161.84517684484365,0.8374
434,3,316,105.33,2.7,0,corps,161.7662739837803,0.5303
435,2,70,35.00,2.2,0,corps,161.68741056428627,0.8636
436,3,191,63.67,2.7,0,corps,161.6085865666457,0.5905
437,2,291,145.50,2.2,0,corps,161.52980197115258,0.4941
438,2,347,173.50,2.2,0,corps,161.4510567581108,0.4356
439,3,190,63.33,2.7,0,corps,161.372350907834,0.9134
440,2,142,71.00,2.2,0,corps,161.2936844006458,0.6460
441,2,73,36.50,2.2,0,corps,161.21505721687944,0.7056
442,2,198,99.00,2.2,0,corps,161.13646933687826,0.4972
443,2,164,82.00,2.2,0,corps,161.05792074099523,0.3741
444,2,176,88.00,2.2,0,corps,160.9794114095932,0.3374
445,4,70,17.50,3.1,0,corps,160.90094132304483,1.4883
446,2,150,75.00,2.2,0,corps,160.8225104617326,0.5951
447,2,72,36.00,2.2,0,corps,160.74411880604882,1.4704
448,2,75,37.50,2.2,0,corps,160.66576633639556,0.6651
449,2,141,70.50,2.2,0,corps,160.5874530331847,0.5616
450,2,169,84.50,2.2,0,corps,160.50917887683792,0.5064
451,3,109,36.33,2.7,0,corps,160.43094384778664,0.8654
452,3,130,43.33,2.7,0,corps,160.35274792647215,0.5763
453,2,70,35.00,2.2,0,corps,160.27459109334546,0.5320
454,2,93,46.50,2.2,0,corps,160.19647332886737,0.5641
455,2,103,51.50,2.2,0,corps,160.1183946135084,0.6638
456,2,118,59.00,2.2,0,corps,160.04035492774892,0.4414
457,2,195,97.50,2.2,0,corps,159.962354252079,0.4805
458,2,120,60.00,2.2,0,corps,159.8843925669984,0.6973
459,2,94,47.00,2.2,0,corps,159.8064698530168,0.6811
460,2,231,115.50,2.2,0,corps,159.7285860906535,0.3921
461,2,267,133.50,2.2,0,corps,159.65074126043746,0.4968
462,2,204,102.00,2.2,0,corps,159.57293534290758,0.6620
463,2,159,79.50,2.2,0,corps,159.49516831861234,0.7605
464,2,196,98.00,2.2,0,corps,159.41744016811,0.5671
465,2,53,26.50,2.2,0,corps,159.33975087196853,0.6809
466,2,109,54.50,2.2,0,corps,159.26210041076556,0.5608
467,2,141,70.50,2.2,0,corps,159.18448876508847,0.6616
468,2,85,42.50,2.2,0,corps,159.10691591553444,1.0306
469,2,108,54.00,2.2,0,corps,159.0293818427102,0.8617
470,2,88,44.00,2.2,0,corps,158.95188652723218,0.4559
471,2,69,34.50,2.2,0,corps,158.87442994972662,1.0075
472,2,40,20.00,2.2,0,corps,158.79701209082933,0.8931
473,2,255,127.50,2.2,0,corps,158.7196329311859,0.6177
474,2,54,27.00,2.2,0,corps,158.6422924514515,0.9510
475,2,294,147.00,2.2,0,corps,158.56499063229103,0.3697
476,2,70,35.00,2.2,0,corps,158.487727454379,0.8131
477,2,117,58.50,2.2,0,corps,158.41050289839967,0.7062
478,3,269,89.67,2.7,0,corps,158.33331694504685,0.6253
479,2,240,120.00,2.2,0,corps,158.25616957502407,0.7548
480,2,325,162.50,2.2,0,corps,158.1790607690445,0.6410
481,2,81,40.50,2.2,0,corps,158.10199050783086,0.6340
482,2,151,75.50,2.2,0,corps,158.02495877211572,0.5268
483,2,106,53.00,2.2,0,corps,157.94796554264104,0.3453
484,2,277,138.50,2.2,0,corps,157.8710108001586,0.4951
485,2,28,14.00,2.2,0,corps,157.7940945254296,1.0140
486,3,284,94.67,2.7,0,corps,157.71721669922508,0.4496
487,3,292,97.33,2.7,0,corps,157.6403773023255,0.5122
488,4,144,36.00,3.1,0,corps,157.56357631552106,1.6594
489,3,154,51.33,2.7,0,corps,157.4868137196115,0.6217
490,2,187,93.50,2.2,0,corps,157.41008949540617,0.5684
491,3,227,75.67,2.7,0,corps,157.33340362372402,0.4059
492,2,47,23.50,2.2,0,corps,157.25675608539353,0.8482
493,3,108,36.00,2.7,0,corps,157.1801468612529,0.6755
494,2,43,21.50,2.2,0,corps,157.1035759321498,0.8877
495,3,118,39.33,2.7,0,corps,157.02704327894145,0.8395
496,2,99,49.50,2.2,0,corps,156.9505488824947,0.8137
497,3,65,21.67,2.7,0,corps,156.874092723686,0.8584
498,2,89,44.50,2.2,0,corps,156.79767478340128,0.7149
499,3,52,17.33,2.7,0,corps,156.721295042536,0.8140
500,5,264,52.80,3.6,0,corps,156.64495348199537,0.5662
501,2,121,60.50,2.2,0,corps,156.56865008269384,0.6416
502,2,102,51.00,2.2,0,corps,156.49238482555563,1.0172
503,2,43,21.50,2.2,0,corps,156.41615769151446,1.5835
504,2,120,60.00,2.2,0,corps,156.33996866151344,0.7176
505,3,187,62.33,2.7,0,corps,156.26381771650543,0.5244
506,2,162,81.00,2.2,0,corps,156.1877048374526,0.9472
507,2,250,125.00,2.2,0,corps,156.1116300053268,0.6009
508,3,114,38.00,2.7,0,corps,156.03559320110932,1.2123
509,3,70,23.33,2.7,0,corps,155.95959440579088,1.5191
510,3,126,42.00,2.7,0,corps,155.88363360037187,1.1428
511,3,273,91.00,2.7,0,corps,155.80771076586203,0.6405
512,2,205,102.50,2.2,0,corps,155.7318258832807,0.5627
513,2,484,242.00,2.2,0,corps,155.6559789336566,0.5033
514,2,175,87.50,2.2,0,corps,155.580169898028,0.6123
515,2,76,38.00,2.2,0,corps,155.50439875744271,0.9237
516,0,445,445.00,1.3,0,famine_truncated,155.42866549295792,0.3473
517,2,328,164.00,2.2,0,corps,155.3529700856402,0.7053
518,2,165,82.50,2.2,0,corps,155.27731251656587,0.6637
519,2,63,31.50,2.2,0,corps,155.20169276682046,0.9691
520,2,173,86.50,2.2,0,corps,155.12611081749898,0.7316
521,2,90,45.00,2.2,0,corps,155.050566649706,0.7154
522,2,53,26.50,2.2,0,corps,154.97506024455552,1.2647
523,3,104,34.67,2.7,0,corps,154.89959158317083,0.9228
524,2,107,53.50,2.2,0,corps,154.82416064668487,0.7465
525,2,46,23.00,2.2,0,corps,154.74876741623982,1.4782
526,2,47,23.50,2.2,0,corps,154.67341187298743,1.2352
527,2,123,61.50,2.2,0,corps,154.59809399808876,0.7653
528,2,59,29.50,2.2,0,corps,154.5228137727144,1.1072
529,2,150,75.00,2.2,0,corps,154.44757117804429,0.5728
530,5,152,30.40,3.6,0,corps,154.37236619526772,0.9478
531,2,97,48.50,2.2,0,corps,154.2971988055835,0.9113
532,3,143,47.67,2.7,0,corps,154.22206899019977,0.8481
533,3,196,65.33,2.7,0,corps,154.14697673033405,0.6851
534,2,59,29.50,2.2,0,corps,154.0719220072133,0.8242
535,2,93,46.50,2.2,0,corps,153.99690480207383,0.5502
536,2,93,46.50,2.2,0,corps,153.92192509616135,0.9616
537,4,409,102.25,3.1,0,corps,153.8469828707309,0.6654
538,2,165,82.50,2.2,0,corps,153.772078107047,0.7214
539,5,189,37.80,3.6,0,corps,153.69721078638338,1.8316
540,2,104,52.00,2.2,0,corps,153.62238089002324,0.5391
541,2,80,40.00,2.2,0,corps,153.54758839925907,0.8601
542,2,96,48.00,2.2,0,corps,153.4728332953928,0.6222
543,3,62,20.67,2.7,0,corps,153.39811555973566,1.3897
544,2,50,25.00,2.2,0,corps,153.32343517360815,1.0416
545,2,124,62.00,2.2,0,corps,153.24879211834022,0.5942
546,2,59,29.50,2.2,0,corps,153.17418637527112,0.8915
547,2,257,128.50,2.2,0,corps,153.09961792574938,0.5161
548,2,63,31.50,2.2,0,corps,153.02508675113287,0.7374
549,2,148,74.00,2.2,0,corps,152.95059283278886,0.6076
550,2,176,88.00,2.2,0,corps,152.8761361520938,0.7589
551,2,115,57.50,2.2,0,corps,152.80171669043358,0.5340
552,2,52,26.00,2.2,0,corps,152.7273344292033,0.8523
553,3,116,38.67,2.7,0,corps,152.65298934980743,0.6741
554,2,106,53.00,2.2,0,corps,152.57868143365963,0.6966
555,2,275,137.50,2.2,0,corps,152.50441066218298,0.4808
556,2,125,62.50,2.2,0,corps,152.43017701680975,0.5362
557,3,367,122.33,2.7,0,corps,152.35598047898156,0.5690
558,2,90,45.00,2.2,0,corps,152.2818210301493,0.6700
559,2,156,78.00,2.2,0,corps,152.20769865177303,0.5002
560,2,265,132.50,2.2,0,corps,152.1336133253222,0.5525
561,3,127,42.33,2.7,0,corps,152.05956503227546,0.9831
562,2,84,42.00,2.2,0,corps,151.98555375412076,0.8025
563,2,70,35.00,2.2,0,corps,151.9115794723553,0.8139
564,2,56,28.00,2.2,0,corps,151.83764216848544,1.0332
565,2,143,71.50,2.2,0,corps,151.7637418240269,0.5105
566,2,102,51.00,2.2,0,corps,151.68987842050458,0.5550
567,5,94,18.80,3.6,0,corps,151.61605193945263,1.4391
568,2,50,25.00,2.2,0,corps,151.54226236241445,0.8602
569,2,47,23.50,2.2,0,corps,151.46850967094264,0.6970
570,2,163,81.50,2.2,0,corps,151.394793846599,0.5511
571,2,160,80.00,2.2,0,corps,151.32111487095457,0.5087
572,2,105,52.50,2.2,0,corps,151.24747272558966,0.5293
573,2,53,26.50,2.2,0,corps,151.17386739209368,0.7901
574,3,262,87.33,2.7,0,corps,151.10029885206532,0.5612
575,2,132,66.00,2.2,0,corps,151.02676708711243,0.6225
576,2,73,36.50,2.2,0,corps,150.9532720788521,0.7957
577,2,137,68.50,2.2,0,corps,150.87981380891054,0.5838
578,2,86,43.00,2.2,0,corps,150.80639225892318,0.8353
579,2,110,55.00,2.2,0,corps,150.73300741053467,0.5996
580,2,128,64.00,2.2,0,corps,150.65965924539879,0.6296
581,2,81,40.50,2.2,0,corps,150.58634774517847,0.7211
582,2,230,115.00,2.2,0,corps,150.51307289154585,0.4643
583,4,92,23.00,3.1,0,corps,150.4398346661822,0.9464
584,2,85,42.50,2.2,0,corps,150.366633050778,0.4595
585,2,34,17.00,2.2,0,corps,150.29346802703282,1.2180
586,2,80,40.00,2.2,0,corps,150.22033957665542,0.5283
587,2,228,114.00,2.2,0,corps,150.14724768136364,0.4936
588,2,148,74.00,2.2,0,corps,150.07419232288456,0.4699
589,2,99,49.50,2.2,0,corps,150.00117348295433,0.5293
590,2,97,48.50,2.2,0,corps,149.92819114331826,0.7296
591,3,55,18.33,2.7,0,corps,149.8552452857307,1.5044
592,2,85,42.50,2.2,0,corps,149.7823358919552,0.8751
593,2,89,44.50,2.2,0,corps,149.70946294376446,0.6756
594,3,120,40.00,2.7,0,corps,149.6366264229402,0.8171
595,2,308,154.00,2.2,0,corps,149.56382631127335,0.5167
596,3,135,45.00,2.7,0,corps,149.49106259056379,0.6980
597,2,63,31.50,2.2,0,corps,149.41833524262063,1.1861
598,3,103,34.33,2.7,0,corps,149.34564424926208,0.8346
599,2,78,39.00,2.2,0,corps,149.2729895923153,0.4608
600,2,91,45.50,2.2,0,corps,149.2003712536167,0.8378
601,3,113,37.67,2.7,0,corps,149.12778921501166,0.9663
602,3,78,26.00,2.7,0,corps,149.0552434583547,0.8852
603,2,70,35.00,2.2,0,corps,148.98273396550934,1.2882
604,2,134,67.00,2.2,0,corps,148.91026071834824,0.7248
605,2,85,42.50,2.2,0,corps,148.83782369875306,1.0822
606,4,157,39.25,3.1,0,corps,148.76542288861458,0.8729
607,2,40,20.00,2.2,0,corps,148.69305826983256,1.1969
608,7,194,27.71,4.4,0,corps,148.62072982431587,0.9462
609,4,132,33.00,3.1,0,corps,148.5484375339824,1.0613
610,2,96,48.00,2.2,0,corps,148.47618138075904,0.6429
611,2,116,58.00,2.2,0,corps,148.40396134658178,0.6474
612,3,113,37.67,2.7,0,corps,148.3317774133956,0.9037
613,2,191,95.50,2.2,0,corps,148.25962956315456,0.5979
614,2,60,30.00,2.2,0,corps,148.18751777782165,0.9516
615,3,17,5.67,2.7,0,corps,148.11544203936893,3.5255
616,4,98,24.50,3.1,0,corps,148.04340232977745,1.2088
617,2,10,5.00,2.2,0,corps,147.97139863103735,2.4168
618,2,155,77.50,2.2,0,corps,147.8994309251476,0.6776
619,2,26,13.00,2.2,0,corps,147.82749919411637,1.4685
620,2,36,18.00,2.2,0,corps,147.7556034199607,1.1709
621,2,41,20.50,2.2,0,corps,147.6837435847066,0.9813
622,2,64,32.00,2.2,0,corps,147.61191967038917,0.8155
623,3,213,71.00,2.7,0,corps,147.5401316590524,0.5571
624,2,48,24.00,2.2,0,corps,147.46837953274928,0.6153
625,2,80,40.00,2.2,0,corps,147.3966632735418,0.7780
626,4,162,40.50,3.1,0,corps,147.32498286350088,0.7437
627,2,83,41.50,2.2,0,corps,147.25333828470642,0.3683
628,2,47,23.50,2.2,0,corps,147.18172951924728,0.7750
629,2,60,30.00,2.2,0,corps,147.11015654922127,0.6593
630,3,120,40.00,2.7,0,corps,147.03861935673515,0.7024
631,3,146,48.67,2.7,0,corps,146.96711792390457,0.5001
632,3,143,47.67,2.7,0,corps,146.89565223285425,0.4724
633,3,58,19.33,2.7,0,corps,146.82422226571776,1.0503
634,2,40,20.00,2.2,0,corps,146.75282800463754,1.2148
635,3,164,54.67,2.7,0,corps,146.68146943176507,0.5502
636,2,105,52.50,2.2,0,corps,146.61014652926073,0.6624
637,2,89,44.50,2.2,0,corps,146.53885927929372,0.7340
638,2,96,48.00,2.2,0,corps,146.4676076640423,0.5797
639,3,116,38.67,2.7,0,corps,146.39639166569353,0.8217
640,2,282,141.00,2.2,0,corps,146.32521126644343,0.4324
641,2,57,28.50,2.2,0,corps,146.25406644849687,0.9442
642,3,182,60.67,2.7,0,corps,146.18295719406765,0.8160
643,2,122,61.00,2.2,0,corps,146.1118834853785,0.7206
644,4,170,42.50,3.1,0,corps,146.04084530466096,1.1167
645,2,131,65.50,2.2,0,corps,145.96984263415547,0.7246
646,3,68,22.67,2.7,0,corps,145.8988754561114,0.9360
647,4,132,33.00,3.1,0,corps,145.82794375278692,0.9102
648,6,181,30.17,4.0,0,corps,145.7570475064491,1.1154
649,2,57,28.50,2.2,0,corps,145.68618669937393,0.8982
650,3,62,20.67,2.7,0,corps,145.61536131384617,1.5127
651,5,164,32.80,3.6,0,corps,145.54457133215942,0.8871
652,2,120,60.00,2.2,0,corps,145.4738167366163,0.4707
653,2,198,99.00,2.2,0,corps,145.4030975095281,0.6467
654,2,84,42.00,2.2,0,corps,145.332413633215,0.9047
655,2,65,32.50,2.2,0,corps,145.261765090006,0.6346
656,2,55,27.50,2.2,0,corps,145.19115186223908,0.7699
657,4,101,25.25,3.1,0,corps,145.1205739322608,1.0782
658,4,169,42.25,3.1,0,corps,145.0500312824268,0.6365
659,2,110,55.00,2.2,0,corps,144.9795238951013,0.4965
660,2,174,87.00,2.2,0,corps,144.90905175265755,0.7438
661,2,49,24.50,2.2,0,corps,144.83861483747742,0.9453
662,2,112,56.00,2.2,0,corps,144.7682131319518,0.7953
663,2,38,19.00,2.2,0,corps,144.69784661848016,1.2907
664,2,102,51.00,2.2,0,corps,144.62751527947088,0.9435
665,3,45,15.00,2.7,0,corps,144.55721909734118,1.6902
666,5,161,32.20,3.6,0,corps,144.486958054517,0.9520
667,3,93,31.00,2.7,0,corps,144.41673213343304,0.9510
668,5,81,16.20,3.6,0,corps,144.34654131653286,1.6158
669,2,180,90.00,2.2,0,corps,144.27638558626873,0.5178
670,2,39,19.50,2.2,0,corps,144.20626492510172,0.6809
671,2,46,23.00,2.2,0,corps,144.13617931550172,0.9863
672,3,43,14.33,2.7,0,corps,144.06612873994723,1.3580
673,2,31,15.50,2.2,0,corps,143.99611318092568,1.1000
674,3,48,16.00,2.7,0,corps,143.92613262093312,1.0761
675,2,80,40.00,2.2,0,corps,143.85618704247446,1.0002
676,3,110,36.67,2.7,0,corps,143.78627642806333,0.8624
677,2,86,43.00,2.2,0,corps,143.716400760222,0.9912
678,2,56,28.00,2.2,0,corps,143.6465600214816,0.8886
679,2,108,54.00,2.2,0,corps,143.5767541943819,0.9070
680,2,25,12.50,2.2,0,corps,143.50698326147148,0.9671
681,3,106,35.33,2.7,0,corps,143.43724720530764,0.6421
682,2,36,18.00,2.2,0,corps,143.36754600845632,1.0629
683,2,137,68.50,2.2,0,corps,143.2978796534922,0.6715
684,4,124,31.00,3.1,0,corps,143.22824812299874,0.5685
685,2,39,19.50,2.2,0,corps,143.15865139956804,0.8634
686,2,112,56.00,2.2,0,corps,143.0890894658009,0.6655
687,3,139,46.33,2.7,0,corps,143.01956230430685,0.6435
688,2,37,18.50,2.2,0,corps,142.9500698977041,1.5787
689,2,152,76.00,2.2,0,corps,142.88061222861955,0.4788
690,2,210,105.00,2.2,0,corps,142.8111892796888,0.6627
691,2,44,22.00,2.2,0,corps,142.74180103355607,1.1963
692,2,89,44.50,2.2,0,corps,142.67244747287432,0.9498
693,3,81,27.00,2.7,0,corps,142.60312858030517,0.8158
694,3,156,52.00,2.7,0,corps,142.5338443385189,0.6865
695,2,140,70.00,2.2,0,corps,142.46459473019442,0.9962
696,3,89,29.67,2.7,0,corps,142.39537973801936,0.9083
697,4,87,21.75,3.1,0,corps,142.32619934468994,1.1835
698,2,37,18.50,2.2,0,corps,142.25705353291107,1.3931
699,2,58,29.00,2.2,0,corps,142.1879422853963,0.8356
700,4,166,41.50,3.1,0,corps,142.11886558486785,1.2033
701,4,200,50.00,3.1,0,corps,142.0498234140565,2.3576
702,2,37,18.50,2.2,0,corps,141.9808157557017,2.1746
703,2,63,31.50,2.2,0,corps,141.91184259255158,1.6075
704,3,82,27.33,2.7,0,corps,141.84290390736282,1.6181
705,3,161,53.67,2.7,0,corps,141.77399968290075,0.9211
706,2,120,60.00,2.2,0,corps,141.70512990193936,1.0169
707,2,97,48.50,2.2,0,corps,141.6362945472611,1.0260
708,3,150,50.00,2.7,0,corps,141.56749360165725,0.8572
709,2,95,47.50,2.2,0,corps,141.49872704792747,1.1047
710,2,108,54.00,2.2,0,corps,141.4299948688802,1.1971
711,2,230,115.00,2.2,0,corps,141.36129704733233,0.8580
712,2,120,60.00,2.2,0,corps,141.29263356610946,0.7120
713,2,113,56.50,2.2,0,corps,141.2240044080457,0.6798
714,2,42,21.00,2.2,0,corps,141.15540955598377,1.4318
715,2,61,30.50,2.2,0,corps,141.08684899277492,1.1256
716,2,102,51.00,2.2,0,corps,141.01832270127903,0.8236
717,2,160,80.00,2.2,0,corps,140.94983066436455,0.6657
718,3,144,48.00,2.7,0,corps,140.88137286490843,1.0547
719,3,71,23.67,2.7,0,corps,140.81294928579624,1.7714
720,2,66,33.00,2.2,0,corps,140.74455990992206,1.0002
721,2,105,52.50,2.2,0,corps,140.67620472018865,1.2592
722,2,20,10.00,2.2,0,corps,140.60788369950706,3.0467
723,2,147,73.50,2.2,0,corps,140.5395968307971,0.6967
724,4,58,14.50,3.1,0,corps,140.4713440969871,1.2744
725,2,68,34.00,2.2,0,corps,140.40312548101383,1.2593
726,2,30,15.00,2.2,0,corps,140.33494096582265,1.1347
727,2,70,35.00,2.2,0,corps,140.26679053436737,1.0166
728,2,140,70.00,2.2,0,corps,140.19867416961048,0.9712
729,3,93,31.00,2.7,0,corps,140.13059185452283,1.1840
730,2,58,29.00,2.2,0,corps,140.06254357208385,1.7987
731,2,45,22.50,2.2,0,corps,139.9945293052815,1.6877
732,3,40,13.33,2.7,0,corps,139.92654903711215,1.3252
733,2,43,21.50,2.2,0,corps,139.8586027505808,1.4005
734,2,77,38.50,2.2,0,corps,139.79069042870077,0.9786
735,4,124,31.00,3.1,0,corps,139.7228120544941,0.9074
736,2,73,36.50,2.2,0,corps,139.65496761099118,0.8617
737,3,80,26.67,2.7,0,corps,139.58715708123083,0.8493
738,3,76,25.33,2.7,0,corps,139.51938044826048,0.8506
739,2,45,22.50,2.2,0,corps,139.4516376951359,1.1648
740,2,81,40.50,2.2,0,corps,139.3839288049215,0.8778
741,2,48,24.00,2.2,0,corps,139.31625376069002,1.5329
742,3,98,32.67,2.7,0,corps,139.24861254552266,0.9468
743,3,53,17.67,2.7,0,corps,139.18100514250912,1.1859
744,3,104,34.67,2.7,0,corps,139.1134315347476,0.9905
745,2,47,23.50,2.2,0,corps,139.04589170534464,0.8856
746,2,20,10.00,2.2,0,corps,138.97838563741533,1.6023
747,5,67,13.40,3.6,0,corps,138.91091331408313,1.2699
748,3,138,46.00,2.7,0,corps,138.84347471847997,0.7403
749,3,61,20.33,2.7,0,corps,138.77606983374616,1.0388
750,2,75,37.50,2.2,0,corps,138.70869864303057,0.9014
751,2,125,62.50,2.2,0,corps,138.6413611294903,0.7058
752,2,157,78.50,2.2,0,corps,138.574057276291,0.7429
753,3,70,23.33,2.7,0,corps,138.50678706660673,1.0859
754,2,94,47.00,2.2,0,corps,138.43955048361997,0.7598
755,2,88,44.00,2.2,0,corps,138.37234751052148,0.8056
756,4,69,17.25,3.1,0,corps,138.30517813051057,0.9324
757,2,95,47.50,2.2,0,corps,138.2380423267949,0.9225
758,2,57,28.50,2.2,0,corps,138.17094008259053,1.0236
759,2,170,85.00,2.2,0,corps,138.10387138112188,0.4622
760,3,163,54.33,2.7,0,corps,138.03683620562174,0.5745
761,2,90,45.00,2.2,0,corps,137.96983453933137,0.7923
762,2,89,44.50,2.2,0,corps,137.90286636550033,0.6327
763,6,87,14.50,4.0,0,corps,137.8359316673866,1.0585
764,3,53,17.67,2.7,0,corps,137.76903042825646,0.9475
765,3,82,27.33,2.7,0,corps,137.70216263138465,0.9514
766,2,66,33.00,2.2,0,corps,137.63532826005417,0.8365
767,5,95,19.00,3.6,0,corps,137.56852729755644,1.0434
768,2,87,43.50,2.2,0,corps,137.50175972719123,0.9110
769,2,71,35.50,2.2,0,corps,137.43502553226668,0.8464
770,6,300,50.00,4.0,0,corps,137.3683246960992,0.6516
771,2,189,94.50,2.2,0,corps,137.30165720201356,0.6990
772,2,99,49.50,2.2,0,corps,137.2350230333429,0.6742
773,2,65,32.50,2.2,0,corps,137.16842217342875,0.5536
774,3,113,37.67,2.7,0,corps,137.10185460562082,0.9284
775,2,30,15.00,2.2,0,corps,137.0353203132772,1.5468
776,2,112,56.00,2.2,0,corps,136.96881927976438,0.6678
777,2,72,36.00,2.2,0,corps,136.9023514884571,0.8573
778,2,60,30.00,2.2,0,corps,136.83591692273833,1.0949
779,3,89,29.67,2.7,0,corps,136.7695155659995,0.6600
780,6,166,27.67,4.0,0,corps,136.70314740164028,0.8562
781,3,157,52.33,2.7,0,corps,136.63681241306858,0.7139
782,2,76,38.00,2.2,0,corps,136.57051058370067,0.7531
783,4,186,46.50,3.1,0,corps,136.5042418969611,0.9801
784,3,126,42.00,2.7,0,corps,136.43800633628268,0.9515
785,2,116,58.00,2.2,0,corps,136.37180388510657,0.7752
786,3,51,17.00,2.7,0,corps,136.3056345268821,0.9792
787,5,232,46.40,3.6,0,corps,136.23949824506695,0.8117
788,2,53,26.50,2.2,0,corps,136.17339502312706,1.2146
789,4,112,28.00,3.1,0,corps,136.1073248445366,1.2922
790,4,73,18.25,3.1,0,corps,136.04128769277807,1.1142
791,2,64,32.00,2.2,0,corps,135.97528355134213,0.6308
792,2,93,46.50,2.2,0,corps,135.9093124037277,0.8065
793,2,80,40.00,2.2,0,corps,135.84337423344215,1.5717
794,3,92,30.67,2.7,0,corps,135.7774690240008,1.1579
795,4,119,29.75,3.1,0,corps,135.71159675892744,1.4141
796,4,148,37.00,3.1,0,corps,135.6457574217539,1.1946
797,4,117,29.25,3.1,0,corps,135.57995099602041,1.1068
798,2,59,29.50,2.2,0,corps,135.5141774652754,1.1960
799,3,99,33.00,2.7,0,corps,135.4484368130754,0.8867
800,2,44,22.00,2.2,0,corps,135.3827290229853,1.1070
801,2,108,54.00,2.2,0,corps,135.31705407857814,0.8465
802,2,18,9.00,2.2,0,corps,135.25141196343517,1.7072
803,3,131,43.67,2.7,0,corps,135.18580266114589,0.8742
804,2,111,55.50,2.2,0,corps,135.12022615530796,0.9694
805,2,65,32.50,2.2,0,corps,135.05468242952725,0.8694
806,3,79,26.33,2.7,0,corps,134.98917146741783,1.1222
807,4,109,27.25,3.1,0,corps,134.92369325260196,0.8722
808,2,28,14.00,2.2,0,corps,134.85824776871007,1.3521
809,2,34,17.00,2.2,0,corps,134.7928349993808,1.2438
810,2,70,35.00,2.2,0,corps,134.72745492826098,0.7466
811,2,87,43.50,2.2,0,corps,134.66210753900558,0.9285
812,2,28,14.00,2.2,0,corps,134.59679281527772,3.0536
813,2,55,27.50,2.2,0,corps,134.53151074074876,0.9162
814,2,124,62.00,2.2,0,corps,134.46626129909816,0.7305
815,2,112,56.00,2.2,0,corps,134.4010444740136,0.8913
816,3,80,26.67,2.7,0,corps,134.33586024919077,0.9505
817,2,24,12.00,2.2,0,corps,134.27070860833373,1.6403
818,3,163,54.33,2.7,0,corps,134.2055895351545,0.9870
819,2,73,36.50,2.2,0,corps,134.14050301337332,1.0645
820,2,132,66.00,2.2,0,corps,134.0754490267186,0.8114
821,5,106,21.20,3.6,0,corps,134.0104275589268,1.0475
822,2,83,41.50,2.2,0,corps,133.94543859374258,0.7825
823,3,80,26.67,2.7,0,corps,133.88048211491866,1.1380
824,4,105,26.25,3.1,0,corps,133.81555810621597,0.9924
825,4,73,18.25,3.1,0,corps,133.75066655140347,4.7485
826,3,112,37.33,2.7,0,corps,133.6858074342583,1.0418
827,2,45,22.50,2.2,0,corps,133.62098073856563,1.2360
828,2,58,29.00,2.2,0,corps,133.55618644811886,2.0297
829,4,120,30.00,3.1,0,corps,133.49142454671934,1.0766
830,2,43,21.50,2.2,0,corps,133.42669501817664,1.2258
831,2,78,39.00,2.2,0,corps,133.36199784630838,0.9955
832,2,82,41.00,2.2,0,corps,133.29733301494025,1.0058
833,4,107,26.75,3.1,0,corps,133.23270050790606,0.9750
834,2,49,24.50,2.2,0,corps,133.16810030904767,1.2044
835,2,85,42.50,2.2,0,corps,133.10353240221502,0.8203
836,2,57,28.50,2.2,0,corps,133.0389967712661,0.9769
837,2,85,42.50,2.2,0,corps,132.97449340006713,0.7433
838,3,34,11.33,2.7,0,corps,132.91002227249214,1.6527
839,3,40,13.33,2.7,0,corps,132.8455833724234,2.5309
840,4,57,14.25,3.1,0,corps,132.78117668375114,1.2821
841,2,66,33.00,2.2,0,corps,132.71680219037373,0.7282
842,2,34,17.00,2.2,0,corps,132.65245987619755,1.2966
843,5,103,20.60,3.6,0,corps,132.58814972513701,0.8901
844,3,166,55.33,2.7,0,corps,132.5238717211146,0.7646
845,4,88,22.00,3.1,0,corps,132.45962584806074,0.8946
846,6,214,35.67,4.0,0,corps,132.39541208991403,0.9069
847,4,115,28.75,3.1,0,corps,132.33123043062102,2.7771
848,3,113,37.67,2.7,0,corps,132.26708085413628,0.8358
849,4,76,19.00,3.1,0,corps,132.20296334442241,1.1943
850,3,157,52.33,2.7,0,corps,132.13887788545006,0.5742
851,5,123,24.60,3.6,0,corps,132.07482446119786,0.7344
852,2,142,71.00,2.2,0,corps,132.01080305565242,0.6416
853,2,109,54.50,2.2,0,corps,131.94681365280843,0.7102
854,2,79,39.50,2.2,0,corps,131.8828562366685,0.6820
855,2,188,94.00,2.2,0,corps,131.8189307912433,0.8969
856,2,72,36.00,2.2,0,corps,131.75503730055146,0.7046
857,2,37,18.50,2.2,0,corps,131.69117574861963,0.7796
858,2,153,76.50,2.2,0,corps,131.62734611948238,0.6140
859,2,62,31.00,2.2,0,corps,131.56354839718233,0.6691
860,3,105,35.00,2.7,0,corps,131.49978256577003,0.8352
861,2,27,13.50,2.2,0,corps,131.43604860930407,3.0815
862,2,48,24.00,2.2,0,corps,131.37234651185094,1.2378
863,2,100,50.00,2.2,0,corps,131.30867625748505,0.9040
864,3,86,28.67,2.7,0,corps,131.24503783028888,1.2208
865,2,116,58.00,2.2,0,corps,131.18143121435287,0.7803
866,2,62,31.00,2.2,0,corps,131.1178563937753,0.9790
867,2,89,44.50,2.2,0,corps,131.05431335266252,0.7452
868,4,117,29.25,3.1,0,corps,130.99080207512873,1.1739
869,4,114,28.50,3.1,0,corps,130.9273225452961,0.9847
870,4,102,25.50,3.1,0,corps,130.8638747472948,1.2595
871,3,60,20.00,2.7,0,corps,130.8004586652628,1.5353
872,4,83,20.75,3.1,0,corps,130.73707428334617,1.3845
873,2,71,35.50,2.2,0,corps,130.67372158569876,1.1086
874,3,86,28.67,2.7,0,corps,130.6104005564824,0.9046
875,3,129,43.00,2.7,0,corps,130.54711117986685,0.9735
876,3,30,10.00,2.7,0,corps,130.48385344002972,1.2995
877,2,66,33.00,2.2,0,corps,130.42062732115664,1.0632
878,2,119,59.50,2.2,0,corps,130.35743280744106,0.7581
879,2,121,60.50,2.2,0,corps,130.29426988308433,0.8619
880,3,51,17.00,2.7,0,corps,130.23113853229572,1.1320
881,4,143,35.75,3.1,0,corps,130.1680387392924,0.9145
882,2,199,99.50,2.2,0,corps,130.10497048829941,0.6270
883,2,30,15.00,2.2,0,corps,130.04193376354974,1.1859
884,2,35,17.50,2.2,0,corps,129.97892854928412,1.8936
885,2,40,20.00,2.2,0,corps,129.9159548297513,0.9135
886,3,132,44.00,2.7,0,corps,129.85301258920788,0.8333
887,4,197,49.25,3.1,0,corps,129.79010181191825,0.7274
888,3,86,28.67,2.7,0,corps,129.7272224821547,0.9998
889,5,96,19.20,3.6,0,corps,129.66437458419745,4.4918
890,3,54,18.00,2.7,0,corps,129.60155810233448,1.0592
891,2,44,22.00,2.2,0,corps,129.5387730208617,1.5222
892,4,118,29.50,3.1,0,corps,129.47601932408284,0.8419
893,2,69,34.50,2.2,0,corps,129.41329699630944,1.0828
894,2,133,66.50,2.2,0,corps,129.35060602186098,0.7960
895,6,188,31.33,4.0,0,corps,129.28794638506466,0.8742
896,2,35,17.50,2.2,0,corps,129.22531807025558,1.3757
897,2,72,36.00,2.2,0,corps,129.16272106177667,1.0856
898,2,76,38.00,2.2,0,corps,129.10015534397868,0.6660
899,2,61,30.50,2.2,0,corps,129.0376209012202,0.4650
900,2,102,51.00,2.2,0,corps,128.9751177178676,0.7211
901,2,97,48.50,2.2,0,corps,128.91264577829503,0.8288
902,2,66,33.00,2.2,0,corps,128.85020506688457,0.6669
903,5,132,26.40,3.6,0,corps,128.78779556802604,3.0518
904,5,122,24.40,3.6,0,corps,128.72541726611706,1.2745
905,3,52,17.33,2.7,0,corps,128.66307014556304,1.0443
906,3,87,29.00,2.7,0,corps,128.6007541907772,1.4082
907,5,92,18.40,3.6,0,corps,128.53846938618054,1.3416
908,2,60,30.00,2.2,0,corps,128.47621571620192,1.2395
909,4,67,16.75,3.1,0,corps,128.41399316527784,1.8955
910,2,81,40.50,2.2,0,corps,128.35180171785274,0.9933
911,2,21,10.50,2.2,0,corps,128.28964135837867,1.2557
912,2,49,24.50,2.2,0,corps,128.2275120713156,0.9902
913,3,83,27.67,2.7,0,corps,128.1654138411312,1.3072
914,2,54,27.00,2.2,0,corps,128.10334665230093,1.7265
915,2,125,62.50,2.2,0,corps,128.04131048930793,1.0023
916,2,69,34.50,2.2,0,corps,127.97930533664324,1.6295
917,2,56,28.00,2.2,0,corps,127.91733117880548,1.1618
918,3,82,27.33,2.7,0,corps,127.8553880003012,1.2664
919,3,59,19.67,2.7,0,corps,127.79347578564455,1.5625
920,3,52,17.33,2.7,0,corps,127.7315945193575,1.3459
921,3,80,26.67,2.7,0,corps,127.6697441859697,1.1494
922,2,46,23.00,2.2,0,corps,127.60792477001863,1.4494
923,2,62,31.00,2.2,0,corps,127.54613625604935,1.0984
924,2,113,56.50,2.2,0,corps,127.48437862861482,0.7364
925,2,129,64.50,2.2,0,corps,127.42265187227557,1.1638
926,2,53,26.50,2.2,0,corps,127.36095597159994,1.1204
927,2,58,29.00,2.2,0,corps,127.29929091116392,1.0580
928,2,54,27.00,2.2,0,corps,127.23765667555129,1.0843
929,2,56,28.00,2.2,0,corps,127.17605324935346,1.3923
930,2,55,27.50,2.2,0,corps,127.11448061716959,1.1018
931,2,141,70.50,2.2,0,corps,127.05293876360653,0.7524
932,2,73,36.50,2.2,0,corps,126.99142767327878,1.0098
933,2,75,37.50,2.2,0,corps,126.9299473308086,1.1032
934,2,71,35.50,2.2,0,corps,126.86849772082589,1.0621
935,2,90,45.00,2.2,0,corps,126.80707882796827,0.9633
936,2,101,50.50,2.2,0,corps,126.74569063688097,0.9944
937,2,148,74.00,2.2,0,corps,126.68433313221699,0.8276
938,4,130,32.50,3.1,0,corps,126.6230062986369,0.9075
939,3,108,36.00,2.7,0,corps,126.56171012080905,1.0186
940,3,132,44.00,2.7,0,corps,126.50044458340935,1.0310
941,2,64,32.00,2.2,0,corps,126.43920967112146,0.9012
942,2,40,20.00,2.2,0,corps,126.37800536863662,0.7479
943,2,86,43.00,2.2,0,corps,126.31683166065373,0.7424
944,3,80,26.67,2.7,0,corps,126.25568853187943,1.5672
945,2,33,16.50,2.2,0,corps,126.19457596702787,1.3236
946,2,80,40.00,2.2,0,corps,126.13349395082093,0.9260
947,2,123,61.50,2.2,0,corps,126.07244246798817,0.7399
948,2,109,54.50,2.2,0,corps,126.0114215032666,0.8237
949,4,111,27.75,3.1,0,corps,125.95043104140106,3.5927
950,3,78,26.00,2.7,0,corps,125.88947106714394,1.0862
951,3,118,39.33,2.7,0,corps,125.82854156525521,0.7750
952,2,78,39.00,2.2,0,corps,125.7676425205025,0.9041
953,2,96,48.00,2.2,0,corps,125.70677391766105,0.8761
954,4,59,14.75,3.1,0,corps,125.64593574151372,1.2509
955,2,85,42.50,2.2,0,corps,125.58512797685096,0.7731
956,3,96,32.00,2.7,0,corps,125.52435060847083,1.2185
957,4,140,35.00,3.1,0,corps,125.46360362117896,0.8081
958,4,80,20.00,3.1,0,corps,125.40288699978865,4.0653
959,2,80,40.00,2.2,0,corps,125.34220072912072,0.6862
960,2,90,45.00,2.2,0,corps,125.2815447940036,0.7650
961,2,35,17.50,2.2,0,corps,125.22091917927331,0.8414
962,3,140,46.67,2.7,0,corps,125.16032386977346,0.6954
963,2,70,35.00,2.2,0,corps,125.0997588503552,1.2892
964,4,129,32.25,3.1,0,corps,125.0392241058773,0.8825
965,4,79,19.75,3.1,0,corps,124.97871962120601,1.0229
966,4,179,44.75,3.1,0,corps,124.9182453812153,0.6795
967,2,106,53.00,2.2,0,corps,124.85780137078655,0.9562
968,3,66,22.00,2.7,0,corps,124.79738757480878,0.8947
969,2,66,33.00,2.2,0,corps,124.7370039781785,1.3413
970,6,153,25.50,4.0,0,corps,124.67665056579989,0.8748
971,2,49,24.50,2.2,0,corps,124.61632732258454,0.8756
972,2,48,24.00,2.2,0,corps,124.55603423345163,1.0286
973,3,65,21.67,2.7,0,corps,124.4957712833279,1.4271
974,2,45,22.50,2.2,0,corps,124.43553845714763,1.0348
975,2,83,41.50,2.2,0,corps,124.3753357398526,1.3607
976,2,87,43.50,2.2,0,corps,124.31516311639214,0.9499
977,2,36,18.00,2.2,0,corps,124.25502057172308,1.1343
978,2,78,39.00,2.2,0,corps,124.19490809080978,0.8715
979,2,33,16.50,2.2,0,corps,124.13482565862415,1.1196
980,3,126,42.00,2.7,0,corps,124.07477326014555,0.7801
981,2,76,38.00,2.2,0,corps,124.01475088036089,0.7805
982,3,73,24.33,2.7,0,corps,123.95475850426459,1.2059
983,2,139,69.50,2.2,0,corps,123.89479611685852,0.6695
984,6,170,28.33,4.0,0,corps,123.83486370315211,0.7675
985,2,75,37.50,2.2,0,corps,123.77496124816226,0.8650
986,2,30,15.00,2.2,0,corps,123.7150887369133,1.2092
987,2,52,26.00,2.2,0,corps,123.6552461544372,1.7567
988,2,52,26.00,2.2,0,corps,123.59543348577324,1.1170
989,2,37,18.50,2.2,0,corps,123.53565071596829,1.1181
990,3,110,36.67,2.7,0,corps,123.47589783007662,0.6122
991,3,90,30.00,2.7,0,corps,123.41617481316005,1.1301
992,2,51,25.50,2.2,0,corps,123.35648165028779,0.5966
993,2,68,34.00,2.2,0,corps,123.29681832653657,0.6911
994,6,134,22.33,4.0,0,corps,123.23718482699056,0.6766
995,4,54,13.50,3.1,0,corps,123.17758113674138,5.1269
996,2,59,29.50,2.2,0,corps,123.11800724088806,1.0808
997,2,96,48.00,2.2,0,corps,123.05846312453723,0.9804
998,4,125,31.25,3.1,0,corps,122.99894877280278,0.7657
999,2,78,39.00,2.2,0,corps,122.93946417080615,0.8129
1000,4,160,40.00,3.1,0,corps,122.88000930367615,0.8705
1001,6,118,19.67,4.0,0,corps,122.82058415654913,1.4472
1002,2,59,29.50,2.2,0,corps,122.76118871456876,1.0742
1003,2,30,15.00,2.2,0,corps,122.70182296288617,0.9831
1004,3,77,25.67,2.7,0,corps,122.64248688665995,1.0328
1005,2,22,11.00,2.2,0,corps,122.58318047105607,1.5184
1006,4,133,33.25,3.1,0,corps,122.52390370124793,1.0971
1007,3,72,24.00,2.7,0,corps,122.46465656241632,1.3537
1008,3,68,22.67,2.7,0,corps,122.40543903974948,1.3882
1009,3,89,29.67,2.7,0,corps,122.34625111844304,1.2754
1010,3,90,30.00,2.7,0,corps,122.28709278369993,1.3722
1011,2,46,23.00,2.2,0,corps,122.22796402073071,1.2521
1012,2,51,25.50,2.2,0,corps,122.16886481475304,1.0472
1013,4,61,15.25,3.1,0,corps,122.10979515099223,1.4347
1014,3,75,25.00,2.7,0,corps,122.05075501468082,1.4295
1015,2,96,48.00,2.2,0,corps,121.99174439105877,0.8312
1016,6,69,11.50,4.0,0,corps,121.93276326537344,1.9244
1017,3,102,34.00,2.7,0,corps,121.87381162287953,1.0847
1018,4,58,14.50,3.1,0,corps,121.81488944883915,1.7374
1019,5,113,22.60,3.6,0,corps,121.75599672852175,1.0970
1020,3,65,21.67,2.7,0,corps,121.69713344720412,1.2376
1021,3,33,11.00,2.7,0,corps,121.63829959017048,1.4572
1022,3,86,28.67,2.7,0,corps,121.57949514271236,1.1198
1023,3,60,20.00,2.7,0,corps,121.52072009012865,1.1879
1024,3,64,21.33,2.7,0,corps,121.46197441772553,1.1893
1025,2,75,37.50,2.2,0,corps,121.40325811081667,0.9060
1026,4,93,23.25,3.1,0,corps,121.34457115472293,1.8241
1027,2,78,39.00,2.2,0,corps,121.28591353477259,0.8890
1028,2,46,23.00,2.2,0,corps,121.22728523630121,0.9093
1029,2,58,29.00,2.2,0,corps,121.16868624465182,0.9617
1030,2,55,27.50,2.2,0,corps,121.11011654517453,1.3668
1031,3,49,16.33,2.7,0,corps,121.05157612322705,1.2730
1032,3,130,43.33,2.7,0,corps,120.99306496417417,0.9489
1033,2,96,48.00,2.2,0,corps,120.93458305338815,0.7572
1034,2,89,44.50,2.2,0,corps,120.87613037624851,0.8183
1035,3,91,30.33,2.7,0,corps,120.81770691814206,0.8148
1036,2,66,33.00,2.2,0,corps,120.75931266446295,1.0553
1037,2,122,61.00,2.2,0,corps,120.70094760061265,0.7639
1038,5,117,23.40,3.6,0,corps,120.64261171199982,1.2654
1039,3,43,14.33,2.7,0,corps,120.58430498404053,2.0572
1040,3,192,64.00,2.7,0,corps,120.52602740215809,0.9767
1041,2,46,23.00,2.2,0,corps,120.46777895178313,1.5650
1042,3,59,19.67,2.7,0,corps,120.40955961835347,1.2708
1043,5,101,20.20,3.6,0,corps,120.35136938731436,1.2181
1044,3,78,26.00,2.7,0,corps,120.2932082441182,0.9917
1045,2,80,40.00,2.2,0,corps,120.2350761742247,1.2492
1046,2,49,24.50,2.2,0,corps,120.17697316310085,1.0146
1047,4,100,25.00,3.1,0,corps,120.1188991962209,1.2251
1048,5,104,20.80,3.6,0,corps,120.06085425906635,1.1890
1049,2,65,32.50,2.2,0,corps,120.00283833712595,1.3707
1050,4,97,24.25,3.1,0,corps,119.94485141589577,1.1516
1051,3,71,23.67,2.7,0,corps,119.88689348087904,1.1948
1052,2,31,15.50,2.2,0,corps,119.82896451758627,0.9765
1053,4,127,31.75,3.1,0,corps,119.77106451153523,1.2032
1054,2,63,31.50,2.2,0,corps,119.71319344825093,1.0424
1055,3,46,15.33,2.7,0,corps,119.65535131326558,1.6491
1056,3,107,35.67,2.7,0,corps,119.59753809211868,0.9565
1057,4,114,28.50,3.1,0,corps,119.53975377035692,1.1001
1058,2,79,39.50,2.2,0,corps,119.48199833353416,1.2851
1059,2,94,47.00,2.2,0,corps,119.42427176721162,0.9430
1060,3,68,22.67,2.7,0,corps,119.3665740569576,1.1008
1061,2,86,43.00,2.2,0,corps,119.30890518834774,0.9550
1062,2,73,36.50,2.2,0,corps,119.25126514696474,1.2262
1063,3,52,17.33,2.7,0,corps,119.19365391839862,1.6786
1064,2,31,15.50,2.2,0,corps,119.13607148824659,2.1241
1065,2,79,39.50,2.2,0,corps,119.07851784211306,0.9278
1066,2,51,25.50,2.2,0,corps,119.02099296560955,1.0391
1067,2,58,29.00,2.2,0,corps,118.96349684435489,1.0970
1068,3,75,25.00,2.7,0,corps,118.90602946397506,0.9808
1069,2,39,19.50,2.2,0,corps,118.84859081010318,1.0785
1070,2,22,11.00,2.2,0,corps,118.79118086837957,1.7012
1071,2,31,15.50,2.2,0,corps,118.7337996244518,1.4646
1072,2,59,29.50,2.2,0,corps,118.67644706397455,0.8975
1073,2,45,22.50,2.2,0,corps,118.61912317260965,1.0688
1074,3,33,11.00,2.7,0,corps,118.56182793602615,1.3636
1075,2,85,42.50,2.2,0,corps,118.50456133990022,1.2746
1076,2,56,28.00,2.2,0,corps,118.44732336991524,1.0187
1077,2,123,61.50,2.2,0,corps,118.39011401176167,1.0104
1078,6,92,15.33,4.0,0,corps,118.3329332511372,1.7897
1079,4,78,19.50,3.1,0,corps,118.27578107374666,1.2547
1080,2,61,30.50,2.2,0,corps,118.21865746530197,1.1555
1081,2,22,11.00,2.2,0,corps,118.16156241152225,2.8277
1082,4,106,26.50,3.1,0,corps,118.10449589813372,1.2848
1083,3,76,25.33,2.7,0,corps,118.04745791086977,0.8970
1084,2,48,24.00,2.2,0,corps,117.99044843547088,1.2421
1085,2,71,35.50,2.2,0,corps,117.9334674576847,1.3043
1086,3,44,14.67,2.7,0,corps,117.87651496326596,1.1985
1087,2,23,11.50,2.2,0,corps,117.81959093797656,1.3890
1088,3,43,14.33,2.7,0,corps,117.76269536758551,1.3013
1089,3,73,24.33,2.7,0,corps,117.70582823786889,1.2987
1090,5,72,14.40,3.6,0,corps,117.6489895346099,1.3213
1091,4,64,16.00,3.1,0,corps,117.59217924359888,1.1737
1092,5,72,14.40,3.6,0,corps,117.53539735063327,1.7317
1093,5,111,22.20,3.6,0,corps,117.47864384151761,0.9835
1094,3,79,26.33,2.7,0,corps,117.4219187020635,1.0110
1095,3,96,32.00,2.7,0,corps,117.36522191808965,0.7615
1096,3,44,14.67,2.7,0,corps,117.30855347542185,1.1299
1097,3,89,29.67,2.7,0,corps,117.25191335989302,1.1082
1098,2,31,15.50,2.2,0,corps,117.19530155734313,0.9615
1099,2,36,18.00,2.2,0,corps,117.1387180536192,1.4668
1100,2,86,43.00,2.2,0,corps,117.08216283457537,1.0032
1101,2,53,26.50,2.2,0,corps,117.02563588607286,1.0631
1102,5,117,23.40,3.6,0,corps,116.96913719397992,0.9263
1103,6,145,24.17,4.0,0,corps,116.91266674417184,0.9412
1104,2,61,30.50,2.2,0,corps,116.85622452253104,0.9840
1105,3,107,35.67,2.7,0,corps,116.79981051494697,0.8893
1106,5,98,19.60,3.6,0,corps,116.74342470731611,1.1138
1107,2,12,6.00,2.2,0,corps,116.68706708554201,1.7531
1108,5,178,35.60,3.6,0,corps,116.63073763553528,1.0671
1109,3,60,20.00,2.7,0,corps,116.57443634321353,1.1619
1110,3,101,33.67,2.7,0,corps,116.51816319450145,0.8413
1111,2,67,33.50,2.2,0,corps,116.46191817533078,1.0592
1112,2,65,32.50,2.2,0,corps,116.40570127164021,1.1315
1113,2,34,17.00,2.2,0,corps,116.34951246937557,0.8939
1114,2,44,22.00,2.2,0,corps,116.2933517544896,1.2833
1115,2,163,81.50,2.2,0,corps,116.23721911294219,0.8168
1116,3,63,21.00,2.7,0,corps,116.1811145307001,0.8913
1117,5,125,25.00,3.6,0,corps,116.12503799373725,0.9103
1118,4,79,19.75,3.1,0,corps,116.0689894880345,1.0412
1119,5,99,19.80,3.6,0,corps,116.0129689995797,1.0393
1120,3,36,12.00,2.7,0,corps,115.95697651436771,1.7677
1121,2,72,36.00,2.2,0,corps,115.90101201840046,1.2910
1122,2,76,38.00,2.2,0,corps,115.84507549768676,1.3173
1123,2,42,21.00,2.2,0,corps,115.78916693824257,1.5955
1124,4,50,12.50,3.1,0,corps,115.73328632609064,1.7407
1125,2,17,8.50,2.2,0,corps,115.67743364726091,2.1527
1126,2,59,29.50,2.2,0,corps,115.62160888779019,0.9628
1127,3,55,18.33,2.7,0,corps,115.56581203372221,1.9301
1128,3,93,31.00,2.7,0,corps,115.51004307110786,1.0605
1129,4,135,33.75,3.1,0,corps,115.45430198600486,1.0830
1130,2,42,21.00,2.2,0,corps,115.39858876447795,1.3031
1131,4,116,29.00,3.1,0,corps,115.34290339259879,3.6914
1132,4,78,19.50,3.1,0,corps,115.28724585644605,1.4572
1133,2,41,20.50,2.2,0,corps,115.23161614210535,1.1277
1134,3,71,23.67,2.7,0,corps,115.1760142356693,0.9338
1135,2,65,32.50,2.2,0,corps,115.12044012323734,1.0081
1136,2,28,14.00,2.2,0,corps,115.06489379091602,1.1010
1137,6,180,30.00,4.0,0,corps,115.00937522481875,1.0767
1138,3,72,24.00,2.7,0,corps,114.95388441106584,1.0771
1139,2,65,32.50,2.2,0,corps,114.8984213357846,1.0163
1140,2,52,26.00,2.2,0,corps,114.84298598510927,1.2765
1141,2,92,46.00,2.2,0,corps,114.787578345181,0.7496
1142,4,185,46.25,3.1,0,corps,114.73219840214794,0.5782
1143,4,103,25.75,3.1,0,corps,114.67684614216505,0.5800
1144,3,32,10.67,2.7,0,corps,114.62152155139424,0.9880
1145,2,89,44.50,2.2,0,corps,114.5662246160044,1.1806
1146,2,74,37.00,2.2,0,corps,114.51095532217133,0.7348
1147,6,148,24.67,4.0,0,corps,114.45571365607763,0.9057
1148,3,111,37.00,2.7,0,corps,114.40049960391292,0.9330
1149,3,71,23.67,2.7,0,corps,114.34531315187368,0.8839
1150,4,83,20.75,3.1,0,corps,114.29015428616331,0.8372
1151,5,49,9.80,3.6,0,corps,114.23502299299209,1.9330
1152,4,47,11.75,3.1,0,corps,114.1799192585772,1.2522
1153,6,156,26.00,4.0,0,corps,114.12484306914268,0.9048
1154,3,32,10.67,2.7,0,corps,114.06979441091953,1.3216
1155,2,44,22.00,2.2,0,corps,114.01477327014553,1.2445
1156,2,56,28.00,2.2,0,corps,113.95977963306542,0.7479
1157,2,71,35.50,2.2,0,corps,113.90481348593082,0.8842
1158,4,94,23.50,3.1,0,corps,113.84987481500013,0.8177
1159,4,92,23.00,3.1,0,corps,113.79496360653873,1.0643
1160,6,114,19.00,4.0,0,corps,113.7400798468188,1.0581
1161,4,77,19.25,3.1,0,corps,113.6852235221194,1.0292
1162,2,47,23.50,2.2,0,corps,113.63039461872646,0.8969
1163,2,44,22.00,2.2,0,corps,113.57559312293273,2.0747
1164,2,74,37.00,2.2,0,corps,113.52081902103788,1.1269
1165,2,79,39.50,2.2,0,corps,113.46607229934833,1.1635
1166,4,93,23.25,3.1,0,corps,113.41135294417744,1.1723
1167,3,82,27.33,2.7,0,corps,113.35666094184535,1.7661
1168,2,53,26.50,2.2,0,corps,113.3019962786791,0.9550
1169,2,87,43.50,2.2,0,corps,113.24735894101244,1.2443
1170,2,60,30.00,2.2,0,corps,113.19274891518609,0.9187
1171,4,71,17.75,3.1,0,corps,113.13816618754755,1.4128
1172,2,26,13.00,2.2,0,corps,113.08361074445112,2.1305
1173,2,75,37.50,2.2,0,corps,113.02908257225795,1.2582
1174,2,73,36.50,2.2,0,corps,112.97458165733599,1.1362
1175,5,126,25.20,3.6,0,corps,112.92010798605997,1.3017
1176,2,66,33.00,2.2,0,corps,112.86566154481157,0.6874
1177,3,107,35.67,2.7,0,corps,112.81124231997912,1.2444
1178,2,27,13.50,2.2,0,corps,112.75685029795781,1.4254
1179,5,139,27.80,3.6,0,corps,112.70248546514962,1.3354
1180,3,85,28.33,2.7,0,corps,112.6481478079634,1.0481
1181,7,116,16.57,4.4,0,corps,112.59383731281464,1.4961
1182,2,35,17.50,2.2,0,corps,112.53955396612582,1.7293
1183,3,55,18.33,2.7,0,corps,112.48529775432606,2.1774
1184,4,113,28.25,3.1,0,corps,112.43106866385129,1.7836
1185,3,58,19.33,2.7,0,corps,112.37686668114422,1.6833
1186,3,63,21.00,2.7,0,corps,112.32269179265441,1.6613
1187,5,105,21.00,3.6,0,corps,112.26854398483812,1.5070
1188,4,90,22.50,3.1,0,corps,112.2144232441584,1.3514
1189,4,127,31.75,3.1,0,corps,112.16032955708503,1.4309
1190,2,37,18.50,2.2,0,corps,112.10626291009464,2.8808
1191,4,74,18.50,3.1,0,corps,112.05222328967051,1.6706
1192,2,70,35.00,2.2,0,corps,111.99821068230278,1.5534
1193,2,68,34.00,2.2,0,corps,111.94422507448829,1.2655
1194,2,76,38.00,2.2,0,corps,111.89026645273063,1.0478
1195,3,79,26.33,2.7,0,corps,111.83633480354014,1.3450
1196,7,136,19.43,4.4,0,corps,111.78243011343392,1.5750
1197,2,51,25.50,2.2,0,corps,111.72855236893575,1.2388
1198,3,67,22.33,2.7,0,corps,111.67470155657628,1.6968
1199,2,42,21.00,2.2,0,corps,111.62087766289272,1.4838
1200,3,56,18.67,2.7,0,corps,111.56708067442918,1.3449
1201,4,92,23.00,3.1,0,corps,111.51331057773635,1.4352
1202,5,162,32.40,3.6,0,corps,111.45956735937173,1.1500
1203,3,87,29.00,2.7,0,corps,111.4058510058995,0.9399
1204,5,53,10.60,3.6,0,corps,111.3521615038906,1.3617
1205,2,48,24.00,2.2,0,corps,111.2984988399226,1.0575
1206,3,77,25.67,2.7,0,corps,111.24486300057987,1.1712
1207,2,55,27.50,2.2,0,corps,111.19125397245348,0.9208
1208,2,39,19.50,2.2,0,corps,111.13767174214114,0.9721
1209,4,69,17.25,3.1,0,corps,111.08411629624729,1.3058
1210,2,49,24.50,2.2,0,corps,111.03058762138305,1.4026
1211,2,67,33.50,2.2,0,corps,110.97708570416629,1.3919
1212,3,94,31.33,2.7,0,corps,110.9236105312215,0.7620
1213,4,67,16.75,3.1,0,corps,110.8701620891799,1.5119
1214,2,90,45.00,2.2,0,corps,110.81674036467942,0.9522
1215,3,38,12.67,2.7,0,corps,110.76334534436454,1.6252
1216,4,74,18.50,3.1,0,corps,110.70997701488656,1.1053
1217,4,45,11.25,3.1,0,corps,110.65663536290337,2.4024
1218,2,59,29.50,2.2,0,corps,110.60332037507963,1.0944
1219,7,157,22.43,4.4,0,corps,110.55003203808651,1.2325
1220,3,54,18.00,2.7,0,corps,110.49677033860196,1.0043
1221,3,79,26.33,2.7,0,corps,110.44353526331054,1.0994
1222,2,28,14.00,2.2,0,corps,110.3903267989035,1.0887
1223,3,56,18.67,2.7,0,corps,110.33714493207869,0.6598
1224,5,61,12.20,3.6,0,corps,110.28398964954071,0.9435
1225,2,28,14.00,2.2,0,corps,110.23086093800067,1.7274
1226,3,148,49.33,2.7,0,corps,110.17775878417642,0.9431
1227,2,70,35.00,2.2,0,corps,110.12468317479242,1.2689
1228,4,78,19.50,3.1,0,corps,110.07163409657976,5.0923
1229,3,76,25.33,2.7,0,corps,110.01861153627618,0.6861
1230,4,127,31.75,3.1,0,corps,109.96561548062604,0.9459
1231,2,45,22.50,2.2,0,corps,109.91264591638033,1.2161
1232,3,116,38.67,2.7,0,corps,109.85970283029664,0.9783
1233,4,31,7.75,3.1,0,corps,109.80678620913922,1.3682
1234,2,29,14.50,2.2,0,corps,109.75389603967889,1.4483
1235,2,70,35.00,2.2,0,corps,109.70103230869313,0.6971
1236,4,67,16.75,3.1,0,corps,109.64819500296599,1.2129
1237,4,95,23.75,3.1,0,corps,109.59538410928813,1.1387
1238,3,139,46.33,2.7,0,corps,109.54259961445689,0.8820
1239,2,85,42.50,2.2,0,corps,109.48984150527608,0.6302
1240,3,97,32.33,2.7,0,corps,109.43710976855621,0.8162
1241,3,87,29.00,2.7,0,corps,109.3844043911143,1.0205
1242,5,95,19.00,3.6,0,corps,109.33172535977407,1.4575
1243,2,48,24.00,2.2,0,corps,109.27907266136572,0.9324
1244,3,60,20.00,2.7,0,corps,109.22644628272606,1.3267
1245,2,55,27.50,2.2,0,corps,109.17384621069854,1.1731
1246,3,94,31.33,2.7,0,corps,109.12127243213314,1.0069
1247,3,44,14.67,2.7,0,corps,109.06872493388637,0.8141
1248,3,47,15.67,2.7,0,corps,109.01620370282139,1.2063
1249,5,119,23.80,3.6,0,corps,108.96370872580788,1.0608
1250,2,59,29.50,2.2,0,corps,108.91123998972209,1.0412
1251,2,54,27.00,2.2,0,corps,108.85879748144684,1.0015
1252,2,45,22.50,2.2,0,corps,108.80638118787151,1.0932
1253,2,39,19.50,2.2,0,corps,108.75399109589206,1.6166
1254,4,72,18.00,3.1,0,corps,108.7016271924109,1.7325
1255,2,42,21.00,2.2,0,corps,108.64928946433707,1.3110
1256,2,83,41.50,2.2,0,corps,108.59697789858618,0.9406
1257,2,75,37.50,2.2,0,corps,108.54469248208028,0.7307
1258,2,57,28.50,2.2,0,corps,108.49243320174806,1.1204
1259,3,33,11.00,2.7,0,corps,108.44020004452469,3.3634
1260,2,46,23.00,2.2,0,corps,108.38799299735184,0.9705
1261,3,63,21.00,2.7,0,corps,108.33581204717784,1.2629
1262,7,128,18.29,4.4,0,corps,108.28365718095733,1.2930
1263,4,97,24.25,3.1,0,corps,108.23152838565173,1.2721
1264,3,56,18.67,2.7,0,corps,108.17942564822872,1.2711
1265,2,52,26.00,2.2,0,corps,108.12734895566267,1.4195
1266,3,60,20.00,2.7,0,corps,108.07529829493441,1.5454
1267,2,45,22.50,2.2,0,corps,108.02327365303128,1.0960
1268,3,132,44.00,2.7,0,corps,107.97127501694708,1.0002
1269,5,89,17.80,3.6,0,corps,107.91930237368219,1.4488
1270,3,101,33.67,2.7,0,corps,107.86735571024344,1.4231
1271,3,100,33.33,2.7,0,corps,107.81543501364412,1.1418
1272,2,60,30.00,2.2,0,corps,107.76354027090413,1.3834
1273,2,46,23.00,2.2,0,corps,107.71167146904976,1.1190
1274,3,51,17.00,2.7,0,corps,107.65982859511377,1.5761
1275,2,68,34.00,2.2,0,corps,107.60801163613549,0.7731
1276,2,46,23.00,2.2,0,corps,107.55622057916064,1.2966
1277,3,65,21.67,2.7,0,corps,107.50445541124148,1.0871
1278,4,92,23.00,3.1,0,corps,107.4527161194367,1.0129
1279,3,81,27.00,2.7,0,corps,107.40100269081152,0.8739
1280,4,79,19.75,3.1,0,corps,107.34931511243752,1.4288
1281,3,83,27.67,2.7,0,corps,107.29765337139285,1.3441
1282,5,56,11.20,3.6,0,corps,107.24601745476205,1.3197
1283,4,67,16.75,3.1,0,corps,107.19440734963617,1.1947
1284,4,121,30.25,3.1,0,corps,107.14282304311264,0.8943
1285,3,74,24.67,2.7,0,corps,107.09126452229545,1.2337
1286,4,68,17.00,3.1,0,corps,107.03973177429489,0.9857
1287,2,95,47.50,2.2,0,corps,106.98822478622783,1.1252
1288,2,50,25.00,2.2,0,corps,106.9367435452175,1.0278
1289,3,76,25.33,2.7,0,corps,106.88528803839358,1.2437
1290,2,47,23.50,2.2,0,corps,106.83385825289223,0.9826
1291,2,39,19.50,2.2,0,corps,106.78245417585595,1.0478
1292,3,94,31.33,2.7,0,corps,106.73107579443375,0.8308
1293,3,49,16.33,2.7,0,corps,106.67972309578104,1.4815
1294,2,100,50.00,2.2,0,corps,106.62839606705965,0.9730
1295,6,139,23.17,4.0,0,corps,106.5770946954378,1.1486
1296,5,78,15.60,3.6,0,corps,106.52581896809015,1.6211
1297,5,61,12.20,3.6,0,corps,106.47456887219782,2.0072
1298,5,111,22.20,3.6,0,corps,106.42334439494819,1.5003
1299,2,102,51.00,2.2,0,corps,106.37214552353522,1.0729
1300,3,78,26.00,2.7,0,corps,106.32097224515915,0.9531
1301,3,26,8.67,2.7,0,corps,106.26982454702669,1.7123
1302,5,132,26.40,3.6,0,corps,106.21870241635088,1.0772
1303,3,74,24.67,2.7,0,corps,106.16760584035121,1.4207
1304,3,127,42.33,2.7,0,corps,106.11653480625354,0.9210
1305,3,79,26.33,2.7,0,corps,106.06548930129011,1.3168
1306,6,108,18.00,4.0,0,corps,106.0144693126995,1.4809
1307,2,63,31.50,2.2,0,corps,105.96347482772681,0.6542
1308,2,57,28.50,2.2,0,corps,105.91250583362333,1.1683
1309,2,55,27.50,2.2,0,corps,105.86156231764683,0.7077
1310,2,54,27.00,2.2,0,corps,105.81064426706143,1.1250
1311,2,42,21.00,2.2,0,corps,105.75975166913764,0.8637
1312,2,93,46.50,2.2,0,corps,105.70888451115232,0.9556
1313,2,50,25.00,2.2,0,corps,105.65804278038864,1.4714
1314,2,49,24.50,2.2,0,corps,105.60722646413616,1.0196
1315,3,72,24.00,2.7,0,corps,105.55643554969085,1.0271
1316,2,42,21.00,2.2,0,corps,105.50567002435496,1.4992
1317,4,67,16.75,3.1,0,corps,105.4549298754371,1.3599
1318,2,55,27.50,2.2,0,corps,105.40421509025224,0.7865
1319,3,67,22.33,2.7,0,corps,105.35352565612169,0.8714
1320,4,67,16.75,3.1,0,corps,105.30286156037305,1.4273
1321,2,33,16.50,2.2,0,corps,105.25222279034034,1.0353
1322,3,66,22.00,2.7,0,corps,105.20160933336386,2.1087
1323,2,91,45.50,2.2,0,corps,105.15102117679025,1.1184
1324,2,35,17.50,2.2,0,corps,105.10045830797246,1.7636
1325,2,60,30.00,2.2,0,corps,105.04992071426975,1.2570
1326,2,48,24.00,2.2,0,corps,104.99940838304778,1.2040
1327,2,79,39.50,2.2,0,corps,104.94892130167841,1.1192
1328,4,61,15.25,3.1,0,corps,104.89845945753989,1.3323
1329,5,70,14.00,3.6,0,corps,104.84802283801675,1.5786
1330,3,110,36.67,2.7,0,corps,104.79761143049986,1.3517
1331,5,86,17.20,3.6,0,corps,104.74722522238635,1.6556
1332,5,102,20.40,3.6,0,corps,104.69686420107966,1.4087
1333,2,41,20.50,2.2,0,corps,104.64652835398958,1.4067
1334,5,53,10.60,3.6,0,corps,104.59621766853209,2.0102
1335,2,33,16.50,2.2,0,corps,104.54593213212955,1.1569
1336,3,82,27.33,2.7,0,corps,104.49567173221055,1.7108
1337,2,29,14.50,2.2,0,corps,104.44543645621,1.0310
1338,3,34,11.33,2.7,0,corps,104.3952262915691,1.9575
1339,2,55,27.50,2.2,0,corps,104.34504122573529,1.0051
1340,3,47,15.67,2.7,0,corps,104.29488124616233,1.3498
1341,2,33,16.50,2.2,0,corps,104.2447463403102,1.2936
1342,5,86,17.20,3.6,0,corps,104.19463649564516,1.5694
1343,5,101,20.20,3.6,0,corps,104.14455169963976,1.1672
1344,3,44,14.67,2.7,0,corps,104.09449193977282,1.4006
1345,4,93,23.25,3.1,0,corps,104.04445720352939,1.1493
1346,3,66,22.00,2.7,0,corps,103.99444747840076,1.4261
1347,2,41,20.50,2.2,0,corps,103.94446275188456,0.9282
1348,2,68,34.00,2.2,0,corps,103.89450301148453,0.9415
1349,2,33,16.50,2.2,0,corps,103.8445682447108,1.5044
1350,2,35,17.50,2.2,0,corps,103.79465843907964,1.5766
1351,2,63,31.50,2.2,0,corps,103.74477358211361,1.0727
1352,2,33,16.50,2.2,0,corps,103.69491366134147,0.9013
1353,2,43,21.50,2.2,0,corps,103.64507866429831,1.1994
1354,5,77,15.40,3.6,0,corps,103.5952685785253,0.9193
1355,2,64,32.00,2.2,0,corps,103.54548339156997,1.1652
1356,2,41,20.50,2.2,0,corps,103.495723090986,0.8640
1357,4,58,14.50,3.1,0,corps,103.44598766433334,2.0817
1358,2,24,12.00,2.2,0,corps,103.39627709917809,1.4419
1359,3,45,15.00,2.7,0,corps,103.34659138309266,1.5198
1360,2,52,26.00,2.2,0,corps,103.29693050365553,1.1994
1361,5,96,19.20,3.6,0,corps,103.24729444845163,1.0686
1362,5,107,21.40,3.6,0,corps,103.19768320507181,0.9849
1363,3,47,15.67,2.7,0,corps,103.14809676111332,1.2550
1364,14,183,13.07,7.6,0,corps,103.09853510417952,1.5203
1365,4,96,24.00,3.1,0,corps,103.04899822188003,1.1401
1366,3,57,19.00,2.7,0,corps,102.99948610183058,1.3358
1367,2,29,14.50,2.2,0,corps,102.94999873165322,0.9219
1368,2,71,35.50,2.2,0,corps,102.90053609897602,0.7554
1369,3,62,20.67,2.7,0,corps,102.8510981914334,1.0262
1370,6,95,15.83,4.0,0,corps,102.8016849966658,1.3244
1371,2,40,20.00,2.2,0,corps,102.75229650231998,1.1673
1372,2,38,19.00,2.2,0,corps,102.7029326960488,0.9667
1373,4,77,19.25,3.1,0,corps,102.65359356551131,1.2126
1374,5,105,21.00,3.6,0,corps,102.60427909837271,1.1880
1375,3,52,17.33,2.7,0,corps,102.55498928230442,1.3305
1376,2,68,34.00,2.2,0,corps,102.50572410498397,1.0978
1377,3,45,15.00,2.7,0,corps,102.45648355409503,0.9412
1378,4,64,16.00,3.1,0,corps,102.40726761732752,1.1131
1379,2,27,13.50,2.2,0,corps,102.35807628237741,1.3028
1380,2,60,30.00,2.2,0,corps,102.30890953694689,0.7029
1381,4,87,21.75,3.1,0,corps,102.25976736874425,0.8220
1382,2,66,33.00,2.2,0,corps,102.21064976548398,0.9602
1383,3,79,26.33,2.7,0,corps,102.16155671488667,1.3249
1384,2,39,19.50,2.2,0,corps,102.11248820467904,1.1153
1385,3,62,20.67,2.7,0,corps,102.06344422259394,1.0560
1386,5,98,19.60,3.6,0,corps,102.01442475637046,1.2077
1387,2,52,26.00,2.2,0,corps,101.96542979375364,0.7598
1388,2,53,26.50,2.2,0,corps,101.9164593224948,0.9527
1389,4,65,16.25,3.1,0,corps,101.86751333035131,1.1611
1390,4,95,23.75,3.1,0,corps,101.81859180508665,1.1204
1391,4,76,19.00,3.1,0,corps,101.76969473447043,1.6703
1392,2,49,24.50,2.2,0,corps,101.72082210627845,1.0294
1393,6,109,18.17,4.0,0,corps,101.67197390829246,1.6172
1394,5,92,18.40,3.6,0,corps,101.62315012830048,1.2652
1395,5,50,10.00,3.6,0,corps,101.57435075409653,1.8545
1396,6,106,17.67,4.0,0,corps,101.52557577348078,1.4107
1397,3,116,38.67,2.7,0,corps,101.47682517425949,1.0736
1398,5,70,14.00,3.6,0,corps,101.42809894424498,1.6941
1399,2,77,38.50,2.2,0,corps,101.37939707125574,0.9558
1400,2,27,13.50,2.2,0,corps,101.33071954311626,1.2215
1401,2,43,21.50,2.2,0,corps,101.28206634765718,1.4272
1402,2,70,35.00,2.2,0,corps,101.23343747271518,0.9578
1403,10,171,17.10,5.8,0,corps,101.18483290613307,1.5579
1404,3,82,27.33,2.7,0,corps,101.13625263575967,1.1670
1405,6,150,25.00,4.0,0,corps,101.08769664944997,1.0712
1406,2,43,21.50,2.2,0,corps,101.03916493506493,1.1271
1407,3,100,33.33,2.7,0,corps,100.9906574804716,1.2534
1408,2,91,45.50,2.2,0,corps,100.94217427354317,0.9836
1409,4,79,19.75,3.1,0,corps,100.89371530215881,1.1753
1410,4,63,15.75,3.1,0,corps,100.84528055420377,1.4817
1411,2,52,26.00,2.2,0,corps,100.79687001756936,1.1757
1412,3,91,30.33,2.7,0,corps,100.74848368015299,1.2000
1413,7,134,19.14,4.4,0,corps,100.70012152985804,1.2937
1414,5,80,16.00,3.6,0,corps,100.65178355459396,1.2037
1415,2,14,7.00,2.2,0,corps,100.60346974227627,1.2919
1416,3,46,15.33,2.7,0,corps,100.55518008082656,1.3549
1417,4,49,12.25,3.1,0,corps,100.50691455817233,8.8624
1418,2,39,19.50,2.2,0,corps,100.45867316224727,1.0121
1419,2,39,19.50,2.2,0,corps,100.41045588099095,0.8001
1420,3,45,15.00,2.7,0,corps,100.36226270234916,1.1732
1421,4,60,15.00,3.1,0,corps,100.31409361427353,1.5215
1422,3,63,21.00,2.7,0,corps,100.2659486047218,1.3924
1423,2,60,30.00,2.2,0,corps,100.21782766165772,0.8397
1424,5,55,11.00,3.6,0,corps,100.16973077305107,1.9046
1425,2,82,41.00,2.2,0,corps,100.12165792687759,1.3470
1426,2,46,23.00,2.2,0,corps,100.07360911111911,1.0987
1427,9,174,19.33,5.3,0,corps,100.0255843137634,1.0856
1428,5,106,21.20,3.6,0,corps,99.97758352280431,1.1365
1429,2,103,51.50,2.2,0,corps,99.92960672624154,1.3414
1430,3,66,22.00,2.7,0,corps,99.88165391208098,1.1816
1431,5,86,17.20,3.6,0,corps,99.8337250683344,6.3099
1432,3,39,13.00,2.7,0,corps,99.78582018301958,1.5386
1433,2,38,19.00,2.2,0,corps,99.73793924416029,1.2043
1434,6,114,19.00,4.0,0,corps,99.69008223978634,1.3546
1435,4,96,24.00,3.1,0,corps,99.64224915793342,0.9218
1436,5,79,15.80,3.6,0,corps,99.59443998664331,1.5031
1437,2,18,9.00,2.2,0,corps,99.54665471396368,2.2682
1438,13,150,11.54,7.1,0,corps,99.49889332794824,1.5112
1439,2,31,15.50,2.2,0,corps,99.45115581665661,1.2371
1440,6,89,14.83,4.0,0,corps,99.40344216815446,1.2275
1441,3,68,22.67,2.7,0,corps,99.35575237051331,1.2334
1442,5,54,10.80,3.6,0,corps,99.30808641181078,8.0882
1443,8,128,16.00,4.9,0,corps,99.26044428013032,1.3704
1444,3,48,16.00,2.7,0,corps,99.21282596356146,0.9725
1445,2,18,9.00,2.2,0,corps,99.16523145019957,2.6552
1446,2,45,22.50,2.2,0,corps,99.11766072814603,1.1661
1447,2,36,18.00,2.2,0,corps,99.07011378550818,0.8333
1448,3,55,18.33,2.7,0,corps,99.02259061039928,1.3413
1449,3,38,12.67,2.7,0,corps,98.97509119093851,1.3098
1450,4,95,23.75,3.1,0,corps,98.92761551525105,4.0747
1451,2,46,23.00,2.2,0,corps,98.88016357146793,0.8420
1452,2,38,19.00,2.2,0,corps,98.83273534772624,1.0876
1453,3,59,19.67,2.7,0,corps,98.78533083216885,1.0517
1454,4,83,20.75,3.1,0,corps,98.73795001294468,1.1571
1455,3,63,21.00,2.7,0,corps,98.69059287820849,0.9360
1456,3,39,13.00,2.7,0,corps,98.64325941612103,1.0553
1457,2,45,22.50,2.2,0,corps,98.5959496148489,1.0550
1458,4,55,13.75,3.1,0,corps,98.54866346256468,1.5014
1459,3,45,15.00,2.7,0,corps,98.50140094744681,1.2206
1460,5,53,10.60,3.6,0,corps,98.45416205767968,1.8732
1461,5,73,14.60,3.6,0,corps,98.40694678145354,1.8982
1462,2,23,11.50,2.2,0,corps,98.35975510696461,3.1815
1463,2,76,38.00,2.2,0,corps,98.31258702241492,1.4592
1464,2,55,27.50,2.2,0,corps,98.26544251601248,1.8686
1465,4,89,22.25,3.1,0,corps,98.21832157597119,1.5164
1466,2,41,20.50,2.2,0,corps,98.17122419051077,1.6124
1467,2,47,23.50,2.2,0,corps,98.12415034785687,1.2952
1468,3,59,19.67,2.7,0,corps,98.07710003624106,1.4503
1469,6,156,26.00,4.0,0,corps,98.03007324390074,1.7591
1470,3,83,27.67,2.7,0,corps,97.98306995907924,1.2163
1471,2,43,21.50,2.2,0,corps,97.93609017002571,1.2143
1472,3,49,16.33,2.7,0,corps,97.88913386499523,1.1485
1473,2,20,10.00,2.2,0,corps,97.84220103224867,2.1311
1474,3,60,20.00,2.7,0,corps,97.79529166005287,1.2926
1475,4,46,11.50,3.1,0,corps,97.74840573668048,1.5452
1476,4,99,24.75,3.1,0,corps,97.70154325041001,1.3169
1477,3,54,18.00,2.7,0,corps,97.65470418952583,1.7234
1478,3,56,18.67,2.7,0,corps,97.60788854231821,2.0834
1479,2,75,37.50,2.2,0,corps,97.5610962970832,1.5315
1480,4,64,16.00,3.1,0,corps,97.51432744212273,2.1847
1481,2,90,45.00,2.2,0,corps,97.46758196574464,1.0533
1482,2,45,22.50,2.2,0,corps,97.42085985626252,1.1623
1483,3,60,20.00,2.7,0,corps,97.37416110199584,1.3949
1484,3,30,10.00,2.7,0,corps,97.32748569126993,1.3984
1485,2,20,10.00,2.2,0,corps,97.28083361241592,2.6399
1486,3,44,14.67,2.7,0,corps,97.2342048537708,1.4647
1487,5,75,15.00,3.6,0,corps,97.1875994036774,1.2745
1488,4,85,21.25,3.1,0,corps,97.14101725048432,1.0102
1489,2,43,21.50,2.2,0,corps,97.09445838254604,1.3962
1490,5,88,17.60,3.6,0,corps,97.04792278822283,1.4936
1491,4,63,15.75,3.1,0,corps,97.00141045588082,1.3749
1492,8,89,11.12,4.9,0,corps,96.9549213738919,1.6795
1493,6,109,18.17,4.0,0,corps,96.9084555306338,1.1395
1494,2,24,12.00,2.2,0,corps,96.86201291449008,0.7893
1495,3,76,25.33,2.7,0,corps,96.81559351385005,1.2664
1496,3,34,11.33,2.7,0,corps,96.7691973171089,1.4540
1497,3,61,20.33,2.7,0,corps,96.72282431266757,1.0065
1498,2,42,21.00,2.2,0,corps,96.6764744889328,1.4072
1499,4,71,17.75,3.1,0,corps,96.63014783431711,1.0591
1500,3,50,16.67,2.7,0,corps,96.58384433723887,1.3915
1501,5,86,17.20,3.6,0,corps,96.53756398612222,1.1205
1502,3,51,17.00,2.7,0,corps,96.49130676939703,1.1240
1503,2,62,31.00,2.2,0,corps,96.44507267549902,1.5628
1504,6,108,18.00,4.0,0,corps,96.39886169286966,1.3784
1505,7,114,16.29,4.4,0,corps,96.3526738099562,1.4618
1506,4,84,21.00,3.1,0,corps,96.30650901521167,1.1677
1507,4,126,31.50,3.1,0,corps,96.26036729709489,3.5607
1508,3,56,18.67,2.7,0,corps,96.2142486440704,2.1117
1509,2,86,43.00,2.2,0,corps,96.16815304460854,1.2727
1510,4,73,18.25,3.1,0,corps,96.12208048718544,1.1765
1511,5,105,21.00,3.6,0,corps,96.07603096028295,1.6661
1512,4,101,25.25,3.1,0,corps,96.03000445238865,1.2636
1513,8,202,25.25,4.9,0,corps,95.98400095199597,1.2276
1514,12,192,16.00,6.7,0,corps,95.93802044760399,2.4409
1515,2,35,17.50,2.2,0,corps,95.89206292771762,1.5697
1516,2,39,19.50,2.2,0,corps,95.84612838084745,1.2559
1517,2,67,33.50,2.2,0,corps,95.80021679550985,1.1677
1518,4,87,21.75,3.1,0,corps,95.75432816022692,1.0990
1519,6,37,6.17,4.0,0,corps,95.70846246352653,2.7023
1520,3,51,17.00,2.7,0,corps,95.6626196939422,1.0884
1521,3,57,19.00,2.7,0,corps,95.6167998400133,1.2185
1522,4,46,11.50,3.1,0,corps,95.57100289028483,8.0155
1523,2,78,39.00,2.2,0,corps,95.52522883330757,1.0961
1524,3,42,14.00,2.7,0,corps,95.47947765763797,1.1604
1525,4,63,15.75,3.1,0,corps,95.43374935183829,1.6184
1526,2,40,20.00,2.2,0,corps,95.38804390447639,1.2987
1527,3,48,16.00,2.7,0,corps,95.34236130412597,2.0754
1528,6,96,16.00,4.0,0,corps,95.29670153936634,1.5788
1529,3,52,17.33,2.7,0,corps,95.25106459878258,0.8438
1530,2,44,22.00,2.2,0,corps,95.20545047096543,0.8259
1531,9,154,17.11,5.3,0,corps,95.15985914451139,1.2791
1532,4,84,21.00,3.1,0,corps,95.11429060802257,1.2382
1533,9,107,11.89,5.3,0,corps,95.06874485010694,1.6826
1534,4,73,18.25,3.1,0,corps,95.02322185937795,3.3399
1535,2,22,11.00,2.2,0,corps,94.97772162445493,1.5547
1536,4,60,15.00,3.1,0,corps,94.93224413396277,1.3123
1537,3,68,22.67,2.7,0,corps,94.8867893765321,1.1408
1538,3,43,14.33,2.7,0,corps,94.84135734079928,1.6756
1539,3,52,17.33,2.7,0,corps,94.79594801540625,1.2746
1540,2,42,21.00,2.2,0,corps,94.75056138900071,1.4766
1541,5,83,16.60,3.6,0,corps,94.70519745023597,1.5059
1542,8,104,13.00,4.9,0,corps,94.65985618777107,2.4382
1543,2,61,30.50,2.2,0,corps,94.61453759027071,0.9760
1544,4,104,26.00,3.1,0,corps,94.56924164640522,1.0443
1545,3,44,14.67,2.7,0,corps,94.52396834485059,1.2514
1546,2,37,18.50,2.2,0,corps,94.47871767428853,1.0922
1547,3,34,11.33,2.7,0,corps,94.43348962340636,1.0831
1548,3,40,13.33,2.7,0,corps,94.38828418089706,1.3499
1549,4,59,14.75,3.1,0,corps,94.3431013354593,1.1316
1550,2,64,32.00,2.2,0,corps,94.2979410757973,1.5823
1551,3,34,11.33,2.7,0,corps,94.25280339062107,2.1116
1552,2,17,8.50,2.2,0,corps,94.20768826864614,1.2788
1553,2,34,17.00,2.2,0,corps,94.16259569859378,1.6364
1554,7,123,17.57,4.4,0,corps,94.11752566919078,1.1532
1555,9,123,13.67,5.3,0,corps,94.07247816916968,1.5480
1556,3,74,24.67,2.7,0,corps,94.02745318726858,0.9221
1557,2,43,21.50,2.2,0,corps,93.98245071223127,0.9554
1558,9,143,15.89,5.3,0,corps,93.93747073280709,1.8812
1559,2,48,24.00,2.2,0,corps,93.89251323775106,1.4745
1560,5,74,14.80,3.6,0,corps,93.84757821582382,1.1701
1561,3,53,17.67,2.7,0,corps,93.8026656557916,1.2780
1562,3,71,23.67,2.7,0,corps,93.75777554642625,1.1893
1563,8,155,19.38,4.9,0,corps,93.71290787650527,1.5149
1564,4,56,14.00,3.1,0,corps,93.6680626348117,1.2446
1565,4,52,13.00,3.1,0,corps,93.62323981013428,1.6308
1566,3,48,16.00,2.7,0,corps,93.57843939126727,1.8950
1567,5,79,15.80,3.6,0,corps,93.53366136701058,2.0518
1568,8,135,16.88,4.9,0,corps,93.48890572616969,1.3712
1569,5,88,17.60,3.6,0,corps,93.44417245755571,1.4328
1570,4,67,16.75,3.1,0,corps,93.39946154998529,1.6281
1571,3,48,16.00,2.7,0,corps,93.35477299228074,1.2964
1572,6,121,20.17,4.0,0,corps,93.31010677326988,3.3180
1573,4,121,30.25,3.1,0,corps,93.26546288178622,1.1354
1574,3,99,33.00,2.7,0,corps,93.22084130666872,0.9507
1575,2,13,6.50,2.2,0,corps,93.17624203676202,2.2019
1576,4,65,16.25,3.1,0,corps,93.13166506091628,1.2133
1577,2,31,15.50,2.2,0,corps,93.08711036798728,1.7883
1578,3,46,15.33,2.7,0,corps,93.04257794683633,1.2298
1579,5,93,18.60,3.6,0,corps,92.99806778633032,1.6592
1580,2,24,12.00,2.2,0,corps,92.95357987534175,1.3910
1581,3,47,15.67,2.7,0,corps,92.9091142027486,1.9967
1582,4,70,17.50,3.1,0,corps,92.86467075743444,1.2312
1583,3,79,26.33,2.7,0,corps,92.82024952828846,0.8284
1584,4,38,9.50,3.1,0,corps,92.77585050420531,1.1464
1585,4,55,13.75,3.1,0,corps,92.73147367408527,1.9624
1586,6,67,11.17,4.0,0,corps,92.68711902683407,1.9319
1587,2,30,15.00,2.2,0,corps,92.64278655136313,1.3222
1588,3,82,27.33,2.7,0,corps,92.59847623658928,1.0609
1589,4,114,28.50,3.1,0,corps,92.55418807143492,1.1331
1590,6,91,15.17,4.0,0,corps,92.50992204482807,1.0072
1591,8,116,14.50,4.9,0,corps,92.4656781457022,1.5406
1592,2,33,16.50,2.2,0,corps,92.4214563629963,0.8470
1593,3,49,16.33,2.7,0,corps,92.37725668565497,1.0924
1594,2,33,16.50,2.2,0,corps,92.33307910262826,1.2113
1595,8,109,13.62,4.9,0,corps,92.28892360287179,1.0788
1596,4,45,11.25,3.1,0,corps,92.2447901753467,1.3267
1597,2,44,22.00,2.2,0,corps,92.20067880901959,0.9937
1598,6,109,18.17,4.0,0,corps,92.15658949286264,1.1370
1599,2,20,10.00,2.2,0,corps,92.11252221585353,2.6594
1600,4,86,21.50,3.1,0,corps,92.06847696697544,0.8779
1601,5,97,19.40,3.6,0,corps,92.02445373521704,1.1179
1602,2,46,23.00,2.2,0,corps,91.98045250957253,1.0130
1603,2,30,15.00,2.2,0,corps,91.9364732790416,0.9384
1604,3,85,28.33,2.7,0,corps,91.89251603262947,1.3680
1605,2,39,19.50,2.2,0,corps,91.84858075934679,1.0855
1606,2,49,24.50,2.2,0,corps,91.80466744820976,0.9285
1607,6,87,14.50,4.0,0,corps,91.76077608824006,1.4669
1608,10,169,16.90,5.8,0,corps,91.71690666846483,1.3525
1609,7,93,13.29,4.4,0,corps,91.67305917791671,1.3590
1610,7,85,12.14,4.4,0,corps,91.62923360563386,1.3238
1611,3,35,11.67,2.7,0,corps,91.58542994065986,2.0231
1612,7,150,21.43,4.4,0,corps,91.54164817204381,1.2081
1613,2,31,15.50,2.2,0,corps,91.49788828884026,2.1336
1614,2,43,21.50,2.2,0,corps,91.45415028010923,1.1903
1615,5,130,26.00,3.6,0,corps,91.41043413491623,1.2396
1616,6,95,15.83,4.0,0,corps,91.3667398423322,1.3895
1617,2,40,20.00,2.2,0,corps,91.32306739143361,1.1414
1618,2,78,39.00,2.2,0,corps,91.27941677130231,1.1123
1619,7,87,12.43,4.4,0,corps,91.23578797102566,3.2862
1620,9,132,14.67,5.3,0,corps,91.19218097969646,1.3013
1621,3,64,21.33,2.7,0,corps,91.14859578641297,1.1676
1622,2,47,23.50,2.2,0,corps,91.10503238027886,1.1870
1623,2,52,26.00,2.2,0,corps,91.06149075040331,1.2283
1624,4,106,26.50,3.1,0,corps,91.0179708859009,1.0302
1625,2,40,20.00,2.2,0,corps,90.97447277589166,0.9802
1626,2,52,26.00,2.2,0,corps,90.93099640950106,1.0175
1627,4,57,14.25,3.1,0,corps,90.88754177586004,1.6000
1628,3,29,9.67,2.7,0,corps,90.84410886410488,1.6784
1629,4,27,6.75,3.1,0,corps,90.80069766337743,1.5629
1630,7,121,17.29,4.4,0,corps,90.75730816282483,2.9812
1631,3,60,20.00,2.7,0,corps,90.7139403515997,0.8690
1632,2,30,15.00,2.2,0,corps,90.67059421886015,2.0488
1633,8,124,15.50,4.9,0,corps,90.62726975376958,2.1080
1634,4,73,18.25,3.1,0,corps,90.5839669454969,1.6652
1635,4,78,19.50,3.1,0,corps,90.5406857832164,1.4048
1636,6,137,22.83,4.0,0,corps,90.49742625610781,2.2063
1637,2,60,30.00,2.2,0,corps,90.45418835335623,1.4687
1638,5,90,18.00,3.6,0,corps,90.4109720641522,1.2845
1639,2,54,27.00,2.2,0,corps,90.36777737769162,1.0236
1640,2,36,18.00,2.2,0,corps,90.32460428317587,1.6317
1641,3,58,19.33,2.7,0,corps,90.2814527698116,1.5118
1642,3,32,10.67,2.7,0,corps,90.23832282681099,1.7504
1643,4,52,13.00,3.1,0,corps,90.19521444339152,3.4810
1644,7,98,14.00,4.4,0,corps,90.15212760877614,1.5606
1645,2,26,13.00,2.2,0,corps,90.10906231219307,2.1598
1646,5,48,9.60,3.6,0,corps,90.06601854287607,1.5773
1647,4,54,13.50,3.1,0,corps,90.02299629006411,2.2325
1648,2,45,22.50,2.2,0,corps,89.9799955430017,1.0516
1649,4,60,15.00,3.1,0,corps,89.93701629093862,1.6214
1650,3,32,10.67,2.7,0,corps,89.89405852313006,2.0965
1651,3,56,18.67,2.7,0,corps,89.85112222883657,1.2468
1652,4,71,17.75,3.1,0,corps,89.8082073973241,1.2910
1653,4,86,21.50,3.1,0,corps,89.7653140178639,1.7747
1654,8,104,13.00,4.9,0,corps,89.72244207973267,1.4299
1655,2,40,20.00,2.2,0,corps,89.67959157221239,1.7269
1656,4,67,16.75,3.1,0,corps,89.63676248459048,1.6671
1657,5,111,22.20,3.6,0,corps,89.59395480615962,1.1874
1658,5,76,15.20,3.6,0,corps,89.55116852621791,1.9859
1659,5,74,14.80,3.6,0,corps,89.50840363406877,1.3758
1660,2,26,13.00,2.2,0,corps,89.46566011902098,2.0085
1661,10,146,14.60,5.8,0,corps,89.42293797038867,1.6792
1662,2,41,20.50,2.2,0,corps,89.3802371774913,1.8169
1663,2,46,23.00,2.2,0,corps,89.33755772965367,1.2168
1664,2,40,20.00,2.2,0,corps,89.29489961620591,1.0346
1665,3,86,28.67,2.7,0,corps,89.2522628264835,1.0357
1666,7,67,9.57,4.4,0,corps,89.20964734982726,1.5828
1667,6,153,25.50,4.0,0,corps,89.16705317558328,1.1479
1668,3,75,25.00,2.7,0,corps,89.12448029310305,1.1948
1669,4,94,23.50,3.1,0,corps,89.08192869174331,1.2780
1670,2,48,24.00,2.2,0,corps,89.03939836086622,1.3697
1671,9,110,12.22,5.3,0,corps,88.99688928983915,1.6106
1672,2,20,10.00,2.2,0,corps,88.95440146803483,1.7330
1673,5,71,14.20,3.6,0,corps,88.91193488483134,1.5424
1674,3,61,20.33,2.7,0,corps,88.86948952961203,1.0411
1675,2,46,23.00,2.2,0,corps,88.8270653917655,1.3202
1676,4,85,21.25,3.1,0,corps,88.78466246068578,1.1525
1677,6,101,16.83,4.0,0,corps,88.74228072577212,1.2499
1678,3,63,21.00,2.7,0,corps,88.69992017642909,1.2031
1679,7,81,11.57,4.4,0,corps,88.65758080206653,1.4436
1680,6,76,12.67,4.0,0,corps,88.61526259209963,1.3166
1681,5,61,12.20,3.6,0,corps,88.57296553594878,1.4660
1682,5,58,11.60,3.6,0,corps,88.53068962303979,2.3985
1683,3,102,34.00,2.7,0,corps,88.48843484280364,1.6707
1684,3,54,18.00,2.7,0,corps,88.44620118467664,1.3867
1685,7,67,9.57,4.4,0,corps,88.40398863810039,5.3454
1686,4,68,17.00,3.1,0,corps,88.3617971925217,1.4198
1687,3,38,12.67,2.7,0,corps,88.31962683739278,1.6590
1688,2,23,11.50,2.2,0,corps,88.277477562171,2.0548
1689,2,45,22.50,2.2,0,corps,88.23534935631905,1.4066
1690,3,25,8.33,2.7,0,corps,88.19324220930488,2.4993
1691,2,48,24.00,2.2,0,corps,88.15115611060169,1.4170
1692,2,57,28.50,2.2,0,corps,88.10909104968798,0.9674
1693,3,40,13.33,2.7,0,corps,88.06704701604745,1.7469
1694,7,114,16.29,4.4,0,corps,88.02502399916914,1.6249
1695,6,118,19.67,4.0,0,corps,87.98302198854725,1.4037
1696,4,65,16.25,3.1,0,corps,87.94104097368131,1.6685
1697,4,85,21.25,3.1,0,corps,87.89908094407602,1.2972
1698,8,137,17.12,4.9,0,corps,87.85714188924143,1.7643
1699,3,44,14.67,2.7,0,corps,87.81522379869273,1.5987
1700,3,60,20.00,2.7,0,corps,87.77332666195043,1.2275
1701,5,105,21.00,3.6,0,corps,87.73145046854023,1.7296
1702,2,49,24.50,2.2,0,corps,87.6895952079931,1.0559
1703,2,57,28.50,2.2,0,corps,87.64776086984517,0.7169
1704,4,53,13.25,3.1,0,corps,87.60594744363792,1.6868
1705,6,87,14.50,4.0,0,corps,87.56415491891795,1.6456
1706,3,48,16.00,2.7,0,corps,87.52238328523715,1.7652
1707,5,109,21.80,3.6,0,corps,87.48063253215261,1.4206
1708,5,72,14.40,3.6,0,corps,87.43890264922663,2.0459
1709,4,41,10.25,3.1,0,corps,87.39719362602676,1.9619
1710,2,65,32.50,2.2,0,corps,87.35550545212574,1.1527
1711,3,36,12.00,2.7,0,corps,87.3138381171015,1.6658
1712,2,60,30.00,2.2,0,corps,87.27219161053722,1.1275
1713,4,89,22.25,3.1,0,corps,87.23056592202127,1.3853
1714,2,54,27.00,2.2,0,corps,87.18896104114727,1.8398
1715,4,45,11.25,3.1,0,corps,87.14737695751393,1.4169
1716,6,77,12.83,4.0,0,corps,87.10581366072527,1.6249
1717,5,55,11.00,3.6,0,corps,87.06427114039046,1.2285
1718,6,103,17.17,4.0,0,corps,87.02274938612386,2.7858
1719,4,32,8.00,3.1,0,corps,86.98124838754505,2.2264
1720,2,30,15.00,2.2,0,corps,86.93976813427878,1.1004
1721,2,23,11.50,2.2,0,corps,86.89830861595496,1.9051
1722,2,30,15.00,2.2,0,corps,86.85686982220872,1.3682
1723,6,159,26.50,4.0,0,corps,86.81545174268037,1.6475
1724,2,25,12.50,2.2,0,corps,86.7740543670154,2.1663
1725,5,58,11.60,3.6,0,corps,86.73267768486443,1.7634
1726,3,61,20.33,2.7,0,corps,86.69132168588332,1.6648
1727,7,86,12.29,4.4,0,corps,86.64998635973309,1.6552
1728,2,73,36.50,2.2,0,corps,86.60867169607987,1.4165
1729,5,88,17.60,3.6,0,corps,86.56737768459497,1.9304
1730,4,44,11.00,3.1,0,corps,86.52610431495495,2.2189
1731,2,48,24.00,2.2,0,corps,86.48485157684144,1.9440
1732,7,69,9.86,4.4,0,corps,86.44361945994125,2.2547
1733,4,78,19.50,3.1,0,corps,86.40240795394634,1.3794
1734,2,44,22.00,2.2,0,corps,86.36121704855387,1.4607
1735,3,68,22.67,2.7,0,corps,86.32004673346606,1.4900
1736,10,195,19.50,5.8,0,corps,86.2788969983904,1.2589
1737,2,58,29.00,2.2,0,corps,86.23776783303938,1.4848
1738,4,67,16.75,3.1,0,corps,86.19665922713078,1.3995
1739,2,56,28.00,2.2,0,corps,86.1555711703874,0.9898
1740,6,89,14.83,4.0,0,corps,86.11450365253724,1.8690
1741,3,73,24.33,2.7,0,corps,86.07345666331342,1.2156
1742,4,46,11.50,3.1,0,corps,86.0324301924542,1.7121
1743,2,40,20.00,2.2,0,corps,85.99142422970296,1.2490
1744,4,84,21.00,3.1,0,corps,85.95043876480818,1.0146
1745,4,36,9.00,3.1,0,corps,85.90947378752354,1.4011
1746,2,26,13.00,2.2,0,corps,85.86852928760777,1.0000
1747,2,34,17.00,2.2,0,corps,85.82760525482475,0.9010
1748,6,121,20.17,4.0,0,corps,85.78670167894347,1.1676
1749,5,55,11.00,3.6,0,corps,85.74581854973802,4.3893
1750,4,68,17.00,3.1,0,corps,85.70495585698764,1.0854
1751,5,67,13.40,3.6,0,corps,85.66411359047666,1.9737
1752,2,18,9.00,2.2,0,corps,85.6232917399945,2.1608
1753,3,39,13.00,2.7,0,corps,85.5824902953357,1.3086
1754,4,88,22.00,3.1,0,corps,85.5417092462999,1.4159
1755,3,37,12.33,2.7,0,corps,85.50094858269183,1.1650
1756,4,77,19.25,3.1,0,corps,85.46020829432133,1.0435
1757,10,168,16.80,5.8,0,corps,85.41948837100333,1.7221
1758,4,88,22.00,3.1,0,corps,85.37878880255785,1.1309
1759,4,58,14.50,3.1,0,corps,85.33810957880999,1.3328
1760,5,123,24.60,3.6,0,corps,85.29745068958995,1.1215
1761,10,128,12.80,5.8,0,corps,85.256812124733,1.5260
1762,3,67,22.33,2.7,0,corps,85.21619387407952,1.3786
1763,2,29,14.50,2.2,0,corps,85.17559592747492,1.5305
1764,3,45,15.00,2.7,0,corps,85.13501827476972,1.2695
1765,8,133,16.62,4.9,0,corps,85.09446090581953,1.4408
1766,6,91,15.17,4.0,0,corps,85.05392381048496,1.3165
1767,6,104,17.33,4.0,0,corps,85.01340697863179,1.2059
1768,3,86,28.67,2.7,0,corps,84.97291040013077,1.0829
1769,8,126,15.75,4.9,0,corps,84.93243406485779,1.7340
1770,4,68,17.00,3.1,0,corps,84.89197796269373,1.3231
1771,3,37,12.33,2.7,0,corps,84.8515420835246,1.0943
1772,2,26,13.00,2.2,0,corps,84.8111264172414,2.0844
1773,4,41,10.25,3.1,0,corps,84.77073095374023,1.4234
1774,5,73,14.60,3.6,0,corps,84.73035568292221,3.0476
1775,2,61,30.50,2.2,0,corps,84.69000059469354,1.3289
1776,4,80,20.00,3.1,0,corps,84.64966567896543,2.2340
1777,2,39,19.50,2.2,0,corps,84.60935092565417,0.9258
1778,2,34,17.00,2.2,0,corps,84.56905632468106,1.4166
1779,3,33,11.00,2.7,0,corps,84.52878186597245,1.4846
1780,5,104,20.80,3.6,0,corps,84.48852753945972,1.1602
1781,2,44,22.00,2.2,0,corps,84.4482933350793,1.8930
1782,2,40,20.00,2.2,0,corps,84.40807924277263,1.1853
1783,2,38,19.00,2.2,0,corps,84.36788525248619,1.1257
1784,3,64,21.33,2.7,0,corps,84.32771135417147,1.6477
1785,2,39,19.50,2.2,0,corps,84.28755753778503,1.7119
1786,5,47,9.40,3.6,0,corps,84.24742379328838,2.8542
1787,2,53,26.50,2.2,0,corps,84.2073101106481,0.9210
1788,2,49,24.50,2.2,0,corps,84.16721647983576,1.8248
1789,2,63,31.50,2.2,0,corps,84.12714289082797,1.3154
1790,5,64,12.80,3.6,0,corps,84.0870893336063,1.2908
1791,6,103,17.17,4.0,0,corps,84.04705579815739,1.3899
1792,4,64,16.00,3.1,0,corps,84.00704227447285,1.5000
1793,6,96,16.00,4.0,0,corps,83.9670487525493,1.6196
1794,3,55,18.33,2.7,0,corps,83.92707522238834,1.6160
1795,2,38,19.00,2.2,0,corps,83.88712167399662,1.1751
1796,3,48,16.00,2.7,0,corps,83.84718809738571,1.4987
1797,5,75,15.00,3.6,0,corps,83.80727448257225,1.7334
1798,8,122,15.25,4.9,0,corps,83.76738081957784,2.0947
1799,4,92,23.00,3.1,0,corps,83.72750709842904,1.4844
1800,2,57,28.50,2.2,0,corps,83.68765330915743,1.2210
1801,4,68,17.00,3.1,0,corps,83.64781944179957,1.8459
1802,2,51,25.50,2.2,0,corps,83.60800548639696,1.5873
1803,5,126,25.20,3.6,0,corps,83.56821143299616,1.3582
1804,3,64,21.33,2.7,0,corps,83.52843727164863,1.3691
1805,2,27,13.50,2.2,0,corps,83.48868299241083,2.8197
1806,2,77,38.50,2.2,0,corps,83.44894858534418,1.1357
1807,8,175,21.88,4.9,0,corps,83.40923404051512,1.0053
1808,5,62,12.40,3.6,0,corps,83.36953934799496,1.6771
1809,5,91,18.20,3.6,0,corps,83.32986449786006,1.2986
1810,2,68,34.00,2.2,0,corps,83.29020948019169,1.4041
1811,3,54,18.00,2.7,0,corps,83.25057428507611,1.2422
1812,6,83,13.83,4.0,0,corps,83.2109589026045,1.5729
1813,2,26,13.00,2.2,0,corps,83.17136332287305,1.5852
1814,2,40,20.00,2.2,0,corps,83.13178753598282,1.1662
1815,2,33,16.50,2.2,0,corps,83.09223153203989,2.5911
1816,2,41,20.50,2.2,0,corps,83.05269530115528,1.3224
1817,2,29,14.50,2.2,0,corps,83.01317883344488,0.9250
1818,4,76,19.00,3.1,0,corps,82.97368211902962,1.2002
1819,6,93,15.50,4.0,0,corps,82.93420514803529,1.2512
1820,5,87,17.40,3.6,0,corps,82.89474791059264,1.2077
1821,2,39,19.50,2.2,0,corps,82.85531039683742,2.5025
1822,2,27,13.50,2.2,0,corps,82.81589259691017,1.1854
1823,4,46,11.50,3.1,0,corps,82.77649450095652,1.2146
1824,4,62,15.50,3.1,0,corps,82.73711609912687,2.2560
1825,4,39,9.75,3.1,0,corps,82.69775738157668,1.0763
1826,2,17,8.50,2.2,0,corps,82.6584183384662,1.9235
1827,5,49,9.80,3.6,0,corps,82.61909895996077,1.4208
1828,2,28,14.00,2.2,0,corps,82.57979923623046,1.8228
1829,4,62,15.50,3.1,0,corps,82.54051915745038,1.2913
1830,2,41,20.50,2.2,0,corps,82.50125871380048,1.7135
1831,3,45,15.00,2.7,0,corps,82.46201789546569,1.3082
1832,8,147,18.38,4.9,0,corps,82.42279669263577,1.5508
1833,5,86,17.20,3.6,0,corps,82.38359509550544,1.7098
1834,2,36,18.00,2.2,0,corps,82.34441309427429,0.9341
1835,2,36,18.00,2.2,0,corps,82.30525067914681,1.1053
1836,4,68,17.00,3.1,0,corps,82.26610784033241,1.5168
1837,2,50,25.00,2.2,0,corps,82.2269845680454,1.3889
1838,4,54,13.50,3.1,0,corps,82.18788085250492,1.7692
1839,2,57,28.50,2.2,0,corps,82.14879668393506,0.9942
1840,2,12,6.00,2.2,0,corps,82.10973205256478,1.7850
1841,8,93,11.62,4.9,0,corps,82.07068694862792,1.4758
1842,6,98,16.33,4.0,0,corps,82.03166136236321,1.0017
1843,5,95,19.00,3.6,0,corps,81.99265528401423,0.9568
1844,3,47,15.67,2.7,0,corps,81.95366870382949,2.0783
1845,2,27,13.50,2.2,0,corps,81.91470161206234,1.0269
1846,4,58,14.50,3.1,0,corps,81.87575399897099,1.4051
1847,3,68,22.67,2.7,0,corps,81.83682585481854,1.1140
1848,3,53,17.67,2.7,0,corps,81.79791716987296,0.8927
1849,2,37,18.50,2.2,0,corps,81.7590279344071,1.1121
1850,8,169,21.12,4.9,0,corps,81.7201581386986,1.1122
1851,3,53,17.67,2.7,0,corps,81.68130777303006,1.4363
1852,3,89,29.67,2.7,0,corps,81.64247682768885,1.0852
1853,5,113,22.60,3.6,0,corps,81.60366529296726,1.0575
1854,8,117,14.62,4.9,0,corps,81.5648731591624,1.5146
1855,2,67,33.50,2.2,0,corps,81.52610041657623,0.9772
1856,4,30,7.50,3.1,0,corps,81.48734705551557,1.7776
1857,2,17,8.50,2.2,0,corps,81.44861306629207,1.4221
1858,4,63,15.75,3.1,0,corps,81.40989843922225,0.8765
1859,4,69,17.25,3.1,0,corps,81.37120316462743,1.6020
1860,7,87,12.43,4.4,0,corps,81.33252723283381,1.0483
1861,4,61,15.25,3.1,0,corps,81.29387063417242,1.7425
1862,2,31,15.50,2.2,0,corps,81.25523335897907,2.3733
1863,2,68,34.00,2.2,0,corps,81.21661539759447,1.8000
1864,3,52,17.33,2.7,0,corps,81.17801674036413,1.5569
1865,4,61,15.25,3.1,0,corps,81.13943737763836,1.8832
1866,8,100,12.50,4.9,0,corps,81.10087729977234,1.6924
1867,3,53,17.67,2.7,0,corps,81.06233649712605,1.3519
1868,4,76,19.00,3.1,0,corps,81.02381496006427,1.3967
1869,2,33,16.50,2.2,0,corps,80.98531267895666,2.3820
1870,6,141,23.50,4.0,0,corps,80.9468296441776,1.0153
1871,2,28,14.00,2.2,0,corps,80.90836584610636,1.7142
1872,8,120,15.00,4.9,0,corps,80.86992127512698,1.5243
1873,2,38,19.00,2.2,0,corps,80.83149592162833,1.5163
1874,6,99,16.50,4.0,0,corps,80.79308977600404,1.3472
1875,3,31,10.33,2.7,0,corps,80.7547028286526,2.1313
1876,4,59,14.75,3.1,0,corps,80.71633506997729,1.3461
1877,4,66,16.50,3.1,0,corps,80.6779864903861,1.1491
1878,4,52,13.00,3.1,0,corps,80.63965708029197,1.5203
1879,3,49,16.33,2.7,0,corps,80.6013468301125,1.8972
1880,2,54,27.00,2.2,0,corps,80.56305573027015,1.3535
1881,5,62,12.40,3.6,0,corps,80.5247837711921,1.9754
1882,3,34,11.33,2.7,0,corps,80.48653094331041,1.6923
1883,4,51,12.75,3.1,0,corps,80.44829723706187,2.1920
1884,9,109,12.11,5.3,0,corps,80.410082642888,2.2056
1885,4,42,10.50,3.1,0,corps,80.37188715123521,2.3149
1886,4,112,28.00,3.1,0,corps,80.33371075255461,1.7401
1887,5,111,22.20,3.6,0,corps,80.29555343730209,2.3880
1888,8,145,18.12,4.9,0,corps,80.25741519593834,2.0765
1889,5,52,10.40,3.6,0,corps,80.21929601892876,2.1219
1890,4,93,23.25,3.1,0,corps,80.18119589674359,1.7674
1891,2,30,15.00,2.2,0,corps,80.1431148198578,1.9980
1892,2,45,22.50,2.2,0,corps,80.1050527787511,1.2246
1893,4,81,20.25,3.1,0,corps,80.06700976390799,1.6778
1894,3,43,14.33,2.7,0,corps,80.02898576581774,2.0034
1895,3,79,26.33,2.7,0,corps,79.9909807749743,1.6205
1896,2,34,17.00,2.2,0,corps,79.95299478187647,1.9179
1897,6,81,13.50,4.0,0,corps,79.91502777702773,2.1675
1898,6,110,18.33,4.0,0,corps,79.87707975093632,1.8652
1899,4,50,12.50,3.1,0,corps,79.83915069411525,1.8291
1900,2,49,24.50,2.2,0,corps,79.80124059708224,1.3471
1901,4,59,14.75,3.1,0,corps,79.76334945035978,1.6622
1902,4,38,9.50,3.1,0,corps,79.72547724447507,2.8258
1903,7,81,11.57,4.4,0,corps,79.68762396996007,11.1762
1904,5,133,26.60,3.6,0,corps,79.64978961735146,1.0887
1905,4,32,8.00,3.1,0,corps,79.61197417719065,1.9785
1906,13,195,15.00,7.1,0,corps,79.57417764002376,1.3287
1907,13,169,13.00,7.1,0,corps,79.5363999964017,1.3665
1908,11,122,11.09,6.2,0,corps,79.49864123688002,1.3257
1909,6,85,14.17,4.0,0,corps,79.46090135201904,1.3070
1910,7,80,11.43,4.4,0,corps,79.42318033238381,1.8604
1911,6,88,14.67,4.0,0,corps,79.38547816854403,1.3998
1912,10,117,11.70,5.8,0,corps,79.3477948510742,1.4551
1913,8,137,17.12,4.9,0,corps,79.31013037055347,1.2634
1914,2,26,13.00,2.2,0,corps,79.27248471756572,1.1662
1915,6,82,13.67,4.0,0,corps,79.23485788269954,1.3966
1916,5,97,19.40,3.6,0,corps,79.19724985654824,0.8058
1917,3,48,16.00,2.7,0,corps,79.15966062970978,1.0939
1918,5,133,26.60,3.6,0,corps,79.12209019278687,0.7944
1919,5,39,7.80,3.6,0,corps,79.0845385363869,2.3996
1920,4,98,24.50,3.1,0,corps,79.04700565112196,0.9765
1921,6,96,16.00,4.0,0,corps,79.00949152760882,1.1894
1922,5,71,14.20,3.6,0,corps,78.97199615646895,1.3533
1923,2,37,18.50,2.2,0,corps,78.93451952832852,1.7952
1924,9,166,18.44,5.3,0,corps,78.89706163381835,1.4750
1925,4,58,14.50,3.1,0,corps,78.85962246357398,1.3705
1926,7,106,15.14,4.4,0,corps,78.82220200823564,1.3872
1927,2,22,11.00,2.2,0,corps,78.78480025844816,1.6553
1928,3,44,14.67,2.7,0,corps,78.74741720486116,1.8045
1929,4,66,16.50,3.1,0,corps,78.71005283812883,1.8301
1930,2,25,12.50,2.2,0,corps,78.6727071489101,1.4195
1931,3,58,19.33,2.7,0,corps,78.63538012786856,1.4450
1932,13,152,11.69,7.1,0,corps,78.59807176567243,2.5424
1933,5,61,12.20,3.6,0,corps,78.56078205299463,1.5739
1934,8,85,10.62,4.9,0,corps,78.52351098051274,9.7700
1935,5,152,30.40,3.6,0,corps,78.48625853890896,1.3542
1936,4,78,19.50,3.1,0,corps,78.44902471887023,1.3775
1937,4,66,16.50,3.1,0,corps,78.41180951108805,1.3170
1938,2,24,12.00,2.2,0,corps,78.37461290625865,1.5590
1939,4,80,20.00,3.1,0,corps,78.33743489508286,1.3857
1940,2,34,17.00,2.2,0,corps,78.30027546826616,1.5806
1941,5,42,8.40,3.6,0,corps,78.26313461651874,2.3247
1942,4,89,22.25,3.1,0,corps,78.22601233055535,1.3087
1943,2,22,11.00,2.2,0,corps,78.18890860109543,1.3882
1944,5,86,17.20,3.6,0,corps,78.15182341886306,1.5081
1945,3,34,11.33,2.7,0,corps,78.11475677458691,1.4583
1946,3,42,14.00,2.7,0,corps,78.07770865900035,1.2266
1947,5,100,20.00,3.6,0,corps,78.04067906284135,1.4757
1948,9,125,13.89,5.3,0,corps,78.00366797685248,7.4002
1949,6,69,11.50,4.0,0,corps,77.96667539178101,2.2054
1950,5,79,15.80,3.6,0,corps,77.92970129837876,1.5245
1951,11,138,12.55,6.2,0,corps,77.89274568740223,1.9837
1952,5,119,23.80,3.6,0,corps,77.85580854961249,1.5563
1953,6,119,19.83,4.0,0,corps,77.81888987577528,1.6131
1954,2,34,17.00,2.2,0,corps,77.78198965666093,0.9779
1955,4,49,12.25,3.1,0,corps,77.74510788304437,2.1941
1956,3,29,9.67,2.7,0,corps,77.70824454570517,2.2807
1957,7,61,8.71,4.4,0,corps,77.67139963542749,1.9629
1958,12,207,17.25,6.7,0,corps,77.63457314300011,2.2222
1959,3,56,18.67,2.7,0,corps,77.59776505921639,1.6630
1960,9,105,11.67,5.3,0,corps,77.56097537487432,1.8607
1961,8,104,13.00,4.9,0,corps,77.52420408077647,2.1430
1962,6,76,12.67,4.0,0,corps,77.48745116773003,1.6650
1963,2,13,6.50,2.2,0,corps,77.45071662654675,1.2090
1964,2,54,27.00,2.2,0,corps,77.41400044804304,0.9443
1965,2,53,26.50,2.2,0,corps,77.3773026230398,1.0942
1966,2,38,19.00,2.2,0,corps,77.3406231423626,1.3895
1967,5,82,16.40,3.6,0,corps,77.30396199684158,1.4290
1968,2,51,25.50,2.2,0,corps,77.26731917731144,1.2656
1969,4,59,14.75,3.1,0,corps,77.23069467461146,1.2992
1970,4,62,15.50,3.1,0,corps,77.19408847958555,1.4345
1971,3,61,20.33,2.7,0,corps,77.15750058308211,1.3178
1972,2,34,17.00,2.2,0,corps,77.12093097595422,1.5750
1973,3,66,22.00,2.7,0,corps,77.08437964905946,1.0108
1974,8,95,11.88,4.9,0,corps,77.04784659325999,1.6024
1975,8,85,10.62,4.9,0,corps,77.01133179942254,1.6605
1976,2,38,19.00,2.2,0,corps,76.97483525841842,1.5237
1977,6,90,15.00,4.0,0,corps,76.9383569611235,1.4597
1978,9,149,16.56,5.3,0,corps,76.90189689841822,1.2656
1979,3,24,8.00,2.7,0,corps,76.8654550611875,1.9142
1980,4,58,14.50,3.1,0,corps,76.82903144032096,1.3397
1981,9,181,20.11,5.3,0,corps,76.79262602671264,1.0982
1982,3,62,20.67,2.7,0,corps,76.75623881126121,1.1211
1983,3,27,9.00,2.7,0,corps,76.71986978486987,2.2885
1984,3,52,17.33,2.7,0,corps,76.68351893844635,1.3251
1985,3,44,14.67,2.7,0,corps,76.64718626290295,1.2959
1986,2,38,19.00,2.2,0,corps,76.61087174915649,1.1681
1987,3,70,23.33,2.7,0,corps,76.57457538812834,0.8956
1988,9,112,12.44,5.3,0,corps,76.53829717074441,1.3888
1989,6,90,15.00,4.0,0,corps,76.50203708793516,1.3144
1990,3,44,14.67,2.7,0,corps,76.46579513063556,1.5489
1991,4,56,14.00,3.1,0,corps,76.42957128978512,1.2625
1992,8,89,11.12,4.9,0,corps,76.39336555632788,10.4843
1993,8,130,16.25,4.9,0,corps,76.3571779212124,1.4696
1994,4,34,8.50,3.1,0,corps,76.32100837539178,1.8407
1995,3,52,17.33,2.7,0,corps,76.28485690982363,1.7075
1996,6,74,12.33,4.0,0,corps,76.24872351547009,1.4618
1997,10,135,13.50,5.8,0,corps,76.21260818329779,1.4262
1998,3,46,15.33,2.7,0,corps,76.17651090427793,1.3034
1999,15,190,12.67,8.0,0,corps,76.14043166938616,1.2641
2000,7,116,16.57,4.4,0,corps,76.1043704696027,1.3106
2001,2,37,18.50,2.2,0,corps,76.06832729591221,1.0723
2002,5,67,13.40,3.6,0,corps,76.03230213930394,0.8712
2003,4,94,23.50,3.1,0,corps,75.99629499077156,1.0496
2004,2,45,22.50,2.2,0,corps,75.96030584131333,1.1881
2005,3,55,18.33,2.7,0,corps,75.92433468193191,1.3701
2006,9,149,16.56,5.3,0,corps,75.88838150363455,1.5352
2007,8,105,13.12,4.9,0,corps,75.85244629743292,9.2378
2008,7,122,17.43,4.4,0,corps,75.81652905434326,1.3125
2009,5,90,18.00,3.6,0,corps,75.78062976538622,1.1369
2010,3,40,13.33,2.7,0,corps,75.74474842158702,1.0860
2011,3,27,9.00,2.7,0,corps,75.70888501397526,1.0825
2012,2,65,32.50,2.2,0,corps,75.67303953358517,1.5694
2013,6,109,18.17,4.0,0,corps,75.63721197145532,1.3658
2014,5,73,14.60,3.6,0,corps,75.60140231862883,1.1809
2015,5,62,12.40,3.6,0,corps,75.5656105661533,1.2684
2016,4,47,11.75,3.1,0,corps,75.52983670508078,1.3914
2017,12,159,13.25,6.7,0,corps,75.4940807264678,1.7320
2018,2,23,11.50,2.2,0,corps,75.4583426213754,1.7534
2019,7,111,15.86,4.4,0,corps,75.42262238086899,1.2574
2020,2,29,14.50,2.2,0,corps,75.38691999601858,1.6526
2021,4,56,14.00,3.1,0,corps,75.35123545789853,1.5987
2022,2,48,24.00,2.2,0,corps,75.31556875758771,2.0374
2023,8,103,12.88,4.9,0,corps,75.27991988616945,2.0124
2024,10,132,13.20,5.8,0,corps,75.24428883473153,1.9064
2025,5,76,15.20,3.6,0,corps,75.20867559436621,1.6102
2026,3,61,20.33,2.7,0,corps,75.17308015617014,1.6682
2027,2,23,11.50,2.2,0,corps,75.13750251124448,2.1980
2028,2,12,6.00,2.2,0,corps,75.10194265069484,2.9166
2029,3,15,5.00,2.7,0,corps,75.06640056563123,2.3783
2030,4,75,18.75,3.1,0,corps,75.03087624716812,1.6946
2031,7,116,16.57,4.4,0,corps,74.99536968642443,9.6647
2032,9,198,22.00,5.3,0,corps,74.95988087452355,1.4324
2033,11,137,12.45,6.2,0,corps,74.92440980259325,2.3560
2034,2,13,6.50,2.2,0,corps,74.88895646176577,1.7050
2035,3,54,18.00,2.7,0,corps,74.85352084317776,1.7661
2036,9,94,10.44,5.3,0,corps,74.81810293797035,2.5801
2037,11,114,10.36,6.2,0,corps,74.78270273728906,2.7163
2038,2,28,14.00,2.2,0,corps,74.74732023228378,1.3767
2039,4,51,12.75,3.1,0,corps,74.71195541410896,2.0615
2040,4,104,26.00,3.1,0,corps,74.67660827392335,1.3402
2041,8,83,10.38,4.9,0,corps,74.64127880289018,1.7218
2042,6,89,14.83,4.0,0,corps,74.60596699217709,1.1985
2043,3,81,27.00,2.7,0,corps,74.57067283295608,0.9355
2044,6,95,15.83,4.0,0,corps,74.53539631640368,1.2868
2045,5,90,18.00,3.6,0,corps,74.50013743370071,1.1813
2046,3,42,14.00,2.7,0,corps,74.46489617603247,1.7838
2047,6,107,17.83,4.0,0,corps,74.42967253458863,8.6227
2048,7,65,9.29,4.4,0,corps,74.3944665005633,2.3395
2049,4,66,16.50,3.1,0,corps,74.35927806515497,1.7903
2050,7,126,18.00,4.4,0,corps,74.32410721956651,1.8092
2051,2,32,16.00,2.2,0,corps,74.28895395500523,1.4108
2052,3,24,8.00,2.7,0,corps,74.2538182626828,3.1397
2053,5,99,19.80,3.6,0,corps,74.2187001338153,1.1341
2054,2,29,14.50,2.2,0,corps,74.18359955962322,1.3116
2055,10,108,10.80,5.8,0,corps,74.14851653133137,1.5046
2056,7,96,13.71,4.4,0,corps,74.11345104016902,1.4489
2057,4,81,20.25,3.1,0,corps,74.0784030773698,1.1090
2058,6,107,17.83,4.0,0,corps,74.04337263417173,1.4373
2059,5,81,16.20,3.6,0,corps,74.00835970181716,1.1176
2060,3,21,7.00,2.7,0,corps,73.97336427155288,3.2625
2061,8,123,15.38,4.9,0,corps,73.93838633463005,1.3180
2062,4,78,19.50,3.1,0,corps,73.90342588230416,1.6933
2063,6,119,19.83,4.0,0,corps,73.8684829058351,1.4643
2064,10,145,14.50,5.8,0,corps,73.83355739648712,1.6030
2065,2,30,15.00,2.2,0,corps,73.79864934552887,1.3728
2066,4,65,16.25,3.1,0,corps,73.76375874423333,1.5165
2067,8,98,12.25,4.9,0,corps,73.72888558387783,1.7062
2068,4,50,12.50,3.1,0,corps,73.69402985574408,1.9366
2069,5,76,15.20,3.6,0,corps,73.65919155111817,2.0606
2070,4,34,8.50,3.1,0,corps,73.6243706612905,1.7595
2071,3,85,28.33,2.7,0,corps,73.58956717755585,1.0165
2072,10,131,13.10,5.8,0,corps,73.55478109121337,9.3331
2073,11,117,10.64,6.2,0,corps,73.52001239356653,9.5733
2074,3,83,27.67,2.7,0,corps,73.48526107592315,1.9408
2075,11,130,11.82,6.2,0,corps,73.45052712959537,1.9597
2076,2,26,13.00,2.2,0,corps,73.41581054589977,2.0807
2077,2,45,22.50,2.2,0,corps,73.38111131615716,1.4879
2078,9,114,12.67,5.3,0,corps,73.34642943169274,2.6121
2079,2,23,11.50,2.2,0,corps,73.31176488383603,1.4401
2080,3,32,10.67,2.7,0,corps,73.2771176639209,2.0086
2081,3,57,19.00,2.7,0,corps,73.24248776328557,1.2492
2082,8,98,12.25,4.9,0,corps,73.20787517327253,2.1002
2083,5,63,12.60,3.6,0,corps,73.17327988522862,2.0564
2084,8,77,9.62,4.9,0,corps,73.13870189050508,1.5849
2085,10,87,8.70,5.8,0,corps,73.10414118045735,1.7296
2086,4,56,14.00,3.1,0,corps,73.06959774644528,1.4916
2087,5,64,12.80,3.6,0,corps,73.03507157983299,1.2696
2088,10,144,14.40,5.8,0,corps,73.00056267198897,1.3780
2089,8,99,12.38,4.9,0,corps,72.96607101428599,7.7891
2090,3,85,28.33,2.7,0,corps,72.93159659810112,1.2202
2091,6,144,24.00,4.0,0,corps,72.89713941481574,1.1185
2092,2,25,12.50,2.2,0,corps,72.86269945581557,0.9458
2093,6,118,19.67,4.0,0,corps,72.82827671249063,1.1894
2094,5,94,18.80,3.6,0,corps,72.79387117623524,1.4357
2095,2,54,27.00,2.2,0,corps,72.759482838448,0.9474
2096,4,51,12.75,3.1,0,corps,72.72511169053182,1.6162
2097,8,105,13.12,4.9,0,corps,72.69075772389392,1.3665
2098,7,89,12.71,4.4,0,corps,72.65642092994581,1.7475
2099,2,22,11.00,2.2,0,corps,72.62210130010328,1.1020
2100,9,172,19.11,5.3,0,corps,72.58779882578644,5.6051
2101,5,91,18.20,3.6,0,corps,72.55351349841968,1.6383
2102,4,52,13.00,3.1,0,corps,72.51924530943164,1.2395
2103,8,137,17.12,4.9,0,corps,72.48499425025527,1.1658
2104,3,12,4.00,2.7,0,corps,72.45076031232783,3.1874
2105,4,57,14.25,3.1,0,corps,72.41654348709083,1.5623
2106,10,125,12.50,5.8,0,corps,72.38234376599007,1.4738
2107,2,38,19.00,2.2,0,corps,72.34816114047557,1.0061
2108,9,120,13.33,5.3,0,corps,72.31399560200174,1.3039
2109,2,32,16.00,2.2,0,corps,72.27984714202717,1.0399
2110,5,56,11.20,3.6,0,corps,72.24571575201473,1.3639
2111,7,94,13.43,4.4,0,corps,72.21160142343156,1.5566
2112,4,85,21.25,3.1,0,corps,72.17750414774913,1.5098
2113,4,60,15.00,3.1,0,corps,72.1434239164431,1.0906
2114,4,72,18.00,3.1,0,corps,72.1093607209934,1.2741
2115,2,34,17.00,2.2,0,corps,72.07531455288421,1.3383
2116,8,88,11.00,4.9,0,corps,72.04128540360402,1.8275
2117,6,83,13.83,4.0,0,corps,72.00727326464556,1.1640
2118,4,59,14.75,3.1,0,corps,71.97327812750575,1.7208
2119,8,121,15.12,4.9,0,corps,71.93929998368583,1.4797
2120,4,50,12.50,3.1,0,corps,71.90533882469126,1.5357
2121,15,163,10.87,8.0,0,corps,71.87139464203175,1.5301
2122,2,39,19.50,2.2,0,corps,71.83746742722126,1.1733
2123,3,39,13.00,2.7,0,corps,71.80355717177797,2.5438
2124,2,20,10.00,2.2,0,corps,71.76966386722432,1.4943
2125,5,82,16.40,3.6,0,corps,71.73578750508702,1.5334
2126,13,162,12.46,7.1,0,corps,71.70192807689692,2.0671
2127,3,56,18.67,2.7,0,corps,71.6680855741892,1.4359
2128,11,150,13.64,6.2,0,corps,71.63425998850322,1.6906
2129,8,92,11.50,4.9,0,corps,71.6004513113826,1.7571
2130,4,48,12.00,3.1,0,corps,71.56665953437515,1.8436
2131,7,102,14.57,4.4,0,corps,71.53288464903295,1.4246
2132,8,131,16.38,4.9,0,corps,71.49912664691225,1.4102
2133,6,71,11.83,4.0,0,corps,71.46538551957357,2.1863
2134,11,156,14.18,6.2,0,corps,71.43166125858163,1.6853
2135,3,52,17.33,2.7,0,corps,71.39795385550534,1.1816
2136,3,69,23.00,2.7,0,corps,71.36426330191786,1.7485
2137,5,87,17.40,3.6,0,corps,71.33058958939658,1.5135
2138,6,59,9.83,4.0,0,corps,71.29693270952303,1.7982
2139,4,61,15.25,3.1,0,corps,71.26329265388303,1.5344
2140,4,45,11.25,3.1,0,corps,71.22966941406649,1.5946
2141,4,65,16.25,3.1,0,corps,71.19606298166772,1.1254
2142,3,46,15.33,2.7,0,corps,71.16247334828502,1.1917
2143,4,30,7.50,3.1,0,corps,71.128900505521,2.3801
2144,9,93,10.33,5.3,0,corps,71.09534444498244,1.3908
2145,3,54,18.00,2.7,0,corps,71.06180515828036,1.3756
2146,9,152,16.89,5.3,0,corps,71.02828263702993,1.4325
2147,3,90,30.00,2.7,0,corps,70.9947768728505,0.9098
2148,10,93,9.30,5.8,0,corps,70.96128785736562,11.4966
2149,4,54,13.50,3.1,0,corps,70.92781558220307,1.4208
2150,3,35,11.67,2.7,0,corps,70.89436003899478,1.9166
2151,3,32,10.67,2.7,0,corps,70.86092121937682,1.8511
2152,6,87,14.50,4.0,0,corps,70.82749911498951,1.4006
2153,3,36,12.00,2.7,0,corps,70.79409371747734,1.4805
2154,5,94,18.80,3.6,0,corps,70.76070501848896,1.1494
2155,4,61,15.25,3.1,0,corps,70.72733300967717,0.8653
2156,2,19,9.50,2.2,0,corps,70.69397768269896,1.5849
2157,3,31,10.33,2.7,0,corps,70.66063902921555,1.2787
2158,9,132,14.67,5.3,0,corps,70.62731704089222,1.6442
2159,2,34,17.00,2.2,0,corps,70.59401170939852,1.1171
2160,6,75,12.50,4.0,0,corps,70.56072302640807,1.4607
2161,4,43,10.75,3.1,0,corps,70.52745098359874,1.7198
2162,10,120,12.00,5.8,0,corps,70.4941955726525,1.6870
2163,6,85,14.17,4.0,0,corps,70.4609567852555,1.8290
2164,4,66,16.50,3.1,0,corps,70.42773461309804,1.2922
2165,3,61,20.33,2.7,0,corps,70.39452904787457,1.2114
2166,2,31,15.50,2.2,0,corps,70.36134008128373,0.9726
2167,6,117,19.50,4.0,0,corps,70.32816770502825,1.3729
2168,2,17,8.50,2.2,0,corps,70.295011910815,1.8900
2169,6,114,19.00,4.0,0,corps,70.26187269035513,1.5442
2170,11,134,12.18,6.2,0,corps,70.22875003536376,1.9828
2171,5,71,14.20,3.6,0,corps,70.19564393756025,2.0730
2172,5,72,14.40,3.6,0,corps,70.16255438866804,1.5423
2173,2,38,19.00,2.2,0,corps,70.12948138041479,1.8382
2174,4,48,12.00,3.1,0,corps,70.09642490453224,1.4646
2175,8,86,10.75,4.9,0,corps,70.06338495275625,1.6612
2176,2,38,19.00,2.2,0,corps,70.03036151682683,1.0172
2177,4,71,17.75,3.1,0,corps,69.99735458848816,1.9476
2178,2,53,26.50,2.2,0,corps,69.96436415948845,1.3203
2179,2,44,22.00,2.2,0,corps,69.93139022158016,1.5078
2180,5,98,19.60,3.6,0,corps,69.89843276651973,1.5968
2181,3,45,15.00,2.7,0,corps,69.86549178606786,1.3986
2182,4,35,8.75,3.1,0,corps,69.83256727198928,1.8010
2183,2,21,10.50,2.2,0,corps,69.79965921605286,1.4566
2184,2,34,17.00,2.2,0,corps,69.76676761003156,1.3511
2185,4,63,15.75,3.1,0,corps,69.73389244570252,2.0193
2186,2,19,9.50,2.2,0,corps,69.70103371484694,2.3827
2187,3,29,9.67,2.7,0,corps,69.66819140925016,1.7746
2188,4,57,14.25,3.1,0,corps,69.63536552070153,1.9856
2189,2,34,17.00,2.2,0,corps,69.60255604099463,1.4798
2190,5,49,9.80,3.6,0,corps,69.5697629619271,2.1560
2191,5,55,11.00,3.6,0,corps,69.53698627530063,1.8432
2192,2,20,10.00,2.2,0,corps,69.50422597292108,2.1203
2193,2,40,20.00,2.2,0,corps,69.47148204659837,1.2799
2194,10,102,10.20,5.8,0,corps,69.43875448814651,8.7635
2195,2,56,28.00,2.2,0,corps,69.40604328938362,1.3155
2196,5,113,22.60,3.6,0,corps,69.37334844213187,1.2466
2197,8,144,18.00,4.9,0,corps,69.34066993821759,1.2161
2198,2,24,12.00,2.2,0,corps,69.30800776947112,1.9000
2199,3,97,32.33,2.7,0,corps,69.27536192772695,1.0907
2200,12,171,14.25,6.7,0,corps,69.2427324048236,1.4021
2201,7,95,13.57,4.4,0,corps,69.21011919260368,2.0378
2202,14,208,14.86,7.6,0,corps,69.17752228291391,1.7074
2203,2,33,16.50,2.2,0,corps,69.14494166760504,1.4358
2204,3,34,11.33,2.7,0,corps,69.11237733853191,1.4113
2205,5,74,14.80,3.6,0,corps,69.07982928755348,1.2965
2206,8,90,11.25,4.9,0,corps,69.04729750653271,1.7004
2207,4,86,21.50,3.1,0,corps,69.01478198733666,1.1960
2208,2,43,21.50,2.2,0,corps,68.98228272183641,1.0032
2209,6,77,12.83,4.0,0,corps,68.94979970190722,1.3314
2210,3,70,23.33,2.7,0,corps,68.91733291942828,1.2019
2211,11,149,13.55,6.2,0,corps,68.88488236628291,1.6725
2212,6,104,17.33,4.0,0,corps,68.85244803435845,1.4601
2213,5,79,15.80,3.6,0,corps,68.82002991554636,1.2272
2214,5,75,15.00,3.6,0,corps,68.78762800174208,1.0970
2215,3,38,12.67,2.7,0,corps,68.75524228484514,1.2125
2216,7,112,16.00,4.4,0,corps,68.72287275675909,1.1536
2217,3,58,19.33,2.7,0,corps,68.69051940939158,1.1075
2218,3,49,16.33,2.7,0,corps,68.65818223465426,1.5078
2219,5,75,15.00,3.6,0,corps,68.62586122446285,1.2251
2220,14,148,10.57,7.6,0,corps,68.59355637073706,1.2134
2221,7,120,17.14,4.4,0,corps,68.5612676654007,2.2244
2222,6,90,15.00,4.0,0,corps,68.52899510038161,1.5302
2223,4,68,17.00,3.1,0,corps,68.49673866761162,1.3571
2224,9,107,11.89,5.3,0,corps,68.46449835902662,2.4761
2225,3,77,25.67,2.7,0,corps,68.43227416656657,1.4560
2226,2,22,11.00,2.2,0,corps,68.40006608217539,1.6302
2227,11,110,10.00,6.2,0,corps,68.36787409780106,2.1789
2228,2,31,15.50,2.2,0,corps,68.33569820539557,1.4733
2229,6,89,14.83,4.0,0,corps,68.303538396915,1.2205
2230,5,79,15.80,3.6,0,corps,68.27139466431936,1.5096
2231,4,88,22.00,3.1,0,corps,68.23926699957272,1.1998
2232,4,70,17.50,3.1,0,corps,68.20715539464315,1.7288
2233,6,106,17.67,4.0,0,corps,68.17505984150276,1.2039
2234,8,105,13.12,4.9,0,corps,68.14298033212768,1.4330
2235,11,113,10.27,6.2,0,corps,68.11091685849803,1.8370
2236,5,98,19.60,3.6,0,corps,68.07886941259788,1.2545
2237,2,42,21.00,2.2,0,corps,68.04683798641547,1.4975
2238,3,52,17.33,2.7,0,corps,68.01482257194287,1.4048
2239,5,109,21.80,3.6,0,corps,67.98282316117624,1.3179
2240,9,182,20.22,5.3,0,corps,67.95083974611573,1.4140
2241,8,148,18.50,4.9,0,corps,67.91887231876551,1.6885
2242,9,106,11.78,5.3,0,corps,67.88692087113368,1.3859
2243,8,127,15.88,4.9,0,corps,67.85498539523243,1.1858
2244,13,184,14.15,7.1,0,corps,67.82306588307783,1.6461
2245,10,111,11.10,5.8,0,corps,67.79116232669004,1.3820
2246,2,15,7.50,2.2,0,corps,67.75927471809318,1.0033
2247,6,63,10.50,4.0,0,corps,67.72740304931531,1.7078
2248,4,64,16.00,3.1,0,corps,67.69554731238854,1.1962
2249,6,68,11.33,4.0,0,corps,67.66370749934894,1.1498
2250,9,149,16.56,5.3,0,corps,67.63188360223656,1.4739
2251,8,78,9.75,4.9,0,corps,67.60007561309538,1.8127
2252,7,64,9.14,4.4,0,corps,67.56828352397346,10.9185
2253,4,92,23.00,3.1,0,corps,67.53650732692272,1.4896
2254,5,95,19.00,3.6,0,corps,67.50474701399918,1.4553
2255,4,66,16.50,3.1,0,corps,67.4730025772627,1.2164
2256,6,109,18.17,4.0,0,corps,67.44127400877721,1.4584
2257,5,69,13.80,3.6,0,corps,67.40956130061053,1.3783
2258,6,80,13.33,4.0,0,corps,67.37786444483453,1.2649
2259,4,44,11.00,3.1,0,corps,67.34618343352496,1.4300
2260,5,67,13.40,3.6,0,corps,67.31451825876158,1.0531
2261,3,47,15.67,2.7,0,corps,67.28286891262809,1.9626
2262,4,62,15.50,3.1,0,corps,67.25123538721218,1.9986
2263,6,98,16.33,4.0,0,corps,67.21961767460542,2.0818
2264,2,42,21.00,2.2,0,corps,67.1880157669034,1.4950
2265,4,70,17.50,3.1,0,corps,67.15642965620567,1.6601
2266,5,62,12.40,3.6,0,corps,67.12485933461568,2.0148
2267,3,54,18.00,2.7,0,corps,67.09330479424086,2.1310
2268,5,72,14.40,3.6,0,corps,67.06176602719256,1.6374
2269,9,117,13.00,5.3,0,corps,67.03024302558609,1.8531
2270,6,43,7.17,4.0,0,corps,66.9987357815407,2.7712
2271,3,72,24.00,2.7,0,corps,66.96724428717961,1.2972
2272,6,78,13.00,4.0,0,corps,66.9357685346299,2.2195
2273,2,36,18.00,2.2,0,corps,66.90430851602265,1.2997
2274,2,77,38.50,2.2,0,corps,66.87286422349285,1.6105
2275,9,122,13.56,5.3,0,corps,66.84143564917945,9.0299
2276,2,28,14.00,2.2,0,corps,66.81002278522529,2.1349
2277,3,73,24.33,2.7,0,corps,66.77862562377713,1.5219
2278,12,135,11.25,6.7,0,corps,66.74724415698573,1.8939
2279,4,56,14.00,3.1,0,corps,66.7158783770057,1.9619
2280,4,56,14.00,3.1,0,corps,66.68452827599558,1.5415
2281,2,37,18.50,2.2,0,corps,66.65319384611783,1.1300
2282,4,40,10.00,3.1,0,corps,66.6218750795389,2.2453
2283,3,23,7.67,2.7,0,corps,66.59057196842905,1.5217
2284,2,10,5.00,2.2,0,corps,66.55928450496253,2.3450
2285,7,108,15.43,4.4,0,corps,66.52801268131745,1.2502
2286,9,108,12.00,5.3,0,corps,66.49675648967587,1.8070
2287,3,43,14.33,2.7,0,corps,66.46551592222374,1.1145
2288,7,64,9.14,4.4,0,corps,66.43429097115092,1.7375
2289,11,133,12.09,6.2,0,corps,66.40308162865117,1.8018
2290,4,77,19.25,3.1,0,corps,66.37188788692214,1.2322
2291,2,17,8.50,2.2,0,corps,66.34070973816542,2.3212
2292,5,74,14.80,3.6,0,corps,66.30954717458646,2.2352
2293,5,99,19.80,3.6,0,corps,66.2784001883946,1.1657
2294,12,164,13.67,6.7,0,corps,66.2472687718031,6.0541
2295,4,52,13.00,3.1,0,corps,66.21615291702916,1.6682
2296,6,136,22.67,4.0,0,corps,66.18505261629376,1.1106
2297,6,82,13.67,4.0,0,corps,66.15396786182181,1.0760
2298,2,60,30.00,2.2,0,corps,66.12289864584217,1.3138
2299,6,65,10.83,4.0,0,corps,66.09184496058754,1.3352
2300,5,33,6.60,3.6,0,corps,66.06080679829445,1.9610
2301,4,77,19.25,3.1,0,corps,66.02978415120336,1.0349
2302,15,208,13.87,8.0,0,corps,65.99877701155864,1.8795
2303,12,185,15.42,6.7,0,corps,65.96778537160853,1.3586
2304,4,60,15.00,3.1,0,corps,65.93680922360507,1.6435
2305,5,76,15.20,3.6,0,corps,65.90584855980421,1.0588
2306,2,25,12.50,2.2,0,corps,65.87490337246584,1.6313
2307,10,123,12.30,5.8,0,corps,65.84397365385362,1.6187
2308,4,66,16.50,3.1,0,corps,65.81305939623516,1.0734
2309,11,153,13.91,6.2,0,corps,65.78216059188185,1.2436
2310,2,27,13.50,2.2,0,corps,65.75127723306902,1.0726
2311,6,59,9.83,4.0,0,corps,65.72040931207582,2.0477
2312,10,102,10.20,5.8,0,corps,65.68955682118526,1.3351
2313,2,27,13.50,2.2,0,corps,65.65871975268422,1.1341
2314,8,105,13.12,4.9,0,corps,65.62789809886345,1.3161
2315,9,78,8.67,5.3,0,corps,65.59709185201754,1.6618
2316,5,62,12.40,3.6,0,corps,65.56630100444491,1.1742
2317,3,33,11.00,2.7,0,corps,65.53552554844782,1.0824
2318,4,40,10.00,3.1,0,corps,65.50476547633247,1.6513
2319,3,44,14.67,2.7,0,corps,65.47402078040881,1.1849
2320,9,112,12.44,5.3,0,corps,65.44329145299065,1.2254
2321,9,93,10.33,5.3,0,corps,65.41257748639566,1.5957
2322,4,35,8.75,3.1,0,corps,65.38187887294539,1.4161
2323,12,144,12.00,6.7,0,corps,65.35119560496514,1.9892
2324,6,69,11.50,4.0,0,corps,65.32052767478412,1.2849
2325,4,100,25.00,3.1,0,corps,65.28987507473532,1.1669
2326,8,146,18.25,4.9,0,corps,65.25923779715565,1.3881
2327,11,152,13.82,6.2,0,corps,65.22861583438572,1.4498
2328,4,63,15.75,3.1,0,corps,65.19800917877006,0.9717
2329,9,149,16.56,5.3,0,corps,65.16741782265703,1.4061
2330,3,49,16.33,2.7,0,corps,65.13684175839877,0.9799
2331,7,71,10.14,4.4,0,corps,65.10628097835126,1.9967
2332,5,100,20.00,3.6,0,corps,65.07573547487434,1.0450
2333,8,63,7.88,4.9,0,corps,65.04520524033155,1.8150
2334,5,76,15.20,3.6,0,corps,65.01469026709043,1.2170
2335,2,21,10.50,2.2,0,corps,64.9841905475222,1.4415
2336,2,46,23.00,2.2,0,corps,64.95370607400191,0.8349
2337,2,33,16.50,2.2,0,corps,64.92323683890847,1.3526
2338,10,139,13.90,5.8,0,corps,64.89278283462451,1.7323
2339,6,96,16.00,4.0,0,corps,64.86234405353663,1.6663
2340,3,50,16.67,2.7,0,corps,64.83192048803507,1.1839
2341,9,142,15.78,5.3,0,corps,64.80151213051393,1.5268
2342,4,69,17.25,3.1,0,corps,64.77111897337114,1.2460
2343,2,24,12.00,2.2,0,corps,64.74074100900843,1.4139
2344,2,35,17.50,2.2,0,corps,64.71037822983128,1.2199
2345,2,15,7.50,2.2,0,corps,64.680030628249,1.5104
2346,5,86,17.20,3.6,0,corps,64.64969819667469,1.2289
2347,3,35,11.67,2.7,0,corps,64.61938092752526,1.3170
2348,6,78,13.00,4.0,0,corps,64.58907881322136,1.6771
2349,5,62,12.40,3.6,0,corps,64.55879184618748,1.6175
2350,7,85,12.14,4.4,0,corps,64.52852001885189,2.0834
2351,2,67,33.50,2.2,0,corps,64.49826332364663,1.4771
2352,8,92,11.50,4.9,0,corps,64.46802175300749,1.6780
2353,4,52,13.00,3.1,0,corps,64.4377952993741,1.3877
2354,2,37,18.50,2.2,0,corps,64.40758395518986,1.2860
2355,2,14,7.00,2.2,0,corps,64.37738771290194,3.7084
2356,2,30,15.00,2.2,0,corps,64.34720656496124,1.3435
2357,3,45,15.00,2.7,0,corps,64.31704050382251,1.5302
2358,9,138,15.33,5.3,0,corps,64.28688952194422,1.3531
2359,5,92,18.40,3.6,0,corps,64.25675361178861,1.4855
2360,5,71,14.20,3.6,0,corps,64.22663276582172,1.3968
2361,2,39,19.50,2.2,0,corps,64.19652697651334,1.8028
2362,2,26,13.00,2.2,0,corps,64.16643623633702,1.8024
2363,3,50,16.67,2.7,0,corps,64.13636053777007,1.6068
2364,3,33,11.00,2.7,0,corps,64.10629987329357,2.1619
2365,5,76,15.20,3.6,0,corps,64.07625423539234,2.0919
2366,6,80,13.33,4.0,0,corps,64.046223616555,2.2095
2367,5,67,13.40,3.6,0,corps,64.01620800927387,2.1826
2368,11,186,16.91,6.2,0,corps,63.98620740604506,1.8355
2369,3,66,22.00,2.7,0,corps,63.956221799368386,1.6364
2370,6,77,12.83,4.0,0,corps,63.9262511817475,1.9033
2371,4,66,16.50,3.1,0,corps,63.89629554568972,1.5552
2372,3,61,20.33,2.7,0,corps,63.866354883706144,1.5778
2373,7,75,10.71,4.4,0,corps,63.836429188311584,1.8696
2374,2,21,10.50,2.2,0,corps,63.80651845202464,1.6911
2375,4,69,17.25,3.1,0,corps,63.77662266736762,1.3962
2376,10,118,11.80,5.8,0,corps,63.74674182686658,2.2966
2377,2,34,17.00,2.2,0,corps,63.716875923051305,1.7850
2378,4,54,13.50,3.1,0,corps,63.68702494845532,1.9901
2379,4,52,13.00,3.1,0,corps,63.6571888956159,1.3784
2380,8,101,12.62,4.9,0,corps,63.627367757074005,1.7140
2381,18,209,11.61,9.3,0,corps,63.59756152537436,1.8024
2382,7,72,10.29,4.4,0,corps,63.567770193065385,1.5467
2383,4,71,17.75,3.1,0,corps,63.53799375269929,0.8843
2384,3,32,10.67,2.7,0,corps,63.50823219683195,2.4084
2385,2,38,19.00,2.2,0,corps,63.47848551802295,1.2752
2386,7,81,11.57,4.4,0,corps,63.44875370883564,1.9917
2387,7,80,11.43,4.4,0,corps,63.41903676183708,1.5361
2388,12,144,12.00,6.7,0,corps,63.38933466959802,1.4843
2389,3,37,12.33,2.7,0,corps,63.35964742469293,1.0957
2390,3,71,23.67,2.7,0,corps,63.3299750197,1.1022
2391,4,50,12.50,3.1,0,corps,63.30031744720115,1.6195
2392,4,55,13.75,3.1,0,corps,63.27067469978196,1.3045
2393,8,132,16.50,4.9,0,corps,63.24104677003176,1.2317
2394,3,20,6.67,2.7,0,corps,63.21143365054355,2.8306
2395,2,35,17.50,2.2,0,corps,63.18183533391406,1.1870
2396,6,98,16.33,4.0,0,corps,63.15225181274372,1.5645
2397,2,33,16.50,2.2,0,corps,63.12268307963665,1.1858
2398,10,110,11.00,5.8,0,corps,63.09312912720063,1.5113
2399,7,77,11.00,4.4,0,corps,63.06358994804724,1.4051
2400,2,67,33.50,2.2,0,corps,63.034065534791615,1.0471
2401,6,90,15.00,4.0,0,corps,63.00455588005269,1.1656
2402,2,26,13.00,2.2,0,corps,62.97506097645304,1.6762
2403,5,56,11.20,3.6,0,corps,62.94558081661894,1.7774
2404,5,65,13.00,3.6,0,corps,62.91611539318036,1.4782
2405,8,91,11.38,4.9,0,corps,62.88666469877092,1.5791
2406,9,104,11.56,5.3,0,corps,62.85722872602797,1.7426
2407,12,147,12.25,6.7,0,corps,62.827807467592514,2.3478
2408,2,23,11.50,2.2,0,corps,62.79840091610922,1.2359
2409,6,67,11.17,4.0,0,corps,62.769009064226466,1.3748
2410,7,85,12.14,4.4,0,corps,62.73963190459628,1.4510
2411,7,86,12.29,4.4,0,corps,62.71026942987439,1.5794
2412,3,48,16.00,2.7,0,corps,62.68092163272016,1.1148
2413,12,147,12.25,6.7,0,corps,62.65158850579663,7.5102
2414,7,116,16.57,4.4,0,corps,62.622270041770534,1.6589
2415,5,62,12.40,3.6,0,corps,62.59296623331226,1.6431
2416,7,78,11.14,4.4,0,corps,62.563677073095846,1.5545
2417,2,38,19.00,2.2,0,corps,62.53440255379902,1.1687
2418,6,57,9.50,4.0,0,corps,62.50514266810311,1.3438
2419,5,86,17.20,3.6,0,corps,62.47589740869319,1.4994
2420,11,141,12.82,6.2,0,corps,62.44666676825793,1.4827
2421,2,27,13.50,2.2,0,corps,62.41745073948967,1.4404
2422,4,71,17.75,3.1,0,corps,62.38824931508438,1.3485
2423,5,58,11.60,3.6,0,corps,62.359062487741724,1.0727
2424,6,63,10.50,4.0,0,corps,62.32989025016501,1.9059
2425,10,126,12.60,5.8,0,corps,62.300732595061156,2.2488
2426,6,82,13.67,4.0,0,corps,62.27158951514075,1.6853
2427,4,64,16.00,3.1,0,corps,62.24246100311803,1.1332
2428,6,68,11.33,4.0,0,corps,62.21334705171087,1.4806
2429,10,150,15.00,5.8,0,corps,62.18424765364077,1.3087
2430,9,108,12.00,5.3,0,corps,62.15516280163287,1.7122
2431,4,25,6.25,3.1,0,corps,62.126092488416006,2.8598
2432,15,152,10.13,8.0,0,corps,62.09703670672254,2.1132
2433,2,54,27.00,2.2,0,corps,62.067995449288574,1.6283
2434,9,120,13.33,5.3,0,corps,62.038968708853744,1.7262
2435,4,50,12.50,3.1,0,corps,62.00995647816142,1.4285
2436,6,60,10.00,4.0,0,corps,61.98095874995852,1.9007
2437,3,41,13.67,2.7,0,corps,61.951975516995596,1.6577
2438,11,169,15.36,6.2,0,corps,61.923006772026845,1.4866
2439,4,77,19.25,3.1,0,corps,61.894052507810095,1.4295
2440,4,69,17.25,3.1,0,corps,61.86511271710678,1.2153
2441,5,68,13.60,3.6,0,corps,61.83618739268195,1.8161
2442,15,167,11.13,8.0,0,corps,61.80727652730425,1.5988
2443,10,129,12.90,5.8,0,corps,61.778380113746,1.9569
2444,9,142,15.78,5.3,0,corps,61.74949814478309,1.5414
2445,5,53,10.60,3.6,0,corps,61.720630613195006,1.4390
2446,5,40,8.00,3.6,0,corps,61.691777511764855,1.9156
2447,2,45,22.50,2.2,0,corps,61.66293883327941,1.2770
2448,10,122,12.20,5.8,0,corps,61.634114570528965,1.6840
2449,7,108,15.43,4.4,0,corps,61.605304716307465,1.1872
2450,2,24,12.00,2.2,0,corps,61.576509263412426,2.2749
2451,8,117,14.62,4.9,0,corps,61.547728204645026,6.6848
2452,6,146,24.33,4.0,0,corps,61.51896153280997,1.4376
2453,6,92,15.33,4.0,0,corps,61.490209240715586,1.4478
2454,3,41,13.67,2.7,0,corps,61.461471321173825,1.0915
2455,4,79,19.75,3.1,0,corps,61.43274776700019,1.4561
2456,10,94,9.40,5.8,0,corps,61.4040385710138,1.8446
2457,8,104,13.00,4.9,0,corps,61.37534372603734,2.1116
2458,9,160,17.78,5.3,0,corps,61.346663224897114,0.9660
2459,7,109,15.57,4.4,0,corps,61.317997060423004,1.3520
2460,8,141,17.62,4.9,0,corps,61.28934522544844,1.3867
2461,16,213,13.31,8.4,0,corps,61.2607077128105,1.5061
2462,5,49,9.80,3.6,0,corps,61.23208451534976,1.5804
2463,3,62,20.67,2.7,0,corps,61.20347562591048,1.4334
2464,5,67,13.40,3.6,0,corps,61.17488103734038,1.8465
2465,6,85,14.17,4.0,0,corps,61.14630074249086,1.8376
2466,13,146,11.23,7.1,0,corps,61.117734734216796,1.6321
2467,5,69,13.80,3.6,0,corps,61.089183005376725,1.7440
2468,8,85,10.62,4.9,0,corps,61.0606455488327,1.7609
2469,8,81,10.12,4.9,0,corps,61.03212235745037,1.7373
2470,3,41,13.67,2.7,0,corps,61.0036134240989,1.0131
2471,2,20,10.00,2.2,0,corps,60.975118741651116,1.1073
2472,4,61,15.25,3.1,0,corps,60.9466383029833,1.4082
2473,3,86,28.67,2.7,0,corps,60.918172100975355,1.0609
2474,6,86,14.33,4.0,0,corps,60.889720128510724,1.5770
2475,14,112,8.00,7.6,0,corps,60.86128237847643,2.4800
2476,3,39,13.00,2.7,0,corps,60.832858843763034,1.5818
2477,12,133,11.08,6.7,0,corps,60.80444951726464,1.7314
2478,3,38,12.67,2.7,0,corps,60.77605439187891,2.3166
2479,4,53,13.25,3.1,0,corps,60.74767346050709,1.1744
2480,2,24,12.00,2.2,0,corps,60.71930671605392,1.9944
2481,7,95,13.57,4.4,0,corps,60.69095415142773,2.2410
2482,7,95,13.57,4.4,0,corps,60.66261575954037,1.9311
2483,4,65,16.25,3.1,0,corps,60.63429153330725,1.9449
2484,20,196,9.80,10.2,0,corps,60.605981465647304,2.1027
2485,2,23,11.50,2.2,0,corps,60.57768554948303,1.7994
2486,8,98,12.25,4.9,0,corps,60.549403777740416,1.7947
2487,8,102,12.75,4.9,0,corps,60.521136143349054,1.7791
2488,6,73,12.17,4.0,0,corps,60.492882639242026,2.1042
2489,3,41,13.67,2.7,0,corps,60.46464325835594,1.1779
2490,4,89,22.25,3.1,0,corps,60.43641799363096,1.0641
2491,4,64,16.00,3.1,0,corps,60.40820683801079,1.6689
2492,6,92,15.33,4.0,0,corps,60.38000978444261,1.4838
2493,7,92,13.14,4.4,0,corps,60.35182682587718,1.6802
2494,4,50,12.50,3.1,0,corps,60.32365795526875,1.2971
2495,5,63,12.60,3.6,0,corps,60.295503165575106,1.5506
2496,3,30,10.00,2.7,0,corps,60.267362449757535,1.7881
2497,7,71,10.14,4.4,0,corps,60.23923580078087,1.6584
2498,3,51,17.00,2.7,0,corps,60.21112321161344,1.0666
2499,6,88,14.67,4.0,0,corps,60.183024675227124,1.8369
2500,7,133,19.00,4.4,0,corps,60.15494018459726,1.3173
2501,6,62,10.33,4.0,0,corps,60.12686973270274,1.7671
2502,8,93,11.62,4.9,0,corps,60.09881331252595,3.2205
2503,14,200,14.29,7.6,0,corps,60.07077091705276,5.6704
2504,7,113,16.14,4.4,0,corps,60.04274253927261,1.3699
2505,5,81,16.20,3.6,0,corps,60.01472817217838,1.2890
2506,10,108,10.80,5.8,0,corps,59.98672780876648,2.2164
2507,5,74,14.80,3.6,0,corps,59.958741442036825,1.3279
2508,7,80,11.43,4.4,0,corps,59.93076906499283,1.7623
2509,4,45,11.25,3.1,0,corps,59.90281067064138,1.1932
2510,6,100,16.67,4.0,0,corps,59.874866251992906,1.3563
2511,8,110,13.75,4.9,0,corps,59.846935802061275,1.7750
2512,7,92,13.14,4.4,0,corps,59.81901931386388,2.0965
2513,2,34,17.00,2.2,0,corps,59.791116780421625,1.0034
2514,4,58,14.50,3.1,0,corps,59.76322819475883,1.3570
2515,15,150,10.00,8.0,0,corps,59.73535354990338,1.5998
2516,17,161,9.47,8.9,0,corps,59.70749283888662,1.6026
2517,5,64,12.80,3.6,0,corps,59.679646054743365,1.8182
2518,7,72,10.29,4.4,0,corps,59.6518131905119,1.7631
2519,4,31,7.75,3.1,0,corps,59.623994239234015,1.6007
2520,6,75,12.50,4.0,0,corps,59.596189193955,1.0800
2521,7,86,12.29,4.4,0,corps,59.56839804772356,1.3287
2522,7,82,11.71,4.4,0,corps,59.54062079359193,1.9417
2523,9,104,11.56,5.3,0,corps,59.512857424615774,1.7886
2524,3,36,12.00,2.7,0,corps,59.48510793385427,1.5161
2525,8,120,15.00,4.9,0,corps,59.45737231437005,9.2911
2526,11,158,14.36,6.2,0,corps,59.429650559229174,1.8222
2527,12,102,8.50,6.7,0,corps,59.40194266150124,2.1284
2528,3,55,18.33,2.7,0,corps,59.37424861425926,1.5999
2529,7,46,6.57,4.4,0,corps,59.34656841057973,2.7386
2530,2,21,10.50,2.2,0,corps,59.31890204354258,3.0801
2531,2,49,24.50,2.2,0,corps,59.291249506231225,1.5732
2532,2,12,6.00,2.2,0,corps,59.26361079173253,2.4541
2533,2,18,9.00,2.2,0,corps,59.23598589313684,1.8180
2534,14,170,12.14,7.6,0,corps,59.20837480353791,2.2034
2535,14,143,10.21,7.6,0,corps,59.180777516032954,2.1168
2536,6,63,10.50,4.0,0,corps,59.15319402372267,1.4110
2537,6,88,14.67,4.0,0,corps,59.12562431971118,1.7089
2538,3,71,23.67,2.7,0,corps,59.09806839710606,1.2774
2539,8,142,17.75,4.9,0,corps,59.070526249018315,6.3159
2540,11,147,13.36,6.2,0,corps,59.04299786856244,1.9841
2541,4,43,10.75,3.1,0,corps,59.015483248856306,1.4709
2542,6,72,12.00,4.0,0,corps,58.987982383021276,1.8586
2543,10,108,10.80,5.8,0,corps,58.960495264182114,1.9479
2544,2,47,23.50,2.2,0,corps,58.93302188546707,1.7632
2545,7,87,12.43,4.4,0,corps,58.90556224000778,1.1826
2546,7,80,11.43,4.4,0,corps,58.878116320939334,1.2817
2547,19,172,9.05,9.8,0,corps,58.85068412140024,2.2585
2548,5,66,13.20,3.6,0,corps,58.82326563453248,1.4585
2549,3,60,20.00,2.7,0,corps,58.79586085348141,1.4027
2550,12,146,12.17,6.7,0,corps,58.768469771395836,1.3802
2551,9,126,14.00,5.3,0,corps,58.741092381428,1.4069
2552,9,114,12.67,5.3,0,corps,58.71372867673353,1.8893
2553,2,28,14.00,2.2,0,corps,58.686378650471525,1.3495
2554,4,75,18.75,3.1,0,corps,58.65904229580446,1.1720
2555,2,35,17.50,2.2,0,corps,58.631719605898255,1.1471
2556,3,29,9.67,2.7,0,corps,58.60441057392224,1.2917
2557,10,76,7.60,5.8,0,corps,58.57711519304915,1.9156
2558,3,53,17.67,2.7,0,corps,58.54983345645515,1.2800
2559,3,32,10.67,2.7,0,corps,58.52256535731979,1.7253
2560,3,40,13.33,2.7,0,corps,58.495310888826054,1.0640
2561,6,74,12.33,4.0,0,corps,58.46807004416033,1.2608
2562,2,30,15.00,2.2,0,corps,58.440842816512394,1.2800
2563,3,50,16.67,2.7,0,corps,58.413629199075444,1.4875
2564,15,209,13.93,8.0,0,corps,58.386429185046076,1.3673
2565,4,42,10.50,3.1,0,corps,58.359242767624295,1.5452
2566,7,61,8.71,4.4,0,corps,58.3320699400135,2.0519
2567,6,90,15.00,4.0,0,corps,58.30491069542044,0.9741
2568,7,93,13.29,4.4,0,corps,58.27776502705535,0.9948
2569,4,60,15.00,3.1,0,corps,58.25063292813182,1.2682
2570,16,238,14.88,8.4,0,corps,58.22351439186679,1.7682
2571,20,222,11.10,10.2,0,corps,58.19640941148063,5.3088
2572,6,107,17.83,4.0,0,corps,58.16931798019712,1.1882
2573,3,45,15.00,2.7,0,corps,58.142240091243394,1.7728
2574,11,93,8.45,6.2,0,corps,58.11517573784995,1.6776
2575,9,113,12.56,5.3,0,corps,58.088124913250724,1.4663
2576,6,81,13.50,4.0,0,corps,58.061087610683025,1.9247
2577,10,103,10.30,5.8,0,corps,58.034063823387505,2.9080
2578,6,53,8.83,4.0,0,corps,58.007053544608226,2.5030
2579,8,77,9.62,4.9,0,corps,57.9800567675926,1.4352
2580,8,90,11.25,4.9,0,corps,57.95307348559145,1.2879
2581,6,98,16.33,4.0,0,corps,57.92610369185896,1.2901
2582,3,58,19.33,2.7,0,corps,57.89914737965268,1.5125
2583,8,64,8.00,4.9,0,corps,57.87220454223352,2.4436
2584,2,23,11.50,2.2,0,corps,57.84527517286576,2.1334
2585,4,45,11.25,3.1,0,corps,57.81835926481711,1.5266
2586,10,133,13.30,5.8,0,corps,57.79145681135852,2.1508
2587,10,118,11.80,5.8,0,corps,57.76456780576442,2.2668
2588,3,41,13.67,2.7,0,corps,57.737692241312565,1.6580
2589,8,96,12.00,4.9,0,corps,57.710830111284054,1.6526
2590,8,105,13.12,4.9,0,corps,57.683981408963334,1.3199
2591,9,69,7.67,5.3,0,corps,57.65714612763825,1.9893
2592,6,74,12.33,4.0,0,corps,57.63032426059998,1.4826
2593,9,110,12.22,5.3,0,corps,57.603515801143054,1.3626
2594,7,99,14.14,4.4,0,corps,57.57672074256537,1.4139
2595,12,156,13.00,6.7,0,corps,57.54993907816811,1.9596
2596,9,101,11.22,5.3,0,corps,57.523170801255944,9.1627
2597,11,170,15.45,6.2,0,corps,57.496415905136736,1.7666
2598,2,28,14.00,2.2,0,corps,57.46967438312179,2.0817
2599,4,59,14.75,3.1,0,corps,57.44294622852571,2.5414
2600,4,52,13.00,3.1,0,corps,57.41623143466648,1.6287
2601,3,51,17.00,2.7,0,corps,57.38952999486536,1.1552
2602,3,49,16.33,2.7,0,corps,57.362841902447045,1.4807
2603,13,160,12.31,7.1,0,corps,57.33616715073947,1.4203
2604,6,93,15.50,4.0,0,corps,57.30950573307396,1.3295
2605,10,125,12.50,5.8,0,corps,57.28285764278517,1.4716
2606,9,95,10.56,5.3,0,corps,57.25622287321107,1.5331
2607,5,55,11.00,3.6,0,corps,57.22960141769294,2.0774
2608,4,90,22.50,3.1,0,corps,57.202993269575465,1.5629
2609,12,135,11.25,6.7,0,corps,57.176398422206574,1.5394
2610,6,98,16.33,4.0,0,corps,57.149816868937585,1.3039
2611,3,38,12.67,2.7,0,corps,57.12324860312306,1.0262
2612,4,57,14.25,3.1,0,corps,57.09669361812099,1.3424
2613,8,96,12.00,4.9,0,corps,57.070151907292576,1.7030
2614,5,55,11.00,3.6,0,corps,57.043623464002444,2.1905
2615,7,113,16.14,4.4,0,corps,57.01710828161842,1.2880
2616,17,198,11.65,8.9,0,corps,56.990606353511765,1.5336
2617,3,35,11.67,2.7,0,corps,56.96411767305698,1.2649
2618,8,91,11.38,4.9,0,corps,56.93764223363188,1.8438
2619,13,169,13.00,7.1,0,corps,56.9111800286176,1.9706
2620,5,77,15.40,3.6,0,corps,56.88473105139862,1.7550
2621,10,115,11.50,5.8,0,corps,56.85829529536268,1.4832
2622,6,83,13.83,4.0,0,corps,56.83187275390084,1.2466
2623,10,106,10.60,5.8,0,corps,56.80546342040744,1.5653
2624,2,42,21.00,2.2,0,corps,56.779067288280196,1.0292
2625,10,106,10.60,5.8,0,corps,56.752684350920035,11.5008
2626,3,24,8.00,2.7,0,corps,56.726314601731254,1.6199
2627,5,51,10.20,3.6,0,corps,56.69995803412139,1.9486
2628,9,151,16.78,5.3,0,corps,56.67361464150129,1.6553
2629,4,45,11.25,3.1,0,corps,56.64728441728515,2.4675
2630,15,171,11.40,8.0,0,corps,56.620967354890375,6.4772
2631,8,153,19.12,4.9,0,corps,56.594663447737716,1.5313
2632,2,29,14.50,2.2,0,corps,56.56837268925119,1.4608
2633,11,116,10.55,6.2,0,corps,56.542095072858125,9.5246
2634,3,40,13.33,2.7,0,corps,56.51583059198908,1.4112
2635,9,113,12.56,5.3,0,corps,56.48957924007797,1.7153
2636,16,225,14.06,8.4,0,corps,56.46334101056194,1.3760
2637,5,57,11.40,3.6,0,corps,56.43711589688144,1.4591
2638,6,83,13.83,4.0,0,corps,56.41090389248018,1.6196
2639,4,50,12.50,3.1,0,corps,56.384704990805176,1.5159
2640,27,299,11.07,13.3,0,corps,56.35851918530667,5.1291
2641,16,167,10.44,8.4,0,corps,56.33234646943826,1.7518
2642,9,74,8.22,5.3,0,corps,56.306186836656735,2.1323
2643,10,120,12.00,5.8,0,corps,56.280040280422185,1.6811
2644,15,194,12.93,8.0,0,corps,56.25390679419796,1.9857
2645,2,41,20.50,2.2,0,corps,56.227786371450726,1.0140
2646,4,27,6.75,3.1,0,corps,56.20167900565036,2.0859
2647,4,65,16.25,3.1,0,corps,56.17558469027002,1.5453
2648,6,66,11.00,4.0,0,corps,56.149503418786104,2.1661
2649,2,24,12.00,2.2,0,corps,56.12343518467833,3.0020
2650,13,133,10.23,7.1,0,corps,56.09737998142962,10.1831
2651,3,35,11.67,2.7,0,corps,56.07133780252618,3.1788
2652,3,38,12.67,2.7,0,corps,56.045308641457446,1.1780
2653,7,127,18.14,4.4,0,corps,56.019292491716165,1.2731
2654,10,135,13.50,5.8,0,corps,55.99328934679826,1.4491
2655,16,193,12.06,8.4,0,corps,55.96729920020298,2.2487
2656,4,59,14.75,3.1,0,corps,55.94132204543275,1.3322
2657,7,99,14.14,4.4,0,corps,55.91535787599332,1.3145
2658,7,62,8.86,4.4,0,corps,55.88940668539363,1.8738
2659,14,166,11.86,7.6,0,corps,55.86346846714587,1.7912
2660,12,181,15.08,6.7,0,corps,55.837543214765496,2.1944
2661,6,72,12.00,4.0,0,corps,55.811630921771204,1.6437
2662,9,99,11.00,5.3,0,corps,55.785731581684914,3.0009
2663,2,36,18.00,2.2,0,corps,55.75984518803179,1.9147
2664,4,58,14.50,3.1,0,corps,55.733971734340216,1.9545
2665,3,43,14.33,2.7,0,corps,55.708111214141866,1.2908
2666,6,70,11.67,4.0,0,corps,55.68226362097158,1.4294
2667,16,145,9.06,8.4,0,corps,55.65642894836746,9.7849
2668,3,64,21.33,2.7,0,corps,55.63060718987085,1.4213
2669,14,195,13.93,7.6,0,corps,55.60479833902631,2.5113
2670,5,115,23.00,3.6,0,corps,55.57900238938163,1.4123
2671,2,33,16.50,2.2,0,corps,55.553219334487814,2.2692
2672,4,41,10.25,3.1,0,corps,55.52744916789909,2.7877
2673,10,187,18.70,5.8,0,corps,55.50169188317293,1.6346
2674,3,32,10.67,2.7,0,corps,55.475947473870015,2.7397
2675,6,65,10.83,4.0,0,corps,55.45021593355423,2.2342
2676,10,148,14.80,5.8,0,corps,55.424497255792694,7.5890
2677,8,137,17.12,4.9,0,corps,55.39879143415575,1.5167
2678,12,155,12.92,6.7,0,corps,55.37309846221693,2.0144
2679,12,178,14.83,6.7,0,corps,55.34741833355299,6.4279
2680,9,100,11.11,5.3,0,corps,55.321751041743894,2.1134
2681,15,227,15.13,8.0,0,corps,55.29609658037285,1.4554
2682,3,39,13.00,2.7,0,corps,55.270454943026195,1.4783
2683,3,43,14.33,2.7,0,corps,55.24482612329354,1.3493
2684,3,29,9.67,2.7,0,corps,55.219210114767684,2.2550
2685,3,64,21.33,2.7,0,corps,55.19360691104463,1.1164
2686,10,183,18.30,5.8,0,corps,55.168016505723585,1.6050
2687,19,191,10.05,9.8,0,corps,55.14243889240692,2.1191
2688,5,36,7.20,3.6,0,corps,55.11687406470024,2.2585
2689,4,46,11.50,3.1,0,corps,55.09132201621234,2.9410
2690,6,95,15.83,4.0,0,corps,55.06578274055522,1.7654
2691,19,198,10.42,9.8,0,corps,55.04025623134405,1.9756
2692,6,61,10.17,4.0,0,corps,55.0147424821972,2.9157
2693,13,140,10.77,7.1,0,corps,54.989241486736226,2.1011
2694,5,62,12.40,3.6,0,corps,54.96375323858591,1.8122
2695,2,29,14.50,2.2,0,corps,54.938277731374164,1.4177
2696,3,34,11.33,2.7,0,corps,54.912814958732106,1.7126
2697,6,67,11.17,4.0,0,corps,54.88736491429407,1.4368
2698,7,118,16.86,4.4,0,corps,54.861927591697516,1.5000
2699,9,146,16.22,5.3,0,corps,54.83650298458313,1.5935
2700,4,60,15.00,3.1,0,corps,54.81109108659474,1.5425
2701,9,150,16.67,5.3,0,corps,54.78569189137939,1.4218
2702,6,77,12.83,4.0,0,corps,54.760305392587284,1.3392
2703,2,48,24.00,2.2,0,corps,54.734931583871806,1.0990
2704,4,78,19.50,3.1,0,corps,54.70957045888946,1.0682
2705,3,36,12.00,2.7,0,corps,54.6842220113,1.1114
2706,6,62,10.33,4.0,0,corps,54.658886234766314,1.8989
2707,4,56,14.00,3.1,0,corps,54.633563122954456,1.2359
2708,2,39,19.50,2.2,0,corps,54.60825266953363,1.8023
2709,8,90,11.25,4.9,0,corps,54.582954868176245,1.4418
2710,11,66,6.00,6.2,0,corps,54.55766971255783,1.9233
2711,6,66,11.00,4.0,0,corps,54.53239719635712,1.8227
2712,2,31,15.50,2.2,0,corps,54.507137313255946,1.3382
2713,14,178,12.71,7.6,0,corps,54.481890056939385,1.6696
2714,10,136,13.60,5.8,0,corps,54.45665542109561,1.7291
2715,16,183,11.44,8.4,0,corps,54.43143339941594,1.3201
2716,9,140,15.56,5.3,0,corps,54.406223985594885,1.2919
2717,6,69,11.50,4.0,0,corps,54.38102717333009,1.0975
2718,5,60,12.00,3.6,0,corps,54.355842956322356,2.1988
2719,4,69,17.25,3.1,0,corps,54.330671328275606,1.2503
2720,3,30,10.00,2.7,0,corps,54.30551228289695,1.6414
2721,4,73,18.25,3.1,0,corps,54.28036581389664,1.2979
2722,2,35,17.50,2.2,0,corps,54.255231914988045,2.0235
2723,15,157,10.47,8.0,0,corps,54.23011057988769,6.7797
2724,8,79,9.88,4.9,0,corps,54.20500180231523,1.4990
2725,20,234,11.70,10.2,0,corps,54.179905575993494,1.9316
2726,11,126,11.45,6.2,0,corps,54.15482189464842,1.5443
2727,4,54,13.50,3.1,0,corps,54.129750752009066,1.4622
2728,7,99,14.14,4.4,0,corps,54.104692141807654,8.9360
2729,3,69,23.00,2.7,0,corps,54.07964605777955,1.4491
2730,7,120,17.14,4.4,0,corps,54.05461249366322,1.2601
2731,10,155,15.50,5.8,0,corps,54.029591443200296,6.1003
2732,25,291,11.64,12.4,0,corps,54.00458290013545,1.9096
2733,6,83,13.83,4.0,0,corps,53.97958685821662,1.8141
2734,7,104,14.86,4.4,0,corps,53.954603311194774,2.2878
2735,4,57,14.25,3.1,0,corps,53.929632252824,1.7944
2736,7,101,14.43,4.4,0,corps,53.90467367686153,1.5241
2737,7,74,10.57,4.4,0,corps,53.87972757706776,1.7383
2738,7,94,13.43,4.4,0,corps,53.85479394720615,1.6147
2739,4,53,13.25,3.1,0,corps,53.829872781043285,1.3965
2740,4,56,14.00,3.1,0,corps,53.80496407234885,1.3677
2741,15,186,12.40,8.0,0,corps,53.78006781489573,1.3649
2742,6,87,14.50,4.0,0,corps,53.755184002459785,1.3509
2743,13,146,11.23,7.1,0,corps,53.73031262882013,7.1193
2744,7,67,9.57,4.4,0,corps,53.705453687758876,2.9960
2745,4,67,16.75,3.1,0,corps,53.680607173061304,1.3939
2746,9,84,9.33,5.3,0,corps,53.65577307851579,1.7247
2747,8,132,16.50,4.9,0,corps,53.6309513979138,1.2721
2748,11,121,11.00,6.2,0,corps,53.606142125049914,1.3739
2749,6,82,13.67,4.0,0,corps,53.58134525372182,1.4786
2750,4,58,14.50,3.1,0,corps,53.55656077773031,1.4825
2751,8,67,8.38,4.9,0,corps,53.531788690879246,2.4560
2752,17,157,9.24,8.9,0,corps,53.50702898697561,2.6470
2753,7,100,14.29,4.4,0,corps,53.482281659829475,1.5006
2754,3,29,9.67,2.7,0,corps,53.457546703254025,1.9192
2755,18,197,10.94,9.3,0,corps,53.43282411106549,1.8319
2756,2,20,10.00,2.2,0,corps,53.40811387708325,1.4967
2757,4,84,21.00,3.1,0,corps,53.383415995129724,1.7551
2758,7,79,11.29,4.4,0,corps,53.35873045903048,1.4056
2759,3,39,13.00,2.7,0,corps,53.33405726261409,1.3923
2760,3,40,13.33,2.7,0,corps,53.30939639971227,1.8339
2761,5,73,14.60,3.6,0,corps,53.28474786415981,1.5302
2762,18,235,13.06,9.3,0,corps,53.26011164979458,1.9305
2763,2,25,12.50,2.2,0,corps,53.23548775045752,1.5937
2764,9,129,14.33,5.3,0,corps,53.21087615999265,5.8253
2765,21,268,12.76,10.7,0,corps,53.18627687224707,1.9063
2766,12,124,10.33,6.7,0,corps,53.16168988107097,2.0241
2767,7,71,10.14,4.4,0,corps,53.13711518031759,9.0067
2768,2,21,10.50,2.2,0,corps,53.11255276384329,2.5027
2769,7,98,14.00,4.4,0,corps,53.08800262550739,1.5873
2770,8,114,14.25,4.9,0,corps,53.06346475917244,1.7918
2771,6,89,14.83,4.0,0,corps,53.03893915870391,1.7102
2772,3,59,19.67,2.7,0,corps,53.014425817970455,1.2877
2773,11,127,11.55,6.2,0,corps,52.989924730843676,1.6115
2774,5,74,14.80,3.6,0,corps,52.965435891198354,1.6732
2775,4,110,27.50,3.1,0,corps,52.94095929291226,1.4148
2776,10,118,11.80,5.8,0,corps,52.91649492986624,1.7268
2777,6,72,12.00,4.0,0,corps,52.89204279594419,1.6860
2778,18,217,12.06,9.3,0,corps,52.867602885033115,7.0038
2779,3,68,22.67,2.7,0,corps,52.843175191023015,1.8447
2780,3,52,17.33,2.7,0,corps,52.818759707806976,1.4443
2781,6,99,16.50,4.0,0,corps,52.79435642928109,1.2547
2782,8,115,14.38,4.9,0,corps,52.76996534934458,12.7954
2783,3,45,15.00,2.7,0,corps,52.74558646189968,1.3601
2784,5,49,9.80,3.6,0,corps,52.721219760851625,2.3316
2785,25,353,14.12,12.4,0,corps,52.69686524010876,1.8287
2786,3,40,13.33,2.7,0,corps,52.672522893582475,1.4570
2787,3,30,10.00,2.7,0,corps,52.64819271518716,1.8896
2788,4,78,19.50,3.1,0,corps,52.62387469884029,1.2538
2789,7,83,11.86,4.4,0,corps,52.59956883846232,1.3714
2790,2,40,20.00,2.2,0,corps,52.57527512797684,2.0346
2791,6,65,10.83,4.0,0,corps,52.55099356131038,1.8862
2792,5,70,14.00,3.6,0,corps,52.52672413239258,1.1609
2793,6,70,11.67,4.0,0,corps,52.502466835156035,1.6907
2794,5,74,14.80,3.6,0,corps,52.47822166353647,1.2561
2795,6,87,14.50,4.0,0,corps,52.45398861147258,1.6341
2796,3,70,23.33,2.7,0,corps,52.42976767290609,1.3192
2797,2,48,24.00,2.2,0,corps,52.40555884178176,1.4323
2798,6,53,8.83,4.0,0,corps,52.381362112047405,1.5238
2799,8,100,12.50,4.9,0,corps,52.35717747765383,1.8208
2800,2,49,24.50,2.2,0,corps,52.33300493255487,1.4976
2801,7,78,11.14,4.4,0,corps,52.30884447070739,1.9485
2802,12,139,11.58,6.7,0,corps,52.28469608607129,1.5667
2803,4,51,12.75,3.1,0,corps,52.26055977260946,1.4021
2804,9,146,16.22,5.3,0,corps,52.23643552428783,1.8544
2805,4,49,12.25,3.1,0,corps,52.21232333507532,1.8181
2806,4,45,11.25,3.1,0,corps,52.18822319894391,1.5816
2807,21,198,9.43,10.7,0,corps,52.16413510986854,2.3825
2808,9,144,16.00,5.3,0,corps,52.1400590618272,1.5006
2809,9,116,12.89,5.3,0,corps,52.11599504880087,1.6376
2810,4,27,6.75,3.1,0,corps,52.09194306477356,2.5210
2811,2,17,8.50,2.2,0,corps,52.06790310373227,1.3886
2812,6,55,9.17,4.0,0,corps,52.04387515966701,2.5288
2813,6,47,7.83,4.0,0,corps,52.01985922657077,2.9841
2814,5,48,9.60,3.6,0,corps,51.995855298439594,1.4380
2815,7,89,12.71,4.4,0,corps,51.97186336927251,1.6959
2816,6,87,14.50,4.0,0,corps,51.94788343307151,1.4508
2817,6,83,13.83,4.0,0,corps,51.92391548384161,1.4361
2818,2,16,8.00,2.2,0,corps,51.89995951559083,1.8382
2819,5,44,8.80,3.6,0,corps,51.876015522330185,2.2634
2820,10,123,12.30,5.8,0,corps,51.852083498073675,1.9076
2821,17,223,13.12,8.9,0,corps,51.82816343683827,1.6141
2822,2,42,21.00,2.2,0,corps,51.80425533264399,1.4763
2823,8,89,11.12,4.9,0,corps,51.78035917951379,2.2738
2824,20,242,12.10,10.2,0,corps,51.75647497147363,2.5675
2825,13,117,9.00,7.1,0,corps,51.732602702552455,2.1202
2826,5,40,8.00,3.6,0,corps,51.70874236678221,2.1958
2827,11,148,13.45,6.2,0,corps,51.68489395819781,1.6906
2828,16,177,11.06,8.4,0,corps,51.66105747083714,1.8908
2829,2,28,14.00,2.2,0,corps,51.63723289874109,1.7311
2830,4,47,11.75,3.1,0,corps,51.61342023595352,1.1942
2831,6,82,13.67,4.0,0,corps,51.58961947652125,1.5705
2832,5,77,15.40,3.6,0,corps,51.565830614494104,1.2459
2833,14,187,13.36,7.6,0,corps,51.542053643924845,2.4216
2834,5,72,14.40,3.6,0,corps,51.51828855886925,1.8244
2835,15,154,10.27,8.0,0,corps,51.49453535338605,8.7816
2836,3,52,17.33,2.7,0,corps,51.47079402153694,1.3611
2837,16,163,10.19,8.4,0,corps,51.447064557386554,1.9012
2838,10,120,12.00,5.8,0,corps,51.42334695500258,2.1419
2839,7,113,16.14,4.4,0,corps,51.399641208455584,1.8364
2840,3,29,9.67,2.7,0,corps,51.37594731181915,1.5957
2841,13,188,14.46,7.1,0,corps,51.35226525916977,1.4994
2842,16,189,11.81,8.4,0,corps,51.328595044586955,2.1890
2843,5,87,17.40,3.6,0,corps,51.30493666215315,1.7422
2844,6,104,17.33,4.0,0,corps,51.28129010595378,1.1068
2845,11,130,11.82,6.2,0,corps,51.257655370077146,1.8046
2846,8,72,9.00,4.9,0,corps,51.23403244861462,2.7790
2847,5,72,14.40,3.6,0,corps,51.21042133566045,2.2530
2848,2,15,7.50,2.2,0,corps,51.186822025311876,1.7929
2849,2,16,8.00,2.2,0,corps,51.16323451166902,2.5243
2850,4,33,8.25,3.1,0,corps,51.13965878883505,2.1658
2851,5,64,12.80,3.6,0,corps,51.11609485091604,1.9210
2852,10,126,12.60,5.8,0,corps,51.092542692020984,1.5389
2853,7,84,12.00,4.4,0,corps,51.06900230626182,1.6910
2854,4,42,10.50,3.1,0,corps,51.04547368775351,1.3555
2855,7,68,9.71,4.4,0,corps,51.021956830613846,1.9984
2856,9,132,14.67,5.3,0,corps,50.998451728963644,1.4782
2857,6,76,12.67,4.0,0,corps,50.97495837692661,1.4356
2858,8,76,9.50,4.9,0,corps,50.95147676862942,1.6235
2859,3,47,15.67,2.7,0,corps,50.92800689820167,1.5233
2860,16,221,13.81,8.4,0,corps,50.90454875977589,6.9152
2861,8,100,12.50,4.9,0,corps,50.88110234748754,1.8717
2862,7,104,14.86,4.4,0,corps,50.857667655475026,1.3516
2863,9,118,13.11,5.3,0,corps,50.83424467787966,1.6182
2864,2,21,10.50,2.2,0,corps,50.810833408845724,1.5839
2865,8,108,13.50,4.9,0,corps,50.78743384252036,7.7519
2866,13,245,18.85,7.1,0,corps,50.76404597305372,5.3831
2867,5,97,19.40,3.6,0,corps,50.7406697945988,1.4692
2868,8,117,14.62,4.9,0,corps,50.7173053013116,1.2348
2869,9,91,10.11,5.3,0,corps,50.693952487350934,1.6908
2870,9,111,12.33,5.3,0,corps,50.67061134687866,10.7016
2871,16,212,13.25,8.4,0,corps,50.64728187405946,1.8284
2872,25,289,11.56,12.4,0,corps,50.62396406306097,1.6353
2873,15,149,9.93,8.0,0,corps,50.600657908053726,7.3041
2874,14,192,13.71,7.6,0,corps,50.57736340321121,1.4504
2875,5,61,12.20,3.6,0,corps,50.55408054270979,1.7312
2876,2,32,16.00,2.2,0,corps,50.53080932072875,1.6767
2877,12,141,11.75,6.7,0,corps,50.50754973145028,1.8476
2878,9,92,10.22,5.3,0,corps,50.48430176905948,13.9556
2879,25,319,12.76,12.4,0,corps,50.46106542774438,2.2677
2880,7,110,15.71,4.4,0,corps,50.43784070169587,1.5774
2881,7,77,11.00,4.4,0,corps,50.41462758510777,1.9711
2882,5,63,12.60,3.6,0,corps,50.39142607217681,1.1825
2883,19,200,10.53,9.8,0,corps,50.36823615710262,2.1540
2884,4,34,8.50,3.1,0,corps,50.345057834087704,2.2127
2885,11,132,12.00,6.2,0,corps,50.32189109733749,7.1387
2886,21,271,12.90,10.7,0,corps,50.29873594106028,1.5056
2887,5,46,9.20,3.6,0,corps,50.27559235946731,1.5589
2888,10,98,9.80,5.8,0,corps,50.252460346772665,1.8343
2889,4,48,12.00,3.1,0,corps,50.229339897193356,1.2662
2890,10,125,12.50,5.8,0,corps,50.20623100494925,1.4843
2891,2,29,14.50,2.2,0,corps,50.183133664263146,1.7849
2892,9,106,11.78,5.3,0,corps,50.16004786936069,2.0464
2893,2,26,13.00,2.2,0,corps,50.13697361447045,1.3519
2894,10,117,11.70,5.8,0,corps,50.11391089382384,1.4926
2895,5,79,15.80,3.6,0,corps,50.09085970165521,1.3775
2896,6,67,11.17,4.0,0,corps,50.06782003220174,1.8733
2897,22,201,9.14,11.1,0,corps,50.044791879703524,1.5334
2898,4,54,13.50,3.1,0,corps,50.0217752384035,1.6004
2899,6,70,11.67,4.0,0,corps,49.99877010254753,1.4546
2900,9,73,8.11,5.3,0,corps,49.97577646638434,2.6716
2901,12,151,12.58,6.7,0,corps,49.9527943241655,7.1532
2902,8,95,11.88,4.9,0,corps,49.92982367014547,2.3111
2903,4,48,12.00,3.1,0,corps,49.90686449858161,1.4816
2904,15,143,9.53,8.0,0,corps,49.88391680373411,1.9652
2905,19,245,12.89,9.8,0,corps,49.86098057986605,1.7322
2906,16,165,10.31,8.4,0,corps,49.83805582124336,2.1742
2907,9,112,12.44,5.3,0,corps,49.81514252213488,1.6799
2908,14,151,10.79,7.6,0,corps,49.79224067681226,9.0836
2909,11,109,9.91,6.2,0,corps,49.76935027955006,2.1652
2910,2,37,18.50,2.2,0,corps,49.74647132462566,1.4268
2911,4,46,11.50,3.1,0,corps,49.723603806319325,1.5191
2912,5,84,16.80,3.6,0,corps,49.70074771891419,1.2987
2913,3,31,10.33,2.7,0,corps,49.67790305669622,1.3811
2914,6,79,13.17,4.0,0,corps,49.65506981395424,1.4662
2915,2,56,28.00,2.2,0,corps,49.63224798497997,1.3453
2916,7,77,11.00,4.4,0,corps,49.609437564067925,1.8798
2917,7,77,11.00,4.4,0,corps,49.58663854551551,1.7526
2918,4,47,11.75,3.1,0,corps,49.56385092362296,1.8634
2919,6,72,12.00,4.0,0,corps,49.54107469269339,1.4839
2920,6,67,11.17,4.0,0,corps,49.518309847032725,1.5390
2921,5,57,11.40,3.6,0,corps,49.495556380949765,1.6734
2922,4,42,10.50,3.1,0,corps,49.472814288756126,1.7795
2923,8,102,12.75,4.9,0,corps,49.4500835647663,1.4125
2924,3,50,16.67,2.7,0,corps,49.42736420329761,0.9157
2925,5,56,11.20,3.6,0,corps,49.4046561986702,1.9151
2926,2,25,12.50,2.2,0,corps,49.381959545207074,1.7159
2927,10,116,11.60,5.8,0,corps,49.359274237234075,9.5803
2928,2,30,15.00,2.2,0,corps,49.33660026907988,1.2946
2929,9,133,14.78,5.3,0,corps,49.31393763507598,1.7129
2930,12,164,13.67,6.7,0,corps,49.29128632955672,1.4050
2931,17,174,10.24,8.9,0,corps,49.26864634685928,7.2605
2932,2,69,34.50,2.2,0,corps,49.246017681323664,1.1242
2933,7,109,15.57,4.4,0,corps,49.2234003272927,1.7571
2934,5,76,15.20,3.6,0,corps,49.20079427911206,1.9348
2935,5,61,12.20,3.6,0,corps,49.17819953113023,1.4570
2936,19,187,9.84,9.8,0,corps,49.15561607769851,1.6366
2937,8,94,11.75,4.9,0,corps,49.13304391317105,1.2277
2938,23,258,11.22,11.6,0,corps,49.11048303190479,2.1195
2939,18,165,9.17,9.3,0,corps,49.08793342825953,1.7727
2940,6,58,9.67,4.0,0,corps,49.06539509659787,2.5892
2941,17,167,9.82,8.9,0,corps,49.04286803128522,1.9009
2942,11,151,13.73,6.2,0,corps,49.020352226689795,1.5097
2943,15,158,10.53,8.0,0,corps,48.997847677182676,2.0439
2944,16,182,11.38,8.4,0,corps,48.975354377137705,1.8289
2945,4,52,13.00,3.1,0,corps,48.95287232093157,2.4404
2946,18,244,13.56,9.3,0,corps,48.93040150294373,1.7245
2947,11,143,13.00,6.2,0,corps,48.90794191755652,1.9250
2948,5,68,13.60,3.6,0,corps,48.885493559155016,1.3728
2949,15,191,12.73,8.0,0,corps,48.86305642212714,1.5106
2950,3,28,9.33,2.7,0,corps,48.84063050086359,3.1052
2951,2,21,10.50,2.2,0,corps,48.818215789757915,2.5159
2952,11,100,9.09,6.2,0,corps,48.795812283206416,1.7015
2953,13,151,11.62,7.1,0,corps,48.77341997560822,1.8139
2954,4,60,15.00,3.1,0,corps,48.751038861365245,1.3788
2955,8,127,15.88,4.9,0,corps,48.72866893488222,1.5988
2956,12,119,9.92,6.7,0,corps,48.70631019056667,1.8129
2957,2,34,17.00,2.2,0,corps,48.68396262282889,1.3489
2958,2,30,15.00,2.2,0,corps,48.66162622608201,1.5892
2959,7,73,10.43,4.4,0,corps,48.63930099474191,1.8849
2960,7,83,11.86,4.4,0,corps,48.616986923227294,1.7886
2961,5,52,10.40,3.6,0,corps,48.59468400595964,1.6674
2962,7,88,12.57,4.4,0,corps,48.57239223736322,1.6963
2963,10,104,10.40,5.8,0,corps,48.55011161186509,1.7303
2964,15,117,7.80,8.0,0,corps,48.5278421238951,2.7362
2965,4,44,11.00,3.1,0,corps,48.50558376788588,1.8369
2966,4,80,20.00,3.1,0,corps,48.483336538272816,1.6511
2967,8,106,13.25,4.9,0,corps,48.461100429494124,1.5334
2968,6,51,8.50,4.0,0,corps,48.43887543599078,1.9864
2969,6,80,13.33,4.0,0,corps,48.41666155220652,1.6096
2970,11,110,10.00,6.2,0,corps,48.39445877258787,2.2928
2971,5,54,10.80,3.6,0,corps,48.372267091584156,1.8942
2972,4,61,15.25,3.1,0,corps,48.35008650364745,1.3518
2973,6,68,11.33,4.0,0,corps,48.32791700323259,2.1691
2974,6,92,15.33,4.0,0,corps,48.30575858479722,1.7943
2975,15,187,12.47,8.0,0,corps,48.28361124280172,1.5818
2976,19,210,11.05,9.8,0,corps,48.26147497170927,6.7050
2977,2,24,12.00,2.2,0,corps,48.239349765985786,1.7943
2978,16,233,14.56,8.4,0,corps,48.21723562009998,6.0776
2979,3,15,5.00,2.7,0,corps,48.1951325285233,4.0411
2980,15,180,12.00,8.0,0,corps,48.173040485729985,2.3328
2981,4,46,11.50,3.1,0,corps,48.15095948619703,2.3168
2982,16,164,10.25,8.4,0,corps,48.12888952440416,2.2006
2983,2,32,16.00,2.2,0,corps,48.106830594833916,1.5741
2984,7,91,13.00,4.4,0,corps,48.08478269197155,1.3724
2985,27,310,11.48,13.3,0,corps,48.06274581030509,1.6576
2986,5,57,11.40,3.6,0,corps,48.04071994432529,1.5042
2987,6,64,10.67,4.0,0,corps,48.01870508852572,2.2346
2988,10,120,12.00,5.8,0,corps,47.996701237402654,1.5118
2989,18,242,13.44,9.3,0,corps,47.97470838545513,1.6578
2990,10,109,10.90,5.8,0,corps,47.95272652718492,9.2478
2991,4,73,18.25,3.1,0,corps,47.93075565709658,1.4966
2992,21,300,14.29,10.7,0,corps,47.90879576969738,2.3447
2993,15,162,10.80,8.0,0,corps,47.88684685949735,9.1992
2994,7,96,13.71,4.4,0,corps,47.86490892100926,1.4803
2995,5,52,10.40,3.6,0,corps,47.84298194874863,1.7496
2996,3,48,16.00,2.7,0,corps,47.82106593723372,1.6726
2997,12,143,11.92,6.7,0,corps,47.799160880985525,1.8291
2998,4,87,21.75,3.1,0,corps,47.777266774527774,1.7225
2999,4,76,19.00,3.1,0,corps,47.75538361238694,1.6024
3000,16,153,9.56,8.4,0,corps,47.73351138909224,2.1836
3001,5,74,14.80,3.6,0,corps,47.71165009917562,1.5449
3002,3,44,14.67,2.7,0,corps,47.689799737171754,2.1049
3003,6,77,12.83,4.0,0,corps,47.66796029761804,1.5430
3004,13,116,8.92,7.1,0,corps,47.646131775054634,2.0158
3005,8,76,9.50,4.9,0,corps,47.6243141640244,1.3775
3006,4,36,9.00,3.1,0,corps,47.60250745907293,3.1061
3007,10,108,10.80,5.8,0,corps,47.58071165474855,1.7640
3008,8,106,13.25,4.9,0,corps,47.55892674560232,1.7328
3009,6,60,10.00,4.0,0,corps,47.537152726188,1.5612
3010,7,82,11.71,4.4,0,corps,47.51538959106208,1.3132
3011,10,92,9.20,5.8,0,corps,47.49363733478379,1.9993
3012,3,22,7.33,2.7,0,corps,47.47189595191506,1.5810
3013,2,26,13.00,2.2,0,corps,47.450165437020544,1.1490
3014,19,179,9.42,9.8,0,corps,47.42844578466762,6.6401
3015,7,129,18.43,4.4,0,corps,47.406736989426356,1.1810
3016,11,102,9.27,6.2,0,corps,47.385039045869576,1.6718
3017,5,99,19.80,3.6,0,corps,47.36335194857278,2.0938
3018,9,109,12.11,5.3,0,corps,47.34167569211421,1.4722
3019,11,161,14.64,6.2,0,corps,47.320010271074764,6.5516
3020,5,80,16.00,3.6,0,corps,47.29835568003812,1.8988
3021,11,131,11.91,6.2,0,corps,47.27671191359063,1.5108
3022,27,316,11.70,13.3,0,corps,47.25507896632134,2.0003
3023,5,64,12.80,3.6,0,corps,47.23345683282201,1.5344
3024,5,54,10.80,3.6,0,corps,47.211845507687116,1.4944
3025,6,36,6.00,4.0,0,corps,47.190244985513836,2.5638
3026,19,260,13.68,9.8,0,corps,47.16865526090202,2.5360
3027,4,41,10.25,3.1,0,corps,47.14707632845423,2.2864
3028,11,126,11.45,6.2,0,corps,47.12550818277576,8.4393
3029,10,114,11.40,5.8,0,corps,47.103950818474566,2.0994
3030,3,62,20.67,2.7,0,corps,47.082404230161295,1.5142
3031,11,126,11.45,6.2,0,corps,47.0608684124493,2.3363
3032,8,118,14.75,4.9,0,corps,47.039343359954636,1.5752
3033,4,46,11.50,3.1,0,corps,47.01782906729605,1.4219
3034,16,178,11.12,8.4,0,corps,46.99632552909494,1.7606
3035,5,68,13.60,3.6,0,corps,46.97483273997543,1.3541
3036,16,164,10.25,8.4,0,corps,46.953350694564335,1.5252
3037,7,72,10.29,4.4,0,corps,46.93187938749114,1.5010
3038,3,30,10.00,2.7,0,corps,46.91041881338803,1.4489
3039,6,49,8.17,4.0,0,corps,46.88896896688982,18.4309
3040,2,30,15.00,2.2,0,corps,46.867529842634085,1.4658
3041,8,92,11.50,4.9,0,corps,46.84610143526105,1.0093
3042,7,78,11.14,4.4,0,corps,46.82468373941358,1.4028
3043,6,50,8.33,4.0,0,corps,46.80327674973726,1.7996
3044,14,148,10.57,7.6,0,corps,46.78188046088037,2.4643
3045,19,181,9.53,9.8,0,corps,46.760494867493804,1.9545
3046,4,59,14.75,3.1,0,corps,46.73911996423119,0.8131
3047,15,151,10.07,8.0,0,corps,46.71775574574878,8.0423
3048,3,39,13.00,2.7,0,corps,46.69640220670553,1.2941
3049,6,74,12.33,4.0,0,corps,46.67505934176306,1.8919
3050,15,203,13.53,8.0,0,corps,46.65372714558564,1.4774
3051,6,59,9.83,4.0,0,corps,46.63240561284023,1.6661
3052,11,114,10.36,6.2,0,corps,46.61109473819645,1.8223
3053,9,103,11.44,5.3,0,corps,46.58979451632658,1.5164
3054,19,162,8.53,9.8,0,corps,46.568504941905545,2.0224
3055,18,217,12.06,9.3,0,corps,46.547226009610974,1.7475
3056,4,93,23.25,3.1,0,corps,46.52595771412314,1.0605
3057,4,65,16.25,3.1,0,corps,46.50470005012494,1.3942
3058,9,90,10.00,5.3,0,corps,46.48345301230199,1.8556
3059,17,172,10.12,8.9,0,corps,46.46221659534249,1.5538
3060,8,114,14.25,4.9,0,corps,46.44099079393738,1.1684
3061,9,92,10.22,5.3,0,corps,46.419775602780184,12.7706
3062,9,88,9.78,5.3,0,corps,46.39857101656711,1.6111
3063,24,272,11.33,12.0,0,corps,46.37737702999701,1.6454
3064,12,143,11.92,6.7,0,corps,46.35619363777138,1.5930
3065,9,71,7.89,5.3,0,corps,46.335020834594395,14.5986
3066,25,308,12.32,12.4,0,corps,46.31385861517284,1.9930
3067,8,94,11.75,4.9,0,corps,46.292706974216145,1.4405
3068,5,67,13.40,3.6,0,corps,46.27156590643642,1.5896
3069,11,118,10.73,6.2,0,corps,46.2504354065484,8.6841
3070,7,136,19.43,4.4,0,corps,46.229315469269444,1.0802
3071,5,75,15.00,3.6,0,corps,46.20820608931957,1.5353
3072,16,230,14.38,8.4,0,corps,46.18710726142144,1.5673
3073,5,50,10.00,3.6,0,corps,46.16601898030036,2.7464
3074,17,170,10.00,8.9,0,corps,46.14494124068423,1.8884
3075,5,59,11.80,3.6,0,corps,46.12387403730362,1.5520
3076,3,30,10.00,2.7,0,corps,46.10281736489176,1.0367
3077,2,25,12.50,2.2,0,corps,46.08177121818445,1.3272
3078,5,53,10.60,3.6,0,corps,46.06073559192018,1.3511
3079,18,188,10.44,9.3,0,corps,46.03971048084,1.4902
3080,5,78,15.60,3.6,0,corps,46.01869587968768,1.6160
3081,10,132,13.20,5.8,0,corps,45.99769178320954,1.6006
3082,7,71,10.14,4.4,0,corps,45.97669818615457,2.4404
3083,4,43,10.75,3.1,0,corps,45.95571508327435,1.9939
3084,9,101,11.22,5.3,0,corps,45.93474246932313,11.2201
3085,10,108,10.80,5.8,0,corps,45.91378033905775,1.9223
3086,21,239,11.38,10.7,0,corps,45.892828687237675,2.1721
3087,8,101,12.62,4.9,0,corps,45.87188750862497,1.8317
3088,16,165,10.31,8.4,0,corps,45.850956797984374,1.8416
3089,12,152,12.67,6.7,0,corps,45.8300365500832,1.6566
3090,7,89,12.71,4.4,0,corps,45.80912675969138,2.0595
3091,3,40,13.33,2.7,0,corps,45.78822742158146,2.3665
3092,3,84,28.00,2.7,0,corps,45.767338530528626,1.2554
3093,7,87,12.43,4.4,0,corps,45.74646008131063,1.9524
3094,2,30,15.00,2.2,0,corps,45.725592068707876,1.6296
3095,12,150,12.50,6.7,0,corps,45.70473448750335,1.9367
3096,9,90,10.00,5.3,0,corps,45.683887332482676,2.1878
3097,7,104,14.86,4.4,0,corps,45.66305059843404,1.9276
3098,6,67,11.17,4.0,0,corps,45.642224280148284,1.7225
3099,11,161,14.64,6.2,0,corps,45.6214083724188,5.8932
3100,7,100,14.29,4.4,0,corps,45.600602870041634,1.7378
3101,14,154,11.00,7.6,0,corps,45.5798077678154,7.1137
3102,4,50,12.50,3.1,0,corps,45.55902306054133,1.3376
3103,4,37,9.25,3.1,0,corps,45.53824874302323,1.2702
3104,11,132,12.00,6.2,0,corps,45.51748481006754,1.6886
3105,6,62,10.33,4.0,0,corps,45.49673125648327,1.5768
3106,4,76,19.00,3.1,0,corps,45.475988077082036,1.1413
3107,4,18,4.50,3.1,0,corps,45.455255266678016,4.7934
3108,14,177,12.64,7.6,0,corps,45.43453282008805,1.6467
3109,10,110,11.00,5.8,0,corps,45.4138207321315,8.6227
3110,6,80,13.33,4.0,0,corps,45.39311899763035,1.7470
3111,8,119,14.88,4.9,0,corps,45.37242761140915,1.5442
3112,12,130,10.83,6.7,0,corps,45.351746568295084,7.6854
3113,8,163,20.38,4.9,0,corps,45.33107586311787,1.4284
3114,6,93,15.50,4.0,0,corps,45.310415490709836,1.3549
3115,14,187,13.36,7.6,0,corps,45.289765445905886,1.6608
3116,14,207,14.79,7.6,0,corps,45.269125723543524,1.1101
3117,9,153,17.00,5.3,0,corps,45.2484963184628,1.5239
3118,9,124,13.78,5.3,0,corps,45.227877225506376,11.1329
3119,4,57,14.25,3.1,0,corps,45.20726843951946,2.2270
3120,2,30,15.00,2.2,0,corps,45.186669955349885,0.8427
3121,2,24,12.00,2.2,0,corps,45.16608176784801,0.7457
3122,9,95,10.56,5.3,0,corps,45.14550387186678,1.8083
3123,3,54,18.00,2.7,0,corps,45.12493626226174,0.8522
3124,5,73,14.60,3.6,0,corps,45.104378933890985,1.6350
3125,3,28,9.33,2.7,0,corps,45.08383188161517,1.6813
3126,11,110,10.00,6.2,0,corps,45.063295100297545,1.7308
3127,2,21,10.50,2.2,0,corps,45.0427685848039,2.4654
3128,6,61,10.17,4.0,0,corps,45.02225233000262,11.1867
3129,8,112,14.00,4.9,0,corps,45.00174633076464,1.5510
3130,4,29,7.25,3.1,0,corps,44.98125058196345,2.1877
3131,6,99,16.50,4.0,0,corps,44.96076507847513,6.7310
3132,6,71,11.83,4.0,0,corps,44.940289815178275,1.2902
3133,13,165,12.69,7.1,0,corps,44.9198247869541,1.5253
3134,7,83,11.86,4.4,0,corps,44.89936998868633,1.5500
3135,16,168,10.50,8.4,0,corps,44.87892541526128,1.3503
3136,15,137,9.13,8.0,0,corps,44.858491061567776,2.3981
3137,16,184,11.50,8.4,0,corps,44.83806692249727,6.9681
3138,7,64,9.14,4.4,0,corps,44.8176529929437,2.3493
3139,3,42,14.00,2.7,0,corps,44.79724926780359,1.1824
3140,2,32,16.00,2.2,0,corps,44.77685574197601,1.3865
3141,10,92,9.20,5.8,0,corps,44.756472410362576,2.3112
3142,12,143,11.92,6.7,0,corps,44.736099267867466,8.6322
3143,6,69,11.50,4.0,0,corps,44.71573630939738,2.5510
3144,12,186,15.50,6.7,0,corps,44.69538352986157,1.6559
3145,7,99,14.14,4.4,0,corps,44.675040924171874,1.6562
3146,6,61,10.17,4.0,0,corps,44.65470848724261,1.7583
3147,11,110,10.00,6.2,0,corps,44.63438621399069,1.9943
3148,4,69,17.25,3.1,0,corps,44.61407409933552,1.1294
3149,9,100,11.11,5.3,0,corps,44.59377213819909,1.6721
3150,7,61,8.71,4.4,0,corps,44.57348032550591,1.6688
3151,14,136,9.71,7.6,0,corps,44.55319865618303,2.2095
3152,20,199,9.95,10.2,0,corps,44.53292712516001,1.6773
3153,8,91,11.38,4.9,0,corps,44.51266572736899,11.7298
3154,7,91,13.00,4.4,0,corps,44.492414457744616,1.7463
3155,12,119,9.92,6.7,0,corps,44.472173311224076,1.8969
3156,7,132,18.86,4.4,0,corps,44.45194228274705,1.6496
3157,3,32,10.67,2.7,0,corps,44.43172136725582,1.6382
3158,4,48,12.00,3.1,0,corps,44.411510559695145,2.6477
3159,9,98,10.89,5.3,0,corps,44.39130985501232,1.8066
3160,16,197,12.31,8.4,0,corps,44.37111924815716,2.2175
3161,3,51,17.00,2.7,0,corps,44.35093873408202,1.2414
3162,2,17,8.50,2.2,0,corps,44.330768307741785,1.8475
3163,8,87,10.88,4.9,0,corps,44.31060796409384,1.5366
3164,6,59,9.83,4.0,0,corps,44.29045769809808,1.5235
3165,4,69,17.25,3.1,0,corps,44.270317504716964,1.4993
3166,12,139,11.58,6.7,0,corps,44.25018737891544,6.8310
3167,11,131,11.91,6.2,0,corps,44.23006731566097,1.4651
3168,8,91,11.38,4.9,0,corps,44.20995730992352,3.2778
3169,4,58,14.50,3.1,0,corps,44.189857356675624,1.6051
3170,5,41,8.20,3.6,0,corps,44.16976745089227,3.1924
3171,7,58,8.29,4.4,0,corps,44.14968758755099,2.0463
3172,10,111,11.10,5.8,0,corps,44.12961776163181,1.4958
3173,6,52,8.67,4.0,0,corps,44.109557968117294,1.9946
3174,6,73,12.17,4.0,0,corps,44.089508201992466,1.4749
3175,13,132,10.15,7.1,0,corps,44.069468458244906,2.0805
3176,15,199,13.27,8.0,0,corps,44.04943873186466,1.5143
3177,23,209,9.09,11.6,0,corps,44.029419017844305,6.1710
3178,6,74,12.33,4.0,0,corps,44.00940931117893,2.1658
3179,2,23,11.50,2.2,0,corps,43.989409606866076,1.1992
3180,27,289,10.70,13.3,0,corps,43.96941989990582,2.7851
3181,12,101,8.42,6.7,0,corps,43.94944018530077,2.0194
3182,2,24,12.00,2.2,0,corps,43.929470458055974,2.0543
3183,5,65,13.00,3.6,0,corps,43.909510713178996,1.5335
3184,2,21,10.50,2.2,0,corps,43.88956094567989,1.7040
3185,23,227,9.87,11.6,0,corps,43.86962115057124,5.6276
3186,5,62,12.40,3.6,0,corps,43.84969132286809,2.1322
3187,2,32,16.00,2.2,0,corps,43.82977145758798,2.0253
3188,14,151,10.79,7.6,0,corps,43.80986154975092,2.6098
3189,2,31,15.50,2.2,0,corps,43.78996159437948,1.5063
3190,5,43,8.60,3.6,0,corps,43.77007158649863,2.1908
3191,5,90,18.00,3.6,0,corps,43.750191521135896,2.4315
3192,6,78,13.00,4.0,0,corps,43.73032139332123,1.4319
3193,8,90,11.25,4.9,0,corps,43.71046119808714,2.0622
3194,16,229,14.31,8.4,0,corps,43.69061093046855,5.7458
3195,13,134,10.31,7.1,0,corps,43.6707705855029,2.2035
3196,25,275,11.00,12.4,0,corps,43.65094015823009,1.8836
3197,10,88,8.80,5.8,0,corps,43.63111964369254,2.0451
3198,3,38,12.67,2.7,0,corps,43.61130903693511,1.7138
3199,7,88,12.57,4.4,0,corps,43.591508333005144,1.4284
3200,11,128,11.64,6.2,0,corps,43.571717526952455,1.7952
3201,4,46,11.50,3.1,0,corps,43.55193661382936,1.9345
3202,24,226,9.42,12.0,0,corps,43.53216558869063,2.0967
3203,4,62,15.50,3.1,0,corps,43.51240444659351,1.3299
3204,9,106,11.78,5.3,0,corps,43.492653182597685,1.8394
3205,4,73,18.25,3.1,0,corps,43.47291179176537,1.3567
3206,11,158,14.36,6.2,0,corps,43.453180269161216,1.7439
3207,8,99,12.38,4.9,0,corps,43.43345860985233,1.8621
3208,5,61,12.20,3.6,0,corps,43.41374680890831,1.5534
3209,6,63,10.50,4.0,0,corps,43.394044861401184,1.8803
3210,8,113,14.12,4.9,0,corps,43.374352762405486,2.0192
3211,20,175,8.75,10.2,0,corps,43.35467050699818,2.1318
3212,11,167,15.18,6.2,0,corps,43.3349980902587,1.9507
3213,8,113,14.12,4.9,0,corps,43.31533550726896,1.6790
3214,2,32,16.00,2.2,0,corps,43.295682753113304,1.0856
3215,11,99,9.00,6.2,0,corps,43.27603982287853,2.2148
3216,12,93,7.75,6.7,0,corps,43.256406711653916,2.2021
3217,12,159,13.25,6.7,0,corps,43.236783414531196,1.7147
3218,24,343,14.29,12.0,0,corps,43.21716992660452,1.9896
3219,4,46,11.50,3.1,0,corps,43.197566242970545,1.8972
3220,9,97,10.78,5.3,0,corps,43.17797235872832,2.0359
3221,15,190,12.67,8.0,0,corps,43.158388268979394,1.7387
3222,11,172,15.64,6.2,0,corps,43.13881396882774,1.3483
3223,2,57,28.50,2.2,0,corps,43.11924945337978,0.8274
3224,9,141,15.67,5.3,0,corps,43.09969471774439,1.3582
3225,16,169,10.56,8.4,0,corps,43.080149757032885,1.7372
3226,11,154,14.00,6.2,0,corps,43.06061456635902,1.3063
3227,14,149,10.64,7.6,0,corps,43.041089140839,2.4719
3228,4,42,10.50,3.1,0,corps,43.02157347559146,2.7048
3229,4,59,14.75,3.1,0,corps,43.002067565737505,1.1754
3230,4,39,9.75,3.1,0,corps,42.982571406400645,1.8756
3231,10,94,9.40,5.8,0,corps,42.96308499270683,1.8416
3232,19,225,11.84,9.8,0,corps,42.943608319784474,1.7973
3233,6,86,14.33,4.0,0,corps,42.9241413827644,1.2162
3234,6,76,12.67,4.0,0,corps,42.90468417677988,1.3254
3235,18,204,11.33,9.3,0,corps,42.885236696966594,1.7071
3236,22,268,12.18,11.1,0,corps,42.86579893846268,4.4157
3237,11,137,12.45,6.2,0,corps,42.84637089640872,1.9532
3238,34,376,11.06,16.4,0,corps,42.826952565947686,2.4010
3239,6,64,10.67,4.0,0,corps,42.80754394222498,1.7016
3240,6,72,12.00,4.0,0,corps,42.78814502038847,1.7711
3241,15,177,11.80,8.0,0,corps,42.768755795588426,1.6031
3242,18,224,12.44,9.3,0,corps,42.74937626297752,1.4940
3243,10,129,12.90,5.8,0,corps,42.73000641771089,1.4650
3244,19,198,10.42,9.8,0,corps,42.71064625494606,1.6319
3245,3,19,6.33,2.7,0,corps,42.691295769842995,1.8856
3246,4,36,9.00,3.1,0,corps,42.67195495756408,2.5114
3247,15,140,9.33,8.0,0,corps,42.652623813274104,1.8545
3248,24,221,9.21,12.0,0,corps,42.633302332140275,1.8029
3249,17,210,12.35,8.9,0,corps,42.61399050933224,1.6406
3250,2,18,9.00,2.2,0,corps,42.59468834002204,1.7320
3251,7,79,11.29,4.4,0,corps,42.57539581938411,1.9326
3252,14,157,11.21,7.6,0,corps,42.55611294259534,4.7042
3253,8,150,18.75,4.9,0,corps,42.536839704835,1.6982
3254,6,96,16.00,4.0,0,corps,42.517576101284796,1.4809
3255,2,26,13.00,2.2,0,corps,42.49832212712883,1.5810
3256,8,155,19.38,4.9,0,corps,42.479077777553584,1.1911
3257,3,34,11.33,2.7,0,corps,42.459843047747974,1.5457
3258,30,331,11.03,14.7,0,corps,42.440617932903336,4.4753
3259,7,121,17.29,4.4,0,corps,42.421402428213376,8.8606
3260,5,76,15.20,3.6,0,corps,42.40219652887423,1.7294
3261,8,119,14.88,4.9,0,corps,42.38300023008441,1.4777
3262,14,127,9.07,7.6,0,corps,42.363813527044854,1.6345
3263,18,162,9.00,9.3,0,corps,42.34463641495888,1.5126
3264,6,97,16.17,4.0,0,corps,42.3254688890322,1.0278
3265,10,104,10.40,5.8,0,corps,42.30631094447295,1.6748
3266,11,107,9.73,6.2,0,corps,42.28716257649163,1.6136
3267,10,132,13.20,5.8,0,corps,42.268023780301164,1.3490
3268,12,159,13.25,6.7,0,corps,42.248894551116834,1.1676
3269,19,218,11.47,9.8,0,corps,42.229774884156335,1.4851
3270,10,168,16.80,5.8,0,corps,42.21066477463977,0.9080
3271,17,206,12.12,8.9,0,corps,42.19156421778959,1.9251
3272,12,134,11.17,6.7,0,corps,42.17247320883067,1.3011
3273,13,125,9.62,7.1,0,corps,42.15339174299024,1.5990
3274,12,155,12.92,6.7,0,corps,42.134319815497946,1.5088
3275,4,44,11.00,3.1,0,corps,42.11525742158581,1.1776
3276,11,187,17.00,6.2,0,corps,42.096204556488225,1.2301
3277,10,114,11.40,5.8,0,corps,42.077161215441976,7.5603
3278,7,91,13.00,4.4,0,corps,42.058127393686235,1.9048
3279,6,103,17.17,4.0,0,corps,42.03910308646254,1.3017
3280,9,130,14.44,5.3,0,corps,42.020088289014815,0.9415
3281,8,84,10.50,4.9,0,corps,42.00108299658935,1.9058
3282,12,160,13.33,6.7,0,corps,41.98208720443483,1.3943
3283,12,158,13.17,6.7,0,corps,41.96310090780233,6.9564
3284,4,55,13.75,3.1,0,corps,41.94412410194525,1.2078
3285,11,123,11.18,6.2,0,corps,41.92515678211938,1.9193
3286,10,119,11.90,5.8,0,corps,41.90619894358291,1.5469
3287,3,41,13.67,2.7,0,corps,41.887250581596376,1.2377
3288,3,36,12.00,2.7,0,corps,41.86831169142268,3.0105
3289,8,85,10.62,4.9,0,corps,41.8493822683271,1.7103
3290,11,113,10.27,6.2,0,corps,41.83046230757729,7.6736
3291,12,118,9.83,6.7,0,corps,41.811551804443255,2.3060
3292,2,21,10.50,2.2,0,corps,41.79265075419737,1.7389
3293,11,95,8.64,6.2,0,corps,41.773759152114366,8.7881
3294,12,116,9.67,6.7,0,corps,41.75487699347135,1.8731
3295,9,155,17.22,5.3,0,corps,41.73600427354777,1.3252
3296,20,218,10.90,10.2,0,corps,41.71714098762547,1.7139
3297,4,53,13.25,3.1,0,corps,41.6982871309886,2.6301
3298,5,61,12.20,3.6,0,corps,41.679442698923715,1.4250
3299,7,74,10.57,4.4,0,corps,41.6606076867197,1.9671
3300,17,204,12.00,8.9,0,corps,41.64178208966781,2.0236
3301,14,146,10.43,7.6,0,corps,41.62296590306162,1.5889
3302,12,111,9.25,6.7,0,corps,41.60415912219712,1.6466
3303,10,114,11.40,5.8,0,corps,41.58536174237259,2.2896
3304,10,139,13.90,5.8,0,corps,41.566573758888694,1.6172
3305,3,25,8.33,2.7,0,corps,41.54779516704842,1.8343
3306,14,165,11.79,7.6,0,corps,41.52902596215715,1.6257
3307,7,88,12.57,4.4,0,corps,41.51026613952256,1.6442
3308,19,213,11.21,9.8,0,corps,41.4915156944547,6.2913
3309,12,138,11.50,6.7,0,corps,41.47277462226595,7.3895
3310,12,170,14.17,6.7,0,corps,41.454042918271064,4.6369
3311,15,195,13.00,8.0,0,corps,41.4353205777871,6.1680
3312,7,113,16.14,4.4,0,corps,41.41660759613348,1.3905
3313,5,61,12.20,3.6,0,corps,41.39790396863194,1.8859
3314,26,282,10.85,12.9,0,corps,41.379209690606594,1.9076
3315,12,108,9.00,6.7,0,corps,41.36052475738387,6.9424
3316,14,165,11.79,7.6,0,corps,41.341849164292526,1.6476
3317,9,133,14.78,5.3,0,corps,41.32318290666366,1.5313
3318,14,156,11.14,7.6,0,corps,41.30452597983073,2.4322
3319,11,146,13.27,6.2,0,corps,41.28587837912948,2.0466
3320,4,53,13.25,3.1,0,corps,41.267240099898025,2.2471
3321,14,182,13.00,7.6,0,corps,41.24861113747678,5.9575
3322,13,165,12.69,7.1,0,corps,41.229991487208515,1.8057
3323,4,60,15.00,3.1,0,corps,41.21138114443833,1.7339
3324,11,156,14.18,6.2,0,corps,41.19278010451361,6.5596
3325,10,152,15.20,5.8,0,corps,41.1741883627841,5.2016
3326,25,300,12.00,12.4,0,corps,41.15560591460189,2.0751
3327,9,93,10.33,5.3,0,corps,41.13703275532136,1.4686
3328,12,134,11.17,6.7,0,corps,41.118468880299204,7.8215
3329,15,139,9.27,8.0,0,corps,41.09991428489445,5.9882
3330,9,97,10.78,5.3,0,corps,41.08136896446848,2.4027
3331,10,104,10.40,5.8,0,corps,41.06283291438493,1.9849
3332,6,77,12.83,4.0,0,corps,41.04430613000981,11.6352
3333,2,9,4.50,2.2,0,corps,41.02578860671141,3.9585
3334,5,82,16.40,3.6,0,corps,41.00728033986035,1.7384
3335,3,39,13.00,2.7,0,corps,40.988781324829574,1.3352
3336,5,75,15.00,3.6,0,corps,40.97029155699433,1.6984
3337,9,100,11.11,5.3,0,corps,40.95181103173215,10.7747
3338,4,63,15.75,3.1,0,corps,40.93333974442293,1.6282
3339,4,58,14.50,3.1,0,corps,40.91487769044884,1.4001
3340,9,89,9.89,5.3,0,corps,40.89642486519437,1.9507
3341,7,87,12.43,4.4,0,corps,40.87798126404629,1.2135
3342,17,178,10.47,8.9,0,corps,40.85954688239373,1.3716
3343,15,169,11.27,8.0,0,corps,40.841121715628084,1.3041
3344,11,112,10.18,6.2,0,corps,40.82270575914306,5.8204
3345,5,62,12.40,3.6,0,corps,40.80429900833466,1.0376
3346,8,111,13.88,4.9,0,corps,40.78590145860121,1.1247
3347,5,82,16.40,3.6,0,corps,40.76751310534332,2.0262
3348,7,81,11.57,4.4,0,corps,40.7491339439639,1.3283
3349,13,110,8.46,7.1,0,corps,40.730763969868136,1.6271
3350,8,78,9.75,4.9,0,corps,40.712403178463575,1.3711
3351,24,212,8.83,12.0,0,corps,40.694051565159995,4.2135
3352,9,129,14.33,5.3,0,corps,40.675709125369494,1.2126
3353,4,58,14.50,3.1,0,corps,40.65737585450647,1.5105
3354,9,122,13.56,5.3,0,corps,40.639051747987594,7.7873
3355,7,83,11.86,4.4,0,corps,40.62073680123186,1.5326
3356,3,55,18.33,2.7,0,corps,40.6024310096605,1.4130
3357,6,70,11.67,4.0,0,corps,40.584134368697086,1.6920
3358,4,58,14.50,3.1,0,corps,40.56584687376746,1.2821
3359,16,191,11.94,8.4,0,corps,40.54756852029975,5.4987
3360,13,121,9.31,7.1,0,corps,40.52929930372435,1.9154
3361,3,35,11.67,2.7,0,corps,40.511039219473965,1.9990
3362,21,247,11.76,10.7,0,corps,40.49278826298358,1.5425
3363,2,47,23.50,2.2,0,corps,40.474546429690456,1.4760
3364,2,10,5.00,2.2,0,corps,40.45631371503412,1.9690
3365,10,76,7.60,5.8,0,corps,40.4380901144564,1.8045
3366,25,273,10.92,12.4,0,corps,40.41987562340141,1.7178
3367,9,97,10.78,5.3,0,corps,40.401670237315514,2.5852
3368,16,128,8.00,8.4,0,corps,40.38347395164736,1.7958
3369,7,66,9.43,4.4,0,corps,40.36528676184788,1.7769
3370,2,23,11.50,2.2,0,corps,40.34710866337029,2.3828
3371,2,41,20.50,2.2,0,corps,40.32893965167005,1.3574
3372,14,138,9.86,7.6,0,corps,40.31077972220491,2.3269
3373,11,110,10.00,6.2,0,corps,40.292628870434896,1.5664
3374,9,108,12.00,5.3,0,corps,40.27448709182229,8.0514
3375,26,284,10.92,12.9,0,corps,40.25635438183164,3.1320
3376,5,60,12.00,3.6,0,corps,40.238230735929776,1.7286
3377,8,75,9.38,4.9,0,corps,40.220116149585785,1.7501
3378,9,73,8.11,5.3,0,corps,40.20201061827102,1.6174
3379,10,137,13.70,5.8,0,corps,40.18391413745909,1.3083
3380,13,151,11.62,7.1,0,corps,40.16582670262589,1.4671
3381,4,46,11.50,3.1,0,corps,40.147748309249565,2.7723
3382,8,139,17.38,4.9,0,corps,40.12967895281049,5.6662
3383,8,106,13.25,4.9,0,corps,40.11161862879134,10.2529
3384,11,124,11.27,6.2,0,corps,40.09356733267705,2.0492
3385,2,29,14.50,2.2,0,corps,40.07552505995477,1.7256
3386,7,77,11.00,4.4,0,corps,40.057491806113944,2.2485
3387,22,295,13.41,11.1,0,corps,40.03946756664626,2.3489
3388,19,253,13.32,9.8,0,corps,40.02145233704565,2.1363
3389,11,141,12.82,6.2,0,corps,40.00344611280833,8.2610
3390,16,177,11.06,8.4,0,corps,39.985448889432696,6.1890
3391,9,144,16.00,5.3,0,corps,39.9674606624195,1.7373
3392,7,85,12.14,4.4,0,corps,39.949481427271635,2.1376
3393,9,116,12.89,5.3,0,corps,39.93151117949433,1.8217
3394,21,246,11.71,10.7,0,corps,39.913549914594995,4.2730
3395,3,19,6.33,2.7,0,corps,39.89559762808333,3.4434
3396,12,143,11.92,6.7,0,corps,39.87765431547127,1.9124
3397,7,77,11.00,4.4,0,corps,39.85971997227297,1.9004
3398,15,178,11.87,8.0,0,corps,39.84179459400484,6.6843
3399,8,97,12.12,4.9,0,corps,39.823878176185545,1.7215
3400,14,172,12.29,7.6,0,corps,39.80597071433599,6.4530
3401,8,95,11.88,4.9,0,corps,39.7880722039793,1.6029
3402,21,204,9.71,10.7,0,corps,39.77018264064084,2.2706
3403,4,49,12.25,3.1,0,corps,39.75230201984823,1.3898
3404,24,224,9.33,12.0,0,corps,39.734430337131315,2.7164
3405,6,43,7.17,4.0,0,corps,39.716567588022166,2.1141
3406,11,140,12.73,6.2,0,corps,39.6987137680551,1.1272
3407,23,303,13.17,11.6,0,corps,39.680868872766666,4.3265
3408,17,168,9.88,8.9,0,corps,39.66303289769563,7.6450
3409,10,107,10.70,5.8,0,corps,39.64520583838301,1.5663
3410,7,83,11.86,4.4,0,corps,39.62738769037203,1.3155
3411,3,35,11.67,2.7,0,corps,39.60957844920816,1.1914
3412,13,127,9.77,7.1,0,corps,39.591778110439094,1.4590
3413,18,204,11.33,9.3,0,corps,39.57398666961473,1.5327
3414,3,58,19.33,2.7,0,corps,39.55620412228722,1.0005
3415,6,69,11.50,4.0,0,corps,39.538430464010936,1.3957
3416,7,70,10.00,4.4,0,corps,39.52066569034245,1.3673
3417,12,123,10.25,6.7,0,corps,39.50290979684057,7.5282
3418,26,349,13.42,12.9,0,corps,39.48516277906632,1.8333
3419,17,251,14.76,8.9,0,corps,39.46742463258295,2.1081
3420,12,153,12.75,6.7,0,corps,39.44969535295593,1.2119
3421,7,84,12.00,4.4,0,corps,39.431974935752926,1.2828
3422,13,164,12.62,7.1,0,corps,39.414263376543836,1.2474
3423,22,198,9.00,11.1,0,corps,39.39656067090079,2.4967
3424,9,110,12.22,5.3,0,corps,39.37886681439808,1.8679
3425,15,182,12.13,8.0,0,corps,39.36118180261227,1.7362
3426,15,177,11.80,8.0,0,corps,39.34350563112209,1.6547
3427,8,77,9.62,4.9,0,corps,39.3258382955085,1.8223
3428,22,206,9.36,11.1,0,corps,39.30817979135467,1.6706
3429,14,153,10.93,7.6,0,corps,39.290530114245975,2.0600
3430,17,255,15.00,8.9,0,corps,39.27288925976998,1.2146
3431,16,145,9.06,8.4,0,corps,39.2552572235165,1.4005
3432,10,122,12.20,5.8,0,corps,39.237634001077495,1.3467
3433,5,61,12.20,3.6,0,corps,39.22001958804719,1.4835
3434,14,162,11.57,7.6,0,corps,39.202413980021944,1.8946
3435,3,23,7.67,2.7,0,corps,39.1848171726004,1.9724
3436,16,167,10.44,8.4,0,corps,39.16722916138332,1.5971
3437,14,120,8.57,7.6,0,corps,39.14964994197372,1.8637
3438,10,94,9.40,5.8,0,corps,39.132079509976776,1.6333
3439,3,31,10.33,2.7,0,corps,39.1145178609999,2.0294
3440,5,70,14.00,3.6,0,corps,39.09696499065267,1.6318
3441,14,162,11.57,7.6,0,corps,39.07942089454687,6.5089
3442,10,150,15.00,5.8,0,corps,39.061885568296475,1.3383
3443,20,288,14.40,10.2,0,corps,39.04435900751766,1.9439
3444,2,25,12.50,2.2,0,corps,39.02684120782878,1.5199
3445,15,165,11.00,8.0,0,corps,39.009332164850385,1.9860
3446,17,192,11.29,8.9,0,corps,38.991831874205204,1.8238
3447,11,112,10.18,6.2,0,corps,38.97434033151818,9.3924
3448,11,143,13.00,6.2,0,corps,38.95685753241643,1.6547
3449,22,289,13.14,11.1,0,corps,38.93938347252924,3.4844
3450,3,33,11.00,2.7,0,corps,38.921918147488086,2.7152
3451,6,48,8.00,4.0,0,corps,38.90446155292666,2.7190
3452,14,182,13.00,7.6,0,corps,38.887013684480806,1.6613
3453,4,66,16.50,3.1,0,corps,38.86957453778856,1.2718
3454,8,74,9.25,4.9,0,corps,38.852144108490116,1.8900
3455,2,29,14.50,2.2,0,corps,38.834722392227896,1.4109
3456,7,86,12.29,4.4,0,corps,38.81730938464645,1.3658
3457,16,205,12.81,8.4,0,corps,38.799905081392524,5.4719
3458,5,72,14.40,3.6,0,corps,38.78250947811506,1.9992
3459,3,48,16.00,2.7,0,corps,38.76512257046514,1.7188
3460,5,40,8.00,3.6,0,corps,38.74774435409605,2.1606
3461,13,147,11.31,7.1,0,corps,38.73037482466323,1.2176
3462,11,110,10.00,6.2,0,corps,38.71301397782428,1.2025
3463,18,229,12.72,9.3,0,corps,38.69566180923903,2.1322
3464,2,21,10.50,2.2,0,corps,38.678318314569395,2.4559
3465,6,80,13.33,4.0,0,corps,38.66098348947953,1.2425
3466,7,65,9.29,4.4,0,corps,38.64365732963571,1.9648
3467,6,74,12.33,4.0,0,corps,38.6263398307064,1.3893
3468,24,342,14.25,12.0,0,corps,38.609030988362235,2.6068
3469,39,395,10.13,18.7,0,corps,38.591730798276,2.1852
3470,2,15,7.50,2.2,0,corps,38.57443925612263,2.1178
3471,11,105,9.55,6.2,0,corps,38.55715635757927,8.8651
3472,7,70,10.00,4.4,0,corps,38.53988209832517,1.9394
3473,15,168,11.20,8.0,0,corps,38.52261647404179,1.7521
3474,16,154,9.62,8.4,0,corps,38.50535948041269,1.6914
3475,21,214,10.19,10.7,0,corps,38.488111113123644,1.7078
3476,14,160,11.43,7.6,0,corps,38.47087136786257,6.1110
3477,17,173,10.18,8.9,0,corps,38.4536402403195,1.5431
3478,13,111,8.54,7.1,0,corps,38.436417726186676,1.5853
3479,2,32,16.00,2.2,0,corps,38.41920382115846,1.6268
3480,3,42,14.00,2.7,0,corps,38.401998520931386,0.8717
3481,8,81,10.12,4.9,0,corps,38.38480182120412,2.3538
3482,2,35,17.50,2.2,0,corps,38.36761371767748,1.8163
3483,19,182,9.58,9.8,0,corps,38.35043420605445,3.2935
3484,9,102,11.33,5.3,0,corps,38.33326328204016,1.4593
3485,5,48,9.60,3.6,0,corps,38.316100941341865,1.4593
3486,12,134,11.17,6.7,0,corps,38.29894717966897,8.1789
3487,7,95,13.57,4.4,0,corps,38.281801992733065,1.8784
3488,5,66,13.20,3.6,0,corps,38.264665376247834,1.7870
3489,7,85,12.14,4.4,0,corps,38.24753732592912,1.9331
3490,24,218,9.08,12.0,0,corps,38.230417837494926,2.3461
3491,14,168,12.00,7.6,0,corps,38.21330690666536,6.2939
3492,11,136,12.36,6.2,0,corps,38.196204529162706,1.9814
3493,11,119,10.82,6.2,0,corps,38.17911070071136,2.0212
3494,17,171,10.06,8.9,0,corps,38.16202541703787,4.9890
3495,11,107,9.73,6.2,0,corps,38.1449486738709,7.7073
3496,7,101,14.43,4.4,0,corps,38.12788046694129,1.9948
3497,13,132,10.15,7.1,0,corps,38.11082079198197,2.2572
3498,10,99,9.90,5.8,0,corps,38.09376964472801,2.2589
3499,16,173,10.81,8.4,0,corps,38.076727020916664,2.1417
3500,15,132,8.80,8.0,0,corps,38.05969291628725,2.0880
3501,19,206,10.84,9.8,0,corps,38.042667326581224,2.3586
3502,20,261,13.05,10.2,0,corps,38.02565024754222,2.4137
3503,2,25,12.50,2.2,0,corps,38.00864167491594,2.1746
3504,5,68,13.60,3.6,0,corps,37.99164160445028,1.6103
3505,14,165,11.79,7.6,0,corps,37.97465003189518,1.5594
3506,16,153,9.56,8.4,0,corps,37.95766695300277,2.3479
3507,2,24,12.00,2.2,0,corps,37.940692363527276,1.2802
3508,9,90,10.00,5.3,0,corps,37.92372625922505,1.9054
3509,6,66,11.00,4.0,0,corps,37.90676863585456,1.9439
3510,14,164,11.71,7.6,0,corps,37.88981948917641,5.9385
3511,8,110,13.75,4.9,0,corps,37.8728788149533,2.5107
3512,13,146,11.23,7.1,0,corps,37.855946608950084,6.8151
3513,5,70,14.00,3.6,0,corps,37.83902286693369,1.7980
3514,21,214,10.19,10.7,0,corps,37.82210758467319,2.4742
3515,20,279,13.95,10.2,0,corps,37.80520075793976,4.5309
3516,12,106,8.83,6.7,0,corps,37.78830238250671,6.1399
3517,6,54,9.00,4.0,0,corps,37.77141245414942,1.9866
3518,21,205,9.76,10.7,0,corps,37.75453096864542,3.8219
3519,5,56,11.20,3.6,0,corps,37.73765792177433,1.7458
3520,9,94,10.44,5.3,0,corps,37.7207933093179,11.2533
3521,26,286,11.00,12.9,0,corps,37.70393712705998,1.9200
3522,2,34,17.00,2.2,0,corps,37.687089370786516,1.2523
3523,12,156,13.00,6.7,0,corps,37.670250036285566,1.5923
3524,2,37,18.50,2.2,0,corps,37.6534191193473,1.1243
3525,9,103,11.44,5.3,0,corps,37.63659661576399,1.7105
3526,32,311,9.72,15.6,0,corps,37.619782521330016,2.1637
3527,6,68,11.33,4.0,0,corps,37.602976831841836,1.9043
3528,8,102,12.75,4.9,0,corps,37.58617954309804,1.4590
3529,13,166,12.77,7.1,0,corps,37.569390650899315,1.9028
3530,24,256,10.67,12.0,0,corps,37.55261015104843,2.0393
3531,5,58,11.60,3.6,0,corps,37.53583803935023,2.0018
3532,8,79,9.88,4.9,0,corps,37.51907431161174,12.2804
3533,13,169,13.00,7.1,0,corps,37.502318963642,1.8529
3534,19,220,11.58,9.8,0,corps,37.48557199125217,1.7534
3535,6,56,9.33,4.0,0,corps,37.46883339025551,2.1658
3536,23,245,10.65,11.6,0,corps,37.45210315646738,3.1780
3537,8,91,11.38,4.9,0,corps,37.43538128570521,2.1064
3538,5,66,13.20,3.6,0,corps,37.418667773788535,1.7551
3539,10,100,10.00,5.8,0,corps,37.401962616538974,2.5870
3540,14,149,10.64,7.6,0,corps,37.38526580978024,1.9921
3541,24,237,9.88,12.0,0,corps,37.36857734933814,2.3456
3542,4,45,11.25,3.1,0,corps,37.35189723104055,1.9551
3543,17,155,9.12,8.9,0,corps,37.33522545071744,6.9599
3544,6,167,27.83,4.0,0,corps,37.318562004200864,6.0036
3545,4,119,29.75,3.1,0,corps,37.30190688732497,1.1624
3546,6,93,15.50,4.0,0,corps,37.28526009592596,1.6202
3547,3,64,21.33,2.7,0,corps,37.26862162584215,1.4330
3548,6,72,12.00,4.0,0,corps,37.25199147291393,1.1780
3549,13,147,11.31,7.1,0,corps,37.23536963298375,1.3655
3550,5,60,12.00,3.6,0,corps,37.21875610189614,1.6562
3551,37,390,10.54,17.8,0,corps,37.20215087549772,4.4048
3552,17,156,9.18,8.9,0,corps,37.18555394963721,1.7241
3553,6,73,12.17,4.0,0,corps,37.16896532016536,1.7238
3554,12,148,12.33,6.7,0,corps,37.15238498293502,1.6156
3555,17,192,11.29,8.9,0,corps,37.13581293380108,2.3272
3556,8,89,11.12,4.9,0,corps,37.11924916862055,1.9073
3557,9,103,11.44,5.3,0,corps,37.10269368325248,6.7365
3558,16,212,13.25,8.4,0,corps,37.086146473558024,1.4851
3559,21,188,8.95,10.7,0,corps,37.06960753540034,3.7287
3560,6,68,11.33,4.0,0,corps,37.053076864644716,1.8925
3561,11,136,12.36,6.2,0,corps,37.03655445715849,6.0681
3562,10,114,11.40,5.8,0,corps,37.02004030881103,4.5022
3563,19,206,10.84,9.8,0,corps,37.00353441547383,2.6434
3564,9,103,11.44,5.3,0,corps,36.987036773020414,2.2311
3565,8,67,8.38,4.9,0,corps,36.970547377326355,2.0246
3566,5,67,13.40,3.6,0,corps,36.95406622426932,2.4319
3567,2,23,11.50,2.2,0,corps,36.937593309729,2.1471
3568,5,67,13.40,3.6,0,corps,36.92112862958719,1.1692
3569,3,29,9.67,2.7,0,corps,36.9046721797277,1.7589
3570,13,136,10.46,7.1,0,corps,36.888223956036434,2.0343
3571,5,51,10.20,3.6,0,corps,36.871783954401316,1.4886
3572,2,45,22.50,2.2,0,corps,36.85535217071237,1.2908
3573,18,204,11.33,9.3,0,corps,36.838928600861635,1.5757
3574,42,418,9.95,20.0,0,corps,36.82251324074322,2.4037
3575,15,159,10.60,8.0,0,corps,36.80610608625328,1.5996
3576,9,93,10.33,5.3,0,corps,36.789707133290044,2.3065
3577,21,246,11.71,10.7,0,corps,36.77331637775376,2.9077
3578,15,155,10.33,8.0,0,corps,36.75693381554674,3.8617
3579,10,144,14.40,5.8,0,corps,36.740559442573336,1.3557
3580,9,107,11.89,5.3,0,corps,36.72419325473997,1.6643
3581,22,252,11.45,11.1,0,corps,36.707835247955096,1.6297
3582,4,53,13.25,3.1,0,corps,36.6914854181292,1.3391
3583,12,153,12.75,6.7,0,corps,36.675143761174816,1.4134
3584,5,52,10.40,3.6,0,corps,36.65881027300655,2.0282
3585,10,110,11.00,5.8,0,corps,36.64248494954103,1.3228
3586,6,65,10.83,4.0,0,corps,36.62616778669691,1.2860
3587,7,81,11.57,4.4,0,corps,36.6098587803949,1.3875
3588,8,70,8.75,4.9,0,corps,36.59355792655777,8.0877
3589,32,339,10.59,15.6,0,corps,36.57726522111028,4.0009
3590,14,194,13.86,7.6,0,corps,36.56098065997928,1.3971
3591,10,116,11.60,5.8,0,corps,36.5447042390936,1.0995
3592,3,38,12.67,2.7,0,corps,36.52843595438415,1.7056
3593,3,26,8.67,2.7,0,corps,36.51217580178386,1.4283
3594,23,218,9.48,11.6,0,corps,36.495923777227695,2.4527
3595,33,328,9.94,16.0,0,corps,36.47967987665264,1.8598
3596,12,137,11.42,6.7,0,corps,36.46344409599772,6.7566
3597,8,115,14.38,4.9,0,corps,36.447216431204,1.4250
3598,11,126,11.45,6.2,0,corps,36.43099687821455,1.6269
3599,9,65,7.22,5.3,0,corps,36.41478543297449,15.9971
3600,15,158,10.53,8.0,0,corps,36.39858209143096,5.4488
3601,20,208,10.40,10.2,0,corps,36.38238684953312,1.7592
3602,15,162,10.80,8.0,0,corps,36.36619970323217,3.2542
3603,12,144,12.00,6.7,0,corps,36.35002064848129,1.8870
3604,14,119,8.50,7.6,0,corps,36.333849681235755,1.8418
3605,15,163,10.87,8.0,0,corps,36.317686797452815,4.2710
3606,21,207,9.86,10.7,0,corps,36.30153199309174,1.8548
3607,6,79,13.17,4.0,0,corps,36.28538526411382,1.9816
3608,12,132,11.00,6.7,0,corps,36.2692466064824,2.1020
3609,29,344,11.86,14.2,0,corps,36.25311601616279,4.7949
3610,4,32,8.00,3.1,0,corps,36.23699348912236,3.1136
3611,25,329,13.16,12.4,0,corps,36.22087902133046,3.6458
3612,29,309,10.66,14.2,0,corps,36.20477260875849,4.6318
3613,24,228,9.50,12.0,0,corps,36.188674247379836,2.4964
3614,9,102,11.33,5.3,0,corps,36.17258393316992,1.2699
3615,13,175,13.46,7.1,0,corps,36.156501662106145,1.9466
3616,22,235,10.68,11.1,0,corps,36.140427430167954,3.8049
3617,13,183,14.08,7.1,0,corps,36.124361233336785,1.7064
3618,4,68,17.00,3.1,0,corps,36.108303067596104,1.2439
3619,2,22,11.00,2.2,0,corps,36.092252928931345,1.0864
3620,6,47,7.83,4.0,0,corps,36.07621081332999,2.2383
3621,2,39,19.50,2.2,0,corps,36.06017671678151,1.0729
3622,11,133,12.09,6.2,0,corps,36.044150635277376,1.7414
3623,27,282,10.44,13.3,0,corps,36.02813256481105,2.5358
3624,4,60,15.00,3.1,0,corps,36.01212250137805,1.9620
3625,10,110,11.00,5.8,0,corps,35.996120440975844,1.5308
3626,3,22,7.33,2.7,0,corps,35.98012637960391,2.8923
3627,7,80,11.43,4.4,0,corps,35.96414031326374,1.9810
3628,14,184,13.14,7.6,0,corps,35.948162237958805,1.7898
3629,17,182,10.71,8.9,0,corps,35.9321921496946,1.6545
3630,17,163,9.59,8.9,0,corps,35.9162300444786,2.4139
3631,5,54,10.80,3.6,0,corps,35.90027591832028,2.0632
3632,28,280,10.00,13.8,0,corps,35.8843297672311,5.7917
3633,11,175,15.91,6.2,0,corps,35.86839158722454,1.6707
3634,8,83,10.38,4.9,0,corps,35.85246137431603,11.7341
3635,12,130,10.83,6.7,0,corps,35.836539124523036,8.5179
3636,8,77,9.62,4.9,0,corps,35.820624833864976,2.6268
3637,10,140,14.00,5.8,0,corps,35.80471849836331,7.0848
3638,15,186,12.40,8.0,0,corps,35.78882011404143,2.8882
3639,3,40,13.33,2.7,0,corps,35.77292967692474,1.8340
3640,14,131,9.36,7.6,0,corps,35.757047183040626,2.5505
3641,2,35,17.50,2.2,0,corps,35.74117262841848,1.8816
3642,11,122,11.09,6.2,0,corps,35.725306009089664,1.6758
3643,7,108,15.43,4.4,0,corps,35.70944732108751,1.4397
3644,10,82,8.20,5.8,0,corps,35.69359656044735,1.9308
3645,15,168,11.20,8.0,0,corps,35.67775372320649,1.4353
3646,13,109,8.38,7.1,0,corps,35.661918805404234,2.0693
3647,4,31,7.75,3.1,0,corps,35.646091803081845,1.7355
3648,8,73,9.12,4.9,0,corps,35.63027271228256,11.9763
3649,22,230,10.45,11.1,0,corps,35.61446152905163,2.0084
3650,12,119,9.92,6.7,0,corps,35.59865824943624,9.4612
3651,8,60,7.50,4.9,0,corps,35.58286286948559,3.1789
3652,19,190,10.00,9.8,0,corps,35.56707538525081,1.8628
3653,2,20,10.00,2.2,0,corps,35.551295792785034,1.2156
3654,3,36,12.00,2.7,0,corps,35.53552408814338,2.0103
3655,13,129,9.92,7.1,0,corps,35.519760267382914,2.3180
3656,3,24,8.00,2.7,0,corps,35.50400432656267,1.7997
3657,6,46,7.67,4.0,0,corps,35.488256261743686,2.4196
3658,19,183,9.63,9.8,0,corps,35.472516068988924,5.4350
3659,19,162,8.53,9.8,0,corps,35.45678374436335,2.7364
3660,3,30,10.00,2.7,0,corps,35.44105928393385,1.9105
3661,4,51,12.75,3.1,0,corps,35.425342683769365,1.6938
3662,9,95,10.56,5.3,0,corps,35.4096339399407,1.4444
3663,15,174,11.60,8.0,0,corps,35.39393304852069,1.9807
3664,6,37,6.17,4.0,0,corps,35.3782400055841,3.6352
3665,5,59,11.80,3.6,0,corps,35.36255480720767,1.7982
3666,2,32,16.00,2.2,0,corps,35.346877449470114,1.6152
3667,21,256,12.19,10.7,0,corps,35.33120792845209,1.8874
3668,13,137,10.54,7.1,0,corps,35.315546240236195,1.8051
3669,14,162,11.57,7.6,0,corps,35.29989238090703,1.7981
3670,11,95,8.64,6.2,0,corps,35.28424634655113,3.1893
3671,19,171,9.00,9.8,0,corps,35.268608133256976,1.9704
3672,7,71,10.14,4.4,0,corps,35.25297773711501,1.8715
3673,10,102,10.20,5.8,0,corps,35.23735515421765,6.8158
3674,20,190,9.50,10.2,0,corps,35.22174038065924,2.1363
3675,13,134,10.31,7.1,0,corps,35.20613341253609,2.3015
3676,7,69,9.86,4.4,0,corps,35.190534245946445,1.7283
3677,15,165,11.00,8.0,0,corps,35.174942876990535,1.6061
3678,16,197,12.31,8.4,0,corps,35.15935930177051,2.0920
3679,13,123,9.46,7.1,0,corps,35.14378351639046,1.4256
3680,11,113,10.27,6.2,0,corps,35.12821551695645,3.0413
3681,21,221,10.52,10.7,0,corps,35.11265529957649,3.7053
3682,12,120,10.00,6.7,0,corps,35.09710286036052,1.6510
3683,24,228,9.50,12.0,0,corps,35.08155819542042,1.9027
3684,32,328,10.25,15.6,0,corps,35.06602130087003,2.0439
3685,4,74,18.50,3.1,0,corps,35.05049217282513,1.0986
3686,21,213,10.14,10.7,0,corps,35.03497080740344,3.0851
3687,8,105,13.12,4.9,0,corps,35.01945720072461,8.2578
3688,9,90,10.00,5.3,0,corps,35.003951348910235,1.9331
3689,4,46,11.50,3.1,0,corps,34.988453248083864,1.2008
3690,3,39,13.00,2.7,0,corps,34.972962894370966,1.3310
3691,9,88,9.78,5.3,0,corps,34.95748028389896,1.6121
3692,17,184,10.82,8.9,0,corps,34.942005412797165,5.4169
3693,15,128,8.53,8.0,0,corps,34.9265382771969,1.6699
3694,9,97,10.78,5.3,0,corps,34.911078873231375,1.3363
3695,6,81,13.50,4.0,0,corps,34.89562719703571,0.9922
3696,18,219,12.17,9.3,0,corps,34.880183244747016,1.9313
3697,9,108,12.00,5.3,0,corps,34.86474701250429,1.4257
3698,5,52,10.40,3.6,0,corps,34.849318496448475,1.9240
3699,35,336,9.60,16.9,0,corps,34.83389769272245,3.8985
3700,13,129,9.92,7.1,0,corps,34.81848459747101,2.2179
3701,2,20,10.00,2.2,0,corps,34.80307920684088,1.6232
3702,9,150,16.67,5.3,0,corps,34.787681516980705,1.9237
3703,27,308,11.41,13.3,0,corps,34.77229152404108,4.1595
3704,9,101,11.22,5.3,0,corps,34.756909224174485,2.0107
3705,21,197,9.38,10.7,0,corps,34.741534613535364,2.6545
3706,15,150,10.00,8.0,0,corps,34.72616768828006,2.3480
3707,22,244,11.09,11.1,0,corps,34.71080844456683,2.0681
3708,7,85,12.14,4.4,0,corps,34.695456878555866,1.5122
3709,10,102,10.20,5.8,0,corps,34.6801129864093,2.6119
3710,13,143,11.00,7.1,0,corps,34.664776764291126,1.8104
3711,22,229,10.41,11.1,0,corps,34.64944820836731,4.5008
3712,15,180,12.00,8.0,0,corps,34.634127314805696,4.1962
3713,17,186,10.94,8.9,0,corps,34.61881407977607,2.0430
3714,16,160,10.00,8.4,0,corps,34.603508499450136,2.0081
3715,16,194,12.12,8.4,0,corps,34.58821057000148,2.0746
3716,9,94,10.44,5.3,0,corps,34.572920287605626,1.9200
3717,13,148,11.38,7.1,0,corps,34.55763764844001,1.7329
3718,9,69,7.67,5.3,0,corps,34.54236264868395,1.8759
3719,8,87,10.88,4.9,0,corps,34.52709528451872,2.1692
3720,15,182,12.13,8.0,0,corps,34.511835552127465,5.6130
3721,3,61,20.33,2.7,0,corps,34.49658344769526,0.9486
3722,6,46,7.67,4.0,0,corps,34.48133896740909,2.6932
3723,12,150,12.50,6.7,0,corps,34.46610210745781,1.6410
3724,3,62,20.67,2.7,0,corps,34.4508728640322,1.3675
3725,9,79,8.78,5.3,0,corps,34.43565123332498,1.4371
3726,19,142,7.47,9.8,0,corps,34.42043721153073,2.4296
3727,2,27,13.50,2.2,0,corps,34.405230794845934,1.4034
3728,2,15,7.50,2.2,0,corps,34.39003197946899,2.8738
3729,23,219,9.52,11.6,0,corps,34.37484076160021,1.7116
3730,9,97,10.78,5.3,0,corps,34.35965713744178,1.4509
3731,3,42,14.00,2.7,0,corps,34.344481103197786,2.0464
3732,13,151,11.62,7.1,0,corps,34.329312655074226,1.8418
3733,16,190,11.88,8.4,0,corps,34.31415178927899,1.6918
3734,4,30,7.50,3.1,0,corps,34.29899850202186,2.2332
3735,15,128,8.53,8.0,0,corps,34.28385278951451,8.2247
3736,11,106,9.64,6.2,0,corps,34.26871464797052,2.0996
3737,15,128,8.53,8.0,0,corps,34.25358407360534,2.2579
3738,7,67,9.57,4.4,0,corps,34.23846106263635,2.9303
3739,29,337,11.62,14.2,0,corps,34.223345611282774,3.2396
3740,7,103,14.71,4.4,0,corps,34.208237715765755,2.3499
3741,4,42,10.50,3.1,0,corps,34.19313737230832,1.2227
3742,8,83,10.38,4.9,0,corps,34.178044577135395,2.4436
3743,2,32,16.00,2.2,0,corps,34.162959326473775,1.7267
3744,14,158,11.29,7.6,0,corps,34.147881616552134,1.7543
3745,22,221,10.05,11.1,0,corps,34.132811443601064,5.7655
3746,13,152,11.69,7.1,0,corps,34.117748803853004,1.4194
3747,11,92,8.36,6.2,0,corps,34.10269369354231,1.7040
3748,7,55,7.86,4.4,0,corps,34.087646108905176,2.6781
3749,20,240,12.00,10.2,0,corps,34.07260604617974,1.7538
3750,18,194,10.78,9.3,0,corps,34.05757350160597,6.5298
3751,23,179,7.78,11.6,0,corps,34.04254847142575,2.9329
3752,16,177,11.06,8.4,0,corps,34.02753095188278,1.8733
3753,14,161,11.50,7.6,0,corps,34.0125209392227,5.2417
3754,12,123,10.25,6.7,0,corps,33.99751842969304,1.9184
3755,3,44,14.67,2.7,0,corps,33.98252341954313,1.4675
3756,6,69,11.50,4.0,0,corps,33.96753590502422,2.7017
3757,17,185,10.88,8.9,0,corps,33.952555882389454,8.8046
3758,12,128,10.67,6.7,0,corps,33.937583347893806,6.9650
3759,19,183,9.63,9.8,0,corps,33.92261829779416,2.5296
3760,8,81,10.12,4.9,0,corps,33.90766072834924,2.2970
3761,15,211,14.07,8.0,0,corps,33.892710635819654,1.8194
3762,2,20,10.00,2.2,0,corps,33.87776801646788,1.0494
3763,11,106,9.64,6.2,0,corps,33.862832866558286,2.0785
3764,2,20,10.00,2.2,0,corps,33.847905182357046,1.7269
3765,17,161,9.47,8.9,0,corps,33.83298496013226,2.1989
3766,4,53,13.25,3.1,0,corps,33.81807219615387,1.2919
3767,11,92,8.36,6.2,0,corps,33.80316688669369,1.9729
3768,8,88,11.00,4.9,0,corps,33.78826902802538,1.2614
3769,2,20,10.00,2.2,0,corps,33.77337861642447,1.0937
3770,13,155,11.92,7.1,0,corps,33.75849564816839,1.2877
3771,13,176,13.54,7.1,0,corps,33.743620119536374,1.5115
3772,2,32,16.00,2.2,0,corps,33.72875202680955,1.5106
3773,12,113,9.42,6.7,0,corps,33.713891366270865,1.3750
3774,11,103,9.36,6.2,0,corps,33.69903813420519,2.1401
3775,6,45,7.50,4.0,0,corps,33.6841923268992,2.1095
3776,13,142,10.92,7.1,0,corps,33.66935394064146,1.4895
3777,5,54,10.80,3.6,0,corps,33.654522971722336,1.3053
3778,19,210,11.05,9.8,0,corps,33.63969941643412,4.1449
3779,19,210,11.05,9.8,0,corps,33.62488327107092,1.7364
3780,6,62,10.33,4.0,0,corps,33.61007453192869,1.6089
3781,18,179,9.94,9.3,0,corps,33.59527319530524,1.7888
3782,5,45,9.00,3.6,0,corps,33.580479257500244,1.8472
3783,6,68,11.33,4.0,0,corps,33.56569271481521,1.2374
3784,21,221,10.52,10.7,0,corps,33.55091356355352,1.9755
3785,4,34,8.50,3.1,0,corps,33.53614180002037,2.1010
3786,14,128,9.14,7.6,0,corps,33.52137742052283,7.3320
3787,22,294,13.36,11.1,0,corps,33.506620421369796,3.8967
3788,9,107,11.89,5.3,0,corps,33.49187079887202,1.6490
3789,4,29,7.25,3.1,0,corps,33.47712854934209,1.8205
3790,5,53,10.60,3.6,0,corps,33.46239366909446,2.0816
3791,19,178,9.37,9.8,0,corps,33.4476661544454,6.6706
3792,9,96,10.67,5.3,0,corps,33.432946001713034,1.7511
3793,12,187,15.58,6.7,0,corps,33.41823320721731,1.3510
3794,19,211,11.11,9.8,0,corps,33.40352776728005,3.4787
3795,18,235,13.06,9.3,0,corps,33.38882967822489,5.3972
3796,9,135,15.00,5.3,0,corps,33.37413893637729,1.6658
3797,14,179,12.79,7.6,0,corps,33.35945553806458,5.1090
3798,15,154,10.27,8.0,0,corps,33.344779479615916,5.7688
3799,7,79,11.29,4.4,0,corps,33.33011075736227,1.6276
3800,20,208,10.40,10.2,0,corps,33.31544936763647,1.7148
3801,5,71,14.20,3.6,0,corps,33.30079530677315,1.5310
3802,21,203,9.67,10.7,0,corps,33.28614857110883,3.0531
3803,18,176,9.78,9.3,0,corps,33.27150915698179,2.0082
3804,14,123,8.79,7.6,0,corps,33.2568770607322,7.3155
3805,15,188,12.53,8.0,0,corps,33.242252278702026,3.2212
3806,17,244,14.35,8.9,0,corps,33.22763480723507,3.0823
3807,13,138,10.62,7.1,0,corps,33.21302464267697,4.1012
3808,26,250,9.62,12.9,0,corps,33.19842178137519,3.8259
3809,10,111,11.10,5.8,0,corps,33.183826219679,2.4395
3810,7,82,11.71,4.4,0,corps,33.169237953939515,13.1659
3811,13,151,11.62,7.1,0,corps,33.15465698050967,1.6419
3812,9,134,14.89,5.3,0,corps,33.14008329574423,1.7058
3813,14,198,14.14,7.6,0,corps,33.12551689599976,2.6003
3814,14,155,11.07,7.6,0,corps,33.11095777763466,1.7535
3815,14,137,9.79,7.6,0,corps,33.096405937009166,2.1685
3816,29,344,11.86,14.2,0,corps,33.081861370485306,4.6630
3817,10,160,16.00,5.8,0,corps,33.067324074426935,1.3198
3818,15,176,11.73,8.0,0,corps,33.05279404519973,6.2712
3819,6,155,25.83,4.0,0,corps,33.0382712791712,1.2630
3820,12,169,14.08,6.7,0,corps,33.023755772710636,1.3760
3821,13,175,13.46,7.1,0,corps,33.00924752218917,4.7124
3822,11,125,11.36,6.2,0,corps,32.994746523979735,2.0754
3823,24,260,10.83,12.0,0,corps,32.98025277445708,2.6448
3824,12,170,14.17,6.7,0,corps,32.965766269997765,5.2714
3825,21,287,13.67,10.7,0,corps,32.951287006980166,2.0863
3826,15,157,10.47,8.0,0,corps,32.93681498178448,2.3172
3827,23,250,10.87,11.6,0,corps,32.922350190792685,3.9952
3828,8,85,10.62,4.9,0,corps,32.90789263038859,2.1744
3829,10,102,10.20,5.8,0,corps,32.8934422969578,1.7254
3830,6,66,11.00,4.0,0,corps,32.87899918688774,1.4852
3831,29,291,10.03,14.2,0,corps,32.864563296567624,2.1619
3832,11,102,9.27,6.2,0,corps,32.85013462238848,5.1173
3833,18,254,14.11,9.3,0,corps,32.83571316074314,1.7114
3834,18,161,8.94,9.3,0,corps,32.82129890802625,1.7251
3835,15,194,12.93,8.0,0,corps,32.80689186063423,1.4819
3836,23,295,12.83,11.6,0,corps,32.79249201496533,3.9098
3837,10,110,11.00,5.8,0,corps,32.77809936741957,7.2310
3838,13,152,11.69,7.1,0,corps,32.76371391439882,1.5291
3839,4,46,11.50,3.1,0,corps,32.74933565230669,1.8093
3840,11,145,13.18,6.2,0,corps,32.734964577548624,1.9646
3841,9,92,10.22,5.3,0,corps,32.720600686531846,8.5639
3842,5,68,13.60,3.6,0,corps,32.7062439756654,1.2801
3843,7,67,9.57,4.4,0,corps,32.6918944413601,2.6239
3844,6,41,6.83,4.0,0,corps,32.67755208002855,1.9699
3845,8,89,11.12,4.9,0,corps,32.66321688808517,7.3991
3846,27,305,11.30,13.3,0,corps,32.648888861946155,1.4897
3847,11,88,8.00,6.2,0,corps,32.63456799802952,3.3933
3848,12,106,8.83,6.7,0,corps,32.62025429275502,2.2872
3849,8,93,11.62,4.9,0,corps,32.60594774254425,5.0274
3850,20,243,12.15,10.2,0,corps,32.59164834382056,4.0662
3851,9,100,11.11,5.3,0,corps,32.577356093009115,1.4700
3852,13,145,11.15,7.1,0,corps,32.56307098653683,8.7980
3853,14,160,11.43,7.6,0,corps,32.54879302083245,1.4497
3854,15,129,8.60,8.0,0,corps,32.53452219232646,1.5488
3855,7,67,9.57,4.4,0,corps,32.52025849745119,1.2857
3856,2,28,14.00,2.2,0,corps,32.50600193264067,1.7149
3857,20,202,10.10,10.2,0,corps,32.49175249433079,2.4109
3858,24,313,13.04,12.0,0,corps,32.477510178959186,1.9508
3859,11,132,12.00,6.2,0,corps,32.46327498296527,1.4055
3860,10,117,11.70,5.8,0,corps,32.44904690279024,1.8047
3861,6,83,13.83,4.0,0,corps,32.4348259348771,1.3197
3862,6,77,12.83,4.0,0,corps,32.42061207567058,8.1791
3863,8,85,10.62,4.9,0,corps,32.406405321617235,1.2226
3864,10,85,8.50,5.8,0,corps,32.39220566916538,3.4670
3865,25,271,10.84,12.4,0,corps,32.37801311476506,3.2018
3866,8,104,13.00,4.9,0,corps,32.36382765486819,1.3980
3867,9,99,11.00,5.3,0,corps,32.34964928592837,1.3993
3868,20,218,10.90,10.2,0,corps,32.335478004401025,1.5379
3869,3,33,11.00,2.7,0,corps,32.321313806743326,1.3268
3870,10,94,9.40,5.8,0,corps,32.30715668941422,10.7383
3871,24,226,9.42,12.0,0,corps,32.293006648874446,1.8972
3872,16,149,9.31,8.4,0,corps,32.27886368158648,6.5531
3873,9,46,5.11,5.3,0,corps,32.264727784014575,20.2077
3874,15,131,8.73,8.0,0,corps,32.25059895262476,6.8535
3875,2,44,22.00,2.2,0,corps,32.23647718388484,1.7664
3876,10,131,13.10,5.8,0,corps,32.222362474264365,5.8442
3877,13,134,10.31,7.1,0,corps,32.20825482023465,5.1869
3878,16,177,11.06,8.4,0,corps,32.194154218268785,3.9880
3879,19,186,9.79,9.8,0,corps,32.18006066484162,4.4256
3880,20,207,10.35,10.2,0,corps,32.16597415642977,2.9282
3881,6,80,13.33,4.0,0,corps,32.15189468951161,1.2565
3882,15,202,13.47,8.0,0,corps,32.13782226056726,1.1427
3883,11,89,8.09,6.2,0,corps,32.12375686607863,7.8887
3884,14,138,9.86,7.6,0,corps,32.10969850252936,1.6092
3885,23,218,9.48,11.6,0,corps,32.095647166404866,7.6351
3886,17,186,10.94,8.9,0,corps,32.0816028541923,2.7650
3887,5,46,9.20,3.6,0,corps,32.0675655623806,1.8832
3888,9,103,11.44,5.3,0,corps,32.05353528746044,1.1750
3889,9,108,12.00,5.3,0,corps,32.039512025924246,1.6450
3890,14,171,12.21,7.6,0,corps,32.025495774266204,3.5856
3891,4,42,10.50,3.1,0,corps,32.011486528982246,1.5578
3892,18,185,10.28,9.3,0,corps,31.997484286570078,1.9374
3893,2,25,12.50,2.2,0,corps,31.983489043529122,1.3968
3894,23,291,12.65,11.6,0,corps,31.969500796360567,2.1289
3895,37,425,11.49,17.8,0,corps,31.955519541567362,2.5864
3896,9,71,7.89,5.3,0,corps,31.94154527565419,1.4373
3897,3,36,12.00,2.7,0,corps,31.927577995127482,1.2675
3898,3,33,11.00,2.7,0,corps,31.91361769649541,1.3636
3899,18,188,10.44,9.3,0,corps,31.89966437626791,4.5439
3900,10,102,10.20,5.8,0,corps,31.88571803095666,6.2260
3901,10,118,11.80,5.8,0,corps,31.871778657075055,1.5351
3902,8,94,11.75,4.9,0,corps,31.857846251138255,1.6676
3903,18,209,11.61,9.3,0,corps,31.843920809663175,4.0368
3904,20,173,8.65,10.2,0,corps,31.830002329168433,2.2218
3905,15,184,12.27,8.0,0,corps,31.81609080617442,6.4241
3906,2,23,11.50,2.2,0,corps,31.80218623720325,1.6180
3907,8,102,12.75,4.9,0,corps,31.788288618778793,1.2394
3908,5,54,10.80,3.6,0,corps,31.774397947426632,2.5645
3909,16,163,10.19,8.4,0,corps,31.760514219674103,1.9278
3910,7,55,7.86,4.4,0,corps,31.746637432050267,3.2209
3911,18,196,10.89,9.3,0,corps,31.732767581085934,6.4301
3912,12,153,12.75,6.7,0,corps,31.71890466331365,1.6171
3913,9,137,15.22,5.3,0,corps,31.705048675267676,5.9164
3914,9,117,13.00,5.3,0,corps,31.691199613484006,2.0475
3915,23,221,9.61,11.6,0,corps,31.67735747450039,1.4725
3916,9,63,7.00,5.3,0,corps,31.66352225485628,1.8671
3917,19,194,10.21,9.8,0,corps,31.64969395109289,2.0612
3918,4,37,9.25,3.1,0,corps,31.635872559753114,1.7892
3919,8,78,9.75,4.9,0,corps,31.62205807738163,1.7256
3920,11,110,10.00,6.2,0,corps,31.60825050052482,1.4767
3921,18,220,12.22,9.3,0,corps,31.59444982573077,2.9661
3922,6,63,10.50,4.0,0,corps,31.580656049549315,1.7927
3923,3,22,7.33,2.7,0,corps,31.566869168532026,3.4341
3924,29,296,10.21,14.2,0,corps,31.55308917923217,2.0620
3925,11,66,6.00,6.2,0,corps,31.53931607820475,3.5474
3926,9,94,10.44,5.3,0,corps,31.525549862006486,1.7887
3927,8,62,7.75,4.9,0,corps,31.511790527195842,2.4828
3928,6,70,11.67,4.0,0,corps,31.498038070332967,2.5011
3929,5,61,12.20,3.6,0,corps,31.484292487979758,1.1980
3930,8,91,11.38,4.9,0,corps,31.470553776699806,1.4008
3931,11,116,10.55,6.2,0,corps,31.45682193305845,2.1824
3932,4,33,8.25,3.1,0,corps,31.443096953622717,2.1805
3933,16,146,9.12,8.4,0,corps,31.429378834961362,1.7094
3934,18,182,10.11,9.3,0,corps,31.41566757364486,2.2279
3935,16,198,12.38,8.4,0,corps,31.4019631662454,5.1890
3936,18,206,11.44,9.3,0,corps,31.38826560933687,1.9414
3937,21,242,11.52,10.7,0,corps,31.37457489949489,1.8284
3938,21,248,11.81,10.7,0,corps,31.360891033296767,5.0208
3939,9,71,7.89,5.3,0,corps,31.34721400732155,3.2575
3940,31,291,9.39,15.1,0,corps,31.333543818149984,2.2494
3941,11,106,9.64,6.2,0,corps,31.31988046236451,6.9802
3942,6,57,9.50,4.0,0,corps,31.306223936549287,10.9361
3943,14,206,14.71,7.6,0,corps,31.2925742372902,1.7787
3944,7,97,13.86,4.4,0,corps,31.278931361174813,1.6538
3945,13,119,9.15,7.1,0,corps,31.2652953047924,1.7819
3946,13,85,6.54,7.1,0,corps,31.251666064733957,9.0848
3947,18,181,10.06,9.3,0,corps,31.238043637592178,1.8410
3948,13,102,7.85,7.1,0,corps,31.224428019961454,5.0075
3949,4,42,10.50,3.1,0,corps,31.210819208437872,1.9700
3950,11,95,8.64,6.2,0,corps,31.197217199619224,1.7026
3951,11,109,9.91,6.2,0,corps,31.183621990105024,1.7534
3952,14,132,9.43,7.6,0,corps,31.17003357649647,5.3526
3953,17,267,15.71,8.9,0,corps,31.15645195539645,2.5843
3954,19,184,9.68,9.8,0,corps,31.14287712340956,2.0788
3955,2,38,19.00,2.2,0,corps,31.129309077142086,1.3551
3956,23,226,9.83,11.6,0,corps,31.115747813202027,1.8288
3957,16,192,12.00,8.4,0,corps,31.102193328199064,4.6170
3958,26,290,11.15,12.9,0,corps,31.08864561874457,4.1172
3959,8,104,13.00,4.9,0,corps,31.07510468145162,1.6040
3960,5,51,10.20,3.6,0,corps,31.06157051293499,2.2228
3961,10,105,10.50,5.8,0,corps,31.048043109811125,4.2264
3962,8,69,8.62,4.9,0,corps,31.03452246869817,16.8748
3963,20,204,10.20,10.2,0,corps,31.021008586215988,3.1808
3964,31,400,12.90,15.1,0,corps,31.007501458986088,4.0660
3965,4,56,14.00,3.1,0,corps,30.99400108363169,1.7301
3966,24,339,14.12,12.0,0,corps,30.9805074567777,2.3730
3967,12,141,11.75,6.7,0,corps,30.967020575050718,3.3523
3968,4,70,17.50,3.1,0,corps,30.953540435079024,1.0794
3969,13,144,11.08,7.1,0,corps,30.94006703349258,1.7799
3970,5,62,12.40,3.6,0,corps,30.92660036692303,1.6011
3971,4,38,9.50,3.1,0,corps,30.913140432003715,1.8162
3972,31,293,9.45,15.1,0,corps,30.89968722536965,4.4201
3973,5,132,26.40,3.6,0,corps,30.886240743657524,1.2590
3974,21,199,9.48,10.7,0,corps,30.872800983505726,2.1774
3975,32,364,11.38,15.6,0,corps,30.859367941554318,4.0276
3976,8,85,10.62,4.9,0,corps,30.84594161444503,2.1553
3977,18,200,11.11,9.3,0,corps,30.832521998821292,5.6852
3978,4,68,17.00,3.1,0,corps,30.81910909132819,1.3993
3979,33,337,10.21,16.0,0,corps,30.805702888612498,2.8539
3980,29,343,11.83,14.2,0,corps,30.792303387322672,2.3782
3981,9,81,9.00,5.3,0,corps,30.778910584108832,11.0640
3982,4,57,14.25,3.1,0,corps,30.765524475622776,2.0336
3983,18,179,9.94,9.3,0,corps,30.752145058517975,1.7286
3984,14,133,9.50,7.6,0,corps,30.73877232944959,1.9596
3985,12,140,11.67,6.7,0,corps,30.72540628507442,1.8175
3986,7,73,10.43,4.4,0,corps,30.712046922050952,2.1633
3987,11,90,8.18,6.2,0,corps,30.69869423703936,2.3392
3988,24,262,10.92,12.0,0,corps,30.68534822670147,2.5950
3989,26,278,10.69,12.9,0,corps,30.672008887700773,4.0871
3990,16,189,11.81,8.4,0,corps,30.65867621670243,1.7032
3991,7,56,8.00,4.4,0,corps,30.64535021037329,2.6217
3992,16,173,10.81,8.4,0,corps,30.632030865381836,1.9023
3993,22,224,10.18,11.1,0,corps,30.61871817839824,2.2918
3994,4,39,9.75,3.1,0,corps,30.605412146094324,2.1142
3995,19,219,11.53,9.8,0,corps,30.592112765143586,1.6750
3996,15,201,13.40,8.0,0,corps,30.578820032221177,1.5511
3997,6,74,12.33,4.0,0,corps,30.56553394400392,1.5365
3998,17,212,12.47,8.9,0,corps,30.552254497170274,6.4326
3999,3,33,11.00,2.7,0,corps,30.5389816884004,1.9581
4000,6,103,17.17,4.0,0,corps,30.52571551437609,1.6852
4001,13,140,10.77,7.1,0,corps,30.51245597178078,5.9345
4002,18,194,10.78,9.3,0,corps,30.499203057299624,3.4305
4003,6,54,9.00,4.0,0,corps,30.48595676761935,2.2168
4004,8,80,10.00,4.9,0,corps,30.472717099428426,13.0164
4005,10,107,10.70,5.8,0,corps,30.459484049416897,2.4192
4006,11,117,10.64,6.2,0,corps,30.44625761427652,1.7628
4007,23,263,11.43,11.6,0,corps,30.433037790700695,4.1924
4008,2,19,9.50,2.2,0,corps,30.419824575384446,2.1152
4009,5,41,8.20,3.6,0,corps,30.40661796502448,2.4053
4010,13,94,7.23,7.1,0,corps,30.393417956319148,8.0927
4011,13,164,12.62,7.1,0,corps,30.38022454596843,1.4948
4012,20,242,12.10,10.2,0,corps,30.367037730674006,3.7007
4013,9,90,10.00,5.3,0,corps,30.353857507139136,1.3849
4014,8,91,11.38,4.9,0,corps,30.34068387206878,1.4400
4015,3,48,16.00,2.7,0,corps,30.327516822169542,1.0822
4016,3,52,17.33,2.7,0,corps,30.314356354149634,1.3866
4017,16,144,9.00,8.4,0,corps,30.30120246471895,1.6974
4018,14,162,11.57,7.6,0,corps,30.288055150589038,2.5060
4019,15,134,8.93,8.0,0,corps,30.27491440847303,1.9164
4020,6,51,8.50,4.0,0,corps,30.261780235085773,3.2402
4021,13,105,8.08,7.1,0,corps,30.248652627143706,1.8972
4022,10,100,10.00,5.8,0,corps,30.23553158136493,9.8704
4023,14,169,12.07,7.6,0,corps,30.222417094469193,4.5698
4024,5,48,9.60,3.6,0,corps,30.20930916317786,2.4390
4025,10,136,13.60,5.8,0,corps,30.196207784213957,5.3612
4026,13,163,12.54,7.1,0,corps,30.183112954302143,1.5403
4027,27,271,10.04,13.3,0,corps,30.170024670168694,1.7117
4028,12,145,12.08,6.7,0,corps,30.156942928541557,1.5302
4029,14,92,6.57,7.6,0,corps,30.14386772615028,12.6014
4030,7,92,13.14,4.4,0,corps,30.130799059726073,1.4852
4031,9,101,11.22,5.3,0,corps,30.117736926001776,1.3441
4032,16,171,10.69,8.4,0,corps,30.104681321711833,1.4994
4033,17,154,9.06,8.9,0,corps,30.091632243592358,2.4903
4034,19,174,9.16,9.8,0,corps,30.07858968838109,1.5895
4035,2,38,19.00,2.2,0,corps,30.06555365281737,1.3484
4036,19,186,9.79,9.8,0,corps,30.052524133642216,7.8669
4037,7,115,16.43,4.4,0,corps,30.039501127598218,1.4664
4038,8,85,10.62,4.9,0,corps,30.02648463142963,1.4118
4039,18,155,8.61,9.3,0,corps,30.013474641882354,2.9492
4040,18,162,9.00,9.3,0,corps,30.000471155703856,6.7798
4041,16,173,10.81,8.4,0,corps,29.987474169643285,2.2880
4042,10,79,7.90,5.8,0,corps,29.974483680451403,2.6308
4043,19,180,9.47,9.8,0,corps,29.961499684880565,2.1879
4044,5,43,8.60,3.6,0,corps,29.948522179684794,2.6081
4045,18,151,8.39,9.3,0,corps,29.935551161619696,2.2080
4046,6,59,9.83,4.0,0,corps,29.92258662744252,2.1393
4047,30,313,10.43,14.7,0,corps,29.90962857391215,2.6151
4048,7,72,10.29,4.4,0,corps,29.89667699778904,2.1678
4049,22,226,10.27,11.1,0,corps,29.883731895835318,2.0266
4050,12,101,8.42,6.7,0,corps,29.870793264814722,3.3647
4051,21,172,8.19,10.7,0,corps,29.857861101492556,6.2684
4052,17,203,11.94,8.9,0,corps,29.84493540263582,3.4615
4053,9,70,7.78,5.3,0,corps,29.83201616501305,2.7129
4054,31,309,9.97,15.1,0,corps,29.819103385394463,2.8051
4055,25,261,10.44,12.4,0,corps,29.80619706055187,1.5914
4056,14,129,9.21,7.6,0,corps,29.79329718725866,2.3863
4057,5,59,11.80,3.6,0,corps,29.780403762289875,1.5299
4058,22,188,8.55,11.1,0,corps,29.767516782422188,2.1846
4059,11,121,11.00,6.2,0,corps,29.75463624443381,1.8643
4060,10,111,11.10,5.8,0,corps,29.74176214510465,8.9784
4061,4,71,17.75,3.1,0,corps,29.728894481216134,1.2456
4062,8,81,10.12,4.9,0,corps,29.716033249551383,10.5354
4063,24,285,11.88,12.0,0,corps,29.70317844689509,1.5840
4064,7,71,10.14,4.4,0,corps,29.69033007003353,1.1917
4065,20,258,12.90,10.2,0,corps,29.67748811575462,5.4721
4066,13,160,12.31,7.1,0,corps,29.66465258084788,1.7258
4067,20,288,14.40,10.2,0,corps,29.65182346210441,1.3747
4068,19,199,10.47,9.8,0,corps,29.639000756316953,2.4226
4069,9,100,11.11,5.3,0,corps,29.626184460279802,1.3914
4070,5,54,10.80,3.6,0,corps,29.613374570788903,1.2935
4071,13,156,12.00,7.1,0,corps,29.600571084641793,1.5005
4072,17,171,10.06,8.9,0,corps,29.587773998637573,6.9946
4073,15,252,16.80,8.0,0,corps,29.57498330957699,1.5777
4074,12,123,10.25,6.7,0,corps,29.56219901426238,7.6226
4075,8,136,17.00,4.9,0,corps,29.549421109497644,6.5653
4076,7,60,8.57,4.4,0,corps,29.536649592088327,2.6807
4077,23,290,12.61,11.6,0,corps,29.523884458841525,1.9035
4078,27,307,11.37,13.3,0,corps,29.511125706565977,2.8308
4079,18,191,10.61,9.3,0,corps,29.498373332072003,3.2059
4080,27,323,11.96,13.3,0,corps,29.485627332171475,4.4507
4081,9,100,11.11,5.3,0,corps,29.47288770367792,1.6496
4082,13,146,11.23,7.1,0,corps,29.460154443406434,1.6387
4083,21,263,12.52,10.7,0,corps,29.44742754817367,1.5639
4084,9,87,9.67,5.3,0,corps,29.43470701479795,2.0100
4085,28,269,9.61,13.8,0,corps,29.421992840099097,2.5039
4086,9,87,9.67,5.3,0,corps,29.409285020898597,9.9478
4087,26,309,11.88,12.9,0,corps,29.396583554019486,2.2542
4088,15,181,12.07,8.0,0,corps,29.383888436286387,1.6737
4089,24,234,9.75,12.0,0,corps,29.371199664525527,5.4104
4090,10,87,8.70,5.8,0,corps,29.35851723556473,2.3123
4091,9,99,11.00,5.3,0,corps,29.345841146233358,1.5282
4092,15,169,11.27,8.0,0,corps,29.333171393362417,1.9436
4093,8,94,11.75,4.9,0,corps,29.320507973784455,1.6897
4094,19,199,10.47,9.8,0,corps,29.307850884333607,5.3920
4095,17,202,11.88,8.9,0,corps,29.295200121845628,1.9363
4096,8,95,11.88,4.9,0,corps,29.282555683157803,10.2296
4097,28,302,10.79,13.8,0,corps,29.269917565109022,2.8474
4098,8,73,9.12,4.9,0,corps,29.25728576453978,2.2946
4099,16,172,10.75,8.4,0,corps,29.244660278292102,1.9944
4100,8,100,12.50,4.9,0,corps,29.232041103209628,1.9460
4101,16,174,10.88,8.4,0,corps,29.219428236137556,1.8140
4102,10,122,12.20,5.8,0,corps,29.206821673922672,6.8587
4103,16,197,12.31,8.4,0,corps,29.194221413413352,4.4714
4104,21,264,12.57,10.7,0,corps,29.1816274514595,4.6680
4105,13,198,15.23,7.1,0,corps,29.16903978491265,2.0215
4106,25,287,11.48,12.4,0,corps,29.156458410625884,5.2122
4107,13,221,17.00,7.1,0,corps,29.14388332545384,1.3040
4108,27,303,11.22,13.3,0,corps,29.131314526252773,1.7154
4109,31,279,9.00,15.1,0,corps,29.11875200988045,4.4969
4110,18,180,10.00,9.3,0,corps,29.106195773196262,2.5936
4111,4,32,8.00,3.1,0,corps,29.093645813061165,2.1667
4112,10,99,9.90,5.8,0,corps,29.081102126337637,1.8693
4113,5,52,10.40,3.6,0,corps,29.068564709889777,1.3503
4114,2,39,19.50,2.2,0,corps,29.056033560583234,1.4021
4115,15,107,7.13,8.0,0,corps,29.04350867528519,2.5251
4116,26,329,12.65,12.9,0,corps,29.030990050864467,4.1092
4117,10,111,11.10,5.8,0,corps,29.018477684191375,5.4955
4118,28,294,10.50,13.8,0,corps,29.005971572137828,2.4622
4119,8,58,7.25,4.9,0,corps,28.993471711577328,2.8474
4120,14,154,11.00,7.6,0,corps,28.980978099384863,1.3776
4121,6,61,10.17,4.0,0,corps,28.96849073243705,11.8995
4122,19,185,9.74,9.8,0,corps,28.956009607612078,4.7266
4123,13,172,13.23,7.1,0,corps,28.943534721789614,5.7520
4124,7,103,14.71,4.4,0,corps,28.93106607185097,7.2211
4125,17,279,16.41,8.9,0,corps,28.918603654678975,1.8133
4126,27,243,9.00,13.3,0,corps,28.90614746715801,2.8318
4127,20,180,9.00,10.2,0,corps,28.893697506174064,1.6478
4128,12,112,9.33,6.7,0,corps,28.881253768614602,7.0801
4129,18,184,10.22,9.3,0,corps,28.868816251368735,6.4640
4130,16,185,11.56,8.4,0,corps,28.856384951327037,1.7279
4131,5,54,10.80,3.6,0,corps,28.843959865381713,1.7911
4132,10,118,11.80,5.8,0,corps,28.831540990426497,2.2919
4133,3,30,10.00,2.7,0,corps,28.81912832335664,1.9138
4134,16,158,9.88,8.4,0,corps,28.806721861068997,1.7996
4135,17,157,9.24,8.9,0,corps,28.79432160046196,2.1898
4136,16,165,10.31,8.4,0,corps,28.781927538435443,1.9263
4137,17,265,15.59,8.9,0,corps,28.769539671890946,4.1692
4138,34,333,9.79,16.4,0,corps,28.757157997731486,3.6163
4139,7,71,10.14,4.4,0,corps,28.74478251286166,2.1644
4140,22,176,8.00,11.1,0,corps,28.732413214187595,4.3647
4141,10,85,8.50,5.8,0,corps,28.720050098616955,2.3861
4142,40,394,9.85,19.1,0,corps,28.707693163058966,3.4666
4143,17,172,10.12,8.9,0,corps,28.695342404424412,1.7360
4144,18,180,10.00,9.3,0,corps,28.682997819625577,4.4534
4145,13,116,8.92,7.1,0,corps,28.67065940557633,2.9750
4146,26,302,11.62,12.9,0,corps,28.65832715919206,4.2956
4147,16,179,11.19,8.4,0,corps,28.646001077389705,1.9194
4148,25,242,9.68,12.4,0,corps,28.633681157087754,2.3406
4149,18,168,9.33,9.3,0,corps,28.62136739520621,6.4729
4150,16,185,11.56,8.4,0,corps,28.609059788666652,4.9577
4151,23,278,12.09,11.6,0,corps,28.596758334392174,2.0689
4152,14,152,10.86,7.6,0,corps,28.584463029307393,1.6073
4153,23,228,9.91,11.6,0,corps,28.572173870338517,5.4333
4154,15,203,13.53,8.0,0,corps,28.559890854413222,4.2644
4155,23,270,11.74,11.6,0,corps,28.547613978460763,5.2432
4156,33,460,13.94,16.0,0,corps,28.535343239411944,1.9961
4157,2,15,7.50,2.2,0,corps,28.523078634199052,4.4372
4158,5,38,7.60,3.6,0,corps,28.51082015975594,2.2599
4159,6,78,13.00,4.0,0,corps,28.49856781301801,1.7678
4160,3,29,9.67,2.7,0,corps,28.486321590922152,1.4710
4161,3,33,11.00,2.7,0,corps,28.474081490406828,1.4074
4162,15,138,9.20,8.0,0,corps,28.461847508411996,1.8371
4163,13,129,9.92,7.1,0,corps,28.449619641879163,1.9032
4164,15,165,11.00,8.0,0,corps,28.43739788775138,1.6225
4165,23,235,10.22,11.6,0,corps,28.42518224297319,1.5610
4166,7,104,14.86,4.4,0,corps,28.412972704490684,1.2316
4167,15,148,9.87,8.0,0,corps,28.400769269251498,1.6680
4168,31,292,9.42,15.1,0,corps,28.388571934204737,4.0402
4169,19,154,8.11,9.8,0,corps,28.376380696301105,6.6964
4170,33,280,8.48,16.0,0,corps,28.36419555249276,2.4181
4171,7,77,11.00,4.4,0,corps,28.35201649973343,1.3587
4172,19,196,10.32,9.8,0,corps,28.33984353497836,1.9868
4173,22,185,8.41,11.1,0,corps,28.32767665518429,2.1429
4174,14,121,8.64,7.6,0,corps,28.315515857309514,2.0675
4175,8,96,12.00,4.9,0,corps,28.303361138313836,1.3325
4176,13,184,14.15,7.1,0,corps,28.291212495158565,1.5077
4177,16,142,8.88,8.4,0,corps,28.27906992480655,1.7805
4178,26,238,9.15,12.9,0,corps,28.26693342422213,2.1966
4179,10,97,9.70,5.8,0,corps,28.254802990371196,1.8203
4180,8,71,8.88,4.9,0,corps,28.242678620221145,1.8662
4181,10,88,8.80,5.8,0,corps,28.230560310740866,2.4117
4182,6,72,12.00,4.0,0,corps,28.21844805890079,1.4101
4183,28,243,8.68,13.8,0,corps,28.20634186167287,2.4075
4184,10,116,11.60,5.8,0,corps,28.194241716030522,1.9145
4185,21,187,8.90,10.7,0,corps,28.182147618948743,4.0405
4186,7,82,11.71,4.4,0,corps,28.17005956740399,1.5663
4187,30,341,11.37,14.7,0,corps,28.15797755837425,1.5362
4188,9,105,11.67,5.3,0,corps,28.145901588839035,1.4199
4189,22,226,10.27,11.1,0,corps,28.133831655779336,4.9034
4190,27,344,12.74,13.3,0,corps,28.121767756177668,1.6744
4191,24,304,12.67,12.0,0,corps,28.10970988701808,2.3925
4192,15,139,9.27,8.0,0,corps,28.097658045286085,2.3156
4193,13,100,7.69,7.1,0,corps,28.08561222796873,6.5265
4194,8,118,14.75,4.9,0,corps,28.07357243205455,1.5990
4195,14,124,8.86,7.6,0,corps,28.061538654533603,1.9943
4196,23,245,10.65,11.6,0,corps,28.049510892397457,1.8932
4197,3,45,15.00,2.7,0,corps,28.037489142639142,1.6143
4198,8,95,11.88,4.9,0,corps,28.025473402253244,1.4343
4199,8,91,11.38,4.9,0,corps,28.013463668235833,1.6103
4200,8,63,7.88,4.9,0,corps,28.00145993758445,11.0055
4201,20,188,9.40,10.2,0,corps,27.98946220729819,2.2022
4202,35,396,11.31,16.9,0,corps,27.977470474377597,4.4741
4203,10,192,19.20,5.8,0,corps,27.96548473582474,1.2224
4204,7,93,13.29,4.4,0,corps,27.953504988643214,1.7945
4205,14,174,12.43,7.6,0,corps,27.94153122983804,1.8380
4206,12,160,13.33,6.7,0,corps,27.929563456415803,1.5516
4207,2,36,18.00,2.2,0,corps,27.917601665384563,1.9709
4208,25,220,8.80,12.4,0,corps,27.905645853753853,3.4888
4209,23,265,11.52,11.6,0,corps,27.89369601853474,6.4703
4210,22,306,13.91,11.1,0,corps,27.881752156739747,1.4102
4211,4,47,11.75,3.1,0,corps,27.86981426538292,1.4700
4212,12,147,12.25,6.7,0,corps,27.857882341479794,1.4888
4213,28,279,9.96,13.8,0,corps,27.845956382047365,1.6133
4214,23,202,8.78,11.6,0,corps,27.834036384104156,1.7271
4215,12,127,10.58,6.7,0,corps,27.82212234467018,1.3334
4216,22,241,10.95,11.1,0,corps,27.8102142607669,1.6108
4217,11,135,12.27,6.2,0,corps,27.798312129417326,1.3188
4218,16,143,8.94,8.4,0,corps,27.786415947645892,5.4683
4219,5,79,15.80,3.6,0,corps,27.77452571247857,1.2325
4220,11,126,11.45,6.2,0,corps,27.762641420942806,8.1156
4221,11,123,11.18,6.2,0,corps,27.75076307006752,1.8729
4222,10,141,14.10,5.8,0,corps,27.738890656883118,1.9410
4223,7,75,10.71,4.4,0,corps,27.727024178421516,1.7335
4224,4,48,12.00,3.1,0,corps,27.715163631716074,1.3009
4225,19,181,9.53,9.8,0,corps,27.703309013801668,1.9170
4226,21,214,10.19,10.7,0,corps,27.691460321714633,3.0405
4227,15,148,9.87,8.0,0,corps,27.679617552492804,5.0158
4228,12,112,9.33,6.7,0,corps,27.66778070317549,1.7502
4229,20,249,12.45,10.2,0,corps,27.655949770803474,2.6634
4230,30,347,11.57,14.7,0,corps,27.644124752419017,4.5374
4231,27,242,8.96,13.3,0,corps,27.632305645065884,2.1970
4232,4,53,13.25,3.1,0,corps,27.620492445789274,2.3423
4233,32,296,9.25,15.6,0,corps,27.60868515163591,2.2210
4234,9,69,7.67,5.3,0,corps,27.596883759653945,4.9082
4235,19,196,10.32,9.8,0,corps,27.58508826689305,1.5632
4236,11,97,8.82,6.2,0,corps,27.573298670404345,9.3171
4237,5,69,13.80,3.6,0,corps,27.561514967240424,1.9488
4238,15,158,10.53,8.0,0,corps,27.549737154455368,1.8679
4239,19,222,11.68,9.8,0,corps,27.53796522910473,5.9412
4240,27,255,9.44,13.3,0,corps,27.526199188245513,4.6271
4241,11,121,11.00,6.2,0,corps,27.514439028936234,1.6544
4242,2,15,7.50,2.2,0,corps,27.502684748236817,1.8011
4243,19,182,9.58,9.8,0,corps,27.49093634320871,1.8442
4244,2,16,8.00,2.2,0,corps,27.479193810914822,1.9271
4245,15,156,10.40,8.0,0,corps,27.467457148419495,1.6185
4246,25,233,9.32,12.4,0,corps,27.455726352788577,2.6343
4247,21,210,10.00,10.7,0,corps,27.444001421089386,4.9188
4248,29,326,11.24,14.2,0,corps,27.432282350390665,2.6128
4249,8,72,9.00,4.9,0,corps,27.42056913776265,1.9448
4250,22,215,9.77,11.1,0,corps,27.408861780277043,5.4908
4251,15,137,9.13,8.0,0,corps,27.397160275007,6.0965
4252,17,198,11.65,8.9,0,corps,27.385464619027154,1.6888
4253,9,122,13.56,5.3,0,corps,27.373774809413582,2.1979
4254,11,92,8.36,6.2,0,corps,27.36209084324384,1.9600
4255,26,296,11.38,12.9,0,corps,27.35041271759692,1.9756
4256,29,302,10.41,14.2,0,corps,27.338740429553297,1.7629
4257,14,187,13.36,7.6,0,corps,27.32707397619492,2.2540
4258,8,67,8.38,4.9,0,corps,27.315413354605152,9.2631
4259,16,182,11.38,8.4,0,corps,27.303758561868836,1.8744
4260,12,118,9.83,6.7,0,corps,27.29210959507229,5.6731
4261,10,74,7.40,5.8,0,corps,27.28046645130326,2.1399
4262,9,96,10.67,5.3,0,corps,27.268829127650974,1.9977
4263,38,423,11.13,18.2,0,corps,27.257197621206075,3.4939
4264,12,122,10.17,6.7,0,corps,27.24557192906071,1.9360
4265,10,122,12.20,5.8,0,corps,27.233952048308453,1.4177
4266,5,55,11.00,3.6,0,corps,27.22233797604432,2.0985
4267,8,88,11.00,4.9,0,corps,27.2107297093648,11.0876
4268,22,247,11.23,11.1,0,corps,27.199127245367844,1.7374
4269,26,255,9.81,12.9,0,corps,27.187530581152807,1.9988
4270,26,305,11.73,12.9,0,corps,27.175939713820547,2.6406
4271,10,108,10.80,5.8,0,corps,27.164354640473327,9.8181
4272,3,26,8.67,2.7,0,corps,27.152775358214885,2.7499
4273,9,123,13.67,5.3,0,corps,27.141201864150418,2.0743
4274,31,353,11.39,15.1,0,corps,27.12963415538652,4.5787
4275,35,334,9.54,16.9,0,corps,27.118072229031288,2.3618
4276,4,36,9.00,3.1,0,corps,27.106516082194236,1.9300
4277,25,245,9.80,12.4,0,corps,27.094965711986323,4.5787
4278,32,346,10.81,15.6,0,corps,27.08342111551996,5.6500
4279,13,160,12.31,7.1,0,corps,27.071882289908995,3.4386
4280,16,198,12.38,8.4,0,corps,27.06034923226872,1.5183
4281,10,124,12.40,5.8,0,corps,27.04882193971588,1.5626
4282,16,158,9.88,8.4,0,corps,27.037300409368637,3.9447
4283,24,244,10.17,12.0,0,corps,27.025784638346618,3.8898
4284,20,208,10.40,10.2,0,corps,27.01427462377089,1.2363
4285,12,131,10.92,6.7,0,corps,27.00277036276392,7.3599
4286,12,122,10.17,6.7,0,corps,26.991271852449678,5.9320
4287,21,223,10.62,10.7,0,corps,26.979779089953503,2.1765
4288,17,183,10.76,8.9,0,corps,26.96829207240222,1.8481
4289,19,211,11.11,9.8,0,corps,26.956810796924092,1.9745
4290,3,28,9.33,2.7,0,corps,26.94533526064877,1.4600
4291,28,296,10.57,13.8,0,corps,26.93386546070738,2.0472
4292,31,345,11.13,15.1,0,corps,26.922401394232487,1.9841
4293,9,134,14.89,5.3,0,corps,26.91094305835805,3.5627
4294,17,146,8.59,8.9,0,corps,26.89949045021951,10.8406
4295,16,221,13.81,8.4,0,corps,26.888043566953684,4.7954
4296,10,107,10.70,5.8,0,corps,26.87660240569888,4.8289
4297,27,210,7.78,13.3,0,corps,26.8651669635948,1.9840
4298,18,167,9.28,9.3,0,corps,26.85373723778257,1.9197
4299,23,223,9.70,11.6,0,corps,26.84231322540477,2.7244
4300,12,118,9.83,6.7,0,corps,26.830894923605403,7.2528
4301,30,294,9.80,14.7,0,corps,26.819482329529876,4.4005
4302,17,174,10.24,8.9,0,corps,26.808075440325062,4.9512
4303,14,155,11.07,7.6,0,corps,26.79667425313922,1.7157
4304,21,207,9.86,10.7,0,corps,26.785278765122055,2.7126
4305,25,285,11.40,12.4,0,corps,26.773888973424715,2.6183
4306,10,95,9.50,5.8,0,corps,26.76250487519972,5.1187
4307,29,344,11.86,14.2,0,corps,26.751126467601072,3.8586
4308,18,187,10.39,9.3,0,corps,26.73975374778416,4.9911
4309,18,197,10.94,9.3,0,corps,26.7283867129058,3.7977
4310,25,275,11.00,12.4,0,corps,26.717025360124243,2.4271
4311,24,238,9.92,12.0,0,corps,26.705669686599137,2.5225
4312,5,68,13.60,3.6,0,corps,26.694319689491564,2.2385
4313,14,177,12.64,7.6,0,corps,26.682975365964047,4.4830
4314,7,91,13.00,4.4,0,corps,26.67163671318048,2.6147
4315,14,145,10.36,7.6,0,corps,26.660303728306207,6.0518
4316,2,19,9.50,2.2,0,corps,26.648976408507995,1.7226
4317,21,277,13.19,10.7,0,corps,26.637654750953992,2.8627
4318,5,49,9.80,3.6,0,corps,26.626338752813812,1.9703
4319,10,129,12.90,5.8,0,corps,26.615028411258418,1.4234
4320,13,107,8.23,7.1,0,corps,26.603723723460256,7.2981
4321,6,71,11.83,4.0,0,corps,26.59242468659314,1.4864
4322,21,228,10.86,10.7,0,corps,26.58113129783231,1.8273
4323,13,136,10.46,7.1,0,corps,26.56984355435442,6.2156
4324,42,430,10.24,20.0,0,corps,26.558561453337546,5.8231
4325,24,243,10.12,12.0,0,corps,26.547284991961146,5.2873
4326,26,213,8.19,12.9,0,corps,26.53601416740612,5.4691
4327,17,205,12.06,8.9,0,corps,26.524748976854738,1.9558
4328,15,156,10.40,8.0,0,corps,26.51348941749072,5.0991
4329,10,100,10.00,5.8,0,corps,26.502235486499192,1.9097
4330,21,243,11.57,10.7,0,corps,26.490987181066632,2.8863
4331,11,91,8.27,6.2,0,corps,26.47974449838099,9.4539
4332,21,178,8.48,10.7,0,corps,26.4685074356316,5.5244
4333,15,177,11.80,8.0,0,corps,26.457275990009176,4.4795
4334,16,197,12.31,8.4,0,corps,26.446050158705876,1.5017
4335,12,142,11.83,6.7,0,corps,26.434829938915215,4.5922
4336,33,392,11.88,16.0,0,corps,26.423615327832167,3.6132
4337,24,274,11.42,12.0,0,corps,26.41240632265307,5.2427
4338,16,171,10.69,8.4,0,corps,26.401202920575667,2.6848
4339,35,380,10.86,16.9,0,corps,26.390005118799102,3.6965
4340,15,130,8.67,8.0,0,corps,26.37881291452395,5.6276
4341,20,216,10.80,10.2,0,corps,26.367626304952136,1.9744
4342,8,81,10.12,4.9,0,corps,26.356445287287016,6.6382
4343,21,255,12.14,10.7,0,corps,26.345269858733328,2.3944
4344,9,98,10.89,5.3,0,corps,26.334100016497224,1.3649
4345,3,23,7.67,2.7,0,corps,26.322935757786247,1.3154
4346,9,69,7.67,5.3,0,corps,26.311777079809318,9.6468
4347,18,191,10.61,9.3,0,corps,26.300623979776777,4.4311
4348,18,216,12.00,9.3,0,corps,26.289476454900353,2.6409
4349,19,180,9.47,9.8,0,corps,26.278334502393147,1.9158
4350,3,35,11.67,2.7,0,corps,26.267198119469697,0.6427
4351,7,87,12.43,4.4,0,corps,26.25606730334588,9.8159
4352,28,351,12.54,13.8,0,corps,26.244942051239008,2.4869
4353,12,119,9.92,6.7,0,corps,26.23382236036777,6.1785
4354,4,41,10.25,3.1,0,corps,26.22270822795223,1.2369
4355,24,236,9.83,12.0,0,corps,26.211599651213863,2.3851
4356,13,125,9.62,7.1,0,corps,26.200496627375536,2.2429
4357,36,375,10.42,17.3,0,corps,26.18939915366147,4.5345
4358,24,319,13.29,12.0,0,corps,26.17830722729732,2.4642
4359,14,144,10.29,7.6,0,corps,26.16722084551008,1.8868
4360,16,197,12.31,8.4,0,corps,26.156140005528165,1.8906
4361,15,172,11.47,8.0,0,corps,26.145064704581383,1.4790
4362,24,236,9.83,12.0,0,corps,26.13399493990088,6.7821
4363,12,121,10.08,6.7,0,corps,26.12293070871922,2.1425
4364,2,26,13.00,2.2,0,corps,26.111872008270375,2.0128
4365,11,167,15.18,6.2,0,corps,26.10081883578963,5.7726
4366,28,320,11.43,13.8,0,corps,26.089771188513723,2.1801
4367,21,209,9.95,10.7,0,corps,26.07872906368071,4.7977
4368,25,209,8.36,12.4,0,corps,26.067692458530082,2.5031
4369,13,124,9.54,7.1,0,corps,26.0566613703027,1.6086
4370,14,145,10.36,7.6,0,corps,26.045635796240756,1.5284
4371,12,112,9.33,6.7,0,corps,26.03461573358788,2.2015
4372,34,331,9.74,16.4,0,corps,26.02360117958906,2.9082
4373,14,140,10.00,7.6,0,corps,26.012592131490642,5.6452
4374,18,143,7.94,9.3,0,corps,26.00158858654038,3.9036
4375,17,158,9.29,8.9,0,corps,25.99059054198737,1.5351
4376,18,181,10.06,9.3,0,corps,25.97959799508211,7.0852
4377,9,130,14.44,5.3,0,corps,25.968610943076477,5.4563
4378,8,116,14.50,4.9,0,corps,25.95762938322368,6.2607
4379,9,125,13.89,5.3,0,corps,25.946653312778356,3.5692
4380,20,232,11.60,10.2,0,corps,25.93568272899646,2.5698
4381,21,198,9.43,10.7,0,corps,25.924717629135362,4.7587
4382,24,257,10.71,12.0,0,corps,25.913758010453797,3.8569
4383,5,45,9.00,3.6,0,corps,25.902803870211837,2.4230
4384,32,367,11.47,15.6,0,corps,25.89185520567096,1.8991
4385,9,101,11.22,5.3,0,corps,25.880912014094008,1.4812
4386,13,121,9.31,7.1,0,corps,25.869974292745162,8.6914
4387,9,104,11.56,5.3,0,corps,25.859042038890017,2.3345
4388,18,188,10.44,9.3,0,corps,25.848115249795484,2.1826
4389,24,262,10.92,12.0,0,corps,25.837193922729877,5.2604
4390,6,71,11.83,4.0,0,corps,25.82627805496287,1.4970
4391,2,25,12.50,2.2,0,corps,25.815367643765484,2.2347
4392,13,102,7.85,7.1,0,corps,25.804462686410123,8.4995
4393,15,148,9.87,8.0,0,corps,25.79356318017056,6.2920
4394,17,149,8.76,8.9,0,corps,25.782669122321895,4.1607
4395,12,132,11.00,6.7,0,corps,25.77178051014063,2.4831
4396,24,225,9.38,12.0,0,corps,25.7608973409046,3.0144
4397,4,31,7.75,3.1,0,corps,25.750019611893016,2.6684
4398,20,212,10.60,10.2,0,corps,25.73914732038645,4.6761
4399,17,186,10.94,8.9,0,corps,25.72828046366683,2.4605
4400,7,70,10.00,4.4,0,corps,25.717419039017436,1.5830
4401,31,300,9.68,15.1,0,corps,25.706563043722923,6.0833
4402,8,82,10.25,4.9,0,corps,25.69571247506928,1.3871
4403,22,218,9.91,11.1,0,corps,25.68486733034387,2.1851
4404,8,65,8.12,4.9,0,corps,25.6740276068354,2.4683
4405,9,96,10.67,5.3,0,corps,25.663193301833942,1.3057
4406,7,52,7.43,4.4,0,corps,25.652364412630934,1.5737
4407,13,133,10.23,7.1,0,corps,25.64154093651913,2.0861
4408,17,177,10.41,8.9,0,corps,25.630722870792678,1.8712
4409,11,91,8.27,6.2,0,corps,25.61991021274706,3.1886
4410,20,210,10.50,10.2,0,corps,25.609102959679102,3.7251
4411,18,159,8.83,9.3,0,corps,25.598301108887007,14.3359
4412,17,136,8.00,8.9,0,corps,25.58750465767029,2.4542
4413,13,106,8.15,7.1,0,corps,25.57671360332985,6.8912
4414,15,162,10.80,8.0,0,corps,25.56592794316793,2.0344
4415,23,272,11.83,11.6,0,corps,25.555147674488104,8.1657
4416,26,266,10.23,12.9,0,corps,25.544372794595304,3.3995
4417,24,235,9.79,12.0,0,corps,25.533603300795825,3.3177
4418,14,121,8.64,7.6,0,corps,25.522839190397278,7.7569
4419,5,66,13.20,3.6,0,corps,25.512080460708646,1.8877
4420,22,206,9.36,11.1,0,corps,25.501327109040233,1.6124
4421,17,123,7.24,8.9,0,corps,25.49057913270371,6.5255
4422,13,156,12.00,7.1,0,corps,25.47983652901209,2.4949
4423,11,89,8.09,6.2,0,corps,25.469099295279708,3.0002
4424,23,266,11.57,11.6,0,corps,25.45836742882226,2.0438
4425,18,196,10.89,9.3,0,corps,25.447640926956787,1.4346
4426,5,38,7.60,3.6,0,corps,25.436919787001656,2.2642
4427,10,87,8.70,5.8,0,corps,25.42620400627659,1.3411
4428,5,72,14.40,3.6,0,corps,25.41549358210262,1.3766
4429,8,90,11.25,4.9,0,corps,25.404788511802163,1.4194
4430,26,246,9.46,12.9,0,corps,25.394088792698955,3.8641
4431,31,317,10.23,15.1,0,corps,25.383394422118045,2.0471
4432,24,253,10.54,12.0,0,corps,25.372705397385854,1.9993
4433,8,101,12.62,4.9,0,corps,25.362021715830135,4.0490
4434,22,262,11.91,11.1,0,corps,25.351343374779944,7.5813
4435,22,235,10.68,11.1,0,corps,25.340670371565714,1.7394
4436,25,235,9.40,12.4,0,corps,25.330002703519185,2.1617
4437,25,214,8.56,12.4,0,corps,25.319340367973442,4.6629
4438,22,180,8.18,11.1,0,corps,25.308683362262908,5.6777
4439,14,104,7.43,7.6,0,corps,25.298031683723316,2.1287
4440,30,311,10.37,14.7,0,corps,25.28738532969176,4.2247
4441,13,133,10.23,7.1,0,corps,25.276744297506653,1.6738
4442,17,183,10.76,8.9,0,corps,25.266108584507723,2.0304
4443,10,115,11.50,5.8,0,corps,25.25547818803606,3.1668
4444,24,213,8.88,12.0,0,corps,25.244853105434046,6.3254
4445,4,54,13.50,3.1,0,corps,25.23423333404542,1.6318
4446,10,106,10.60,5.8,0,corps,25.22361887121524,2.5482
4447,21,247,11.76,10.7,0,corps,25.213009714289885,2.1646
4448,33,365,11.06,16.0,0,corps,25.202405860617073,5.4862
4449,13,143,11.00,7.1,0,corps,25.191807307545837,1.8609
4450,20,260,13.00,10.2,0,corps,25.181214052426533,1.7752
4451,20,209,10.45,10.2,0,corps,25.170626092610863,2.6389
4452,14,136,9.71,7.6,0,corps,25.160043425451818,1.8871
4453,13,120,9.23,7.1,0,corps,25.149466048303736,6.3024
4454,10,108,10.80,5.8,0,corps,25.138893958522285,6.3695
4455,2,25,12.50,2.2,0,corps,25.12832715346443,1.7575
4456,2,18,9.00,2.2,0,corps,25.11776563048847,2.9322
4457,18,182,10.11,9.3,0,corps,25.10720938695404,2.4815
4458,24,302,12.58,12.0,0,corps,25.096658420222052,1.5836
4459,4,48,12.00,3.1,0,corps,25.086112727654786,1.9034
4460,10,141,14.10,5.8,0,corps,25.07557230661581,1.4336
4461,26,254,9.77,12.9,0,corps,25.065037154470016,3.2861
4462,12,99,8.25,6.7,0,corps,25.05450726858363,2.9898
4463,18,164,9.11,9.3,0,corps,25.043982646324164,3.2269
4464,13,124,9.54,7.1,0,corps,25.03346328506047,2.2507
4465,6,49,8.17,4.0,0,corps,25.022949182162712,2.9791
4466,8,69,8.62,4.9,0,corps,25.01244033500235,2.0841
4467,18,185,10.28,9.3,0,corps,25.00193674095219,3.6607
4468,23,268,11.65,11.6,0,corps,24.99143839738632,4.8050
4469,20,213,10.65,10.2,0,corps,24.980945301680162,3.5848
4470,6,71,11.83,4.0,0,corps,24.97045745121044,2.2013
4471,18,159,8.83,9.3,0,corps,24.95997484335518,2.8806
4472,33,352,10.67,16.0,0,corps,24.949497475493747,5.6303
4473,30,386,12.87,14.7,0,corps,24.939025345006794,3.3693
4474,12,115,9.58,6.7,0,corps,24.92855844927628,3.8968
4475,30,403,13.43,14.7,0,corps,24.9180967856855,5.0119
4476,16,242,15.12,8.4,0,corps,24.90764035161901,1.9879
4477,18,238,13.22,9.3,0,corps,24.89718914446272,2.1205
4478,21,254,12.10,10.7,0,corps,24.88674316160383,5.0307
4479,16,149,9.31,8.4,0,corps,24.876302400430834,8.5669
4480,13,172,13.23,7.1,0,corps,24.86586685833355,3.9108
4481,13,134,10.31,7.1,0,corps,24.855436532703095,1.6764
4482,4,39,9.75,3.1,0,corps,24.845011420931872,1.9937
4483,16,142,8.88,8.4,0,corps,24.834591520413625,1.6653
4484,16,171,10.69,8.4,0,corps,24.82417682854335,1.6878
4485,14,168,12.00,7.6,0,corps,24.813767342717398,1.5700
4486,10,116,11.60,5.8,0,corps,24.803363060333396,1.4218
4487,6,77,12.83,4.0,0,corps,24.79296397879026,1.3781
4488,10,172,17.20,5.8,0,corps,24.782570095488225,1.0794
4489,3,49,16.33,2.7,0,corps,24.772181407828832,1.2319
4490,17,169,9.94,8.9,0,corps,24.76179791321489,5.5029
4491,11,106,9.64,6.2,0,corps,24.751419609050547,7.6496
4492,10,119,11.90,5.8,0,corps,24.741046492741205,1.3699
4493,3,35,11.67,2.7,0,corps,24.730678561693587,2.4293
4494,17,160,9.41,8.9,0,corps,24.72031581331573,1.7552
4495,20,207,10.35,10.2,0,corps,24.709958245016928,4.1254
4496,9,92,10.22,5.3,0,corps,24.699605854207793,1.8003
4497,16,168,10.50,8.4,0,corps,24.68925863830024,1.5251
4498,6,76,12.67,4.0,0,corps,24.67891659470744,1.7088
4499,5,48,9.60,3.6,0,corps,24.668579720843912,2.0176
4500,7,60,8.57,4.4,0,corps,24.65824801412541,1.5094
4501,17,191,11.24,8.9,0,corps,24.64792147196902,2.8428
4502,3,26,8.67,2.7,0,corps,24.637600091793114,2.1861
4503,8,78,9.75,4.9,0,corps,24.62728387101733,1.5298
4504,22,221,10.05,11.1,0,corps,24.616972807062627,2.5406
4505,11,119,10.82,6.2,0,corps,24.60666689735123,2.8352
4506,7,52,7.43,4.4,0,corps,24.59636613930666,17.4014
4507,26,311,11.96,12.9,0,corps,24.586070530353744,2.0295
4508,6,52,8.67,4.0,0,corps,24.575780067918554,2.2560
4509,9,82,9.11,5.3,0,corps,24.565494749428492,1.9050
4510,9,79,8.78,5.3,0,corps,24.555214572312234,1.9193
4511,26,307,11.81,12.9,0,corps,24.544939533999717,2.0235
4512,19,221,11.63,9.8,0,corps,24.534669631922196,5.8045
4513,8,159,19.88,4.9,0,corps,24.524404863512185,4.8551
4514,27,372,13.78,13.3,0,corps,24.514145226203492,2.1562
4515,28,281,10.04,13.8,0,corps,24.503890717431226,3.1243
4516,16,144,9.00,8.4,0,corps,24.493641334631736,6.1326
4517,10,92,9.20,5.8,0,corps,24.48339707524269,1.9083
4518,2,22,11.00,2.2,0,corps,24.473157936703018,1.3146
4519,11,103,9.36,6.2,0,corps,24.462923916452937,10.4653
4520,15,178,11.87,8.0,0,corps,24.452695011933947,2.0704
4521,5,48,9.60,3.6,0,corps,24.44247122058881,1.2213
4522,28,308,11.00,13.8,0,corps,24.432252539861583,2.1254
4523,13,126,9.69,7.1,0,corps,24.422038967197608,1.3742
4524,13,170,13.08,7.1,0,corps,24.411830500043468,1.5187
4525,13,118,9.08,7.1,0,corps,24.40162713584706,4.6639
4526,27,326,12.07,13.3,0,corps,24.391428872057556,2.6177
4527,4,61,15.25,3.1,0,corps,24.381235706125366,1.1389
4528,15,156,10.40,8.0,0,corps,24.37104763550221,2.6700
4529,11,128,11.64,6.2,0,corps,24.36086465764107,6.0218
4530,15,155,10.33,8.0,0,corps,24.350686769996198,5.7300
4531,3,46,15.33,2.7,0,corps,24.340513970023135,0.8960
4532,17,174,10.24,8.9,0,corps,24.330346255178657,1.8985
4533,15,143,9.53,8.0,0,corps,24.320183622920847,1.8055
4534,9,74,8.22,5.3,0,corps,24.31002607070906,2.0164
4535,12,137,11.42,6.7,0,corps,24.29987359600389,1.9171
4536,13,142,10.92,7.1,0,corps,24.28972619626723,2.1683
4537,27,272,10.07,13.3,0,corps,24.27958386896222,3.3297
4538,8,78,9.75,4.9,0,corps,24.269446611553285,9.0700
4539,18,202,11.22,9.3,0,corps,24.259314421506108,1.8747
4540,19,198,10.42,9.8,0,corps,24.249187296287637,1.6149
4541,15,126,8.40,8.0,0,corps,24.2390652333661,4.8841
4542,18,164,9.11,9.3,0,corps,24.22894823021098,5.8282
4543,17,151,8.88,8.9,0,corps,24.218836284293015,2.7609
4544,17,250,14.71,8.9,0,corps,24.208729393084237,1.2689
4545,10,108,10.80,5.8,0,corps,24.198627554057907,3.3961
4546,9,113,12.56,5.3,0,corps,24.188530764688565,4.8142
4547,29,345,11.90,14.2,0,corps,24.178439022452032,2.7555
4548,3,29,9.67,2.7,0,corps,24.16835232482535,1.1904
4549,6,46,7.67,4.0,0,corps,24.15827066928685,1.9973
4550,6,56,9.33,4.0,0,corps,24.148194053316136,1.2943
4551,19,222,11.68,9.8,0,corps,24.138122474394027,5.3093
4552,10,137,13.70,5.8,0,corps,24.128055930002652,6.8399
4553,19,230,12.11,9.8,0,corps,24.117994417625358,1.8861
4554,17,149,8.76,8.9,0,corps,24.107937934746772,1.8162
4555,4,53,13.25,3.1,0,corps,24.097886478852786,2.0779
4556,37,425,11.49,17.8,0,corps,24.087840047430507,4.5201
4557,4,53,13.25,3.1,0,corps,24.077798637968353,1.3971
4558,3,33,11.00,2.7,0,corps,24.06776224795597,1.1458
4559,3,54,18.00,2.7,0,corps,24.057730874884243,0.9245
4560,2,31,15.50,2.2,0,corps,24.047704516245346,1.4170
4561,9,89,9.89,5.3,0,corps,24.037683169532677,7.2791
4562,18,134,7.44,9.3,0,corps,24.027666832240904,10.3596
4563,10,90,9.00,5.8,0,corps,24.017655501865953,2.3638
4564,21,205,9.76,10.7,0,corps,24.007649175904973,5.3531
4565,22,199,9.05,11.1,0,corps,23.99764785185639,3.0037
4566,2,14,7.00,2.2,0,corps,23.98765152721988,2.1911
4567,35,403,11.51,16.9,0,corps,23.977660199496352,3.1835
4568,9,89,9.89,5.3,0,corps,23.967673866187987,1.9709
4569,13,103,7.92,7.1,0,corps,23.95769252479818,2.8120
4570,17,146,8.59,8.9,0,corps,23.94771617283161,2.1580
4571,10,115,11.50,5.8,0,corps,23.937744807794196,1.4801
4572,20,215,10.75,10.2,0,corps,23.92777842719308,2.4294
4573,15,149,9.93,8.0,0,corps,23.91781702853667,1.6226
4574,21,176,8.38,10.7,0,corps,23.907860609334637,7.3058
4575,20,172,8.60,10.2,0,corps,23.897909167097843,1.8936
4576,26,270,10.38,12.9,0,corps,23.88796269933846,1.7036
4577,5,45,9.00,3.6,0,corps,23.878021203569844,3.7313
4578,20,177,8.85,10.2,0,corps,23.868084677306634,1.6215
4579,17,174,10.24,8.9,0,corps,23.858153118064703,2.5269
4580,23,194,8.43,11.6,0,corps,23.848226523361145,5.1733
4581,3,37,12.33,2.7,0,corps,23.838304890714323,1.2300
4582,14,151,10.79,7.6,0,corps,23.82838821764384,4.3331
4583,16,129,8.06,8.4,0,corps,23.8184765016705,3.4697
4584,8,73,9.12,4.9,0,corps,23.8085697403164,10.6669
4585,8,88,11.00,4.9,0,corps,23.79866793110483,13.4501
4586,7,91,13.00,4.4,0,corps,23.788771071560344,2.3821
4587,6,65,10.83,4.0,0,corps,23.77887915920874,1.8006
4588,14,114,8.14,7.6,0,corps,23.768992191577016,3.6593
4589,12,132,11.00,6.7,0,corps,23.759110166193448,3.0538
4590,4,49,12.25,3.1,0,corps,23.74923308058753,1.2095
4591,10,134,13.40,5.8,0,corps,23.739360932289976,5.4145
4592,24,283,11.79,12.0,0,corps,23.72949371883277,2.0292
4593,29,309,10.66,14.2,0,corps,23.719631437749086,4.1926
4594,20,172,8.60,10.2,0,corps,23.70977408657336,3.9540
4595,21,194,9.24,10.7,0,corps,23.699921662841273,2.0527
4596,28,262,9.36,13.8,0,corps,23.690074164089694,3.5877
4597,26,268,10.31,12.9,0,corps,23.680231587856756,3.6266
4598,21,218,10.38,10.7,0,corps,23.67039393168183,2.5771
4599,10,93,9.30,5.8,0,corps,23.66056119310548,5.0246
4600,27,401,14.85,13.3,0,corps,23.650733369669535,4.3335
4601,19,201,10.58,9.8,0,corps,23.64091045891703,2.3663
4602,6,74,12.33,4.0,0,corps,23.63109245839224,1.0731
4603,18,187,10.39,9.3,0,corps,23.621279365640678,1.8108
4604,9,82,9.11,5.3,0,corps,23.61147117820905,1.5672
4605,17,171,10.06,8.9,0,corps,23.601667893645317,1.9736
4606,4,36,9.00,3.1,0,corps,23.591869509498668,1.4646
4607,19,281,14.79,9.8,0,corps,23.58207602331949,1.4545
4608,10,113,11.30,5.8,0,corps,23.572287432659433,4.6388
4609,23,208,9.04,11.6,0,corps,23.562503735071324,1.7454
4610,12,161,13.42,6.7,0,corps,23.55272492810925,1.8555
4611,6,93,15.50,4.0,0,corps,23.54295100932852,1.0265
4612,9,107,11.89,5.3,0,corps,23.533181976285633,1.9479
4613,7,78,11.14,4.4,0,corps,23.523417826538342,1.5838
4614,20,175,8.75,10.2,0,corps,23.513658557645623,6.3795
4615,27,306,11.33,13.3,0,corps,23.503904167167633,2.0568
4616,3,28,9.33,2.7,0,corps,23.494154652665795,1.6883
4617,14,156,11.14,7.6,0,corps,23.484410011702714,2.4139
4618,33,340,10.30,16.0,0,corps,23.474670241842237,2.4330
4619,8,104,13.00,4.9,0,corps,23.464935340649426,1.3878
4620,16,159,9.94,8.4,0,corps,23.455205305690548,6.0807
4621,18,179,9.94,9.3,0,corps,23.445480134533096,3.9368
4622,14,147,10.50,7.6,0,corps,23.435759824745787,3.0214
4623,14,189,13.50,7.6,0,corps,23.42604437389853,4.2108
4624,15,162,10.80,8.0,0,corps,23.416333779562475,2.1729
4625,10,85,8.50,5.8,0,corps,23.406628039309954,7.1443
4626,24,298,12.42,12.0,0,corps,23.39692715071455,2.7825
4627,11,117,10.64,6.2,0,corps,23.38723111135104,1.6848
4628,12,103,8.58,6.7,0,corps,23.3775399187954,5.9323
4629,21,232,11.05,10.7,0,corps,23.367853570624845,2.4981
4630,26,243,9.35,12.9,0,corps,23.358172064417783,2.5631
4631,14,120,8.57,7.6,0,corps,23.348495397753833,2.0263
4632,29,321,11.07,14.2,0,corps,23.338823568213844,2.5718
4633,19,240,12.63,9.8,0,corps,23.329156573379837,4.0993
4634,15,203,13.53,8.0,0,corps,23.319494410835073,1.6547
4635,12,156,13.00,6.7,0,corps,23.309837078164026,1.5276
4636,7,80,11.43,4.4,0,corps,23.300184572952336,1.9321
4637,4,42,10.50,3.1,0,corps,23.2905368927869,2.5963
4638,17,174,10.24,8.9,0,corps,23.28089403525578,2.1228
4639,22,299,13.59,11.1,0,corps,23.271255997948266,4.3894
4640,19,179,9.42,9.8,0,corps,23.261622778454864,2.0214
4641,2,21,10.50,2.2,0,corps,23.251994374367246,1.6252
4642,3,20,6.67,2.7,0,corps,23.242370783278325,2.7757
4643,16,169,10.56,8.4,0,corps,23.232752002782203,3.5837
4644,11,101,9.18,6.2,0,corps,23.223138030474182,2.1256
4645,20,209,10.45,10.2,0,corps,23.21352886395077,2.6910
4646,18,198,11.00,9.3,0,corps,23.203924500809666,2.5811
4647,26,276,10.62,12.9,0,corps,23.194324938649793,4.3144
4648,16,143,8.94,8.4,0,corps,23.184730175071255,3.6107
4649,21,213,10.14,10.7,0,corps,23.17514020767536,1.7882
4650,19,153,8.05,9.8,0,corps,23.165555034064607,2.2923
4651,9,59,6.56,5.3,0,corps,23.15597465184273,2.1033
4652,6,62,10.33,4.0,0,corps,23.146399058614602,1.3219
4653,13,151,11.62,7.1,0,corps,23.13682825198635,2.8918
4654,28,284,10.14,13.8,0,corps,23.12726222956525,1.7563
4655,19,223,11.74,9.8,0,corps,23.117700988959808,1.8079
4656,39,429,11.00,18.7,0,corps,23.10814452777972,5.6791
4657,22,249,11.32,11.1,0,corps,23.09859284363586,1.6926
4658,4,35,8.75,3.1,0,corps,23.089045934140305,2.5309
4659,23,193,8.39,11.6,0,corps,23.079503796906344,2.5027
4660,9,78,8.67,5.3,0,corps,23.069966429548423,1.5324
4661,30,266,8.87,14.7,0,corps,23.060433829682218,1.8351
4662,21,216,10.29,10.7,0,corps,23.050905994924555,4.1571
4663,22,229,10.41,11.1,0,corps,23.041382922893497,1.9081
4664,13,120,9.23,7.1,0,corps,23.031864611208274,6.2090
4665,12,143,11.92,6.7,0,corps,23.022351057489296,6.6051
4666,7,94,13.43,4.4,0,corps,23.01284225935818,6.1327
4667,17,242,14.24,8.9,0,corps,23.003338214437736,3.4573
4668,19,252,13.26,9.8,0,corps,22.99383892035194,1.5033
4669,9,84,9.33,5.3,0,corps,22.98434437472598,1.5362
4670,10,104,10.40,5.8,0,corps,22.974854575186203,1.4264
4671,26,266,10.23,12.9,0,corps,22.965369519360166,3.8203
4672,10,125,12.50,5.8,0,corps,22.95588920487662,1.6285
4673,18,191,10.61,9.3,0,corps,22.946413629365463,1.9260
4674,9,93,10.33,5.3,0,corps,22.936942790457813,8.1289
4675,23,252,10.96,11.6,0,corps,22.92747668578597,1.7695
4676,30,337,11.23,14.7,0,corps,22.918015312983382,2.0676
4677,2,31,15.50,2.2,0,corps,22.908558669684737,1.3600
4678,11,112,10.18,6.2,0,corps,22.899106753525842,1.6511
4679,21,181,8.62,10.7,0,corps,22.88965956214374,5.6079
4680,31,360,11.61,15.1,0,corps,22.880217093176636,3.3271
4681,3,37,12.33,2.7,0,corps,22.870779344263887,2.0585
4682,24,238,9.92,12.0,0,corps,22.861346313046084,5.5558
4683,25,330,13.20,12.4,0,corps,22.851917997164957,3.1182
4684,4,40,10.00,3.1,0,corps,22.842494394263422,1.7888
4685,24,200,8.33,12.0,0,corps,22.833075501985594,2.8267
4686,7,82,11.71,4.4,0,corps,22.823661317976725,2.2773
4687,9,87,9.67,5.3,0,corps,22.81425183988329,9.2983
4688,26,273,10.50,12.9,0,corps,22.80484706535292,2.7624
4689,28,373,13.32,13.8,0,corps,22.795446992034403,4.8387
4690,19,209,11.00,9.8,0,corps,22.786051617577733,2.1928
4691,24,290,12.08,12.0,0,corps,22.776660939634073,2.1743
4692,23,232,10.09,11.6,0,corps,22.767274955855743,6.7020
4693,3,66,22.00,2.7,0,corps,22.757893663896255,1.2850
4694,19,190,10.00,9.8,0,corps,22.74851706141027,5.6528
4695,6,63,10.50,4.0,0,corps,22.739145146053648,1.7938
4696,12,125,10.42,6.7,0,corps,22.72977791548342,1.6772
4697,6,82,13.67,4.0,0,corps,22.720415367357756,1.7426
4698,17,176,10.35,8.9,0,corps,22.71105749933604,2.1457
4699,15,153,10.20,8.0,0,corps,22.7017043090788,2.1906
4700,22,205,9.32,11.1,0,corps,22.692355794247725,2.0751
4701,17,207,12.18,8.9,0,corps,22.683011952505705,4.3943
4702,6,84,14.00,4.0,0,corps,22.67367278151676,1.2403
4703,25,287,11.48,12.4,0,corps,22.66433827894611,2.8938
4704,23,250,10.87,11.6,0,corps,22.655008442460137,1.3241
4705,17,170,10.00,8.9,0,corps,22.645683269726362,1.5299
4706,12,109,9.08,6.7,0,corps,22.636362758413505,5.0068
4707,11,121,11.00,6.2,0,corps,22.627046906191435,1.5374
4708,6,59,9.83,4.0,0,corps,22.617735710731186,11.4991
4709,15,191,12.73,8.0,0,corps,22.608429169704966,4.0717
4710,34,415,12.21,16.4,0,corps,22.59912728078613,2.7662
4711,26,246,9.46,12.9,0,corps,22.58983004164921,1.9290
4712,24,214,8.92,12.0,0,corps,22.58053744996991,1.9285
4713,7,93,13.29,4.4,0,corps,22.571249503425054,0.8625
4714,13,148,11.38,7.1,0,corps,22.561966199692673,3.4878
4715,32,337,10.53,15.6,0,corps,22.55268753645195,2.1606
4716,22,227,10.32,11.1,0,corps,22.543413511383196,1.3800
4717,16,147,9.19,8.4,0,corps,22.534144122167927,4.4495
4718,9,145,16.11,5.3,0,corps,22.524879366488772,8.0723
4719,22,267,12.14,11.1,0,corps,22.51561924202956,1.3663
4720,35,378,10.80,16.9,0,corps,22.506363746475262,1.6982
4721,13,116,8.92,7.1,0,corps,22.497112877511988,1.5307
4722,3,30,10.00,2.7,0,corps,22.487866632827032,2.1928
4723,24,245,10.21,12.0,0,corps,22.478625010108836,3.9949
4724,16,188,11.75,8.4,0,corps,22.46938800704698,4.9768
4725,12,119,9.92,6.7,0,corps,22.46015562133223,1.7514
4726,6,75,12.50,4.0,0,corps,22.450927850656477,6.8447
4727,10,125,12.50,5.8,0,corps,22.441704692712783,1.6240
4728,11,106,9.64,6.2,0,corps,22.43248614519536,2.5262
4729,13,182,14.00,7.1,0,corps,22.42327220579957,1.8955
4730,14,127,9.07,7.6,0,corps,22.41406287222192,2.4567
4731,27,342,12.67,13.3,0,corps,22.404858142160094,1.6498
4732,30,314,10.47,14.7,0,corps,22.39565801331289,2.1791
4733,23,208,9.04,11.6,0,corps,22.3864624833803,4.1688
4734,9,65,7.22,5.3,0,corps,22.377271550063412,2.9878
4735,25,255,10.20,12.4,0,corps,22.36808521106451,4.3440
4736,9,100,11.11,5.3,0,corps,22.358903464087014,1.8096
4737,24,252,10.50,12.0,0,corps,22.349726306835468,3.1339
4738,21,177,8.43,10.7,0,corps,22.340553737015597,2.1511
4739,3,26,8.67,2.7,0,corps,22.331385752334263,2.2221
4740,21,166,7.90,10.7,0,corps,22.32222235049946,2.2540
4741,27,246,9.11,13.3,0,corps,22.313063529220344,3.3880
4742,19,190,10.00,9.8,0,corps,22.303909286207197,2.2015
4743,22,224,10.18,11.1,0,corps,22.294759619171465,2.6131
4744,34,344,10.12,16.4,0,corps,22.285614525825746,2.1480
4745,20,252,12.60,10.2,0,corps,22.276474003883745,1.5208
4746,20,207,10.35,10.2,0,corps,22.267338051060335,1.6648
4747,8,87,10.88,4.9,0,corps,22.258206665071544,1.5148
4748,23,229,9.96,11.6,0,corps,22.249079843634508,2.5011
4749,27,286,10.59,13.3,0,corps,22.239957584467536,2.2620
4750,14,128,9.14,7.6,0,corps,22.230839885290045,2.1764
4751,3,37,12.33,2.7,0,corps,22.22172674382262,1.4494
4752,9,88,9.78,5.3,0,corps,22.212618157786984,1.6446
4753,18,186,10.33,9.3,0,corps,22.203514124905976,1.8845
4754,36,424,11.78,17.3,0,corps,22.194414642903602,2.8395
4755,26,284,10.92,12.9,0,corps,22.185319709504974,2.0778
4756,21,183,8.71,10.7,0,corps,22.176229322436367,3.7158
4757,7,56,8.00,4.4,0,corps,22.167143479425196,2.2996
4758,22,223,10.14,11.1,0,corps,22.15806217819998,1.5609
4759,17,137,8.06,8.9,0,corps,22.148985416490405,4.3989
4760,14,163,11.64,7.6,0,corps,22.139913192027286,5.0946
4761,10,109,10.90,5.8,0,corps,22.130845502542552,1.7090
4762,17,161,9.47,8.9,0,corps,22.12178234576929,1.7782
4763,23,256,11.13,11.6,0,corps,22.112723719441707,2.7275
4764,22,210,9.55,11.1,0,corps,22.103669621295147,2.9824
4765,2,29,14.50,2.2,0,corps,22.094620049066098,2.5213
4766,19,244,12.84,9.8,0,corps,22.085575000492142,1.6221
4767,9,107,11.89,5.3,0,corps,22.07653447331203,1.3953
4768,12,137,11.42,6.7,0,corps,22.067498465265643,5.8004
4769,12,128,10.67,6.7,0,corps,22.058466974093953,1.7202
4770,16,139,8.69,8.4,0,corps,22.049439997539114,3.5606
4771,12,150,12.50,6.7,0,corps,22.04041753334436,1.3822
4772,11,90,8.18,6.2,0,corps,22.031399579254078,1.5863
4773,16,146,9.12,8.4,0,corps,22.022386133013796,2.0011
4774,23,247,10.74,11.6,0,corps,22.013377192370136,1.7662
4775,15,148,9.87,8.0,0,corps,22.004372755070865,2.2202
4776,6,50,8.33,4.0,0,corps,21.995372818864887,1.8661
4777,7,60,8.57,4.4,0,corps,21.986377381502194,1.8123
4778,21,161,7.67,10.7,0,corps,21.97738644073395,1.6737
4779,6,32,5.33,4.0,0,corps,21.968399994312403,17.4504
4780,25,221,8.84,12.4,0,corps,21.95941803999095,4.3269
4781,12,129,10.75,6.7,0,corps,21.95044057552411,1.3852
4782,20,197,9.85,10.2,0,corps,21.941467598667494,2.1665
4783,31,292,9.42,15.1,0,corps,21.932499107177872,2.4103
4784,20,203,10.15,10.2,0,corps,21.92353509881313,2.2379
4785,30,316,10.53,14.7,0,corps,21.914575571332247,5.6950
4786,22,186,8.45,11.1,0,corps,21.905620522495358,3.6784
4787,28,268,9.57,13.8,0,corps,21.896669950063686,3.7360
4788,23,219,9.52,11.6,0,corps,21.887723851799592,2.3626
4789,28,273,9.75,13.8,0,corps,21.878782225466566,5.1953
4790,30,285,9.50,14.7,0,corps,21.86984506882918,5.4096
4791,8,103,12.88,4.9,0,corps,21.860912379653154,1.4532
4792,18,141,7.83,9.3,0,corps,21.851984155705324,2.2211
4793,13,128,9.85,7.1,0,corps,21.843060394753618,1.8066
4794,16,155,9.69,8.4,0,corps,21.834141094567112,6.0203
4795,13,146,11.23,7.1,0,corps,21.825226252915964,1.7605
4796,24,231,9.62,12.0,0,corps,21.816315867571472,2.1501
4797,31,327,10.55,15.1,0,corps,21.807409936306048,5.0307
4798,11,129,11.73,6.2,0,corps,21.79850845689319,6.2145
4799,18,195,10.83,9.3,0,corps,21.789611427107545,1.8600
4800,10,101,10.10,5.8,0,corps,21.780718844724852,5.6029
4801,10,105,10.50,5.8,0,corps,21.771830707521957,1.4156
4802,9,100,11.11,5.3,0,corps,21.76294701327684,1.1159
4803,10,108,10.80,5.8,0,corps,21.75406775976856,1.6577
4804,14,117,8.36,7.6,0,corps,21.745192944777315,8.2450
4805,17,157,9.24,8.9,0,corps,21.7363225660844,5.5558
4806,16,212,13.25,8.4,0,corps,21.727456621472214,3.3461
4807,14,176,12.57,7.6,0,corps,21.71859510872428,2.6741
4808,10,114,11.40,5.8,0,corps,21.70973802562522,1.0618
4809,26,228,8.77,12.9,0,corps,21.700885369960748,1.5575
4810,17,154,9.06,8.9,0,corps,21.692037139517726,7.0989
4811,12,112,9.33,6.7,0,corps,21.683193332084066,1.6319
4812,12,150,12.50,6.7,0,corps,21.674353945448836,1.2207
4813,11,161,14.64,6.2,0,corps,21.66551897740219,1.4759
4814,17,214,12.59,8.9,0,corps,21.65668842573537,1.3033
4815,28,253,9.04,13.8,0,corps,21.647862288240752,5.0870
4816,10,101,10.10,5.8,0,corps,21.639040562711802,6.7399
4817,10,107,10.70,5.8,0,corps,21.630223246943082,1.3842
4818,9,107,11.89,5.3,0,corps,21.62141033873027,1.1080
4819,14,156,11.14,7.6,0,corps,21.612601835870127,1.2705
4820,16,152,9.50,8.4,0,corps,21.603797736160534,7.9539
4821,5,68,13.60,3.6,0,corps,21.594998037400476,1.6618
4822,12,127,10.58,6.7,0,corps,21.58620273739001,3.1729
4823,29,288,9.93,14.2,0,corps,21.57741183393032,3.1660
4824,27,289,10.70,13.3,0,corps,21.56862532482369,5.2245
4825,10,103,10.30,5.8,0,corps,21.559843207873474,1.9524
4826,10,79,7.90,5.8,0,corps,21.55106548088416,2.5096
4827,7,61,8.71,4.4,0,corps,21.5422921416613,1.8205
4828,19,178,9.37,9.8,0,corps,21.533523188011564,3.4431
4829,15,174,11.60,8.0,0,corps,21.524758617742727,2.7059
4830,8,61,7.62,4.9,0,corps,21.515998428663625,2.3732
4831,10,101,10.10,5.8,0,corps,21.507242618584225,7.6351
4832,17,187,11.00,8.9,0,corps,21.498491185315576,6.0537
4833,10,119,11.90,5.8,0,corps,21.489744126669805,5.8272
4834,26,312,12.00,12.9,0,corps,21.481001440460165,1.9319
4835,4,57,14.25,3.1,0,corps,21.47226312450097,2.1870
4836,26,263,10.12,12.9,0,corps,21.463529176607647,2.9791
4837,14,141,10.07,7.6,0,corps,21.45479959459672,4.6435
4838,19,240,12.63,9.8,0,corps,21.44607437628577,5.1126
4839,17,243,14.29,8.9,0,corps,21.43735351949351,1.8689
4840,6,50,8.33,4.0,0,corps,21.428637022039723,1.3288
4841,24,245,10.21,12.0,0,corps,21.419924881745278,4.2205
4842,21,244,11.62,10.7,0,corps,21.41121709643215,3.9642
4843,24,253,10.54,12.0,0,corps,21.40251366392338,3.1169
4844,7,90,12.86,4.4,0,corps,21.393814582043117,1.4368
4845,6,54,9.00,4.0,0,corps,21.385119848616593,1.2909
4846,21,182,8.67,10.7,0,corps,21.37642946147012,5.6842
4847,28,263,9.39,13.8,0,corps,21.367743418431104,1.6200
4848,15,149,9.93,8.0,0,corps,21.359061717328036,2.2591
4849,18,227,12.61,9.3,0,corps,21.35038435599048,3.5186
4850,32,474,14.81,15.6,0,corps,21.341711332249112,3.0757
4851,3,36,12.00,2.7,0,corps,21.333042643935663,1.3244
4852,26,383,14.73,12.9,0,corps,21.32437828888296,3.3394
4853,18,274,15.22,9.3,0,corps,21.315718264924932,1.2965
4854,14,161,11.50,7.6,0,corps,21.307062569896555,1.5198
4855,15,157,10.47,8.0,0,corps,21.298411201633904,3.6087
4856,16,171,10.69,8.4,0,corps,21.289764157974155,6.4637
4857,15,152,10.13,8.0,0,corps,21.281121436755523,2.3434
4858,19,173,9.11,9.8,0,corps,21.272483035817352,1.7960
4859,24,253,10.54,12.0,0,corps,21.26384895300002,3.3300
4860,20,204,10.20,10.2,0,corps,21.25521918614502,3.9061
4861,31,275,8.87,15.1,0,corps,21.246593733094908,2.4721
4862,23,205,8.91,11.6,0,corps,21.237972591693318,2.8391
4863,27,278,10.30,13.3,0,corps,21.229355759784962,5.4331
4864,19,209,11.00,9.8,0,corps,21.220743235215643,2.0821
4865,16,182,11.38,8.4,0,corps,21.212135015832217,1.5890
4866,16,224,14.00,8.4,0,corps,21.203531099482642,4.4704
4867,3,52,17.33,2.7,0,corps,21.194931484015925,1.1976
4868,13,126,9.69,7.1,0,corps,21.186336167282168,1.4173
4869,5,40,8.00,3.6,0,corps,21.177745147132544,1.4439
4870,27,251,9.30,13.3,0,corps,21.169158421419297,4.4031
4871,16,137,8.56,8.4,0,corps,21.16057598799574,5.6293
4872,14,132,9.43,7.6,0,corps,21.151997844716277,2.1036
4873,15,142,9.47,8.0,0,corps,21.143423989436357,4.1388
4874,21,246,11.71,10.7,0,corps,21.134854420012534,7.0416
4875,16,183,11.44,8.4,0,corps,21.126289134302397,1.5070
4876,23,267,11.61,11.6,0,corps,21.117728130164632,7.0591
4877,11,114,10.36,6.2,0,corps,21.109171405458994,1.5987
4878,12,129,10.75,6.7,0,corps,21.10061895804629,8.0186
4879,11,112,10.18,6.2,0,corps,21.092070785788422,1.7059
4880,17,182,10.71,8.9,0,corps,21.083526886548334,1.6461
4881,10,105,10.50,5.8,0,corps,21.074987258190056,2.3165
4882,16,153,9.56,8.4,0,corps,21.066451898578688,3.2316
4883,25,257,10.28,12.4,0,corps,21.057920805580377,4.3006
4884,26,287,11.04,12.9,0,corps,21.049393977062355,4.5521
4885,21,224,10.67,10.7,0,corps,21.040871410892926,2.4930
4886,17,170,10.00,8.9,0,corps,21.03235310494143,5.8572
4887,25,258,10.32,12.4,0,corps,21.023839057078305,3.1682
4888,25,210,8.40,12.4,0,corps,21.015329265175026,2.4985
4889,18,171,9.50,9.3,0,corps,21.006823727104155,2.0495
4890,5,78,15.60,3.6,0,corps,20.998322440739305,1.9882
4891,21,214,10.19,10.7,0,corps,20.98982540395515,4.5306
4892,12,110,9.17,6.7,0,corps,20.981332614627437,2.4810
4893,6,63,10.50,4.0,0,corps,20.972844070632966,11.8743
4894,32,342,10.69,15.6,0,corps,20.9643597698496,4.0058
4895,16,141,8.81,8.4,0,corps,20.955879710156275,4.2916
4896,26,272,10.46,12.9,0,corps,20.94740388943295,2.7004
4897,26,248,9.54,12.9,0,corps,20.93893230556069,2.8727
4898,17,166,9.76,8.9,0,corps,20.930464956421606,2.4778
4899,11,105,9.55,6.2,0,corps,20.922001839898837,1.4842
4900,20,204,10.20,10.2,0,corps,20.913542953876618,1.9258
4901,11,108,9.82,6.2,0,corps,20.905088296240233,2.0731
4902,2,27,13.50,2.2,0,corps,20.896637864876,1.4256
4903,27,243,9.00,13.3,0,corps,20.88819165767133,2.0843
4904,32,303,9.47,15.6,0,corps,20.879749672514656,1.6733
4905,16,158,9.88,8.4,0,corps,20.87131190729549,1.7363
4906,8,101,12.62,4.9,0,corps,20.862878359904393,1.4611
4907,19,185,9.74,9.8,0,corps,20.854449028232967,5.2304
4908,18,191,10.61,9.3,0,corps,20.846023910173884,1.3761
4909,25,253,10.12,12.4,0,corps,20.837603003620874,1.6388
4910,24,204,8.50,12.0,0,corps,20.8291863064687,2.2161
4911,9,115,12.78,5.3,0,corps,20.82077381661319,5.5799
4912,28,266,9.50,13.8,0,corps,20.812365531951222,2.2871
4913,24,278,11.58,12.0,0,corps,20.803961450380722,5.1412
4914,26,259,9.96,12.9,0,corps,20.79556156980068,2.9322
4915,16,162,10.12,8.4,0,corps,20.787165888111105,2.4215
4916,12,101,8.42,6.7,0,corps,20.778774403213095,6.2680
4917,24,255,10.62,12.0,0,corps,20.77038711300878,2.7823
4918,4,43,10.75,3.1,0,corps,20.762004015401324,1.3280
4919,4,28,7.00,3.1,0,corps,20.753625108294962,1.2383
4920,18,162,9.00,9.3,0,corps,20.745250389594965,3.7150
4921,14,149,10.64,7.6,0,corps,20.736879857207644,3.6984
4922,34,336,9.88,16.4,0,corps,20.728513509040386,4.8015
4923,40,471,11.78,19.1,0,corps,20.720151343001582,3.5234
4924,2,27,13.50,2.2,0,corps,20.71179335700071,1.5433
4925,7,80,11.43,4.4,0,corps,20.70343954894826,1.7926
4926,9,92,10.22,5.3,0,corps,20.695089916755784,7.2522
4927,27,310,11.48,13.3,0,corps,20.68674445833588,3.5001
4928,13,113,8.69,7.1,0,corps,20.678403171602167,4.9559
4929,5,79,15.80,3.6,0,corps,20.670066054469334,2.1856
4930,15,147,9.80,8.0,0,corps,20.661733104853113,2.4539
4931,5,54,10.80,3.6,0,corps,20.653404320670248,1.8913
4932,10,98,9.80,5.8,0,corps,20.645079699838544,6.5054
4933,30,292,9.73,14.7,0,corps,20.636759240276866,3.2633
4934,37,398,10.76,17.8,0,corps,20.628442939905074,4.4574
4935,14,147,10.50,7.6,0,corps,20.62013079664411,2.1405
4936,22,239,10.86,11.1,0,corps,20.611822808415926,5.4833
4937,16,175,10.94,8.4,0,corps,20.60351897314353,5.7068
4938,37,365,9.86,17.8,0,corps,20.59521928875097,3.4921
4939,12,97,8.08,6.7,0,corps,20.586923753163315,7.0214
4940,22,197,8.95,11.1,0,corps,20.578632364306678,2.5224
4941,23,184,8.00,11.6,0,corps,20.570345120108232,4.9403
4942,12,159,13.25,6.7,0,corps,20.562062018496142,4.5298
4943,23,310,13.48,11.6,0,corps,20.553783057399652,1.6339
4944,22,216,9.82,11.1,0,corps,20.545508234749,3.1630
4945,25,255,10.20,12.4,0,corps,20.537237548475503,2.6383
4946,8,91,11.38,4.9,0,corps,20.52897099651148,1.7476
4947,9,93,10.33,5.3,0,corps,20.520708576790284,5.5461
4948,12,116,9.67,6.7,0,corps,20.51245028724632,2.8323
4949,10,112,11.20,5.8,0,corps,20.504196125815017,2.4950
4950,18,176,9.78,9.3,0,corps,20.49594609043283,1.5670
4951,23,194,8.43,11.6,0,corps,20.48770017903726,4.8256
4952,31,305,9.84,15.1,0,corps,20.47945838956681,3.3697
4953,22,187,8.50,11.1,0,corps,20.471220719961043,4.5272
4954,27,300,11.11,13.3,0,corps,20.46298716816055,2.0745
4955,31,278,8.97,15.1,0,corps,20.454757732106927,2.2609
4956,15,145,9.67,8.0,0,corps,20.446532409742822,2.8690
4957,23,198,8.61,11.6,0,corps,20.438311199011913,2.2381
4958,22,232,10.55,11.1,0,corps,20.43009409785888,4.7952
4959,3,44,14.67,2.7,0,corps,20.421881104229467,1.5652
4960,12,156,13.00,6.7,0,corps,20.41367221607041,4.8781
4961,8,87,10.88,4.9,0,corps,20.40546743132949,1.4736
4962,22,229,10.41,11.1,0,corps,20.39726674795552,2.2755
4963,7,62,8.86,4.4,0,corps,20.389070163898314,4.0222
4964,26,259,9.96,12.9,0,corps,20.380877677108735,1.9874
4965,12,104,8.67,6.7,0,corps,20.372689285538673,7.3869
4966,31,333,10.74,15.1,0,corps,20.364504987141007,1.5994
4967,9,96,10.67,5.3,0,corps,20.356324779869677,7.7615
4968,36,348,9.67,17.3,0,corps,20.348148661679623,5.7976
4969,9,88,9.78,5.3,0,corps,20.33997663052682,2.4676
4970,9,91,10.11,5.3,0,corps,20.33180868436827,2.9065
4971,29,302,10.41,14.2,0,corps,20.323644821161963,2.3250
4972,33,330,10.00,16.0,0,corps,20.315485038866946,4.5707
4973,18,162,9.00,9.3,0,corps,20.307329335443285,6.2882
4974,21,201,9.57,10.7,0,corps,20.299177708852035,1.4955
4975,41,425,10.37,19.6,0,corps,20.291030157055303,5.6202
4976,18,185,10.28,9.3,0,corps,20.282886678016187,4.5109
4977,9,80,8.89,5.3,0,corps,20.274747269698825,2.0589
4978,20,187,9.35,10.2,0,corps,20.266611930068375,4.7350
4979,11,112,10.18,6.2,0,corps,20.25848065709098,1.5801
4980,13,99,7.62,7.1,0,corps,20.250353448733843,3.7594
4981,27,287,10.63,13.3,0,corps,20.242230302965154,2.0835
4982,10,103,10.30,5.8,0,corps,20.23411121775412,1.8551
4983,22,196,8.91,11.1,0,corps,20.22599619107098,2.2312
4984,22,244,11.09,11.1,0,corps,20.21788522088697,3.9334
4985,5,49,9.80,3.6,0,corps,20.209778305174343,1.6002
4986,45,497,11.04,21.3,0,corps,20.20167544190639,2.6278
4987,15,139,9.27,8.0,0,corps,20.193576629057368,4.2498
4988,19,169,8.89,9.8,0,corps,20.185481864602593,2.1563
4989,24,248,10.33,12.0,0,corps,20.17739114651837,2.1271
4990,14,134,9.57,7.6,0,corps,20.169304472782017,7.1527
4991,14,189,13.50,7.6,0,corps,20.16122184137187,2.4198
4992,22,243,11.05,11.1,0,corps,20.153143250267263,4.2104
4993,18,217,12.06,9.3,0,corps,20.14506869744855,5.5735
4994,17,210,12.35,8.9,0,corps,20.136998180897105,3.4097
4995,15,181,12.07,8.0,0,corps,20.12893169859528,5.5860
4996,18,300,16.67,9.3,0,corps,20.120869248526464,2.1679
4997,12,141,11.75,6.7,0,corps,20.112810828675055,3.1746
4998,28,290,10.36,13.8,0,corps,20.104756437026424,2.4048
4999,9,91,10.11,5.3,0,corps,20.096706071567,8.1941
5000,29,264,9.10,14.2,0,corps,20.088659730284164,5.0546
5001,2,59,29.50,2.2,0,corps,20.080617411166347,1.3005
5002,36,352,9.78,17.3,0,corps,20.072579112202973,2.0158
5003,19,204,10.74,9.8,0,corps,20.064544831384456,5.1181
5004,10,153,15.30,5.8,0,corps,20.056514566702237,1.4720
5005,17,182,10.71,8.9,0,corps,20.04848831614873,2.7999
5006,17,256,15.06,8.9,0,corps,20.040466077717394,5.0321
5007,19,177,9.32,9.8,0,corps,20.032447849402665,2.8775
5008,5,62,12.40,3.6,0,corps,20.024433629199976,1.8914
5009,28,318,11.36,13.8,0,corps,20.016423415105773,5.7201
5010,15,151,10.07,8.0,0,corps,20.008417205117517,1.7468
5011,30,271,9.03,14.7,0,corps,20.000414997233644,2.0271
5012,20,211,10.55,10.2,0,corps,19.992416789453603,4.9377
5013,17,164,9.65,8.9,0,corps,19.98442257977784,2.3566
5014,9,95,10.56,5.3,0,corps,19.976432366207803,8.0144
5015,34,328,9.65,16.4,0,corps,19.96844614674595,2.7540
5016,2,40,20.00,2.2,0,corps,19.960463919395707,1.4725
5017,25,271,10.84,12.4,0,corps,19.952485682161527,5.7430
5018,15,163,10.87,8.0,0,corps,19.944511433048863,2.3582
5019,14,175,12.50,7.6,0,corps,19.936541170064128,6.2519
5020,19,265,13.95,9.8,0,corps,19.928574891214772,3.6170
5021,26,325,12.50,12.9,0,corps,19.920612594509223,4.1705
5022,9,111,12.33,5.3,0,corps,19.9126542779569,9.0430
5023,19,254,13.37,9.8,0,corps,19.90469993956824,1.6121
5024,8,87,10.88,4.9,0,corps,19.89674957735464,1.0562
5025,15,159,10.60,8.0,0,corps,19.888803189328513,1.0312
5026,8,82,10.25,4.9,0,corps,19.88086077350328,5.9444
5027,34,398,11.71,16.4,0,corps,19.87292232789331,2.6825
5028,2,23,11.50,2.2,0,corps,19.864987850514016,1.3769
5029,13,124,9.54,7.1,0,corps,19.857057339381758,1.2364
5030,17,150,8.82,8.9,0,corps,19.849130792513918,2.3375
5031,35,328,9.37,16.9,0,corps,19.841208207928865,3.9054
5032,13,180,13.85,7.1,0,corps,19.833289583645943,1.0271
5033,16,192,12.00,8.4,0,corps,19.825374917685494,2.7305
5034,20,183,9.15,10.2,0,corps,19.817464208068866,3.0132
5035,21,203,9.67,10.7,0,corps,19.809557452818368,6.2807
5036,14,210,15.00,7.6,0,corps,19.801654649957317,1.4691
5037,10,75,7.50,5.8,0,corps,19.793755797510006,11.4079
5038,6,115,19.17,4.0,0,corps,19.78586089350173,1.2284
5039,20,174,8.70,10.2,0,corps,19.777969935958765,2.5953
5040,10,86,8.60,5.8,0,corps,19.770082922908358,7.4821
5041,27,257,9.52,13.3,0,corps,19.762199852378764,3.9269
5042,3,33,11.00,2.7,0,corps,19.75432072239922,0.9601
5043,8,55,6.88,4.9,0,corps,19.74644553099994,12.9221
5044,24,224,9.33,12.0,0,corps,19.73857427621212,3.4625
5045,15,162,10.80,8.0,0,corps,19.73070695606795,5.5870
5046,14,151,10.79,7.6,0,corps,19.722843568600602,2.1694
5047,11,91,8.27,6.2,0,corps,19.714984111844235,6.8896
5048,4,49,12.25,3.1,0,corps,19.70712858383397,1.9588
5049,2,20,10.00,2.2,0,corps,19.69927698260593,1.4682
5050,9,124,13.78,5.3,0,corps,19.69142930619723,1.1729
5051,6,66,11.00,4.0,0,corps,19.683585552645926,1.8827
5052,21,213,10.14,10.7,0,corps,19.6757457199911,1.6354
5053,12,114,9.50,6.7,0,corps,19.667909806272778,4.2733
5054,22,212,9.64,11.1,0,corps,19.66007780953199,1.8047
5055,29,320,11.03,14.2,0,corps,19.652249727810748,5.3124
5056,8,69,8.62,4.9,0,corps,19.64442555915201,2.4995
5057,30,349,11.63,14.7,0,corps,19.636605301599737,1.8909
5058,2,17,8.50,2.2,0,corps,19.628788953198885,2.6927
5059,20,181,9.05,10.2,0,corps,19.62097651199534,2.4315
5060,38,366,9.63,18.2,0,corps,19.613167976036017,4.0187
5061,22,224,10.18,11.1,0,corps,19.605363343368758,4.7324
5062,20,205,10.25,10.2,0,corps,19.597562612042417,1.8732
5063,15,153,10.20,8.0,0,corps,19.58976578010682,1.8150
5064,4,51,12.75,3.1,0,corps,19.581972845612743,1.2927
5065,26,214,8.23,12.9,0,corps,19.574183806611952,2.0892
5066,3,39,13.00,2.7,0,corps,19.566398661157205,1.4090
5067,21,193,9.19,10.7,0,corps,19.558617407302197,1.7897
5068,3,52,17.33,2.7,0,corps,19.55084004310163,1.6118
5069,15,195,13.00,8.0,0,corps,19.54306656661115,2.0571
5070,16,159,9.94,8.4,0,corps,19.535296975887384,5.8187
5071,15,154,10.27,8.0,0,corps,19.527531268987957,1.9396
5072,21,204,9.71,10.7,0,corps,19.51976944397142,3.1966
5073,24,234,9.75,12.0,0,corps,19.512011498897323,2.5966
5074,18,160,8.89,9.3,0,corps,19.50425743182619,1.6678
5075,34,304,8.94,16.4,0,corps,19.496507240819486,3.9087
5076,14,122,8.71,7.6,0,corps,19.488760923939683,6.1452
5077,31,314,10.13,15.1,0,corps,19.481018479250185,5.3149
5078,8,81,10.12,4.9,0,corps,19.473279904815385,15.2899
5079,21,227,10.81,10.7,0,corps,19.465545198700653,2.2779
5080,13,123,9.46,7.1,0,corps,19.45781435897229,1.5676
5081,35,364,10.40,16.9,0,corps,19.450087383697596,4.2532
5082,10,99,9.90,5.8,0,corps,19.44236427094484,1.8165
5083,23,273,11.87,11.6,0,corps,19.434645018783222,2.8528
5084,11,86,7.82,6.2,0,corps,19.426929625282945,1.4281
5085,18,175,9.72,9.3,0,corps,19.41921808851515,5.0878
5086,29,328,11.31,14.2,0,corps,19.41151040655196,2.0642
5087,7,85,12.14,4.4,0,corps,19.403806577466458,1.2093
5088,25,237,9.48,12.4,0,corps,19.396106599332672,5.1020
5089,19,166,8.74,9.8,0,corps,19.388410470225615,1.9745
5090,4,51,12.75,3.1,0,corps,19.380718188221262,1.0225
5091,12,117,9.75,6.7,0,corps,19.37302975139653,6.5790
5092,14,162,11.57,7.6,0,corps,19.365345157829324,3.1990
5093,33,339,10.27,16.0,0,corps,19.35766440559848,2.9549
5094,21,189,9.00,10.7,0,corps,19.349987492783818,4.1212
5095,15,152,10.13,8.0,0,corps,19.342314417466117,5.0531
5096,22,222,10.09,11.1,0,corps,19.33464517772709,2.2953
5097,23,284,12.35,11.6,0,corps,19.326979771649437,2.4556
5098,21,202,9.62,10.7,0,corps,19.31931819731682,3.2928
5099,18,200,11.11,9.3,0,corps,19.31166045281382,1.4079
5100,31,317,10.23,15.1,0,corps,19.30400653622602,2.4534
5101,31,348,11.23,15.1,0,corps,19.29635644563993,4.0439
5102,28,274,9.79,13.8,0,corps,19.288710179143028,2.1532
5103,14,152,10.86,7.6,0,corps,19.281067734823758,3.3430
5104,21,219,10.43,10.7,0,corps,19.273429110771495,2.8427
5105,16,173,10.81,8.4,0,corps,19.26579430507659,3.1964
5106,14,131,9.36,7.6,0,corps,19.258163315830345,2.1003
5107,13,137,10.54,7.1,0,corps,19.250536141125004,1.5697
5108,16,158,9.88,8.4,0,corps,19.242912779053782,2.9903
5109,15,174,11.60,8.0,0,corps,19.23529322771083,3.9972
5110,30,300,10.00,14.7,0,corps,19.227677485191265,3.8013
5111,9,101,11.22,5.3,0,corps,19.220065549591155,1.5147
5112,16,185,11.56,8.4,0,corps,19.212457419007503,4.6538
5113,19,213,11.21,9.8,0,corps,19.20485309153829,2.3304
5114,17,226,13.29,8.9,0,corps,19.197252565282433,1.6671
5115,18,177,9.83,9.3,0,corps,19.189655838339785,1.9679
5116,31,345,11.13,15.1,0,corps,19.18206290881119,3.1798
5117,12,130,10.83,6.7,0,corps,19.174473774798393,1.8862
5118,30,376,12.53,14.7,0,corps,19.166888434404118,1.6014
5119,24,280,11.67,12.0,0,corps,19.159306885732036,1.3272
5120,15,156,10.40,8.0,0,corps,19.15172912688675,2.4251
5121,20,292,14.60,10.2,0,corps,19.144155155973824,2.6268
5122,6,56,9.33,4.0,0,corps,19.136584971099772,11.7176
5123,11,106,9.64,6.2,0,corps,19.129018570372036,6.0080
5124,9,123,13.67,5.3,0,corps,19.121455951899023,8.7199
5125,36,440,12.22,17.3,0,corps,19.113897113790077,1.7971
5126,36,321,8.92,17.3,0,corps,19.106342054155483,3.8143
5127,23,285,12.39,11.6,0,corps,19.09879077110649,1.6715
5128,19,226,11.89,9.8,0,corps,19.091243262755263,2.8738
5129,22,205,9.32,11.1,0,corps,19.083699527214936,2.8517
5130,13,134,10.31,7.1,0,corps,19.076159562599564,1.4114
5131,22,219,9.95,11.1,0,corps,19.068623367024156,1.4812
5132,29,328,11.31,14.2,0,corps,19.06109093860468,2.2138
5133,10,81,8.10,5.8,0,corps,19.05356227545801,2.4566
5134,9,74,8.22,5.3,0,corps,19.046037375701985,1.6206
5135,12,118,9.83,6.7,0,corps,19.03851623745539,1.7151
5136,25,262,10.48,12.4,0,corps,19.03099885883793,2.6375
5137,18,144,8.00,9.3,0,corps,19.023485237970263,3.9949
5138,15,138,9.20,8.0,0,corps,19.01597537297398,1.4901
5139,20,191,9.55,10.2,0,corps,19.00846926197162,2.3128
5140,6,62,10.33,4.0,0,corps,19.000966903086656,1.3737
5141,40,420,10.50,19.1,0,corps,18.993468294443492,2.1191
5142,24,214,8.92,12.0,0,corps,18.98597343416748,7.7025
5143,27,260,9.63,13.3,0,corps,18.97848232038491,2.4124
5144,28,274,9.79,13.8,0,corps,18.970994951222995,4.4734
5145,25,263,10.52,12.4,0,corps,18.9635113248099,2.2930
5146,14,131,9.36,7.6,0,corps,18.956031439274707,6.7222
5147,16,211,13.19,8.4,0,corps,18.94855529274745,4.7963
5148,17,181,10.65,8.9,0,corps,18.941082883359105,1.5390
5149,17,173,10.18,8.9,0,corps,18.933614209241547,2.3163
5150,15,146,9.73,8.0,0,corps,18.926149268527624,5.3114
5151,12,121,10.08,6.7,0,corps,18.918688059351098,6.1590
5152,16,216,13.50,8.4,0,corps,18.91123057984666,3.0013
5153,12,115,9.58,6.7,0,corps,18.903776828149955,2.4787
5154,18,190,10.56,9.3,0,corps,18.896326802397525,1.9911
5155,2,29,14.50,2.2,0,corps,18.88888050072687,1.5762
5156,15,150,10.00,8.0,0,corps,18.88143792127643,3.5439
5157,28,263,9.39,13.8,0,corps,18.873999062185536,2.8298
5158,9,106,11.78,5.3,0,corps,18.866563921594487,8.4276
5159,7,84,12.00,4.4,0,corps,18.859132497644502,1.3288
5160,15,153,10.20,8.0,0,corps,18.851704788477715,1.6478
5161,20,201,10.05,10.2,0,corps,18.844280792237207,5.4456
5162,29,302,10.41,14.2,0,corps,18.836860507066966,3.0913
5163,15,113,7.53,8.0,0,corps,18.829443931111932,2.2968
5164,7,63,9.00,4.4,0,corps,18.822031062517965,1.4557
5165,29,285,9.83,14.2,0,corps,18.81462189943183,2.4623
5166,35,312,8.91,16.9,0,corps,18.807216440001252,6.5546
5167,20,233,11.65,10.2,0,corps,18.799814682374862,1.4750
5168,16,128,8.00,8.4,0,corps,18.79241662470222,7.0459
5169,25,234,9.36,12.4,0,corps,18.785022265133815,5.6027
5170,23,261,11.35,11.6,0,corps,18.777631601821042,3.5164
5171,27,256,9.48,13.3,0,corps,18.77024463291625,5.1319
5172,16,147,9.19,8.4,0,corps,18.762861356572703,2.3270
5173,17,126,7.41,8.9,0,corps,18.755481770944563,2.2278
5174,32,333,10.41,15.6,0,corps,18.74810587418694,3.2709
5175,32,318,9.94,15.6,0,corps,18.74073366445587,2.5532
5176,16,157,9.81,8.4,0,corps,18.73336513990829,2.0924
5177,30,359,11.97,14.7,0,corps,18.726000298702075,7.9557
5178,20,178,8.90,10.2,0,corps,18.718639138996004,5.0046
5179,9,78,8.67,5.3,0,corps,18.711281658949797,7.7102
5180,11,85,7.73,6.2,0,corps,18.703927856724086,13.1463
5181,22,194,8.82,11.1,0,corps,18.69657773048041,5.9093
5182,20,179,8.95,10.2,0,corps,18.689231278381243,1.6196
5183,11,111,10.09,6.2,0,corps,18.68188849858998,6.0352
5184,13,127,9.77,7.1,0,corps,18.67454938927091,2.3657
5185,14,111,7.93,7.6,0,corps,18.66721394858927,2.8612
5186,22,209,9.50,11.1,0,corps,18.65988217471119,4.6811
5187,4,30,7.50,3.1,0,corps,18.652554065803727,1.4901
5188,33,408,12.36,16.0,0,corps,18.645229620034865,3.9304
5189,10,85,8.50,5.8,0,corps,18.637908835573473,1.8613
5190,13,124,9.54,7.1,0,corps,18.63059171058937,6.9917
5191,27,282,10.44,13.3,0,corps,18.62327824325328,2.0173
5192,10,105,10.50,5.8,0,corps,18.615968431736817,2.5591
5193,27,253,9.37,13.3,0,corps,18.60866227421255,1.6764
5194,35,349,9.97,16.9,0,corps,18.60135976885391,3.4177
5195,25,283,11.32,12.4,0,corps,18.594060913835296,2.0531
5196,12,122,10.17,6.7,0,corps,18.586765707331992,1.6385
5197,31,282,9.10,15.1,0,corps,18.579474147520187,2.3161
5198,17,152,8.94,8.9,0,corps,18.57218623257699,2.4410
5199,31,286,9.23,15.1,0,corps,18.564901960680437,3.0998
5200,11,106,9.64,6.2,0,corps,18.55762133000944,5.6822
5201,22,225,10.23,11.1,0,corps,18.55034433874386,4.2717
5202,18,177,9.83,9.3,0,corps,18.543070985064432,3.3301
5203,32,265,8.28,15.6,0,corps,18.53580126715283,4.4451
5204,3,19,6.33,2.7,0,corps,18.52853518319162,1.9901
5205,16,148,9.25,8.4,0,corps,18.521272731364284,1.7131
5206,21,211,10.05,10.7,0,corps,18.5140139098552,3.7073
5207,29,316,10.90,14.2,0,corps,18.506758716849678,3.7960
5208,20,246,12.30,10.2,0,corps,18.499507150533905,1.8291
5209,26,232,8.92,12.9,0,corps,18.492259209095,1.6504
5210,11,103,9.36,6.2,0,corps,18.485014890720965,4.3855
5211,17,164,9.65,8.9,0,corps,18.477774193600734,2.0326
5212,24,196,8.17,12.0,0,corps,18.470537115924127,1.9698
5213,6,68,11.33,4.0,0,corps,18.463303655881873,1.5698
5214,36,364,10.11,17.3,0,corps,18.4560738116656,3.3901
5215,9,93,10.33,5.3,0,corps,18.44884758146787,5.4037
5216,26,306,11.77,12.9,0,corps,18.441624963482102,2.8948
5217,32,338,10.56,15.6,0,corps,18.43440595590266,2.2374
5218,24,289,12.04,12.0,0,corps,18.427190556924767,2.7138
5219,16,184,11.50,8.4,0,corps,18.41997876474459,1.4479
5220,31,290,9.35,15.1,0,corps,18.412770577559193,2.1058
5221,27,286,10.59,13.3,0,corps,18.4055659935665,2.0238
5222,14,172,12.29,7.6,0,corps,18.398365010965385,1.5275
5223,6,58,9.67,4.0,0,corps,18.391167627955607,1.4526
5224,13,155,11.92,7.1,0,corps,18.383973842737802,1.7710
5225,16,174,10.88,8.4,0,corps,18.37678365351354,6.0740
5226,20,188,9.40,10.2,0,corps,18.369597058485258,1.9766
5227,11,111,10.09,6.2,0,corps,18.362414055856316,1.5125
5228,23,249,10.83,11.6,0,corps,18.35523464383097,2.9302
5229,12,114,9.50,6.7,0,corps,18.34805882061435,2.0199
5230,13,127,9.77,7.1,0,corps,18.340886584412512,1.5444
5231,29,312,10.76,14.2,0,corps,18.333717933432403,1.7633
5232,4,35,8.75,3.1,0,corps,18.326552865881844,1.9879
5233,16,173,10.81,8.4,0,corps,18.31939137996958,1.3208
5234,9,87,9.67,5.3,0,corps,18.312233473905234,2.2096
5235,21,198,9.43,10.7,0,corps,18.30507914589933,4.6839
5236,19,194,10.21,9.8,0,corps,18.297928394163293,1.5681
5237,14,168,12.00,7.6,0,corps,18.290781216909423,2.0427
5238,17,187,11.00,8.9,0,corps,18.28363761235093,2.1465
5239,19,269,14.16,9.8,0,corps,18.27649757870192,1.7760
5240,18,221,12.28,9.3,0,corps,18.269361114177375,5.0955
5241,22,221,10.05,11.1,0,corps,18.26222821699319,2.1682
5242,5,53,10.60,3.6,0,corps,18.255098885366124,1.9994
5243,17,159,9.35,8.9,0,corps,18.247973117513855,5.1334
5244,9,91,10.11,5.3,0,corps,18.240850911654945,2.1133
5245,12,132,11.00,6.7,0,corps,18.233732266008833,4.4472
5246,20,296,14.80,10.2,0,corps,18.226617178795863,2.8332
5247,28,298,10.64,13.8,0,corps,18.219505648237263,2.8995
5248,24,220,9.17,12.0,0,corps,18.212397672555145,4.7504
5249,13,113,8.69,7.1,0,corps,18.205293249972527,4.9146
5250,8,84,10.50,4.9,0,corps,18.198192378713284,6.6510
5251,17,162,9.53,8.9,0,corps,18.191095057002215,2.1714
5252,14,156,11.14,7.6,0,corps,18.18400128306499,2.3093
5253,21,187,8.90,10.7,0,corps,18.17691105512815,2.7104
5254,22,184,8.36,11.1,0,corps,18.169824371419157,5.9145
5255,9,84,9.33,5.3,0,corps,18.162741230166326,2.2082
5256,31,280,9.03,15.1,0,corps,18.155661629598875,5.1626
5257,16,155,9.69,8.4,0,corps,18.14858556794691,4.8731
5258,40,392,9.80,19.1,0,corps,18.141513043441403,3.8413
5259,25,209,8.36,12.4,0,corps,18.134444054314233,2.3305
5260,16,132,8.25,8.4,0,corps,18.127378598798156,2.0975
5261,11,108,9.82,6.2,0,corps,18.120316675126798,2.5431
5262,28,269,9.61,13.8,0,corps,18.113258281534687,3.7105
5263,15,116,7.73,8.0,0,corps,18.10620341625721,3.1653
5264,17,150,8.82,8.9,0,corps,18.099152077530665,1.8104
5265,9,85,9.44,5.3,0,corps,18.09210426359222,8.0400
5266,21,190,9.05,10.7,0,corps,18.0850599726799,1.7677
5267,22,192,8.73,11.1,0,corps,18.078019203032657,2.1557
5268,16,122,7.62,8.4,0,corps,18.07098195289029,2.0840
5269,12,118,9.83,6.7,0,corps,18.063948220493476,5.4912
5270,10,139,13.90,5.8,0,corps,18.056918004083798,2.8055
5271,11,79,7.18,6.2,0,corps,18.049891301903685,3.8786
5272,17,161,9.47,8.9,0,corps,18.042868112196476,6.5570
5273,28,318,11.36,13.8,0,corps,18.035848433206375,5.7929
5274,30,299,9.97,14.7,0,corps,18.028832263178447,3.2639
5275,20,231,11.55,10.2,0,corps,18.021819600358654,4.5620
5276,13,151,11.62,7.1,0,corps,18.014810442993845,1.9340
5277,23,284,12.35,11.6,0,corps,18.007804789331715,3.9183
5278,16,181,11.31,8.4,0,corps,18.000802637620858,3.9800
5279,9,109,12.11,5.3,0,corps,17.993803986110727,2.0486
5280,5,57,11.40,3.6,0,corps,17.98680883305167,1.8413
5281,26,240,9.23,12.9,0,corps,17.979817176694894,5.8102
5282,17,220,12.94,8.9,0,corps,17.97282901529248,1.5567
5283,12,172,14.33,6.7,0,corps,17.965844347097395,1.4749
5284,18,181,10.06,9.3,0,corps,17.958863170363475,6.0707
5285,17,226,13.29,8.9,0,corps,17.95188548334541,4.8046
5286,11,134,12.18,6.2,0,corps,17.944911284298804,5.3223
5287,12,157,13.08,6.7,0,corps,17.93794057148008,4.9665
5288,6,74,12.33,4.0,0,corps,17.93097334314657,1.4060
5289,23,226,9.83,11.6,0,corps,17.924009597556477,4.1811
5290,24,269,11.21,12.0,0,corps,17.917049332968848,2.7944
5291,10,112,11.20,5.8,0,corps,17.910092547643625,1.7781
5292,17,190,11.18,8.9,0,corps,17.903139239841618,2.6183
5293,20,175,8.75,10.2,0,corps,17.896189407824487,4.4977
5294,28,249,8.89,13.8,0,corps,17.889243049854787,2.5939
5295,15,172,11.47,8.0,0,corps,17.882300164195915,5.6949
5296,29,280,9.66,14.2,0,corps,17.875360749112158,4.3202
5297,11,107,9.73,6.2,0,corps,17.868424802868667,1.6975
5298,31,352,11.35,15.1,0,corps,17.86149232373144,7.5172
5299,22,269,12.23,11.1,0,corps,17.854563309967368,3.3586
5300,12,137,11.42,6.7,0,corps,17.8476377598442,1.7858
5301,15,177,11.80,8.0,0,corps,17.840715671630537,1.9075
5302,14,158,11.29,7.6,0,corps,17.833797043595876,1.2032
5303,6,71,11.83,4.0,0,corps,17.826881874010535,1.6273
5304,6,54,9.00,4.0,0,corps,17.81997016114574,1.3126
5305,11,113,10.27,6.2,0,corps,17.81306190327356,1.5301
5306,20,156,7.80,10.2,0,corps,17.806157098666926,5.3667
5307,23,255,11.09,11.6,0,corps,17.799255745599634,1.1462
5308,17,142,8.35,8.9,0,corps,17.792357842346355,1.4730
5309,15,118,7.87,8.0,0,corps,17.785463387182606,1.3673
5310,13,128,9.85,7.1,0,corps,17.77857237838478,4.7763
5311,21,236,11.24,10.7,0,corps,17.771684814230117,3.7734
5312,14,112,8.00,7.6,0,corps,17.764800692996726,6.5303
5313,17,199,11.71,8.9,0,corps,17.757920012963584,1.3161
5314,23,202,8.78,11.6,0,corps,17.751042772410518,3.6041
5315,14,124,8.86,7.6,0,corps,17.74416896961821,8.2246
5316,27,271,10.04,13.3,0,corps,17.737298602868226,4.6381
5317,16,210,13.12,8.4,0,corps,17.730431670442957,2.2156
5318,36,315,8.75,17.3,0,corps,17.723568170625683,4.2588
5319,12,106,8.83,6.7,0,corps,17.71670810170052,1.7834
5320,18,179,9.94,9.3,0,corps,17.70985146195245,1.9104
5321,25,274,10.96,12.4,0,corps,17.702998249667324,5.0959
5322,18,213,11.83,9.3,0,corps,17.696148463131824,1.4990
5323,8,86,10.75,4.9,0,corps,17.689302100633515,2.3614
5324,35,328,9.37,16.9,0,corps,17.682459160460805,4.8938
5325,13,165,12.69,7.1,0,corps,17.675619640902955,1.6244
5326,13,123,9.46,7.1,0,corps,17.668783540250086,3.4532
5327,18,182,10.11,9.3,0,corps,17.661950856793172,3.2402
5328,20,196,9.80,10.2,0,corps,17.65512158882404,3.1283
5329,21,198,9.43,10.7,0,corps,17.648295734635386,3.1891
5330,25,250,10.00,12.4,0,corps,17.641473292520725,3.3953
5331,23,248,10.78,11.6,0,corps,17.634654260774465,2.2337
5332,18,166,9.22,9.3,0,corps,17.627838637691845,2.2404
5333,3,44,14.67,2.7,0,corps,17.62102642156895,1.2213
5334,25,267,10.68,12.4,0,corps,17.614217610702735,4.9722
5335,19,192,10.11,9.8,0,corps,17.607412203390986,3.6374
5336,14,119,8.50,7.6,0,corps,17.60061019793236,2.0855
5337,15,135,9.00,8.0,0,corps,17.593811592626366,7.1562
5338,12,115,9.58,6.7,0,corps,17.587016385773328,5.4382
5339,24,226,9.42,12.0,0,corps,17.580224575674464,1.6303
5340,22,235,10.68,11.1,0,corps,17.573436160631815,1.8970
5341,18,158,8.78,9.3,0,corps,17.566651138948274,2.7359
5342,25,228,9.12,12.4,0,corps,17.55986950892759,2.1312
5343,24,233,9.71,12.0,0,corps,17.55309126887435,1.8037
5344,18,152,8.44,9.3,0,corps,17.546316417093998,3.8304
5345,20,212,10.60,10.2,0,corps,17.53954495189283,4.2346
5346,26,253,9.73,12.9,0,corps,17.532776871577962,5.2136
5347,8,70,8.75,4.9,0,corps,17.526012174457378,2.2448
5348,24,281,11.71,12.0,0,corps,17.51925085883992,4.4076
5349,10,93,9.30,5.8,0,corps,17.51249292303524,10.2549
5350,16,129,8.06,8.4,0,corps,17.505738365353867,4.1593
5351,16,168,10.50,8.4,0,corps,17.498987184107147,6.0355
5352,18,192,10.67,9.3,0,corps,17.492239377607298,4.4138
5353,12,108,9.00,6.7,0,corps,17.485494944167364,2.8427
5354,18,201,11.17,9.3,0,corps,17.478753882101238,3.2067
5355,13,123,9.46,7.1,0,corps,17.472016189723647,1.8196
5356,21,207,9.86,10.7,0,corps,17.46528186535018,4.7675
5357,24,249,10.38,12.0,0,corps,17.458550907297244,4.2399
5358,18,199,11.06,9.3,0,corps,17.45182331388211,1.3325
5359,22,262,11.91,11.1,0,corps,17.44509908342287,4.2243
5360,14,121,8.64,7.6,0,corps,17.43837821423847,3.7345
5361,8,85,10.62,4.9,0,corps,17.431660704648703,1.6833
5362,13,114,8.77,7.1,0,corps,17.42494655297417,5.2636
5363,20,166,8.30,10.2,0,corps,17.418235757536348,4.5975
5364,15,133,8.87,8.0,0,corps,17.41152831665754,7.1194
5365,31,329,10.61,15.1,0,corps,17.40482422866088,4.9693
5366,32,297,9.28,15.6,0,corps,17.39812349187035,2.8311
5367,18,181,10.06,9.3,0,corps,17.39142610461076,4.5416
5368,15,114,7.60,8.0,0,corps,17.384732065207757,8.7002
5369,24,275,11.46,12.0,0,corps,17.378041371987855,2.3714
5370,23,227,9.87,11.6,0,corps,17.371354023278354,2.0497
5371,15,181,12.07,8.0,0,corps,17.36467001740743,1.6908
5372,14,149,10.64,7.6,0,corps,17.357989352704088,2.2332
5373,15,151,10.07,8.0,0,corps,17.351312027498142,3.6730
5374,24,202,8.42,12.0,0,corps,17.344638040120284,3.7786
5375,12,147,12.25,6.7,0,corps,17.337967388901998,3.8088
5376,9,113,12.56,5.3,0,corps,17.33130007217563,1.9026
5377,23,168,7.30,11.6,0,corps,17.324636088274353,2.1164
5378,13,116,8.92,7.1,0,corps,17.317975435532166,4.3710
5379,26,308,11.85,12.9,0,corps,17.311318112283907,3.5643
5380,10,73,7.30,5.8,0,corps,17.304664116865244,8.5457
5381,22,225,10.23,11.1,0,corps,17.29801344761268,5.5751
5382,23,189,8.22,11.6,0,corps,17.29136610286355,6.5419
5383,12,103,8.58,6.7,0,corps,17.28472208095601,3.0847
5384,6,59,9.83,4.0,0,corps,17.278081380229057,10.3864
5385,20,185,9.25,10.2,0,corps,17.271443999022527,4.5791
5386,10,143,14.30,5.8,0,corps,17.264809935677057,4.9172
5387,19,172,9.05,9.8,0,corps,17.258179188534147,4.6263
5388,7,85,12.14,4.4,0,corps,17.251551755936102,1.0311
5389,12,116,9.67,6.7,0,corps,17.244927636226063,2.0284
5390,14,154,11.00,7.6,0,corps,17.238306827748005,3.1831
5391,14,151,10.79,7.6,0,corps,17.23168932884672,5.9970
5392,18,159,8.83,9.3,0,corps,17.225075137867833,5.3077
5393,8,81,10.12,4.9,0,corps,17.21846425315781,3.1919
5394,20,202,10.10,10.2,0,corps,17.21185667306391,5.2775
5395,26,257,9.88,12.9,0,corps,17.205252395934252,4.3443
5396,17,204,12.00,8.9,0,corps,17.198651420117756,4.3083
5397,19,176,9.26,9.8,0,corps,17.192053743964188,4.3724
5398,29,254,8.76,14.2,0,corps,17.185459365824123,3.5188
5399,25,242,9.68,12.4,0,corps,17.178868284048967,3.9794
5400,4,33,8.25,3.1,0,corps,17.17228049699095,1.0931
5401,14,142,10.14,7.6,0,corps,17.165696003003134,4.6440
5402,14,144,10.29,7.6,0,corps,17.15911480043938,3.3716
5403,25,203,8.12,12.4,0,corps,17.1525368876544,1.9703
5404,25,215,8.60,12.4,0,corps,17.145962263003707,4.8261
5405,25,294,11.76,12.4,0,corps,17.139390924843642,6.9272
5406,25,241,9.64,12.4,0,corps,17.132822871531385,2.3051
5407,22,212,9.64,11.1,0,corps,17.12625810142491,2.5379
5408,12,117,9.75,6.7,0,corps,17.119696612883033,1.7578
5409,19,169,8.89,9.8,0,corps,17.113138404265378,3.8770
5410,26,312,12.00,12.9,0,corps,17.106583473932385,2.6689
5411,18,199,11.06,9.3,0,corps,17.100031820245338,2.5306
5412,28,271,9.68,13.8,0,corps,17.093483441566306,5.9265
5413,23,262,11.39,11.6,0,corps,17.086938336258203,3.2100
5414,16,139,8.69,8.4,0,corps,17.080396502684764,7.8651
5415,8,125,15.62,4.9,0,corps,17.073857939210505,2.2378
5416,25,261,10.44,12.4,0,corps,17.067322644200804,2.0576
5417,18,152,8.44,9.3,0,corps,17.060790616021833,5.8265
5418,12,132,11.00,6.7,0,corps,17.054261853040583,4.2273
5419,35,322,9.20,16.9,0,corps,17.047736353624867,5.9367
5420,19,208,10.95,9.8,0,corps,17.041214116143305,2.2245
5421,28,286,10.21,13.8,0,corps,17.034695138965336,3.1264
5422,30,259,8.63,14.7,0,corps,17.028179420461225,3.5844
5423,11,107,9.73,6.2,0,corps,17.021666959002037,2.4352
5424,16,179,11.19,8.4,0,corps,17.01515775295965,3.9386
5425,4,51,12.75,3.1,0,corps,17.00865180070678,1.6810
5426,12,105,8.75,6.7,0,corps,17.00214910061692,1.6621
5427,20,183,9.15,10.2,0,corps,16.995649651064408,1.9735
5428,6,57,9.50,4.0,0,corps,16.98915345042437,1.4428
5429,10,73,7.30,5.8,0,corps,16.982660497072764,1.8307
5430,8,82,10.25,4.9,0,corps,16.976170789386355,1.6920
5431,12,118,9.83,6.7,0,corps,16.969684325742705,5.1705
5432,25,281,11.24,12.4,0,corps,16.963201104520206,3.4643
5433,30,296,9.87,14.7,0,corps,16.956721124098053,2.1145
5434,19,197,10.37,9.8,0,corps,16.950244382856244,3.5116
5435,12,113,9.42,6.7,0,corps,16.943770879175606,7.6475
5436,13,117,9.00,7.1,0,corps,16.937300611437745,7.4255
5437,10,85,8.50,5.8,0,corps,16.93083357802511,4.8673
5438,22,213,9.68,11.1,0,corps,16.924369777320937,1.9758
5439,13,118,9.08,7.1,0,corps,16.917909207709272,2.2418
5440,29,290,10.00,14.2,0,corps,16.91145186757498,3.5338
5441,22,172,7.82,11.1,0,corps,16.904997755303725,5.0873
5442,30,305,10.17,14.7,0,corps,16.89854686928197,2.9254
5443,12,101,8.42,6.7,0,corps,16.892099207897,2.2619
5444,30,325,10.83,14.7,0,corps,16.885654769536902,8.3737
5445,16,171,10.69,8.4,0,corps,16.879213552590556,4.6732
5446,28,267,9.54,13.8,0,corps,16.872775555447678,2.7881
5447,24,242,10.08,12.0,0,corps,16.86634077649875,7.0150
5448,6,64,10.67,4.0,0,corps,16.859909214135076,10.2892
5449,20,268,13.40,10.2,0,corps,16.853480866748786,3.6305
5450,35,305,8.71,16.9,0,corps,16.84705573273277,4.2579
5451,14,144,10.29,7.6,0,corps,16.84063381048076,4.9162
5452,41,414,10.10,19.6,0,corps,16.83421509838726,4.3899
5453,32,317,9.91,15.6,0,corps,16.827799594847605,3.0134
5454,4,30,7.50,3.1,0,corps,16.82138729825792,4.3141
5455,18,161,8.94,9.3,0,corps,16.81497820701513,2.2243
5456,24,239,9.96,12.0,0,corps,16.808572319516948,2.3271
5457,33,292,8.85,16.0,0,corps,16.802169634161924,2.2200
5458,20,193,9.65,10.2,0,corps,16.795770149349366,5.8812
5459,25,245,9.80,12.4,0,corps,16.78937386347942,5.8633
5460,10,106,10.60,5.8,0,corps,16.782980774952996,5.4573
5461,19,180,9.47,9.8,0,corps,16.776590882171835,1.4582
5462,19,196,10.32,9.8,0,corps,16.770204183538468,1.8132
5463,10,85,8.50,5.8,0,corps,16.763820677456202,7.8242
5464,17,182,10.71,8.9,0,corps,16.757440362329177,3.7846
5465,28,278,9.93,13.8,0,corps,16.75106323656232,2.6537
5466,29,257,8.86,14.2,0,corps,16.744689298561326,3.7676
5467,10,71,7.10,5.8,0,corps,16.73831854673273,2.2106
5468,23,187,8.13,11.6,0,corps,16.73195097948383,2.4021
5469,16,178,11.12,8.4,0,corps,16.725586595222744,1.6022
5470,28,258,9.21,13.8,0,corps,16.719225392358375,4.0634
5471,33,344,10.42,16.0,0,corps,16.71286736930042,4.0892
5472,14,126,9.00,7.6,0,corps,16.70651252445937,5.7983
5473,14,119,8.50,7.6,0,corps,16.700160856246523,4.4795
5474,16,154,9.62,8.4,0,corps,16.693812363073953,2.1430
5475,35,358,10.23,16.9,0,corps,16.68746704335454,4.0044
5476,21,196,9.33,10.7,0,corps,16.681124895501952,1.8027
5477,9,107,11.89,5.3,0,corps,16.674785917930652,1.7866
5478,20,186,9.30,10.2,0,corps,16.66845010905591,7.5597
5479,18,199,11.06,9.3,0,corps,16.66211746729375,2.1184
5480,23,215,9.35,11.6,0,corps,16.655787991061022,4.2157
5481,28,274,9.79,13.8,0,corps,16.649461678775364,2.2285
5482,27,254,9.41,13.3,0,corps,16.643138528855186,4.2304
5483,32,255,7.97,15.6,0,corps,16.636818539719712,2.6576
5484,18,148,8.22,9.3,0,corps,16.630501709788938,3.5058
5485,27,272,10.07,13.3,0,corps,16.62418803748365,2.3946
5486,15,150,10.00,8.0,0,corps,16.617877521225445,4.4320
5487,32,293,9.16,15.6,0,corps,16.61157015943668,4.8341
5488,25,268,10.72,12.4,0,corps,16.60526595054052,1.9556
5489,35,319,9.11,16.9,0,corps,16.59896489296092,4.7901
5490,22,225,10.23,11.1,0,corps,16.5926669851226,4.2616
5491,11,112,10.18,6.2,0,corps,16.586372225451107,1.3195
5492,20,197,9.85,10.2,0,corps,16.580080612372722,2.9660
5493,13,121,9.31,7.1,0,corps,16.57379214431456,7.2065
5494,19,186,9.79,9.8,0,corps,16.5675068197045,2.8598
5495,26,241,9.27,12.9,0,corps,16.56122463697121,2.5029
5496,16,132,8.25,8.4,0,corps,16.55494559454414,1.9890
5497,18,185,10.28,9.3,0,corps,16.548669690853544,1.2855
5498,23,218,9.48,11.6,0,corps,16.54239692433043,2.1794
5499,11,97,8.82,6.2,0,corps,16.536127293406615,1.9799
5500,18,170,9.44,9.3,0,corps,16.529860796514683,2.7304
5501,38,346,9.11,18.2,0,corps,16.523597432088017,3.6912
5502,17,158,9.29,8.9,0,corps,16.51733719856078,5.2693
5503,24,243,10.12,12.0,0,corps,16.5110800943679,4.0629
5504,13,115,8.85,7.1,0,corps,16.504826117945118,2.0542
5505,24,220,9.17,12.0,0,corps,16.498575267728928,2.5914
5506,30,267,8.90,14.7,0,corps,16.492327542156612,4.5936
5507,22,224,10.18,11.1,0,corps,16.486082939666254,3.8675
5508,9,90,10.00,5.3,0,corps,16.479841458696693,4.5373
5509,32,308,9.62,15.6,0,corps,16.473603097687562,3.2851
5510,15,135,9.00,8.0,0,corps,16.467367855079274,2.2996
5511,22,224,10.18,11.1,0,corps,16.46113572931301,1.4469
5512,27,262,9.70,13.3,0,corps,16.45490671883075,1.8856
5513,33,321,9.73,16.0,0,corps,16.448680822075225,5.8143
5514,12,103,8.58,6.7,0,corps,16.442458037489974,1.9923
5515,19,193,10.16,9.8,0,corps,16.4362383635193,3.9321
5516,19,196,10.32,9.8,0,corps,16.43002179860828,4.6665
5517,14,129,9.21,7.6,0,corps,16.42380834120277,4.1208
5518,40,436,10.90,19.1,0,corps,16.417597989749417,3.3695
5519,24,243,10.12,12.0,0,corps,16.411390742695627,1.9818
5520,17,132,7.76,8.9,0,corps,16.405186598489582,3.2509
5521,17,134,7.88,8.9,0,corps,16.398985555580254,1.7730
5522,29,293,10.10,14.2,0,corps,16.392787612417376,3.2687
5523,19,211,11.11,9.8,0,corps,16.38659276745147,1.7280
5524,33,330,10.00,16.0,0,corps,16.380401019133817,3.7433
5525,28,286,10.21,13.8,0,corps,16.37421236591648,1.8427
5526,16,135,8.44,8.4,0,corps,16.36802680625231,5.6895
5527,35,379,10.83,16.9,0,corps,16.361844338594896,3.7387
5528,39,345,8.85,18.7,0,corps,16.355664961398638,2.1008
5529,48,478,9.96,22.7,0,corps,16.34948867311868,3.4043
5530,14,148,10.57,7.6,0,corps,16.343315472210953,5.3810
5531,22,221,10.05,11.1,0,corps,16.337145357132165,2.2962
5532,9,89,9.89,5.3,0,corps,16.330978326339775,1.5755
5533,35,361,10.31,16.9,0,corps,16.324814378292032,2.0597
5534,22,211,9.59,11.1,0,corps,16.318653511447952,3.3742
5535,31,253,8.16,15.1,0,corps,16.312495724267308,2.5503
5536,24,193,8.04,12.0,0,corps,16.306341015210666,2.0953
5537,15,168,11.20,8.0,0,corps,16.300189382739333,4.9654
5538,7,66,9.43,4.4,0,corps,16.294040825315413,1.9255
5539,11,121,11.00,6.2,0,corps,16.287895341401768,4.2567
5540,14,119,8.50,7.6,0,corps,16.28175292946202,4.6919
5541,24,243,10.12,12.0,0,corps,16.275613587960564,3.7740
5542,9,95,10.56,5.3,0,corps,16.269477315362575,4.5972
5543,21,187,8.90,10.7,0,corps,16.263344110133975,1.8487
5544,23,220,9.57,11.6,0,corps,16.25721397074147,3.9005
5545,26,230,8.85,12.9,0,corps,16.251086895652517,2.3188
5546,12,99,8.25,6.7,0,corps,16.24496288333535,2.2370
5547,16,189,11.81,8.4,0,corps,16.238841932258975,1.4001
5548,24,200,8.33,12.0,0,corps,16.23272404089314,3.7928
5549,6,35,5.83,4.0,0,corps,16.226609207708382,2.2702
5550,41,387,9.44,19.6,0,corps,16.220497431175993,5.0298
5551,7,110,15.71,4.4,0,corps,16.21438870976802,1.0034
5552,11,94,8.55,6.2,0,corps,16.20828304195729,6.2414
5553,24,221,9.21,12.0,0,corps,16.202180426217385,4.3374
5554,20,178,8.90,10.2,0,corps,16.196080861022647,4.3003
5555,20,209,10.45,10.2,0,corps,16.18998434484819,2.7072
5556,19,200,10.53,9.8,0,corps,16.183890876169883,3.5782
5557,17,148,8.71,8.9,0,corps,16.177800453464357,1.6716
5558,38,389,10.24,18.2,0,corps,16.171713075209013,3.7082
5559,16,153,9.56,8.4,0,corps,16.165628739881996,2.1616
5560,21,162,7.71,10.7,0,corps,16.15954744596223,5.1662
5561,12,143,11.92,6.7,0,corps,16.153469191929386,5.6432
5562,12,110,9.17,6.7,0,corps,16.147393976263906,6.4429
5563,10,98,9.80,5.8,0,corps,16.141321797446984,4.4100
5564,34,291,8.56,16.4,0,corps,16.13525265396057,2.6945
5565,8,99,12.38,4.9,0,corps,16.129186544287382,1.5151
5566,17,135,7.94,8.9,0,corps,16.1231234669109,3.2522
5567,14,132,9.43,7.6,0,corps,16.117063420315343,7.2445
5568,15,222,14.80,8.0,0,corps,16.11100640298571,1.8257
5569,15,112,7.47,8.0,0,corps,16.104952413407734,4.2588
5570,22,231,10.50,11.1,0,corps,16.098901450067924,1.9235
5571,29,264,9.10,14.2,0,corps,16.092853511453544,3.0407
5572,14,175,12.50,7.6,0,corps,16.086808596052602,2.5270
5573,8,129,16.12,4.9,0,corps,16.08076670235387,1.0469
5574,9,107,11.89,5.3,0,corps,16.074727828846886,8.9025
5575,26,248,9.54,12.9,0,corps,16.068691974021913,5.0015
5576,18,145,8.06,9.3,0,corps,16.06265913637,1.9640
5577,26,311,11.96,12.9,0,corps,16.056629314382935,2.8193
5578,16,166,10.38,8.4,0,corps,16.050602506553254,4.8089
5579,9,111,12.33,5.3,0,corps,16.04457871137427,3.3795
5580,5,81,16.20,3.6,0,corps,16.038557927340026,0.9534
5581,12,93,7.75,6.7,0,corps,16.03254015294532,1.9982
5582,15,147,9.80,8.0,0,corps,16.026525386685726,3.9790
5583,6,61,10.17,4.0,0,corps,16.020513627057532,7.8708
5584,20,198,9.90,10.2,0,corps,16.014504872557815,3.7162
5585,15,138,9.20,8.0,0,corps,16.008499121684373,3.5059
5586,22,196,8.91,11.1,0,corps,16.00249637293577,3.3583
5587,20,157,7.85,10.2,0,corps,15.996496624811332,2.4638
5588,19,177,9.32,9.8,0,corps,15.990499875811107,3.2857
5589,12,113,9.42,6.7,0,corps,15.984506124435912,1.2836
5590,32,280,8.75,15.6,0,corps,15.978515369187319,3.0154
5591,19,191,10.05,9.8,0,corps,15.972527608567624,4.4607
5592,17,179,10.53,8.9,0,corps,15.966542841079898,2.3248
5593,30,242,8.07,14.7,0,corps,15.960561065227937,1.8033
5594,18,228,12.67,9.3,0,corps,15.954582279516307,5.0984
5595,27,270,10.00,13.3,0,corps,15.948606482450314,3.1030
5596,19,171,9.00,9.8,0,corps,15.942633672536,3.4360
5597,17,160,9.41,8.9,0,corps,15.936663848280167,3.0559
5598,21,188,8.95,10.7,0,corps,15.93069700819036,4.8399
5599,12,116,9.67,6.7,0,corps,15.924733150774864,2.5081
5600,29,237,8.17,14.2,0,corps,15.918772274542722,2.0855
5601,22,201,9.14,11.1,0,corps,15.912814378003706,7.7888
5602,22,190,8.64,11.1,0,corps,15.906859459668349,2.7761
5603,10,84,8.40,5.8,0,corps,15.900907518047921,6.1739
5604,17,144,8.47,8.9,0,corps,15.894958551654431,6.8580
5605,24,257,10.71,12.0,0,corps,15.88901255900064,6.7039
5606,16,180,11.25,8.4,0,corps,15.883069538600056,1.9537
5607,12,142,11.83,6.7,0,corps,15.877129488966911,2.6844
5608,18,174,9.67,9.3,0,corps,15.871192408616208,6.0288
5609,5,83,16.60,3.6,0,corps,15.865258296063663,1.8762
5610,23,231,10.04,11.6,0,corps,15.859327149825756,2.6285
5611,9,79,8.78,5.3,0,corps,15.853398968419702,2.6879
5612,17,139,8.18,8.9,0,corps,15.847473750363447,5.5663
5613,19,200,10.53,9.8,0,corps,15.84155149417569,4.4648
5614,29,332,11.45,14.2,0,corps,15.835632198375874,5.7440
5615,26,292,11.23,12.9,0,corps,15.829715861484164,3.4482
5616,15,200,13.33,8.0,0,corps,15.823802482021488,5.1950
5617,6,49,8.17,4.0,0,corps,15.817892058509486,13.1851
5618,11,140,12.73,6.2,0,corps,15.81198458947056,5.0687
5619,29,300,10.34,14.2,0,corps,15.80608007342785,4.6383
5620,21,215,10.24,10.7,0,corps,15.800178508905214,5.8618
5621,20,223,11.15,10.2,0,corps,15.794279894427268,2.8736
5622,31,290,9.35,15.1,0,corps,15.788384228519359,2.4880
5623,12,94,7.83,6.7,0,corps,15.782491509707567,5.9938
5624,8,68,8.50,4.9,0,corps,15.776601736518717,2.5223
5625,38,319,8.39,18.2,0,corps,15.770714907480357,5.1931
5626,26,249,9.58,12.9,0,corps,15.764831021120784,5.2686
5627,21,196,9.33,10.7,0,corps,15.758950075969036,2.5878
5628,43,426,9.91,20.4,0,corps,15.753072070554861,7.6932
5629,19,189,9.95,9.8,0,corps,15.747197003408772,2.8632
5630,19,165,8.68,9.8,0,corps,15.741324873061988,3.2355
5631,22,175,7.95,11.1,0,corps,15.735455678046485,3.4537
5632,26,249,9.58,12.9,0,corps,15.729589416894965,4.4831
5633,17,185,10.88,8.9,0,corps,15.723726088140857,1.5301
5634,15,145,9.67,8.0,0,corps,15.71786569031833,2.1302
5635,12,119,9.92,6.7,0,corps,15.712008221962295,4.9776
5636,20,237,11.85,10.2,0,corps,15.70615368160837,4.2982
5637,14,102,7.29,7.6,0,corps,15.700302067792931,5.8936
5638,3,33,11.00,2.7,0,corps,15.694453379053067,3.1123
5639,12,78,6.50,6.7,0,corps,15.688607613926605,3.6515
5640,17,146,8.59,8.9,0,corps,15.682764770952115,4.9465
5641,15,129,8.60,8.0,0,corps,15.676924848668872,2.7847
5642,11,113,10.27,6.2,0,corps,15.671087845616904,3.3139
5643,16,164,10.25,8.4,0,corps,15.665253760336961,3.1429
5644,28,267,9.54,13.8,0,corps,15.659422591370515,2.2185
5645,26,239,9.19,12.9,0,corps,15.653594337259783,4.2412
5646,38,420,11.05,18.2,0,corps,15.647768996547692,3.4589
5647,11,84,7.64,6.2,0,corps,15.641946567777909,4.7835
5648,42,481,11.45,20.0,0,corps,15.636127049494833,5.9960
5649,10,124,12.40,5.8,0,corps,15.630310440243575,1.7169
5650,29,306,10.55,14.2,0,corps,15.62449673856999,1.3187
5651,17,143,8.41,8.9,0,corps,15.618685943020653,3.7689
5652,26,211,8.12,12.9,0,corps,15.61287805214286,4.8252
5653,24,206,8.58,12.0,0,corps,15.607073064484641,6.6981
5654,10,122,12.20,5.8,0,corps,15.601270978594748,1.9461
5655,14,166,11.86,7.6,0,corps,15.595471793022659,3.2429
5656,22,226,10.27,11.1,0,corps,15.589675506318581,4.7807
5657,11,107,9.73,6.2,0,corps,15.583882117033438,1.8736
5658,8,67,8.38,4.9,0,corps,15.578091623718882,3.7272
5659,16,189,11.81,8.4,0,corps,15.572304024927297,2.5257
5660,17,169,9.94,8.9,0,corps,15.566519319211777,3.3397
5661,17,195,11.47,8.9,0,corps,15.560737505126152,4.4061
5662,31,334,10.77,15.1,0,corps,15.554958581224954,2.6558
5663,39,422,10.82,18.7,0,corps,15.549182546063465,4.4605
5664,28,245,8.75,13.8,0,corps,15.543409398197678,3.6962
5665,16,128,8.00,8.4,0,corps,15.537639136184293,5.2031
5666,16,170,10.62,8.4,0,corps,15.531871758580754,2.6726
5667,8,76,9.50,4.9,0,corps,15.52610726394522,1.5402
5668,11,77,7.00,6.2,0,corps,15.520345650836557,8.4451
5669,20,197,9.85,10.2,0,corps,15.514586917814368,1.9278
5670,27,270,10.00,13.3,0,corps,15.508831063438969,2.5995
5671,19,203,10.68,9.8,0,corps,15.50307808627139,3.6785
5672,22,201,9.14,11.1,0,corps,15.497327984873403,2.3492
5673,19,172,9.05,9.8,0,corps,15.491580757807464,4.5028
5674,21,203,9.67,10.7,0,corps,15.485836403636775,1.4170
5675,19,200,10.53,9.8,0,corps,15.480094920925252,3.9832
5676,8,57,7.12,4.9,0,corps,15.474356308237514,2.8530
5677,26,244,9.38,12.9,0,corps,15.468620564138917,4.8480
5678,31,312,10.06,15.1,0,corps,15.462887687195517,3.7055
5679,14,152,10.86,7.6,0,corps,15.457157675974099,4.8161
5680,12,116,9.67,6.7,0,corps,15.451430529042161,9.6784
5681,22,219,9.95,11.1,0,corps,15.445706244967914,2.5472
5682,18,146,8.11,9.3,0,corps,15.439984822320287,7.2678
5683,19,197,10.37,9.8,0,corps,15.43426625966893,5.8589
5684,5,31,6.20,3.6,0,corps,15.428550555584192,2.9379
5685,12,123,10.25,6.7,0,corps,15.422837708637156,2.9777
5686,4,29,7.25,3.1,0,corps,15.417127717399604,1.7374
5687,15,129,8.60,8.0,0,corps,15.411420580444037,4.1407
5688,21,176,8.38,10.7,0,corps,15.405716296343686,3.4198
5689,24,251,10.46,12.0,0,corps,15.400014863672459,4.2728
5690,23,278,12.09,11.6,0,corps,15.394316281005008,4.8931
5691,20,233,11.65,10.2,0,corps,15.388620546916693,2.4369
5692,18,215,11.94,9.3,0,corps,15.382927659983567,2.0883
5693,21,222,10.57,10.7,0,corps,15.377237618782422,4.7536
5694,32,387,12.09,15.6,0,corps,15.371550421890735,5.4073
5695,6,70,11.67,4.0,0,corps,15.36586606788671,8.3052
5696,32,384,12.00,15.6,0,corps,15.36018455534927,1.7465
5697,6,55,9.17,4.0,0,corps,15.354505882858021,3.1117
5698,19,227,11.95,9.8,0,corps,15.348830048993303,3.1676
5699,10,113,11.30,5.8,0,corps,15.343157052336162,2.8562
5700,18,182,10.11,9.3,0,corps,15.337486891468338,3.3112
5701,27,308,11.41,13.3,0,corps,15.3318195649723,4.3539
5702,32,360,11.25,15.6,0,corps,15.326155071431208,3.6478
5703,26,264,10.15,12.9,0,corps,15.320493409428943,3.9525
5704,23,283,12.30,11.6,0,corps,15.314834577550092,3.9753
5705,26,301,11.58,12.9,0,corps,15.309178574379942,3.5452
5706,22,268,12.18,11.1,0,corps,15.303525398504492,3.6812
5707,10,111,11.10,5.8,0,corps,15.297875048510456,2.0198
5708,28,348,12.43,13.8,0,corps,15.292227522985238,1.8312
5709,12,111,9.25,6.7,0,corps,15.286582820516964,4.4955
5710,35,369,10.54,16.9,0,corps,15.280940939694448,5.8570
5711,28,248,8.86,13.8,0,corps,15.275301879107229,3.7153
5712,16,140,8.75,8.4,0,corps,15.26966563734554,5.3661
5713,28,327,11.68,13.8,0,corps,15.264032213000315,3.7131
5714,8,89,11.12,4.9,0,corps,15.258401604663199,2.5189
5715,30,308,10.27,14.7,0,corps,15.25277381092655,4.0599
5716,22,188,8.55,11.1,0,corps,15.24714883038341,2.2742
5717,22,221,10.05,11.1,0,corps,15.241526661627539,2.1741
5718,25,227,9.08,12.4,0,corps,15.235907303253384,4.1805
5719,25,320,12.80,12.4,0,corps,15.230290753856119,3.3227
5720,21,248,11.81,10.7,0,corps,15.2246770120316,1.5761
5721,34,440,12.94,16.4,0,corps,15.219066076376395,5.6664
5722,13,116,8.92,7.1,0,corps,15.21345794548776,2.2592
5723,21,200,9.52,10.7,0,corps,15.207852617963677,3.9777
5724,25,267,10.68,12.4,0,corps,15.202250092402805,1.4233
5725,8,59,7.38,4.9,0,corps,15.19665036740452,1.8856
5726,17,134,7.88,8.9,0,corps,15.191053441568874,1.8233
5727,14,103,7.36,7.6,0,corps,15.185459313496652,2.1112
5728,24,246,10.25,12.0,0,corps,15.179867981789318,3.5634
5729,20,146,7.30,10.2,0,corps,15.174279445049036,2.1486
5730,22,203,9.23,11.1,0,corps,15.168693701878672,3.7302
5731,38,388,10.21,18.2,0,corps,15.163110750881795,3.1664
5732,12,102,8.50,6.7,0,corps,15.15753059066266,5.7280
5733,32,346,10.81,15.6,0,corps,15.151953219826236,1.7692
5734,21,200,9.52,10.7,0,corps,15.14637863697817,4.2328
5735,27,219,8.11,13.3,0,corps,15.14080684072482,3.8809
5736,19,132,6.95,9.8,0,corps,15.135237829673246,2.4693
5737,15,129,8.60,8.0,0,corps,15.129671602431182,1.6306
5738,20,179,8.95,10.2,0,corps,15.124108157607075,1.7562
5739,12,126,10.50,6.7,0,corps,15.11854749381007,1.6694
5740,12,138,11.50,6.7,0,corps,15.112989609649993,4.8064
5741,17,138,8.12,8.9,0,corps,15.107434503737382,3.2710
5742,30,249,8.30,14.7,0,corps,15.101882174683448,2.6694
5743,24,208,8.67,12.0,0,corps,15.096332621100117,4.3068
5744,36,363,10.08,17.3,0,corps,15.090785841600002,3.2577
5745,21,154,7.33,10.7,0,corps,15.0852418347964,3.5972
5746,25,223,8.92,12.4,0,corps,15.079700599303317,2.2925
5747,22,222,10.09,11.1,0,corps,15.074162133735443,3.0051
5748,36,345,9.58,17.3,0,corps,15.068626436708158,2.7701
5749,10,83,8.30,5.8,0,corps,15.063093506837543,2.2819
5750,26,231,8.88,12.9,0,corps,15.05756334274036,3.7677
5751,9,82,9.11,5.3,0,corps,15.05203594303407,2.0600
5752,27,269,9.96,13.3,0,corps,15.046511306336827,5.0491
5753,20,186,9.30,10.2,0,corps,15.040989431267462,2.6881
5754,30,303,10.10,14.7,0,corps,15.035470316445517,3.2790
5755,16,152,9.50,8.4,0,corps,15.029953960491206,1.2466
5756,10,133,13.30,5.8,0,corps,15.024440362025443,1.1817
5757,15,159,10.60,8.0,0,corps,15.018929519669829,4.9482
5758,33,291,8.82,16.0,0,corps,15.01342143204665,5.5731
5759,24,220,9.17,12.0,0,corps,15.007916097778887,2.7564
5760,15,174,11.60,8.0,0,corps,15.00241351549021,1.6864
5761,28,280,10.00,13.8,0,corps,14.996913683804966,1.4219
5762,24,237,9.88,12.0,0,corps,14.9914166013482,3.3553
5763,13,113,8.69,7.1,0,corps,14.985922266745641,1.7580
5764,14,130,9.29,7.6,0,corps,14.980430678623705,2.2830
5765,10,80,8.00,5.8,0,corps,14.974941835609501,3.8176
5766,30,282,9.40,14.7,0,corps,14.969455736330808,2.2735
5767,14,146,10.43,7.6,0,corps,14.963972379416107,5.7885
5768,14,153,10.93,7.6,0,corps,14.95849176349456,5.7190
5769,9,98,10.89,5.3,0,corps,14.95301388719601,1.3391
5770,16,145,9.06,8.4,0,corps,14.94753874915099,5.9748
5771,20,232,11.60,10.2,0,corps,14.942066347990712,2.3421
5772,38,425,11.18,18.2,0,corps,14.936596682347078,4.2585
5773,21,206,9.81,10.7,0,corps,14.931129750852673,2.2906
5774,33,344,10.42,16.0,0,corps,14.92566555214076,2.4743
5775,10,95,9.50,5.8,0,corps,14.920204084845293,5.3504
5776,8,80,10.00,4.9,0,corps,14.91474534760091,2.0269
5777,29,297,10.24,14.2,0,corps,14.909289339042914,3.4566
5778,14,124,8.86,7.6,0,corps,14.903836057807313,4.3796
5779,19,196,10.32,9.8,0,corps,14.89838550253078,1.4835
5780,6,49,8.17,4.0,0,corps,14.892937671850678,8.3960
5781,34,329,9.68,16.4,0,corps,14.887492564405058,3.5273
5782,19,175,9.21,9.8,0,corps,14.882050178832632,3.5051
5783,25,235,9.40,12.4,0,corps,14.876610513772803,4.5214
5784,29,282,9.72,14.2,0,corps,14.871173567865666,6.9321
5785,32,293,9.16,15.6,0,corps,14.865739339751974,4.5749
5786,16,154,9.62,8.4,0,corps,14.860307828073177,2.9827
5787,27,225,8.33,13.3,0,corps,14.854879031471388,2.6876
5788,21,187,8.90,10.7,0,corps,14.849452948589414,1.7265
5789,16,135,8.44,8.4,0,corps,14.844029578070742,3.7525
5790,24,242,10.08,12.0,0,corps,14.83860891855951,2.9157
5791,9,74,8.22,5.3,0,corps,14.833190968700569,4.5629
5792,26,200,7.69,12.9,0,corps,14.827775727139429,4.2069
5793,18,191,10.61,9.3,0,corps,14.822363192522273,1.9553
5794,18,167,9.28,9.3,0,corps,14.816953363495976,2.6659
5795,23,221,9.61,11.6,0,corps,14.811546238708074,5.2484
5796,16,124,7.75,8.4,0,corps,14.806141816806784,4.8445
5797,21,172,8.19,10.7,0,corps,14.80074009644101,2.6594
5798,6,65,10.83,4.0,0,corps,14.795341076260312,1.6321
5799,20,218,10.90,10.2,0,corps,14.789944754914941,5.8388
5800,25,240,9.60,12.4,0,corps,14.784551131055817,3.5389
5801,14,141,10.07,7.6,0,corps,14.779160203334529,5.3921
5802,28,266,9.50,13.8,0,corps,14.773771970403352,4.0991
5803,8,69,8.62,4.9,0,corps,14.76838643091522,1.5453
5804,18,191,10.61,9.3,0,corps,14.763003583523751,4.0397
5805,7,58,8.29,4.4,0,corps,14.757623426883237,1.9206
5806,18,233,12.94,9.3,0,corps,14.752245959648636,2.5521
5807,15,163,10.87,8.0,0,corps,14.746871180475576,4.1753
5808,16,178,11.12,8.4,0,corps,14.741499088020374,1.8901
5809,18,174,9.67,9.3,0,corps,14.736129680939994,1.7565
5810,8,74,9.25,4.9,0,corps,14.730762957892097,3.5171
5811,28,264,9.43,13.8,0,corps,14.72539891753499,3.5981
5812,16,159,9.94,8.4,0,corps,14.720037558527665,4.5310
5813,20,196,9.80,10.2,0,corps,14.714678879529794,1.6942
5814,8,69,8.62,4.9,0,corps,14.709322879201691,9.8854
5815,13,129,9.92,7.1,0,corps,14.703969556204367,1.9056
5816,17,155,9.12,8.9,0,corps,14.69861890919949,3.3429
5817,29,242,8.34,14.2,0,corps,14.693270936849393,4.5070
5818,23,225,9.78,11.6,0,corps,14.68792563781709,3.0496
5819,18,141,7.83,9.3,0,corps,14.682583010766246,2.2344
5820,40,403,10.07,19.1,0,corps,14.677243054361213,4.1281
5821,23,189,8.22,11.6,0,corps,14.671905767267003,2.8663
5822,30,332,11.07,14.7,0,corps,14.666571148149282,3.1289
5823,18,151,8.39,9.3,0,corps,14.661239195674408,1.7350
5824,29,230,7.93,14.2,0,corps,14.655909908509393,3.7991
5825,30,274,9.13,14.7,0,corps,14.650583285321906,3.4546
5826,25,247,9.88,12.4,0,corps,14.645259324780296,5.2359
5827,17,170,10.00,8.9,0,corps,14.639938025553572,3.1677
5828,27,255,9.44,13.3,0,corps,14.63461938631141,3.0539
5829,17,186,10.94,8.9,0,corps,14.629303405724153,3.6920
5830,33,342,10.36,16.0,0,corps,14.623990082462798,4.8835
5831,12,159,13.25,6.7,0,corps,14.61867941519902,1.6585
5832,22,256,11.64,11.1,0,corps,14.613371402605157,1.8795
5833,13,147,11.31,7.1,0,corps,14.608066043354192,4.2509
5834,6,48,8.00,4.0,0,corps,14.6027633361198,11.0688
5835,15,142,9.47,8.0,0,corps,14.597463279576292,5.0681
5836,18,174,9.67,9.3,0,corps,14.59216587239866,1.6970
5837,30,266,8.87,14.7,0,corps,14.586871113262553,6.4466
5838,17,167,9.82,8.9,0,corps,14.581579000844277,4.9703
5839,43,481,11.19,20.4,0,corps,14.576289533820807,6.3923
5840,18,202,11.22,9.3,0,corps,14.571002710869779,3.7523
5841,8,77,9.62,4.9,0,corps,14.56571853066948,8.0787
5842,12,123,10.25,6.7,0,corps,14.560436991898873,2.3203
5843,25,306,12.24,12.4,0,corps,14.555158093237564,6.2791
5844,20,237,11.85,10.2,0,corps,14.549881833365832,2.4902
5845,16,146,9.12,8.4,0,corps,14.544608210964622,2.8275
5846,14,140,10.00,7.6,0,corps,14.539337224715512,3.1905
5847,22,263,11.95,11.1,0,corps,14.534068873300763,4.2824
5848,14,114,8.14,7.6,0,corps,14.528803155403292,1.5474
5849,21,218,10.38,10.7,0,corps,14.52354006970666,2.5339
5850,13,165,12.69,7.1,0,corps,14.518279614895107,4.8531
5851,26,296,11.38,12.9,0,corps,14.513021789653505,5.7554
5852,31,338,10.90,15.1,0,corps,14.507766592667407,3.9956
5853,18,285,15.83,9.3,0,corps,14.502514022623014,2.8996
5854,9,80,8.89,5.3,0,corps,14.49726407820718,6.2102
5855,21,237,11.29,10.7,0,corps,14.492016758107418,3.5315
5856,25,343,13.72,12.4,0,corps,14.486772061011907,4.1275
5857,13,210,16.15,7.1,0,corps,14.481529985609459,1.7184
5858,4,53,13.25,3.1,0,corps,14.476290530589567,1.4956
5859,24,237,9.88,12.0,0,corps,14.471053694642357,2.1312
5860,10,115,11.50,5.8,0,corps,14.465819476458627,2.0264
5861,7,73,10.43,4.4,0,corps,14.460587874729825,1.5920
5862,23,195,8.48,11.6,0,corps,14.455358888148043,2.6881
5863,10,83,8.30,5.8,0,corps,14.450132515406032,6.4341
5864,11,102,9.27,6.2,0,corps,14.444908755197213,3.4930
5865,13,105,8.08,7.1,0,corps,14.439687606215632,6.2972
5866,15,126,8.40,8.0,0,corps,14.434469067156014,1.7254
5867,21,181,8.62,10.7,0,corps,14.42925313671371,2.6967
5868,24,223,9.29,12.0,0,corps,14.424039813584743,2.4540
5869,27,267,9.89,13.3,0,corps,14.41882909646579,2.1594
5870,40,404,10.10,19.1,0,corps,14.413620984054162,3.0277
5871,14,126,9.00,7.6,0,corps,14.408415475047832,4.6255
5872,25,257,10.28,12.4,0,corps,14.40321256814543,4.2157
5873,17,150,8.82,8.9,0,corps,14.398012262046219,4.9999
5874,20,188,9.40,10.2,0,corps,14.392814555450133,3.4908
5875,18,181,10.06,9.3,0,corps,14.387619447057737,4.7067
5876,30,282,9.40,14.7,0,corps,14.382426935570255,3.6241
5877,34,407,11.97,16.4,0,corps,14.377237019689568,2.7035
5878,16,203,12.69,8.4,0,corps,14.372049698118182,3.0320
5879,17,189,11.12,8.9,0,corps,14.366864969559282,3.1438
5880,19,199,10.47,9.8,0,corps,14.36168283271667,4.9321
5881,26,315,12.12,12.9,0,corps,14.356503286294824,3.0538
5882,34,370,10.88,16.4,0,corps,14.351326328998857,4.5286
5883,17,178,10.47,8.9,0,corps,14.346151959534522,4.8223
5884,27,304,11.26,13.3,0,corps,14.340980176608229,2.5680
5885,7,71,10.14,4.4,0,corps,14.335810978927041,8.1947
5886,26,380,14.62,12.9,0,corps,14.330644365198644,1.9616
5887,18,178,9.89,9.3,0,corps,14.325480334131399,6.5613
5888,13,90,6.92,7.1,0,corps,14.320318884434286,8.6292
5889,22,265,12.05,11.1,0,corps,14.315160014816946,2.1988
5890,23,243,10.57,11.6,0,corps,14.310003723989674,2.1714
5891,20,175,8.75,10.2,0,corps,14.304850010663376,2.6853
5892,14,125,8.93,7.6,0,corps,14.299698873549637,6.6571
5893,22,224,10.18,11.1,0,corps,14.294550311360673,3.6583
5894,13,134,10.31,7.1,0,corps,14.289404322809338,4.1753
5895,21,234,11.14,10.7,0,corps,14.28426090660914,2.5057
5896,13,166,12.77,7.1,0,corps,14.279120061474218,1.5337
5897,28,330,11.79,13.8,0,corps,14.273981786119366,2.2226
5898,14,167,11.93,7.6,0,corps,14.268846079260017,3.2110
5899,19,169,8.89,9.8,0,corps,14.263712939612239,4.4191
5900,31,271,8.74,15.1,0,corps,14.258582365892746,4.5536
5901,14,119,8.50,7.6,0,corps,14.253454356818906,1.6792
5902,22,248,11.27,11.1,0,corps,14.248328911108702,7.9125
5903,17,120,7.06,8.9,0,corps,14.243206027480785,1.9283
5904,6,41,6.83,4.0,0,corps,14.238085704654422,13.5074
5905,20,194,9.70,10.2,0,corps,14.23296794134954,8.9180
5906,8,84,10.50,4.9,0,corps,14.2278527362867,2.5322
5907,18,180,10.00,9.3,0,corps,14.222740088187095,3.4108
5908,13,136,10.46,7.1,0,corps,14.217629995772562,1.2449
5909,40,372,9.30,19.1,0,corps,14.212522457765589,4.9228
5910,17,164,9.65,8.9,0,corps,14.207417472889276,1.9459
5911,27,206,7.63,13.3,0,corps,14.202315039867392,4.2005
5912,29,243,8.38,14.2,0,corps,14.197215157424312,5.2455
5913,22,245,11.14,11.1,0,corps,14.192117824285077,3.9206
5914,25,285,11.40,12.4,0,corps,14.187023039175358,3.2713
5915,37,408,11.03,17.8,0,corps,14.181930800821444,8.2332
5916,17,181,10.65,8.9,0,corps,14.176841107950287,3.5844
5917,13,116,8.92,7.1,0,corps,14.171753959289463,2.0899
5918,20,214,10.70,10.2,0,corps,14.166669353567174,1.3893
5919,30,331,11.03,14.7,0,corps,14.161587289512283,3.6227
5920,10,95,9.50,5.8,0,corps,14.156507765854261,1.7292
5921,5,44,8.80,3.6,0,corps,14.151430781323239,2.0668
5922,9,87,9.67,5.3,0,corps,14.146356334649965,6.0953
5923,22,215,9.77,11.1,0,corps,14.141284424565825,6.6427
5924,16,160,10.00,8.4,0,corps,14.136215049802841,1.4920
5925,25,273,10.92,12.4,0,corps,14.13114820909368,2.2348
5926,21,217,10.33,10.7,0,corps,14.126083901171619,1.7807
5927,15,180,12.00,8.0,0,corps,14.12102212477059,1.4064
5928,28,240,8.57,13.8,0,corps,14.11596287862514,3.8413
5929,23,207,9.00,11.6,0,corps,14.110906161470464,5.3743
5930,33,352,10.67,16.0,0,corps,14.105851972042382,6.5372
5931,14,154,11.00,7.6,0,corps,14.100800309077343,4.4282
5932,26,260,10.00,12.9,0,corps,14.095751171312434,3.2542
5933,15,142,9.47,8.0,0,corps,14.090704557485376,4.1615
5934,16,177,11.06,8.4,0,corps,14.085660466334504,5.3131
5935,23,278,12.09,11.6,0,corps,14.080618896598807,3.7705
5936,39,423,10.85,18.7,0,corps,14.075579847017883,4.9689
5937,34,362,10.65,16.4,0,corps,14.070543316331971,2.7956
5938,29,296,10.21,14.2,0,corps,14.065509303281946,2.0691
5939,2,23,11.50,2.2,0,corps,14.060477806609292,1.4294
5940,17,186,10.94,8.9,0,corps,14.055448825056144,2.1533
5941,13,116,8.92,7.1,0,corps,14.05042235736526,1.9275
5942,14,117,8.36,7.6,0,corps,14.045398402280012,1.6987
5943,20,179,8.95,10.2,0,corps,14.040376958544423,1.6872
5944,19,212,11.16,9.8,0,corps,14.035358024903122,1.7106
5945,25,236,9.44,12.4,0,corps,14.030341600101378,2.2081
5946,10,93,9.30,5.8,0,corps,14.025327682885091,7.6995
5947,21,174,8.29,10.7,0,corps,14.020316272000771,2.3512
5948,26,279,10.73,12.9,0,corps,14.015307366195573,2.4391
5949,33,326,9.88,16.0,0,corps,14.010300964217274,2.8382
5950,15,131,8.73,8.0,0,corps,14.005297064814263,3.0845
5951,26,246,9.46,12.9,0,corps,14.000295666735571,4.1649
5952,22,184,8.36,11.1,0,corps,13.995296768730848,1.9839
5953,29,270,9.31,14.2,0,corps,13.990300369550365,4.4960
5954,14,117,8.36,7.6,0,corps,13.985306467945035,2.6448
5955,32,277,8.66,15.6,0,corps,13.980315062666367,5.4116
5956,9,83,9.22,5.3,0,corps,13.975326152466518,1.5654
5957,17,183,10.76,8.9,0,corps,13.970339736098264,1.3946
5958,31,289,9.32,15.1,0,corps,13.965355812314991,2.7444
5959,22,222,10.09,11.1,0,corps,13.960374379870727,3.0710
5960,32,344,10.75,15.6,0,corps,13.955395437520107,3.5923
5961,14,132,9.43,7.6,0,corps,13.950418984018395,3.9991
5962,22,227,10.32,11.1,0,corps,13.945445018121488,5.4852
5963,16,175,10.94,8.4,0,corps,13.940473538585882,4.5204
5964,12,153,12.75,6.7,0,corps,13.935504544168712,2.6190
5965,12,162,13.50,6.7,0,corps,13.930538033627734,1.1373
5966,10,101,10.10,5.8,0,corps,13.925574005721314,9.4430
5967,3,24,8.00,2.7,0,corps,13.920612459208447,2.2005
5968,25,263,10.52,12.4,0,corps,13.915653392848748,4.0659
5969,16,140,8.75,8.4,0,corps,13.910696805402445,2.1461
5970,13,113,8.69,7.1,0,corps,13.9057426956304,3.7665
5971,23,248,10.78,11.6,0,corps,13.900791062294077,4.1366
5972,16,148,9.25,8.4,0,corps,13.89584190415557,5.8977
5973,22,226,10.27,11.1,0,corps,13.890895219977594,1.4038
5974,12,109,9.08,6.7,0,corps,13.885951008523472,1.7956
5975,14,133,9.50,7.6,0,corps,13.881009268557158,3.3904
5976,34,289,8.50,16.4,0,corps,13.876069998843207,3.5824
5977,14,127,9.07,7.6,0,corps,13.87113319814681,5.5072
5978,9,66,7.33,5.3,0,corps,13.866198865233764,3.8868
5979,12,115,9.58,6.7,0,corps,13.861266998870486,3.9394
5980,46,449,9.76,21.8,0,corps,13.856337597824005,3.0292
5981,37,386,10.43,17.8,0,corps,13.85141066086198,3.9529
5982,21,202,9.62,10.7,0,corps,13.846486186752669,4.4804
5983,20,193,9.65,10.2,0,corps,13.841564174264958,5.6029
5984,25,246,9.84,12.4,0,corps,13.83664462216834,3.8428
5985,10,93,9.30,5.8,0,corps,13.831727529232927,5.2064
5986,29,332,11.45,14.2,0,corps,13.826812894229453,3.4357
5987,4,48,12.00,3.1,0,corps,13.821900715929248,1.1616
5988,16,131,8.19,8.4,0,corps,13.816990993104275,3.1376
5989,11,89,8.09,6.2,0,corps,13.812083724527103,1.4603
5990,34,340,10.00,16.4,0,corps,13.80717890897091,2.8124
5991,12,104,8.67,6.7,0,corps,13.802276545209502,1.8530
5992,25,246,9.84,12.4,0,corps,13.797376632017274,3.8422
5993,33,308,9.33,16.0,0,corps,13.792479168169255,3.3003
5994,18,201,11.17,9.3,0,corps,13.787584152441088,2.9549
5995,29,362,12.48,14.2,0,corps,13.782691583609,4.1055
5996,23,270,11.74,11.6,0,corps,13.777801460449862,2.3384
5997,25,246,9.84,12.4,0,corps,13.772913781741144,6.5045
5998,22,185,8.41,11.1,0,corps,13.768028546260917,4.0777
5999,25,225,9.00,12.4,0,corps,13.763145752787883,3.9101
6000,18,167,9.28,9.3,0,corps,13.758265400101333,4.6490
6001,15,127,8.47,8.0,0,corps,13.753387486981183,1.7762
6002,18,155,8.61,9.3,0,corps,13.74851201220796,4.2427
6003,17,153,9.00,8.9,0,corps,13.743638974562788,1.8262
6004,18,167,9.28,9.3,0,corps,13.738768372827415,2.2390
6005,20,202,10.10,10.2,0,corps,13.733900205784181,3.7491
6006,25,281,11.24,12.4,0,corps,13.729034472216048,4.5899
6007,10,103,10.30,5.8,0,corps,13.72417117090659,3.1751
6008,3,30,10.00,2.7,0,corps,13.719310300639966,1.4257
6009,26,313,12.04,12.9,0,corps,13.714451860200974,6.2169
6010,12,104,8.67,6.7,0,corps,13.709595848375,5.1647
6011,24,254,10.58,12.0,0,corps,13.704742263948033,2.0529
6012,18,151,8.39,9.3,0,corps,13.699891105706689,2.6930
6013,25,238,9.52,12.4,0,corps,13.695042372438165,3.1403
6014,14,138,9.86,7.6,0,corps,13.690196062930287,1.7088
6015,19,195,10.26,9.8,0,corps,13.68535217597148,3.6166
6016,16,182,11.38,8.4,0,corps,13.68051071035076,2.2397
6017,16,180,11.25,8.4,0,corps,13.67567166485777,4.5826
6018,16,154,9.62,8.4,0,corps,13.67083503828275,5.9645
6019,25,263,10.52,12.4,0,corps,13.66600082941654,1.8411
6020,27,293,10.85,13.3,0,corps,13.661169037050586,4.4336
6021,25,278,11.12,12.4,0,corps,13.656339659976938,4.2539
6022,15,224,14.93,8.0,0,corps,13.651512696988258,1.1113
6023,7,73,10.43,4.4,0,corps,13.646688146877805,6.5447
6024,20,203,10.15,10.2,0,corps,13.641866008439434,1.7014
6025,11,87,7.91,6.2,0,corps,13.637046280467619,6.9859
6026,19,197,10.37,9.8,0,corps,13.632228961757425,2.9750
6027,36,294,8.17,17.3,0,corps,13.62741405110452,6.4445
6028,30,260,8.67,14.7,0,corps,13.62260154730518,2.3378
6029,17,141,8.29,8.9,0,corps,13.617791449156272,3.8258
6030,14,123,8.79,7.6,0,corps,13.61298375545528,6.6358
6031,20,168,8.40,10.2,0,corps,13.608178465000279,2.0725
6032,10,95,9.50,5.8,0,corps,13.60337557658994,6.7500
6033,35,312,8.91,16.9,0,corps,13.598575089023546,2.6325
6034,26,220,8.46,12.9,0,corps,13.593777001100976,2.5578
6035,14,139,9.93,7.6,0,corps,13.588981311622703,3.8448
6036,28,273,9.75,13.8,0,corps,13.584188019389815,1.6531
6037,17,162,9.53,8.9,0,corps,13.579397123203973,2.7846
6038,16,152,9.50,8.4,0,corps,13.574608621867466,4.5037
6039,6,56,9.33,4.0,0,corps,13.569822514183164,1.8403
6040,17,164,9.65,8.9,0,corps,13.56503879895454,3.2710
6041,13,122,9.38,7.1,0,corps,13.560257474985665,8.0091
6042,21,224,10.67,10.7,0,corps,13.55547854108121,3.6338
6043,14,134,9.57,7.6,0,corps,13.550701996046438,7.3979
6044,32,347,10.84,15.6,0,corps,13.545927838687218,5.3843
6045,20,194,9.70,10.2,0,corps,13.541156067810006,3.5833
6046,22,214,9.73,11.1,0,corps,13.53638668222186,2.3935
6047,21,190,9.05,10.7,0,corps,13.531619680730437,4.7209
6048,24,240,10.00,12.0,0,corps,13.526855062143978,4.0186
6049,27,317,11.74,13.3,0,corps,13.522092825271336,3.8439
6050,15,160,10.67,8.0,0,corps,13.517332968921956,6.3368
6051,28,305,10.89,13.8,0,corps,13.51257549190586,2.6669
6052,21,222,10.57,10.7,0,corps,13.507820393033693,3.4965
6053,14,117,8.36,7.6,0,corps,13.503067671116668,2.1475
6054,8,85,10.62,4.9,0,corps,13.49831732496661,7.2503
6055,17,167,9.82,8.9,0,corps,13.49356935339594,2.8052
6056,29,329,11.34,14.2,0,corps,13.488823755217652,4.3773
6057,23,272,11.83,11.6,0,corps,13.484080529245352,2.5804
6058,24,227,9.46,12.0,0,corps,13.479339674293236,5.0611
6059,9,106,11.78,5.3,0,corps,13.474601189176086,3.3686
6060,34,394,11.59,16.4,0,corps,13.469865072709286,3.7511
6061,23,207,9.00,11.6,0,corps,13.465131323708802,2.1297
6062,39,394,10.10,18.7,0,corps,13.460399940991193,4.3890
6063,17,204,12.00,8.9,0,corps,13.455670923373628,1.4916
6064,10,106,10.60,5.8,0,corps,13.450944269673833,3.3906
6065,9,77,8.56,5.3,0,corps,13.446219978710161,1.9094
6066,34,283,8.32,16.4,0,corps,13.441498049301535,4.0872
6067,19,181,9.53,9.8,0,corps,13.436778480267463,6.3238
6068,19,209,11.00,9.8,0,corps,13.43206127042807,2.5225
6069,13,102,7.85,7.1,0,corps,13.427346418604035,5.4569
6070,18,161,8.94,9.3,0,corps,13.422633923616656,1.6576
6071,5,45,9.00,3.6,0,corps,13.417923784287808,1.7314
6072,8,47,5.88,4.9,0,corps,13.413215999439954,2.7515
6073,26,279,10.73,12.9,0,corps,13.408510567896148,2.6879
6074,30,346,11.53,14.7,0,corps,13.403807488480037,3.7202
6075,15,172,11.47,8.0,0,corps,13.399106760015844,1.5327
6076,21,165,7.86,10.7,0,corps,13.394408381328393,4.0975
6077,15,149,9.93,8.0,0,corps,13.389712351243082,1.5500
6078,24,278,11.58,12.0,0,corps,13.38501866858591,3.3174
6079,19,191,10.05,9.8,0,corps,13.380327332183455,5.0795
6080,22,219,9.95,11.1,0,corps,13.37563834086288,1.9465
6081,13,138,10.62,7.1,0,corps,13.370951693451937,6.6624
6082,18,176,9.78,9.3,0,corps,13.366267388778974,3.7973
6083,5,81,16.20,3.6,0,corps,13.361585425672901,1.1995
6084,16,150,9.38,8.4,0,corps,13.356905802963235,1.7308
6085,11,113,10.27,6.2,0,corps,13.352228519480066,6.5464
6086,12,107,8.92,6.7,0,corps,13.347553574054075,4.5214
6087,27,348,12.89,13.3,0,corps,13.342880965516532,4.5046
6088,26,255,9.81,12.9,0,corps,13.338210692699274,5.9997
6089,32,293,9.16,15.6,0,corps,13.333542754434738,2.3841
6090,13,129,9.92,7.1,0,corps,13.328877149555943,1.5527
6091,4,36,9.00,3.1,0,corps,13.32421387689648,1.2761
6092,33,397,12.03,16.0,0,corps,13.319552935290538,2.9719
6093,17,163,9.59,8.9,0,corps,13.314894323572874,2.9761
6094,18,191,10.61,9.3,0,corps,13.31023804057884,2.5002
6095,11,149,13.55,6.2,0,corps,13.30558408514437,1.5279
6096,24,244,10.17,12.0,0,corps,13.300932456105965,2.1103
6097,41,414,10.10,19.6,0,corps,13.296283152300722,3.3423
6098,32,286,8.94,15.6,0,corps,13.29163617256632,2.5458
6099,20,222,11.10,10.2,0,corps,13.286991515741006,2.4089
6100,20,232,11.60,10.2,0,corps,13.282349180663623,2.4420
6101,20,232,11.60,10.2,0,corps,13.27770916617358,2.1315
6102,25,255,10.20,12.4,0,corps,13.273071471110873,5.9876
6103,16,199,12.44,8.4,0,corps,13.26843609431609,1.2145
6104,10,106,10.60,5.8,0,corps,13.263803034630376,1.5085
6105,33,317,9.61,16.0,0,corps,13.259172290895465,3.7996
6106,18,197,10.94,9.3,0,corps,13.25454386195368,2.3775
6107,35,361,10.31,16.9,0,corps,13.249917746647908,4.7889
6108,16,170,10.62,8.4,0,corps,13.24529394382162,2.8354
6109,12,134,11.17,6.7,0,corps,13.240672452318867,2.0956
6110,8,78,9.75,4.9,0,corps,13.236053270984272,10.7552
6111,14,146,10.43,7.6,0,corps,13.231436398663046,1.4932
6112,18,190,10.56,9.3,0,corps,13.226821834200967,3.1278
6113,12,115,9.58,6.7,0,corps,13.22220957644439,6.2228
6114,23,223,9.70,11.6,0,corps,13.217599624240265,2.3665
6115,23,217,9.43,11.6,0,corps,13.212991976436086,4.0338
6116,15,146,9.73,8.0,0,corps,13.208386631879954,3.8248
6117,20,149,7.45,10.2,0,corps,13.203783589420526,5.7975
6118,13,102,7.85,7.1,0,corps,13.19918284790704,3.3344
6119,14,163,11.64,7.6,0,corps,13.19458440618932,4.8458
6120,20,200,10.00,10.2,0,corps,13.189988263117744,3.1518
6121,13,193,14.85,7.1,0,corps,13.18539441754328,2.5228
6122,27,254,9.41,13.3,0,corps,13.180802868317476,5.5157
6123,18,169,9.39,9.3,0,corps,13.17621361429243,3.1940
6124,21,204,9.71,10.7,0,corps,13.171626654320843,4.2640
6125,17,158,9.29,8.9,0,corps,13.16704198725596,3.4946
6126,20,198,9.90,10.2,0,corps,13.162459611951624,1.4867
6127,23,188,8.17,11.6,0,corps,13.157879527262242,3.1714
6128,15,148,9.87,8.0,0,corps,13.153301732042783,5.7466
6129,8,83,10.38,4.9,0,corps,13.14872622514881,1.6013
6130,22,227,10.32,11.1,0,corps,13.14415300543644,3.2646
6131,32,271,8.47,15.6,0,corps,13.139582071762366,3.1749
6132,13,146,11.23,7.1,0,corps,13.135013422983862,2.1824
6133,16,157,9.81,8.4,0,corps,13.130447057958758,1.4877
6134,7,71,10.14,4.4,0,corps,13.125882975545466,1.4440
6135,28,266,9.50,13.8,0,corps,13.121321174602969,4.3914
6136,27,190,7.04,13.3,0,corps,13.116761653990809,4.5849
6137,34,330,9.71,16.4,0,corps,13.112204412569112,5.0385
6138,12,89,7.42,6.7,0,corps,13.107649449198563,4.8017
6139,6,58,9.67,4.0,0,corps,13.103096762740426,8.9049
6140,24,268,11.17,12.0,0,corps,13.098546352056529,2.5024
6141,4,30,7.50,3.1,0,corps,13.093998216009265,1.6587
6142,4,43,10.75,3.1,0,corps,13.089452353461601,0.9861
6143,14,94,6.71,7.6,0,corps,13.084908763277076,6.8879
6144,23,190,8.26,11.6,0,corps,13.080367444319785,6.1974
6145,36,313,8.69,17.3,0,corps,13.075828395454408,2.6568
6146,22,172,7.82,11.1,0,corps,13.071291615546174,2.9224
6147,21,219,10.43,10.7,0,corps,13.066757103460889,3.8743
6148,15,144,9.60,8.0,0,corps,13.062224858064933,7.3747
6149,12,123,10.25,6.7,0,corps,13.057694878225231,3.5767
6150,28,310,11.07,13.8,0,corps,13.0531671628093,3.5121
6151,19,180,9.47,9.8,0,corps,13.048641710685208,5.4269
6152,8,54,6.75,4.9,0,corps,13.04411852072159,1.8809
6153,4,22,5.50,3.1,0,corps,13.039597591787649,3.4226
6154,22,209,9.50,11.1,0,corps,13.03507892275315,6.5654
6155,17,192,11.29,8.9,0,corps,13.030562512488434,5.4589
6156,17,164,9.65,8.9,0,corps,13.026048359864392,2.7849
6157,17,194,11.41,8.9,0,corps,13.021536463752485,3.1857
6158,35,409,11.69,16.9,0,corps,13.017026823024738,5.7048
6159,28,249,8.89,13.8,0,corps,13.012519436553752,5.9265
6160,22,177,8.05,11.1,0,corps,13.008014303212665,6.7369
6161,26,214,8.23,12.9,0,corps,13.003511421875205,3.8697
6162,13,130,10.00,7.1,0,corps,12.999010791415644,1.7438
6163,14,131,9.36,7.6,0,corps,12.994512410708827,5.5149
6164,33,313,9.48,16.0,0,corps,12.990016278630165,6.2335
6165,12,121,10.08,6.7,0,corps,12.985522394055614,3.3279
6166,18,201,11.17,9.3,0,corps,12.981030755861712,2.9890
6167,31,313,10.10,15.1,0,corps,12.976541362925545,4.6141
6168,20,211,10.55,10.2,0,corps,12.972054214124762,2.7758
6169,28,244,8.71,13.8,0,corps,12.967569308337584,1.7504
6170,29,288,9.93,14.2,0,corps,12.963086644442779,3.1595
6171,26,253,9.73,12.9,0,corps,12.958606221319677,3.8801
6172,10,97,9.70,5.8,0,corps,12.954128037848184,6.0259
6173,34,341,10.03,16.4,0,corps,12.949652092908739,3.9290
6174,19,190,10.00,9.8,0,corps,12.94517838538237,4.4602
6175,26,269,10.35,12.9,0,corps,12.940706914150644,5.6080
6176,27,251,9.30,13.3,0,corps,12.936237678095692,3.5109
6177,14,164,11.71,7.6,0,corps,12.931770676100207,3.1540
6178,10,87,8.70,5.8,0,corps,12.927305907047435,5.9718
6179,4,42,10.50,3.1,0,corps,12.922843369821186,1.2006
6180,25,238,9.52,12.4,0,corps,12.918383063305827,2.6037
6181,8,81,10.12,4.9,0,corps,12.913924986386279,1.4720
6182,17,160,9.41,8.9,0,corps,12.909469137948024,3.5119
6183,25,304,12.16,12.4,0,corps,12.905015516877105,2.7857
6184,12,130,10.83,6.7,0,corps,12.900564122060107,1.4755
6185,10,90,9.00,5.8,0,corps,12.896114952384188,5.2215
6186,21,201,9.57,10.7,0,corps,12.891668006737051,3.0587
6187,18,190,10.56,9.3,0,corps,12.887223284006962,3.1466
6188,35,311,8.89,16.9,0,corps,12.882780783082746,3.6701
6189,17,163,9.59,8.9,0,corps,12.878340502853765,1.7013
6190,11,116,10.55,6.2,0,corps,12.873902442209959,1.5601
6191,23,173,7.52,11.6,0,corps,12.86946660004181,3.0340
6192,20,180,9.00,10.2,0,corps,12.865032975240357,3.1335
6193,8,79,9.88,4.9,0,corps,12.860601566697195,1.4436
6194,20,189,9.45,10.2,0,corps,12.856172373304467,3.4986
6195,25,229,9.16,12.4,0,corps,12.85174539395488,3.1163
6196,15,137,9.13,8.0,0,corps,12.847320627541691,3.3070
6197,21,199,9.48,10.7,0,corps,12.8428980729587,2.4249
6198,21,203,9.67,10.7,0,corps,12.838477729100276,4.3496
6199,21,174,8.29,10.7,0,corps,12.834059594861333,2.6399
6200,16,154,9.62,8.4,0,corps,12.829643669137328,3.7854
6201,19,208,10.95,9.8,0,corps,12.825229950824294,4.0369
6202,20,197,9.85,10.2,0,corps,12.820818438818787,5.5725
6203,31,315,10.16,15.1,0,corps,12.816409132017936,4.7022
6204,14,148,10.57,7.6,0,corps,12.812002029319421,4.5158
6205,24,267,11.12,12.0,0,corps,12.807597129621454,2.0619
6206,13,137,10.54,7.1,0,corps,12.803194431822812,4.4721
6207,16,144,9.00,8.4,0,corps,12.79879393482283,4.1657
6208,8,72,9.00,4.9,0,corps,12.794395637521374,8.8186
6209,14,102,7.29,7.6,0,corps,12.789999538818877,5.3452
6210,17,157,9.24,8.9,0,corps,12.785605637616307,2.8966
6211,21,183,8.71,10.7,0,corps,12.781213932815191,5.7275
6212,25,259,10.36,12.4,0,corps,12.77682442331761,5.8283
6213,27,245,9.07,13.3,0,corps,12.772437108026175,2.5512
6214,28,319,11.39,13.8,0,corps,12.768051985844062,5.5957
6215,34,403,11.85,16.4,0,corps,12.763669055674995,5.4006
6216,19,161,8.47,9.8,0,corps,12.759288316423234,5.2386
6217,27,260,9.63,13.3,0,corps,12.754909766993602,2.0919
6218,18,170,9.44,9.3,0,corps,12.750533406291453,4.5947
6219,29,309,10.66,14.2,0,corps,12.7461592332227,3.4047
6220,26,270,10.38,12.9,0,corps,12.741787246693809,6.3043
6221,9,88,9.78,5.3,0,corps,12.737417445611769,7.0529
6222,22,224,10.18,11.1,0,corps,12.733049828884136,3.6236
6223,15,152,10.13,8.0,0,corps,12.728684395419009,2.8200
6224,26,249,9.58,12.9,0,corps,12.724321144125023,3.8587
6225,9,80,8.89,5.3,0,corps,12.719960073911372,7.6873
6226,17,165,9.71,8.9,0,corps,12.715601183687781,3.5396
6227,21,161,7.67,10.7,0,corps,12.71124447236453,2.1018
6228,22,197,8.95,11.1,0,corps,12.706889938852447,4.6658
6229,19,136,7.16,9.8,0,corps,12.702537582062892,5.7400
6230,33,324,9.82,16.0,0,corps,12.698187400907775,5.7048
6231,28,256,9.14,13.8,0,corps,12.69383939429956,4.0143
6232,16,152,9.50,8.4,0,corps,12.689493561151233,5.7788
6233,23,263,11.43,11.6,0,corps,12.685149900376347,5.4751
6234,27,285,10.56,13.3,0,corps,12.680808410888977,4.6821
6235,25,217,8.68,12.4,0,corps,12.676469091603757,2.2271
6236,15,136,9.07,8.0,0,corps,12.672131941435854,4.9347
6237,7,48,6.86,4.4,0,corps,12.667796959300981,4.5342
6238,26,270,10.38,12.9,0,corps,12.663464144115395,3.1760
6239,40,420,10.50,19.1,0,corps,12.65913349479589,5.2771
6240,27,259,9.59,13.3,0,corps,12.654805010259802,3.9025
6241,13,129,9.92,7.1,0,corps,12.650478689425013,1.8378
6242,9,82,9.11,5.3,0,corps,12.646154531209941,5.6519
6243,24,237,9.88,12.0,0,corps,12.641832534533545,4.8739
6244,22,169,7.68,11.1,0,corps,12.637512698315332,9.0483
6245,22,226,10.27,11.1,0,corps,12.633195021475332,2.2773
6246,22,200,9.09,11.1,0,corps,12.628879502934137,2.9468
6247,18,179,9.94,9.3,0,corps,12.624566141612863,1.6825
6248,34,285,8.38,16.4,0,corps,12.620254936433167,2.3134
6249,13,118,9.08,7.1,0,corps,12.615945886317254,6.2714
6250,21,218,10.38,10.7,0,corps,12.611638990187855,4.1738
6251,18,181,10.06,9.3,0,corps,12.607334246968243,3.9158
6252,18,195,10.83,9.3,0,corps,12.603031655582248,4.4251
6253,31,290,9.35,15.1,0,corps,12.598731214954206,6.4125
6254,22,196,8.91,11.1,0,corps,12.594432924009013,1.9157
6255,14,126,9.00,7.6,0,corps,12.590136781672095,4.6260
6256,13,139,10.69,7.1,0,corps,12.585842786869417,2.2735
6257,37,384,10.38,17.8,0,corps,12.581550938527483,3.5399
6258,18,148,8.22,9.3,0,corps,12.577261235573326,2.7256
6259,17,183,10.76,8.9,0,corps,12.57297367693452,4.1817
6260,12,124,10.33,6.7,0,corps,12.568688261539185,2.6444
6261,7,94,13.43,4.4,0,corps,12.564404988315955,1.2891
6262,16,164,10.25,8.4,0,corps,12.56012385619402,4.0808
6263,29,277,9.55,14.2,0,corps,12.555844864103088,3.4848
6264,29,274,9.45,14.2,0,corps,12.551568010973421,1.5181
6265,17,161,9.47,8.9,0,corps,12.5472932957358,4.3722
6266,29,283,9.76,14.2,0,corps,12.543020717321548,4.3544
6267,17,164,9.65,8.9,0,corps,12.538750274662519,5.3750
6268,22,205,9.32,11.1,0,corps,12.534481966691105,7.4110
6269,32,326,10.19,15.6,0,corps,12.530215792340224,4.1125
6270,23,293,12.74,11.6,0,corps,12.52595175054334,4.4420
6271,16,147,9.19,8.4,0,corps,12.521689840234435,2.7754
6272,19,158,8.32,9.8,0,corps,12.517430060348033,4.8292
6273,16,170,10.62,8.4,0,corps,12.513172409819193,3.7693
6274,24,212,8.83,12.0,0,corps,12.5089168875835,3.7249
6275,19,145,7.63,9.8,0,corps,12.50466349257707,2.9476
6276,19,208,10.95,9.8,0,corps,12.500412223736562,3.1609
6277,19,224,11.79,9.8,0,corps,12.496163079999151,6.4791
6278,23,205,8.91,11.6,0,corps,12.491916060302554,3.1369
6279,14,135,9.64,7.6,0,corps,12.487671163585018,4.1375
6280,15,167,11.13,8.0,0,corps,12.483428388785315,3.0551
6281,31,322,10.39,15.1,0,corps,12.479187734842759,3.7656
6282,23,226,9.83,11.6,0,corps,12.474949200697175,2.1708
6283,28,225,8.04,13.8,0,corps,12.470712785288935,5.3702
6284,19,210,11.05,9.8,0,corps,12.466478487558938,3.9106
6285,30,317,10.57,14.7,0,corps,12.462246306448607,3.2928
6286,18,143,7.94,9.3,0,corps,12.458016240899896,3.0344
6287,27,272,10.07,13.3,0,corps,12.453788289855291,3.7419
6288,30,261,8.70,14.7,0,corps,12.449562452257801,6.1007
6289,25,250,10.00,12.4,0,corps,12.445338727050967,6.5806
6290,15,140,9.33,8.0,0,corps,12.44111711317886,6.7249
6291,31,304,9.81,15.1,0,corps,12.436897609586072,7.2587
6292,14,151,10.79,7.6,0,corps,12.432680215217736,1.5281
6293,6,69,11.50,4.0,0,corps,12.428464929019494,1.2444
6294,23,346,15.04,11.6,0,corps,12.424251749937534,4.2206
6295,27,238,8.81,13.3,0,corps,12.420040676918548,2.2394
6296,22,240,10.91,11.1,0,corps,12.415831708909774,4.4949
6297,16,140,8.75,8.4,0,corps,12.411624844858979,4.1184
6298,17,180,10.59,8.9,0,corps,12.407420083714435,1.4605
6299,35,355,10.14,16.9,0,corps,12.403217424424954,2.7196
6300,9,92,10.22,5.3,0,corps,12.399016865939878,1.1402
6301,22,191,8.68,11.1,0,corps,12.394818407209055,1.6435
6302,19,173,9.11,9.8,0,corps,12.390622047182884,5.0936
6303,35,343,9.80,16.9,0,corps,12.386427784812264,3.7155
6304,17,159,9.35,8.9,0,corps,12.382235619048634,4.5023
6305,32,323,10.09,15.6,0,corps,12.378045548843957,3.5526
6306,13,119,9.15,7.1,0,corps,12.373857573150707,4.4887
6307,32,302,9.44,15.6,0,corps,12.369671690921894,3.5091
6308,35,361,10.31,16.9,0,corps,12.365487901111049,4.4254
6309,10,100,10.00,5.8,0,corps,12.361306202672221,1.3694
6310,14,154,11.00,7.6,0,corps,12.35712659455999,1.8712
6311,8,66,8.25,4.9,0,corps,12.352949075729446,2.2954
6312,15,125,8.33,8.0,0,corps,12.348773645136218,3.1813
6313,24,219,9.12,12.0,0,corps,12.344600301736447,3.3689
6314,13,134,10.31,7.1,0,corps,12.340429044486791,6.2111
6315,29,302,10.41,14.2,0,corps,12.33625987234444,3.1611
6316,10,83,8.30,5.8,0,corps,12.332092784267104,8.7352
6317,20,193,9.65,10.2,0,corps,12.327927779213002,1.4191
6318,20,180,9.00,10.2,0,corps,12.323764856140896,2.4280
6319,17,149,8.76,8.9,0,corps,12.319604014010038,3.5694
6320,27,275,10.19,13.3,0,corps,12.315445251780233,7.5766
6321,2,19,9.50,2.2,0,corps,12.311288568411783,2.5065
6322,29,250,8.62,14.2,0,corps,12.307133962865516,3.3220
6323,19,224,11.79,9.8,0,corps,12.302981434102783,1.2868
6324,16,158,9.88,8.4,0,corps,12.298830981085457,1.4028
6325,14,128,9.14,7.6,0,corps,12.294682602775914,4.3366
6326,18,155,8.61,9.3,0,corps,12.29053629813707,2.9478
6327,34,326,9.59,16.4,0,corps,12.28639206613234,2.9446
6328,24,187,7.79,12.0,0,corps,12.28224990572567,4.9079
6329,14,122,8.71,7.6,0,corps,12.278109815881521,6.2775
6330,11,83,7.55,6.2,0,corps,12.273971795564867,3.2231
6331,21,172,8.19,10.7,0,corps,12.269835843741205,2.8942
6332,20,174,8.70,10.2,0,corps,12.265701959376548,4.8025
6333,28,239,8.54,13.8,0,corps,12.261570141437424,5.0136
6334,4,58,14.50,3.1,0,corps,12.257440388890881,1.0731
6335,19,138,7.26,9.8,0,corps,12.253312700704475,5.6296
6336,10,87,8.70,5.8,0,corps,12.249187075846288,5.2129
6337,29,353,12.17,14.2,0,corps,12.245063513284911,2.0182
6338,29,240,8.28,14.2,0,corps,12.240942011989459,2.4604
6339,24,213,8.88,12.0,0,corps,12.236822570929547,1.9611
6340,35,339,9.69,16.9,0,corps,12.232705189075327,2.6922
6341,33,339,10.27,16.0,0,corps,12.228589865397444,4.1039
6342,43,541,12.58,20.4,0,corps,12.224476598867074,4.7487
6343,8,88,11.00,4.9,0,corps,12.220365388455892,2.3130
6344,24,251,10.46,12.0,0,corps,12.2162562331361,1.5663
6345,15,200,13.33,8.0,0,corps,12.212149131880413,4.5165
6346,29,355,12.24,14.2,0,corps,12.208044083662047,1.7566
6347,23,260,11.30,11.6,0,corps,12.203941087454744,3.7820
6348,27,265,9.81,13.3,0,corps,12.199840142232762,6.1907
6349,39,511,13.10,18.7,0,corps,12.195741246970854,1.8676
6350,24,257,10.71,12.0,0,corps,12.191644400644302,1.7053
6351,14,113,8.07,7.6,0,corps,12.187549602228891,6.5948
6352,28,273,9.75,13.8,0,corps,12.183456850700924,2.0255
6353,22,227,10.32,11.1,0,corps,12.179366145037216,1.7344
6354,21,190,9.05,10.7,0,corps,12.17527748421508,2.0340
6355,19,176,9.26,9.8,0,corps,12.171190867212362,4.2923
6356,7,89,12.71,4.4,0,corps,12.167106293007404,1.5340
6357,42,440,10.48,20.0,0,corps,12.163023760579058,3.5748
6358,17,148,8.71,8.9,0,corps,12.1589432689067,4.7621
6359,35,447,12.77,16.9,0,corps,12.154864816970196,3.2887
6360,16,190,11.88,8.4,0,corps,12.15078840374994,3.3194
6361,15,128,8.53,8.0,0,corps,12.146714028226832,6.3537
6362,9,83,9.22,5.3,0,corps,12.142641689382266,2.5019
6363,25,288,11.52,12.4,0,corps,12.13857138619817,3.4100
6364,33,310,9.39,16.0,0,corps,12.134503117656964,3.0064
6365,21,193,9.19,10.7,0,corps,12.130436882741574,4.3681
6366,16,171,10.69,8.4,0,corps,12.126372680435454,1.6543
6367,2,20,10.00,2.2,0,corps,12.122310509722542,3.3039
6368,32,304,9.50,15.6,0,corps,12.1182503695873,2.7102
6369,30,282,9.40,14.7,0,corps,12.114192259014695,3.7232
6370,34,323,9.50,16.4,0,corps,12.110136176990194,2.0901
6371,19,172,9.05,9.8,0,corps,12.106082122499782,1.6366
6372,11,114,10.36,6.2,0,corps,12.102030094529942,1.1149
6373,19,203,10.68,9.8,0,corps,12.097980092067665,4.5629
6374,24,287,11.96,12.0,0,corps,12.093932114100458,1.4044
6375,31,251,8.10,15.1,0,corps,12.08988615961632,2.2494
6376,10,104,10.40,5.8,0,corps,12.08584222760376,5.4164
6377,15,128,8.53,8.0,0,corps,12.081800317051805,1.9926
6378,24,248,10.33,12.0,0,corps,12.077760426949968,3.2790
6379,22,186,8.45,11.1,0,corps,12.073722556288283,2.9972
6380,26,245,9.42,12.9,0,corps,12.069686704057277,2.1565
6381,33,324,9.82,16.0,0,corps,12.065652869247986,3.8115
6382,15,124,8.27,8.0,0,corps,12.061621050851961,6.4410
6383,18,180,10.00,9.3,0,corps,12.057591247861236,4.1937
6384,31,264,8.52,15.1,0,corps,12.053563459268362,2.7784
6385,28,263,9.39,13.8,0,corps,12.049537684066403,3.4933
6386,13,115,8.85,7.1,0,corps,12.0455139212489,5.5041
6387,8,78,9.75,4.9,0,corps,12.041492169809926,1.6763
6388,16,167,10.44,8.4,0,corps,12.037472428744028,1.5851
6389,16,153,9.56,8.4,0,corps,12.033454697046283,2.0112
6390,17,162,9.53,8.9,0,corps,12.029438973712258,4.5124
6391,15,108,7.20,8.0,0,corps,12.025425257738013,3.4866
6392,12,105,8.75,6.7,0,corps,12.021413548120124,2.6000
6393,22,206,9.36,11.1,0,corps,12.017403843855668,2.9153
6394,10,104,10.40,5.8,0,corps,12.01339614394221,5.4024
6395,17,180,10.59,8.9,0,corps,12.009390447377836,1.5619
6396,21,172,8.19,10.7,0,corps,12.00538675316111,2.1677
6397,25,194,7.76,12.4,0,corps,12.001385060291112,3.9085
6398,12,106,8.83,6.7,0,corps,11.997385367767427,6.5538
6399,16,138,8.62,8.4,0,corps,11.993387674590123,1.9913
6400,15,155,10.33,8.0,0,corps,11.989391979759779,2.9532
6401,12,128,10.67,6.7,0,corps,11.98539828227747,5.0320
6402,23,227,9.87,11.6,0,corps,11.981406581144775,3.2223
6403,22,207,9.41,11.1,0,corps,11.977416875363769,1.4966
6404,18,161,8.94,9.3,0,corps,11.973429163937018,1.7547
6405,20,180,9.00,10.2,0,corps,11.969443445867602,4.9621
6406,31,318,10.26,15.1,0,corps,11.965459720159094,5.8458
6407,16,155,9.69,8.4,0,corps,11.961477985815549,7.4700
6408,13,118,9.08,7.1,0,corps,11.957498241841547,4.4669
6409,10,94,9.40,5.8,0,corps,11.953520487242148,5.6883
6410,27,255,9.44,13.3,0,corps,11.949544721022908,6.1675
6411,21,220,10.48,10.7,0,corps,11.945570942189896,2.6266
6412,39,394,10.10,18.7,0,corps,11.941599149749655,5.1928
6413,20,134,6.70,10.2,0,corps,11.937629342709243,6.2178
6414,12,138,11.50,6.7,0,corps,11.93366152007621,1.3978
6415,12,97,8.08,6.7,0,corps,11.929695680858599,6.4484
6416,11,112,10.18,6.2,0,corps,11.925731824064945,4.3700
6417,11,77,7.00,6.2,0,corps,11.921769948704295,3.7539
6418,41,463,11.29,19.6,0,corps,11.917810053786168,5.4207
6419,20,182,9.10,10.2,0,corps,11.913852138320602,3.1863
6420,20,201,10.05,10.2,0,corps,11.909896201318105,2.6320
6421,9,97,10.78,5.3,0,corps,11.905942241789703,5.6048
6422,36,326,9.06,17.3,0,corps,11.901990258746903,4.8683
6423,21,206,9.81,10.7,0,corps,11.898040251201705,3.8227
6424,8,57,7.12,4.9,0,corps,11.894092218166612,1.7397
6425,18,156,8.67,9.3,0,corps,11.890146158654618,3.2705
6426,38,418,11.00,18.2,0,corps,11.886202071679202,3.3796
6427,17,148,8.71,8.9,0,corps,11.882259956254348,2.7423
6428,9,80,8.89,5.3,0,corps,11.878319811394523,2.0477
6429,28,300,10.71,13.8,0,corps,11.87438163611469,2.2952
6430,3,18,6.00,2.7,0,corps,11.87044542943031,3.8004
6431,10,65,6.50,5.8,0,corps,11.866511190357324,2.6225
6432,7,53,7.57,4.4,0,corps,11.862578917912177,8.9904
6433,20,205,10.25,10.2,0,corps,11.858648611111805,4.0007
6434,30,305,10.17,14.7,0,corps,11.854720268973622,3.5988
6435,33,279,8.45,16.0,0,corps,11.850793890515554,4.3963
6436,29,312,10.76,14.2,0,corps,11.84686947475599,4.6799
6437,27,303,11.22,13.3,0,corps,11.84294702071384,2.5529
6438,24,217,9.04,12.0,0,corps,11.839026527408489,6.6518
6439,21,226,10.76,10.7,0,corps,11.835107993859806,1.7401
6440,19,158,8.32,9.8,0,corps,11.831191419088164,2.3615
6441,36,362,10.06,17.3,0,corps,11.82727680211442,4.2879
6442,28,313,11.18,13.8,0,corps,11.823364141959914,2.7569
6443,24,214,8.92,12.0,0,corps,11.819453437646487,2.1619
6444,24,253,10.54,12.0,0,corps,11.815544688196459,5.2764
6445,5,43,8.60,3.6,0,corps,11.811637892632643,2.1629
6446,12,107,8.92,6.7,0,corps,11.807733049978342,1.5039
6447,40,342,8.55,19.1,0,corps,11.803830159257341,4.0400
6448,7,56,8.00,4.4,0,corps,11.79992921949392,1.3886
6449,17,119,7.00,8.9,0,corps,11.796030229712851,1.8317
6450,27,253,9.37,13.3,0,corps,11.792133188939374,1.8245
6451,22,204,9.27,11.1,0,corps,11.78823809619924,3.1372
6452,23,186,8.09,11.6,0,corps,11.784344950518665,1.8464
6453,23,240,10.43,11.6,0,corps,11.780453750924371,2.8740
6454,19,185,9.74,9.8,0,corps,11.776564496443557,4.4381
6455,14,159,11.36,7.6,0,corps,11.772677186103905,1.2693
6456,28,295,10.54,13.8,0,corps,11.768791818933588,2.0603
6457,25,267,10.68,12.4,0,corps,11.76490839396127,4.1707
6458,29,292,10.07,14.2,0,corps,11.76102691021609,6.1923
6459,20,188,9.40,10.2,0,corps,11.757147366727683,7.0025
6460,14,136,9.71,7.6,0,corps,11.75326976252615,3.3765
6461,32,290,9.06,15.6,0,corps,11.7493940966421,3.2710
6462,32,306,9.56,15.6,0,corps,11.745520368106618,4.8264
6463,21,190,9.05,10.7,0,corps,11.741648575951263,4.1143
6464,18,151,8.39,9.3,0,corps,11.737778719208094,2.1990
6465,40,412,10.30,19.1,0,corps,11.73391079690965,2.4207
6466,35,374,10.69,16.9,0,corps,11.730044808088941,3.2963
6467,26,283,10.88,12.9,0,corps,11.726180751779475,4.2405
6468,9,108,12.00,5.3,0,corps,11.722318627015236,1.1904
6469,35,387,11.06,16.9,0,corps,11.718458432830694,2.7600
6470,8,73,9.12,4.9,0,corps,11.714600168260805,6.9215
6471,12,127,10.58,6.7,0,corps,11.710743832340995,1.3076
6472,34,335,9.85,16.4,0,corps,11.706889424107182,3.0861
6473,28,318,11.36,13.8,0,corps,11.703036942595766,4.3974
6474,31,358,11.55,15.1,0,corps,11.699186386843625,3.1219
6475,10,78,7.80,5.8,0,corps,11.695337755888124,2.9399
6476,45,475,10.56,21.3,0,corps,11.691491048767096,2.6693
6477,21,196,9.33,10.7,0,corps,11.687646264518875,3.4148
6478,17,168,9.88,8.9,0,corps,11.683803402182264,4.8122
6479,28,256,9.14,13.8,0,corps,11.679962460796537,2.4006
6480,25,257,10.28,12.4,0,corps,11.676123439401465,3.4934
6481,26,222,8.54,12.9,0,corps,11.672286337037296,2.2545
6482,19,161,8.47,9.8,0,corps,11.66845115274475,2.6269
6483,26,211,8.12,12.9,0,corps,11.664617885565034,2.5528
6484,2,22,11.00,2.2,0,corps,11.660786534539827,1.8922
6485,16,166,10.38,8.4,0,corps,11.656957098711294,1.4728
6486,27,216,8.00,13.3,0,corps,11.653129577122076,3.7174
6487,24,221,9.21,12.0,0,corps,11.64930396881529,2.7669
6488,26,258,9.92,12.9,0,corps,11.645480272834538,5.0099
6489,17,222,13.06,8.9,0,corps,11.641658488223896,2.4980
6490,19,173,9.11,9.8,0,corps,11.637838614027912,4.7947
6491,23,215,9.35,11.6,0,corps,11.634020649291624,2.9114
6492,28,329,11.75,13.8,0,corps,11.630204593060537,2.3372
6493,28,223,7.96,13.8,0,corps,11.626390444380636,2.1439
6494,3,39,13.00,2.7,0,corps,11.622578202298389,1.3068
6495,21,190,9.05,10.7,0,corps,11.618767865860733,3.3714
6496,21,198,9.43,10.7,0,corps,11.614959434115079,2.9170
6497,23,262,11.39,11.6,0,corps,11.611152906109327,1.4415
6498,26,298,11.46,12.9,0,corps,11.607348280891838,2.7791
6499,14,128,9.14,7.6,0,corps,11.603545557511463,4.2464
6500,26,308,11.85,12.9,0,corps,11.599744735017515,3.2963
6501,31,294,9.48,15.1,0,corps,11.595945812459787,2.5548
6502,27,314,11.63,13.3,0,corps,11.592148788888556,2.8326
6503,24,205,8.54,12.0,0,corps,11.588353663354562,1.2956
6504,11,107,9.73,6.2,0,corps,11.584560434909022,4.0984
6505,10,74,7.40,5.8,0,corps,11.58076910260363,3.3438
6506,17,135,7.94,8.9,0,corps,11.57697966549055,2.1450
6507,17,148,8.71,8.9,0,corps,11.57319212262243,1.8025
6508,29,297,10.24,14.2,0,corps,11.569406473052378,2.8621
6509,44,506,11.50,20.9,0,corps,11.565622715833983,3.8978
6510,25,244,9.76,12.4,0,corps,11.561840850021312,5.0917
6511,18,169,9.39,9.3,0,corps,11.558060874668888,3.8122
6512,26,257,9.88,12.9,0,corps,11.554282788831724,2.9750
6513,27,292,10.81,13.3,0,corps,11.550506591565297,4.6403
6514,6,47,7.83,4.0,0,corps,11.54673228192555,1.8448
6515,24,228,9.50,12.0,0,corps,11.542959858968924,3.5013
6516,16,131,8.19,8.4,0,corps,11.539189321752295,4.5434
6517,12,118,9.83,6.7,0,corps,11.535420669333035,5.4958
6518,27,231,8.56,13.3,0,corps,11.531653900768987,1.8329
6519,25,254,10.16,12.4,0,corps,11.527889015118447,1.8281
6520,4,36,9.00,3.1,0,corps,11.524126011440206,1.1481
6521,35,344,9.83,16.9,0,corps,11.520364888793502,3.4558
6522,15,135,9.00,8.0,0,corps,11.516605646238062,7.2628
6523,12,124,10.33,6.7,0,corps,11.512848282834073,3.6277
6524,18,155,8.61,9.3,0,corps,11.509092797642193,4.7195
6525,15,178,11.87,8.0,0,corps,11.505339189723552,3.2162
6526,23,248,10.78,11.6,0,corps,11.501587458139747,4.5295
6527,14,138,9.86,7.6,0,corps,11.497837601952845,3.0326
6528,30,321,10.70,14.7,0,corps,11.494089620225386,2.2786
6529,14,146,10.43,7.6,0,corps,11.490343512020369,3.6522
6530,31,310,10.00,15.1,0,corps,11.486599276401266,4.0784
6531,4,35,8.75,3.1,0,corps,11.482856912432023,2.1609
6532,23,267,11.61,11.6,0,corps,11.47911641917705,3.7879
6533,27,267,9.89,13.3,0,corps,11.475377795701217,2.8602
6534,17,201,11.82,8.9,0,corps,11.471641041069875,2.9987
6535,24,241,10.04,12.0,0,corps,11.467906154348828,5.4372
6536,14,144,10.29,7.6,0,corps,11.464173134604364,2.9366
6537,30,336,11.20,14.7,0,corps,11.46044198090322,2.8614
6538,25,163,6.52,12.4,0,corps,11.456712692312607,4.4904
6539,20,189,9.45,10.2,0,corps,11.452985267900209,2.1651
6540,5,67,13.40,3.6,0,corps,11.449259706734166,1.4661
6541,43,440,10.23,20.4,0,corps,11.445536007883087,5.3889
6542,17,215,12.65,8.9,0,corps,11.441814170416054,4.8791
6543,39,449,11.51,18.7,0,corps,11.438094193402595,3.9831
6544,22,224,10.18,11.1,0,corps,11.43437607591273,2.3630
6545,26,269,10.35,12.9,0,corps,11.43065981701692,3.8582
6546,26,263,10.12,12.9,0,corps,11.426945415786099,4.6358
6547,36,417,11.58,17.3,0,corps,11.423232871291678,5.5698
6548,17,176,10.35,8.9,0,corps,11.419522182605506,3.6039
6549,28,306,10.93,13.8,0,corps,11.415813348799922,3.8476
6550,23,216,9.39,11.6,0,corps,11.412106368947716,3.5177
6551,21,165,7.86,10.7,0,corps,11.408401242122137,2.4948
6552,25,210,8.40,12.4,0,corps,11.404697967396912,2.5185
6553,22,224,10.18,11.1,0,corps,11.400996543846212,2.5449
6554,8,48,6.00,4.9,0,corps,11.397296970544687,13.7666
6555,16,159,9.94,8.4,0,corps,11.39359924656745,4.7353
6556,18,230,12.78,9.3,0,corps,11.389903370990057,2.0178
6557,28,246,8.79,13.8,0,corps,11.386209342888542,2.8485
6558,20,192,9.60,10.2,0,corps,11.38251716133941,5.1825
6559,39,370,9.49,18.7,0,corps,11.3788268254196,5.1446
6560,16,163,10.19,8.4,0,corps,11.37513833420654,4.7913
6561,11,100,9.09,6.2,0,corps,11.371451686778098,5.8388
6562,14,137,9.79,7.6,0,corps,11.367766882212615,4.8840
6563,23,232,10.09,11.6,0,corps,11.364083919588893,3.8367
6564,17,163,9.59,8.9,0,corps,11.360402797986191,1.8606
6565,17,134,7.88,8.9,0,corps,11.356723516484221,1.8781
6566,19,181,9.53,9.8,0,corps,11.353046074163176,2.8723
6567,30,285,9.50,14.7,0,corps,11.34937047010368,4.4330
6568,28,268,9.57,13.8,0,corps,11.345696703386848,2.2746
6569,24,236,9.83,12.0,0,corps,11.342024773094225,4.7102
6570,28,257,9.18,13.8,0,corps,11.338354678307835,2.9630
6571,19,226,11.89,9.8,0,corps,11.334686418110154,1.9730
6572,27,258,9.56,13.3,0,corps,11.331019991584112,2.3630
6573,16,132,8.25,8.4,0,corps,11.327355397813108,1.8234
6574,14,140,10.00,7.6,0,corps,11.323692635880994,3.7384
6575,32,300,9.38,15.6,0,corps,11.320031704872074,4.7745
6576,13,138,10.62,7.1,0,corps,11.316372603871121,3.5804
6577,21,259,12.33,10.7,0,corps,11.312715331963355,1.7169
6578,14,167,11.93,7.6,0,corps,11.30905988823446,3.7004
6579,19,206,10.84,9.8,0,corps,11.305406271770577,2.9888
6580,12,108,9.00,6.7,0,corps,11.3017544816583,1.4822
6581,26,236,9.08,12.9,0,corps,11.298104516984678,3.7981
6582,44,479,10.89,20.9,0,corps,11.294456376837225,3.8060
6583,28,291,10.39,13.8,0,corps,11.290810060303905,2.2903
6584,18,162,9.00,9.3,0,corps,11.28716556647314,1.7420
6585,14,127,9.07,7.6,0,corps,11.283522894433801,1.4836
6586,12,112,9.33,6.7,0,corps,11.279882043275224,2.0711
6587,20,212,10.60,10.2,0,corps,11.276243012087198,3.4395
6588,11,113,10.27,6.2,0,corps,11.272605799959958,4.4516
6589,16,179,11.19,8.4,0,corps,11.268970405984211,4.5406
6590,16,143,8.94,8.4,0,corps,11.265336829251101,3.0254
6591,18,205,11.39,9.3,0,corps,11.261705068852237,2.8809
6592,24,223,9.29,12.0,0,corps,11.25807512387968,2.1413
6593,25,209,8.36,12.4,0,corps,11.25444699342594,3.4998
6594,24,195,8.12,12.0,0,corps,11.250820676583984,3.5337
6595,21,182,8.67,10.7,0,corps,11.247196172447238,3.6697
6596,30,309,10.30,14.7,0,corps,11.24357348010957,3.9529
6597,35,335,9.57,16.9,0,corps,11.239952598665312,4.7011
6598,14,146,10.43,7.6,0,corps,11.236333527209242,2.7979
6599,22,231,10.50,11.1,0,corps,11.232716264836586,2.2351
6600,30,300,10.00,14.7,0,corps,11.229100810643041,4.0796
6601,18,164,9.11,9.3,0,corps,11.225487163724734,3.3980
6602,22,193,8.77,11.1,0,corps,11.221875323178255,1.7350
6603,12,112,9.33,6.7,0,corps,11.218265288100646,4.5968
6604,15,125,8.33,8.0,0,corps,11.214657057589392,2.2185
6605,41,381,9.29,19.6,0,corps,11.211050630742442,5.6346
6606,22,193,8.77,11.1,0,corps,11.20744600665819,5.0074
6607,25,227,9.08,12.4,0,corps,11.203843184435474,2.6262
6608,19,186,9.79,9.8,0,corps,11.200242163173597,3.9728
6609,27,231,8.56,13.3,0,corps,11.196642941972293,1.8201
6610,9,86,9.56,5.3,0,corps,11.19304551993176,4.0041
6611,30,264,8.80,14.7,0,corps,11.18944989615265,3.4999
6612,18,196,10.89,9.3,0,corps,11.185856069736047,2.8698
6613,42,355,8.45,20.0,0,corps,11.182264039783501,2.9573
6614,17,172,10.12,8.9,0,corps,11.178673805397004,2.4100
6615,39,383,9.82,18.7,0,corps,11.175085365678994,3.9300
6616,18,190,10.56,9.3,0,corps,11.171498719732364,4.5989
6617,12,92,7.67,6.7,0,corps,11.16791386666045,3.8315
6618,20,211,10.55,10.2,0,corps,11.164330805567038,2.7529
6619,35,309,8.83,16.9,0,corps,11.16074953555637,4.9820
6620,19,172,9.05,9.8,0,corps,11.157170055733118,3.5889
6621,7,62,8.86,4.4,0,corps,11.15359236520242,11.7470
6622,6,64,10.67,4.0,0,corps,11.15001646306985,9.4115
6623,20,213,10.65,10.2,0,corps,11.146442348441433,2.7556
6624,36,295,8.19,17.3,0,corps,11.142870020423642,2.7251
6625,17,169,9.94,8.9,0,corps,11.139299478123391,2.6187
6626,26,260,10.00,12.9,0,corps,11.135730720648047,2.7765
6627,19,166,8.74,9.8,0,corps,11.13216374710542,1.5166
6628,21,174,8.29,10.7,0,corps,11.128598556603766,2.1528
6629,10,68,6.80,5.8,0,corps,11.125035148251794,2.4880
6630,25,244,9.76,12.4,0,corps,11.12147352115864,3.4700
6631,14,120,8.57,7.6,0,corps,11.117913674433904,4.7519
6632,28,255,9.11,13.8,0,corps,11.114355607187626,1.9335
6633,19,159,8.37,9.8,0,corps,11.110799318530285,2.0463
6634,16,140,8.75,8.4,0,corps,11.10724480757281,5.0897
6635,17,182,10.71,8.9,0,corps,11.103692073426577,2.6696
6636,7,54,7.71,4.4,0,corps,11.1001411152034,9.5349
6637,13,145,11.15,7.1,0,corps,11.096591932015535,3.9180
6638,8,67,8.38,4.9,0,corps,11.09304452297569,4.4511
6639,15,198,13.20,8.0,0,corps,11.089498887197013,2.6396
6640,28,251,8.96,13.8,0,corps,11.085955023793097,4.0231
6641,39,345,8.85,18.7,0,corps,11.082412931877975,3.5683
6642,23,223,9.70,11.6,0,corps,11.078872610566117,3.6114
6643,9,77,8.56,5.3,0,corps,11.075334058972455,4.9563
6644,26,267,10.27,12.9,0,corps,11.071797276212342,3.8116
6645,42,425,10.12,20.0,0,corps,11.068262261401586,4.4987
6646,29,288,9.93,14.2,0,corps,11.06472901365643,1.9735
6647,12,120,10.00,6.7,0,corps,11.061197532093564,3.3237
6648,36,332,9.22,17.3,0,corps,11.057667815830118,3.7030
6649,47,437,9.30,22.2,0,corps,11.054139863983664,4.1909
6650,22,175,7.95,11.1,0,corps,11.050613675672214,6.1124
6651,13,147,11.31,7.1,0,corps,11.047089250014217,1.2620
6652,44,441,10.02,20.9,0,corps,11.04356658612857,3.3502
6653,13,95,7.31,7.1,0,corps,11.040045683134608,5.3510
6654,15,112,7.47,8.0,0,corps,11.0365265401521,1.5571
6655,26,262,10.08,12.9,0,corps,11.033009156301265,2.7762
6656,24,210,8.75,12.0,0,corps,11.029493530702759,4.4018
6657,26,234,9.00,12.9,0,corps,11.025979662477667,5.4823
6658,36,346,9.61,17.3,0,corps,11.022467550747528,2.4119
6659,28,250,8.93,13.8,0,corps,11.018957194634316,2.5000
6660,25,264,10.56,12.4,0,corps,11.015448593260437,3.0578
6661,22,214,9.73,11.1,0,corps,11.011941745748747,1.8908
6662,27,288,10.67,13.3,0,corps,11.008436651222524,4.3661
6663,16,140,8.75,8.4,0,corps,11.004933308805503,2.0209
6664,30,285,9.50,14.7,0,corps,11.001431717621848,2.7498
6665,20,206,10.30,10.2,0,corps,10.997931876796157,1.9028
6666,27,276,10.22,13.3,0,corps,10.99443378545347,4.3575
6667,21,218,10.38,10.7,0,corps,10.99093744271927,3.0292
6668,16,131,8.19,8.4,0,corps,10.98744284771946,8.3376
6669,29,253,8.72,14.2,0,corps,10.983949999580405,3.5274
6670,14,121,8.64,7.6,0,corps,10.980458897428885,3.0137
6671,28,243,8.68,13.8,0,corps,10.976969540392123,2.0789
6672,27,270,10.00,13.3,0,corps,10.973481927597787,3.7198
6673,23,187,8.13,11.6,0,corps,10.969996058173964,2.6907
6674,26,253,9.73,12.9,0,corps,10.966511931249192,3.0337
6675,25,215,8.60,12.4,0,corps,10.963029545952446,3.2593
6676,16,148,9.25,8.4,0,corps,10.959548901413116,4.4660
6677,23,184,8.00,11.6,0,corps,10.95606999676105,4.9405
6678,15,137,9.13,8.0,0,corps,10.95259283112652,4.5903
6679,16,133,8.31,8.4,0,corps,10.949117403640232,2.7889
6680,25,246,9.84,12.4,0,corps,10.945643713433334,3.6933
6681,18,172,9.56,9.3,0,corps,10.942171759637398,7.2198
6682,19,140,7.37,9.8,0,corps,10.938701541384438,2.4808
6683,26,277,10.65,12.9,0,corps,10.9352330578069,1.7810
6684,14,142,10.14,7.6,0,corps,10.931766308037663,2.6232
6685,23,212,9.22,11.6,0,corps,10.92830129121004,5.3592
6686,25,267,10.68,12.4,0,corps,10.924838006457774,4.5743
6687,17,140,8.24,8.9,0,corps,10.921376452915046,4.5703
6688,14,114,8.14,7.6,0,corps,10.917916629716467,4.0593
6689,23,203,8.83,11.6,0,corps,10.914458535997085,3.0595
6690,14,87,6.21,7.6,0,corps,10.911002170892367,3.3370
6691,19,205,10.79,9.8,0,corps,10.907547533538233,2.2129
6692,7,66,9.43,4.4,0,corps,10.904094623071014,2.2272
6693,13,125,9.62,7.1,0,corps,10.900643438627492,2.2761
6694,5,43,8.60,3.6,0,corps,10.897193979344861,1.4192
6695,27,314,11.63,13.3,0,corps,10.893746244360763,4.7358
6696,14,127,9.07,7.6,0,corps,10.890300232813264,4.1930
6697,31,260,8.39,15.1,0,corps,10.886855943840853,4.9791
6698,28,254,9.07,13.8,0,corps,10.883413376582466,2.4258
6699,41,406,9.90,19.6,0,corps,10.879972530177461,3.8719
6700,14,125,8.93,7.6,0,corps,10.876533403765626,4.5028
6701,21,202,9.62,10.7,0,corps,10.873095996487175,2.4623
6702,25,257,10.28,12.4,0,corps,10.869660307482759,2.3219
6703,31,294,9.48,15.1,0,corps,10.866226335893456,2.6853
6704,25,248,9.92,12.4,0,corps,10.862794080860775,1.9326
6705,16,142,8.88,8.4,0,corps,10.859363541526646,1.5157
6706,20,193,9.65,10.2,0,corps,10.855934717033438,2.3789
6707,36,316,8.78,17.3,0,corps,10.852507606523949,4.1362
6708,12,118,9.83,6.7,0,corps,10.849082209141391,6.1912
6709,36,362,10.06,17.3,0,corps,10.84565852402943,2.0961
6710,6,52,8.67,4.0,0,corps,10.84223655033213,11.6500
6711,24,246,10.25,12.0,0,corps,10.838816287194,3.1531
6712,24,273,11.38,12.0,0,corps,10.835397733759985,3.7645
6713,34,343,10.09,16.4,0,corps,10.831980889175435,2.6804
6714,13,92,7.08,7.1,0,corps,10.828565752586142,2.4705
6715,25,255,10.20,12.4,0,corps,10.825152323138326,2.6679
6716,25,240,9.60,12.4,0,corps,10.821740599978625,4.7945
6717,20,181,9.05,10.2,0,corps,10.81833058225411,4.4640
6718,28,228,8.14,13.8,0,corps,10.814922269112273,3.0755
6719,25,246,9.84,12.4,0,corps,10.811515659701037,3.3249
6720,16,126,7.88,8.4,0,corps,10.808110753168759,2.5669
6721,34,331,9.74,16.4,0,corps,10.804707548664199,2.3991
6722,18,176,9.78,9.3,0,corps,10.801306045336561,6.5838
6723,19,176,9.26,9.8,0,corps,10.797906242335475,3.3627
6724,10,76,7.60,5.8,0,corps,10.794508138810983,1.8720
6725,16,164,10.25,8.4,0,corps,10.79111173391356,2.4514
6726,22,222,10.09,11.1,0,corps,10.787717026794105,5.7386
6727,27,230,8.52,13.3,0,corps,10.784324016603945,2.1012
6728,35,353,10.09,16.9,0,corps,10.780932702494821,2.6544
6729,21,197,9.38,10.7,0,corps,10.777543083618909,3.9570
6730,18,173,9.61,9.3,0,corps,10.774155159128803,5.6524
6731,24,223,9.29,12.0,0,corps,10.770768928177526,2.2204
6732,23,236,10.26,11.6,0,corps,10.767384389918512,2.8484
6733,8,78,9.75,4.9,0,corps,10.764001543505634,1.6081
6734,16,160,10.00,8.4,0,corps,10.760620388093173,2.2058
6735,15,151,10.07,8.0,0,corps,10.757240922835845,2.8718
6736,19,150,7.89,9.8,0,corps,10.753863146888786,4.3698
6737,9,88,9.78,5.3,0,corps,10.750487059407545,1.6379
6738,28,311,11.11,13.8,0,corps,10.747112659548108,6.4510
6739,24,204,8.50,12.0,0,corps,10.74373994646687,2.3446
6740,17,165,9.71,8.9,0,corps,10.74036891932065,2.1192
6741,19,147,7.74,9.8,0,corps,10.736999577266701,3.4946
6742,37,336,9.08,17.8,0,corps,10.733631919462677,6.8232
6743,37,380,10.27,17.8,0,corps,10.73026594506667,5.9568
6744,21,184,8.76,10.7,0,corps,10.726901653237183,1.9058
6745,5,50,10.00,3.6,0,corps,10.723539043133142,1.2474
6746,22,186,8.45,11.1,0,corps,10.7201781139139,3.6130
6747,12,118,9.83,6.7,0,corps,10.716818864739222,1.4310
6748,28,265,9.46,13.8,0,corps,10.713461294769294,3.6822
6749,16,115,7.19,8.4,0,corps,10.710105403164727,2.2948
6750,25,208,8.32,12.4,0,corps,10.70675118908654,4.6554
6751,10,113,11.30,5.8,0,corps,10.703398651696192,5.4963
6752,15,142,9.47,8.0,0,corps,10.700047790155539,3.5307
6753,3,37,12.33,2.7,0,corps,10.696698603626867,1.7493
6754,17,177,10.41,8.9,0,corps,10.693351091272884,5.0231
6755,6,47,7.83,4.0,0,corps,10.690005252256704,2.3795
6756,15,168,11.20,8.0,0,corps,10.686661085741875,2.5605
6757,23,210,9.13,11.6,0,corps,10.683318590892355,3.4680
6758,45,429,9.53,21.3,0,corps,10.679977766872511,3.8685
6759,19,168,8.84,9.8,0,corps,10.676638612847148,2.4317
6760,24,218,9.08,12.0,0,corps,10.673301127981471,2.0275
6761,20,190,9.50,10.2,0,corps,10.66996531144111,3.8438
6762,6,39,6.50,4.0,0,corps,10.666631162392115,13.1414
6763,26,230,8.85,12.9,0,corps,10.663298680000944,3.0522
6764,27,256,9.48,13.3,0,corps,10.659967863434474,3.0440
6765,17,121,7.12,8.9,0,corps,10.656638711860012,3.3499
6766,7,65,9.29,4.4,0,corps,10.653311224445256,7.3911
6767,33,296,8.97,16.0,0,corps,10.649985400358341,3.8153
6768,29,266,9.17,14.2,0,corps,10.646661238767816,4.0240
6769,23,219,9.52,11.6,0,corps,10.643338738842631,3.3331
6770,24,203,8.46,12.0,0,corps,10.640017899752168,2.8759
6771,10,99,9.90,5.8,0,corps,10.636698720666212,2.5186
6772,16,135,8.44,8.4,0,corps,10.633381200754972,3.6348
6773,13,133,10.23,7.1,0,corps,10.630065339189068,4.6478
6774,30,328,10.93,14.7,0,corps,10.626751135139529,4.7168
6775,15,129,8.60,8.0,0,corps,10.623438587777812,3.2124
6776,14,150,10.71,7.6,0,corps,10.620127696275775,7.2552
6777,8,76,9.50,4.9,0,corps,10.616818459805696,1.7186
6778,18,158,8.78,9.3,0,corps,10.613510877540271,3.1770
6779,17,129,7.59,8.9,0,corps,10.610204948652594,2.8294
6780,16,144,9.00,8.4,0,corps,10.606900672316188,1.8395
6781,22,184,8.36,11.1,0,corps,10.60359804770499,3.8282
6782,27,294,10.89,13.3,0,corps,10.600297073993337,2.7900
6783,20,161,8.05,10.2,0,corps,10.596997750355985,2.7340
6784,25,281,11.24,12.4,0,corps,10.593700075968107,2.0576
6785,24,257,10.71,12.0,0,corps,10.590404050005278,3.9731
6786,11,104,9.45,6.2,0,corps,10.587109671643502,1.7238
6787,15,132,8.80,8.0,0,corps,10.583816940059174,3.8233
6788,21,187,8.90,10.7,0,corps,10.580525854429112,4.8745
6789,26,250,9.62,12.9,0,corps,10.577236413930557,2.2321
6790,21,180,8.57,10.7,0,corps,10.573948617741133,3.6378
6791,19,170,8.95,9.8,0,corps,10.570662465038899,5.0455
6792,19,170,8.95,9.8,0,corps,10.567377955002316,6.6774
6793,35,395,11.29,16.9,0,corps,10.564095086810255,3.9578
6794,17,136,8.00,8.9,0,corps,10.560813859642003,4.1197
6795,21,181,8.62,10.7,0,corps,10.557534272677247,2.9820
6796,18,155,8.61,9.3,0,corps,10.554256325096093,4.6203
6797,36,338,9.39,17.3,0,corps,10.550980016079055,6.0772
6798,37,348,9.41,17.8,0,corps,10.547705344807056,4.5726
6799,16,158,9.88,8.4,0,corps,10.544432310461428,1.9626
6800,26,218,8.38,12.9,0,corps,10.541160912223912,1.5948
6801,8,90,11.25,4.9,0,corps,10.537891149276657,1.2861
6802,19,158,8.32,9.8,0,corps,10.534623020802226,2.2828
6803,37,381,10.30,17.8,0,corps,10.531356525983579,2.4041
6804,28,252,9.00,13.8,0,corps,10.5280916640041,4.0296
6805,31,286,9.23,15.1,0,corps,10.524828434047572,2.5041
6806,53,654,12.34,24.9,0,corps,10.521566835298183,3.5957
6807,12,151,12.58,6.7,0,corps,10.518306866940538,2.1091
6808,21,213,10.14,10.7,0,corps,10.515048528159648,2.0399
6809,19,179,9.42,9.8,0,corps,10.51179181814092,4.9742
6810,24,269,11.21,12.0,0,corps,10.508536736070184,3.6082
6811,32,317,9.91,15.6,0,corps,10.505283281133662,2.3815
6812,18,163,9.06,9.3,0,corps,10.502031452517993,3.8824
6813,24,195,8.12,12.0,0,corps,10.498781249410225,4.3371
6814,34,301,8.85,16.4,0,corps,10.4955326709978,2.2561
6815,20,206,10.30,10.2,0,corps,10.492285716468578,3.1374
6816,19,183,9.63,9.8,0,corps,10.489040385010822,4.1342
6817,12,141,11.75,6.7,0,corps,10.48579667581319,6.7255
6818,16,136,8.50,8.4,0,corps,10.482554588064769,5.1785
6819,17,171,10.06,8.9,0,corps,10.479314120955022,2.3004
6820,19,187,9.84,9.8,0,corps,10.476075273673837,3.1798
6821,7,44,6.29,4.4,0,corps,10.472838045411512,13.7365
6822,16,159,9.94,8.4,0,corps,10.469602435358727,3.3638
6823,41,378,9.22,19.6,0,corps,10.466368442706584,3.8961
6824,25,220,8.80,12.4,0,corps,10.46313606664659,4.6199
6825,18,164,9.11,9.3,0,corps,10.45990530637064,6.1540
6826,22,235,10.68,11.1,0,corps,10.456676161071055,5.0778
6827,10,105,10.50,5.8,0,corps,10.453448629940542,5.6009
6828,32,253,7.91,15.6,0,corps,10.45022271217222,3.2412
6829,16,141,8.81,8.4,0,corps,10.446998406959612,4.7056
6830,18,179,9.94,9.3,0,corps,10.443775713496636,2.4320
6831,16,146,9.12,8.4,0,corps,10.440554630977623,2.1400
6832,9,89,9.89,5.3,0,corps,10.437335158597302,1.9947
6833,25,260,10.40,12.4,0,corps,10.434117295550802,3.7697
6834,12,123,10.25,6.7,0,corps,10.430901041033664,4.9884
6835,14,136,9.71,7.6,0,corps,10.427686394241817,2.9305
6836,10,103,10.30,5.8,0,corps,10.4244733543716,1.6233
6837,25,220,8.80,12.4,0,corps,10.42126192061976,3.5304
6838,10,100,10.00,5.8,0,corps,10.418052092183427,1.9330
6839,26,250,9.62,12.9,0,corps,10.414843868260155,2.5575
6840,18,172,9.56,9.3,0,corps,10.411637248047883,3.2767
6841,14,117,8.36,7.6,0,corps,10.408432230744955,1.5108
6842,28,246,8.79,13.8,0,corps,10.405228815550121,2.1938
6843,21,200,9.52,10.7,0,corps,10.40202700166252,4.0312
6844,21,168,8.00,10.7,0,corps,10.398826788281706,1.8283
6845,18,173,9.61,9.3,0,corps,10.395628174607621,3.0574
6846,26,252,9.69,12.9,0,corps,10.392431159840616,3.9892
6847,20,172,8.60,10.2,0,corps,10.38923574318143,3.0369
6848,21,181,8.62,10.7,0,corps,10.386041923831216,2.9688
6849,17,167,9.82,8.9,0,corps,10.382849700991514,3.2719
6850,25,240,9.60,12.4,0,corps,10.379659073864273,3.4563
6851,11,94,8.55,6.2,0,corps,10.376470041651832,5.8226
6852,19,203,10.68,9.8,0,corps,10.373282603556932,2.6145
6853,31,364,11.74,15.1,0,corps,10.37009675878272,3.6513
6854,14,168,12.00,7.6,0,corps,10.36691250653273,2.4533
6855,25,228,9.12,12.4,0,corps,10.363729846010896,4.2454
6856,28,329,11.75,13.8,0,corps,10.360548776421563,5.7119
6857,38,385,10.13,18.2,0,corps,10.357369296969454,2.7964
6858,20,171,8.55,10.2,0,corps,10.354191406859703,6.2569
6859,28,228,8.14,13.8,0,corps,10.351015105297837,4.2528
6860,16,167,10.44,8.4,0,corps,10.347840391489779,2.3992
6861,25,239,9.56,12.4,0,corps,10.344667264641854,4.3511
6862,16,141,8.81,8.4,0,corps,10.341495723960776,2.0697
6863,37,517,13.97,17.8,0,corps,10.338325768653664,4.7108
6864,20,200,10.00,10.2,0,corps,10.335157397928027,4.0357
6865,37,340,9.19,17.8,0,corps,10.33199061099177,2.7655
6866,26,193,7.42,12.9,0,corps,10.328825407053202,3.5569
6867,28,303,10.82,13.8,0,corps,10.325661785321017,2.9950
6868,30,311,10.37,14.7,0,corps,10.32249974500431,3.8427
6869,26,242,9.31,12.9,0,corps,10.319339285312576,2.4856
6870,30,265,8.83,14.7,0,corps,10.316180405455693,2.3515
6871,21,155,7.38,10.7,0,corps,10.313023104643944,1.7360
6872,23,199,8.65,11.6,0,corps,10.309867382088006,3.1690
6873,14,121,8.64,7.6,0,corps,10.306713236998947,2.2887
6874,30,316,10.53,14.7,0,corps,10.30356066858823,3.8422
6875,25,258,10.32,12.4,0,corps,10.300409676067709,2.3537
6876,13,142,10.92,7.1,0,corps,10.297260258649644,3.8884
6877,17,167,9.82,8.9,0,corps,10.294112415546675,1.6709
6878,15,145,9.67,8.0,0,corps,10.290966145971842,2.5446
6879,43,434,10.09,20.4,0,corps,10.287821449138582,3.0280
6880,12,130,10.83,6.7,0,corps,10.28467832426071,2.0260
6881,43,418,9.72,20.4,0,corps,10.281536770552455,3.6040
6882,18,195,10.83,9.3,0,corps,10.278396787228427,3.6342
6883,17,184,10.82,8.9,0,corps,10.275258373503629,1.3056
6884,14,125,8.93,7.6,0,corps,10.272121528593454,3.7834
6885,14,126,9.00,7.6,0,corps,10.268986251713697,2.8645
6886,12,111,9.25,6.7,0,corps,10.265852542080534,5.1581
6887,21,219,10.43,10.7,0,corps,10.262720398910542,2.1813
6888,28,297,10.61,13.8,0,corps,10.259589821420676,2.6409
6889,15,128,8.53,8.0,0,corps,10.256460808828303,3.5788
6890,34,317,9.32,16.4,0,corps,10.253333360351164,2.9378
6891,30,333,11.10,14.7,0,corps,10.250207475207397,4.8193
6892,35,310,8.86,16.9,0,corps,10.247083152615527,2.9564
6893,16,161,10.06,8.4,0,corps,10.243960391794484,6.8045
6894,17,176,10.35,8.9,0,corps,10.24083919196357,3.0852
6895,20,221,11.05,10.2,0,corps,10.237719552342488,3.0265
6896,24,237,9.88,12.0,0,corps,10.234601472151322,7.7260
6897,23,176,7.65,11.6,0,corps,10.23148495061056,4.5914
6898,31,301,9.71,15.1,0,corps,10.228369986941068,2.1479
6899,21,189,9.00,10.7,0,corps,10.225256580364103,1.6632
6900,17,157,9.24,8.9,0,corps,10.222144730101315,2.3197
6901,13,115,8.85,7.1,0,corps,10.219034435374747,2.6669
6902,19,200,10.53,9.8,0,corps,10.215925695406817,4.5951
6903,13,141,10.85,7.1,0,corps,10.212818509420343,1.6617
6904,20,192,9.60,10.2,0,corps,10.209712876638527,3.1883
6905,21,187,8.90,10.7,0,corps,10.206608796284964,6.0923
6906,17,155,9.12,8.9,0,corps,10.203506267583636,3.3721
6907,26,264,10.15,12.9,0,corps,10.200405289758903,3.6244
6908,23,195,8.48,11.6,0,corps,10.197305862035524,3.0066
6909,20,154,7.70,10.2,0,corps,10.194207983638648,3.3303
6910,20,189,9.45,10.2,0,corps,10.191111653793794,2.9563
6911,6,53,8.83,4.0,0,corps,10.18801687172689,8.5619
6912,9,100,11.11,5.3,0,corps,10.184923636664234,1.5685
6913,34,367,10.79,16.4,0,corps,10.181831947832519,2.5721
6914,30,309,10.30,14.7,0,corps,10.178741804458824,4.9135
6915,17,156,9.18,8.9,0,corps,10.175653205770613,3.5718
6916,21,192,9.14,10.7,0,corps,10.172566150995735,1.9734
6917,22,236,10.73,11.1,0,corps,10.169480639362426,5.3142
6918,18,149,8.28,9.3,0,corps,10.166396670099312,4.5676
6919,41,383,9.34,19.6,0,corps,10.163314242435396,2.6611
6920,25,234,9.36,12.4,0,corps,10.16023335560007,2.2955
6921,36,319,8.86,17.3,0,corps,10.157154008823117,3.1666
6922,14,138,9.86,7.6,0,corps,10.1540762013347,2.6813
6923,32,326,10.19,15.6,0,corps,10.150999932365364,3.3382
6924,18,212,11.78,9.3,0,corps,10.147925201146041,3.2292
6925,17,154,9.06,8.9,0,corps,10.144852006908053,3.9422
6926,28,301,10.75,13.8,0,corps,10.141780348883099,4.4716
6927,30,233,7.77,14.7,0,corps,10.138710226303266,3.6069
6928,31,321,10.35,15.1,0,corps,10.135641638401015,6.3396
6929,11,96,8.73,6.2,0,corps,10.132574584409209,3.3790
6930,20,178,8.90,10.2,0,corps,10.129509063561084,2.0788
6931,24,214,8.92,12.0,0,corps,10.126445075090254,4.5994
6932,15,129,8.60,8.0,0,corps,10.123382618230723,5.1759
6933,20,217,10.85,10.2,0,corps,10.120321692216883,3.3641
6934,20,198,9.90,10.2,0,corps,10.117262296283494,5.9325
6935,10,102,10.20,5.8,0,corps,10.114204429665714,5.7399
6936,12,163,13.58,6.7,0,corps,10.11114809159907,3.8413
6937,21,255,12.14,10.7,0,corps,10.10809328131948,4.7637
6938,16,126,7.88,8.4,0,corps,10.105039998063248,5.1767
6939,13,131,10.08,7.1,0,corps,10.101988241067042,1.7428
6940,28,282,10.07,13.8,0,corps,10.098938009567929,5.0784
6941,13,103,7.92,7.1,0,corps,10.095889302803352,4.4236
6942,13,96,7.38,7.1,0,corps,10.092842120011131,2.7087
6943,27,246,9.11,13.3,0,corps,10.089796460429474,3.1708
6944,27,244,9.04,13.3,0,corps,10.08675232329696,4.8309
6945,18,152,8.44,9.3,0,corps,10.08370970785256,1.4545
6946,16,126,7.88,8.4,0,corps,10.080668613335622,5.3048
6947,18,128,7.11,9.3,0,corps,10.077629038985863,1.9118
6948,8,76,9.50,4.9,0,corps,10.074590984043398,5.5054
6949,10,78,7.80,5.8,0,corps,10.071554447748712,5.0278
6950,11,85,7.73,6.2,0,corps,10.068519429342668,5.7350
6951,31,311,10.03,15.1,0,corps,10.065485928066515,4.3203
6952,4,21,5.25,3.1,0,corps,10.062453943161874,2.4579
6953,14,136,9.71,7.6,0,corps,10.05942347387075,1.4147
6954,55,555,10.09,25.8,0,corps,10.056394519435527,6.2839
6955,9,88,9.78,5.3,0,corps,10.053367079098965,7.3517
6956,19,171,9.00,9.8,0,corps,10.050341152104203,2.6635
6957,33,399,12.09,16.0,0,corps,10.047316737694764,2.3498
6958,8,97,12.12,4.9,0,corps,10.044293835114537,1.3850
6959,27,268,9.93,13.3,0,corps,10.041272443607804,4.6734
6960,18,195,10.83,9.3,0,corps,10.038252562419212,5.8277
6961,15,151,10.07,8.0,0,corps,10.03523419079379,4.1033
6962,17,142,8.35,8.9,0,corps,10.03221732797695,1.4379
6963,4,36,9.00,3.1,0,corps,10.029201973214471,1.8743
6964,20,175,8.75,10.2,0,corps,10.026188125752517,3.8081
6965,6,46,7.67,4.0,0,corps,10.023175784837628,9.5352
6966,13,112,8.62,7.1,0,corps,10.020164949716715,1.2687
6967,14,125,8.93,7.6,0,corps,10.017155619637071,4.2555
6968,22,188,8.55,11.1,0,corps,10.014147793846362,4.9208
6969,13,99,7.62,7.1,0,corps,10.011141471592634,5.6706
6970,31,314,10.13,15.1,0,corps,10.008136652124307,3.5108
6971,29,283,9.76,14.2,0,corps,10.005133334690171,2.8695
6972,15,145,9.67,8.0,0,corps,10.0021315185394,1.8220
6973,21,180,8.57,10.7,0,corps,9.999131202921543,3.2000
6974,31,274,8.84,15.1,0,corps,9.996132387086515,2.8073
6975,43,394,9.16,20.4,0,corps,9.993135070284618,4.0491
6976,16,150,9.38,8.4,0,corps,9.990139251766518,4.7214
6977,33,271,8.21,16.0,0,corps,9.987144930783261,2.1077
6978,17,159,9.35,8.9,0,corps,9.98415210658627,6.3328
6979,16,174,10.88,8.4,0,corps,9.981160778427336,2.3941
6980,5,51,10.20,3.6,0,corps,9.978170945558626,1.5595
6981,25,211,8.44,12.4,0,corps,9.975182607232687,2.8690
6982,14,124,8.86,7.6,0,corps,9.97219576270243,3.4098
6983,28,310,11.07,13.8,0,corps,9.969210411221145,2.9509
6984,44,510,11.59,20.9,0,corps,9.966226552042489,4.8080
6985,12,100,8.33,6.7,0,corps,9.963244184420507,4.7920
6986,17,143,8.41,8.9,0,corps,9.960263307609603,5.1464
6987,16,138,8.62,8.4,0,corps,9.957283920864555,3.7383
6988,8,93,11.62,4.9,0,corps,9.954306023440514,3.4493
6989,32,262,8.19,15.6,0,corps,9.951329614593018,2.9261
6990,20,169,8.45,10.2,0,corps,9.94835469357795,3.8603
6991,29,286,9.86,14.2,0,corps,9.945381259651592,3.1776
6992,24,233,9.71,12.0,0,corps,9.942409312070575,4.2682
6993,32,257,8.03,15.6,0,corps,9.93943885009192,3.6041
6994,26,289,11.12,12.9,0,corps,9.936469872973008,3.8567
6995,23,223,9.70,11.6,0,corps,9.933502379971594,5.8435
6996,31,289,9.32,15.1,0,corps,9.930536370345806,4.8459
6997,7,97,13.86,4.4,0,corps,9.927571843354144,1.3698
6998,30,266,8.87,14.7,0,corps,9.924608798255468,3.3695
6999,19,185,9.74,9.8,0,corps,9.92164723430903,2.3423
7000,25,268,10.72,12.4,0,corps,9.918687150774426,2.5339
7001,18,155,8.61,9.3,0,corps,9.915728546911643,4.0319
7002,24,219,9.12,12.0,0,corps,9.912771421981025,3.8619
7003,33,336,10.18,16.0,0,corps,9.909815775243295,4.6760
7004,32,318,9.94,15.6,0,corps,9.906861605959541,3.4067
7005,17,143,8.41,8.9,0,corps,9.903908913391216,2.7349
7006,42,399,9.50,20.0,0,corps,9.900957696800154,4.2490
7007,4,37,9.25,3.1,0,corps,9.898007955448545,1.5581
7008,16,146,9.12,8.4,0,corps,9.895059688598954,4.5491
7009,26,226,8.69,12.9,0,corps,9.892112895514316,3.3654
7010,32,234,7.31,15.6,0,corps,9.889167575457936,4.3003
7011,21,183,8.71,10.7,0,corps,9.886223727693476,2.2010
7012,16,176,11.00,8.4,0,corps,9.883281351484982,3.7312
7013,11,122,11.09,6.2,0,corps,9.880340446096856,2.9538
7014,23,254,11.04,11.6,0,corps,9.877401010793871,2.8419
7015,32,314,9.81,15.6,0,corps,9.874463044841171,3.2440
7016,17,170,10.00,8.9,0,corps,9.871526547504262,4.0005
7017,14,107,7.64,7.6,0,corps,9.868591518049017,4.2434
7018,30,313,10.43,14.7,0,corps,9.865657955741689,2.5572
7019,16,161,10.06,8.4,0,corps,9.862725859848874,3.4098
7020,13,125,9.62,7.1,0,corps,9.859795229637559,5.1144
7021,18,169,9.39,9.3,0,corps,9.85686606437508,2.8063
7022,18,147,8.17,9.3,0,corps,9.853938363329146,5.6245
7023,34,341,10.03,16.4,0,corps,9.851012125767838,3.4227
7024,28,282,10.07,13.8,0,corps,9.848087350959586,3.9768
7025,34,317,9.32,16.4,0,corps,9.845164038173204,4.6263
7026,7,63,9.00,4.4,0,corps,9.842242186677867,3.1759
7027,22,173,7.86,11.1,0,corps,9.8393217957431,1.9728
7028,37,324,8.76,17.8,0,corps,9.836402864638819,3.3147
7029,25,246,9.84,12.4,0,corps,9.833485392635279,3.8831
7030,20,186,9.30,10.2,0,corps,9.830569379003117,2.5033
7031,12,98,8.17,6.7,0,corps,9.827654823013336,4.0369
7032,37,365,9.86,17.8,0,corps,9.824741723937287,4.2762
7033,22,147,6.68,11.1,0,corps,9.821830081046699,3.8134
7034,9,61,6.78,5.3,0,corps,9.818919893613664,7.2022
7035,20,172,8.60,10.2,0,corps,9.816011160910632,2.0995
7036,16,118,7.38,8.4,0,corps,9.81310388221042,2.0319
7037,20,182,9.10,10.2,0,corps,9.81019805678621,2.9816
7038,21,181,8.62,10.7,0,corps,9.807293683911542,4.4158
7039,22,187,8.50,11.1,0,corps,9.804390762860326,1.8473
7040,19,165,8.68,9.8,0,corps,9.801489292906831,3.4050
7041,16,155,9.69,8.4,0,corps,9.798589273325689,4.8384
7042,22,284,12.91,11.1,0,corps,9.795690703391898,2.7832
7043,15,121,8.07,8.0,0,corps,9.792793582380813,2.3664
7044,16,143,8.94,8.4,0,corps,9.789897909568152,6.2792
7045,30,266,8.87,14.7,0,corps,9.78700368423,3.0180
7046,17,142,8.35,8.9,0,corps,9.784110905642795,3.4160
7047,15,132,8.80,8.0,0,corps,9.781219573083352,3.6884
7048,14,133,9.50,7.6,0,corps,9.778329685828828,2.0570
7049,15,121,8.07,8.0,0,corps,9.775441243156758,4.1137
7050,28,271,9.68,13.8,0,corps,9.772554244345029,5.7771
7051,32,286,8.94,15.6,0,corps,9.76966868867189,4.5576
7052,27,322,11.93,13.3,0,corps,9.766784575415954,3.0298
7053,22,255,11.59,11.1,0,corps,9.76390190385619,3.2145
7054,20,216,10.80,10.2,0,corps,9.761020673271933,3.3021
7055,18,245,13.61,9.3,0,corps,9.758140882942879,3.1437
7056,12,87,7.25,6.7,0,corps,9.75526253214907,4.6338
7057,39,418,10.72,18.7,0,corps,9.752385620170925,3.7326
7058,6,46,7.67,4.0,0,corps,9.749510146289216,3.1497
7059,19,162,8.53,9.8,0,corps,9.746636109785072,3.7094
7060,20,194,9.70,10.2,0,corps,9.743763509939988,3.1938
7061,20,212,10.60,10.2,0,corps,9.740892346035809,3.6846
7062,14,116,8.29,7.6,0,corps,9.738022617354748,1.6584
7063,18,197,10.94,9.3,0,corps,9.735154323179371,3.1657
7064,19,156,8.21,9.8,0,corps,9.732287462792605,1.8477
7065,22,223,10.14,11.1,0,corps,9.729422035477732,5.1241
7066,9,74,8.22,5.3,0,corps,9.726558040518402,1.9755
7067,20,189,9.45,10.2,0,corps,9.723695477198607,2.7239
7068,15,138,9.20,8.0,0,corps,9.720834344802716,1.7294
7069,18,160,8.89,9.3,0,corps,9.717974642615438,4.4168
7070,21,193,9.19,10.7,0,corps,9.71511636992185,2.8519
7071,38,413,10.87,18.2,0,corps,9.712259526007387,5.1818
7072,16,130,8.12,8.4,0,corps,9.709404110157832,1.8801
7073,26,224,8.62,12.9,0,corps,9.706550121659335,4.3692
7074,14,136,9.71,7.6,0,corps,9.7036975597984,4.2914
7075,29,240,8.28,14.2,0,corps,9.700846423861883,5.1564
7076,4,44,11.00,3.1,0,corps,9.697996713137002,2.2499
7077,22,244,11.09,11.1,0,corps,9.695148426911329,3.2455
7078,16,166,10.38,8.4,0,corps,9.692301564472793,3.4224
7079,4,37,9.25,3.1,0,corps,9.689456125109677,1.7085
7080,37,323,8.73,17.8,0,corps,9.686612108110623,2.6009
7081,34,342,10.06,16.4,0,corps,9.683769512764623,4.1302
7082,16,138,8.62,8.4,0,corps,9.680928338361035,2.6401
7083,23,225,9.78,11.6,0,corps,9.678088584189558,5.1914
7084,21,151,7.19,10.7,0,corps,9.675250249540259,6.1896
7085,13,108,8.31,7.1,0,corps,9.67241333370355,4.1914
7086,23,263,11.43,11.6,0,corps,9.669577835970204,3.9396
7087,24,254,10.58,12.0,0,corps,9.666743755631348,2.5241
7088,34,326,9.59,16.4,0,corps,9.663911091978457,6.0607
7089,20,186,9.30,10.2,0,corps,9.661079844303371,1.6908
7090,18,177,9.83,9.3,0,corps,9.658250011898277,8.0460
7091,22,202,9.18,11.1,0,corps,9.655421594055714,3.0970
7092,29,254,8.76,14.2,0,corps,9.65259459006858,2.4915
7093,18,182,10.11,9.3,0,corps,9.649768999230119,2.9194
7094,5,60,12.00,3.6,0,corps,9.64694482083394,1.0816
7095,25,265,10.60,12.4,0,corps,9.644122054173998,3.5388
7096,10,89,8.90,5.8,0,corps,9.641300698544594,8.8399
7097,16,154,9.62,8.4,0,corps,9.638480753240398,2.2505
7098,34,287,8.44,16.4,0,corps,9.635662217556417,4.2197
7099,15,135,9.00,8.0,0,corps,9.632845090788022,4.0871
7100,13,128,9.85,7.1,0,corps,9.63002937223093,3.4017
7101,21,165,7.86,10.7,0,corps,9.627215061181206,2.4183
7102,24,251,10.46,12.0,0,corps,9.624402156935279,4.1955
7103,13,131,10.08,7.1,0,corps,9.621590658789922,5.1890
7104,17,155,9.12,8.9,0,corps,9.618780566042256,5.9771
7105,22,238,10.82,11.1,0,corps,9.615971877989763,3.9754
7106,23,208,9.04,11.6,0,corps,9.613164593930268,4.4844
7107,36,346,9.61,17.3,0,corps,9.61035871316195,5.0863
7108,23,194,8.43,11.6,0,corps,9.607554234983343,3.9564
7109,25,252,10.08,12.4,0,corps,9.60475115869332,4.0038
7110,19,140,7.37,9.8,0,corps,9.601949483591115,1.9897
7111,16,151,9.44,8.4,0,corps,9.599149208976316,1.5249
7112,12,111,9.25,6.7,0,corps,9.596350334148843,8.1443
7113,11,97,8.82,6.2,0,corps,9.593552858408982,4.2812
7114,18,168,9.33,9.3,0,corps,9.590756781057369,3.7274
7115,25,221,8.84,12.4,0,corps,9.587962101394979,3.3435
7116,16,142,8.88,8.4,0,corps,9.585168818723142,8.8512
7117,23,208,9.04,11.6,0,corps,9.58237693234354,3.2715
7118,9,98,10.89,5.3,0,corps,9.579586441558199,5.4328
7119,11,84,7.64,6.2,0,corps,9.5767973456695,2.3040
7120,41,404,9.85,19.6,0,corps,9.574009643980164,5.9174
7121,17,152,8.94,8.9,0,corps,9.571223335793267,3.3855
7122,23,224,9.74,11.6,0,corps,9.568438420412235,3.9686
7123,8,65,8.12,4.9,0,corps,9.565654897140838,8.1109
7124,21,174,8.29,10.7,0,corps,9.562872765283194,3.1036
7125,19,166,8.74,9.8,0,corps,9.560092024143769,2.9265
7126,15,165,11.00,8.0,0,corps,9.557312673027377,2.1929
7127,15,140,9.33,8.0,0,corps,9.554534711239187,1.3910
7128,34,309,9.09,16.4,0,corps,9.5517581380847,2.4216
7129,23,211,9.17,11.6,0,corps,9.54898295286978,4.3381
7130,12,94,7.83,6.7,0,corps,9.546209154900623,2.3690
7131,21,232,11.05,10.7,0,corps,9.543436743483785,4.9231
7132,35,318,9.09,16.9,0,corps,9.540665717926164,2.4171
7133,12,122,10.17,6.7,0,corps,9.537896077534999,4.3851
7134,20,144,7.20,10.2,0,corps,9.53512782161788,4.9504
7135,2,17,8.50,2.2,0,corps,9.53236094948275,0.9523
7136,12,111,9.25,6.7,0,corps,9.529595460437884,1.8841
7137,15,140,9.33,8.0,0,corps,9.526831353791913,1.2093
7138,10,92,9.20,5.8,0,corps,9.524068628853808,1.2174
7139,13,100,7.69,7.1,0,corps,9.521307284932888,5.9662
7140,18,149,8.28,9.3,0,corps,9.518547321338822,3.3450
7141,14,183,13.07,7.6,0,corps,9.51578873738161,3.5133
7142,22,227,10.32,11.1,0,corps,9.513031532371613,1.5477
7143,8,107,13.38,4.9,0,corps,9.510275705619529,4.5492
7144,14,127,9.07,7.6,0,corps,9.5075212564364,3.8062
7145,17,168,9.88,8.9,0,corps,9.504768184133614,4.0580
7146,16,154,9.62,8.4,0,corps,9.502016488022901,6.4796
7147,7,64,9.14,4.4,0,corps,9.499266167416339,1.3089
7148,30,258,8.60,14.7,0,corps,9.49651722162635,3.6032
7149,25,224,8.96,12.4,0,corps,9.493769649965692,5.9444
7150,21,188,8.95,10.7,0,corps,9.491023451747473,3.1361
7151,32,304,9.50,15.6,0,corps,9.488278626285151,5.9017
7152,23,162,7.04,11.6,0,corps,9.485535172892511,7.7513
7153,16,155,9.69,8.4,0,corps,9.482793090883696,3.4460
7154,18,172,9.56,9.3,0,corps,9.480052379573179,3.3299
7155,26,256,9.85,12.9,0,corps,9.477313038275787,4.6424
7156,29,277,9.55,14.2,0,corps,9.47457506630668,5.4233
7157,24,240,10.00,12.0,0,corps,9.471838462981372,4.4801
7158,13,125,9.62,7.1,0,corps,9.469103227615705,2.5401
7159,3,18,6.00,2.7,0,corps,9.466369359525878,2.0074
7160,16,146,9.12,8.4,0,corps,9.463636858028416,4.2181
7161,31,222,7.16,15.1,0,corps,9.460905722440199,5.8911
7162,29,291,10.03,14.2,0,corps,9.458175952078438,3.3687
7163,17,150,8.82,8.9,0,corps,9.455447546260693,9.9624
7164,12,125,10.42,6.7,0,corps,9.452720504304867,4.6479
7165,29,229,7.90,14.2,0,corps,9.449994825529192,3.6254
7166,9,65,7.22,5.3,0,corps,9.447270509252254,7.8237
7167,30,290,9.67,14.7,0,corps,9.444547554792972,4.7974
7168,27,200,7.41,13.3,0,corps,9.441825961470604,3.9789
7169,24,233,9.71,12.0,0,corps,9.439105728604758,3.6179
7170,24,219,9.12,12.0,0,corps,9.436386855515371,4.4838
7171,17,144,8.47,8.9,0,corps,9.433669341522725,7.2679
7172,10,88,8.80,5.8,0,corps,9.430953185947446,3.3346
7173,4,40,10.00,3.1,0,corps,9.428238388110488,1.4822
7174,27,221,8.19,13.3,0,corps,9.425524947333159,5.3788
7175,17,137,8.06,8.9,0,corps,9.422812862937095,5.4686
7176,28,302,10.79,13.8,0,corps,9.42010213424427,2.3287
7177,9,87,9.67,5.3,0,corps,9.417392760577012,5.0086
7178,12,89,7.42,6.7,0,corps,9.41468474125797,4.4632
7179,33,299,9.06,16.0,0,corps,9.41197807561014,4.7575
7180,14,119,8.50,7.6,0,corps,9.40927276295686,5.5758
7181,20,201,10.05,10.2,0,corps,9.406568802621798,3.4777
7182,41,432,10.54,19.6,0,corps,9.403866193928964,7.6064
7183,24,255,10.62,12.0,0,corps,9.401164936202708,3.4641
7184,42,420,10.00,20.0,0,corps,9.398465028767713,2.6953
7185,13,109,8.38,7.1,0,corps,9.395766470949004,4.6392
7186,19,202,10.63,9.8,0,corps,9.39306926207194,2.5635
7187,10,92,9.20,5.8,0,corps,9.39037340146222,6.7150
7188,40,408,10.20,19.1,0,corps,9.38767888844588,6.8443
7189,22,249,11.32,11.1,0,corps,9.384985722349287,3.4101
7190,11,95,8.64,6.2,0,corps,9.382293902499155,7.1432
7191,20,223,11.15,10.2,0,corps,9.379603428222527,5.6384
7192,18,180,10.00,9.3,0,corps,9.376914298846781,3.0664
7193,24,245,10.21,12.0,0,corps,9.374226513699643,7.6307
7194,13,150,11.54,7.1,0,corps,9.371540072109157,3.7633
7195,19,178,9.37,9.8,0,corps,9.368854973403717,3.5537
7196,22,252,11.45,11.1,0,corps,9.366171216912052,4.2786
7197,31,313,10.10,15.1,0,corps,9.363488801963216,3.3447
7198,28,296,10.57,13.8,0,corps,9.360807727886607,4.1491
7199,35,377,10.77,16.9,0,corps,9.358127994011962,5.2649
7200,22,226,10.27,11.1,0,corps,9.355449599669342,3.8161
7201,15,104,6.93,8.0,0,corps,9.35277254418915,6.2682
7202,26,281,10.81,12.9,0,corps,9.35009682690212,5.2568
7203,15,155,10.33,8.0,0,corps,9.347422447139325,5.6149
7204,25,254,10.16,12.4,0,corps,9.344749404232171,4.1333
7205,25,257,10.28,12.4,0,corps,9.342077697512396,5.8963
7206,21,207,9.86,10.7,0,corps,9.339407326312072,1.2797
7207,19,156,8.21,9.8,0,corps,9.336738289963609,2.2664
7208,28,259,9.25,13.8,0,corps,9.334070587799745,3.3224
7209,19,180,9.47,9.8,0,corps,9.331404219153558,2.8598
7210,23,200,8.70,11.6,0,corps,9.32873918335845,5.5046
7211,17,185,10.88,8.9,0,corps,9.326075479748166,2.8393
7212,12,113,9.42,6.7,0,corps,9.323413107656783,4.3452
7213,22,227,10.32,11.1,0,corps,9.3207520664187,2.7931
7214,29,266,9.17,14.2,0,corps,9.318092355368664,4.2230
7215,25,263,10.52,12.4,0,corps,9.315433973841747,3.1534
7216,21,192,9.14,10.7,0,corps,9.312776921173347,2.5338
7217,6,54,9.00,4.0,0,corps,9.310121196699209,1.5706
7218,29,287,9.90,14.2,0,corps,9.307466799755392,5.5067
7219,28,254,9.07,13.8,0,corps,9.304813729678306,3.9310
7220,29,270,9.31,14.2,0,corps,9.302161985804682,4.7915
7221,17,163,9.59,8.9,0,corps,9.299511567471578,2.7450
7222,27,249,9.22,13.3,0,corps,9.296862474016395,3.5740
7223,22,225,10.23,11.1,0,corps,9.29421470477686,6.0156
7224,14,131,9.36,7.6,0,corps,9.291568259091026,3.6550
7225,10,74,7.40,5.8,0,corps,9.288923136297287,2.3772
7226,19,179,9.42,9.8,0,corps,9.286279335734356,2.9174
7227,23,252,10.96,11.6,0,corps,9.283636856741289,2.5238
7228,18,165,9.17,9.3,0,corps,9.280995698657465,3.1162
7229,24,219,9.12,12.0,0,corps,9.278355860822591,5.9772
7230,26,260,10.00,12.9,0,corps,9.27571734257671,3.0021
7231,9,97,10.78,5.3,0,corps,9.273080143260193,4.4910
7232,20,214,10.70,10.2,0,corps,9.27044426221374,4.3267
7233,36,375,10.42,17.3,0,corps,9.267809698778379,3.0824
7234,8,74,9.25,4.9,0,corps,9.265176452295467,6.1746
7235,3,27,9.00,2.7,0,corps,9.2625445221067,1.9042
7236,35,340,9.71,16.9,0,corps,9.25991390755409,4.6906
7237,28,296,10.57,13.8,0,corps,9.257284607979981,3.9444
7238,19,255,13.42,9.8,0,corps,9.254656622727055,1.3441
7239,21,240,11.43,10.7,0,corps,9.252029951138312,2.4911
7240,17,159,9.35,8.9,0,corps,9.249404592557083,4.9264
7241,13,100,7.69,7.1,0,corps,9.24678054632703,4.9426
7242,20,197,9.85,10.2,0,corps,9.244157811792139,2.6527
7243,24,219,9.12,12.0,0,corps,9.24153638829673,2.9313
7244,14,147,10.50,7.6,0,corps,9.238916275185446,3.4296
7245,29,278,9.59,14.2,0,corps,9.236297471803256,3.7579
7246,27,295,10.93,13.3,0,corps,9.233679977495463,4.3920
7247,15,156,10.40,8.0,0,corps,9.231063791607692,3.1335
7248,18,156,8.67,9.3,0,corps,9.228448913485893,3.2677
7249,24,248,10.33,12.0,0,corps,9.225835342476355,2.9478
7250,42,356,8.48,20.0,0,corps,9.223223077925674,2.9439
7251,24,253,10.54,12.0,0,corps,9.220612119180792,1.5622
7252,26,227,8.73,12.9,0,corps,9.21800246558897,3.3846
7253,19,149,7.84,9.8,0,corps,9.215394116497787,4.0456
7254,12,99,8.25,6.7,0,corps,9.212787071255164,2.9497
7255,27,234,8.67,13.3,0,corps,9.210181329209332,4.0496
7256,12,103,8.58,6.7,0,corps,9.207576889708863,1.6281
7257,18,121,6.72,9.3,0,corps,9.204973752102644,2.3205
7258,33,347,10.52,16.0,0,corps,9.202371915739887,4.6276
7259,28,268,9.57,13.8,0,corps,9.199771379970135,3.7875
7260,18,129,7.17,9.3,0,corps,9.19717214414326,3.4884
7261,23,193,8.39,11.6,0,corps,9.194574207609444,1.6200
7262,15,138,9.20,8.0,0,corps,9.19197756971921,4.8379
7263,26,254,9.77,12.9,0,corps,9.189382229823392,3.6287
7264,32,322,10.06,15.6,0,corps,9.18678818727316,5.4868
7265,29,277,9.55,14.2,0,corps,9.184195441420004,3.0777
7266,31,312,10.06,15.1,0,corps,9.181603991615733,2.8105
7267,24,222,9.25,12.0,0,corps,9.179013837212487,3.5377
7268,27,238,8.81,13.3,0,corps,9.176424977562728,4.1598
7269,29,300,10.34,14.2,0,corps,9.173837412019239,4.2525
7270,39,391,10.03,18.7,0,corps,9.171251139935134,4.8568
7271,22,198,9.00,11.1,0,corps,9.168666160663836,5.9462
7272,11,121,11.00,6.2,0,corps,9.166082473559106,4.1365
7273,34,408,12.00,16.4,0,corps,9.163500077975026,4.1263
7274,23,205,8.91,11.6,0,corps,9.160918973265987,4.9528
7275,19,176,9.26,9.8,0,corps,9.158339158786719,4.0287
7276,21,227,10.81,10.7,0,corps,9.155760633892271,3.1042
7277,33,327,9.91,16.0,0,corps,9.153183397938003,5.3270
7278,30,324,10.80,14.7,0,corps,9.150607450279615,2.1881
7279,22,211,9.59,11.1,0,corps,9.148032790273117,3.5169
7280,32,261,8.16,15.6,0,corps,9.14545941727484,3.9099
7281,33,304,9.21,16.0,0,corps,9.142887330641447,3.6816
7282,23,217,9.43,11.6,0,corps,9.140316529729912,4.2814
7283,26,226,8.69,12.9,0,corps,9.137747013897537,4.3241
7284,28,328,11.71,13.8,0,corps,9.135178782501944,5.2023
7285,9,96,10.67,5.3,0,corps,9.13261183490107,6.2653
7286,28,338,12.07,13.8,0,corps,9.130046170453184,4.8897
7287,34,391,11.50,16.4,0,corps,9.127481788516864,3.4611
7288,31,300,9.68,15.1,0,corps,9.12491868845102,3.5452
7289,24,295,12.29,12.0,0,corps,9.122356869614876,5.3106
7290,23,246,10.70,11.6,0,corps,9.119796331367974,2.8093
7291,34,329,9.68,16.4,0,corps,9.11723707307018,3.7067
7292,21,217,10.33,10.7,0,corps,9.114679094081685,3.5927
7293,18,161,8.94,9.3,0,corps,9.11212239376299,1.8608
7294,21,186,8.86,10.7,0,corps,9.10956697147492,3.4843
7295,17,157,9.24,8.9,0,corps,9.107012826578615,5.1654
7296,26,327,12.58,12.9,0,corps,9.104459958435546,2.8360
7297,9,111,12.33,5.3,0,corps,9.101908366407494,1.3304
7298,16,140,8.75,8.4,0,corps,9.09935804985656,4.0672
7299,11,117,10.64,6.2,0,corps,9.096809008145163,1.4636
7300,24,210,8.75,12.0,0,corps,9.094261240636047,4.3783
7301,28,334,11.93,13.8,0,corps,9.091714746692267,4.4347
7302,19,188,9.89,9.8,0,corps,9.089169525677201,3.1630
7303,35,403,11.51,16.9,0,corps,9.08662557695454,4.4861
7304,33,351,10.64,16.0,0,corps,9.084082899888301,3.5685
7305,17,183,10.76,8.9,0,corps,9.081541493842817,5.1093
7306,16,129,8.06,8.4,0,corps,9.079001358182728,5.7482
7307,21,187,8.90,10.7,0,corps,9.076462492273007,6.2176
7308,21,191,9.10,10.7,0,corps,9.073924895478939,3.4707
7309,28,257,9.18,13.8,0,corps,9.071388567166116,5.3280
7310,19,206,10.84,9.8,0,corps,9.068853506700464,3.2856
7311,17,169,9.94,8.9,0,corps,9.066319713448214,3.5193
7312,38,385,10.13,18.2,0,corps,9.063787186775919,3.9386
7313,23,192,8.35,11.6,0,corps,9.061255926050446,3.1711
7314,13,110,8.46,7.1,0,corps,9.058725930638982,5.1831
7315,30,231,7.70,14.7,0,corps,9.056197199909025,3.2033
7316,9,62,6.89,5.3,0,corps,9.0536697332284,9.1236
7317,11,74,6.73,6.2,0,corps,9.051143529965227,8.1815
7318,4,45,11.25,3.1,0,corps,9.048618589487969,1.4027
7319,16,163,10.19,8.4,0,corps,9.046094911165381,3.4208
7320,30,241,8.03,14.7,0,corps,9.043572494366547,1.9613
7321,14,131,9.36,7.6,0,corps,9.041051338460868,4.9107
7322,26,266,10.23,12.9,0,corps,9.038531442818044,3.7260
7323,33,391,11.85,16.0,0,corps,9.036012806808108,3.8585
7324,38,406,10.68,18.2,0,corps,9.033495429801402,4.4155
7325,24,246,10.25,12.0,0,corps,9.03097931116858,5.5213
7326,13,169,13.00,7.1,0,corps,9.02846445028061,4.9847
7327,26,241,9.27,12.9,0,corps,9.02595084650878,2.9892
7328,18,177,9.83,9.3,0,corps,9.023438499224687,5.9811
7329,25,288,11.52,12.4,0,corps,9.020927407800244,3.7502
7330,22,212,9.64,11.1,0,corps,9.018417571607682,5.0384
7331,22,230,10.45,11.1,0,corps,9.015908990019536,4.3794
7332,20,198,9.90,10.2,0,corps,9.013401662408665,1.8984
7333,24,194,8.08,12.0,0,corps,9.010895588148236,1.8772
7334,26,327,12.58,12.9,0,corps,9.00839076661173,5.3422
7335,25,212,8.48,12.4,0,corps,9.00588719717294,5.4185
7336,34,309,9.09,16.4,0,corps,9.003384879205978,3.4225
7337,29,262,9.03,14.2,0,corps,9.000883812085261,3.6709
7338,28,221,7.89,13.8,0,corps,8.998383995185524,1.9819
7339,17,139,8.18,8.9,0,corps,8.995885427881808,4.8530
7340,24,234,9.75,12.0,0,corps,8.99338810954948,3.3903
7341,20,179,8.95,10.2,0,corps,8.990892039564201,3.7911
7342,26,253,9.73,12.9,0,corps,8.988397217301962,4.4035
7343,12,110,9.17,6.7,0,corps,8.985903642139052,5.1236
7344,9,85,9.44,5.3,0,corps,8.983411313452075,5.1978
7345,32,311,9.72,15.6,0,corps,8.980920230617956,4.4302
7346,28,260,9.29,13.8,0,corps,8.97843039301392,4.3896
7347,17,160,9.41,8.9,0,corps,8.975941800017505,4.4347
7348,32,343,10.72,15.6,0,corps,8.973454451006571,4.2715
7349,38,387,10.18,18.2,0,corps,8.970968345359273,2.2003
7350,26,238,9.15,12.9,0,corps,8.96848348245409,2.4644
7351,16,164,10.25,8.4,0,corps,8.965999861669799,3.3969
7352,44,463,10.52,20.9,0,corps,8.963517482385502,5.1716
7353,40,436,10.90,19.1,0,corps,8.961036343980602,3.5946
7354,16,148,9.25,8.4,0,corps,8.958556445834812,5.2612
7355,29,302,10.41,14.2,0,corps,8.956077787328159,4.0370
7356,13,124,9.54,7.1,0,corps,8.95360036784098,1.7307
7357,24,234,9.75,12.0,0,corps,8.951124186753917,1.5322
7358,13,140,10.77,7.1,0,corps,8.94864924344793,4.9243
7359,25,244,9.76,12.4,0,corps,8.946175537304276,2.6627
7360,29,246,8.48,14.2,0,corps,8.943703067704533,3.0554
7361,29,272,9.38,14.2,0,corps,8.941231834030585,5.1515
7362,6,53,8.83,4.0,0,corps,8.938761835664618,1.4008
7363,35,475,13.57,16.9,0,corps,8.936293071989137,4.3581
7364,7,62,8.86,4.4,0,corps,8.93382554238695,8.7841
7365,39,520,13.33,18.7,0,corps,8.931359246241174,3.3025
7366,32,322,10.06,15.6,0,corps,8.928894182935238,1.8383
7367,20,212,10.60,10.2,0,corps,8.926430351852868,2.6183
7368,28,288,10.29,13.8,0,corps,8.923967752378115,1.4331
7369,21,214,10.19,10.7,0,corps,8.921506383895327,3.9892
7370,29,369,12.72,14.2,0,corps,8.919046245789158,2.2268
7371,33,329,9.97,16.0,0,corps,8.916587337444575,2.5330
7372,21,240,11.43,10.7,0,corps,8.914129658246855,2.2059
7373,28,276,9.86,13.8,0,corps,8.911673207581575,3.3541
7374,19,176,9.26,9.8,0,corps,8.909217984834623,4.8608
7375,27,300,11.11,13.3,0,corps,8.90676398939219,3.4639
7376,26,260,10.00,12.9,0,corps,8.904311220640778,4.9749
7377,18,245,13.61,9.3,0,corps,8.901859677967202,2.3668
7378,40,431,10.78,19.1,0,corps,8.899409360758568,5.6851
7379,30,328,10.93,14.7,0,corps,8.896960268402301,2.6729
7380,18,166,9.22,9.3,0,corps,8.894512400286125,3.2446
7381,24,274,11.42,12.0,0,corps,8.892065755798075,1.8832
7382,21,181,8.62,10.7,0,corps,8.889620334326493,3.9011
7383,27,276,10.22,13.3,0,corps,8.887176135260017,2.0796
7384,30,324,10.80,14.7,0,corps,8.884733157987599,5.5382
7385,19,166,8.74,9.8,0,corps,8.882291401898499,3.1783
7386,30,296,9.87,14.7,0,corps,8.879850866382272,4.0534
7387,28,383,13.68,13.8,0,corps,8.87741155082879,3.5661
7388,35,348,9.94,16.9,0,corps,8.874973454628218,4.8111
7389,25,224,8.96,12.4,0,corps,8.872536577171036,1.9300
7390,35,401,11.46,16.9,0,corps,8.870100917848026,3.6937
7391,16,194,12.12,8.4,0,corps,8.867666476050267,1.3619
7392,28,337,12.04,13.8,0,corps,8.865233251169153,3.1177
7393,8,99,12.38,4.9,0,corps,8.862801242596381,4.7656
7394,24,262,10.92,12.0,0,corps,8.860370449723941,3.9105
7395,38,436,11.47,18.2,0,corps,8.857940871944143,3.0438
7396,16,159,9.94,8.4,0,corps,8.855512508649584,6.1398
7397,26,388,14.92,12.9,0,corps,8.853085359233178,1.3777
7398,19,194,10.21,9.8,0,corps,8.850659423088139,4.4632
7399,10,110,11.00,5.8,0,corps,8.848234699607978,4.6391
7400,39,447,11.46,18.7,0,corps,8.84581118818652,4.1570
7401,42,509,12.12,20.0,0,corps,8.843388888217884,3.3563
7402,15,161,10.73,8.0,0,corps,8.840967799096495,1.2898
7403,27,275,10.19,13.3,0,corps,8.838547920217083,2.0324
7404,29,274,9.45,14.2,0,corps,8.836129250974672,3.9172
7405,19,200,10.53,9.8,0,corps,8.833711790764601,3.8144
7406,12,120,10.00,6.7,0,corps,8.831295538982504,4.6119
7407,20,164,8.20,10.2,0,corps,8.828880495024313,3.0481
7408,30,305,10.17,14.7,0,corps,8.826466658286275,3.7968
7409,27,298,11.04,13.3,0,corps,8.824054028164925,2.6893
7410,17,210,12.35,8.9,0,corps,8.821642604057107,1.2463
7411,35,337,9.63,16.9,0,corps,8.819232385359967,2.6863
7412,17,147,8.65,8.9,0,corps,8.816823371470948,1.8865
7413,23,217,9.43,11.6,0,corps,8.814415561787795,1.5075
7414,18,170,9.44,9.3,0,corps,8.812008955708558,2.5635
7415,30,317,10.57,14.7,0,corps,8.809603552631586,2.5327
7416,19,156,8.21,9.8,0,corps,8.807199351955525,1.6702
7417,13,136,10.46,7.1,0,corps,8.80479635307933,2.7018
7418,37,367,9.92,17.8,0,corps,8.802394555402246,3.2993
7419,24,237,9.88,12.0,0,corps,8.79999395832383,1.7264
7420,20,229,11.45,10.2,0,corps,8.797594561243924,1.9019
7421,26,257,9.88,12.9,0,corps,8.795196363562683,4.0521
7422,28,303,10.82,13.8,0,corps,8.792799364680562,4.1255
7423,16,151,9.44,8.4,0,corps,8.790403563998304,2.6951
7424,17,141,8.29,8.9,0,corps,8.788008960916963,3.7412
7425,19,163,8.58,9.8,0,corps,8.785615554837886,3.0927
7426,37,452,12.22,17.8,0,corps,8.783223345162725,3.3454
7427,26,312,12.00,12.9,0,corps,8.780832331293423,2.5547
7428,16,196,12.25,8.4,0,corps,8.778442512632228,2.7643
7429,13,139,10.69,7.1,0,corps,8.776053888581687,4.5862
7430,16,163,10.19,8.4,0,corps,8.773666458544646,1.8606
7431,17,142,8.35,8.9,0,corps,8.771280221924242,6.6068
7432,26,267,10.27,12.9,0,corps,8.768895178123918,3.6708
7433,17,187,11.00,8.9,0,corps,8.766511326547413,2.1402
7434,28,289,10.32,13.8,0,corps,8.764128666598765,3.0117
7435,20,197,9.85,10.2,0,corps,8.76174719768231,2.5224
7436,36,338,9.39,17.3,0,corps,8.759366919202677,5.5999
7437,15,151,10.07,8.0,0,corps,8.7569878305648,4.5467
7438,23,291,12.65,11.6,0,corps,8.754609931173905,1.9537
7439,31,331,10.68,15.1,0,corps,8.752233220435517,2.7814
7440,26,330,12.69,12.9,0,corps,8.74985769775546,2.5077
7441,30,338,11.27,14.7,0,corps,8.747483362539851,3.6206
7442,18,149,8.28,9.3,0,corps,8.745110214195106,3.6350
7443,34,331,9.74,16.4,0,corps,8.742738252127943,2.3967
7444,23,243,10.57,11.6,0,corps,8.740367475745366,1.9052
7445,21,161,7.67,10.7,0,corps,8.737997884454682,7.0320
7446,18,157,8.72,9.3,0,corps,8.735629477663496,3.1383
7447,37,368,9.95,17.8,0,corps,8.7332622547797,2.6158
7448,39,392,10.05,18.7,0,corps,8.730896215211494,3.4203
7449,24,235,9.79,12.0,0,corps,8.72853135836737,4.4436
7450,9,66,7.33,5.3,0,corps,8.726167683656104,1.7185
7451,16,132,8.25,8.4,0,corps,8.72380519048679,4.3722
7452,26,287,11.04,12.9,0,corps,8.721443878268795,2.9744
7453,14,124,8.86,7.6,0,corps,8.719083746411794,2.7173
7454,25,241,9.64,12.4,0,corps,8.716724794325753,2.9970
7455,15,131,8.73,8.0,0,corps,8.714367021420937,5.8765
7456,8,71,8.88,4.9,0,corps,8.7120104271079,5.8706
7457,31,345,11.13,15.1,0,corps,8.709655010797496,2.0953
7458,28,284,10.14,13.8,0,corps,8.707300771900867,3.0278
7459,21,169,8.05,10.7,0,corps,8.704947709829458,1.7889
7460,25,236,9.44,12.4,0,corps,8.702595823994999,1.9007
7461,18,143,7.94,9.3,0,corps,8.700245113809519,3.9267
7462,23,251,10.91,11.6,0,corps,8.697895578685348,2.1539
7463,25,242,9.68,12.4,0,corps,8.69554721803509,2.1284
7464,40,354,8.85,19.1,0,corps,8.693200031271662,3.1040
7465,33,289,8.76,16.0,0,corps,8.690854017808268,3.6557
7466,29,416,14.34,14.2,0,corps,8.688509177058402,3.0879
7467,22,230,10.45,11.1,0,corps,8.686165508435856,2.2528
7468,13,93,7.15,7.1,0,corps,8.68382301135471,6.0624
7469,34,330,9.71,16.4,0,corps,8.68148168522934,4.3206
7470,26,310,11.92,12.9,0,corps,8.679141529474418,2.4245
7471,6,45,7.50,4.0,0,corps,8.676802543504902,1.3964
7472,14,167,11.93,7.6,0,corps,8.674464726736044,3.1350
7473,32,315,9.84,15.6,0,corps,8.672128078583397,2.6140
7474,18,170,9.44,9.3,0,corps,8.66979259846279,2.6458
7475,23,220,9.57,11.6,0,corps,8.66745828579036,3.8501
7476,14,140,10.00,7.6,0,corps,8.665125139982525,5.6469
7477,22,217,9.86,11.1,0,corps,8.662793160455994,4.5552
7478,13,112,8.62,7.1,0,corps,8.660462346627785,4.8581
7479,19,168,8.84,9.8,0,corps,8.658132697915184,3.6780
7480,17,189,11.12,8.9,0,corps,8.65580421373578,2.6032
7481,18,204,11.33,9.3,0,corps,8.653476893507456,2.5294
7482,11,89,8.09,6.2,0,corps,8.651150736648377,6.5561
7483,10,94,9.40,5.8,0,corps,8.64882574257701,2.6413
7484,33,385,11.67,16.0,0,corps,8.6465019107121,4.7048
7485,20,224,11.20,10.2,0,corps,8.64417924047269,2.6703
7486,20,249,12.45,10.2,0,corps,8.64185773127812,4.7522
7487,19,213,11.21,9.8,0,corps,8.639537382548003,4.4524
7488,33,328,9.94,16.0,0,corps,8.637218193702257,5.1738
7489,30,280,9.33,14.7,0,corps,8.634900164161085,2.9827
7490,19,161,8.47,9.8,0,corps,8.632583293344975,3.8930
7491,19,183,9.63,9.8,0,corps,8.630267580674717,2.6765
7492,14,142,10.14,7.6,0,corps,8.627953025571372,3.9981
7493,35,367,10.49,16.9,0,corps,8.62563962745631,2.8163
7494,36,443,12.31,17.3,0,corps,8.623327385751182,5.3787
7495,33,291,8.82,16.0,0,corps,8.621016299877923,3.9194
7496,21,178,8.48,10.7,0,corps,8.61870636925876,3.8237
7497,23,225,9.78,11.6,0,corps,8.616397593316217,2.4701
7498,32,262,8.19,15.6,0,corps,8.614089971473096,2.4763
7499,18,194,10.78,9.3,0,corps,8.611783503152491,5.3954
7500,32,281,8.78,15.6,0,corps,8.609478187777786,2.8853
7501,15,134,8.93,8.0,0,corps,8.60717402477265,4.0127
7502,14,140,10.00,7.6,0,corps,8.604871013561047,2.7634
7503,19,201,10.58,9.8,0,corps,8.602569153567218,4.0148
7504,10,93,9.30,5.8,0,corps,8.600268444215708,3.4156
7505,21,200,9.52,10.7,0,corps,8.597968884931326,3.0441
7506,38,324,8.53,18.2,0,corps,8.595670475139192,2.7043
7507,21,166,7.90,10.7,0,corps,8.593373214264702,6.5990
7508,16,130,8.12,8.4,0,corps,8.591077101733537,4.6478
7509,29,231,7.97,14.2,0,corps,8.588782136971671,3.3196
7510,29,280,9.66,14.2,0,corps,8.586488319405367,5.0826
7511,23,241,10.48,11.6,0,corps,8.584195648461163,2.3054
7512,20,178,8.90,10.2,0,corps,8.581904123565899,2.6159
7513,10,82,8.20,5.8,0,corps,8.579613744146686,1.6555
7514,38,379,9.97,18.2,0,corps,8.577324509630932,4.4315
7515,17,174,10.24,8.9,0,corps,8.575036419446333,6.0332
7516,16,168,10.50,8.4,0,corps,8.57274947302086,4.2353
7517,14,120,8.57,7.6,0,corps,8.570463669782779,2.1533
7518,40,436,10.90,19.1,0,corps,8.568179009160643,3.9065
7519,17,156,9.18,8.9,0,corps,8.565895490583278,1.6319
7520,25,228,9.12,12.4,0,corps,8.563613113479814,3.9072
7521,18,161,8.94,9.3,0,corps,8.561331877279649,4.7757
7522,37,394,10.65,17.8,0,corps,8.559051781412478,2.9236
7523,29,289,9.97,14.2,0,corps,8.556772825308276,3.3522
7524,48,497,10.35,22.7,0,corps,8.554495008397303,4.1669
7525,15,168,11.20,8.0,0,corps,8.552218330110106,4.2875
7526,19,185,9.74,9.8,0,corps,8.549942789877518,2.1459
7527,28,259,9.25,13.8,0,corps,8.54766838713065,3.3543
7528,20,216,10.80,10.2,0,corps,8.545395121300903,3.2903
7529,36,375,10.42,17.3,0,corps,8.543122991819956,3.7986
7530,15,155,10.33,8.0,0,corps,8.540851998119784,2.5465
7531,27,312,11.56,13.3,0,corps,8.538582139632636,2.3671
7532,33,347,10.52,16.0,0,corps,8.536313415791044,1.9206
7533,20,164,8.20,10.2,0,corps,8.53404582602783,4.2214
7534,23,285,12.39,11.6,0,corps,8.531779369776098,2.3198
7535,21,238,11.33,10.7,0,corps,8.529514046469231,3.5266
7536,16,116,7.25,8.4,0,corps,8.5272498555409,5.2254
7537,19,170,8.95,9.8,0,corps,8.524986796425054,3.0935
7538,19,197,10.37,9.8,0,corps,8.522724868555931,2.5473
7539,24,212,8.83,12.0,0,corps,8.520464071368053,4.0246
7540,16,138,8.62,8.4,0,corps,8.518204404296212,3.7952
7541,13,126,9.69,7.1,0,corps,8.515945866775496,3.6180
7542,10,102,10.20,5.8,0,corps,8.513688458241273,4.2211
7543,14,134,9.57,7.6,0,corps,8.511432178129184,2.6779
7544,18,145,8.06,9.3,0,corps,8.509177025875166,3.5396
7545,12,123,10.25,6.7,0,corps,8.506923000915428,2.1827
7546,26,225,8.65,12.9,0,corps,8.504670102686463,2.1405
7547,15,138,9.20,8.0,0,corps,8.502418330625048,3.9819
7548,17,146,8.59,8.9,0,corps,8.500167684168236,5.7058
7549,20,184,9.20,10.2,0,corps,8.49791816275337,3.5778
7550,26,240,9.23,12.9,0,corps,8.49566976581807,2.0494
7551,37,354,9.57,17.8,0,corps,8.493422492800233,5.0806
7552,25,217,8.68,12.4,0,corps,8.491176343138045,6.3474
7553,36,382,10.61,17.3,0,corps,8.488931316269964,3.8482
7554,26,266,10.23,12.9,0,corps,8.486687411634735,3.1077
7555,41,361,8.80,19.6,0,corps,8.484444628671383,2.2905
7556,13,118,9.08,7.1,0,corps,8.48220296681921,1.1989
7557,19,179,9.42,9.8,0,corps,8.479962425517803,2.4387
7558,24,251,10.46,12.0,0,corps,8.47772300420703,2.6127
7559,3,28,9.33,2.7,0,corps,8.475484702327027,2.0374
7560,20,161,8.05,10.2,0,corps,8.473247519318225,3.3119
7561,23,199,8.65,11.6,0,corps,8.471011454621324,3.7347
7562,33,321,9.73,16.0,0,corps,8.468776507677308,2.8372
7563,14,152,10.86,7.6,0,corps,8.466542677927446,3.5449
7564,35,306,8.74,16.9,0,corps,8.464309964813276,3.3623
7565,20,196,9.80,10.2,0,corps,8.46207836777662,3.8487
7566,14,129,9.21,7.6,0,corps,8.459847886259581,2.8025
7567,26,258,9.92,12.9,0,corps,8.457618519704534,3.0367
7568,20,192,9.60,10.2,0,corps,8.455390267554142,4.6750
7569,25,207,8.28,12.4,0,corps,8.453163129251339,2.6403
7570,31,284,9.16,15.1,0,corps,8.45093710423934,3.2805
7571,23,170,7.39,11.6,0,corps,8.448712191961643,5.2145
7572,34,343,10.09,16.4,0,corps,8.446488391862017,1.3585
7573,38,397,10.45,18.2,0,corps,8.44426570338451,4.7760
7574,24,267,11.12,12.0,0,corps,8.442044125973455,2.7294
7575,20,154,7.70,10.2,0,corps,8.439823659073454,1.6427
7576,30,455,15.17,14.7,0,corps,8.43760430212939,3.6050
7577,19,239,12.58,9.8,0,corps,8.435386054586424,3.6169
7578,12,103,8.58,6.7,0,corps,8.433168915889993,1.8160
7579,25,281,11.24,12.4,0,corps,8.430952885485818,3.9565
7580,28,268,9.57,13.8,0,corps,8.428737962819884,1.4675
7581,28,287,10.25,13.8,0,corps,8.426524147338466,3.1908
7582,12,121,10.08,6.7,0,corps,8.424311438488107,2.7890
7583,10,122,12.20,5.8,0,corps,8.422099835715633,2.9420
7584,19,204,10.74,9.8,0,corps,8.41988933846814,1.4366
7585,44,503,11.43,20.9,0,corps,8.417679946193001,3.4925
7586,12,112,9.33,6.7,0,corps,8.415471658337875,5.7201
7587,47,567,12.06,22.2,0,corps,8.413264474350687,3.0103
7588,55,655,11.91,25.8,0,corps,8.411058393679639,4.8564
7589,24,257,10.71,12.0,0,corps,8.408853415773212,2.7646
7590,26,293,11.27,12.9,0,corps,8.406649540080164,3.4027
7591,29,304,10.48,14.2,0,corps,8.404446766049523,5.2862
7592,14,174,12.43,7.6,0,corps,8.402245093130595,1.2678
7593,26,247,9.50,12.9,0,corps,8.400044520772965,1.6810
7594,26,249,9.58,12.9,0,corps,8.397845048426486,2.9793
7595,14,133,9.50,7.6,0,corps,8.395646675541297,2.0859
7596,28,265,9.46,13.8,0,corps,8.393449401567793,4.4021
7597,31,338,10.90,15.1,0,corps,8.391253225956666,4.5553
7598,35,386,11.03,16.9,0,corps,8.389058148158869,3.8476
7599,24,186,7.75,12.0,0,corps,8.38686416762563,1.7515
7600,15,133,8.87,8.0,0,corps,8.384671283808458,5.4953
7601,19,197,10.37,9.8,0,corps,8.382479496159128,1.6838
7602,22,197,8.95,11.1,0,corps,8.380288804129693,4.2008
7603,8,84,10.50,4.9,0,corps,8.378099207172486,5.1503
7604,19,155,8.16,9.8,0,corps,8.3759107047401,2.0753
7605,22,239,10.86,11.1,0,corps,8.373723296285416,2.7930
7606,15,138,9.20,8.0,0,corps,8.371536981261576,1.7284
7607,11,84,7.64,6.2,0,corps,8.369351759122006,4.8000
7608,19,186,9.79,9.8,0,corps,8.367167629320399,4.6401
7609,39,368,9.44,18.7,0,corps,8.364984591310721,2.6592
7610,8,60,7.50,4.9,0,corps,8.362802644547212,5.8246
7611,33,330,10.00,16.0,0,corps,8.36062178848439,5.1066
7612,21,186,8.86,10.7,0,corps,8.358442022577037,1.9844
7613,33,325,9.85,16.0,0,corps,8.35626334628021,4.2078
7614,23,218,9.48,11.6,0,corps,8.354085759049246,2.9929
7615,12,82,6.83,6.7,0,corps,8.351909260339742,1.9137
7616,24,227,9.46,12.0,0,corps,8.349733849607578,3.6130
7617,11,118,10.73,6.2,0,corps,8.347559526308896,2.7941
7618,16,145,9.06,8.4,0,corps,8.345386289900118,2.8596
7619,5,52,10.40,3.6,0,corps,8.343214139837936,2.2575
7620,29,288,9.93,14.2,0,corps,8.341043075579313,4.8184
7621,4,54,13.50,3.1,0,corps,8.338873096581482,1.0296
7622,19,184,9.68,9.8,0,corps,8.336704202301947,3.8429
7623,27,222,8.22,13.3,0,corps,8.334536392198483,4.8124
7624,26,259,9.96,12.9,0,corps,8.332369665729141,3.7484
7625,11,119,10.82,6.2,0,corps,8.33020402235224,1.1205
7626,31,275,8.87,15.1,0,corps,8.328039461526364,2.6603
7627,18,156,8.67,9.3,0,corps,8.325875982710379,4.1821
7628,29,331,11.41,14.2,0,corps,8.323713585363409,2.6626
7629,28,330,11.79,13.8,0,corps,8.32155226894486,2.9560
7630,10,91,9.10,5.8,0,corps,8.319392032914399,1.3171
7631,31,307,9.90,15.1,0,corps,8.31723287673197,5.3392
7632,20,231,11.55,10.2,0,corps,8.315074799857785,3.5936
7633,27,289,10.70,13.3,0,corps,8.312917801752317,4.6835
7634,24,180,7.50,12.0,0,corps,8.310761881876324,2.4842
7635,37,353,9.54,17.8,0,corps,8.308607039690827,3.3403
7636,27,309,11.44,13.3,0,corps,8.306453274657109,2.0574
7637,8,80,10.00,4.9,0,corps,8.304300586236735,9.1006
7638,20,185,9.25,10.2,0,corps,8.302148973891526,3.9161
7639,25,260,10.40,12.4,0,corps,8.299998437083586,2.8389
7640,14,145,10.36,7.6,0,corps,8.297848975275278,1.5877
7641,27,232,8.59,13.3,0,corps,8.295700587929232,5.4173
7642,36,349,9.69,17.3,0,corps,8.293553274508358,3.8152
7643,23,179,7.78,11.6,0,corps,8.291407034475828,3.6859
7644,24,265,11.04,12.0,0,corps,8.289261867295075,2.4910
7645,12,123,10.25,6.7,0,corps,8.287117772429815,2.0779
7646,35,372,10.63,16.9,0,corps,8.284974749344014,2.8607
7647,18,199,11.06,9.3,0,corps,8.282832797501928,3.1143
7648,24,203,8.46,12.0,0,corps,8.280691916368063,4.3787
7649,31,278,8.97,15.1,0,corps,8.278552105407197,3.1815
7650,12,85,7.08,6.7,0,corps,8.276413364084382,9.6264
7651,16,151,9.44,8.4,0,corps,8.27427569186493,2.6705
7652,33,316,9.58,16.0,0,corps,8.272139088214422,3.3991
7653,29,238,8.21,14.2,0,corps,8.27000355259871,4.8889
7654,17,149,8.76,8.9,0,corps,8.267869084483907,5.2903
7655,19,190,10.00,9.8,0,corps,8.265735683336398,3.1900
7656,28,257,9.18,13.8,0,corps,8.263603348622832,4.4879
7657,21,194,9.24,10.7,0,corps,8.261472079810126,3.7743
7658,24,246,10.25,12.0,0,corps,8.25934187636546,4.6354
7659,16,170,10.62,8.4,0,corps,8.257212737756287,3.6031
7660,8,75,9.38,4.9,0,corps,8.25508466345032,7.5733
7661,11,144,13.09,6.2,0,corps,8.252957652915542,3.1229
7662,25,297,11.88,12.4,0,corps,8.250831705620199,2.0682
7663,14,125,8.93,7.6,0,corps,8.248706821032803,2.6373
7664,14,140,10.00,7.6,0,corps,8.246582998622138,3.1161
7665,12,125,10.42,6.7,0,corps,8.24446023785724,5.2589
7666,21,181,8.62,10.7,0,corps,8.242338538207425,1.4310
7667,5,45,9.00,3.6,0,corps,8.24021789914227,1.1927
7668,21,184,8.76,10.7,0,corps,8.238098320131607,2.5111
7669,18,143,7.94,9.3,0,corps,8.235979800645552,4.8976
7670,40,404,10.10,19.1,0,corps,8.233862340154463,3.8215
7671,21,186,8.86,10.7,0,corps,8.231745938128984,2.9615
7672,24,241,10.04,12.0,0,corps,8.229630594040014,1.9003
7673,33,324,9.82,16.0,0,corps,8.227516307358709,3.8118
7674,17,172,10.12,8.9,0,corps,8.225403077556507,2.7628
7675,16,148,9.25,8.4,0,corps,8.223290904105095,2.4846
7676,10,85,8.50,5.8,0,corps,8.22117978647643,4.4386
7677,31,308,9.94,15.1,0,corps,8.219069724142736,3.8497
7678,26,257,9.88,12.9,0,corps,8.216960716576494,1.5121
7679,14,101,7.21,7.6,0,corps,8.214852763250452,1.6004
7680,25,236,9.44,12.4,0,corps,8.212745863637624,1.2965
7681,18,143,7.94,9.3,0,corps,8.210640017211283,3.2876
7682,14,101,7.21,7.6,0,corps,8.208535223444969,4.8496
7683,26,212,8.15,12.9,0,corps,8.206431481812483,4.4443
7684,20,169,8.45,10.2,0,corps,8.204328791787887,5.6408
7685,14,102,7.29,7.6,0,corps,8.202227152845516,6.6442
7686,30,306,10.20,14.7,0,corps,8.20012656445995,3.1975
7687,25,232,9.28,12.4,0,corps,8.198027026106049,3.7766
7688,36,306,8.50,17.3,0,corps,8.195928537258927,3.3878
7689,26,239,9.19,12.9,0,corps,8.19383109739396,2.4162
7690,22,175,7.95,11.1,0,corps,8.19173470598679,4.3196
7691,23,207,9.00,11.6,0,corps,8.189639362513319,6.1741
7692,25,334,13.36,12.4,0,corps,8.187545066449708,3.0029
7693,10,91,9.10,5.8,0,corps,8.185451817272387,5.5390
7694,20,222,11.10,10.2,0,corps,8.183359614458043,4.2705
7695,20,219,10.95,10.2,0,corps,8.181268457483622,2.4682
7696,9,80,8.89,5.3,0,corps,8.17917834582634,1.6471
7697,33,350,10.61,16.0,0,corps,8.177089278963665,3.3744
7698,25,216,8.64,12.4,0,corps,8.17500125637333,3.6779
7699,36,376,10.44,17.3,0,corps,8.172914277533334,3.3861
7700,10,89,8.90,5.8,0,corps,8.170828341921926,5.0370
7701,20,226,11.30,10.2,0,corps,8.168743449017626,1.1875
7702,11,127,11.55,6.2,0,corps,8.16665959829921,1.1774
7703,19,177,9.32,9.8,0,corps,8.164576789245714,1.1015
7704,30,259,8.63,14.7,0,corps,8.162495021336442,3.3804
7705,28,313,11.18,13.8,0,corps,8.160414294050941,3.9762
7706,31,388,12.52,15.1,0,corps,8.158334606869039,3.3184
7707,29,359,12.38,14.2,0,corps,8.15625595927081,2.4265
7708,14,162,11.57,7.6,0,corps,8.15417835073659,3.7689
7709,13,130,10.00,7.1,0,corps,8.152101780746984,4.6201
7710,30,257,8.57,14.7,0,corps,8.15002624878284,1.3920
7711,11,118,10.73,6.2,0,corps,8.14795175432528,3.5439
7712,22,213,9.68,11.1,0,corps,8.145878296855683,5.0186
7713,28,219,7.82,13.8,0,corps,8.14380587585568,2.8993
7714,19,184,9.68,9.8,0,corps,8.141734490807167,4.5594
7715,22,157,7.14,11.1,0,corps,8.139664141192302,4.3626
7716,20,171,8.55,10.2,0,corps,8.13759482649349,2.1124
7717,23,203,8.83,11.6,0,corps,8.13552654619341,3.5529
7718,13,134,10.31,7.1,0,corps,8.133459299774984,5.4297
7719,30,300,10.00,14.7,0,corps,8.131393086721406,3.3505
7720,9,74,8.22,5.3,0,corps,8.12932790651612,6.4633
7721,12,139,11.58,6.7,0,corps,8.127263758642833,3.5809
7722,27,222,8.22,13.3,0,corps,8.125200642585508,1.5704
7723,33,350,10.61,16.0,0,corps,8.123138557828364,4.7070
7724,15,134,8.93,8.0,0,corps,8.121077503855883,4.2329
7725,35,338,9.66,16.9,0,corps,8.119017480152799,5.3543
7726,38,345,9.08,18.2,0,corps,8.116958486204103,2.8927
7727,12,119,9.92,6.7,0,corps,8.114900521495052,3.7255
7728,21,177,8.43,10.7,0,corps,8.112843585511156,3.9532
7729,35,301,8.60,16.9,0,corps,8.110787677738173,2.9972
7730,20,195,9.75,10.2,0,corps,8.108732797662132,4.0205
7731,22,218,9.91,11.1,0,corps,8.106678944769314,3.0396
7732,13,108,8.31,7.1,0,corps,8.104626118546252,5.3016
7733,9,85,9.44,5.3,0,corps,8.102574318479743,2.0266
7734,14,148,10.57,7.6,0,corps,8.10052354405683,3.7295
7735,13,102,7.85,7.1,0,corps,8.09847379476483,6.1498
7736,24,183,7.62,12.0,0,corps,8.096425070091298,2.8932
7737,14,134,9.57,7.6,0,corps,8.094377369524054,1.8807
7738,36,436,12.11,17.3,0,corps,8.092330692551174,6.5754
7739,15,159,10.60,8.0,0,corps,8.090285038660989,1.5791
7740,28,291,10.39,13.8,0,corps,8.088240407342084,4.8907
7741,22,250,11.36,11.1,0,corps,8.086196798083305,5.4000
7742,18,201,11.17,9.3,0,corps,8.084154210373743,3.4294
7743,23,237,10.30,11.6,0,corps,8.082112643702756,2.1773
7744,15,141,9.40,8.0,0,corps,8.080072097559954,3.1081
7745,18,167,9.28,9.3,0,corps,8.078032571435195,1.4525
7746,31,336,10.84,15.1,0,corps,8.075994064818598,2.6384
7747,4,49,12.25,3.1,0,corps,8.073956577200542,1.0123
7748,9,86,9.56,5.3,0,corps,8.071920108071652,5.9660
7749,37,347,9.38,17.8,0,corps,8.069884656922808,3.6408
7750,13,152,11.69,7.1,0,corps,8.067850223245149,1.8296
7751,29,294,10.14,14.2,0,corps,8.06581680653007,2.8928
7752,35,339,9.69,16.9,0,corps,8.063784406269212,4.1531
7753,22,241,10.95,11.1,0,corps,8.061753021954473,3.8972
7754,22,215,9.77,11.1,0,corps,8.059722653078015,2.4952
7755,22,218,9.91,11.1,0,corps,8.057693299132241,2.8474
7756,17,155,9.12,8.9,0,corps,8.055664959609812,3.8601
7757,12,101,8.42,6.7,0,corps,8.053637634003646,2.7530
7758,22,193,8.77,11.1,0,corps,8.05161132180691,2.6655
7759,26,273,10.50,12.9,0,corps,8.049586022513022,1.9910
7760,34,310,9.12,16.4,0,corps,8.047561735615663,4.5259
7761,10,108,10.80,5.8,0,corps,8.045538460608759,1.5171
7762,15,123,8.20,8.0,0,corps,8.043516196986491,6.3566
7763,26,233,8.96,12.9,0,corps,8.041494944243292,3.1261
7764,15,151,10.07,8.0,0,corps,8.03947470187385,2.3668
7765,20,189,9.45,10.2,0,corps,8.037455469373105,6.1863
7766,14,133,9.50,7.6,0,corps,8.03543724623625,3.3200
7767,14,121,8.64,7.6,0,corps,8.033420031958727,4.4929
7768,5,38,7.60,3.6,0,corps,8.031403826036234,1.7485
7769,17,164,9.65,8.9,0,corps,8.029388627964714,2.3018
7770,31,285,9.19,15.1,0,corps,8.027374437240377,4.9503
7771,22,188,8.55,11.1,0,corps,8.025361253359668,2.5842
7772,27,287,10.63,13.3,0,corps,8.023349075819294,5.6878
7773,24,229,9.54,12.0,0,corps,8.02133790411621,3.9053
7774,21,201,9.57,10.7,0,corps,8.019327737747622,3.0784
7775,22,209,9.50,11.1,0,corps,8.017318576210988,2.0489
7776,24,243,10.12,12.0,0,corps,8.015310419004022,2.1023
7777,31,285,9.19,15.1,0,corps,8.01330326562468,3.0694
7778,29,296,10.21,14.2,0,corps,8.011297115571178,3.6333
7779,38,374,9.84,18.2,0,corps,8.009291968341973,3.4644
7780,16,116,7.25,8.4,0,corps,8.00728782343578,4.4012
7781,32,350,10.94,15.6,0,corps,8.005284680351567,5.6258
7782,23,230,10.00,11.6,0,corps,8.003282538588543,2.7416
7783,29,298,10.28,14.2,0,corps,8.001281397646173,2.9366
7784,21,203,9.67,10.7,0,corps,7.999281257024177,6.0205
7785,20,224,11.20,10.2,0,corps,7.997282116222512,4.7197
7786,27,234,8.67,13.3,0,corps,7.995283974741402,3.3691
7787,16,151,9.44,8.4,0,corps,7.9932868320813,4.4493
7788,13,109,8.38,7.1,0,corps,7.991290687742931,4.5586
7789,18,187,10.39,9.3,0,corps,7.989295541227256,3.1698
7790,28,270,9.64,13.8,0,corps,7.987301392035484,3.7180
7791,33,300,9.09,16.0,0,corps,7.985308239669081,4.5186
7792,27,265,9.81,13.3,0,corps,7.98331608362976,2.5522
7793,15,117,7.80,8.0,0,corps,7.98132492341948,4.2007
7794,28,254,9.07,13.8,0,corps,7.979334758540453,3.8231
7795,35,350,10.00,16.9,0,corps,7.977345588495134,4.4154
7796,14,122,8.71,7.6,0,corps,7.975357412786234,2.5146
7797,22,214,9.73,11.1,0,corps,7.973370230916708,2.7005
7798,18,169,9.39,9.3,0,corps,7.971384042389761,2.0644
7799,31,277,8.94,15.1,0,corps,7.969398846708844,4.5353
7800,14,164,11.71,7.6,0,corps,7.96741464337766,8.4375
7801,11,90,8.18,6.2,0,corps,7.965431431900158,6.1996
7802,23,224,9.74,11.6,0,corps,7.963449211780535,2.6359
7803,11,108,9.82,6.2,0,corps,7.961467982523233,5.1923
7804,35,294,8.40,16.9,0,corps,7.959487743632948,3.0810
7805,36,300,8.33,17.3,0,corps,7.957508494614622,1.9843
7806,32,379,11.84,15.6,0,corps,7.955530234973438,5.0136
7807,23,230,10.00,11.6,0,corps,7.953552964214833,1.7133
7808,40,430,10.75,19.1,0,corps,7.951576681844494,2.1610
7809,12,104,8.67,6.7,0,corps,7.94960138736834,1.5038
7810,40,433,10.82,19.1,0,corps,7.947627080292557,3.3807
7811,33,356,10.79,16.0,0,corps,7.945653760123564,2.4953
7812,18,186,10.33,9.3,0,corps,7.94368142636803,1.6392
7813,30,310,10.33,14.7,0,corps,7.941710078532877,2.0135
7814,18,138,7.67,9.3,0,corps,7.93973971612526,5.8126
7815,44,451,10.25,20.9,0,corps,7.937770338652594,3.7905
7816,7,77,11.00,4.4,0,corps,7.935801945622534,1.3933
7817,16,149,9.31,8.4,0,corps,7.93383453654298,4.7725
7818,33,347,10.52,16.0,0,corps,7.931868110922083,3.5134
7819,6,60,10.00,4.0,0,corps,7.929902668268231,1.5561
7820,7,62,8.86,4.4,0,corps,7.927938208090067,1.4448
7821,19,138,7.26,9.8,0,corps,7.925974729896476,2.7575
7822,31,285,9.19,15.1,0,corps,7.9240122331965885,3.1884
7823,14,125,8.93,7.6,0,corps,7.922050717499779,2.8482
7824,26,218,8.38,12.9,0,corps,7.92009018231567,1.9355
7825,46,579,12.59,21.8,0,corps,7.9181306271541265,3.8941
7826,28,301,10.75,13.8,0,corps,7.916172051525261,4.0559
7827,17,226,13.29,8.9,0,corps,7.914214454939428,1.2400
7828,28,299,10.68,13.8,0,corps,7.912257836907227,1.8516
7829,25,254,10.16,12.4,0,corps,7.91030219693951,1.6969
7830,15,178,11.87,8.0,0,corps,7.908347534547361,1.7180
7831,20,181,9.05,10.2,0,corps,7.9063938492421135,2.9521
7832,18,166,9.22,9.3,0,corps,7.904441140535351,3.3655
7833,23,210,9.13,11.6,0,corps,7.902489407938893,3.7926
7834,34,364,10.71,16.4,0,corps,7.900538650964808,2.8436
7835,28,244,8.71,13.8,0,corps,7.898588869125406,3.6598
7836,28,296,10.57,13.8,0,corps,7.896640061933241,3.1371
7837,17,159,9.35,8.9,0,corps,7.894692228901115,3.0437
7838,19,175,9.21,9.8,0,corps,7.8927453695420615,3.3978
7839,31,293,9.45,15.1,0,corps,7.890799483369373,3.9613
7840,11,97,8.82,6.2,0,corps,7.888854569896576,3.5029
7841,36,325,9.03,17.3,0,corps,7.886910628637442,2.9156
7842,27,349,12.93,13.3,0,corps,7.8849676591059845,3.4021
7843,34,405,11.91,16.4,0,corps,7.883025660816462,3.9840
7844,18,223,12.39,9.3,0,corps,7.8810846332833755,3.0733
7845,9,93,10.33,5.3,0,corps,7.879144576021467,4.6615
7846,23,254,11.04,11.6,0,corps,7.877205488545721,1.9174
7847,19,170,8.95,9.8,0,corps,7.875267370371369,2.5049
7848,20,180,9.00,10.2,0,corps,7.873330221013881,1.5539
7849,25,235,9.40,12.4,0,corps,7.871394039988969,4.2767
7850,25,259,10.36,12.4,0,corps,7.869458826812585,3.2243
7851,19,191,10.05,9.8,0,corps,7.867524581000929,5.0486
7852,26,299,11.50,12.9,0,corps,7.865591302070436,1.9742
7853,26,297,11.42,12.9,0,corps,7.863658989537791,2.9601
7854,32,344,10.75,15.6,0,corps,7.861727642919913,4.6584
7855,31,413,13.32,15.1,0,corps,7.859797261733964,2.8551
7856,19,221,11.63,9.8,0,corps,7.8578678454973545,3.9855
7857,22,263,11.95,11.1,0,corps,7.8559393937277235,2.8424
7858,25,251,10.04,12.4,0,corps,7.854011905942963,3.5612
7859,17,196,11.53,8.9,0,corps,7.8520853816611975,2.6060
7860,25,279,11.16,12.4,0,corps,7.8501598204007985,2.7069
7861,16,143,8.94,8.4,0,corps,7.8482352216803735,4.9025
7862,15,118,7.87,8.0,0,corps,7.846311585018774,4.7824
7863,21,170,8.10,10.7,0,corps,7.84438890993509,3.8000
7864,25,223,8.92,12.4,0,corps,7.842467195948657,4.3553
7865,27,241,8.93,13.3,0,corps,7.84054644257904,4.5993
7866,24,246,10.25,12.0,0,corps,7.838626649346056,4.8640
7867,24,267,11.12,12.0,0,corps,7.836707815769752,4.2506
7868,14,139,9.93,7.6,0,corps,7.8347899413704205,1.6158
7869,12,97,8.08,6.7,0,corps,7.832873025668598,4.6412
7870,24,239,9.96,12.0,0,corps,7.83095706818505,4.9483
7871,34,350,10.29,16.4,0,corps,7.829042068440789,3.3212
7872,32,305,9.53,15.6,0,corps,7.827128025957067,1.6609
7873,9,82,9.11,5.3,0,corps,7.825214940255368,4.8655
7874,28,254,9.07,13.8,0,corps,7.823302810857427,3.4112
7875,28,355,12.68,13.8,0,corps,7.821391637285208,2.5920
7876,10,93,9.30,5.8,0,corps,7.819481419060917,4.0756
7877,14,145,10.36,7.6,0,corps,7.817572155707002,1.5554
7878,16,182,11.38,8.4,0,corps,7.815663846746144,2.4536
7879,29,357,12.31,14.2,0,corps,7.8137564917012705,3.3680
7880,12,97,8.08,6.7,0,corps,7.811850090095537,4.3008
7881,22,217,9.86,11.1,0,corps,7.809944641452346,3.2805
7882,27,256,9.48,13.3,0,corps,7.808040145295337,2.3768
7883,33,338,10.24,16.0,0,corps,7.806136601148383,2.8156
7884,34,385,11.32,16.4,0,corps,7.804234008535599,5.8753
7885,24,305,12.71,12.0,0,corps,7.802332366981338,2.2368
7886,34,394,11.59,16.4,0,corps,7.800431676010187,5.1844
7887,30,311,10.37,14.7,0,corps,7.798531935146976,2.4840
7888,23,211,9.17,11.6,0,corps,7.796633143916767,1.5676
7889,17,164,9.65,8.9,0,corps,7.794735301844866,1.3682
7890,32,345,10.78,15.6,0,corps,7.792838408456809,2.2355
7891,36,361,10.03,17.3,0,corps,7.790942463278375,2.3103
7892,27,224,8.30,13.3,0,corps,7.789047465835575,3.9518
7893,16,139,8.69,8.4,0,corps,7.787153415654663,5.4364
7894,8,76,9.50,4.9,0,corps,7.785260312262121,7.2349
7895,32,278,8.69,15.6,0,corps,7.7833681551846805,4.4071
7896,26,256,9.85,12.9,0,corps,7.781476943949298,3.5350
7897,26,262,10.08,12.9,0,corps,7.779586678083169,3.5778
7898,29,310,10.69,14.2,0,corps,7.777697357113731,4.5189
7899,20,214,10.70,10.2,0,corps,7.775808980568652,2.9272
7900,10,93,9.30,5.8,0,corps,7.773921547975837,3.5914
7901,21,187,8.90,10.7,0,corps,7.77203505886343,1.8366
7902,16,136,8.50,8.4,0,corps,7.770149512759805,1.9990
7903,11,104,9.45,6.2,0,corps,7.768264909193581,6.2248
7904,8,69,8.62,4.9,0,corps,7.766381247693602,5.6608
7905,20,174,8.70,10.2,0,corps,7.764498527788953,3.9737
7906,24,189,7.88,12.0,0,corps,7.7626167490089575,3.9639
7907,22,292,13.27,11.1,0,corps,7.760735910883168,3.7468
7908,30,285,9.50,14.7,0,corps,7.758856012941376,4.3582
7909,16,185,11.56,8.4,0,corps,7.75697705471361,3.9683
7910,24,234,9.75,12.0,0,corps,7.755099035730123,4.0723
7911,22,194,8.82,11.1,0,corps,7.753221955521417,3.1759
7912,21,154,7.33,10.7,0,corps,7.751345813618219,4.7572
7913,8,70,8.75,4.9,0,corps,7.7494706095514925,7.4660
7914,15,163,10.87,8.0,0,corps,7.7475963428524395,3.6110
7915,15,160,10.67,8.0,0,corps,7.745723013052489,1.2353
7916,17,162,9.53,8.9,0,corps,7.743850619683313,2.9553
7917,12,138,11.50,6.7,0,corps,7.741979162276813,3.3061
7918,18,187,10.39,9.3,0,corps,7.74010864036512,2.6577
7919,15,142,9.47,8.0,0,corps,7.738239053480611,2.4929
7920,15,118,7.87,8.0,0,corps,7.736370401155882,3.3858
7921,21,193,9.19,10.7,0,corps,7.734502682923772,4.4916
7922,11,91,8.27,6.2,0,corps,7.732635898317353,3.9663
7923,29,294,10.14,14.2,0,corps,7.730770046869928,6.0471
7924,23,229,9.96,11.6,0,corps,7.7289051281150325,6.3089
7925,23,260,11.30,11.6,0,corps,7.727041141586442,2.6296
7926,27,243,9.00,13.3,0,corps,7.725178086818155,7.0956
7927,23,233,10.13,11.6,0,corps,7.723315963344408,5.0220
7928,16,154,9.62,8.4,0,corps,7.721454770699672,2.6342
7929,42,432,10.29,20.0,0,corps,7.719594508418648,4.5372
7930,25,235,9.40,12.4,0,corps,7.717735176036269,2.1991
7931,25,254,10.16,12.4,0,corps,7.715876773087706,2.9650
7932,29,387,13.34,14.2,0,corps,7.714019299108353,3.7661
7933,25,318,12.72,12.4,0,corps,7.712162753633847,2.0500
7934,27,293,10.85,13.3,0,corps,7.710307136200045,3.2458
7935,36,454,12.61,17.3,0,corps,7.708452446343051,2.7086
7936,12,124,10.33,6.7,0,corps,7.706598683599185,3.7075
7937,12,116,9.67,6.7,0,corps,7.704745847505009,1.5683
7938,28,317,11.32,13.8,0,corps,7.702893937597316,3.9264
7939,25,250,10.00,12.4,0,corps,7.701042953413125,2.8574
7940,12,133,11.08,6.7,0,corps,7.699192894489691,1.6732
7941,19,184,9.68,9.8,0,corps,7.697343760364503,3.5962
7942,34,366,10.76,16.4,0,corps,7.695495550575271,2.0460
7943,10,85,8.50,5.8,0,corps,7.693648264659949,7.0535
7944,27,229,8.48,13.3,0,corps,7.691801902156708,3.4621
7945,27,258,9.56,13.3,0,corps,7.689956462603965,3.3290
7946,27,240,8.89,13.3,0,corps,7.688111945540357,2.5714
7947,21,188,8.95,10.7,0,corps,7.686268350504754,6.2102
7948,18,187,10.39,9.3,0,corps,7.684425677036258,3.2487
7949,37,354,9.57,17.8,0,corps,7.6825839246742005,4.1903
7950,23,207,9.00,11.6,0,corps,7.680743092958142,3.6555
7951,37,418,11.30,17.8,0,corps,7.678903181427879,2.8130
7952,10,90,9.00,5.8,0,corps,7.677064189623427,5.7117
7953,32,382,11.94,15.6,0,corps,7.675226117085043,2.4477
7954,8,42,5.25,4.9,0,corps,7.673388963353209,3.4882
7955,27,250,9.26,13.3,0,corps,7.671552727968632,3.0460
7956,13,139,10.69,7.1,0,corps,7.669717410472257,4.5891
7957,23,217,9.43,11.6,0,corps,7.667883010405255,3.7980
7958,14,146,10.43,7.6,0,corps,7.666049527309024,1.2838
7959,29,288,9.93,14.2,0,corps,7.664216960725195,4.0322
7960,18,175,9.72,9.3,0,corps,7.662385310195624,3.0921
7961,34,354,10.41,16.4,0,corps,7.660554575262399,3.5091
7962,24,257,10.71,12.0,0,corps,7.658724755467839,3.2162
7963,12,151,12.58,6.7,0,corps,7.656895850354484,2.8267
7964,25,261,10.44,12.4,0,corps,7.655067859465111,4.1732
7965,13,113,8.69,7.1,0,corps,7.653240782342725,2.3895
7966,19,166,8.74,9.8,0,corps,7.651414618530551,2.6015
7967,18,153,8.50,9.3,0,corps,7.649589367572052,2.3114
7968,34,372,10.94,16.4,0,corps,7.647765029010914,4.2023
7969,22,198,9.00,11.1,0,corps,7.6459416023910505,4.5833
7970,24,212,8.83,12.0,0,corps,7.644119087256608,2.0795
7971,19,164,8.63,9.8,0,corps,7.642297483151955,4.5884
7972,20,175,8.75,10.2,0,corps,7.640476789621692,2.4455
7973,31,307,9.90,15.1,0,corps,7.638657006210647,3.6280
7974,17,199,11.71,8.9,0,corps,7.636838132463872,4.3019
7975,24,278,11.58,12.0,0,corps,7.635020167926649,3.3379
7976,18,206,11.44,9.3,0,corps,7.6332031121444865,5.1814
7977,31,342,11.03,15.1,0,corps,7.63138696466312,2.1633
7978,21,210,10.00,10.7,0,corps,7.629571725028517,2.2231
7979,26,262,10.08,12.9,0,corps,7.62775739278686,3.4750
7980,26,289,11.12,12.9,0,corps,7.625943967484572,2.4158
7981,18,186,10.33,9.3,0,corps,7.624131448668295,2.9955
7982,15,154,10.27,8.0,0,corps,7.622319835884897,3.1623
7983,23,193,8.39,11.6,0,corps,7.62050912868148,2.9569
7984,25,274,10.96,12.4,0,corps,7.618699326605362,4.0771
7985,19,178,9.37,9.8,0,corps,7.616890429204096,2.6292
7986,15,135,9.00,8.0,0,corps,7.615082436025455,3.7045
7987,19,178,9.37,9.8,0,corps,7.61327534661744,3.9150
7988,28,243,8.68,13.8,0,corps,7.611469160528284,4.3732
7989,9,80,8.89,5.3,0,corps,7.609663877306436,2.2241
7990,14,144,10.29,7.6,0,corps,7.607859496500574,5.0162
7991,22,181,8.23,11.1,0,corps,7.606056017659607,2.2543
7992,17,158,9.29,8.9,0,corps,7.604253440332663,1.7873
7993,8,72,9.00,4.9,0,corps,7.602451764069096,2.2295
7994,14,131,9.36,7.6,0,corps,7.600650988418492,3.6198
7995,21,241,11.48,10.7,0,corps,7.598851112930652,1.2389
7996,14,146,10.43,7.6,0,corps,7.5970521371556075,3.6204
7997,12,91,7.58,6.7,0,corps,7.595254060643619,3.8443
7998,31,324,10.45,15.1,0,corps,7.593456882945163,4.5232
7999,10,95,9.50,5.8,0,corps,7.591660603610947,4.7184
8000,15,178,11.87,8.0,0,corps,7.589865222191899,2.8831
8001,23,218,9.48,11.6,0,corps,7.588070738239177,3.8774
8002,15,135,9.00,8.0,0,corps,7.586277151304155,2.6100
8003,25,292,11.68,12.4,0,corps,7.584484460938444,4.2113
8004,19,176,9.26,9.8,0,corps,7.582692666693866,2.7275
8005,23,252,10.96,11.6,0,corps,7.5809017681224695,4.8337
8006,16,132,8.25,8.4,0,corps,7.579111764776539,3.5787
8007,15,164,10.93,8.0,0,corps,7.577322656208565,3.0535
8008,32,302,9.44,15.6,0,corps,7.575534441971277,3.1285
8009,30,272,9.07,14.7,0,corps,7.573747121617613,2.3368
8010,20,195,9.75,10.2,0,corps,7.571960694700753,2.3191
8011,29,245,8.45,14.2,0,corps,7.570175160774083,1.7020
8012,31,374,12.06,15.1,0,corps,7.568390519391219,4.5365
8013,21,178,8.48,10.7,0,corps,7.566606770106008,3.7978
8014,28,307,10.96,13.8,0,corps,7.564823912472507,4.7652
8015,17,201,11.82,8.9,0,corps,7.563041946044999,3.6544
8016,31,262,8.45,15.1,0,corps,7.561260870378001,4.7948
8017,37,397,10.73,17.8,0,corps,7.559480685026237,5.2480
8018,29,333,11.48,14.2,0,corps,7.55770138954466,3.1182
8019,36,354,9.83,17.3,0,corps,7.555922983488453,5.2433
8020,28,259,9.25,13.8,0,corps,7.5541454664130105,2.9195
8021,29,298,10.28,14.2,0,corps,7.55236883787395,2.2478
8022,24,235,9.79,12.0,0,corps,7.550593097427121,2.3658
8023,18,184,10.22,9.3,0,corps,7.548818244628583,2.5594
8024,14,120,8.57,7.6,0,corps,7.547044279034626,3.9345
8025,31,326,10.52,15.1,0,corps,7.545271200201754,2.1868
8026,29,295,10.17,14.2,0,corps,7.5434990076867035,3.6822
8027,35,378,10.80,16.9,0,corps,7.541727701046424,4.6223
8028,23,240,10.43,11.6,0,corps,7.539957279838083,3.3405
8029,23,175,7.61,11.6,0,corps,7.538187743619086,3.6872
8030,23,260,11.30,11.6,0,corps,7.5364190919470415,2.2944
8031,32,279,8.72,15.6,0,corps,7.534651324379787,2.6582
8032,15,137,9.13,8.0,0,corps,7.532884440475385,2.9520
8033,39,431,11.05,18.7,0,corps,7.5311184397921105,4.6050
8034,13,116,8.92,7.1,0,corps,7.529353321888461,4.3288
8035,30,352,11.73,14.7,0,corps,7.527589086323164,2.9463
8036,24,201,8.38,12.0,0,corps,7.525825732655157,1.7866
8037,46,482,10.48,21.8,0,corps,7.524063260443597,4.4128
8038,29,358,12.34,14.2,0,corps,7.522301669247877,2.7707
8039,22,212,9.64,11.1,0,corps,7.520540958627589,3.9218
8040,24,224,9.33,12.0,0,corps,7.518781128142563,1.5966
8041,12,84,7.00,6.7,0,corps,7.517022177352831,4.5865
8042,9,92,10.22,5.3,0,corps,7.515264105818664,4.8824
8043,21,210,10.00,10.7,0,corps,7.513506913100544,4.3608
8044,28,265,9.46,13.8,0,corps,7.511750598759168,4.9714
8045,19,226,11.89,9.8,0,corps,7.509995162355461,2.0265
8046,24,226,9.42,12.0,0,corps,7.508240603450564,4.1764
8047,17,180,10.59,8.9,0,corps,7.506486921605833,3.2023
8048,36,348,9.67,17.3,0,corps,7.504734116382853,2.2309
8049,20,159,7.95,10.2,0,corps,7.502982187343421,1.6618
8050,12,123,10.25,6.7,0,corps,7.501231134049551,3.7348
8051,29,313,10.79,14.2,0,corps,7.499480956063485,4.5989
8052,17,134,7.88,8.9,0,corps,7.497731652947678,3.9079
8053,10,108,10.80,5.8,0,corps,7.495983224264799,4.1690
8054,20,185,9.25,10.2,0,corps,7.494235669577745,2.8057
8055,19,173,9.11,9.8,0,corps,7.492488988449629,2.5471
8056,23,174,7.57,11.6,0,corps,7.490743180443777,4.8513
8057,24,217,9.04,12.0,0,corps,7.488998245123738,2.4847
8058,19,154,8.11,9.8,0,corps,7.487254182053278,2.7206
8059,26,234,9.00,12.9,0,corps,7.485510990796383,4.4592
8060,19,190,10.00,9.8,0,corps,7.483768670917251,4.2716
8061,24,235,9.79,12.0,0,corps,7.482027221980308,4.9522
8062,23,257,11.17,11.6,0,corps,7.480286643550188,3.5354
8063,22,220,10.00,11.1,0,corps,7.478546935191743,2.1896
8064,33,351,10.64,16.0,0,corps,7.476808096470055,4.3822
8065,7,64,9.14,4.4,0,corps,7.475070126950409,2.7384
8066,11,104,9.45,6.2,0,corps,7.473333026198309,3.9259
8067,30,279,9.30,14.7,0,corps,7.471596793779487,3.1015
8068,34,323,9.50,16.4,0,corps,7.469861429259883,2.5560
8069,22,208,9.45,11.1,0,corps,7.4681269322056485,3.1332
8070,13,132,10.15,7.1,0,corps,7.466393302183169,5.7804
8071,27,260,9.63,13.3,0,corps,7.464660538759035,4.1122
8072,21,185,8.81,10.7,0,corps,7.462928641500052,2.5268
8073,28,263,9.39,13.8,0,corps,7.461197609973244,3.4902
8074,17,148,8.71,8.9,0,corps,7.4594674437458615,3.1470
8075,19,182,9.58,9.8,0,corps,7.457738142385356,2.6232
8076,39,441,11.31,18.7,0,corps,7.456009705459402,7.5258
8077,25,242,9.68,12.4,0,corps,7.454282132535896,4.4965
8078,14,136,9.71,7.6,0,corps,7.45255542318294,1.3201
8079,20,188,9.40,10.2,0,corps,7.450829576968854,4.0930
8080,26,267,10.27,12.9,0,corps,7.449104593462186,2.9757
8081,5,48,9.60,3.6,0,corps,7.447380472231682,1.5346
8082,21,172,8.19,10.7,0,corps,7.445657212846311,3.3342
8083,13,114,8.77,7.1,0,corps,7.4439348148752655,4.2210
8084,19,168,8.84,9.8,0,corps,7.442213277887941,3.1720
8085,28,261,9.32,13.8,0,corps,7.4404926014539505,3.1704
8086,13,97,7.46,7.1,0,corps,7.438772785143131,1.7299
8087,25,270,10.80,12.4,0,corps,7.437053828525528,4.8649
8088,26,350,13.46,12.9,0,corps,7.435335731171397,2.1663
8089,8,110,13.75,4.9,0,corps,7.433618492651214,3.4939
8090,22,250,11.36,11.1,0,corps,7.431902112535678,1.6830
8091,40,463,11.57,19.1,0,corps,7.430186590395686,2.4552
8092,24,193,8.04,12.0,0,corps,7.4284719258023575,2.6953
8093,24,188,7.83,12.0,0,corps,7.426758118327029,3.7853
8094,27,249,9.22,13.3,0,corps,7.42504516754125,2.5538
8095,22,236,10.73,11.1,0,corps,7.423333073016777,2.8251
8096,9,83,9.22,5.3,0,corps,7.421621834325593,3.1359
8097,30,308,10.27,14.7,0,corps,7.4199114510398845,2.7761
8098,34,304,8.94,16.4,0,corps,7.418201922732057,3.1368
8099,20,195,9.75,10.2,0,corps,7.416493248974727,5.6032
8100,22,195,8.86,11.1,0,corps,7.4147854293407285,4.9453
8101,20,200,10.00,10.2,0,corps,7.413078463403103,2.2597
8102,20,157,7.85,10.2,0,corps,7.411372350735112,3.5953
8103,11,96,8.73,6.2,0,corps,7.409667090910229,3.0741
8104,22,187,8.50,11.1,0,corps,7.407962683502135,3.1334
8105,36,339,9.42,17.3,0,corps,7.406259128084727,2.6710
8106,18,161,8.94,9.3,0,corps,7.404556424232121,6.0509
8107,27,292,10.81,13.3,0,corps,7.402854571518641,5.8352
8108,25,264,10.56,12.4,0,corps,7.401153569518818,3.8647
8109,33,332,10.06,16.0,0,corps,7.399453417807406,3.2243
8110,10,108,10.80,5.8,0,corps,7.397754115959368,5.2966
8111,15,170,11.33,8.0,0,corps,7.3960556635498715,4.3831
8112,43,551,12.81,20.4,0,corps,7.394358060154314,5.5314
8113,13,161,12.38,7.1,0,corps,7.392661305348288,3.0387
8114,30,352,11.73,14.7,0,corps,7.390965398707603,2.6873
8115,13,108,8.31,7.1,0,corps,7.389270339808289,6.6499
8116,15,134,8.93,8.0,0,corps,7.387576128226578,3.1778
8117,18,225,12.50,9.3,0,corps,7.385882763538912,2.4226
8118,12,130,10.83,6.7,0,corps,7.384190245321959,4.0954
8119,15,133,8.87,8.0,0,corps,7.382498573152585,1.3851
8120,23,267,11.61,11.6,0,corps,7.3808077466078705,3.9629
8121,36,343,9.53,17.3,0,corps,7.379117765265109,2.5780
8122,12,93,7.75,6.7,0,corps,7.377428628701807,5.7799
8123,20,234,11.70,10.2,0,corps,7.3757403364956815,2.5318
8124,8,66,8.25,4.9,0,corps,7.374052888224655,2.1014
8125,26,286,11.00,12.9,0,corps,7.372366283466872,3.7093
8126,17,175,10.29,8.9,0,corps,7.370680521800675,2.6240
8127,22,171,7.77,11.1,0,corps,7.368995602804623,2.7292
8128,28,222,7.93,13.8,0,corps,7.3673115260574935,2.7810
8129,43,366,8.51,20.4,0,corps,7.365628291138264,4.5141
8130,8,81,10.12,4.9,0,corps,7.36394589762612,4.9634
8131,26,247,9.50,12.9,0,corps,7.362264345100472,6.0867
8132,20,223,11.15,10.2,0,corps,7.3605836331409265,1.7053
8133,9,97,10.78,5.3,0,corps,7.358903761327309,2.1103
8134,38,359,9.45,18.2,0,corps,7.357224729239645,2.2108
8135,12,125,10.42,6.7,0,corps,7.355546536458182,1.3939
8136,33,293,8.88,16.0,0,corps,7.353869182563375,2.9762
8137,19,213,11.21,9.8,0,corps,7.352192667135873,2.4342
8138,30,324,10.80,14.7,0,corps,7.350516989756562,3.2690
8139,16,158,9.88,8.4,0,corps,7.348842150006515,2.3452
8140,18,190,10.56,9.3,0,corps,7.34716814746702,4.4909
8141,6,67,11.17,4.0,0,corps,7.345494981719582,6.0356
8142,18,166,9.22,9.3,0,corps,7.3438226523459065,5.2271
8143,18,210,11.67,9.3,0,corps,7.342151158927909,1.6041
8144,23,253,11.00,11.6,0,corps,7.340480501047722,2.5927
8145,16,157,9.81,8.4,0,corps,7.338810678287675,3.6332
8146,21,195,9.29,10.7,0,corps,7.3371416902303155,3.7275
8147,24,256,10.67,12.0,0,corps,7.335473536458398,5.5375
8148,33,302,9.15,16.0,0,corps,7.333806216554881,3.6738
8149,16,147,9.19,8.4,0,corps,7.332139730102935,2.9339
8150,13,150,11.54,7.1,0,corps,7.330474076685936,3.3605
8151,20,163,8.15,10.2,0,corps,7.328809255887478,1.8298
8152,16,158,9.88,8.4,0,corps,7.3271452672913515,4.4350
8153,23,195,8.48,11.6,0,corps,7.3254821104815555,1.8803
8154,20,198,9.90,10.2,0,corps,7.323819785042307,3.0991
8155,23,191,8.30,11.6,0,corps,7.322158290558023,5.9863
8156,24,255,10.62,12.0,0,corps,7.320497626613324,2.6235
8157,39,496,12.72,18.7,0,corps,7.318837792793054,6.0776
8158,21,218,10.38,10.7,0,corps,7.3171787886822495,2.4755
8159,13,167,12.85,7.1,0,corps,7.3155206138661555,1.0596
8160,16,145,9.06,8.4,0,corps,7.313863267930235,3.1925
8161,29,288,9.93,14.2,0,corps,7.312206750460149,2.8196
8162,17,181,10.65,8.9,0,corps,7.310551061041765,4.9375
8163,31,341,11.00,15.1,0,corps,7.308896199261166,4.6816
8164,30,290,9.67,14.7,0,corps,7.307242164704634,2.7587
8165,19,186,9.79,9.8,0,corps,7.305588956958661,1.6397
8166,20,173,8.65,10.2,0,corps,7.303936575609943,2.9127
8167,10,110,11.00,5.8,0,corps,7.302285020245386,1.4130
8168,15,146,9.73,8.0,0,corps,7.300634290452103,2.9055
8169,9,83,9.22,5.3,0,corps,7.2989843858174055,2.1694
8170,22,262,11.91,11.1,0,corps,7.297335305928826,2.9083
8171,15,150,10.00,8.0,0,corps,7.295687050374092,1.6413
8172,23,260,11.30,11.6,0,corps,7.294039618741133,2.2386
8173,26,218,8.38,12.9,0,corps,7.292393010618096,3.6099
8174,27,265,9.81,13.3,0,corps,7.290747225593332,3.0094
8175,18,167,9.28,9.3,0,corps,7.289102263255387,6.5429
8176,33,364,11.03,16.0,0,corps,7.28745812319303,4.5808
8177,21,210,10.00,10.7,0,corps,7.285814804995219,3.9744
8178,43,591,13.74,20.4,0,corps,7.284172308251124,5.9191
8179,24,336,14.00,12.0,0,corps,7.282530632550127,4.1089
8180,13,185,14.23,7.1,0,corps,7.280889777481804,3.4977
8181,23,238,10.35,11.6,0,corps,7.279249742635943,2.5968
8182,17,188,11.06,8.9,0,corps,7.2776105276025325,2.8674
8183,41,422,10.29,19.6,0,corps,7.2759721319717725,2.8835
8184,10,101,10.10,5.8,0,corps,7.274334555334064,4.0937
8185,25,304,12.16,12.4,0,corps,7.272697797280006,3.2601
8186,25,267,10.68,12.4,0,corps,7.2710618574004195,2.8014
8187,23,270,11.74,11.6,0,corps,7.269426735286314,2.6681
8188,28,264,9.43,13.8,0,corps,7.267792430528906,3.0578
8189,18,157,8.72,9.3,0,corps,7.266158942719625,2.8190
8190,22,218,9.91,11.1,0,corps,7.264526271450097,3.0152
8191,18,190,10.56,9.3,0,corps,7.262894416312152,2.1137
8192,23,256,11.13,11.6,0,corps,7.261263376897831,2.9764
8193,31,290,9.35,15.1,0,corps,7.2596331527993705,5.4314
8194,35,319,9.11,16.9,0,corps,7.258003743609212,3.1717
8195,16,115,7.19,8.4,0,corps,7.256375148920011,2.7959
8196,25,228,9.12,12.4,0,corps,7.254747368324613,2.6453
8197,13,109,8.38,7.1,0,corps,7.253120401416073,5.7348
8198,30,329,10.97,14.7,0,corps,7.251494247787649,3.8621
8199,29,339,11.69,14.2,0,corps,7.2498689070328055,3.2430
8200,14,126,9.00,7.6,0,corps,7.2482443787452056,4.6950
8201,36,369,10.25,17.3,0,corps,7.2466206625187155,2.4975
8202,18,225,12.50,9.3,0,corps,7.24499775794741,2.8343
8203,11,92,8.36,6.2,0,corps,7.243375664625562,1.4882
8204,22,180,8.18,11.1,0,corps,7.241754382147643,2.9140
8205,16,169,10.56,8.4,0,corps,7.24013391010834,3.1548
8206,27,278,10.30,13.3,0,corps,7.23851424810253,3.1278
8207,24,189,7.88,12.0,0,corps,7.236895395725298,3.0030
8208,15,117,7.80,8.0,0,corps,7.235277352571934,2.8796
8209,10,81,8.10,5.8,0,corps,7.233660118237925,2.0260
8210,30,223,7.43,14.7,0,corps,7.2320436923189595,3.5189
8211,21,190,9.05,10.7,0,corps,7.230428074410936,3.8674
8212,8,54,6.75,4.9,0,corps,7.228813264109949,7.4711
8213,33,286,8.67,16.0,0,corps,7.227199261012293,2.1541
8214,2,21,10.50,2.2,0,corps,7.225586064714467,1.5968
8215,21,182,8.67,10.7,0,corps,7.2239736748131795,3.1714
8216,23,210,9.13,11.6,0,corps,7.222362090905324,2.3909
8217,34,338,9.94,16.4,0,corps,7.220751312588007,4.2611
8218,25,206,8.24,12.4,0,corps,7.219141339458537,1.9798
8219,23,203,8.83,11.6,0,corps,7.217532171114419,3.3583
8220,50,422,8.44,23.6,0,corps,7.2159238071533585,2.9997
8221,9,62,6.89,5.3,0,corps,7.214316247173269,4.5503
8222,36,354,9.83,17.3,0,corps,7.212709490772257,3.4399
8223,27,226,8.37,13.3,0,corps,7.211103537548633,1.7187
8224,30,257,8.57,14.7,0,corps,7.209498387100911,2.9733
8225,26,228,8.77,12.9,0,corps,7.207894039027804,3.3168
8226,23,176,7.65,11.6,0,corps,7.20629049292822,4.6240
8227,23,188,8.17,11.6,0,corps,7.204687748401279,4.3375
8228,42,543,12.93,20.0,0,corps,7.203085805046292,5.2755
8229,15,144,9.60,8.0,0,corps,7.201484662462773,3.7709
8230,28,265,9.46,13.8,0,corps,7.199884320250432,2.5757
8231,25,248,9.92,12.4,0,corps,7.198284778009192,2.6402
8232,22,194,8.82,11.1,0,corps,7.196686035339164,1.5701
8233,13,128,9.85,7.1,0,corps,7.195088091840657,4.3681
8234,32,343,10.72,15.6,0,corps,7.193490947114194,3.1311
8235,19,192,10.11,9.8,0,corps,7.191894600760482,3.7121
8236,14,142,10.14,7.6,0,corps,7.190299052380436,1.5687
8237,14,110,7.86,7.6,0,corps,7.1887043015751715,2.7371
8238,21,183,8.71,10.7,0,corps,7.187110347945999,3.2661
8239,29,286,9.86,14.2,0,corps,7.185517191094429,2.6029
8240,19,162,8.53,9.8,0,corps,7.183924830622174,4.6359
8241,33,330,10.00,16.0,0,corps,7.182333266131144,2.0583
8242,35,297,8.49,16.9,0,corps,7.180742497223445,1.9511
8243,24,187,7.79,12.0,0,corps,7.179152523501389,3.5350
8244,23,207,9.00,11.6,0,corps,7.1775633445674805,2.6551
8245,23,165,7.17,11.6,0,corps,7.175974960024425,2.0766
8246,19,160,8.42,9.8,0,corps,7.174387369475125,1.9904
8247,18,171,9.50,9.3,0,corps,7.172800572522683,4.4621
8248,8,66,8.25,4.9,0,corps,7.171214568770402,9.0779
8249,23,224,9.74,11.6,0,corps,7.169629357821777,2.9331
8250,17,157,9.24,8.9,0,corps,7.168044939280511,1.4728
8251,32,328,10.25,15.6,0,corps,7.166461312750497,3.3025
8252,31,275,8.87,15.1,0,corps,7.164878477835823,1.6008
8253,23,236,10.26,11.6,0,corps,7.16329643414079,1.4349
8254,14,136,9.71,7.6,0,corps,7.161715181269882,6.0707
8255,12,108,9.00,6.7,0,corps,7.160134718827781,1.6724
8256,29,283,9.76,14.2,0,corps,7.158555046419379,4.0157
8257,32,300,9.38,15.6,0,corps,7.156976163649757,6.1415
8258,22,246,11.18,11.1,0,corps,7.155398070124192,2.0187
8259,30,334,11.13,14.7,0,corps,7.153820765448157,2.4586
8260,13,140,10.77,7.1,0,corps,7.152244249227333,4.3734
8261,27,274,10.15,13.3,0,corps,7.150668521067588,3.6724
8262,20,243,12.15,10.2,0,corps,7.149093580574986,2.2357
8263,19,168,8.84,9.8,0,corps,7.1475194273558005,2.6408
8264,27,272,10.07,13.3,0,corps,7.145946061016486,3.6348
8265,32,284,8.88,15.6,0,corps,7.144373481163702,2.8241
8266,25,259,10.36,12.4,0,corps,7.142801687404305,3.1264
8267,19,162,8.53,9.8,0,corps,7.141230679345348,2.0583
8268,24,247,10.29,12.0,0,corps,7.139660456594074,3.3572
8269,19,195,10.26,9.8,0,corps,7.138091018757933,2.8404
8270,23,203,8.83,11.6,0,corps,7.136522365444565,2.5375
8271,24,282,11.75,12.0,0,corps,7.1349544962618,3.4107
8272,29,297,10.24,14.2,0,corps,7.133387410817679,5.0165
8273,46,409,8.89,21.8,0,corps,7.131821108720427,4.4959
8274,18,168,9.33,9.3,0,corps,7.130255589578467,6.6244
8275,19,153,8.05,9.8,0,corps,7.128690853000419,5.7332
8276,22,236,10.73,11.1,0,corps,7.127126898595105,1.7954
8277,35,339,9.69,16.9,0,corps,7.125563725971529,3.0349
8278,24,214,8.92,12.0,0,corps,7.1240013347388995,2.4078
8279,20,205,10.25,10.2,0,corps,7.122439724506621,2.9148
8280,33,336,10.18,16.0,0,corps,7.120878894884293,2.9719
8281,22,199,9.05,11.1,0,corps,7.1193188454817,3.2397
8282,29,281,9.69,14.2,0,corps,7.117759575908838,2.5814
8283,29,317,10.93,14.2,0,corps,7.116201085775886,2.0429
8284,27,223,8.26,13.3,0,corps,7.11464337469322,2.7120
8285,24,200,8.33,12.0,0,corps,7.113086442271416,4.3007
8286,36,350,9.72,17.3,0,corps,7.111530288121237,3.1273
8287,52,566,10.88,24.4,0,corps,7.109974911853646,4.6922
8288,40,407,10.18,19.1,0,corps,7.108420313079801,2.6992
8289,18,145,8.06,9.3,0,corps,7.10686649141105,3.9202
8290,31,291,9.39,15.1,0,corps,7.105313446458938,2.5325
8291,32,302,9.44,15.6,0,corps,7.103761177835202,2.5086
8292,17,137,8.06,8.9,0,corps,7.102209685151779,2.7139
8293,3,24,8.00,2.7,0,corps,7.100658968020794,2.3196
8294,26,265,10.19,12.9,0,corps,7.099109026054563,2.9516
8295,14,127,9.07,7.6,0,corps,7.097559858865608,2.4450
8296,10,87,8.70,5.8,0,corps,7.096011466066635,8.0277
8297,16,141,8.81,8.4,0,corps,7.094463847270541,3.4739
8298,14,146,10.43,7.6,0,corps,7.092917002090426,1.7434
8299,25,220,8.80,12.4,0,corps,7.09137093013958,3.4384
8300,29,260,8.97,14.2,0,corps,7.08982563103148,4.8455
8301,17,151,8.88,8.9,0,corps,7.088281104379804,4.7404
8302,24,246,10.25,12.0,0,corps,7.0867373497984225,1.9403
8303,21,209,9.95,10.7,0,corps,7.0851943669013915,4.4765
8304,16,145,9.06,8.4,0,corps,7.08365215530297,3.9201
8305,14,143,10.21,7.6,0,corps,7.082110714617603,3.2660
8306,25,245,9.80,12.4,0,corps,7.080570044459932,5.1202
8307,28,276,9.86,13.8,0,corps,7.079030144444786,3.4287
8308,31,305,9.84,15.1,0,corps,7.077491014187194,5.2241
8309,10,79,7.90,5.8,0,corps,7.075952653302372,1.8709
8310,33,314,9.52,16.0,0,corps,7.074415061405727,3.3879
8311,17,158,9.29,8.9,0,corps,7.072878238112865,4.4897
8312,37,435,11.76,17.8,0,corps,7.071342183039578,2.0223
8313,36,338,9.39,17.3,0,corps,7.069806895801851,4.4542
8314,34,344,10.12,16.4,0,corps,7.068272376015868,2.7412
8315,24,210,8.75,12.0,0,corps,7.066738623297993,1.5885
8316,8,58,7.25,4.9,0,corps,7.065205637264787,1.7483
8317,14,139,9.93,7.6,0,corps,7.0636734175330105,3.2358
8318,25,312,12.48,12.4,0,corps,7.062141963719604,3.2650
8319,14,140,10.00,7.6,0,corps,7.0606112754417,3.6047
8320,22,196,8.91,11.1,0,corps,7.0590813523166345,3.7038
8321,25,268,10.72,12.4,0,corps,7.057552193961923,1.6762
8322,29,257,8.86,14.2,0,corps,7.056023799995276,1.8954
8323,15,166,11.07,8.0,0,corps,7.054496170034594,3.5393
8324,37,398,10.76,17.8,0,corps,7.05296930369797,3.3580
8325,23,212,9.22,11.6,0,corps,7.051443200603689,3.9903
8326,24,201,8.38,12.0,0,corps,7.049917860370222,2.5453
8327,20,197,9.85,10.2,0,corps,7.048393282616239,3.6374
8328,24,207,8.62,12.0,0,corps,7.046869466960591,4.9101
8329,31,286,9.23,15.1,0,corps,7.045346413022324,6.3083
8330,19,232,12.21,9.8,0,corps,7.043824120420679,2.8609
8331,29,310,10.69,14.2,0,corps,7.042302588775079,3.5240
8332,36,422,11.72,17.3,0,corps,7.04078181770514,2.2917
8333,14,125,8.93,7.6,0,corps,7.039261806830674,2.7478
8334,39,444,11.38,18.7,0,corps,7.0377425557716755,2.9178
8335,30,283,9.43,14.7,0,corps,7.036224064148327,5.5835
8336,29,330,11.38,14.2,0,corps,7.034706331581017,1.4747
8337,8,71,8.88,4.9,0,corps,7.033189357690303,7.0376
8338,14,148,10.57,7.6,0,corps,7.0316731420969445,2.0265
8339,38,386,10.16,18.2,0,corps,7.030157684421885,2.8146
8340,13,114,8.77,7.1,0,corps,7.028642984286265,5.7669
8341,19,233,12.26,9.8,0,corps,7.027129041311407,2.0096
8342,25,218,8.72,12.4,0,corps,7.025615855118822,2.6008
8343,21,222,10.57,10.7,0,corps,7.024103425330219,1.4554
8344,34,320,9.41,16.4,0,corps,7.022591751567489,5.4039
8345,30,249,8.30,14.7,0,corps,7.02108083345271,2.4572
8346,28,268,9.57,13.8,0,corps,7.019570670608158,3.1310
8347,40,404,10.10,19.1,0,corps,7.018061262656289,3.8544
8348,10,120,12.00,5.8,0,corps,7.016552609219747,5.6094
8349,12,137,11.42,6.7,0,corps,7.015044709921378,0.9218
8350,10,101,10.10,5.8,0,corps,7.013537564384201,7.0733
8351,21,216,10.29,10.7,0,corps,7.012031172231429,3.1651
8352,16,146,9.12,8.4,0,corps,7.010525533086468,3.9418
8353,23,192,8.35,11.6,0,corps,7.009020646572905,4.3063
8354,30,293,9.77,14.7,0,corps,7.007516512314521,2.4220
8355,20,201,10.05,10.2,0,corps,7.006013129935276,4.9109
8356,2,19,9.50,2.2,0,corps,7.004510499059332,0.7144
8357,16,150,9.38,8.4,0,corps,7.003008619311031,1.0713
8358,30,296,9.87,14.7,0,corps,7.0015074903148955,1.9846
8359,18,168,9.33,9.3,0,corps,7.000007111695653,6.4366
8360,40,337,8.43,19.1,0,corps,6.998507483078202,2.4242
8361,44,408,9.27,20.9,0,corps,6.997008604087634,3.9865
8362,10,108,10.80,5.8,0,corps,6.995510474349237,1.1335
8363,17,147,8.65,8.9,0,corps,6.9940130934884746,2.6633
8364,38,418,11.00,18.2,0,corps,6.992516461130998,2.9884
8365,14,111,7.93,7.6,0,corps,6.991020576902654,6.3138
8366,19,199,10.47,9.8,0,corps,6.989525440429471,6.0937
8367,33,423,12.82,16.0,0,corps,6.988031051337661,1.7924
8368,40,416,10.40,19.1,0,corps,6.98653740925363,4.6943
8369,28,281,10.04,13.8,0,corps,6.98504451380397,3.3104
8370,42,461,10.98,20.0,0,corps,6.983552364615451,3.9764
8371,23,226,9.83,11.6,0,corps,6.982060961315038,3.4224
8372,12,119,9.92,6.7,0,corps,6.980570303529883,3.7408
8373,14,146,10.43,7.6,0,corps,6.97908039088732,1.7379
8374,30,313,10.43,14.7,0,corps,6.977591223014866,2.7887
8375,22,229,10.41,11.1,0,corps,6.976102799540238,3.1906
8376,21,189,9.00,10.7,0,corps,6.974615120091324,3.6561
8377,2,14,7.00,2.2,0,corps,6.973128184296202,3.0493
8378,23,273,11.87,11.6,0,corps,6.971641991783146,2.2077
8379,7,55,7.86,4.4,0,corps,6.970156542180603,11.2438
8380,22,191,8.68,11.1,0,corps,6.968671835117207,1.7251
8381,24,217,9.04,12.0,0,corps,6.96718787022179,3.1241
8382,13,101,7.77,7.1,0,corps,6.9657046471233555,5.1826
8383,21,177,8.43,10.7,0,corps,6.964222165451098,3.7265
8384,39,372,9.54,18.7,0,corps,6.962740424834394,2.6008
8385,15,128,8.53,8.0,0,corps,6.961259424902814,3.2725
8386,31,263,8.48,15.1,0,corps,6.959779165286106,1.7435
8387,27,245,9.07,13.3,0,corps,6.958299645614202,2.5215
8388,35,353,10.09,16.9,0,corps,6.956820865517228,4.6583
8389,13,130,10.00,7.1,0,corps,6.955342824625486,4.9131
8390,18,154,8.56,9.3,0,corps,6.953865522569464,4.8049
8391,20,161,8.05,10.2,0,corps,6.952388958979839,2.3092
8392,33,251,7.61,16.0,0,corps,6.950913133487468,2.3418
8393,30,282,9.40,14.7,0,corps,6.9494380457233955,3.0982
8394,12,133,11.08,6.7,0,corps,6.947963695318851,3.6102
8395,23,229,9.96,11.6,0,corps,6.946490081905246,3.2714
8396,23,210,9.13,11.6,0,corps,6.9450172051141745,2.0129
8397,20,178,8.90,10.2,0,corps,6.943545064577422,2.9102
8398,18,148,8.22,9.3,0,corps,6.942073659926951,4.5016
8399,28,209,7.46,13.8,0,corps,6.94060299079491,3.0805
8400,18,157,8.72,9.3,0,corps,6.93913305681363,4.0120
8401,13,108,8.31,7.1,0,corps,6.937663857615632,2.3937
8402,25,241,9.64,12.4,0,corps,6.936195392833613,2.9139
8403,35,354,10.11,16.9,0,corps,6.934727662100455,6.8348
8404,42,436,10.38,20.0,0,corps,6.933260665049231,6.3972
8405,29,295,10.17,14.2,0,corps,6.931794401313189,3.0659
8406,10,97,9.70,5.8,0,corps,6.930328870525759,2.2528
8407,28,249,8.89,13.8,0,corps,6.928864072320565,1.7409
8408,20,205,10.25,10.2,0,corps,6.927400006331405,4.5620
8409,42,411,9.79,20.0,0,corps,6.925936672192258,3.5559
8410,17,130,7.65,8.9,0,corps,6.924474069537297,6.3945
8411,36,420,11.67,17.3,0,corps,6.923012198000869,4.8322
8412,34,339,9.97,16.4,0,corps,6.921551057217504,3.4271
8413,17,162,9.53,8.9,0,corps,6.920090646821919,3.4956
8414,23,179,7.78,11.6,0,corps,6.9186309664490135,2.4412
8415,28,247,8.82,13.8,0,corps,6.917172015733862,4.2913
8416,23,204,8.87,11.6,0,corps,6.915713794311729,1.6765
8417,37,353,9.54,17.8,0,corps,6.914256301818061,3.8739
8418,46,506,11.00,21.8,0,corps,6.9127995378884854,2.7972
8419,18,153,8.50,9.3,0,corps,6.911343502158805,2.4456
8420,18,161,8.94,9.3,0,corps,6.90988819426502,3.0053
8421,14,114,8.14,7.6,0,corps,6.908433613843297,5.4911
8422,25,228,9.12,12.4,0,corps,6.906979760529991,4.3921
8423,41,405,9.88,19.6,0,corps,6.905526633961641,2.9143
8424,22,190,8.64,11.1,0,corps,6.904074233774966,5.9911
8425,18,187,10.39,9.3,0,corps,6.902622559606862,3.2949
8426,10,104,10.40,5.8,0,corps,6.901171611094416,6.1790
8427,24,246,10.25,12.0,0,corps,6.899721387874888,1.9817
8428,19,186,9.79,9.8,0,corps,6.898271889585718,3.4530
8429,27,258,9.56,13.3,0,corps,6.89682311586454,2.8271
8430,15,141,9.40,8.0,0,corps,6.895375066349155,4.4751
8431,35,315,9.00,16.9,0,corps,6.893927740677551,4.1110
8432,33,336,10.18,16.0,0,corps,6.892481138487895,3.5206
8433,10,74,7.40,5.8,0,corps,6.891035259418543,6.4457
8434,28,266,9.50,13.8,0,corps,6.889590103108019,2.8573
8435,37,328,8.86,17.8,0,corps,6.888145669195033,3.0961
8436,29,309,10.66,14.2,0,corps,6.886701957318484,3.7758
8437,23,224,9.74,11.6,0,corps,6.885258967117437,3.8836
8438,18,132,7.33,9.3,0,corps,6.883816698231146,4.5742
8439,13,100,7.69,7.1,0,corps,6.882375150299048,3.0593
8440,14,121,8.64,7.6,0,corps,6.88093432296075,3.0404
8441,13,93,7.15,7.1,0,corps,6.879494215856045,1.5517
8442,17,158,9.29,8.9,0,corps,6.878054828624913,1.5495
8443,23,196,8.52,11.6,0,corps,6.876616160907504,2.5855
8444,34,311,9.15,16.4,0,corps,6.875178212344146,6.1133
8445,10,99,9.90,5.8,0,corps,6.87374098257536,3.7425
8446,33,397,12.03,16.0,0,corps,6.872304471241833,4.3043
8447,30,281,9.37,14.7,0,corps,6.87086867798444,2.2176
8448,49,504,10.29,23.1,0,corps,6.869433602444228,5.0250
8449,13,113,8.69,7.1,0,corps,6.867999244262435,2.1412
8450,28,261,9.32,13.8,0,corps,6.866565603080469,1.8721
8451,20,191,9.55,10.2,0,corps,6.865132678539913,5.4387
8452,22,192,8.73,11.1,0,corps,6.863700470282547,2.2353
8453,24,216,9.00,12.0,0,corps,6.862268977950311,5.5482
8454,44,444,10.09,20.9,0,corps,6.8608382011853335,4.3379
8455,41,450,10.98,19.6,0,corps,6.859408139629923,4.4680
8456,29,228,7.86,14.2,0,corps,6.857978792926563,6.1795
8457,22,188,8.55,11.1,0,corps,6.856550160717914,4.0620
8458,40,378,9.45,19.1,0,corps,6.8551222426468215,3.3545
8459,39,335,8.59,18.7,0,corps,6.853695038356306,3.7302
8460,20,163,8.15,10.2,0,corps,6.85226854748956,3.3058
8461,25,230,9.20,12.4,0,corps,6.8508427696899705,3.6296
8462,22,214,9.73,11.1,0,corps,6.849417704601087,3.1797
8463,13,118,9.08,7.1,0,corps,6.847993351866645,3.8773
8464,47,498,10.60,22.2,0,corps,6.846569711130552,6.1315
8465,28,308,11.00,13.8,0,corps,6.845146782036907,4.3355
8466,16,141,8.81,8.4,0,corps,6.843724564229969,4.3542
8467,22,206,9.36,11.1,0,corps,6.8423030573541865,3.6810
8468,12,134,11.17,6.7,0,corps,6.840882261054185,1.3573
8469,15,141,9.40,8.0,0,corps,6.839462174974765,4.2332
8470,25,233,9.32,12.4,0,corps,6.838042798760899,3.7767
8471,28,224,8.00,13.8,0,corps,6.83662413205775,2.4197
8472,18,191,10.61,9.3,0,corps,6.83520617451065,2.5506
8473,22,185,8.41,11.1,0,corps,6.833788925765106,4.4213
8474,28,293,10.46,13.8,0,corps,6.832372385466809,3.1603
8475,11,94,8.55,6.2,0,corps,6.8309565532616245,5.3037
8476,35,326,9.31,16.9,0,corps,6.829541428795589,2.5930
8477,15,128,8.53,8.0,0,corps,6.82812701171493,1.4792
8478,18,136,7.56,9.3,0,corps,6.826713301666038,4.9980
8479,35,322,9.20,16.9,0,corps,6.8253002982954865,1.9273
8480,37,306,8.27,17.8,0,corps,6.823888001250021,2.9404
8481,37,380,10.27,17.8,0,corps,6.822476410176573,2.8666
8482,14,89,6.36,7.6,0,corps,6.821065524722242,2.3275
8483,36,352,9.78,17.3,0,corps,6.819655344534306,4.0407
8484,21,241,11.48,10.7,0,corps,6.818245869260221,3.6776
8485,34,389,11.44,16.4,0,corps,6.81683709854762,2.7357
8486,28,230,8.21,13.8,0,corps,6.815429032044305,4.1401
8487,30,236,7.87,14.7,0,corps,6.814021669398265,5.0282
8488,22,154,7.00,11.1,0,corps,6.812615010257657,6.4607
8489,13,86,6.62,7.1,0,corps,6.811209054270814,4.8818
8490,28,272,9.71,13.8,0,corps,6.809803801086252,3.6744
8491,20,193,9.65,10.2,0,corps,6.808399250352654,5.2967
8492,16,157,9.81,8.4,0,corps,6.806995401718882,2.7958
8493,16,166,10.38,8.4,0,corps,6.805592254833977,2.1105
8494,21,186,8.86,10.7,0,corps,6.80418980934715,2.7374
8495,30,253,8.43,14.7,0,corps,6.80278806490779,2.1196
8496,14,149,10.64,7.6,0,corps,6.801387021165459,4.2094
8497,11,91,8.27,6.2,0,corps,6.799986677769898,6.0330
8498,26,240,9.23,12.9,0,corps,6.798587034371023,3.8002
8499,35,360,10.29,16.9,0,corps,6.797188090618919,5.2575
8500,39,338,8.67,18.7,0,corps,6.795789846163855,3.3014
8501,14,133,9.50,7.6,0,corps,6.794392300656265,7.5975
8502,20,164,8.20,10.2,0,corps,6.792995453746764,2.2022
8503,31,293,9.45,15.1,0,corps,6.791599305086144,4.2897
8504,27,304,11.26,13.3,0,corps,6.790203854325363,2.9345
8505,12,115,9.58,6.7,0,corps,6.788809101115559,5.7532
8506,32,317,9.91,15.6,0,corps,6.7874150451080455,4.9285
8507,36,389,10.81,17.3,0,corps,6.786021685954309,2.5925
8508,22,252,11.45,11.1,0,corps,6.7846290233060085,1.8071
8509,19,159,8.37,9.8,0,corps,6.7832370568149765,3.5871
8510,25,272,10.88,12.4,0,corps,6.781845786133226,2.3559
8511,24,251,10.46,12.0,0,corps,6.780455210912933,4.3332
8512,26,308,11.85,12.9,0,corps,6.779065330806458,4.3424
8513,39,393,10.08,18.7,0,corps,6.777676145466333,3.0302
8514,17,176,10.35,8.9,0,corps,6.776287654545257,3.4585
8515,25,243,9.72,12.4,0,corps,6.774899857696108,5.8564
8516,30,362,12.07,14.7,0,corps,6.773512754571939,2.9007
8517,34,386,11.35,16.4,0,corps,6.772126344825974,2.9804
8518,12,201,16.75,6.7,0,corps,6.770740628111607,2.5123
8519,34,437,12.85,16.4,0,corps,6.769355604082413,3.0843
8520,18,223,12.39,9.3,0,corps,6.767971272392137,3.6812
8521,9,105,11.67,5.3,0,corps,6.766587632694689,3.8189
8522,36,423,11.75,17.3,0,corps,6.765204684644166,1.9894
8523,25,282,11.28,12.4,0,corps,6.763822427894829,1.0962
8524,33,310,9.39,16.0,0,corps,6.762440862101114,2.9883
8525,21,216,10.29,10.7,0,corps,6.761059986917625,1.9559
8526,5,36,7.20,3.6,0,corps,6.759679801999151,2.6667
8527,36,441,12.25,17.3,0,corps,6.758300307000642,2.6906
8528,15,108,7.20,8.0,0,corps,6.756921501577221,2.2165
8529,10,80,8.00,5.8,0,corps,6.7555433853841915,2.3614
8530,24,213,8.88,12.0,0,corps,6.754165958077023,3.7369
8531,23,248,10.78,11.6,0,corps,6.752789219311356,2.3480
8532,21,247,11.76,10.7,0,corps,6.751413168743012,3.1238
8533,27,261,9.67,13.3,0,corps,6.750037806027972,2.8808
8534,8,80,10.00,4.9,0,corps,6.748663130822398,1.2574
8535,18,157,8.72,9.3,0,corps,6.7472891427826225,3.0801
8536,29,320,11.03,14.2,0,corps,6.745915841565147,1.9587
8537,19,176,9.26,9.8,0,corps,6.744543226826644,2.3204
8538,30,273,9.10,14.7,0,corps,6.743171298223963,2.3912
8539,13,130,10.00,7.1,0,corps,6.741800055414121,5.7268
8540,18,162,9.00,9.3,0,corps,6.740429498054308,3.5231
8541,24,250,10.42,12.0,0,corps,6.739059625801882,3.9132
8542,27,267,9.89,13.3,0,corps,6.737690438314378,4.2032
8543,38,453,11.92,18.2,0,corps,6.736321935249498,3.1953
8544,30,256,8.53,14.7,0,corps,6.734954116265114,1.8507
8545,18,185,10.28,9.3,0,corps,6.733586981019276,3.9468
8546,19,173,9.11,9.8,0,corps,6.732220529170196,4.1242
8547,11,103,9.36,6.2,0,corps,6.730854760376262,3.1620
8548,15,138,9.20,8.0,0,corps,6.729489674296034,1.2789
8549,42,449,10.69,20.0,0,corps,6.728125270588239,3.0711
8550,23,259,11.26,11.6,0,corps,6.726761548911774,2.4520
8551,28,325,11.61,13.8,0,corps,6.725398508925712,1.9718
8552,21,229,10.90,10.7,0,corps,6.72403615028929,3.3448
8553,35,478,13.66,16.9,0,corps,6.722674472661919,3.2947
8554,27,248,9.19,13.3,0,corps,6.721313475703184,3.9002
8555,42,423,10.07,20.0,0,corps,6.719953159072831,4.5579
8556,44,499,11.34,20.9,0,corps,6.718593522430781,5.9414
8557,20,197,9.85,10.2,0,corps,6.717234565437123,1.7988
8558,24,181,7.54,12.0,0,corps,6.715876287752125,5.0296
8559,18,194,10.78,9.3,0,corps,6.714518689036211,4.4738
8560,8,87,10.88,4.9,0,corps,6.713161768949982,6.1138
8561,25,305,12.20,12.4,0,corps,6.711805527154212,2.3959
8562,13,104,8.00,7.1,0,corps,6.710449963309838,5.3383
8563,33,348,10.55,16.0,0,corps,6.709095077077966,2.4999
8564,18,153,8.50,9.3,0,corps,6.707740868119879,3.7797
8565,19,145,7.63,9.8,0,corps,6.706387336097025,3.1381
8566,20,198,9.90,10.2,0,corps,6.705034480671015,1.9417
8567,30,309,10.30,14.7,0,corps,6.703682301503644,2.7062
8568,46,440,9.57,21.8,0,corps,6.70233079825686,3.9790
8569,19,193,10.16,9.8,0,corps,6.700979970592788,2.3781
8570,26,254,9.77,12.9,0,corps,6.699629818173726,2.2518
8571,8,85,10.62,4.9,0,corps,6.698280340662131,5.5099
8572,26,274,10.54,12.9,0,corps,6.696931537720636,4.2163
8573,21,232,11.05,10.7,0,corps,6.695583409012038,1.5437
8574,20,162,8.10,10.2,0,corps,6.694235954199308,3.7552
8575,4,54,13.50,3.1,0,corps,6.692889172945581,1.4099
8576,38,445,11.71,18.2,0,corps,6.691543064914157,5.1995
8577,33,400,12.12,16.0,0,corps,6.690197629768519,1.7222
8578,23,192,8.35,11.6,0,corps,6.688852867172298,2.1455
8579,17,145,8.53,8.9,0,corps,6.687508776789308,3.6278
8580,16,172,10.75,8.4,0,corps,6.68616535828353,1.8726
8581,22,223,10.14,11.1,0,corps,6.684822611319103,1.8203
8582,13,113,8.69,7.1,0,corps,6.683480535560342,3.8397
8583,24,247,10.29,12.0,0,corps,6.68213913067173,1.3071
8584,15,136,9.07,8.0,0,corps,6.6807983963179165,4.2222
8585,31,270,8.71,15.1,0,corps,6.679458332163712,5.5166
8586,32,390,12.19,15.6,0,corps,6.678118937874107,5.2671
8587,18,148,8.22,9.3,0,corps,6.67678021311425,1.5958
8588,22,197,8.95,11.1,0,corps,6.675442157549462,1.3788
8589,17,162,9.53,8.9,0,corps,6.674104770845224,1.3273
8590,39,326,8.36,18.7,0,corps,6.672768052667194,4.2850
8591,20,158,7.90,10.2,0,corps,6.671432002681192,4.9396
8592,16,135,8.44,8.4,0,corps,6.670096620553203,2.9582
8593,25,246,9.84,12.4,0,corps,6.668761905949385,4.3748
8594,32,357,11.16,15.6,0,corps,6.6674278585360565,3.3882
8595,21,208,9.90,10.7,0,corps,6.666094477979705,2.2441
8596,7,55,7.86,4.4,0,corps,6.664761763946989,1.3686
8597,10,78,7.80,5.8,0,corps,6.6634297161047265,6.4633
8598,16,164,10.25,8.4,0,corps,6.662098334119906,3.2275
8599,33,335,10.15,16.0,0,corps,6.660767617659685,5.7974
8600,18,173,9.61,9.3,0,corps,6.659437566391382,4.4426
8601,23,196,8.52,11.6,0,corps,6.6581081799824835,4.3505
8602,8,62,7.75,4.9,0,corps,6.656779458100645,4.3849
8603,18,165,9.17,9.3,0,corps,6.6554514004136855,3.6049
8604,25,301,12.04,12.4,0,corps,6.654124006589591,3.2784
8605,26,231,8.88,12.9,0,corps,6.652797276296507,2.1336
8606,26,286,11.00,12.9,0,corps,6.651471209202758,4.5136
8607,17,173,10.18,8.9,0,corps,6.650145804976828,3.5833
8608,18,155,8.61,9.3,0,corps,6.6488210632873574,5.5348
8609,38,402,10.58,18.2,0,corps,6.647496983803171,5.2227
8610,21,238,11.33,10.7,0,corps,6.646173566193244,3.2168
8611,23,290,12.61,11.6,0,corps,6.64485081012672,3.7214
8612,23,268,11.65,11.6,0,corps,6.6435287152729146,2.7328
8613,14,108,7.71,7.6,0,corps,6.642207281301301,2.1609
8614,24,261,10.88,12.0,0,corps,6.64088650788152,4.7474
8615,21,176,8.38,10.7,0,corps,6.639566394683383,3.0769
8616,34,341,10.03,16.4,0,corps,6.638246941376856,2.9317
8617,11,92,8.36,6.2,0,corps,6.636928147632077,4.1859
8618,26,326,12.54,12.9,0,corps,6.635610013119352,3.4655
8619,17,227,13.35,8.9,0,corps,6.634292537509142,3.4614
8620,25,286,11.44,12.4,0,corps,6.632975720472081,2.8057
8621,26,276,10.62,12.9,0,corps,6.631659561678963,3.2829
8622,7,70,10.00,4.4,0,corps,6.630344060800749,3.7118
8623,6,56,9.33,4.0,0,corps,6.629029217508566,1.5125
8624,18,179,9.94,9.3,0,corps,6.627715031473697,4.2405
8625,13,110,8.46,7.1,0,corps,6.626401502367601,2.5258
8626,18,156,8.67,9.3,0,corps,6.625088629861898,2.9615
8627,53,624,11.77,24.9,0,corps,6.623776413628361,4.7506
8628,44,421,9.57,20.9,0,corps,6.622464853338944,2.5123
8629,26,308,11.85,12.9,0,corps,6.621153948665754,3.1965
8630,24,258,10.75,12.0,0,corps,6.619843699281063,2.7591
8631,24,247,10.29,12.0,0,corps,6.6185341048573125,2.4347
8632,25,184,7.36,12.4,0,corps,6.617225165067101,6.0552
8633,18,172,9.56,9.3,0,corps,6.615916879583194,3.2369
8634,31,296,9.55,15.1,0,corps,6.614609248078521,2.3620
8635,11,93,8.45,6.2,0,corps,6.613302270226173,4.6141
8636,13,128,9.85,7.1,0,corps,6.611995945699409,3.6223
8637,10,81,8.10,5.8,0,corps,6.610690274171641,6.0570
8638,26,268,10.31,12.9,0,corps,6.609385255316457,4.6043
8639,27,294,10.89,13.3,0,corps,6.608080888807601,3.2150
8640,21,189,9.00,10.7,0,corps,6.606777174318978,1.7679
8641,34,307,9.03,16.4,0,corps,6.605474111524666,2.5029
8642,4,34,8.50,3.1,0,corps,6.6041717000988935,1.9609
8643,20,180,9.00,10.2,0,corps,6.602869939716058,2.9607
8644,30,298,9.93,14.7,0,corps,6.6015688300507245,2.6600
8645,31,285,9.19,15.1,0,corps,6.600268370777611,3.8234
8646,30,276,9.20,14.7,0,corps,6.598968561571601,3.1922
8647,22,229,10.41,11.1,0,corps,6.597669402107748,3.0884
8648,19,158,8.32,9.8,0,corps,6.596370892061258,4.6582
8649,27,245,9.07,13.3,0,corps,6.595073031107507,4.4278
8650,15,121,8.07,8.0,0,corps,6.593775818922023,3.7422
8651,22,190,8.64,11.1,0,corps,6.592479255180509,3.6821
8652,13,128,9.85,7.1,0,corps,6.591183339558823,3.2208
8653,31,274,8.84,15.1,0,corps,6.589888071732982,3.5456
8654,18,151,8.39,9.3,0,corps,6.588593451379177,3.5769
8655,32,316,9.88,15.6,0,corps,6.5872994781737475,3.7421
8656,28,283,10.11,13.8,0,corps,6.586006151793199,4.1151
8657,25,237,9.48,12.4,0,corps,6.584713471914203,3.1316
8658,27,242,8.96,13.3,0,corps,6.583421438213589,4.3761
8659,40,487,12.18,19.1,0,corps,6.582130050368345,4.7924
8660,20,185,9.25,10.2,0,corps,6.58083930805563,5.7421
8661,19,167,8.79,9.8,0,corps,6.579549210952757,4.1374
8662,37,383,10.35,17.8,0,corps,6.578259758737197,2.5251
8663,20,189,9.45,10.2,0,corps,6.576970951086592,2.6176
8664,22,178,8.09,11.1,0,corps,6.575682787678739,2.8889
8665,24,214,8.92,12.0,0,corps,6.574395268191593,4.0195
8666,27,244,9.04,13.3,0,corps,6.573108392303278,1.9832
8667,23,214,9.30,11.6,0,corps,6.571822159692077,3.2374
8668,33,460,13.94,16.0,0,corps,6.570536570036428,4.0597
8669,33,355,10.76,16.0,0,corps,6.569251623014933,2.7024
8670,23,198,8.61,11.6,0,corps,6.567967318306361,3.1882
8671,13,149,11.46,7.1,0,corps,6.566683655589631,4.9245
8672,26,240,9.23,12.9,0,corps,6.565400634543825,2.5515
8673,9,79,8.78,5.3,0,corps,6.564118254848195,2.1877
