n_game,score,steps,pas_pomme,fill_pct,victoire,cause,eps,loss
1,2,508,254.00,2.2,0,corps,199.90202449591717,0.1996
2,2,420,210.00,2.2,0,corps,199.8040979673415,0.2552
3,1,508,508.00,1.8,0,famine_truncated,199.70622038979133,0.0678
4,2,83,41.50,2.2,0,corps,199.60839173879728,1.1785
5,0,445,445.00,1.3,0,famine_truncated,199.51061198990217,0.0045
6,1,498,498.00,1.8,0,famine_truncated,199.41288111866112,0.0703
7,2,371,185.50,2.2,0,corps,199.3151991006413,0.2595
8,3,244,81.33,2.7,0,corps,199.21756591142233,0.5407
9,1,647,647.00,1.8,0,famine_truncated,199.11998152659584,0.0554
10,2,301,150.50,2.2,0,corps,199.02244592176575,0.3123
11,3,197,65.67,2.7,0,corps,198.92495907254815,0.6434
12,2,324,162.00,2.2,0,corps,198.82752095457133,0.3076
13,2,107,53.50,2.2,0,corps,198.73013154347575,0.8109
14,2,338,169.00,2.2,0,corps,198.63279081491407,0.2658
15,2,167,83.50,2.2,0,corps,198.53549874455112,0.5638
16,2,276,138.00,2.2,0,corps,198.4382553080639,0.3127
17,0,445,445.00,1.3,0,famine_truncated,198.34106048114148,0.0095
18,0,445,445.00,1.3,0,famine_truncated,198.2439142394852,0.0030
19,2,316,158.00,2.2,0,corps,198.14681655880847,0.3056
20,0,445,445.00,1.3,0,famine_truncated,198.04976741483696,0.0048
21,2,162,81.00,2.2,0,corps,197.95276678330828,0.6098
22,2,515,257.50,2.2,0,corps,197.85581463997227,0.1765
23,2,45,22.50,2.2,0,corps,197.75891096059095,1.8642
24,2,220,110.00,2.2,0,corps,197.66205572093838,0.3548
25,2,450,225.00,2.2,0,corps,197.56524889680077,0.1730
26,2,209,104.50,2.2,0,corps,197.46849046397637,0.4040
27,2,295,147.50,2.2,0,corps,197.3717803982756,0.2718
28,0,445,445.00,1.3,0,famine_truncated,197.27511867552093,0.0082
29,2,330,165.00,2.2,0,corps,197.17850527154695,0.2617
30,2,106,53.00,2.2,0,corps,197.08194016220028,0.7383
31,0,445,445.00,1.3,0,famine_truncated,196.98542332333966,0.0118
32,2,340,170.00,2.2,0,corps,196.8889547308359,0.2366
33,2,99,49.50,2.2,0,corps,196.79253436057178,0.7678
34,2,535,267.50,2.2,0,corps,196.6961621884423,0.1566
35,2,229,114.50,2.2,0,corps,196.59983819035435,0.3107
36,3,282,94.00,2.7,0,corps,196.50356234222696,0.3506
37,2,481,240.50,2.2,0,corps,196.4073346199911,0.1559
38,2,539,269.50,2.2,0,corps,196.31115499958997,0.1427
39,2,360,180.00,2.2,0,corps,196.21502345697857,0.1946
40,2,131,65.50,2.2,0,corps,196.11893996812404,0.4534
41,2,186,93.00,2.2,0,corps,196.0229045090055,0.3894
42,2,616,308.00,2.2,0,corps,195.92691705561407,0.1271
43,2,94,47.00,2.2,0,corps,195.83097758395294,0.6886
44,2,311,155.50,2.2,0,corps,195.73508607003717,0.2326
45,2,228,114.00,2.2,0,corps,195.63924248989392,0.2650
46,1,508,508.00,1.8,0,famine_truncated,195.5434468195623,0.0736
47,2,368,184.00,2.2,0,corps,195.4476990350934,0.1636
48,1,460,460.00,1.8,0,famine_truncated,195.3519991125502,0.0918
49,2,442,221.00,2.2,0,corps,195.25634702800784,0.1712
50,0,445,445.00,1.3,0,famine_truncated,195.1607427575532,0.0282
51,2,579,289.50,2.2,0,corps,195.06518627728525,0.1218
52,0,445,445.00,1.3,0,famine_truncated,194.96967756331486,0.0342
53,0,445,445.00,1.3,0,famine_truncated,194.87421659176488,0.0272
54,2,303,151.50,2.2,0,corps,194.77880333877,0.2135
55,2,187,93.50,2.2,0,corps,194.683437780477,0.3140
56,2,309,154.50,2.2,0,corps,194.5881198930444,0.2133
57,1,806,806.00,1.8,0,famine_truncated,194.49284965264278,0.0685
58,2,96,48.00,2.2,0,corps,194.39762703545455,0.5282
59,2,411,205.50,2.2,0,corps,194.30245201767406,0.1587
60,2,840,420.00,2.2,0,corps,194.2073245755076,0.0859
61,0,445,445.00,1.3,0,famine_truncated,194.11224468517327,0.0351
62,2,508,254.00,2.2,0,corps,194.0172123229011,0.1281
63,2,176,88.00,2.2,0,corps,193.92222746493297,0.2788
64,2,313,156.50,2.2,0,corps,193.82729008752273,0.1094
65,1,821,821.00,1.8,0,famine_truncated,193.73240016693597,0.0531
66,2,480,240.00,2.2,0,corps,193.63755767945028,0.1714
67,2,478,239.00,2.2,0,corps,193.54276260135498,0.1825
68,2,285,142.50,2.2,0,corps,193.44801490895128,0.2158
69,4,321,80.25,3.1,0,corps,193.35331457855233,0.3659
70,0,445,445.00,1.3,0,famine_truncated,193.25866158648302,0.0484
71,0,445,445.00,1.3,0,famine_truncated,193.1640559090801,0.0338
72,2,608,304.00,2.2,0,corps,193.0694975226921,0.1184
73,2,420,210.00,2.2,0,corps,192.9749864036795,0.1538
74,2,267,133.50,2.2,0,corps,192.88052252841447,0.2004
75,1,636,636.00,1.8,0,famine_truncated,192.78610587328106,0.0814
76,2,151,75.50,2.2,0,corps,192.6917364146751,0.4734
77,2,326,163.00,2.2,0,corps,192.59741412900425,0.2025
78,2,522,261.00,2.2,0,corps,192.50313899268787,0.1375
79,2,522,261.00,2.2,0,corps,192.40891098215724,0.1201
80,0,445,445.00,1.3,0,famine_truncated,192.31473007385534,0.0242
81,0,445,445.00,1.3,0,famine_truncated,192.22059624423696,0.0453
82,2,254,127.00,2.2,0,corps,192.1265094697686,0.2357
83,1,617,617.00,1.8,0,famine_truncated,192.03246972692855,0.0799
84,2,301,150.50,2.2,0,corps,191.93847699220697,0.2430
85,1,582,582.00,1.8,0,famine_truncated,191.8445312421056,0.0798
86,2,411,205.50,2.2,0,corps,191.75063245313802,0.1634
87,1,458,458.00,1.8,0,famine_truncated,191.65678060182952,0.1105
88,2,586,293.00,2.2,0,corps,191.56297566471713,0.1213
89,1,448,448.00,1.8,0,famine_truncated,191.46921761834966,0.0910
90,2,447,223.50,2.2,0,corps,191.3755064392876,0.1573
91,1,672,672.00,1.8,0,famine_truncated,191.28184210410308,0.0870
92,2,475,237.50,2.2,0,corps,191.18822458938007,0.1469
93,4,786,196.50,3.1,0,corps,191.09465387171417,0.1544
94,3,184,61.33,2.7,0,corps,191.00112992771275,0.4942
95,2,530,265.00,2.2,0,corps,190.90765273399478,0.1424
96,2,22,11.00,2.2,0,corps,190.81422226719093,2.0066
97,2,318,159.00,2.2,0,corps,190.72083850394364,0.2127
98,1,627,627.00,1.8,0,famine_truncated,190.62750142090695,0.0808
99,1,494,494.00,1.8,0,famine_truncated,190.5342109947466,0.0896
100,2,180,90.00,2.2,0,corps,190.44096720213994,0.4060
101,0,445,445.00,1.3,0,famine_truncated,190.34777001977608,0.0397
102,2,377,188.50,2.2,0,corps,190.2546194243557,0.1637
103,2,421,210.50,2.2,0,corps,190.16151539259113,0.1406
104,3,513,171.00,2.7,0,corps,190.06845790120636,0.1907
105,2,100,50.00,2.2,0,corps,189.97544692693705,0.7597
106,2,180,90.00,2.2,0,corps,189.88248244653045,0.3209
107,1,728,728.00,1.8,0,famine_truncated,189.78956443674542,0.0643
108,2,290,145.00,2.2,0,corps,189.69669287435246,0.2224
109,2,287,143.50,2.2,0,corps,189.6038677361337,0.2113
110,0,445,445.00,1.3,0,famine_truncated,189.51108899888283,0.0386
111,2,370,185.00,2.2,0,corps,189.4183566394052,0.1471
112,2,141,70.50,2.2,0,corps,189.32567063451765,0.4458
113,1,559,559.00,1.8,0,famine_truncated,189.23303096104874,0.0846
114,1,554,554.00,1.8,0,famine_truncated,189.1404375958386,0.0961
115,0,445,445.00,1.3,0,famine_truncated,189.04789051573874,0.0357
116,2,190,95.00,2.2,0,corps,188.95538969761253,0.3032
117,2,205,102.50,2.2,0,corps,188.86293511833466,0.3065
118,2,122,61.00,2.2,0,corps,188.77052675479155,0.4902
119,2,416,208.00,2.2,0,corps,188.6781645838811,0.1436
120,2,710,355.00,2.2,0,corps,188.58584858251274,0.1081
121,2,323,161.50,2.2,0,corps,188.4935787276075,0.2852
122,2,125,62.50,2.2,0,corps,188.4013549960979,0.4969
123,2,364,182.00,2.2,0,corps,188.30917736492802,0.2681
124,2,368,184.00,2.2,0,corps,188.21704581105342,0.2376
125,2,204,102.00,2.2,0,corps,188.12496031144127,0.3323
126,2,365,182.50,2.2,0,corps,188.03292084307012,0.1910
127,2,86,43.00,2.2,0,corps,187.94092738293017,0.7332
128,1,492,492.00,1.8,0,famine_truncated,187.84897990802298,0.1624
129,2,533,266.50,2.2,0,corps,187.75707839536176,0.1746
130,2,213,106.50,2.2,0,corps,187.66522282197107,0.3036
131,2,122,61.00,2.2,0,corps,187.57341316488706,0.5980
132,2,296,148.00,2.2,0,corps,187.4816494011573,0.2826
133,2,332,166.00,2.2,0,corps,187.38993150784083,0.2104
134,3,111,37.00,2.7,0,corps,187.29825946200822,0.7223
135,2,417,208.50,2.2,0,corps,187.20663324074138,0.1713
136,1,815,815.00,1.8,0,famine_truncated,187.11505282113384,0.0905
137,2,101,50.50,2.2,0,corps,187.0235181802905,0.5312
138,2,104,52.00,2.2,0,corps,186.9320292953276,0.5505
139,2,498,249.00,2.2,0,corps,186.84058614337297,0.1762
140,2,381,190.50,2.2,0,corps,186.74918870156588,0.1809
141,2,209,104.50,2.2,0,corps,186.65783694705686,0.3455
142,2,235,117.50,2.2,0,corps,186.56653085700805,0.2425
143,3,276,92.00,2.7,0,corps,186.4752704085929,0.2916
144,2,283,141.50,2.2,0,corps,186.38405557899634,0.2169
145,3,422,140.67,2.7,0,corps,186.2928863454146,0.2129
146,2,605,302.50,2.2,0,corps,186.20176268505537,0.1313
147,2,109,54.50,2.2,0,corps,186.11068457513778,0.4171
148,1,487,487.00,1.8,0,famine_truncated,186.0196519928923,0.1004
149,1,502,502.00,1.8,0,famine_truncated,185.92866491556074,0.0909
150,2,93,46.50,2.2,0,corps,185.83772332039638,0.5267
151,2,335,167.50,2.2,0,corps,185.74682718466377,0.2117
152,2,606,303.00,2.2,0,corps,185.65597648563892,0.1304
153,2,173,86.50,2.2,0,corps,185.56517120060914,0.2706
154,0,445,445.00,1.3,0,famine_truncated,185.47441130687307,0.0522
155,2,269,134.50,2.2,0,corps,185.38369678174084,0.1828
156,2,256,128.00,2.2,0,corps,185.2930276025337,0.2261
157,1,538,538.00,1.8,0,famine_truncated,185.20240374658442,0.0847
158,2,91,45.50,2.2,0,corps,185.11182519123702,0.5198
159,1,508,508.00,1.8,0,famine_truncated,185.02129191384685,0.1053
160,2,117,58.50,2.2,0,corps,184.9308038917806,0.4758
161,2,261,130.50,2.2,0,corps,184.8403611024163,0.1875
162,2,124,62.00,2.2,0,corps,184.74996352314318,0.5766
163,2,445,222.50,2.2,0,corps,184.65961113136188,0.1856
164,2,167,83.50,2.2,0,corps,184.56930390448434,0.3394
165,0,445,445.00,1.3,0,famine_truncated,184.47904181993368,0.0657
166,2,194,97.00,2.2,0,corps,184.38882485514443,0.3160
167,0,445,445.00,1.3,0,famine_truncated,184.29865298756235,0.0256
168,2,197,98.50,2.2,0,corps,184.20852619464443,0.2493
169,2,249,124.50,2.2,0,corps,184.118444453859,0.2459
170,2,231,115.50,2.2,0,corps,184.02840774268566,0.2314
171,2,145,72.50,2.2,0,corps,183.93841603861514,0.4297
172,2,107,53.50,2.2,0,corps,183.8484693191496,0.5373
173,2,280,140.00,2.2,0,corps,183.75856756180232,0.2121
174,2,316,158.00,2.2,0,corps,183.66871074409787,0.2313
175,0,445,445.00,1.3,0,famine_truncated,183.578898843572,0.0512
176,2,114,57.00,2.2,0,corps,183.48913183777182,0.3906
177,2,438,219.00,2.2,0,corps,183.39940970425553,0.1767
178,0,445,445.00,1.3,0,famine_truncated,183.30973242059258,0.0460
179,0,445,445.00,1.3,0,famine_truncated,183.2200999643637,0.0230
180,2,439,219.50,2.2,0,corps,183.13051231316072,0.1710
181,2,437,218.50,2.2,0,corps,183.04096944458678,0.1415
182,2,308,154.00,2.2,0,corps,182.95147133625608,0.1670
183,2,187,93.50,2.2,0,corps,182.8620179657942,0.3028
184,2,141,70.50,2.2,0,corps,182.7726093108377,0.3425
185,0,445,445.00,1.3,0,famine_truncated,182.6832453490345,0.0206
186,2,88,44.00,2.2,0,corps,182.59392605804354,0.4590
187,2,559,279.50,2.2,0,corps,182.50465141553505,0.1376
188,3,206,68.67,2.7,0,corps,182.41542139919034,0.3311
189,2,154,77.00,2.2,0,corps,182.32623598670187,0.4711
190,2,242,121.00,2.2,0,corps,182.23709515577335,0.1961
191,2,40,20.00,2.2,0,corps,182.14799888411957,1.1542
192,2,314,157.00,2.2,0,corps,182.05894714946643,0.1832
193,1,698,698.00,1.8,0,famine_truncated,181.96993992955097,0.0808
194,2,106,53.00,2.2,0,corps,181.88097720212144,0.4153
195,0,445,445.00,1.3,0,famine_truncated,181.79205894493714,0.0216
196,2,150,75.00,2.2,0,corps,181.7031851357685,0.2752
197,2,106,53.00,2.2,0,corps,181.61435575239707,0.4646
198,0,445,445.00,1.3,0,famine_truncated,181.5255707726155,0.0255
199,2,555,277.50,2.2,0,corps,181.43683017422757,0.1271
200,2,235,117.50,2.2,0,corps,181.34813393504808,0.2400
201,1,869,869.00,1.8,0,famine_truncated,181.259482032903,0.1562
202,2,398,199.00,2.2,0,corps,181.17087444562935,0.2301
203,2,288,144.00,2.2,0,corps,181.08231115107526,0.2514
204,2,88,44.00,2.2,0,corps,180.99379212709985,0.3266
205,2,244,122.00,2.2,0,corps,180.90531735157342,0.3241
206,2,335,167.50,2.2,0,corps,180.81688680237724,0.2105
207,2,223,111.50,2.2,0,corps,180.72850045740367,0.3551
208,2,211,105.50,2.2,0,corps,180.64015829455616,0.2772
209,2,557,278.50,2.2,0,corps,180.5518602917491,0.2253
210,2,165,82.50,2.2,0,corps,180.46360642690806,0.3667
211,2,126,63.00,2.2,0,corps,180.37539667796955,0.4486
212,1,451,451.00,1.8,0,famine_truncated,180.28723102288112,0.1681
213,0,445,445.00,1.3,0,famine_truncated,180.19910943960136,0.0549
214,2,415,207.50,2.2,0,corps,180.11103190609987,0.1644
215,2,80,40.00,2.2,0,corps,180.02299840035732,0.4291
216,2,116,58.00,2.2,0,corps,179.93500890036523,0.4044
217,2,121,60.50,2.2,0,corps,179.8470633841263,0.6123
218,2,98,49.00,2.2,0,corps,179.75916182965415,0.6120
219,2,359,179.50,2.2,0,corps,179.67130421497336,0.1879
220,4,384,96.00,3.1,0,corps,179.58349051811953,0.2659
221,2,205,102.50,2.2,0,corps,179.49572071713925,0.3875
222,3,381,127.00,2.7,0,corps,179.40799479009007,0.3680
223,2,86,43.00,2.2,0,corps,179.3203127150405,0.6686
224,2,353,176.50,2.2,0,corps,179.23267447007,0.2036
225,2,98,49.00,2.2,0,corps,179.14508003326907,0.7555
226,0,445,445.00,1.3,0,famine_truncated,179.05752938273903,0.0868
227,2,515,257.50,2.2,0,corps,178.97002249659226,0.2270
228,2,338,169.00,2.2,0,corps,178.88255935295203,0.2325
229,2,136,68.00,2.2,0,corps,178.79513992995254,0.3864
230,2,212,106.00,2.2,0,corps,178.70776420573895,0.2147
231,2,56,28.00,2.2,0,corps,178.6204321584673,0.5871
232,2,201,100.50,2.2,0,corps,178.53314376630465,0.2436
233,2,247,123.50,2.2,0,corps,178.4458990074288,0.3594
234,2,389,194.50,2.2,0,corps,178.35869786002863,0.2919
235,2,213,106.50,2.2,0,corps,178.2715403023038,0.3079
236,2,198,99.00,2.2,0,corps,178.184426312465,0.2986
237,2,249,124.50,2.2,0,corps,178.09735586873367,0.2833
238,2,162,81.00,2.2,0,corps,178.0103289493422,0.3713
239,2,121,60.50,2.2,0,corps,177.92334553253392,0.4581
240,2,323,161.50,2.2,0,corps,177.83640559656286,0.2610
241,2,271,135.50,2.2,0,corps,177.74950911969415,0.4817
242,2,251,125.50,2.2,0,corps,177.66265608020362,0.4789
243,2,335,167.50,2.2,0,corps,177.575846456378,0.2408
244,2,354,177.00,2.2,0,corps,177.48908022651491,0.2612
245,2,337,168.50,2.2,0,corps,177.4023573689228,0.1994
246,2,244,122.00,2.2,0,corps,177.3156778619209,0.4721
247,2,411,205.50,2.2,0,corps,177.22904168383937,0.3319
248,2,251,125.50,2.2,0,corps,177.14244881301917,0.3915
249,3,196,65.33,2.7,0,corps,177.0558992278121,0.4388
250,2,109,54.50,2.2,0,corps,176.9693929065807,0.5922
251,2,257,128.50,2.2,0,corps,176.88292982769846,0.5197
252,1,451,451.00,1.8,0,famine_truncated,176.79650996954953,0.2042
253,2,621,310.50,2.2,0,corps,176.71013331052902,0.2003
254,2,390,195.00,2.2,0,corps,176.62379982904278,0.4012
255,2,159,79.50,2.2,0,corps,176.53750950350735,0.4921
256,3,218,72.67,2.7,0,corps,176.45126231235017,0.4583
257,2,316,158.00,2.2,0,corps,176.36505823400952,0.3013
258,2,147,73.50,2.2,0,corps,176.27889724693432,0.4900
259,3,299,99.67,2.7,0,corps,176.1927793295843,0.3980
260,2,154,77.00,2.2,0,corps,176.10670446043002,0.3479
261,2,359,179.50,2.2,0,corps,176.02067261795273,0.2287
262,2,336,168.00,2.2,0,corps,175.93468378064455,0.3959
263,2,406,203.00,2.2,0,corps,175.84873792700816,0.2622
264,2,257,128.50,2.2,0,corps,175.76283503555717,0.3518
265,2,60,30.00,2.2,0,corps,175.6769750848158,1.0552
266,2,147,73.50,2.2,0,corps,175.59115805331913,0.5042
267,2,32,16.00,2.2,0,corps,175.50538391961285,0.9294
268,2,465,232.50,2.2,0,corps,175.41965266225347,0.3545
269,2,242,121.00,2.2,0,corps,175.33396425980814,0.3374
270,2,182,91.00,2.2,0,corps,175.24831869085475,0.3442
271,2,354,177.00,2.2,0,corps,175.16271593398193,0.2446
272,2,336,168.00,2.2,0,corps,175.077155967789,0.4433
273,2,108,54.00,2.2,0,corps,174.9916387708859,0.5273
274,3,337,112.33,2.7,0,corps,174.90616432189344,0.3638
275,2,337,168.50,2.2,0,corps,174.82073259944292,0.2047
276,2,301,150.50,2.2,0,corps,174.73534358217648,0.2654
277,2,350,175.00,2.2,0,corps,174.64999724874679,0.2678
278,3,275,91.67,2.7,0,corps,174.5646935778173,0.3894
279,2,714,357.00,2.2,0,corps,174.4794325480621,0.3231
280,2,150,75.00,2.2,0,corps,174.39421413816595,0.4948
281,2,443,221.50,2.2,0,corps,174.3090383268242,0.6350
282,2,229,114.50,2.2,0,corps,174.2239050927429,0.5865
283,2,193,96.50,2.2,0,corps,174.13881441463877,0.6032
284,2,361,180.50,2.2,0,corps,174.05376627123917,0.3566
285,2,451,225.50,2.2,0,corps,173.96876064128196,0.3395
286,2,459,229.50,2.2,0,corps,173.88379750351584,0.3646
287,2,142,71.00,2.2,0,corps,173.79887683669995,0.4411
288,2,147,73.50,2.2,0,corps,173.71399861960418,0.5576
289,2,162,81.00,2.2,0,corps,173.62916283100895,0.6893
290,2,192,96.00,2.2,0,corps,173.5443694497053,0.4480
291,2,224,112.00,2.2,0,corps,173.4596184544949,0.7090
292,3,225,75.00,2.7,0,corps,173.37490982418998,0.4710
293,2,479,239.50,2.2,0,corps,173.2902435376134,0.3172
294,2,131,65.50,2.2,0,corps,173.20561957359863,0.8072
295,2,286,143.00,2.2,0,corps,173.12103791098957,0.3895
296,2,434,217.00,2.2,0,corps,173.03649852864092,0.4659
297,4,253,63.25,3.1,0,corps,172.95200140541775,0.6561
298,2,306,153.00,2.2,0,corps,172.86754652019582,0.3206
299,2,224,112.00,2.2,0,corps,172.78313385186138,0.3709
300,2,113,56.50,2.2,0,corps,172.69876337931134,0.5727
301,3,323,107.67,2.7,0,corps,172.61443508145297,0.6588
302,2,453,226.50,2.2,0,corps,172.53014893720427,0.4226
303,2,87,43.50,2.2,0,corps,172.44590492549366,0.7639
304,0,445,445.00,1.3,0,famine_truncated,172.3617030252602,0.3239
305,2,92,46.00,2.2,0,corps,172.27754321545333,0.6588
306,2,189,94.50,2.2,0,corps,172.19342547503317,0.5765
307,2,290,145.00,2.2,0,corps,172.10934978297027,0.3389
308,1,532,532.00,1.8,0,famine_truncated,172.02531611824568,0.3892
309,2,159,79.50,2.2,0,corps,171.941324459851,0.5448
310,2,539,269.50,2.2,0,corps,171.85737478678823,0.2651
311,2,282,141.00,2.2,0,corps,171.7734670780701,0.3345
312,2,328,164.00,2.2,0,corps,171.68960131271962,0.2855
313,2,234,117.00,2.2,0,corps,171.60577746977032,0.5364
314,1,472,472.00,1.8,0,famine_truncated,171.52199552826627,0.3685
315,2,242,121.00,2.2,0,corps,171.438255467262,0.4073
316,2,99,49.50,2.2,0,corps,171.35455726582242,0.7340
317,2,77,38.50,2.2,0,corps,171.27090090302306,0.6968
318,2,104,52.00,2.2,0,corps,171.18728635794977,0.8566
319,2,232,116.00,2.2,0,corps,171.10371360969899,0.4551
320,2,334,167.00,2.2,0,corps,171.02018263737742,0.4034
321,2,117,58.50,2.2,0,corps,170.93669342010242,0.7543
322,2,324,162.00,2.2,0,corps,170.85324593700162,0.3719
323,3,46,15.33,2.7,0,corps,170.7698401672132,1.3340
324,2,431,215.50,2.2,0,corps,170.68647608988567,0.3680
325,2,503,251.50,2.2,0,corps,170.60315368417804,0.3174
326,2,190,95.00,2.2,0,corps,170.5198729292597,0.5023
327,2,349,174.50,2.2,0,corps,170.43663380431045,0.3061
328,2,388,194.00,2.2,0,corps,170.35343628852053,0.3338
329,2,421,210.50,2.2,0,corps,170.27028036109053,0.3107
330,2,71,35.50,2.2,0,corps,170.1871660012315,0.7475
331,2,176,88.00,2.2,0,corps,170.10409318816485,0.4791
332,2,150,75.00,2.2,0,corps,170.02106190112232,0.7122
333,2,400,200.00,2.2,0,corps,169.93807211934617,0.4263
334,2,365,182.50,2.2,0,corps,169.8551238220889,0.4864
335,2,92,46.00,2.2,0,corps,169.77221698861345,0.7670
336,2,414,207.00,2.2,0,corps,169.68935159819313,0.2938
337,2,43,21.50,2.2,0,corps,169.60652763011154,1.2181
338,2,131,65.50,2.2,0,corps,169.52374506366272,0.3945
339,2,50,25.00,2.2,0,corps,169.44100387815107,0.8945
340,2,185,92.50,2.2,0,corps,169.3583040528912,0.5319
341,2,280,140.00,2.2,0,corps,169.27564556720822,0.3784
342,2,220,110.00,2.2,0,corps,169.1930284004375,0.4448
343,2,533,266.50,2.2,0,corps,169.11045253192475,0.2584
344,2,206,103.00,2.2,0,corps,169.02791794102598,0.3148
345,2,324,162.00,2.2,0,corps,168.94542460710758,0.3105
346,3,56,18.67,2.7,0,corps,168.86297250954615,1.2389
347,0,445,445.00,1.3,0,famine_truncated,168.78056162772873,0.1702
348,2,154,77.00,2.2,0,corps,168.69819194105256,0.3593
349,2,210,105.00,2.2,0,corps,168.61586342892525,0.3165
350,2,367,183.50,2.2,0,corps,168.53357607076464,0.2728
351,2,308,154.00,2.2,0,corps,168.4513298459989,0.3738
352,2,252,126.00,2.2,0,corps,168.3691247340665,0.3593
353,2,121,60.50,2.2,0,corps,168.28696071441613,0.7696
354,2,82,41.00,2.2,0,corps,168.20483776650678,0.5906
355,2,361,180.50,2.2,0,corps,168.12275586980775,0.3352
356,2,50,25.00,2.2,0,corps,168.04071500379857,0.9366
357,2,164,82.00,2.2,0,corps,167.95871514796895,0.6745
358,2,196,98.00,2.2,0,corps,167.87675628181896,0.5968
359,2,430,215.00,2.2,0,corps,167.7948383848589,0.2717
360,2,270,135.00,2.2,0,corps,167.71296143660933,0.3443
361,2,138,69.00,2.2,0,corps,167.63112541660092,0.3335
362,2,377,188.50,2.2,0,corps,167.54933030437476,0.1751
363,2,194,97.00,2.2,0,corps,167.467576079482,0.3854
364,2,78,39.00,2.2,0,corps,167.38586272148413,0.8933
365,2,249,124.50,2.2,0,corps,167.30419020995276,0.2787
366,2,284,142.00,2.2,0,corps,167.22255852446983,0.3370
367,3,357,119.00,2.7,0,corps,167.14096764462735,0.3104
368,2,311,155.50,2.2,0,corps,167.05941755002766,0.2582
369,2,96,48.00,2.2,0,corps,166.9779082202832,0.6279
370,2,311,155.50,2.2,0,corps,166.89643963501663,0.3848
371,2,129,64.50,2.2,0,corps,166.81501177386082,0.4580
372,2,181,90.50,2.2,0,corps,166.7336246164588,0.2926
373,2,120,60.00,2.2,0,corps,166.65227814246379,0.4681
374,1,617,617.00,1.8,0,famine_truncated,166.57097233153917,0.1949
375,3,237,79.00,2.7,0,corps,166.48970716335847,0.5394
376,2,470,235.00,2.2,0,corps,166.4084826176054,0.2664
377,2,270,135.00,2.2,0,corps,166.32729867397384,0.3155
378,2,104,52.00,2.2,0,corps,166.2461553121678,0.5746
379,2,572,286.00,2.2,0,corps,166.16505251190142,0.1868
380,2,58,29.00,2.2,0,corps,166.083990252899,0.6596
381,2,190,95.00,2.2,0,corps,166.00296851489503,0.4381
382,2,498,249.00,2.2,0,corps,165.92198727763397,0.3180
383,2,296,148.00,2.2,0,corps,165.8410465208706,0.3243
384,2,97,48.50,2.2,0,corps,165.76014622436975,0.4568
385,2,238,119.00,2.2,0,corps,165.67928636790626,0.2873
386,2,150,75.00,2.2,0,corps,165.59846693126522,0.5171
387,2,268,134.00,2.2,0,corps,165.51768789424173,0.3126
388,2,126,63.00,2.2,0,corps,165.43694923664108,0.5671
389,2,163,81.50,2.2,0,corps,165.35625093827852,0.4757
390,2,159,79.50,2.2,0,corps,165.2755929789796,0.4142
391,2,163,81.50,2.2,0,corps,165.19497533857975,0.4094
392,2,177,88.50,2.2,0,corps,165.11439799692457,0.4825
393,2,333,166.50,2.2,0,corps,165.03386093386973,0.3901
394,2,296,148.00,2.2,0,corps,164.95336412928097,0.3585
395,2,209,104.50,2.2,0,corps,164.87290756303406,0.3830
396,2,142,71.00,2.2,0,corps,164.79249121501488,0.2814
397,2,160,80.00,2.2,0,corps,164.71211506511935,0.2468
398,2,116,58.00,2.2,0,corps,164.6317790932534,0.4291
399,2,323,161.50,2.2,0,corps,164.5514832793331,0.4217
400,3,120,40.00,2.7,0,corps,164.47122760328443,0.6098
401,2,114,57.00,2.2,0,corps,164.39101204504354,0.6733
402,2,553,276.50,2.2,0,corps,164.31083658455645,0.4013
403,2,591,295.50,2.2,0,corps,164.23070120177937,0.3870
404,2,185,92.50,2.2,0,corps,164.15060587667838,0.6144
405,2,210,105.00,2.2,0,corps,164.07055058922973,0.5853
406,2,413,206.50,2.2,0,corps,163.99053531941954,0.4992
407,2,127,63.50,2.2,0,corps,163.91056004724405,0.7639
408,3,179,59.67,2.7,0,corps,163.83062475270938,0.7139
409,2,314,157.00,2.2,0,corps,163.7507294158317,0.8210
410,2,224,112.00,2.2,0,corps,163.67087401663724,0.8091
411,2,387,193.50,2.2,0,corps,163.59105853516215,0.7099
412,2,349,174.50,2.2,0,corps,163.51128295145244,0.7348
413,2,90,45.00,2.2,0,corps,163.43154724556436,0.8909
414,2,464,232.00,2.2,0,corps,163.3518513975639,0.4470
415,2,96,48.00,2.2,0,corps,163.27219538752715,0.9178
416,0,445,445.00,1.3,0,famine_truncated,163.19257919554008,0.5087
417,3,412,137.33,2.7,0,corps,163.11300280169857,0.4534
418,2,140,70.00,2.2,0,corps,163.03346618610863,0.4356
419,2,187,93.50,2.2,0,corps,162.95396932888607,0.4942
420,2,465,232.50,2.2,0,corps,162.87451221015667,0.4494
421,2,491,245.50,2.2,0,corps,162.79509481005613,0.2525
422,2,212,106.00,2.2,0,corps,162.71571710873016,0.6327
423,2,251,125.50,2.2,0,corps,162.63637908633427,0.4109
424,2,287,143.50,2.2,0,corps,162.55708072303398,0.6300
425,2,328,164.00,2.2,0,corps,162.47782199900468,0.3299
426,2,249,124.50,2.2,0,corps,162.39860289443172,0.5399
427,2,309,154.50,2.2,0,corps,162.31942338951032,0.3543
428,2,339,169.50,2.2,0,corps,162.24028346444555,0.4356
429,3,260,86.67,2.7,0,corps,162.1611830994525,0.6473
430,0,445,445.00,1.3,0,famine_truncated,162.08212227475607,0.1639
431,3,212,70.67,2.7,0,corps,162.00310097059102,0.4708
432,2,96,48.00,2.2,0,corps,161.924119167202,0.9681
433,3,221,73.67,2.7,0,corps,161.84517684484365,0.5105
434,2,116,58.00,2.2,0,corps,161.7662739837803,0.5003
435,2,283,141.50,2.2,0,corps,161.68741056428627,0.4501
436,2,127,63.50,2.2,0,corps,161.6085865666457,0.6100
437,1,459,459.00,1.8,0,famine_truncated,161.52980197115258,0.5188
438,2,504,252.00,2.2,0,corps,161.4510567581108,0.3682
439,3,151,50.33,2.7,0,corps,161.372350907834,0.7323
440,2,379,189.50,2.2,0,corps,161.2936844006458,0.4832
441,3,139,46.33,2.7,0,corps,161.21505721687944,0.6899
442,2,300,150.00,2.2,0,corps,161.13646933687826,0.6237
443,2,41,20.50,2.2,0,corps,161.05792074099523,1.7511
444,2,109,54.50,2.2,0,corps,160.9794114095932,0.7407
445,2,220,110.00,2.2,0,corps,160.90094132304483,0.6439
446,2,266,133.00,2.2,0,corps,160.8225104617326,0.5021
447,3,126,42.00,2.7,0,corps,160.74411880604882,0.9207
448,2,432,216.00,2.2,0,corps,160.66576633639556,0.3969
449,2,95,47.50,2.2,0,corps,160.5874530331847,0.9232
450,2,136,68.00,2.2,0,corps,160.50917887683792,0.6451
451,2,88,44.00,2.2,0,corps,160.43094384778664,0.7782
452,2,85,42.50,2.2,0,corps,160.35274792647215,0.8117
453,2,482,241.00,2.2,0,corps,160.27459109334546,0.5106
454,2,472,236.00,2.2,0,corps,160.19647332886737,0.2958
455,2,195,97.50,2.2,0,corps,160.1183946135084,0.5050
456,2,113,56.50,2.2,0,corps,160.04035492774892,0.4983
457,2,591,295.50,2.2,0,corps,159.962354252079,0.4362
458,2,313,156.50,2.2,0,corps,159.8843925669984,0.4332
459,2,276,138.00,2.2,0,corps,159.8064698530168,0.6263
460,2,315,157.50,2.2,0,corps,159.7285860906535,0.4338
461,2,596,298.00,2.2,0,corps,159.65074126043746,0.4310
462,0,445,445.00,1.3,0,famine_truncated,159.57293534290758,0.1971
463,2,133,66.50,2.2,0,corps,159.49516831861234,0.6464
464,2,143,71.50,2.2,0,corps,159.41744016811,0.4729
465,2,275,137.50,2.2,0,corps,159.33975087196853,0.3478
466,0,445,445.00,1.3,0,famine_truncated,159.26210041076556,0.1734
467,2,195,97.50,2.2,0,corps,159.18448876508847,0.4741
468,2,104,52.00,2.2,0,corps,159.10691591553444,1.0344
469,2,182,91.00,2.2,0,corps,159.0293818427102,0.4224
470,3,151,50.33,2.7,0,corps,158.95188652723218,0.4607
471,2,693,346.50,2.2,0,corps,158.87442994972662,0.2652
472,2,104,52.00,2.2,0,corps,158.79701209082933,0.7317
473,3,439,146.33,2.7,0,corps,158.7196329311859,0.4257
474,2,166,83.00,2.2,0,corps,158.6422924514515,0.3993
475,1,565,565.00,1.8,0,famine_truncated,158.56499063229103,0.2314
476,2,178,89.00,2.2,0,corps,158.487727454379,0.4268
477,2,382,191.00,2.2,0,corps,158.41050289839967,0.2826
478,2,40,20.00,2.2,0,corps,158.33331694504685,1.7544
479,2,338,169.00,2.2,0,corps,158.25616957502407,0.2938
480,2,88,44.00,2.2,0,corps,158.1790607690445,0.7497
481,2,201,100.50,2.2,0,corps,158.10199050783086,0.3463
482,3,174,58.00,2.7,0,corps,158.02495877211572,0.5313
483,3,181,60.33,2.7,0,corps,157.94796554264104,0.6023
484,2,346,173.00,2.2,0,corps,157.8710108001586,0.2442
485,3,94,31.33,2.7,0,corps,157.7940945254296,0.7124
486,2,217,108.50,2.2,0,corps,157.71721669922508,0.3218
487,2,106,53.00,2.2,0,corps,157.6403773023255,0.6945
488,2,383,191.50,2.2,0,corps,157.56357631552106,0.2098
489,2,150,75.00,2.2,0,corps,157.4868137196115,0.3573
490,2,274,137.00,2.2,0,corps,157.41008949540617,0.2492
491,2,270,135.00,2.2,0,corps,157.33340362372402,0.2340
492,2,217,108.50,2.2,0,corps,157.25675608539353,0.2164
493,2,55,27.50,2.2,0,corps,157.1801468612529,1.1400
494,2,320,160.00,2.2,0,corps,157.1035759321498,0.2173
495,2,358,179.00,2.2,0,corps,157.02704327894145,0.2198
496,2,109,54.50,2.2,0,corps,156.9505488824947,0.4579
497,2,61,30.50,2.2,0,corps,156.874092723686,0.4880
498,2,192,96.00,2.2,0,corps,156.79767478340128,0.3651
499,2,134,67.00,2.2,0,corps,156.721295042536,0.4335
500,2,130,65.00,2.2,0,corps,156.64495348199537,0.3167
501,2,110,55.00,2.2,0,corps,156.56865008269384,0.6281
502,3,73,24.33,2.7,0,corps,156.49238482555563,0.8187
503,2,82,41.00,2.2,0,corps,156.41615769151446,0.5492
504,2,228,114.00,2.2,0,corps,156.33996866151344,0.3580
505,2,100,50.00,2.2,0,corps,156.26381771650543,0.7508
506,3,99,33.00,2.7,0,corps,156.1877048374526,0.6359
507,2,305,152.50,2.2,0,corps,156.1116300053268,0.2657
508,3,448,149.33,2.7,0,corps,156.03559320110932,0.3114
509,2,479,239.50,2.2,0,corps,155.95959440579088,0.1349
510,2,119,59.50,2.2,0,corps,155.88363360037187,0.3985
511,0,445,445.00,1.3,0,famine_truncated,155.80771076586203,0.1936
512,2,174,87.00,2.2,0,corps,155.7318258832807,0.3396
513,2,409,204.50,2.2,0,corps,155.6559789336566,0.2164
514,2,522,261.00,2.2,0,corps,155.580169898028,0.2218
515,0,445,445.00,1.3,0,famine_truncated,155.50439875744271,0.1300
516,3,571,190.33,2.7,0,corps,155.42866549295792,0.2778
517,2,204,102.00,2.2,0,corps,155.3529700856402,0.4207
518,3,294,98.00,2.7,0,corps,155.27731251656587,0.2944
519,2,340,170.00,2.2,0,corps,155.20169276682046,0.2678
520,2,481,240.50,2.2,0,corps,155.12611081749898,0.3255
521,2,61,30.50,2.2,0,corps,155.050566649706,0.9036
522,3,133,44.33,2.7,0,corps,154.97506024455552,0.8231
523,2,223,111.50,2.2,0,corps,154.89959158317083,0.3019
524,2,54,27.00,2.2,0,corps,154.82416064668487,0.9795
525,2,306,153.00,2.2,0,corps,154.74876741623982,0.4695
526,2,549,274.50,2.2,0,corps,154.67341187298743,0.3409
527,4,416,104.00,3.1,0,corps,154.59809399808876,0.4035
528,2,103,51.50,2.2,0,corps,154.5228137727144,0.6873
529,2,143,71.50,2.2,0,corps,154.44757117804429,0.4301
530,2,335,167.50,2.2,0,corps,154.37236619526772,0.3147
531,2,88,44.00,2.2,0,corps,154.2971988055835,0.8362
532,2,368,184.00,2.2,0,corps,154.22206899019977,0.3947
533,2,89,44.50,2.2,0,corps,154.14697673033405,0.5620
534,2,146,73.00,2.2,0,corps,154.0719220072133,0.4461
535,2,104,52.00,2.2,0,corps,153.99690480207383,0.4745
536,2,196,98.00,2.2,0,corps,153.92192509616135,0.4122
537,2,126,63.00,2.2,0,corps,153.8469828707309,0.5555
538,3,90,30.00,2.7,0,corps,153.772078107047,1.1790
539,2,425,212.50,2.2,0,corps,153.69721078638338,0.4580
540,2,123,61.50,2.2,0,corps,153.62238089002324,0.6080
541,3,158,52.67,2.7,0,corps,153.54758839925907,0.5929
542,2,201,100.50,2.2,0,corps,153.4728332953928,0.4014
543,2,177,88.50,2.2,0,corps,153.39811555973566,0.4189
544,2,152,76.00,2.2,0,corps,153.32343517360815,0.3846
545,2,264,132.00,2.2,0,corps,153.24879211834022,0.3215
546,2,162,81.00,2.2,0,corps,153.17418637527112,0.5477
547,2,190,95.00,2.2,0,corps,153.09961792574938,0.3601
548,2,216,108.00,2.2,0,corps,153.02508675113287,0.4184
549,3,55,18.33,2.7,0,corps,152.95059283278886,1.0595
550,2,66,33.00,2.2,0,corps,152.8761361520938,0.9296
551,3,137,45.67,2.7,0,corps,152.80171669043358,0.7380
552,2,312,156.00,2.2,0,corps,152.7273344292033,0.3690
553,2,73,36.50,2.2,0,corps,152.65298934980743,0.6545
554,2,199,99.50,2.2,0,corps,152.57868143365963,0.3819
555,2,196,98.00,2.2,0,corps,152.50441066218298,0.3909
556,2,166,83.00,2.2,0,corps,152.43017701680975,0.3750
557,2,101,50.50,2.2,0,corps,152.35598047898156,0.5528
558,2,188,94.00,2.2,0,corps,152.2818210301493,0.4106
559,2,281,140.50,2.2,0,corps,152.20769865177303,0.3196
560,2,183,91.50,2.2,0,corps,152.1336133253222,0.3234
561,2,81,40.50,2.2,0,corps,152.05956503227546,0.7750
562,3,139,46.33,2.7,0,corps,151.98555375412076,0.8733
563,2,105,52.50,2.2,0,corps,151.9115794723553,0.6228
564,2,141,70.50,2.2,0,corps,151.83764216848544,0.7431
565,2,196,98.00,2.2,0,corps,151.7637418240269,0.6223
566,2,52,26.00,2.2,0,corps,151.68987842050458,0.9321
567,2,200,100.00,2.2,0,corps,151.61605193945263,0.5593
568,2,167,83.50,2.2,0,corps,151.54226236241445,0.5155
569,2,280,140.00,2.2,0,corps,151.46850967094264,0.4490
570,2,133,66.50,2.2,0,corps,151.394793846599,0.3882
571,2,194,97.00,2.2,0,corps,151.32111487095457,0.4602
572,2,272,136.00,2.2,0,corps,151.24747272558966,0.4811
573,2,351,175.50,2.2,0,corps,151.17386739209368,0.2930
574,2,180,90.00,2.2,0,corps,151.10029885206532,0.5292
575,2,90,45.00,2.2,0,corps,151.02676708711243,0.8845
576,2,88,44.00,2.2,0,corps,150.9532720788521,0.5994
577,2,155,77.50,2.2,0,corps,150.87981380891054,0.2945
578,2,81,40.50,2.2,0,corps,150.80639225892318,0.8976
579,2,67,33.50,2.2,0,corps,150.73300741053467,0.8937
580,3,181,60.33,2.7,0,corps,150.65965924539879,0.5931
581,2,105,52.50,2.2,0,corps,150.58634774517847,0.4606
582,2,542,271.00,2.2,0,corps,150.51307289154585,0.3122
583,3,27,9.00,2.7,0,corps,150.4398346661822,2.8818
584,4,203,50.75,3.1,0,corps,150.366633050778,1.8244
585,3,181,60.33,2.7,0,corps,150.29346802703282,0.5468
586,2,76,38.00,2.2,0,corps,150.22033957665542,0.7930
587,2,124,62.00,2.2,0,corps,150.14724768136364,0.5503
588,2,391,195.50,2.2,0,corps,150.07419232288456,0.2608
589,2,229,114.50,2.2,0,corps,150.00117348295433,0.5115
590,2,226,113.00,2.2,0,corps,149.92819114331826,0.3214
591,2,95,47.50,2.2,0,corps,149.8552452857307,0.5866
592,3,434,144.67,2.7,0,corps,149.7823358919552,0.3262
593,3,371,123.67,2.7,0,corps,149.70946294376446,0.5624
594,3,316,105.33,2.7,0,corps,149.6366264229402,0.4304
595,2,56,28.00,2.2,0,corps,149.56382631127335,0.6987
596,2,254,127.00,2.2,0,corps,149.49106259056379,0.5167
597,3,157,52.33,2.7,0,corps,149.41833524262063,0.6258
598,2,245,122.50,2.2,0,corps,149.34564424926208,0.5558
599,2,118,59.00,2.2,0,corps,149.2729895923153,0.6484
600,2,139,69.50,2.2,0,corps,149.2003712536167,0.5109
601,3,91,30.33,2.7,0,corps,149.12778921501166,0.7633
602,2,317,158.50,2.2,0,corps,149.0552434583547,0.3534
603,2,224,112.00,2.2,0,corps,148.98273396550934,0.4557
604,2,75,37.50,2.2,0,corps,148.91026071834824,0.5222
605,3,146,48.67,2.7,0,corps,148.83782369875306,0.5247
606,2,293,146.50,2.2,0,corps,148.76542288861458,0.4179
607,2,162,81.00,2.2,0,corps,148.69305826983256,0.4162
608,2,97,48.50,2.2,0,corps,148.62072982431587,0.5632
609,3,138,46.00,2.7,0,corps,148.5484375339824,0.8477
610,2,72,36.00,2.2,0,corps,148.47618138075904,0.6053
611,2,251,125.50,2.2,0,corps,148.40396134658178,0.4074
612,2,221,110.50,2.2,0,corps,148.3317774133956,0.4303
613,2,162,81.00,2.2,0,corps,148.25962956315456,0.5420
614,3,90,30.00,2.7,0,corps,148.18751777782165,0.6526
615,2,163,81.50,2.2,0,corps,148.11544203936893,0.3889
616,2,74,37.00,2.2,0,corps,148.04340232977745,0.6917
617,2,162,81.00,2.2,0,corps,147.97139863103735,0.5105
618,2,61,30.50,2.2,0,corps,147.8994309251476,0.7394
619,2,104,52.00,2.2,0,corps,147.82749919411637,0.5189
620,2,175,87.50,2.2,0,corps,147.7556034199607,0.3762
621,2,141,70.50,2.2,0,corps,147.6837435847066,0.4463
622,2,37,18.50,2.2,0,corps,147.61191967038917,1.2676
623,2,123,61.50,2.2,0,corps,147.5401316590524,0.5616
624,2,63,31.50,2.2,0,corps,147.46837953274928,0.8879
625,2,140,70.00,2.2,0,corps,147.3966632735418,0.7309
626,3,108,36.00,2.7,0,corps,147.32498286350088,0.7804
627,2,110,55.00,2.2,0,corps,147.25333828470642,0.6873
628,2,221,110.50,2.2,0,corps,147.18172951924728,0.4638
629,2,84,42.00,2.2,0,corps,147.11015654922127,0.7941
630,2,58,29.00,2.2,0,corps,147.03861935673515,0.9107
631,2,37,18.50,2.2,0,corps,146.96711792390457,1.0881
632,3,168,56.00,2.7,0,corps,146.89565223285425,0.7556
633,2,308,154.00,2.2,0,corps,146.82422226571776,0.6897
634,2,36,18.00,2.2,0,corps,146.75282800463754,1.3212
635,2,145,72.50,2.2,0,corps,146.68146943176507,0.7661
636,2,114,57.00,2.2,0,corps,146.61014652926073,0.7660
637,2,349,174.50,2.2,0,corps,146.53885927929372,0.4842
638,2,132,66.00,2.2,0,corps,146.4676076640423,0.7815
639,2,137,68.50,2.2,0,corps,146.39639166569353,0.5227
640,2,111,55.50,2.2,0,corps,146.32521126644343,0.8557
641,2,178,89.00,2.2,0,corps,146.25406644849687,0.4512
642,3,108,36.00,2.7,0,corps,146.18295719406765,0.6946
643,3,89,29.67,2.7,0,corps,146.1118834853785,1.1405
644,5,184,36.80,3.6,0,corps,146.04084530466096,0.5862
645,2,149,74.50,2.2,0,corps,145.96984263415547,0.4101
646,2,93,46.50,2.2,0,corps,145.8988754561114,0.6720
647,2,388,194.00,2.2,0,corps,145.82794375278692,0.2675
648,2,32,16.00,2.2,0,corps,145.7570475064491,1.1800
649,3,91,30.33,2.7,0,corps,145.68618669937393,1.0454
650,2,48,24.00,2.2,0,corps,145.61536131384617,0.8941
651,2,213,106.50,2.2,0,corps,145.54457133215942,0.4513
652,2,232,116.00,2.2,0,corps,145.4738167366163,0.3821
653,2,126,63.00,2.2,0,corps,145.4030975095281,0.6519
654,3,202,67.33,2.7,0,corps,145.332413633215,0.6155
655,2,123,61.50,2.2,0,corps,145.261765090006,0.4421
656,2,80,40.00,2.2,0,corps,145.19115186223908,1.0270
657,2,334,167.00,2.2,0,corps,145.1205739322608,0.4185
658,2,108,54.00,2.2,0,corps,145.0500312824268,0.5662
659,2,283,141.50,2.2,0,corps,144.9795238951013,0.4132
660,2,113,56.50,2.2,0,corps,144.90905175265755,0.4285
661,2,51,25.50,2.2,0,corps,144.83861483747742,1.2377
662,3,136,45.33,2.7,0,corps,144.7682131319518,0.6572
663,4,59,14.75,3.1,0,corps,144.69784661848016,2.2270
664,2,151,75.50,2.2,0,corps,144.62751527947088,0.7508
665,2,200,100.00,2.2,0,corps,144.55721909734118,0.5158
666,2,65,32.50,2.2,0,corps,144.486958054517,0.8437
667,2,268,134.00,2.2,0,corps,144.41673213343304,0.7024
668,2,141,70.50,2.2,0,corps,144.34654131653286,0.6598
669,2,83,41.50,2.2,0,corps,144.27638558626873,0.8568
670,2,145,72.50,2.2,0,corps,144.20626492510172,0.6374
671,2,110,55.00,2.2,0,corps,144.13617931550172,0.7572
672,2,95,47.50,2.2,0,corps,144.06612873994723,0.7961
673,2,62,31.00,2.2,0,corps,143.99611318092568,0.7830
674,2,190,95.00,2.2,0,corps,143.92613262093312,0.7180
675,2,140,70.00,2.2,0,corps,143.85618704247446,0.5673
676,2,169,84.50,2.2,0,corps,143.78627642806333,0.4939
677,2,103,51.50,2.2,0,corps,143.716400760222,0.8097
678,2,102,51.00,2.2,0,corps,143.6465600214816,0.8123
679,2,471,235.50,2.2,0,corps,143.5767541943819,0.6418
680,2,114,57.00,2.2,0,corps,143.50698326147148,0.7609
681,2,63,31.50,2.2,0,corps,143.43724720530764,0.8633
682,4,128,32.00,3.1,0,corps,143.36754600845632,0.7570
683,3,184,61.33,2.7,0,corps,143.2978796534922,0.7293
684,2,259,129.50,2.2,0,corps,143.22824812299874,0.5464
685,3,368,122.67,2.7,0,corps,143.15865139956804,0.4937
686,3,75,25.00,2.7,0,corps,143.0890894658009,1.0979
687,2,225,112.50,2.2,0,corps,143.01956230430685,0.6829
688,2,92,46.00,2.2,0,corps,142.9500698977041,0.6601
689,2,92,46.00,2.2,0,corps,142.88061222861955,0.7501
690,2,114,57.00,2.2,0,corps,142.8111892796888,0.4811
691,2,129,64.50,2.2,0,corps,142.74180103355607,0.5729
692,4,97,24.25,3.1,0,corps,142.67244747287432,1.0079
693,3,51,17.00,2.7,0,corps,142.60312858030517,1.5842
694,4,195,48.75,3.1,0,corps,142.5338443385189,0.9853
695,2,66,33.00,2.2,0,corps,142.46459473019442,0.6331
696,2,152,76.00,2.2,0,corps,142.39537973801936,0.4751
697,2,207,103.50,2.2,0,corps,142.32619934468994,0.3360
698,2,190,95.00,2.2,0,corps,142.25705353291107,0.4737
699,2,81,40.50,2.2,0,corps,142.1879422853963,0.5861
700,2,187,93.50,2.2,0,corps,142.11886558486785,0.7369
701,2,112,56.00,2.2,0,corps,142.0498234140565,0.6526
702,2,28,14.00,2.2,0,corps,141.9808157557017,0.8759
703,2,238,119.00,2.2,0,corps,141.91184259255158,0.4902
704,3,140,46.67,2.7,0,corps,141.84290390736282,0.5462
705,2,75,37.50,2.2,0,corps,141.77399968290075,0.9272
706,2,225,112.50,2.2,0,corps,141.70512990193936,0.4057
707,3,179,59.67,2.7,0,corps,141.6362945472611,0.3892
708,3,158,52.67,2.7,0,corps,141.56749360165725,0.7111
709,2,113,56.50,2.2,0,corps,141.49872704792747,0.5902
710,2,228,114.00,2.2,0,corps,141.4299948688802,0.4188
711,2,40,20.00,2.2,0,corps,141.36129704733233,1.1114
712,5,192,38.40,3.6,0,corps,141.29263356610946,0.6221
713,2,211,105.50,2.2,0,corps,141.2240044080457,0.5681
714,2,104,52.00,2.2,0,corps,141.15540955598377,0.5496
715,2,64,32.00,2.2,0,corps,141.08684899277492,0.6928
716,2,226,113.00,2.2,0,corps,141.01832270127903,0.5096
717,2,256,128.00,2.2,0,corps,140.94983066436455,0.3589
718,2,49,24.50,2.2,0,corps,140.88137286490843,0.8274
719,2,148,74.00,2.2,0,corps,140.81294928579624,0.4852
720,2,74,37.00,2.2,0,corps,140.74455990992206,0.5363
721,3,231,77.00,2.7,0,corps,140.67620472018865,0.6400
722,2,27,13.50,2.2,0,corps,140.60788369950706,1.4765
723,2,47,23.50,2.2,0,corps,140.5395968307971,1.1583
724,2,38,19.00,2.2,0,corps,140.4713440969871,1.3310
725,4,228,57.00,3.1,0,corps,140.40312548101383,1.7861
726,2,90,45.00,2.2,0,corps,140.33494096582265,0.6993
727,3,90,30.00,2.7,0,corps,140.26679053436737,0.8191
728,3,74,24.67,2.7,0,corps,140.19867416961048,1.1496
729,2,281,140.50,2.2,0,corps,140.13059185452283,0.4276
730,3,280,93.33,2.7,0,corps,140.06254357208385,0.5820
731,2,127,63.50,2.2,0,corps,139.9945293052815,0.6411
732,3,194,64.67,2.7,0,corps,139.92654903711215,0.6829
733,2,342,171.00,2.2,0,corps,139.8586027505808,0.3361
734,2,239,119.50,2.2,0,corps,139.79069042870077,0.5227
735,2,88,44.00,2.2,0,corps,139.7228120544941,0.9246
736,2,59,29.50,2.2,0,corps,139.65496761099118,0.8248
737,2,56,28.00,2.2,0,corps,139.58715708123083,0.7798
738,2,74,37.00,2.2,0,corps,139.51938044826048,0.5654
739,3,100,33.33,2.7,0,corps,139.4516376951359,1.0083
740,2,85,42.50,2.2,0,corps,139.3839288049215,0.7112
741,2,437,218.50,2.2,0,corps,139.31625376069002,0.4796
742,2,61,30.50,2.2,0,corps,139.24861254552266,0.8237
743,2,60,30.00,2.2,0,corps,139.18100514250912,0.8273
744,2,66,33.00,2.2,0,corps,139.1134315347476,0.8899
745,2,185,92.50,2.2,0,corps,139.04589170534464,0.5101
746,2,150,75.00,2.2,0,corps,138.97838563741533,0.7517
747,2,98,49.00,2.2,0,corps,138.91091331408313,0.9322
748,4,101,25.25,3.1,0,corps,138.84347471847997,1.0672
749,2,209,104.50,2.2,0,corps,138.77606983374616,0.5829
750,2,53,26.50,2.2,0,corps,138.70869864303057,0.8487
751,2,48,24.00,2.2,0,corps,138.6413611294903,0.9463
752,3,444,148.00,2.7,0,corps,138.574057276291,0.4921
753,3,105,35.00,2.7,0,corps,138.50678706660673,0.7276
754,2,229,114.50,2.2,0,corps,138.43955048361997,0.6405
755,2,206,103.00,2.2,0,corps,138.37234751052148,0.4929
756,2,240,120.00,2.2,0,corps,138.30517813051057,0.4061
757,3,115,38.33,2.7,0,corps,138.2380423267949,0.7947
758,2,124,62.00,2.2,0,corps,138.17094008259053,0.5216
759,3,419,139.67,2.7,0,corps,138.10387138112188,0.5542
760,2,76,38.00,2.2,0,corps,138.03683620562174,0.7889
761,2,138,69.00,2.2,0,corps,137.96983453933137,0.5485
762,2,64,32.00,2.2,0,corps,137.90286636550033,0.6401
763,2,100,50.00,2.2,0,corps,137.8359316673866,0.6573
764,2,31,15.50,2.2,0,corps,137.76903042825646,1.6071
765,2,325,162.50,2.2,0,corps,137.70216263138465,0.4788
766,2,170,85.00,2.2,0,corps,137.63532826005417,0.5665
767,2,59,29.50,2.2,0,corps,137.56852729755644,0.9201
768,2,363,181.50,2.2,0,corps,137.50175972719123,0.2717
769,2,131,65.50,2.2,0,corps,137.43502553226668,0.5156
770,2,34,17.00,2.2,0,corps,137.3683246960992,1.8184
771,3,114,38.00,2.7,0,corps,137.30165720201356,0.6001
772,2,54,27.00,2.2,0,corps,137.2350230333429,0.8633
773,2,34,17.00,2.2,0,corps,137.16842217342875,1.4292
774,2,178,89.00,2.2,0,corps,137.10185460562082,0.5855
775,3,213,71.00,2.7,0,corps,137.0353203132772,0.7492
776,3,92,30.67,2.7,0,corps,136.96881927976438,1.0329
777,3,184,61.33,2.7,0,corps,136.9023514884571,0.6471
778,2,146,73.00,2.2,0,corps,136.83591692273833,0.7258
779,2,146,73.00,2.2,0,corps,136.7695155659995,0.7024
780,2,29,14.50,2.2,0,corps,136.70314740164028,1.0542
781,3,222,74.00,2.7,0,corps,136.63681241306858,0.4976
782,2,357,178.50,2.2,0,corps,136.57051058370067,0.4196
783,2,57,28.50,2.2,0,corps,136.5042418969611,0.9218
784,2,44,22.00,2.2,0,corps,136.43800633628268,1.4995
785,2,219,109.50,2.2,0,corps,136.37180388510657,0.4399
786,3,144,48.00,2.7,0,corps,136.3056345268821,0.7635
787,2,288,144.00,2.2,0,corps,136.23949824506695,0.5281
788,2,68,34.00,2.2,0,corps,136.17339502312706,0.6492
789,2,238,119.00,2.2,0,corps,136.1073248445366,0.3986
790,2,231,115.50,2.2,0,corps,136.04128769277807,0.3689
791,2,75,37.50,2.2,0,corps,135.97528355134213,0.6160
792,3,126,42.00,2.7,0,corps,135.9093124037277,0.7047
793,2,54,27.00,2.2,0,corps,135.84337423344215,1.0186
794,3,139,46.33,2.7,0,corps,135.7774690240008,0.7072
795,2,176,88.00,2.2,0,corps,135.71159675892744,0.5748
796,3,161,53.67,2.7,0,corps,135.6457574217539,0.6283
797,3,248,82.67,2.7,0,corps,135.57995099602041,0.5918
798,2,126,63.00,2.2,0,corps,135.5141774652754,0.5467
799,2,71,35.50,2.2,0,corps,135.4484368130754,0.4179
800,2,123,61.50,2.2,0,corps,135.3827290229853,0.6602
801,3,141,47.00,2.7,0,corps,135.31705407857814,0.6417
802,2,96,48.00,2.2,0,corps,135.25141196343517,0.6314
803,2,276,138.00,2.2,0,corps,135.18580266114589,0.4319
804,2,208,104.00,2.2,0,corps,135.12022615530796,0.4545
805,2,69,34.50,2.2,0,corps,135.05468242952725,0.7082
806,2,136,68.00,2.2,0,corps,134.98917146741783,0.6285
807,2,77,38.50,2.2,0,corps,134.92369325260196,0.8633
808,2,128,64.00,2.2,0,corps,134.85824776871007,0.5729
809,3,88,29.33,2.7,0,corps,134.7928349993808,0.9082
810,2,91,45.50,2.2,0,corps,134.72745492826098,0.4778
811,2,64,32.00,2.2,0,corps,134.66210753900558,0.7047
812,2,69,34.50,2.2,0,corps,134.59679281527772,0.7989
813,3,93,31.00,2.7,0,corps,134.53151074074876,0.6911
814,2,97,48.50,2.2,0,corps,134.46626129909816,0.5881
815,2,85,42.50,2.2,0,corps,134.4010444740136,0.4432
816,2,85,42.50,2.2,0,corps,134.33586024919077,1.1625
817,3,61,20.33,2.7,0,corps,134.27070860833373,1.2193
818,2,130,65.00,2.2,0,corps,134.2055895351545,0.5747
819,2,90,45.00,2.2,0,corps,134.14050301337332,0.6711
820,2,220,110.00,2.2,0,corps,134.0754490267186,0.5265
821,4,146,36.50,3.1,0,corps,134.0104275589268,1.0886
822,2,63,31.50,2.2,0,corps,133.94543859374258,0.8571
823,2,36,18.00,2.2,0,corps,133.88048211491866,1.2256
824,2,60,30.00,2.2,0,corps,133.81555810621597,0.6100
825,3,84,28.00,2.7,0,corps,133.75066655140347,0.8192
826,3,93,31.00,2.7,0,corps,133.6858074342583,0.9488
827,2,63,31.50,2.2,0,corps,133.62098073856563,0.7529
828,2,44,22.00,2.2,0,corps,133.55618644811886,1.0062
829,4,213,53.25,3.1,0,corps,133.49142454671934,0.7776
830,3,183,61.00,2.7,0,corps,133.42669501817664,0.5303
831,3,217,72.33,2.7,0,corps,133.36199784630838,0.4003
832,2,215,107.50,2.2,0,corps,133.29733301494025,0.3348
833,2,179,89.50,2.2,0,corps,133.23270050790606,0.5404
834,2,307,153.50,2.2,0,corps,133.16810030904767,0.3714
835,3,67,22.33,2.7,0,corps,133.10353240221502,0.9003
836,2,156,78.00,2.2,0,corps,133.0389967712661,0.4034
837,2,410,205.00,2.2,0,corps,132.97449340006713,0.3326
838,2,102,51.00,2.2,0,corps,132.91002227249214,0.4595
839,3,66,22.00,2.7,0,corps,132.8455833724234,0.7653
840,3,255,85.00,2.7,0,corps,132.78117668375114,0.5099
841,3,104,34.67,2.7,0,corps,132.71680219037373,1.0989
842,2,229,114.50,2.2,0,corps,132.65245987619755,0.5405
843,4,112,28.00,3.1,0,corps,132.58814972513701,0.9193
844,2,100,50.00,2.2,0,corps,132.5238717211146,0.6634
845,2,69,34.50,2.2,0,corps,132.45962584806074,0.8897
846,2,105,52.50,2.2,0,corps,132.39541208991403,0.7214
847,2,125,62.50,2.2,0,corps,132.33123043062102,0.7900
848,2,100,50.00,2.2,0,corps,132.26708085413628,0.6243
849,2,147,73.50,2.2,0,corps,132.20296334442241,0.5102
850,2,129,64.50,2.2,0,corps,132.13887788545006,0.6265
851,3,131,43.67,2.7,0,corps,132.07482446119786,0.9852
852,2,42,21.00,2.2,0,corps,132.01080305565242,0.9653
853,3,101,33.67,2.7,0,corps,131.94681365280843,0.8510
854,2,62,31.00,2.2,0,corps,131.8828562366685,1.1995
855,2,58,29.00,2.2,0,corps,131.8189307912433,0.8229
856,2,139,69.50,2.2,0,corps,131.75503730055146,0.5581
857,2,168,84.00,2.2,0,corps,131.69117574861963,0.6708
858,2,30,15.00,2.2,0,corps,131.62734611948238,0.8752
859,2,24,12.00,2.2,0,corps,131.56354839718233,1.7470
860,2,67,33.50,2.2,0,corps,131.49978256577003,0.5443
861,2,126,63.00,2.2,0,corps,131.43604860930407,0.7857
862,3,163,54.33,2.7,0,corps,131.37234651185094,0.8511
863,2,119,59.50,2.2,0,corps,131.30867625748505,0.7017
864,3,166,55.33,2.7,0,corps,131.24503783028888,0.6351
865,2,55,27.50,2.2,0,corps,131.18143121435287,0.9218
866,2,116,58.00,2.2,0,corps,131.1178563937753,0.6210
867,2,117,58.50,2.2,0,corps,131.05431335266252,0.7125
868,4,43,10.75,3.1,0,corps,130.99080207512873,1.6181
869,2,196,98.00,2.2,0,corps,130.9273225452961,0.5762
870,2,102,51.00,2.2,0,corps,130.8638747472948,0.7615
871,2,70,35.00,2.2,0,corps,130.8004586652628,0.9491
872,2,107,53.50,2.2,0,corps,130.73707428334617,0.5795
873,3,88,29.33,2.7,0,corps,130.67372158569876,1.0605
874,2,58,29.00,2.2,0,corps,130.6104005564824,1.6669
875,3,106,35.33,2.7,0,corps,130.54711117986685,0.7832
876,2,107,53.50,2.2,0,corps,130.48385344002972,0.6808
877,2,287,143.50,2.2,0,corps,130.42062732115664,0.2313
878,3,87,29.00,2.7,0,corps,130.35743280744106,0.9416
879,2,239,119.50,2.2,0,corps,130.29426988308433,0.6182
880,3,284,94.67,2.7,0,corps,130.23113853229572,0.6004
881,2,215,107.50,2.2,0,corps,130.1680387392924,0.7017
882,3,148,49.33,2.7,0,corps,130.10497048829941,0.9623
883,2,126,63.00,2.2,0,corps,130.04193376354974,1.0715
884,2,55,27.50,2.2,0,corps,129.97892854928412,0.9740
885,2,99,49.50,2.2,0,corps,129.9159548297513,0.6674
886,2,70,35.00,2.2,0,corps,129.85301258920788,0.9879
887,2,79,39.50,2.2,0,corps,129.79010181191825,0.5860
888,2,169,84.50,2.2,0,corps,129.7272224821547,0.7056
889,2,141,70.50,2.2,0,corps,129.66437458419745,0.6209
890,2,59,29.50,2.2,0,corps,129.60155810233448,1.5865
891,3,129,43.00,2.7,0,corps,129.5387730208617,0.8036
892,2,70,35.00,2.2,0,corps,129.47601932408284,1.0171
893,3,93,31.00,2.7,0,corps,129.41329699630944,0.7723
894,5,101,20.20,3.6,0,corps,129.35060602186098,1.3675
895,2,120,60.00,2.2,0,corps,129.28794638506466,0.7062
896,2,99,49.50,2.2,0,corps,129.22531807025558,0.5934
897,2,28,14.00,2.2,0,corps,129.16272106177667,1.8117
898,2,61,30.50,2.2,0,corps,129.10015534397868,0.7043
899,2,94,47.00,2.2,0,corps,129.0376209012202,1.1961
900,3,145,48.33,2.7,0,corps,128.9751177178676,0.8549
901,2,53,26.50,2.2,0,corps,128.91264577829503,1.0045
902,2,47,23.50,2.2,0,corps,128.85020506688457,1.0981
903,3,57,19.00,2.7,0,corps,128.78779556802604,0.7978
904,3,65,21.67,2.7,0,corps,128.72541726611706,0.7027
905,4,330,82.50,3.1,0,corps,128.66307014556304,1.3317
906,2,129,64.50,2.2,0,corps,128.6007541907772,0.7885
907,2,72,36.00,2.2,0,corps,128.53846938618054,0.6423
908,2,178,89.00,2.2,0,corps,128.47621571620192,0.6016
909,4,191,47.75,3.1,0,corps,128.41399316527784,0.7227
910,5,415,83.00,3.6,0,corps,128.35180171785274,0.4764
911,2,46,23.00,2.2,0,corps,128.28964135837867,0.9275
912,6,187,31.17,4.0,0,corps,128.2275120713156,0.7223
913,2,25,12.50,2.2,0,corps,128.1654138411312,1.4031
914,2,94,47.00,2.2,0,corps,128.10334665230093,0.4437
915,2,62,31.00,2.2,0,corps,128.04131048930793,0.6660
916,2,238,119.00,2.2,0,corps,127.97930533664324,0.5513
917,2,60,30.00,2.2,0,corps,127.91733117880548,0.6932
918,2,71,35.50,2.2,0,corps,127.8553880003012,0.7545
919,2,330,165.00,2.2,0,corps,127.79347578564455,0.2655
920,4,221,55.25,3.1,0,corps,127.7315945193575,0.5084
921,2,79,39.50,2.2,0,corps,127.6697441859697,1.0805
922,2,344,172.00,2.2,0,corps,127.60792477001863,0.5270
923,2,56,28.00,2.2,0,corps,127.54613625604935,2.2456
924,2,185,92.50,2.2,0,corps,127.48437862861482,0.6796
925,2,89,44.50,2.2,0,corps,127.42265187227557,1.0499
926,4,76,19.00,3.1,0,corps,127.36095597159994,1.3120
927,3,92,30.67,2.7,0,corps,127.29929091116392,0.8076
928,3,111,37.00,2.7,0,corps,127.23765667555129,1.1566
929,4,117,29.25,3.1,0,corps,127.17605324935346,1.0294
930,3,120,40.00,2.7,0,corps,127.11448061716959,0.5908
931,3,53,17.67,2.7,0,corps,127.05293876360653,1.3378
932,3,168,56.00,2.7,0,corps,126.99142767327878,1.1465
933,3,98,32.67,2.7,0,corps,126.9299473308086,0.8734
934,2,127,63.50,2.2,0,corps,126.86849772082589,0.7852
935,2,87,43.50,2.2,0,corps,126.80707882796827,0.7793
936,2,105,52.50,2.2,0,corps,126.74569063688097,0.5675
937,2,180,90.00,2.2,0,corps,126.68433313221699,0.6795
938,2,58,29.00,2.2,0,corps,126.6230062986369,0.8067
939,2,133,66.50,2.2,0,corps,126.56171012080905,0.7606
940,5,74,14.80,3.6,0,corps,126.50044458340935,2.4631
941,2,126,63.00,2.2,0,corps,126.43920967112146,0.7667
942,2,26,13.00,2.2,0,corps,126.37800536863662,1.1792
943,2,38,19.00,2.2,0,corps,126.31683166065373,1.0982
944,2,67,33.50,2.2,0,corps,126.25568853187943,1.1625
945,3,168,56.00,2.7,0,corps,126.19457596702787,0.5710
946,4,67,16.75,3.1,0,corps,126.13349395082093,1.3871
947,3,203,67.67,2.7,0,corps,126.07244246798817,0.6402
948,3,109,36.33,2.7,0,corps,126.0114215032666,0.7760
949,2,102,51.00,2.2,0,corps,125.95043104140106,0.5627
950,2,157,78.50,2.2,0,corps,125.88947106714394,0.5332
951,4,108,27.00,3.1,0,corps,125.82854156525521,0.5713
952,2,97,48.50,2.2,0,corps,125.7676425205025,0.5470
953,2,79,39.50,2.2,0,corps,125.70677391766105,0.7502
954,4,68,17.00,3.1,0,corps,125.64593574151372,1.1898
955,3,282,94.00,2.7,0,corps,125.58512797685096,0.4452
956,2,345,172.50,2.2,0,corps,125.52435060847083,0.3285
957,3,166,55.33,2.7,0,corps,125.46360362117896,0.5704
958,2,38,19.00,2.2,0,corps,125.40288699978865,1.2507
959,3,86,28.67,2.7,0,corps,125.34220072912072,0.8424
960,2,38,19.00,2.2,0,corps,125.2815447940036,0.8283
961,4,119,29.75,3.1,0,corps,125.22091917927331,0.8269
962,2,122,61.00,2.2,0,corps,125.16032386977346,0.7566
963,2,150,75.00,2.2,0,corps,125.0997588503552,0.4292
964,4,104,26.00,3.1,0,corps,125.0392241058773,0.7432
965,2,82,41.00,2.2,0,corps,124.97871962120601,0.6221
966,2,125,62.50,2.2,0,corps,124.9182453812153,0.5115
967,2,107,53.50,2.2,0,corps,124.85780137078655,0.5574
968,3,173,57.67,2.7,0,corps,124.79738757480878,0.5753
969,3,240,80.00,2.7,0,corps,124.7370039781785,0.4354
970,4,127,31.75,3.1,0,corps,124.67665056579989,3.3030
971,4,205,51.25,3.1,0,corps,124.61632732258454,0.7142
972,2,79,39.50,2.2,0,corps,124.55603423345163,0.7847
973,2,84,42.00,2.2,0,corps,124.4957712833279,0.8653
974,2,124,62.00,2.2,0,corps,124.43553845714763,0.5561
975,3,158,52.67,2.7,0,corps,124.3753357398526,0.4343
976,3,186,62.00,2.7,0,corps,124.31516311639214,0.5771
977,2,113,56.50,2.2,0,corps,124.25502057172308,0.4176
978,2,170,85.00,2.2,0,corps,124.19490809080978,0.3441
979,2,133,66.50,2.2,0,corps,124.13482565862415,0.4223
980,2,73,36.50,2.2,0,corps,124.07477326014555,0.7701
981,2,47,23.50,2.2,0,corps,124.01475088036089,0.9539
982,2,107,53.50,2.2,0,corps,123.95475850426459,0.6064
983,3,70,23.33,2.7,0,corps,123.89479611685852,0.8712
984,4,265,66.25,3.1,0,corps,123.83486370315211,0.6034
985,3,294,98.00,2.7,0,corps,123.77496124816226,0.4934
986,3,54,18.00,2.7,0,corps,123.7150887369133,0.7564
987,8,134,16.75,4.9,0,corps,123.6552461544372,1.4674
988,3,104,34.67,2.7,0,corps,123.59543348577324,0.9014
989,2,100,50.00,2.2,0,corps,123.53565071596829,0.6806
990,2,123,61.50,2.2,0,corps,123.47589783007662,0.5477
991,2,94,47.00,2.2,0,corps,123.41617481316005,0.4417
992,2,101,50.50,2.2,0,corps,123.35648165028779,0.7990
993,2,202,101.00,2.2,0,corps,123.29681832653657,0.4858
994,2,93,46.50,2.2,0,corps,123.23718482699056,0.8045
995,4,152,38.00,3.1,0,corps,123.17758113674138,3.1492
996,3,47,15.67,2.7,0,corps,123.11800724088806,1.4493
997,2,11,5.50,2.2,0,corps,123.05846312453723,4.1419
998,2,186,93.00,2.2,0,corps,122.99894877280278,0.5927
999,3,119,39.67,2.7,0,corps,122.93946417080615,0.5716
1000,3,177,59.00,2.7,0,corps,122.88000930367615,0.4327
1001,2,52,26.00,2.2,0,corps,122.82058415654913,0.7907
1002,3,111,37.00,2.7,0,corps,122.76118871456876,1.0224
1003,3,66,22.00,2.7,0,corps,122.70182296288617,1.0098
1004,5,217,43.40,3.6,0,corps,122.64248688665995,0.8861
1005,2,152,76.00,2.2,0,corps,122.58318047105607,0.3136
1006,2,138,69.00,2.2,0,corps,122.52390370124793,0.6863
1007,3,367,122.33,2.7,0,corps,122.46465656241632,0.4144
1008,2,94,47.00,2.2,0,corps,122.40543903974948,0.5717
1009,2,141,70.50,2.2,0,corps,122.34625111844304,0.6363
1010,3,151,50.33,2.7,0,corps,122.28709278369993,0.4289
1011,2,66,33.00,2.2,0,corps,122.22796402073071,0.4737
1012,2,20,10.00,2.2,0,corps,122.16886481475304,2.3476
1013,3,45,15.00,2.7,0,corps,122.10979515099223,0.9164
1014,2,35,17.50,2.2,0,corps,122.05075501468082,0.7817
1015,3,146,48.67,2.7,0,corps,121.99174439105877,0.5504
1016,2,102,51.00,2.2,0,corps,121.93276326537344,0.5394
1017,4,134,33.50,3.1,0,corps,121.87381162287953,0.7146
1018,2,199,99.50,2.2,0,corps,121.81488944883915,0.4170
1019,2,157,78.50,2.2,0,corps,121.75599672852175,0.4409
1020,2,61,30.50,2.2,0,corps,121.69713344720412,0.4482
1021,2,57,28.50,2.2,0,corps,121.63829959017048,1.0046
1022,2,72,36.00,2.2,0,corps,121.57949514271236,1.0544
1023,3,64,21.33,2.7,0,corps,121.52072009012865,1.1463
1024,4,208,52.00,3.1,0,corps,121.46197441772553,0.9919
1025,4,103,25.75,3.1,0,corps,121.40325811081667,1.3102
1026,2,111,55.50,2.2,0,corps,121.34457115472293,1.2796
1027,2,138,69.00,2.2,0,corps,121.28591353477259,0.8999
1028,2,38,19.00,2.2,0,corps,121.22728523630121,1.5245
1029,2,50,25.00,2.2,0,corps,121.16868624465182,0.8362
1030,3,115,38.33,2.7,0,corps,121.11011654517453,0.8207
1031,4,55,13.75,3.1,0,corps,121.05157612322705,1.5000
1032,3,209,69.67,2.7,0,corps,120.99306496417417,0.7348
1033,3,168,56.00,2.7,0,corps,120.93458305338815,0.8080
1034,2,141,70.50,2.2,0,corps,120.87613037624851,0.7287
1035,3,186,62.00,2.7,0,corps,120.81770691814206,0.8844
1036,2,44,22.00,2.2,0,corps,120.75931266446295,1.1626
1037,2,20,10.00,2.2,0,corps,120.70094760061265,2.8740
1038,8,307,38.38,4.9,0,corps,120.64261171199982,0.9606
1039,2,26,13.00,2.2,0,corps,120.58430498404053,2.2192
1040,5,129,25.80,3.6,0,corps,120.52602740215809,4.0096
1041,2,268,134.00,2.2,0,corps,120.46777895178313,0.5975
1042,2,64,32.00,2.2,0,corps,120.40955961835347,1.1395
1043,2,81,40.50,2.2,0,corps,120.35136938731436,0.8209
1044,4,122,30.50,3.1,0,corps,120.2932082441182,1.0486
1045,4,134,33.50,3.1,0,corps,120.2350761742247,1.1996
1046,2,61,30.50,2.2,0,corps,120.17697316310085,0.8785
1047,4,207,51.75,3.1,0,corps,120.1188991962209,0.8560
1048,4,74,18.50,3.1,0,corps,120.06085425906635,1.0688
1049,2,63,31.50,2.2,0,corps,120.00283833712595,0.9359
1050,2,88,44.00,2.2,0,corps,119.94485141589577,1.0915
1051,2,52,26.00,2.2,0,corps,119.88689348087904,1.0712
1052,3,45,15.00,2.7,0,corps,119.82896451758627,1.2962
1053,2,62,31.00,2.2,0,corps,119.77106451153523,2.2069
1054,2,91,45.50,2.2,0,corps,119.71319344825093,0.8668
1055,2,84,42.00,2.2,0,corps,119.65535131326558,0.8987
1056,2,46,23.00,2.2,0,corps,119.59753809211868,1.2395
1057,2,75,37.50,2.2,0,corps,119.53975377035692,1.0832
1058,2,25,12.50,2.2,0,corps,119.48199833353416,1.6319
1059,2,62,31.00,2.2,0,corps,119.42427176721162,1.3935
1060,2,39,19.50,2.2,0,corps,119.3665740569576,1.1438
1061,2,383,191.50,2.2,0,corps,119.30890518834774,0.3304
1062,4,59,14.75,3.1,0,corps,119.25126514696474,1.2213
1063,4,51,12.75,3.1,0,corps,119.19365391839862,1.3523
1064,2,148,74.00,2.2,0,corps,119.13607148824659,0.5924
1065,2,35,17.50,2.2,0,corps,119.07851784211306,1.3395
1066,2,49,24.50,2.2,0,corps,119.02099296560955,0.8780
1067,2,54,27.00,2.2,0,corps,118.96349684435489,0.7358
1068,2,119,59.50,2.2,0,corps,118.90602946397506,0.7629
1069,3,78,26.00,2.7,0,corps,118.84859081010318,1.3579
1070,4,64,16.00,3.1,0,corps,118.79118086837957,1.1211
1071,2,139,69.50,2.2,0,corps,118.7337996244518,0.7510
1072,2,43,21.50,2.2,0,corps,118.67644706397455,1.1447
1073,2,78,39.00,2.2,0,corps,118.61912317260965,0.8815
1074,2,78,39.00,2.2,0,corps,118.56182793602615,0.6224
1075,2,104,52.00,2.2,0,corps,118.50456133990022,0.4462
1076,5,74,14.80,3.6,0,corps,118.44732336991524,1.0773
1077,5,79,15.80,3.6,0,corps,118.39011401176167,1.2035
1078,2,162,81.00,2.2,0,corps,118.3329332511372,0.5286
1079,4,56,14.00,3.1,0,corps,118.27578107374666,1.5348
1080,3,105,35.00,2.7,0,corps,118.21865746530197,0.8231
1081,2,96,48.00,2.2,0,corps,118.16156241152225,0.7514
1082,2,36,18.00,2.2,0,corps,118.10449589813372,1.5912
1083,3,35,11.67,2.7,0,corps,118.04745791086977,1.3254
1084,2,14,7.00,2.2,0,corps,117.99044843547088,2.1000
1085,4,73,18.25,3.1,0,corps,117.9334674576847,1.4880
1086,3,229,76.33,2.7,0,corps,117.87651496326596,0.8983
1087,5,85,17.00,3.6,0,corps,117.81959093797656,2.0896
1088,2,151,75.50,2.2,0,corps,117.76269536758551,0.7948
1089,2,141,70.50,2.2,0,corps,117.70582823786889,0.7334
1090,3,62,20.67,2.7,0,corps,117.6489895346099,1.1857
1091,3,105,35.00,2.7,0,corps,117.59217924359888,1.2441
1092,2,23,11.50,2.2,0,corps,117.53539735063327,2.6292
1093,7,82,11.71,4.4,0,corps,117.47864384151761,1.6072
1094,4,122,30.50,3.1,0,corps,117.4219187020635,1.1529
1095,2,21,10.50,2.2,0,corps,117.36522191808965,1.7199
1096,2,43,21.50,2.2,0,corps,117.30855347542185,0.9845
1097,4,72,18.00,3.1,0,corps,117.25191335989302,1.3282
1098,2,97,48.50,2.2,0,corps,117.19530155734313,0.9693
1099,3,89,29.67,2.7,0,corps,117.1387180536192,1.1851
1100,2,31,15.50,2.2,0,corps,117.08216283457537,1.8114
1101,2,67,33.50,2.2,0,corps,117.02563588607286,0.8727
1102,4,118,29.50,3.1,0,corps,116.96913719397992,1.1420
1103,2,46,23.00,2.2,0,corps,116.91266674417184,0.8846
1104,3,68,22.67,2.7,0,corps,116.85622452253104,1.4170
1105,3,97,32.33,2.7,0,corps,116.79981051494697,1.0675
1106,4,124,31.00,3.1,0,corps,116.74342470731611,0.8397
1107,5,69,13.80,3.6,0,corps,116.68706708554201,1.3671
1108,2,26,13.00,2.2,0,corps,116.63073763553528,1.3198
1109,2,27,13.50,2.2,0,corps,116.57443634321353,1.7435
1110,2,80,40.00,2.2,0,corps,116.51816319450145,0.7808
1111,2,77,38.50,2.2,0,corps,116.46191817533078,1.0628
1112,3,182,60.67,2.7,0,corps,116.40570127164021,0.6867
1113,3,112,37.33,2.7,0,corps,116.34951246937557,0.8690
1114,3,110,36.67,2.7,0,corps,116.2933517544896,1.0505
1115,2,108,54.00,2.2,0,corps,116.23721911294219,0.7630
1116,2,84,42.00,2.2,0,corps,116.1811145307001,0.7748
1117,6,170,28.33,4.0,0,corps,116.12503799373725,1.2369
1118,2,117,58.50,2.2,0,corps,116.0689894880345,0.6956
1119,2,20,10.00,2.2,0,corps,116.0129689995797,1.7535
1120,3,129,43.00,2.7,0,corps,115.95697651436771,0.8314
1121,4,140,35.00,3.1,0,corps,115.90101201840046,0.7838
1122,2,33,16.50,2.2,0,corps,115.84507549768676,1.1338
1123,4,123,30.75,3.1,0,corps,115.78916693824257,0.5806
1124,2,29,14.50,2.2,0,corps,115.73328632609064,0.9565
1125,4,120,30.00,3.1,0,corps,115.67743364726091,0.6658
1126,2,42,21.00,2.2,0,corps,115.62160888779019,0.9908
1127,2,95,47.50,2.2,0,corps,115.56581203372221,0.7285
1128,4,69,17.25,3.1,0,corps,115.51004307110786,1.1590
1129,2,71,35.50,2.2,0,corps,115.45430198600486,0.5097
1130,2,98,49.00,2.2,0,corps,115.39858876447795,0.5078
1131,2,59,29.50,2.2,0,corps,115.34290339259879,1.1139
1132,4,111,27.75,3.1,0,corps,115.28724585644605,0.7172
1133,5,161,32.20,3.6,0,corps,115.23161614210535,0.5889
1134,3,149,49.67,2.7,0,corps,115.1760142356693,0.6423
1135,2,46,23.00,2.2,0,corps,115.12044012323734,0.8966
1136,2,201,100.50,2.2,0,corps,115.06489379091602,0.6416
1137,2,66,33.00,2.2,0,corps,115.00937522481875,0.5873
1138,4,154,38.50,3.1,0,corps,114.95388441106584,0.8998
1139,3,95,31.67,2.7,0,corps,114.8984213357846,0.6156
1140,2,87,43.50,2.2,0,corps,114.84298598510927,0.5264
1141,2,57,28.50,2.2,0,corps,114.787578345181,1.3725
1142,2,117,58.50,2.2,0,corps,114.73219840214794,0.6622
1143,3,295,98.33,2.7,0,corps,114.67684614216505,0.6692
1144,2,140,70.00,2.2,0,corps,114.62152155139424,0.9789
1145,2,119,59.50,2.2,0,corps,114.5662246160044,0.8198
1146,3,189,63.00,2.7,0,corps,114.51095532217133,0.7117
1147,2,52,26.00,2.2,0,corps,114.45571365607763,0.8025
1148,2,39,19.50,2.2,0,corps,114.40049960391292,1.1859
1149,4,127,31.75,3.1,0,corps,114.34531315187368,3.6971
1150,2,39,19.50,2.2,0,corps,114.29015428616331,1.2479
1151,2,45,22.50,2.2,0,corps,114.23502299299209,1.8620
1152,2,69,34.50,2.2,0,corps,114.1799192585772,0.7937
1153,2,38,19.00,2.2,0,corps,114.12484306914268,0.9112
1154,4,120,30.00,3.1,0,corps,114.06979441091953,1.0307
1155,2,157,78.50,2.2,0,corps,114.01477327014553,0.6641
1156,2,87,43.50,2.2,0,corps,113.95977963306542,1.0164
1157,10,262,26.20,5.8,0,corps,113.90481348593082,1.1094
1158,3,102,34.00,2.7,0,corps,113.84987481500013,0.8985
1159,3,74,24.67,2.7,0,corps,113.79496360653873,0.8910
1160,3,186,62.00,2.7,0,corps,113.7400798468188,0.7323
1161,2,56,28.00,2.2,0,corps,113.6852235221194,0.9023
1162,3,45,15.00,2.7,0,corps,113.63039461872646,1.0574
1163,5,120,24.00,3.6,0,corps,113.57559312293273,0.9926
1164,4,66,16.50,3.1,0,corps,113.52081902103788,1.4135
1165,5,344,68.80,3.6,0,corps,113.46607229934833,0.4884
1166,3,88,29.33,2.7,0,corps,113.41135294417744,0.9370
1167,3,48,16.00,2.7,0,corps,113.35666094184535,0.8525
1168,2,153,76.50,2.2,0,corps,113.3019962786791,0.4907
1169,4,105,26.25,3.1,0,corps,113.24735894101244,0.9707
1170,2,30,15.00,2.2,0,corps,113.19274891518609,1.0957
1171,4,135,33.75,3.1,0,corps,113.13816618754755,0.8373
1172,2,120,60.00,2.2,0,corps,113.08361074445112,0.7477
1173,4,80,20.00,3.1,0,corps,113.02908257225795,1.1145
1174,2,93,46.50,2.2,0,corps,112.97458165733599,0.6672
1175,3,94,31.33,2.7,0,corps,112.92010798605997,1.0041
1176,5,288,57.60,3.6,0,corps,112.86566154481157,0.5529
1177,2,202,101.00,2.2,0,corps,112.81124231997912,0.5261
1178,3,72,24.00,2.7,0,corps,112.75685029795781,0.8387
1179,2,181,90.50,2.2,0,corps,112.70248546514962,0.5647
1180,2,124,62.00,2.2,0,corps,112.6481478079634,0.4647
1181,4,130,32.50,3.1,0,corps,112.59383731281464,0.8633
1182,2,32,16.00,2.2,0,corps,112.53955396612582,1.3876
1183,2,27,13.50,2.2,0,corps,112.48529775432606,1.4351
1184,3,45,15.00,2.7,0,corps,112.43106866385129,1.3463
1185,4,223,55.75,3.1,0,corps,112.37686668114422,0.5839
1186,4,211,52.75,3.1,0,corps,112.32269179265441,0.8307
1187,3,68,22.67,2.7,0,corps,112.26854398483812,0.9413
1188,5,100,20.00,3.6,0,corps,112.2144232441584,1.1472
1189,2,37,18.50,2.2,0,corps,112.16032955708503,1.2014
1190,2,58,29.00,2.2,0,corps,112.10626291009464,1.3130
1191,2,64,32.00,2.2,0,corps,112.05222328967051,1.3180
1192,3,149,49.67,2.7,0,corps,111.99821068230278,0.8126
1193,4,121,30.25,3.1,0,corps,111.94422507448829,5.2448
1194,3,73,24.33,2.7,0,corps,111.89026645273063,1.0896
1195,3,172,57.33,2.7,0,corps,111.83633480354014,0.9799
1196,3,122,40.67,2.7,0,corps,111.78243011343392,0.7813
1197,3,137,45.67,2.7,0,corps,111.72855236893575,0.9612
1198,2,44,22.00,2.2,0,corps,111.67470155657628,1.1664
1199,4,144,36.00,3.1,0,corps,111.62087766289272,0.9382
1200,2,30,15.00,2.2,0,corps,111.56708067442918,1.3166
1201,2,65,32.50,2.2,0,corps,111.51331057773635,1.2174
1202,2,94,47.00,2.2,0,corps,111.45956735937173,0.9864
1203,3,67,22.33,2.7,0,corps,111.4058510058995,1.1266
1204,3,88,29.33,2.7,0,corps,111.3521615038906,0.9631
1205,3,99,33.00,2.7,0,corps,111.2984988399226,0.9124
1206,3,101,33.67,2.7,0,corps,111.24486300057987,1.4535
1207,2,103,51.50,2.2,0,corps,111.19125397245348,0.9630
1208,2,131,65.50,2.2,0,corps,111.13767174214114,0.6626
1209,2,78,39.00,2.2,0,corps,111.08411629624729,1.1216
1210,4,122,30.50,3.1,0,corps,111.03058762138305,1.0766
1211,2,45,22.50,2.2,0,corps,110.97708570416629,1.1187
1212,2,34,17.00,2.2,0,corps,110.9236105312215,1.8556
1213,2,153,76.50,2.2,0,corps,110.8701620891799,0.6401
1214,2,41,20.50,2.2,0,corps,110.81674036467942,1.2195
1215,2,37,18.50,2.2,0,corps,110.76334534436454,1.0846
1216,2,167,83.50,2.2,0,corps,110.70997701488656,0.7755
1217,3,265,88.33,2.7,0,corps,110.65663536290337,0.5955
1218,2,98,49.00,2.2,0,corps,110.60332037507963,0.7397
1219,2,70,35.00,2.2,0,corps,110.55003203808651,1.3339
1220,3,120,40.00,2.7,0,corps,110.49677033860196,1.0309
1221,6,81,13.50,4.0,0,corps,110.44353526331054,1.5700
1222,4,114,28.50,3.1,0,corps,110.3903267989035,0.9641
1223,2,125,62.50,2.2,0,corps,110.33714493207869,0.4555
1224,2,60,30.00,2.2,0,corps,110.28398964954071,1.0997
1225,2,102,51.00,2.2,0,corps,110.23086093800067,0.4502
1226,4,209,52.25,3.1,0,corps,110.17775878417642,0.7858
1227,2,39,19.50,2.2,0,corps,110.12468317479242,1.2684
1228,3,102,34.00,2.7,0,corps,110.07163409657976,0.4319
1229,2,110,55.00,2.2,0,corps,110.01861153627618,0.4309
1230,2,34,17.00,2.2,0,corps,109.96561548062604,1.8000
1231,3,161,53.67,2.7,0,corps,109.91264591638033,0.5187
1232,2,220,110.00,2.2,0,corps,109.85970283029664,0.3995
1233,2,164,82.00,2.2,0,corps,109.80678620913922,0.5874
1234,2,174,87.00,2.2,0,corps,109.75389603967889,0.3448
1235,4,279,69.75,3.1,0,corps,109.70103230869313,0.5362
1236,2,47,23.50,2.2,0,corps,109.64819500296599,0.8985
1237,3,108,36.00,2.7,0,corps,109.59538410928813,0.6321
1238,2,148,74.00,2.2,0,corps,109.54259961445689,0.4212
1239,2,130,65.00,2.2,0,corps,109.48984150527608,0.9339
1240,2,304,152.00,2.2,0,corps,109.43710976855621,0.3521
1241,2,376,188.00,2.2,0,corps,109.3844043911143,0.2514
1242,3,100,33.33,2.7,0,corps,109.33172535977407,0.7349
1243,2,74,37.00,2.2,0,corps,109.27907266136572,0.5461
1244,3,57,19.00,2.7,0,corps,109.22644628272606,1.3278
1245,3,80,26.67,2.7,0,corps,109.17384621069854,0.9316
1246,2,111,55.50,2.2,0,corps,109.12127243213314,0.6213
1247,3,226,75.33,2.7,0,corps,109.06872493388637,0.4511
1248,3,74,24.67,2.7,0,corps,109.01620370282139,1.0048
1249,3,39,13.00,2.7,0,corps,108.96370872580788,1.7528
1250,2,145,72.50,2.2,0,corps,108.91123998972209,0.3689
1251,4,96,24.00,3.1,0,corps,108.85879748144684,0.8562
1252,2,72,36.00,2.2,0,corps,108.80638118787151,0.6150
1253,2,72,36.00,2.2,0,corps,108.75399109589206,0.5590
1254,2,34,17.00,2.2,0,corps,108.7016271924109,1.3198
1255,2,42,21.00,2.2,0,corps,108.64928946433707,0.7321
1256,3,153,51.00,2.7,0,corps,108.59697789858618,0.5511
1257,2,69,34.50,2.2,0,corps,108.54469248208028,0.6483
1258,5,133,26.60,3.6,0,corps,108.49243320174806,0.7851
1259,4,53,13.25,3.1,0,corps,108.44020004452469,1.0159
1260,3,78,26.00,2.7,0,corps,108.38799299735184,0.9770
1261,3,57,19.00,2.7,0,corps,108.33581204717784,1.4992
1262,3,33,11.00,2.7,0,corps,108.28365718095733,1.2673
1263,4,119,29.75,3.1,0,corps,108.23152838565173,1.1286
1264,2,72,36.00,2.2,0,corps,108.17942564822872,1.2010
1265,2,82,41.00,2.2,0,corps,108.12734895566267,0.9585
1266,2,172,86.00,2.2,0,corps,108.07529829493441,0.7259
1267,3,94,31.33,2.7,0,corps,108.02327365303128,0.7098
1268,2,140,70.00,2.2,0,corps,107.97127501694708,0.5364
1269,2,99,49.50,2.2,0,corps,107.91930237368219,1.2195
1270,5,149,29.80,3.6,0,corps,107.86735571024344,3.7968
1271,3,131,43.67,2.7,0,corps,107.81543501364412,0.9500
1272,4,190,47.50,3.1,0,corps,107.76354027090413,0.7883
1273,4,50,12.50,3.1,0,corps,107.71167146904976,1.7114
1274,2,35,17.50,2.2,0,corps,107.65982859511377,1.7267
1275,3,103,34.33,2.7,0,corps,107.60801163613549,1.1174
1276,3,100,33.33,2.7,0,corps,107.55622057916064,0.9337
1277,2,199,99.50,2.2,0,corps,107.50445541124148,0.5710
1278,3,74,24.67,2.7,0,corps,107.4527161194367,1.0677
1279,3,91,30.33,2.7,0,corps,107.40100269081152,0.8687
1280,2,62,31.00,2.2,0,corps,107.34931511243752,1.1527
1281,3,123,41.00,2.7,0,corps,107.29765337139285,0.7178
1282,5,243,48.60,3.6,0,corps,107.24601745476205,0.8707
1283,3,66,22.00,2.7,0,corps,107.19440734963617,1.1340
1284,2,49,24.50,2.2,0,corps,107.14282304311264,0.7903
1285,3,117,39.00,2.7,0,corps,107.09126452229545,1.1178
1286,2,46,23.00,2.2,0,corps,107.03973177429489,1.0550
1287,2,71,35.50,2.2,0,corps,106.98822478622783,0.6234
1288,4,159,39.75,3.1,0,corps,106.9367435452175,0.9253
1289,3,42,14.00,2.7,0,corps,106.88528803839358,1.1634
1290,2,122,61.00,2.2,0,corps,106.83385825289223,0.8982
1291,2,82,41.00,2.2,0,corps,106.78245417585595,0.7610
1292,2,72,36.00,2.2,0,corps,106.73107579443375,0.8474
1293,2,117,58.50,2.2,0,corps,106.67972309578104,0.8273
1294,4,164,41.00,3.1,0,corps,106.62839606705965,0.7602
1295,2,63,31.50,2.2,0,corps,106.5770946954378,1.0609
1296,2,72,36.00,2.2,0,corps,106.52581896809015,0.5566
1297,2,115,57.50,2.2,0,corps,106.47456887219782,0.5620
1298,3,119,39.67,2.7,0,corps,106.42334439494819,0.7195
1299,3,46,15.33,2.7,0,corps,106.37214552353522,1.0858
1300,2,304,152.00,2.2,0,corps,106.32097224515915,0.4489
1301,4,55,13.75,3.1,0,corps,106.26982454702669,1.2753
1302,3,63,21.00,2.7,0,corps,106.21870241635088,1.2384
1303,2,202,101.00,2.2,0,corps,106.16760584035121,0.9204
1304,3,119,39.67,2.7,0,corps,106.11653480625354,0.7389
1305,3,149,49.67,2.7,0,corps,106.06548930129011,1.1351
1306,5,150,30.00,3.6,0,corps,106.0144693126995,0.9909
1307,3,57,19.00,2.7,0,corps,105.96347482772681,1.0046
1308,3,67,22.33,2.7,0,corps,105.91250583362333,1.5204
1309,2,64,32.00,2.2,0,corps,105.86156231764683,0.7438
1310,6,144,24.00,4.0,0,corps,105.81064426706143,3.5817
1311,2,38,19.00,2.2,0,corps,105.75975166913764,1.3785
1312,4,87,21.75,3.1,0,corps,105.70888451115232,6.5933
1313,2,31,15.50,2.2,0,corps,105.65804278038864,1.6106
1314,4,133,33.25,3.1,0,corps,105.60722646413616,1.5108
1315,2,68,34.00,2.2,0,corps,105.55643554969085,0.9499
1316,3,58,19.33,2.7,0,corps,105.50567002435496,1.8144
1317,2,62,31.00,2.2,0,corps,105.4549298754371,1.2654
1318,2,59,29.50,2.2,0,corps,105.40421509025224,0.8981
1319,3,178,59.33,2.7,0,corps,105.35352565612169,0.6692
1320,2,132,66.00,2.2,0,corps,105.30286156037305,0.7415
1321,2,18,9.00,2.2,0,corps,105.25222279034034,1.6652
1322,2,47,23.50,2.2,0,corps,105.20160933336386,1.6590
1323,3,65,21.67,2.7,0,corps,105.15102117679025,1.8224
1324,3,123,41.00,2.7,0,corps,105.10045830797246,0.9098
1325,4,145,36.25,3.1,0,corps,105.04992071426975,0.8475
1326,2,63,31.50,2.2,0,corps,104.99940838304778,0.8121
1327,2,35,17.50,2.2,0,corps,104.94892130167841,1.6744
1328,2,126,63.00,2.2,0,corps,104.89845945753989,0.8391
1329,3,44,14.67,2.7,0,corps,104.84802283801675,1.6532
1330,6,83,13.83,4.0,0,corps,104.79761143049986,1.2964
1331,2,60,30.00,2.2,0,corps,104.74722522238635,1.1731
1332,2,110,55.00,2.2,0,corps,104.69686420107966,0.7365
1333,4,120,30.00,3.1,0,corps,104.64652835398958,0.9098
1334,3,96,32.00,2.7,0,corps,104.59621766853209,1.0176
1335,2,78,39.00,2.2,0,corps,104.54593213212955,0.6414
1336,3,147,49.00,2.7,0,corps,104.49567173221055,1.1732
1337,2,156,78.00,2.2,0,corps,104.44543645621,0.6873
1338,2,63,31.50,2.2,0,corps,104.3952262915691,0.9281
1339,2,61,30.50,2.2,0,corps,104.34504122573529,0.7379
1340,3,103,34.33,2.7,0,corps,104.29488124616233,0.9270
1341,3,68,22.67,2.7,0,corps,104.2447463403102,0.9490
1342,2,12,6.00,2.2,0,corps,104.19463649564516,2.5221
1343,2,100,50.00,2.2,0,corps,104.14455169963976,1.0391
1344,2,132,66.00,2.2,0,corps,104.09449193977282,0.5867
1345,3,70,23.33,2.7,0,corps,104.04445720352939,0.7588
1346,2,43,21.50,2.2,0,corps,103.99444747840076,1.0824
1347,3,59,19.67,2.7,0,corps,103.94446275188456,0.9511
1348,2,47,23.50,2.2,0,corps,103.89450301148453,1.1571
1349,4,111,27.75,3.1,0,corps,103.8445682447108,0.9708
1350,2,53,26.50,2.2,0,corps,103.79465843907964,0.7330
1351,3,175,58.33,2.7,0,corps,103.74477358211361,0.8447
1352,3,73,24.33,2.7,0,corps,103.69491366134147,1.0682
1353,4,175,43.75,3.1,0,corps,103.64507866429831,0.7508
1354,3,104,34.67,2.7,0,corps,103.5952685785253,0.8645
1355,3,57,19.00,2.7,0,corps,103.54548339156997,0.9812
1356,3,59,19.67,2.7,0,corps,103.495723090986,1.1012
1357,2,59,29.50,2.2,0,corps,103.44598766433334,0.7756
1358,2,97,48.50,2.2,0,corps,103.39627709917809,0.6639
1359,3,56,18.67,2.7,0,corps,103.34659138309266,1.4550
1360,4,122,30.50,3.1,0,corps,103.29693050365553,1.5586
1361,2,143,71.50,2.2,0,corps,103.24729444845163,0.8266
1362,2,56,28.00,2.2,0,corps,103.19768320507181,0.7402
1363,2,64,32.00,2.2,0,corps,103.14809676111332,1.3943
1364,3,66,22.00,2.7,0,corps,103.09853510417952,1.1139
1365,4,126,31.50,3.1,0,corps,103.04899822188003,3.8015
1366,2,64,32.00,2.2,0,corps,102.99948610183058,1.2142
1367,2,32,16.00,2.2,0,corps,102.94999873165322,1.4926
1368,2,101,50.50,2.2,0,corps,102.90053609897602,1.0059
1369,2,110,55.00,2.2,0,corps,102.8510981914334,1.3428
1370,6,173,28.83,4.0,0,corps,102.8016849966658,3.4639
1371,2,40,20.00,2.2,0,corps,102.75229650231998,1.2787
1372,3,78,26.00,2.7,0,corps,102.7029326960488,1.0231
1373,2,99,49.50,2.2,0,corps,102.65359356551131,0.7105
1374,2,77,38.50,2.2,0,corps,102.60427909837271,0.6494
1375,6,141,23.50,4.0,0,corps,102.55498928230442,3.3307
1376,3,124,41.33,2.7,0,corps,102.50572410498397,0.9546
1377,4,80,20.00,3.1,0,corps,102.45648355409503,1.4701
1378,2,86,43.00,2.2,0,corps,102.40726761732752,0.9502
1379,4,140,35.00,3.1,0,corps,102.35807628237741,0.7950
1380,2,26,13.00,2.2,0,corps,102.30890953694689,1.7577
1381,2,32,16.00,2.2,0,corps,102.25976736874425,0.9818
1382,2,62,31.00,2.2,0,corps,102.21064976548398,1.2862
1383,2,31,15.50,2.2,0,corps,102.16155671488667,1.0971
1384,2,94,47.00,2.2,0,corps,102.11248820467904,1.0680
1385,2,92,46.00,2.2,0,corps,102.06344422259394,1.2360
1386,3,126,42.00,2.7,0,corps,102.01442475637046,0.8226
1387,5,55,11.00,3.6,0,corps,101.96542979375364,7.5207
1388,2,59,29.50,2.2,0,corps,101.9164593224948,1.0326
1389,2,49,24.50,2.2,0,corps,101.86751333035131,1.4949
1390,2,71,35.50,2.2,0,corps,101.81859180508665,0.9308
1391,2,39,19.50,2.2,0,corps,101.76969473447043,1.3395
1392,3,153,51.00,2.7,0,corps,101.72082210627845,0.7903
1393,2,100,50.00,2.2,0,corps,101.67197390829246,0.8423
1394,3,92,30.67,2.7,0,corps,101.62315012830048,1.0284
1395,2,14,7.00,2.2,0,corps,101.57435075409653,1.8611
1396,2,64,32.00,2.2,0,corps,101.52557577348078,0.7379
1397,2,200,100.00,2.2,0,corps,101.47682517425949,0.6020
1398,6,352,58.67,4.0,0,corps,101.42809894424498,0.7632
1399,4,49,12.25,3.1,0,corps,101.37939707125574,1.7701
1400,3,81,27.00,2.7,0,corps,101.33071954311626,0.9980
1401,6,105,17.50,4.0,0,corps,101.28206634765718,1.1016
1402,4,130,32.50,3.1,0,corps,101.23343747271518,1.2897
1403,5,91,18.20,3.6,0,corps,101.18483290613307,1.0059
1404,4,156,39.00,3.1,0,corps,101.13625263575967,1.2009
1405,6,183,30.50,4.0,0,corps,101.08769664944997,1.1039
1406,5,113,22.60,3.6,0,corps,101.03916493506493,1.1381
1407,4,219,54.75,3.1,0,corps,100.9906574804716,0.7510
1408,2,44,22.00,2.2,0,corps,100.94217427354317,0.8924
1409,8,159,19.88,4.9,0,corps,100.89371530215881,1.0478
1410,7,102,14.57,4.4,0,corps,100.84528055420377,1.5511
1411,2,51,25.50,2.2,0,corps,100.79687001756936,1.2631
1412,5,70,14.00,3.6,0,corps,100.74848368015299,1.4313
1413,2,50,25.00,2.2,0,corps,100.70012152985804,0.7401
1414,2,42,21.00,2.2,0,corps,100.65178355459396,0.8691
1415,4,42,10.50,3.1,0,corps,100.60346974227627,2.0830
1416,4,139,34.75,3.1,0,corps,100.55518008082656,0.7921
1417,3,50,16.67,2.7,0,corps,100.50691455817233,1.0785
1418,5,98,19.60,3.6,0,corps,100.45867316224727,0.9706
1419,2,82,41.00,2.2,0,corps,100.41045588099095,1.1865
1420,2,68,34.00,2.2,0,corps,100.36226270234916,0.6796
1421,2,79,39.50,2.2,0,corps,100.31409361427353,1.1977
1422,3,80,26.67,2.7,0,corps,100.2659486047218,0.9734
1423,2,63,31.50,2.2,0,corps,100.21782766165772,1.4590
1424,5,175,35.00,3.6,0,corps,100.16973077305107,0.9936
1425,5,62,12.40,3.6,0,corps,100.12165792687759,2.2397
1426,2,131,65.50,2.2,0,corps,100.07360911111911,0.9031
1427,4,126,31.50,3.1,0,corps,100.0255843137634,1.0743
1428,4,108,27.00,3.1,0,corps,99.97758352280431,1.0516
1429,2,42,21.00,2.2,0,corps,99.92960672624154,1.1293
1430,2,123,61.50,2.2,0,corps,99.88165391208098,0.7569
1431,3,58,19.33,2.7,0,corps,99.8337250683344,1.1041
1432,3,156,52.00,2.7,0,corps,99.78582018301958,0.7051
1433,3,58,19.33,2.7,0,corps,99.73793924416029,0.8666
1434,4,113,28.25,3.1,0,corps,99.69008223978634,1.0663
1435,2,51,25.50,2.2,0,corps,99.64224915793342,0.8840
1436,2,143,71.50,2.2,0,corps,99.59443998664331,0.8158
1437,4,98,24.50,3.1,0,corps,99.54665471396368,1.2976
1438,3,44,14.67,2.7,0,corps,99.49889332794824,0.7210
1439,2,105,52.50,2.2,0,corps,99.45115581665661,1.0362
1440,4,244,61.00,3.1,0,corps,99.40344216815446,0.6006
1441,2,47,23.50,2.2,0,corps,99.35575237051331,1.2250
1442,2,184,92.00,2.2,0,corps,99.30808641181078,1.0565
1443,3,96,32.00,2.7,0,corps,99.26044428013032,0.9404
1444,2,49,24.50,2.2,0,corps,99.21282596356146,0.9569
1445,2,69,34.50,2.2,0,corps,99.16523145019957,0.9150
1446,2,134,67.00,2.2,0,corps,99.11766072814603,0.8479
1447,3,47,15.67,2.7,0,corps,99.07011378550818,1.8549
1448,4,151,37.75,3.1,0,corps,99.02259061039928,0.7970
1449,2,33,16.50,2.2,0,corps,98.97509119093851,1.1240
1450,3,78,26.00,2.7,0,corps,98.92761551525105,1.2287
1451,4,60,15.00,3.1,0,corps,98.88016357146793,1.4960
1452,2,64,32.00,2.2,0,corps,98.83273534772624,1.1181
1453,2,71,35.50,2.2,0,corps,98.78533083216885,0.9806
1454,2,19,9.50,2.2,0,corps,98.73795001294468,1.9581
1455,3,168,56.00,2.7,0,corps,98.69059287820849,0.8706
1456,2,46,23.00,2.2,0,corps,98.64325941612103,1.3554
1457,2,33,16.50,2.2,0,corps,98.5959496148489,1.6882
1458,3,76,25.33,2.7,0,corps,98.54866346256468,0.8967
1459,2,108,54.00,2.2,0,corps,98.50140094744681,1.4348
1460,2,48,24.00,2.2,0,corps,98.45416205767968,1.5380
1461,5,109,21.80,3.6,0,corps,98.40694678145354,1.1532
1462,7,264,37.71,4.4,0,corps,98.35975510696461,0.9648
1463,2,132,66.00,2.2,0,corps,98.31258702241492,0.6721
1464,7,194,27.71,4.4,0,corps,98.26544251601248,1.2745
1465,2,83,41.50,2.2,0,corps,98.21832157597119,1.1111
1466,2,100,50.00,2.2,0,corps,98.17122419051077,0.6375
1467,6,153,25.50,4.0,0,corps,98.12415034785687,1.0534
1468,2,33,16.50,2.2,0,corps,98.07710003624106,1.3036
1469,4,71,17.75,3.1,0,corps,98.03007324390074,1.1592
1470,5,238,47.60,3.6,0,corps,97.98306995907924,0.8893
1471,7,176,25.14,4.4,0,corps,97.93609017002571,0.9292
1472,2,43,21.50,2.2,0,corps,97.88913386499523,1.1031
1473,2,47,23.50,2.2,0,corps,97.84220103224867,0.9406
1474,2,30,15.00,2.2,0,corps,97.79529166005287,1.1581
1475,4,92,23.00,3.1,0,corps,97.74840573668048,1.2110
1476,5,174,34.80,3.6,0,corps,97.70154325041001,1.0704
1477,2,43,21.50,2.2,0,corps,97.65470418952583,1.3889
1478,6,207,34.50,4.0,0,corps,97.60788854231821,0.9460
1479,3,124,41.33,2.7,0,corps,97.5610962970832,0.9927
1480,5,82,16.40,3.6,0,corps,97.51432744212273,1.1349
1481,2,25,12.50,2.2,0,corps,97.46758196574464,1.8036
1482,3,93,31.00,2.7,0,corps,97.42085985626252,0.8764
1483,4,142,35.50,3.1,0,corps,97.37416110199584,1.1622
1484,4,150,37.50,3.1,0,corps,97.32748569126993,0.7752
1485,3,63,21.00,2.7,0,corps,97.28083361241592,0.9811
1486,4,114,28.50,3.1,0,corps,97.2342048537708,0.9865
1487,5,187,37.40,3.6,0,corps,97.1875994036774,1.0548
1488,2,40,20.00,2.2,0,corps,97.14101725048432,1.6450
1489,4,95,23.75,3.1,0,corps,97.09445838254604,1.2501
1490,2,20,10.00,2.2,0,corps,97.04792278822283,1.6711
1491,2,29,14.50,2.2,0,corps,97.00141045588082,1.3400
1492,2,34,17.00,2.2,0,corps,96.9549213738919,1.0086
1493,4,71,17.75,3.1,0,corps,96.9084555306338,0.9997
1494,6,178,29.67,4.0,0,corps,96.86201291449008,1.0977
1495,2,33,16.50,2.2,0,corps,96.81559351385005,1.3653
1496,2,27,13.50,2.2,0,corps,96.7691973171089,1.3669
1497,3,54,18.00,2.7,0,corps,96.72282431266757,1.0012
1498,2,35,17.50,2.2,0,corps,96.6764744889328,1.0375
1499,5,105,21.00,3.6,0,corps,96.63014783431711,1.2064
1500,2,132,66.00,2.2,0,corps,96.58384433723887,0.8557
1501,2,64,32.00,2.2,0,corps,96.53756398612222,1.1382
1502,3,107,35.67,2.7,0,corps,96.49130676939703,1.6916
1503,2,53,26.50,2.2,0,corps,96.44507267549902,1.3440
1504,7,151,21.57,4.4,0,corps,96.39886169286966,1.6159
1505,4,45,11.25,3.1,0,corps,96.3526738099562,2.7413
1506,2,47,23.50,2.2,0,corps,96.30650901521167,1.9615
1507,2,76,38.00,2.2,0,corps,96.26036729709489,1.1350
1508,4,81,20.25,3.1,0,corps,96.2142486440704,1.3446
1509,3,86,28.67,2.7,0,corps,96.16815304460854,1.4933
1510,2,115,57.50,2.2,0,corps,96.12208048718544,1.0260
1511,5,154,30.80,3.6,0,corps,96.07603096028295,1.3416
1512,3,53,17.67,2.7,0,corps,96.03000445238865,1.4637
1513,2,89,44.50,2.2,0,corps,95.98400095199597,1.2078
1514,3,59,19.67,2.7,0,corps,95.93802044760399,1.0703
1515,2,38,19.00,2.2,0,corps,95.89206292771762,1.1212
1516,4,110,27.50,3.1,0,corps,95.84612838084745,1.2316
1517,2,36,18.00,2.2,0,corps,95.80021679550985,1.5377
1518,2,142,71.00,2.2,0,corps,95.75432816022692,0.7648
1519,2,38,19.00,2.2,0,corps,95.70846246352653,0.9596
1520,3,48,16.00,2.7,0,corps,95.6626196939422,0.9980
1521,2,78,39.00,2.2,0,corps,95.6167998400133,1.0103
1522,3,79,26.33,2.7,0,corps,95.57100289028483,0.9325
1523,2,55,27.50,2.2,0,corps,95.52522883330757,0.6236
1524,6,67,11.17,4.0,0,corps,95.47947765763797,1.5662
1525,3,127,42.33,2.7,0,corps,95.43374935183829,0.8294
1526,3,85,28.33,2.7,0,corps,95.38804390447639,0.8012
1527,4,111,27.75,3.1,0,corps,95.34236130412597,4.0087
1528,2,50,25.00,2.2,0,corps,95.29670153936634,0.8980
1529,6,134,22.33,4.0,0,corps,95.25106459878258,1.2493
1530,2,123,61.50,2.2,0,corps,95.20545047096543,0.6077
1531,4,97,24.25,3.1,0,corps,95.15985914451139,1.0697
1532,7,229,32.71,4.4,0,corps,95.11429060802257,0.7715
1533,2,50,25.00,2.2,0,corps,95.06874485010694,1.1029
1534,2,47,23.50,2.2,0,corps,95.02322185937795,0.6886
1535,2,44,22.00,2.2,0,corps,94.97772162445493,0.8341
1536,6,171,28.50,4.0,0,corps,94.93224413396277,0.8505
1537,4,56,14.00,3.1,0,corps,94.8867893765321,1.2167
1538,4,81,20.25,3.1,0,corps,94.84135734079928,0.8511
1539,4,168,42.00,3.1,0,corps,94.79594801540625,0.7197
1540,3,58,19.33,2.7,0,corps,94.75056138900071,0.9287
1541,2,79,39.50,2.2,0,corps,94.70519745023597,1.2479
1542,2,37,18.50,2.2,0,corps,94.65985618777107,2.5307
1543,2,43,21.50,2.2,0,corps,94.61453759027071,1.4922
1544,3,63,21.00,2.7,0,corps,94.56924164640522,1.8199
1545,5,90,18.00,3.6,0,corps,94.52396834485059,2.1018
1546,3,102,34.00,2.7,0,corps,94.47871767428853,1.1067
1547,5,126,25.20,3.6,0,corps,94.43348962340636,1.1683
1548,6,207,34.50,4.0,0,corps,94.38828418089706,1.2405
1549,2,81,40.50,2.2,0,corps,94.3431013354593,1.1774
1550,4,58,14.50,3.1,0,corps,94.2979410757973,1.6419
1551,3,130,43.33,2.7,0,corps,94.25280339062107,1.0780
1552,2,26,13.00,2.2,0,corps,94.20768826864614,1.6734
1553,2,36,18.00,2.2,0,corps,94.16259569859378,1.7133
1554,2,102,51.00,2.2,0,corps,94.11752566919078,0.8143
1555,2,31,15.50,2.2,0,corps,94.07247816916968,1.4609
1556,2,55,27.50,2.2,0,corps,94.02745318726858,0.8828
1557,5,139,27.80,3.6,0,corps,93.98245071223127,1.0139
1558,3,25,8.33,2.7,0,corps,93.93747073280709,1.7051
1559,3,78,26.00,2.7,0,corps,93.89251323775106,0.9146
1560,2,83,41.50,2.2,0,corps,93.84757821582382,0.8968
1561,4,77,19.25,3.1,0,corps,93.8026656557916,1.3537
1562,4,115,28.75,3.1,0,corps,93.75777554642625,0.9460
1563,2,100,50.00,2.2,0,corps,93.71290787650527,0.8255
1564,3,96,32.00,2.7,0,corps,93.6680626348117,1.0538
1565,4,118,29.50,3.1,0,corps,93.62323981013428,0.9698
1566,2,154,77.00,2.2,0,corps,93.57843939126727,0.7843
1567,2,88,44.00,2.2,0,corps,93.53366136701058,1.1442
1568,2,79,39.50,2.2,0,corps,93.48890572616969,0.9473
1569,4,133,33.25,3.1,0,corps,93.44417245755571,0.9756
1570,2,25,12.50,2.2,0,corps,93.39946154998529,1.6947
1571,8,198,24.75,4.9,0,corps,93.35477299228074,1.7436
1572,5,55,11.00,3.6,0,corps,93.31010677326988,1.8729
1573,2,154,77.00,2.2,0,corps,93.26546288178622,0.9033
1574,4,82,20.50,3.1,0,corps,93.22084130666872,0.9840
1575,3,79,26.33,2.7,0,corps,93.17624203676202,1.0861
1576,3,83,27.67,2.7,0,corps,93.13166506091628,1.0344
1577,2,71,35.50,2.2,0,corps,93.08711036798728,0.8856
1578,2,47,23.50,2.2,0,corps,93.04257794683633,1.3138
1579,3,138,46.00,2.7,0,corps,92.99806778633032,0.8099
1580,3,64,21.33,2.7,0,corps,92.95357987534175,1.1233
1581,3,214,71.33,2.7,0,corps,92.9091142027486,0.6935
1582,2,103,51.50,2.2,0,corps,92.86467075743444,0.6295
1583,6,135,22.50,4.0,0,corps,92.82024952828846,1.2282
1584,2,54,27.00,2.2,0,corps,92.77585050420531,1.1969
1585,4,168,42.00,3.1,0,corps,92.73147367408527,1.0105
1586,4,73,18.25,3.1,0,corps,92.68711902683407,1.6457
1587,2,52,26.00,2.2,0,corps,92.64278655136313,1.0859
1588,7,144,20.57,4.4,0,corps,92.59847623658928,1.5553
1589,4,107,26.75,3.1,0,corps,92.55418807143492,0.9824
1590,8,220,27.50,4.9,0,corps,92.50992204482807,1.1633
1591,2,27,13.50,2.2,0,corps,92.4656781457022,1.5073
1592,4,68,17.00,3.1,0,corps,92.4214563629963,1.4080
1593,2,48,24.00,2.2,0,corps,92.37725668565497,1.1079
1594,4,116,29.00,3.1,0,corps,92.33307910262826,1.1854
1595,3,78,26.00,2.7,0,corps,92.28892360287179,1.0730
1596,3,31,10.33,2.7,0,corps,92.2447901753467,1.7305
1597,3,109,36.33,2.7,0,corps,92.20067880901959,0.7015
1598,2,53,26.50,2.2,0,corps,92.15658949286264,1.2896
1599,3,19,6.33,2.7,0,corps,92.11252221585353,2.7618
1600,2,55,27.50,2.2,0,corps,92.06847696697544,1.3623
1601,5,94,18.80,3.6,0,corps,92.02445373521704,1.2448
1602,5,109,21.80,3.6,0,corps,91.98045250957253,1.0572
1603,2,31,15.50,2.2,0,corps,91.9364732790416,1.0611
1604,2,58,29.00,2.2,0,corps,91.89251603262947,1.0407
1605,4,75,18.75,3.1,0,corps,91.84858075934679,1.1040
1606,2,77,38.50,2.2,0,corps,91.80466744820976,0.9465
1607,2,89,44.50,2.2,0,corps,91.76077608824006,0.8206
1608,4,146,36.50,3.1,0,corps,91.71690666846483,0.8222
1609,2,50,25.00,2.2,0,corps,91.67305917791671,1.0302
1610,5,55,11.00,3.6,0,corps,91.62923360563386,1.4019
1611,4,77,19.25,3.1,0,corps,91.58542994065986,1.2959
1612,2,78,39.00,2.2,0,corps,91.54164817204381,0.9830
1613,2,107,53.50,2.2,0,corps,91.49788828884026,0.6930
1614,4,85,21.25,3.1,0,corps,91.45415028010923,1.5153
1615,3,36,12.00,2.7,0,corps,91.41043413491623,1.6540
1616,3,119,39.67,2.7,0,corps,91.3667398423322,0.9457
1617,7,96,13.71,4.4,0,corps,91.32306739143361,1.6253
1618,6,129,21.50,4.0,0,corps,91.27941677130231,1.2945
1619,5,185,37.00,3.6,0,corps,91.23578797102566,0.9688
1620,5,130,26.00,3.6,0,corps,91.19218097969646,0.9980
1621,2,63,31.50,2.2,0,corps,91.14859578641297,0.7221
1622,3,58,19.33,2.7,0,corps,91.10503238027886,1.3783
1623,5,124,24.80,3.6,0,corps,91.06149075040331,1.3124
1624,4,167,41.75,3.1,0,corps,91.0179708859009,1.1406
1625,2,60,30.00,2.2,0,corps,90.97447277589166,0.6579
1626,8,117,14.62,4.9,0,corps,90.93099640950106,1.6350
1627,2,53,26.50,2.2,0,corps,90.88754177586004,1.4403
1628,2,96,48.00,2.2,0,corps,90.84410886410488,0.7597
1629,2,73,36.50,2.2,0,corps,90.80069766337743,1.1628
1630,2,24,12.00,2.2,0,corps,90.75730816282483,1.4593
1631,5,140,28.00,3.6,0,corps,90.7139403515997,0.9178
1632,2,71,35.50,2.2,0,corps,90.67059421886015,1.3033
1633,5,182,36.40,3.6,0,corps,90.62726975376958,1.2612
1634,2,65,32.50,2.2,0,corps,90.5839669454969,0.6134
1635,2,54,27.00,2.2,0,corps,90.5406857832164,0.9655
1636,3,59,19.67,2.7,0,corps,90.49742625610781,1.1539
1637,3,90,30.00,2.7,0,corps,90.45418835335623,1.2671
1638,2,39,19.50,2.2,0,corps,90.4109720641522,1.2467
1639,3,56,18.67,2.7,0,corps,90.36777737769162,1.5717
1640,3,55,18.33,2.7,0,corps,90.32460428317587,1.3439
1641,3,38,12.67,2.7,0,corps,90.2814527698116,1.4758
1642,5,118,23.60,3.6,0,corps,90.23832282681099,1.0882
1643,6,133,22.17,4.0,0,corps,90.19521444339152,1.3398
1644,3,113,37.67,2.7,0,corps,90.15212760877614,0.8487
1645,5,178,35.60,3.6,0,corps,90.10906231219307,0.8767
1646,2,36,18.00,2.2,0,corps,90.06601854287607,0.9232
1647,5,86,17.20,3.6,0,corps,90.02299629006411,1.1193
1648,4,42,10.50,3.1,0,corps,89.9799955430017,2.0256
1649,2,60,30.00,2.2,0,corps,89.93701629093862,0.9160
1650,4,92,23.00,3.1,0,corps,89.89405852313006,1.0589
1651,3,65,21.67,2.7,0,corps,89.85112222883657,1.3012
1652,4,101,25.25,3.1,0,corps,89.8082073973241,1.2702
1653,3,111,37.00,2.7,0,corps,89.7653140178639,1.1432
1654,3,166,55.33,2.7,0,corps,89.72244207973267,0.8180
1655,3,71,23.67,2.7,0,corps,89.67959157221239,1.2343
1656,2,60,30.00,2.2,0,corps,89.63676248459048,1.0009
1657,10,258,25.80,5.8,0,corps,89.59395480615962,1.0186
1658,2,74,37.00,2.2,0,corps,89.55116852621791,1.0422
1659,2,27,13.50,2.2,0,corps,89.50840363406877,1.8923
1660,4,158,39.50,3.1,0,corps,89.46566011902098,0.8658
1661,3,101,33.67,2.7,0,corps,89.42293797038867,1.0281
1662,2,70,35.00,2.2,0,corps,89.3802371774913,0.9556
1663,8,209,26.12,4.9,0,corps,89.33755772965367,1.3339
1664,5,103,20.60,3.6,0,corps,89.29489961620591,1.2705
1665,3,123,41.00,2.7,0,corps,89.2522628264835,0.9353
1666,7,151,21.57,4.4,0,corps,89.20964734982726,3.6259
1667,2,64,32.00,2.2,0,corps,89.16705317558328,1.3712
1668,6,173,28.83,4.0,0,corps,89.12448029310305,1.0334
1669,3,85,28.33,2.7,0,corps,89.08192869174331,1.0843
1670,4,46,11.50,3.1,0,corps,89.03939836086622,1.9561
1671,3,112,37.33,2.7,0,corps,88.99688928983915,1.2568
1672,2,34,17.00,2.2,0,corps,88.95440146803483,1.3301
1673,4,50,12.50,3.1,0,corps,88.91193488483134,1.6825
1674,3,161,53.67,2.7,0,corps,88.86948952961203,0.6926
1675,4,109,27.25,3.1,0,corps,88.8270653917655,1.1423
1676,6,193,32.17,4.0,0,corps,88.78466246068578,1.0771
1677,3,75,25.00,2.7,0,corps,88.74228072577212,1.0228
1678,2,72,36.00,2.2,0,corps,88.69992017642909,0.9439
1679,4,81,20.25,3.1,0,corps,88.65758080206653,1.4134
1680,3,101,33.67,2.7,0,corps,88.61526259209963,1.0748
1681,2,44,22.00,2.2,0,corps,88.57296553594878,0.9510
1682,3,36,12.00,2.7,0,corps,88.53068962303979,1.4175
1683,3,43,14.33,2.7,0,corps,88.48843484280364,1.9908
1684,3,99,33.00,2.7,0,corps,88.44620118467664,0.6809
1685,6,109,18.17,4.0,0,corps,88.40398863810039,0.9928
1686,7,200,28.57,4.4,0,corps,88.3617971925217,0.8698
1687,9,244,27.11,5.3,0,corps,88.31962683739278,0.7631
1688,2,175,87.50,2.2,0,corps,88.277477562171,0.4741
1689,2,65,32.50,2.2,0,corps,88.23534935631905,0.7189
1690,2,100,50.00,2.2,0,corps,88.19324220930488,0.4426
1691,2,143,71.50,2.2,0,corps,88.15115611060169,0.3629
1692,2,78,39.00,2.2,0,corps,88.10909104968798,0.8694
1693,3,86,28.67,2.7,0,corps,88.06704701604745,0.6052
1694,3,226,75.33,2.7,0,corps,88.02502399916914,0.5158
1695,2,171,85.50,2.2,0,corps,87.98302198854725,0.4996
1696,5,109,21.80,3.6,0,corps,87.94104097368131,1.1084
1697,2,44,22.00,2.2,0,corps,87.89908094407602,1.1661
1698,6,181,30.17,4.0,0,corps,87.85714188924143,0.7032
1699,10,228,22.80,5.8,0,corps,87.81522379869273,0.8563
1700,4,123,30.75,3.1,0,corps,87.77332666195043,0.6314
1701,2,50,25.00,2.2,0,corps,87.73145046854023,1.0208
1702,4,128,32.00,3.1,0,corps,87.6895952079931,0.8466
1703,3,65,21.67,2.7,0,corps,87.64776086984517,0.8730
1704,2,26,13.00,2.2,0,corps,87.60594744363792,2.2556
1705,2,75,37.50,2.2,0,corps,87.56415491891795,1.0041
1706,4,50,12.50,3.1,0,corps,87.52238328523715,1.3025
1707,2,148,74.00,2.2,0,corps,87.48063253215261,0.6654
1708,6,142,23.67,4.0,0,corps,87.43890264922663,0.9229
1709,3,50,16.67,2.7,0,corps,87.39719362602676,1.3043
1710,2,17,8.50,2.2,0,corps,87.35550545212574,2.8895
1711,4,86,21.50,3.1,0,corps,87.3138381171015,0.8524
1712,4,189,47.25,3.1,0,corps,87.27219161053722,0.7673
1713,2,40,20.00,2.2,0,corps,87.23056592202127,1.0830
1714,2,25,12.50,2.2,0,corps,87.18896104114727,1.5816
1715,2,57,28.50,2.2,0,corps,87.14737695751393,1.5699
1716,2,28,14.00,2.2,0,corps,87.10581366072527,1.1784
1717,2,26,13.00,2.2,0,corps,87.06427114039046,1.4931
1718,2,28,14.00,2.2,0,corps,87.02274938612386,1.3737
1719,7,220,31.43,4.4,0,corps,86.98124838754505,0.8039
1720,2,30,15.00,2.2,0,corps,86.93976813427878,1.5254
1721,3,48,16.00,2.7,0,corps,86.89830861595496,1.4015
1722,3,81,27.00,2.7,0,corps,86.85686982220872,1.0949
1723,3,109,36.33,2.7,0,corps,86.81545174268037,1.1077
1724,2,63,31.50,2.2,0,corps,86.7740543670154,0.8115
1725,2,42,21.00,2.2,0,corps,86.73267768486443,1.4466
1726,2,68,34.00,2.2,0,corps,86.69132168588332,0.9297
1727,3,89,29.67,2.7,0,corps,86.64998635973309,1.1380
1728,3,48,16.00,2.7,0,corps,86.60867169607987,1.5146
1729,2,67,33.50,2.2,0,corps,86.56737768459497,0.8587
1730,3,90,30.00,2.7,0,corps,86.52610431495495,1.0052
1731,5,94,18.80,3.6,0,corps,86.48485157684144,1.4708
1732,2,50,25.00,2.2,0,corps,86.44361945994125,1.6952
1733,3,102,34.00,2.7,0,corps,86.40240795394634,1.4564
1734,3,71,23.67,2.7,0,corps,86.36121704855387,1.0225
1735,2,35,17.50,2.2,0,corps,86.32004673346606,1.3730
1736,2,87,43.50,2.2,0,corps,86.2788969983904,0.9142
1737,3,41,13.67,2.7,0,corps,86.23776783303938,1.3572
1738,4,115,28.75,3.1,0,corps,86.19665922713078,1.1415
1739,4,33,8.25,3.1,0,corps,86.1555711703874,2.2375
1740,2,37,18.50,2.2,0,corps,86.11450365253724,0.9835
1741,3,77,25.67,2.7,0,corps,86.07345666331342,0.9549
1742,2,13,6.50,2.2,0,corps,86.0324301924542,2.1924
1743,3,37,12.33,2.7,0,corps,85.99142422970296,1.6211
1744,2,22,11.00,2.2,0,corps,85.95043876480818,1.3934
1745,2,21,10.50,2.2,0,corps,85.90947378752354,3.0054
1746,2,155,77.50,2.2,0,corps,85.86852928760777,0.5705
1747,4,66,16.50,3.1,0,corps,85.82760525482475,1.3993
1748,3,88,29.33,2.7,0,corps,85.78670167894347,0.8796
1749,4,89,22.25,3.1,0,corps,85.74581854973802,0.7577
1750,2,42,21.00,2.2,0,corps,85.70495585698764,0.6668
1751,2,82,41.00,2.2,0,corps,85.66411359047666,0.8832
1752,2,101,50.50,2.2,0,corps,85.6232917399945,0.7079
1753,3,68,22.67,2.7,0,corps,85.5824902953357,0.7244
1754,5,117,23.40,3.6,0,corps,85.5417092462999,4.5679
1755,2,24,12.00,2.2,0,corps,85.50094858269183,1.3690
1756,5,174,34.80,3.6,0,corps,85.46020829432133,1.1357
1757,2,62,31.00,2.2,0,corps,85.41948837100333,0.8223
1758,3,86,28.67,2.7,0,corps,85.37878880255785,0.9006
1759,4,67,16.75,3.1,0,corps,85.33810957880999,1.0176
1760,4,86,21.50,3.1,0,corps,85.29745068958995,5.1299
1761,3,32,10.67,2.7,0,corps,85.256812124733,1.9061
1762,6,135,22.50,4.0,0,corps,85.21619387407952,1.2792
1763,6,79,13.17,4.0,0,corps,85.17559592747492,1.5267
1764,5,74,14.80,3.6,0,corps,85.13501827476972,1.5444
1765,8,111,13.88,4.9,0,corps,85.09446090581953,1.7125
1766,3,91,30.33,2.7,0,corps,85.05392381048496,1.2105
1767,4,129,32.25,3.1,0,corps,85.01340697863179,0.8935
1768,7,256,36.57,4.4,0,corps,84.97291040013077,0.7058
1769,2,90,45.00,2.2,0,corps,84.93243406485779,0.6187
1770,2,48,24.00,2.2,0,corps,84.89197796269373,0.6989
1771,2,71,35.50,2.2,0,corps,84.8515420835246,0.5919
1772,2,98,49.00,2.2,0,corps,84.8111264172414,0.7164
1773,6,114,19.00,4.0,0,corps,84.77073095374023,1.2612
1774,2,29,14.50,2.2,0,corps,84.73035568292221,1.0055
1775,2,57,28.50,2.2,0,corps,84.69000059469354,1.0387
1776,6,202,33.67,4.0,0,corps,84.64966567896543,0.8237
1777,2,66,33.00,2.2,0,corps,84.60935092565417,0.8547
1778,3,41,13.67,2.7,0,corps,84.56905632468106,1.8126
1779,2,15,7.50,2.2,0,corps,84.52878186597245,1.6042
1780,3,50,16.67,2.7,0,corps,84.48852753945972,1.1909
1781,4,65,16.25,3.1,0,corps,84.4482933350793,1.1449
1782,2,48,24.00,2.2,0,corps,84.40807924277263,1.2377
1783,2,63,31.50,2.2,0,corps,84.36788525248619,0.6682
1784,3,61,20.33,2.7,0,corps,84.32771135417147,0.9035
1785,3,75,25.00,2.7,0,corps,84.28755753778503,0.5980
1786,3,73,24.33,2.7,0,corps,84.24742379328838,0.7366
1787,8,196,24.50,4.9,0,corps,84.2073101106481,0.9291
1788,5,72,14.40,3.6,0,corps,84.16721647983576,1.1344
1789,3,123,41.00,2.7,0,corps,84.12714289082797,0.5839
1790,2,20,10.00,2.2,0,corps,84.0870893336063,1.2023
1791,2,89,44.50,2.2,0,corps,84.04705579815739,0.8759
1792,2,61,30.50,2.2,0,corps,84.00704227447285,0.6159
1793,4,46,11.50,3.1,0,corps,83.9670487525493,1.4866
1794,12,337,28.08,6.7,0,corps,83.92707522238834,0.9595
1795,2,52,26.00,2.2,0,corps,83.88712167399662,0.8889
1796,3,32,10.67,2.7,0,corps,83.84718809738571,1.7364
1797,6,122,20.33,4.0,0,corps,83.80727448257225,0.9662
1798,6,176,29.33,4.0,0,corps,83.76738081957784,0.7159
1799,4,72,18.00,3.1,0,corps,83.72750709842904,6.5365
1800,3,82,27.33,2.7,0,corps,83.68765330915743,1.1259
1801,8,169,21.12,4.9,0,corps,83.64781944179957,1.1592
1802,5,120,24.00,3.6,0,corps,83.60800548639696,0.9974
1803,3,147,49.00,2.7,0,corps,83.56821143299616,1.1871
1804,2,119,59.50,2.2,0,corps,83.52843727164863,0.8416
1805,2,77,38.50,2.2,0,corps,83.48868299241083,0.9277
1806,2,37,18.50,2.2,0,corps,83.44894858534418,1.4451
1807,6,173,28.83,4.0,0,corps,83.40923404051512,1.0652
1808,2,45,22.50,2.2,0,corps,83.36953934799496,1.0896
1809,7,113,16.14,4.4,0,corps,83.32986449786006,1.1812
1810,4,52,13.00,3.1,0,corps,83.29020948019169,1.7687
1811,5,109,21.80,3.6,0,corps,83.25057428507611,1.2378
1812,3,64,21.33,2.7,0,corps,83.2109589026045,1.0478
1813,6,112,18.67,4.0,0,corps,83.17136332287305,1.2980
1814,4,119,29.75,3.1,0,corps,83.13178753598282,1.0079
1815,3,82,27.33,2.7,0,corps,83.09223153203989,0.9610
1816,6,132,22.00,4.0,0,corps,83.05269530115528,1.0835
1817,3,59,19.67,2.7,0,corps,83.01317883344488,1.7055
1818,5,117,23.40,3.6,0,corps,82.97368211902962,1.0136
1819,2,30,15.00,2.2,0,corps,82.93420514803529,1.2396
1820,3,119,39.67,2.7,0,corps,82.89474791059264,0.7645
1821,5,76,15.20,3.6,0,corps,82.85531039683742,0.9457
1822,5,73,14.60,3.6,0,corps,82.81589259691017,1.8167
1823,5,116,23.20,3.6,0,corps,82.77649450095652,1.0427
1824,2,52,26.00,2.2,0,corps,82.73711609912687,0.6495
1825,3,26,8.67,2.7,0,corps,82.69775738157668,1.7085
1826,6,106,17.67,4.0,0,corps,82.6584183384662,1.0184
1827,4,110,27.50,3.1,0,corps,82.61909895996077,1.0078
1828,6,193,32.17,4.0,0,corps,82.57979923623046,0.8636
1829,2,21,10.50,2.2,0,corps,82.54051915745038,1.0972
1830,2,34,17.00,2.2,0,corps,82.50125871380048,0.9207
1831,8,158,19.75,4.9,0,corps,82.46201789546569,3.0263
1832,3,96,32.00,2.7,0,corps,82.42279669263577,0.8496
1833,6,87,14.50,4.0,0,corps,82.38359509550544,1.9265
1834,2,74,37.00,2.2,0,corps,82.34441309427429,0.7966
1835,2,48,24.00,2.2,0,corps,82.30525067914681,0.7779
1836,3,50,16.67,2.7,0,corps,82.26610784033241,1.7492
1837,2,49,24.50,2.2,0,corps,82.2269845680454,1.0531
1838,9,122,13.56,5.3,0,corps,82.18788085250492,1.1693
1839,2,48,24.00,2.2,0,corps,82.14879668393506,1.2057
1840,3,53,17.67,2.7,0,corps,82.10973205256478,1.1315
1841,3,58,19.33,2.7,0,corps,82.07068694862792,1.1473
1842,4,43,10.75,3.1,0,corps,82.03166136236321,2.0227
1843,4,88,22.00,3.1,0,corps,81.99265528401423,1.4987
1844,11,253,23.00,6.2,0,corps,81.95366870382949,1.3662
1845,4,86,21.50,3.1,0,corps,81.91470161206234,1.0067
1846,2,42,21.00,2.2,0,corps,81.87575399897099,1.3374
1847,2,108,54.00,2.2,0,corps,81.83682585481854,0.5937
1848,6,111,18.50,4.0,0,corps,81.79791716987296,1.1405
1849,5,243,48.60,3.6,0,corps,81.7590279344071,1.0138
1850,6,153,25.50,4.0,0,corps,81.7201581386986,1.3372
1851,2,33,16.50,2.2,0,corps,81.68130777303006,1.2143
1852,2,64,32.00,2.2,0,corps,81.64247682768885,1.2413
1853,6,147,24.50,4.0,0,corps,81.60366529296726,3.3113
1854,2,61,30.50,2.2,0,corps,81.5648731591624,0.9918
1855,4,87,21.75,3.1,0,corps,81.52610041657623,1.1964
1856,4,76,19.00,3.1,0,corps,81.48734705551557,1.0877
1857,4,53,13.25,3.1,0,corps,81.44861306629207,1.3924
1858,4,134,33.50,3.1,0,corps,81.40989843922225,1.0254
1859,3,91,30.33,2.7,0,corps,81.37120316462743,1.2505
1860,3,114,38.00,2.7,0,corps,81.33252723283381,0.8335
1861,2,85,42.50,2.2,0,corps,81.29387063417242,1.0088
1862,2,51,25.50,2.2,0,corps,81.25523335897907,0.9770
1863,2,17,8.50,2.2,0,corps,81.21661539759447,1.4073
1864,5,54,10.80,3.6,0,corps,81.17801674036413,2.2112
1865,8,147,18.38,4.9,0,corps,81.13943737763836,1.4203
1866,2,68,34.00,2.2,0,corps,81.10087729977234,1.0510
1867,4,125,31.25,3.1,0,corps,81.06233649712605,0.8043
1868,5,81,16.20,3.6,0,corps,81.02381496006427,1.5847
1869,3,63,21.00,2.7,0,corps,80.98531267895666,1.4152
1870,2,13,6.50,2.2,0,corps,80.9468296441776,2.9183
1871,2,35,17.50,2.2,0,corps,80.90836584610636,1.1283
1872,2,50,25.00,2.2,0,corps,80.86992127512698,1.4520
1873,4,89,22.25,3.1,0,corps,80.83149592162833,1.3369
1874,4,132,33.00,3.1,0,corps,80.79308977600404,1.3365
1875,3,29,9.67,2.7,0,corps,80.7547028286526,1.3719
1876,2,40,20.00,2.2,0,corps,80.71633506997729,1.1221
1877,9,161,17.89,5.3,0,corps,80.6779864903861,1.3373
1878,4,53,13.25,3.1,0,corps,80.63965708029197,1.5021
1879,6,99,16.50,4.0,0,corps,80.6013468301125,1.4598
1880,9,166,18.44,5.3,0,corps,80.56305573027015,1.3262
1881,4,103,25.75,3.1,0,corps,80.5247837711921,1.2297
1882,4,60,15.00,3.1,0,corps,80.48653094331041,1.3998
1883,4,81,20.25,3.1,0,corps,80.44829723706187,1.3120
1884,4,77,19.25,3.1,0,corps,80.410082642888,1.2628
1885,3,65,21.67,2.7,0,corps,80.37188715123521,1.2164
1886,4,64,16.00,3.1,0,corps,80.33371075255461,1.9734
1887,3,27,9.00,2.7,0,corps,80.29555343730209,1.4672
1888,4,125,31.25,3.1,0,corps,80.25741519593834,0.9442
1889,5,122,24.40,3.6,0,corps,80.21929601892876,1.5197
1890,3,95,31.67,2.7,0,corps,80.18119589674359,0.8105
1891,2,42,21.00,2.2,0,corps,80.1431148198578,1.2117
1892,5,108,21.60,3.6,0,corps,80.1050527787511,1.5546
1893,4,49,12.25,3.1,0,corps,80.06700976390799,7.1812
1894,2,33,16.50,2.2,0,corps,80.02898576581774,1.7051
1895,2,84,42.00,2.2,0,corps,79.9909807749743,0.9948
1896,2,18,9.00,2.2,0,corps,79.95299478187647,1.5822
1897,3,28,9.33,2.7,0,corps,79.91502777702773,2.2470
1898,5,62,12.40,3.6,0,corps,79.87707975093632,1.7031
1899,3,104,34.67,2.7,0,corps,79.83915069411525,1.0325
1900,8,166,20.75,4.9,0,corps,79.80124059708224,1.1182
1901,2,85,42.50,2.2,0,corps,79.76334945035978,0.5128
1902,8,98,12.25,4.9,0,corps,79.72547724447507,2.0043
1903,3,245,81.67,2.7,0,corps,79.68762396996007,0.6829
1904,2,24,12.00,2.2,0,corps,79.64978961735146,1.4828
1905,2,59,29.50,2.2,0,corps,79.61197417719065,0.9017
1906,2,48,24.00,2.2,0,corps,79.57417764002376,0.9925
1907,2,21,10.50,2.2,0,corps,79.5363999964017,1.4081
1908,6,92,15.33,4.0,0,corps,79.49864123688002,3.7161
1909,4,73,18.25,3.1,0,corps,79.46090135201904,1.0794
1910,2,26,13.00,2.2,0,corps,79.42318033238381,1.2457
1911,5,125,25.00,3.6,0,corps,79.38547816854403,0.7764
1912,2,37,18.50,2.2,0,corps,79.3477948510742,0.8848
1913,6,99,16.50,4.0,0,corps,79.31013037055347,1.3665
1914,8,126,15.75,4.9,0,corps,79.27248471756572,1.0415
1915,3,50,16.67,2.7,0,corps,79.23485788269954,1.2827
1916,4,81,20.25,3.1,0,corps,79.19724985654824,0.9485
1917,2,69,34.50,2.2,0,corps,79.15966062970978,1.0338
1918,5,84,16.80,3.6,0,corps,79.12209019278687,1.3689
1919,2,98,49.00,2.2,0,corps,79.0845385363869,1.1698
1920,4,85,21.25,3.1,0,corps,79.04700565112196,1.1200
1921,2,46,23.00,2.2,0,corps,79.00949152760882,0.8973
1922,2,42,21.00,2.2,0,corps,78.97199615646895,1.4008
1923,4,80,20.00,3.1,0,corps,78.93451952832852,0.9826
1924,6,96,16.00,4.0,0,corps,78.89706163381835,1.2969
1925,4,104,26.00,3.1,0,corps,78.85962246357398,0.7702
1926,4,84,21.00,3.1,0,corps,78.82220200823564,3.6781
1927,3,49,16.33,2.7,0,corps,78.78480025844816,1.2641
1928,4,37,9.25,3.1,0,corps,78.74741720486116,2.5368
1929,2,30,15.00,2.2,0,corps,78.71005283812883,1.4711
1930,2,43,21.50,2.2,0,corps,78.6727071489101,0.8569
1931,5,194,38.80,3.6,0,corps,78.63538012786856,0.9758
1932,4,58,14.50,3.1,0,corps,78.59807176567243,5.5900
1933,2,46,23.00,2.2,0,corps,78.56078205299463,1.1342
1934,6,95,15.83,4.0,0,corps,78.52351098051274,1.4616
1935,4,104,26.00,3.1,0,corps,78.48625853890896,1.3591
1936,11,283,25.73,6.2,0,corps,78.44902471887023,1.0781
1937,8,170,21.25,4.9,0,corps,78.41180951108805,2.9792
1938,2,48,24.00,2.2,0,corps,78.37461290625865,1.3394
1939,5,141,28.20,3.6,0,corps,78.33743489508286,1.1151
1940,5,110,22.00,3.6,0,corps,78.30027546826616,1.2754
1941,2,143,71.50,2.2,0,corps,78.26313461651874,1.1682
1942,3,115,38.33,2.7,0,corps,78.22601233055535,1.2651
1943,6,129,21.50,4.0,0,corps,78.18890860109543,1.2790
1944,2,46,23.00,2.2,0,corps,78.15182341886306,1.1636
1945,2,113,56.50,2.2,0,corps,78.11475677458691,0.8889
1946,3,33,11.00,2.7,0,corps,78.07770865900035,2.4318
1947,2,79,39.50,2.2,0,corps,78.04067906284135,1.0883
1948,2,95,47.50,2.2,0,corps,78.00366797685248,1.0391
1949,2,54,27.00,2.2,0,corps,77.96667539178101,0.6636
1950,2,72,36.00,2.2,0,corps,77.92970129837876,1.1119
1951,4,41,10.25,3.1,0,corps,77.89274568740223,1.7049
1952,2,71,35.50,2.2,0,corps,77.85580854961249,1.0916
1953,3,50,16.67,2.7,0,corps,77.81888987577528,1.4215
1954,6,58,9.67,4.0,0,corps,77.78198965666093,2.8989
1955,4,95,23.75,3.1,0,corps,77.74510788304437,1.0335
1956,3,94,31.33,2.7,0,corps,77.70824454570517,0.9649
1957,9,208,23.11,5.3,0,corps,77.67139963542749,1.5653
1958,3,63,21.00,2.7,0,corps,77.63457314300011,1.7739
1959,2,34,17.00,2.2,0,corps,77.59776505921639,1.3781
1960,4,86,21.50,3.1,0,corps,77.56097537487432,1.8996
1961,6,101,16.83,4.0,0,corps,77.52420408077647,1.4361
1962,7,159,22.71,4.4,0,corps,77.48745116773003,0.9635
1963,7,72,10.29,4.4,0,corps,77.45071662654675,4.7078
1964,2,71,35.50,2.2,0,corps,77.41400044804304,1.5918
1965,5,97,19.40,3.6,0,corps,77.3773026230398,1.1575
1966,2,115,57.50,2.2,0,corps,77.3406231423626,0.6204
1967,3,68,22.67,2.7,0,corps,77.30396199684158,0.9833
1968,2,14,7.00,2.2,0,corps,77.26731917731144,1.6727
1969,4,99,24.75,3.1,0,corps,77.23069467461146,1.2910
1970,7,190,27.14,4.4,0,corps,77.19408847958555,0.8637
1971,9,108,12.00,5.3,0,corps,77.15750058308211,1.5018
1972,5,74,14.80,3.6,0,corps,77.12093097595422,1.2050
1973,2,11,5.50,2.2,0,corps,77.08437964905946,2.2009
1974,2,42,21.00,2.2,0,corps,77.04784659325999,1.1090
1975,4,69,17.25,3.1,0,corps,77.01133179942254,1.2060
1976,2,46,23.00,2.2,0,corps,76.97483525841842,1.2723
1977,5,42,8.40,3.6,0,corps,76.9383569611235,1.4846
1978,2,43,21.50,2.2,0,corps,76.90189689841822,0.9061
1979,3,65,21.67,2.7,0,corps,76.8654550611875,1.1149
1980,4,143,35.75,3.1,0,corps,76.82903144032096,0.9456
1981,5,106,21.20,3.6,0,corps,76.79262602671264,1.4669
1982,4,99,24.75,3.1,0,corps,76.75623881126121,0.7890
1983,5,100,20.00,3.6,0,corps,76.71986978486987,1.3032
1984,3,165,55.00,2.7,0,corps,76.68351893844635,0.7901
1985,10,169,16.90,5.8,0,corps,76.64718626290295,1.4835
1986,4,203,50.75,3.1,0,corps,76.61087174915649,0.9958
1987,2,26,13.00,2.2,0,corps,76.57457538812834,1.9143
1988,4,122,30.50,3.1,0,corps,76.53829717074441,1.1285
1989,4,187,46.75,3.1,0,corps,76.50203708793516,0.7366
1990,5,129,25.80,3.6,0,corps,76.46579513063556,0.9922
1991,6,237,39.50,4.0,0,corps,76.42957128978512,1.0728
1992,3,85,28.33,2.7,0,corps,76.39336555632788,1.1841
1993,2,57,28.50,2.2,0,corps,76.3571779212124,0.9232
1994,2,48,24.00,2.2,0,corps,76.32100837539178,1.2839
1995,5,92,18.40,3.6,0,corps,76.28485690982363,1.1882
1996,9,198,22.00,5.3,0,corps,76.24872351547009,1.3491
1997,3,116,38.67,2.7,0,corps,76.21260818329779,0.9051
1998,3,78,26.00,2.7,0,corps,76.17651090427793,1.5127
1999,3,122,40.67,2.7,0,corps,76.14043166938616,0.8503
2000,3,45,15.00,2.7,0,corps,76.1043704696027,1.3299
2001,6,136,22.67,4.0,0,corps,76.06832729591221,1.3899
2002,2,89,44.50,2.2,0,corps,76.03230213930394,0.9688
2003,2,127,63.50,2.2,0,corps,75.99629499077156,0.7511
2004,2,26,13.00,2.2,0,corps,75.96030584131333,1.5811
2005,7,155,22.14,4.4,0,corps,75.92433468193191,1.1991
2006,4,82,20.50,3.1,0,corps,75.88838150363455,1.2853
2007,5,175,35.00,3.6,0,corps,75.85244629743292,0.8947
2008,9,148,16.44,5.3,0,corps,75.81652905434326,1.4637
2009,7,173,24.71,4.4,0,corps,75.78062976538622,2.1835
2010,5,102,20.40,3.6,0,corps,75.74474842158702,1.1966
2011,12,262,21.83,6.7,0,corps,75.70888501397526,1.0877
2012,4,84,21.00,3.1,0,corps,75.67303953358517,3.4242
2013,3,96,32.00,2.7,0,corps,75.63721197145532,1.0010
2014,8,289,36.12,4.9,0,corps,75.60140231862883,0.7726
2015,4,122,30.50,3.1,0,corps,75.5656105661533,1.0030
2016,4,85,21.25,3.1,0,corps,75.52983670508078,1.3360
2017,3,57,19.00,2.7,0,corps,75.4940807264678,1.6061
2018,2,123,61.50,2.2,0,corps,75.4583426213754,0.5273
2019,2,39,19.50,2.2,0,corps,75.42262238086899,1.1354
2020,4,54,13.50,3.1,0,corps,75.38691999601858,1.6471
2021,3,51,17.00,2.7,0,corps,75.35123545789853,1.5158
2022,8,101,12.62,4.9,0,corps,75.31556875758771,1.7826
2023,5,170,34.00,3.6,0,corps,75.27991988616945,1.0722
2024,3,19,6.33,2.7,0,corps,75.24428883473153,2.4176
2025,2,39,19.50,2.2,0,corps,75.20867559436621,1.3961
2026,8,123,15.38,4.9,0,corps,75.17308015617014,3.6097
2027,2,22,11.00,2.2,0,corps,75.13750251124448,2.2613
2028,2,49,24.50,2.2,0,corps,75.10194265069484,1.3307
2029,5,124,24.80,3.6,0,corps,75.06640056563123,1.4262
2030,2,82,41.00,2.2,0,corps,75.03087624716812,0.8827
2031,5,114,22.80,3.6,0,corps,74.99536968642443,1.0844
2032,8,168,21.00,4.9,0,corps,74.95988087452355,1.5110
2033,3,128,42.67,2.7,0,corps,74.92440980259325,0.9040
2034,8,162,20.25,4.9,0,corps,74.88895646176577,1.2462
2035,3,80,26.67,2.7,0,corps,74.85352084317776,0.8805
2036,7,86,12.29,4.4,0,corps,74.81810293797035,2.0291
2037,3,53,17.67,2.7,0,corps,74.78270273728906,1.5103
2038,3,31,10.33,2.7,0,corps,74.74732023228378,1.1983
2039,2,109,54.50,2.2,0,corps,74.71195541410896,0.5801
2040,5,82,16.40,3.6,0,corps,74.67660827392335,1.7066
2041,5,84,16.80,3.6,0,corps,74.64127880289018,1.1014
2042,8,137,17.12,4.9,0,corps,74.60596699217709,4.1040
2043,6,178,29.67,4.0,0,corps,74.57067283295608,0.8659
2044,7,177,25.29,4.4,0,corps,74.53539631640368,0.8335
2045,3,60,20.00,2.7,0,corps,74.50013743370071,0.9504
2046,5,99,19.80,3.6,0,corps,74.46489617603247,1.0126
2047,5,122,24.40,3.6,0,corps,74.42967253458863,0.9509
2048,4,60,15.00,3.1,0,corps,74.3944665005633,1.4655
2049,5,110,22.00,3.6,0,corps,74.35927806515497,1.4068
2050,2,20,10.00,2.2,0,corps,74.32410721956651,1.2026
2051,2,64,32.00,2.2,0,corps,74.28895395500523,0.5621
2052,6,115,19.17,4.0,0,corps,74.2538182626828,1.2422
2053,5,81,16.20,3.6,0,corps,74.2187001338153,1.0773
2054,5,122,24.40,3.6,0,corps,74.18359955962322,0.7496
2055,3,85,28.33,2.7,0,corps,74.14851653133137,1.1348
2056,4,52,13.00,3.1,0,corps,74.11345104016902,1.5835
2057,5,95,19.00,3.6,0,corps,74.0784030773698,1.0147
2058,4,85,21.25,3.1,0,corps,74.04337263417173,1.0489
2059,12,243,20.25,6.7,0,corps,74.00835970181716,2.2704
2060,2,82,41.00,2.2,0,corps,73.97336427155288,0.6588
2061,3,89,29.67,2.7,0,corps,73.93838633463005,1.0160
2062,5,90,18.00,3.6,0,corps,73.90342588230416,1.7378
2063,6,107,17.83,4.0,0,corps,73.8684829058351,1.2855
2064,3,78,26.00,2.7,0,corps,73.83355739648712,0.9733
2065,2,95,47.50,2.2,0,corps,73.79864934552887,1.2915
2066,2,57,28.50,2.2,0,corps,73.76375874423333,0.8643
2067,8,93,11.62,4.9,0,corps,73.72888558387783,2.0394
2068,3,49,16.33,2.7,0,corps,73.69402985574408,1.1823
2069,3,69,23.00,2.7,0,corps,73.65919155111817,1.2193
2070,2,199,99.50,2.2,0,corps,73.6243706612905,0.8167
2071,2,131,65.50,2.2,0,corps,73.58956717755585,1.0673
2072,3,71,23.67,2.7,0,corps,73.55478109121337,1.2245
2073,2,51,25.50,2.2,0,corps,73.52001239356653,1.0893
2074,4,93,23.25,3.1,0,corps,73.48526107592315,1.5333
2075,7,176,25.14,4.4,0,corps,73.45052712959537,1.9172
2076,3,39,13.00,2.7,0,corps,73.41581054589977,1.9230
2077,6,160,26.67,4.0,0,corps,73.38111131615716,1.1484
2078,4,135,33.75,3.1,0,corps,73.34642943169274,1.1356
2079,6,131,21.83,4.0,0,corps,73.31176488383603,4.5048
2080,7,174,24.86,4.4,0,corps,73.2771176639209,1.2103
2081,4,67,16.75,3.1,0,corps,73.24248776328557,1.8245
2082,9,146,16.22,5.3,0,corps,73.20787517327253,1.3152
2083,4,93,23.25,3.1,0,corps,73.17327988522862,1.1502
2084,2,47,23.50,2.2,0,corps,73.13870189050508,0.6157
2085,2,27,13.50,2.2,0,corps,73.10414118045735,1.0609
2086,4,66,16.50,3.1,0,corps,73.06959774644528,1.2351
2087,3,93,31.00,2.7,0,corps,73.03507157983299,1.0629
2088,4,82,20.50,3.1,0,corps,73.00056267198897,0.8155
2089,4,63,15.75,3.1,0,corps,72.96607101428599,1.0850
2090,2,44,22.00,2.2,0,corps,72.93159659810112,1.3309
2091,2,35,17.50,2.2,0,corps,72.89713941481574,1.0861
2092,2,35,17.50,2.2,0,corps,72.86269945581557,1.5193
2093,7,106,15.14,4.4,0,corps,72.82827671249063,1.5040
2094,3,61,20.33,2.7,0,corps,72.79387117623524,1.3356
2095,6,94,15.67,4.0,0,corps,72.759482838448,2.6001
2096,4,69,17.25,3.1,0,corps,72.72511169053182,1.3190
2097,2,26,13.00,2.2,0,corps,72.69075772389392,1.3904
2098,4,139,34.75,3.1,0,corps,72.65642092994581,1.0022
2099,3,70,23.33,2.7,0,corps,72.62210130010328,0.9354
2100,3,53,17.67,2.7,0,corps,72.58779882578644,1.1560
2101,4,98,24.50,3.1,0,corps,72.55351349841968,1.0843
2102,5,81,16.20,3.6,0,corps,72.51924530943164,1.1461
2103,8,98,12.25,4.9,0,corps,72.48499425025527,1.2566
2104,2,36,18.00,2.2,0,corps,72.45076031232783,1.3037
2105,2,82,41.00,2.2,0,corps,72.41654348709083,0.8428
2106,3,55,18.33,2.7,0,corps,72.38234376599007,1.0974
2107,7,83,11.86,4.4,0,corps,72.34816114047557,1.4598
2108,15,287,19.13,8.0,0,corps,72.31399560200174,1.0536
2109,3,57,19.00,2.7,0,corps,72.27984714202717,0.8526
2110,3,47,15.67,2.7,0,corps,72.24571575201473,1.2775
2111,5,85,17.00,3.6,0,corps,72.21160142343156,0.9845
2112,5,75,15.00,3.6,0,corps,72.17750414774913,1.1990
2113,4,124,31.00,3.1,0,corps,72.1434239164431,1.0022
2114,3,126,42.00,2.7,0,corps,72.1093607209934,0.5398
2115,3,42,14.00,2.7,0,corps,72.07531455288421,0.9813
2116,2,23,11.50,2.2,0,corps,72.04128540360402,1.2385
2117,3,97,32.33,2.7,0,corps,72.00727326464556,0.8818
2118,2,47,23.50,2.2,0,corps,71.97327812750575,0.5663
2119,8,171,21.38,4.9,0,corps,71.93929998368583,1.0343
2120,3,60,20.00,2.7,0,corps,71.90533882469126,1.3442
2121,4,128,32.00,3.1,0,corps,71.87139464203175,0.8156
2122,3,71,23.67,2.7,0,corps,71.83746742722126,0.7272
2123,4,143,35.75,3.1,0,corps,71.80355717177797,0.8708
2124,7,96,13.71,4.4,0,corps,71.76966386722432,1.4948
2125,3,33,11.00,2.7,0,corps,71.73578750508702,1.3939
2126,4,122,30.50,3.1,0,corps,71.70192807689692,0.8378
2127,3,35,11.67,2.7,0,corps,71.6680855741892,1.2293
2128,2,82,41.00,2.2,0,corps,71.63425998850322,0.7830
2129,8,182,22.75,4.9,0,corps,71.6004513113826,0.9206
2130,5,165,33.00,3.6,0,corps,71.56665953437515,0.8378
2131,4,55,13.75,3.1,0,corps,71.53288464903295,1.7820
2132,9,123,13.67,5.3,0,corps,71.49912664691225,1.1573
2133,6,94,15.67,4.0,0,corps,71.46538551957357,1.3619
2134,6,128,21.33,4.0,0,corps,71.43166125858163,1.4211
2135,2,27,13.50,2.2,0,corps,71.39795385550534,1.4422
2136,2,65,32.50,2.2,0,corps,71.36426330191786,0.6703
2137,2,36,18.00,2.2,0,corps,71.33058958939658,0.9859
2138,2,26,13.00,2.2,0,corps,71.29693270952303,1.2423
2139,3,22,7.33,2.7,0,corps,71.26329265388303,1.2271
2140,4,79,19.75,3.1,0,corps,71.22966941406649,1.0757
2141,4,133,33.25,3.1,0,corps,71.19606298166772,1.1975
2142,3,62,20.67,2.7,0,corps,71.16247334828502,1.2308
2143,3,94,31.33,2.7,0,corps,71.128900505521,1.1276
2144,2,25,12.50,2.2,0,corps,71.09534444498244,1.4619
2145,3,20,6.67,2.7,0,corps,71.06180515828036,2.0548
2146,3,47,15.67,2.7,0,corps,71.02828263702993,1.2617
2147,8,111,13.88,4.9,0,corps,70.9947768728505,1.6340
2148,3,54,18.00,2.7,0,corps,70.96128785736562,1.7286
2149,4,103,25.75,3.1,0,corps,70.92781558220307,1.2272
2150,5,82,16.40,3.6,0,corps,70.89436003899478,1.9375
2151,6,119,19.83,4.0,0,corps,70.86092121937682,1.3862
2152,5,91,18.20,3.6,0,corps,70.82749911498951,1.1375
2153,5,162,32.40,3.6,0,corps,70.79409371747734,1.2278
2154,2,57,28.50,2.2,0,corps,70.76070501848896,1.0203
2155,11,110,10.00,6.2,0,corps,70.72733300967717,1.6348
2156,3,45,15.00,2.7,0,corps,70.69397768269896,1.7291
2157,4,207,51.75,3.1,0,corps,70.66063902921555,0.9338
2158,3,31,10.33,2.7,0,corps,70.62731704089222,1.5597
2159,4,70,17.50,3.1,0,corps,70.59401170939852,1.7644
2160,4,82,20.50,3.1,0,corps,70.56072302640807,2.1529
2161,2,34,17.00,2.2,0,corps,70.52745098359874,0.9689
2162,8,201,25.12,4.9,0,corps,70.4941955726525,1.3567
2163,4,136,34.00,3.1,0,corps,70.4609567852555,1.1216
2164,3,75,25.00,2.7,0,corps,70.42773461309804,1.3758
2165,2,49,24.50,2.2,0,corps,70.39452904787457,1.4193
2166,2,33,16.50,2.2,0,corps,70.36134008128373,1.5591
2167,3,91,30.33,2.7,0,corps,70.32816770502825,1.2364
2168,6,106,17.67,4.0,0,corps,70.295011910815,1.6196
2169,2,83,41.50,2.2,0,corps,70.26187269035513,1.1337
2170,2,21,10.50,2.2,0,corps,70.22875003536376,1.5728
2171,10,160,16.00,5.8,0,corps,70.19564393756025,1.8319
2172,3,118,39.33,2.7,0,corps,70.16255438866804,0.8561
2173,3,60,20.00,2.7,0,corps,70.12948138041479,1.1490
2174,4,81,20.25,3.1,0,corps,70.09642490453224,1.1611
2175,4,65,16.25,3.1,0,corps,70.06338495275625,1.4918
2176,4,82,20.50,3.1,0,corps,70.03036151682683,1.5472
2177,3,52,17.33,2.7,0,corps,69.99735458848816,1.3550
2178,2,105,52.50,2.2,0,corps,69.96436415948845,1.1359
2179,4,77,19.25,3.1,0,corps,69.93139022158016,1.1391
2180,2,25,12.50,2.2,0,corps,69.89843276651973,1.6636
2181,2,50,25.00,2.2,0,corps,69.86549178606786,1.1265
2182,3,64,21.33,2.7,0,corps,69.83256727198928,1.4149
2183,2,57,28.50,2.2,0,corps,69.79965921605286,1.0916
2184,8,232,29.00,4.9,0,corps,69.76676761003156,1.0379
2185,4,62,15.50,3.1,0,corps,69.73389244570252,1.8149
2186,3,33,11.00,2.7,0,corps,69.70103371484694,1.7162
2187,2,46,23.00,2.2,0,corps,69.66819140925016,1.1813
2188,3,110,36.67,2.7,0,corps,69.63536552070153,1.0098
2189,3,254,84.67,2.7,0,corps,69.60255604099463,0.5864
2190,2,67,33.50,2.2,0,corps,69.5697629619271,1.0708
2191,7,182,26.00,4.4,0,corps,69.53698627530063,1.2365
2192,7,293,41.86,4.4,0,corps,69.50422597292108,0.7911
2193,6,151,25.17,4.0,0,corps,69.47148204659837,1.0341
2194,2,181,90.50,2.2,0,corps,69.43875448814651,0.6931
2195,5,80,16.00,3.6,0,corps,69.40604328938362,1.4982
2196,7,164,23.43,4.4,0,corps,69.37334844213187,1.5088
2197,4,102,25.50,3.1,0,corps,69.34066993821759,0.9245
2198,9,272,30.22,5.3,0,corps,69.30800776947112,1.0224
2199,6,126,21.00,4.0,0,corps,69.27536192772695,1.4274
2200,5,84,16.80,3.6,0,corps,69.2427324048236,1.3211
2201,7,77,11.00,4.4,0,corps,69.21011919260368,2.7824
2202,3,95,31.67,2.7,0,corps,69.17752228291391,1.0200
2203,6,116,19.33,4.0,0,corps,69.14494166760504,1.3144
2204,4,90,22.50,3.1,0,corps,69.11237733853191,1.2746
2205,6,174,29.00,4.0,0,corps,69.07982928755348,1.2243
2206,5,82,16.40,3.6,0,corps,69.04729750653271,1.4227
2207,2,61,30.50,2.2,0,corps,69.01478198733666,0.9887
2208,5,102,20.40,3.6,0,corps,68.98228272183641,1.5573
2209,4,92,23.00,3.1,0,corps,68.94979970190722,0.9804
2210,5,149,29.80,3.6,0,corps,68.91733291942828,0.8459
2211,3,63,21.00,2.7,0,corps,68.88488236628291,1.4107
2212,3,39,13.00,2.7,0,corps,68.85244803435845,1.5832
2213,4,53,13.25,3.1,0,corps,68.82002991554636,1.6912
2214,7,78,11.14,4.4,0,corps,68.78762800174208,2.0284
2215,5,90,18.00,3.6,0,corps,68.75524228484514,1.0173
2216,3,41,13.67,2.7,0,corps,68.72287275675909,1.7922
2217,3,80,26.67,2.7,0,corps,68.69051940939158,0.9254
2218,3,38,12.67,2.7,0,corps,68.65818223465426,1.9276
2219,5,152,30.40,3.6,0,corps,68.62586122446285,0.7041
2220,8,116,14.50,4.9,0,corps,68.59355637073706,1.4113
2221,2,86,43.00,2.2,0,corps,68.5612676654007,1.0770
2222,2,22,11.00,2.2,0,corps,68.52899510038161,2.0998
2223,4,92,23.00,3.1,0,corps,68.49673866761162,1.2860
2224,3,61,20.33,2.7,0,corps,68.46449835902662,1.2443
2225,3,40,13.33,2.7,0,corps,68.43227416656657,1.9155
2226,4,92,23.00,3.1,0,corps,68.40006608217539,1.5337
2227,11,267,24.27,6.2,0,corps,68.36787409780106,1.2713
2228,3,52,17.33,2.7,0,corps,68.33569820539557,1.5866
2229,9,126,14.00,5.3,0,corps,68.303538396915,2.9667
2230,9,164,18.22,5.3,0,corps,68.27139466431936,1.7335
2231,6,142,23.67,4.0,0,corps,68.23926699957272,3.4184
2232,2,30,15.00,2.2,0,corps,68.20715539464315,2.6483
2233,4,115,28.75,3.1,0,corps,68.17505984150276,1.1428
2234,5,102,20.40,3.6,0,corps,68.14298033212768,1.5797
2235,5,100,20.00,3.6,0,corps,68.11091685849803,1.5205
2236,2,28,14.00,2.2,0,corps,68.07886941259788,1.7885
2237,4,102,25.50,3.1,0,corps,68.04683798641547,1.0628
2238,2,34,17.00,2.2,0,corps,68.01482257194287,2.0094
2239,10,287,28.70,5.8,0,corps,67.98282316117624,1.0803
2240,5,106,21.20,3.6,0,corps,67.95083974611573,2.0034
2241,2,62,31.00,2.2,0,corps,67.91887231876551,0.7737
2242,10,242,24.20,5.8,0,corps,67.88692087113368,1.1122
2243,3,126,42.00,2.7,0,corps,67.85498539523243,0.7819
2244,2,24,12.00,2.2,0,corps,67.82306588307783,1.7862
2245,11,143,13.00,6.2,0,corps,67.79116232669004,1.5239
2246,4,54,13.50,3.1,0,corps,67.75927471809318,1.9758
2247,5,45,9.00,3.6,0,corps,67.72740304931531,2.3120
2248,10,211,21.10,5.8,0,corps,67.69554731238854,1.0019
2249,11,213,19.36,6.2,0,corps,67.66370749934894,1.2362
2250,3,38,12.67,2.7,0,corps,67.63188360223656,1.6568
2251,2,28,14.00,2.2,0,corps,67.60007561309538,1.2964
2252,4,49,12.25,3.1,0,corps,67.56828352397346,1.1325
2253,2,37,18.50,2.2,0,corps,67.53650732692272,1.2238
2254,9,164,18.22,5.3,0,corps,67.50474701399918,2.2387
2255,12,185,15.42,6.7,0,corps,67.4730025772627,1.4567
2256,2,46,23.00,2.2,0,corps,67.44127400877721,1.1101
2257,2,48,24.00,2.2,0,corps,67.40956130061053,1.0338
2258,6,143,23.83,4.0,0,corps,67.37786444483453,1.0058
2259,3,104,34.67,2.7,0,corps,67.34618343352496,0.9783
2260,4,37,9.25,3.1,0,corps,67.31451825876158,1.2825
2261,3,40,13.33,2.7,0,corps,67.28286891262809,1.7896
2262,4,54,13.50,3.1,0,corps,67.25123538721218,2.1939
2263,3,81,27.00,2.7,0,corps,67.21961767460542,0.8583
2264,3,52,17.33,2.7,0,corps,67.1880157669034,1.4569
2265,6,163,27.17,4.0,0,corps,67.15642965620567,0.9874
2266,3,83,27.67,2.7,0,corps,67.12485933461568,1.0011
2267,4,84,21.00,3.1,0,corps,67.09330479424086,1.4401
2268,2,42,21.00,2.2,0,corps,67.06176602719256,1.2530
2269,7,230,32.86,4.4,0,corps,67.03024302558609,0.9907
2270,3,89,29.67,2.7,0,corps,66.9987357815407,0.8213
2271,11,207,18.82,6.2,0,corps,66.96724428717961,1.4437
2272,2,56,28.00,2.2,0,corps,66.9357685346299,0.8337
2273,2,69,34.50,2.2,0,corps,66.90430851602265,0.7917
2274,8,150,18.75,4.9,0,corps,66.87286422349285,1.2755
2275,6,218,36.33,4.0,0,corps,66.84143564917945,0.8743
2276,6,113,18.83,4.0,0,corps,66.81002278522529,1.4337
2277,9,170,18.89,5.3,0,corps,66.77862562377713,1.3295
2278,7,206,29.43,4.4,0,corps,66.74724415698573,0.8964
2279,9,253,28.11,5.3,0,corps,66.7158783770057,1.1061
2280,3,38,12.67,2.7,0,corps,66.68452827599558,1.4146
2281,2,83,41.50,2.2,0,corps,66.65319384611783,0.8096
2282,5,66,13.20,3.6,0,corps,66.6218750795389,1.9750
2283,7,168,24.00,4.4,0,corps,66.59057196842905,0.9801
2284,3,45,15.00,2.7,0,corps,66.55928450496253,1.0172
2285,2,21,10.50,2.2,0,corps,66.52801268131745,1.9350
2286,2,36,18.00,2.2,0,corps,66.49675648967587,1.1150
2287,4,31,7.75,3.1,0,corps,66.46551592222374,2.1818
2288,3,73,24.33,2.7,0,corps,66.43429097115092,0.9863
2289,6,136,22.67,4.0,0,corps,66.40308162865117,1.0982
2290,5,68,13.60,3.6,0,corps,66.37188788692214,1.9248
2291,2,79,39.50,2.2,0,corps,66.34070973816542,0.7697
2292,3,30,10.00,2.7,0,corps,66.30954717458646,2.1163
2293,4,80,20.00,3.1,0,corps,66.2784001883946,1.2574
2294,3,143,47.67,2.7,0,corps,66.2472687718031,0.7682
2295,2,37,18.50,2.2,0,corps,66.21615291702916,0.9901
2296,5,99,19.80,3.6,0,corps,66.18505261629376,1.1861
2297,3,42,14.00,2.7,0,corps,66.15396786182181,1.9188
2298,2,73,36.50,2.2,0,corps,66.12289864584217,0.9828
2299,2,43,21.50,2.2,0,corps,66.09184496058754,0.9420
2300,3,35,11.67,2.7,0,corps,66.06080679829445,1.2030
2301,2,41,20.50,2.2,0,corps,66.02978415120336,0.9280
2302,4,89,22.25,3.1,0,corps,65.99877701155864,1.2200
2303,7,100,14.29,4.4,0,corps,65.96778537160853,1.2778
2304,3,63,21.00,2.7,0,corps,65.93680922360507,1.1944
2305,2,31,15.50,2.2,0,corps,65.90584855980421,1.2293
2306,2,65,32.50,2.2,0,corps,65.87490337246584,0.8671
2307,2,22,11.00,2.2,0,corps,65.84397365385362,1.8295
2308,2,38,19.00,2.2,0,corps,65.81305939623516,1.4547
2309,6,78,13.00,4.0,0,corps,65.78216059188185,1.4446
2310,3,11,3.67,2.7,0,corps,65.75127723306902,4.3495
2311,5,74,14.80,3.6,0,corps,65.72040931207582,1.4363
2312,2,71,35.50,2.2,0,corps,65.68955682118526,0.7519
2313,3,80,26.67,2.7,0,corps,65.65871975268422,1.0697
2314,6,90,15.00,4.0,0,corps,65.62789809886345,1.1864
2315,2,81,40.50,2.2,0,corps,65.59709185201754,0.6316
2316,8,188,23.50,4.9,0,corps,65.56630100444491,1.0442
2317,2,73,36.50,2.2,0,corps,65.53552554844782,0.7479
2318,2,33,16.50,2.2,0,corps,65.50476547633247,1.3126
2319,4,71,17.75,3.1,0,corps,65.47402078040881,1.2720
2320,5,85,17.00,3.6,0,corps,65.44329145299065,1.1279
2321,4,53,13.25,3.1,0,corps,65.41257748639566,1.0962
2322,6,113,18.83,4.0,0,corps,65.38187887294539,0.9588
2323,8,129,16.12,4.9,0,corps,65.35119560496514,1.2284
2324,5,70,14.00,3.6,0,corps,65.32052767478412,1.4054
2325,5,66,13.20,3.6,0,corps,65.28987507473532,1.4760
2326,15,283,18.87,8.0,0,corps,65.25923779715565,2.8898
2327,11,208,18.91,6.2,0,corps,65.22861583438572,1.0986
2328,8,143,17.88,4.9,0,corps,65.19800917877006,1.0522
2329,4,78,19.50,3.1,0,corps,65.16741782265703,0.9501
2330,4,50,12.50,3.1,0,corps,65.13684175839877,1.4225
2331,4,73,18.25,3.1,0,corps,65.10628097835126,1.0403
2332,3,63,21.00,2.7,0,corps,65.07573547487434,1.0455
2333,7,112,16.00,4.4,0,corps,65.04520524033155,5.3551
2334,3,50,16.67,2.7,0,corps,65.01469026709043,1.2092
2335,3,62,20.67,2.7,0,corps,64.9841905475222,1.0493
2336,3,76,25.33,2.7,0,corps,64.95370607400191,0.7018
2337,8,164,20.50,4.9,0,corps,64.92323683890847,1.0171
2338,4,80,20.00,3.1,0,corps,64.89278283462451,0.9320
2339,5,106,21.20,3.6,0,corps,64.86234405353663,0.9511
2340,5,98,19.60,3.6,0,corps,64.83192048803507,1.1485
2341,4,137,34.25,3.1,0,corps,64.80151213051393,0.8845
2342,10,151,15.10,5.8,0,corps,64.77111897337114,1.3808
2343,5,55,11.00,3.6,0,corps,64.74074100900843,1.4608
2344,5,176,35.20,3.6,0,corps,64.71037822983128,0.9643
2345,2,27,13.50,2.2,0,corps,64.680030628249,1.4723
2346,3,43,14.33,2.7,0,corps,64.64969819667469,1.2871
2347,5,88,17.60,3.6,0,corps,64.61938092752526,1.0578
2348,6,170,28.33,4.0,0,corps,64.58907881322136,0.9147
2349,4,75,18.75,3.1,0,corps,64.55879184618748,1.0153
2350,3,136,45.33,2.7,0,corps,64.52852001885189,0.6605
2351,2,54,27.00,2.2,0,corps,64.49826332364663,1.0268
2352,4,82,20.50,3.1,0,corps,64.46802175300749,0.9790
2353,9,256,28.44,5.3,0,corps,64.4377952993741,0.8798
2354,10,177,17.70,5.8,0,corps,64.40758395518986,1.1021
2355,2,78,39.00,2.2,0,corps,64.37738771290194,0.6243
2356,4,74,18.50,3.1,0,corps,64.34720656496124,1.1538
2357,2,29,14.50,2.2,0,corps,64.31704050382251,0.9224
2358,2,48,24.00,2.2,0,corps,64.28688952194422,1.0323
2359,5,95,19.00,3.6,0,corps,64.25675361178861,0.9483
2360,5,192,38.40,3.6,0,corps,64.22663276582172,0.9283
2361,5,116,23.20,3.6,0,corps,64.19652697651334,1.2700
2362,3,68,22.67,2.7,0,corps,64.16643623633702,1.0942
2363,2,16,8.00,2.2,0,corps,64.13636053777007,1.2875
2364,11,196,17.82,6.2,0,corps,64.10629987329357,1.3660
2365,3,46,15.33,2.7,0,corps,64.07625423539234,1.5416
2366,3,79,26.33,2.7,0,corps,64.046223616555,1.0971
2367,4,111,27.75,3.1,0,corps,64.01620800927387,1.4573
2368,5,87,17.40,3.6,0,corps,63.98620740604506,1.4158
2369,2,43,21.50,2.2,0,corps,63.956221799368386,1.2552
2370,8,134,16.75,4.9,0,corps,63.9262511817475,1.4964
2371,4,65,16.25,3.1,0,corps,63.89629554568972,1.4939
2372,3,128,42.67,2.7,0,corps,63.866354883706144,1.4245
2373,2,20,10.00,2.2,0,corps,63.836429188311584,1.3798
2374,2,48,24.00,2.2,0,corps,63.80651845202464,1.4299
2375,6,80,13.33,4.0,0,corps,63.77662266736762,1.8172
2376,7,113,16.14,4.4,0,corps,63.74674182686658,2.0393
2377,5,124,24.80,3.6,0,corps,63.716875923051305,1.1268
2378,3,22,7.33,2.7,0,corps,63.68702494845532,2.6274
2379,6,84,14.00,4.0,0,corps,63.6571888956159,8.3496
2380,4,87,21.75,3.1,0,corps,63.627367757074005,1.2840
2381,3,53,17.67,2.7,0,corps,63.59756152537436,1.7448
2382,2,14,7.00,2.2,0,corps,63.567770193065385,2.5180
2383,3,38,12.67,2.7,0,corps,63.53799375269929,2.2754
2384,4,66,16.50,3.1,0,corps,63.50823219683195,1.9884
2385,3,112,37.33,2.7,0,corps,63.47848551802295,1.0608
2386,5,103,20.60,3.6,0,corps,63.44875370883564,1.3257
2387,2,35,17.50,2.2,0,corps,63.41903676183708,1.9617
2388,2,32,16.00,2.2,0,corps,63.38933466959802,1.6717
2389,4,87,21.75,3.1,0,corps,63.35964742469293,1.4768
2390,2,24,12.00,2.2,0,corps,63.3299750197,1.0932
2391,7,106,15.14,4.4,0,corps,63.30031744720115,1.4693
2392,9,142,15.78,5.3,0,corps,63.27067469978196,1.4759
2393,2,32,16.00,2.2,0,corps,63.24104677003176,1.2520
2394,3,78,26.00,2.7,0,corps,63.21143365054355,1.1374
2395,2,41,20.50,2.2,0,corps,63.18183533391406,1.3519
2396,7,65,9.29,4.4,0,corps,63.15225181274372,2.4009
2397,10,190,19.00,5.8,0,corps,63.12268307963665,1.3634
2398,2,37,18.50,2.2,0,corps,63.09312912720063,1.5632
2399,5,118,23.60,3.6,0,corps,63.06358994804724,0.9657
2400,5,105,21.00,3.6,0,corps,63.034065534791615,1.2088
2401,2,25,12.50,2.2,0,corps,63.00455588005269,1.3048
2402,5,65,13.00,3.6,0,corps,62.97506097645304,1.0113
2403,4,113,28.25,3.1,0,corps,62.94558081661894,0.6981
2404,3,38,12.67,2.7,0,corps,62.91611539318036,1.2074
2405,3,38,12.67,2.7,0,corps,62.88666469877092,1.2341
2406,2,49,24.50,2.2,0,corps,62.85722872602797,1.0743
2407,2,56,28.00,2.2,0,corps,62.827807467592514,0.5507
2408,2,34,17.00,2.2,0,corps,62.79840091610922,0.9399
2409,4,112,28.00,3.1,0,corps,62.769009064226466,1.2075
2410,5,94,18.80,3.6,0,corps,62.73963190459628,1.1461
2411,6,113,18.83,4.0,0,corps,62.71026942987439,1.3002
2412,6,152,25.33,4.0,0,corps,62.68092163272016,0.8858
2413,5,81,16.20,3.6,0,corps,62.65158850579663,1.0022
2414,4,121,30.25,3.1,0,corps,62.622270041770534,0.9323
2415,3,45,15.00,2.7,0,corps,62.59296623331226,1.2135
2416,4,88,22.00,3.1,0,corps,62.563677073095846,0.8100
2417,6,109,18.17,4.0,0,corps,62.53440255379902,0.9693
2418,6,132,22.00,4.0,0,corps,62.50514266810311,1.1199
2419,5,110,22.00,3.6,0,corps,62.47589740869319,1.3567
2420,5,69,13.80,3.6,0,corps,62.44666676825793,1.1966
2421,2,20,10.00,2.2,0,corps,62.41745073948967,1.6867
2422,6,158,26.33,4.0,0,corps,62.38824931508438,1.1626
2423,5,101,20.20,3.6,0,corps,62.359062487741724,1.1395
2424,10,192,19.20,5.8,0,corps,62.32989025016501,1.2774
2425,2,37,18.50,2.2,0,corps,62.300732595061156,1.6811
2426,5,66,13.20,3.6,0,corps,62.27158951514075,1.4509
2427,2,53,26.50,2.2,0,corps,62.24246100311803,1.1536
2428,9,182,20.22,5.3,0,corps,62.21334705171087,1.2579
2429,2,67,33.50,2.2,0,corps,62.18424765364077,0.8503
2430,4,55,13.75,3.1,0,corps,62.15516280163287,1.5859
2431,4,49,12.25,3.1,0,corps,62.126092488416006,1.4128
2432,6,76,12.67,4.0,0,corps,62.09703670672254,1.5247
2433,2,40,20.00,2.2,0,corps,62.067995449288574,1.7076
2434,4,87,21.75,3.1,0,corps,62.038968708853744,1.2226
2435,4,93,23.25,3.1,0,corps,62.00995647816142,1.2693
2436,3,71,23.67,2.7,0,corps,61.98095874995852,1.0662
2437,2,20,10.00,2.2,0,corps,61.951975516995596,1.4330
2438,6,80,13.33,4.0,0,corps,61.923006772026845,1.6905
2439,3,87,29.00,2.7,0,corps,61.894052507810095,1.1443
2440,6,140,23.33,4.0,0,corps,61.86511271710678,1.2305
2441,7,115,16.43,4.4,0,corps,61.83618739268195,1.4423
2442,7,94,13.43,4.4,0,corps,61.80727652730425,1.1393
2443,5,158,31.60,3.6,0,corps,61.778380113746,0.8582
2444,6,129,21.50,4.0,0,corps,61.74949814478309,1.0880
2445,8,147,18.38,4.9,0,corps,61.720630613195006,1.2182
2446,3,71,23.67,2.7,0,corps,61.691777511764855,0.9061
2447,3,61,20.33,2.7,0,corps,61.66293883327941,0.9958
2448,2,45,22.50,2.2,0,corps,61.634114570528965,1.2460
2449,5,120,24.00,3.6,0,corps,61.605304716307465,1.1967
2450,3,22,7.33,2.7,0,corps,61.576509263412426,2.8170
2451,2,29,14.50,2.2,0,corps,61.547728204645026,1.1588
2452,2,21,10.50,2.2,0,corps,61.51896153280997,1.3534
2453,2,46,23.00,2.2,0,corps,61.490209240715586,1.0429
2454,6,142,23.67,4.0,0,corps,61.461471321173825,1.0528
2455,7,100,14.29,4.4,0,corps,61.43274776700019,1.0392
2456,3,95,31.67,2.7,0,corps,61.4040385710138,1.6248
2457,2,36,18.00,2.2,0,corps,61.37534372603734,0.8440
2458,4,61,15.25,3.1,0,corps,61.346663224897114,1.4730
2459,5,76,15.20,3.6,0,corps,61.317997060423004,1.2921
2460,4,59,14.75,3.1,0,corps,61.28934522544844,1.1784
2461,8,115,14.38,4.9,0,corps,61.2607077128105,1.6840
2462,3,62,20.67,2.7,0,corps,61.23208451534976,1.3319
2463,7,113,16.14,4.4,0,corps,61.20347562591048,1.1775
2464,9,129,14.33,5.3,0,corps,61.17488103734038,1.6881
2465,12,219,18.25,6.7,0,corps,61.14630074249086,1.2764
2466,10,211,21.10,5.8,0,corps,61.117734734216796,1.4806
2467,7,87,12.43,4.4,0,corps,61.089183005376725,1.6019
2468,5,77,15.40,3.6,0,corps,61.0606455488327,1.0588
2469,2,17,8.50,2.2,0,corps,61.03212235745037,1.4985
2470,6,102,17.00,4.0,0,corps,61.0036134240989,1.1895
2471,3,52,17.33,2.7,0,corps,60.975118741651116,1.4382
2472,4,93,23.25,3.1,0,corps,60.9466383029833,1.4168
2473,4,70,17.50,3.1,0,corps,60.918172100975355,1.5624
2474,10,143,14.30,5.8,0,corps,60.889720128510724,1.3076
2475,3,70,23.33,2.7,0,corps,60.86128237847643,1.0820
2476,2,70,35.00,2.2,0,corps,60.832858843763034,1.0838
2477,8,128,16.00,4.9,0,corps,60.80444951726464,1.3369
2478,2,18,9.00,2.2,0,corps,60.77605439187891,1.6868
2479,9,179,19.89,5.3,0,corps,60.74767346050709,1.1239
2480,2,58,29.00,2.2,0,corps,60.71930671605392,1.1289
2481,4,50,12.50,3.1,0,corps,60.69095415142773,1.5881
2482,6,73,12.17,4.0,0,corps,60.66261575954037,1.4407
2483,4,73,18.25,3.1,0,corps,60.63429153330725,1.1705
2484,2,25,12.50,2.2,0,corps,60.605981465647304,1.3489
2485,3,53,17.67,2.7,0,corps,60.57768554948303,1.4103
2486,3,42,14.00,2.7,0,corps,60.549403777740416,1.3408
2487,8,146,18.25,4.9,0,corps,60.521136143349054,1.1354
2488,3,113,37.67,2.7,0,corps,60.492882639242026,0.9425
2489,8,63,7.88,4.9,0,corps,60.46464325835594,1.7551
2490,6,59,9.83,4.0,0,corps,60.43641799363096,2.2819
2491,3,63,21.00,2.7,0,corps,60.40820683801079,1.5217
2492,2,54,27.00,2.2,0,corps,60.38000978444261,1.3361
2493,2,46,23.00,2.2,0,corps,60.35182682587718,1.6296
2494,6,230,38.33,4.0,0,corps,60.32365795526875,1.0741
2495,19,365,19.21,9.8,0,corps,60.295503165575106,1.3916
2496,2,37,18.50,2.2,0,corps,60.267362449757535,1.0858
2497,4,51,12.75,3.1,0,corps,60.23923580078087,1.3225
2498,11,234,21.27,6.2,0,corps,60.21112321161344,1.2258
2499,3,87,29.00,2.7,0,corps,60.183024675227124,1.0648
2500,5,168,33.60,3.6,0,corps,60.15494018459726,0.9051
2501,2,58,29.00,2.2,0,corps,60.12686973270274,1.1269
2502,3,50,16.67,2.7,0,corps,60.09881331252595,1.2123
2503,2,40,20.00,2.2,0,corps,60.07077091705276,1.3563
2504,5,184,36.80,3.6,0,corps,60.04274253927261,0.9077
2505,6,65,10.83,4.0,0,corps,60.01472817217838,2.1371
2506,5,69,13.80,3.6,0,corps,59.98672780876648,1.7864
2507,13,140,10.77,7.1,0,corps,59.958741442036825,1.7238
2508,6,108,18.00,4.0,0,corps,59.93076906499283,1.2004
2509,6,139,23.17,4.0,0,corps,59.90281067064138,5.6571
2510,7,162,23.14,4.4,0,corps,59.874866251992906,1.0584
2511,6,87,14.50,4.0,0,corps,59.846935802061275,1.4235
2512,2,28,14.00,2.2,0,corps,59.81901931386388,1.3528
2513,6,108,18.00,4.0,0,corps,59.791116780421625,1.3591
2514,8,130,16.25,4.9,0,corps,59.76322819475883,1.1601
2515,4,106,26.50,3.1,0,corps,59.73535354990338,1.2689
2516,4,71,17.75,3.1,0,corps,59.70749283888662,1.2485
2517,8,132,16.50,4.9,0,corps,59.679646054743365,1.4648
2518,4,46,11.50,3.1,0,corps,59.6518131905119,1.5150
2519,5,105,21.00,3.6,0,corps,59.623994239234015,1.3076
2520,3,67,22.33,2.7,0,corps,59.596189193955,1.4302
2521,17,262,15.41,8.9,0,corps,59.56839804772356,1.8968
2522,5,121,24.20,3.6,0,corps,59.54062079359193,1.3232
2523,11,208,18.91,6.2,0,corps,59.512857424615774,1.5757
2524,2,39,19.50,2.2,0,corps,59.48510793385427,0.9236
2525,3,47,15.67,2.7,0,corps,59.45737231437005,1.7676
2526,2,51,25.50,2.2,0,corps,59.429650559229174,1.1638
2527,7,74,10.57,4.4,0,corps,59.40194266150124,1.7517
2528,6,87,14.50,4.0,0,corps,59.37424861425926,1.4509
2529,2,35,17.50,2.2,0,corps,59.34656841057973,1.2518
2530,3,56,18.67,2.7,0,corps,59.31890204354258,1.6063
2531,7,106,15.14,4.4,0,corps,59.291249506231225,1.6947
2532,5,96,19.20,3.6,0,corps,59.26361079173253,2.2038
2533,5,43,8.60,3.6,0,corps,59.23598589313684,2.4086
2534,4,43,10.75,3.1,0,corps,59.20837480353791,1.6347
2535,2,22,11.00,2.2,0,corps,59.180777516032954,2.3699
2536,2,39,19.50,2.2,0,corps,59.15319402372267,1.5630
2537,3,87,29.00,2.7,0,corps,59.12562431971118,1.2338
2538,2,50,25.00,2.2,0,corps,59.09806839710606,1.1499
2539,5,73,14.60,3.6,0,corps,59.070526249018315,1.6928
2540,6,134,22.33,4.0,0,corps,59.04299786856244,1.1185
2541,3,94,31.33,2.7,0,corps,59.015483248856306,0.8316
2542,3,74,24.67,2.7,0,corps,58.987982383021276,1.0377
2543,4,61,15.25,3.1,0,corps,58.960495264182114,1.0716
2544,8,183,22.88,4.9,0,corps,58.93302188546707,3.6527
2545,9,150,16.67,5.3,0,corps,58.90556224000778,1.3074
2546,2,19,9.50,2.2,0,corps,58.878116320939334,2.2637
2547,5,49,9.80,3.6,0,corps,58.85068412140024,2.2083
2548,3,83,27.67,2.7,0,corps,58.82326563453248,0.9520
2549,9,148,16.44,5.3,0,corps,58.79586085348141,1.7593
2550,2,60,30.00,2.2,0,corps,58.768469771395836,0.6471
2551,2,60,30.00,2.2,0,corps,58.741092381428,0.7743
2552,2,33,16.50,2.2,0,corps,58.71372867673353,1.0730
2553,8,145,18.12,4.9,0,corps,58.686378650471525,1.4553
2554,6,65,10.83,4.0,0,corps,58.65904229580446,1.7002
2555,5,83,16.60,3.6,0,corps,58.631719605898255,1.3375
2556,2,33,16.50,2.2,0,corps,58.60441057392224,1.5126
2557,3,65,21.67,2.7,0,corps,58.57711519304915,1.3036
2558,4,76,19.00,3.1,0,corps,58.54983345645515,1.2032
2559,6,101,16.83,4.0,0,corps,58.52256535731979,1.3591
2560,2,72,36.00,2.2,0,corps,58.495310888826054,0.9306
2561,3,48,16.00,2.7,0,corps,58.46807004416033,1.4771
2562,6,98,16.33,4.0,0,corps,58.440842816512394,1.1756
2563,8,184,23.00,4.9,0,corps,58.413629199075444,1.0349
2564,7,128,18.29,4.4,0,corps,58.386429185046076,5.2204
2565,2,45,22.50,2.2,0,corps,58.359242767624295,1.5243
2566,4,65,16.25,3.1,0,corps,58.3320699400135,1.1795
2567,8,176,22.00,4.9,0,corps,58.30491069542044,1.4777
2568,4,66,16.50,3.1,0,corps,58.27776502705535,1.4134
2569,4,109,27.25,3.1,0,corps,58.25063292813182,1.1126
2570,4,118,29.50,3.1,0,corps,58.22351439186679,1.1939
2571,7,176,25.14,4.4,0,corps,58.19640941148063,1.0459
2572,2,36,18.00,2.2,0,corps,58.16931798019712,2.0063
2573,10,116,11.60,5.8,0,corps,58.142240091243394,1.9846
2574,2,33,16.50,2.2,0,corps,58.11517573784995,1.2255
2575,12,188,15.67,6.7,0,corps,58.088124913250724,3.9416
2576,2,67,33.50,2.2,0,corps,58.061087610683025,1.0906
2577,2,75,37.50,2.2,0,corps,58.034063823387505,0.9740
2578,3,39,13.00,2.7,0,corps,58.007053544608226,1.5159
2579,2,41,20.50,2.2,0,corps,57.9800567675926,1.3820
2580,3,107,35.67,2.7,0,corps,57.95307348559145,1.1272
2581,5,121,24.20,3.6,0,corps,57.92610369185896,1.2443
2582,15,197,13.13,8.0,0,corps,57.89914737965268,1.5777
2583,6,70,11.67,4.0,0,corps,57.87220454223352,1.5343
2584,5,92,18.40,3.6,0,corps,57.84527517286576,1.0742
2585,8,149,18.62,4.9,0,corps,57.81835926481711,1.0504
2586,7,98,14.00,4.4,0,corps,57.79145681135852,1.6527
2587,2,54,27.00,2.2,0,corps,57.76456780576442,0.8217
2588,4,78,19.50,3.1,0,corps,57.737692241312565,1.2982
2589,4,87,21.75,3.1,0,corps,57.710830111284054,1.0884
2590,4,126,31.50,3.1,0,corps,57.683981408963334,1.0048
2591,5,75,15.00,3.6,0,corps,57.65714612763825,1.5059
2592,5,73,14.60,3.6,0,corps,57.63032426059998,1.5646
2593,4,107,26.75,3.1,0,corps,57.603515801143054,0.9714
2594,5,75,15.00,3.6,0,corps,57.57672074256537,1.3822
2595,6,129,21.50,4.0,0,corps,57.54993907816811,1.2572
2596,3,65,21.67,2.7,0,corps,57.523170801255944,1.1533
2597,2,39,19.50,2.2,0,corps,57.496415905136736,0.9385
2598,17,204,12.00,8.9,0,corps,57.46967438312179,2.2046
2599,7,190,27.14,4.4,0,corps,57.44294622852571,1.1348
2600,5,80,16.00,3.6,0,corps,57.41623143466648,1.0845
2601,9,235,26.11,5.3,0,corps,57.38952999486536,0.8760
2602,3,77,25.67,2.7,0,corps,57.362841902447045,0.5887
2603,4,98,24.50,3.1,0,corps,57.33616715073947,0.9075
2604,9,245,27.22,5.3,0,corps,57.30950573307396,0.7258
2605,2,27,13.50,2.2,0,corps,57.28285764278517,1.2802
2606,9,129,14.33,5.3,0,corps,57.25622287321107,1.2276
2607,2,52,26.00,2.2,0,corps,57.22960141769294,0.9333
2608,3,35,11.67,2.7,0,corps,57.202993269575465,2.2308
2609,2,39,19.50,2.2,0,corps,57.176398422206574,0.8098
2610,5,122,24.40,3.6,0,corps,57.149816868937585,0.8340
2611,7,197,28.14,4.4,0,corps,57.12324860312306,0.8415
2612,10,183,18.30,5.8,0,corps,57.09669361812099,1.1628
2613,7,157,22.43,4.4,0,corps,57.070151907292576,0.9425
2614,6,109,18.17,4.0,0,corps,57.043623464002444,1.0735
2615,4,104,26.00,3.1,0,corps,57.01710828161842,0.9178
2616,6,88,14.67,4.0,0,corps,56.990606353511765,1.1023
2617,7,107,15.29,4.4,0,corps,56.96411767305698,1.0337
2618,7,150,21.43,4.4,0,corps,56.93764223363188,0.9994
2619,9,162,18.00,5.3,0,corps,56.9111800286176,1.2465
2620,2,38,19.00,2.2,0,corps,56.88473105139862,1.0003
2621,9,126,14.00,5.3,0,corps,56.85829529536268,5.2978
2622,4,65,16.25,3.1,0,corps,56.83187275390084,1.5364
2623,4,43,10.75,3.1,0,corps,56.80546342040744,1.7115
2624,4,69,17.25,3.1,0,corps,56.779067288280196,1.6784
2625,11,146,13.27,6.2,0,corps,56.752684350920035,1.4928
2626,5,99,19.80,3.6,0,corps,56.726314601731254,1.1680
2627,9,138,15.33,5.3,0,corps,56.69995803412139,1.5091
2628,8,216,27.00,4.9,0,corps,56.67361464150129,1.1068
2629,7,112,16.00,4.4,0,corps,56.64728441728515,1.4944
2630,3,39,13.00,2.7,0,corps,56.620967354890375,1.6479
2631,6,107,17.83,4.0,0,corps,56.594663447737716,1.3145
2632,14,266,19.00,7.6,0,corps,56.56837268925119,1.3360
2633,6,133,22.17,4.0,0,corps,56.542095072858125,1.1802
2634,4,165,41.25,3.1,0,corps,56.51583059198908,0.9272
2635,10,192,19.20,5.8,0,corps,56.48957924007797,4.5609
2636,8,139,17.38,4.9,0,corps,56.46334101056194,1.8078
2637,8,134,16.75,4.9,0,corps,56.43711589688144,1.2071
2638,7,130,18.57,4.4,0,corps,56.41090389248018,0.9444
2639,2,27,13.50,2.2,0,corps,56.384704990805176,1.3016
2640,6,120,20.00,4.0,0,corps,56.35851918530667,1.0857
2641,15,328,21.87,8.0,0,corps,56.33234646943826,0.8553
2642,5,135,27.00,3.6,0,corps,56.306186836656735,0.7758
2643,5,90,18.00,3.6,0,corps,56.280040280422185,0.7742
2644,3,70,23.33,2.7,0,corps,56.25390679419796,0.5040
2645,16,269,16.81,8.4,0,corps,56.227786371450726,1.1353
2646,12,181,15.08,6.7,0,corps,56.20167900565036,1.2812
2647,5,85,17.00,3.6,0,corps,56.17558469027002,1.0614
2648,3,53,17.67,2.7,0,corps,56.149503418786104,1.0923
2649,6,79,13.17,4.0,0,corps,56.12343518467833,1.3239
2650,11,108,9.82,6.2,0,corps,56.09737998142962,7.5666
2651,2,133,66.50,2.2,0,corps,56.07133780252618,0.4734
2652,10,99,9.90,5.8,0,corps,56.045308641457446,1.5150
2653,5,90,18.00,3.6,0,corps,56.019292491716165,0.9427
2654,3,22,7.33,2.7,0,corps,55.99328934679826,2.1245
2655,8,239,29.88,4.9,0,corps,55.96729920020298,0.8313
2656,2,51,25.50,2.2,0,corps,55.94132204543275,0.6181
2657,3,36,12.00,2.7,0,corps,55.91535787599332,1.6004
2658,2,29,14.50,2.2,0,corps,55.88940668539363,1.4516
2659,6,100,16.67,4.0,0,corps,55.86346846714587,1.0509
2660,13,206,15.85,7.1,0,corps,55.837543214765496,1.1922
2661,6,77,12.83,4.0,0,corps,55.811630921771204,1.2967
2662,8,85,10.62,4.9,0,corps,55.785731581684914,1.3347
2663,2,36,18.00,2.2,0,corps,55.75984518803179,1.1427
2664,4,96,24.00,3.1,0,corps,55.733971734340216,1.0691
2665,5,97,19.40,3.6,0,corps,55.708111214141866,1.2588
2666,11,176,16.00,6.2,0,corps,55.68226362097158,0.9612
2667,11,142,12.91,6.2,0,corps,55.65642894836746,6.2728
2668,8,98,12.25,4.9,0,corps,55.63060718987085,1.7226
2669,4,54,13.50,3.1,0,corps,55.60479833902631,1.0461
2670,3,56,18.67,2.7,0,corps,55.57900238938163,1.2796
2671,20,297,14.85,10.2,0,corps,55.553219334487814,1.7562
2672,3,49,16.33,2.7,0,corps,55.52744916789909,1.1949
2673,3,81,27.00,2.7,0,corps,55.50169188317293,0.9240
2674,3,46,15.33,2.7,0,corps,55.475947473870015,0.9278
2675,10,162,16.20,5.8,0,corps,55.45021593355423,1.0661
2676,2,32,16.00,2.2,0,corps,55.424497255792694,1.9046
2677,2,32,16.00,2.2,0,corps,55.39879143415575,1.1514
2678,2,27,13.50,2.2,0,corps,55.37309846221693,1.6669
2679,11,159,14.45,6.2,0,corps,55.34741833355299,1.4158
2680,4,98,24.50,3.1,0,corps,55.321751041743894,1.2239
2681,3,78,26.00,2.7,0,corps,55.29609658037285,1.5322
2682,6,107,17.83,4.0,0,corps,55.270454943026195,1.4328
2683,3,78,26.00,2.7,0,corps,55.24482612329354,1.1696
2684,6,78,13.00,4.0,0,corps,55.219210114767684,1.6437
2685,5,109,21.80,3.6,0,corps,55.19360691104463,1.1511
2686,3,53,17.67,2.7,0,corps,55.168016505723585,1.4432
2687,9,125,13.89,5.3,0,corps,55.14243889240692,1.4030
2688,3,57,19.00,2.7,0,corps,55.11687406470024,1.4252
2689,7,132,18.86,4.4,0,corps,55.09132201621234,1.5124
2690,6,108,18.00,4.0,0,corps,55.06578274055522,7.2548
2691,7,212,30.29,4.4,0,corps,55.04025623134405,1.1831
2692,3,52,17.33,2.7,0,corps,55.0147424821972,1.2626
2693,3,100,33.33,2.7,0,corps,54.989241486736226,0.9521
2694,4,66,16.50,3.1,0,corps,54.96375323858591,1.6660
2695,6,153,25.50,4.0,0,corps,54.938277731374164,1.0662
2696,6,124,20.67,4.0,0,corps,54.912814958732106,1.4890
2697,5,78,15.60,3.6,0,corps,54.88736491429407,1.2639
2698,3,60,20.00,2.7,0,corps,54.861927591697516,1.1328
2699,3,63,21.00,2.7,0,corps,54.83650298458313,1.3677
2700,2,47,23.50,2.2,0,corps,54.81109108659474,1.1376
2701,8,113,14.12,4.9,0,corps,54.78569189137939,1.5467
2702,8,181,22.62,4.9,0,corps,54.760305392587284,4.7056
2703,8,137,17.12,4.9,0,corps,54.734931583871806,1.6086
2704,11,190,17.27,6.2,0,corps,54.70957045888946,1.7267
2705,2,37,18.50,2.2,0,corps,54.6842220113,0.9827
2706,6,138,23.00,4.0,0,corps,54.658886234766314,0.9445
2707,8,62,7.75,4.9,0,corps,54.633563122954456,2.4462
2708,4,89,22.25,3.1,0,corps,54.60825266953363,1.0439
2709,2,20,10.00,2.2,0,corps,54.582954868176245,2.4697
2710,4,60,15.00,3.1,0,corps,54.55766971255783,1.4787
2711,18,257,14.28,9.3,0,corps,54.53239719635712,1.3637
2712,3,70,23.33,2.7,0,corps,54.507137313255946,1.1091
2713,4,97,24.25,3.1,0,corps,54.481890056939385,1.0379
2714,8,119,14.88,4.9,0,corps,54.45665542109561,1.3842
2715,4,111,27.75,3.1,0,corps,54.43143339941594,1.1499
2716,4,47,11.75,3.1,0,corps,54.406223985594885,2.6602
2717,5,51,10.20,3.6,0,corps,54.38102717333009,1.1973
2718,6,156,26.00,4.0,0,corps,54.355842956322356,1.1932
2719,14,215,15.36,7.6,0,corps,54.330671328275606,4.6557
2720,5,116,23.20,3.6,0,corps,54.30551228289695,1.1671
2721,7,91,13.00,4.4,0,corps,54.28036581389664,1.5757
2722,3,80,26.67,2.7,0,corps,54.255231914988045,1.1271
2723,5,116,23.20,3.6,0,corps,54.23011057988769,1.3073
2724,13,183,14.08,7.1,0,corps,54.20500180231523,1.2902
2725,9,139,15.44,5.3,0,corps,54.179905575993494,1.7670
2726,2,54,27.00,2.2,0,corps,54.15482189464842,1.1656
2727,4,62,15.50,3.1,0,corps,54.129750752009066,1.3086
2728,9,148,16.44,5.3,0,corps,54.104692141807654,1.4248
2729,4,62,15.50,3.1,0,corps,54.07964605777955,1.3914
2730,6,171,28.50,4.0,0,corps,54.05461249366322,0.8880
2731,4,69,17.25,3.1,0,corps,54.029591443200296,1.1628
2732,3,80,26.67,2.7,0,corps,54.00458290013545,1.1651
2733,3,56,18.67,2.7,0,corps,53.97958685821662,1.4911
2734,6,47,7.83,4.0,0,corps,53.954603311194774,2.2143
2735,6,125,20.83,4.0,0,corps,53.929632252824,1.1152
2736,4,51,12.75,3.1,0,corps,53.90467367686153,1.5655
2737,9,127,14.11,5.3,0,corps,53.87972757706776,1.5931
2738,3,26,8.67,2.7,0,corps,53.85479394720615,2.5347
2739,13,320,24.62,7.1,0,corps,53.829872781043285,1.1599
2740,6,137,22.83,4.0,0,corps,53.80496407234885,1.6535
2741,10,139,13.90,5.8,0,corps,53.78006781489573,1.1115
2742,14,276,19.71,7.6,0,corps,53.755184002459785,0.9579
2743,2,18,9.00,2.2,0,corps,53.73031262882013,1.0868
2744,3,85,28.33,2.7,0,corps,53.705453687758876,1.2891
2745,6,124,20.67,4.0,0,corps,53.680607173061304,1.0230
2746,2,27,13.50,2.2,0,corps,53.65577307851579,0.6751
2747,2,17,8.50,2.2,0,corps,53.6309513979138,1.2634
2748,13,202,15.54,7.1,0,corps,53.606142125049914,1.2203
2749,10,144,14.40,5.8,0,corps,53.58134525372182,1.1583
2750,6,133,22.17,4.0,0,corps,53.55656077773031,1.2914
2751,8,157,19.62,4.9,0,corps,53.531788690879246,0.9448
2752,3,39,13.00,2.7,0,corps,53.50702898697561,0.9275
2753,7,94,13.43,4.4,0,corps,53.482281659829475,1.4270
2754,6,60,10.00,4.0,0,corps,53.457546703254025,1.5371
2755,2,44,22.00,2.2,0,corps,53.43282411106549,1.0633
2756,4,76,19.00,3.1,0,corps,53.40811387708325,1.0205
2757,10,157,15.70,5.8,0,corps,53.383415995129724,1.2705
2758,5,142,28.40,3.6,0,corps,53.35873045903048,0.9651
2759,13,151,11.62,7.1,0,corps,53.33405726261409,1.5595
2760,11,223,20.27,6.2,0,corps,53.30939639971227,1.0532
2761,7,132,18.86,4.4,0,corps,53.28474786415981,1.1353
2762,3,66,22.00,2.7,0,corps,53.26011164979458,1.0924
2763,3,38,12.67,2.7,0,corps,53.23548775045752,1.3474
2764,8,147,18.38,4.9,0,corps,53.21087615999265,1.3816
2765,5,98,19.60,3.6,0,corps,53.18627687224707,1.1711
2766,2,40,20.00,2.2,0,corps,53.16168988107097,0.7961
2767,13,310,23.85,7.1,0,corps,53.13711518031759,1.0721
2768,9,133,14.78,5.3,0,corps,53.11255276384329,5.7441
2769,3,33,11.00,2.7,0,corps,53.08800262550739,1.9076
2770,5,131,26.20,3.6,0,corps,53.06346475917244,1.0915
2771,6,111,18.50,4.0,0,corps,53.03893915870391,1.1103
2772,4,59,14.75,3.1,0,corps,53.014425817970455,1.3655
2773,2,37,18.50,2.2,0,corps,52.989924730843676,0.7737
2774,8,99,12.38,4.9,0,corps,52.965435891198354,1.4841
2775,4,77,19.25,3.1,0,corps,52.94095929291226,0.9610
2776,10,204,20.40,5.8,0,corps,52.91649492986624,0.8644
2777,2,67,33.50,2.2,0,corps,52.89204279594419,0.7329
2778,4,118,29.50,3.1,0,corps,52.867602885033115,0.6577
2779,4,68,17.00,3.1,0,corps,52.843175191023015,1.0229
2780,3,40,13.33,2.7,0,corps,52.818759707806976,1.3426
2781,8,165,20.62,4.9,0,corps,52.79435642928109,1.4085
2782,4,59,14.75,3.1,0,corps,52.76996534934458,1.9771
2783,9,85,9.44,5.3,0,corps,52.74558646189968,2.2610
2784,7,95,13.57,4.4,0,corps,52.721219760851625,1.7092
2785,5,92,18.40,3.6,0,corps,52.69686524010876,1.5718
2786,3,54,18.00,2.7,0,corps,52.672522893582475,1.9275
2787,4,47,11.75,3.1,0,corps,52.64819271518716,1.8591
2788,4,38,9.50,3.1,0,corps,52.62387469884029,2.4336
2789,3,47,15.67,2.7,0,corps,52.59956883846232,1.6073
2790,4,89,22.25,3.1,0,corps,52.57527512797684,1.5646
2791,2,39,19.50,2.2,0,corps,52.55099356131038,2.3260
2792,10,179,17.90,5.8,0,corps,52.52672413239258,1.4784
2793,4,82,20.50,3.1,0,corps,52.502466835156035,1.5030
2794,8,201,25.12,4.9,0,corps,52.47822166353647,1.2270
2795,13,226,17.38,7.1,0,corps,52.45398861147258,1.7210
2796,6,91,15.17,4.0,0,corps,52.42976767290609,1.5116
2797,2,41,20.50,2.2,0,corps,52.40555884178176,1.2953
2798,5,125,25.00,3.6,0,corps,52.381362112047405,1.3135
2799,5,183,36.60,3.6,0,corps,52.35717747765383,1.3964
2800,3,72,24.00,2.7,0,corps,52.33300493255487,1.6206
2801,9,100,11.11,5.3,0,corps,52.30884447070739,1.6729
2802,8,234,29.25,4.9,0,corps,52.28469608607129,0.9344
2803,11,210,19.09,6.2,0,corps,52.26055977260946,1.2274
2804,3,47,15.67,2.7,0,corps,52.23643552428783,1.4395
2805,17,226,13.29,8.9,0,corps,52.21232333507532,1.5117
2806,4,40,10.00,3.1,0,corps,52.18822319894391,1.5604
2807,3,61,20.33,2.7,0,corps,52.16413510986854,1.2753
2808,4,106,26.50,3.1,0,corps,52.1400590618272,0.8696
2809,6,111,18.50,4.0,0,corps,52.11599504880087,7.2590
2810,7,186,26.57,4.4,0,corps,52.09194306477356,1.4466
2811,14,179,12.79,7.6,0,corps,52.06790310373227,1.7948
2812,3,26,8.67,2.7,0,corps,52.04387515966701,2.2069
2813,15,307,20.47,8.0,0,corps,52.01985922657077,1.0118
2814,3,47,15.67,2.7,0,corps,51.995855298439594,1.2860
2815,14,254,18.14,7.6,0,corps,51.97186336927251,1.4845
2816,16,231,14.44,8.4,0,corps,51.94788343307151,1.4480
2817,7,137,19.57,4.4,0,corps,51.92391548384161,1.0988
2818,6,66,11.00,4.0,0,corps,51.89995951559083,1.6099
2819,6,129,21.50,4.0,0,corps,51.876015522330185,1.0529
2820,4,88,22.00,3.1,0,corps,51.852083498073675,1.0555
2821,2,25,12.50,2.2,0,corps,51.82816343683827,1.1098
2822,3,47,15.67,2.7,0,corps,51.80425533264399,1.1454
2823,4,87,21.75,3.1,0,corps,51.78035917951379,0.9045
2824,3,73,24.33,2.7,0,corps,51.75647497147363,0.9339
2825,6,102,17.00,4.0,0,corps,51.732602702552455,1.0142
2826,4,90,22.50,3.1,0,corps,51.70874236678221,0.9217
2827,2,13,6.50,2.2,0,corps,51.68489395819781,2.3253
2828,5,47,9.40,3.6,0,corps,51.66105747083714,1.9631
2829,3,34,11.33,2.7,0,corps,51.63723289874109,1.8665
2830,3,76,25.33,2.7,0,corps,51.61342023595352,0.8669
2831,3,62,20.67,2.7,0,corps,51.58961947652125,1.0336
2832,3,38,12.67,2.7,0,corps,51.565830614494104,1.3223
2833,2,60,30.00,2.2,0,corps,51.542053643924845,1.1059
2834,9,137,15.22,5.3,0,corps,51.51828855886925,1.2451
2835,5,65,13.00,3.6,0,corps,51.49453535338605,1.4479
2836,2,54,27.00,2.2,0,corps,51.47079402153694,1.1158
2837,5,79,15.80,3.6,0,corps,51.447064557386554,1.0190
2838,6,87,14.50,4.0,0,corps,51.42334695500258,1.9265
2839,6,80,13.33,4.0,0,corps,51.399641208455584,1.5143
2840,7,85,12.14,4.4,0,corps,51.37594731181915,1.5552
2841,2,33,16.50,2.2,0,corps,51.35226525916977,1.4524
2842,5,76,15.20,3.6,0,corps,51.328595044586955,1.3229
2843,10,109,10.90,5.8,0,corps,51.30493666215315,2.2372
2844,2,40,20.00,2.2,0,corps,51.28129010595378,1.3458
2845,12,170,14.17,6.7,0,corps,51.257655370077146,1.5783
2846,8,123,15.38,4.9,0,corps,51.23403244861462,1.4856
2847,21,325,15.48,10.7,0,corps,51.21042133566045,1.8410
2848,3,100,33.33,2.7,0,corps,51.186822025311876,1.1023
2849,6,91,15.17,4.0,0,corps,51.16323451166902,1.3273
2850,2,98,49.00,2.2,0,corps,51.13965878883505,0.9750
2851,2,58,29.00,2.2,0,corps,51.11609485091604,0.8800
2852,12,155,12.92,6.7,0,corps,51.092542692020984,1.5746
2853,6,91,15.17,4.0,0,corps,51.06900230626182,1.6774
2854,19,268,14.11,9.8,0,corps,51.04547368775351,1.5150
2855,6,76,12.67,4.0,0,corps,51.021956830613846,1.5226
2856,4,80,20.00,3.1,0,corps,50.998451728963644,1.3981
2857,3,26,8.67,2.7,0,corps,50.97495837692661,1.8728
2858,9,142,15.78,5.3,0,corps,50.95147676862942,1.3710
2859,5,51,10.20,3.6,0,corps,50.92800689820167,1.9305
2860,9,141,15.67,5.3,0,corps,50.90454875977589,1.3298
2861,2,43,21.50,2.2,0,corps,50.88110234748754,1.0723
2862,6,69,11.50,4.0,0,corps,50.857667655475026,1.1720
2863,7,133,19.00,4.4,0,corps,50.83424467787966,1.0299
2864,2,61,30.50,2.2,0,corps,50.810833408845724,0.6750
2865,10,148,14.80,5.8,0,corps,50.78743384252036,1.3299
2866,5,125,25.00,3.6,0,corps,50.76404597305372,0.7343
2867,14,230,16.43,7.6,0,corps,50.7406697945988,1.0976
2868,6,107,17.83,4.0,0,corps,50.7173053013116,1.0790
2869,12,277,23.08,6.7,0,corps,50.693952487350934,1.0181
2870,3,30,10.00,2.7,0,corps,50.67061134687866,1.4651
2871,4,61,15.25,3.1,0,corps,50.64728187405946,1.3804
2872,8,91,11.38,4.9,0,corps,50.62396406306097,1.5127
2873,5,79,15.80,3.6,0,corps,50.600657908053726,1.1331
2874,12,170,14.17,6.7,0,corps,50.57736340321121,1.2731
2875,6,58,9.67,4.0,0,corps,50.55408054270979,2.2764
2876,7,135,19.29,4.4,0,corps,50.53080932072875,1.2038
2877,15,185,12.33,8.0,0,corps,50.50754973145028,1.6761
2878,2,48,24.00,2.2,0,corps,50.48430176905948,0.8875
2879,6,57,9.50,4.0,0,corps,50.46106542774438,1.2992
2880,4,50,12.50,3.1,0,corps,50.43784070169587,2.2376
2881,2,37,18.50,2.2,0,corps,50.41462758510777,1.0890
2882,8,179,22.38,4.9,0,corps,50.39142607217681,0.8374
2883,2,34,17.00,2.2,0,corps,50.36823615710262,2.2138
2884,3,143,47.67,2.7,0,corps,50.345057834087704,0.8256
2885,6,64,10.67,4.0,0,corps,50.32189109733749,1.1845
2886,5,98,19.60,3.6,0,corps,50.29873594106028,0.9007
2887,14,246,17.57,7.6,0,corps,50.27559235946731,3.4634
2888,3,49,16.33,2.7,0,corps,50.252460346772665,1.5269
2889,3,54,18.00,2.7,0,corps,50.229339897193356,0.9452
2890,4,48,12.00,3.1,0,corps,50.20623100494925,1.7056
2891,7,144,20.57,4.4,0,corps,50.183133664263146,1.2044
2892,7,125,17.86,4.4,0,corps,50.16004786936069,1.1499
2893,3,38,12.67,2.7,0,corps,50.13697361447045,1.1912
2894,5,103,20.60,3.6,0,corps,50.11391089382384,0.8238
2895,4,68,17.00,3.1,0,corps,50.09085970165521,0.9994
2896,4,99,24.75,3.1,0,corps,50.06782003220174,1.0240
2897,6,107,17.83,4.0,0,corps,50.044791879703524,0.8637
2898,2,31,15.50,2.2,0,corps,50.0217752384035,0.9792
2899,6,84,14.00,4.0,0,corps,49.99877010254753,1.3538
2900,12,178,14.83,6.7,0,corps,49.97577646638434,0.9475
2901,2,53,26.50,2.2,0,corps,49.9527943241655,1.0159
2902,9,171,19.00,5.3,0,corps,49.92982367014547,4.5740
2903,19,204,10.74,9.8,0,corps,49.90686449858161,1.8093
2904,9,119,13.22,5.3,0,corps,49.88391680373411,5.2273
2905,17,266,15.65,8.9,0,corps,49.86098057986605,1.2281
2906,2,14,7.00,2.2,0,corps,49.83805582124336,1.4455
2907,5,75,15.00,3.6,0,corps,49.81514252213488,1.1937
2908,7,110,15.71,4.4,0,corps,49.79224067681226,1.0491
2909,4,65,16.25,3.1,0,corps,49.76935027955006,1.0161
2910,11,158,14.36,6.2,0,corps,49.74647132462566,1.7642
2911,6,129,21.50,4.0,0,corps,49.723603806319325,0.9913
2912,5,141,28.20,3.6,0,corps,49.70074771891419,0.7830
2913,14,250,17.86,7.6,0,corps,49.67790305669622,0.9807
2914,12,229,19.08,6.7,0,corps,49.65506981395424,1.0357
2915,8,124,15.50,4.9,0,corps,49.63224798497997,1.0673
2916,3,39,13.00,2.7,0,corps,49.609437564067925,1.1002
2917,3,45,15.00,2.7,0,corps,49.58663854551551,1.0398
2918,2,39,19.50,2.2,0,corps,49.56385092362296,1.2854
2919,6,84,14.00,4.0,0,corps,49.54107469269339,1.2916
2920,2,18,9.00,2.2,0,corps,49.518309847032725,2.2755
2921,16,200,12.50,8.4,0,corps,49.495556380949765,4.8030
2922,14,236,16.86,7.6,0,corps,49.472814288756126,1.8942
2923,4,120,30.00,3.1,0,corps,49.4500835647663,1.6562
2924,5,72,14.40,3.6,0,corps,49.42736420329761,1.5893
2925,5,55,11.00,3.6,0,corps,49.4046561986702,1.6126
2926,18,363,20.17,9.3,0,corps,49.381959545207074,1.7751
2927,5,66,13.20,3.6,0,corps,49.359274237234075,1.4248
2928,8,104,13.00,4.9,0,corps,49.33660026907988,1.6916
2929,4,47,11.75,3.1,0,corps,49.31393763507598,1.3837
2930,12,236,19.67,6.7,0,corps,49.29128632955672,1.3558
2931,5,86,17.20,3.6,0,corps,49.26864634685928,1.5546
2932,7,190,27.14,4.4,0,corps,49.246017681323664,1.0885
2933,2,40,20.00,2.2,0,corps,49.2234003272927,1.4424
2934,8,189,23.62,4.9,0,corps,49.20079427911206,1.4830
2935,4,72,18.00,3.1,0,corps,49.17819953113023,1.8837
2936,5,124,24.80,3.6,0,corps,49.15561607769851,1.3794
2937,13,293,22.54,7.1,0,corps,49.13304391317105,1.3540
2938,8,150,18.75,4.9,0,corps,49.11048303190479,1.6609
2939,8,128,16.00,4.9,0,corps,49.08793342825953,1.4207
2940,8,151,18.88,4.9,0,corps,49.06539509659787,1.2735
2941,9,140,15.56,5.3,0,corps,49.04286803128522,1.7188
2942,9,136,15.11,5.3,0,corps,49.020352226689795,1.5528
2943,13,194,14.92,7.1,0,corps,48.997847677182676,1.5944
2944,8,118,14.75,4.9,0,corps,48.975354377137705,1.2819
2945,11,139,12.64,6.2,0,corps,48.95287232093157,1.7455
2946,8,138,17.25,4.9,0,corps,48.93040150294373,1.3407
2947,8,81,10.12,4.9,0,corps,48.90794191755652,1.6317
2948,2,52,26.00,2.2,0,corps,48.885493559155016,0.9129
2949,2,21,10.50,2.2,0,corps,48.86305642212714,1.3319
2950,5,72,14.40,3.6,0,corps,48.84063050086359,1.2618
2951,14,380,27.14,7.6,0,corps,48.818215789757915,2.3291
2952,12,197,16.42,6.7,0,corps,48.795812283206416,1.5883
2953,8,184,23.00,4.9,0,corps,48.77341997560822,0.8758
2954,8,107,13.38,4.9,0,corps,48.751038861365245,1.4098
2955,3,72,24.00,2.7,0,corps,48.72866893488222,0.8890
2956,6,86,14.33,4.0,0,corps,48.70631019056667,1.6299
2957,5,106,21.20,3.6,0,corps,48.68396262282889,1.1236
2958,11,162,14.73,6.2,0,corps,48.66162622608201,4.6333
2959,8,109,13.62,4.9,0,corps,48.63930099474191,2.0757
2960,5,107,21.40,3.6,0,corps,48.616986923227294,0.8762
2961,11,181,16.45,6.2,0,corps,48.59468400595964,0.9330
2962,6,81,13.50,4.0,0,corps,48.57239223736322,1.4050
2963,4,53,13.25,3.1,0,corps,48.55011161186509,1.0205
2964,7,129,18.43,4.4,0,corps,48.5278421238951,0.9605
2965,7,165,23.57,4.4,0,corps,48.50558376788588,0.8246
2966,4,76,19.00,3.1,0,corps,48.483336538272816,1.7198
2967,2,51,25.50,2.2,0,corps,48.461100429494124,1.0377
2968,4,27,6.75,3.1,0,corps,48.43887543599078,1.4605
2969,5,69,13.80,3.6,0,corps,48.41666155220652,1.2775
2970,8,146,18.25,4.9,0,corps,48.39445877258787,1.0805
2971,7,82,11.71,4.4,0,corps,48.372267091584156,1.4693
2972,3,62,20.67,2.7,0,corps,48.35008650364745,1.2784
2973,13,279,21.46,7.1,0,corps,48.32791700323259,3.5094
2974,2,47,23.50,2.2,0,corps,48.30575858479722,1.2535
2975,8,97,12.12,4.9,0,corps,48.28361124280172,1.9840
2976,6,91,15.17,4.0,0,corps,48.26147497170927,1.1584
2977,2,26,13.00,2.2,0,corps,48.239349765985786,1.1094
2978,7,58,8.29,4.4,0,corps,48.21723562009998,2.3413
2979,4,68,17.00,3.1,0,corps,48.1951325285233,1.0867
2980,5,86,17.20,3.6,0,corps,48.173040485729985,1.0422
2981,10,173,17.30,5.8,0,corps,48.15095948619703,1.3914
2982,9,170,18.89,5.3,0,corps,48.12888952440416,1.3977
2983,2,29,14.50,2.2,0,corps,48.106830594833916,2.3238
2984,13,214,16.46,7.1,0,corps,48.08478269197155,1.1199
2985,6,102,17.00,4.0,0,corps,48.06274581030509,1.3887
2986,13,270,20.77,7.1,0,corps,48.04071994432529,3.4267
2987,6,171,28.50,4.0,0,corps,48.01870508852572,1.1629
2988,3,61,20.33,2.7,0,corps,47.996701237402654,1.6212
2989,8,160,20.00,4.9,0,corps,47.97470838545513,1.1892
2990,7,92,13.14,4.4,0,corps,47.95272652718492,1.1321
2991,8,183,22.88,4.9,0,corps,47.93075565709658,1.5899
2992,3,38,12.67,2.7,0,corps,47.90879576969738,2.1181
2993,8,142,17.75,4.9,0,corps,47.88684685949735,1.5028
2994,5,91,18.20,3.6,0,corps,47.86490892100926,1.1273
2995,5,72,14.40,3.6,0,corps,47.84298194874863,1.4781
2996,2,60,30.00,2.2,0,corps,47.82106593723372,1.0286
2997,2,25,12.50,2.2,0,corps,47.799160880985525,1.6730
2998,8,127,15.88,4.9,0,corps,47.777266774527774,5.9776
2999,4,63,15.75,3.1,0,corps,47.75538361238694,2.0818
3000,13,151,11.62,7.1,0,corps,47.73351138909224,1.8600
3001,6,96,16.00,4.0,0,corps,47.71165009917562,1.2733
3002,2,74,37.00,2.2,0,corps,47.689799737171754,0.9378
3003,11,117,10.64,6.2,0,corps,47.66796029761804,1.5573
3004,2,20,10.00,2.2,0,corps,47.646131775054634,1.2515
3005,15,223,14.87,8.0,0,corps,47.6243141640244,4.2098
3006,8,120,15.00,4.9,0,corps,47.60250745907293,1.3890
3007,8,142,17.75,4.9,0,corps,47.58071165474855,6.2398
3008,6,119,19.83,4.0,0,corps,47.55892674560232,0.9628
3009,2,48,24.00,2.2,0,corps,47.537152726188,0.8078
3010,5,114,22.80,3.6,0,corps,47.51538959106208,0.9775
3011,4,84,21.00,3.1,0,corps,47.49363733478379,0.8030
3012,15,271,18.07,8.0,0,corps,47.47189595191506,1.0952
3013,9,145,16.11,5.3,0,corps,47.450165437020544,1.1143
3014,5,68,13.60,3.6,0,corps,47.42844578466762,1.2263
3015,2,22,11.00,2.2,0,corps,47.406736989426356,1.0778
3016,15,289,19.27,8.0,0,corps,47.385039045869576,3.0506
3017,2,50,25.00,2.2,0,corps,47.36335194857278,0.7170
3018,3,33,11.00,2.7,0,corps,47.34167569211421,2.3016
3019,2,23,11.50,2.2,0,corps,47.320010271074764,3.1416
3020,11,144,13.09,6.2,0,corps,47.29835568003812,1.5045
3021,9,137,15.22,5.3,0,corps,47.27671191359063,1.4245
3022,12,170,14.17,6.7,0,corps,47.25507896632134,1.8159
3023,4,101,25.25,3.1,0,corps,47.23345683282201,0.8932
3024,7,53,7.57,4.4,0,corps,47.211845507687116,1.5168
3025,11,153,13.91,6.2,0,corps,47.190244985513836,1.5314
3026,3,46,15.33,2.7,0,corps,47.16865526090202,1.0962
3027,12,238,19.83,6.7,0,corps,47.14707632845423,1.3531
3028,6,46,7.67,4.0,0,corps,47.12550818277576,2.5150
3029,3,33,11.00,2.7,0,corps,47.103950818474566,1.5497
3030,8,153,19.12,4.9,0,corps,47.082404230161295,1.4678
3031,3,47,15.67,2.7,0,corps,47.0608684124493,0.9950
3032,7,97,13.86,4.4,0,corps,47.039343359954636,1.3963
3033,13,216,16.62,7.1,0,corps,47.01782906729605,4.9868
3034,6,91,15.17,4.0,0,corps,46.99632552909494,1.3782
3035,14,282,20.14,7.6,0,corps,46.97483273997543,1.3256
3036,6,151,25.17,4.0,0,corps,46.953350694564335,0.8618
3037,9,201,22.33,5.3,0,corps,46.93187938749114,1.0290
3038,9,149,16.56,5.3,0,corps,46.91041881338803,1.2142
3039,9,130,14.44,5.3,0,corps,46.88896896688982,1.5433
3040,7,77,11.00,4.4,0,corps,46.867529842634085,1.5594
3041,11,211,19.18,6.2,0,corps,46.84610143526105,1.2147
3042,11,129,11.73,6.2,0,corps,46.82468373941358,1.7108
3043,5,116,23.20,3.6,0,corps,46.80327674973726,0.9960
3044,13,191,14.69,7.1,0,corps,46.78188046088037,1.2679
3045,4,37,9.25,3.1,0,corps,46.760494867493804,1.3615
3046,9,107,11.89,5.3,0,corps,46.73911996423119,1.5678
3047,7,84,12.00,4.4,0,corps,46.71775574574878,1.4881
3048,3,50,16.67,2.7,0,corps,46.69640220670553,2.0576
3049,9,126,14.00,5.3,0,corps,46.67505934176306,1.4804
3050,8,116,14.50,4.9,0,corps,46.65372714558564,1.4834
3051,3,60,20.00,2.7,0,corps,46.63240561284023,1.3268
3052,4,63,15.75,3.1,0,corps,46.61109473819645,1.5624
3053,7,103,14.71,4.4,0,corps,46.58979451632658,1.4058
3054,4,49,12.25,3.1,0,corps,46.568504941905545,1.1469
3055,7,108,15.43,4.4,0,corps,46.547226009610974,1.1455
3056,3,57,19.00,2.7,0,corps,46.52595771412314,1.0533
3057,5,59,11.80,3.6,0,corps,46.50470005012494,1.4151
3058,2,41,20.50,2.2,0,corps,46.48345301230199,1.2518
3059,8,75,9.38,4.9,0,corps,46.46221659534249,2.1162
3060,12,192,16.00,6.7,0,corps,46.44099079393738,1.0631
3061,3,78,26.00,2.7,0,corps,46.419775602780184,1.3605
3062,4,53,13.25,3.1,0,corps,46.39857101656711,1.3772
3063,11,245,22.27,6.2,0,corps,46.37737702999701,1.5720
3064,3,67,22.33,2.7,0,corps,46.35619363777138,1.1409
3065,2,30,15.00,2.2,0,corps,46.335020834594395,1.9356
3066,3,40,13.33,2.7,0,corps,46.31385861517284,1.7355
3067,3,53,17.67,2.7,0,corps,46.292706974216145,1.8570
3068,3,56,18.67,2.7,0,corps,46.27156590643642,1.4881
3069,10,152,15.20,5.8,0,corps,46.2504354065484,1.2214
3070,6,98,16.33,4.0,0,corps,46.229315469269444,1.4217
3071,8,259,32.38,4.9,0,corps,46.20820608931957,1.2235
3072,8,98,12.25,4.9,0,corps,46.18710726142144,1.4125
3073,3,59,19.67,2.7,0,corps,46.16601898030036,1.5093
3074,3,48,16.00,2.7,0,corps,46.14494124068423,1.7110
3075,12,197,16.42,6.7,0,corps,46.12387403730362,1.5471
3076,11,149,13.55,6.2,0,corps,46.10281736489176,1.4278
3077,14,214,15.29,7.6,0,corps,46.08177121818445,1.5411
3078,14,164,11.71,7.6,0,corps,46.06073559192018,1.8601
3079,5,82,16.40,3.6,0,corps,46.03971048084,1.6057
3080,3,78,26.00,2.7,0,corps,46.01869587968768,1.2223
3081,4,66,16.50,3.1,0,corps,45.99769178320954,1.2982
3082,5,89,17.80,3.6,0,corps,45.97669818615457,1.3462
3083,2,30,15.00,2.2,0,corps,45.95571508327435,1.3344
3084,5,104,20.80,3.6,0,corps,45.93474246932313,0.9987
3085,9,212,23.56,5.3,0,corps,45.91378033905775,0.9370
3086,4,107,26.75,3.1,0,corps,45.892828687237675,0.9732
3087,4,53,13.25,3.1,0,corps,45.87188750862497,1.3950
3088,9,158,17.56,5.3,0,corps,45.850956797984374,1.1605
3089,7,166,23.71,4.4,0,corps,45.8300365500832,0.8402
3090,12,213,17.75,6.7,0,corps,45.80912675969138,1.2971
3091,4,29,7.25,3.1,0,corps,45.78822742158146,1.8980
3092,14,229,16.36,7.6,0,corps,45.767338530528626,1.1374
3093,6,88,14.67,4.0,0,corps,45.74646008131063,1.3061
3094,3,111,37.00,2.7,0,corps,45.725592068707876,0.7454
3095,2,26,13.00,2.2,0,corps,45.70473448750335,1.3143
3096,5,98,19.60,3.6,0,corps,45.683887332482676,0.9635
3097,7,104,14.86,4.4,0,corps,45.66305059843404,1.8866
3098,3,38,12.67,2.7,0,corps,45.642224280148284,1.3980
3099,4,139,34.75,3.1,0,corps,45.6214083724188,0.9308
3100,2,22,11.00,2.2,0,corps,45.600602870041634,2.1211
3101,4,62,15.50,3.1,0,corps,45.5798077678154,1.1686
3102,11,169,15.36,6.2,0,corps,45.55902306054133,5.0032
3103,7,115,16.43,4.4,0,corps,45.53824874302323,1.7467
3104,12,196,16.33,6.7,0,corps,45.51748481006754,1.4637
3105,9,206,22.89,5.3,0,corps,45.49673125648327,1.2552
3106,2,42,21.00,2.2,0,corps,45.475988077082036,1.3830
3107,11,184,16.73,6.2,0,corps,45.455255266678016,1.5608
3108,5,57,11.40,3.6,0,corps,45.43453282008805,1.3189
3109,10,93,9.30,5.8,0,corps,45.4138207321315,1.9396
3110,8,118,14.75,4.9,0,corps,45.39311899763035,1.4447
3111,4,72,18.00,3.1,0,corps,45.37242761140915,1.3168
3112,9,117,13.00,5.3,0,corps,45.351746568295084,1.9348
3113,16,292,18.25,8.4,0,corps,45.33107586311787,1.4045
3114,5,77,15.40,3.6,0,corps,45.310415490709836,1.3247
3115,12,154,12.83,6.7,0,corps,45.289765445905886,1.6405
3116,7,153,21.86,4.4,0,corps,45.269125723543524,1.1100
3117,9,128,14.22,5.3,0,corps,45.2484963184628,1.4854
3118,14,197,14.07,7.6,0,corps,45.227877225506376,1.3996
3119,11,211,19.18,6.2,0,corps,45.20726843951946,1.5393
3120,10,208,20.80,5.8,0,corps,45.186669955349885,1.1253
3121,3,74,24.67,2.7,0,corps,45.16608176784801,1.2085
3122,11,239,21.73,6.2,0,corps,45.14550387186678,1.1254
3123,5,147,29.40,3.6,0,corps,45.12493626226174,0.9226
3124,4,76,19.00,3.1,0,corps,45.104378933890985,1.1549
3125,9,133,14.78,5.3,0,corps,45.08383188161517,1.8057
3126,9,209,23.22,5.3,0,corps,45.063295100297545,1.1780
3127,7,69,9.86,4.4,0,corps,45.0427685848039,10.8026
3128,9,147,16.33,5.3,0,corps,45.02225233000262,1.6298
3129,13,225,17.31,7.1,0,corps,45.00174633076464,1.4014
3130,4,65,16.25,3.1,0,corps,44.98125058196345,1.2167
3131,6,202,33.67,4.0,0,corps,44.96076507847513,0.9842
3132,10,161,16.10,5.8,0,corps,44.940289815178275,1.4781
3133,21,222,10.57,10.7,0,corps,44.9198247869541,4.6548
3134,6,111,18.50,4.0,0,corps,44.89936998868633,1.2785
3135,16,240,15.00,8.4,0,corps,44.87892541526128,4.9961
3136,6,112,18.67,4.0,0,corps,44.858491061567776,1.6083
3137,7,120,17.14,4.4,0,corps,44.83806692249727,1.4357
3138,13,225,17.31,7.1,0,corps,44.8176529929437,1.4288
3139,6,63,10.50,4.0,0,corps,44.79724926780359,2.5149
3140,4,72,18.00,3.1,0,corps,44.77685574197601,1.3578
3141,16,292,18.25,8.4,0,corps,44.756472410362576,1.2517
3142,9,141,15.67,5.3,0,corps,44.736099267867466,1.2714
3143,7,98,14.00,4.4,0,corps,44.71573630939738,1.4099
3144,3,46,15.33,2.7,0,corps,44.69538352986157,1.3546
3145,16,248,15.50,8.4,0,corps,44.675040924171874,1.1274
3146,8,131,16.38,4.9,0,corps,44.65470848724261,1.6952
3147,7,148,21.14,4.4,0,corps,44.63438621399069,1.2241
3148,11,178,16.18,6.2,0,corps,44.61407409933552,1.3906
3149,7,118,16.86,4.4,0,corps,44.59377213819909,1.2958
3150,6,74,12.33,4.0,0,corps,44.57348032550591,1.5264
3151,6,82,13.67,4.0,0,corps,44.55319865618303,1.4017
3152,3,66,22.00,2.7,0,corps,44.53292712516001,1.2931
3153,7,126,18.00,4.4,0,corps,44.51266572736899,1.0370
3154,4,113,28.25,3.1,0,corps,44.492414457744616,0.9671
3155,6,84,14.00,4.0,0,corps,44.472173311224076,1.2897
3156,10,171,17.10,5.8,0,corps,44.45194228274705,1.2509
3157,4,34,8.50,3.1,0,corps,44.43172136725582,1.8696
3158,19,292,15.37,9.8,0,corps,44.411510559695145,1.6415
3159,13,222,17.08,7.1,0,corps,44.39130985501232,1.1613
3160,8,103,12.88,4.9,0,corps,44.37111924815716,1.5089
3161,11,163,14.82,6.2,0,corps,44.35093873408202,1.3477
3162,5,59,11.80,3.6,0,corps,44.330768307741785,1.9447
3163,14,224,16.00,7.6,0,corps,44.31060796409384,4.4774
3164,27,478,17.70,13.3,0,corps,44.29045769809808,1.2947
3165,8,162,20.25,4.9,0,corps,44.270317504716964,1.0849
3166,11,249,22.64,6.2,0,corps,44.25018737891544,1.0478
3167,8,95,11.88,4.9,0,corps,44.23006731566097,1.7436
3168,2,40,20.00,2.2,0,corps,44.20995730992352,0.9290
3169,6,170,28.33,4.0,0,corps,44.189857356675624,1.1382
3170,7,82,11.71,4.4,0,corps,44.16976745089227,1.9934
3171,16,307,19.19,8.4,0,corps,44.14968758755099,0.9531
3172,4,39,9.75,3.1,0,corps,44.12961776163181,2.2145
3173,6,64,10.67,4.0,0,corps,44.109557968117294,1.3328
3174,6,159,26.50,4.0,0,corps,44.089508201992466,1.0305
3175,14,220,15.71,7.6,0,corps,44.069468458244906,1.4529
3176,5,80,16.00,3.6,0,corps,44.04943873186466,1.4690
3177,4,48,12.00,3.1,0,corps,44.029419017844305,1.2275
3178,2,41,20.50,2.2,0,corps,44.00940931117893,1.0518
3179,15,221,14.73,8.0,0,corps,43.989409606866076,1.3396
3180,10,149,14.90,5.8,0,corps,43.96941989990582,5.4194
3181,5,120,24.00,3.6,0,corps,43.94944018530077,1.0558
3182,3,43,14.33,2.7,0,corps,43.929470458055974,1.6456
3183,2,47,23.50,2.2,0,corps,43.909510713178996,1.3154
3184,14,245,17.50,7.6,0,corps,43.88956094567989,1.1796
3185,8,109,13.62,4.9,0,corps,43.86962115057124,1.8933
3186,4,44,11.00,3.1,0,corps,43.84969132286809,2.3220
3187,12,184,15.33,6.7,0,corps,43.82977145758798,1.3986
3188,15,215,14.33,8.0,0,corps,43.80986154975092,1.4284
3189,3,45,15.00,2.7,0,corps,43.78996159437948,1.9482
3190,10,189,18.90,5.8,0,corps,43.77007158649863,1.3786
3191,5,88,17.60,3.6,0,corps,43.750191521135896,1.5723
3192,12,282,23.50,6.7,0,corps,43.73032139332123,0.9287
3193,7,93,13.29,4.4,0,corps,43.71046119808714,1.3847
3194,6,166,27.67,4.0,0,corps,43.69061093046855,0.8702
3195,8,165,20.62,4.9,0,corps,43.6707705855029,1.3130
3196,14,229,16.36,7.6,0,corps,43.65094015823009,1.3631
3197,6,78,13.00,4.0,0,corps,43.63111964369254,1.6171
3198,8,151,18.88,4.9,0,corps,43.61130903693511,1.2449
3199,18,224,12.44,9.3,0,corps,43.591508333005144,3.8635
3200,5,119,23.80,3.6,0,corps,43.571717526952455,1.2868
3201,9,174,19.33,5.3,0,corps,43.55193661382936,0.9259
3202,7,108,15.43,4.4,0,corps,43.53216558869063,1.2934
3203,10,214,21.40,5.8,0,corps,43.51240444659351,0.9234
3204,9,168,18.67,5.3,0,corps,43.492653182597685,0.8827
3205,2,49,24.50,2.2,0,corps,43.47291179176537,0.8111
3206,2,55,27.50,2.2,0,corps,43.453180269161216,0.9600
3207,2,28,14.00,2.2,0,corps,43.43345860985233,0.8640
3208,4,52,13.00,3.1,0,corps,43.41374680890831,1.2563
3209,9,179,19.89,5.3,0,corps,43.394044861401184,1.0640
3210,17,226,13.29,8.9,0,corps,43.374352762405486,1.6234
3211,2,23,11.50,2.2,0,corps,43.35467050699818,1.3483
3212,18,154,8.56,9.3,0,corps,43.3349980902587,1.6121
3213,9,121,13.44,5.3,0,corps,43.31533550726896,0.9931
3214,18,322,17.89,9.3,0,corps,43.295682753113304,1.1407
3215,8,124,15.50,4.9,0,corps,43.27603982287853,1.3075
3216,9,167,18.56,5.3,0,corps,43.256406711653916,0.8546
3217,12,153,12.75,6.7,0,corps,43.236783414531196,1.3513
3218,12,189,15.75,6.7,0,corps,43.21716992660452,4.1736
3219,2,33,16.50,2.2,0,corps,43.197566242970545,1.2131
3220,13,117,9.00,7.1,0,corps,43.17797235872832,1.6719
3221,5,54,10.80,3.6,0,corps,43.158388268979394,1.1934
3222,3,44,14.67,2.7,0,corps,43.13881396882774,1.2679
3223,3,111,37.00,2.7,0,corps,43.11924945337978,0.6174
3224,9,146,16.22,5.3,0,corps,43.09969471774439,1.2190
3225,3,37,12.33,2.7,0,corps,43.080149757032885,1.2902
3226,5,86,17.20,3.6,0,corps,43.06061456635902,1.6250
3227,6,156,26.00,4.0,0,corps,43.041089140839,1.1501
3228,4,122,30.50,3.1,0,corps,43.02157347559146,1.1968
3229,2,21,10.50,2.2,0,corps,43.002067565737505,1.7586
3230,20,442,22.10,10.2,0,corps,42.982571406400645,2.8942
3231,6,108,18.00,4.0,0,corps,42.96308499270683,1.2333
3232,17,277,16.29,8.9,0,corps,42.943608319784474,1.4768
3233,3,63,21.00,2.7,0,corps,42.9241413827644,1.1118
3234,4,59,14.75,3.1,0,corps,42.90468417677988,1.7395
3235,7,89,12.71,4.4,0,corps,42.885236696966594,7.4634
3236,10,210,21.00,5.8,0,corps,42.86579893846268,1.1848
3237,8,159,19.88,4.9,0,corps,42.84637089640872,1.2699
3238,7,122,17.43,4.4,0,corps,42.826952565947686,1.0577
3239,4,39,9.75,3.1,0,corps,42.80754394222498,1.8737
3240,11,158,14.36,6.2,0,corps,42.78814502038847,4.5160
3241,9,136,15.11,5.3,0,corps,42.768755795588426,1.1133
3242,6,83,13.83,4.0,0,corps,42.74937626297752,1.2457
3243,8,165,20.62,4.9,0,corps,42.73000641771089,0.9418
3244,2,51,25.50,2.2,0,corps,42.71064625494606,1.1537
3245,8,128,16.00,4.9,0,corps,42.691295769842995,1.6549
3246,8,136,17.00,4.9,0,corps,42.67195495756408,1.2294
3247,7,165,23.57,4.4,0,corps,42.652623813274104,1.0523
3248,21,209,9.95,10.7,0,corps,42.633302332140275,1.5800
3249,15,177,11.80,8.0,0,corps,42.61399050933224,1.9083
3250,17,302,17.76,8.9,0,corps,42.59468834002204,1.2988
3251,11,174,15.82,6.2,0,corps,42.57539581938411,1.2489
3252,2,27,13.50,2.2,0,corps,42.55611294259534,1.6506
3253,6,120,20.00,4.0,0,corps,42.536839704835,1.4842
3254,14,275,19.64,7.6,0,corps,42.517576101284796,0.9952
3255,9,178,19.78,5.3,0,corps,42.49832212712883,1.1727
3256,6,65,10.83,4.0,0,corps,42.479077777553584,1.5607
3257,5,114,22.80,3.6,0,corps,42.459843047747974,0.9687
3258,6,90,15.00,4.0,0,corps,42.440617932903336,1.0418
3259,4,43,10.75,3.1,0,corps,42.421402428213376,2.0400
3260,6,64,10.67,4.0,0,corps,42.40219652887423,1.3827
3261,3,80,26.67,2.7,0,corps,42.38300023008441,1.2835
3262,14,241,17.21,7.6,0,corps,42.363813527044854,4.6305
3263,15,266,17.73,8.0,0,corps,42.34463641495888,1.4633
3264,16,230,14.38,8.4,0,corps,42.3254688890322,4.4119
3265,11,194,17.64,6.2,0,corps,42.30631094447295,1.4523
3266,4,160,40.00,3.1,0,corps,42.28716257649163,0.8063
3267,10,177,17.70,5.8,0,corps,42.268023780301164,1.6263
3268,2,21,10.50,2.2,0,corps,42.248894551116834,1.5310
3269,3,23,7.67,2.7,0,corps,42.229774884156335,3.2808
3270,8,108,13.50,4.9,0,corps,42.21066477463977,2.0449
3271,13,159,12.23,7.1,0,corps,42.19156421778959,5.3904
3272,7,214,30.57,4.4,0,corps,42.17247320883067,1.2593
3273,10,128,12.80,5.8,0,corps,42.15339174299024,1.6090
3274,8,138,17.25,4.9,0,corps,42.134319815497946,1.3681
3275,10,115,11.50,5.8,0,corps,42.11525742158581,1.7281
3276,17,255,15.00,8.9,0,corps,42.096204556488225,2.2246
3277,13,201,15.46,7.1,0,corps,42.077161215441976,1.6681
3278,2,16,8.00,2.2,0,corps,42.058127393686235,3.3763
3279,2,19,9.50,2.2,0,corps,42.03910308646254,1.5630
3280,2,40,20.00,2.2,0,corps,42.020088289014815,1.5477
3281,12,337,28.08,6.7,0,corps,42.00108299658935,0.9052
3282,5,97,19.40,3.6,0,corps,41.98208720443483,1.2903
3283,9,172,19.11,5.3,0,corps,41.96310090780233,0.9397
3284,3,49,16.33,2.7,0,corps,41.94412410194525,1.1751
3285,8,142,17.75,4.9,0,corps,41.92515678211938,1.2885
3286,8,105,13.12,4.9,0,corps,41.90619894358291,1.2965
3287,10,196,19.60,5.8,0,corps,41.887250581596376,4.7369
3288,9,131,14.56,5.3,0,corps,41.86831169142268,1.7081
3289,11,190,17.27,6.2,0,corps,41.8493822683271,1.1690
3290,8,110,13.75,4.9,0,corps,41.83046230757729,1.6842
3291,18,287,15.94,9.3,0,corps,41.811551804443255,3.3911
3292,8,105,13.12,4.9,0,corps,41.79265075419737,1.7760
3293,6,101,16.83,4.0,0,corps,41.773759152114366,1.2534
3294,3,68,22.67,2.7,0,corps,41.75487699347135,0.7729
3295,6,92,15.33,4.0,0,corps,41.73600427354777,1.4506
3296,14,205,14.64,7.6,0,corps,41.71714098762547,3.8105
3297,10,175,17.50,5.8,0,corps,41.6982871309886,1.2957
3298,6,156,26.00,4.0,0,corps,41.679442698923715,1.1298
3299,2,82,41.00,2.2,0,corps,41.6606076867197,0.8386
3300,4,86,21.50,3.1,0,corps,41.64178208966781,0.9288
3301,7,120,17.14,4.4,0,corps,41.62296590306162,5.7386
3302,4,102,25.50,3.1,0,corps,41.60415912219712,0.9071
3303,17,211,12.41,8.9,0,corps,41.58536174237259,1.8074
3304,8,121,15.12,4.9,0,corps,41.566573758888694,1.1772
3305,6,58,9.67,4.0,0,corps,41.54779516704842,1.6837
3306,2,24,12.00,2.2,0,corps,41.52902596215715,0.9571
3307,9,95,10.56,5.3,0,corps,41.51026613952256,2.0087
3308,10,171,17.10,5.8,0,corps,41.4915156944547,1.0629
3309,8,107,13.38,4.9,0,corps,41.47277462226595,1.1623
3310,6,86,14.33,4.0,0,corps,41.454042918271064,1.2610
3311,4,60,15.00,3.1,0,corps,41.4353205777871,1.4628
3312,11,135,12.27,6.2,0,corps,41.41660759613348,1.4522
3313,7,97,13.86,4.4,0,corps,41.39790396863194,1.2512
3314,3,70,23.33,2.7,0,corps,41.379209690606594,0.8621
3315,5,90,18.00,3.6,0,corps,41.36052475738387,1.2765
3316,6,68,11.33,4.0,0,corps,41.341849164292526,1.2141
3317,15,268,17.87,8.0,0,corps,41.32318290666366,1.2607
3318,3,51,17.00,2.7,0,corps,41.30452597983073,1.1446
3319,2,43,21.50,2.2,0,corps,41.28587837912948,1.0464
3320,11,171,15.55,6.2,0,corps,41.267240099898025,1.3241
3321,3,32,10.67,2.7,0,corps,41.24861113747678,1.1983
3322,8,114,14.25,4.9,0,corps,41.229991487208515,1.1465
3323,2,41,20.50,2.2,0,corps,41.21138114443833,0.9953
3324,15,157,10.47,8.0,0,corps,41.19278010451361,1.9467
3325,9,100,11.11,5.3,0,corps,41.1741883627841,2.1715
3326,5,161,32.20,3.6,0,corps,41.15560591460189,0.8359
3327,14,245,17.50,7.6,0,corps,41.13703275532136,1.0447
3328,15,294,19.60,8.0,0,corps,41.118468880299204,0.9932
3329,3,57,19.00,2.7,0,corps,41.09991428489445,1.7625
3330,4,104,26.00,3.1,0,corps,41.08136896446848,0.8136
3331,2,39,19.50,2.2,0,corps,41.06283291438493,1.2902
3332,7,80,11.43,4.4,0,corps,41.04430613000981,1.4126
3333,4,90,22.50,3.1,0,corps,41.02578860671141,0.9349
3334,10,135,13.50,5.8,0,corps,41.00728033986035,1.3981
3335,7,138,19.71,4.4,0,corps,40.988781324829574,1.0578
3336,14,201,14.36,7.6,0,corps,40.97029155699433,1.0140
3337,2,39,19.50,2.2,0,corps,40.95181103173215,1.0698
3338,4,53,13.25,3.1,0,corps,40.93333974442293,1.5096
3339,2,34,17.00,2.2,0,corps,40.91487769044884,1.6021
3340,5,74,14.80,3.6,0,corps,40.89642486519437,1.1456
3341,2,51,25.50,2.2,0,corps,40.87798126404629,1.4893
3342,3,36,12.00,2.7,0,corps,40.85954688239373,1.7130
3343,7,139,19.86,4.4,0,corps,40.841121715628084,1.2887
3344,9,107,11.89,5.3,0,corps,40.82270575914306,1.5766
3345,2,57,28.50,2.2,0,corps,40.80429900833466,1.0495
3346,5,56,11.20,3.6,0,corps,40.78590145860121,2.0425
3347,2,46,23.00,2.2,0,corps,40.76751310534332,2.3866
3348,6,63,10.50,4.0,0,corps,40.7491339439639,1.7198
3349,2,15,7.50,2.2,0,corps,40.730763969868136,1.8498
3350,20,269,13.45,10.2,0,corps,40.712403178463575,1.5898
3351,2,50,25.00,2.2,0,corps,40.694051565159995,1.6622
3352,4,55,13.75,3.1,0,corps,40.675709125369494,1.4465
3353,2,21,10.50,2.2,0,corps,40.65737585450647,1.5832
3354,4,105,26.25,3.1,0,corps,40.639051747987594,1.2726
3355,11,109,9.91,6.2,0,corps,40.62073680123186,1.5721
3356,13,103,7.92,7.1,0,corps,40.6024310096605,2.4021
3357,6,56,9.33,4.0,0,corps,40.584134368697086,2.1355
3358,3,77,25.67,2.7,0,corps,40.56584687376746,1.2071
3359,2,14,7.00,2.2,0,corps,40.54756852029975,2.0773
3360,8,110,13.75,4.9,0,corps,40.52929930372435,1.4564
3361,9,153,17.00,5.3,0,corps,40.511039219473965,1.0854
3362,6,70,11.67,4.0,0,corps,40.49278826298358,2.0708
3363,7,119,17.00,4.4,0,corps,40.474546429690456,1.3178
3364,5,58,11.60,3.6,0,corps,40.45631371503412,1.5079
3365,6,67,11.17,4.0,0,corps,40.4380901144564,1.6262
3366,5,139,27.80,3.6,0,corps,40.41987562340141,0.7926
3367,10,148,14.80,5.8,0,corps,40.401670237315514,1.1926
3368,5,91,18.20,3.6,0,corps,40.38347395164736,0.9902
3369,3,63,21.00,2.7,0,corps,40.36528676184788,1.1857
3370,2,18,9.00,2.2,0,corps,40.34710866337029,1.3115
3371,6,90,15.00,4.0,0,corps,40.32893965167005,1.4423
3372,5,55,11.00,3.6,0,corps,40.31077972220491,1.7782
3373,7,85,12.14,4.4,0,corps,40.292628870434896,1.5691
3374,4,53,13.25,3.1,0,corps,40.27448709182229,1.1064
3375,4,70,17.50,3.1,0,corps,40.25635438183164,1.3606
3376,19,288,15.16,9.8,0,corps,40.238230735929776,1.6705
3377,8,97,12.12,4.9,0,corps,40.220116149585785,1.6080
3378,4,64,16.00,3.1,0,corps,40.20201061827102,1.2186
3379,10,158,15.80,5.8,0,corps,40.18391413745909,1.1927
3380,4,69,17.25,3.1,0,corps,40.16582670262589,1.1494
3381,3,34,11.33,2.7,0,corps,40.147748309249565,1.5737
3382,18,276,15.33,9.3,0,corps,40.12967895281049,1.8835
3383,10,212,21.20,5.8,0,corps,40.11161862879134,1.3173
3384,2,55,27.50,2.2,0,corps,40.09356733267705,0.9381
3385,19,289,15.21,9.8,0,corps,40.07552505995477,1.6530
3386,5,73,14.60,3.6,0,corps,40.057491806113944,1.5828
3387,17,240,14.12,8.9,0,corps,40.03946756664626,1.3202
3388,3,29,9.67,2.7,0,corps,40.02145233704565,1.7296
3389,10,240,24.00,5.8,0,corps,40.00344611280833,1.0918
3390,13,168,12.92,7.1,0,corps,39.985448889432696,1.4596
3391,11,192,17.45,6.2,0,corps,39.9674606624195,1.0348
3392,13,163,12.54,7.1,0,corps,39.949481427271635,1.6563
3393,16,205,12.81,8.4,0,corps,39.93151117949433,1.7499
3394,8,87,10.88,4.9,0,corps,39.913549914594995,1.7977
3395,17,229,13.47,8.9,0,corps,39.89559762808333,1.6273
3396,2,65,32.50,2.2,0,corps,39.87765431547127,1.1367
3397,2,10,5.00,2.2,0,corps,39.85971997227297,2.7846
3398,13,197,15.15,7.1,0,corps,39.84179459400484,4.5147
3399,10,143,14.30,5.8,0,corps,39.823878176185545,5.7313
3400,14,227,16.21,7.6,0,corps,39.80597071433599,1.6737
3401,3,74,24.67,2.7,0,corps,39.7880722039793,0.9941
3402,4,86,21.50,3.1,0,corps,39.77018264064084,0.8747
3403,9,148,16.44,5.3,0,corps,39.75230201984823,4.8173
3404,26,381,14.65,12.9,0,corps,39.734430337131315,3.2974
3405,6,60,10.00,4.0,0,corps,39.716567588022166,2.4975
3406,10,165,16.50,5.8,0,corps,39.6987137680551,1.2553
3407,7,85,12.14,4.4,0,corps,39.680868872766666,1.6162
3408,5,122,24.40,3.6,0,corps,39.66303289769563,0.7913
3409,4,73,18.25,3.1,0,corps,39.64520583838301,1.2273
3410,11,126,11.45,6.2,0,corps,39.62738769037203,1.4298
3411,9,135,15.00,5.3,0,corps,39.60957844920816,1.1087
3412,2,28,14.00,2.2,0,corps,39.591778110439094,1.5534
3413,8,98,12.25,4.9,0,corps,39.57398666961473,1.2238
3414,22,322,14.64,11.1,0,corps,39.55620412228722,3.2451
3415,12,199,16.58,6.7,0,corps,39.538430464010936,3.6751
3416,8,182,22.75,4.9,0,corps,39.52066569034245,1.0719
3417,11,159,14.45,6.2,0,corps,39.50290979684057,4.2052
3418,16,226,14.12,8.4,0,corps,39.48516277906632,1.4224
3419,3,29,9.67,2.7,0,corps,39.46742463258295,1.1790
3420,8,104,13.00,4.9,0,corps,39.44969535295593,1.6430
3421,5,60,12.00,3.6,0,corps,39.431974935752926,1.4653
3422,10,213,21.30,5.8,0,corps,39.414263376543836,4.6661
3423,8,118,14.75,4.9,0,corps,39.39656067090079,1.7036
3424,4,37,9.25,3.1,0,corps,39.37886681439808,1.4069
3425,4,62,15.50,3.1,0,corps,39.36118180261227,1.4051
3426,24,364,15.17,12.0,0,corps,39.34350563112209,3.3229
3427,5,75,15.00,3.6,0,corps,39.3258382955085,1.3034
3428,10,198,19.80,5.8,0,corps,39.30817979135467,1.2162
3429,6,101,16.83,4.0,0,corps,39.290530114245975,1.4369
3430,11,164,14.91,6.2,0,corps,39.27288925976998,1.6070
3431,14,213,15.21,7.6,0,corps,39.2552572235165,1.5839
3432,9,93,10.33,5.3,0,corps,39.237634001077495,2.0790
3433,16,358,22.38,8.4,0,corps,39.22001958804719,1.2230
3434,3,30,10.00,2.7,0,corps,39.202413980021944,1.6585
3435,10,149,14.90,5.8,0,corps,39.1848171726004,1.1718
3436,3,33,11.00,2.7,0,corps,39.16722916138332,2.1776
3437,13,199,15.31,7.1,0,corps,39.14964994197372,1.4720
3438,2,37,18.50,2.2,0,corps,39.132079509976776,1.3641
3439,5,57,11.40,3.6,0,corps,39.1145178609999,1.5599
3440,4,45,11.25,3.1,0,corps,39.09696499065267,1.6809
3441,10,138,13.80,5.8,0,corps,39.07942089454687,1.2997
3442,12,166,13.83,6.7,0,corps,39.061885568296475,5.0306
3443,7,139,19.86,4.4,0,corps,39.04435900751766,1.5519
3444,8,123,15.38,4.9,0,corps,39.02684120782878,1.3767
3445,9,110,12.22,5.3,0,corps,39.009332164850385,1.8119
3446,12,146,12.17,6.7,0,corps,38.991831874205204,1.8824
3447,15,209,13.93,8.0,0,corps,38.97434033151818,3.9795
3448,6,41,6.83,4.0,0,corps,38.95685753241643,2.5334
3449,12,140,11.67,6.7,0,corps,38.93938347252924,1.9332
3450,8,106,13.25,4.9,0,corps,38.921918147488086,1.6241
3451,16,272,17.00,8.4,0,corps,38.90446155292666,3.7295
3452,5,88,17.60,3.6,0,corps,38.887013684480806,1.6118
3453,2,31,15.50,2.2,0,corps,38.86957453778856,1.1317
3454,12,161,13.42,6.7,0,corps,38.852144108490116,1.5624
3455,7,99,14.14,4.4,0,corps,38.834722392227896,1.5068
3456,6,104,17.33,4.0,0,corps,38.81730938464645,1.9284
3457,4,80,20.00,3.1,0,corps,38.799905081392524,1.2557
3458,6,119,19.83,4.0,0,corps,38.78250947811506,1.4478
3459,14,256,18.29,7.6,0,corps,38.76512257046514,1.3646
3460,10,132,13.20,5.8,0,corps,38.74774435409605,6.0035
3461,12,174,14.50,6.7,0,corps,38.73037482466323,1.3439
3462,15,226,15.07,8.0,0,corps,38.71301397782428,1.2208
3463,17,247,14.53,8.9,0,corps,38.69566180923903,1.4363
3464,3,74,24.67,2.7,0,corps,38.678318314569395,1.2056
3465,2,43,21.50,2.2,0,corps,38.66098348947953,1.1944
3466,6,66,11.00,4.0,0,corps,38.64365732963571,2.1558
3467,5,52,10.40,3.6,0,corps,38.6263398307064,1.5701
3468,12,173,14.42,6.7,0,corps,38.609030988362235,4.6346
3469,10,197,19.70,5.8,0,corps,38.591730798276,1.2650
3470,14,255,18.21,7.6,0,corps,38.57443925612263,1.1177
3471,10,186,18.60,5.8,0,corps,38.55715635757927,0.9085
3472,6,90,15.00,4.0,0,corps,38.53988209832517,1.1280
3473,2,22,11.00,2.2,0,corps,38.52261647404179,2.4036
3474,17,353,20.76,8.9,0,corps,38.50535948041269,0.9988
3475,13,244,18.77,7.1,0,corps,38.488111113123644,1.0343
3476,2,34,17.00,2.2,0,corps,38.47087136786257,1.0458
3477,16,211,13.19,8.4,0,corps,38.4536402403195,3.0488
3478,9,153,17.00,5.3,0,corps,38.436417726186676,1.2328
3479,18,285,15.83,9.3,0,corps,38.41920382115846,1.3605
3480,9,161,17.89,5.3,0,corps,38.401998520931386,1.3972
3481,18,265,14.72,9.3,0,corps,38.38480182120412,1.1728
3482,10,95,9.50,5.8,0,corps,38.36761371767748,1.4888
3483,2,57,28.50,2.2,0,corps,38.35043420605445,0.7355
3484,7,131,18.71,4.4,0,corps,38.33326328204016,0.9078
3485,8,104,13.00,4.9,0,corps,38.316100941341865,3.9964
3486,13,217,16.69,7.1,0,corps,38.29894717966897,1.0574
3487,13,263,20.23,7.1,0,corps,38.281801992733065,2.6148
3488,7,136,19.43,4.4,0,corps,38.264665376247834,1.1333
3489,13,190,14.62,7.1,0,corps,38.24753732592912,1.5679
3490,3,46,15.33,2.7,0,corps,38.230417837494926,1.2875
3491,2,39,19.50,2.2,0,corps,38.21330690666536,1.1046
3492,7,72,10.29,4.4,0,corps,38.196204529162706,1.5118
3493,9,125,13.89,5.3,0,corps,38.17911070071136,1.4061
3494,20,300,15.00,10.2,0,corps,38.16202541703787,1.4427
3495,13,153,11.77,7.1,0,corps,38.1449486738709,1.3450
3496,18,210,11.67,9.3,0,corps,38.12788046694129,1.5512
3497,8,115,14.38,4.9,0,corps,38.11082079198197,1.4321
3498,2,74,37.00,2.2,0,corps,38.09376964472801,0.7569
3499,6,49,8.17,4.0,0,corps,38.076727020916664,2.4966
3500,11,187,17.00,6.2,0,corps,38.05969291628725,1.2434
3501,11,153,13.91,6.2,0,corps,38.042667326581224,0.9804
3502,9,126,14.00,5.3,0,corps,38.02565024754222,1.3341
3503,13,154,11.85,7.1,0,corps,38.00864167491594,4.0765
3504,21,355,16.90,10.7,0,corps,37.99164160445028,1.5575
3505,3,68,22.67,2.7,0,corps,37.97465003189518,1.0866
3506,6,86,14.33,4.0,0,corps,37.95766695300277,1.3501
3507,6,53,8.83,4.0,0,corps,37.940692363527276,1.8311
3508,16,163,10.19,8.4,0,corps,37.92372625922505,1.7952
3509,11,152,13.82,6.2,0,corps,37.90676863585456,1.3548
3510,5,98,19.60,3.6,0,corps,37.88981948917641,0.8976
3511,7,114,16.29,4.4,0,corps,37.8728788149533,1.0587
3512,3,38,12.67,2.7,0,corps,37.855946608950084,1.0376
3513,9,178,19.78,5.3,0,corps,37.83902286693369,0.9665
3514,6,76,12.67,4.0,0,corps,37.82210758467319,1.2430
3515,11,142,12.91,6.2,0,corps,37.80520075793976,1.1724
3516,2,32,16.00,2.2,0,corps,37.78830238250671,0.9872
3517,3,43,14.33,2.7,0,corps,37.77141245414942,1.3289
3518,2,24,12.00,2.2,0,corps,37.75453096864542,1.0942
3519,12,144,12.00,6.7,0,corps,37.73765792177433,1.5984
3520,3,61,20.33,2.7,0,corps,37.7207933093179,0.8332
3521,9,138,15.33,5.3,0,corps,37.70393712705998,1.6451
3522,12,154,12.83,6.7,0,corps,37.687089370786516,3.8716
3523,5,69,13.80,3.6,0,corps,37.670250036285566,1.7359
3524,9,186,20.67,5.3,0,corps,37.6534191193473,1.2323
3525,8,106,13.25,4.9,0,corps,37.63659661576399,1.9388
3526,7,116,16.57,4.4,0,corps,37.619782521330016,1.4876
3527,9,162,18.00,5.3,0,corps,37.602976831841836,1.9277
3528,4,74,18.50,3.1,0,corps,37.58617954309804,0.9815
3529,3,30,10.00,2.7,0,corps,37.569390650899315,1.6553
3530,5,118,23.60,3.6,0,corps,37.55261015104843,1.0953
3531,6,79,13.17,4.0,0,corps,37.53583803935023,1.5414
3532,2,16,8.00,2.2,0,corps,37.51907431161174,2.3304
3533,6,88,14.67,4.0,0,corps,37.502318963642,1.5212
3534,12,170,14.17,6.7,0,corps,37.48557199125217,5.3755
3535,15,169,11.27,8.0,0,corps,37.46883339025551,2.1171
3536,4,59,14.75,3.1,0,corps,37.45210315646738,1.5100
3537,11,123,11.18,6.2,0,corps,37.43538128570521,1.6267
3538,6,86,14.33,4.0,0,corps,37.418667773788535,1.3973
3539,6,96,16.00,4.0,0,corps,37.401962616538974,1.3018
3540,9,118,13.11,5.3,0,corps,37.38526580978024,1.5601
3541,4,49,12.25,3.1,0,corps,37.36857734933814,1.9820
3542,5,90,18.00,3.6,0,corps,37.35189723104055,1.4788
3543,8,109,13.62,4.9,0,corps,37.33522545071744,1.4645
3544,4,78,19.50,3.1,0,corps,37.318562004200864,1.9663
3545,6,95,15.83,4.0,0,corps,37.30190688732497,1.5237
3546,20,315,15.75,10.2,0,corps,37.28526009592596,1.4926
3547,5,101,20.20,3.6,0,corps,37.26862162584215,1.2973
3548,3,92,30.67,2.7,0,corps,37.25199147291393,0.9475
3549,13,220,16.92,7.1,0,corps,37.23536963298375,1.7858
3550,3,34,11.33,2.7,0,corps,37.21875610189614,2.1042
3551,5,78,15.60,3.6,0,corps,37.20215087549772,1.4026
3552,5,74,14.80,3.6,0,corps,37.18555394963721,1.8538
3553,2,46,23.00,2.2,0,corps,37.16896532016536,1.1480
3554,13,208,16.00,7.1,0,corps,37.15238498293502,1.7478
3555,4,76,19.00,3.1,0,corps,37.13581293380108,1.1142
3556,18,267,14.83,9.3,0,corps,37.11924916862055,1.7952
3557,7,83,11.86,4.4,0,corps,37.10269368325248,2.1307
3558,14,316,22.57,7.6,0,corps,37.086146473558024,1.4421
3559,12,153,12.75,6.7,0,corps,37.06960753540034,1.6669
3560,12,279,23.25,6.7,0,corps,37.053076864644716,3.0710
3561,10,162,16.20,5.8,0,corps,37.03655445715849,1.0483
3562,8,98,12.25,4.9,0,corps,37.02004030881103,1.7108
3563,2,52,26.00,2.2,0,corps,37.00353441547383,0.8615
3564,7,145,20.71,4.4,0,corps,36.987036773020414,0.8733
3565,14,187,13.36,7.6,0,corps,36.970547377326355,3.8544
3566,9,203,22.56,5.3,0,corps,36.95406622426932,1.0121
3567,3,51,17.00,2.7,0,corps,36.937593309729,1.2545
3568,22,371,16.86,11.1,0,corps,36.92112862958719,1.3605
3569,14,254,18.14,7.6,0,corps,36.9046721797277,1.0760
3570,16,172,10.75,8.4,0,corps,36.888223956036434,1.3980
3571,13,176,13.54,7.1,0,corps,36.871783954401316,1.2876
3572,4,56,14.00,3.1,0,corps,36.85535217071237,1.0820
3573,6,73,12.17,4.0,0,corps,36.838928600861635,1.7375
3574,5,55,11.00,3.6,0,corps,36.82251324074322,0.9835
3575,14,266,19.00,7.6,0,corps,36.80610608625328,1.1460
3576,8,81,10.12,4.9,0,corps,36.789707133290044,1.9857
3577,6,153,25.50,4.0,0,corps,36.77331637775376,0.9184
3578,2,64,32.00,2.2,0,corps,36.75693381554674,0.6938
3579,6,80,13.33,4.0,0,corps,36.740559442573336,1.1097
3580,2,26,13.00,2.2,0,corps,36.72419325473997,1.4567
3581,2,30,15.00,2.2,0,corps,36.707835247955096,1.0049
3582,9,167,18.56,5.3,0,corps,36.6914854181292,1.1494
3583,8,130,16.25,4.9,0,corps,36.675143761174816,1.1534
3584,2,26,13.00,2.2,0,corps,36.65881027300655,1.0482
3585,3,25,8.33,2.7,0,corps,36.64248494954103,2.2148
3586,22,308,14.00,11.1,0,corps,36.62616778669691,2.9273
3587,9,159,17.67,5.3,0,corps,36.6098587803949,1.2760
3588,17,263,15.47,8.9,0,corps,36.59355792655777,2.7013
3589,10,151,15.10,5.8,0,corps,36.57726522111028,6.7627
3590,16,202,12.62,8.4,0,corps,36.56098065997928,3.8471
3591,12,146,12.17,6.7,0,corps,36.5447042390936,1.5752
3592,7,99,14.14,4.4,0,corps,36.52843595438415,1.4324
3593,10,184,18.40,5.8,0,corps,36.51217580178386,1.3421
3594,23,345,15.00,11.6,0,corps,36.495923777227695,2.1395
3595,32,487,15.22,15.6,0,corps,36.47967987665264,3.1262
3596,6,112,18.67,4.0,0,corps,36.46344409599772,1.2665
3597,3,50,16.67,2.7,0,corps,36.447216431204,1.2811
3598,14,207,14.79,7.6,0,corps,36.43099687821455,1.3907
3599,2,26,13.00,2.2,0,corps,36.41478543297449,0.9355
3600,8,109,13.62,4.9,0,corps,36.39858209143096,1.2325
3601,20,315,15.75,10.2,0,corps,36.38238684953312,1.6468
3602,13,169,13.00,7.1,0,corps,36.36619970323217,3.9295
3603,5,75,15.00,3.6,0,corps,36.35002064848129,1.1217
3604,13,167,12.85,7.1,0,corps,36.333849681235755,1.3969
3605,5,50,10.00,3.6,0,corps,36.317686797452815,1.3904
3606,3,55,18.33,2.7,0,corps,36.30153199309174,0.8619
3607,14,150,10.71,7.6,0,corps,36.28538526411382,4.5985
3608,20,319,15.95,10.2,0,corps,36.2692466064824,2.5750
3609,9,108,12.00,5.3,0,corps,36.25311601616279,1.8012
3610,10,165,16.50,5.8,0,corps,36.23699348912236,1.5273
3611,8,142,17.75,4.9,0,corps,36.22087902133046,1.4017
3612,10,168,16.80,5.8,0,corps,36.20477260875849,1.3910
3613,13,140,10.77,7.1,0,corps,36.188674247379836,1.5740
3614,2,21,10.50,2.2,0,corps,36.17258393316992,1.4041
3615,8,106,13.25,4.9,0,corps,36.156501662106145,1.3542
3616,9,203,22.56,5.3,0,corps,36.140427430167954,0.9809
3617,13,189,14.54,7.1,0,corps,36.124361233336785,1.3648
3618,12,155,12.92,6.7,0,corps,36.108303067596104,1.4868
3619,12,195,16.25,6.7,0,corps,36.092252928931345,1.3681
3620,11,129,11.73,6.2,0,corps,36.07621081332999,1.5396
3621,3,33,11.00,2.7,0,corps,36.06017671678151,1.3041
3622,10,107,10.70,5.8,0,corps,36.044150635277376,2.1224
3623,9,127,14.11,5.3,0,corps,36.02813256481105,1.5374
3624,14,188,13.43,7.6,0,corps,36.01212250137805,2.0610
3625,6,81,13.50,4.0,0,corps,35.996120440975844,1.8644
3626,10,183,18.30,5.8,0,corps,35.98012637960391,5.1883
3627,12,151,12.58,6.7,0,corps,35.96414031326374,1.8248
3628,10,142,14.20,5.8,0,corps,35.948162237958805,1.7198
3629,8,111,13.88,4.9,0,corps,35.9321921496946,1.5937
3630,5,59,11.80,3.6,0,corps,35.9162300444786,1.3391
3631,13,187,14.38,7.1,0,corps,35.90027591832028,2.0837
3632,4,27,6.75,3.1,0,corps,35.8843297672311,2.2873
3633,8,88,11.00,4.9,0,corps,35.86839158722454,1.6912
3634,8,118,14.75,4.9,0,corps,35.85246137431603,1.8112
3635,7,61,8.71,4.4,0,corps,35.836539124523036,2.1075
3636,16,158,9.88,8.4,0,corps,35.820624833864976,2.1099
3637,7,105,15.00,4.4,0,corps,35.80471849836331,1.6041
3638,2,27,13.50,2.2,0,corps,35.78882011404143,1.9634
3639,6,80,13.33,4.0,0,corps,35.77292967692474,1.3388
3640,6,83,13.83,4.0,0,corps,35.757047183040626,1.7555
3641,9,77,8.56,5.3,0,corps,35.74117262841848,8.0454
3642,5,99,19.80,3.6,0,corps,35.725306009089664,1.1784
3643,3,54,18.00,2.7,0,corps,35.70944732108751,1.1914
3644,8,74,9.25,4.9,0,corps,35.69359656044735,2.0436
3645,9,128,14.22,5.3,0,corps,35.67775372320649,4.0088
3646,13,209,16.08,7.1,0,corps,35.661918805404234,1.3525
3647,28,433,15.46,13.8,0,corps,35.646091803081845,1.8279
3648,21,352,16.76,10.7,0,corps,35.63027271228256,1.2343
3649,8,82,10.25,4.9,0,corps,35.61446152905163,1.9055
3650,8,116,14.50,4.9,0,corps,35.59865824943624,1.6397
3651,4,57,14.25,3.1,0,corps,35.58286286948559,1.0017
3652,8,83,10.38,4.9,0,corps,35.56707538525081,7.9074
3653,12,282,23.50,6.7,0,corps,35.551295792785034,0.9805
3654,7,126,18.00,4.4,0,corps,35.53552408814338,1.3525
3655,12,164,13.67,6.7,0,corps,35.519760267382914,1.1964
3656,16,244,15.25,8.4,0,corps,35.50400432656267,1.2261
3657,3,103,34.33,2.7,0,corps,35.488256261743686,1.0653
3658,7,104,14.86,4.4,0,corps,35.472516068988924,1.2988
3659,13,126,9.69,7.1,0,corps,35.45678374436335,1.6409
3660,7,101,14.43,4.4,0,corps,35.44105928393385,1.0929
3661,15,217,14.47,8.0,0,corps,35.425342683769365,1.2153
3662,7,68,9.71,4.4,0,corps,35.4096339399407,1.4071
3663,7,152,21.71,4.4,0,corps,35.39393304852069,0.7857
3664,9,142,15.78,5.3,0,corps,35.3782400055841,1.1220
3665,10,142,14.20,5.8,0,corps,35.36255480720767,1.2550
3666,12,147,12.25,6.7,0,corps,35.346877449470114,5.5224
3667,3,36,12.00,2.7,0,corps,35.33120792845209,1.0571
3668,11,156,14.18,6.2,0,corps,35.315546240236195,1.4689
3669,8,139,17.38,4.9,0,corps,35.29989238090703,1.0609
3670,10,171,17.10,5.8,0,corps,35.28424634655113,1.3522
3671,6,59,9.83,4.0,0,corps,35.268608133256976,1.6483
3672,2,28,14.00,2.2,0,corps,35.25297773711501,0.9111
3673,6,70,11.67,4.0,0,corps,35.23735515421765,1.7589
3674,11,106,9.64,6.2,0,corps,35.22174038065924,1.7738
3675,7,105,15.00,4.4,0,corps,35.20613341253609,0.9108
3676,3,26,8.67,2.7,0,corps,35.190534245946445,1.8247
3677,4,62,15.50,3.1,0,corps,35.174942876990535,1.1303
3678,11,160,14.55,6.2,0,corps,35.15935930177051,3.4924
3679,14,189,13.50,7.6,0,corps,35.14378351639046,1.6167
3680,10,190,19.00,5.8,0,corps,35.12821551695645,1.3371
3681,13,176,13.54,7.1,0,corps,35.11265529957649,1.7354
3682,8,56,7.00,4.9,0,corps,35.09710286036052,2.6777
3683,6,74,12.33,4.0,0,corps,35.08155819542042,1.9889
3684,9,148,16.44,5.3,0,corps,35.06602130087003,5.3089
3685,4,44,11.00,3.1,0,corps,35.05049217282513,2.2682
3686,3,65,21.67,2.7,0,corps,35.03497080740344,0.9520
3687,8,78,9.75,4.9,0,corps,35.01945720072461,8.4266
3688,22,354,16.09,11.1,0,corps,35.003951348910235,1.8919
3689,8,131,16.38,4.9,0,corps,34.988453248083864,1.5424
3690,13,145,11.15,7.1,0,corps,34.972962894370966,1.9895
3691,7,86,12.29,4.4,0,corps,34.95748028389896,1.8313
3692,19,287,15.11,9.8,0,corps,34.942005412797165,1.5170
3693,9,109,12.11,5.3,0,corps,34.9265382771969,1.4525
3694,8,119,14.88,4.9,0,corps,34.911078873231375,1.4758
3695,19,378,19.89,9.8,0,corps,34.89562719703571,1.5182
3696,14,223,15.93,7.6,0,corps,34.880183244747016,1.7239
3697,14,184,13.14,7.6,0,corps,34.86474701250429,2.0415
3698,18,248,13.78,9.3,0,corps,34.849318496448475,1.8005
3699,9,149,16.56,5.3,0,corps,34.83389769272245,5.0764
3700,4,55,13.75,3.1,0,corps,34.81848459747101,1.4285
3701,6,67,11.17,4.0,0,corps,34.80307920684088,1.9564
3702,14,148,10.57,7.6,0,corps,34.787681516980705,1.6253
3703,7,94,13.43,4.4,0,corps,34.77229152404108,6.8864
3704,6,51,8.50,4.0,0,corps,34.756909224174485,1.7049
3705,5,149,29.80,3.6,0,corps,34.741534613535364,1.0489
3706,11,139,12.64,6.2,0,corps,34.72616768828006,1.7008
3707,11,175,15.91,6.2,0,corps,34.71080844456683,1.2681
3708,3,42,14.00,2.7,0,corps,34.695456878555866,1.1075
3709,10,104,10.40,5.8,0,corps,34.6801129864093,2.1638
3710,4,71,17.75,3.1,0,corps,34.664776764291126,1.1989
3711,6,122,20.33,4.0,0,corps,34.64944820836731,0.9065
3712,18,297,16.50,9.3,0,corps,34.634127314805696,1.3208
3713,21,249,11.86,10.7,0,corps,34.61881407977607,1.8237
3714,9,118,13.11,5.3,0,corps,34.603508499450136,1.2129
3715,19,351,18.47,9.8,0,corps,34.58821057000148,1.3478
3716,7,67,9.57,4.4,0,corps,34.572920287605626,8.6138
3717,2,38,19.00,2.2,0,corps,34.55763764844001,0.9388
3718,10,151,15.10,5.8,0,corps,34.54236264868395,4.9254
3719,9,194,21.56,5.3,0,corps,34.52709528451872,1.1018
3720,7,144,20.57,4.4,0,corps,34.511835552127465,0.9565
3721,3,50,16.67,2.7,0,corps,34.49658344769526,1.4610
3722,7,65,9.29,4.4,0,corps,34.48133896740909,1.7835
3723,10,147,14.70,5.8,0,corps,34.46610210745781,1.9830
3724,9,117,13.00,5.3,0,corps,34.4508728640322,1.4892
3725,16,319,19.94,8.4,0,corps,34.43565123332498,1.2651
3726,4,74,18.50,3.1,0,corps,34.42043721153073,1.3871
3727,5,91,18.20,3.6,0,corps,34.405230794845934,1.1856
3728,13,159,12.23,7.1,0,corps,34.39003197946899,1.9408
3729,10,197,19.70,5.8,0,corps,34.37484076160021,1.3038
3730,5,81,16.20,3.6,0,corps,34.35965713744178,1.1197
3731,7,79,11.29,4.4,0,corps,34.344481103197786,1.9064
3732,4,116,29.00,3.1,0,corps,34.329312655074226,0.9926
3733,4,102,25.50,3.1,0,corps,34.31415178927899,1.3921
3734,2,37,18.50,2.2,0,corps,34.29899850202186,1.0324
3735,18,247,13.72,9.3,0,corps,34.28385278951451,3.4081
3736,14,263,18.79,7.6,0,corps,34.26871464797052,1.3909
3737,15,160,10.67,8.0,0,corps,34.25358407360534,2.2240
3738,3,52,17.33,2.7,0,corps,34.23846106263635,1.4931
3739,17,288,16.94,8.9,0,corps,34.223345611282774,2.7324
3740,6,86,14.33,4.0,0,corps,34.208237715765755,1.6409
3741,12,220,18.33,6.7,0,corps,34.19313737230832,1.2216
3742,15,204,13.60,8.0,0,corps,34.178044577135395,1.4643
3743,3,36,12.00,2.7,0,corps,34.162959326473775,1.1574
3744,2,48,24.00,2.2,0,corps,34.147881616552134,0.9443
3745,12,185,15.42,6.7,0,corps,34.132811443601064,1.1841
3746,10,133,13.30,5.8,0,corps,34.117748803853004,1.3644
3747,12,173,14.42,6.7,0,corps,34.10269369354231,1.2067
3748,3,37,12.33,2.7,0,corps,34.087646108905176,0.8327
3749,19,291,15.32,9.8,0,corps,34.07260604617974,3.2039
3750,4,81,20.25,3.1,0,corps,34.05757350160597,1.1275
3751,4,81,20.25,3.1,0,corps,34.04254847142575,1.0942
3752,16,268,16.75,8.4,0,corps,34.02753095188278,1.1010
3753,9,141,15.67,5.3,0,corps,34.0125209392227,0.9958
3754,4,61,15.25,3.1,0,corps,33.99751842969304,0.8467
3755,12,182,15.17,6.7,0,corps,33.98252341954313,1.5226
3756,2,77,38.50,2.2,0,corps,33.96753590502422,0.5678
3757,5,116,23.20,3.6,0,corps,33.952555882389454,0.6929
3758,21,340,16.19,10.7,0,corps,33.937583347893806,1.4959
3759,5,84,16.80,3.6,0,corps,33.92261829779416,0.9137
3760,12,191,15.92,6.7,0,corps,33.90766072834924,0.9416
3761,11,193,17.55,6.2,0,corps,33.892710635819654,1.4616
3762,4,85,21.25,3.1,0,corps,33.87776801646788,1.6088
3763,4,111,27.75,3.1,0,corps,33.862832866558286,1.3421
3764,8,99,12.38,4.9,0,corps,33.847905182357046,1.9942
3765,20,272,13.60,10.2,0,corps,33.83298496013226,2.4662
3766,8,152,19.00,4.9,0,corps,33.81807219615387,1.2563
3767,15,278,18.53,8.0,0,corps,33.80316688669369,1.7471
3768,2,40,20.00,2.2,0,corps,33.78826902802538,1.4045
3769,14,169,12.07,7.6,0,corps,33.77337861642447,1.5916
3770,19,238,12.53,9.8,0,corps,33.75849564816839,2.0924
3771,12,155,12.92,6.7,0,corps,33.743620119536374,1.8462
3772,8,74,9.25,4.9,0,corps,33.72875202680955,2.5930
3773,2,74,37.00,2.2,0,corps,33.713891366270865,1.2039
3774,24,352,14.67,12.0,0,corps,33.69903813420519,2.7475
3775,11,196,17.82,6.2,0,corps,33.6841923268992,4.1382
3776,11,131,11.91,6.2,0,corps,33.66935394064146,2.0610
3777,13,227,17.46,7.1,0,corps,33.654522971722336,1.7500
3778,6,132,22.00,4.0,0,corps,33.63969941643412,1.6086
3779,4,113,28.25,3.1,0,corps,33.62488327107092,1.1952
3780,5,72,14.40,3.6,0,corps,33.61007453192869,2.2221
3781,8,96,12.00,4.9,0,corps,33.59527319530524,2.2278
3782,10,122,12.20,5.8,0,corps,33.580479257500244,2.0643
3783,9,139,15.44,5.3,0,corps,33.56569271481521,1.1934
3784,15,191,12.73,8.0,0,corps,33.55091356355352,1.5773
3785,3,39,13.00,2.7,0,corps,33.53614180002037,1.8079
3786,14,279,19.93,7.6,0,corps,33.52137742052283,1.2014
3787,29,577,19.90,14.2,0,corps,33.506620421369796,1.5541
3788,14,284,20.29,7.6,0,corps,33.49187079887202,2.8051
3789,13,319,24.54,7.1,0,corps,33.47712854934209,0.8909
3790,12,212,17.67,6.7,0,corps,33.46239366909446,1.2074
3791,13,234,18.00,7.1,0,corps,33.4476661544454,3.0015
3792,7,129,18.43,4.4,0,corps,33.432946001713034,1.4705
3793,11,136,12.36,6.2,0,corps,33.41823320721731,1.6057
3794,5,68,13.60,3.6,0,corps,33.40352776728005,0.8960
3795,4,88,22.00,3.1,0,corps,33.38882967822489,1.0919
3796,4,68,17.00,3.1,0,corps,33.37413893637729,1.1384
3797,19,361,19.00,9.8,0,corps,33.35945553806458,1.0868
3798,2,62,31.00,2.2,0,corps,33.344779479615916,0.8220
3799,3,54,18.00,2.7,0,corps,33.33011075736227,0.8580
3800,17,302,17.76,8.9,0,corps,33.31544936763647,1.0813
3801,5,76,15.20,3.6,0,corps,33.30079530677315,1.4710
3802,9,159,17.67,5.3,0,corps,33.28614857110883,1.1803
3803,12,222,18.50,6.7,0,corps,33.27150915698179,1.1126
3804,2,80,40.00,2.2,0,corps,33.2568770607322,0.5431
3805,5,118,23.60,3.6,0,corps,33.242252278702026,0.8113
3806,3,64,21.33,2.7,0,corps,33.22763480723507,1.0012
3807,18,261,14.50,9.3,0,corps,33.21302464267697,1.3961
3808,3,41,13.67,2.7,0,corps,33.19842178137519,1.2922
3809,17,264,15.53,8.9,0,corps,33.183826219679,1.6035
3810,13,191,14.69,7.1,0,corps,33.169237953939515,1.3356
3811,18,228,12.67,9.3,0,corps,33.15465698050967,1.3101
3812,12,129,10.75,6.7,0,corps,33.14008329574423,1.3932
3813,15,195,13.00,8.0,0,corps,33.12551689599976,1.3785
3814,19,382,20.11,9.8,0,corps,33.11095777763466,1.3303
3815,10,145,14.50,5.8,0,corps,33.096405937009166,1.3156
3816,3,91,30.33,2.7,0,corps,33.081861370485306,0.7150
3817,11,166,15.09,6.2,0,corps,33.067324074426935,4.8902
3818,11,173,15.73,6.2,0,corps,33.05279404519973,1.2742
3819,2,19,9.50,2.2,0,corps,33.0382712791712,1.5895
3820,10,148,14.80,5.8,0,corps,33.023755772710636,1.4501
3821,11,145,13.18,6.2,0,corps,33.00924752218917,1.0437
3822,16,181,11.31,8.4,0,corps,32.994746523979735,2.1780
3823,22,303,13.77,11.1,0,corps,32.98025277445708,1.2481
3824,20,260,13.00,10.2,0,corps,32.965766269997765,1.6721
3825,24,327,13.62,12.0,0,corps,32.951287006980166,2.3237
3826,23,322,14.00,11.6,0,corps,32.93681498178448,1.2550
3827,13,154,11.85,7.1,0,corps,32.922350190792685,1.9636
3828,16,165,10.31,8.4,0,corps,32.90789263038859,1.8734
3829,5,102,20.40,3.6,0,corps,32.8934422969578,1.0118
3830,8,147,18.38,4.9,0,corps,32.87899918688774,1.2913
3831,17,354,20.82,8.9,0,corps,32.864563296567624,3.2871
3832,13,229,17.62,7.1,0,corps,32.85013462238848,1.6671
3833,14,226,16.14,7.6,0,corps,32.83571316074314,2.6033
3834,21,318,15.14,10.7,0,corps,32.82129890802625,3.1047
3835,15,269,17.93,8.0,0,corps,32.80689186063423,3.0552
3836,15,163,10.87,8.0,0,corps,32.79249201496533,4.1254
3837,20,324,16.20,10.2,0,corps,32.77809936741957,1.3633
3838,17,263,15.47,8.9,0,corps,32.76371391439882,4.1666
3839,4,34,8.50,3.1,0,corps,32.74933565230669,2.1218
3840,3,65,21.67,2.7,0,corps,32.734964577548624,1.0372
3841,7,106,15.14,4.4,0,corps,32.720600686531846,1.5149
3842,5,72,14.40,3.6,0,corps,32.7062439756654,1.1174
3843,11,182,16.55,6.2,0,corps,32.6918944413601,1.0832
3844,9,172,19.11,5.3,0,corps,32.67755208002855,0.9481
3845,23,377,16.39,11.6,0,corps,32.66321688808517,1.7832
3846,2,19,9.50,2.2,0,corps,32.648888861946155,1.7289
3847,18,274,15.22,9.3,0,corps,32.63456799802952,1.6584
3848,8,151,18.88,4.9,0,corps,32.62025429275502,1.1855
3849,14,201,14.36,7.6,0,corps,32.60594774254425,4.0266
3850,6,110,18.33,4.0,0,corps,32.59164834382056,1.2121
3851,14,191,13.64,7.6,0,corps,32.577356093009115,1.4103
3852,11,134,12.18,6.2,0,corps,32.56307098653683,1.4643
3853,17,214,12.59,8.9,0,corps,32.54879302083245,1.6077
3854,12,165,13.75,6.7,0,corps,32.53452219232646,5.8121
3855,6,106,17.67,4.0,0,corps,32.52025849745119,1.3690
3856,16,231,14.44,8.4,0,corps,32.50600193264067,1.2166
3857,24,398,16.58,12.0,0,corps,32.49175249433079,1.3020
3858,31,446,14.39,15.1,0,corps,32.477510178959186,2.7852
3859,14,212,15.14,7.6,0,corps,32.46327498296527,1.5066
3860,10,155,15.50,5.8,0,corps,32.44904690279024,1.5310
3861,4,67,16.75,3.1,0,corps,32.4348259348771,1.4192
3862,5,116,23.20,3.6,0,corps,32.42061207567058,0.8513
3863,6,107,17.83,4.0,0,corps,32.406405321617235,1.7537
3864,16,282,17.62,8.4,0,corps,32.39220566916538,1.4780
3865,10,164,16.40,5.8,0,corps,32.37801311476506,1.1945
3866,6,134,22.33,4.0,0,corps,32.36382765486819,0.7659
3867,18,324,18.00,9.3,0,corps,32.34964928592837,1.1305
3868,10,193,19.30,5.8,0,corps,32.335478004401025,1.0332
3869,6,79,13.17,4.0,0,corps,32.321313806743326,1.4095
3870,7,109,15.57,4.4,0,corps,32.30715668941422,1.1226
3871,21,261,12.43,10.7,0,corps,32.293006648874446,1.5656
3872,9,149,16.56,5.3,0,corps,32.27886368158648,1.1955
3873,14,144,10.29,7.6,0,corps,32.264727784014575,1.3914
3874,3,42,14.00,2.7,0,corps,32.25059895262476,1.0090
3875,10,177,17.70,5.8,0,corps,32.23647718388484,1.3539
3876,6,91,15.17,4.0,0,corps,32.222362474264365,1.3284
3877,13,170,13.08,7.1,0,corps,32.20825482023465,4.5892
3878,15,350,23.33,8.0,0,corps,32.194154218268785,1.1160
3879,4,64,16.00,3.1,0,corps,32.18006066484162,1.1642
3880,2,37,18.50,2.2,0,corps,32.16597415642977,1.3737
3881,5,76,15.20,3.6,0,corps,32.15189468951161,1.0073
3882,4,63,15.75,3.1,0,corps,32.13782226056726,1.0169
3883,14,195,13.93,7.6,0,corps,32.12375686607863,4.6291
3884,10,154,15.40,5.8,0,corps,32.10969850252936,1.3609
3885,15,231,15.40,8.0,0,corps,32.095647166404866,1.3710
3886,8,128,16.00,4.9,0,corps,32.0816028541923,1.1027
3887,8,139,17.38,4.9,0,corps,32.0675655623806,1.2770
3888,3,84,28.00,2.7,0,corps,32.05353528746044,1.0850
3889,4,49,12.25,3.1,0,corps,32.039512025924246,1.5353
3890,7,72,10.29,4.4,0,corps,32.025495774266204,2.2312
3891,7,78,11.14,4.4,0,corps,32.011486528982246,1.6811
3892,4,79,19.75,3.1,0,corps,31.997484286570078,1.1691
3893,13,165,12.69,7.1,0,corps,31.983489043529122,1.5359
3894,6,106,17.67,4.0,0,corps,31.969500796360567,1.1093
3895,9,130,14.44,5.3,0,corps,31.955519541567362,1.0837
3896,15,224,14.93,8.0,0,corps,31.94154527565419,1.3270
3897,6,116,19.33,4.0,0,corps,31.927577995127482,1.0095
3898,5,110,22.00,3.6,0,corps,31.91361769649541,0.9010
3899,3,60,20.00,2.7,0,corps,31.89966437626791,0.6204
3900,4,49,12.25,3.1,0,corps,31.88571803095666,1.2770
3901,3,45,15.00,2.7,0,corps,31.871778657075055,1.5542
3902,7,109,15.57,4.4,0,corps,31.857846251138255,1.1356
3903,7,60,8.57,4.4,0,corps,31.843920809663175,1.9616
3904,21,356,16.95,10.7,0,corps,31.830002329168433,1.4099
3905,17,284,16.71,8.9,0,corps,31.81609080617442,3.6018
3906,3,13,4.33,2.7,0,corps,31.80218623720325,4.8816
3907,8,158,19.75,4.9,0,corps,31.788288618778793,1.0844
3908,2,41,20.50,2.2,0,corps,31.774397947426632,1.2144
3909,13,272,20.92,7.1,0,corps,31.760514219674103,1.0585
3910,13,242,18.62,7.1,0,corps,31.746637432050267,1.1804
3911,7,139,19.86,4.4,0,corps,31.732767581085934,1.0397
3912,20,280,14.00,10.2,0,corps,31.71890466331365,1.6869
3913,22,327,14.86,11.1,0,corps,31.705048675267676,1.2948
3914,11,190,17.27,6.2,0,corps,31.691199613484006,3.5884
3915,17,311,18.29,8.9,0,corps,31.67735747450039,1.3125
3916,3,62,20.67,2.7,0,corps,31.66352225485628,1.2364
3917,9,157,17.44,5.3,0,corps,31.64969395109289,1.0970
3918,3,54,18.00,2.7,0,corps,31.635872559753114,1.3403
3919,4,115,28.75,3.1,0,corps,31.62205807738163,0.8650
3920,3,26,8.67,2.7,0,corps,31.60825050052482,3.1908
3921,13,198,15.23,7.1,0,corps,31.59444982573077,3.1491
3922,14,178,12.71,7.6,0,corps,31.580656049549315,4.3610
3923,11,187,17.00,6.2,0,corps,31.566869168532026,4.2585
3924,7,84,12.00,4.4,0,corps,31.55308917923217,2.2165
3925,18,300,16.67,9.3,0,corps,31.53931607820475,1.4341
3926,4,75,18.75,3.1,0,corps,31.525549862006486,1.1632
3927,3,95,31.67,2.7,0,corps,31.511790527195842,0.8993
3928,10,132,13.20,5.8,0,corps,31.498038070332967,5.4613
3929,21,297,14.14,10.7,0,corps,31.484292487979758,1.8235
3930,12,210,17.50,6.7,0,corps,31.470553776699806,2.5650
3931,13,218,16.77,7.1,0,corps,31.45682193305845,1.3907
3932,19,300,15.79,9.8,0,corps,31.443096953622717,1.4499
3933,12,247,20.58,6.7,0,corps,31.429378834961362,1.1313
3934,4,73,18.25,3.1,0,corps,31.41566757364486,1.4149
3935,23,282,12.26,11.6,0,corps,31.4019631662454,2.1626
3936,12,157,13.08,6.7,0,corps,31.38826560933687,1.4404
3937,5,77,15.40,3.6,0,corps,31.37457489949489,1.4895
3938,15,269,17.93,8.0,0,corps,31.360891033296767,3.3234
3939,7,97,13.86,4.4,0,corps,31.34721400732155,1.8241
3940,5,63,12.60,3.6,0,corps,31.333543818149984,1.3805
3941,15,220,14.67,8.0,0,corps,31.31988046236451,4.0378
3942,11,154,14.00,6.2,0,corps,31.306223936549287,1.3069
3943,23,396,17.22,11.6,0,corps,31.2925742372902,1.2768
3944,13,164,12.62,7.1,0,corps,31.278931361174813,2.9247
3945,13,210,16.15,7.1,0,corps,31.2652953047924,1.2825
3946,7,91,13.00,4.4,0,corps,31.251666064733957,1.2655
3947,20,238,11.90,10.2,0,corps,31.238043637592178,1.5492
3948,13,200,15.38,7.1,0,corps,31.224428019961454,1.1399
3949,5,71,14.20,3.6,0,corps,31.210819208437872,1.2199
3950,9,134,14.89,5.3,0,corps,31.197217199619224,1.1661
3951,5,118,23.60,3.6,0,corps,31.183621990105024,0.8705
3952,11,154,14.00,6.2,0,corps,31.17003357649647,1.2688
3953,12,162,13.50,6.7,0,corps,31.15645195539645,1.3095
3954,21,277,13.19,10.7,0,corps,31.14287712340956,1.3219
3955,19,255,13.42,9.8,0,corps,31.129309077142086,1.3289
3956,13,163,12.54,7.1,0,corps,31.115747813202027,5.6456
3957,13,153,11.77,7.1,0,corps,31.102193328199064,1.3963
3958,10,108,10.80,5.8,0,corps,31.08864561874457,1.5386
3959,11,157,14.27,6.2,0,corps,31.07510468145162,1.4617
3960,12,123,10.25,6.7,0,corps,31.06157051293499,1.7209
3961,2,28,14.00,2.2,0,corps,31.048043109811125,1.3186
3962,13,185,14.23,7.1,0,corps,31.03452246869817,1.6456
3963,3,40,13.33,2.7,0,corps,31.021008586215988,1.5171
3964,4,132,33.00,3.1,0,corps,31.007501458986088,1.1443
3965,12,156,13.00,6.7,0,corps,30.99400108363169,1.5719
3966,11,117,10.64,6.2,0,corps,30.9805074567777,1.5288
3967,13,162,12.46,7.1,0,corps,30.967020575050718,1.4463
3968,5,80,16.00,3.6,0,corps,30.953540435079024,1.5343
3969,7,142,20.29,4.4,0,corps,30.94006703349258,1.1871
3970,18,222,12.33,9.3,0,corps,30.92660036692303,1.5691
3971,14,190,13.57,7.6,0,corps,30.913140432003715,4.5728
3972,13,208,16.00,7.1,0,corps,30.89968722536965,1.2542
3973,13,177,13.62,7.1,0,corps,30.886240743657524,4.2790
3974,20,323,16.15,10.2,0,corps,30.872800983505726,1.3205
3975,22,388,17.64,11.1,0,corps,30.859367941554318,1.2989
3976,6,65,10.83,4.0,0,corps,30.84594161444503,1.5111
3977,21,253,12.05,10.7,0,corps,30.832521998821292,1.6318
3978,17,219,12.88,8.9,0,corps,30.81910909132819,3.6417
3979,4,98,24.50,3.1,0,corps,30.805702888612498,0.9711
3980,15,223,14.87,8.0,0,corps,30.792303387322672,1.3087
3981,8,115,14.38,4.9,0,corps,30.778910584108832,1.3872
3982,17,212,12.47,8.9,0,corps,30.765524475622776,1.9949
3983,13,142,10.92,7.1,0,corps,30.752145058517975,5.6057
3984,13,229,17.62,7.1,0,corps,30.73877232944959,1.4418
3985,2,31,15.50,2.2,0,corps,30.72540628507442,1.1657
3986,19,324,17.05,9.8,0,corps,30.712046922050952,1.2335
3987,28,496,17.71,13.8,0,corps,30.69869423703936,1.8869
3988,8,94,11.75,4.9,0,corps,30.68534822670147,1.3746
3989,12,163,13.58,6.7,0,corps,30.672008887700773,1.4554
3990,24,336,14.00,12.0,0,corps,30.65867621670243,1.9860
3991,9,137,15.22,5.3,0,corps,30.64535021037329,1.4489
3992,6,71,11.83,4.0,0,corps,30.632030865381836,1.8694
3993,4,53,13.25,3.1,0,corps,30.61871817839824,1.4415
3994,14,227,16.21,7.6,0,corps,30.605412146094324,1.7007
3995,6,85,14.17,4.0,0,corps,30.592112765143586,1.2590
3996,21,301,14.33,10.7,0,corps,30.578820032221177,1.7634
3997,2,65,32.50,2.2,0,corps,30.56553394400392,0.8825
3998,14,271,19.36,7.6,0,corps,30.552254497170274,2.4604
3999,19,256,13.47,9.8,0,corps,30.5389816884004,1.7753
4000,4,75,18.75,3.1,0,corps,30.52571551437609,1.2110
4001,5,59,11.80,3.6,0,corps,30.51245597178078,1.3817
4002,21,306,14.57,10.7,0,corps,30.499203057299624,1.5705
4003,8,141,17.62,4.9,0,corps,30.48595676761935,1.3182
4004,11,186,16.91,6.2,0,corps,30.472717099428426,1.1044
4005,7,82,11.71,4.4,0,corps,30.459484049416897,7.1988
4006,18,259,14.39,9.3,0,corps,30.44625761427652,1.7005
4007,8,159,19.88,4.9,0,corps,30.433037790700695,1.2789
4008,11,146,13.27,6.2,0,corps,30.419824575384446,4.7514
4009,16,283,17.69,8.4,0,corps,30.40661796502448,1.6247
4010,14,162,11.57,7.6,0,corps,30.393417956319148,4.3651
4011,6,87,14.50,4.0,0,corps,30.38022454596843,5.9387
4012,16,180,11.25,8.4,0,corps,30.367037730674006,1.9911
4013,16,200,12.50,8.4,0,corps,30.353857507139136,1.7559
4014,8,90,11.25,4.9,0,corps,30.34068387206878,1.5320
4015,13,130,10.00,7.1,0,corps,30.327516822169542,1.8998
4016,25,334,13.36,12.4,0,corps,30.314356354149634,3.0628
4017,7,97,13.86,4.4,0,corps,30.30120246471895,2.0876
4018,5,79,15.80,3.6,0,corps,30.288055150589038,1.1516
4019,11,108,9.82,6.2,0,corps,30.27491440847303,1.5787
4020,5,63,12.60,3.6,0,corps,30.261780235085773,1.5986
4021,11,145,13.18,6.2,0,corps,30.248652627143706,1.2640
4022,8,96,12.00,4.9,0,corps,30.23553158136493,1.5369
4023,8,141,17.62,4.9,0,corps,30.222417094469193,1.3485
4024,12,202,16.83,6.7,0,corps,30.20930916317786,4.7966
4025,15,269,17.93,8.0,0,corps,30.196207784213957,1.2514
4026,10,129,12.90,5.8,0,corps,30.183112954302143,1.3517
4027,2,23,11.50,2.2,0,corps,30.170024670168694,1.5254
4028,10,177,17.70,5.8,0,corps,30.156942928541557,1.5170
4029,29,438,15.10,14.2,0,corps,30.14386772615028,1.7246
4030,7,88,12.57,4.4,0,corps,30.130799059726073,1.6477
4031,6,105,17.50,4.0,0,corps,30.117736926001776,1.3690
4032,2,36,18.00,2.2,0,corps,30.104681321711833,1.2696
4033,14,214,15.29,7.6,0,corps,30.091632243592358,1.2265
4034,29,442,15.24,14.2,0,corps,30.07858968838109,1.9121
4035,16,211,13.19,8.4,0,corps,30.06555365281737,1.2467
4036,11,154,14.00,6.2,0,corps,30.052524133642216,1.4198
4037,14,199,14.21,7.6,0,corps,30.039501127598218,1.5117
4038,6,83,13.83,4.0,0,corps,30.02648463142963,1.3802
4039,6,120,20.00,4.0,0,corps,30.013474641882354,0.9663
4040,5,66,13.20,3.6,0,corps,30.000471155703856,1.7789
4041,13,299,23.00,7.1,0,corps,29.987474169643285,1.0270
4042,2,20,10.00,2.2,0,corps,29.974483680451403,1.6359
4043,6,73,12.17,4.0,0,corps,29.961499684880565,1.3098
4044,6,50,8.33,4.0,0,corps,29.948522179684794,2.0296
4045,11,139,12.64,6.2,0,corps,29.935551161619696,4.9712
4046,7,76,10.86,4.4,0,corps,29.92258662744252,1.8550
4047,17,259,15.24,8.9,0,corps,29.90962857391215,1.4581
4048,5,66,13.20,3.6,0,corps,29.89667699778904,1.6290
4049,14,181,12.93,7.6,0,corps,29.883731895835318,1.5251
4050,6,84,14.00,4.0,0,corps,29.870793264814722,1.5188
4051,11,155,14.09,6.2,0,corps,29.857861101492556,1.5303
4052,11,137,12.45,6.2,0,corps,29.84493540263582,1.6586
4053,3,43,14.33,2.7,0,corps,29.83201616501305,1.1854
4054,3,68,22.67,2.7,0,corps,29.819103385394463,1.2309
4055,14,170,12.14,7.6,0,corps,29.80619706055187,6.0471
4056,19,234,12.32,9.8,0,corps,29.79329718725866,1.9091
4057,6,63,10.50,4.0,0,corps,29.780403762289875,1.5582
4058,11,179,16.27,6.2,0,corps,29.767516782422188,1.4322
4059,15,207,13.80,8.0,0,corps,29.75463624443381,1.7206
4060,11,89,8.09,6.2,0,corps,29.74176214510465,8.2997
4061,16,327,20.44,8.4,0,corps,29.728894481216134,1.3522
4062,4,41,10.25,3.1,0,corps,29.716033249551383,1.6016
4063,4,52,13.00,3.1,0,corps,29.70317844689509,1.9913
4064,18,293,16.28,9.3,0,corps,29.69033007003353,1.1286
4065,16,227,14.19,8.4,0,corps,29.67748811575462,1.2363
4066,4,83,20.75,3.1,0,corps,29.66465258084788,1.0111
4067,11,149,13.55,6.2,0,corps,29.65182346210441,1.5113
4068,9,126,14.00,5.3,0,corps,29.639000756316953,1.3725
4069,19,235,12.37,9.8,0,corps,29.626184460279802,1.5074
4070,10,105,10.50,5.8,0,corps,29.613374570788903,1.8337
4071,9,160,17.78,5.3,0,corps,29.600571084641793,4.2084
4072,10,123,12.30,5.8,0,corps,29.587773998637573,1.5254
4073,13,159,12.23,7.1,0,corps,29.57498330957699,1.4512
4074,11,132,12.00,6.2,0,corps,29.56219901426238,1.5350
4075,6,121,20.17,4.0,0,corps,29.549421109497644,0.9319
4076,9,134,14.89,5.3,0,corps,29.536649592088327,1.2134
4077,16,192,12.00,8.4,0,corps,29.523884458841525,4.5039
4078,27,378,14.00,13.3,0,corps,29.511125706565977,1.4034
4079,13,250,19.23,7.1,0,corps,29.498373332072003,0.9385
4080,8,133,16.62,4.9,0,corps,29.485627332171475,0.7907
4081,32,476,14.88,15.6,0,corps,29.47288770367792,1.4903
4082,7,68,9.71,4.4,0,corps,29.460154443406434,1.9970
4083,16,242,15.12,8.4,0,corps,29.44742754817367,1.3948
4084,7,98,14.00,4.4,0,corps,29.43470701479795,1.2407
4085,5,89,17.80,3.6,0,corps,29.421992840099097,0.9323
4086,7,99,14.14,4.4,0,corps,29.409285020898597,1.6802
4087,13,177,13.62,7.1,0,corps,29.396583554019486,5.1606
4088,13,208,16.00,7.1,0,corps,29.383888436286387,4.1708
4089,13,200,15.38,7.1,0,corps,29.371199664525527,3.9035
4090,4,73,18.25,3.1,0,corps,29.35851723556473,1.1218
4091,3,71,23.67,2.7,0,corps,29.345841146233358,0.8325
4092,6,116,19.33,4.0,0,corps,29.333171393362417,1.5677
4093,8,102,12.75,4.9,0,corps,29.320507973784455,1.3972
4094,3,58,19.33,2.7,0,corps,29.307850884333607,1.1088
4095,9,171,19.00,5.3,0,corps,29.295200121845628,1.3329
4096,22,262,11.91,11.1,0,corps,29.282555683157803,2.8961
4097,7,92,13.14,4.4,0,corps,29.269917565109022,1.0942
4098,3,56,18.67,2.7,0,corps,29.25728576453978,0.9712
4099,11,184,16.73,6.2,0,corps,29.244660278292102,1.3347
4100,22,274,12.45,11.1,0,corps,29.232041103209628,1.5213
4101,18,258,14.33,9.3,0,corps,29.219428236137556,2.8630
4102,10,110,11.00,5.8,0,corps,29.206821673922672,1.9615
4103,20,267,13.35,10.2,0,corps,29.194221413413352,4.1132
4104,6,144,24.00,4.0,0,corps,29.1816274514595,1.0302
4105,28,380,13.57,13.8,0,corps,29.16903978491265,2.8527
4106,7,121,17.29,4.4,0,corps,29.156458410625884,1.3826
4107,21,266,12.67,10.7,0,corps,29.14388332545384,2.5849
4108,18,252,14.00,9.3,0,corps,29.131314526252773,1.7699
4109,6,68,11.33,4.0,0,corps,29.11875200988045,1.6970
4110,6,70,11.67,4.0,0,corps,29.106195773196262,1.4723
4111,18,246,13.67,9.3,0,corps,29.093645813061165,1.7746
4112,6,52,8.67,4.0,0,corps,29.081102126337637,2.2421
4113,23,290,12.61,11.6,0,corps,29.068564709889777,1.7828
4114,9,109,12.11,5.3,0,corps,29.056033560583234,1.4513
4115,23,328,14.26,11.6,0,corps,29.04350867528519,1.3632
4116,6,117,19.50,4.0,0,corps,29.030990050864467,1.6105
4117,14,200,14.29,7.6,0,corps,29.018477684191375,1.6653
4118,15,226,15.07,8.0,0,corps,29.005971572137828,1.3224
4119,12,196,16.33,6.7,0,corps,28.993471711577328,1.6984
4120,17,314,18.47,8.9,0,corps,28.980978099384863,1.6488
4121,16,217,13.56,8.4,0,corps,28.96849073243705,2.7426
4122,5,43,8.60,3.6,0,corps,28.956009607612078,2.8096
4123,16,232,14.50,8.4,0,corps,28.943534721789614,1.2255
4124,6,89,14.83,4.0,0,corps,28.93106607185097,1.3189
4125,6,60,10.00,4.0,0,corps,28.918603654678975,1.5265
4126,2,37,18.50,2.2,0,corps,28.90614746715801,0.9079
4127,14,161,11.50,7.6,0,corps,28.893697506174064,1.1614
4128,18,382,21.22,9.3,0,corps,28.881253768614602,1.7297
4129,11,175,15.91,6.2,0,corps,28.868816251368735,1.1056
4130,9,136,15.11,5.3,0,corps,28.856384951327037,1.0515
4131,11,133,12.09,6.2,0,corps,28.843959865381713,1.0862
4132,12,148,12.33,6.7,0,corps,28.831540990426497,4.8621
4133,4,130,32.50,3.1,0,corps,28.81912832335664,0.7407
4134,17,266,15.65,8.9,0,corps,28.806721861068997,1.1325
4135,12,168,14.00,6.7,0,corps,28.79432160046196,0.9538
4136,5,86,17.20,3.6,0,corps,28.781927538435443,1.0164
4137,9,126,14.00,5.3,0,corps,28.769539671890946,0.8817
4138,6,79,13.17,4.0,0,corps,28.757157997731486,1.2230
4139,9,103,11.44,5.3,0,corps,28.74478251286166,1.4856
4140,16,180,11.25,8.4,0,corps,28.732413214187595,3.2304
4141,14,187,13.36,7.6,0,corps,28.720050098616955,5.4578
4142,17,210,12.35,8.9,0,corps,28.707693163058966,2.1252
4143,9,121,13.44,5.3,0,corps,28.695342404424412,1.7625
4144,21,282,13.43,10.7,0,corps,28.682997819625577,1.9938
4145,13,188,14.46,7.1,0,corps,28.67065940557633,1.3209
4146,6,76,12.67,4.0,0,corps,28.65832715919206,1.3634
4147,10,150,15.00,5.8,0,corps,28.646001077389705,1.9045
4148,16,184,11.50,8.4,0,corps,28.633681157087754,1.8622
4149,8,119,14.88,4.9,0,corps,28.62136739520621,1.6227
4150,10,114,11.40,5.8,0,corps,28.609059788666652,1.4998
4151,10,174,17.40,5.8,0,corps,28.596758334392174,1.5602
4152,7,107,15.29,4.4,0,corps,28.584463029307393,1.5466
4153,17,222,13.06,8.9,0,corps,28.572173870338517,1.6501
4154,3,38,12.67,2.7,0,corps,28.559890854413222,1.6709
4155,11,191,17.36,6.2,0,corps,28.547613978460763,5.7056
4156,7,132,18.86,4.4,0,corps,28.535343239411944,1.4444
4157,6,84,14.00,4.0,0,corps,28.523078634199052,1.6172
4158,12,156,13.00,6.7,0,corps,28.51082015975594,4.0508
4159,10,196,19.60,5.8,0,corps,28.49856781301801,4.2486
4160,19,260,13.68,9.8,0,corps,28.486321590922152,2.7607
4161,9,155,17.22,5.3,0,corps,28.474081490406828,1.3224
4162,6,120,20.00,4.0,0,corps,28.461847508411996,1.3116
4163,5,84,16.80,3.6,0,corps,28.449619641879163,1.1965
4164,9,135,15.00,5.3,0,corps,28.43739788775138,1.2082
4165,16,192,12.00,8.4,0,corps,28.42518224297319,1.6967
4166,16,188,11.75,8.4,0,corps,28.412972704490684,1.6289
4167,4,44,11.00,3.1,0,corps,28.400769269251498,1.2817
4168,21,286,13.62,10.7,0,corps,28.388571934204737,3.8831
4169,7,113,16.14,4.4,0,corps,28.376380696301105,1.2099
4170,16,264,16.50,8.4,0,corps,28.36419555249276,1.0193
4171,7,105,15.00,4.4,0,corps,28.35201649973343,0.9795
4172,6,78,13.00,4.0,0,corps,28.33984353497836,1.1375
4173,12,175,14.58,6.7,0,corps,28.32767665518429,1.3507
4174,12,181,15.08,6.7,0,corps,28.315515857309514,1.2491
4175,17,238,14.00,8.9,0,corps,28.303361138313836,2.0461
4176,5,88,17.60,3.6,0,corps,28.291212495158565,1.1828
4177,16,193,12.06,8.4,0,corps,28.27906992480655,4.6095
4178,8,137,17.12,4.9,0,corps,28.26693342422213,3.8508
4179,9,169,18.78,5.3,0,corps,28.254802990371196,1.3231
4180,10,112,11.20,5.8,0,corps,28.242678620221145,1.5504
4181,19,220,11.58,9.8,0,corps,28.230560310740866,2.2194
4182,13,249,19.15,7.1,0,corps,28.21844805890079,1.0439
4183,10,118,11.80,5.8,0,corps,28.20634186167287,1.3616
4184,6,70,11.67,4.0,0,corps,28.194241716030522,1.0992
4185,9,88,9.78,5.3,0,corps,28.182147618948743,1.2962
4186,12,170,14.17,6.7,0,corps,28.17005956740399,0.8844
4187,3,63,21.00,2.7,0,corps,28.15797755837425,0.7904
4188,12,128,10.67,6.7,0,corps,28.145901588839035,1.3491
4189,10,116,11.60,5.8,0,corps,28.133831655779336,1.0383
4190,3,35,11.67,2.7,0,corps,28.121767756177668,1.6200
4191,11,151,13.73,6.2,0,corps,28.10970988701808,4.9238
4192,11,186,16.91,6.2,0,corps,28.097658045286085,0.9695
4193,15,206,13.73,8.0,0,corps,28.08561222796873,1.2827
4194,6,80,13.33,4.0,0,corps,28.07357243205455,1.2362
4195,17,224,13.18,8.9,0,corps,28.061538654533603,1.1754
4196,9,110,12.22,5.3,0,corps,28.049510892397457,1.1675
4197,12,171,14.25,6.7,0,corps,28.037489142639142,1.0023
4198,13,127,9.77,7.1,0,corps,28.025473402253244,1.9849
4199,11,107,9.73,6.2,0,corps,28.013463668235833,1.4166
4200,24,267,11.12,12.0,0,corps,28.00145993758445,1.3473
4201,10,193,19.30,5.8,0,corps,27.98946220729819,0.9274
4202,4,39,9.75,3.1,0,corps,27.977470474377597,2.1593
4203,5,73,14.60,3.6,0,corps,27.96548473582474,1.0854
4204,11,132,12.00,6.2,0,corps,27.953504988643214,1.5051
4205,10,138,13.80,5.8,0,corps,27.94153122983804,1.7793
4206,17,229,13.47,8.9,0,corps,27.929563456415803,1.4982
4207,11,152,13.82,6.2,0,corps,27.917601665384563,3.4720
4208,8,90,11.25,4.9,0,corps,27.905645853753853,1.4908
4209,6,78,13.00,4.0,0,corps,27.89369601853474,1.7699
4210,28,359,12.82,13.8,0,corps,27.881752156739747,1.8384
4211,18,316,17.56,9.3,0,corps,27.86981426538292,1.5729
4212,13,193,14.85,7.1,0,corps,27.857882341479794,1.3934
4213,6,79,13.17,4.0,0,corps,27.845956382047365,10.5481
4214,7,141,20.14,4.4,0,corps,27.834036384104156,1.2249
4215,19,241,12.68,9.8,0,corps,27.82212234467018,2.9095
4216,10,95,9.50,5.8,0,corps,27.8102142607669,2.1674
4217,4,57,14.25,3.1,0,corps,27.798312129417326,1.2061
4218,3,35,11.67,2.7,0,corps,27.786415947645892,1.0171
4219,4,40,10.00,3.1,0,corps,27.77452571247857,1.5174
4220,16,165,10.31,8.4,0,corps,27.762641420942806,4.2029
4221,26,412,15.85,12.9,0,corps,27.75076307006752,2.8673
4222,19,299,15.74,9.8,0,corps,27.738890656883118,1.6323
4223,14,194,13.86,7.6,0,corps,27.727024178421516,1.4045
4224,8,77,9.62,4.9,0,corps,27.715163631716074,1.4472
4225,22,309,14.05,11.1,0,corps,27.703309013801668,1.4116
4226,22,269,12.23,11.1,0,corps,27.691460321714633,1.7162
4227,12,131,10.92,6.7,0,corps,27.679617552492804,6.0616
4228,17,259,15.24,8.9,0,corps,27.66778070317549,1.5099
4229,3,91,30.33,2.7,0,corps,27.655949770803474,0.6375
4230,18,316,17.56,9.3,0,corps,27.644124752419017,2.2342
4231,6,78,13.00,4.0,0,corps,27.632305645065884,1.4725
4232,9,116,12.89,5.3,0,corps,27.620492445789274,1.8380
4233,16,211,13.19,8.4,0,corps,27.60868515163591,1.7421
4234,8,125,15.62,4.9,0,corps,27.596883759653945,1.2994
4235,15,178,11.87,8.0,0,corps,27.58508826689305,4.7404
4236,12,152,12.67,6.7,0,corps,27.573298670404345,1.8368
4237,9,92,10.22,5.3,0,corps,27.561514967240424,1.6552
4238,6,123,20.50,4.0,0,corps,27.549737154455368,1.0521
4239,4,50,12.50,3.1,0,corps,27.53796522910473,1.6866
4240,10,102,10.20,5.8,0,corps,27.526199188245513,6.6470
4241,11,125,11.36,6.2,0,corps,27.514439028936234,5.0157
4242,8,98,12.25,4.9,0,corps,27.502684748236817,1.8326
4243,16,251,15.69,8.4,0,corps,27.49093634320871,1.8730
4244,16,216,13.50,8.4,0,corps,27.479193810914822,3.6426
4245,9,158,17.56,5.3,0,corps,27.467457148419495,1.4765
4246,13,143,11.00,7.1,0,corps,27.455726352788577,5.7368
4247,5,121,24.20,3.6,0,corps,27.444001421089386,1.4323
4248,12,173,14.42,6.7,0,corps,27.432282350390665,1.6625
4249,11,125,11.36,6.2,0,corps,27.42056913776265,1.8716
4250,2,26,13.00,2.2,0,corps,27.408861780277043,2.5884
4251,4,23,5.75,3.1,0,corps,27.397160275007,3.3230
4252,2,34,17.00,2.2,0,corps,27.385464619027154,1.2526
4253,22,328,14.91,11.1,0,corps,27.373774809413582,1.6039
4254,11,104,9.45,6.2,0,corps,27.36209084324384,2.6148
4255,17,284,16.71,8.9,0,corps,27.35041271759692,1.5662
4256,2,44,22.00,2.2,0,corps,27.338740429553297,1.0326
4257,25,337,13.48,12.4,0,corps,27.32707397619492,1.5999
4258,19,263,13.84,9.8,0,corps,27.315413354605152,1.8440
4259,11,182,16.55,6.2,0,corps,27.303758561868836,1.2316
4260,5,86,17.20,3.6,0,corps,27.29210959507229,1.2243
4261,20,196,9.80,10.2,0,corps,27.28046645130326,4.3793
4262,24,318,13.25,12.0,0,corps,27.268829127650974,2.5269
4263,6,116,19.33,4.0,0,corps,27.257197621206075,0.9216
4264,12,137,11.42,6.7,0,corps,27.24557192906071,1.5955
4265,6,84,14.00,4.0,0,corps,27.233952048308453,1.6163
4266,12,133,11.08,6.7,0,corps,27.22233797604432,1.8155
4267,19,246,12.95,9.8,0,corps,27.2107297093648,3.9450
4268,2,25,12.50,2.2,0,corps,27.199127245367844,1.5986
4269,8,90,11.25,4.9,0,corps,27.187530581152807,7.6687
4270,14,174,12.43,7.6,0,corps,27.175939713820547,1.5420
4271,12,171,14.25,6.7,0,corps,27.164354640473327,1.5122
4272,13,181,13.92,7.1,0,corps,27.152775358214885,1.2545
4273,16,226,14.12,8.4,0,corps,27.141201864150418,1.6210
4274,5,63,12.60,3.6,0,corps,27.12963415538652,1.6126
4275,15,188,12.53,8.0,0,corps,27.118072229031288,3.2823
4276,11,113,10.27,6.2,0,corps,27.106516082194236,2.0625
4277,3,54,18.00,2.7,0,corps,27.094965711986323,0.9723
4278,15,206,13.73,8.0,0,corps,27.08342111551996,5.2480
4279,16,218,13.62,8.4,0,corps,27.071882289908995,1.7667
4280,4,70,17.50,3.1,0,corps,27.06034923226872,0.9719
4281,11,115,10.45,6.2,0,corps,27.04882193971588,6.9927
4282,20,272,13.60,10.2,0,corps,27.037300409368637,1.8909
4283,4,89,22.25,3.1,0,corps,27.025784638346618,1.0836
4284,8,109,13.62,4.9,0,corps,27.01427462377089,1.4872
4285,31,438,14.13,15.1,0,corps,27.00277036276392,1.8170
4286,13,147,11.31,7.1,0,corps,26.991271852449678,1.5247
4287,4,77,19.25,3.1,0,corps,26.979779089953503,1.2356
4288,15,180,12.00,8.0,0,corps,26.96829207240222,2.2018
4289,8,76,9.50,4.9,0,corps,26.956810796924092,1.8013
4290,10,173,17.30,5.8,0,corps,26.94533526064877,3.8680
4291,16,257,16.06,8.4,0,corps,26.93386546070738,2.8903
4292,9,89,9.89,5.3,0,corps,26.922401394232487,1.9273
4293,16,215,13.44,8.4,0,corps,26.91094305835805,2.2913
4294,16,287,17.94,8.4,0,corps,26.89949045021951,1.6939
4295,24,360,15.00,12.0,0,corps,26.888043566953684,1.9509
4296,22,330,15.00,11.1,0,corps,26.87660240569888,1.9802
4297,9,191,21.22,5.3,0,corps,26.8651669635948,1.0894
4298,15,228,15.20,8.0,0,corps,26.85373723778257,2.7256
4299,21,357,17.00,10.7,0,corps,26.84231322540477,3.2670
4300,14,286,20.43,7.6,0,corps,26.830894923605403,1.7263
4301,18,288,16.00,9.3,0,corps,26.819482329529876,1.3740
4302,8,104,13.00,4.9,0,corps,26.808075440325062,4.8121
4303,14,251,17.93,7.6,0,corps,26.79667425313922,0.9182
4304,19,268,14.11,9.8,0,corps,26.785278765122055,4.2000
4305,22,325,14.77,11.1,0,corps,26.773888973424715,2.2582
4306,14,269,19.21,7.6,0,corps,26.76250487519972,1.0403
4307,15,177,11.80,8.0,0,corps,26.751126467601072,1.3531
4308,5,73,14.60,3.6,0,corps,26.73975374778416,1.0075
4309,4,29,7.25,3.1,0,corps,26.7283867129058,2.9164
4310,12,150,12.50,6.7,0,corps,26.717025360124243,1.5850
4311,3,29,9.67,2.7,0,corps,26.705669686599137,1.4752
4312,22,291,13.23,11.1,0,corps,26.694319689491564,1.8749
4313,17,187,11.00,8.9,0,corps,26.682975365964047,1.3962
4314,3,40,13.33,2.7,0,corps,26.67163671318048,0.9351
4315,16,226,14.12,8.4,0,corps,26.660303728306207,1.1135
4316,18,204,11.33,9.3,0,corps,26.648976408507995,1.8787
4317,8,104,13.00,4.9,0,corps,26.637654750953992,1.5340
4318,16,163,10.19,8.4,0,corps,26.626338752813812,1.9254
4319,2,14,7.00,2.2,0,corps,26.615028411258418,1.9217
4320,7,112,16.00,4.4,0,corps,26.603723723460256,1.3293
4321,9,130,14.44,5.3,0,corps,26.59242468659314,1.5828
4322,11,150,13.64,6.2,0,corps,26.58113129783231,4.0034
4323,10,210,21.00,5.8,0,corps,26.56984355435442,3.5188
4324,21,428,20.38,10.7,0,corps,26.558561453337546,2.0404
4325,25,413,16.52,12.4,0,corps,26.547284991961146,1.2451
4326,8,149,18.62,4.9,0,corps,26.53601416740612,1.1719
4327,18,330,18.33,9.3,0,corps,26.524748976854738,1.4430
4328,18,207,11.50,9.3,0,corps,26.51348941749072,1.6045
4329,3,59,19.67,2.7,0,corps,26.502235486499192,1.2906
4330,2,34,17.00,2.2,0,corps,26.490987181066632,0.7231
4331,14,247,17.64,7.6,0,corps,26.47974449838099,1.1187
4332,9,126,14.00,5.3,0,corps,26.4685074356316,1.2917
4333,4,55,13.75,3.1,0,corps,26.457275990009176,1.8845
4334,12,157,13.08,6.7,0,corps,26.446050158705876,1.7139
4335,13,144,11.08,7.1,0,corps,26.434829938915215,1.6030
4336,16,179,11.19,8.4,0,corps,26.423615327832167,5.0096
4337,14,268,19.14,7.6,0,corps,26.41240632265307,1.3613
4338,22,348,15.82,11.1,0,corps,26.401202920575667,2.6050
4339,9,137,15.22,5.3,0,corps,26.390005118799102,1.5165
4340,10,133,13.30,5.8,0,corps,26.37881291452395,5.1097
4341,16,312,19.50,8.4,0,corps,26.367626304952136,2.0281
4342,10,154,15.40,5.8,0,corps,26.356445287287016,4.4888
4343,8,189,23.62,4.9,0,corps,26.345269858733328,0.9603
4344,7,103,14.71,4.4,0,corps,26.334100016497224,1.4499
4345,15,264,17.60,8.0,0,corps,26.322935757786247,1.2277
4346,7,117,16.71,4.4,0,corps,26.311777079809318,1.3397
4347,7,99,14.14,4.4,0,corps,26.300623979776777,1.6692
4348,14,141,10.07,7.6,0,corps,26.289476454900353,4.2919
4349,14,168,12.00,7.6,0,corps,26.278334502393147,6.2280
4350,4,70,17.50,3.1,0,corps,26.267198119469697,1.0190
4351,9,154,17.11,5.3,0,corps,26.25606730334588,1.0359
4352,16,156,9.75,8.4,0,corps,26.244942051239008,1.4458
4353,21,196,9.33,10.7,0,corps,26.23382236036777,1.7550
4354,9,112,12.44,5.3,0,corps,26.22270822795223,1.5977
4355,12,193,16.08,6.7,0,corps,26.211599651213863,1.0293
4356,15,163,10.87,8.0,0,corps,26.200496627375536,1.4512
4357,12,198,16.50,6.7,0,corps,26.18939915366147,2.5048
4358,16,295,18.44,8.4,0,corps,26.17830722729732,0.9414
4359,23,301,13.09,11.6,0,corps,26.16722084551008,1.4118
4360,10,160,16.00,5.8,0,corps,26.156140005528165,1.0210
4361,15,216,14.40,8.0,0,corps,26.145064704581383,1.6896
4362,7,108,15.43,4.4,0,corps,26.13399493990088,1.5338
4363,9,119,13.22,5.3,0,corps,26.12293070871922,2.1593
4364,16,208,13.00,8.4,0,corps,26.111872008270375,1.6563
4365,12,178,14.83,6.7,0,corps,26.10081883578963,1.7537
4366,7,105,15.00,4.4,0,corps,26.089771188513723,1.6593
4367,5,64,12.80,3.6,0,corps,26.07872906368071,1.5909
4368,16,181,11.31,8.4,0,corps,26.067692458530082,3.0847
4369,16,314,19.62,8.4,0,corps,26.0566613703027,2.4733
4370,16,197,12.31,8.4,0,corps,26.045635796240756,1.9374
4371,11,174,15.82,6.2,0,corps,26.03461573358788,1.5104
4372,12,192,16.00,6.7,0,corps,26.02360117958906,4.2405
4373,30,586,19.53,14.7,0,corps,26.012592131490642,3.1015
4374,18,380,21.11,9.3,0,corps,26.00158858654038,1.2578
4375,13,241,18.54,7.1,0,corps,25.99059054198737,1.4728
4376,12,253,21.08,6.7,0,corps,25.97959799508211,3.5119
4377,8,294,36.75,4.9,0,corps,25.968610943076477,0.7789
4378,15,310,20.67,8.0,0,corps,25.95762938322368,1.2549
4379,27,417,15.44,13.3,0,corps,25.946653312778356,2.9440
4380,9,111,12.33,5.3,0,corps,25.93568272899646,1.8233
4381,20,277,13.85,10.2,0,corps,25.924717629135362,2.5093
4382,14,249,17.79,7.6,0,corps,25.913758010453797,1.2588
4383,21,358,17.05,10.7,0,corps,25.902803870211837,1.2461
4384,6,111,18.50,4.0,0,corps,25.89185520567096,1.3037
4385,6,101,16.83,4.0,0,corps,25.880912014094008,1.0941
4386,16,249,15.56,8.4,0,corps,25.869974292745162,1.5686
4387,6,42,7.00,4.0,0,corps,25.859042038890017,2.1507
4388,9,129,14.33,5.3,0,corps,25.848115249795484,1.3398
4389,3,47,15.67,2.7,0,corps,25.837193922729877,1.4971
4390,12,146,12.17,6.7,0,corps,25.82627805496287,1.9505
4391,10,115,11.50,5.8,0,corps,25.815367643765484,4.1043
4392,14,214,15.29,7.6,0,corps,25.804462686410123,1.4634
4393,8,121,15.12,4.9,0,corps,25.79356318017056,1.2670
4394,12,130,10.83,6.7,0,corps,25.782669122321895,1.7133
4395,14,179,12.79,7.6,0,corps,25.77178051014063,1.4640
4396,9,139,15.44,5.3,0,corps,25.7608973409046,1.4716
4397,7,130,18.57,4.4,0,corps,25.750019611893016,1.1859
4398,9,97,10.78,5.3,0,corps,25.73914732038645,8.3959
4399,9,131,14.56,5.3,0,corps,25.72828046366683,5.2948
4400,19,282,14.84,9.8,0,corps,25.717419039017436,2.9285
4401,7,102,14.57,4.4,0,corps,25.706563043722923,1.3123
4402,23,310,13.48,11.6,0,corps,25.69571247506928,1.9505
4403,21,392,18.67,10.7,0,corps,25.68486733034387,1.2139
4404,19,290,15.26,9.8,0,corps,25.6740276068354,1.0589
4405,24,330,13.75,12.0,0,corps,25.663193301833942,4.2093
4406,8,94,11.75,4.9,0,corps,25.652364412630934,1.4231
4407,24,304,12.67,12.0,0,corps,25.64154093651913,3.7141
4408,26,410,15.77,12.9,0,corps,25.630722870792678,2.4308
4409,22,269,12.23,11.1,0,corps,25.61991021274706,3.4150
4410,19,234,12.32,9.8,0,corps,25.609102959679102,1.2885
4411,28,351,12.54,13.8,0,corps,25.598301108887007,2.8991
4412,7,148,21.14,4.4,0,corps,25.58750465767029,1.0649
4413,4,43,10.75,3.1,0,corps,25.57671360332985,1.0767
4414,22,226,10.27,11.1,0,corps,25.56592794316793,5.0615
4415,2,31,15.50,2.2,0,corps,25.555147674488104,1.5640
4416,8,125,15.62,4.9,0,corps,25.544372794595304,4.3879
4417,13,228,17.54,7.1,0,corps,25.533603300795825,1.2252
4418,8,122,15.25,4.9,0,corps,25.522839190397278,0.8776
4419,12,149,12.42,6.7,0,corps,25.512080460708646,1.5203
4420,22,286,13.00,11.1,0,corps,25.501327109040233,1.1795
4421,9,111,12.33,5.3,0,corps,25.49057913270371,1.6309
4422,13,122,9.38,7.1,0,corps,25.47983652901209,5.1385
4423,9,114,12.67,5.3,0,corps,25.469099295279708,3.7216
4424,12,171,14.25,6.7,0,corps,25.45836742882226,1.5908
4425,10,135,13.50,5.8,0,corps,25.447640926956787,4.1871
4426,18,333,18.50,9.3,0,corps,25.436919787001656,2.0489
4427,9,187,20.78,5.3,0,corps,25.42620400627659,1.2878
4428,12,287,23.92,6.7,0,corps,25.41549358210262,1.2746
4429,17,236,13.88,8.9,0,corps,25.404788511802163,1.9027
4430,26,356,13.69,12.9,0,corps,25.394088792698955,4.6504
4431,16,247,15.44,8.4,0,corps,25.383394422118045,2.5376
4432,4,91,22.75,3.1,0,corps,25.372705397385854,1.0021
4433,15,369,24.60,8.0,0,corps,25.362021715830135,1.2850
4434,3,47,15.67,2.7,0,corps,25.351343374779944,1.3978
4435,19,332,17.47,9.8,0,corps,25.340670371565714,1.6750
4436,14,178,12.71,7.6,0,corps,25.330002703519185,3.6490
4437,9,112,12.44,5.3,0,corps,25.319340367973442,4.3021
4438,12,208,17.33,6.7,0,corps,25.308683362262908,1.2771
4439,17,248,14.59,8.9,0,corps,25.298031683723316,3.0660
4440,12,97,8.08,6.7,0,corps,25.28738532969176,2.2749
4441,11,132,12.00,6.2,0,corps,25.276744297506653,2.1547
4442,16,194,12.12,8.4,0,corps,25.266108584507723,3.3392
4443,18,206,11.44,9.3,0,corps,25.25547818803606,3.8506
4444,17,257,15.12,8.9,0,corps,25.244853105434046,1.4308
4445,21,304,14.48,10.7,0,corps,25.23423333404542,3.0882
4446,15,185,12.33,8.0,0,corps,25.22361887121524,1.9125
4447,2,31,15.50,2.2,0,corps,25.213009714289885,0.7245
4448,4,37,9.25,3.1,0,corps,25.202405860617073,1.6836
4449,16,185,11.56,8.4,0,corps,25.191807307545837,2.1742
4450,2,76,38.00,2.2,0,corps,25.181214052426533,1.4016
4451,6,100,16.67,4.0,0,corps,25.170626092610863,0.9729
4452,7,104,14.86,4.4,0,corps,25.160043425451818,1.2366
4453,2,20,10.00,2.2,0,corps,25.149466048303736,2.5092
4454,15,227,15.13,8.0,0,corps,25.138893958522285,1.7695
4455,13,188,14.46,7.1,0,corps,25.12832715346443,1.7842
4456,4,77,19.25,3.1,0,corps,25.11776563048847,1.9556
4457,17,208,12.24,8.9,0,corps,25.10720938695404,1.9603
4458,8,135,16.88,4.9,0,corps,25.096658420222052,1.2672
4459,5,51,10.20,3.6,0,corps,25.086112727654786,2.1211
4460,9,113,12.56,5.3,0,corps,25.07557230661581,1.5813
4461,12,264,22.00,6.7,0,corps,25.065037154470016,0.9431
4462,10,115,11.50,5.8,0,corps,25.05450726858363,1.3805
4463,4,64,16.00,3.1,0,corps,25.043982646324164,1.4198
4464,20,307,15.35,10.2,0,corps,25.03346328506047,1.9466
4465,15,212,14.13,8.0,0,corps,25.022949182162712,1.3548
4466,16,200,12.50,8.4,0,corps,25.01244033500235,3.0820
4467,4,32,8.00,3.1,0,corps,25.00193674095219,1.7320
4468,10,162,16.20,5.8,0,corps,24.99143839738632,1.2165
4469,23,287,12.48,11.6,0,corps,24.980945301680162,2.9771
4470,25,411,16.44,12.4,0,corps,24.97045745121044,2.1295
4471,13,138,10.62,7.1,0,corps,24.95997484335518,1.5717
4472,13,226,17.38,7.1,0,corps,24.949497475493747,3.6285
4473,12,174,14.50,6.7,0,corps,24.939025345006794,4.5075
4474,13,167,12.85,7.1,0,corps,24.92855844927628,1.7132
4475,10,110,11.00,5.8,0,corps,24.9180967856855,1.9263
4476,7,89,12.71,4.4,0,corps,24.90764035161901,2.1487
4477,22,317,14.41,11.1,0,corps,24.89718914446272,1.3063
4478,12,173,14.42,6.7,0,corps,24.88674316160383,1.3238
4479,14,181,12.93,7.6,0,corps,24.876302400430834,2.1563
4480,20,284,14.20,10.2,0,corps,24.86586685833355,1.3491
4481,2,48,24.00,2.2,0,corps,24.855436532703095,1.0315
4482,23,316,13.74,11.6,0,corps,24.845011420931872,1.6873
4483,10,136,13.60,5.8,0,corps,24.834591520413625,1.7037
4484,16,172,10.75,8.4,0,corps,24.82417682854335,1.8950
4485,16,182,11.38,8.4,0,corps,24.813767342717398,5.1386
4486,3,61,20.33,2.7,0,corps,24.803363060333396,1.4088
4487,4,39,9.75,3.1,0,corps,24.79296397879026,2.6716
4488,15,216,14.40,8.0,0,corps,24.782570095488225,3.0737
4489,18,352,19.56,9.3,0,corps,24.772181407828832,2.1770
4490,7,133,19.00,4.4,0,corps,24.76179791321489,5.6187
4491,20,304,15.20,10.2,0,corps,24.751419609050547,2.0557
4492,17,257,15.12,8.9,0,corps,24.741046492741205,1.7457
4493,3,35,11.67,2.7,0,corps,24.730678561693587,1.7951
4494,29,407,14.03,14.2,0,corps,24.72031581331573,1.8134
4495,29,339,11.69,14.2,0,corps,24.709958245016928,3.8912
4496,13,169,13.00,7.1,0,corps,24.699605854207793,4.3218
4497,16,254,15.88,8.4,0,corps,24.68925863830024,1.8535
4498,17,158,9.29,8.9,0,corps,24.67891659470744,7.9238
4499,23,335,14.57,11.6,0,corps,24.668579720843912,2.2287
4500,7,106,15.14,4.4,0,corps,24.65824801412541,1.4504
4501,3,62,20.67,2.7,0,corps,24.64792147196902,0.9918
4502,26,340,13.08,12.9,0,corps,24.637600091793114,2.0071
4503,23,295,12.83,11.6,0,corps,24.62728387101733,3.9837
4504,21,251,11.95,10.7,0,corps,24.616972807062627,2.0876
4505,2,24,12.00,2.2,0,corps,24.60666689735123,1.4471
4506,23,317,13.78,11.6,0,corps,24.59636613930666,1.6873
4507,3,31,10.33,2.7,0,corps,24.586070530353744,1.4639
4508,10,144,14.40,5.8,0,corps,24.575780067918554,3.3079
4509,17,210,12.35,8.9,0,corps,24.565494749428492,1.5951
4510,13,146,11.23,7.1,0,corps,24.555214572312234,4.9506
4511,22,320,14.55,11.1,0,corps,24.544939533999717,3.2484
4512,28,424,15.14,13.8,0,corps,24.534669631922196,2.7586
4513,10,216,21.60,5.8,0,corps,24.524404863512185,3.2556
4514,16,302,18.88,8.4,0,corps,24.514145226203492,1.1915
4515,9,133,14.78,5.3,0,corps,24.503890717431226,6.6179
4516,4,60,15.00,3.1,0,corps,24.493641334631736,1.5066
4517,4,54,13.50,3.1,0,corps,24.48339707524269,1.4240
4518,27,430,15.93,13.3,0,corps,24.473157936703018,1.4141
4519,15,236,15.73,8.0,0,corps,24.462923916452937,2.8889
4520,27,361,13.37,13.3,0,corps,24.452695011933947,2.3048
4521,17,283,16.65,8.9,0,corps,24.44247122058881,3.2957
4522,24,334,13.92,12.0,0,corps,24.432252539861583,2.0421
4523,9,100,11.11,5.3,0,corps,24.422038967197608,2.7432
4524,8,161,20.12,4.9,0,corps,24.411830500043468,1.3832
4525,23,260,11.30,11.6,0,corps,24.40162713584706,2.0200
4526,4,28,7.00,3.1,0,corps,24.391428872057556,1.5581
4527,20,252,12.60,10.2,0,corps,24.381235706125366,4.5065
4528,11,126,11.45,6.2,0,corps,24.37104763550221,1.5897
4529,13,204,15.69,7.1,0,corps,24.36086465764107,1.1503
4530,15,260,17.33,8.0,0,corps,24.350686769996198,0.9649
4531,20,229,11.45,10.2,0,corps,24.340513970023135,1.6765
4532,19,279,14.68,9.8,0,corps,24.330346255178657,1.5819
4533,21,278,13.24,10.7,0,corps,24.320183622920847,3.7960
4534,24,326,13.58,12.0,0,corps,24.31002607070906,2.4844
4535,8,127,15.88,4.9,0,corps,24.29987359600389,0.9680
4536,13,162,12.46,7.1,0,corps,24.28972619626723,1.4802
4537,10,106,10.60,5.8,0,corps,24.27958386896222,7.2375
4538,15,272,18.13,8.0,0,corps,24.269446611553285,1.0935
4539,6,90,15.00,4.0,0,corps,24.259314421506108,1.2970
4540,19,355,18.68,9.8,0,corps,24.249187296287637,3.6004
4541,12,254,21.17,6.7,0,corps,24.2390652333661,3.3581
4542,15,258,17.20,8.0,0,corps,24.22894823021098,1.1188
4543,2,28,14.00,2.2,0,corps,24.218836284293015,0.8658
4544,14,180,12.86,7.6,0,corps,24.208729393084237,1.4743
4545,9,129,14.33,5.3,0,corps,24.198627554057907,1.2471
4546,9,104,11.56,5.3,0,corps,24.188530764688565,2.0353
4547,15,189,12.60,8.0,0,corps,24.178439022452032,1.5929
4548,13,151,11.62,7.1,0,corps,24.16835232482535,1.8658
4549,14,167,11.93,7.6,0,corps,24.15827066928685,1.3400
4550,10,136,13.60,5.8,0,corps,24.148194053316136,1.2508
4551,10,136,13.60,5.8,0,corps,24.138122474394027,1.5163
4552,21,318,15.14,10.7,0,corps,24.128055930002652,1.6641
4553,16,243,15.19,8.4,0,corps,24.117994417625358,1.5114
4554,14,162,11.57,7.6,0,corps,24.107937934746772,1.5571
4555,12,138,11.50,6.7,0,corps,24.097886478852786,1.5116
4556,2,15,7.50,2.2,0,corps,24.087840047430507,2.1444
4557,12,183,15.25,6.7,0,corps,24.077798637968353,1.4553
4558,10,151,15.10,5.8,0,corps,24.06776224795597,1.2855
4559,12,189,15.75,6.7,0,corps,24.057730874884243,1.4806
4560,10,170,17.00,5.8,0,corps,24.047704516245346,4.1618
4561,7,65,9.29,4.4,0,corps,24.037683169532677,1.7741
4562,2,29,14.50,2.2,0,corps,24.027666832240904,1.4824
4563,23,336,14.61,11.6,0,corps,24.017655501865953,1.7569
4564,9,136,15.11,5.3,0,corps,24.007649175904973,4.7611
4565,14,159,11.36,7.6,0,corps,23.99764785185639,1.6514
4566,18,212,11.78,9.3,0,corps,23.98765152721988,4.1153
4567,11,172,15.64,6.2,0,corps,23.977660199496352,1.4363
4568,11,143,13.00,6.2,0,corps,23.967673866187987,1.5773
4569,26,266,10.23,12.9,0,corps,23.95769252479818,4.4771
4570,27,273,10.11,13.3,0,corps,23.94771617283161,2.8681
4571,11,143,13.00,6.2,0,corps,23.937744807794196,1.4120
4572,15,198,13.20,8.0,0,corps,23.92777842719308,1.3110
4573,24,232,9.67,12.0,0,corps,23.91781702853667,3.8369
4574,19,243,12.79,9.8,0,corps,23.907860609334637,1.6495
4575,23,318,13.83,11.6,0,corps,23.897909167097843,1.9545
4576,6,65,10.83,4.0,0,corps,23.88796269933846,1.8119
4577,10,115,11.50,5.8,0,corps,23.878021203569844,1.4950
4578,20,204,10.20,10.2,0,corps,23.868084677306634,1.9666
4579,17,147,8.65,8.9,0,corps,23.858153118064703,2.1929
4580,8,94,11.75,4.9,0,corps,23.848226523361145,1.6584
4581,19,329,17.32,9.8,0,corps,23.838304890714323,1.4981
4582,19,244,12.84,9.8,0,corps,23.82838821764384,1.4687
4583,9,114,12.67,5.3,0,corps,23.8184765016705,1.3187
4584,16,199,12.44,8.4,0,corps,23.8085697403164,1.6716
4585,20,228,11.40,10.2,0,corps,23.79866793110483,1.7508
4586,19,229,12.05,9.8,0,corps,23.788771071560344,4.0772
4587,33,377,11.42,16.0,0,corps,23.77887915920874,1.9549
4588,21,308,14.67,10.7,0,corps,23.768992191577016,1.2875
4589,16,194,12.12,8.4,0,corps,23.759110166193448,1.9899
4590,17,187,11.00,8.9,0,corps,23.74923308058753,1.5189
4591,14,185,13.21,7.6,0,corps,23.739360932289976,4.5185
4592,2,57,28.50,2.2,0,corps,23.72949371883277,1.5327
4593,21,274,13.05,10.7,0,corps,23.719631437749086,2.8361
4594,11,157,14.27,6.2,0,corps,23.70977408657336,1.5714
4595,11,154,14.00,6.2,0,corps,23.699921662841273,1.3777
4596,9,98,10.89,5.3,0,corps,23.690074164089694,6.4397
4597,4,72,18.00,3.1,0,corps,23.680231587856756,1.1749
4598,4,79,19.75,3.1,0,corps,23.67039393168183,0.8637
4599,7,76,10.86,4.4,0,corps,23.66056119310548,1.7087
4600,23,302,13.13,11.6,0,corps,23.650733369669535,1.7728
4601,13,171,13.15,7.1,0,corps,23.64091045891703,1.3803
4602,3,74,24.67,2.7,0,corps,23.63109245839224,0.8481
4603,9,111,12.33,5.3,0,corps,23.621279365640678,1.8850
4604,5,104,20.80,3.6,0,corps,23.61147117820905,1.0765
4605,23,260,11.30,11.6,0,corps,23.601667893645317,1.7716
4606,2,11,5.50,2.2,0,corps,23.591869509498668,1.3588
4607,5,121,24.20,3.6,0,corps,23.58207602331949,0.9539
4608,6,111,18.50,4.0,0,corps,23.572287432659433,1.2277
4609,7,111,15.86,4.4,0,corps,23.562503735071324,1.3046
4610,8,112,14.00,4.9,0,corps,23.55272492810925,1.2833
4611,18,260,14.44,9.3,0,corps,23.54295100932852,3.1657
4612,14,175,12.50,7.6,0,corps,23.533181976285633,1.3605
4613,11,192,17.45,6.2,0,corps,23.523417826538342,1.1024
4614,17,209,12.29,8.9,0,corps,23.513658557645623,1.4556
4615,18,205,11.39,9.3,0,corps,23.503904167167633,1.6150
4616,16,204,12.75,8.4,0,corps,23.494154652665795,1.4236
4617,9,114,12.67,5.3,0,corps,23.484410011702714,1.4867
4618,12,160,13.33,6.7,0,corps,23.474670241842237,4.3604
4619,16,204,12.75,8.4,0,corps,23.464935340649426,1.7027
4620,14,234,16.71,7.6,0,corps,23.455205305690548,4.2086
4621,12,126,10.50,6.7,0,corps,23.445480134533096,1.5947
4622,12,139,11.58,6.7,0,corps,23.435759824745787,3.7002
4623,16,178,11.12,8.4,0,corps,23.42604437389853,1.7017
4624,9,108,12.00,5.3,0,corps,23.416333779562475,1.3249
4625,16,189,11.81,8.4,0,corps,23.406628039309954,1.7782
4626,16,154,9.62,8.4,0,corps,23.39692715071455,1.9908
4627,7,112,16.00,4.4,0,corps,23.38723111135104,1.1890
4628,10,158,15.80,5.8,0,corps,23.3775399187954,1.0286
4629,25,341,13.64,12.4,0,corps,23.367853570624845,1.7442
4630,4,54,13.50,3.1,0,corps,23.358172064417783,2.0405
4631,14,192,13.71,7.6,0,corps,23.348495397753833,1.5475
4632,12,150,12.50,6.7,0,corps,23.338823568213844,2.8085
4633,18,228,12.67,9.3,0,corps,23.329156573379837,2.8582
4634,21,280,13.33,10.7,0,corps,23.319494410835073,1.6668
4635,11,151,13.73,6.2,0,corps,23.309837078164026,1.4785
4636,14,197,14.07,7.6,0,corps,23.300184572952336,3.5271
4637,13,182,14.00,7.1,0,corps,23.2905368927869,1.5005
4638,18,207,11.50,9.3,0,corps,23.28089403525578,1.6612
4639,4,60,15.00,3.1,0,corps,23.271255997948266,0.9820
4640,11,130,11.82,6.2,0,corps,23.261622778454864,1.7080
4641,4,41,10.25,3.1,0,corps,23.251994374367246,1.2812
4642,13,159,12.23,7.1,0,corps,23.242370783278325,1.8805
4643,16,189,11.81,8.4,0,corps,23.232752002782203,3.6929
4644,4,34,8.50,3.1,0,corps,23.223138030474182,2.9950
4645,24,378,15.75,12.0,0,corps,23.21352886395077,2.1852
4646,18,256,14.22,9.3,0,corps,23.203924500809666,1.6561
4647,2,44,22.00,2.2,0,corps,23.194324938649793,0.9884
4648,9,141,15.67,5.3,0,corps,23.184730175071255,1.4085
4649,21,260,12.38,10.7,0,corps,23.17514020767536,1.3331
4650,22,288,13.09,11.1,0,corps,23.165555034064607,1.7047
4651,16,189,11.81,8.4,0,corps,23.15597465184273,1.4797
4652,25,324,12.96,12.4,0,corps,23.146399058614602,1.9781
4653,11,105,9.55,6.2,0,corps,23.13682825198635,7.1703
4654,22,311,14.14,11.1,0,corps,23.12726222956525,1.8220
4655,13,141,10.85,7.1,0,corps,23.117700988959808,2.3670
4656,14,265,18.93,7.6,0,corps,23.10814452777972,1.4977
4657,5,86,17.20,3.6,0,corps,23.09859284363586,1.1871
4658,16,221,13.81,8.4,0,corps,23.089045934140305,1.7811
4659,15,248,16.53,8.0,0,corps,23.079503796906344,3.1687
4660,12,190,15.83,6.7,0,corps,23.069966429548423,2.5742
4661,2,33,16.50,2.2,0,corps,23.060433829682218,1.0876
4662,24,314,13.08,12.0,0,corps,23.050905994924555,2.5613
4663,15,180,12.00,8.0,0,corps,23.041382922893497,4.7585
4664,20,264,13.20,10.2,0,corps,23.031864611208274,1.6489
4665,16,214,13.38,8.4,0,corps,23.022351057489296,1.4220
4666,12,167,13.92,6.7,0,corps,23.01284225935818,1.4015
4667,8,104,13.00,4.9,0,corps,23.003338214437736,1.4555
4668,7,56,8.00,4.4,0,corps,22.99383892035194,1.9006
4669,2,14,7.00,2.2,0,corps,22.98434437472598,1.7714
4670,13,183,14.08,7.1,0,corps,22.974854575186203,1.3081
4671,29,416,14.34,14.2,0,corps,22.965369519360166,2.1613
4672,22,284,12.91,11.1,0,corps,22.95588920487662,3.0025
4673,18,240,13.33,9.3,0,corps,22.946413629365463,2.5879
4674,27,288,10.67,13.3,0,corps,22.936942790457813,3.7395
4675,19,316,16.63,9.8,0,corps,22.92747668578597,1.3225
4676,16,277,17.31,8.4,0,corps,22.918015312983382,1.2701
4677,10,126,12.60,5.8,0,corps,22.908558669684737,3.6356
4678,14,214,15.29,7.6,0,corps,22.899106753525842,2.9403
4679,8,119,14.88,4.9,0,corps,22.88965956214374,1.1315
4680,18,192,10.67,9.3,0,corps,22.880217093176636,1.9558
4681,15,198,13.20,8.0,0,corps,22.870779344263887,1.7997
4682,19,285,15.00,9.8,0,corps,22.861346313046084,3.2603
4683,17,209,12.29,8.9,0,corps,22.851917997164957,3.4218
4684,7,77,11.00,4.4,0,corps,22.842494394263422,1.6383
4685,24,319,13.29,12.0,0,corps,22.833075501985594,3.0177
4686,11,154,14.00,6.2,0,corps,22.823661317976725,4.9210
4687,6,69,11.50,4.0,0,corps,22.81425183988329,2.2695
4688,14,188,13.43,7.6,0,corps,22.80484706535292,1.5511
4689,20,300,15.00,10.2,0,corps,22.795446992034403,1.7217
4690,26,367,14.12,12.9,0,corps,22.786051617577733,3.5805
4691,8,103,12.88,4.9,0,corps,22.776660939634073,4.7067
4692,26,382,14.69,12.9,0,corps,22.767274955855743,2.0746
4693,28,348,12.43,13.8,0,corps,22.757893663896255,2.1059
4694,21,267,12.71,10.7,0,corps,22.74851706141027,3.3793
4695,26,280,10.77,12.9,0,corps,22.739145146053648,2.8403
4696,16,203,12.69,8.4,0,corps,22.72977791548342,2.8912
4697,2,18,9.00,2.2,0,corps,22.720415367357756,1.5547
4698,16,246,15.38,8.4,0,corps,22.71105749933604,2.0572
4699,13,180,13.85,7.1,0,corps,22.7017043090788,1.9480
4700,13,162,12.46,7.1,0,corps,22.692355794247725,2.0612
4701,4,55,13.75,3.1,0,corps,22.683011952505705,1.1466
4702,15,212,14.13,8.0,0,corps,22.67367278151676,1.7387
4703,24,395,16.46,12.0,0,corps,22.66433827894611,1.2645
4704,20,220,11.00,10.2,0,corps,22.655008442460137,1.5438
4705,28,442,15.79,13.8,0,corps,22.645683269726362,3.2357
4706,22,325,14.77,11.1,0,corps,22.636362758413505,3.2729
4707,20,293,14.65,10.2,0,corps,22.627046906191435,1.4371
4708,15,236,15.73,8.0,0,corps,22.617735710731186,3.2849
4709,10,174,17.40,5.8,0,corps,22.608429169704966,1.2931
4710,14,207,14.79,7.6,0,corps,22.59912728078613,1.3307
4711,4,61,15.25,3.1,0,corps,22.58983004164921,1.4751
4712,20,233,11.65,10.2,0,corps,22.58053744996991,1.5057
4713,8,96,12.00,4.9,0,corps,22.571249503425054,8.5572
4714,14,216,15.43,7.6,0,corps,22.561966199692673,1.5381
4715,13,187,14.38,7.1,0,corps,22.55268753645195,3.3944
4716,24,402,16.75,12.0,0,corps,22.543413511383196,1.6183
4717,22,253,11.50,11.1,0,corps,22.534144122167927,2.9244
4718,16,186,11.62,8.4,0,corps,22.524879366488772,2.8963
4719,10,132,13.20,5.8,0,corps,22.51561924202956,1.3902
4720,12,159,13.25,6.7,0,corps,22.506363746475262,2.1064
4721,14,187,13.36,7.6,0,corps,22.497112877511988,2.7100
4722,19,256,13.47,9.8,0,corps,22.487866632827032,3.2980
4723,15,194,12.93,8.0,0,corps,22.478625010108836,4.7313
4724,23,318,13.83,11.6,0,corps,22.46938800704698,1.7462
4725,6,89,14.83,4.0,0,corps,22.46015562133223,1.3751
4726,20,279,13.95,10.2,0,corps,22.450927850656477,1.4853
4727,6,85,14.17,4.0,0,corps,22.441704692712783,2.0586
4728,4,57,14.25,3.1,0,corps,22.43248614519536,1.3530
4729,9,139,15.44,5.3,0,corps,22.42327220579957,1.3248
4730,12,148,12.33,6.7,0,corps,22.41406287222192,1.2239
4731,21,208,9.90,10.7,0,corps,22.404858142160094,3.4900
4732,15,212,14.13,8.0,0,corps,22.39565801331289,1.6055
4733,13,191,14.69,7.1,0,corps,22.3864624833803,1.4035
4734,5,71,14.20,3.6,0,corps,22.377271550063412,1.6656
4735,18,274,15.22,9.3,0,corps,22.36808521106451,1.4991
4736,8,152,19.00,4.9,0,corps,22.358903464087014,3.9634
4737,19,303,15.95,9.8,0,corps,22.349726306835468,3.8758
4738,16,270,16.88,8.4,0,corps,22.340553737015597,3.6137
4739,23,420,18.26,11.6,0,corps,22.331385752334263,2.4622
4740,13,170,13.08,7.1,0,corps,22.32222235049946,2.0410
4741,21,247,11.76,10.7,0,corps,22.313063529220344,1.8820
4742,13,140,10.77,7.1,0,corps,22.303909286207197,1.7187
4743,20,336,16.80,10.2,0,corps,22.294759619171465,1.3600
4744,3,51,17.00,2.7,0,corps,22.285614525825746,1.3520
4745,7,74,10.57,4.4,0,corps,22.276474003883745,2.0093
4746,16,238,14.88,8.4,0,corps,22.267338051060335,1.7288
4747,12,162,13.50,6.7,0,corps,22.258206665071544,1.3832
4748,6,80,13.33,4.0,0,corps,22.249079843634508,1.0571
4749,5,103,20.60,3.6,0,corps,22.239957584467536,0.6767
4750,12,141,11.75,6.7,0,corps,22.230839885290045,1.5570
4751,16,196,12.25,8.4,0,corps,22.22172674382262,2.7386
4752,15,169,11.27,8.0,0,corps,22.212618157786984,1.5037
4753,21,322,15.33,10.7,0,corps,22.203514124905976,4.3999
4754,8,82,10.25,4.9,0,corps,22.194414642903602,2.3229
4755,9,93,10.33,5.3,0,corps,22.185319709504974,1.5810
4756,28,356,12.71,13.8,0,corps,22.176229322436367,2.5506
4757,10,125,12.50,5.8,0,corps,22.167143479425196,1.5929
4758,19,269,14.16,9.8,0,corps,22.15806217819998,3.0477
4759,23,379,16.48,11.6,0,corps,22.148985416490405,2.6377
4760,6,58,9.67,4.0,0,corps,22.139913192027286,1.8853
4761,2,29,14.50,2.2,0,corps,22.130845502542552,1.2307
4762,30,379,12.63,14.7,0,corps,22.12178234576929,2.3631
4763,13,156,12.00,7.1,0,corps,22.112723719441707,1.7932
4764,15,167,11.13,8.0,0,corps,22.103669621295147,4.1562
4765,20,219,10.95,10.2,0,corps,22.094620049066098,1.5184
4766,18,234,13.00,9.3,0,corps,22.085575000492142,1.2693
4767,24,299,12.46,12.0,0,corps,22.07653447331203,1.7371
4768,13,167,12.85,7.1,0,corps,22.067498465265643,3.4199
4769,15,197,13.13,8.0,0,corps,22.058466974093953,2.2905
4770,10,113,11.30,5.8,0,corps,22.049439997539114,1.6533
4771,27,294,10.89,13.3,0,corps,22.04041753334436,2.2033
4772,3,37,12.33,2.7,0,corps,22.031399579254078,2.2575
4773,15,141,9.40,8.0,0,corps,22.022386133013796,1.8037
4774,16,182,11.38,8.4,0,corps,22.013377192370136,3.6974
4775,11,120,10.91,6.2,0,corps,22.004372755070865,2.1882
4776,17,329,19.35,8.9,0,corps,21.995372818864887,1.8904
4777,2,37,18.50,2.2,0,corps,21.986377381502194,1.2239
4778,18,280,15.56,9.3,0,corps,21.97738644073395,2.9364
4779,12,222,18.50,6.7,0,corps,21.968399994312403,1.1975
4780,7,70,10.00,4.4,0,corps,21.95941803999095,2.0128
4781,13,220,16.92,7.1,0,corps,21.95044057552411,1.4809
4782,22,328,14.91,11.1,0,corps,21.941467598667494,1.6062
4783,38,545,14.34,18.2,0,corps,21.932499107177872,1.4599
4784,20,258,12.90,10.2,0,corps,21.92353509881313,2.9519
4785,14,158,11.29,7.6,0,corps,21.914575571332247,3.0247
4786,14,183,13.07,7.6,0,corps,21.905620522495358,1.3136
4787,15,151,10.07,8.0,0,corps,21.896669950063686,1.4076
4788,20,249,12.45,10.2,0,corps,21.887723851799592,2.0913
4789,22,300,13.64,11.1,0,corps,21.878782225466566,1.9311
4790,11,153,13.91,6.2,0,corps,21.86984506882918,1.3981
4791,15,159,10.60,8.0,0,corps,21.860912379653154,5.6997
4792,6,41,6.83,4.0,0,corps,21.851984155705324,2.3269
4793,28,341,12.18,13.8,0,corps,21.843060394753618,2.4431
4794,4,35,8.75,3.1,0,corps,21.834141094567112,2.0736
4795,21,251,11.95,10.7,0,corps,21.825226252915964,2.0684
4796,8,118,14.75,4.9,0,corps,21.816315867571472,1.1928
4797,6,58,9.67,4.0,0,corps,21.807409936306048,1.4499
4798,14,236,16.86,7.6,0,corps,21.79850845689319,1.0754
4799,15,253,16.87,8.0,0,corps,21.789611427107545,1.2379
4800,26,382,14.69,12.9,0,corps,21.780718844724852,2.8798
4801,34,463,13.62,16.4,0,corps,21.771830707521957,3.2293
4802,14,182,13.00,7.6,0,corps,21.76294701327684,3.5233
4803,32,380,11.88,15.6,0,corps,21.75406775976856,1.7779
4804,33,582,17.64,16.0,0,corps,21.745192944777315,2.5558
4805,11,162,14.73,6.2,0,corps,21.7363225660844,1.5415
4806,24,288,12.00,12.0,0,corps,21.727456621472214,1.5711
4807,28,356,12.71,13.8,0,corps,21.71859510872428,1.6615
4808,25,293,11.72,12.4,0,corps,21.70973802562522,3.1559
4809,14,219,15.64,7.6,0,corps,21.700885369960748,3.6935
4810,12,124,10.33,6.7,0,corps,21.692037139517726,3.1830
4811,20,236,11.80,10.2,0,corps,21.683193332084066,3.4188
4812,16,257,16.06,8.4,0,corps,21.674353945448836,3.5108
4813,21,278,13.24,10.7,0,corps,21.66551897740219,4.2002
4814,10,144,14.40,5.8,0,corps,21.65668842573537,1.7259
4815,16,219,13.69,8.4,0,corps,21.647862288240752,3.2769
4816,3,33,11.00,2.7,0,corps,21.639040562711802,1.4503
4817,8,109,13.62,4.9,0,corps,21.630223246943082,5.1216
4818,9,178,19.78,5.3,0,corps,21.62141033873027,2.8364
4819,15,270,18.00,8.0,0,corps,21.612601835870127,2.9171
4820,20,319,15.95,10.2,0,corps,21.603797736160534,2.4242
4821,18,323,17.94,9.3,0,corps,21.594998037400476,3.7324
4822,4,51,12.75,3.1,0,corps,21.58620273739001,1.3205
4823,19,242,12.74,9.8,0,corps,21.57741183393032,3.5739
4824,5,80,16.00,3.6,0,corps,21.56862532482369,0.8648
4825,11,105,9.55,6.2,0,corps,21.559843207873474,5.6448
4826,6,111,18.50,4.0,0,corps,21.55106548088416,0.8792
4827,18,306,17.00,9.3,0,corps,21.5422921416613,1.7268
4828,5,80,16.00,3.6,0,corps,21.533523188011564,1.8757
4829,12,157,13.08,6.7,0,corps,21.524758617742727,1.6519
4830,22,281,12.77,11.1,0,corps,21.515998428663625,2.7337
4831,19,240,12.63,9.8,0,corps,21.507242618584225,3.7872
4832,9,90,10.00,5.3,0,corps,21.498491185315576,1.6283
4833,12,178,14.83,6.7,0,corps,21.489744126669805,2.1470
4834,15,169,11.27,8.0,0,corps,21.481001440460165,6.0412
4835,20,242,12.10,10.2,0,corps,21.47226312450097,3.2706
4836,8,100,12.50,4.9,0,corps,21.463529176607647,1.2938
4837,28,348,12.43,13.8,0,corps,21.45479959459672,3.9752
4838,15,202,13.47,8.0,0,corps,21.44607437628577,1.8275
4839,15,165,11.00,8.0,0,corps,21.43735351949351,1.8021
4840,12,125,10.42,6.7,0,corps,21.428637022039723,1.5269
4841,7,74,10.57,4.4,0,corps,21.419924881745278,2.1513
4842,23,412,17.91,11.6,0,corps,21.41121709643215,3.0126
4843,18,251,13.94,9.3,0,corps,21.40251366392338,1.5716
4844,15,219,14.60,8.0,0,corps,21.393814582043117,1.5608
4845,25,318,12.72,12.4,0,corps,21.385119848616593,1.8231
4846,5,45,9.00,3.6,0,corps,21.37642946147012,1.4045
4847,18,240,13.33,9.3,0,corps,21.367743418431104,2.0016
4848,12,138,11.50,6.7,0,corps,21.359061717328036,3.9105
4849,23,379,16.48,11.6,0,corps,21.35038435599048,3.9726
4850,14,156,11.14,7.6,0,corps,21.341711332249112,4.3146
4851,19,268,14.11,9.8,0,corps,21.333042643935663,1.9263
4852,22,311,14.14,11.1,0,corps,21.32437828888296,1.6881
4853,9,116,12.89,5.3,0,corps,21.315718264924932,1.6600
4854,15,187,12.47,8.0,0,corps,21.307062569896555,3.8128
4855,8,92,11.50,4.9,0,corps,21.298411201633904,1.4954
4856,3,50,16.67,2.7,0,corps,21.289764157974155,1.4438
4857,2,31,15.50,2.2,0,corps,21.281121436755523,1.4459
4858,17,215,12.65,8.9,0,corps,21.272483035817352,3.4165
4859,12,196,16.33,6.7,0,corps,21.26384895300002,1.5337
4860,21,296,14.10,10.7,0,corps,21.25521918614502,1.6145
4861,21,275,13.10,10.7,0,corps,21.246593733094908,1.7007
4862,12,161,13.42,6.7,0,corps,21.237972591693318,1.5993
4863,26,389,14.96,12.9,0,corps,21.229355759784962,1.7000
4864,16,183,11.44,8.4,0,corps,21.220743235215643,2.8995
4865,27,337,12.48,13.3,0,corps,21.212135015832217,4.4119
4866,13,229,17.62,7.1,0,corps,21.203531099482642,1.0802
4867,23,294,12.78,11.6,0,corps,21.194931484015925,3.8092
4868,17,247,14.53,8.9,0,corps,21.186336167282168,2.5959
4869,15,260,17.33,8.0,0,corps,21.177745147132544,1.4515
4870,6,58,9.67,4.0,0,corps,21.169158421419297,8.5366
4871,8,98,12.25,4.9,0,corps,21.16057598799574,5.5982
4872,2,44,22.00,2.2,0,corps,21.151997844716277,0.6718
4873,18,269,14.94,9.3,0,corps,21.143423989436357,2.6226
4874,14,164,11.71,7.6,0,corps,21.134854420012534,2.6281
4875,7,55,7.86,4.4,0,corps,21.126289134302397,2.2174
4876,2,43,21.50,2.2,0,corps,21.117728130164632,1.2595
4877,26,392,15.08,12.9,0,corps,21.109171405458994,2.6446
4878,19,235,12.37,9.8,0,corps,21.10061895804629,2.9481
4879,32,428,13.38,15.6,0,corps,21.092070785788422,1.8708
4880,15,197,13.13,8.0,0,corps,21.083526886548334,3.0205
4881,18,213,11.83,9.3,0,corps,21.074987258190056,1.8225
4882,28,340,12.14,13.8,0,corps,21.066451898578688,2.0967
4883,24,290,12.08,12.0,0,corps,21.057920805580377,6.3021
4884,10,195,19.50,5.8,0,corps,21.049393977062355,0.9649
4885,12,180,15.00,6.7,0,corps,21.040871410892926,4.2546
4886,14,140,10.00,7.6,0,corps,21.03235310494143,1.8236
4887,13,140,10.77,7.1,0,corps,21.023839057078305,1.6587
4888,6,46,7.67,4.0,0,corps,21.015329265175026,2.6988
4889,6,73,12.17,4.0,0,corps,21.006823727104155,2.0116
4890,4,37,9.25,3.1,0,corps,20.998322440739305,1.6381
4891,12,130,10.83,6.7,0,corps,20.98982540395515,2.3166
4892,23,256,11.13,11.6,0,corps,20.981332614627437,4.0723
4893,11,134,12.18,6.2,0,corps,20.972844070632966,1.4705
4894,25,269,10.76,12.4,0,corps,20.9643597698496,2.9524
4895,9,158,17.56,5.3,0,corps,20.955879710156275,1.3330
4896,10,111,11.10,5.8,0,corps,20.94740388943295,1.6741
4897,15,186,12.40,8.0,0,corps,20.93893230556069,1.8775
4898,3,20,6.67,2.7,0,corps,20.930464956421606,2.2332
4899,2,41,20.50,2.2,0,corps,20.922001839898837,1.3764
4900,11,122,11.09,6.2,0,corps,20.913542953876618,4.0632
4901,22,212,9.64,11.1,0,corps,20.905088296240233,2.2676
4902,16,209,13.06,8.4,0,corps,20.896637864876,2.2047
4903,24,314,13.08,12.0,0,corps,20.88819165767133,3.9932
4904,10,158,15.80,5.8,0,corps,20.879749672514656,4.8543
4905,35,393,11.23,16.9,0,corps,20.87131190729549,2.1975
4906,36,546,15.17,17.3,0,corps,20.862878359904393,4.6775
4907,10,205,20.50,5.8,0,corps,20.854449028232967,1.0443
4908,6,77,12.83,4.0,0,corps,20.846023910173884,1.2709
4909,23,314,13.65,11.6,0,corps,20.837603003620874,1.9924
4910,18,238,13.22,9.3,0,corps,20.8291863064687,1.2453
4911,16,212,13.25,8.4,0,corps,20.82077381661319,1.2678
4912,16,211,13.19,8.4,0,corps,20.812365531951222,2.9690
4913,13,193,14.85,7.1,0,corps,20.803961450380722,2.9635
4914,20,303,15.15,10.2,0,corps,20.79556156980068,1.5073
4915,13,116,8.92,7.1,0,corps,20.787165888111105,1.7408
4916,7,116,16.57,4.4,0,corps,20.778774403213095,1.0486
4917,21,274,13.05,10.7,0,corps,20.77038711300878,3.3317
4918,27,335,12.41,13.3,0,corps,20.762004015401324,1.7930
4919,23,308,13.39,11.6,0,corps,20.753625108294962,1.9288
4920,7,110,15.71,4.4,0,corps,20.745250389594965,1.2748
4921,13,136,10.46,7.1,0,corps,20.736879857207644,1.5011
4922,17,172,10.12,8.9,0,corps,20.728513509040386,1.6787
4923,8,113,14.12,4.9,0,corps,20.720151343001582,1.4626
4924,19,285,15.00,9.8,0,corps,20.71179335700071,2.9405
4925,11,142,12.91,6.2,0,corps,20.70343954894826,4.3277
4926,9,150,16.67,5.3,0,corps,20.695089916755784,1.8367
4927,21,244,11.62,10.7,0,corps,20.68674445833588,5.1613
4928,10,190,19.00,5.8,0,corps,20.678403171602167,3.0602
4929,20,268,13.40,10.2,0,corps,20.670066054469334,2.9097
4930,23,367,15.96,11.6,0,corps,20.661733104853113,1.4437
4931,15,224,14.93,8.0,0,corps,20.653404320670248,1.6211
4932,22,335,15.23,11.1,0,corps,20.645079699838544,2.5704
4933,11,173,15.73,6.2,0,corps,20.636759240276866,1.0546
4934,2,73,36.50,2.2,0,corps,20.628442939905074,0.7718
4935,16,230,14.38,8.4,0,corps,20.62013079664411,5.6624
4936,17,241,14.18,8.9,0,corps,20.611822808415926,1.6571
4937,28,356,12.71,13.8,0,corps,20.60351897314353,1.6398
4938,26,338,13.00,12.9,0,corps,20.59521928875097,2.1211
4939,22,280,12.73,11.1,0,corps,20.586923753163315,1.4851
4940,20,326,16.30,10.2,0,corps,20.578632364306678,1.1370
4941,26,340,13.08,12.9,0,corps,20.570345120108232,1.3801
4942,18,271,15.06,9.3,0,corps,20.562062018496142,1.2515
4943,15,206,13.73,8.0,0,corps,20.553783057399652,4.7611
4944,26,365,14.04,12.9,0,corps,20.545508234749,1.8609
4945,2,27,13.50,2.2,0,corps,20.537237548475503,2.2269
4946,8,107,13.38,4.9,0,corps,20.52897099651148,1.1999
4947,27,386,14.30,13.3,0,corps,20.520708576790284,3.7328
4948,11,135,12.27,6.2,0,corps,20.51245028724632,6.3518
4949,8,75,9.38,4.9,0,corps,20.504196125815017,1.6167
4950,13,150,11.54,7.1,0,corps,20.49594609043283,4.5803
4951,20,218,10.90,10.2,0,corps,20.48770017903726,3.1136
4952,12,158,13.17,6.7,0,corps,20.47945838956681,1.4585
4953,16,237,14.81,8.4,0,corps,20.471220719961043,1.2893
4954,18,293,16.28,9.3,0,corps,20.46298716816055,2.3336
4955,28,345,12.32,13.8,0,corps,20.454757732106927,2.1167
4956,5,54,10.80,3.6,0,corps,20.446532409742822,1.4078
4957,9,132,14.67,5.3,0,corps,20.438311199011913,4.9253
4958,30,391,13.03,14.7,0,corps,20.43009409785888,2.5738
4959,13,132,10.15,7.1,0,corps,20.421881104229467,1.9204
4960,14,152,10.86,7.6,0,corps,20.41367221607041,4.9958
4961,15,181,12.07,8.0,0,corps,20.40546743132949,3.7178
4962,25,326,13.04,12.4,0,corps,20.39726674795552,1.4598
4963,34,419,12.32,16.4,0,corps,20.389070163898314,2.3585
4964,13,173,13.31,7.1,0,corps,20.380877677108735,1.6832
4965,16,260,16.25,8.4,0,corps,20.372689285538673,2.8535
4966,15,182,12.13,8.0,0,corps,20.364504987141007,1.9115
4967,14,166,11.86,7.6,0,corps,20.356324779869677,2.6397
4968,13,163,12.54,7.1,0,corps,20.348148661679623,2.6468
4969,27,347,12.85,13.3,0,corps,20.33997663052682,3.8248
4970,26,415,15.96,12.9,0,corps,20.33180868436827,3.5437
4971,11,243,22.09,6.2,0,corps,20.323644821161963,0.9987
4972,20,297,14.85,10.2,0,corps,20.315485038866946,2.5096
4973,13,138,10.62,7.1,0,corps,20.307329335443285,3.3212
4974,18,281,15.61,9.3,0,corps,20.299177708852035,2.7800
4975,19,260,13.68,9.8,0,corps,20.291030157055303,1.8420
4976,23,296,12.87,11.6,0,corps,20.282886678016187,1.8497
4977,21,334,15.90,10.7,0,corps,20.274747269698825,1.5385
4978,26,380,14.62,12.9,0,corps,20.266611930068375,1.5135
4979,9,144,16.00,5.3,0,corps,20.25848065709098,1.2389
4980,16,182,11.38,8.4,0,corps,20.250353448733843,1.8579
4981,13,197,15.15,7.1,0,corps,20.242230302965154,3.1897
4982,15,188,12.53,8.0,0,corps,20.23411121775412,2.2790
4983,10,105,10.50,5.8,0,corps,20.22599619107098,4.1516
4984,11,146,13.27,6.2,0,corps,20.21788522088697,1.1754
4985,25,336,13.44,12.4,0,corps,20.209778305174343,1.7072
4986,19,217,11.42,9.8,0,corps,20.20167544190639,3.0509
4987,20,245,12.25,10.2,0,corps,20.193576629057368,1.6765
4988,9,73,8.11,5.3,0,corps,20.185481864602593,2.9765
4989,6,104,17.33,4.0,0,corps,20.17739114651837,1.4678
4990,13,124,9.54,7.1,0,corps,20.169304472782017,1.4845
4991,13,207,15.92,7.1,0,corps,20.16122184137187,1.3854
4992,17,201,11.82,8.9,0,corps,20.153143250267263,1.2621
4993,12,163,13.58,6.7,0,corps,20.14506869744855,1.1975
4994,15,219,14.60,8.0,0,corps,20.136998180897105,3.3082
4995,22,237,10.77,11.1,0,corps,20.12893169859528,1.8664
4996,14,168,12.00,7.6,0,corps,20.120869248526464,1.4756
4997,18,239,13.28,9.3,0,corps,20.112810828675055,2.4110
4998,11,178,16.18,6.2,0,corps,20.104756437026424,3.8206
4999,11,145,13.18,6.2,0,corps,20.096706071567,1.4616
5000,12,116,9.67,6.7,0,corps,20.088659730284164,3.9915
5001,18,233,12.94,9.3,0,corps,20.080617411166347,1.6948
5002,10,166,16.60,5.8,0,corps,20.072579112202973,1.3606
5003,20,244,12.20,10.2,0,corps,20.064544831384456,1.6983
5004,19,204,10.74,9.8,0,corps,20.056514566702237,4.7656
5005,11,175,15.91,6.2,0,corps,20.04848831614873,1.2063
5006,15,220,14.67,8.0,0,corps,20.040466077717394,4.4812
5007,28,321,11.46,13.8,0,corps,20.032447849402665,2.5578
5008,19,234,12.32,9.8,0,corps,20.024433629199976,4.8539
5009,28,406,14.50,13.8,0,corps,20.016423415105773,1.9600
5010,27,329,12.19,13.3,0,corps,20.008417205117517,1.8583
5011,21,276,13.14,10.7,0,corps,20.000414997233644,1.8024
5012,19,254,13.37,9.8,0,corps,19.992416789453603,2.5647
5013,22,238,10.82,11.1,0,corps,19.98442257977784,1.7657
5014,19,298,15.68,9.8,0,corps,19.976432366207803,1.4225
5015,15,176,11.73,8.0,0,corps,19.96844614674595,1.6192
5016,9,146,16.22,5.3,0,corps,19.960463919395707,4.5080
5017,27,368,13.63,13.3,0,corps,19.952485682161527,2.8400
5018,5,44,8.80,3.6,0,corps,19.944511433048863,1.9558
5019,16,220,13.75,8.4,0,corps,19.936541170064128,1.5052
5020,29,368,12.69,14.2,0,corps,19.928574891214772,2.3559
5021,28,384,13.71,13.8,0,corps,19.920612594509223,3.4785
5022,31,359,11.58,15.1,0,corps,19.9126542779569,3.1063
5023,39,404,10.36,18.7,0,corps,19.90469993956824,1.6175
5024,30,388,12.93,14.7,0,corps,19.89674957735464,2.1551
5025,13,147,11.31,7.1,0,corps,19.888803189328513,1.3495
5026,6,64,10.67,4.0,0,corps,19.88086077350328,5.6574
5027,8,157,19.62,4.9,0,corps,19.87292232789331,0.9926
5028,21,336,16.00,10.7,0,corps,19.864987850514016,2.0860
5029,2,38,19.00,2.2,0,corps,19.857057339381758,0.7295
5030,4,42,10.50,3.1,0,corps,19.849130792513918,1.8904
5031,16,193,12.06,8.4,0,corps,19.841208207928865,1.2328
5032,7,44,6.29,4.4,0,corps,19.833289583645943,1.6886
5033,29,300,10.34,14.2,0,corps,19.825374917685494,2.4702
5034,29,351,12.10,14.2,0,corps,19.817464208068866,1.4836
5035,30,383,12.77,14.7,0,corps,19.809557452818368,1.4516
5036,20,212,10.60,10.2,0,corps,19.801654649957317,1.8722
5037,5,77,15.40,3.6,0,corps,19.793755797510006,1.3424
5038,12,143,11.92,6.7,0,corps,19.78586089350173,2.8862
5039,20,236,11.80,10.2,0,corps,19.777969935958765,2.7202
5040,19,204,10.74,9.8,0,corps,19.770082922908358,2.9403
5041,14,178,12.71,7.6,0,corps,19.762199852378764,3.1049
5042,24,274,11.42,12.0,0,corps,19.75432072239922,3.4827
5043,32,342,10.69,15.6,0,corps,19.74644553099994,2.0379
5044,8,142,17.75,4.9,0,corps,19.73857427621212,0.9487
5045,13,163,12.54,7.1,0,corps,19.73070695606795,1.6440
5046,13,160,12.31,7.1,0,corps,19.722843568600602,1.2051
5047,12,158,13.17,6.7,0,corps,19.714984111844235,4.7914
5048,36,443,12.31,17.3,0,corps,19.70712858383397,3.2202
5049,12,184,15.33,6.7,0,corps,19.69927698260593,5.9737
5050,18,224,12.44,9.3,0,corps,19.69142930619723,1.4811
5051,18,257,14.28,9.3,0,corps,19.683585552645926,1.6174
5052,5,30,6.00,3.6,0,corps,19.6757457199911,2.3372
5053,10,127,12.70,5.8,0,corps,19.667909806272778,1.4749
5054,6,48,8.00,4.0,0,corps,19.66007780953199,11.1510
5055,21,323,15.38,10.7,0,corps,19.652249727810748,2.3378
5056,13,146,11.23,7.1,0,corps,19.64442555915201,4.3203
5057,20,287,14.35,10.2,0,corps,19.636605301599737,1.7622
5058,9,123,13.67,5.3,0,corps,19.628788953198885,1.2371
5059,19,240,12.63,9.8,0,corps,19.62097651199534,1.7228
5060,4,54,13.50,3.1,0,corps,19.613167976036017,1.3912
5061,4,68,17.00,3.1,0,corps,19.605363343368758,0.8974
5062,28,378,13.50,13.8,0,corps,19.597562612042417,2.9282
5063,19,254,13.37,9.8,0,corps,19.58976578010682,1.8411
5064,6,109,18.17,4.0,0,corps,19.581972845612743,1.3192
5065,21,244,11.62,10.7,0,corps,19.574183806611952,3.9292
5066,36,504,14.00,17.3,0,corps,19.566398661157205,1.6832
5067,14,227,16.21,7.6,0,corps,19.558617407302197,1.0279
5068,20,291,14.55,10.2,0,corps,19.55084004310163,1.6105
5069,12,126,10.50,6.7,0,corps,19.54306656661115,1.7548
5070,36,481,13.36,17.3,0,corps,19.535296975887384,3.7882
5071,4,62,15.50,3.1,0,corps,19.527531268987957,1.1284
5072,13,140,10.77,7.1,0,corps,19.51976944397142,1.5957
5073,11,144,13.09,6.2,0,corps,19.512011498897323,4.5766
5074,16,231,14.44,8.4,0,corps,19.50425743182619,1.4661
5075,15,215,14.33,8.0,0,corps,19.496507240819486,2.8527
5076,15,200,13.33,8.0,0,corps,19.488760923939683,1.3888
5077,3,28,9.33,2.7,0,corps,19.481018479250185,1.4426
5078,25,389,15.56,12.4,0,corps,19.473279904815385,2.7993
5079,8,105,13.12,4.9,0,corps,19.465545198700653,1.2104
5080,6,70,11.67,4.0,0,corps,19.45781435897229,1.6032
5081,24,289,12.04,12.0,0,corps,19.450087383697596,3.2887
5082,9,58,6.44,5.3,0,corps,19.44236427094484,4.3028
5083,18,208,11.56,9.3,0,corps,19.434645018783222,2.1845
5084,26,258,9.92,12.9,0,corps,19.426929625282945,2.6138
5085,13,142,10.92,7.1,0,corps,19.41921808851515,2.6953
5086,20,228,11.40,10.2,0,corps,19.41151040655196,2.3549
5087,20,257,12.85,10.2,0,corps,19.403806577466458,4.0010
5088,24,320,13.33,12.0,0,corps,19.396106599332672,2.9682
5089,5,46,9.20,3.6,0,corps,19.388410470225615,2.1406
5090,28,440,15.71,13.8,0,corps,19.380718188221262,2.9130
5091,3,34,11.33,2.7,0,corps,19.37302975139653,2.0923
5092,21,354,16.86,10.7,0,corps,19.365345157829324,1.9207
5093,20,306,15.30,10.2,0,corps,19.35766440559848,1.9258
5094,27,300,11.11,13.3,0,corps,19.349987492783818,2.0160
5095,12,145,12.08,6.7,0,corps,19.342314417466117,1.5840
5096,16,190,11.88,8.4,0,corps,19.33464517772709,1.5349
5097,34,348,10.24,16.4,0,corps,19.326979771649437,3.0229
5098,7,66,9.43,4.4,0,corps,19.31931819731682,2.4271
5099,25,317,12.68,12.4,0,corps,19.31166045281382,1.6790
5100,12,151,12.58,6.7,0,corps,19.30400653622602,1.4347
5101,38,461,12.13,18.2,0,corps,19.29635644563993,2.8932
5102,24,262,10.92,12.0,0,corps,19.288710179143028,3.8062
5103,18,264,14.67,9.3,0,corps,19.281067734823758,1.2750
5104,16,216,13.50,8.4,0,corps,19.273429110771495,1.5846
5105,5,67,13.40,3.6,0,corps,19.26579430507659,1.4093
5106,22,306,13.91,11.1,0,corps,19.258163315830345,1.6287
5107,12,166,13.83,6.7,0,corps,19.250536141125004,1.4177
5108,8,82,10.25,4.9,0,corps,19.242912779053782,2.0209
5109,14,136,9.71,7.6,0,corps,19.23529322771083,6.2955
5110,17,261,15.35,8.9,0,corps,19.227677485191265,2.1335
5111,16,212,13.25,8.4,0,corps,19.220065549591155,5.2415
5112,15,210,14.00,8.0,0,corps,19.212457419007503,1.4679
5113,9,130,14.44,5.3,0,corps,19.20485309153829,1.3797
5114,7,64,9.14,4.4,0,corps,19.197252565282433,1.8578
5115,16,236,14.75,8.4,0,corps,19.189655838339785,1.3826
5116,5,69,13.80,3.6,0,corps,19.18206290881119,1.1187
5117,7,96,13.71,4.4,0,corps,19.174473774798393,1.5895
5118,7,91,13.00,4.4,0,corps,19.166888434404118,2.0263
5119,14,143,10.21,7.6,0,corps,19.159306885732036,1.5335
5120,8,84,10.50,4.9,0,corps,19.15172912688675,1.6328
5121,25,288,11.52,12.4,0,corps,19.144155155973824,2.6552
5122,18,194,10.78,9.3,0,corps,19.136584971099772,5.1901
5123,10,132,13.20,5.8,0,corps,19.129018570372036,2.8648
5124,9,124,13.78,5.3,0,corps,19.121455951899023,4.8460
5125,14,207,14.79,7.6,0,corps,19.113897113790077,1.1028
5126,19,284,14.95,9.8,0,corps,19.106342054155483,1.5350
5127,13,167,12.85,7.1,0,corps,19.09879077110649,3.9657
5128,20,281,14.05,10.2,0,corps,19.091243262755263,2.3814
5129,13,156,12.00,7.1,0,corps,19.083699527214936,1.4840
5130,12,148,12.33,6.7,0,corps,19.076159562599564,4.6164
5131,25,374,14.96,12.4,0,corps,19.068623367024156,1.7124
5132,31,334,10.77,15.1,0,corps,19.06109093860468,1.8355
5133,20,356,17.80,10.2,0,corps,19.05356227545801,2.1204
5134,15,205,13.67,8.0,0,corps,19.046037375701985,2.1669
5135,21,250,11.90,10.7,0,corps,19.03851623745539,1.6393
5136,19,312,16.42,9.8,0,corps,19.03099885883793,3.4726
5137,14,180,12.86,7.6,0,corps,19.023485237970263,3.7022
5138,11,276,25.09,6.2,0,corps,19.01597537297398,0.8890
5139,16,294,18.38,8.4,0,corps,19.00846926197162,1.1815
5140,4,36,9.00,3.1,0,corps,19.000966903086656,2.0196
5141,20,180,9.00,10.2,0,corps,18.993468294443492,2.5957
5142,18,212,11.78,9.3,0,corps,18.98597343416748,4.8544
5143,12,217,18.08,6.7,0,corps,18.97848232038491,1.1849
5144,28,310,11.07,13.8,0,corps,18.970994951222995,2.4489
5145,17,191,11.24,8.9,0,corps,18.9635113248099,1.7806
5146,4,41,10.25,3.1,0,corps,18.956031439274707,1.6582
5147,35,428,12.23,16.9,0,corps,18.94855529274745,4.0521
5148,22,313,14.23,11.1,0,corps,18.941082883359105,1.9911
5149,18,248,13.78,9.3,0,corps,18.933614209241547,1.6145
5150,22,246,11.18,11.1,0,corps,18.926149268527624,2.0134
5151,4,43,10.75,3.1,0,corps,18.918688059351098,1.5899
5152,20,316,15.80,10.2,0,corps,18.91123057984666,3.3392
5153,9,109,12.11,5.3,0,corps,18.903776828149955,1.7662
5154,15,193,12.87,8.0,0,corps,18.896326802397525,1.3481
5155,4,49,12.25,3.1,0,corps,18.88888050072687,1.3988
5156,15,197,13.13,8.0,0,corps,18.88143792127643,1.5415
5157,19,230,12.11,9.8,0,corps,18.873999062185536,4.4140
5158,36,478,13.28,17.3,0,corps,18.866563921594487,1.5352
5159,20,207,10.35,10.2,0,corps,18.859132497644502,1.6908
5160,10,117,11.70,5.8,0,corps,18.851704788477715,6.8973
5161,9,155,17.22,5.3,0,corps,18.844280792237207,1.0627
5162,11,134,12.18,6.2,0,corps,18.836860507066966,2.5685
5163,15,160,10.67,8.0,0,corps,18.829443931111932,4.8859
5164,9,168,18.67,5.3,0,corps,18.822031062517965,1.2300
5165,17,223,13.12,8.9,0,corps,18.81462189943183,2.3104
5166,10,144,14.40,5.8,0,corps,18.807216440001252,1.3440
5167,14,174,12.43,7.6,0,corps,18.799814682374862,2.8378
5168,7,67,9.57,4.4,0,corps,18.79241662470222,1.5795
5169,12,118,9.83,6.7,0,corps,18.785022265133815,5.3123
5170,26,270,10.38,12.9,0,corps,18.777631601821042,3.3241
5171,12,193,16.08,6.7,0,corps,18.77024463291625,2.9803
5172,6,55,9.17,4.0,0,corps,18.762861356572703,9.3803
5173,11,120,10.91,6.2,0,corps,18.755481770944563,4.2664
5174,17,267,15.71,8.9,0,corps,18.74810587418694,1.4917
5175,23,236,10.26,11.6,0,corps,18.74073366445587,2.8612
5176,10,120,12.00,5.8,0,corps,18.73336513990829,6.4253
5177,18,250,13.89,9.3,0,corps,18.726000298702075,1.7726
5178,32,396,12.38,15.6,0,corps,18.718639138996004,2.2122
5179,11,102,9.27,6.2,0,corps,18.711281658949797,1.7402
5180,26,268,10.31,12.9,0,corps,18.703927856724086,1.7611
5181,10,128,12.80,5.8,0,corps,18.69657773048041,1.6119
5182,39,613,15.72,18.7,0,corps,18.689231278381243,3.3632
5183,30,359,11.97,14.7,0,corps,18.68188849858998,3.0007
5184,14,183,13.07,7.6,0,corps,18.67454938927091,3.3895
5185,23,361,15.70,11.6,0,corps,18.66721394858927,1.4587
5186,24,289,12.04,12.0,0,corps,18.65988217471119,3.8279
5187,9,118,13.11,5.3,0,corps,18.652554065803727,1.3278
5188,4,58,14.50,3.1,0,corps,18.645229620034865,1.7698
5189,20,235,11.75,10.2,0,corps,18.637908835573473,2.0676
5190,9,143,15.89,5.3,0,corps,18.63059171058937,1.7026
5191,20,249,12.45,10.2,0,corps,18.62327824325328,1.7473
5192,18,291,16.17,9.3,0,corps,18.615968431736817,1.5389
5193,19,294,15.47,9.8,0,corps,18.60866227421255,1.4093
5194,7,79,11.29,4.4,0,corps,18.60135976885391,1.8801
5195,26,382,14.69,12.9,0,corps,18.594060913835296,1.4734
5196,11,176,16.00,6.2,0,corps,18.586765707331992,1.4006
5197,23,309,13.43,11.6,0,corps,18.579474147520187,1.8771
5198,10,110,11.00,5.8,0,corps,18.57218623257699,1.7034
5199,28,325,11.61,13.8,0,corps,18.564901960680437,1.7723
5200,6,90,15.00,4.0,0,corps,18.55762133000944,1.3456
5201,9,103,11.44,5.3,0,corps,18.55034433874386,5.8783
5202,8,98,12.25,4.9,0,corps,18.543070985064432,1.5613
5203,9,86,9.56,5.3,0,corps,18.53580126715283,1.9363
5204,31,341,11.00,15.1,0,corps,18.52853518319162,1.8662
5205,10,160,16.00,5.8,0,corps,18.521272731364284,1.2994
5206,10,177,17.70,5.8,0,corps,18.5140139098552,1.0845
5207,18,240,13.33,9.3,0,corps,18.506758716849678,2.8127
5208,4,54,13.50,3.1,0,corps,18.499507150533905,1.6329
5209,14,159,11.36,7.6,0,corps,18.492259209095,1.4247
5210,5,49,9.80,3.6,0,corps,18.485014890720965,1.9221
5211,27,362,13.41,13.3,0,corps,18.477774193600734,1.4451
5212,6,69,11.50,4.0,0,corps,18.470537115924127,2.5537
5213,11,99,9.00,6.2,0,corps,18.463303655881873,6.5502
5214,17,205,12.06,8.9,0,corps,18.4560738116656,1.7833
5215,13,154,11.85,7.1,0,corps,18.44884758146787,4.7010
5216,23,292,12.70,11.6,0,corps,18.441624963482102,2.8174
5217,19,254,13.37,9.8,0,corps,18.43440595590266,1.4085
5218,14,230,16.43,7.6,0,corps,18.427190556924767,2.9478
5219,19,225,11.84,9.8,0,corps,18.41997876474459,3.5236
5220,5,76,15.20,3.6,0,corps,18.412770577559193,1.0505
5221,10,117,11.70,5.8,0,corps,18.4055659935665,1.1918
5222,12,170,14.17,6.7,0,corps,18.398365010965385,1.0706
5223,9,131,14.56,5.3,0,corps,18.391167627955607,1.3482
5224,23,340,14.78,11.6,0,corps,18.383973842737802,1.9627
5225,30,346,11.53,14.7,0,corps,18.37678365351354,3.2342
5226,26,360,13.85,12.9,0,corps,18.369597058485258,3.5376
5227,8,89,11.12,4.9,0,corps,18.362414055856316,1.3626
5228,19,286,15.05,9.8,0,corps,18.35523464383097,1.3221
5229,5,35,7.00,3.6,0,corps,18.34805882061435,1.6933
5230,25,345,13.80,12.4,0,corps,18.340886584412512,3.2363
5231,10,105,10.50,5.8,0,corps,18.333717933432403,1.4419
5232,19,218,11.47,9.8,0,corps,18.326552865881844,4.2073
5233,13,98,7.54,7.1,0,corps,18.31939137996958,1.8267
5234,13,153,11.77,7.1,0,corps,18.312233473905234,1.3078
5235,11,165,15.00,6.2,0,corps,18.30507914589933,3.3304
5236,13,189,14.54,7.1,0,corps,18.297928394163293,1.5120
5237,18,288,16.00,9.3,0,corps,18.290781216909423,1.4746
5238,19,241,12.68,9.8,0,corps,18.28363761235093,2.5517
5239,4,28,7.00,3.1,0,corps,18.27649757870192,2.1907
5240,16,112,7.00,8.4,0,corps,18.269361114177375,4.3247
5241,15,180,12.00,8.0,0,corps,18.26222821699319,3.3582
5242,13,143,11.00,7.1,0,corps,18.255098885366124,3.3831
5243,5,70,14.00,3.6,0,corps,18.247973117513855,1.3813
5244,26,408,15.69,12.9,0,corps,18.240850911654945,2.5739
5245,28,350,12.50,13.8,0,corps,18.233732266008833,1.7801
5246,15,195,13.00,8.0,0,corps,18.226617178795863,3.8348
5247,4,34,8.50,3.1,0,corps,18.219505648237263,2.1617
5248,13,137,10.54,7.1,0,corps,18.212397672555145,1.6410
5249,5,75,15.00,3.6,0,corps,18.205293249972527,1.4423
5250,22,298,13.55,11.1,0,corps,18.198192378713284,2.1817
5251,14,136,9.71,7.6,0,corps,18.191095057002215,2.1261
5252,18,207,11.50,9.3,0,corps,18.18400128306499,3.8071
5253,29,390,13.45,14.2,0,corps,18.17691105512815,2.7068
5254,9,168,18.67,5.3,0,corps,18.169824371419157,1.0608
5255,29,447,15.41,14.2,0,corps,18.162741230166326,1.9822
5256,12,96,8.00,6.7,0,corps,18.155661629598875,2.6288
5257,30,422,14.07,14.7,0,corps,18.14858556794691,1.6187
5258,26,314,12.08,12.9,0,corps,18.141513043441403,1.7158
5259,8,126,15.75,4.9,0,corps,18.134444054314233,1.9055
5260,9,91,10.11,5.3,0,corps,18.127378598798156,1.5671
5261,14,210,15.00,7.6,0,corps,18.120316675126798,2.0626
5262,20,245,12.25,10.2,0,corps,18.113258281534687,3.7729
5263,19,228,12.00,9.8,0,corps,18.10620341625721,1.5255
5264,22,282,12.82,11.1,0,corps,18.099152077530665,2.1511
5265,8,75,9.38,4.9,0,corps,18.09210426359222,1.3676
5266,25,369,14.76,12.4,0,corps,18.0850599726799,2.3863
5267,20,325,16.25,10.2,0,corps,18.078019203032657,1.4531
5268,19,247,13.00,9.8,0,corps,18.07098195289029,3.2899
5269,4,43,10.75,3.1,0,corps,18.063948220493476,1.5178
5270,17,198,11.65,8.9,0,corps,18.056918004083798,1.3339
5271,10,136,13.60,5.8,0,corps,18.049891301903685,1.2390
5272,33,368,11.15,16.0,0,corps,18.042868112196476,4.0353
5273,12,161,13.42,6.7,0,corps,18.035848433206375,3.5934
5274,16,202,12.62,8.4,0,corps,18.028832263178447,1.5490
5275,15,232,15.47,8.0,0,corps,18.021819600358654,1.2304
5276,25,383,15.32,12.4,0,corps,18.014810442993845,2.6869
5277,25,230,9.20,12.4,0,corps,18.007804789331715,6.6302
5278,12,136,11.33,6.7,0,corps,18.000802637620858,1.3174
5279,26,307,11.81,12.9,0,corps,17.993803986110727,1.5267
5280,20,208,10.40,10.2,0,corps,17.98680883305167,1.2776
5281,10,140,14.00,5.8,0,corps,17.979817176694894,4.4779
5282,23,253,11.00,11.6,0,corps,17.97282901529248,2.0736
5283,17,233,13.71,8.9,0,corps,17.965844347097395,1.0707
5284,27,403,14.93,13.3,0,corps,17.958863170363475,1.2868
5285,18,197,10.94,9.3,0,corps,17.95188548334541,1.1500
5286,11,138,12.55,6.2,0,corps,17.944911284298804,1.0301
5287,21,250,11.90,10.7,0,corps,17.93794057148008,2.7533
5288,7,68,9.71,4.4,0,corps,17.93097334314657,9.5102
5289,19,276,14.53,9.8,0,corps,17.924009597556477,0.9237
5290,5,88,17.60,3.6,0,corps,17.917049332968848,1.0718
5291,24,303,12.62,12.0,0,corps,17.910092547643625,1.3956
5292,9,82,9.11,5.3,0,corps,17.903139239841618,1.3731
5293,18,233,12.94,9.3,0,corps,17.896189407824487,1.7866
5294,17,251,14.76,8.9,0,corps,17.889243049854787,1.0441
5295,16,210,13.12,8.4,0,corps,17.882300164195915,1.3447
5296,9,84,9.33,5.3,0,corps,17.875360749112158,1.1596
5297,19,250,13.16,9.8,0,corps,17.868424802868667,2.3874
5298,15,185,12.33,8.0,0,corps,17.86149232373144,1.2481
5299,20,260,13.00,10.2,0,corps,17.854563309967368,2.1978
5300,20,272,13.60,10.2,0,corps,17.8476377598442,1.1688
5301,2,29,14.50,2.2,0,corps,17.840715671630537,2.0527
5302,25,284,11.36,12.4,0,corps,17.833797043595876,2.7067
5303,14,190,13.57,7.6,0,corps,17.826881874010535,3.8626
5304,15,239,15.93,8.0,0,corps,17.81997016114574,1.7622
5305,4,62,15.50,3.1,0,corps,17.81306190327356,1.5855
5306,17,294,17.29,8.9,0,corps,17.806157098666926,1.3935
5307,19,210,11.05,9.8,0,corps,17.799255745599634,1.7888
5308,18,179,9.94,9.3,0,corps,17.792357842346355,3.0321
5309,14,184,13.14,7.6,0,corps,17.785463387182606,1.6191
5310,19,219,11.53,9.8,0,corps,17.77857237838478,1.6346
5311,26,316,12.15,12.9,0,corps,17.771684814230117,1.7200
5312,23,324,14.09,11.6,0,corps,17.764800692996726,1.4795
5313,12,136,11.33,6.7,0,corps,17.757920012963584,5.3771
5314,17,225,13.24,8.9,0,corps,17.751042772410518,1.8390
5315,16,233,14.56,8.4,0,corps,17.74416896961821,2.4521
5316,27,441,16.33,13.3,0,corps,17.737298602868226,1.8738
5317,23,300,13.04,11.6,0,corps,17.730431670442957,3.1273
5318,17,275,16.18,8.9,0,corps,17.723568170625683,2.6714
5319,7,62,8.86,4.4,0,corps,17.71670810170052,2.0016
5320,22,298,13.55,11.1,0,corps,17.70985146195245,1.5072
5321,14,163,11.64,7.6,0,corps,17.702998249667324,3.4994
5322,22,251,11.41,11.1,0,corps,17.696148463131824,3.7761
5323,27,405,15.00,13.3,0,corps,17.689302100633515,3.4187
5324,21,229,10.90,10.7,0,corps,17.682459160460805,2.2368
5325,2,66,33.00,2.2,0,corps,17.675619640902955,1.1066
5326,13,160,12.31,7.1,0,corps,17.668783540250086,2.7818
5327,14,147,10.50,7.6,0,corps,17.661950856793172,5.3051
5328,21,253,12.05,10.7,0,corps,17.65512158882404,1.7302
5329,25,361,14.44,12.4,0,corps,17.648295734635386,2.5763
5330,11,153,13.91,6.2,0,corps,17.641473292520725,1.8676
5331,8,118,14.75,4.9,0,corps,17.634654260774465,1.2997
5332,20,244,12.20,10.2,0,corps,17.627838637691845,3.5180
5333,26,328,12.62,12.9,0,corps,17.62102642156895,3.0909
5334,27,347,12.85,13.3,0,corps,17.614217610702735,1.9398
5335,11,138,12.55,6.2,0,corps,17.607412203390986,1.3860
5336,17,256,15.06,8.9,0,corps,17.60061019793236,2.4276
5337,20,277,13.85,10.2,0,corps,17.593811592626366,2.0199
5338,22,274,12.45,11.1,0,corps,17.587016385773328,2.4903
5339,10,127,12.70,5.8,0,corps,17.580224575674464,5.4490
5340,3,54,18.00,2.7,0,corps,17.573436160631815,1.2506
5341,8,94,11.75,4.9,0,corps,17.566651138948274,1.6288
5342,11,204,18.55,6.2,0,corps,17.55986950892759,1.0705
5343,29,355,12.24,14.2,0,corps,17.55309126887435,1.8270
5344,9,97,10.78,5.3,0,corps,17.546316417093998,6.5457
5345,13,170,13.08,7.1,0,corps,17.53954495189283,1.3091
5346,20,235,11.75,10.2,0,corps,17.532776871577962,2.4525
5347,14,211,15.07,7.6,0,corps,17.526012174457378,1.2264
5348,11,138,12.55,6.2,0,corps,17.51925085883992,1.4733
5349,9,107,11.89,5.3,0,corps,17.51249292303524,5.9802
5350,13,127,9.77,7.1,0,corps,17.505738365353867,2.8017
5351,8,92,11.50,4.9,0,corps,17.498987184107147,4.7219
5352,18,222,12.33,9.3,0,corps,17.492239377607298,1.4608
5353,18,216,12.00,9.3,0,corps,17.485494944167364,3.2177
5354,9,132,14.67,5.3,0,corps,17.478753882101238,1.1103
5355,5,70,14.00,3.6,0,corps,17.472016189723647,2.2921
5356,17,238,14.00,8.9,0,corps,17.46528186535018,3.2738
5357,21,270,12.86,10.7,0,corps,17.458550907297244,1.8134
5358,6,112,18.67,4.0,0,corps,17.45182331388211,1.0110
5359,16,177,11.06,8.4,0,corps,17.44509908342287,4.4425
5360,22,286,13.00,11.1,0,corps,17.43837821423847,2.1094
5361,17,230,13.53,8.9,0,corps,17.431660704648703,2.3508
5362,9,119,13.22,5.3,0,corps,17.42494655297417,1.2628
5363,31,354,11.42,15.1,0,corps,17.418235757536348,4.3283
5364,25,327,13.08,12.4,0,corps,17.41152831665754,2.5583
5365,11,200,18.18,6.2,0,corps,17.40482422866088,2.7809
5366,7,117,16.71,4.4,0,corps,17.39812349187035,1.3457
5367,14,235,16.79,7.6,0,corps,17.39142610461076,1.2809
5368,23,268,11.65,11.6,0,corps,17.384732065207757,2.3929
5369,24,378,15.75,12.0,0,corps,17.378041371987855,1.9496
5370,20,233,11.65,10.2,0,corps,17.371354023278354,1.5701
5371,35,461,13.17,16.9,0,corps,17.36467001740743,2.8201
5372,39,476,12.21,18.7,0,corps,17.357989352704088,2.0033
5373,24,325,13.54,12.0,0,corps,17.351312027498142,1.7552
5374,3,30,10.00,2.7,0,corps,17.344638040120284,1.6816
5375,13,147,11.31,7.1,0,corps,17.337967388901998,4.8884
5376,15,208,13.87,8.0,0,corps,17.33130007217563,4.0505
5377,15,222,14.80,8.0,0,corps,17.324636088274353,1.8571
5378,31,337,10.87,15.1,0,corps,17.317975435532166,3.3374
5379,23,268,11.65,11.6,0,corps,17.311318112283907,2.2186
5380,13,159,12.23,7.1,0,corps,17.304664116865244,1.5172
5381,8,101,12.62,4.9,0,corps,17.29801344761268,1.4855
5382,19,196,10.32,9.8,0,corps,17.29136610286355,2.9360
5383,10,123,12.30,5.8,0,corps,17.28472208095601,5.4429
5384,15,178,11.87,8.0,0,corps,17.278081380229057,2.6319
5385,18,276,15.33,9.3,0,corps,17.271443999022527,1.7757
5386,16,228,14.25,8.4,0,corps,17.264809935677057,1.2553
5387,8,129,16.12,4.9,0,corps,17.258179188534147,0.9902
5388,5,38,7.60,3.6,0,corps,17.251551755936102,2.1068
5389,17,177,10.41,8.9,0,corps,17.244927636226063,2.1421
5390,15,176,11.73,8.0,0,corps,17.238306827748005,1.6107
5391,15,182,12.13,8.0,0,corps,17.23168932884672,3.3468
5392,14,137,9.79,7.6,0,corps,17.225075137867833,1.7854
5393,17,234,13.76,8.9,0,corps,17.21846425315781,1.9659
5394,15,157,10.47,8.0,0,corps,17.21185667306391,1.8011
5395,20,275,13.75,10.2,0,corps,17.205252395934252,1.5911
5396,22,252,11.45,11.1,0,corps,17.198651420117756,1.5961
5397,19,188,9.89,9.8,0,corps,17.192053743964188,5.8919
5398,22,326,14.82,11.1,0,corps,17.185459365824123,1.4464
5399,16,244,15.25,8.4,0,corps,17.178868284048967,1.1045
5400,12,117,9.75,6.7,0,corps,17.17228049699095,1.9367
5401,16,179,11.19,8.4,0,corps,17.165696003003134,1.7733
5402,31,358,11.55,15.1,0,corps,17.15911480043938,3.3702
5403,24,282,11.75,12.0,0,corps,17.1525368876544,1.9057
5404,26,294,11.31,12.9,0,corps,17.145962263003707,3.5296
5405,9,90,10.00,5.3,0,corps,17.139390924843642,6.1866
5406,21,241,11.48,10.7,0,corps,17.132822871531385,2.0271
5407,4,44,11.00,3.1,0,corps,17.12625810142491,1.6816
5408,5,87,17.40,3.6,0,corps,17.119696612883033,1.0708
5409,10,124,12.40,5.8,0,corps,17.113138404265378,1.3692
5410,22,258,11.73,11.1,0,corps,17.106583473932385,3.0587
5411,12,148,12.33,6.7,0,corps,17.100031820245338,3.9990
5412,19,261,13.74,9.8,0,corps,17.093483441566306,3.3496
5413,9,98,10.89,5.3,0,corps,17.086938336258203,1.9501
5414,8,99,12.38,4.9,0,corps,17.080396502684764,1.9916
5415,30,383,12.77,14.7,0,corps,17.073857939210505,2.6383
5416,19,206,10.84,9.8,0,corps,17.067322644200804,3.3321
5417,18,233,12.94,9.3,0,corps,17.060790616021833,2.8309
5418,23,272,11.83,11.6,0,corps,17.054261853040583,2.9069
5419,12,194,16.17,6.7,0,corps,17.047736353624867,2.5993
5420,26,369,14.19,12.9,0,corps,17.041214116143305,1.2462
5421,17,254,14.94,8.9,0,corps,17.034695138965336,1.2199
5422,13,144,11.08,7.1,0,corps,17.028179420461225,2.4363
5423,28,363,12.96,13.8,0,corps,17.021666959002037,3.4511
5424,22,213,9.68,11.1,0,corps,17.01515775295965,2.1281
5425,15,164,10.93,8.0,0,corps,17.00865180070678,3.1171
5426,11,125,11.36,6.2,0,corps,17.00214910061692,2.3671
5427,9,127,14.11,5.3,0,corps,16.995649651064408,4.4401
5428,13,178,13.69,7.1,0,corps,16.98915345042437,1.5881
5429,13,215,16.54,7.1,0,corps,16.982660497072764,2.0549
5430,10,178,17.80,5.8,0,corps,16.976170789386355,3.0891
5431,20,323,16.15,10.2,0,corps,16.969684325742705,2.3131
5432,20,350,17.50,10.2,0,corps,16.963201104520206,3.1939
5433,18,262,14.56,9.3,0,corps,16.956721124098053,1.6877
5434,11,194,17.64,6.2,0,corps,16.950244382856244,1.1509
5435,3,76,25.33,2.7,0,corps,16.943770879175606,1.2891
5436,2,19,9.50,2.2,0,corps,16.937300611437745,2.0724
5437,22,321,14.59,11.1,0,corps,16.93083357802511,2.3906
5438,25,362,14.48,12.4,0,corps,16.924369777320937,2.1725
5439,14,215,15.36,7.6,0,corps,16.917909207709272,3.1279
5440,17,257,15.12,8.9,0,corps,16.91145186757498,2.1634
5441,15,200,13.33,8.0,0,corps,16.904997755303725,2.1076
5442,15,200,13.33,8.0,0,corps,16.89854686928197,3.9233
5443,35,452,12.91,16.9,0,corps,16.892099207897,4.4234
5444,20,260,13.00,10.2,0,corps,16.885654769536902,3.7533
5445,20,291,14.55,10.2,0,corps,16.879213552590556,1.5538
5446,19,211,11.11,9.8,0,corps,16.872775555447678,2.2397
5447,18,309,17.17,9.3,0,corps,16.86634077649875,4.6092
5448,18,284,15.78,9.3,0,corps,16.859909214135076,1.5478
5449,33,470,14.24,16.0,0,corps,16.853480866748786,2.2021
5450,14,167,11.93,7.6,0,corps,16.84705573273277,1.8333
5451,13,138,10.62,7.1,0,corps,16.84063381048076,3.7102
5452,6,68,11.33,4.0,0,corps,16.83421509838726,1.7776
5453,8,82,10.25,4.9,0,corps,16.827799594847605,1.2435
5454,22,313,14.23,11.1,0,corps,16.82138729825792,3.3956
5455,24,274,11.42,12.0,0,corps,16.81497820701513,1.8415
5456,35,503,14.37,16.9,0,corps,16.808572319516948,5.9658
5457,13,154,11.85,7.1,0,corps,16.802169634161924,2.3509
5458,13,160,12.31,7.1,0,corps,16.795770149349366,1.3829
5459,11,142,12.91,6.2,0,corps,16.78937386347942,1.9721
5460,15,248,16.53,8.0,0,corps,16.782980774952996,4.2893
5461,18,284,15.78,9.3,0,corps,16.776590882171835,1.1034
5462,16,186,11.62,8.4,0,corps,16.770204183538468,1.6252
5463,23,248,10.78,11.6,0,corps,16.763820677456202,2.5790
5464,14,170,12.14,7.6,0,corps,16.757440362329177,2.1042
5465,9,70,7.78,5.3,0,corps,16.75106323656232,9.3130
5466,15,274,18.27,8.0,0,corps,16.744689298561326,1.2882
5467,22,250,11.36,11.1,0,corps,16.73831854673273,3.4302
5468,17,211,12.41,8.9,0,corps,16.73195097948383,1.6525
5469,5,64,12.80,3.6,0,corps,16.725586595222744,1.2377
5470,39,530,13.59,18.7,0,corps,16.719225392358375,4.1686
5471,23,327,14.22,11.6,0,corps,16.71286736930042,2.2210
5472,25,348,13.92,12.4,0,corps,16.70651252445937,1.2387
5473,16,183,11.44,8.4,0,corps,16.700160856246523,3.8171
5474,15,196,13.07,8.0,0,corps,16.693812363073953,1.4905
5475,3,32,10.67,2.7,0,corps,16.68746704335454,1.2836
5476,24,269,11.21,12.0,0,corps,16.681124895501952,1.6098
5477,16,256,16.00,8.4,0,corps,16.674785917930652,1.3492
5478,24,290,12.08,12.0,0,corps,16.66845010905591,1.6486
5479,3,54,18.00,2.7,0,corps,16.66211746729375,0.9265
5480,25,294,11.76,12.4,0,corps,16.655787991061022,2.2168
5481,10,115,11.50,5.8,0,corps,16.649461678775364,5.1813
5482,22,261,11.86,11.1,0,corps,16.643138528855186,1.6198
5483,25,326,13.04,12.4,0,corps,16.636818539719712,1.5088
5484,17,248,14.59,8.9,0,corps,16.630501709788938,2.1805
5485,26,309,11.88,12.9,0,corps,16.62418803748365,3.0454
5486,20,282,14.10,10.2,0,corps,16.617877521225445,1.1715
5487,30,410,13.67,14.7,0,corps,16.61157015943668,2.2822
5488,15,138,9.20,8.0,0,corps,16.60526595054052,1.8813
5489,31,504,16.26,15.1,0,corps,16.59896489296092,1.9077
5490,24,324,13.50,12.0,0,corps,16.5926669851226,1.2841
5491,19,202,10.63,9.8,0,corps,16.586372225451107,4.2159
5492,24,299,12.46,12.0,0,corps,16.580080612372722,2.9537
5493,7,113,16.14,4.4,0,corps,16.57379214431456,4.7031
5494,26,441,16.96,12.9,0,corps,16.5675068197045,2.4382
5495,28,387,13.82,13.8,0,corps,16.56122463697121,2.8931
5496,15,188,12.53,8.0,0,corps,16.55494559454414,1.7524
5497,22,255,11.59,11.1,0,corps,16.548669690853544,2.3988
5498,11,183,16.64,6.2,0,corps,16.54239692433043,1.3260
5499,12,170,14.17,6.7,0,corps,16.536127293406615,2.3468
5500,8,111,13.88,4.9,0,corps,16.529860796514683,1.1301
5501,9,101,11.22,5.3,0,corps,16.523597432088017,1.0669
5502,19,203,10.68,9.8,0,corps,16.51733719856078,2.7896
5503,20,324,16.20,10.2,0,corps,16.5110800943679,1.1364
5504,8,129,16.12,4.9,0,corps,16.504826117945118,4.3297
5505,7,60,8.57,4.4,0,corps,16.498575267728928,1.4157
5506,26,336,12.92,12.9,0,corps,16.492327542156612,2.4973
5507,17,162,9.53,8.9,0,corps,16.486082939666254,1.5925
5508,47,615,13.09,22.2,0,corps,16.479841458696693,2.9492
5509,8,87,10.88,4.9,0,corps,16.473603097687562,6.2522
5510,18,164,9.11,9.3,0,corps,16.467367855079274,3.5790
5511,16,172,10.75,8.4,0,corps,16.46113572931301,1.5500
5512,14,148,10.57,7.6,0,corps,16.45490671883075,6.4052
5513,9,141,15.67,5.3,0,corps,16.448680822075225,0.9117
5514,15,162,10.80,8.0,0,corps,16.442458037489974,1.1369
5515,12,197,16.42,6.7,0,corps,16.4362383635193,1.1329
5516,18,206,11.44,9.3,0,corps,16.43002179860828,1.4530
5517,22,285,12.95,11.1,0,corps,16.42380834120277,1.1087
5518,17,218,12.82,8.9,0,corps,16.417597989749417,1.1459
5519,27,354,13.11,13.3,0,corps,16.411390742695627,2.9706
5520,17,247,14.53,8.9,0,corps,16.405186598489582,1.2149
5521,9,115,12.78,5.3,0,corps,16.398985555580254,1.5785
5522,29,382,13.17,14.2,0,corps,16.392787612417376,3.1342
5523,11,130,11.82,6.2,0,corps,16.38659276745147,3.4098
5524,9,111,12.33,5.3,0,corps,16.380401019133817,1.3550
5525,26,290,11.15,12.9,0,corps,16.37421236591648,1.7853
5526,20,336,16.80,10.2,0,corps,16.36802680625231,3.6114
5527,27,383,14.19,13.3,0,corps,16.361844338594896,2.4085
5528,8,51,6.38,4.9,0,corps,16.355664961398638,3.3875
5529,20,223,11.15,10.2,0,corps,16.34948867311868,1.5726
5530,9,134,14.89,5.3,0,corps,16.343315472210953,1.2954
5531,26,283,10.88,12.9,0,corps,16.337145357132165,2.3383
5532,22,273,12.41,11.1,0,corps,16.330978326339775,3.6917
5533,22,268,12.18,11.1,0,corps,16.324814378292032,3.8599
5534,14,152,10.86,7.6,0,corps,16.318653511447952,1.4494
5535,31,311,10.03,15.1,0,corps,16.312495724267308,2.3424
5536,19,236,12.42,9.8,0,corps,16.306341015210666,2.3200
5537,21,362,17.24,10.7,0,corps,16.300189382739333,1.2443
5538,31,324,10.45,15.1,0,corps,16.294040825315413,2.0315
5539,10,131,13.10,5.8,0,corps,16.287895341401768,3.0493
5540,23,265,11.52,11.6,0,corps,16.28175292946202,3.3348
5541,15,211,14.07,8.0,0,corps,16.275613587960564,1.0600
5542,17,249,14.65,8.9,0,corps,16.269477315362575,1.1880
5543,21,362,17.24,10.7,0,corps,16.263344110133975,1.8777
5544,14,173,12.36,7.6,0,corps,16.25721397074147,2.7491
5545,36,475,13.19,17.3,0,corps,16.251086895652517,1.6921
5546,20,304,15.20,10.2,0,corps,16.24496288333535,1.3945
5547,13,166,12.77,7.1,0,corps,16.238841932258975,3.4897
5548,2,24,12.00,2.2,0,corps,16.23272404089314,1.7468
5549,19,259,13.63,9.8,0,corps,16.226609207708382,1.0909
5550,6,76,12.67,4.0,0,corps,16.220497431175993,1.1125
5551,17,274,16.12,8.9,0,corps,16.21438870976802,1.2038
5552,30,409,13.63,14.7,0,corps,16.20828304195729,1.4505
5553,8,132,16.50,4.9,0,corps,16.202180426217385,0.9124
5554,18,232,12.89,9.3,0,corps,16.196080861022647,1.3130
5555,10,92,9.20,5.8,0,corps,16.18998434484819,1.5412
5556,10,149,14.90,5.8,0,corps,16.183890876169883,1.3162
5557,27,313,11.59,13.3,0,corps,16.177800453464357,3.9365
5558,27,419,15.52,13.3,0,corps,16.171713075209013,3.1895
5559,23,255,11.09,11.6,0,corps,16.165628739881996,4.0354
5560,14,159,11.36,7.6,0,corps,16.15954744596223,1.4928
5561,24,312,13.00,12.0,0,corps,16.153469191929386,1.1231
5562,17,161,9.47,8.9,0,corps,16.147393976263906,1.1342
5563,24,307,12.79,12.0,0,corps,16.141321797446984,1.5153
5564,16,170,10.62,8.4,0,corps,16.13525265396057,1.1869
5565,28,349,12.46,13.8,0,corps,16.129186544287382,2.7025
5566,19,255,13.42,9.8,0,corps,16.1231234669109,1.9324
5567,15,232,15.47,8.0,0,corps,16.117063420315343,0.9203
5568,6,74,12.33,4.0,0,corps,16.11100640298571,1.1464
5569,31,445,14.35,15.1,0,corps,16.104952413407734,2.2448
5570,19,200,10.53,9.8,0,corps,16.098901450067924,1.3875
5571,34,427,12.56,16.4,0,corps,16.092853511453544,1.6568
5572,10,96,9.60,5.8,0,corps,16.086808596052602,4.7567
5573,11,131,11.91,6.2,0,corps,16.08076670235387,1.1647
5574,17,163,9.59,8.9,0,corps,16.074727828846886,1.5850
5575,29,406,14.00,14.2,0,corps,16.068691974021913,1.4213
5576,13,147,11.31,7.1,0,corps,16.06265913637,2.6426
5577,22,292,13.27,11.1,0,corps,16.056629314382935,3.4843
5578,10,118,11.80,5.8,0,corps,16.050602506553254,0.8514
5579,17,216,12.71,8.9,0,corps,16.04457871137427,1.1012
5580,18,250,13.89,9.3,0,corps,16.038557927340026,2.0872
5581,8,89,11.12,4.9,0,corps,16.03254015294532,6.0224
5582,18,181,10.06,9.3,0,corps,16.026525386685726,1.6139
5583,12,155,12.92,6.7,0,corps,16.020513627057532,1.6808
5584,19,274,14.42,9.8,0,corps,16.014504872557815,4.3856
5585,32,481,15.03,15.6,0,corps,16.008499121684373,3.3766
5586,15,169,11.27,8.0,0,corps,16.00249637293577,3.4174
5587,5,66,13.20,3.6,0,corps,15.996496624811332,1.6091
5588,24,288,12.00,12.0,0,corps,15.990499875811107,1.5333
5589,4,50,12.50,3.1,0,corps,15.984506124435912,1.8936
5590,17,169,9.94,8.9,0,corps,15.978515369187319,4.6267
5591,20,208,10.40,10.2,0,corps,15.972527608567624,1.6879
5592,13,162,12.46,7.1,0,corps,15.966542841079898,1.6016
5593,8,102,12.75,4.9,0,corps,15.960561065227937,1.5979
5594,22,245,11.14,11.1,0,corps,15.954582279516307,3.4029
5595,20,186,9.30,10.2,0,corps,15.948606482450314,4.1886
5596,24,318,13.25,12.0,0,corps,15.942633672536,2.6903
5597,16,175,10.94,8.4,0,corps,15.936663848280167,1.6312
5598,14,155,11.07,7.6,0,corps,15.93069700819036,2.7094
5599,2,43,21.50,2.2,0,corps,15.924733150774864,1.0979
5600,18,214,11.89,9.3,0,corps,15.918772274542722,5.1716
5601,6,114,19.00,4.0,0,corps,15.912814378003706,1.4459
5602,9,114,12.67,5.3,0,corps,15.906859459668349,1.9799
5603,13,124,9.54,7.1,0,corps,15.900907518047921,2.3526
5604,22,293,13.32,11.1,0,corps,15.894958551654431,1.5987
5605,24,347,14.46,12.0,0,corps,15.88901255900064,1.5617
5606,9,125,13.89,5.3,0,corps,15.883069538600056,4.7967
5607,18,256,14.22,9.3,0,corps,15.877129488966911,2.8787
5608,11,158,14.36,6.2,0,corps,15.871192408616208,4.3041
5609,14,209,14.93,7.6,0,corps,15.865258296063663,2.8303
5610,23,286,12.43,11.6,0,corps,15.859327149825756,4.1285
5611,26,297,11.42,12.9,0,corps,15.853398968419702,2.7548
5612,18,258,14.33,9.3,0,corps,15.847473750363447,5.0337
5613,30,346,11.53,14.7,0,corps,15.84155149417569,2.3172
5614,11,150,13.64,6.2,0,corps,15.835632198375874,1.5246
5615,22,299,13.59,11.1,0,corps,15.829715861484164,1.7537
5616,18,227,12.61,9.3,0,corps,15.823802482021488,3.6225
5617,19,241,12.68,9.8,0,corps,15.817892058509486,2.0524
5618,15,200,13.33,8.0,0,corps,15.81198458947056,1.2908
5619,15,217,14.47,8.0,0,corps,15.80608007342785,3.2313
5620,19,221,11.63,9.8,0,corps,15.800178508905214,4.0757
5621,18,249,13.83,9.3,0,corps,15.794279894427268,2.6758
5622,20,257,12.85,10.2,0,corps,15.788384228519359,3.2774
5623,32,328,10.25,15.6,0,corps,15.782491509707567,2.3626
5624,4,35,8.75,3.1,0,corps,15.776601736518717,1.6220
5625,11,132,12.00,6.2,0,corps,15.770714907480357,4.2974
5626,15,184,12.27,8.0,0,corps,15.764831021120784,1.4292
5627,14,176,12.57,7.6,0,corps,15.758950075969036,2.9370
5628,19,221,11.63,9.8,0,corps,15.753072070554861,1.6113
5629,16,167,10.44,8.4,0,corps,15.747197003408772,1.5047
5630,21,215,10.24,10.7,0,corps,15.741324873061988,3.5236
5631,12,171,14.25,6.7,0,corps,15.735455678046485,4.1567
5632,20,277,13.85,10.2,0,corps,15.729589416894965,1.5813
5633,22,273,12.41,11.1,0,corps,15.723726088140857,4.2549
5634,30,438,14.60,14.7,0,corps,15.71786569031833,3.2824
5635,24,412,17.17,12.0,0,corps,15.712008221962295,2.5764
5636,6,61,10.17,4.0,0,corps,15.70615368160837,1.4973
5637,6,54,9.00,4.0,0,corps,15.700302067792931,9.3186
5638,22,290,13.18,11.1,0,corps,15.694453379053067,3.0611
5639,19,265,13.95,9.8,0,corps,15.688607613926605,1.2433
5640,22,328,14.91,11.1,0,corps,15.682764770952115,3.5427
5641,15,162,10.80,8.0,0,corps,15.676924848668872,1.7976
5642,14,149,10.64,7.6,0,corps,15.671087845616904,4.2665
5643,25,274,10.96,12.4,0,corps,15.665253760336961,3.1189
5644,8,108,13.50,4.9,0,corps,15.659422591370515,1.7245
5645,6,57,9.50,4.0,0,corps,15.653594337259783,1.3957
5646,18,248,13.78,9.3,0,corps,15.647768996547692,2.1176
5647,25,317,12.68,12.4,0,corps,15.641946567777909,3.6165
5648,20,284,14.20,10.2,0,corps,15.636127049494833,3.0191
5649,20,303,15.15,10.2,0,corps,15.630310440243575,1.3041
5650,12,154,12.83,6.7,0,corps,15.62449673856999,4.3463
5651,19,246,12.95,9.8,0,corps,15.618685943020653,2.9410
5652,38,557,14.66,18.2,0,corps,15.61287805214286,3.0061
5653,8,114,14.25,4.9,0,corps,15.607073064484641,4.0650
5654,6,95,15.83,4.0,0,corps,15.601270978594748,1.3325
5655,18,197,10.94,9.3,0,corps,15.595471793022659,2.7343
5656,25,256,10.24,12.4,0,corps,15.589675506318581,3.2422
5657,27,372,13.78,13.3,0,corps,15.583882117033438,2.2268
5658,15,166,11.07,8.0,0,corps,15.578091623718882,3.9555
5659,29,413,14.24,14.2,0,corps,15.572304024927297,2.4608
5660,12,162,13.50,6.7,0,corps,15.566519319211777,3.7978
5661,22,244,11.09,11.1,0,corps,15.560737505126152,2.7676
5662,33,452,13.70,16.0,0,corps,15.554958581224954,3.1380
5663,9,98,10.89,5.3,0,corps,15.549182546063465,5.8067
5664,14,244,17.43,7.6,0,corps,15.543409398197678,2.5481
5665,18,199,11.06,9.3,0,corps,15.537639136184293,1.9135
5666,12,144,12.00,6.7,0,corps,15.531871758580754,3.1386
5667,6,122,20.33,4.0,0,corps,15.52610726394522,0.8243
5668,12,125,10.42,6.7,0,corps,15.520345650836557,4.2859
5669,10,155,15.50,5.8,0,corps,15.514586917814368,1.3319
5670,15,200,13.33,8.0,0,corps,15.508831063438969,1.2608
5671,12,99,8.25,6.7,0,corps,15.50307808627139,2.1122
5672,20,265,13.25,10.2,0,corps,15.497327984873403,3.0362
5673,12,167,13.92,6.7,0,corps,15.491580757807464,2.3878
5674,22,279,12.68,11.1,0,corps,15.485836403636775,2.8970
5675,8,66,8.25,4.9,0,corps,15.480094920925252,5.0773
5676,18,227,12.61,9.3,0,corps,15.474356308237514,2.6064
5677,18,194,10.78,9.3,0,corps,15.468620564138917,2.7255
5678,20,225,11.25,10.2,0,corps,15.462887687195517,4.4702
5679,25,315,12.60,12.4,0,corps,15.457157675974099,2.2498
5680,22,260,11.82,11.1,0,corps,15.451430529042161,2.0997
5681,15,150,10.00,8.0,0,corps,15.445706244967914,6.0740
5682,20,220,11.00,10.2,0,corps,15.439984822320287,6.2149
5683,13,175,13.46,7.1,0,corps,15.43426625966893,2.9056
5684,10,173,17.30,5.8,0,corps,15.428550555584192,1.7301
5685,19,253,13.32,9.8,0,corps,15.422837708637156,1.9930
5686,18,236,13.11,9.3,0,corps,15.417127717399604,2.7515
5687,18,217,12.06,9.3,0,corps,15.411420580444037,4.0826
5688,19,199,10.47,9.8,0,corps,15.405716296343686,2.8880
5689,17,305,17.94,8.9,0,corps,15.400014863672459,2.7754
5690,21,311,14.81,10.7,0,corps,15.394316281005008,1.9739
5691,12,159,13.25,6.7,0,corps,15.388620546916693,1.8275
5692,24,368,15.33,12.0,0,corps,15.382927659983567,2.9109
5693,29,422,14.55,14.2,0,corps,15.377237618782422,1.8452
5694,9,95,10.56,5.3,0,corps,15.371550421890735,6.4183
5695,14,180,12.86,7.6,0,corps,15.36586606788671,3.4832
5696,24,333,13.88,12.0,0,corps,15.36018455534927,1.9171
5697,17,274,16.12,8.9,0,corps,15.354505882858021,1.4702
5698,28,418,14.93,13.8,0,corps,15.348830048993303,1.8158
5699,26,338,13.00,12.9,0,corps,15.343157052336162,3.0728
5700,36,452,12.56,17.3,0,corps,15.337486891468338,3.4570
5701,8,125,15.62,4.9,0,corps,15.3318195649723,0.9678
5702,18,247,13.72,9.3,0,corps,15.326155071431208,1.3783
5703,19,355,18.68,9.8,0,corps,15.320493409428943,1.2339
5704,4,46,11.50,3.1,0,corps,15.314834577550092,1.4311
5705,18,229,12.72,9.3,0,corps,15.309178574379942,3.3212
5706,19,279,14.68,9.8,0,corps,15.303525398504492,3.0581
5707,10,132,13.20,5.8,0,corps,15.297875048510456,2.7815
5708,20,316,15.80,10.2,0,corps,15.292227522985238,1.3925
5709,14,161,11.50,7.6,0,corps,15.286582820516964,1.2140
5710,24,304,12.67,12.0,0,corps,15.280940939694448,3.5279
5711,27,355,13.15,13.3,0,corps,15.275301879107229,1.5663
5712,30,358,11.93,14.7,0,corps,15.26966563734554,1.3901
5713,16,157,9.81,8.4,0,corps,15.264032213000315,1.9712
5714,4,50,12.50,3.1,0,corps,15.258401604663199,0.9998
5715,9,105,11.67,5.3,0,corps,15.25277381092655,1.3189
5716,3,73,24.33,2.7,0,corps,15.24714883038341,0.7610
5717,27,306,11.33,13.3,0,corps,15.241526661627539,2.2059
5718,11,99,9.00,6.2,0,corps,15.235907303253384,1.8496
5719,2,28,14.00,2.2,0,corps,15.230290753856119,1.3631
5720,29,325,11.21,14.2,0,corps,15.2246770120316,3.0752
5721,22,308,14.00,11.1,0,corps,15.219066076376395,1.5583
5722,7,78,11.14,4.4,0,corps,15.21345794548776,7.4072
5723,17,235,13.82,8.9,0,corps,15.207852617963677,1.3441
5724,14,164,11.71,7.6,0,corps,15.202250092402805,1.4128
5725,26,315,12.12,12.9,0,corps,15.19665036740452,1.8253
5726,11,129,11.73,6.2,0,corps,15.191053441568874,1.5327
5727,8,106,13.25,4.9,0,corps,15.185459313496652,1.3997
5728,16,182,11.38,8.4,0,corps,15.179867981789318,2.8100
5729,8,119,14.88,4.9,0,corps,15.174279445049036,1.5462
5730,13,150,11.54,7.1,0,corps,15.168693701878672,1.8063
5731,24,331,13.79,12.0,0,corps,15.163110750881795,2.0067
5732,4,39,9.75,3.1,0,corps,15.15753059066266,1.6953
5733,19,214,11.26,9.8,0,corps,15.151953219826236,2.0871
5734,32,460,14.38,15.6,0,corps,15.14637863697817,2.8414
5735,22,319,14.50,11.1,0,corps,15.14080684072482,2.9029
5736,11,178,16.18,6.2,0,corps,15.135237829673246,1.4384
5737,20,248,12.40,10.2,0,corps,15.129671602431182,1.6661
5738,7,111,15.86,4.4,0,corps,15.124108157607075,1.7625
5739,20,301,15.05,10.2,0,corps,15.11854749381007,3.1491
5740,22,290,13.18,11.1,0,corps,15.112989609649993,4.4569
5741,18,208,11.56,9.3,0,corps,15.107434503737382,1.9256
5742,16,220,13.75,8.4,0,corps,15.101882174683448,2.9327
5743,20,324,16.20,10.2,0,corps,15.096332621100117,2.0698
5744,30,410,13.67,14.7,0,corps,15.090785841600002,2.2726
5745,17,184,10.82,8.9,0,corps,15.0852418347964,2.4177
5746,6,82,13.67,4.0,0,corps,15.079700599303317,1.5723
5747,12,164,13.67,6.7,0,corps,15.074162133735443,1.0737
5748,14,245,17.50,7.6,0,corps,15.068626436708158,2.6487
5749,20,224,11.20,10.2,0,corps,15.063093506837543,1.5745
5750,7,60,8.57,4.4,0,corps,15.05756334274036,2.7042
5751,21,283,13.48,10.7,0,corps,15.05203594303407,2.0055
5752,32,467,14.59,15.6,0,corps,15.046511306336827,1.7331
5753,37,481,13.00,17.8,0,corps,15.040989431267462,3.2679
5754,20,292,14.60,10.2,0,corps,15.035470316445517,1.6319
5755,10,128,12.80,5.8,0,corps,15.029953960491206,1.9593
5756,21,358,17.05,10.7,0,corps,15.024440362025443,1.3182
5757,23,246,10.70,11.6,0,corps,15.018929519669829,1.4598
5758,14,198,14.14,7.6,0,corps,15.01342143204665,1.4467
5759,12,139,11.58,6.7,0,corps,15.007916097778887,1.3512
5760,25,343,13.72,12.4,0,corps,15.00241351549021,2.6056
5761,34,442,13.00,16.4,0,corps,14.996913683804966,1.7410
5762,25,315,12.60,12.4,0,corps,14.9914166013482,2.7439
5763,26,316,12.15,12.9,0,corps,14.985922266745641,1.0192
5764,24,314,13.08,12.0,0,corps,14.980430678623705,1.3177
5765,34,420,12.35,16.4,0,corps,14.974941835609501,1.2362
5766,9,118,13.11,5.3,0,corps,14.969455736330808,0.9104
5767,25,350,14.00,12.4,0,corps,14.963972379416107,0.9511
5768,24,267,11.12,12.0,0,corps,14.95849176349456,1.4243
5769,36,433,12.03,17.3,0,corps,14.95301388719601,2.2765
5770,16,186,11.62,8.4,0,corps,14.94753874915099,2.6044
5771,21,293,13.95,10.7,0,corps,14.942066347990712,1.8820
5772,17,205,12.06,8.9,0,corps,14.936596682347078,2.1878
5773,17,205,12.06,8.9,0,corps,14.931129750852673,3.3486
5774,19,229,12.05,9.8,0,corps,14.92566555214076,1.0727
5775,21,234,11.14,10.7,0,corps,14.920204084845293,1.9931
5776,10,129,12.90,5.8,0,corps,14.91474534760091,1.1333
5777,12,105,8.75,6.7,0,corps,14.909289339042914,3.3629
5778,6,46,7.67,4.0,0,corps,14.903836057807313,1.2270
5779,14,145,10.36,7.6,0,corps,14.89838550253078,2.6559
5780,20,221,11.05,10.2,0,corps,14.892937671850678,1.1665
5781,19,232,12.21,9.8,0,corps,14.887492564405058,1.1115
5782,18,197,10.94,9.3,0,corps,14.882050178832632,1.8509
5783,10,163,16.30,5.8,0,corps,14.876610513772803,1.6591
5784,20,221,11.05,10.2,0,corps,14.871173567865666,3.6793
5785,15,247,16.47,8.0,0,corps,14.865739339751974,1.0558
5786,14,178,12.71,7.6,0,corps,14.860307828073177,1.3411
5787,34,452,13.29,16.4,0,corps,14.854879031471388,1.6663
5788,26,351,13.50,12.9,0,corps,14.849452948589414,1.5098
5789,27,334,12.37,13.3,0,corps,14.844029578070742,1.6625
5790,24,239,9.96,12.0,0,corps,14.83860891855951,4.0429
5791,12,142,11.83,6.7,0,corps,14.833190968700569,1.6559
5792,16,178,11.12,8.4,0,corps,14.827775727139429,1.8771
5793,24,382,15.92,12.0,0,corps,14.822363192522273,1.2338
5794,24,284,11.83,12.0,0,corps,14.816953363495976,3.3670
5795,18,196,10.89,9.3,0,corps,14.811546238708074,3.3057
5796,29,453,15.62,14.2,0,corps,14.806141816806784,2.9254
5797,25,364,14.56,12.4,0,corps,14.80074009644101,1.6014
5798,24,319,13.29,12.0,0,corps,14.795341076260312,1.9039
5799,22,254,11.55,11.1,0,corps,14.789944754914941,1.4630
5800,21,204,9.71,10.7,0,corps,14.784551131055817,2.4019
5801,15,190,12.67,8.0,0,corps,14.779160203334529,1.5421
5802,17,205,12.06,8.9,0,corps,14.773771970403352,3.4506
5803,9,116,12.89,5.3,0,corps,14.76838643091522,3.4812
5804,23,318,13.83,11.6,0,corps,14.763003583523751,2.6137
5805,15,209,13.93,8.0,0,corps,14.757623426883237,1.7175
5806,20,206,10.30,10.2,0,corps,14.752245959648636,5.2118
5807,23,320,13.91,11.6,0,corps,14.746871180475576,3.5119
5808,14,191,13.64,7.6,0,corps,14.741499088020374,2.6475
5809,16,240,15.00,8.4,0,corps,14.736129680939994,1.0822
5810,10,147,14.70,5.8,0,corps,14.730762957892097,2.4226
5811,14,286,20.43,7.6,0,corps,14.72539891753499,1.1062
5812,16,203,12.69,8.4,0,corps,14.720037558527665,1.5990
5813,14,183,13.07,7.6,0,corps,14.714678879529794,3.4630
5814,8,118,14.75,4.9,0,corps,14.709322879201691,1.1479
5815,18,226,12.56,9.3,0,corps,14.703969556204367,3.7425
5816,24,312,13.00,12.0,0,corps,14.69861890919949,1.6758
5817,20,193,9.65,10.2,0,corps,14.693270936849393,3.5491
5818,7,81,11.57,4.4,0,corps,14.68792563781709,1.3316
5819,10,125,12.50,5.8,0,corps,14.682583010766246,2.0016
5820,11,115,10.45,6.2,0,corps,14.677243054361213,8.1000
5821,21,258,12.29,10.7,0,corps,14.671905767267003,2.0878
5822,26,291,11.19,12.9,0,corps,14.666571148149282,2.1302
5823,12,123,10.25,6.7,0,corps,14.661239195674408,2.0580
5824,16,187,11.69,8.4,0,corps,14.655909908509393,2.0083
5825,18,165,9.17,9.3,0,corps,14.650583285321906,2.4528
5826,20,236,11.80,10.2,0,corps,14.645259324780296,2.9549
5827,3,34,11.33,2.7,0,corps,14.639938025553572,1.7841
5828,2,13,6.50,2.2,0,corps,14.63461938631141,2.2805
5829,19,199,10.47,9.8,0,corps,14.629303405724153,1.6254
5830,19,184,9.68,9.8,0,corps,14.623990082462798,3.6539
5831,7,80,11.43,4.4,0,corps,14.61867941519902,2.0616
5832,32,445,13.91,15.6,0,corps,14.613371402605157,3.0682
5833,14,204,14.57,7.6,0,corps,14.608066043354192,2.9522
5834,14,176,12.57,7.6,0,corps,14.6027633361198,1.9139
5835,13,163,12.54,7.1,0,corps,14.597463279576292,1.7177
5836,22,291,13.23,11.1,0,corps,14.59216587239866,1.6952
5837,20,282,14.10,10.2,0,corps,14.586871113262553,3.4562
5838,18,247,13.72,9.3,0,corps,14.581579000844277,3.0606
5839,17,279,16.41,8.9,0,corps,14.576289533820807,2.0045
5840,7,113,16.14,4.4,0,corps,14.571002710869779,1.7201
5841,26,343,13.19,12.9,0,corps,14.56571853066948,2.8769
5842,20,191,9.55,10.2,0,corps,14.560436991898873,3.0141
5843,18,250,13.89,9.3,0,corps,14.555158093237564,1.8411
5844,37,507,13.70,17.8,0,corps,14.549881833365832,2.8518
5845,16,209,13.06,8.4,0,corps,14.544608210964622,1.4926
5846,24,271,11.29,12.0,0,corps,14.539337224715512,2.0078
5847,6,58,9.67,4.0,0,corps,14.534068873300763,1.6708
5848,12,164,13.67,6.7,0,corps,14.528803155403292,2.5679
5849,17,206,12.12,8.9,0,corps,14.52354006970666,3.7473
5850,34,445,13.09,16.4,0,corps,14.518279614895107,2.1020
5851,24,325,13.54,12.0,0,corps,14.513021789653505,3.2983
5852,31,477,15.39,15.1,0,corps,14.507766592667407,3.4208
5853,18,279,15.50,9.3,0,corps,14.502514022623014,1.2545
5854,40,623,15.57,19.1,0,corps,14.49726407820718,2.7795
5855,14,174,12.43,7.6,0,corps,14.492016758107418,1.5504
5856,15,191,12.73,8.0,0,corps,14.486772061011907,3.6117
5857,12,164,13.67,6.7,0,corps,14.481529985609459,1.4427
5858,9,117,13.00,5.3,0,corps,14.476290530589567,1.4094
5859,25,322,12.88,12.4,0,corps,14.471053694642357,1.7385
5860,18,212,11.78,9.3,0,corps,14.465819476458627,2.3838
5861,31,381,12.29,15.1,0,corps,14.460587874729825,2.1546
5862,21,283,13.48,10.7,0,corps,14.455358888148043,2.0164
5863,15,172,11.47,8.0,0,corps,14.450132515406032,1.8289
5864,23,298,12.96,11.6,0,corps,14.444908755197213,3.0864
5865,24,322,13.42,12.0,0,corps,14.439687606215632,2.9832
5866,18,227,12.61,9.3,0,corps,14.434469067156014,1.4063
5867,18,238,13.22,9.3,0,corps,14.42925313671371,3.5355
5868,16,216,13.50,8.4,0,corps,14.424039813584743,1.4704
5869,17,203,11.94,8.9,0,corps,14.41882909646579,2.5890
5870,40,525,13.12,19.1,0,corps,14.413620984054162,2.1759
5871,8,110,13.75,4.9,0,corps,14.408415475047832,2.5772
5872,21,315,15.00,10.7,0,corps,14.40321256814543,1.3797
5873,31,379,12.23,15.1,0,corps,14.398012262046219,2.6167
5874,35,446,12.74,16.9,0,corps,14.392814555450133,3.2027
5875,14,205,14.64,7.6,0,corps,14.387619447057737,1.9389
5876,18,255,14.17,9.3,0,corps,14.382426935570255,2.5256
5877,8,66,8.25,4.9,0,corps,14.377237019689568,8.3599
5878,17,263,15.47,8.9,0,corps,14.372049698118182,1.3642
5879,7,115,16.43,4.4,0,corps,14.366864969559282,1.2859
5880,16,229,14.31,8.4,0,corps,14.36168283271667,1.1204
5881,4,65,16.25,3.1,0,corps,14.356503286294824,1.1022
5882,18,215,11.94,9.3,0,corps,14.351326328998857,1.4071
5883,22,300,13.64,11.1,0,corps,14.346151959534522,3.2861
5884,25,353,14.12,12.4,0,corps,14.340980176608229,3.1337
5885,21,265,12.62,10.7,0,corps,14.335810978927041,1.7341
5886,21,300,14.29,10.7,0,corps,14.330644365198644,3.6962
5887,8,85,10.62,4.9,0,corps,14.325480334131399,9.6025
5888,13,177,13.62,7.1,0,corps,14.320318884434286,1.4495
5889,15,203,13.53,8.0,0,corps,14.315160014816946,1.5389
5890,18,243,13.50,9.3,0,corps,14.310003723989674,2.7011
5891,25,352,14.08,12.4,0,corps,14.304850010663376,3.2045
5892,17,269,15.82,8.9,0,corps,14.299698873549637,1.3736
5893,22,246,11.18,11.1,0,corps,14.294550311360673,2.6994
5894,28,361,12.89,13.8,0,corps,14.289404322809338,3.4763
5895,32,506,15.81,15.6,0,corps,14.28426090660914,2.6799
5896,23,244,10.61,11.6,0,corps,14.279120061474218,1.6413
5897,14,216,15.43,7.6,0,corps,14.273981786119366,1.5912
5898,29,353,12.17,14.2,0,corps,14.268846079260017,2.7460
5899,29,443,15.28,14.2,0,corps,14.263712939612239,3.1920
5900,25,307,12.28,12.4,0,corps,14.258582365892746,2.8195
5901,21,260,12.38,10.7,0,corps,14.253454356818906,2.1173
5902,19,237,12.47,9.8,0,corps,14.248328911108702,3.3269
5903,25,323,12.92,12.4,0,corps,14.243206027480785,2.7745
5904,19,211,11.11,9.8,0,corps,14.238085704654422,2.3942
5905,16,158,9.88,8.4,0,corps,14.23296794134954,4.1260
5906,21,257,12.24,10.7,0,corps,14.2278527362867,1.7025
5907,11,144,13.09,6.2,0,corps,14.222740088187095,2.5134
5908,22,289,13.14,11.1,0,corps,14.217629995772562,2.9571
5909,31,363,11.71,15.1,0,corps,14.212522457765589,1.9968
5910,30,374,12.47,14.7,0,corps,14.207417472889276,2.8924
5911,12,132,11.00,6.7,0,corps,14.202315039867392,2.7210
5912,19,286,15.05,9.8,0,corps,14.197215157424312,1.5170
5913,15,203,13.53,8.0,0,corps,14.192117824285077,3.1329
5914,21,343,16.33,10.7,0,corps,14.187023039175358,1.6630
5915,20,263,13.15,10.2,0,corps,14.181930800821444,2.3700
5916,29,362,12.48,14.2,0,corps,14.176841107950287,2.8683
5917,14,152,10.86,7.6,0,corps,14.171753959289463,3.7532
5918,22,233,10.59,11.1,0,corps,14.166669353567174,2.2269
5919,29,330,11.38,14.2,0,corps,14.161587289512283,2.9998
5920,20,192,9.60,10.2,0,corps,14.156507765854261,3.1725
5921,17,237,13.94,8.9,0,corps,14.151430781323239,1.5750
5922,12,171,14.25,6.7,0,corps,14.146356334649965,5.5318
5923,22,322,14.64,11.1,0,corps,14.141284424565825,3.0960
5924,22,346,15.73,11.1,0,corps,14.136215049802841,1.8426
5925,15,217,14.47,8.0,0,corps,14.13114820909368,2.4629
5926,12,151,12.58,6.7,0,corps,14.126083901171619,1.3560
5927,18,219,12.17,9.3,0,corps,14.12102212477059,3.9415
5928,19,282,14.84,9.8,0,corps,14.11596287862514,2.2605
5929,28,314,11.21,13.8,0,corps,14.110906161470464,3.6027
5930,15,159,10.60,8.0,0,corps,14.105851972042382,2.1491
5931,14,230,16.43,7.6,0,corps,14.100800309077343,1.3238
5932,31,360,11.61,15.1,0,corps,14.095751171312434,3.2538
5933,8,66,8.25,4.9,0,corps,14.090704557485376,2.6753
5934,2,27,13.50,2.2,0,corps,14.085660466334504,1.0951
5935,11,135,12.27,6.2,0,corps,14.080618896598807,1.5853
5936,29,376,12.97,14.2,0,corps,14.075579847017883,2.8753
5937,18,256,14.22,9.3,0,corps,14.070543316331971,3.1559
5938,31,432,13.94,15.1,0,corps,14.065509303281946,2.2243
5939,20,348,17.40,10.2,0,corps,14.060477806609292,2.3455
5940,7,91,13.00,4.4,0,corps,14.055448825056144,1.7901
5941,14,167,11.93,7.6,0,corps,14.05042235736526,1.2859
5942,17,228,13.41,8.9,0,corps,14.045398402280012,1.3492
5943,18,268,14.89,9.3,0,corps,14.040376958544423,5.5085
5944,16,182,11.38,8.4,0,corps,14.035358024903122,1.7313
5945,24,360,15.00,12.0,0,corps,14.030341600101378,1.8105
5946,27,320,11.85,13.3,0,corps,14.025327682885091,2.7000
5947,4,64,16.00,3.1,0,corps,14.020316272000771,1.2001
5948,22,259,11.77,11.1,0,corps,14.015307366195573,2.3193
5949,10,112,11.20,5.8,0,corps,14.010300964217274,7.5520
5950,8,89,11.12,4.9,0,corps,14.005297064814263,1.5343
5951,5,76,15.20,3.6,0,corps,14.000295666735571,1.4840
5952,26,397,15.27,12.9,0,corps,13.995296768730848,2.1780
5953,22,291,13.23,11.1,0,corps,13.990300369550365,2.5073
5954,14,191,13.64,7.6,0,corps,13.985306467945035,2.4466
5955,29,353,12.17,14.2,0,corps,13.980315062666367,2.6205
5956,13,192,14.77,7.1,0,corps,13.975326152466518,1.3726
5957,32,422,13.19,15.6,0,corps,13.970339736098264,2.0897
5958,12,173,14.42,6.7,0,corps,13.965355812314991,1.4124
5959,18,226,12.56,9.3,0,corps,13.960374379870727,2.4230
5960,14,242,17.29,7.6,0,corps,13.955395437520107,1.2580
5961,26,348,13.38,12.9,0,corps,13.950418984018395,2.6019
5962,17,209,12.29,8.9,0,corps,13.945445018121488,3.5079
5963,31,402,12.97,15.1,0,corps,13.940473538585882,2.5415
5964,22,265,12.05,11.1,0,corps,13.935504544168712,1.6189
5965,16,201,12.56,8.4,0,corps,13.930538033627734,3.5858
5966,8,112,14.00,4.9,0,corps,13.925574005721314,1.3558
5967,6,70,11.67,4.0,0,corps,13.920612459208447,1.4970
5968,26,294,11.31,12.9,0,corps,13.915653392848748,3.2158
5969,12,88,7.33,6.7,0,corps,13.910696805402445,2.8158
5970,24,298,12.42,12.0,0,corps,13.9057426956304,1.2647
5971,7,97,13.86,4.4,0,corps,13.900791062294077,1.3609
5972,10,102,10.20,5.8,0,corps,13.89584190415557,2.1821
5973,27,290,10.74,13.3,0,corps,13.890895219977594,1.8514
5974,19,276,14.53,9.8,0,corps,13.885951008523472,2.1637
5975,19,286,15.05,9.8,0,corps,13.881009268557158,2.3713
5976,7,60,8.57,4.4,0,corps,13.876069998843207,2.5101
5977,33,372,11.27,16.0,0,corps,13.87113319814681,2.1457
5978,17,211,12.41,8.9,0,corps,13.866198865233764,3.6548
5979,12,146,12.17,6.7,0,corps,13.861266998870486,3.0391
5980,28,367,13.11,13.8,0,corps,13.856337597824005,3.6847
5981,25,330,13.20,12.4,0,corps,13.85141066086198,2.7989
5982,10,142,14.20,5.8,0,corps,13.846486186752669,1.5958
5983,9,81,9.00,5.3,0,corps,13.841564174264958,1.7011
5984,16,194,12.12,8.4,0,corps,13.83664462216834,2.1116
5985,4,49,12.25,3.1,0,corps,13.831727529232927,1.3375
5986,17,210,12.35,8.9,0,corps,13.826812894229453,1.8025
5987,8,90,11.25,4.9,0,corps,13.821900715929248,1.4976
5988,20,234,11.70,10.2,0,corps,13.816990993104275,2.9090
5989,13,158,12.15,7.1,0,corps,13.812083724527103,2.7036
5990,20,271,13.55,10.2,0,corps,13.80717890897091,1.6583
5991,8,92,11.50,4.9,0,corps,13.802276545209502,4.8242
5992,16,202,12.62,8.4,0,corps,13.797376632017274,1.5968
5993,25,263,10.52,12.4,0,corps,13.792479168169255,1.8157
5994,24,264,11.00,12.0,0,corps,13.787584152441088,2.5772
5995,33,463,14.03,16.0,0,corps,13.782691583609,3.2203
5996,18,197,10.94,9.3,0,corps,13.777801460449862,1.4110
5997,27,362,13.41,13.3,0,corps,13.772913781741144,2.6093
5998,27,304,11.26,13.3,0,corps,13.768028546260917,3.2355
5999,20,209,10.45,10.2,0,corps,13.763145752787883,2.6600
6000,13,113,8.69,7.1,0,corps,13.758265400101333,4.3247
6001,26,302,11.62,12.9,0,corps,13.753387486981183,1.5640
6002,35,431,12.31,16.9,0,corps,13.74851201220796,3.1067
6003,17,258,15.18,8.9,0,corps,13.743638974562788,2.7148
6004,29,319,11.00,14.2,0,corps,13.738768372827415,1.9438
6005,16,129,8.06,8.4,0,corps,13.733900205784181,3.9190
6006,22,252,11.45,11.1,0,corps,13.729034472216048,2.3068
6007,30,398,13.27,14.7,0,corps,13.72417117090659,2.2467
6008,29,346,11.93,14.2,0,corps,13.719310300639966,2.4047
6009,32,379,11.84,15.6,0,corps,13.714451860200974,2.5367
6010,19,291,15.32,9.8,0,corps,13.709595848375,1.0728
6011,17,239,14.06,8.9,0,corps,13.704742263948033,2.4307
6012,19,259,13.63,9.8,0,corps,13.699891105706689,1.3036
6013,12,146,12.17,6.7,0,corps,13.695042372438165,1.1138
6014,15,145,9.67,8.0,0,corps,13.690196062930287,4.0760
6015,24,324,13.50,12.0,0,corps,13.68535217597148,3.0609
6016,22,227,10.32,11.1,0,corps,13.68051071035076,3.0161
6017,15,179,11.93,8.0,0,corps,13.67567166485777,1.7073
6018,12,167,13.92,6.7,0,corps,13.67083503828275,0.7789
6019,19,219,11.53,9.8,0,corps,13.66600082941654,1.4790
6020,18,179,9.94,9.3,0,corps,13.661169037050586,1.4295
6021,8,94,11.75,4.9,0,corps,13.656339659976938,1.5076
6022,16,195,12.19,8.4,0,corps,13.651512696988258,1.4757
6023,10,108,10.80,5.8,0,corps,13.646688146877805,1.7374
6024,14,153,10.93,7.6,0,corps,13.641866008439434,2.6987
6025,15,165,11.00,8.0,0,corps,13.637046280467619,2.2916
6026,31,390,12.58,15.1,0,corps,13.632228961757425,4.1278
6027,24,396,16.50,12.0,0,corps,13.62741405110452,1.8412
6028,22,280,12.73,11.1,0,corps,13.62260154730518,3.0641
6029,25,281,11.24,12.4,0,corps,13.617791449156272,1.5284
6030,2,26,13.00,2.2,0,corps,13.61298375545528,1.1891
6031,4,46,11.50,3.1,0,corps,13.608178465000279,1.7222
6032,22,294,13.36,11.1,0,corps,13.60337557658994,2.0265
6033,15,145,9.67,8.0,0,corps,13.598575089023546,4.4268
6034,11,164,14.91,6.2,0,corps,13.593777001100976,2.5814
6035,13,144,11.08,7.1,0,corps,13.588981311622703,3.7994
6036,43,488,11.35,20.4,0,corps,13.584188019389815,2.2639
6037,2,46,23.00,2.2,0,corps,13.579397123203973,1.0254
6038,13,146,11.23,7.1,0,corps,13.574608621867466,4.8426
6039,25,331,13.24,12.4,0,corps,13.569822514183164,1.5188
6040,15,173,11.53,8.0,0,corps,13.56503879895454,3.9452
6041,18,254,14.11,9.3,0,corps,13.560257474985665,3.8299
6042,27,415,15.37,13.3,0,corps,13.55547854108121,3.0715
6043,17,236,13.88,8.9,0,corps,13.550701996046438,1.8418
6044,17,195,11.47,8.9,0,corps,13.545927838687218,1.7041
6045,22,214,9.73,11.1,0,corps,13.541156067810006,3.2788
6046,11,137,12.45,6.2,0,corps,13.53638668222186,1.4225
6047,21,279,13.29,10.7,0,corps,13.531619680730437,1.3526
6048,10,156,15.60,5.8,0,corps,13.526855062143978,1.0984
6049,20,237,11.85,10.2,0,corps,13.522092825271336,1.5608
6050,15,160,10.67,8.0,0,corps,13.517332968921956,1.9187
6051,21,264,12.57,10.7,0,corps,13.51257549190586,2.9475
6052,12,139,11.58,6.7,0,corps,13.507820393033693,1.3887
6053,9,99,11.00,5.3,0,corps,13.503067671116668,5.7612
6054,29,298,10.28,14.2,0,corps,13.49831732496661,2.8142
6055,13,216,16.62,7.1,0,corps,13.49356935339594,1.3923
6056,13,147,11.31,7.1,0,corps,13.488823755217652,1.5669
6057,26,316,12.15,12.9,0,corps,13.484080529245352,1.6820
6058,9,124,13.78,5.3,0,corps,13.479339674293236,1.3341
6059,12,141,11.75,6.7,0,corps,13.474601189176086,1.3496
6060,22,243,11.05,11.1,0,corps,13.469865072709286,2.7619
6061,3,28,9.33,2.7,0,corps,13.465131323708802,1.1202
6062,23,271,11.78,11.6,0,corps,13.460399940991193,1.8813
6063,14,165,11.79,7.6,0,corps,13.455670923373628,1.5762
6064,13,192,14.77,7.1,0,corps,13.450944269673833,1.6327
6065,30,350,11.67,14.7,0,corps,13.446219978710161,3.4300
6066,23,341,14.83,11.6,0,corps,13.441498049301535,2.5942
6067,20,229,11.45,10.2,0,corps,13.436778480267463,3.3538
6068,12,151,12.58,6.7,0,corps,13.43206127042807,2.8904
6069,16,224,14.00,8.4,0,corps,13.427346418604035,1.4732
6070,25,362,14.48,12.4,0,corps,13.422633923616656,2.5818
6071,38,556,14.63,18.2,0,corps,13.417923784287808,1.7987
6072,2,29,14.50,2.2,0,corps,13.413215999439954,1.3525
6073,38,510,13.42,18.2,0,corps,13.408510567896148,2.7795
6074,15,167,11.13,8.0,0,corps,13.403807488480037,1.4597
6075,20,216,10.80,10.2,0,corps,13.399106760015844,1.7805
6076,40,530,13.25,19.1,0,corps,13.394408381328393,1.6937
6077,13,181,13.92,7.1,0,corps,13.389712351243082,3.2650
6078,12,125,10.42,6.7,0,corps,13.38501866858591,2.2570
6079,25,295,11.80,12.4,0,corps,13.380327332183455,3.5060
6080,30,450,15.00,14.7,0,corps,13.37563834086288,3.1118
6081,9,101,11.22,5.3,0,corps,13.370951693451937,3.5840
6082,9,123,13.67,5.3,0,corps,13.366267388778974,1.3158
6083,26,285,10.96,12.9,0,corps,13.361585425672901,4.1568
6084,17,240,14.12,8.9,0,corps,13.356905802963235,2.8218
6085,23,258,11.22,11.6,0,corps,13.352228519480066,2.8490
6086,28,349,12.46,13.8,0,corps,13.347553574054075,3.1703
6087,24,279,11.62,12.0,0,corps,13.342880965516532,3.5231
6088,8,83,10.38,4.9,0,corps,13.338210692699274,1.6926
6089,25,249,9.96,12.4,0,corps,13.333542754434738,1.7909
6090,21,251,11.95,10.7,0,corps,13.328877149555943,1.6914
6091,2,26,13.00,2.2,0,corps,13.32421387689648,2.0232
6092,14,155,11.07,7.6,0,corps,13.319552935290538,2.0143
6093,11,120,10.91,6.2,0,corps,13.314894323572874,2.0691
6094,25,361,14.44,12.4,0,corps,13.31023804057884,2.0967
6095,22,216,9.82,11.1,0,corps,13.30558408514437,2.1082
6096,21,223,10.62,10.7,0,corps,13.300932456105965,2.2222
6097,20,233,11.65,10.2,0,corps,13.296283152300722,1.7457
6098,18,212,11.78,9.3,0,corps,13.29163617256632,1.3502
6099,28,436,15.57,13.8,0,corps,13.286991515741006,1.3446
6100,5,91,18.20,3.6,0,corps,13.282349180663623,0.9652
6101,4,57,14.25,3.1,0,corps,13.27770916617358,1.1998
6102,26,384,14.77,12.9,0,corps,13.273071471110873,2.1757
6103,10,78,7.80,5.8,0,corps,13.26843609431609,2.0973
6104,19,242,12.74,9.8,0,corps,13.263803034630376,3.1412
6105,12,148,12.33,6.7,0,corps,13.259172290895465,2.9850
6106,24,312,13.00,12.0,0,corps,13.25454386195368,2.4587
6107,16,198,12.38,8.4,0,corps,13.249917746647908,2.8861
6108,11,126,11.45,6.2,0,corps,13.24529394382162,2.2310
6109,13,187,14.38,7.1,0,corps,13.240672452318867,2.1713
6110,22,277,12.59,11.1,0,corps,13.236053270984272,1.6605
6111,8,106,13.25,4.9,0,corps,13.231436398663046,1.3505
6112,14,180,12.86,7.6,0,corps,13.226821834200967,1.2923
6113,19,207,10.89,9.8,0,corps,13.22220957644439,1.7933
6114,23,318,13.83,11.6,0,corps,13.217599624240265,1.6338
6115,14,242,17.29,7.6,0,corps,13.212991976436086,1.0287
6116,23,260,11.30,11.6,0,corps,13.208386631879954,3.1537
6117,21,362,17.24,10.7,0,corps,13.203783589420526,1.2900
6118,19,208,10.95,9.8,0,corps,13.19918284790704,3.0947
6119,17,187,11.00,8.9,0,corps,13.19458440618932,2.0506
6120,11,120,10.91,6.2,0,corps,13.189988263117744,3.6067
6121,9,131,14.56,5.3,0,corps,13.18539441754328,1.4630
6122,30,348,11.60,14.7,0,corps,13.180802868317476,3.2185
6123,21,271,12.90,10.7,0,corps,13.17621361429243,3.3257
6124,10,79,7.90,5.8,0,corps,13.171626654320843,1.7380
6125,28,385,13.75,13.8,0,corps,13.16704198725596,2.9075
6126,24,299,12.46,12.0,0,corps,13.162459611951624,2.7666
6127,35,524,14.97,16.9,0,corps,13.157879527262242,3.2050
6128,26,334,12.85,12.9,0,corps,13.153301732042783,1.6442
6129,18,270,15.00,9.3,0,corps,13.14872622514881,1.5453
6130,23,232,10.09,11.6,0,corps,13.14415300543644,3.5246
6131,19,182,9.58,9.8,0,corps,13.139582071762366,3.6774
6132,16,200,12.50,8.4,0,corps,13.135013422983862,2.7288
6133,16,164,10.25,8.4,0,corps,13.130447057958758,3.2771
6134,17,212,12.47,8.9,0,corps,13.125882975545466,3.8480
6135,23,253,11.00,11.6,0,corps,13.121321174602969,1.7677
6136,15,222,14.80,8.0,0,corps,13.116761653990809,1.7590
6137,32,398,12.44,15.6,0,corps,13.112204412569112,2.6337
6138,15,193,12.87,8.0,0,corps,13.107649449198563,2.9646
6139,22,323,14.68,11.1,0,corps,13.103096762740426,1.8763
6140,22,234,10.64,11.1,0,corps,13.098546352056529,1.6135
6141,27,257,9.52,13.3,0,corps,13.093998216009265,1.8804
6142,21,318,15.14,10.7,0,corps,13.089452353461601,2.7170
6143,12,180,15.00,6.7,0,corps,13.084908763277076,1.2739
6144,10,130,13.00,5.8,0,corps,13.080367444319785,1.4197
6145,11,157,14.27,6.2,0,corps,13.075828395454408,1.2221
6146,21,272,12.95,10.7,0,corps,13.071291615546174,1.3222
6147,19,196,10.32,9.8,0,corps,13.066757103460889,3.6138
6148,15,193,12.87,8.0,0,corps,13.062224858064933,3.6950
6149,17,306,18.00,8.9,0,corps,13.057694878225231,1.5376
6150,39,428,10.97,18.7,0,corps,13.0531671628093,2.9948
6151,12,164,13.67,6.7,0,corps,13.048641710685208,3.6444
6152,6,68,11.33,4.0,0,corps,13.04411852072159,1.2988
6153,15,244,16.27,8.0,0,corps,13.039597591787649,1.6153
6154,18,250,13.89,9.3,0,corps,13.03507892275315,1.8099
6155,24,301,12.54,12.0,0,corps,13.030562512488434,3.5686
6156,20,249,12.45,10.2,0,corps,13.026048359864392,1.7103
6157,2,18,9.00,2.2,0,corps,13.021536463752485,1.6872
6158,34,480,14.12,16.4,0,corps,13.017026823024738,2.4973
6159,14,144,10.29,7.6,0,corps,13.012519436553752,1.7346
6160,18,236,13.11,9.3,0,corps,13.008014303212665,1.7352
6161,18,208,11.56,9.3,0,corps,13.003511421875205,1.2580
6162,17,222,13.06,8.9,0,corps,12.999010791415644,1.4053
6163,24,274,11.42,12.0,0,corps,12.994512410708827,2.8385
6164,26,403,15.50,12.9,0,corps,12.990016278630165,2.2078
6165,22,277,12.59,11.1,0,corps,12.985522394055614,2.4078
6166,13,174,13.38,7.1,0,corps,12.981030755861712,1.1751
6167,14,154,11.00,7.6,0,corps,12.976541362925545,1.0800
6168,20,230,11.50,10.2,0,corps,12.972054214124762,3.7699
6169,9,89,9.89,5.3,0,corps,12.967569308337584,1.6583
6170,28,406,14.50,13.8,0,corps,12.963086644442779,2.5343
6171,24,329,13.71,12.0,0,corps,12.958606221319677,1.4382
6172,19,208,10.95,9.8,0,corps,12.954128037848184,3.9048
6173,9,94,10.44,5.3,0,corps,12.949652092908739,1.0391
6174,15,180,12.00,8.0,0,corps,12.94517838538237,3.2652
6175,12,133,11.08,6.7,0,corps,12.940706914150644,1.8482
6176,14,145,10.36,7.6,0,corps,12.936237678095692,3.6470
6177,14,260,18.57,7.6,0,corps,12.931770676100207,0.8902
6178,23,307,13.35,11.6,0,corps,12.927305907047435,2.7557
6179,16,163,10.19,8.4,0,corps,12.922843369821186,1.8397
6180,16,199,12.44,8.4,0,corps,12.918383063305827,1.6643
6181,18,253,14.06,9.3,0,corps,12.913924986386279,1.8640
6182,19,170,8.95,9.8,0,corps,12.909469137948024,1.8801
6183,29,373,12.86,14.2,0,corps,12.905015516877105,1.7326
6184,5,79,15.80,3.6,0,corps,12.900564122060107,0.9230
6185,10,138,13.80,5.8,0,corps,12.896114952384188,2.9719
6186,6,73,12.17,4.0,0,corps,12.891668006737051,1.0810
6187,32,347,10.84,15.6,0,corps,12.887223284006962,2.9051
6188,12,144,12.00,6.7,0,corps,12.882780783082746,1.1865
6189,23,286,12.43,11.6,0,corps,12.878340502853765,5.9304
6190,32,321,10.03,15.6,0,corps,12.873902442209959,1.8701
6191,24,275,11.46,12.0,0,corps,12.86946660004181,3.1998
6192,19,203,10.68,9.8,0,corps,12.865032975240357,3.0416
6193,14,138,9.86,7.6,0,corps,12.860601566697195,5.3761
6194,19,271,14.26,9.8,0,corps,12.856172373304467,1.3486
6195,13,132,10.15,7.1,0,corps,12.85174539395488,2.2267
6196,11,148,13.45,6.2,0,corps,12.847320627541691,3.9967
6197,28,348,12.43,13.8,0,corps,12.8428980729587,2.6883
6198,11,146,13.27,6.2,0,corps,12.838477729100276,3.2873
6199,20,244,12.20,10.2,0,corps,12.834059594861333,3.3718
6200,24,312,13.00,12.0,0,corps,12.829643669137328,2.7955
6201,13,166,12.77,7.1,0,corps,12.825229950824294,1.5750
6202,26,293,11.27,12.9,0,corps,12.820818438818787,3.3302
6203,19,282,14.84,9.8,0,corps,12.816409132017936,2.1262
6204,21,302,14.38,10.7,0,corps,12.812002029319421,2.6959
6205,20,300,15.00,10.2,0,corps,12.807597129621454,3.3546
6206,23,313,13.61,11.6,0,corps,12.803194431822812,1.3138
6207,12,148,12.33,6.7,0,corps,12.79879393482283,3.6734
6208,17,195,11.47,8.9,0,corps,12.794395637521374,2.4773
6209,19,223,11.74,9.8,0,corps,12.789999538818877,4.0464
6210,26,321,12.35,12.9,0,corps,12.785605637616307,1.7281
6211,26,347,13.35,12.9,0,corps,12.781213932815191,2.0123
6212,13,154,11.85,7.1,0,corps,12.77682442331761,1.5518
6213,20,277,13.85,10.2,0,corps,12.772437108026175,2.3163
6214,22,276,12.55,11.1,0,corps,12.768051985844062,1.3913
6215,30,422,14.07,14.7,0,corps,12.763669055674995,3.0181
6216,26,341,13.12,12.9,0,corps,12.759288316423234,2.2687
6217,14,160,11.43,7.6,0,corps,12.754909766993602,1.5136
6218,17,184,10.82,8.9,0,corps,12.750533406291453,3.3914
6219,22,276,12.55,11.1,0,corps,12.7461592332227,3.6370
6220,18,188,10.44,9.3,0,corps,12.741787246693809,2.4580
6221,27,378,14.00,13.3,0,corps,12.737417445611769,3.6886
6222,25,315,12.60,12.4,0,corps,12.733049828884136,2.8221
6223,19,222,11.68,9.8,0,corps,12.728684395419009,4.5060
6224,4,55,13.75,3.1,0,corps,12.724321144125023,1.1012
6225,19,239,12.58,9.8,0,corps,12.719960073911372,1.7699
6226,14,207,14.79,7.6,0,corps,12.715601183687781,1.3878
6227,18,186,10.33,9.3,0,corps,12.71124447236453,1.3474
6228,6,89,14.83,4.0,0,corps,12.706889938852447,1.1166
6229,8,81,10.12,4.9,0,corps,12.702537582062892,1.5180
6230,27,339,12.56,13.3,0,corps,12.698187400907775,2.5863
6231,15,171,11.40,8.0,0,corps,12.69383939429956,3.4026
6232,15,212,14.13,8.0,0,corps,12.689493561151233,1.2127
6233,23,275,11.96,11.6,0,corps,12.685149900376347,2.4534
6234,23,288,12.52,11.6,0,corps,12.680808410888977,1.7802
6235,15,271,18.07,8.0,0,corps,12.676469091603757,1.4687
6236,21,244,11.62,10.7,0,corps,12.672131941435854,3.6437
6237,18,272,15.11,9.3,0,corps,12.667796959300981,1.9027
6238,22,270,12.27,11.1,0,corps,12.663464144115395,2.0630
6239,16,221,13.81,8.4,0,corps,12.65913349479589,1.3523
6240,20,231,11.55,10.2,0,corps,12.654805010259802,1.6123
6241,21,259,12.33,10.7,0,corps,12.650478689425013,1.4757
6242,23,234,10.17,11.6,0,corps,12.646154531209941,2.9016
6243,18,263,14.61,9.3,0,corps,12.641832534533545,2.8975
6244,8,83,10.38,4.9,0,corps,12.637512698315332,3.0748
6245,17,257,15.12,8.9,0,corps,12.633195021475332,1.7563
6246,21,360,17.14,10.7,0,corps,12.628879502934137,2.0933
6247,22,264,12.00,11.1,0,corps,12.624566141612863,2.9011
6248,10,93,9.30,5.8,0,corps,12.620254936433167,1.7111
6249,20,210,10.50,10.2,0,corps,12.615945886317254,2.3392
6250,19,238,12.53,9.8,0,corps,12.611638990187855,2.7139
6251,16,173,10.81,8.4,0,corps,12.607334246968243,2.8947
6252,23,298,12.96,11.6,0,corps,12.603031655582248,1.6758
6253,22,273,12.41,11.1,0,corps,12.598731214954206,1.3261
6254,21,242,11.52,10.7,0,corps,12.594432924009013,3.4443
6255,16,175,10.94,8.4,0,corps,12.590136781672095,1.5861
6256,13,228,17.54,7.1,0,corps,12.585842786869417,1.0673
6257,26,375,14.42,12.9,0,corps,12.581550938527483,2.0720
6258,22,248,11.27,11.1,0,corps,12.577261235573326,1.5118
6259,11,125,11.36,6.2,0,corps,12.57297367693452,4.0924
6260,23,269,11.70,11.6,0,corps,12.568688261539185,1.8144
6261,14,168,12.00,7.6,0,corps,12.564404988315955,2.3160
6262,34,397,11.68,16.4,0,corps,12.56012385619402,2.3771
6263,24,315,13.12,12.0,0,corps,12.555844864103088,3.1169
6264,25,392,15.68,12.4,0,corps,12.551568010973421,1.4379
6265,21,228,10.86,10.7,0,corps,12.5472932957358,3.2072
6266,10,132,13.20,5.8,0,corps,12.543020717321548,3.6028
6267,18,201,11.17,9.3,0,corps,12.538750274662519,3.0878
6268,22,299,13.59,11.1,0,corps,12.534481966691105,1.4357
6269,22,244,11.09,11.1,0,corps,12.530215792340224,3.2109
6270,10,114,11.40,5.8,0,corps,12.52595175054334,3.3967
6271,16,275,17.19,8.4,0,corps,12.521689840234435,2.4681
6272,21,263,12.52,10.7,0,corps,12.517430060348033,1.8747
6273,27,345,12.78,13.3,0,corps,12.513172409819193,2.3740
6274,14,177,12.64,7.6,0,corps,12.5089168875835,3.8365
6275,20,184,9.20,10.2,0,corps,12.50466349257707,1.8652
6276,11,118,10.73,6.2,0,corps,12.500412223736562,1.3344
6277,24,235,9.79,12.0,0,corps,12.496163079999151,1.8092
6278,14,150,10.71,7.6,0,corps,12.491916060302554,3.3325
6279,22,284,12.91,11.1,0,corps,12.487671163585018,2.0752
6280,21,255,12.14,10.7,0,corps,12.483428388785315,2.7249
6281,14,202,14.43,7.6,0,corps,12.479187734842759,1.0968
6282,12,181,15.08,6.7,0,corps,12.474949200697175,3.0635
6283,8,116,14.50,4.9,0,corps,12.470712785288935,1.1092
6284,21,226,10.76,10.7,0,corps,12.466478487558938,2.4551
6285,30,359,11.97,14.7,0,corps,12.462246306448607,1.6470
6286,18,177,9.83,9.3,0,corps,12.458016240899896,3.3984
6287,5,48,9.60,3.6,0,corps,12.453788289855291,1.2162
6288,10,132,13.20,5.8,0,corps,12.449562452257801,3.8624
6289,28,436,15.57,13.8,0,corps,12.445338727050967,1.8995
6290,15,199,13.27,8.0,0,corps,12.44111711317886,3.4803
6291,24,293,12.21,12.0,0,corps,12.436897609586072,3.6346
6292,22,239,10.86,11.1,0,corps,12.432680215217736,2.1130
6293,19,223,11.74,9.8,0,corps,12.428464929019494,2.3778
6294,22,308,14.00,11.1,0,corps,12.424251749937534,3.4176
6295,21,307,14.62,10.7,0,corps,12.420040676918548,1.8439
6296,8,100,12.50,4.9,0,corps,12.415831708909774,1.2854
6297,31,420,13.55,15.1,0,corps,12.411624844858979,1.4980
6298,18,270,15.00,9.3,0,corps,12.407420083714435,2.4343
6299,3,33,11.00,2.7,0,corps,12.403217424424954,1.7005
6300,18,260,14.44,9.3,0,corps,12.399016865939878,1.7314
6301,12,145,12.08,6.7,0,corps,12.394818407209055,4.5942
6302,10,182,18.20,5.8,0,corps,12.390622047182884,1.1428
6303,25,263,10.52,12.4,0,corps,12.386427784812264,1.9978
6304,21,331,15.76,10.7,0,corps,12.382235619048634,4.3602
6305,28,378,13.50,13.8,0,corps,12.378045548843957,3.1583
6306,13,142,10.92,7.1,0,corps,12.373857573150707,1.7214
6307,5,40,8.00,3.6,0,corps,12.369671690921894,1.7695
6308,14,147,10.50,7.6,0,corps,12.365487901111049,1.5457
6309,13,172,13.23,7.1,0,corps,12.361306202672221,2.5897
6310,12,136,11.33,6.7,0,corps,12.35712659455999,1.8009
6311,24,292,12.17,12.0,0,corps,12.352949075729446,3.1519
6312,9,94,10.44,5.3,0,corps,12.348773645136218,6.1322
6313,23,259,11.26,11.6,0,corps,12.344600301736447,2.5288
6314,18,219,12.17,9.3,0,corps,12.340429044486791,3.3001
6315,30,409,13.63,14.7,0,corps,12.33625987234444,2.8206
6316,19,239,12.58,9.8,0,corps,12.332092784267104,2.3385
6317,26,262,10.08,12.9,0,corps,12.327927779213002,3.5108
6318,32,410,12.81,15.6,0,corps,12.323764856140896,4.1376
6319,15,165,11.00,8.0,0,corps,12.319604014010038,2.3042
6320,23,230,10.00,11.6,0,corps,12.315445251780233,2.0670
6321,21,271,12.90,10.7,0,corps,12.311288568411783,3.9876
6322,29,353,12.17,14.2,0,corps,12.307133962865516,4.6240
6323,24,383,15.96,12.0,0,corps,12.302981434102783,2.9810
6324,16,175,10.94,8.4,0,corps,12.298830981085457,2.7970
6325,26,314,12.08,12.9,0,corps,12.294682602775914,3.0061
6326,26,279,10.73,12.9,0,corps,12.29053629813707,1.6859
6327,30,423,14.10,14.7,0,corps,12.28639206613234,2.4455
6328,33,472,14.30,16.0,0,corps,12.28224990572567,3.1575
6329,24,359,14.96,12.0,0,corps,12.278109815881521,2.0437
6330,36,447,12.42,17.3,0,corps,12.273971795564867,5.4469
6331,13,245,18.85,7.1,0,corps,12.269835843741205,1.4431
6332,15,217,14.47,8.0,0,corps,12.265701959376548,2.5355
6333,6,54,9.00,4.0,0,corps,12.261570141437424,1.3933
6334,29,426,14.69,14.2,0,corps,12.257440388890881,2.2940
6335,6,62,10.33,4.0,0,corps,12.253312700704475,1.9793
6336,29,354,12.21,14.2,0,corps,12.249187075846288,1.9391
6337,6,61,10.17,4.0,0,corps,12.245063513284911,1.6143
6338,5,82,16.40,3.6,0,corps,12.240942011989459,1.1700
6339,29,333,11.48,14.2,0,corps,12.236822570929547,2.1146
6340,28,343,12.25,13.8,0,corps,12.232705189075327,2.4380
6341,17,271,15.94,8.9,0,corps,12.228589865397444,2.6120
6342,19,267,14.05,9.8,0,corps,12.224476598867074,1.6924
6343,30,304,10.13,14.7,0,corps,12.220365388455892,1.9268
6344,30,367,12.23,14.7,0,corps,12.2162562331361,1.7911
6345,19,270,14.21,9.8,0,corps,12.212149131880413,1.2416
6346,13,176,13.54,7.1,0,corps,12.208044083662047,3.1210
6347,25,295,11.80,12.4,0,corps,12.203941087454744,2.2044
6348,17,165,9.71,8.9,0,corps,12.199840142232762,2.6852
6349,22,368,16.73,11.1,0,corps,12.195741246970854,2.9111
6350,9,103,11.44,5.3,0,corps,12.191644400644302,1.5343
6351,26,377,14.50,12.9,0,corps,12.187549602228891,1.8163
6352,24,334,13.92,12.0,0,corps,12.183456850700924,1.8427
6353,22,322,14.64,11.1,0,corps,12.179366145037216,1.9168
6354,22,303,13.77,11.1,0,corps,12.17527748421508,2.1004
6355,17,211,12.41,8.9,0,corps,12.171190867212362,1.0004
6356,24,309,12.88,12.0,0,corps,12.167106293007404,2.3453
6357,10,129,12.90,5.8,0,corps,12.163023760579058,1.2757
6358,16,168,10.50,8.4,0,corps,12.1589432689067,2.3561
6359,8,133,16.62,4.9,0,corps,12.154864816970196,0.8202
6360,11,133,12.09,6.2,0,corps,12.15078840374994,1.1928
6361,13,143,11.00,7.1,0,corps,12.146714028226832,1.2286
6362,6,74,12.33,4.0,0,corps,12.142641689382266,1.3163
6363,27,327,12.11,13.3,0,corps,12.13857138619817,2.1612
6364,16,159,9.94,8.4,0,corps,12.134503117656964,4.0513
6365,12,138,11.50,6.7,0,corps,12.130436882741574,3.0419
6366,20,231,11.55,10.2,0,corps,12.126372680435454,3.5158
6367,17,209,12.29,8.9,0,corps,12.122310509722542,2.4682
6368,23,310,13.48,11.6,0,corps,12.1182503695873,2.8839
6369,15,177,11.80,8.0,0,corps,12.114192259014695,4.4785
6370,19,216,11.37,9.8,0,corps,12.110136176990194,3.0698
6371,25,517,20.68,12.4,0,corps,12.106082122499782,3.0624
6372,21,281,13.38,10.7,0,corps,12.102030094529942,2.6657
6373,13,208,16.00,7.1,0,corps,12.097980092067665,1.6846
6374,22,254,11.55,11.1,0,corps,12.093932114100458,2.0455
6375,20,291,14.55,10.2,0,corps,12.08988615961632,2.9589
6376,12,239,19.92,6.7,0,corps,12.08584222760376,2.7809
6377,6,60,10.00,4.0,0,corps,12.081800317051805,2.1779
6378,17,238,14.00,8.9,0,corps,12.077760426949968,2.5185
6379,6,63,10.50,4.0,0,corps,12.073722556288283,2.0296
6380,11,131,11.91,6.2,0,corps,12.069686704057277,1.6140
6381,22,267,12.14,11.1,0,corps,12.065652869247986,1.5255
6382,10,101,10.10,5.8,0,corps,12.061621050851961,3.0447
6383,18,263,14.61,9.3,0,corps,12.057591247861236,2.8602
6384,15,189,12.60,8.0,0,corps,12.053563459268362,3.2503
6385,12,208,17.33,6.7,0,corps,12.049537684066403,2.7497
6386,27,386,14.30,13.3,0,corps,12.0455139212489,2.1807
6387,20,249,12.45,10.2,0,corps,12.041492169809926,4.0334
6388,25,330,13.20,12.4,0,corps,12.037472428744028,2.5663
6389,35,555,15.86,16.9,0,corps,12.033454697046283,1.9390
6390,2,28,14.00,2.2,0,corps,12.029438973712258,0.9537
6391,23,347,15.09,11.6,0,corps,12.025425257738013,1.2002
6392,24,250,10.42,12.0,0,corps,12.021413548120124,2.0868
6393,8,73,9.12,4.9,0,corps,12.017403843855668,1.7990
6394,14,147,10.50,7.6,0,corps,12.01339614394221,1.4927
6395,14,194,13.86,7.6,0,corps,12.009390447377836,2.6877
6396,22,298,13.55,11.1,0,corps,12.00538675316111,1.7775
6397,13,138,10.62,7.1,0,corps,12.001385060291112,4.7374
6398,16,203,12.69,8.4,0,corps,11.997385367767427,1.5382
6399,3,38,12.67,2.7,0,corps,11.993387674590123,1.6554
6400,10,127,12.70,5.8,0,corps,11.989391979759779,4.1203
6401,23,305,13.26,11.6,0,corps,11.98539828227747,2.2293
6402,20,271,13.55,10.2,0,corps,11.981406581144775,3.4197
6403,33,436,13.21,16.0,0,corps,11.977416875363769,4.1287
6404,17,209,12.29,8.9,0,corps,11.973429163937018,3.3295
6405,19,217,11.42,9.8,0,corps,11.969443445867602,1.8845
6406,15,117,7.80,8.0,0,corps,11.965459720159094,4.4435
6407,15,199,13.27,8.0,0,corps,11.961477985815549,1.1826
6408,37,387,10.46,17.8,0,corps,11.957498241841547,4.4085
6409,12,147,12.25,6.7,0,corps,11.953520487242148,3.6080
6410,12,120,10.00,6.7,0,corps,11.949544721022908,4.4726
6411,16,199,12.44,8.4,0,corps,11.945570942189896,2.9519
6412,10,165,16.50,5.8,0,corps,11.941599149749655,3.5295
6413,25,319,12.76,12.4,0,corps,11.937629342709243,1.2027
6414,22,283,12.86,11.1,0,corps,11.93366152007621,2.5551
6415,20,273,13.65,10.2,0,corps,11.929695680858599,2.4931
6416,8,122,15.25,4.9,0,corps,11.925731824064945,3.6234
6417,22,364,16.55,11.1,0,corps,11.921769948704295,1.2052
6418,11,111,10.09,6.2,0,corps,11.917810053786168,1.5984
6419,27,351,13.00,13.3,0,corps,11.913852138320602,3.4565
6420,29,376,12.97,14.2,0,corps,11.909896201318105,2.2125
6421,21,265,12.62,10.7,0,corps,11.905942241789703,2.6504
6422,6,88,14.67,4.0,0,corps,11.901990258746903,1.6040
6423,16,123,7.69,8.4,0,corps,11.898040251201705,1.9487
6424,7,50,7.14,4.4,0,corps,11.894092218166612,1.7751
6425,22,276,12.55,11.1,0,corps,11.890146158654618,2.7852
6426,26,310,11.92,12.9,0,corps,11.886202071679202,1.6276
6427,22,362,16.45,11.1,0,corps,11.882259956254348,1.1853
6428,23,254,11.04,11.6,0,corps,11.878319811394523,2.6257
6429,18,172,9.56,9.3,0,corps,11.87438163611469,3.7218
6430,23,254,11.04,11.6,0,corps,11.87044542943031,6.2915
6431,33,519,15.73,16.0,0,corps,11.866511190357324,1.9959
6432,17,186,10.94,8.9,0,corps,11.862578917912177,1.4277
6433,29,334,11.52,14.2,0,corps,11.858648611111805,5.4861
6434,35,571,16.31,16.9,0,corps,11.854720268973622,2.1385
6435,8,116,14.50,4.9,0,corps,11.850793890515554,1.1068
6436,17,175,10.29,8.9,0,corps,11.84686947475599,1.6661
6437,26,406,15.62,12.9,0,corps,11.84294702071384,3.3153
6438,22,271,12.32,11.1,0,corps,11.839026527408489,2.4684
6439,12,132,11.00,6.7,0,corps,11.835107993859806,3.8640
6440,13,216,16.62,7.1,0,corps,11.831191419088164,1.1601
6441,22,267,12.14,11.1,0,corps,11.82727680211442,3.0282
6442,17,229,13.47,8.9,0,corps,11.823364141959914,2.6857
6443,23,311,13.52,11.6,0,corps,11.819453437646487,1.5132
6444,27,375,13.89,13.3,0,corps,11.815544688196459,2.0891
6445,25,386,15.44,12.4,0,corps,11.811637892632643,2.5918
6446,27,356,13.19,13.3,0,corps,11.807733049978342,1.8687
6447,5,68,13.60,3.6,0,corps,11.803830159257341,0.9272
6448,11,135,12.27,6.2,0,corps,11.79992921949392,1.3979
6449,21,233,11.10,10.7,0,corps,11.796030229712851,1.7029
6450,23,233,10.13,11.6,0,corps,11.792133188939374,2.1355
6451,18,177,9.83,9.3,0,corps,11.78823809619924,6.9197
6452,27,322,11.93,13.3,0,corps,11.784344950518665,1.9283
6453,12,170,14.17,6.7,0,corps,11.780453750924371,1.1172
6454,31,293,9.45,15.1,0,corps,11.776564496443557,2.5491
6455,8,135,16.88,4.9,0,corps,11.772677186103905,0.9885
6456,21,185,8.81,10.7,0,corps,11.768791818933588,3.1274
6457,12,123,10.25,6.7,0,corps,11.76490839396127,1.2441
6458,4,45,11.25,3.1,0,corps,11.76102691021609,1.5923
6459,19,202,10.63,9.8,0,corps,11.757147366727683,2.9484
6460,15,188,12.53,8.0,0,corps,11.75326976252615,1.1590
6461,32,488,15.25,15.6,0,corps,11.7493940966421,6.6812
6462,6,54,9.00,4.0,0,corps,11.745520368106618,3.8639
6463,18,250,13.89,9.3,0,corps,11.741648575951263,1.4489
6464,16,167,10.44,8.4,0,corps,11.737778719208094,1.9428
6465,24,300,12.50,12.0,0,corps,11.73391079690965,2.9994
6466,10,101,10.10,5.8,0,corps,11.730044808088941,4.3906
6467,14,156,11.14,7.6,0,corps,11.726180751779475,3.8351
6468,15,186,12.40,8.0,0,corps,11.722318627015236,3.3061
6469,9,122,13.56,5.3,0,corps,11.718458432830694,3.5389
6470,27,297,11.00,13.3,0,corps,11.714600168260805,3.0628
6471,16,205,12.81,8.4,0,corps,11.710743832340995,3.4290
6472,15,212,14.13,8.0,0,corps,11.706889424107182,1.1670
6473,12,151,12.58,6.7,0,corps,11.703036942595766,1.3281
6474,31,410,13.23,15.1,0,corps,11.699186386843625,2.4914
6475,11,149,13.55,6.2,0,corps,11.695337755888124,1.4569
6476,19,225,11.84,9.8,0,corps,11.691491048767096,3.6685
6477,28,364,13.00,13.8,0,corps,11.687646264518875,2.5677
6478,30,357,11.90,14.7,0,corps,11.683803402182264,2.6400
6479,13,189,14.54,7.1,0,corps,11.679962460796537,4.2287
6480,30,464,15.47,14.7,0,corps,11.676123439401465,2.4927
6481,12,153,12.75,6.7,0,corps,11.672286337037296,1.4174
6482,23,300,13.04,11.6,0,corps,11.66845115274475,2.7391
6483,31,364,11.74,15.1,0,corps,11.664617885565034,2.2191
6484,12,182,15.17,6.7,0,corps,11.660786534539827,3.6337
6485,40,495,12.38,19.1,0,corps,11.656957098711294,3.6632
6486,15,146,9.73,8.0,0,corps,11.653129577122076,1.7932
6487,21,279,13.29,10.7,0,corps,11.64930396881529,2.5721
6488,21,294,14.00,10.7,0,corps,11.645480272834538,1.2622
6489,18,206,11.44,9.3,0,corps,11.641658488223896,3.1175
6490,17,244,14.35,8.9,0,corps,11.637838614027912,1.3154
6491,21,315,15.00,10.7,0,corps,11.634020649291624,3.7219
6492,34,558,16.41,16.4,0,corps,11.630204593060537,2.7754
6493,19,257,13.53,9.8,0,corps,11.626390444380636,2.4378
6494,19,224,11.79,9.8,0,corps,11.622578202298389,3.0741
6495,14,249,17.79,7.6,0,corps,11.618767865860733,1.1672
6496,11,173,15.73,6.2,0,corps,11.614959434115079,1.1903
6497,16,246,15.38,8.4,0,corps,11.611152906109327,1.3388
6498,14,134,9.57,7.6,0,corps,11.607348280891838,1.9510
6499,4,83,20.75,3.1,0,corps,11.603545557511463,1.0843
6500,26,268,10.31,12.9,0,corps,11.599744735017515,3.0514
6501,28,359,12.82,13.8,0,corps,11.595945812459787,2.3049
6502,36,450,12.50,17.3,0,corps,11.592148788888556,3.7372
6503,25,332,13.28,12.4,0,corps,11.588353663354562,2.3771
6504,26,254,9.77,12.9,0,corps,11.584560434909022,1.8164
6505,9,105,11.67,5.3,0,corps,11.58076910260363,6.5885
6506,18,247,13.72,9.3,0,corps,11.57697966549055,1.4462
6507,8,97,12.12,4.9,0,corps,11.57319212262243,2.1852
6508,24,296,12.33,12.0,0,corps,11.569406473052378,1.6555
6509,26,381,14.65,12.9,0,corps,11.565622715833983,1.5662
6510,34,388,11.41,16.4,0,corps,11.561840850021312,2.7560
6511,18,243,13.50,9.3,0,corps,11.558060874668888,2.8145
6512,17,226,13.29,8.9,0,corps,11.554282788831724,2.1698
6513,19,198,10.42,9.8,0,corps,11.550506591565297,2.9337
6514,25,320,12.80,12.4,0,corps,11.54673228192555,2.2686
6515,22,342,15.55,11.1,0,corps,11.542959858968924,1.2995
6516,10,93,9.30,5.8,0,corps,11.539189321752295,4.7409
6517,13,159,12.23,7.1,0,corps,11.535420669333035,2.3743
6518,30,402,13.40,14.7,0,corps,11.531653900768987,1.7420
6519,26,313,12.04,12.9,0,corps,11.527889015118447,2.9926
6520,19,210,11.05,9.8,0,corps,11.524126011440206,1.5722
6521,15,186,12.40,8.0,0,corps,11.520364888793502,2.8284
6522,22,216,9.82,11.1,0,corps,11.516605646238062,3.0367
6523,15,186,12.40,8.0,0,corps,11.512848282834073,3.9094
6524,3,31,10.33,2.7,0,corps,11.509092797642193,1.9374
6525,18,273,15.17,9.3,0,corps,11.505339189723552,2.2551
6526,16,198,12.38,8.4,0,corps,11.501587458139747,1.3023
6527,23,322,14.00,11.6,0,corps,11.497837601952845,2.6929
6528,31,347,11.19,15.1,0,corps,11.494089620225386,2.7364
6529,24,325,13.54,12.0,0,corps,11.490343512020369,1.7902
6530,15,171,11.40,8.0,0,corps,11.486599276401266,2.7701
6531,18,217,12.06,9.3,0,corps,11.482856912432023,1.8641
6532,20,235,11.75,10.2,0,corps,11.47911641917705,3.0717
6533,27,325,12.04,13.3,0,corps,11.475377795701217,1.9300
6534,22,297,13.50,11.1,0,corps,11.471641041069875,4.4008
6535,22,325,14.77,11.1,0,corps,11.467906154348828,1.9817
6536,17,191,11.24,8.9,0,corps,11.464173134604364,3.5355
6537,8,129,16.12,4.9,0,corps,11.46044198090322,1.2961
6538,10,96,9.60,5.8,0,corps,11.456712692312607,3.8773
6539,20,268,13.40,10.2,0,corps,11.452985267900209,1.6417
6540,12,170,14.17,6.7,0,corps,11.449259706734166,3.4265
6541,31,382,12.32,15.1,0,corps,11.445536007883087,2.3959
6542,17,190,11.18,8.9,0,corps,11.441814170416054,3.5801
6543,13,142,10.92,7.1,0,corps,11.438094193402595,1.7534
6544,23,274,11.91,11.6,0,corps,11.43437607591273,2.8593
6545,17,186,10.94,8.9,0,corps,11.43065981701692,2.7128
6546,22,310,14.09,11.1,0,corps,11.426945415786099,2.7744
6547,22,280,12.73,11.1,0,corps,11.423232871291678,2.7142
6548,23,331,14.39,11.6,0,corps,11.419522182605506,2.1056
6549,25,376,15.04,12.4,0,corps,11.415813348799922,2.4525
6550,33,409,12.39,16.0,0,corps,11.412106368947716,3.6585
6551,9,120,13.33,5.3,0,corps,11.408401242122137,1.0161
6552,16,232,14.50,8.4,0,corps,11.404697967396912,1.4801
6553,6,90,15.00,4.0,0,corps,11.400996543846212,0.9580
6554,26,362,13.92,12.9,0,corps,11.397296970544687,3.0425
6555,21,168,8.00,10.7,0,corps,11.39359924656745,1.9653
6556,9,129,14.33,5.3,0,corps,11.389903370990057,1.1079
6557,20,266,13.30,10.2,0,corps,11.386209342888542,2.3323
6558,13,162,12.46,7.1,0,corps,11.38251716133941,3.7777
6559,19,207,10.89,9.8,0,corps,11.3788268254196,1.8560
6560,43,535,12.44,20.4,0,corps,11.37513833420654,2.4070
6561,32,399,12.47,15.6,0,corps,11.371451686778098,3.3753
6562,21,302,14.38,10.7,0,corps,11.367766882212615,2.3150
6563,14,111,7.93,7.6,0,corps,11.364083919588893,4.4687
6564,29,229,7.90,14.2,0,corps,11.360402797986191,4.7292
6565,22,197,8.95,11.1,0,corps,11.356723516484221,1.8615
6566,18,189,10.50,9.3,0,corps,11.353046074163176,2.0734
6567,11,173,15.73,6.2,0,corps,11.34937047010368,2.1788
6568,23,277,12.04,11.6,0,corps,11.345696703386848,2.5865
6569,12,145,12.08,6.7,0,corps,11.342024773094225,2.9132
6570,16,175,10.94,8.4,0,corps,11.338354678307835,3.2480
6571,40,475,11.88,19.1,0,corps,11.334686418110154,2.6071
6572,37,504,13.62,17.8,0,corps,11.331019991584112,3.0996
6573,21,230,10.95,10.7,0,corps,11.327355397813108,1.4528
6574,33,455,13.79,16.0,0,corps,11.323692635880994,2.4561
6575,15,194,12.93,8.0,0,corps,11.320031704872074,3.4617
6576,26,285,10.96,12.9,0,corps,11.316372603871121,3.0433
6577,4,46,11.50,3.1,0,corps,11.312715331963355,1.7035
6578,19,276,14.53,9.8,0,corps,11.30905988823446,2.5944
6579,29,366,12.62,14.2,0,corps,11.305406271770577,4.3272
6580,23,372,16.17,11.6,0,corps,11.3017544816583,1.7519
6581,22,299,13.59,11.1,0,corps,11.298104516984678,1.5909
6582,18,224,12.44,9.3,0,corps,11.294456376837225,1.5020
6583,46,674,14.65,21.8,0,corps,11.290810060303905,3.0096
6584,16,221,13.81,8.4,0,corps,11.28716556647314,1.7728
6585,21,222,10.57,10.7,0,corps,11.283522894433801,2.7494
6586,21,221,10.52,10.7,0,corps,11.279882043275224,1.4989
6587,14,175,12.50,7.6,0,corps,11.276243012087198,3.8884
6588,20,242,12.10,10.2,0,corps,11.272605799959958,3.0309
6589,46,610,13.26,21.8,0,corps,11.268970405984211,2.1872
6590,6,101,16.83,4.0,0,corps,11.265336829251101,0.9424
6591,21,290,13.81,10.7,0,corps,11.261705068852237,1.2128
6592,15,208,13.87,8.0,0,corps,11.25807512387968,2.7352
6593,6,73,12.17,4.0,0,corps,11.25444699342594,1.4237
6594,33,521,15.79,16.0,0,corps,11.250820676583984,2.6657
6595,22,292,13.27,11.1,0,corps,11.247196172447238,2.9268
6596,15,161,10.73,8.0,0,corps,11.24357348010957,2.9113
6597,11,144,13.09,6.2,0,corps,11.239952598665312,1.5484
6598,11,166,15.09,6.2,0,corps,11.236333527209242,1.6577
6599,27,386,14.30,13.3,0,corps,11.232716264836586,2.1709
6600,13,193,14.85,7.1,0,corps,11.229100810643041,2.9110
6601,25,292,11.68,12.4,0,corps,11.225487163724734,2.7365
6602,18,218,12.11,9.3,0,corps,11.221875323178255,1.5587
6603,25,262,10.48,12.4,0,corps,11.218265288100646,1.9322
6604,14,164,11.71,7.6,0,corps,11.214657057589392,1.5001
6605,19,292,15.37,9.8,0,corps,11.211050630742442,1.6919
6606,25,252,10.08,12.4,0,corps,11.20744600665819,2.1597
6607,6,68,11.33,4.0,0,corps,11.203843184435474,1.6698
6608,33,391,11.85,16.0,0,corps,11.200242163173597,3.4625
6609,17,234,13.76,8.9,0,corps,11.196642941972293,1.9901
6610,24,231,9.62,12.0,0,corps,11.19304551993176,2.1182
6611,11,118,10.73,6.2,0,corps,11.18944989615265,1.3110
6612,37,359,9.70,17.8,0,corps,11.185856069736047,3.9361
6613,11,149,13.55,6.2,0,corps,11.182264039783501,2.5100
6614,26,316,12.15,12.9,0,corps,11.178673805397004,2.1255
6615,23,297,12.91,11.6,0,corps,11.175085365678994,2.8871
6616,14,181,12.93,7.6,0,corps,11.171498719732364,1.7154
6617,17,212,12.47,8.9,0,corps,11.16791386666045,1.5293
6618,10,96,9.60,5.8,0,corps,11.164330805567038,3.5862
6619,16,211,13.19,8.4,0,corps,11.16074953555637,1.3833
6620,10,170,17.00,5.8,0,corps,11.157170055733118,1.0678
6621,40,599,14.97,19.1,0,corps,11.15359236520242,2.6167
6622,17,221,13.00,8.9,0,corps,11.15001646306985,1.7248
6623,15,226,15.07,8.0,0,corps,11.146442348441433,4.1235
6624,16,186,11.62,8.4,0,corps,11.142870020423642,4.0956
6625,12,170,14.17,6.7,0,corps,11.139299478123391,1.4023
6626,26,344,13.23,12.9,0,corps,11.135730720648047,2.3293
6627,19,318,16.74,9.8,0,corps,11.13216374710542,1.9921
6628,15,194,12.93,8.0,0,corps,11.128598556603766,2.4440
6629,16,226,14.12,8.4,0,corps,11.125035148251794,1.7906
6630,21,248,11.81,10.7,0,corps,11.12147352115864,1.6425
6631,19,214,11.26,9.8,0,corps,11.117913674433904,3.7321
6632,27,408,15.11,13.3,0,corps,11.114355607187626,2.3902
6633,5,78,15.60,3.6,0,corps,11.110799318530285,1.2148
6634,23,300,13.04,11.6,0,corps,11.10724480757281,2.5731
6635,19,286,15.05,9.8,0,corps,11.103692073426577,1.9371
6636,18,255,14.17,9.3,0,corps,11.1001411152034,2.8375
6637,29,392,13.52,14.2,0,corps,11.096591932015535,2.9093
6638,9,133,14.78,5.3,0,corps,11.09304452297569,3.0039
6639,24,359,14.96,12.0,0,corps,11.089498887197013,2.7022
6640,20,275,13.75,10.2,0,corps,11.085955023793097,1.7123
6641,30,409,13.63,14.7,0,corps,11.082412931877975,1.8827
6642,15,161,10.73,8.0,0,corps,11.078872610566117,1.8177
6643,19,224,11.79,9.8,0,corps,11.075334058972455,2.8639
6644,19,268,14.11,9.8,0,corps,11.071797276212342,1.7936
6645,11,145,13.18,6.2,0,corps,11.068262261401586,1.1091
6646,23,270,11.74,11.6,0,corps,11.06472901365643,2.4502
6647,9,116,12.89,5.3,0,corps,11.061197532093564,1.5421
6648,10,100,10.00,5.8,0,corps,11.057667815830118,3.1876
6649,31,420,13.55,15.1,0,corps,11.054139863983664,3.9049
6650,13,194,14.92,7.1,0,corps,11.050613675672214,0.9185
6651,15,147,9.80,8.0,0,corps,11.047089250014217,1.9063
6652,14,148,10.57,7.6,0,corps,11.04356658612857,3.0407
6653,11,136,12.36,6.2,0,corps,11.040045683134608,1.4230
6654,17,326,19.18,8.9,0,corps,11.0365265401521,1.2386
6655,18,213,11.83,9.3,0,corps,11.033009156301265,3.7947
6656,24,288,12.00,12.0,0,corps,11.029493530702759,2.0355
6657,21,249,11.86,10.7,0,corps,11.025979662477667,2.2137
6658,16,302,18.88,8.4,0,corps,11.022467550747528,2.5020
6659,15,166,11.07,8.0,0,corps,11.018957194634316,1.3762
6660,34,403,11.85,16.4,0,corps,11.015448593260437,3.0316
6661,11,119,10.82,6.2,0,corps,11.011941745748747,3.3454
6662,27,395,14.63,13.3,0,corps,11.008436651222524,2.8389
6663,21,296,14.10,10.7,0,corps,11.004933308805503,1.3470
6664,17,199,11.71,8.9,0,corps,11.001431717621848,1.4440
6665,21,228,10.86,10.7,0,corps,10.997931876796157,2.3993
6666,15,169,11.27,8.0,0,corps,10.99443378545347,2.2868
6667,22,237,10.77,11.1,0,corps,10.99093744271927,2.1736
6668,18,209,11.61,9.3,0,corps,10.98744284771946,1.6743
6669,18,221,12.28,9.3,0,corps,10.983949999580405,1.9188
6670,10,113,11.30,5.8,0,corps,10.980458897428885,5.4351
6671,9,98,10.89,5.3,0,corps,10.976969540392123,1.6869
6672,31,378,12.19,15.1,0,corps,10.973481927597787,2.0373
6673,30,361,12.03,14.7,0,corps,10.969996058173964,1.5788
6674,14,154,11.00,7.6,0,corps,10.966511931249192,1.4984
6675,31,360,11.61,15.1,0,corps,10.963029545952446,1.4957
6676,3,26,8.67,2.7,0,corps,10.959548901413116,2.2272
6677,25,276,11.04,12.4,0,corps,10.95606999676105,2.2989
6678,32,474,14.81,15.6,0,corps,10.95259283112652,1.7530
6679,7,199,28.43,4.4,0,corps,10.949117403640232,0.7186
6680,20,255,12.75,10.2,0,corps,10.945643713433334,1.1631
6681,15,187,12.47,8.0,0,corps,10.942171759637398,3.1988
6682,18,220,12.22,9.3,0,corps,10.938701541384438,3.6886
6683,13,139,10.69,7.1,0,corps,10.9352330578069,1.4478
6684,31,361,11.65,15.1,0,corps,10.931766308037663,2.5677
6685,24,361,15.04,12.0,0,corps,10.92830129121004,1.3830
6686,30,363,12.10,14.7,0,corps,10.924838006457774,2.0127
6687,22,240,10.91,11.1,0,corps,10.921376452915046,3.3640
6688,25,314,12.56,12.4,0,corps,10.917916629716467,2.8971
6689,17,233,13.71,8.9,0,corps,10.914458535997085,3.6965
6690,18,174,9.67,9.3,0,corps,10.911002170892367,4.2165
6691,20,251,12.55,10.2,0,corps,10.907547533538233,2.3415
6692,30,402,13.40,14.7,0,corps,10.904094623071014,1.3764
6693,26,300,11.54,12.9,0,corps,10.900643438627492,1.6535
6694,28,362,12.93,13.8,0,corps,10.897193979344861,2.4308
6695,20,268,13.40,10.2,0,corps,10.893746244360763,1.2240
6696,20,226,11.30,10.2,0,corps,10.890300232813264,2.0462
6697,18,171,9.50,9.3,0,corps,10.886855943840853,1.7834
6698,2,21,10.50,2.2,0,corps,10.883413376582466,2.7656
6699,19,219,11.53,9.8,0,corps,10.879972530177461,2.0451
6700,18,211,11.72,9.3,0,corps,10.876533403765626,1.5993
6701,35,447,12.77,16.9,0,corps,10.873095996487175,2.5410
6702,5,79,15.80,3.6,0,corps,10.869660307482759,0.9341
6703,27,342,12.67,13.3,0,corps,10.866226335893456,2.1814
6704,22,215,9.77,11.1,0,corps,10.862794080860775,2.2260
6705,14,166,11.86,7.6,0,corps,10.859363541526646,1.1628
6706,16,192,12.00,8.4,0,corps,10.855934717033438,1.6621
6707,4,64,16.00,3.1,0,corps,10.852507606523949,0.9468
6708,8,116,14.50,4.9,0,corps,10.849082209141391,1.3439
6709,2,26,13.00,2.2,0,corps,10.84565852402943,0.7915
6710,11,170,15.45,6.2,0,corps,10.84223655033213,3.2276
6711,20,198,9.90,10.2,0,corps,10.838816287194,3.2617
6712,11,123,11.18,6.2,0,corps,10.835397733759985,2.6428
6713,16,202,12.62,8.4,0,corps,10.831980889175435,1.5165
6714,24,272,11.33,12.0,0,corps,10.828565752586142,3.1677
6715,27,319,11.81,13.3,0,corps,10.825152323138326,3.5071
6716,19,198,10.42,9.8,0,corps,10.821740599978625,2.6559
6717,19,246,12.95,9.8,0,corps,10.81833058225411,1.8182
6718,16,204,12.75,8.4,0,corps,10.814922269112273,1.2835
6719,9,117,13.00,5.3,0,corps,10.811515659701037,1.4263
6720,17,149,8.76,8.9,0,corps,10.808110753168759,2.2406
6721,18,212,11.78,9.3,0,corps,10.804707548664199,5.1163
6722,28,363,12.96,13.8,0,corps,10.801306045336561,2.6181
6723,24,337,14.04,12.0,0,corps,10.797906242335475,2.9133
6724,13,227,17.46,7.1,0,corps,10.794508138810983,1.2769
6725,28,306,10.93,13.8,0,corps,10.79111173391356,1.9862
6726,18,235,13.06,9.3,0,corps,10.787717026794105,2.2812
6727,26,283,10.88,12.9,0,corps,10.784324016603945,1.7196
6728,40,473,11.82,19.1,0,corps,10.780932702494821,3.5077
6729,36,503,13.97,17.3,0,corps,10.777543083618909,3.8983
6730,24,368,15.33,12.0,0,corps,10.774155159128803,1.7668
6731,14,194,13.86,7.6,0,corps,10.770768928177526,1.6958
6732,22,268,12.18,11.1,0,corps,10.767384389918512,3.2559
6733,27,333,12.33,13.3,0,corps,10.764001543505634,2.7433
6734,14,201,14.36,7.6,0,corps,10.760620388093173,1.3949
6735,13,123,9.46,7.1,0,corps,10.757240922835845,2.3807
6736,19,289,15.21,9.8,0,corps,10.753863146888786,1.4713
6737,10,95,9.50,5.8,0,corps,10.750487059407545,1.6455
6738,10,122,12.20,5.8,0,corps,10.747112659548108,3.6165
6739,34,477,14.03,16.4,0,corps,10.74373994646687,2.7187
6740,13,165,12.69,7.1,0,corps,10.74036891932065,3.3838
6741,10,159,15.90,5.8,0,corps,10.736999577266701,1.1921
6742,12,129,10.75,6.7,0,corps,10.733631919462677,1.5208
6743,24,270,11.25,12.0,0,corps,10.73026594506667,1.8337
6744,24,321,13.38,12.0,0,corps,10.726901653237183,2.0964
6745,8,94,11.75,4.9,0,corps,10.723539043133142,6.0465
6746,4,64,16.00,3.1,0,corps,10.7201781139139,1.1234
6747,5,66,13.20,3.6,0,corps,10.716818864739222,1.4731
6748,16,176,11.00,8.4,0,corps,10.713461294769294,1.7599
6749,42,546,13.00,20.0,0,corps,10.710105403164727,3.7141
6750,32,316,9.88,15.6,0,corps,10.70675118908654,2.9479
6751,23,267,11.61,11.6,0,corps,10.703398651696192,3.2717
6752,23,289,12.57,11.6,0,corps,10.700047790155539,2.1178
6753,11,127,11.55,6.2,0,corps,10.696698603626867,4.9032
6754,14,181,12.93,7.6,0,corps,10.693351091272884,3.6992
6755,16,164,10.25,8.4,0,corps,10.690005252256704,2.1113
6756,9,71,7.89,5.3,0,corps,10.686661085741875,1.9582
6757,21,232,11.05,10.7,0,corps,10.683318590892355,1.6017
6758,20,258,12.90,10.2,0,corps,10.679977766872511,2.6967
6759,17,218,12.82,8.9,0,corps,10.676638612847148,2.8682
6760,27,343,12.70,13.3,0,corps,10.673301127981471,1.6759
6761,12,205,17.08,6.7,0,corps,10.66996531144111,3.2574
6762,25,378,15.12,12.4,0,corps,10.666631162392115,2.0427
6763,37,503,13.59,17.8,0,corps,10.663298680000944,1.5162
6764,17,188,11.06,8.9,0,corps,10.659967863434474,1.7500
6765,13,159,12.23,7.1,0,corps,10.656638711860012,3.9949
6766,27,317,11.74,13.3,0,corps,10.653311224445256,1.9689
6767,9,109,12.11,5.3,0,corps,10.649985400358341,5.7874
6768,43,483,11.23,20.4,0,corps,10.646661238767816,2.3539
6769,34,422,12.41,16.4,0,corps,10.643338738842631,2.2700
6770,34,420,12.35,16.4,0,corps,10.640017899752168,2.3831
6771,15,152,10.13,8.0,0,corps,10.636698720666212,3.0649
6772,11,113,10.27,6.2,0,corps,10.633381200754972,3.1143
6773,11,91,8.27,6.2,0,corps,10.630065339189068,6.8941
6774,11,148,13.45,6.2,0,corps,10.626751135139529,3.6644
6775,21,263,12.52,10.7,0,corps,10.623438587777812,1.8646
6776,12,178,14.83,6.7,0,corps,10.620127696275775,1.0538
6777,18,221,12.28,9.3,0,corps,10.616818459805696,2.4438
6778,16,199,12.44,8.4,0,corps,10.613510877540271,3.7063
6779,21,274,13.05,10.7,0,corps,10.610204948652594,2.8756
6780,16,143,8.94,8.4,0,corps,10.606900672316188,3.3253
6781,22,273,12.41,11.1,0,corps,10.60359804770499,2.0610
6782,19,292,15.37,9.8,0,corps,10.600297073993337,1.2522
6783,15,165,11.00,8.0,0,corps,10.596997750355985,2.4484
6784,16,172,10.75,8.4,0,corps,10.593700075968107,2.2110
6785,17,202,11.88,8.9,0,corps,10.590404050005278,1.5431
6786,8,66,8.25,4.9,0,corps,10.587109671643502,5.7539
6787,21,226,10.76,10.7,0,corps,10.583816940059174,4.1431
6788,10,155,15.50,5.8,0,corps,10.580525854429112,1.1008
6789,8,80,10.00,4.9,0,corps,10.577236413930557,1.3051
6790,32,434,13.56,15.6,0,corps,10.573948617741133,1.8467
6791,18,225,12.50,9.3,0,corps,10.570662465038899,3.2455
6792,19,228,12.00,9.8,0,corps,10.567377955002316,1.2712
6793,36,467,12.97,17.3,0,corps,10.564095086810255,2.2224
6794,29,359,12.38,14.2,0,corps,10.560813859642003,2.6737
6795,16,171,10.69,8.4,0,corps,10.557534272677247,1.5806
6796,29,334,11.52,14.2,0,corps,10.554256325096093,1.8793
6797,26,387,14.88,12.9,0,corps,10.550980016079055,2.8771
6798,34,445,13.09,16.4,0,corps,10.547705344807056,2.5227
6799,27,357,13.22,13.3,0,corps,10.544432310461428,1.4296
6800,38,465,12.24,18.2,0,corps,10.541160912223912,3.9451
6801,10,105,10.50,5.8,0,corps,10.537891149276657,1.3491
6802,16,195,12.19,8.4,0,corps,10.534623020802226,2.1614
6803,27,241,8.93,13.3,0,corps,10.531356525983579,1.7374
6804,11,166,15.09,6.2,0,corps,10.5280916640041,4.6351
6805,17,192,11.29,8.9,0,corps,10.524828434047572,3.6940
6806,10,104,10.40,5.8,0,corps,10.521566835298183,4.6975
6807,31,414,13.35,15.1,0,corps,10.518306866940538,2.0051
6808,16,203,12.69,8.4,0,corps,10.515048528159648,2.7809
6809,20,267,13.35,10.2,0,corps,10.51179181814092,1.4700
6810,27,392,14.52,13.3,0,corps,10.508536736070184,2.0450
6811,18,204,11.33,9.3,0,corps,10.505283281133662,1.3849
6812,16,160,10.00,8.4,0,corps,10.502031452517993,1.8082
6813,18,221,12.28,9.3,0,corps,10.498781249410225,2.0454
6814,24,364,15.17,12.0,0,corps,10.4955326709978,1.8686
6815,32,401,12.53,15.6,0,corps,10.492285716468578,2.6814
6816,21,332,15.81,10.7,0,corps,10.489040385010822,2.3565
6817,17,200,11.76,8.9,0,corps,10.48579667581319,3.1953
6818,10,133,13.30,5.8,0,corps,10.482554588064769,1.2622
6819,21,268,12.76,10.7,0,corps,10.479314120955022,1.2189
6820,38,466,12.26,18.2,0,corps,10.476075273673837,1.7112
6821,9,114,12.67,5.3,0,corps,10.472838045411512,4.2593
6822,15,190,12.67,8.0,0,corps,10.469602435358727,2.7535
6823,45,586,13.02,21.3,0,corps,10.466368442706584,3.1918
6824,9,112,12.44,5.3,0,corps,10.46313606664659,1.1988
6825,27,346,12.81,13.3,0,corps,10.45990530637064,1.8942
6826,20,233,11.65,10.2,0,corps,10.456676161071055,2.1723
6827,7,74,10.57,4.4,0,corps,10.453448629940542,1.2271
6828,23,307,13.35,11.6,0,corps,10.45022271217222,1.2560
6829,23,255,11.09,11.6,0,corps,10.446998406959612,2.7681
6830,25,286,11.44,12.4,0,corps,10.443775713496636,1.5542
6831,22,293,13.32,11.1,0,corps,10.440554630977623,2.6255
6832,10,165,16.50,5.8,0,corps,10.437335158597302,2.1619
6833,6,82,13.67,4.0,0,corps,10.434117295550802,1.0814
6834,21,278,13.24,10.7,0,corps,10.430901041033664,2.9833
6835,13,149,11.46,7.1,0,corps,10.427686394241817,3.6322
6836,6,87,14.50,4.0,0,corps,10.4244733543716,1.2728
6837,17,193,11.35,8.9,0,corps,10.42126192061976,2.2798
6838,23,331,14.39,11.6,0,corps,10.418052092183427,2.0484
6839,23,280,12.17,11.6,0,corps,10.414843868260155,2.7826
6840,38,494,13.00,18.2,0,corps,10.411637248047883,2.0846
6841,14,166,11.86,7.6,0,corps,10.408432230744955,2.5536
6842,20,188,9.40,10.2,0,corps,10.405228815550121,3.6586
6843,27,338,12.52,13.3,0,corps,10.40202700166252,4.0984
6844,22,230,10.45,11.1,0,corps,10.398826788281706,2.2774
6845,24,241,10.04,12.0,0,corps,10.395628174607621,2.4533
6846,9,93,10.33,5.3,0,corps,10.392431159840616,4.5570
6847,24,291,12.12,12.0,0,corps,10.38923574318143,1.7945
6848,9,100,11.11,5.3,0,corps,10.386041923831216,1.6059
6849,21,210,10.00,10.7,0,corps,10.382849700991514,3.0519
6850,21,308,14.67,10.7,0,corps,10.379659073864273,2.3252
6851,9,100,11.11,5.3,0,corps,10.376470041651832,1.2655
6852,21,290,13.81,10.7,0,corps,10.373282603556932,1.1499
6853,17,240,14.12,8.9,0,corps,10.37009675878272,2.4138
6854,19,250,13.16,9.8,0,corps,10.36691250653273,3.1420
6855,9,79,8.78,5.3,0,corps,10.363729846010896,2.2996
6856,30,387,12.90,14.7,0,corps,10.360548776421563,4.4074
6857,13,202,15.54,7.1,0,corps,10.357369296969454,1.0259
6858,23,355,15.43,11.6,0,corps,10.354191406859703,2.3249
6859,27,312,11.56,13.3,0,corps,10.351015105297837,2.7190
6860,12,154,12.83,6.7,0,corps,10.347840391489779,1.3212
6861,15,171,11.40,8.0,0,corps,10.344667264641854,1.8511
6862,2,39,19.50,2.2,0,corps,10.341495723960776,0.9762
6863,12,128,10.67,6.7,0,corps,10.338325768653664,1.5805
6864,19,246,12.95,9.8,0,corps,10.335157397928027,2.5823
6865,14,176,12.57,7.6,0,corps,10.33199061099177,3.6728
6866,13,139,10.69,7.1,0,corps,10.328825407053202,2.5155
6867,28,386,13.79,13.8,0,corps,10.325661785321017,2.4612
6868,11,139,12.64,6.2,0,corps,10.32249974500431,2.9260
6869,21,289,13.76,10.7,0,corps,10.319339285312576,2.8587
6870,27,395,14.63,13.3,0,corps,10.316180405455693,2.6771
6871,41,673,16.41,19.6,0,corps,10.313023104643944,2.2233
6872,28,356,12.71,13.8,0,corps,10.309867382088006,1.5759
6873,21,278,13.24,10.7,0,corps,10.306713236998947,2.1687
6874,21,246,11.71,10.7,0,corps,10.30356066858823,3.1668
6875,12,196,16.33,6.7,0,corps,10.300409676067709,2.3481
6876,12,168,14.00,6.7,0,corps,10.297260258649644,1.5662
6877,32,391,12.22,15.6,0,corps,10.294112415546675,1.7152
6878,37,494,13.35,17.8,0,corps,10.290966145971842,2.8547
6879,39,547,14.03,18.7,0,corps,10.287821449138582,1.7886
6880,23,305,13.26,11.6,0,corps,10.28467832426071,2.5138
6881,29,416,14.34,14.2,0,corps,10.281536770552455,2.2360
6882,19,242,12.74,9.8,0,corps,10.278396787228427,1.4047
6883,21,243,11.57,10.7,0,corps,10.275258373503629,1.6654
6884,20,242,12.10,10.2,0,corps,10.272121528593454,1.9977
6885,11,98,8.91,6.2,0,corps,10.268986251713697,3.2858
6886,32,407,12.72,15.6,0,corps,10.265852542080534,1.5818
6887,18,273,15.17,9.3,0,corps,10.262720398910542,1.6542
6888,11,169,15.36,6.2,0,corps,10.259589821420676,2.7766
6889,26,337,12.96,12.9,0,corps,10.256460808828303,1.5948
6890,26,275,10.58,12.9,0,corps,10.253333360351164,3.2003
6891,15,207,13.80,8.0,0,corps,10.250207475207397,1.6846
6892,12,187,15.58,6.7,0,corps,10.247083152615527,3.3171
6893,13,142,10.92,7.1,0,corps,10.243960391794484,1.5617
6894,31,416,13.42,15.1,0,corps,10.24083919196357,2.3522
6895,18,245,13.61,9.3,0,corps,10.237719552342488,2.4104
6896,24,346,14.42,12.0,0,corps,10.234601472151322,1.8210
6897,22,252,11.45,11.1,0,corps,10.23148495061056,2.1476
6898,8,105,13.12,4.9,0,corps,10.228369986941068,6.2591
6899,29,387,13.34,14.2,0,corps,10.225256580364103,1.5034
6900,15,179,11.93,8.0,0,corps,10.222144730101315,1.5599
6901,22,264,12.00,11.1,0,corps,10.219034435374747,1.9075
6902,44,589,13.39,20.9,0,corps,10.215925695406817,3.7463
6903,21,278,13.24,10.7,0,corps,10.212818509420343,6.3166
6904,19,278,14.63,9.8,0,corps,10.209712876638527,2.6591
6905,10,124,12.40,5.8,0,corps,10.206608796284964,3.3307
6906,19,236,12.42,9.8,0,corps,10.203506267583636,4.1132
6907,23,352,15.30,11.6,0,corps,10.200405289758903,3.9630
6908,4,56,14.00,3.1,0,corps,10.197305862035524,1.8124
6909,21,305,14.52,10.7,0,corps,10.194207983638648,1.9157
6910,28,407,14.54,13.8,0,corps,10.191111653793794,2.0207
6911,31,443,14.29,15.1,0,corps,10.18801687172689,2.5925
6912,26,303,11.65,12.9,0,corps,10.184923636664234,3.5967
6913,41,667,16.27,19.6,0,corps,10.181831947832519,2.6537
6914,34,474,13.94,16.4,0,corps,10.178741804458824,2.3053
6915,12,138,11.50,6.7,0,corps,10.175653205770613,2.2090
6916,21,304,14.48,10.7,0,corps,10.172566150995735,1.1835
6917,27,335,12.41,13.3,0,corps,10.169480639362426,2.9272
6918,25,333,13.32,12.4,0,corps,10.166396670099312,1.9455
6919,29,338,11.66,14.2,0,corps,10.163314242435396,2.5015
6920,9,80,8.89,5.3,0,corps,10.16023335560007,6.0154
6921,29,420,14.48,14.2,0,corps,10.157154008823117,2.6244
6922,36,531,14.75,17.3,0,corps,10.1540762013347,2.8376
6923,2,31,15.50,2.2,0,corps,10.150999932365364,1.2104
6924,25,325,13.00,12.4,0,corps,10.147925201146041,2.3075
6925,30,428,14.27,14.7,0,corps,10.144852006908053,2.7895
6926,29,390,13.45,14.2,0,corps,10.141780348883099,3.0325
6927,23,307,13.35,11.6,0,corps,10.138710226303266,2.1787
6928,22,236,10.73,11.1,0,corps,10.135641638401015,3.0318
6929,31,418,13.48,15.1,0,corps,10.132574584409209,2.5656
6930,23,368,16.00,11.6,0,corps,10.129509063561084,1.1816
6931,13,219,16.85,7.1,0,corps,10.126445075090254,0.9830
6932,12,206,17.17,6.7,0,corps,10.123382618230723,3.2672
6933,27,308,11.41,13.3,0,corps,10.120321692216883,1.2922
6934,26,338,13.00,12.9,0,corps,10.117262296283494,2.7846
6935,5,77,15.40,3.6,0,corps,10.114204429665714,1.1122
6936,20,247,12.35,10.2,0,corps,10.11114809159907,3.7901
6937,17,295,17.35,8.9,0,corps,10.10809328131948,1.3471
6938,9,98,10.89,5.3,0,corps,10.105039998063248,1.5051
6939,25,344,13.76,12.4,0,corps,10.101988241067042,2.9594
6940,13,131,10.08,7.1,0,corps,10.098938009567929,3.8907
6941,23,305,13.26,11.6,0,corps,10.095889302803352,2.4171
6942,21,383,18.24,10.7,0,corps,10.092842120011131,1.5305
6943,25,418,16.72,12.4,0,corps,10.089796460429474,2.5418
6944,30,312,10.40,14.7,0,corps,10.08675232329696,2.1177
6945,28,368,13.14,13.8,0,corps,10.08370970785256,3.2868
6946,16,206,12.88,8.4,0,corps,10.080668613335622,2.6260
6947,9,115,12.78,5.3,0,corps,10.077629038985863,2.2476
6948,27,432,16.00,13.3,0,corps,10.074590984043398,2.5228
6949,16,257,16.06,8.4,0,corps,10.071554447748712,1.5133
6950,18,194,10.78,9.3,0,corps,10.068519429342668,3.7342
6951,24,328,13.67,12.0,0,corps,10.065485928066515,2.0349
6952,24,333,13.88,12.0,0,corps,10.062453943161874,2.4529
6953,30,381,12.70,14.7,0,corps,10.05942347387075,2.4594
6954,30,417,13.90,14.7,0,corps,10.056394519435527,2.7018
6955,11,141,12.82,6.2,0,corps,10.053367079098965,4.7789
6956,32,429,13.41,15.6,0,corps,10.050341152104203,1.6622
6957,8,116,14.50,4.9,0,corps,10.047316737694764,3.3039
6958,22,254,11.55,11.1,0,corps,10.044293835114537,1.6833
6959,23,330,14.35,11.6,0,corps,10.041272443607804,2.5418
6960,24,379,15.79,12.0,0,corps,10.038252562419212,2.6533
6961,37,439,11.86,17.8,0,corps,10.03523419079379,3.0210
6962,17,247,14.53,8.9,0,corps,10.03221732797695,1.9464
6963,29,390,13.45,14.2,0,corps,10.029201973214471,2.4311
6964,21,294,14.00,10.7,0,corps,10.026188125752517,2.4154
6965,10,129,12.90,5.8,0,corps,10.023175784837628,0.9803
6966,33,485,14.70,16.0,0,corps,10.020164949716715,1.9684
6967,17,226,13.29,8.9,0,corps,10.017155619637071,1.2060
6968,16,210,13.12,8.4,0,corps,10.014147793846362,2.7263
6969,12,196,16.33,6.7,0,corps,10.011141471592634,2.5663
6970,32,439,13.72,15.6,0,corps,10.008136652124307,2.1713
6971,31,393,12.68,15.1,0,corps,10.005133334690171,2.6262
6972,13,180,13.85,7.1,0,corps,10.0021315185394,2.9841
6973,13,198,15.23,7.1,0,corps,9.999131202921543,2.0018
6974,21,223,10.62,10.7,0,corps,9.996132387086515,2.3254
6975,16,172,10.75,8.4,0,corps,9.993135070284618,2.7891
6976,28,293,10.46,13.8,0,corps,9.990139251766518,2.2283
6977,23,360,15.65,11.6,0,corps,9.987144930783261,2.7377
6978,29,366,12.62,14.2,0,corps,9.98415210658627,2.1978
6979,23,260,11.30,11.6,0,corps,9.981160778427336,2.7131
6980,15,135,9.00,8.0,0,corps,9.978170945558626,2.9926
6981,8,92,11.50,4.9,0,corps,9.975182607232687,2.1819
6982,33,441,13.36,16.0,0,corps,9.97219576270243,2.3024
6983,16,198,12.38,8.4,0,corps,9.969210411221145,1.4654
6984,27,337,12.48,13.3,0,corps,9.966226552042489,2.1025
6985,11,151,13.73,6.2,0,corps,9.963244184420507,4.8265
6986,28,314,11.21,13.8,0,corps,9.960263307609603,2.2247
6987,25,366,14.64,12.4,0,corps,9.957283920864555,2.4400
6988,23,293,12.74,11.6,0,corps,9.954306023440514,3.2537
6989,21,301,14.33,10.7,0,corps,9.951329614593018,3.9294
6990,24,328,13.67,12.0,0,corps,9.94835469357795,1.4495
6991,16,166,10.38,8.4,0,corps,9.945381259651592,5.0447
6992,34,438,12.88,16.4,0,corps,9.942409312070575,2.9164
6993,24,389,16.21,12.0,0,corps,9.93943885009192,1.6706
6994,8,78,9.75,4.9,0,corps,9.936469872973008,4.7864
6995,31,449,14.48,15.1,0,corps,9.933502379971594,2.4601
6996,21,230,10.95,10.7,0,corps,9.930536370345806,2.2359
6997,30,450,15.00,14.7,0,corps,9.927571843354144,1.5742
6998,24,271,11.29,12.0,0,corps,9.924608798255468,3.8683
6999,38,517,13.61,18.2,0,corps,9.92164723430903,2.5728
7000,20,242,12.10,10.2,0,corps,9.918687150774426,2.9103
7001,19,216,11.37,9.8,0,corps,9.915728546911643,2.7245
7002,21,222,10.57,10.7,0,corps,9.912771421981025,2.4546
7003,31,372,12.00,15.1,0,corps,9.909815775243295,3.1166
7004,35,471,13.46,16.9,0,corps,9.906861605959541,2.8787
7005,11,135,12.27,6.2,0,corps,9.903908913391216,4.3149
7006,22,265,12.05,11.1,0,corps,9.900957696800154,3.3182
7007,27,381,14.11,13.3,0,corps,9.898007955448545,3.5940
7008,18,199,11.06,9.3,0,corps,9.895059688598954,2.4488
7009,14,167,11.93,7.6,0,corps,9.892112895514316,3.0375
7010,16,199,12.44,8.4,0,corps,9.889167575457936,3.8352
7011,28,425,15.18,13.8,0,corps,9.886223727693476,2.2419
7012,23,287,12.48,11.6,0,corps,9.883281351484982,3.4064
7013,33,374,11.33,16.0,0,corps,9.880340446096856,2.1685
7014,20,288,14.40,10.2,0,corps,9.877401010793871,2.7040
7015,27,359,13.30,13.3,0,corps,9.874463044841171,1.5885
7016,22,273,12.41,11.1,0,corps,9.871526547504262,2.3402
7017,10,131,13.10,5.8,0,corps,9.868591518049017,1.3497
7018,25,286,11.44,12.4,0,corps,9.865657955741689,1.7797
7019,22,228,10.36,11.1,0,corps,9.862725859848874,1.8671
7020,19,183,9.63,9.8,0,corps,9.859795229637559,2.8014
7021,18,182,10.11,9.3,0,corps,9.85686606437508,2.3110
7022,20,258,12.90,10.2,0,corps,9.853938363329146,2.9719
7023,19,242,12.74,9.8,0,corps,9.851012125767838,2.5751
7024,21,249,11.86,10.7,0,corps,9.848087350959586,3.1946
7025,14,191,13.64,7.6,0,corps,9.845164038173204,2.3023
7026,13,160,12.31,7.1,0,corps,9.842242186677867,1.5741
7027,24,316,13.17,12.0,0,corps,9.8393217957431,1.9778
7028,11,143,13.00,6.2,0,corps,9.836402864638819,1.2665
7029,5,54,10.80,3.6,0,corps,9.833485392635279,1.6277
7030,15,129,8.60,8.0,0,corps,9.830569379003117,2.7846
7031,32,486,15.19,15.6,0,corps,9.827654823013336,1.8153
7032,18,173,9.61,9.3,0,corps,9.824741723937287,2.6568
7033,17,205,12.06,8.9,0,corps,9.821830081046699,4.1796
7034,20,268,13.40,10.2,0,corps,9.818919893613664,1.7032
7035,28,281,10.04,13.8,0,corps,9.816011160910632,2.9361
7036,23,279,12.13,11.6,0,corps,9.81310388221042,3.5491
7037,18,183,10.17,9.3,0,corps,9.81019805678621,2.5212
7038,18,189,10.50,9.3,0,corps,9.807293683911542,1.2013
7039,12,133,11.08,6.7,0,corps,9.804390762860326,2.0979
7040,17,186,10.94,8.9,0,corps,9.801489292906831,4.1050
7041,24,310,12.92,12.0,0,corps,9.798589273325689,1.6489
7042,21,253,12.05,10.7,0,corps,9.795690703391898,1.8191
7043,19,254,13.37,9.8,0,corps,9.792793582380813,1.6294
7044,16,203,12.69,8.4,0,corps,9.789897909568152,3.1698
7045,14,191,13.64,7.6,0,corps,9.78700368423,2.4906
7046,12,145,12.08,6.7,0,corps,9.784110905642795,3.0924
7047,21,267,12.71,10.7,0,corps,9.781219573083352,2.2728
7048,24,408,17.00,12.0,0,corps,9.778329685828828,3.2250
7049,25,262,10.48,12.4,0,corps,9.775441243156758,2.6189
7050,34,429,12.62,16.4,0,corps,9.772554244345029,2.8507
7051,22,337,15.32,11.1,0,corps,9.76966868867189,1.7792
7052,26,298,11.46,12.9,0,corps,9.766784575415954,1.8435
7053,18,186,10.33,9.3,0,corps,9.76390190385619,2.8839
7054,21,252,12.00,10.7,0,corps,9.761020673271933,1.7125
7055,16,200,12.50,8.4,0,corps,9.758140882942879,3.2364
7056,25,305,12.20,12.4,0,corps,9.75526253214907,1.8149
7057,11,156,14.18,6.2,0,corps,9.752385620170925,4.4511
7058,26,290,11.15,12.9,0,corps,9.749510146289216,2.0060
7059,27,334,12.37,13.3,0,corps,9.746636109785072,1.5255
7060,26,362,13.92,12.9,0,corps,9.743763509939988,1.5469
7061,14,185,13.21,7.6,0,corps,9.740892346035809,1.9840
7062,16,184,11.50,8.4,0,corps,9.738022617354748,3.2627
7063,12,154,12.83,6.7,0,corps,9.735154323179371,2.2097
7064,23,293,12.74,11.6,0,corps,9.732287462792605,1.6949
7065,14,178,12.71,7.6,0,corps,9.729422035477732,1.7191
7066,32,379,11.84,15.6,0,corps,9.726558040518402,1.5149
7067,5,82,16.40,3.6,0,corps,9.723695477198607,0.9829
7068,24,246,10.25,12.0,0,corps,9.720834344802716,2.3607
7069,21,240,11.43,10.7,0,corps,9.717974642615438,1.9815
7070,23,258,11.22,11.6,0,corps,9.71511636992185,1.5073
7071,15,185,12.33,8.0,0,corps,9.712259526007387,1.4292
7072,18,213,11.83,9.3,0,corps,9.709404110157832,2.8112
7073,15,184,12.27,8.0,0,corps,9.706550121659335,1.9654
7074,38,480,12.63,18.2,0,corps,9.7036975597984,2.9834
7075,29,386,13.31,14.2,0,corps,9.700846423861883,1.8147
7076,24,267,11.12,12.0,0,corps,9.697996713137002,2.6508
7077,14,150,10.71,7.6,0,corps,9.695148426911329,3.3477
7078,10,118,11.80,5.8,0,corps,9.692301564472793,2.9344
7079,27,369,13.67,13.3,0,corps,9.689456125109677,1.3545
7080,19,203,10.68,9.8,0,corps,9.686612108110623,2.8850
7081,11,117,10.64,6.2,0,corps,9.683769512764623,5.4339
7082,41,462,11.27,19.6,0,corps,9.680928338361035,3.1244
7083,18,259,14.39,9.3,0,corps,9.678088584189558,2.2073
7084,22,292,13.27,11.1,0,corps,9.675250249540259,1.6947
7085,14,152,10.86,7.6,0,corps,9.67241333370355,1.5531
7086,13,162,12.46,7.1,0,corps,9.669577835970204,3.4387
7087,11,125,11.36,6.2,0,corps,9.666743755631348,5.9081
7088,19,198,10.42,9.8,0,corps,9.663911091978457,2.3817
7089,19,255,13.42,9.8,0,corps,9.661079844303371,2.2466
7090,16,214,13.38,8.4,0,corps,9.658250011898277,3.3630
7091,10,128,12.80,5.8,0,corps,9.655421594055714,5.1972
7092,16,177,11.06,8.4,0,corps,9.65259459006858,2.6912
7093,16,178,11.12,8.4,0,corps,9.649768999230119,2.3321
7094,31,393,12.68,15.1,0,corps,9.64694482083394,3.1873
7095,27,333,12.33,13.3,0,corps,9.644122054173998,1.7795
7096,23,286,12.43,11.6,0,corps,9.641300698544594,2.7696
7097,12,112,9.33,6.7,0,corps,9.638480753240398,2.6472
7098,11,118,10.73,6.2,0,corps,9.635662217556417,1.6384
7099,21,256,12.19,10.7,0,corps,9.632845090788022,3.1935
7100,25,364,14.56,12.4,0,corps,9.63002937223093,1.7208
7101,21,272,12.95,10.7,0,corps,9.627215061181206,2.7220
7102,22,289,13.14,11.1,0,corps,9.624402156935279,1.3684
7103,14,133,9.50,7.6,0,corps,9.621590658789922,3.7442
7104,3,38,12.67,2.7,0,corps,9.618780566042256,1.6810
7105,31,319,10.29,15.1,0,corps,9.615971877989763,2.3542
7106,27,330,12.22,13.3,0,corps,9.613164593930268,1.8868
7107,7,94,13.43,4.4,0,corps,9.61035871316195,5.8846
7108,17,168,9.88,8.9,0,corps,9.607554234983343,2.7232
7109,14,171,12.21,7.6,0,corps,9.60475115869332,3.4365
7110,18,153,8.50,9.3,0,corps,9.601949483591115,2.2958
7111,19,163,8.58,9.8,0,corps,9.599149208976316,2.7913
7112,18,226,12.56,9.3,0,corps,9.596350334148843,2.5558
7113,22,267,12.14,11.1,0,corps,9.593552858408982,2.3492
7114,30,332,11.07,14.7,0,corps,9.590756781057369,3.9174
7115,28,353,12.61,13.8,0,corps,9.587962101394979,3.1697
7116,30,361,12.03,14.7,0,corps,9.585168818723142,2.2936
7117,11,128,11.64,6.2,0,corps,9.58237693234354,2.7808
7118,23,279,12.13,11.6,0,corps,9.579586441558199,2.0824
7119,16,200,12.50,8.4,0,corps,9.5767973456695,2.5194
7120,16,243,15.19,8.4,0,corps,9.574009643980164,2.9331
7121,40,425,10.62,19.1,0,corps,9.571223335793267,4.2998
7122,30,290,9.67,14.7,0,corps,9.568438420412235,2.2752
7123,18,230,12.78,9.3,0,corps,9.565654897140838,1.4355
7124,25,319,12.76,12.4,0,corps,9.562872765283194,1.9930
7125,20,201,10.05,10.2,0,corps,9.560092024143769,1.9666
7126,8,94,11.75,4.9,0,corps,9.557312673027377,4.0991
7127,8,70,8.75,4.9,0,corps,9.554534711239187,2.1110
7128,10,88,8.80,5.8,0,corps,9.5517581380847,8.2013
7129,19,253,13.32,9.8,0,corps,9.54898295286978,3.2112
7130,21,176,8.38,10.7,0,corps,9.546209154900623,3.3475
7131,34,446,13.12,16.4,0,corps,9.543436743483785,2.6591
7132,10,109,10.90,5.8,0,corps,9.540665717926164,5.8648
7133,31,366,11.81,15.1,0,corps,9.537896077534999,2.0903
7134,17,184,10.82,8.9,0,corps,9.53512782161788,2.0511
7135,20,236,11.80,10.2,0,corps,9.53236094948275,2.8428
7136,9,105,11.67,5.3,0,corps,9.529595460437884,1.9799
7137,32,398,12.44,15.6,0,corps,9.526831353791913,2.1519
7138,33,440,13.33,16.0,0,corps,9.524068628853808,2.2495
7139,19,212,11.16,9.8,0,corps,9.521307284932888,3.0225
7140,20,273,13.65,10.2,0,corps,9.518547321338822,4.5140
7141,13,172,13.23,7.1,0,corps,9.51578873738161,3.2854
7142,19,236,12.42,9.8,0,corps,9.513031532371613,1.7218
7143,28,376,13.43,13.8,0,corps,9.510275705619529,2.1716
7144,17,201,11.82,8.9,0,corps,9.5075212564364,3.0619
7145,19,227,11.95,9.8,0,corps,9.504768184133614,2.3805
7146,15,198,13.20,8.0,0,corps,9.502016488022901,1.4488
7147,11,145,13.18,6.2,0,corps,9.499266167416339,2.9510
7148,13,132,10.15,7.1,0,corps,9.49651722162635,3.9565
7149,21,287,13.67,10.7,0,corps,9.493769649965692,2.5419
7150,24,233,9.71,12.0,0,corps,9.491023451747473,1.9174
7151,12,158,13.17,6.7,0,corps,9.488278626285151,3.4746
7152,26,385,14.81,12.9,0,corps,9.485535172892511,2.2676
7153,14,162,11.57,7.6,0,corps,9.482793090883696,1.3247
7154,3,29,9.67,2.7,0,corps,9.480052379573179,1.5519
7155,13,148,11.38,7.1,0,corps,9.477313038275787,2.5996
7156,7,61,8.71,4.4,0,corps,9.47457506630668,1.9985
7157,26,288,11.08,12.9,0,corps,9.471838462981372,2.8195
7158,47,610,12.98,22.2,0,corps,9.469103227615705,2.1784
7159,41,610,14.88,19.6,0,corps,9.466369359525878,3.3214
7160,13,132,10.15,7.1,0,corps,9.463636858028416,3.3788
7161,18,260,14.44,9.3,0,corps,9.460905722440199,1.4213
7162,18,221,12.28,9.3,0,corps,9.458175952078438,2.6649
7163,19,271,14.26,9.8,0,corps,9.455447546260693,2.1708
7164,14,189,13.50,7.6,0,corps,9.452720504304867,1.3580
7165,18,226,12.56,9.3,0,corps,9.449994825529192,1.0859
7166,15,201,13.40,8.0,0,corps,9.447270509252254,2.3943
7167,18,204,11.33,9.3,0,corps,9.444547554792972,2.9702
7168,19,226,11.89,9.8,0,corps,9.441825961470604,2.5793
7169,19,233,12.26,9.8,0,corps,9.439105728604758,2.0340
7170,5,56,11.20,3.6,0,corps,9.436386855515371,1.0782
7171,13,115,8.85,7.1,0,corps,9.433669341522725,1.8158
7172,22,267,12.14,11.1,0,corps,9.430953185947446,2.5166
7173,24,252,10.50,12.0,0,corps,9.428238388110488,2.6515
7174,20,191,9.55,10.2,0,corps,9.425524947333159,4.6882
7175,23,356,15.48,11.6,0,corps,9.422812862937095,2.3228
7176,31,382,12.32,15.1,0,corps,9.42010213424427,2.0465
7177,29,317,10.93,14.2,0,corps,9.417392760577012,1.9921
7178,24,280,11.67,12.0,0,corps,9.41468474125797,2.1584
7179,22,254,11.55,11.1,0,corps,9.41197807561014,1.3875
7180,28,414,14.79,13.8,0,corps,9.40927276295686,1.9461
7181,20,200,10.00,10.2,0,corps,9.406568802621798,3.2559
7182,4,36,9.00,3.1,0,corps,9.403866193928964,1.7665
7183,27,296,10.96,13.3,0,corps,9.401164936202708,2.0195
7184,7,67,9.57,4.4,0,corps,9.398465028767713,2.0144
7185,24,243,10.12,12.0,0,corps,9.395766470949004,3.5707
7186,6,67,11.17,4.0,0,corps,9.39306926207194,1.2299
7187,31,370,11.94,15.1,0,corps,9.39037340146222,2.2510
7188,7,69,9.86,4.4,0,corps,9.38767888844588,6.4261
7189,17,221,13.00,8.9,0,corps,9.384985722349287,1.1511
7190,19,248,13.05,9.8,0,corps,9.382293902499155,2.5867
7191,21,283,13.48,10.7,0,corps,9.379603428222527,2.2811
7192,14,180,12.86,7.6,0,corps,9.376914298846781,3.1630
7193,30,370,12.33,14.7,0,corps,9.374226513699643,2.4970
7194,36,404,11.22,17.3,0,corps,9.371540072109157,2.2151
7195,13,151,11.62,7.1,0,corps,9.368854973403717,3.2237
7196,18,218,12.11,9.3,0,corps,9.366171216912052,2.9468
7197,16,187,11.69,8.4,0,corps,9.363488801963216,2.3076
7198,29,345,11.90,14.2,0,corps,9.360807727886607,1.7959
7199,14,143,10.21,7.6,0,corps,9.358127994011962,2.4210
7200,26,333,12.81,12.9,0,corps,9.355449599669342,1.8347
7201,16,175,10.94,8.4,0,corps,9.35277254418915,3.5953
7202,14,193,13.79,7.6,0,corps,9.35009682690212,2.3538
7203,17,154,9.06,8.9,0,corps,9.347422447139325,3.6026
7204,27,328,12.15,13.3,0,corps,9.344749404232171,1.6249
7205,24,253,10.54,12.0,0,corps,9.342077697512396,1.6986
7206,20,212,10.60,10.2,0,corps,9.339407326312072,1.3384
7207,16,221,13.81,8.4,0,corps,9.336738289963609,2.7707
7208,20,232,11.60,10.2,0,corps,9.334070587799745,3.8331
7209,19,270,14.21,9.8,0,corps,9.331404219153558,1.1995
7210,26,330,12.69,12.9,0,corps,9.32873918335845,3.1094
7211,6,36,6.00,4.0,0,corps,9.326075479748166,2.7022
7212,19,223,11.74,9.8,0,corps,9.323413107656783,1.3073
7213,16,199,12.44,8.4,0,corps,9.3207520664187,2.3586
7214,3,40,13.33,2.7,0,corps,9.318092355368664,1.0596
7215,27,243,9.00,13.3,0,corps,9.315433973841747,2.7117
7216,14,206,14.71,7.6,0,corps,9.312776921173347,2.1839
7217,10,141,14.10,5.8,0,corps,9.310121196699209,1.7249
7218,27,387,14.33,13.3,0,corps,9.307466799755392,1.8787
7219,15,172,11.47,8.0,0,corps,9.304813729678306,3.3396
7220,17,142,8.35,8.9,0,corps,9.302161985804682,4.2639
7221,14,163,11.64,7.6,0,corps,9.299511567471578,4.4084
7222,16,210,13.12,8.4,0,corps,9.296862474016395,3.4297
7223,17,211,12.41,8.9,0,corps,9.29421470477686,2.4304
7224,9,89,9.89,5.3,0,corps,9.291568259091026,1.4543
7225,23,257,11.17,11.6,0,corps,9.288923136297287,5.1289
7226,26,339,13.04,12.9,0,corps,9.286279335734356,1.9387
7227,5,55,11.00,3.6,0,corps,9.283636856741289,1.7850
7228,13,200,15.38,7.1,0,corps,9.280995698657465,2.2942
7229,22,250,11.36,11.1,0,corps,9.278355860822591,2.9087
7230,22,288,13.09,11.1,0,corps,9.27571734257671,3.7431
7231,27,342,12.67,13.3,0,corps,9.273080143260193,2.7870
7232,19,218,11.47,9.8,0,corps,9.27044426221374,1.4459
7233,20,242,12.10,10.2,0,corps,9.267809698778379,3.5832
7234,40,477,11.93,19.1,0,corps,9.265176452295467,3.7375
7235,5,49,9.80,3.6,0,corps,9.2625445221067,1.5898
7236,18,261,14.50,9.3,0,corps,9.25991390755409,1.0166
7237,21,205,9.76,10.7,0,corps,9.257284607979981,3.4035
7238,9,75,8.33,5.3,0,corps,9.254656622727055,2.4496
7239,38,497,13.08,18.2,0,corps,9.252029951138312,3.4675
7240,24,339,14.12,12.0,0,corps,9.249404592557083,2.9988
7241,19,204,10.74,9.8,0,corps,9.24678054632703,1.7698
7242,22,335,15.23,11.1,0,corps,9.244157811792139,1.1835
7243,24,299,12.46,12.0,0,corps,9.24153638829673,1.9375
7244,17,179,10.53,8.9,0,corps,9.238916275185446,2.1673
7245,23,272,11.83,11.6,0,corps,9.236297471803256,1.8372
7246,29,426,14.69,14.2,0,corps,9.233679977495463,2.7441
7247,35,403,11.51,16.9,0,corps,9.231063791607692,2.8257
7248,16,156,9.75,8.4,0,corps,9.228448913485893,1.5392
7249,15,168,11.20,8.0,0,corps,9.225835342476355,1.8592
7250,40,539,13.47,19.1,0,corps,9.223223077925674,3.4561
7251,17,216,12.71,8.9,0,corps,9.220612119180792,2.7401
7252,27,383,14.19,13.3,0,corps,9.21800246558897,1.5836
7253,8,49,6.12,4.9,0,corps,9.215394116497787,3.0215
7254,28,330,11.79,13.8,0,corps,9.212787071255164,1.7278
7255,7,88,12.57,4.4,0,corps,9.210181329209332,2.0798
7256,20,244,12.20,10.2,0,corps,9.207576889708863,2.0437
7257,19,191,10.05,9.8,0,corps,9.204973752102644,3.2042
7258,24,262,10.92,12.0,0,corps,9.202371915739887,2.7069
7259,24,277,11.54,12.0,0,corps,9.199771379970135,3.5512
7260,25,320,12.80,12.4,0,corps,9.19717214414326,2.2288
7261,17,248,14.59,8.9,0,corps,9.194574207609444,1.8603
7262,23,291,12.65,11.6,0,corps,9.19197756971921,1.7238
7263,2,24,12.00,2.2,0,corps,9.189382229823392,1.2338
7264,8,95,11.88,4.9,0,corps,9.18678818727316,1.3010
7265,20,265,13.25,10.2,0,corps,9.184195441420004,1.7837
7266,20,270,13.50,10.2,0,corps,9.181603991615733,2.0366
7267,22,282,12.82,11.1,0,corps,9.179013837212487,1.8391
7268,18,243,13.50,9.3,0,corps,9.176424977562728,1.7422
7269,16,212,13.25,8.4,0,corps,9.173837412019239,2.0319
7270,10,128,12.80,5.8,0,corps,9.171251139935134,2.8009
7271,10,103,10.30,5.8,0,corps,9.168666160663836,3.7838
7272,15,194,12.93,8.0,0,corps,9.166082473559106,1.8816
7273,25,279,11.16,12.4,0,corps,9.163500077975026,2.2152
7274,30,354,11.80,14.7,0,corps,9.160918973265987,2.8007
7275,21,199,9.48,10.7,0,corps,9.158339158786719,1.7385
7276,13,136,10.46,7.1,0,corps,9.155760633892271,3.9258
7277,26,311,11.96,12.9,0,corps,9.153183397938003,1.7327
7278,11,100,9.09,6.2,0,corps,9.150607450279615,1.6968
7279,19,206,10.84,9.8,0,corps,9.148032790273117,2.0415
7280,17,228,13.41,8.9,0,corps,9.14545941727484,1.3492
7281,15,165,11.00,8.0,0,corps,9.142887330641447,2.3649
7282,29,461,15.90,14.2,0,corps,9.140316529729912,1.3807
7283,40,576,14.40,19.1,0,corps,9.137747013897537,2.5395
7284,8,91,11.38,4.9,0,corps,9.135178782501944,5.1996
7285,35,448,12.80,16.9,0,corps,9.13261183490107,2.4975
7286,12,126,10.50,6.7,0,corps,9.130046170453184,3.6846
7287,19,248,13.05,9.8,0,corps,9.127481788516864,2.6493
7288,15,207,13.80,8.0,0,corps,9.12491868845102,2.3264
7289,29,398,13.72,14.2,0,corps,9.122356869614876,1.5308
7290,24,344,14.33,12.0,0,corps,9.119796331367974,1.9845
7291,18,284,15.78,9.3,0,corps,9.11723707307018,2.2896
7292,36,401,11.14,17.3,0,corps,9.114679094081685,2.5965
7293,13,183,14.08,7.1,0,corps,9.11212239376299,1.3823
7294,29,365,12.59,14.2,0,corps,9.10956697147492,2.3653
7295,5,68,13.60,3.6,0,corps,9.107012826578615,1.4891
7296,34,408,12.00,16.4,0,corps,9.104459958435546,2.3168
7297,23,243,10.57,11.6,0,corps,9.101908366407494,3.5478
7298,20,246,12.30,10.2,0,corps,9.09935804985656,2.3315
7299,26,253,9.73,12.9,0,corps,9.096809008145163,4.2088
7300,26,393,15.12,12.9,0,corps,9.094261240636047,1.8999
7301,33,448,13.58,16.0,0,corps,9.091714746692267,2.1430
7302,21,244,11.62,10.7,0,corps,9.089169525677201,1.3979
7303,5,98,19.60,3.6,0,corps,9.08662557695454,0.8290
7304,5,61,12.20,3.6,0,corps,9.084082899888301,1.7228
7305,16,208,13.00,8.4,0,corps,9.081541493842817,1.6042
7306,12,131,10.92,6.7,0,corps,9.079001358182728,4.1509
7307,18,197,10.94,9.3,0,corps,9.076462492273007,2.4793
7308,7,58,8.29,4.4,0,corps,9.073924895478939,1.3063
7309,14,185,13.21,7.6,0,corps,9.071388567166116,2.9736
7310,27,351,13.00,13.3,0,corps,9.068853506700464,2.5850
7311,17,185,10.88,8.9,0,corps,9.066319713448214,2.8076
7312,21,237,11.29,10.7,0,corps,9.063787186775919,3.2916
7313,12,99,8.25,6.7,0,corps,9.061255926050446,2.8321
7314,21,237,11.29,10.7,0,corps,9.058725930638982,2.4033
7315,23,249,10.83,11.6,0,corps,9.056197199909025,2.5529
7316,14,148,10.57,7.6,0,corps,9.0536697332284,3.8987
7317,24,308,12.83,12.0,0,corps,9.051143529965227,1.2629
7318,21,214,10.19,10.7,0,corps,9.048618589487969,2.9034
7319,33,442,13.39,16.0,0,corps,9.046094911165381,2.4303
7320,18,184,10.22,9.3,0,corps,9.043572494366547,2.7222
7321,23,275,11.96,11.6,0,corps,9.041051338460868,1.7251
7322,11,154,14.00,6.2,0,corps,9.038531442818044,1.5274
7323,22,276,12.55,11.1,0,corps,9.036012806808108,1.6106
7324,16,193,12.06,8.4,0,corps,9.033495429801402,1.5280
7325,25,316,12.64,12.4,0,corps,9.03097931116858,2.8334
7326,17,211,12.41,8.9,0,corps,9.02846445028061,2.3719
7327,29,378,13.03,14.2,0,corps,9.02595084650878,2.5273
7328,19,213,11.21,9.8,0,corps,9.023438499224687,1.4673
7329,19,247,13.00,9.8,0,corps,9.020927407800244,1.8555
7330,22,314,14.27,11.1,0,corps,9.018417571607682,2.2704
7331,18,299,16.61,9.3,0,corps,9.015908990019536,2.3296
7332,20,237,11.85,10.2,0,corps,9.013401662408665,3.3292
7333,16,163,10.19,8.4,0,corps,9.010895588148236,1.9549
7334,14,161,11.50,7.6,0,corps,9.00839076661173,2.7539
7335,28,301,10.75,13.8,0,corps,9.00588719717294,3.4918
7336,18,166,9.22,9.3,0,corps,9.003384879205978,1.7402
7337,25,296,11.84,12.4,0,corps,9.000883812085261,2.9879
7338,25,307,12.28,12.4,0,corps,8.998383995185524,3.7677
7339,20,248,12.40,10.2,0,corps,8.995885427881808,1.6905
7340,20,226,11.30,10.2,0,corps,8.99338810954948,3.0756
7341,17,182,10.71,8.9,0,corps,8.990892039564201,2.9152
7342,23,235,10.22,11.6,0,corps,8.988397217301962,3.8153
7343,18,175,9.72,9.3,0,corps,8.985903642139052,2.8642
7344,12,100,8.33,6.7,0,corps,8.983411313452075,4.5026
7345,19,233,12.26,9.8,0,corps,8.980920230617956,2.1622
7346,30,389,12.97,14.7,0,corps,8.97843039301392,3.2090
7347,25,270,10.80,12.4,0,corps,8.975941800017505,2.0119
7348,17,191,11.24,8.9,0,corps,8.973454451006571,2.1593
7349,25,302,12.08,12.4,0,corps,8.970968345359273,2.3593
7350,23,224,9.74,11.6,0,corps,8.96848348245409,3.7372
7351,18,207,11.50,9.3,0,corps,8.965999861669799,1.5168
7352,17,195,11.47,8.9,0,corps,8.963517482385502,2.4059
7353,13,189,14.54,7.1,0,corps,8.961036343980602,2.2587
7354,12,125,10.42,6.7,0,corps,8.958556445834812,2.3977
7355,10,104,10.40,5.8,0,corps,8.956077787328159,4.0687
7356,25,265,10.60,12.4,0,corps,8.95360036784098,2.7564
7357,25,310,12.40,12.4,0,corps,8.951124186753917,3.2892
7358,17,215,12.65,8.9,0,corps,8.94864924344793,1.5616
7359,30,333,11.10,14.7,0,corps,8.946175537304276,3.0130
7360,19,213,11.21,9.8,0,corps,8.943703067704533,2.9162
7361,15,155,10.33,8.0,0,corps,8.941231834030585,4.2616
7362,13,134,10.31,7.1,0,corps,8.938761835664618,3.9229
7363,28,393,14.04,13.8,0,corps,8.936293071989137,1.8236
7364,26,356,13.69,12.9,0,corps,8.93382554238695,2.6045
7365,9,80,8.89,5.3,0,corps,8.931359246241174,1.8673
7366,15,222,14.80,8.0,0,corps,8.928894182935238,2.3814
7367,28,331,11.82,13.8,0,corps,8.926430351852868,2.5281
7368,16,204,12.75,8.4,0,corps,8.923967752378115,2.1588
7369,16,157,9.81,8.4,0,corps,8.921506383895327,3.6210
7370,27,294,10.89,13.3,0,corps,8.919046245789158,1.5985
7371,30,379,12.63,14.7,0,corps,8.916587337444575,3.0077
7372,35,444,12.69,16.9,0,corps,8.914129658246855,3.1970
7373,26,326,12.54,12.9,0,corps,8.911673207581575,2.0696
7374,25,346,13.84,12.4,0,corps,8.909217984834623,2.5149
7375,20,268,13.40,10.2,0,corps,8.90676398939219,1.2311
7376,24,327,13.62,12.0,0,corps,8.904311220640778,2.7015
7377,22,279,12.68,11.1,0,corps,8.901859677967202,2.9524
7378,16,261,16.31,8.4,0,corps,8.899409360758568,1.3069
7379,18,219,12.17,9.3,0,corps,8.896960268402301,2.0926
7380,25,264,10.56,12.4,0,corps,8.894512400286125,3.5444
7381,23,331,14.39,11.6,0,corps,8.892065755798075,2.3500
7382,18,282,15.67,9.3,0,corps,8.889620334326493,1.8339
7383,19,214,11.26,9.8,0,corps,8.887176135260017,3.3073
7384,12,153,12.75,6.7,0,corps,8.884733157987599,2.2554
7385,25,305,12.20,12.4,0,corps,8.882291401898499,2.0395
7386,16,185,11.56,8.4,0,corps,8.879850866382272,1.6228
7387,15,164,10.93,8.0,0,corps,8.87741155082879,3.7255
7388,16,174,10.88,8.4,0,corps,8.874973454628218,1.6712
7389,17,215,12.65,8.9,0,corps,8.872536577171036,1.7524
7390,18,193,10.72,9.3,0,corps,8.870100917848026,1.3183
7391,4,47,11.75,3.1,0,corps,8.867666476050267,1.5387
7392,24,323,13.46,12.0,0,corps,8.865233251169153,3.6434
7393,20,230,11.50,10.2,0,corps,8.862801242596381,2.3712
7394,24,269,11.21,12.0,0,corps,8.860370449723941,1.3932
7395,10,120,12.00,5.8,0,corps,8.857940871944143,1.4866
7396,35,497,14.20,16.9,0,corps,8.855512508649584,3.8025
7397,18,254,14.11,9.3,0,corps,8.853085359233178,2.0852
7398,19,303,15.95,9.8,0,corps,8.850659423088139,1.4793
7399,13,145,11.15,7.1,0,corps,8.848234699607978,1.0948
7400,20,236,11.80,10.2,0,corps,8.84581118818652,2.6590
7401,10,133,13.30,5.8,0,corps,8.843388888217884,3.2064
7402,26,321,12.35,12.9,0,corps,8.840967799096495,2.1639
7403,11,140,12.73,6.2,0,corps,8.838547920217083,2.6477
7404,8,97,12.12,4.9,0,corps,8.836129250974672,3.3809
7405,23,316,13.74,11.6,0,corps,8.833711790764601,1.9933
7406,15,181,12.07,8.0,0,corps,8.831295538982504,2.0791
7407,28,336,12.00,13.8,0,corps,8.828880495024313,3.7830
7408,12,111,9.25,6.7,0,corps,8.826466658286275,3.0857
7409,23,252,10.96,11.6,0,corps,8.824054028164925,2.9373
7410,24,240,10.00,12.0,0,corps,8.821642604057107,2.4662
7411,20,305,15.25,10.2,0,corps,8.819232385359967,2.4184
7412,30,386,12.87,14.7,0,corps,8.816823371470948,4.2171
7413,12,160,13.33,6.7,0,corps,8.814415561787795,1.2638
7414,21,266,12.67,10.7,0,corps,8.812008955708558,2.8738
7415,19,295,15.53,9.8,0,corps,8.809603552631586,2.5315
7416,23,237,10.30,11.6,0,corps,8.807199351955525,2.5627
7417,19,206,10.84,9.8,0,corps,8.80479635307933,2.6767
7418,24,294,12.25,12.0,0,corps,8.802394555402246,2.6000
7419,23,268,11.65,11.6,0,corps,8.79999395832383,2.5009
7420,28,303,10.82,13.8,0,corps,8.797594561243924,5.0404
7421,32,413,12.91,15.6,0,corps,8.795196363562683,2.1423
7422,19,203,10.68,9.8,0,corps,8.792799364680562,1.3308
7423,25,310,12.40,12.4,0,corps,8.790403563998304,1.3295
7424,16,215,13.44,8.4,0,corps,8.788008960916963,3.8107
7425,20,236,11.80,10.2,0,corps,8.785615554837886,2.4394
7426,20,218,10.90,10.2,0,corps,8.783223345162725,2.4345
7427,14,173,12.36,7.6,0,corps,8.780832331293423,2.5956
7428,31,344,11.10,15.1,0,corps,8.778442512632228,3.3599
7429,22,297,13.50,11.1,0,corps,8.776053888581687,3.8198
7430,28,304,10.86,13.8,0,corps,8.773666458544646,2.7683
7431,19,237,12.47,9.8,0,corps,8.771280221924242,1.5733
7432,24,264,11.00,12.0,0,corps,8.768895178123918,3.6389
7433,20,252,12.60,10.2,0,corps,8.766511326547413,2.4403
7434,26,374,14.38,12.9,0,corps,8.764128666598765,1.9962
7435,27,305,11.30,13.3,0,corps,8.76174719768231,2.9886
7436,25,279,11.16,12.4,0,corps,8.759366919202677,4.1216
7437,19,201,10.58,9.8,0,corps,8.7569878305648,3.1418
7438,23,317,13.78,11.6,0,corps,8.754609931173905,2.9217
7439,20,221,11.05,10.2,0,corps,8.752233220435517,1.6934
7440,29,361,12.45,14.2,0,corps,8.74985769775546,1.9754
7441,19,267,14.05,9.8,0,corps,8.747483362539851,1.3137
7442,31,383,12.35,15.1,0,corps,8.745110214195106,2.4821
7443,20,237,11.85,10.2,0,corps,8.742738252127943,3.5650
7444,27,355,13.15,13.3,0,corps,8.740367475745366,4.1360
7445,24,330,13.75,12.0,0,corps,8.737997884454682,2.1004
7446,20,256,12.80,10.2,0,corps,8.735629477663496,3.6895
7447,27,342,12.67,13.3,0,corps,8.7332622547797,3.2414
7448,24,267,11.12,12.0,0,corps,8.730896215211494,2.5678
7449,30,448,14.93,14.7,0,corps,8.72853135836737,1.7262
7450,21,264,12.57,10.7,0,corps,8.726167683656104,2.4423
7451,24,260,10.83,12.0,0,corps,8.72380519048679,2.6192
7452,25,280,11.20,12.4,0,corps,8.721443878268795,2.8722
7453,22,269,12.23,11.1,0,corps,8.719083746411794,2.0655
7454,18,293,16.28,9.3,0,corps,8.716724794325753,1.5940
7455,25,316,12.64,12.4,0,corps,8.714367021420937,2.6994
7456,29,426,14.69,14.2,0,corps,8.7120104271079,3.2586
7457,18,238,13.22,9.3,0,corps,8.709655010797496,2.0402
7458,23,231,10.04,11.6,0,corps,8.707300771900867,1.9872
7459,10,92,9.20,5.8,0,corps,8.704947709829458,2.7223
7460,27,383,14.19,13.3,0,corps,8.702595823994999,1.8647
7461,20,296,14.80,10.2,0,corps,8.700245113809519,0.9673
7462,24,260,10.83,12.0,0,corps,8.697895578685348,2.5983
7463,13,138,10.62,7.1,0,corps,8.69554721803509,4.0461
7464,24,341,14.21,12.0,0,corps,8.693200031271662,1.6909
7465,13,170,13.08,7.1,0,corps,8.690854017808268,2.2244
7466,21,222,10.57,10.7,0,corps,8.688509177058402,2.8720
7467,17,238,14.00,8.9,0,corps,8.686165508435856,1.2489
7468,14,171,12.21,7.6,0,corps,8.68382301135471,2.7764
7469,15,189,12.60,8.0,0,corps,8.68148168522934,1.5972
7470,28,295,10.54,13.8,0,corps,8.679141529474418,3.2280
7471,6,72,12.00,4.0,0,corps,8.676802543504902,7.4314
7472,23,302,13.13,11.6,0,corps,8.674464726736044,2.7102
7473,21,212,10.10,10.7,0,corps,8.672128078583397,1.5633
7474,16,196,12.25,8.4,0,corps,8.66979259846279,2.2174
7475,22,257,11.68,11.1,0,corps,8.66745828579036,2.0645
7476,35,408,11.66,16.9,0,corps,8.665125139982525,3.1708
7477,14,160,11.43,7.6,0,corps,8.662793160455994,1.9992
7478,18,225,12.50,9.3,0,corps,8.660462346627785,2.5919
7479,15,186,12.40,8.0,0,corps,8.658132697915184,0.8824
7480,9,87,9.67,5.3,0,corps,8.65580421373578,3.4896
7481,15,214,14.27,8.0,0,corps,8.653476893507456,2.0751
7482,6,81,13.50,4.0,0,corps,8.651150736648377,5.1559
7483,16,182,11.38,8.4,0,corps,8.64882574257701,1.6676
7484,25,373,14.92,12.4,0,corps,8.6465019107121,1.8453
7485,19,200,10.53,9.8,0,corps,8.64417924047269,5.0050
7486,4,39,9.75,3.1,0,corps,8.64185773127812,1.4694
7487,15,189,12.60,8.0,0,corps,8.639537382548003,1.4712
7488,17,188,11.06,8.9,0,corps,8.637218193702257,2.4745
7489,12,127,10.58,6.7,0,corps,8.634900164161085,3.3300
7490,11,128,11.64,6.2,0,corps,8.632583293344975,1.6034
7491,17,232,13.65,8.9,0,corps,8.630267580674717,3.1573
7492,16,219,13.69,8.4,0,corps,8.627953025571372,3.0898
7493,12,106,8.83,6.7,0,corps,8.62563962745631,2.8710
7494,24,305,12.71,12.0,0,corps,8.623327385751182,3.4770
7495,28,317,11.32,13.8,0,corps,8.621016299877923,2.8384
7496,16,202,12.62,8.4,0,corps,8.61870636925876,1.9520
7497,21,228,10.86,10.7,0,corps,8.616397593316217,4.2463
7498,25,288,11.52,12.4,0,corps,8.614089971473096,2.0571
7499,35,435,12.43,16.9,0,corps,8.611783503152491,3.0406
7500,12,130,10.83,6.7,0,corps,8.609478187777786,3.9515
7501,33,481,14.58,16.0,0,corps,8.60717402477265,2.3254
7502,15,231,15.40,8.0,0,corps,8.604871013561047,1.9022
7503,21,252,12.00,10.7,0,corps,8.602569153567218,1.5799
7504,32,354,11.06,15.6,0,corps,8.600268444215708,3.9392
7505,25,270,10.80,12.4,0,corps,8.597968884931326,3.3815
7506,34,439,12.91,16.4,0,corps,8.595670475139192,1.8681
7507,14,99,7.07,7.6,0,corps,8.593373214264702,1.7447
7508,24,325,13.54,12.0,0,corps,8.591077101733537,2.1860
7509,20,209,10.45,10.2,0,corps,8.588782136971671,1.6704
7510,27,347,12.85,13.3,0,corps,8.586488319405367,2.7467
7511,20,258,12.90,10.2,0,corps,8.584195648461163,1.1307
7512,18,231,12.83,9.3,0,corps,8.581904123565899,2.6297
7513,22,264,12.00,11.1,0,corps,8.579613744146686,3.2006
7514,21,287,13.67,10.7,0,corps,8.577324509630932,0.9537
7515,18,201,11.17,9.3,0,corps,8.575036419446333,2.7989
7516,12,136,11.33,6.7,0,corps,8.57274947302086,2.4230
7517,21,187,8.90,10.7,0,corps,8.570463669782779,3.1759
7518,28,350,12.50,13.8,0,corps,8.568179009160643,1.9182
7519,15,165,11.00,8.0,0,corps,8.565895490583278,1.8146
7520,19,200,10.53,9.8,0,corps,8.563613113479814,3.6508
7521,20,211,10.55,10.2,0,corps,8.561331877279649,4.7288
7522,24,268,11.17,12.0,0,corps,8.559051781412478,1.1955
7523,24,326,13.58,12.0,0,corps,8.556772825308276,2.8403
7524,21,242,11.52,10.7,0,corps,8.554495008397303,2.7554
7525,14,160,11.43,7.6,0,corps,8.552218330110106,2.6777
7526,22,296,13.45,11.1,0,corps,8.549942789877518,3.7157
7527,17,188,11.06,8.9,0,corps,8.54766838713065,1.2926
7528,23,273,11.87,11.6,0,corps,8.545395121300903,2.0674
7529,20,245,12.25,10.2,0,corps,8.543122991819956,2.1679
7530,26,346,13.31,12.9,0,corps,8.540851998119784,2.4702
7531,34,416,12.24,16.4,0,corps,8.538582139632636,2.0202
7532,13,113,8.69,7.1,0,corps,8.536313415791044,1.3221
7533,26,305,11.73,12.9,0,corps,8.53404582602783,1.3391
7534,16,200,12.50,8.4,0,corps,8.531779369776098,2.0813
7535,17,180,10.59,8.9,0,corps,8.529514046469231,1.4411
7536,21,280,13.33,10.7,0,corps,8.5272498555409,1.7306
7537,7,106,15.14,4.4,0,corps,8.524986796425054,3.5067
7538,29,336,11.59,14.2,0,corps,8.522724868555931,2.8410
7539,19,196,10.32,9.8,0,corps,8.520464071368053,2.3025
7540,16,255,15.94,8.4,0,corps,8.518204404296212,1.2894
7541,23,271,11.78,11.6,0,corps,8.515945866775496,2.8683
7542,37,457,12.35,17.8,0,corps,8.513688458241273,3.3991
7543,26,335,12.88,12.9,0,corps,8.511432178129184,2.4854
7544,29,412,14.21,14.2,0,corps,8.509177025875166,3.3790
7545,28,377,13.46,13.8,0,corps,8.506923000915428,2.3381
7546,20,225,11.25,10.2,0,corps,8.504670102686463,1.6306
7547,14,176,12.57,7.6,0,corps,8.502418330625048,1.5828
7548,20,230,11.50,10.2,0,corps,8.500167684168236,1.9443
7549,16,162,10.12,8.4,0,corps,8.49791816275337,3.6617
7550,26,378,14.54,12.9,0,corps,8.49566976581807,2.4491
7551,39,508,13.03,18.7,0,corps,8.493422492800233,2.7377
7552,15,171,11.40,8.0,0,corps,8.491176343138045,1.4285
7553,18,202,11.22,9.3,0,corps,8.488931316269964,3.7265
7554,44,684,15.55,20.9,0,corps,8.486687411634735,6.4068
7555,24,328,13.67,12.0,0,corps,8.484444628671383,2.7428
7556,31,463,14.94,15.1,0,corps,8.48220296681921,2.3913
7557,14,187,13.36,7.6,0,corps,8.479962425517803,3.0648
7558,14,192,13.71,7.6,0,corps,8.47772300420703,1.9821
7559,14,181,12.93,7.6,0,corps,8.475484702327027,2.9268
7560,25,323,12.92,12.4,0,corps,8.473247519318225,2.0192
7561,30,415,13.83,14.7,0,corps,8.471011454621324,2.2511
7562,19,225,11.84,9.8,0,corps,8.468776507677308,2.9662
7563,30,461,15.37,14.7,0,corps,8.466542677927446,2.7627
7564,22,273,12.41,11.1,0,corps,8.464309964813276,1.8604
7565,13,155,11.92,7.1,0,corps,8.46207836777662,1.3862
7566,14,147,10.50,7.6,0,corps,8.459847886259581,2.4557
7567,19,253,13.32,9.8,0,corps,8.457618519704534,1.7796
7568,9,116,12.89,5.3,0,corps,8.455390267554142,3.5374
7569,12,170,14.17,6.7,0,corps,8.453163129251339,1.5707
7570,23,285,12.39,11.6,0,corps,8.45093710423934,1.9821
7571,11,115,10.45,6.2,0,corps,8.448712191961643,2.8835
7572,22,201,9.14,11.1,0,corps,8.446488391862017,4.1635
7573,18,217,12.06,9.3,0,corps,8.44426570338451,2.6337
7574,30,384,12.80,14.7,0,corps,8.442044125973455,3.1665
7575,4,60,15.00,3.1,0,corps,8.439823659073454,1.4051
7576,12,195,16.25,6.7,0,corps,8.43760430212939,1.6264
7577,8,105,13.12,4.9,0,corps,8.435386054586424,2.2378
7578,15,214,14.27,8.0,0,corps,8.433168915889993,1.8444
7579,22,251,11.41,11.1,0,corps,8.430952885485818,2.5696
7580,19,230,12.11,9.8,0,corps,8.428737962819884,1.5121
7581,20,220,11.00,10.2,0,corps,8.426524147338466,1.8329
7582,18,234,13.00,9.3,0,corps,8.424311438488107,2.6412
7583,14,186,13.29,7.6,0,corps,8.422099835715633,1.7971
7584,12,194,16.17,6.7,0,corps,8.41988933846814,2.1469
7585,18,197,10.94,9.3,0,corps,8.417679946193001,1.3225
7586,12,115,9.58,6.7,0,corps,8.415471658337875,3.9782
7587,18,220,12.22,9.3,0,corps,8.413264474350687,2.2630
7588,23,252,10.96,11.6,0,corps,8.411058393679639,1.7963
7589,32,380,11.88,15.6,0,corps,8.408853415773212,2.5231
7590,17,267,15.71,8.9,0,corps,8.406649540080164,1.8765
7591,19,233,12.26,9.8,0,corps,8.404446766049523,2.8569
7592,16,192,12.00,8.4,0,corps,8.402245093130595,1.5998
7593,13,140,10.77,7.1,0,corps,8.400044520772965,1.9335
7594,4,83,20.75,3.1,0,corps,8.397845048426486,0.7227
7595,26,324,12.46,12.9,0,corps,8.395646675541297,3.1879
7596,14,158,11.29,7.6,0,corps,8.393449401567793,2.5153
7597,19,212,11.16,9.8,0,corps,8.391253225956666,3.1513
7598,9,93,10.33,5.3,0,corps,8.389058148158869,6.2090
7599,14,187,13.36,7.6,0,corps,8.38686416762563,2.6658
7600,24,311,12.96,12.0,0,corps,8.384671283808458,2.2739
7601,22,291,13.23,11.1,0,corps,8.382479496159128,1.7965
7602,19,237,12.47,9.8,0,corps,8.380288804129693,1.6980
7603,12,100,8.33,6.7,0,corps,8.378099207172486,5.7436
7604,20,206,10.30,10.2,0,corps,8.3759107047401,3.5353
7605,25,272,10.88,12.4,0,corps,8.373723296285416,1.9658
7606,14,172,12.29,7.6,0,corps,8.371536981261576,2.7464
7607,12,136,11.33,6.7,0,corps,8.369351759122006,1.1774
7608,32,340,10.62,15.6,0,corps,8.367167629320399,2.8140
7609,27,325,12.04,13.3,0,corps,8.364984591310721,5.0707
7610,33,390,11.82,16.0,0,corps,8.362802644547212,2.4735
7611,30,336,11.20,14.7,0,corps,8.36062178848439,3.4972
7612,16,199,12.44,8.4,0,corps,8.358442022577037,2.5380
7613,32,424,13.25,15.6,0,corps,8.35626334628021,3.2188
7614,23,285,12.39,11.6,0,corps,8.354085759049246,3.4722
7615,10,158,15.80,5.8,0,corps,8.351909260339742,2.8647
7616,24,282,11.75,12.0,0,corps,8.349733849607578,4.6600
7617,31,420,13.55,15.1,0,corps,8.347559526308896,2.2214
7618,26,289,11.12,12.9,0,corps,8.345386289900118,3.0852
7619,26,315,12.12,12.9,0,corps,8.343214139837936,1.9055
7620,20,231,11.55,10.2,0,corps,8.341043075579313,2.3236
7621,21,258,12.29,10.7,0,corps,8.338873096581482,1.4653
7622,18,233,12.94,9.3,0,corps,8.336704202301947,2.0920
7623,22,252,11.45,11.1,0,corps,8.334536392198483,2.0971
7624,3,34,11.33,2.7,0,corps,8.332369665729141,1.7024
7625,20,244,12.20,10.2,0,corps,8.33020402235224,3.4530
7626,32,420,13.12,15.6,0,corps,8.328039461526364,3.2905
7627,22,232,10.55,11.1,0,corps,8.325875982710379,2.1006
7628,13,174,13.38,7.1,0,corps,8.323713585363409,2.6899
7629,28,325,11.61,13.8,0,corps,8.32155226894486,1.7140
7630,8,75,9.38,4.9,0,corps,8.319392032914399,2.2031
7631,14,125,8.93,7.6,0,corps,8.31723287673197,2.4670
7632,14,106,7.57,7.6,0,corps,8.315074799857785,2.7390
7633,24,286,11.92,12.0,0,corps,8.312917801752317,4.9307
7634,30,292,9.73,14.7,0,corps,8.310761881876324,1.7293
7635,7,84,12.00,4.4,0,corps,8.308607039690827,2.4924
7636,18,228,12.67,9.3,0,corps,8.306453274657109,2.1586
7637,26,309,11.88,12.9,0,corps,8.304300586236735,2.5700
7638,18,238,13.22,9.3,0,corps,8.302148973891526,2.6695
7639,17,221,13.00,8.9,0,corps,8.299998437083586,1.2784
7640,20,306,15.30,10.2,0,corps,8.297848975275278,2.0017
7641,22,281,12.77,11.1,0,corps,8.295700587929232,2.9246
7642,29,336,11.59,14.2,0,corps,8.293553274508358,2.7066
7643,31,428,13.81,15.1,0,corps,8.291407034475828,2.7071
7644,26,377,14.50,12.9,0,corps,8.289261867295075,1.6921
7645,26,334,12.85,12.9,0,corps,8.287117772429815,2.6697
7646,25,312,12.48,12.4,0,corps,8.284974749344014,1.6138
7647,22,253,11.50,11.1,0,corps,8.282832797501928,4.8459
7648,27,411,15.22,13.3,0,corps,8.280691916368063,2.1600
7649,16,195,12.19,8.4,0,corps,8.278552105407197,2.1432
7650,14,145,10.36,7.6,0,corps,8.276413364084382,3.2939
7651,21,277,13.19,10.7,0,corps,8.27427569186493,2.0090
7652,35,422,12.06,16.9,0,corps,8.272139088214422,1.9292
7653,26,307,11.81,12.9,0,corps,8.27000355259871,2.2047
7654,29,310,10.69,14.2,0,corps,8.267869084483907,2.1678
7655,19,210,11.05,9.8,0,corps,8.265735683336398,3.8653
7656,23,249,10.83,11.6,0,corps,8.263603348622832,3.9683
7657,18,189,10.50,9.3,0,corps,8.261472079810126,2.1150
7658,32,390,12.19,15.6,0,corps,8.25934187636546,4.1929
7659,17,253,14.88,8.9,0,corps,8.257212737756287,2.4576
7660,23,267,11.61,11.6,0,corps,8.25508466345032,2.5520
7661,36,553,15.36,17.3,0,corps,8.252957652915542,2.7738
7662,28,386,13.79,13.8,0,corps,8.250831705620199,2.7540
7663,34,452,13.29,16.4,0,corps,8.248706821032803,2.9120
7664,16,231,14.44,8.4,0,corps,8.246582998622138,2.3186
7665,26,308,11.85,12.9,0,corps,8.24446023785724,3.3971
7666,36,511,14.19,17.3,0,corps,8.242338538207425,3.9827
7667,33,516,15.64,16.0,0,corps,8.24021789914227,2.4259
7668,16,248,15.50,8.4,0,corps,8.238098320131607,1.4381
7669,9,82,9.11,5.3,0,corps,8.235979800645552,6.2559
7670,12,144,12.00,6.7,0,corps,8.233862340154463,3.6190
7671,28,324,11.57,13.8,0,corps,8.231745938128984,2.5651
7672,22,242,11.00,11.1,0,corps,8.229630594040014,2.6311
7673,23,272,11.83,11.6,0,corps,8.227516307358709,2.7974
7674,8,101,12.62,4.9,0,corps,8.225403077556507,3.3926
7675,30,397,13.23,14.7,0,corps,8.223290904105095,2.4353
7676,31,458,14.77,15.1,0,corps,8.22117978647643,2.7788
7677,28,402,14.36,13.8,0,corps,8.219069724142736,3.3173
7678,20,227,11.35,10.2,0,corps,8.216960716576494,4.1511
7679,25,349,13.96,12.4,0,corps,8.214852763250452,2.6460
7680,34,421,12.38,16.4,0,corps,8.212745863637624,2.5156
7681,3,40,13.33,2.7,0,corps,8.210640017211283,0.9773
7682,14,170,12.14,7.6,0,corps,8.208535223444969,2.1922
7683,33,417,12.64,16.0,0,corps,8.206431481812483,2.7458
7684,10,160,16.00,5.8,0,corps,8.204328791787887,1.7777
7685,11,94,8.55,6.2,0,corps,8.202227152845516,4.2756
7686,22,245,11.14,11.1,0,corps,8.20012656445995,1.4179
7687,17,170,10.00,8.9,0,corps,8.198027026106049,2.7769
7688,35,321,9.17,16.9,0,corps,8.195928537258927,5.1057
7689,16,164,10.25,8.4,0,corps,8.19383109739396,3.0320
7690,15,178,11.87,8.0,0,corps,8.19173470598679,1.6540
7691,14,182,13.00,7.6,0,corps,8.189639362513319,1.3248
7692,6,59,9.83,4.0,0,corps,8.187545066449708,1.7776
7693,24,345,14.38,12.0,0,corps,8.185451817272387,2.0186
7694,33,494,14.97,16.0,0,corps,8.183359614458043,2.5761
7695,13,139,10.69,7.1,0,corps,8.181268457483622,2.9364
7696,25,299,11.96,12.4,0,corps,8.17917834582634,1.7903
7697,10,96,9.60,5.8,0,corps,8.177089278963665,3.2437
7698,29,429,14.79,14.2,0,corps,8.17500125637333,1.5978
7699,26,240,9.23,12.9,0,corps,8.172914277533334,2.5529
7700,21,289,13.76,10.7,0,corps,8.170828341921926,1.7254
7701,17,205,12.06,8.9,0,corps,8.168743449017626,2.2142
7702,21,221,10.52,10.7,0,corps,8.16665959829921,1.5284
7703,16,199,12.44,8.4,0,corps,8.164576789245714,2.2850
7704,25,304,12.16,12.4,0,corps,8.162495021336442,3.5079
7705,20,205,10.25,10.2,0,corps,8.160414294050941,1.8153
7706,22,327,14.86,11.1,0,corps,8.158334606869039,3.0779
7707,21,242,11.52,10.7,0,corps,8.15625595927081,3.1326
7708,26,285,10.96,12.9,0,corps,8.15417835073659,2.4646
7709,16,154,9.62,8.4,0,corps,8.152101780746984,2.0049
7710,21,197,9.38,10.7,0,corps,8.15002624878284,2.6483
7711,14,208,14.86,7.6,0,corps,8.14795175432528,1.8122
7712,23,293,12.74,11.6,0,corps,8.145878296855683,1.3982
7713,26,335,12.88,12.9,0,corps,8.14380587585568,1.4777
7714,13,118,9.08,7.1,0,corps,8.141734490807167,3.7891
7715,21,222,10.57,10.7,0,corps,8.139664141192302,2.2572
7716,14,157,11.21,7.6,0,corps,8.13759482649349,1.3691
7717,22,227,10.32,11.1,0,corps,8.13552654619341,3.6855
7718,17,190,11.18,8.9,0,corps,8.133459299774984,2.4864
7719,22,237,10.77,11.1,0,corps,8.131393086721406,2.1889
7720,13,164,12.62,7.1,0,corps,8.12932790651612,3.1599
7721,15,190,12.67,8.0,0,corps,8.127263758642833,1.8943
7722,27,327,12.11,13.3,0,corps,8.125200642585508,2.8844
7723,35,476,13.60,16.9,0,corps,8.123138557828364,2.3325
7724,15,172,11.47,8.0,0,corps,8.121077503855883,1.5154
7725,23,250,10.87,11.6,0,corps,8.119017480152799,2.0942
7726,17,197,11.59,8.9,0,corps,8.116958486204103,1.1666
7727,23,304,13.22,11.6,0,corps,8.114900521495052,3.0284
7728,9,118,13.11,5.3,0,corps,8.112843585511156,1.1848
7729,15,142,9.47,8.0,0,corps,8.110787677738173,2.9186
7730,23,289,12.57,11.6,0,corps,8.108732797662132,2.2816
7731,30,585,19.50,14.7,0,corps,8.106678944769314,1.8718
7732,19,342,18.00,9.8,0,corps,8.104626118546252,1.1923
7733,25,405,16.20,12.4,0,corps,8.102574318479743,2.1159
7734,23,388,16.87,11.6,0,corps,8.10052354405683,3.1660
7735,21,296,14.10,10.7,0,corps,8.09847379476483,2.1285
7736,19,232,12.21,9.8,0,corps,8.096425070091298,2.4957
7737,25,355,14.20,12.4,0,corps,8.094377369524054,2.5970
7738,20,267,13.35,10.2,0,corps,8.092330692551174,1.7207
7739,26,269,10.35,12.9,0,corps,8.090285038660989,3.1068
7740,22,254,11.55,11.1,0,corps,8.088240407342084,2.7491
7741,33,471,14.27,16.0,0,corps,8.086196798083305,2.2854
7742,33,450,13.64,16.0,0,corps,8.084154210373743,1.4354
7743,26,343,13.19,12.9,0,corps,8.082112643702756,2.1145
7744,12,147,12.25,6.7,0,corps,8.080072097559954,2.7415
7745,5,45,9.00,3.6,0,corps,8.078032571435195,1.9341
7746,19,275,14.47,9.8,0,corps,8.075994064818598,1.5414
7747,21,279,13.29,10.7,0,corps,8.073956577200542,2.3989
7748,15,198,13.20,8.0,0,corps,8.071920108071652,1.1411
7749,29,318,10.97,14.2,0,corps,8.069884656922808,2.1669
7750,10,138,13.80,5.8,0,corps,8.067850223245149,1.1336
7751,20,274,13.70,10.2,0,corps,8.06581680653007,2.5939
7752,18,224,12.44,9.3,0,corps,8.063784406269212,2.4658
7753,28,297,10.61,13.8,0,corps,8.061753021954473,3.4608
7754,12,147,12.25,6.7,0,corps,8.059722653078015,2.3995
7755,18,218,12.11,9.3,0,corps,8.057693299132241,1.0830
7756,23,223,9.70,11.6,0,corps,8.055664959609812,2.2543
7757,33,466,14.12,16.0,0,corps,8.053637634003646,2.2422
7758,17,182,10.71,8.9,0,corps,8.05161132180691,2.8461
7759,10,110,11.00,5.8,0,corps,8.049586022513022,3.9353
7760,17,184,10.82,8.9,0,corps,8.047561735615663,2.0925
7761,16,183,11.44,8.4,0,corps,8.045538460608759,2.2039
7762,11,128,11.64,6.2,0,corps,8.043516196986491,3.0176
7763,15,151,10.07,8.0,0,corps,8.041494944243292,2.4751
7764,17,151,8.88,8.9,0,corps,8.03947470187385,2.8250
7765,30,349,11.63,14.7,0,corps,8.037455469373105,4.0546
7766,12,112,9.33,6.7,0,corps,8.03543724623625,4.6860
7767,20,269,13.45,10.2,0,corps,8.033420031958727,2.1932
7768,17,212,12.47,8.9,0,corps,8.031403826036234,2.4566
7769,22,225,10.23,11.1,0,corps,8.029388627964714,2.6006
7770,31,380,12.26,15.1,0,corps,8.027374437240377,1.9976
7771,14,166,11.86,7.6,0,corps,8.025361253359668,1.4751
7772,27,342,12.67,13.3,0,corps,8.023349075819294,3.5752
7773,23,304,13.22,11.6,0,corps,8.02133790411621,3.1818
7774,7,71,10.14,4.4,0,corps,8.019327737747622,4.2432
7775,41,606,14.78,19.6,0,corps,8.017318576210988,3.1344
7776,6,84,14.00,4.0,0,corps,8.015310419004022,2.1395
7777,13,151,11.62,7.1,0,corps,8.01330326562468,2.5169
7778,25,318,12.72,12.4,0,corps,8.011297115571178,2.6280
7779,26,259,9.96,12.9,0,corps,8.009291968341973,2.1747
7780,17,166,9.76,8.9,0,corps,8.00728782343578,1.5146
7781,27,351,13.00,13.3,0,corps,8.005284680351567,3.7091
7782,14,185,13.21,7.6,0,corps,8.003282538588543,2.9118
7783,20,220,11.00,10.2,0,corps,8.001281397646173,1.4459
7784,26,342,13.15,12.9,0,corps,7.999281257024177,2.8586
7785,21,255,12.14,10.7,0,corps,7.997282116222512,2.1906
7786,4,48,12.00,3.1,0,corps,7.995283974741402,1.6936
7787,31,356,11.48,15.1,0,corps,7.9932868320813,1.5754
7788,30,371,12.37,14.7,0,corps,7.991290687742931,2.9513
7789,21,232,11.05,10.7,0,corps,7.989295541227256,2.0603
7790,13,138,10.62,7.1,0,corps,7.987301392035484,3.1468
7791,15,160,10.67,8.0,0,corps,7.985308239669081,3.5119
7792,25,347,13.88,12.4,0,corps,7.98331608362976,2.9414
7793,25,280,11.20,12.4,0,corps,7.98132492341948,2.7462
7794,22,279,12.68,11.1,0,corps,7.979334758540453,3.5232
7795,18,176,9.78,9.3,0,corps,7.977345588495134,3.0878
7796,28,392,14.00,13.8,0,corps,7.975357412786234,1.8423
7797,8,85,10.62,4.9,0,corps,7.973370230916708,2.3599
7798,15,197,13.13,8.0,0,corps,7.971384042389761,2.0714
7799,17,192,11.29,8.9,0,corps,7.969398846708844,4.4105
7800,15,172,11.47,8.0,0,corps,7.96741464337766,1.7845
7801,9,111,12.33,5.3,0,corps,7.965431431900158,2.4506
7802,8,140,17.50,4.9,0,corps,7.963449211780535,3.2720
7803,18,253,14.06,9.3,0,corps,7.961467982523233,2.0880
7804,8,98,12.25,4.9,0,corps,7.959487743632948,2.3556
7805,23,210,9.13,11.6,0,corps,7.957508494614622,2.5325
7806,31,344,11.10,15.1,0,corps,7.955530234973438,2.1069
7807,23,354,15.39,11.6,0,corps,7.953552964214833,2.8982
7808,32,397,12.41,15.6,0,corps,7.951576681844494,2.8713
7809,25,297,11.88,12.4,0,corps,7.94960138736834,4.5495
7810,14,225,16.07,7.6,0,corps,7.947627080292557,2.0672
7811,16,188,11.75,8.4,0,corps,7.945653760123564,2.2679
7812,34,483,14.21,16.4,0,corps,7.94368142636803,3.2935
7813,23,346,15.04,11.6,0,corps,7.941710078532877,1.1184
7814,18,162,9.00,9.3,0,corps,7.93973971612526,3.4031
7815,18,203,11.28,9.3,0,corps,7.937770338652594,4.0524
7816,16,194,12.12,8.4,0,corps,7.935801945622534,1.6268
7817,22,352,16.00,11.1,0,corps,7.93383453654298,4.2236
7818,23,297,12.91,11.6,0,corps,7.931868110922083,2.4402
7819,16,315,19.69,8.4,0,corps,7.929902668268231,1.8258
7820,37,520,14.05,17.8,0,corps,7.927938208090067,4.2770
7821,20,271,13.55,10.2,0,corps,7.925974729896476,2.3030
7822,20,283,14.15,10.2,0,corps,7.9240122331965885,3.0025
7823,23,350,15.22,11.6,0,corps,7.922050717499779,2.1056
7824,18,254,14.11,9.3,0,corps,7.92009018231567,1.2861
7825,22,332,15.09,11.1,0,corps,7.9181306271541265,2.7490
7826,20,236,11.80,10.2,0,corps,7.916172051525261,1.3729
7827,22,252,11.45,11.1,0,corps,7.914214454939428,2.4211
7828,19,261,13.74,9.8,0,corps,7.912257836907227,2.1162
7829,22,265,12.05,11.1,0,corps,7.91030219693951,1.7520
7830,21,197,9.38,10.7,0,corps,7.908347534547361,2.4496
7831,26,371,14.27,12.9,0,corps,7.9063938492421135,1.6745
7832,20,287,14.35,10.2,0,corps,7.904441140535351,2.2861
7833,10,103,10.30,5.8,0,corps,7.902489407938893,4.0526
7834,26,303,11.65,12.9,0,corps,7.900538650964808,2.3780
7835,18,212,11.78,9.3,0,corps,7.898588869125406,1.5222
7836,17,207,12.18,8.9,0,corps,7.896640061933241,2.6749
7837,17,194,11.41,8.9,0,corps,7.894692228901115,2.0497
7838,12,124,10.33,6.7,0,corps,7.8927453695420615,1.9023
7839,19,238,12.53,9.8,0,corps,7.890799483369373,1.2036
7840,13,130,10.00,7.1,0,corps,7.888854569896576,1.9007
7841,13,161,12.38,7.1,0,corps,7.886910628637442,2.5275
7842,27,311,11.52,13.3,0,corps,7.8849676591059845,2.2993
7843,16,195,12.19,8.4,0,corps,7.883025660816462,2.0856
7844,28,368,13.14,13.8,0,corps,7.8810846332833755,2.7535
7845,34,540,15.88,16.4,0,corps,7.879144576021467,2.8904
7846,20,218,10.90,10.2,0,corps,7.877205488545721,3.3486
7847,3,37,12.33,2.7,0,corps,7.875267370371369,1.3435
7848,28,365,13.04,13.8,0,corps,7.873330221013881,2.7241
7849,21,216,10.29,10.7,0,corps,7.871394039988969,4.0302
7850,25,269,10.76,12.4,0,corps,7.869458826812585,3.6064
7851,30,342,11.40,14.7,0,corps,7.867524581000929,1.8227
7852,6,48,8.00,4.0,0,corps,7.865591302070436,1.9304
7853,26,313,12.04,12.9,0,corps,7.863658989537791,2.3474
7854,28,377,13.46,13.8,0,corps,7.861727642919913,2.8953
7855,44,509,11.57,20.9,0,corps,7.859797261733964,2.7991
7856,20,260,13.00,10.2,0,corps,7.8578678454973545,2.3160
7857,14,170,12.14,7.6,0,corps,7.8559393937277235,2.5336
7858,16,176,11.00,8.4,0,corps,7.854011905942963,3.0019
7859,31,356,11.48,15.1,0,corps,7.8520853816611975,2.5887
7860,16,207,12.94,8.4,0,corps,7.8501598204007985,2.3462
7861,16,206,12.88,8.4,0,corps,7.8482352216803735,1.4016
7862,19,182,9.58,9.8,0,corps,7.846311585018774,2.3729
7863,18,259,14.39,9.3,0,corps,7.84438890993509,2.1877
7864,20,250,12.50,10.2,0,corps,7.842467195948657,4.1236
7865,15,208,13.87,8.0,0,corps,7.84054644257904,2.1875
7866,20,198,9.90,10.2,0,corps,7.838626649346056,1.6813
7867,32,347,10.84,15.6,0,corps,7.836707815769752,2.4745
7868,9,74,8.22,5.3,0,corps,7.8347899413704205,2.1670
7869,14,145,10.36,7.6,0,corps,7.832873025668598,2.0944
7870,24,303,12.62,12.0,0,corps,7.83095706818505,1.6840
7871,23,349,15.17,11.6,0,corps,7.829042068440789,1.6930
7872,14,160,11.43,7.6,0,corps,7.827128025957067,1.3561
7873,27,367,13.59,13.3,0,corps,7.825214940255368,2.7717
7874,31,344,11.10,15.1,0,corps,7.823302810857427,2.3623
7875,26,308,11.85,12.9,0,corps,7.821391637285208,2.7256
7876,37,327,8.84,17.8,0,corps,7.819481419060917,4.5655
7877,23,308,13.39,11.6,0,corps,7.817572155707002,2.4471
7878,28,351,12.54,13.8,0,corps,7.815663846746144,2.2512
7879,29,339,11.69,14.2,0,corps,7.8137564917012705,1.9349
7880,15,194,12.93,8.0,0,corps,7.811850090095537,2.2483
7881,21,263,12.52,10.7,0,corps,7.809944641452346,2.0322
7882,23,274,11.91,11.6,0,corps,7.808040145295337,2.5136
7883,17,210,12.35,8.9,0,corps,7.806136601148383,1.1316
7884,20,211,10.55,10.2,0,corps,7.804234008535599,1.9397
7885,34,431,12.68,16.4,0,corps,7.802332366981338,2.8783
7886,21,223,10.62,10.7,0,corps,7.800431676010187,2.0073
7887,13,162,12.46,7.1,0,corps,7.798531935146976,2.4222
7888,23,285,12.39,11.6,0,corps,7.796633143916767,4.1283
7889,39,524,13.44,18.7,0,corps,7.794735301844866,2.5774
7890,15,141,9.40,8.0,0,corps,7.792838408456809,4.2084
7891,27,344,12.74,13.3,0,corps,7.790942463278375,2.3065
7892,26,286,11.00,12.9,0,corps,7.789047465835575,3.4540
7893,21,304,14.48,10.7,0,corps,7.787153415654663,1.9901
7894,22,219,9.95,11.1,0,corps,7.785260312262121,3.0555
7895,13,129,9.92,7.1,0,corps,7.7833681551846805,2.2457
7896,36,460,12.78,17.3,0,corps,7.781476943949298,3.2536
7897,17,243,14.29,8.9,0,corps,7.779586678083169,2.4108
7898,22,260,11.82,11.1,0,corps,7.777697357113731,2.0383
7899,25,326,13.04,12.4,0,corps,7.775808980568652,2.1669
7900,18,174,9.67,9.3,0,corps,7.773921547975837,1.7970
7901,23,290,12.61,11.6,0,corps,7.77203505886343,3.1317
7902,30,430,14.33,14.7,0,corps,7.770149512759805,3.1634
7903,27,291,10.78,13.3,0,corps,7.768264909193581,3.5271
7904,24,270,11.25,12.0,0,corps,7.766381247693602,3.3987
7905,13,109,8.38,7.1,0,corps,7.764498527788953,2.2458
7906,7,86,12.29,4.4,0,corps,7.7626167490089575,1.2509
7907,35,475,13.57,16.9,0,corps,7.760735910883168,2.6801
7908,43,454,10.56,20.4,0,corps,7.758856012941376,4.0939
7909,28,298,10.64,13.8,0,corps,7.75697705471361,2.5885
7910,21,299,14.24,10.7,0,corps,7.755099035730123,2.6657
7911,25,302,12.08,12.4,0,corps,7.753221955521417,2.8406
7912,17,209,12.29,8.9,0,corps,7.751345813618219,3.3371
7913,10,123,12.30,5.8,0,corps,7.7494706095514925,1.2112
7914,27,352,13.04,13.3,0,corps,7.7475963428524395,1.3300
7915,36,474,13.17,17.3,0,corps,7.745723013052489,3.1169
7916,25,347,13.88,12.4,0,corps,7.743850619683313,2.7540
7917,28,295,10.54,13.8,0,corps,7.741979162276813,1.9994
7918,18,216,12.00,9.3,0,corps,7.74010864036512,3.0629
7919,24,287,11.96,12.0,0,corps,7.738239053480611,2.1645
7920,24,305,12.71,12.0,0,corps,7.736370401155882,1.7868
7921,28,280,10.00,13.8,0,corps,7.734502682923772,2.6456
7922,25,367,14.68,12.4,0,corps,7.732635898317353,2.4036
7923,13,137,10.54,7.1,0,corps,7.730770046869928,3.0034
7924,14,129,9.21,7.6,0,corps,7.7289051281150325,3.0290
7925,8,87,10.88,4.9,0,corps,7.727041141586442,4.6464
7926,28,348,12.43,13.8,0,corps,7.725178086818155,3.3730
7927,22,300,13.64,11.1,0,corps,7.723315963344408,2.9596
7928,21,281,13.38,10.7,0,corps,7.721454770699672,1.6154
7929,32,430,13.44,15.6,0,corps,7.719594508418648,3.2830
7930,28,365,13.04,13.8,0,corps,7.717735176036269,2.5722
7931,27,327,12.11,13.3,0,corps,7.715876773087706,3.0244
7932,10,112,11.20,5.8,0,corps,7.714019299108353,1.7812
7933,29,433,14.93,14.2,0,corps,7.712162753633847,2.5354
7934,31,389,12.55,15.1,0,corps,7.710307136200045,2.1151
7935,13,170,13.08,7.1,0,corps,7.708452446343051,3.1896
7936,29,441,15.21,14.2,0,corps,7.706598683599185,2.1574
7937,25,329,13.16,12.4,0,corps,7.704745847505009,2.5535
7938,12,105,8.75,6.7,0,corps,7.702893937597316,6.3406
7939,14,143,10.21,7.6,0,corps,7.701042953413125,2.4572
7940,26,315,12.12,12.9,0,corps,7.699192894489691,2.4953
7941,13,129,9.92,7.1,0,corps,7.697343760364503,5.0080
7942,18,211,11.72,9.3,0,corps,7.695495550575271,5.3536
7943,8,102,12.75,4.9,0,corps,7.693648264659949,4.2317
7944,13,168,12.92,7.1,0,corps,7.691801902156708,2.7629
7945,22,260,11.82,11.1,0,corps,7.689956462603965,2.2616
7946,25,254,10.16,12.4,0,corps,7.688111945540357,3.6070
7947,30,317,10.57,14.7,0,corps,7.686268350504754,2.2938
7948,10,109,10.90,5.8,0,corps,7.684425677036258,6.2969
7949,33,448,13.58,16.0,0,corps,7.6825839246742005,2.6438
7950,23,262,11.39,11.6,0,corps,7.680743092958142,2.0404
7951,40,536,13.40,19.1,0,corps,7.678903181427879,3.1590
7952,20,242,12.10,10.2,0,corps,7.677064189623427,2.8495
7953,19,221,11.63,9.8,0,corps,7.675226117085043,1.8908
7954,31,364,11.74,15.1,0,corps,7.673388963353209,3.2074
7955,22,299,13.59,11.1,0,corps,7.671552727968632,2.7427
7956,23,258,11.22,11.6,0,corps,7.669717410472257,1.9561
7957,29,421,14.52,14.2,0,corps,7.667883010405255,3.7039
7958,15,301,20.07,8.0,0,corps,7.666049527309024,1.9724
7959,14,201,14.36,7.6,0,corps,7.664216960725195,2.1633
7960,11,104,9.45,6.2,0,corps,7.662385310195624,1.6991
7961,24,226,9.42,12.0,0,corps,7.660554575262399,3.2032
7962,23,291,12.65,11.6,0,corps,7.658724755467839,2.7283
7963,17,176,10.35,8.9,0,corps,7.656895850354484,4.1327
7964,36,527,14.64,17.3,0,corps,7.655067859465111,2.2989
7965,20,259,12.95,10.2,0,corps,7.653240782342725,1.9589
7966,26,283,10.88,12.9,0,corps,7.651414618530551,2.4312
7967,20,235,11.75,10.2,0,corps,7.649589367572052,2.0940
7968,19,204,10.74,9.8,0,corps,7.647765029010914,1.6467
7969,12,185,15.42,6.7,0,corps,7.6459416023910505,2.0187
7970,30,328,10.93,14.7,0,corps,7.644119087256608,2.7186
7971,10,100,10.00,5.8,0,corps,7.642297483151955,2.0510
7972,13,125,9.62,7.1,0,corps,7.640476789621692,1.6246
7973,13,126,9.69,7.1,0,corps,7.638657006210647,2.9242
7974,22,243,11.05,11.1,0,corps,7.636838132463872,2.2058
7975,22,195,8.86,11.1,0,corps,7.635020167926649,2.4229
7976,16,177,11.06,8.4,0,corps,7.6332031121444865,2.7336
7977,17,170,10.00,8.9,0,corps,7.63138696466312,1.7581
7978,22,350,15.91,11.1,0,corps,7.629571725028517,1.7686
7979,30,353,11.77,14.7,0,corps,7.62775739278686,2.7412
7980,6,82,13.67,4.0,0,corps,7.625943967484572,1.0704
7981,12,109,9.08,6.7,0,corps,7.624131448668295,4.6605
7982,19,212,11.16,9.8,0,corps,7.622319835884897,1.5534
7983,24,286,11.92,12.0,0,corps,7.62050912868148,3.8439
7984,29,402,13.86,14.2,0,corps,7.618699326605362,2.6356
7985,35,430,12.29,16.9,0,corps,7.616890429204096,2.0134
7986,22,262,11.91,11.1,0,corps,7.615082436025455,2.3022
7987,19,229,12.05,9.8,0,corps,7.61327534661744,1.5647
7988,16,146,9.12,8.4,0,corps,7.611469160528284,3.0492
7989,23,265,11.52,11.6,0,corps,7.609663877306436,2.6402
7990,19,210,11.05,9.8,0,corps,7.607859496500574,2.4667
7991,6,50,8.33,4.0,0,corps,7.606056017659607,8.6650
7992,19,237,12.47,9.8,0,corps,7.604253440332663,3.4722
7993,25,381,15.24,12.4,0,corps,7.602451764069096,1.4124
7994,16,227,14.19,8.4,0,corps,7.600650988418492,3.0511
7995,24,330,13.75,12.0,0,corps,7.598851112930652,2.0877
7996,26,303,11.65,12.9,0,corps,7.5970521371556075,1.4083
7997,21,217,10.33,10.7,0,corps,7.595254060643619,3.1819
7998,42,544,12.95,20.0,0,corps,7.593456882945163,2.2318
7999,21,209,9.95,10.7,0,corps,7.591660603610947,3.5686
8000,16,180,11.25,8.4,0,corps,7.589865222191899,2.9449
8001,33,317,9.61,16.0,0,corps,7.588070738239177,2.7583
8002,3,49,16.33,2.7,0,corps,7.586277151304155,1.2192
8003,28,325,11.61,13.8,0,corps,7.584484460938444,2.5702
8004,24,230,9.58,12.0,0,corps,7.582692666693866,3.7966
8005,15,210,14.00,8.0,0,corps,7.5809017681224695,1.2101
8006,15,161,10.73,8.0,0,corps,7.579111764776539,2.0729
8007,25,351,14.04,12.4,0,corps,7.577322656208565,1.7652
8008,15,154,10.27,8.0,0,corps,7.575534441971277,2.5841
8009,19,194,10.21,9.8,0,corps,7.573747121617613,3.5965
8010,31,336,10.84,15.1,0,corps,7.571960694700753,2.5049
8011,40,517,12.93,19.1,0,corps,7.570175160774083,2.3409
8012,46,623,13.54,21.8,0,corps,7.568390519391219,3.4891
8013,8,108,13.50,4.9,0,corps,7.566606770106008,1.0138
8014,24,354,14.75,12.0,0,corps,7.564823912472507,2.7206
8015,15,171,11.40,8.0,0,corps,7.563041946044999,2.7586
8016,32,386,12.06,15.6,0,corps,7.561260870378001,1.6853
8017,27,322,11.93,13.3,0,corps,7.559480685026237,1.4073
8018,14,150,10.71,7.6,0,corps,7.55770138954466,3.3908
8019,24,322,13.42,12.0,0,corps,7.555922983488453,2.2687
8020,13,116,8.92,7.1,0,corps,7.5541454664130105,1.6776
8021,27,330,12.22,13.3,0,corps,7.55236883787395,3.1827
8022,8,122,15.25,4.9,0,corps,7.550593097427121,1.4705
8023,24,357,14.88,12.0,0,corps,7.548818244628583,2.1557
8024,14,154,11.00,7.6,0,corps,7.547044279034626,2.5967
8025,17,257,15.12,8.9,0,corps,7.545271200201754,1.7937
8026,22,322,14.64,11.1,0,corps,7.5434990076867035,2.6033
8027,40,539,13.47,19.1,0,corps,7.541727701046424,1.4960
8028,24,334,13.92,12.0,0,corps,7.539957279838083,3.1046
8029,14,190,13.57,7.6,0,corps,7.538187743619086,1.6773
8030,12,133,11.08,6.7,0,corps,7.5364190919470415,4.3976
8031,18,223,12.39,9.3,0,corps,7.534651324379787,2.1028
8032,29,285,9.83,14.2,0,corps,7.532884440475385,2.1057
8033,22,281,12.77,11.1,0,corps,7.5311184397921105,2.6326
8034,20,177,8.85,10.2,0,corps,7.529353321888461,3.2262
8035,31,352,11.35,15.1,0,corps,7.527589086323164,2.6876
8036,26,317,12.19,12.9,0,corps,7.525825732655157,2.1234
8037,37,528,14.27,17.8,0,corps,7.524063260443597,1.7917
8038,32,458,14.31,15.6,0,corps,7.522301669247877,2.2412
8039,14,204,14.57,7.6,0,corps,7.520540958627589,1.6305
8040,23,233,10.13,11.6,0,corps,7.518781128142563,3.1609
8041,20,244,12.20,10.2,0,corps,7.517022177352831,2.3246
8042,33,446,13.52,16.0,0,corps,7.515264105818664,2.9981
8043,22,217,9.86,11.1,0,corps,7.513506913100544,1.7973
8044,39,527,13.51,18.7,0,corps,7.511750598759168,3.5233
8045,12,142,11.83,6.7,0,corps,7.509995162355461,1.4685
8046,10,121,12.10,5.8,0,corps,7.508240603450564,3.2981
8047,31,402,12.97,15.1,0,corps,7.506486921605833,3.3985
8048,30,385,12.83,14.7,0,corps,7.504734116382853,1.7336
8049,30,390,13.00,14.7,0,corps,7.502982187343421,2.2676
8050,20,222,11.10,10.2,0,corps,7.501231134049551,5.9188
8051,29,327,11.28,14.2,0,corps,7.499480956063485,2.4026
8052,23,287,12.48,11.6,0,corps,7.497731652947678,2.1955
8053,24,240,10.00,12.0,0,corps,7.495983224264799,2.8718
